left,right,container_chain,operation,left_member_index,right_member_index,left_name,right_name,left_sha256,right_sha256,left_size,right_size,left_format,right_format
"포켓몬스터 하트골드 (Korea, IPKK, header ROM version 0)","포켓몬스터 소울실버 (Korea, IPGK, header ROM version 0)",/a/0/5/3,equal,53,53,,,83591dc8cb26fd7562442a317c234d0b369c2b04dff5093d4b00130d77a1fe19,83591dc8cb26fd7562442a317c234d0b369c2b04dff5093d4b00130d77a1fe19,552,552,NCLR palette,NCLR palette
"포켓몬스터 하트골드 (Korea, IPKK, header ROM version 0)","포켓몬스터 소울실버 (Korea, IPGK, header ROM version 0)",/a/0/5/3,equal,54,54,,,ec4a6e7ec36650cec741d0cebc1d7abc3d2e3582dbfd69c4c7a3badc91c67b86,ec4a6e7ec36650cec741d0cebc1d7abc3d2e3582dbfd69c4c7a3badc91c67b86,2112,2112,NCGR graphics,NCGR graphics
"포켓몬스터 하트골드 (Korea, IPKK, header ROM version 0)","포켓몬스터 소울실버 (Korea, IPGK, header ROM version 0)",/a/0/5/3,equal,55,55,,,5abe7db141dec7623b0e12a264652b16e7cb574e599843dbb617dfa6911061fa,5abe7db141dec7623b0e12a264652b16e7cb574e599843dbb617dfa6911061fa,552,552,NCLR palette,NCLR palette
"포켓몬스터 하트골드 (Korea, IPKK, header ROM version 0)","포켓몬스터 소울실버 (Korea, IPGK, header ROM version 0)",/a/0/5/3,equal,56,56,,,5852e8633a36ebe4972e42eb98bd433c972b6a58e4f4cb817504c25ba1d224e4,5852e8633a36ebe4972e42eb98bd433c972b6a58e4f4cb817504c25ba1d224e4,1216,1216,NCGR graphics,NCGR graphics
"포켓몬스터 하트골드 (Korea, IPKK, header ROM version 0)","포켓몬스터 소울실버 (Korea, IPGK, header ROM version 0)",/a/0/5/3,equal,57,57,,,cbc056d2b167c4ab351db81a2b8ff5487eceeb6b65ef2fd46a04ea01b498848d,cbc056d2b167c4ab351db81a2b8ff5487eceeb6b65ef2fd46a04ea01b498848d,576,576,NCGR graphics,NCGR graphics
"포켓몬스터 하트골드 (Korea, IPKK, header ROM version 0)","포켓몬스터 소울실버 (Korea, IPGK, header ROM version 0)",/a/0/5/3,equal,58,58,,,547c82ab10a2f78f1b82dccecbf69ed4b54076dc52c0a0f0a4ec598fdc02f50e,547c82ab10a2f78f1b82dccecbf69ed4b54076dc52c0a0f0a4ec598fdc02f50e,2624,2624,NCGR graphics,NCGR graphics
"포켓몬스터 하트골드 (Korea, IPKK, header ROM version 0)","포켓몬스터 소울실버 (Korea, IPGK, header ROM version 0)",/a/0/5/3,equal,59,59,,,4b6e1277cff9d924431ad95784c0647df744d860f493a570f818fdf84e1ee683,4b6e1277cff9d924431ad95784c0647df744d860f493a570f818fdf84e1ee683,1216,1216,NCGR graphics,NCGR graphics
"포켓몬스터 하트골드 (Korea, IPKK, header ROM version 0)","포켓몬스터 소울실버 (Korea, IPGK, header ROM version 0)",/a/0/5/3,equal,60,60,,,1591cb4fc95fce8b2dd5236c20ccfd575f5f8899869b7f4face07b26180e40b9,1591cb4fc95fce8b2dd5236c20ccfd575f5f8899869b7f4face07b26180e40b9,552,552,NCLR palette,NCLR palette
"포켓몬스터 하트골드 (Korea, IPKK, header ROM version 0)","포켓몬스터 소울실버 (Korea, IPGK, header ROM version 0)",/a/0/5/3,equal,61,61,,,c65370736eb1a5884acffc546039c9b04d03af2fd8645268ae5df5bbb40f8e76,c65370736eb1a5884acffc546039c9b04d03af2fd8645268ae5df5bbb40f8e76,552,552,NCLR palette,NCLR palette
"포켓몬스터 하트골드 (Korea, IPKK, header ROM version 0)","포켓몬스터 소울실버 (Korea, IPGK, header ROM version 0)",/a/0/5/3,equal,62,62,,,b62f60f5f4c90bf00ce9726efc7dbe5d4849932b5800ba81a1e920c796df1947,b62f60f5f4c90bf00ce9726efc7dbe5d4849932b5800ba81a1e920c796df1947,1216,1216,NCGR graphics,NCGR graphics
"포켓몬스터 하트골드 (Korea, IPKK, header ROM version 0)","포켓몬스터 소울실버 (Korea, IPGK, header ROM version 0)",/a/0/5/3,equal,63,63,,,538fb80e199e7e93e0b1cdf0d708374f56ee8246bfdc0de0f6dc7b88d1bac365,538fb80e199e7e93e0b1cdf0d708374f56ee8246bfdc0de0f6dc7b88d1bac365,576,576,NCGR graphics,NCGR graphics
"포켓몬스터 하트골드 (Korea, IPKK, header ROM version 0)","포켓몬스터 소울실버 (Korea, IPGK, header ROM version 0)",/a/0/5/3,equal,64,64,,,57af9144500888a438969d9fa5a6c1ad179f3702b3986ca5e2b52dadbc161137,57af9144500888a438969d9fa5a6c1ad179f3702b3986ca5e2b52dadbc161137,1216,1216,NCGR graphics,NCGR graphics
"포켓몬스터 하트골드 (Korea, IPKK, header ROM version 0)","포켓몬스터 소울실버 (Korea, IPGK, header ROM version 0)",/a/0/5/3,equal,65,65,,,3b04a5848401843ef5262c76e2ba85edf2b05a417d161d8a65f11091c0fee0ca,3b04a5848401843ef5262c76e2ba85edf2b05a417d161d8a65f11091c0fee0ca,552,552,NCLR palette,NCLR palette
"포켓몬스터 하트골드 (Korea, IPKK, header ROM version 0)","포켓몬스터 소울실버 (Korea, IPGK, header ROM version 0)",/a/0/5/3,equal,66,66,,,ac7bfe30b9c1580d533f443d9d6de15f7e5a53c637dfd49d5fc84685d046130a,ac7bfe30b9c1580d533f443d9d6de15f7e5a53c637dfd49d5fc84685d046130a,1088,1088,NCGR graphics,NCGR graphics
"포켓몬스터 하트골드 (Korea, IPKK, header ROM version 0)","포켓몬스터 소울실버 (Korea, IPGK, header ROM version 0)",/a/0/5/3,equal,67,67,,,a03db823bc2d5bcc209167ce024400d3cdc53ecaf64ccc12171bd20f5c12884c,a03db823bc2d5bcc209167ce024400d3cdc53ecaf64ccc12171bd20f5c12884c,552,552,NCLR palette,NCLR palette
"포켓몬스터 하트골드 (Korea, IPKK, header ROM version 0)","포켓몬스터 소울실버 (Korea, IPGK, header ROM version 0)",/a/0/5/3,equal,68,68,,,321b439d4a26731e08c00eedaa25e5e5ffff2b17f9ac9f80ef8dcc69b8ed3b9e,321b439d4a26731e08c00eedaa25e5e5ffff2b17f9ac9f80ef8dcc69b8ed3b9e,1088,1088,NCGR graphics,NCGR graphics
"포켓몬스터 하트골드 (Korea, IPKK, header ROM version 0)","포켓몬스터 소울실버 (Korea, IPGK, header ROM version 0)",/a/0/5/3,equal,69,69,,,fac83ebc0ece1b1161acc9705d79d70002a00aa5778cdfb03628f40c12733887,fac83ebc0ece1b1161acc9705d79d70002a00aa5778cdfb03628f40c12733887,3264,3264,NCGR graphics,NCGR graphics
"포켓몬스터 하트골드 (Korea, IPKK, header ROM version 0)","포켓몬스터 소울실버 (Korea, IPGK, header ROM version 0)",/a/0/5/3,equal,70,70,,,978c71b40cfa70df4e2f053341e4be2a6a2a2e5273f6a999d4f2fc947f635a19,978c71b40cfa70df4e2f053341e4be2a6a2a2e5273f6a999d4f2fc947f635a19,3264,3264,NCGR graphics,NCGR graphics
"포켓몬스터 하트골드 (Korea, IPKK, header ROM version 0)","포켓몬스터 소울실버 (Korea, IPGK, header ROM version 0)",/a/0/5/3,equal,71,71,,,1cd2c57a1afa15ecdef0470a61aa1a4a3274cb607f5ead5bac6e9e7426a2da52,1cd2c57a1afa15ecdef0470a61aa1a4a3274cb607f5ead5bac6e9e7426a2da52,3264,3264,NCGR graphics,NCGR graphics
"포켓몬스터 하트골드 (Korea, IPKK, header ROM version 0)","포켓몬스터 소울실버 (Korea, IPGK, header ROM version 0)",/a/0/5/3,equal,72,72,,,3ed0495431e6d98f4f795521d10b5be68a7c290d4a194588c7d5004ab1d43c39,3ed0495431e6d98f4f795521d10b5be68a7c290d4a194588c7d5004ab1d43c39,3264,3264,NCGR graphics,NCGR graphics
"포켓몬스터 하트골드 (Korea, IPKK, header ROM version 0)","포켓몬스터 소울실버 (Korea, IPGK, header ROM version 0)",/a/0/5/3,equal,73,73,,,d668902fc5d10e2bc56902108f4d1b2bd277367db080ca04c4641c066c4ef4e7,d668902fc5d10e2bc56902108f4d1b2bd277367db080ca04c4641c066c4ef4e7,2112,2112,NCGR graphics,NCGR graphics
"포켓몬스터 하트골드 (Korea, IPKK, header ROM version 0)","포켓몬스터 소울실버 (Korea, IPGK, header ROM version 0)",/a/0/5/3,equal,74,74,,,d2e0c3715a89186e5e5c1eb9defc9fc1ce1411206be2d227745172729ce5af65,d2e0c3715a89186e5e5c1eb9defc9fc1ce1411206be2d227745172729ce5af65,552,552,NCLR palette,NCLR palette
"포켓몬스터 하트골드 (Korea, IPKK, header ROM version 0)","포켓몬스터 소울실버 (Korea, IPGK, header ROM version 0)",/a/0/5/3,equal,75,75,,,cce6af3f4edafef833c190ba5f8c5220eafa0b4f91ba133d030a94ac09936bde,cce6af3f4edafef833c190ba5f8c5220eafa0b4f91ba133d030a94ac09936bde,1216,1216,NCGR graphics,NCGR graphics
"포켓몬스터 하트골드 (Korea, IPKK, header ROM version 0)","포켓몬스터 소울실버 (Korea, IPGK, header ROM version 0)",/a/0/5/3,equal,76,76,,,0482a06ed45fbdfbd17470e297c47fc39b1d67edb9be5c5c466cd232d26046b2,0482a06ed45fbdfbd17470e297c47fc39b1d67edb9be5c5c466cd232d26046b2,552,552,NCLR palette,NCLR palette
"포켓몬스터 하트골드 (Korea, IPKK, header ROM version 0)","포켓몬스터 소울실버 (Korea, IPGK, header ROM version 0)",/a/0/5/3,equal,77,77,,,b77e9598ab284ab0cdc8dcadae3648af81e59ec2f29c3688cb1e74da24b3dfa0,b77e9598ab284ab0cdc8dcadae3648af81e59ec2f29c3688cb1e74da24b3dfa0,552,552,NCLR palette,NCLR palette
"포켓몬스터 하트골드 (Korea, IPKK, header ROM version 0)","포켓몬스터 소울실버 (Korea, IPGK, header ROM version 0)",/a/0/5/3,equal,78,78,,,0b9bc076d33bd7f2de42b9e0b993d084cfa3fee2538005e910f477efa8151961,0b9bc076d33bd7f2de42b9e0b993d084cfa3fee2538005e910f477efa8151961,552,552,NCLR palette,NCLR palette
"포켓몬스터 하트골드 (Korea, IPKK, header ROM version 0)","포켓몬스터 소울실버 (Korea, IPGK, header ROM version 0)",/a/0/5/3,equal,79,79,,,25b5493c2a692ea011eaca13665006da1117193d6935265296c0911842f9cf1f,25b5493c2a692ea011eaca13665006da1117193d6935265296c0911842f9cf1f,552,552,NCLR palette,NCLR palette
"포켓몬스터 하트골드 (Korea, IPKK, header ROM version 0)","포켓몬스터 소울실버 (Korea, IPGK, header ROM version 0)",/a/0/5/3,equal,80,80,,,958f942967e8c6428a16fe829474e8a57afc940d0bb406a6a8b0293af1029cc8,958f942967e8c6428a16fe829474e8a57afc940d0bb406a6a8b0293af1029cc8,552,552,NCLR palette,NCLR palette
"포켓몬스터 하트골드 (Korea, IPKK, header ROM version 0)","포켓몬스터 소울실버 (Korea, IPGK, header ROM version 0)",/a/0/5/3,equal,81,81,,,7d783900adc39db6c3dd6c6f9fffdc683b8a73975018623885f8d522d5d9a533,7d783900adc39db6c3dd6c6f9fffdc683b8a73975018623885f8d522d5d9a533,1600,1600,NCGR graphics,NCGR graphics
"포켓몬스터 하트골드 (Korea, IPKK, header ROM version 0)","포켓몬스터 소울실버 (Korea, IPGK, header ROM version 0)",/a/0/5/3,equal,82,82,,,964006d863ec3ecfc9984566f853daf6cedea43053eef7c29dd1fdc7cb6dce8c,964006d863ec3ecfc9984566f853daf6cedea43053eef7c29dd1fdc7cb6dce8c,552,552,NCLR palette,NCLR palette
"포켓몬스터 하트골드 (Korea, IPKK, header ROM version 0)","포켓몬스터 소울실버 (Korea, IPGK, header ROM version 0)",/a/0/5/3,equal,83,83,,,22dfa9f733b7c7de43622e59df06d717daec9218102df42a7bf6a93c35296499,22dfa9f733b7c7de43622e59df06d717daec9218102df42a7bf6a93c35296499,552,552,NCLR palette,NCLR palette
"포켓몬스터 하트골드 (Korea, IPKK, header ROM version 0)","포켓몬스터 소울실버 (Korea, IPGK, header ROM version 0)",/a/0/5/3,equal,84,84,,,12ef5066c64857ed8d15b1e10dc49f84ee6f2d9e7f7ca3a26072318c5e27fd53,12ef5066c64857ed8d15b1e10dc49f84ee6f2d9e7f7ca3a26072318c5e27fd53,552,552,NCLR palette,NCLR palette
"포켓몬스터 하트골드 (Korea, IPKK, header ROM version 0)","포켓몬스터 소울실버 (Korea, IPGK, header ROM version 0)",/a/0/5/3,equal,85,85,,,76e1640e068412e0087dfd16a5aa39623fd7d15fcb95634330ddd4c2874c20c5,76e1640e068412e0087dfd16a5aa39623fd7d15fcb95634330ddd4c2874c20c5,552,552,NCLR palette,NCLR palette
"포켓몬스터 하트골드 (Korea, IPKK, header ROM version 0)","포켓몬스터 소울실버 (Korea, IPGK, header ROM version 0)",/a/0/5/3,equal,86,86,,,d41bd19fd50465a1f72e5a60017cd9434142ee90855dfff2bd4761cef57e9fb2,d41bd19fd50465a1f72e5a60017cd9434142ee90855dfff2bd4761cef57e9fb2,1600,1600,NCGR graphics,NCGR graphics
"포켓몬스터 하트골드 (Korea, IPKK, header ROM version 0)","포켓몬스터 소울실버 (Korea, IPGK, header ROM version 0)",/a/0/5/3,equal,87,87,,,b1bb35b0f4d77e17a81b3b0a458f3c79c1a7afffd378b65d3e83a08f0daad7d1,b1bb35b0f4d77e17a81b3b0a458f3c79c1a7afffd378b65d3e83a08f0daad7d1,552,552,NCLR palette,NCLR palette
"포켓몬스터 하트골드 (Korea, IPKK, header ROM version 0)","포켓몬스터 소울실버 (Korea, IPGK, header ROM version 0)",/a/0/5/3,equal,88,88,,,10296a5088d0f2ebf71d460299dc886b19339b5fb29b15d04afd50c683d1e5ba,10296a5088d0f2ebf71d460299dc886b19339b5fb29b15d04afd50c683d1e5ba,1216,1216,NCGR graphics,NCGR graphics
"포켓몬스터 하트골드 (Korea, IPKK, header ROM version 0)","포켓몬스터 소울실버 (Korea, IPGK, header ROM version 0)",/a/0/5/3,equal,89,89,,,71de21712b73eeae145e2fef959e2897a7c29e3de4c3aca13a7cac8f0affc1f8,71de21712b73eeae145e2fef959e2897a7c29e3de4c3aca13a7cac8f0affc1f8,552,552,NCLR palette,NCLR palette
"포켓몬스터 하트골드 (Korea, IPKK, header ROM version 0)","포켓몬스터 소울실버 (Korea, IPGK, header ROM version 0)",/a/0/5/3,equal,90,90,,,e4fcf71350c701588632c847d11e63f2ad31c6d6081029f2e34748c5f72e7a72,e4fcf71350c701588632c847d11e63f2ad31c6d6081029f2e34748c5f72e7a72,552,552,NCLR palette,NCLR palette
"포켓몬스터 하트골드 (Korea, IPKK, header ROM version 0)","포켓몬스터 소울실버 (Korea, IPGK, header ROM version 0)",/a/0/5/3,equal,91,91,,,26b0399c630cf581422defa32a32cfce3f0cfd51ef21fce51d7d10cc185b2a6b,26b0399c630cf581422defa32a32cfce3f0cfd51ef21fce51d7d10cc185b2a6b,552,552,NCLR palette,NCLR palette
"포켓몬스터 하트골드 (Korea, IPKK, header ROM version 0)","포켓몬스터 소울실버 (Korea, IPGK, header ROM version 0)",/a/0/5/3,equal,92,92,,,5cf91d2a792c581dfa4e2ad7004e5302a90619ec67925141a5db5891e0e363d6,5cf91d2a792c581dfa4e2ad7004e5302a90619ec67925141a5db5891e0e363d6,552,552,NCLR palette,NCLR palette
"포켓몬스터 하트골드 (Korea, IPKK, header ROM version 0)","포켓몬스터 소울실버 (Korea, IPGK, header ROM version 0)",/a/0/5/3,equal,93,93,,,50cf06e5de06c3e97645b08b999df3f2c1a20b9a1ffb9f71d31d2473c08c8c0c,50cf06e5de06c3e97645b08b999df3f2c1a20b9a1ffb9f71d31d2473c08c8c0c,552,552,NCLR palette,NCLR palette
"포켓몬스터 하트골드 (Korea, IPKK, header ROM version 0)","포켓몬스터 소울실버 (Korea, IPGK, header ROM version 0)",/a/0/5/3,equal,94,94,,,7239fa47182fa95aa160013aa6704644a0d5a9e67d41210f6c837667a0f1d77f,7239fa47182fa95aa160013aa6704644a0d5a9e67d41210f6c837667a0f1d77f,552,552,NCLR palette,NCLR palette
"포켓몬스터 하트골드 (Korea, IPKK, header ROM version 0)","포켓몬스터 소울실버 (Korea, IPGK, header ROM version 0)",/a/0/5/3,equal,95,95,,,00abbea1fc0ed811d0bb0a0e523c1504bff22e2db026548953f778e0c41e9844,00abbea1fc0ed811d0bb0a0e523c1504bff22e2db026548953f778e0c41e9844,1600,1600,NCGR graphics,NCGR graphics
"포켓몬스터 하트골드 (Korea, IPKK, header ROM version 0)","포켓몬스터 소울실버 (Korea, IPGK, header ROM version 0)",/a/0/5/3,equal,96,96,,,6f6499fc942a05d0ef2bd333bf29801d71823a44dc45c5e15e0204c71d53cc42,6f6499fc942a05d0ef2bd333bf29801d71823a44dc45c5e15e0204c71d53cc42,1600,1600,NCGR graphics,NCGR graphics
"포켓몬스터 하트골드 (Korea, IPKK, header ROM version 0)","포켓몬스터 소울실버 (Korea, IPGK, header ROM version 0)",/a/0/5/3,equal,97,97,,,d2cc3f33126abf7960c16efd78ed955a88653d9f1f0916c9feba1eefc1f4ae04,d2cc3f33126abf7960c16efd78ed955a88653d9f1f0916c9feba1eefc1f4ae04,552,552,NCLR palette,NCLR palette
"포켓몬스터 하트골드 (Korea, IPKK, header ROM version 0)","포켓몬스터 소울실버 (Korea, IPGK, header ROM version 0)",/a/0/5/3,equal,98,98,,,05dc0f19e1ac5deb9818a63d4931841cfd1e12ceb08b6b29a76a1bea1266c007,05dc0f19e1ac5deb9818a63d4931841cfd1e12ceb08b6b29a76a1bea1266c007,1600,1600,NCGR graphics,NCGR graphics
"포켓몬스터 하트골드 (Korea, IPKK, header ROM version 0)","포켓몬스터 소울실버 (Korea, IPGK, header ROM version 0)",/a/0/5/3,equal,99,99,,,acb7c1777cd07380d058f22470cf1ca776f35c1462a3c1c2223aa41c27dd09e9,acb7c1777cd07380d058f22470cf1ca776f35c1462a3c1c2223aa41c27dd09e9,2112,2112,NCGR graphics,NCGR graphics
"포켓몬스터 하트골드 (Korea, IPKK, header ROM version 0)","포켓몬스터 소울실버 (Korea, IPGK, header ROM version 0)",/a/0/5/3,equal,100,100,,,c5b24584a1e91b4112469262d1d65c54ac566681869f1437664db2e5946f3fbf,c5b24584a1e91b4112469262d1d65c54ac566681869f1437664db2e5946f3fbf,552,552,NCLR palette,NCLR palette
"포켓몬스터 하트골드 (Korea, IPKK, header ROM version 0)","포켓몬스터 소울실버 (Korea, IPGK, header ROM version 0)",/a/0/5/3,equal,101,101,,,2e1ae0a94f8bb3f883f087958d9d7cf0690ec2b00a269f27d58198443c36be5b,2e1ae0a94f8bb3f883f087958d9d7cf0690ec2b00a269f27d58198443c36be5b,552,552,NCLR palette,NCLR palette
"포켓몬스터 하트골드 (Korea, IPKK, header ROM version 0)","포켓몬스터 소울실버 (Korea, IPGK, header ROM version 0)",/a/0/5/3,equal,102,102,,,3d9f78be2f559dc0b2d362bdc42e692c1ba9513f73218eb8c0939942133e405e,3d9f78be2f559dc0b2d362bdc42e692c1ba9513f73218eb8c0939942133e405e,1216,1216,NCGR graphics,NCGR graphics
"포켓몬스터 하트골드 (Korea, IPKK, header ROM version 0)","포켓몬스터 소울실버 (Korea, IPGK, header ROM version 0)",/a/0/5/3,equal,103,103,,,c8fdd3d26125565241a4b158338b51691fd994bc38bb95086eb4d83054fd7cdd,c8fdd3d26125565241a4b158338b51691fd994bc38bb95086eb4d83054fd7cdd,576,576,NCGR graphics,NCGR graphics
"포켓몬스터 하트골드 (Korea, IPKK, header ROM version 0)","포켓몬스터 소울실버 (Korea, IPGK, header ROM version 0)",/a/0/5/3,equal,104,104,,,fe4890d19b4be6a6db5b61346ecd8e780be1bdb59d504d5f60517194e275b38d,fe4890d19b4be6a6db5b61346ecd8e780be1bdb59d504d5f60517194e275b38d,1216,1216,NCGR graphics,NCGR graphics
"포켓몬스터 하트골드 (Korea, IPKK, header ROM version 0)","포켓몬스터 소울실버 (Korea, IPGK, header ROM version 0)",/a/0/5/3,equal,105,105,,,19b3eef5389768300a4ab76c2b1a16ca2ee4f15456c33434de5b6cea994c35e7,19b3eef5389768300a4ab76c2b1a16ca2ee4f15456c33434de5b6cea994c35e7,552,552,NCLR palette,NCLR palette
"포켓몬스터 하트골드 (Korea, IPKK, header ROM version 0)","포켓몬스터 소울실버 (Korea, IPGK, header ROM version 0)",/a/0/5/3,equal,106,106,,,673ee0e9cf47bfd9badba76d0e4807116736a9ee0246ef736fff0919adc64048,673ee0e9cf47bfd9badba76d0e4807116736a9ee0246ef736fff0919adc64048,1216,1216,NCGR graphics,NCGR graphics
"포켓몬스터 하트골드 (Korea, IPKK, header ROM version 0)","포켓몬스터 소울실버 (Korea, IPGK, header ROM version 0)",/a/0/5/3,equal,107,107,,,3457460fe01e7567b9e6eb8fa178e506c08d7e1eeb74aa492e1aa426fffdb5bf,3457460fe01e7567b9e6eb8fa178e506c08d7e1eeb74aa492e1aa426fffdb5bf,552,552,NCLR palette,NCLR palette
"포켓몬스터 하트골드 (Korea, IPKK, header ROM version 0)","포켓몬스터 소울실버 (Korea, IPGK, header ROM version 0)",/a/0/5/3,equal,108,108,,,bd440e0cb494759be7d240b621bf3c89c2f6fe336e6f93d44653cbd4095943bb,bd440e0cb494759be7d240b621bf3c89c2f6fe336e6f93d44653cbd4095943bb,2624,2624,NCGR graphics,NCGR graphics
"포켓몬스터 하트골드 (Korea, IPKK, header ROM version 0)","포켓몬스터 소울실버 (Korea, IPGK, header ROM version 0)",/a/0/5/3,equal,109,109,,,2453a3a9ffb9fc5a25b4f30d1e1878fb543a2de19ec21be9f19a8257fcb67f8c,2453a3a9ffb9fc5a25b4f30d1e1878fb543a2de19ec21be9f19a8257fcb67f8c,2624,2624,NCGR graphics,NCGR graphics
"포켓몬스터 하트골드 (Korea, IPKK, header ROM version 0)","포켓몬스터 소울실버 (Korea, IPGK, header ROM version 0)",/a/0/5/3,equal,110,110,,,670b05cb825de0fe81b91e6f767df3f89dae436cb8ff5abdfe1aacee16ad74f8,670b05cb825de0fe81b91e6f767df3f89dae436cb8ff5abdfe1aacee16ad74f8,2624,2624,NCGR graphics,NCGR graphics
"포켓몬스터 하트골드 (Korea, IPKK, header ROM version 0)","포켓몬스터 소울실버 (Korea, IPGK, header ROM version 0)",/a/0/5/3,equal,111,111,,,ab8e38b11f27db8cb99f630da0f47c5e3f97f945d2f485b118a3966e2167d8b6,ab8e38b11f27db8cb99f630da0f47c5e3f97f945d2f485b118a3966e2167d8b6,2624,2624,NCGR graphics,NCGR graphics
"포켓몬스터 하트골드 (Korea, IPKK, header ROM version 0)","포켓몬스터 소울실버 (Korea, IPGK, header ROM version 0)",/a/0/5/3,equal,112,112,,,8641afcfc2ee1c6f28326fabc835bce929c386aa5943b86d5c91a10e51a2efed,8641afcfc2ee1c6f28326fabc835bce929c386aa5943b86d5c91a10e51a2efed,2624,2624,NCGR graphics,NCGR graphics
"포켓몬스터 하트골드 (Korea, IPKK, header ROM version 0)","포켓몬스터 소울실버 (Korea, IPGK, header ROM version 0)",/a/0/5/3,equal,113,113,,,43fc20fca9b0374e0d7fa2d806a0a4ace412da58e40474b0cf6ff05048a49ad4,43fc20fca9b0374e0d7fa2d806a0a4ace412da58e40474b0cf6ff05048a49ad4,1216,1216,NCGR graphics,NCGR graphics
"포켓몬스터 하트골드 (Korea, IPKK, header ROM version 0)","포켓몬스터 소울실버 (Korea, IPGK, header ROM version 0)",/a/0/5/3,equal,114,114,,,87bb86c8176d9ae27df9d5b3f6b4d07128879572a1de3a833ccb9f0dd1716a93,87bb86c8176d9ae27df9d5b3f6b4d07128879572a1de3a833ccb9f0dd1716a93,552,552,NCLR palette,NCLR palette
"포켓몬스터 하트골드 (Korea, IPKK, header ROM version 0)","포켓몬스터 소울실버 (Korea, IPGK, header ROM version 0)",/a/0/5/3,equal,115,115,,,a7c54b8dcefcde6f5fb48d3b82c01de11825361da107f484d24bac40733a9567,a7c54b8dcefcde6f5fb48d3b82c01de11825361da107f484d24bac40733a9567,2112,2112,NCGR graphics,NCGR graphics
"포켓몬스터 하트골드 (Korea, IPKK, header ROM version 0)","포켓몬스터 소울실버 (Korea, IPGK, header ROM version 0)",/a/0/5/4,equal,0,0,,,7fc918bb8749fac62cd885a876e71bce1359b4268fbc9c72a8930ce768c40704,7fc918bb8749fac62cd885a876e71bce1359b4268fbc9c72a8930ce768c40704,1060,1060,NSCR screen map,NSCR screen map
"포켓몬스터 하트골드 (Korea, IPKK, header ROM version 0)","포켓몬스터 소울실버 (Korea, IPGK, header ROM version 0)",/a/0/5/4,equal,1,1,,,0cb23b5b8481909fcf877c13dc29daf1dd0b85254a42455ddf26f82676e5a47b,0cb23b5b8481909fcf877c13dc29daf1dd0b85254a42455ddf26f82676e5a47b,1060,1060,NSCR screen map,NSCR screen map
"포켓몬스터 하트골드 (Korea, IPKK, header ROM version 0)","포켓몬스터 소울실버 (Korea, IPGK, header ROM version 0)",/a/0/5/4,equal,2,2,,,27e29b5d211d7328c8986c8c9d5e062fdb2521a2eb07484bf85cb73979f39fca,27e29b5d211d7328c8986c8c9d5e062fdb2521a2eb07484bf85cb73979f39fca,2112,2112,NCGR graphics,NCGR graphics
"포켓몬스터 하트골드 (Korea, IPKK, header ROM version 0)","포켓몬스터 소울실버 (Korea, IPGK, header ROM version 0)",/a/0/5/4,equal,3,3,,,eff297d363f8a873ef858f6e83acb7ca9228a92a9a8ab4f29d225f028c2a5273,eff297d363f8a873ef858f6e83acb7ca9228a92a9a8ab4f29d225f028c2a5273,1572,1572,NSCR screen map,NSCR screen map
"포켓몬스터 하트골드 (Korea, IPKK, header ROM version 0)","포켓몬스터 소울실버 (Korea, IPGK, header ROM version 0)",/a/0/5/4,equal,4,4,,,51b76e204357b4b8e1d7093b1ae22160e35f248f9f59a7b50513f60a086524f2,51b76e204357b4b8e1d7093b1ae22160e35f248f9f59a7b50513f60a086524f2,1572,1572,NSCR screen map,NSCR screen map
"포켓몬스터 하트골드 (Korea, IPKK, header ROM version 0)","포켓몬스터 소울실버 (Korea, IPGK, header ROM version 0)",/a/0/5/4,equal,5,5,,,809c7d56e231b8ac9a5777ca20f0412921e2bcd6af53f1a033849c4bae83e108,809c7d56e231b8ac9a5777ca20f0412921e2bcd6af53f1a033849c4bae83e108,552,552,NCLR palette,NCLR palette
"포켓몬스터 하트골드 (Korea, IPKK, header ROM version 0)","포켓몬스터 소울실버 (Korea, IPGK, header ROM version 0)",/a/0/5/4,equal,6,6,,,30eff511b0e8540916d31ecb7a0c83a8c509a5ef5705a05050058af1eb6881c0,30eff511b0e8540916d31ecb7a0c83a8c509a5ef5705a05050058af1eb6881c0,552,552,NCLR palette,NCLR palette
"포켓몬스터 하트골드 (Korea, IPKK, header ROM version 0)","포켓몬스터 소울실버 (Korea, IPGK, header ROM version 0)",/a/0/5/4,equal,7,7,,,2db7fb78dd747f600d608eae538a07457399a8d7d5d878debe6439464a1d543f,2db7fb78dd747f600d608eae538a07457399a8d7d5d878debe6439464a1d543f,154,154,NANR animation,NANR animation
"포켓몬스터 하트골드 (Korea, IPKK, header ROM version 0)","포켓몬스터 소울실버 (Korea, IPGK, header ROM version 0)",/a/0/5/4,equal,8,8,,,d6da115210cd5b1987769c116a95ea675db523633a33ffbf7dc3b891d3aeb5b6,d6da115210cd5b1987769c116a95ea675db523633a33ffbf7dc3b891d3aeb5b6,162,162,NCER cell,NCER cell
"포켓몬스터 하트골드 (Korea, IPKK, header ROM version 0)","포켓몬스터 소울실버 (Korea, IPGK, header ROM version 0)",/a/0/5/4,equal,9,9,,,ebde89263df4485c4c3f04820cbbddae266f498d3fe5caf7871be1202b78623c,ebde89263df4485c4c3f04820cbbddae266f498d3fe5caf7871be1202b78623c,552,552,NCLR palette,NCLR palette
"포켓몬스터 하트골드 (Korea, IPKK, header ROM version 0)","포켓몬스터 소울실버 (Korea, IPGK, header ROM version 0)",/a/0/5/4,equal,10,10,,,30249884bd91f10bc9d4e13e7b1495f09991b6f488405a0cdbb61cfb402d10ca,30249884bd91f10bc9d4e13e7b1495f09991b6f488405a0cdbb61cfb402d10ca,111,111,NANR animation,NANR animation
"포켓몬스터 하트골드 (Korea, IPKK, header ROM version 0)","포켓몬스터 소울실버 (Korea, IPGK, header ROM version 0)",/a/0/5/4,equal,11,11,,,ba45f2783ee1759ef6d8a920f4e9b47f6e53e9349ba868a41020287c1ca9c27f,ba45f2783ee1759ef6d8a920f4e9b47f6e53e9349ba868a41020287c1ca9c27f,127,127,NCER cell,NCER cell
"포켓몬스터 하트골드 (Korea, IPKK, header ROM version 0)","포켓몬스터 소울실버 (Korea, IPGK, header ROM version 0)",/a/0/5/4,equal,12,12,,,fe2de50f2b5f45e06825d02b1fd707f02d32141045b41be94bc96ed31a6b9262,fe2de50f2b5f45e06825d02b1fd707f02d32141045b41be94bc96ed31a6b9262,552,552,NCLR palette,NCLR palette
"포켓몬스터 하트골드 (Korea, IPKK, header ROM version 0)","포켓몬스터 소울실버 (Korea, IPGK, header ROM version 0)",/a/0/5/4,equal,13,13,,,701b72f13408767c2fa50c94f40865b693065d37ed2776806d94619ce0f65cf2,701b72f13408767c2fa50c94f40865b693065d37ed2776806d94619ce0f65cf2,7232,7232,NCGR graphics,NCGR graphics
"포켓몬스터 하트골드 (Korea, IPKK, header ROM version 0)","포켓몬스터 소울실버 (Korea, IPGK, header ROM version 0)",/a/0/5/4,equal,14,14,,,20abd4af1a2f695a71c9fd3609df665e0327bb9423e130a3add0fa4e825ebc21,20abd4af1a2f695a71c9fd3609df665e0327bb9423e130a3add0fa4e825ebc21,552,552,NCLR palette,NCLR palette
"포켓몬스터 하트골드 (Korea, IPKK, header ROM version 0)","포켓몬스터 소울실버 (Korea, IPGK, header ROM version 0)",/a/0/5/4,equal,15,15,,,75dbea15b16821a1655aa9e0bc48f1f3ba5a547c26d201057c3f47195c7a7832,75dbea15b16821a1655aa9e0bc48f1f3ba5a547c26d201057c3f47195c7a7832,1572,1572,NSCR screen map,NSCR screen map
"포켓몬스터 하트골드 (Korea, IPKK, header ROM version 0)","포켓몬스터 소울실버 (Korea, IPGK, header ROM version 0)",/a/0/5/4,equal,16,16,,,94adf5d1a677a75b7bbf4ece0bb063e228e45d167a53c2e9b4de486a7f840870,94adf5d1a677a75b7bbf4ece0bb063e228e45d167a53c2e9b4de486a7f840870,1572,1572,NSCR screen map,NSCR screen map
"포켓몬스터 하트골드 (Korea, IPKK, header ROM version 0)","포켓몬스터 소울실버 (Korea, IPGK, header ROM version 0)",/a/0/5/4,equal,17,17,,,4169a44a2e73ccc2e2dbacec5a46ed27e1c93cda00f5112d04843113a013af91,4169a44a2e73ccc2e2dbacec5a46ed27e1c93cda00f5112d04843113a013af91,1572,1572,NSCR screen map,NSCR screen map
"포켓몬스터 하트골드 (Korea, IPKK, header ROM version 0)","포켓몬스터 소울실버 (Korea, IPGK, header ROM version 0)",/a/0/5/4,equal,18,18,,,df5bc64ec40c3986c67a9e52e95a28a39d301fbd319daaa0d8e6f07814ae5f88,df5bc64ec40c3986c67a9e52e95a28a39d301fbd319daaa0d8e6f07814ae5f88,1572,1572,NSCR screen map,NSCR screen map
"포켓몬스터 하트골드 (Korea, IPKK, header ROM version 0)","포켓몬스터 소울실버 (Korea, IPGK, header ROM version 0)",/a/0/5/4,equal,19,19,,,340d06c7bbd7c0a1eef1999d27dd8033bd8889e1eb1d7b43e9933e3b5ab725e2,340d06c7bbd7c0a1eef1999d27dd8033bd8889e1eb1d7b43e9933e3b5ab725e2,1572,1572,NSCR screen map,NSCR screen map
"포켓몬스터 하트골드 (Korea, IPKK, header ROM version 0)","포켓몬스터 소울실버 (Korea, IPGK, header ROM version 0)",/a/0/5/4,equal,20,20,,,27b97109042068837fac02686665432d170c1d65149d7133f2af80e740a9a626,27b97109042068837fac02686665432d170c1d65149d7133f2af80e740a9a626,1572,1572,NSCR screen map,NSCR screen map
"포켓몬스터 하트골드 (Korea, IPKK, header ROM version 0)","포켓몬스터 소울실버 (Korea, IPGK, header ROM version 0)",/a/0/5/5,equal,0,0,,,de47c9b27eb8d300dbb5f2c353e632c393262cf06340c4fa7f1b40c4cbd36f90,de47c9b27eb8d300dbb5f2c353e632c393262cf06340c4fa7f1b40c4cbd36f90,20,20,,
"포켓몬스터 하트골드 (Korea, IPKK, header ROM version 0)","포켓몬스터 소울실버 (Korea, IPGK, header ROM version 0)",/a/0/5/5,equal,1,1,,,0eb4d48e710bdcf8918b96f6650040b09d89874abf3202489cb05ad90eba053e,0eb4d48e710bdcf8918b96f6650040b09d89874abf3202489cb05ad90eba053e,20,20,,
"포켓몬스터 하트골드 (Korea, IPKK, header ROM version 0)","포켓몬스터 소울실버 (Korea, IPGK, header ROM version 0)",/a/0/5/5,equal,2,2,,,d78f56da97ec97eebb690fd3048aa1786701b2fdad31e1b36dbbef903b2e77b0,d78f56da97ec97eebb690fd3048aa1786701b2fdad31e1b36dbbef903b2e77b0,20,20,,
"포켓몬스터 하트골드 (Korea, IPKK, header ROM version 0)","포켓몬스터 소울실버 (Korea, IPGK, header ROM version 0)",/a/0/5/5,equal,3,3,,,d78f56da97ec97eebb690fd3048aa1786701b2fdad31e1b36dbbef903b2e77b0,d78f56da97ec97eebb690fd3048aa1786701b2fdad31e1b36dbbef903b2e77b0,20,20,,
"포켓몬스터 하트골드 (Korea, IPKK, header ROM version 0)","포켓몬스터 소울실버 (Korea, IPGK, header ROM version 0)",/a/0/5/5,equal,4,4,,,63fbf8b5f5054cefc9040f68c612879a90a519c2616599cb986488ca5505744b,63fbf8b5f5054cefc9040f68c612879a90a519c2616599cb986488ca5505744b,20,20,,
"포켓몬스터 하트골드 (Korea, IPKK, header ROM version 0)","포켓몬스터 소울실버 (Korea, IPGK, header ROM version 0)",/a/0/5/5,equal,5,5,,,63d84cc78c3b310405dfb01e5173a2a69f4c267e4f3268de40742b1f452d25fb,63d84cc78c3b310405dfb01e5173a2a69f4c267e4f3268de40742b1f452d25fb,20,20,,
"포켓몬스터 하트골드 (Korea, IPKK, header ROM version 0)","포켓몬스터 소울실버 (Korea, IPGK, header ROM version 0)",/a/0/5/5,equal,6,6,,,222e69963e139667f86332d18292deae44edd8254126d37303091cf70fa9ee5e,222e69963e139667f86332d18292deae44edd8254126d37303091cf70fa9ee5e,20,20,,
"포켓몬스터 하트골드 (Korea, IPKK, header ROM version 0)","포켓몬스터 소울실버 (Korea, IPGK, header ROM version 0)",/a/0/5/5,equal,7,7,,,1565b0889034cc18027266b254c5e5cd73f76dc0255fe5208c0e637dd05c36b5,1565b0889034cc18027266b254c5e5cd73f76dc0255fe5208c0e637dd05c36b5,20,20,,
"포켓몬스터 하트골드 (Korea, IPKK, header ROM version 0)","포켓몬스터 소울실버 (Korea, IPGK, header ROM version 0)",/a/0/5/5,equal,8,8,,,3aa288e7276ca2043180f99a8696d3d92ea66618e3bd155744c8d428d0df1f17,3aa288e7276ca2043180f99a8696d3d92ea66618e3bd155744c8d428d0df1f17,20,20,,
"포켓몬스터 하트골드 (Korea, IPKK, header ROM version 0)","포켓몬스터 소울실버 (Korea, IPGK, header ROM version 0)",/a/0/5/5,equal,9,9,,,3733eb1bb157dfa9a516a4064ab8d6d83a326a23a7de723fdcb184f1ce63d307,3733eb1bb157dfa9a516a4064ab8d6d83a326a23a7de723fdcb184f1ce63d307,20,20,,
"포켓몬스터 하트골드 (Korea, IPKK, header ROM version 0)","포켓몬스터 소울실버 (Korea, IPGK, header ROM version 0)",/a/0/5/5,equal,10,10,,,8379eff1de0d54863bcabde2c6b9290d79a6960884ff57b21b562c56508f4871,8379eff1de0d54863bcabde2c6b9290d79a6960884ff57b21b562c56508f4871,20,20,,
"포켓몬스터 하트골드 (Korea, IPKK, header ROM version 0)","포켓몬스터 소울실버 (Korea, IPGK, header ROM version 0)",/a/0/5/5,equal,11,11,,,6b6db3cbdc9427d48a7c7b864a8e87700c39f873b191300142b5d22bfb59cbcf,6b6db3cbdc9427d48a7c7b864a8e87700c39f873b191300142b5d22bfb59cbcf,20,20,,
"포켓몬스터 하트골드 (Korea, IPKK, header ROM version 0)","포켓몬스터 소울실버 (Korea, IPGK, header ROM version 0)",/a/0/5/5,equal,12,12,,,edacb977b11b80cbaeec63a0dcb9ad69a25173c542079f5a248a3696935cda07,edacb977b11b80cbaeec63a0dcb9ad69a25173c542079f5a248a3696935cda07,20,20,,
"포켓몬스터 하트골드 (Korea, IPKK, header ROM version 0)","포켓몬스터 소울실버 (Korea, IPGK, header ROM version 0)",/a/0/5/5,equal,13,13,,,98b0e8c60f8894d81b6369645a25b64475ea7c025405165669b65c4c940b5ba0,98b0e8c60f8894d81b6369645a25b64475ea7c025405165669b65c4c940b5ba0,20,20,,
"포켓몬스터 하트골드 (Korea, IPKK, header ROM version 0)","포켓몬스터 소울실버 (Korea, IPGK, header ROM version 0)",/a/0/5/5,equal,14,14,,,e1bcc376102d8fb98a6917480ff915bd0aa89ec2adc791d60b01f9f95b4de4c8,e1bcc376102d8fb98a6917480ff915bd0aa89ec2adc791d60b01f9f95b4de4c8,20,20,,
"포켓몬스터 하트골드 (Korea, IPKK, header ROM version 0)","포켓몬스터 소울실버 (Korea, IPGK, header ROM version 0)",/a/0/5/5,equal,15,15,,,1336d200a7cb7e6b8a429657e8bbb628032053c546c2a182814b01979e9dd364,1336d200a7cb7e6b8a429657e8bbb628032053c546c2a182814b01979e9dd364,20,20,,
"포켓몬스터 하트골드 (Korea, IPKK, header ROM version 0)","포켓몬스터 소울실버 (Korea, IPGK, header ROM version 0)",/a/0/5/5,equal,16,16,,,18511ef3fcbdb61024a8d40e95f835a09724b352c64766988d93a01d1aaaba83,18511ef3fcbdb61024a8d40e95f835a09724b352c64766988d93a01d1aaaba83,20,20,,
"포켓몬스터 하트골드 (Korea, IPKK, header ROM version 0)","포켓몬스터 소울실버 (Korea, IPGK, header ROM version 0)",/a/0/5/5,equal,17,17,,,72bb0de67e95c8965c0b7a68f74bc844dc98f0b7a41730ad29e73bbb7ba9956d,72bb0de67e95c8965c0b7a68f74bc844dc98f0b7a41730ad29e73bbb7ba9956d,20,20,,
"포켓몬스터 하트골드 (Korea, IPKK, header ROM version 0)","포켓몬스터 소울실버 (Korea, IPGK, header ROM version 0)",/a/0/5/5,equal,18,18,,,926fb1ec1bf3a14052f824429908f5995d95b2e3db563f653d1492d68c4d4583,926fb1ec1bf3a14052f824429908f5995d95b2e3db563f653d1492d68c4d4583,20,20,,
"포켓몬스터 하트골드 (Korea, IPKK, header ROM version 0)","포켓몬스터 소울실버 (Korea, IPGK, header ROM version 0)",/a/0/5/5,equal,19,19,,,a1185f0b25007cfaab378992cad134a5782d27d2bc2efd2f654634dc2bd29337,a1185f0b25007cfaab378992cad134a5782d27d2bc2efd2f654634dc2bd29337,20,20,,
"포켓몬스터 하트골드 (Korea, IPKK, header ROM version 0)","포켓몬스터 소울실버 (Korea, IPGK, header ROM version 0)",/a/0/5/5,equal,20,20,,,47f698c3672f8326a7723bcf7a67dfaed9b6baa2cbadbb48488dcc7b91b65c33,47f698c3672f8326a7723bcf7a67dfaed9b6baa2cbadbb48488dcc7b91b65c33,20,20,,
"포켓몬스터 하트골드 (Korea, IPKK, header ROM version 0)","포켓몬스터 소울실버 (Korea, IPGK, header ROM version 0)",/a/0/5/5,equal,21,21,,,07d48e2c3182f9eee577ae62a5ae89aeb1c42b42242428c43c038a616a620945,07d48e2c3182f9eee577ae62a5ae89aeb1c42b42242428c43c038a616a620945,20,20,,
"포켓몬스터 하트골드 (Korea, IPKK, header ROM version 0)","포켓몬스터 소울실버 (Korea, IPGK, header ROM version 0)",/a/0/5/5,equal,22,22,,,3293d08b59fa1f057582a025f6f5024d03fd86d25db4e7c75ce22c14d24c7ce3,3293d08b59fa1f057582a025f6f5024d03fd86d25db4e7c75ce22c14d24c7ce3,20,20,,
"포켓몬스터 하트골드 (Korea, IPKK, header ROM version 0)","포켓몬스터 소울실버 (Korea, IPGK, header ROM version 0)",/a/0/5/5,equal,23,23,,,0e56ec8a32f4c97f92991a7d22a26e29424620f8f56aad84228306be657bbb2a,0e56ec8a32f4c97f92991a7d22a26e29424620f8f56aad84228306be657bbb2a,20,20,,
"포켓몬스터 하트골드 (Korea, IPKK, header ROM version 0)","포켓몬스터 소울실버 (Korea, IPGK, header ROM version 0)",/a/0/5/5,equal,24,24,,,abc416677722e00b8dd25b7dc86376e901662b2549cd3e8d4c328b1af4699be2,abc416677722e00b8dd25b7dc86376e901662b2549cd3e8d4c328b1af4699be2,20,20,,
"포켓몬스터 하트골드 (Korea, IPKK, header ROM version 0)","포켓몬스터 소울실버 (Korea, IPGK, header ROM version 0)",/a/0/5/5,equal,25,25,,,840efda5ef7497e8e0f78a9cab7d4c48b4dd6a5e19571dc7196bc8d70fb11351,840efda5ef7497e8e0f78a9cab7d4c48b4dd6a5e19571dc7196bc8d70fb11351,20,20,,
"포켓몬스터 하트골드 (Korea, IPKK, header ROM version 0)","포켓몬스터 소울실버 (Korea, IPGK, header ROM version 0)",/a/0/5/5,equal,26,26,,,c2e36a298cefb0a2ef3dd1de9fbb6af02125bab5a3b39fbd075f9d1365de26fc,c2e36a298cefb0a2ef3dd1de9fbb6af02125bab5a3b39fbd075f9d1365de26fc,20,20,,
"포켓몬스터 하트골드 (Korea, IPKK, header ROM version 0)","포켓몬스터 소울실버 (Korea, IPGK, header ROM version 0)",/a/0/5/5,equal,27,27,,,d07b48a1cd885c4b366f70cff8aa7d3a5b0ab5d0432fc931b0c39a504d4bd6c6,d07b48a1cd885c4b366f70cff8aa7d3a5b0ab5d0432fc931b0c39a504d4bd6c6,20,20,,
"포켓몬스터 하트골드 (Korea, IPKK, header ROM version 0)","포켓몬스터 소울실버 (Korea, IPGK, header ROM version 0)",/a/0/5/5,equal,28,28,,,c0a17457076bc8e1a1e42696d51977124b6589ead42e4abdd4ef5f22e29d6fec,c0a17457076bc8e1a1e42696d51977124b6589ead42e4abdd4ef5f22e29d6fec,20,20,,
"포켓몬스터 하트골드 (Korea, IPKK, header ROM version 0)","포켓몬스터 소울실버 (Korea, IPGK, header ROM version 0)",/a/0/5/5,equal,29,29,,,878510e5b08ae70138cb8e793f19d7dd262c1aa43a797ed53c862f4412ec0756,878510e5b08ae70138cb8e793f19d7dd262c1aa43a797ed53c862f4412ec0756,20,20,,
"포켓몬스터 하트골드 (Korea, IPKK, header ROM version 0)","포켓몬스터 소울실버 (Korea, IPGK, header ROM version 0)",/a/0/5/5,equal,30,30,,,dbdf76a25c7175313500305d3a92cc694baf21f115137b6c37a5988076b59734,dbdf76a25c7175313500305d3a92cc694baf21f115137b6c37a5988076b59734,20,20,,
"포켓몬스터 하트골드 (Korea, IPKK, header ROM version 0)","포켓몬스터 소울실버 (Korea, IPGK, header ROM version 0)",/a/0/5/5,equal,31,31,,,103d7317f3defda1e2288090005b376fe3254e46f19d83aec6e36c29d35d4564,103d7317f3defda1e2288090005b376fe3254e46f19d83aec6e36c29d35d4564,20,20,,
"포켓몬스터 하트골드 (Korea, IPKK, header ROM version 0)","포켓몬스터 소울실버 (Korea, IPGK, header ROM version 0)",/a/0/5/5,equal,32,32,,,70eecd96265d0b788b79c71933f1498326c7e23151372f2889b5af99a0567848,70eecd96265d0b788b79c71933f1498326c7e23151372f2889b5af99a0567848,20,20,,
"포켓몬스터 하트골드 (Korea, IPKK, header ROM version 0)","포켓몬스터 소울실버 (Korea, IPGK, header ROM version 0)",/a/0/5/5,equal,33,33,,,3e7752f30b4a17307809ca49c9c8507eebea215f31f2778b6e0ffa8db77a201c,3e7752f30b4a17307809ca49c9c8507eebea215f31f2778b6e0ffa8db77a201c,20,20,,
"포켓몬스터 하트골드 (Korea, IPKK, header ROM version 0)","포켓몬스터 소울실버 (Korea, IPGK, header ROM version 0)",/a/0/5/5,equal,34,34,,,f7694825b8bd699a8553d1d3180dcf7c31b193126578deabd3957836be2298ea,f7694825b8bd699a8553d1d3180dcf7c31b193126578deabd3957836be2298ea,20,20,,
"포켓몬스터 하트골드 (Korea, IPKK, header ROM version 0)","포켓몬스터 소울실버 (Korea, IPGK, header ROM version 0)",/a/0/5/5,equal,35,35,,,efb9a4592f1f132a8d628d8ace6520fa78d5ea526d1a86f56928fdc3d5c72157,efb9a4592f1f132a8d628d8ace6520fa78d5ea526d1a86f56928fdc3d5c72157,20,20,,
"포켓몬스터 하트골드 (Korea, IPKK, header ROM version 0)","포켓몬스터 소울실버 (Korea, IPGK, header ROM version 0)",/a/0/5/5,equal,36,36,,,1c25a04e193861417a33cec1eb68f1a2457036075950d34af7f975d7833cb567,1c25a04e193861417a33cec1eb68f1a2457036075950d34af7f975d7833cb567,20,20,,
"포켓몬스터 하트골드 (Korea, IPKK, header ROM version 0)","포켓몬스터 소울실버 (Korea, IPGK, header ROM version 0)",/a/0/5/5,equal,37,37,,,e084007c4c5adfa05412285049365601818fea1ce24254214872f34f726320b9,e084007c4c5adfa05412285049365601818fea1ce24254214872f34f726320b9,20,20,,
"포켓몬스터 하트골드 (Korea, IPKK, header ROM version 0)","포켓몬스터 소울실버 (Korea, IPGK, header ROM version 0)",/a/0/5/5,equal,38,38,,,7a7877a4c22a0e60daf2b03b52376174acf38d4940b1cba406d2a61399a610b2,7a7877a4c22a0e60daf2b03b52376174acf38d4940b1cba406d2a61399a610b2,20,20,,
"포켓몬스터 하트골드 (Korea, IPKK, header ROM version 0)","포켓몬스터 소울실버 (Korea, IPGK, header ROM version 0)",/a/0/5/5,equal,39,39,,,12761efa3fd4d482355b4593732a0296fcfc0695a1fa307fad7041ed7c133091,12761efa3fd4d482355b4593732a0296fcfc0695a1fa307fad7041ed7c133091,20,20,,
"포켓몬스터 하트골드 (Korea, IPKK, header ROM version 0)","포켓몬스터 소울실버 (Korea, IPGK, header ROM version 0)",/a/0/5/5,equal,40,40,,,85694b05839cb22df2d6054cb53fbff7208bbec0c96b3fab8aa1a90fdfa30d01,85694b05839cb22df2d6054cb53fbff7208bbec0c96b3fab8aa1a90fdfa30d01,20,20,,
"포켓몬스터 하트골드 (Korea, IPKK, header ROM version 0)","포켓몬스터 소울실버 (Korea, IPGK, header ROM version 0)",/a/0/5/5,equal,41,41,,,ab33bae76e3d8ac1f7d7b4d06fc591fd5864e801ec29cedd1674cba3f1345049,ab33bae76e3d8ac1f7d7b4d06fc591fd5864e801ec29cedd1674cba3f1345049,20,20,,
"포켓몬스터 하트골드 (Korea, IPKK, header ROM version 0)","포켓몬스터 소울실버 (Korea, IPGK, header ROM version 0)",/a/0/5/5,equal,42,42,,,0623f49df5f19a89f9759d87336574cc8794a00ea094b3644f2929266d94a0bf,0623f49df5f19a89f9759d87336574cc8794a00ea094b3644f2929266d94a0bf,20,20,,
"포켓몬스터 하트골드 (Korea, IPKK, header ROM version 0)","포켓몬스터 소울실버 (Korea, IPGK, header ROM version 0)",/a/0/5/5,equal,43,43,,,f82e8c267b333657fe0036c833b7f8b6ab4f450a73600bdd529f81e3f31b3c20,f82e8c267b333657fe0036c833b7f8b6ab4f450a73600bdd529f81e3f31b3c20,20,20,,
"포켓몬스터 하트골드 (Korea, IPKK, header ROM version 0)","포켓몬스터 소울실버 (Korea, IPGK, header ROM version 0)",/a/0/5/5,equal,44,44,,,efbed64ecf8bc8ac2dcd65bb53a12e22f05a8fd669d63b87e04b6c0de6b516c8,efbed64ecf8bc8ac2dcd65bb53a12e22f05a8fd669d63b87e04b6c0de6b516c8,20,20,,
"포켓몬스터 하트골드 (Korea, IPKK, header ROM version 0)","포켓몬스터 소울실버 (Korea, IPGK, header ROM version 0)",/a/0/5/5,equal,45,45,,,4b25f172196f2f95129076b801889e7458f2a2bc938d81ee9577942813fec5d4,4b25f172196f2f95129076b801889e7458f2a2bc938d81ee9577942813fec5d4,20,20,,
"포켓몬스터 하트골드 (Korea, IPKK, header ROM version 0)","포켓몬스터 소울실버 (Korea, IPGK, header ROM version 0)",/a/0/5/5,equal,46,46,,,b9a8e83645141620e0ac8b8b49573068589e04d4f5b57f0c6eaa53acc9339bfe,b9a8e83645141620e0ac8b8b49573068589e04d4f5b57f0c6eaa53acc9339bfe,20,20,,
"포켓몬스터 하트골드 (Korea, IPKK, header ROM version 0)","포켓몬스터 소울실버 (Korea, IPGK, header ROM version 0)",/a/0/5/5,equal,47,47,,,3c86304a567a2975c454332ba5fe0d4f16097472c2366e6c732f8dcf5b6cf2af,3c86304a567a2975c454332ba5fe0d4f16097472c2366e6c732f8dcf5b6cf2af,20,20,,
"포켓몬스터 하트골드 (Korea, IPKK, header ROM version 0)","포켓몬스터 소울실버 (Korea, IPGK, header ROM version 0)",/a/0/5/5,equal,48,48,,,fe2bf26b72d5949cc35d6fd335037f07a2ca8b19a9c940914042cc80514e15b9,fe2bf26b72d5949cc35d6fd335037f07a2ca8b19a9c940914042cc80514e15b9,20,20,,
"포켓몬스터 하트골드 (Korea, IPKK, header ROM version 0)","포켓몬스터 소울실버 (Korea, IPGK, header ROM version 0)",/a/0/5/5,equal,49,49,,,3c86304a567a2975c454332ba5fe0d4f16097472c2366e6c732f8dcf5b6cf2af,3c86304a567a2975c454332ba5fe0d4f16097472c2366e6c732f8dcf5b6cf2af,20,20,,
"포켓몬스터 하트골드 (Korea, IPKK, header ROM version 0)","포켓몬스터 소울실버 (Korea, IPGK, header ROM version 0)",/a/0/5/5,equal,50,50,,,7eefd60ce66bac8ec7f692cbcecf217079e853f908e106af2351fa80da08ba2a,7eefd60ce66bac8ec7f692cbcecf217079e853f908e106af2351fa80da08ba2a,20,20,,
"포켓몬스터 하트골드 (Korea, IPKK, header ROM version 0)","포켓몬스터 소울실버 (Korea, IPGK, header ROM version 0)",/a/0/5/5,equal,51,51,,,f82e8c267b333657fe0036c833b7f8b6ab4f450a73600bdd529f81e3f31b3c20,f82e8c267b333657fe0036c833b7f8b6ab4f450a73600bdd529f81e3f31b3c20,20,20,,
"포켓몬스터 하트골드 (Korea, IPKK, header ROM version 0)","포켓몬스터 소울실버 (Korea, IPGK, header ROM version 0)",/a/0/5/5,equal,52,52,,,f82e8c267b333657fe0036c833b7f8b6ab4f450a73600bdd529f81e3f31b3c20,f82e8c267b333657fe0036c833b7f8b6ab4f450a73600bdd529f81e3f31b3c20,20,20,,
"포켓몬스터 하트골드 (Korea, IPKK, header ROM version 0)","포켓몬스터 소울실버 (Korea, IPGK, header ROM version 0)",/a/0/5/5,equal,53,53,,,f8b9831248f9c040171da81f4767ee4bee22121696fe17722c78dda399c753e4,f8b9831248f9c040171da81f4767ee4bee22121696fe17722c78dda399c753e4,20,20,,
"포켓몬스터 하트골드 (Korea, IPKK, header ROM version 0)","포켓몬스터 소울실버 (Korea, IPGK, header ROM version 0)",/a/0/5/5,equal,54,54,,,4a9f68aceef9c9daec1543519da2bfc7433c3086560a391c70dd47f2e8be2ae4,4a9f68aceef9c9daec1543519da2bfc7433c3086560a391c70dd47f2e8be2ae4,20,20,,
"포켓몬스터 하트골드 (Korea, IPKK, header ROM version 0)","포켓몬스터 소울실버 (Korea, IPGK, header ROM version 0)",/a/0/5/5,equal,55,55,,,f8b9831248f9c040171da81f4767ee4bee22121696fe17722c78dda399c753e4,f8b9831248f9c040171da81f4767ee4bee22121696fe17722c78dda399c753e4,20,20,,
"포켓몬스터 하트골드 (Korea, IPKK, header ROM version 0)","포켓몬스터 소울실버 (Korea, IPGK, header ROM version 0)",/a/0/5/5,equal,56,56,,,3aa288e7276ca2043180f99a8696d3d92ea66618e3bd155744c8d428d0df1f17,3aa288e7276ca2043180f99a8696d3d92ea66618e3bd155744c8d428d0df1f17,20,20,,
"포켓몬스터 하트골드 (Korea, IPKK, header ROM version 0)","포켓몬스터 소울실버 (Korea, IPGK, header ROM version 0)",/a/0/5/5,equal,57,57,,,63f74978c3c77ebd308951b15a8795b762d7a81ae9599249c21c473d9a6378ee,63f74978c3c77ebd308951b15a8795b762d7a81ae9599249c21c473d9a6378ee,20,20,,
"포켓몬스터 하트골드 (Korea, IPKK, header ROM version 0)","포켓몬스터 소울실버 (Korea, IPGK, header ROM version 0)",/a/0/5/5,equal,58,58,,,63f74978c3c77ebd308951b15a8795b762d7a81ae9599249c21c473d9a6378ee,63f74978c3c77ebd308951b15a8795b762d7a81ae9599249c21c473d9a6378ee,20,20,,
"포켓몬스터 하트골드 (Korea, IPKK, header ROM version 0)","포켓몬스터 소울실버 (Korea, IPGK, header ROM version 0)",/a/0/5/5,equal,59,59,,,89cadf6c50a617afc1a66ba02dcb1cafd710427bfc98d640e6ba7b9159fa675a,89cadf6c50a617afc1a66ba02dcb1cafd710427bfc98d640e6ba7b9159fa675a,20,20,,
"포켓몬스터 하트골드 (Korea, IPKK, header ROM version 0)","포켓몬스터 소울실버 (Korea, IPGK, header ROM version 0)",/a/0/5/5,equal,60,60,,,4bf152e3729f864bb48fd6cff7744f4c4036a6e18ab3605cd6ca2d304b248236,4bf152e3729f864bb48fd6cff7744f4c4036a6e18ab3605cd6ca2d304b248236,20,20,,
"포켓몬스터 하트골드 (Korea, IPKK, header ROM version 0)","포켓몬스터 소울실버 (Korea, IPGK, header ROM version 0)",/a/0/5/5,equal,61,61,,,af9c152be51774c02a69ded3f4eee22c50e801c4207707457d0307cf9f003328,af9c152be51774c02a69ded3f4eee22c50e801c4207707457d0307cf9f003328,20,20,,
"포켓몬스터 하트골드 (Korea, IPKK, header ROM version 0)","포켓몬스터 소울실버 (Korea, IPGK, header ROM version 0)",/a/0/5/5,equal,62,62,,,1aa80843911d23f7748ed0a04a57560cdf64c009ce40861fbf948d2b988d929b,1aa80843911d23f7748ed0a04a57560cdf64c009ce40861fbf948d2b988d929b,20,20,,
"포켓몬스터 하트골드 (Korea, IPKK, header ROM version 0)","포켓몬스터 소울실버 (Korea, IPGK, header ROM version 0)",/a/0/5/5,equal,63,63,,,a874a77e2d20414882496bc77cdc47778f14ab88752d7dea89959999984d3eb6,a874a77e2d20414882496bc77cdc47778f14ab88752d7dea89959999984d3eb6,20,20,,
"포켓몬스터 하트골드 (Korea, IPKK, header ROM version 0)","포켓몬스터 소울실버 (Korea, IPGK, header ROM version 0)",/a/0/5/5,equal,64,64,,,992323c474d3322bddd8ca89eb5b7f27f7fb6f77975a18b76d78ab8122c0fe97,992323c474d3322bddd8ca89eb5b7f27f7fb6f77975a18b76d78ab8122c0fe97,20,20,,
"포켓몬스터 하트골드 (Korea, IPKK, header ROM version 0)","포켓몬스터 소울실버 (Korea, IPGK, header ROM version 0)",/a/0/5/5,equal,65,65,,,b1f75dfe8cdbf129c8015798754b4297697dfbad799c63c9371edbc4da4ad1c7,b1f75dfe8cdbf129c8015798754b4297697dfbad799c63c9371edbc4da4ad1c7,20,20,,
"포켓몬스터 하트골드 (Korea, IPKK, header ROM version 0)","포켓몬스터 소울실버 (Korea, IPGK, header ROM version 0)",/a/0/5/5,equal,66,66,,,c2e36a298cefb0a2ef3dd1de9fbb6af02125bab5a3b39fbd075f9d1365de26fc,c2e36a298cefb0a2ef3dd1de9fbb6af02125bab5a3b39fbd075f9d1365de26fc,20,20,,
"포켓몬스터 하트골드 (Korea, IPKK, header ROM version 0)","포켓몬스터 소울실버 (Korea, IPGK, header ROM version 0)",/a/0/5/5,equal,67,67,,,44e5c00e3a9a1464f5613ef9f532a9abb90b1bf59aa9a3fc14eddadb5103973c,44e5c00e3a9a1464f5613ef9f532a9abb90b1bf59aa9a3fc14eddadb5103973c,20,20,,
"포켓몬스터 하트골드 (Korea, IPKK, header ROM version 0)","포켓몬스터 소울실버 (Korea, IPGK, header ROM version 0)",/a/0/5/5,equal,68,68,,,fe2bf26b72d5949cc35d6fd335037f07a2ca8b19a9c940914042cc80514e15b9,fe2bf26b72d5949cc35d6fd335037f07a2ca8b19a9c940914042cc80514e15b9,20,20,,
"포켓몬스터 하트골드 (Korea, IPKK, header ROM version 0)","포켓몬스터 소울실버 (Korea, IPGK, header ROM version 0)",/a/0/5/5,equal,69,69,,,f14fda7fee5d224c2a48a5e95b5730b30308212ef4e44767705ad41bd9feae88,f14fda7fee5d224c2a48a5e95b5730b30308212ef4e44767705ad41bd9feae88,20,20,,
"포켓몬스터 하트골드 (Korea, IPKK, header ROM version 0)","포켓몬스터 소울실버 (Korea, IPGK, header ROM version 0)",/a/0/5/5,equal,70,70,,,571ad93b7d058f1b4ce57b9b916b04e39d5f4db6f77412dce5b9e82c84171a96,571ad93b7d058f1b4ce57b9b916b04e39d5f4db6f77412dce5b9e82c84171a96,20,20,,
"포켓몬스터 하트골드 (Korea, IPKK, header ROM version 0)","포켓몬스터 소울실버 (Korea, IPGK, header ROM version 0)",/a/0/5/5,equal,71,71,,,144816dedf1ab7924097d3ea11721cb3fb38240a6bac29b122ae01d4894195d6,144816dedf1ab7924097d3ea11721cb3fb38240a6bac29b122ae01d4894195d6,20,20,,
"포켓몬스터 하트골드 (Korea, IPKK, header ROM version 0)","포켓몬스터 소울실버 (Korea, IPGK, header ROM version 0)",/a/0/5/5,equal,72,72,,,878510e5b08ae70138cb8e793f19d7dd262c1aa43a797ed53c862f4412ec0756,878510e5b08ae70138cb8e793f19d7dd262c1aa43a797ed53c862f4412ec0756,20,20,,
"포켓몬스터 하트골드 (Korea, IPKK, header ROM version 0)","포켓몬스터 소울실버 (Korea, IPGK, header ROM version 0)",/a/0/5/5,equal,73,73,,,b5339c74bc827aae9a9c2c670408115fadd9ccdc4fee14b40bd3ee8eddf398dc,b5339c74bc827aae9a9c2c670408115fadd9ccdc4fee14b40bd3ee8eddf398dc,20,20,,
"포켓몬스터 하트골드 (Korea, IPKK, header ROM version 0)","포켓몬스터 소울실버 (Korea, IPGK, header ROM version 0)",/a/0/5/5,equal,74,74,,,1e31dff30577a84078f5b22c2cae2fbba754d699fdff35eb11ffd9504b768d6c,1e31dff30577a84078f5b22c2cae2fbba754d699fdff35eb11ffd9504b768d6c,20,20,,
"포켓몬스터 하트골드 (Korea, IPKK, header ROM version 0)","포켓몬스터 소울실버 (Korea, IPGK, header ROM version 0)",/a/0/5/5,equal,75,75,,,6aac620ddb9f44ea6dfcd9baf586ea05e4e153c25bf89054b771e1d1c0f2a62d,6aac620ddb9f44ea6dfcd9baf586ea05e4e153c25bf89054b771e1d1c0f2a62d,20,20,,
"포켓몬스터 하트골드 (Korea, IPKK, header ROM version 0)","포켓몬스터 소울실버 (Korea, IPGK, header ROM version 0)",/a/0/5/5,equal,76,76,,,d0cdeefd9ccd262fda25cf1029d814263fb4911a3c5a821b61ac3d7b7389fc13,d0cdeefd9ccd262fda25cf1029d814263fb4911a3c5a821b61ac3d7b7389fc13,20,20,,
"포켓몬스터 하트골드 (Korea, IPKK, header ROM version 0)","포켓몬스터 소울실버 (Korea, IPGK, header ROM version 0)",/a/0/5/5,equal,77,77,,,d07b48a1cd885c4b366f70cff8aa7d3a5b0ab5d0432fc931b0c39a504d4bd6c6,d07b48a1cd885c4b366f70cff8aa7d3a5b0ab5d0432fc931b0c39a504d4bd6c6,20,20,,
"포켓몬스터 하트골드 (Korea, IPKK, header ROM version 0)","포켓몬스터 소울실버 (Korea, IPGK, header ROM version 0)",/a/0/5/5,equal,78,78,,,f14fda7fee5d224c2a48a5e95b5730b30308212ef4e44767705ad41bd9feae88,f14fda7fee5d224c2a48a5e95b5730b30308212ef4e44767705ad41bd9feae88,20,20,,
"포켓몬스터 하트골드 (Korea, IPKK, header ROM version 0)","포켓몬스터 소울실버 (Korea, IPGK, header ROM version 0)",/a/0/5/5,equal,79,79,,,fe2bf26b72d5949cc35d6fd335037f07a2ca8b19a9c940914042cc80514e15b9,fe2bf26b72d5949cc35d6fd335037f07a2ca8b19a9c940914042cc80514e15b9,20,20,,
"포켓몬스터 하트골드 (Korea, IPKK, header ROM version 0)","포켓몬스터 소울실버 (Korea, IPGK, header ROM version 0)",/a/0/5/5,equal,80,80,,,887a588231c81806a9f536fb5755e07c05074b65abec36d258e50b580796e735,887a588231c81806a9f536fb5755e07c05074b65abec36d258e50b580796e735,20,20,,
"포켓몬스터 하트골드 (Korea, IPKK, header ROM version 0)","포켓몬스터 소울실버 (Korea, IPGK, header ROM version 0)",/a/0/5/5,equal,81,81,,,8379eff1de0d54863bcabde2c6b9290d79a6960884ff57b21b562c56508f4871,8379eff1de0d54863bcabde2c6b9290d79a6960884ff57b21b562c56508f4871,20,20,,
"포켓몬스터 하트골드 (Korea, IPKK, header ROM version 0)","포켓몬스터 소울실버 (Korea, IPGK, header ROM version 0)",/a/0/5/5,equal,82,82,,,901608d8bad16f055541e1036af187c38e07cdc8e939d30840b714cb6731ba00,901608d8bad16f055541e1036af187c38e07cdc8e939d30840b714cb6731ba00,20,20,,
"포켓몬스터 하트골드 (Korea, IPKK, header ROM version 0)","포켓몬스터 소울실버 (Korea, IPGK, header ROM version 0)",/a/0/5/5,equal,83,83,,,d0cdeefd9ccd262fda25cf1029d814263fb4911a3c5a821b61ac3d7b7389fc13,d0cdeefd9ccd262fda25cf1029d814263fb4911a3c5a821b61ac3d7b7389fc13,20,20,,
"포켓몬스터 하트골드 (Korea, IPKK, header ROM version 0)","포켓몬스터 소울실버 (Korea, IPGK, header ROM version 0)",/a/0/5/5,equal,84,84,,,4e58ed7bccde784f09aefa295014fd1dd0f9cfc56629c15dd6eaed0915561c39,4e58ed7bccde784f09aefa295014fd1dd0f9cfc56629c15dd6eaed0915561c39,20,20,,
"포켓몬스터 하트골드 (Korea, IPKK, header ROM version 0)","포켓몬스터 소울실버 (Korea, IPGK, header ROM version 0)",/a/0/5/5,equal,85,85,,,e7a78eccbc02fda3f9630a0f3a9fd5b38688fca097274040b2a69147e70dfcde,e7a78eccbc02fda3f9630a0f3a9fd5b38688fca097274040b2a69147e70dfcde,20,20,,
"포켓몬스터 하트골드 (Korea, IPKK, header ROM version 0)","포켓몬스터 소울실버 (Korea, IPGK, header ROM version 0)",/a/0/5/5,equal,86,86,,,92fc24ef080df2e1ec60279d7c3de496d22767a55b4e63c88088a4094ff6207e,92fc24ef080df2e1ec60279d7c3de496d22767a55b4e63c88088a4094ff6207e,20,20,,
"포켓몬스터 하트골드 (Korea, IPKK, header ROM version 0)","포켓몬스터 소울실버 (Korea, IPGK, header ROM version 0)",/a/0/5/5,equal,87,87,,,f7fc24c7ff0d7f452c7988f0b183958474587c2d359f7455a2f7111660109bdc,f7fc24c7ff0d7f452c7988f0b183958474587c2d359f7455a2f7111660109bdc,20,20,,
"포켓몬스터 하트골드 (Korea, IPKK, header ROM version 0)","포켓몬스터 소울실버 (Korea, IPGK, header ROM version 0)",/a/0/5/5,equal,88,88,,,1dcb07880287ecbc2a473c1a1c4d735a2840cca19e7a4546da52c7b4c036823c,1dcb07880287ecbc2a473c1a1c4d735a2840cca19e7a4546da52c7b4c036823c,20,20,,
"포켓몬스터 하트골드 (Korea, IPKK, header ROM version 0)","포켓몬스터 소울실버 (Korea, IPGK, header ROM version 0)",/a/0/5/5,equal,89,89,,,0f11bb648cc70a485279812b91090d0ed94adb344dbc9da13a290b00cd94e9bd,0f11bb648cc70a485279812b91090d0ed94adb344dbc9da13a290b00cd94e9bd,20,20,,
"포켓몬스터 하트골드 (Korea, IPKK, header ROM version 0)","포켓몬스터 소울실버 (Korea, IPGK, header ROM version 0)",/a/0/5/5,equal,90,90,,,d9eccf10ce03572a43baf28fe3e0f510bd7e8cb0da5bb30b09a17577e8b13165,d9eccf10ce03572a43baf28fe3e0f510bd7e8cb0da5bb30b09a17577e8b13165,20,20,,
"포켓몬스터 하트골드 (Korea, IPKK, header ROM version 0)","포켓몬스터 소울실버 (Korea, IPGK, header ROM version 0)",/a/0/5/5,equal,91,91,,,e8ceb927cba81ccc86d38bafc49e245f0f50857c284e476f557985c464b33255,e8ceb927cba81ccc86d38bafc49e245f0f50857c284e476f557985c464b33255,20,20,,
"포켓몬스터 하트골드 (Korea, IPKK, header ROM version 0)","포켓몬스터 소울실버 (Korea, IPGK, header ROM version 0)",/a/0/5/5,equal,92,92,,,3733eb1bb157dfa9a516a4064ab8d6d83a326a23a7de723fdcb184f1ce63d307,3733eb1bb157dfa9a516a4064ab8d6d83a326a23a7de723fdcb184f1ce63d307,20,20,,
"포켓몬스터 하트골드 (Korea, IPKK, header ROM version 0)","포켓몬스터 소울실버 (Korea, IPGK, header ROM version 0)",/a/0/5/5,equal,93,93,,,e7a78eccbc02fda3f9630a0f3a9fd5b38688fca097274040b2a69147e70dfcde,e7a78eccbc02fda3f9630a0f3a9fd5b38688fca097274040b2a69147e70dfcde,20,20,,
"포켓몬스터 하트골드 (Korea, IPKK, header ROM version 0)","포켓몬스터 소울실버 (Korea, IPGK, header ROM version 0)",/a/0/5/5,equal,94,94,,,e8ceb927cba81ccc86d38bafc49e245f0f50857c284e476f557985c464b33255,e8ceb927cba81ccc86d38bafc49e245f0f50857c284e476f557985c464b33255,20,20,,
"포켓몬스터 하트골드 (Korea, IPKK, header ROM version 0)","포켓몬스터 소울실버 (Korea, IPGK, header ROM version 0)",/a/0/5/5,equal,95,95,,,e20f2e3148fdb3960e83b5ab7dce6e512dc95d2a8959fb567afe47a1afa27ab9,e20f2e3148fdb3960e83b5ab7dce6e512dc95d2a8959fb567afe47a1afa27ab9,20,20,,
"포켓몬스터 하트골드 (Korea, IPKK, header ROM version 0)","포켓몬스터 소울실버 (Korea, IPGK, header ROM version 0)",/a/0/5/5,equal,96,96,,,38707e36831497b98f3014f7b70bca6d6866c22192d5100cd997b820ecdb43ba,38707e36831497b98f3014f7b70bca6d6866c22192d5100cd997b820ecdb43ba,20,20,,
"포켓몬스터 하트골드 (Korea, IPKK, header ROM version 0)","포켓몬스터 소울실버 (Korea, IPGK, header ROM version 0)",/a/0/5/5,equal,97,97,,,460940d8595acbd38f227a8ad7c8369b5791f35063afeb7a5edabae3f87f99f1,460940d8595acbd38f227a8ad7c8369b5791f35063afeb7a5edabae3f87f99f1,20,20,,
"포켓몬스터 하트골드 (Korea, IPKK, header ROM version 0)","포켓몬스터 소울실버 (Korea, IPGK, header ROM version 0)",/a/0/5/5,equal,98,98,,,18511ef3fcbdb61024a8d40e95f835a09724b352c64766988d93a01d1aaaba83,18511ef3fcbdb61024a8d40e95f835a09724b352c64766988d93a01d1aaaba83,20,20,,
"포켓몬스터 하트골드 (Korea, IPKK, header ROM version 0)","포켓몬스터 소울실버 (Korea, IPGK, header ROM version 0)",/a/0/5/5,equal,99,99,,,460940d8595acbd38f227a8ad7c8369b5791f35063afeb7a5edabae3f87f99f1,460940d8595acbd38f227a8ad7c8369b5791f35063afeb7a5edabae3f87f99f1,20,20,,
"포켓몬스터 하트골드 (Korea, IPKK, header ROM version 0)","포켓몬스터 소울실버 (Korea, IPGK, header ROM version 0)",/a/0/5/5,equal,100,100,,,af9c152be51774c02a69ded3f4eee22c50e801c4207707457d0307cf9f003328,af9c152be51774c02a69ded3f4eee22c50e801c4207707457d0307cf9f003328,20,20,,
"포켓몬스터 하트골드 (Korea, IPKK, header ROM version 0)","포켓몬스터 소울실버 (Korea, IPGK, header ROM version 0)",/a/0/5/5,equal,101,101,,,1f9cf565e3d146c103af7cefdb0fd246e5da99b33463fa212e247353f606a9f6,1f9cf565e3d146c103af7cefdb0fd246e5da99b33463fa212e247353f606a9f6,20,20,,
"포켓몬스터 하트골드 (Korea, IPKK, header ROM version 0)","포켓몬스터 소울실버 (Korea, IPGK, header ROM version 0)",/a/0/5/5,equal,102,102,,,c0a17457076bc8e1a1e42696d51977124b6589ead42e4abdd4ef5f22e29d6fec,c0a17457076bc8e1a1e42696d51977124b6589ead42e4abdd4ef5f22e29d6fec,20,20,,
"포켓몬스터 하트골드 (Korea, IPKK, header ROM version 0)","포켓몬스터 소울실버 (Korea, IPGK, header ROM version 0)",/a/0/5/5,equal,103,103,,,c0a17457076bc8e1a1e42696d51977124b6589ead42e4abdd4ef5f22e29d6fec,c0a17457076bc8e1a1e42696d51977124b6589ead42e4abdd4ef5f22e29d6fec,20,20,,
"포켓몬스터 하트골드 (Korea, IPKK, header ROM version 0)","포켓몬스터 소울실버 (Korea, IPGK, header ROM version 0)",/a/0/5/5,equal,104,104,,,62478516de689b91e5ab52e8dbe4526b86e030bb72311396f4c6e453c0a20d73,62478516de689b91e5ab52e8dbe4526b86e030bb72311396f4c6e453c0a20d73,20,20,,
"포켓몬스터 하트골드 (Korea, IPKK, header ROM version 0)","포켓몬스터 소울실버 (Korea, IPGK, header ROM version 0)",/a/0/5/5,equal,105,105,,,123f3858a96b294b5a8aab1460c1154423fb2e967fd158016f2934fc84f2819c,123f3858a96b294b5a8aab1460c1154423fb2e967fd158016f2934fc84f2819c,20,20,,
"포켓몬스터 하트골드 (Korea, IPKK, header ROM version 0)","포켓몬스터 소울실버 (Korea, IPGK, header ROM version 0)",/a/0/5/5,equal,106,106,,,123f3858a96b294b5a8aab1460c1154423fb2e967fd158016f2934fc84f2819c,123f3858a96b294b5a8aab1460c1154423fb2e967fd158016f2934fc84f2819c,20,20,,
"포켓몬스터 하트골드 (Korea, IPKK, header ROM version 0)","포켓몬스터 소울실버 (Korea, IPGK, header ROM version 0)",/a/0/5/5,equal,107,107,,,123f3858a96b294b5a8aab1460c1154423fb2e967fd158016f2934fc84f2819c,123f3858a96b294b5a8aab1460c1154423fb2e967fd158016f2934fc84f2819c,20,20,,
"포켓몬스터 하트골드 (Korea, IPKK, header ROM version 0)","포켓몬스터 소울실버 (Korea, IPGK, header ROM version 0)",/a/0/5/5,equal,108,108,,,316484c2c0e16e48f8a4bb02a6d5d2c96a9a0787351c0b6dd7ae13c6d6212424,316484c2c0e16e48f8a4bb02a6d5d2c96a9a0787351c0b6dd7ae13c6d6212424,20,20,,
"포켓몬스터 하트골드 (Korea, IPKK, header ROM version 0)","포켓몬스터 소울실버 (Korea, IPGK, header ROM version 0)",/a/0/5/5,equal,109,109,,,123f3858a96b294b5a8aab1460c1154423fb2e967fd158016f2934fc84f2819c,123f3858a96b294b5a8aab1460c1154423fb2e967fd158016f2934fc84f2819c,20,20,,
"포켓몬스터 하트골드 (Korea, IPKK, header ROM version 0)","포켓몬스터 소울실버 (Korea, IPGK, header ROM version 0)",/a/0/5/5,equal,110,110,,,123f3858a96b294b5a8aab1460c1154423fb2e967fd158016f2934fc84f2819c,123f3858a96b294b5a8aab1460c1154423fb2e967fd158016f2934fc84f2819c,20,20,,
"포켓몬스터 하트골드 (Korea, IPKK, header ROM version 0)","포켓몬스터 소울실버 (Korea, IPGK, header ROM version 0)",/a/0/5/5,equal,111,111,,,b8508ba321c1f019ef793a8d85d6ef6c56e5ca48b5de5999181a15307904dfdf,b8508ba321c1f019ef793a8d85d6ef6c56e5ca48b5de5999181a15307904dfdf,20,20,,
"포켓몬스터 하트골드 (Korea, IPKK, header ROM version 0)","포켓몬스터 소울실버 (Korea, IPGK, header ROM version 0)",/a/0/5/5,equal,112,112,,,2e3ebe5f71f69ad82cca4a2d8fc5268f530ef91f452c5bbdde9147c9768b2849,2e3ebe5f71f69ad82cca4a2d8fc5268f530ef91f452c5bbdde9147c9768b2849,20,20,,
"포켓몬스터 하트골드 (Korea, IPKK, header ROM version 0)","포켓몬스터 소울실버 (Korea, IPGK, header ROM version 0)",/a/0/5/5,equal,113,113,,,1c25a04e193861417a33cec1eb68f1a2457036075950d34af7f975d7833cb567,1c25a04e193861417a33cec1eb68f1a2457036075950d34af7f975d7833cb567,20,20,,
"포켓몬스터 하트골드 (Korea, IPKK, header ROM version 0)","포켓몬스터 소울실버 (Korea, IPGK, header ROM version 0)",/a/0/5/5,equal,114,114,,,0f1112e811d6105193719fa0af5b60fb9d4190d81f29f53d865569df713590a3,0f1112e811d6105193719fa0af5b60fb9d4190d81f29f53d865569df713590a3,20,20,,
"포켓몬스터 하트골드 (Korea, IPKK, header ROM version 0)","포켓몬스터 소울실버 (Korea, IPGK, header ROM version 0)",/a/0/5/5,equal,115,115,,,ddf96b815e7a4e33604ffe0a26a86f65ec78ebb5c5fb295881f5b4bb9f4d5ad5,ddf96b815e7a4e33604ffe0a26a86f65ec78ebb5c5fb295881f5b4bb9f4d5ad5,20,20,,
"포켓몬스터 하트골드 (Korea, IPKK, header ROM version 0)","포켓몬스터 소울실버 (Korea, IPGK, header ROM version 0)",/a/0/5/5,equal,116,116,,,1c25a04e193861417a33cec1eb68f1a2457036075950d34af7f975d7833cb567,1c25a04e193861417a33cec1eb68f1a2457036075950d34af7f975d7833cb567,20,20,,
"포켓몬스터 하트골드 (Korea, IPKK, header ROM version 0)","포켓몬스터 소울실버 (Korea, IPGK, header ROM version 0)",/a/0/5/5,equal,117,117,,,06cbb4a173838a41747630b527e5962058d68f69e72049478c72ec12328b746f,06cbb4a173838a41747630b527e5962058d68f69e72049478c72ec12328b746f,20,20,,
"포켓몬스터 하트골드 (Korea, IPKK, header ROM version 0)","포켓몬스터 소울실버 (Korea, IPGK, header ROM version 0)",/a/0/5/5,equal,118,118,,,06cbb4a173838a41747630b527e5962058d68f69e72049478c72ec12328b746f,06cbb4a173838a41747630b527e5962058d68f69e72049478c72ec12328b746f,20,20,,
"포켓몬스터 하트골드 (Korea, IPKK, header ROM version 0)","포켓몬스터 소울실버 (Korea, IPGK, header ROM version 0)",/a/0/5/5,equal,119,119,,,55e848fe074a57df65f18edb8fd02dad8a225331b94dc09936680b883de3d7bc,55e848fe074a57df65f18edb8fd02dad8a225331b94dc09936680b883de3d7bc,20,20,,
"포켓몬스터 하트골드 (Korea, IPKK, header ROM version 0)","포켓몬스터 소울실버 (Korea, IPGK, header ROM version 0)",/a/0/5/5,equal,120,120,,,06cbb4a173838a41747630b527e5962058d68f69e72049478c72ec12328b746f,06cbb4a173838a41747630b527e5962058d68f69e72049478c72ec12328b746f,20,20,,
"포켓몬스터 하트골드 (Korea, IPKK, header ROM version 0)","포켓몬스터 소울실버 (Korea, IPGK, header ROM version 0)",/a/0/5/5,equal,121,121,,,0f1112e811d6105193719fa0af5b60fb9d4190d81f29f53d865569df713590a3,0f1112e811d6105193719fa0af5b60fb9d4190d81f29f53d865569df713590a3,20,20,,
"포켓몬스터 하트골드 (Korea, IPKK, header ROM version 0)","포켓몬스터 소울실버 (Korea, IPGK, header ROM version 0)",/a/0/5/5,equal,122,122,,,dec6ff08257036a84ee23e48dfe2d583a25b8d07e8da534b3847c2db66276800,dec6ff08257036a84ee23e48dfe2d583a25b8d07e8da534b3847c2db66276800,20,20,,
"포켓몬스터 하트골드 (Korea, IPKK, header ROM version 0)","포켓몬스터 소울실버 (Korea, IPGK, header ROM version 0)",/a/0/5/5,equal,123,123,,,63f74978c3c77ebd308951b15a8795b762d7a81ae9599249c21c473d9a6378ee,63f74978c3c77ebd308951b15a8795b762d7a81ae9599249c21c473d9a6378ee,20,20,,
"포켓몬스터 하트골드 (Korea, IPKK, header ROM version 0)","포켓몬스터 소울실버 (Korea, IPGK, header ROM version 0)",/a/0/5/5,equal,124,124,,,89cadf6c50a617afc1a66ba02dcb1cafd710427bfc98d640e6ba7b9159fa675a,89cadf6c50a617afc1a66ba02dcb1cafd710427bfc98d640e6ba7b9159fa675a,20,20,,
"포켓몬스터 하트골드 (Korea, IPKK, header ROM version 0)","포켓몬스터 소울실버 (Korea, IPGK, header ROM version 0)",/a/0/5/5,equal,125,125,,,bd6b7fbcac26d129530d7859cd0579500dbc0f3c015ceb1c528d4a8f09a95de8,bd6b7fbcac26d129530d7859cd0579500dbc0f3c015ceb1c528d4a8f09a95de8,20,20,,
"포켓몬스터 하트골드 (Korea, IPKK, header ROM version 0)","포켓몬스터 소울실버 (Korea, IPGK, header ROM version 0)",/a/0/5/5,equal,126,126,,,63f74978c3c77ebd308951b15a8795b762d7a81ae9599249c21c473d9a6378ee,63f74978c3c77ebd308951b15a8795b762d7a81ae9599249c21c473d9a6378ee,20,20,,
"포켓몬스터 하트골드 (Korea, IPKK, header ROM version 0)","포켓몬스터 소울실버 (Korea, IPGK, header ROM version 0)",/a/0/5/5,equal,127,127,,,926fb1ec1bf3a14052f824429908f5995d95b2e3db563f653d1492d68c4d4583,926fb1ec1bf3a14052f824429908f5995d95b2e3db563f653d1492d68c4d4583,20,20,,
"포켓몬스터 하트골드 (Korea, IPKK, header ROM version 0)","포켓몬스터 소울실버 (Korea, IPGK, header ROM version 0)",/a/0/5/5,equal,128,128,,,926fb1ec1bf3a14052f824429908f5995d95b2e3db563f653d1492d68c4d4583,926fb1ec1bf3a14052f824429908f5995d95b2e3db563f653d1492d68c4d4583,20,20,,
"포켓몬스터 하트골드 (Korea, IPKK, header ROM version 0)","포켓몬스터 소울실버 (Korea, IPGK, header ROM version 0)",/a/0/5/5,equal,129,129,,,386908a44f907f91315730569940c83382bacc4544d1b4d2e9d75d615079b14b,386908a44f907f91315730569940c83382bacc4544d1b4d2e9d75d615079b14b,20,20,,
"포켓몬스터 하트골드 (Korea, IPKK, header ROM version 0)","포켓몬스터 소울실버 (Korea, IPGK, header ROM version 0)",/a/0/5/5,equal,130,130,,,0e56ec8a32f4c97f92991a7d22a26e29424620f8f56aad84228306be657bbb2a,0e56ec8a32f4c97f92991a7d22a26e29424620f8f56aad84228306be657bbb2a,20,20,,
"포켓몬스터 하트골드 (Korea, IPKK, header ROM version 0)","포켓몬스터 소울실버 (Korea, IPGK, header ROM version 0)",/a/0/5/5,equal,131,131,,,386908a44f907f91315730569940c83382bacc4544d1b4d2e9d75d615079b14b,386908a44f907f91315730569940c83382bacc4544d1b4d2e9d75d615079b14b,20,20,,
"포켓몬스터 하트골드 (Korea, IPKK, header ROM version 0)","포켓몬스터 소울실버 (Korea, IPGK, header ROM version 0)",/a/0/5/5,equal,132,132,,,0e56ec8a32f4c97f92991a7d22a26e29424620f8f56aad84228306be657bbb2a,0e56ec8a32f4c97f92991a7d22a26e29424620f8f56aad84228306be657bbb2a,20,20,,
"포켓몬스터 하트골드 (Korea, IPKK, header ROM version 0)","포켓몬스터 소울실버 (Korea, IPGK, header ROM version 0)",/a/0/5/5,equal,133,133,,,386908a44f907f91315730569940c83382bacc4544d1b4d2e9d75d615079b14b,386908a44f907f91315730569940c83382bacc4544d1b4d2e9d75d615079b14b,20,20,,
"포켓몬스터 하트골드 (Korea, IPKK, header ROM version 0)","포켓몬스터 소울실버 (Korea, IPGK, header ROM version 0)",/a/0/5/5,equal,134,134,,,840efda5ef7497e8e0f78a9cab7d4c48b4dd6a5e19571dc7196bc8d70fb11351,840efda5ef7497e8e0f78a9cab7d4c48b4dd6a5e19571dc7196bc8d70fb11351,20,20,,
"포켓몬스터 하트골드 (Korea, IPKK, header ROM version 0)","포켓몬스터 소울실버 (Korea, IPGK, header ROM version 0)",/a/0/5/5,equal,135,135,,,6c043ffd1e11a3607d3176bb44721acce55d605aa0bb6232b0bb1ea468eaf7e5,6c043ffd1e11a3607d3176bb44721acce55d605aa0bb6232b0bb1ea468eaf7e5,20,20,,
"포켓몬스터 하트골드 (Korea, IPKK, header ROM version 0)","포켓몬스터 소울실버 (Korea, IPGK, header ROM version 0)",/a/0/5/5,equal,136,136,,,f5284d113635a52c81365836f2c1ff3075d92c9a8e5a956c9c4005713705d510,f5284d113635a52c81365836f2c1ff3075d92c9a8e5a956c9c4005713705d510,20,20,,
"포켓몬스터 하트골드 (Korea, IPKK, header ROM version 0)","포켓몬스터 소울실버 (Korea, IPGK, header ROM version 0)",/a/0/5/5,equal,137,137,,,878510e5b08ae70138cb8e793f19d7dd262c1aa43a797ed53c862f4412ec0756,878510e5b08ae70138cb8e793f19d7dd262c1aa43a797ed53c862f4412ec0756,20,20,,
"포켓몬스터 하트골드 (Korea, IPKK, header ROM version 0)","포켓몬스터 소울실버 (Korea, IPGK, header ROM version 0)",/a/0/5/5,equal,138,138,,,c2e36a298cefb0a2ef3dd1de9fbb6af02125bab5a3b39fbd075f9d1365de26fc,c2e36a298cefb0a2ef3dd1de9fbb6af02125bab5a3b39fbd075f9d1365de26fc,20,20,,
"포켓몬스터 하트골드 (Korea, IPKK, header ROM version 0)","포켓몬스터 소울실버 (Korea, IPGK, header ROM version 0)",/a/0/5/5,equal,139,139,,,d07b48a1cd885c4b366f70cff8aa7d3a5b0ab5d0432fc931b0c39a504d4bd6c6,d07b48a1cd885c4b366f70cff8aa7d3a5b0ab5d0432fc931b0c39a504d4bd6c6,20,20,,
"포켓몬스터 하트골드 (Korea, IPKK, header ROM version 0)","포켓몬스터 소울실버 (Korea, IPGK, header ROM version 0)",/a/0/5/5,equal,140,140,,,fe2bf26b72d5949cc35d6fd335037f07a2ca8b19a9c940914042cc80514e15b9,fe2bf26b72d5949cc35d6fd335037f07a2ca8b19a9c940914042cc80514e15b9,20,20,,
"포켓몬스터 하트골드 (Korea, IPKK, header ROM version 0)","포켓몬스터 소울실버 (Korea, IPGK, header ROM version 0)",/a/0/5/5,equal,141,141,,,c2e36a298cefb0a2ef3dd1de9fbb6af02125bab5a3b39fbd075f9d1365de26fc,c2e36a298cefb0a2ef3dd1de9fbb6af02125bab5a3b39fbd075f9d1365de26fc,20,20,,
"포켓몬스터 하트골드 (Korea, IPKK, header ROM version 0)","포켓몬스터 소울실버 (Korea, IPGK, header ROM version 0)",/a/0/5/5,equal,142,142,,,b1f75dfe8cdbf129c8015798754b4297697dfbad799c63c9371edbc4da4ad1c7,b1f75dfe8cdbf129c8015798754b4297697dfbad799c63c9371edbc4da4ad1c7,20,20,,
"포켓몬스터 하트골드 (Korea, IPKK, header ROM version 0)","포켓몬스터 소울실버 (Korea, IPGK, header ROM version 0)",/a/0/5/5,equal,143,143,,,840efda5ef7497e8e0f78a9cab7d4c48b4dd6a5e19571dc7196bc8d70fb11351,840efda5ef7497e8e0f78a9cab7d4c48b4dd6a5e19571dc7196bc8d70fb11351,20,20,,
"포켓몬스터 하트골드 (Korea, IPKK, header ROM version 0)","포켓몬스터 소울실버 (Korea, IPGK, header ROM version 0)",/a/0/5/5,equal,144,144,,,840efda5ef7497e8e0f78a9cab7d4c48b4dd6a5e19571dc7196bc8d70fb11351,840efda5ef7497e8e0f78a9cab7d4c48b4dd6a5e19571dc7196bc8d70fb11351,20,20,,
"포켓몬스터 하트골드 (Korea, IPKK, header ROM version 0)","포켓몬스터 소울실버 (Korea, IPGK, header ROM version 0)",/a/0/5/5,equal,145,145,,,c83521a0a4318b472964648cac3b11347a57227ad1193815f7dec38cbe70be68,c83521a0a4318b472964648cac3b11347a57227ad1193815f7dec38cbe70be68,20,20,,
"포켓몬스터 하트골드 (Korea, IPKK, header ROM version 0)","포켓몬스터 소울실버 (Korea, IPGK, header ROM version 0)",/a/0/5/5,equal,146,146,,,636322439307fa4949a2500d76f42509e084c537a908760ba1cdaeb5a4dd3712,636322439307fa4949a2500d76f42509e084c537a908760ba1cdaeb5a4dd3712,20,20,,
"포켓몬스터 하트골드 (Korea, IPKK, header ROM version 0)","포켓몬스터 소울실버 (Korea, IPGK, header ROM version 0)",/a/0/5/5,equal,147,147,,,c2e36a298cefb0a2ef3dd1de9fbb6af02125bab5a3b39fbd075f9d1365de26fc,c2e36a298cefb0a2ef3dd1de9fbb6af02125bab5a3b39fbd075f9d1365de26fc,20,20,,
"포켓몬스터 하트골드 (Korea, IPKK, header ROM version 0)","포켓몬스터 소울실버 (Korea, IPGK, header ROM version 0)",/a/0/5/5,equal,148,148,,,c2e36a298cefb0a2ef3dd1de9fbb6af02125bab5a3b39fbd075f9d1365de26fc,c2e36a298cefb0a2ef3dd1de9fbb6af02125bab5a3b39fbd075f9d1365de26fc,20,20,,
"포켓몬스터 하트골드 (Korea, IPKK, header ROM version 0)","포켓몬스터 소울실버 (Korea, IPGK, header ROM version 0)",/a/0/5/5,equal,149,149,,,6aac620ddb9f44ea6dfcd9baf586ea05e4e153c25bf89054b771e1d1c0f2a62d,6aac620ddb9f44ea6dfcd9baf586ea05e4e153c25bf89054b771e1d1c0f2a62d,20,20,,
"포켓몬스터 하트골드 (Korea, IPKK, header ROM version 0)","포켓몬스터 소울실버 (Korea, IPGK, header ROM version 0)",/a/0/5/5,equal,150,150,,,1e31dff30577a84078f5b22c2cae2fbba754d699fdff35eb11ffd9504b768d6c,1e31dff30577a84078f5b22c2cae2fbba754d699fdff35eb11ffd9504b768d6c,20,20,,
"포켓몬스터 하트골드 (Korea, IPKK, header ROM version 0)","포켓몬스터 소울실버 (Korea, IPGK, header ROM version 0)",/a/0/5/5,equal,151,151,,,52b67aa276e5c449716fb620e13c6b1d5e76395ecdf40916d44a1b293a865817,52b67aa276e5c449716fb620e13c6b1d5e76395ecdf40916d44a1b293a865817,20,20,,
"포켓몬스터 하트골드 (Korea, IPKK, header ROM version 0)","포켓몬스터 소울실버 (Korea, IPGK, header ROM version 0)",/a/0/5/5,equal,152,152,,,d07b48a1cd885c4b366f70cff8aa7d3a5b0ab5d0432fc931b0c39a504d4bd6c6,d07b48a1cd885c4b366f70cff8aa7d3a5b0ab5d0432fc931b0c39a504d4bd6c6,20,20,,
"포켓몬스터 하트골드 (Korea, IPKK, header ROM version 0)","포켓몬스터 소울실버 (Korea, IPGK, header ROM version 0)",/a/0/5/5,equal,153,153,,,52b67aa276e5c449716fb620e13c6b1d5e76395ecdf40916d44a1b293a865817,52b67aa276e5c449716fb620e13c6b1d5e76395ecdf40916d44a1b293a865817,20,20,,
"포켓몬스터 하트골드 (Korea, IPKK, header ROM version 0)","포켓몬스터 소울실버 (Korea, IPGK, header ROM version 0)",/a/0/5/5,equal,154,154,,,b892157150a5abcc90d5813e9ef947dd3484a63fa14e45632b58082a6f7ec9a0,b892157150a5abcc90d5813e9ef947dd3484a63fa14e45632b58082a6f7ec9a0,20,20,,
"포켓몬스터 하트골드 (Korea, IPKK, header ROM version 0)","포켓몬스터 소울실버 (Korea, IPGK, header ROM version 0)",/a/0/5/5,equal,155,155,,,840efda5ef7497e8e0f78a9cab7d4c48b4dd6a5e19571dc7196bc8d70fb11351,840efda5ef7497e8e0f78a9cab7d4c48b4dd6a5e19571dc7196bc8d70fb11351,20,20,,
"포켓몬스터 하트골드 (Korea, IPKK, header ROM version 0)","포켓몬스터 소울실버 (Korea, IPGK, header ROM version 0)",/a/0/5/5,equal,156,156,,,a2488c689822d347ecfc5e167e24f7fed8117fa2481c1a72c6d9c4f770e5a05b,a2488c689822d347ecfc5e167e24f7fed8117fa2481c1a72c6d9c4f770e5a05b,20,20,,
"포켓몬스터 하트골드 (Korea, IPKK, header ROM version 0)","포켓몬스터 소울실버 (Korea, IPGK, header ROM version 0)",/a/0/5/5,equal,157,157,,,a2488c689822d347ecfc5e167e24f7fed8117fa2481c1a72c6d9c4f770e5a05b,a2488c689822d347ecfc5e167e24f7fed8117fa2481c1a72c6d9c4f770e5a05b,20,20,,
"포켓몬스터 하트골드 (Korea, IPKK, header ROM version 0)","포켓몬스터 소울실버 (Korea, IPGK, header ROM version 0)",/a/0/5/5,equal,158,158,,,63cf36d1bce658fcfdb5321206af2cdfa47f9c0fc9533f82ee0480c3cefedd73,63cf36d1bce658fcfdb5321206af2cdfa47f9c0fc9533f82ee0480c3cefedd73,20,20,,
"포켓몬스터 하트골드 (Korea, IPKK, header ROM version 0)","포켓몬스터 소울실버 (Korea, IPGK, header ROM version 0)",/a/0/5/5,equal,159,159,,,9206d8a9accdfaac3f07ce7ef481dcc5696a2e2a1b906178fee0e083f392f13b,9206d8a9accdfaac3f07ce7ef481dcc5696a2e2a1b906178fee0e083f392f13b,20,20,,
"포켓몬스터 하트골드 (Korea, IPKK, header ROM version 0)","포켓몬스터 소울실버 (Korea, IPGK, header ROM version 0)",/a/0/5/5,equal,160,160,,,21b6d06c06f6cc96a0bc45894462dfb145d6a981c8822457ddffd99a7b799f7a,21b6d06c06f6cc96a0bc45894462dfb145d6a981c8822457ddffd99a7b799f7a,20,20,,
"포켓몬스터 하트골드 (Korea, IPKK, header ROM version 0)","포켓몬스터 소울실버 (Korea, IPGK, header ROM version 0)",/a/0/5/5,equal,161,161,,,21b6d06c06f6cc96a0bc45894462dfb145d6a981c8822457ddffd99a7b799f7a,21b6d06c06f6cc96a0bc45894462dfb145d6a981c8822457ddffd99a7b799f7a,20,20,,
"포켓몬스터 하트골드 (Korea, IPKK, header ROM version 0)","포켓몬스터 소울실버 (Korea, IPGK, header ROM version 0)",/a/0/5/5,equal,162,162,,,21b6d06c06f6cc96a0bc45894462dfb145d6a981c8822457ddffd99a7b799f7a,21b6d06c06f6cc96a0bc45894462dfb145d6a981c8822457ddffd99a7b799f7a,20,20,,
"포켓몬스터 하트골드 (Korea, IPKK, header ROM version 0)","포켓몬스터 소울실버 (Korea, IPGK, header ROM version 0)",/a/0/5/5,equal,163,163,,,21b6d06c06f6cc96a0bc45894462dfb145d6a981c8822457ddffd99a7b799f7a,21b6d06c06f6cc96a0bc45894462dfb145d6a981c8822457ddffd99a7b799f7a,20,20,,
"포켓몬스터 하트골드 (Korea, IPKK, header ROM version 0)","포켓몬스터 소울실버 (Korea, IPGK, header ROM version 0)",/a/0/5/5,equal,164,164,,,21b6d06c06f6cc96a0bc45894462dfb145d6a981c8822457ddffd99a7b799f7a,21b6d06c06f6cc96a0bc45894462dfb145d6a981c8822457ddffd99a7b799f7a,20,20,,
"포켓몬스터 하트골드 (Korea, IPKK, header ROM version 0)","포켓몬스터 소울실버 (Korea, IPGK, header ROM version 0)",/a/0/5/5,equal,165,165,,,3733eb1bb157dfa9a516a4064ab8d6d83a326a23a7de723fdcb184f1ce63d307,3733eb1bb157dfa9a516a4064ab8d6d83a326a23a7de723fdcb184f1ce63d307,20,20,,
"포켓몬스터 하트골드 (Korea, IPKK, header ROM version 0)","포켓몬스터 소울실버 (Korea, IPGK, header ROM version 0)",/a/0/5/5,equal,166,166,,,3733eb1bb157dfa9a516a4064ab8d6d83a326a23a7de723fdcb184f1ce63d307,3733eb1bb157dfa9a516a4064ab8d6d83a326a23a7de723fdcb184f1ce63d307,20,20,,
"포켓몬스터 하트골드 (Korea, IPKK, header ROM version 0)","포켓몬스터 소울실버 (Korea, IPGK, header ROM version 0)",/a/0/5/5,equal,167,167,,,3733eb1bb157dfa9a516a4064ab8d6d83a326a23a7de723fdcb184f1ce63d307,3733eb1bb157dfa9a516a4064ab8d6d83a326a23a7de723fdcb184f1ce63d307,20,20,,
"포켓몬스터 하트골드 (Korea, IPKK, header ROM version 0)","포켓몬스터 소울실버 (Korea, IPGK, header ROM version 0)",/a/0/5/5,equal,168,168,,,e20f2e3148fdb3960e83b5ab7dce6e512dc95d2a8959fb567afe47a1afa27ab9,e20f2e3148fdb3960e83b5ab7dce6e512dc95d2a8959fb567afe47a1afa27ab9,20,20,,
"포켓몬스터 하트골드 (Korea, IPKK, header ROM version 0)","포켓몬스터 소울실버 (Korea, IPGK, header ROM version 0)",/a/0/5/5,equal,169,169,,,18511ef3fcbdb61024a8d40e95f835a09724b352c64766988d93a01d1aaaba83,18511ef3fcbdb61024a8d40e95f835a09724b352c64766988d93a01d1aaaba83,20,20,,
"포켓몬스터 하트골드 (Korea, IPKK, header ROM version 0)","포켓몬스터 소울실버 (Korea, IPGK, header ROM version 0)",/a/0/5/5,equal,170,170,,,e20f2e3148fdb3960e83b5ab7dce6e512dc95d2a8959fb567afe47a1afa27ab9,e20f2e3148fdb3960e83b5ab7dce6e512dc95d2a8959fb567afe47a1afa27ab9,20,20,,
"포켓몬스터 하트골드 (Korea, IPKK, header ROM version 0)","포켓몬스터 소울실버 (Korea, IPGK, header ROM version 0)",/a/0/5/5,equal,171,171,,,e20f2e3148fdb3960e83b5ab7dce6e512dc95d2a8959fb567afe47a1afa27ab9,e20f2e3148fdb3960e83b5ab7dce6e512dc95d2a8959fb567afe47a1afa27ab9,20,20,,
"포켓몬스터 하트골드 (Korea, IPKK, header ROM version 0)","포켓몬스터 소울실버 (Korea, IPGK, header ROM version 0)",/a/0/5/5,equal,172,172,,,a2ececa51bbb6e899b79b388da80ba4e386f4c0cd1d5fa02115d7715b2b060d0,a2ececa51bbb6e899b79b388da80ba4e386f4c0cd1d5fa02115d7715b2b060d0,20,20,,
"포켓몬스터 하트골드 (Korea, IPKK, header ROM version 0)","포켓몬스터 소울실버 (Korea, IPGK, header ROM version 0)",/a/0/5/5,equal,173,173,,,3ca71c171626929a0f9c123bac7e3811633d7c08b12b74caf3fc096b25a3e655,3ca71c171626929a0f9c123bac7e3811633d7c08b12b74caf3fc096b25a3e655,20,20,,
"포켓몬스터 하트골드 (Korea, IPKK, header ROM version 0)","포켓몬스터 소울실버 (Korea, IPGK, header ROM version 0)",/a/0/5/5,equal,174,174,,,a1185f0b25007cfaab378992cad134a5782d27d2bc2efd2f654634dc2bd29337,a1185f0b25007cfaab378992cad134a5782d27d2bc2efd2f654634dc2bd29337,20,20,,
"포켓몬스터 하트골드 (Korea, IPKK, header ROM version 0)","포켓몬스터 소울실버 (Korea, IPGK, header ROM version 0)",/a/0/5/5,equal,175,175,,,c81bf1f83bf26f1cb3e46b37b2f6c34ceea138c168b39aa7a5b981d7fe6a3aec,c81bf1f83bf26f1cb3e46b37b2f6c34ceea138c168b39aa7a5b981d7fe6a3aec,20,20,,
"포켓몬스터 하트골드 (Korea, IPKK, header ROM version 0)","포켓몬스터 소울실버 (Korea, IPGK, header ROM version 0)",/a/0/5/5,equal,176,176,,,c81bf1f83bf26f1cb3e46b37b2f6c34ceea138c168b39aa7a5b981d7fe6a3aec,c81bf1f83bf26f1cb3e46b37b2f6c34ceea138c168b39aa7a5b981d7fe6a3aec,20,20,,
"포켓몬스터 하트골드 (Korea, IPKK, header ROM version 0)","포켓몬스터 소울실버 (Korea, IPGK, header ROM version 0)",/a/0/5/5,equal,177,177,,,c81bf1f83bf26f1cb3e46b37b2f6c34ceea138c168b39aa7a5b981d7fe6a3aec,c81bf1f83bf26f1cb3e46b37b2f6c34ceea138c168b39aa7a5b981d7fe6a3aec,20,20,,
"포켓몬스터 하트골드 (Korea, IPKK, header ROM version 0)","포켓몬스터 소울실버 (Korea, IPGK, header ROM version 0)",/a/0/5/5,equal,178,178,,,22468112ee037ae69642c0d80f56fd5008b19e355dc0859b13933b4b6b4828d8,22468112ee037ae69642c0d80f56fd5008b19e355dc0859b13933b4b6b4828d8,20,20,,
"포켓몬스터 하트골드 (Korea, IPKK, header ROM version 0)","포켓몬스터 소울실버 (Korea, IPGK, header ROM version 0)",/a/0/5/5,equal,179,179,,,d41e2aeae411acc3c110e6d15581f6f912c1156838c1b6bc50bb670dc26ec95c,d41e2aeae411acc3c110e6d15581f6f912c1156838c1b6bc50bb670dc26ec95c,20,20,,
"포켓몬스터 하트골드 (Korea, IPKK, header ROM version 0)","포켓몬스터 소울실버 (Korea, IPGK, header ROM version 0)",/a/0/5/5,equal,180,180,,,f4b3515d9b78f862d111bfd9aa2b0a3660ef1dcabbbf170214f794af7f8adc75,f4b3515d9b78f862d111bfd9aa2b0a3660ef1dcabbbf170214f794af7f8adc75,20,20,,
"포켓몬스터 하트골드 (Korea, IPKK, header ROM version 0)","포켓몬스터 소울실버 (Korea, IPGK, header ROM version 0)",/a/0/5/5,equal,181,181,,,d9cd34f1b31e3cd173ff1cdacfda5ab219dad3d9f865d2ffba1a826666d9ec84,d9cd34f1b31e3cd173ff1cdacfda5ab219dad3d9f865d2ffba1a826666d9ec84,20,20,,
"포켓몬스터 하트골드 (Korea, IPKK, header ROM version 0)","포켓몬스터 소울실버 (Korea, IPGK, header ROM version 0)",/a/0/5/5,equal,182,182,,,c15e45261921d17e900f96be71382f34820423816e3caf84bdd789d2e9f978f3,c15e45261921d17e900f96be71382f34820423816e3caf84bdd789d2e9f978f3,20,20,,
"포켓몬스터 하트골드 (Korea, IPKK, header ROM version 0)","포켓몬스터 소울실버 (Korea, IPGK, header ROM version 0)",/a/0/5/5,equal,183,183,,,f5284d113635a52c81365836f2c1ff3075d92c9a8e5a956c9c4005713705d510,f5284d113635a52c81365836f2c1ff3075d92c9a8e5a956c9c4005713705d510,20,20,,
"포켓몬스터 하트골드 (Korea, IPKK, header ROM version 0)","포켓몬스터 소울실버 (Korea, IPGK, header ROM version 0)",/a/0/5/5,equal,184,184,,,aa039a09f0f48fdc9cbcfdf57b22741f7d661e09917854495b4da5abe6572c08,aa039a09f0f48fdc9cbcfdf57b22741f7d661e09917854495b4da5abe6572c08,20,20,,
"포켓몬스터 하트골드 (Korea, IPKK, header ROM version 0)","포켓몬스터 소울실버 (Korea, IPGK, header ROM version 0)",/a/0/5/5,equal,185,185,,,1f9cf565e3d146c103af7cefdb0fd246e5da99b33463fa212e247353f606a9f6,1f9cf565e3d146c103af7cefdb0fd246e5da99b33463fa212e247353f606a9f6,20,20,,
"포켓몬스터 하트골드 (Korea, IPKK, header ROM version 0)","포켓몬스터 소울실버 (Korea, IPGK, header ROM version 0)",/a/0/5/5,equal,186,186,,,edacb977b11b80cbaeec63a0dcb9ad69a25173c542079f5a248a3696935cda07,edacb977b11b80cbaeec63a0dcb9ad69a25173c542079f5a248a3696935cda07,20,20,,
"포켓몬스터 하트골드 (Korea, IPKK, header ROM version 0)","포켓몬스터 소울실버 (Korea, IPGK, header ROM version 0)",/a/0/5/5,equal,187,187,,,f7ba1e4612a932bb76940175debfde8e22f6884ecd3efbe5820847d8a7491497,f7ba1e4612a932bb76940175debfde8e22f6884ecd3efbe5820847d8a7491497,20,20,,
"포켓몬스터 하트골드 (Korea, IPKK, header ROM version 0)","포켓몬스터 소울실버 (Korea, IPGK, header ROM version 0)",/a/0/5/5,equal,188,188,,,1f9cf565e3d146c103af7cefdb0fd246e5da99b33463fa212e247353f606a9f6,1f9cf565e3d146c103af7cefdb0fd246e5da99b33463fa212e247353f606a9f6,20,20,,
"포켓몬스터 하트골드 (Korea, IPKK, header ROM version 0)","포켓몬스터 소울실버 (Korea, IPGK, header ROM version 0)",/a/0/5/5,equal,189,189,,,4b8ae1a764630e724e3a47fda53354032c9b364918f67aa90d6bc46dd2e12636,4b8ae1a764630e724e3a47fda53354032c9b364918f67aa90d6bc46dd2e12636,20,20,,
"포켓몬스터 하트골드 (Korea, IPKK, header ROM version 0)","포켓몬스터 소울실버 (Korea, IPGK, header ROM version 0)",/a/0/5/5,equal,190,190,,,a874a77e2d20414882496bc77cdc47778f14ab88752d7dea89959999984d3eb6,a874a77e2d20414882496bc77cdc47778f14ab88752d7dea89959999984d3eb6,20,20,,
"포켓몬스터 하트골드 (Korea, IPKK, header ROM version 0)","포켓몬스터 소울실버 (Korea, IPGK, header ROM version 0)",/a/0/5/5,equal,191,191,,,1f9cf565e3d146c103af7cefdb0fd246e5da99b33463fa212e247353f606a9f6,1f9cf565e3d146c103af7cefdb0fd246e5da99b33463fa212e247353f606a9f6,20,20,,
"포켓몬스터 하트골드 (Korea, IPKK, header ROM version 0)","포켓몬스터 소울실버 (Korea, IPGK, header ROM version 0)",/a/0/5/5,equal,192,192,,,edacb977b11b80cbaeec63a0dcb9ad69a25173c542079f5a248a3696935cda07,edacb977b11b80cbaeec63a0dcb9ad69a25173c542079f5a248a3696935cda07,20,20,,
"포켓몬스터 하트골드 (Korea, IPKK, header ROM version 0)","포켓몬스터 소울실버 (Korea, IPGK, header ROM version 0)",/a/0/5/5,equal,193,193,,,edacb977b11b80cbaeec63a0dcb9ad69a25173c542079f5a248a3696935cda07,edacb977b11b80cbaeec63a0dcb9ad69a25173c542079f5a248a3696935cda07,20,20,,
"포켓몬스터 하트골드 (Korea, IPKK, header ROM version 0)","포켓몬스터 소울실버 (Korea, IPGK, header ROM version 0)",/a/0/5/5,equal,194,194,,,ed51995fc9e126481718001af09e6b9f93229b1428d7186a8211bebb32b71556,ed51995fc9e126481718001af09e6b9f93229b1428d7186a8211bebb32b71556,20,20,,
"포켓몬스터 하트골드 (Korea, IPKK, header ROM version 0)","포켓몬스터 소울실버 (Korea, IPGK, header ROM version 0)",/a/0/5/5,equal,195,195,,,a874a77e2d20414882496bc77cdc47778f14ab88752d7dea89959999984d3eb6,a874a77e2d20414882496bc77cdc47778f14ab88752d7dea89959999984d3eb6,20,20,,
"포켓몬스터 하트골드 (Korea, IPKK, header ROM version 0)","포켓몬스터 소울실버 (Korea, IPGK, header ROM version 0)",/a/0/5/5,equal,196,196,,,1f9cf565e3d146c103af7cefdb0fd246e5da99b33463fa212e247353f606a9f6,1f9cf565e3d146c103af7cefdb0fd246e5da99b33463fa212e247353f606a9f6,20,20,,
"포켓몬스터 하트골드 (Korea, IPKK, header ROM version 0)","포켓몬스터 소울실버 (Korea, IPGK, header ROM version 0)",/a/0/5/5,equal,197,197,,,1f9cf565e3d146c103af7cefdb0fd246e5da99b33463fa212e247353f606a9f6,1f9cf565e3d146c103af7cefdb0fd246e5da99b33463fa212e247353f606a9f6,20,20,,
"포켓몬스터 하트골드 (Korea, IPKK, header ROM version 0)","포켓몬스터 소울실버 (Korea, IPGK, header ROM version 0)",/a/0/5/5,equal,198,198,,,333bfd7220f4113ecbef6b93c8867805e6ebac3829e2c6f9a634ad00fc729994,333bfd7220f4113ecbef6b93c8867805e6ebac3829e2c6f9a634ad00fc729994,20,20,,
"포켓몬스터 하트골드 (Korea, IPKK, header ROM version 0)","포켓몬스터 소울실버 (Korea, IPGK, header ROM version 0)",/a/0/5/5,equal,199,199,,,98b0e8c60f8894d81b6369645a25b64475ea7c025405165669b65c4c940b5ba0,98b0e8c60f8894d81b6369645a25b64475ea7c025405165669b65c4c940b5ba0,20,20,,
"포켓몬스터 하트골드 (Korea, IPKK, header ROM version 0)","포켓몬스터 소울실버 (Korea, IPGK, header ROM version 0)",/a/0/5/5,equal,200,200,,,d322b7b03426d78849828e012b905453726b0a563111ac18c6a543006cedfabc,d322b7b03426d78849828e012b905453726b0a563111ac18c6a543006cedfabc,20,20,,
"포켓몬스터 하트골드 (Korea, IPKK, header ROM version 0)","포켓몬스터 소울실버 (Korea, IPGK, header ROM version 0)",/a/0/5/5,equal,201,201,,,386908a44f907f91315730569940c83382bacc4544d1b4d2e9d75d615079b14b,386908a44f907f91315730569940c83382bacc4544d1b4d2e9d75d615079b14b,20,20,,
"포켓몬스터 하트골드 (Korea, IPKK, header ROM version 0)","포켓몬스터 소울실버 (Korea, IPGK, header ROM version 0)",/a/0/5/5,equal,202,202,,,0e56ec8a32f4c97f92991a7d22a26e29424620f8f56aad84228306be657bbb2a,0e56ec8a32f4c97f92991a7d22a26e29424620f8f56aad84228306be657bbb2a,20,20,,
"포켓몬스터 하트골드 (Korea, IPKK, header ROM version 0)","포켓몬스터 소울실버 (Korea, IPGK, header ROM version 0)",/a/0/5/5,equal,203,203,,,af9c152be51774c02a69ded3f4eee22c50e801c4207707457d0307cf9f003328,af9c152be51774c02a69ded3f4eee22c50e801c4207707457d0307cf9f003328,20,20,,
"포켓몬스터 하트골드 (Korea, IPKK, header ROM version 0)","포켓몬스터 소울실버 (Korea, IPGK, header ROM version 0)",/a/0/5/5,equal,204,204,,,af9c152be51774c02a69ded3f4eee22c50e801c4207707457d0307cf9f003328,af9c152be51774c02a69ded3f4eee22c50e801c4207707457d0307cf9f003328,20,20,,
"포켓몬스터 하트골드 (Korea, IPKK, header ROM version 0)","포켓몬스터 소울실버 (Korea, IPGK, header ROM version 0)",/a/0/5/5,equal,205,205,,,c0a17457076bc8e1a1e42696d51977124b6589ead42e4abdd4ef5f22e29d6fec,c0a17457076bc8e1a1e42696d51977124b6589ead42e4abdd4ef5f22e29d6fec,20,20,,
"포켓몬스터 하트골드 (Korea, IPKK, header ROM version 0)","포켓몬스터 소울실버 (Korea, IPGK, header ROM version 0)",/a/0/5/5,equal,206,206,,,07f2106472513427a5b71f49fe7f1b743ebec2e95d50730ae701586e6a490eae,07f2106472513427a5b71f49fe7f1b743ebec2e95d50730ae701586e6a490eae,20,20,,
"포켓몬스터 하트골드 (Korea, IPKK, header ROM version 0)","포켓몬스터 소울실버 (Korea, IPGK, header ROM version 0)",/a/0/5/5,equal,207,207,,,f4b3515d9b78f862d111bfd9aa2b0a3660ef1dcabbbf170214f794af7f8adc75,f4b3515d9b78f862d111bfd9aa2b0a3660ef1dcabbbf170214f794af7f8adc75,20,20,,
"포켓몬스터 하트골드 (Korea, IPKK, header ROM version 0)","포켓몬스터 소울실버 (Korea, IPGK, header ROM version 0)",/a/0/5/5,equal,208,208,,,f4b3515d9b78f862d111bfd9aa2b0a3660ef1dcabbbf170214f794af7f8adc75,f4b3515d9b78f862d111bfd9aa2b0a3660ef1dcabbbf170214f794af7f8adc75,20,20,,
"포켓몬스터 하트골드 (Korea, IPKK, header ROM version 0)","포켓몬스터 소울실버 (Korea, IPGK, header ROM version 0)",/a/0/5/5,equal,209,209,,,5c726463c1cf85ea0406ba3e32714c4ace3d9d3e78ef0c4004f1d96be0303219,5c726463c1cf85ea0406ba3e32714c4ace3d9d3e78ef0c4004f1d96be0303219,20,20,,
"포켓몬스터 하트골드 (Korea, IPKK, header ROM version 0)","포켓몬스터 소울실버 (Korea, IPGK, header ROM version 0)",/a/0/5/5,equal,210,210,,,63d84cc78c3b310405dfb01e5173a2a69f4c267e4f3268de40742b1f452d25fb,63d84cc78c3b310405dfb01e5173a2a69f4c267e4f3268de40742b1f452d25fb,20,20,,
"포켓몬스터 하트골드 (Korea, IPKK, header ROM version 0)","포켓몬스터 소울실버 (Korea, IPGK, header ROM version 0)",/a/0/5/5,equal,211,211,,,cff1577f46f6f5b2abb2d09f2c3bf3483eae532ecc6c2b8d7d65dce3d612eae6,cff1577f46f6f5b2abb2d09f2c3bf3483eae532ecc6c2b8d7d65dce3d612eae6,20,20,,
"포켓몬스터 하트골드 (Korea, IPKK, header ROM version 0)","포켓몬스터 소울실버 (Korea, IPGK, header ROM version 0)",/a/0/5/5,equal,212,212,,,4a927f1b1487e0633f143e8df7176bad36e8721ed6328611a2cbeca810db0582,4a927f1b1487e0633f143e8df7176bad36e8721ed6328611a2cbeca810db0582,20,20,,
"포켓몬스터 하트골드 (Korea, IPKK, header ROM version 0)","포켓몬스터 소울실버 (Korea, IPGK, header ROM version 0)",/a/0/5/5,equal,213,213,,,d855dc24a36eb25ce8627de2cd164e50d333d841940b3783850d05d5a251831c,d855dc24a36eb25ce8627de2cd164e50d333d841940b3783850d05d5a251831c,20,20,,
"포켓몬스터 하트골드 (Korea, IPKK, header ROM version 0)","포켓몬스터 소울실버 (Korea, IPGK, header ROM version 0)",/a/0/5/5,equal,214,214,,,12761efa3fd4d482355b4593732a0296fcfc0695a1fa307fad7041ed7c133091,12761efa3fd4d482355b4593732a0296fcfc0695a1fa307fad7041ed7c133091,20,20,,
"포켓몬스터 하트골드 (Korea, IPKK, header ROM version 0)","포켓몬스터 소울실버 (Korea, IPGK, header ROM version 0)",/a/0/5/5,equal,215,215,,,8261e40205499de2a76f5e68316ad2b3430d36ea166b42b7209ef4831ca6ea14,8261e40205499de2a76f5e68316ad2b3430d36ea166b42b7209ef4831ca6ea14,20,20,,
"포켓몬스터 하트골드 (Korea, IPKK, header ROM version 0)","포켓몬스터 소울실버 (Korea, IPGK, header ROM version 0)",/a/0/5/5,equal,216,216,,,4b8ae1a764630e724e3a47fda53354032c9b364918f67aa90d6bc46dd2e12636,4b8ae1a764630e724e3a47fda53354032c9b364918f67aa90d6bc46dd2e12636,20,20,,
"포켓몬스터 하트골드 (Korea, IPKK, header ROM version 0)","포켓몬스터 소울실버 (Korea, IPGK, header ROM version 0)",/a/0/5/5,equal,217,217,,,901608d8bad16f055541e1036af187c38e07cdc8e939d30840b714cb6731ba00,901608d8bad16f055541e1036af187c38e07cdc8e939d30840b714cb6731ba00,20,20,,
"포켓몬스터 하트골드 (Korea, IPKK, header ROM version 0)","포켓몬스터 소울실버 (Korea, IPGK, header ROM version 0)",/a/0/5/5,equal,218,218,,,a874a77e2d20414882496bc77cdc47778f14ab88752d7dea89959999984d3eb6,a874a77e2d20414882496bc77cdc47778f14ab88752d7dea89959999984d3eb6,20,20,,
"포켓몬스터 하트골드 (Korea, IPKK, header ROM version 0)","포켓몬스터 소울실버 (Korea, IPGK, header ROM version 0)",/a/0/5/5,equal,219,219,,,edacb977b11b80cbaeec63a0dcb9ad69a25173c542079f5a248a3696935cda07,edacb977b11b80cbaeec63a0dcb9ad69a25173c542079f5a248a3696935cda07,20,20,,
"포켓몬스터 하트골드 (Korea, IPKK, header ROM version 0)","포켓몬스터 소울실버 (Korea, IPGK, header ROM version 0)",/a/0/5/5,equal,220,220,,,1f9cf565e3d146c103af7cefdb0fd246e5da99b33463fa212e247353f606a9f6,1f9cf565e3d146c103af7cefdb0fd246e5da99b33463fa212e247353f606a9f6,20,20,,
"포켓몬스터 하트골드 (Korea, IPKK, header ROM version 0)","포켓몬스터 소울실버 (Korea, IPGK, header ROM version 0)",/a/0/5/5,equal,221,221,,,ed51995fc9e126481718001af09e6b9f93229b1428d7186a8211bebb32b71556,ed51995fc9e126481718001af09e6b9f93229b1428d7186a8211bebb32b71556,20,20,,
"포켓몬스터 하트골드 (Korea, IPKK, header ROM version 0)","포켓몬스터 소울실버 (Korea, IPGK, header ROM version 0)",/a/0/5/5,equal,222,222,,,a874a77e2d20414882496bc77cdc47778f14ab88752d7dea89959999984d3eb6,a874a77e2d20414882496bc77cdc47778f14ab88752d7dea89959999984d3eb6,20,20,,
"포켓몬스터 하트골드 (Korea, IPKK, header ROM version 0)","포켓몬스터 소울실버 (Korea, IPGK, header ROM version 0)",/a/0/5/5,equal,223,223,,,1f9cf565e3d146c103af7cefdb0fd246e5da99b33463fa212e247353f606a9f6,1f9cf565e3d146c103af7cefdb0fd246e5da99b33463fa212e247353f606a9f6,20,20,,
"포켓몬스터 하트골드 (Korea, IPKK, header ROM version 0)","포켓몬스터 소울실버 (Korea, IPGK, header ROM version 0)",/a/0/5/5,equal,224,224,,,edacb977b11b80cbaeec63a0dcb9ad69a25173c542079f5a248a3696935cda07,edacb977b11b80cbaeec63a0dcb9ad69a25173c542079f5a248a3696935cda07,20,20,,
"포켓몬스터 하트골드 (Korea, IPKK, header ROM version 0)","포켓몬스터 소울실버 (Korea, IPGK, header ROM version 0)",/a/0/5/5,equal,225,225,,,ed51995fc9e126481718001af09e6b9f93229b1428d7186a8211bebb32b71556,ed51995fc9e126481718001af09e6b9f93229b1428d7186a8211bebb32b71556,20,20,,
"포켓몬스터 하트골드 (Korea, IPKK, header ROM version 0)","포켓몬스터 소울실버 (Korea, IPGK, header ROM version 0)",/a/0/5/5,equal,226,226,,,ed51995fc9e126481718001af09e6b9f93229b1428d7186a8211bebb32b71556,ed51995fc9e126481718001af09e6b9f93229b1428d7186a8211bebb32b71556,20,20,,
"포켓몬스터 하트골드 (Korea, IPKK, header ROM version 0)","포켓몬스터 소울실버 (Korea, IPGK, header ROM version 0)",/a/0/5/5,equal,227,227,,,1f9cf565e3d146c103af7cefdb0fd246e5da99b33463fa212e247353f606a9f6,1f9cf565e3d146c103af7cefdb0fd246e5da99b33463fa212e247353f606a9f6,20,20,,
"포켓몬스터 하트골드 (Korea, IPKK, header ROM version 0)","포켓몬스터 소울실버 (Korea, IPGK, header ROM version 0)",/a/0/5/5,equal,228,228,,,1f9cf565e3d146c103af7cefdb0fd246e5da99b33463fa212e247353f606a9f6,1f9cf565e3d146c103af7cefdb0fd246e5da99b33463fa212e247353f606a9f6,20,20,,
"포켓몬스터 하트골드 (Korea, IPKK, header ROM version 0)","포켓몬스터 소울실버 (Korea, IPGK, header ROM version 0)",/a/0/5/5,equal,229,229,,,1f9cf565e3d146c103af7cefdb0fd246e5da99b33463fa212e247353f606a9f6,1f9cf565e3d146c103af7cefdb0fd246e5da99b33463fa212e247353f606a9f6,20,20,,
"포켓몬스터 하트골드 (Korea, IPKK, header ROM version 0)","포켓몬스터 소울실버 (Korea, IPGK, header ROM version 0)",/a/0/5/5,equal,230,230,,,110331dc8ab47079d3a235efa1b1eb580a8b740a8fed7a0e07a67ce2641f6fec,110331dc8ab47079d3a235efa1b1eb580a8b740a8fed7a0e07a67ce2641f6fec,20,20,,
"포켓몬스터 하트골드 (Korea, IPKK, header ROM version 0)","포켓몬스터 소울실버 (Korea, IPGK, header ROM version 0)",/a/0/5/5,equal,231,231,,,17a03c1062225f80ab447249f2671ba4ea35fcf1a51fc99258b9148e22ff2cdd,17a03c1062225f80ab447249f2671ba4ea35fcf1a51fc99258b9148e22ff2cdd,20,20,,
"포켓몬스터 하트골드 (Korea, IPKK, header ROM version 0)","포켓몬스터 소울실버 (Korea, IPGK, header ROM version 0)",/a/0/5/5,equal,232,232,,,4aa54449f8a8b9ce5e62107fcf91ae3d799d501aac4abf81d021fb9370dde6c5,4aa54449f8a8b9ce5e62107fcf91ae3d799d501aac4abf81d021fb9370dde6c5,20,20,,
"포켓몬스터 하트골드 (Korea, IPKK, header ROM version 0)","포켓몬스터 소울실버 (Korea, IPGK, header ROM version 0)",/a/0/5/5,equal,233,233,,,a696e90eb04adbed5da456beeaa99b0cecaec697125ba367f54046afbf8c6ee1,a696e90eb04adbed5da456beeaa99b0cecaec697125ba367f54046afbf8c6ee1,20,20,,
"포켓몬스터 하트골드 (Korea, IPKK, header ROM version 0)","포켓몬스터 소울실버 (Korea, IPGK, header ROM version 0)",/a/0/5/5,equal,234,234,,,840efda5ef7497e8e0f78a9cab7d4c48b4dd6a5e19571dc7196bc8d70fb11351,840efda5ef7497e8e0f78a9cab7d4c48b4dd6a5e19571dc7196bc8d70fb11351,20,20,,
"포켓몬스터 하트골드 (Korea, IPKK, header ROM version 0)","포켓몬스터 소울실버 (Korea, IPGK, header ROM version 0)",/a/0/5/5,equal,235,235,,,af9c152be51774c02a69ded3f4eee22c50e801c4207707457d0307cf9f003328,af9c152be51774c02a69ded3f4eee22c50e801c4207707457d0307cf9f003328,20,20,,
"포켓몬스터 하트골드 (Korea, IPKK, header ROM version 0)","포켓몬스터 소울실버 (Korea, IPGK, header ROM version 0)",/a/0/5/5,equal,236,236,,,c0a17457076bc8e1a1e42696d51977124b6589ead42e4abdd4ef5f22e29d6fec,c0a17457076bc8e1a1e42696d51977124b6589ead42e4abdd4ef5f22e29d6fec,20,20,,
"포켓몬스터 하트골드 (Korea, IPKK, header ROM version 0)","포켓몬스터 소울실버 (Korea, IPGK, header ROM version 0)",/a/0/5/5,equal,237,237,,,ddf96b815e7a4e33604ffe0a26a86f65ec78ebb5c5fb295881f5b4bb9f4d5ad5,ddf96b815e7a4e33604ffe0a26a86f65ec78ebb5c5fb295881f5b4bb9f4d5ad5,20,20,,
"포켓몬스터 하트골드 (Korea, IPKK, header ROM version 0)","포켓몬스터 소울실버 (Korea, IPGK, header ROM version 0)",/a/0/5/5,equal,238,238,,,12761efa3fd4d482355b4593732a0296fcfc0695a1fa307fad7041ed7c133091,12761efa3fd4d482355b4593732a0296fcfc0695a1fa307fad7041ed7c133091,20,20,,
"포켓몬스터 하트골드 (Korea, IPKK, header ROM version 0)","포켓몬스터 소울실버 (Korea, IPGK, header ROM version 0)",/a/0/5/5,equal,239,239,,,cff1577f46f6f5b2abb2d09f2c3bf3483eae532ecc6c2b8d7d65dce3d612eae6,cff1577f46f6f5b2abb2d09f2c3bf3483eae532ecc6c2b8d7d65dce3d612eae6,20,20,,
"포켓몬스터 하트골드 (Korea, IPKK, header ROM version 0)","포켓몬스터 소울실버 (Korea, IPGK, header ROM version 0)",/a/0/5/5,equal,240,240,,,4a927f1b1487e0633f143e8df7176bad36e8721ed6328611a2cbeca810db0582,4a927f1b1487e0633f143e8df7176bad36e8721ed6328611a2cbeca810db0582,20,20,,
"포켓몬스터 하트골드 (Korea, IPKK, header ROM version 0)","포켓몬스터 소울실버 (Korea, IPGK, header ROM version 0)",/a/0/5/5,equal,241,241,,,9fc605e70bf28c82dc28ee9de7d89e0cd54433ecd273a4a26987533f40517d6d,9fc605e70bf28c82dc28ee9de7d89e0cd54433ecd273a4a26987533f40517d6d,20,20,,
"포켓몬스터 하트골드 (Korea, IPKK, header ROM version 0)","포켓몬스터 소울실버 (Korea, IPGK, header ROM version 0)",/a/0/5/5,equal,242,242,,,fbe85d9dfa6c2b8f13ed26afa2e51d0f734eb15017b0026808a9a9984e66efe1,fbe85d9dfa6c2b8f13ed26afa2e51d0f734eb15017b0026808a9a9984e66efe1,20,20,,
"포켓몬스터 하트골드 (Korea, IPKK, header ROM version 0)","포켓몬스터 소울실버 (Korea, IPGK, header ROM version 0)",/a/0/5/5,equal,243,243,,,3733eb1bb157dfa9a516a4064ab8d6d83a326a23a7de723fdcb184f1ce63d307,3733eb1bb157dfa9a516a4064ab8d6d83a326a23a7de723fdcb184f1ce63d307,20,20,,
"포켓몬스터 하트골드 (Korea, IPKK, header ROM version 0)","포켓몬스터 소울실버 (Korea, IPGK, header ROM version 0)",/a/0/5/5,equal,244,244,,,4107229c737ba932c05e01251bce9744c7327f0ddbd6a4496c47a64fd135fce6,4107229c737ba932c05e01251bce9744c7327f0ddbd6a4496c47a64fd135fce6,20,20,,
"포켓몬스터 하트골드 (Korea, IPKK, header ROM version 0)","포켓몬스터 소울실버 (Korea, IPGK, header ROM version 0)",/a/0/5/5,equal,245,245,,,8306087afbe20d30054b711479ef98b310f69221b24e2984548f708ddeee31e3,8306087afbe20d30054b711479ef98b310f69221b24e2984548f708ddeee31e3,20,20,,
"포켓몬스터 하트골드 (Korea, IPKK, header ROM version 0)","포켓몬스터 소울실버 (Korea, IPGK, header ROM version 0)",/a/0/5/5,equal,246,246,,,aa5f1779d5ca90f40595bda1fa0e86c5b74ca347e6f3eda15fb358788c658a52,aa5f1779d5ca90f40595bda1fa0e86c5b74ca347e6f3eda15fb358788c658a52,20,20,,
"포켓몬스터 하트골드 (Korea, IPKK, header ROM version 0)","포켓몬스터 소울실버 (Korea, IPGK, header ROM version 0)",/a/0/5/5,equal,247,247,,,5b870bbd350cb87b438cc3ba0f21076a791df742a6dd96a52cdc3cf57388b8ee,5b870bbd350cb87b438cc3ba0f21076a791df742a6dd96a52cdc3cf57388b8ee,20,20,,
"포켓몬스터 하트골드 (Korea, IPKK, header ROM version 0)","포켓몬스터 소울실버 (Korea, IPGK, header ROM version 0)",/a/0/5/5,equal,248,248,,,44e5c00e3a9a1464f5613ef9f532a9abb90b1bf59aa9a3fc14eddadb5103973c,44e5c00e3a9a1464f5613ef9f532a9abb90b1bf59aa9a3fc14eddadb5103973c,20,20,,
"포켓몬스터 하트골드 (Korea, IPKK, header ROM version 0)","포켓몬스터 소울실버 (Korea, IPGK, header ROM version 0)",/a/0/5/5,equal,249,249,,,fe2bf26b72d5949cc35d6fd335037f07a2ca8b19a9c940914042cc80514e15b9,fe2bf26b72d5949cc35d6fd335037f07a2ca8b19a9c940914042cc80514e15b9,20,20,,
"포켓몬스터 하트골드 (Korea, IPKK, header ROM version 0)","포켓몬스터 소울실버 (Korea, IPGK, header ROM version 0)",/a/0/5/5,equal,250,250,,,b95fe7c32bf8e4a135b90b204a9914a4b055e03ad6221fc095ef3ab7af4257c8,b95fe7c32bf8e4a135b90b204a9914a4b055e03ad6221fc095ef3ab7af4257c8,20,20,,
"포켓몬스터 하트골드 (Korea, IPKK, header ROM version 0)","포켓몬스터 소울실버 (Korea, IPGK, header ROM version 0)",/a/0/5/5,equal,251,251,,,02a0bfd1daab048ca1fd04e073b6accae8199576c6d63e0e0d2d8a1b6e5b80e9,02a0bfd1daab048ca1fd04e073b6accae8199576c6d63e0e0d2d8a1b6e5b80e9,20,20,,
"포켓몬스터 하트골드 (Korea, IPKK, header ROM version 0)","포켓몬스터 소울실버 (Korea, IPGK, header ROM version 0)",/a/0/5/5,equal,252,252,,,18511ef3fcbdb61024a8d40e95f835a09724b352c64766988d93a01d1aaaba83,18511ef3fcbdb61024a8d40e95f835a09724b352c64766988d93a01d1aaaba83,20,20,,
"포켓몬스터 하트골드 (Korea, IPKK, header ROM version 0)","포켓몬스터 소울실버 (Korea, IPGK, header ROM version 0)",/a/0/5/5,equal,253,253,,,0301c859c8b332f9da9586e995b835bd4b3ce88b9861af3745853a404b451828,0301c859c8b332f9da9586e995b835bd4b3ce88b9861af3745853a404b451828,20,20,,
"포켓몬스터 하트골드 (Korea, IPKK, header ROM version 0)","포켓몬스터 소울실버 (Korea, IPGK, header ROM version 0)",/a/0/5/5,equal,254,254,,,d0e80bd8570936862d14a8a78cff12391bd5a8af8afd0cf98b1b49ab5f5f2276,d0e80bd8570936862d14a8a78cff12391bd5a8af8afd0cf98b1b49ab5f5f2276,20,20,,
"포켓몬스터 하트골드 (Korea, IPKK, header ROM version 0)","포켓몬스터 소울실버 (Korea, IPGK, header ROM version 0)",/a/0/5/5,equal,255,255,,,101833f4ac3e6bdc16ef0eac7097705b169d0cdb2d2e2164e4713f132d8c9def,101833f4ac3e6bdc16ef0eac7097705b169d0cdb2d2e2164e4713f132d8c9def,20,20,,
"포켓몬스터 하트골드 (Korea, IPKK, header ROM version 0)","포켓몬스터 소울실버 (Korea, IPGK, header ROM version 0)",/a/0/5/5,equal,256,256,,,5b19644a1f235561394739d0f959603d85757dae8049a876d7b9aa61e28bc8fe,5b19644a1f235561394739d0f959603d85757dae8049a876d7b9aa61e28bc8fe,20,20,,
"포켓몬스터 하트골드 (Korea, IPKK, header ROM version 0)","포켓몬스터 소울실버 (Korea, IPGK, header ROM version 0)",/a/0/5/5,equal,257,257,,,1fefbc09f3eb870edf724dbc930840d13e08c53ba9b4b9234d49ef5f97a2df54,1fefbc09f3eb870edf724dbc930840d13e08c53ba9b4b9234d49ef5f97a2df54,20,20,,
"포켓몬스터 하트골드 (Korea, IPKK, header ROM version 0)","포켓몬스터 소울실버 (Korea, IPGK, header ROM version 0)",/a/0/5/5,equal,258,258,,,aeb8e55f8d832e05fe135a9a598b0d70a17bb801fc89e6129ba612f25f3ec1a9,aeb8e55f8d832e05fe135a9a598b0d70a17bb801fc89e6129ba612f25f3ec1a9,20,20,,
"포켓몬스터 하트골드 (Korea, IPKK, header ROM version 0)","포켓몬스터 소울실버 (Korea, IPGK, header ROM version 0)",/a/0/5/5,equal,259,259,,,7e70a01ac40391caa8f73888617fb2e765ab2513154f87d5ab3b3c0d652d2843,7e70a01ac40391caa8f73888617fb2e765ab2513154f87d5ab3b3c0d652d2843,20,20,,
"포켓몬스터 하트골드 (Korea, IPKK, header ROM version 0)","포켓몬스터 소울실버 (Korea, IPGK, header ROM version 0)",/a/0/5/5,equal,260,260,,,a0dfa55ea11e7b14950cbf5c8ee48af05faef3f0e8ba73b76e3227a03b7c4552,a0dfa55ea11e7b14950cbf5c8ee48af05faef3f0e8ba73b76e3227a03b7c4552,20,20,,
"포켓몬스터 하트골드 (Korea, IPKK, header ROM version 0)","포켓몬스터 소울실버 (Korea, IPGK, header ROM version 0)",/a/0/5/5,equal,261,261,,,28b96dd9df91471abd8f99bb358c2574fd67adc7dfae1f417e8e57509582eb19,28b96dd9df91471abd8f99bb358c2574fd67adc7dfae1f417e8e57509582eb19,20,20,,
"포켓몬스터 하트골드 (Korea, IPKK, header ROM version 0)","포켓몬스터 소울실버 (Korea, IPGK, header ROM version 0)",/a/0/5/5,equal,262,262,,,edacb977b11b80cbaeec63a0dcb9ad69a25173c542079f5a248a3696935cda07,edacb977b11b80cbaeec63a0dcb9ad69a25173c542079f5a248a3696935cda07,20,20,,
"포켓몬스터 하트골드 (Korea, IPKK, header ROM version 0)","포켓몬스터 소울실버 (Korea, IPGK, header ROM version 0)",/a/0/5/5,equal,263,263,,,5f068d844461384559b607c3bffd32e11ac80b9b80a55ab57ad4122787c495a3,5f068d844461384559b607c3bffd32e11ac80b9b80a55ab57ad4122787c495a3,20,20,,
"포켓몬스터 하트골드 (Korea, IPKK, header ROM version 0)","포켓몬스터 소울실버 (Korea, IPGK, header ROM version 0)",/a/0/5/5,equal,264,264,,,95bbe8c9fb2d7bed6afd9a9b35f0dfb1dc528136e9e60e9f73a36769972f616a,95bbe8c9fb2d7bed6afd9a9b35f0dfb1dc528136e9e60e9f73a36769972f616a,20,20,,
"포켓몬스터 하트골드 (Korea, IPKK, header ROM version 0)","포켓몬스터 소울실버 (Korea, IPGK, header ROM version 0)",/a/0/5/5,equal,265,265,,,d78f56da97ec97eebb690fd3048aa1786701b2fdad31e1b36dbbef903b2e77b0,d78f56da97ec97eebb690fd3048aa1786701b2fdad31e1b36dbbef903b2e77b0,20,20,,
"포켓몬스터 하트골드 (Korea, IPKK, header ROM version 0)","포켓몬스터 소울실버 (Korea, IPGK, header ROM version 0)",/a/0/5/5,equal,266,266,,,0eb4d48e710bdcf8918b96f6650040b09d89874abf3202489cb05ad90eba053e,0eb4d48e710bdcf8918b96f6650040b09d89874abf3202489cb05ad90eba053e,20,20,,
"포켓몬스터 하트골드 (Korea, IPKK, header ROM version 0)","포켓몬스터 소울실버 (Korea, IPGK, header ROM version 0)",/a/0/5/5,equal,267,267,,,5f068d844461384559b607c3bffd32e11ac80b9b80a55ab57ad4122787c495a3,5f068d844461384559b607c3bffd32e11ac80b9b80a55ab57ad4122787c495a3,20,20,,
"포켓몬스터 하트골드 (Korea, IPKK, header ROM version 0)","포켓몬스터 소울실버 (Korea, IPGK, header ROM version 0)",/a/0/5/5,equal,268,268,,,95bbe8c9fb2d7bed6afd9a9b35f0dfb1dc528136e9e60e9f73a36769972f616a,95bbe8c9fb2d7bed6afd9a9b35f0dfb1dc528136e9e60e9f73a36769972f616a,20,20,,
"포켓몬스터 하트골드 (Korea, IPKK, header ROM version 0)","포켓몬스터 소울실버 (Korea, IPGK, header ROM version 0)",/a/0/5/5,equal,269,269,,,0eb4d48e710bdcf8918b96f6650040b09d89874abf3202489cb05ad90eba053e,0eb4d48e710bdcf8918b96f6650040b09d89874abf3202489cb05ad90eba053e,20,20,,
"포켓몬스터 하트골드 (Korea, IPKK, header ROM version 0)","포켓몬스터 소울실버 (Korea, IPGK, header ROM version 0)",/a/0/5/5,equal,270,270,,,5f068d844461384559b607c3bffd32e11ac80b9b80a55ab57ad4122787c495a3,5f068d844461384559b607c3bffd32e11ac80b9b80a55ab57ad4122787c495a3,20,20,,
"포켓몬스터 하트골드 (Korea, IPKK, header ROM version 0)","포켓몬스터 소울실버 (Korea, IPGK, header ROM version 0)",/a/0/5/5,equal,271,271,,,326cf2e05306437c2e98fef5b45bd89e681c16f9248cbc0e4bf3c72bf8226cfb,326cf2e05306437c2e98fef5b45bd89e681c16f9248cbc0e4bf3c72bf8226cfb,20,20,,
"포켓몬스터 하트골드 (Korea, IPKK, header ROM version 0)","포켓몬스터 소울실버 (Korea, IPGK, header ROM version 0)",/a/0/5/5,equal,272,272,,,95bbe8c9fb2d7bed6afd9a9b35f0dfb1dc528136e9e60e9f73a36769972f616a,95bbe8c9fb2d7bed6afd9a9b35f0dfb1dc528136e9e60e9f73a36769972f616a,20,20,,
"포켓몬스터 하트골드 (Korea, IPKK, header ROM version 0)","포켓몬스터 소울실버 (Korea, IPGK, header ROM version 0)",/a/0/5/5,equal,273,273,,,e20f2e3148fdb3960e83b5ab7dce6e512dc95d2a8959fb567afe47a1afa27ab9,e20f2e3148fdb3960e83b5ab7dce6e512dc95d2a8959fb567afe47a1afa27ab9,20,20,,
"포켓몬스터 하트골드 (Korea, IPKK, header ROM version 0)","포켓몬스터 소울실버 (Korea, IPGK, header ROM version 0)",/a/0/5/5,equal,274,274,,,1e31dff30577a84078f5b22c2cae2fbba754d699fdff35eb11ffd9504b768d6c,1e31dff30577a84078f5b22c2cae2fbba754d699fdff35eb11ffd9504b768d6c,20,20,,
"포켓몬스터 하트골드 (Korea, IPKK, header ROM version 0)","포켓몬스터 소울실버 (Korea, IPGK, header ROM version 0)",/a/0/5/5,equal,275,275,,,711791ed75a61bbeb904ba837725240a0e6faee2d5b2af7c1cf7a477a5b02f8e,711791ed75a61bbeb904ba837725240a0e6faee2d5b2af7c1cf7a477a5b02f8e,20,20,,
"포켓몬스터 하트골드 (Korea, IPKK, header ROM version 0)","포켓몬스터 소울실버 (Korea, IPGK, header ROM version 0)",/a/0/5/5,equal,276,276,,,52b67aa276e5c449716fb620e13c6b1d5e76395ecdf40916d44a1b293a865817,52b67aa276e5c449716fb620e13c6b1d5e76395ecdf40916d44a1b293a865817,20,20,,
"포켓몬스터 하트골드 (Korea, IPKK, header ROM version 0)","포켓몬스터 소울실버 (Korea, IPGK, header ROM version 0)",/a/0/5/5,equal,277,277,,,b1f75dfe8cdbf129c8015798754b4297697dfbad799c63c9371edbc4da4ad1c7,b1f75dfe8cdbf129c8015798754b4297697dfbad799c63c9371edbc4da4ad1c7,20,20,,
"포켓몬스터 하트골드 (Korea, IPKK, header ROM version 0)","포켓몬스터 소울실버 (Korea, IPGK, header ROM version 0)",/a/0/5/5,equal,278,278,,,b95fe7c32bf8e4a135b90b204a9914a4b055e03ad6221fc095ef3ab7af4257c8,b95fe7c32bf8e4a135b90b204a9914a4b055e03ad6221fc095ef3ab7af4257c8,20,20,,
"포켓몬스터 하트골드 (Korea, IPKK, header ROM version 0)","포켓몬스터 소울실버 (Korea, IPGK, header ROM version 0)",/a/0/5/5,equal,279,279,,,3aa288e7276ca2043180f99a8696d3d92ea66618e3bd155744c8d428d0df1f17,3aa288e7276ca2043180f99a8696d3d92ea66618e3bd155744c8d428d0df1f17,20,20,,
"포켓몬스터 하트골드 (Korea, IPKK, header ROM version 0)","포켓몬스터 소울실버 (Korea, IPGK, header ROM version 0)",/a/0/5/5,equal,280,280,,,ec3564207404a1afcc6e7096c1b4a373712390e1fe6d55045c71f4ed81935d7d,ec3564207404a1afcc6e7096c1b4a373712390e1fe6d55045c71f4ed81935d7d,20,20,,
"포켓몬스터 하트골드 (Korea, IPKK, header ROM version 0)","포켓몬스터 소울실버 (Korea, IPGK, header ROM version 0)",/a/0/5/5,equal,281,281,,,09cb166f3f0aa5d8793e3da8adf96b84d176c9c5b5ccda7cfec21302d34a7a3a,09cb166f3f0aa5d8793e3da8adf96b84d176c9c5b5ccda7cfec21302d34a7a3a,20,20,,
"포켓몬스터 하트골드 (Korea, IPKK, header ROM version 0)","포켓몬스터 소울실버 (Korea, IPGK, header ROM version 0)",/a/0/5/5,equal,282,282,,,1336d200a7cb7e6b8a429657e8bbb628032053c546c2a182814b01979e9dd364,1336d200a7cb7e6b8a429657e8bbb628032053c546c2a182814b01979e9dd364,20,20,,
"포켓몬스터 하트골드 (Korea, IPKK, header ROM version 0)","포켓몬스터 소울실버 (Korea, IPGK, header ROM version 0)",/a/0/5/5,equal,283,283,,,cc60b0453345ec6975cc29090263178a49ce7a8829cc816ca4b61febf9a33fb7,cc60b0453345ec6975cc29090263178a49ce7a8829cc816ca4b61febf9a33fb7,20,20,,
"포켓몬스터 하트골드 (Korea, IPKK, header ROM version 0)","포켓몬스터 소울실버 (Korea, IPGK, header ROM version 0)",/a/0/5/5,equal,284,284,,,70a0013cd2a7d0c899d1df96f481f573bcc1b790b3d01d4c2c66e1e84bed6dcc,70a0013cd2a7d0c899d1df96f481f573bcc1b790b3d01d4c2c66e1e84bed6dcc,20,20,,
"포켓몬스터 하트골드 (Korea, IPKK, header ROM version 0)","포켓몬스터 소울실버 (Korea, IPGK, header ROM version 0)",/a/0/5/5,equal,285,285,,,95bbe8c9fb2d7bed6afd9a9b35f0dfb1dc528136e9e60e9f73a36769972f616a,95bbe8c9fb2d7bed6afd9a9b35f0dfb1dc528136e9e60e9f73a36769972f616a,20,20,,
"포켓몬스터 하트골드 (Korea, IPKK, header ROM version 0)","포켓몬스터 소울실버 (Korea, IPGK, header ROM version 0)",/a/0/5/5,equal,286,286,,,95bbe8c9fb2d7bed6afd9a9b35f0dfb1dc528136e9e60e9f73a36769972f616a,95bbe8c9fb2d7bed6afd9a9b35f0dfb1dc528136e9e60e9f73a36769972f616a,20,20,,
"포켓몬스터 하트골드 (Korea, IPKK, header ROM version 0)","포켓몬스터 소울실버 (Korea, IPGK, header ROM version 0)",/a/0/5/5,equal,287,287,,,95bbe8c9fb2d7bed6afd9a9b35f0dfb1dc528136e9e60e9f73a36769972f616a,95bbe8c9fb2d7bed6afd9a9b35f0dfb1dc528136e9e60e9f73a36769972f616a,20,20,,
"포켓몬스터 하트골드 (Korea, IPKK, header ROM version 0)","포켓몬스터 소울실버 (Korea, IPGK, header ROM version 0)",/a/0/5/5,equal,288,288,,,326cf2e05306437c2e98fef5b45bd89e681c16f9248cbc0e4bf3c72bf8226cfb,326cf2e05306437c2e98fef5b45bd89e681c16f9248cbc0e4bf3c72bf8226cfb,20,20,,
"포켓몬스터 하트골드 (Korea, IPKK, header ROM version 0)","포켓몬스터 소울실버 (Korea, IPGK, header ROM version 0)",/a/0/5/5,equal,289,289,,,326cf2e05306437c2e98fef5b45bd89e681c16f9248cbc0e4bf3c72bf8226cfb,326cf2e05306437c2e98fef5b45bd89e681c16f9248cbc0e4bf3c72bf8226cfb,20,20,,
"포켓몬스터 하트골드 (Korea, IPKK, header ROM version 0)","포켓몬스터 소울실버 (Korea, IPGK, header ROM version 0)",/a/0/5/5,equal,290,290,,,50177dc0abb6192a93dd0fac38dc3099649870267606a7572c5dd15b7478b818,50177dc0abb6192a93dd0fac38dc3099649870267606a7572c5dd15b7478b818,20,20,,
"포켓몬스터 하트골드 (Korea, IPKK, header ROM version 0)","포켓몬스터 소울실버 (Korea, IPGK, header ROM version 0)",/a/0/5/5,equal,291,291,,,3733eb1bb157dfa9a516a4064ab8d6d83a326a23a7de723fdcb184f1ce63d307,3733eb1bb157dfa9a516a4064ab8d6d83a326a23a7de723fdcb184f1ce63d307,20,20,,
"포켓몬스터 하트골드 (Korea, IPKK, header ROM version 0)","포켓몬스터 소울실버 (Korea, IPGK, header ROM version 0)",/a/0/5/5,equal,292,292,,,3733eb1bb157dfa9a516a4064ab8d6d83a326a23a7de723fdcb184f1ce63d307,3733eb1bb157dfa9a516a4064ab8d6d83a326a23a7de723fdcb184f1ce63d307,20,20,,
"포켓몬스터 하트골드 (Korea, IPKK, header ROM version 0)","포켓몬스터 소울실버 (Korea, IPGK, header ROM version 0)",/a/0/5/5,equal,293,293,,,0ac405de6ee3a2aff85fd8871d38cbf2db02180b22112c4973d7061c221455d9,0ac405de6ee3a2aff85fd8871d38cbf2db02180b22112c4973d7061c221455d9,20,20,,
"포켓몬스터 하트골드 (Korea, IPKK, header ROM version 0)","포켓몬스터 소울실버 (Korea, IPGK, header ROM version 0)",/a/0/5/5,equal,294,294,,,d9eccf10ce03572a43baf28fe3e0f510bd7e8cb0da5bb30b09a17577e8b13165,d9eccf10ce03572a43baf28fe3e0f510bd7e8cb0da5bb30b09a17577e8b13165,20,20,,
"포켓몬스터 하트골드 (Korea, IPKK, header ROM version 0)","포켓몬스터 소울실버 (Korea, IPGK, header ROM version 0)",/a/0/5/5,equal,295,295,,,3733eb1bb157dfa9a516a4064ab8d6d83a326a23a7de723fdcb184f1ce63d307,3733eb1bb157dfa9a516a4064ab8d6d83a326a23a7de723fdcb184f1ce63d307,20,20,,
"포켓몬스터 하트골드 (Korea, IPKK, header ROM version 0)","포켓몬스터 소울실버 (Korea, IPGK, header ROM version 0)",/a/0/5/5,equal,296,296,,,e7a78eccbc02fda3f9630a0f3a9fd5b38688fca097274040b2a69147e70dfcde,e7a78eccbc02fda3f9630a0f3a9fd5b38688fca097274040b2a69147e70dfcde,20,20,,
"포켓몬스터 하트골드 (Korea, IPKK, header ROM version 0)","포켓몬스터 소울실버 (Korea, IPGK, header ROM version 0)",/a/0/5/5,equal,297,297,,,25e6510e2eeafb3a95ae645435fabc40731ac226970ee8242e361d734147dee7,25e6510e2eeafb3a95ae645435fabc40731ac226970ee8242e361d734147dee7,20,20,,
"포켓몬스터 하트골드 (Korea, IPKK, header ROM version 0)","포켓몬스터 소울실버 (Korea, IPGK, header ROM version 0)",/a/0/5/5,equal,298,298,,,e8ceb927cba81ccc86d38bafc49e245f0f50857c284e476f557985c464b33255,e8ceb927cba81ccc86d38bafc49e245f0f50857c284e476f557985c464b33255,20,20,,
"포켓몬스터 하트골드 (Korea, IPKK, header ROM version 0)","포켓몬스터 소울실버 (Korea, IPGK, header ROM version 0)",/a/0/5/5,equal,299,299,,,878510e5b08ae70138cb8e793f19d7dd262c1aa43a797ed53c862f4412ec0756,878510e5b08ae70138cb8e793f19d7dd262c1aa43a797ed53c862f4412ec0756,20,20,,
"포켓몬스터 하트골드 (Korea, IPKK, header ROM version 0)","포켓몬스터 소울실버 (Korea, IPGK, header ROM version 0)",/a/0/5/5,equal,300,300,,,878510e5b08ae70138cb8e793f19d7dd262c1aa43a797ed53c862f4412ec0756,878510e5b08ae70138cb8e793f19d7dd262c1aa43a797ed53c862f4412ec0756,20,20,,
"포켓몬스터 하트골드 (Korea, IPKK, header ROM version 0)","포켓몬스터 소울실버 (Korea, IPGK, header ROM version 0)",/a/0/5/5,equal,301,301,,,901608d8bad16f055541e1036af187c38e07cdc8e939d30840b714cb6731ba00,901608d8bad16f055541e1036af187c38e07cdc8e939d30840b714cb6731ba00,20,20,,
"포켓몬스터 하트골드 (Korea, IPKK, header ROM version 0)","포켓몬스터 소울실버 (Korea, IPGK, header ROM version 0)",/a/0/5/5,equal,302,302,,,7eefd60ce66bac8ec7f692cbcecf217079e853f908e106af2351fa80da08ba2a,7eefd60ce66bac8ec7f692cbcecf217079e853f908e106af2351fa80da08ba2a,20,20,,
"포켓몬스터 하트골드 (Korea, IPKK, header ROM version 0)","포켓몬스터 소울실버 (Korea, IPGK, header ROM version 0)",/a/0/5/5,equal,303,303,,,7eefd60ce66bac8ec7f692cbcecf217079e853f908e106af2351fa80da08ba2a,7eefd60ce66bac8ec7f692cbcecf217079e853f908e106af2351fa80da08ba2a,20,20,,
"포켓몬스터 하트골드 (Korea, IPKK, header ROM version 0)","포켓몬스터 소울실버 (Korea, IPGK, header ROM version 0)",/a/0/5/5,equal,304,304,,,711791ed75a61bbeb904ba837725240a0e6faee2d5b2af7c1cf7a477a5b02f8e,711791ed75a61bbeb904ba837725240a0e6faee2d5b2af7c1cf7a477a5b02f8e,20,20,,
"포켓몬스터 하트골드 (Korea, IPKK, header ROM version 0)","포켓몬스터 소울실버 (Korea, IPGK, header ROM version 0)",/a/0/5/5,equal,305,305,,,711791ed75a61bbeb904ba837725240a0e6faee2d5b2af7c1cf7a477a5b02f8e,711791ed75a61bbeb904ba837725240a0e6faee2d5b2af7c1cf7a477a5b02f8e,20,20,,
"포켓몬스터 하트골드 (Korea, IPKK, header ROM version 0)","포켓몬스터 소울실버 (Korea, IPGK, header ROM version 0)",/a/0/5/5,equal,306,306,,,711791ed75a61bbeb904ba837725240a0e6faee2d5b2af7c1cf7a477a5b02f8e,711791ed75a61bbeb904ba837725240a0e6faee2d5b2af7c1cf7a477a5b02f8e,20,20,,
"포켓몬스터 하트골드 (Korea, IPKK, header ROM version 0)","포켓몬스터 소울실버 (Korea, IPGK, header ROM version 0)",/a/0/5/5,equal,307,307,,,711791ed75a61bbeb904ba837725240a0e6faee2d5b2af7c1cf7a477a5b02f8e,711791ed75a61bbeb904ba837725240a0e6faee2d5b2af7c1cf7a477a5b02f8e,20,20,,
"포켓몬스터 하트골드 (Korea, IPKK, header ROM version 0)","포켓몬스터 소울실버 (Korea, IPGK, header ROM version 0)",/a/0/5/5,equal,308,308,,,4e58ed7bccde784f09aefa295014fd1dd0f9cfc56629c15dd6eaed0915561c39,4e58ed7bccde784f09aefa295014fd1dd0f9cfc56629c15dd6eaed0915561c39,20,20,,
"포켓몬스터 하트골드 (Korea, IPKK, header ROM version 0)","포켓몬스터 소울실버 (Korea, IPGK, header ROM version 0)",/a/0/5/5,equal,309,309,,,580cf403bbb6efb2597f477717e6dc962c683aa381f2a0a93bdc04d710c8f588,580cf403bbb6efb2597f477717e6dc962c683aa381f2a0a93bdc04d710c8f588,20,20,,
"포켓몬스터 하트골드 (Korea, IPKK, header ROM version 0)","포켓몬스터 소울실버 (Korea, IPGK, header ROM version 0)",/a/0/5/5,equal,310,310,,,968e1ca775f6742247206223b2d3838c38914daaaf6c15790833de158fc4305f,968e1ca775f6742247206223b2d3838c38914daaaf6c15790833de158fc4305f,20,20,,
"포켓몬스터 하트골드 (Korea, IPKK, header ROM version 0)","포켓몬스터 소울실버 (Korea, IPGK, header ROM version 0)",/a/0/5/5,equal,311,311,,,326b8f4ea42f79d6b4e8bc3027b675b2de6323f680d40d96daeba6320881cbe1,326b8f4ea42f79d6b4e8bc3027b675b2de6323f680d40d96daeba6320881cbe1,20,20,,
"포켓몬스터 하트골드 (Korea, IPKK, header ROM version 0)","포켓몬스터 소울실버 (Korea, IPGK, header ROM version 0)",/a/0/5/5,equal,312,312,,,a1185f0b25007cfaab378992cad134a5782d27d2bc2efd2f654634dc2bd29337,a1185f0b25007cfaab378992cad134a5782d27d2bc2efd2f654634dc2bd29337,20,20,,
"포켓몬스터 하트골드 (Korea, IPKK, header ROM version 0)","포켓몬스터 소울실버 (Korea, IPGK, header ROM version 0)",/a/0/5/5,equal,313,313,,,968e1ca775f6742247206223b2d3838c38914daaaf6c15790833de158fc4305f,968e1ca775f6742247206223b2d3838c38914daaaf6c15790833de158fc4305f,20,20,,
"포켓몬스터 하트골드 (Korea, IPKK, header ROM version 0)","포켓몬스터 소울실버 (Korea, IPGK, header ROM version 0)",/a/0/5/5,equal,314,314,,,326b8f4ea42f79d6b4e8bc3027b675b2de6323f680d40d96daeba6320881cbe1,326b8f4ea42f79d6b4e8bc3027b675b2de6323f680d40d96daeba6320881cbe1,20,20,,
"포켓몬스터 하트골드 (Korea, IPKK, header ROM version 0)","포켓몬스터 소울실버 (Korea, IPGK, header ROM version 0)",/a/0/5/5,equal,315,315,,,a1185f0b25007cfaab378992cad134a5782d27d2bc2efd2f654634dc2bd29337,a1185f0b25007cfaab378992cad134a5782d27d2bc2efd2f654634dc2bd29337,20,20,,
"포켓몬스터 하트골드 (Korea, IPKK, header ROM version 0)","포켓몬스터 소울실버 (Korea, IPGK, header ROM version 0)",/a/0/5/5,equal,316,316,,,7711b69f206363965d1841c8928971fd6327061cb197f5438c19ac5d4fe624d9,7711b69f206363965d1841c8928971fd6327061cb197f5438c19ac5d4fe624d9,20,20,,
"포켓몬스터 하트골드 (Korea, IPKK, header ROM version 0)","포켓몬스터 소울실버 (Korea, IPGK, header ROM version 0)",/a/0/5/5,equal,317,317,,,fcbb699575f127e049c4b1b5a66b5e12a36a270a7320576cccc57577ac92b851,fcbb699575f127e049c4b1b5a66b5e12a36a270a7320576cccc57577ac92b851,20,20,,
"포켓몬스터 하트골드 (Korea, IPKK, header ROM version 0)","포켓몬스터 소울실버 (Korea, IPGK, header ROM version 0)",/a/0/5/5,equal,318,318,,,a3e5993ab94ef036c01c1429218771e731a50cbc5a54f59bd6b720ee609e80eb,a3e5993ab94ef036c01c1429218771e731a50cbc5a54f59bd6b720ee609e80eb,20,20,,
"포켓몬스터 하트골드 (Korea, IPKK, header ROM version 0)","포켓몬스터 소울실버 (Korea, IPGK, header ROM version 0)",/a/0/5/5,equal,319,319,,,c7eb451748be988722e3509a928d1617e671289e9ea6424297bdcf27964b58fe,c7eb451748be988722e3509a928d1617e671289e9ea6424297bdcf27964b58fe,20,20,,
"포켓몬스터 하트골드 (Korea, IPKK, header ROM version 0)","포켓몬스터 소울실버 (Korea, IPGK, header ROM version 0)",/a/0/5/5,equal,320,320,,,4bf152e3729f864bb48fd6cff7744f4c4036a6e18ab3605cd6ca2d304b248236,4bf152e3729f864bb48fd6cff7744f4c4036a6e18ab3605cd6ca2d304b248236,20,20,,
"포켓몬스터 하트골드 (Korea, IPKK, header ROM version 0)","포켓몬스터 소울실버 (Korea, IPGK, header ROM version 0)",/a/0/5/5,equal,321,321,,,89cadf6c50a617afc1a66ba02dcb1cafd710427bfc98d640e6ba7b9159fa675a,89cadf6c50a617afc1a66ba02dcb1cafd710427bfc98d640e6ba7b9159fa675a,20,20,,
"포켓몬스터 하트골드 (Korea, IPKK, header ROM version 0)","포켓몬스터 소울실버 (Korea, IPGK, header ROM version 0)",/a/0/5/5,equal,322,322,,,89cadf6c50a617afc1a66ba02dcb1cafd710427bfc98d640e6ba7b9159fa675a,89cadf6c50a617afc1a66ba02dcb1cafd710427bfc98d640e6ba7b9159fa675a,20,20,,
"포켓몬스터 하트골드 (Korea, IPKK, header ROM version 0)","포켓몬스터 소울실버 (Korea, IPGK, header ROM version 0)",/a/0/5/5,equal,323,323,,,63f74978c3c77ebd308951b15a8795b762d7a81ae9599249c21c473d9a6378ee,63f74978c3c77ebd308951b15a8795b762d7a81ae9599249c21c473d9a6378ee,20,20,,
"포켓몬스터 하트골드 (Korea, IPKK, header ROM version 0)","포켓몬스터 소울실버 (Korea, IPGK, header ROM version 0)",/a/0/5/5,equal,324,324,,,89cadf6c50a617afc1a66ba02dcb1cafd710427bfc98d640e6ba7b9159fa675a,89cadf6c50a617afc1a66ba02dcb1cafd710427bfc98d640e6ba7b9159fa675a,20,20,,
"포켓몬스터 하트골드 (Korea, IPKK, header ROM version 0)","포켓몬스터 소울실버 (Korea, IPGK, header ROM version 0)",/a/0/5/5,equal,325,325,,,89cadf6c50a617afc1a66ba02dcb1cafd710427bfc98d640e6ba7b9159fa675a,89cadf6c50a617afc1a66ba02dcb1cafd710427bfc98d640e6ba7b9159fa675a,20,20,,
"포켓몬스터 하트골드 (Korea, IPKK, header ROM version 0)","포켓몬스터 소울실버 (Korea, IPGK, header ROM version 0)",/a/0/5/5,equal,326,326,,,fa9078fad7d27aaf90778a2338ee2546034307a45a8c870bbf8ae9e429bd6daf,fa9078fad7d27aaf90778a2338ee2546034307a45a8c870bbf8ae9e429bd6daf,20,20,,
"포켓몬스터 하트골드 (Korea, IPKK, header ROM version 0)","포켓몬스터 소울실버 (Korea, IPGK, header ROM version 0)",/a/0/5/5,equal,327,327,,,6c043ffd1e11a3607d3176bb44721acce55d605aa0bb6232b0bb1ea468eaf7e5,6c043ffd1e11a3607d3176bb44721acce55d605aa0bb6232b0bb1ea468eaf7e5,20,20,,
"포켓몬스터 하트골드 (Korea, IPKK, header ROM version 0)","포켓몬스터 소울실버 (Korea, IPGK, header ROM version 0)",/a/0/5/5,equal,328,328,,,e83723081df7033f72d858bfa7821fbee377c2f8b82a591111e8a641abbd65fa,e83723081df7033f72d858bfa7821fbee377c2f8b82a591111e8a641abbd65fa,20,20,,
"포켓몬스터 하트골드 (Korea, IPKK, header ROM version 0)","포켓몬스터 소울실버 (Korea, IPGK, header ROM version 0)",/a/0/5/5,equal,329,329,,,acc91de27766b24656d048a1b13d951af1d3a83e22c492647bb9436b80812771,acc91de27766b24656d048a1b13d951af1d3a83e22c492647bb9436b80812771,20,20,,
"포켓몬스터 하트골드 (Korea, IPKK, header ROM version 0)","포켓몬스터 소울실버 (Korea, IPGK, header ROM version 0)",/a/0/5/5,equal,330,330,,,7cbf7ae0c3fe9631340f7a61414d504395e4c83abec65534585a87efbd8d6ff8,7cbf7ae0c3fe9631340f7a61414d504395e4c83abec65534585a87efbd8d6ff8,20,20,,
"포켓몬스터 하트골드 (Korea, IPKK, header ROM version 0)","포켓몬스터 소울실버 (Korea, IPGK, header ROM version 0)",/a/0/5/5,equal,331,331,,,6c043ffd1e11a3607d3176bb44721acce55d605aa0bb6232b0bb1ea468eaf7e5,6c043ffd1e11a3607d3176bb44721acce55d605aa0bb6232b0bb1ea468eaf7e5,20,20,,
"포켓몬스터 하트골드 (Korea, IPKK, header ROM version 0)","포켓몬스터 소울실버 (Korea, IPGK, header ROM version 0)",/a/0/5/5,equal,332,332,,,52b67aa276e5c449716fb620e13c6b1d5e76395ecdf40916d44a1b293a865817,52b67aa276e5c449716fb620e13c6b1d5e76395ecdf40916d44a1b293a865817,20,20,,
"포켓몬스터 하트골드 (Korea, IPKK, header ROM version 0)","포켓몬스터 소울실버 (Korea, IPGK, header ROM version 0)",/a/0/5/5,equal,333,333,,,52b67aa276e5c449716fb620e13c6b1d5e76395ecdf40916d44a1b293a865817,52b67aa276e5c449716fb620e13c6b1d5e76395ecdf40916d44a1b293a865817,20,20,,
"포켓몬스터 하트골드 (Korea, IPKK, header ROM version 0)","포켓몬스터 소울실버 (Korea, IPGK, header ROM version 0)",/a/0/5/5,equal,334,334,,,b1f75dfe8cdbf129c8015798754b4297697dfbad799c63c9371edbc4da4ad1c7,b1f75dfe8cdbf129c8015798754b4297697dfbad799c63c9371edbc4da4ad1c7,20,20,,
"포켓몬스터 하트골드 (Korea, IPKK, header ROM version 0)","포켓몬스터 소울실버 (Korea, IPGK, header ROM version 0)",/a/0/5/5,equal,335,335,,,52b67aa276e5c449716fb620e13c6b1d5e76395ecdf40916d44a1b293a865817,52b67aa276e5c449716fb620e13c6b1d5e76395ecdf40916d44a1b293a865817,20,20,,
"포켓몬스터 하트골드 (Korea, IPKK, header ROM version 0)","포켓몬스터 소울실버 (Korea, IPGK, header ROM version 0)",/a/0/5/5,equal,336,336,,,d0cdeefd9ccd262fda25cf1029d814263fb4911a3c5a821b61ac3d7b7389fc13,d0cdeefd9ccd262fda25cf1029d814263fb4911a3c5a821b61ac3d7b7389fc13,20,20,,
"포켓몬스터 하트골드 (Korea, IPKK, header ROM version 0)","포켓몬스터 소울실버 (Korea, IPGK, header ROM version 0)",/a/0/5/5,equal,337,337,,,74d13bbd4515f8f7d706cdc0ba461c72d69ba83e81ce20d3b899dca1f6b96e23,74d13bbd4515f8f7d706cdc0ba461c72d69ba83e81ce20d3b899dca1f6b96e23,20,20,,
"포켓몬스터 하트골드 (Korea, IPKK, header ROM version 0)","포켓몬스터 소울실버 (Korea, IPGK, header ROM version 0)",/a/0/5/5,equal,338,338,,,17a03c1062225f80ab447249f2671ba4ea35fcf1a51fc99258b9148e22ff2cdd,17a03c1062225f80ab447249f2671ba4ea35fcf1a51fc99258b9148e22ff2cdd,20,20,,
"포켓몬스터 하트골드 (Korea, IPKK, header ROM version 0)","포켓몬스터 소울실버 (Korea, IPGK, header ROM version 0)",/a/0/5/5,equal,339,339,,,9206d8a9accdfaac3f07ce7ef481dcc5696a2e2a1b906178fee0e083f392f13b,9206d8a9accdfaac3f07ce7ef481dcc5696a2e2a1b906178fee0e083f392f13b,20,20,,
"포켓몬스터 하트골드 (Korea, IPKK, header ROM version 0)","포켓몬스터 소울실버 (Korea, IPGK, header ROM version 0)",/a/0/5/5,equal,340,340,,,f4b3515d9b78f862d111bfd9aa2b0a3660ef1dcabbbf170214f794af7f8adc75,f4b3515d9b78f862d111bfd9aa2b0a3660ef1dcabbbf170214f794af7f8adc75,20,20,,
"포켓몬스터 하트골드 (Korea, IPKK, header ROM version 0)","포켓몬스터 소울실버 (Korea, IPGK, header ROM version 0)",/a/0/5/5,equal,341,341,,,f4b3515d9b78f862d111bfd9aa2b0a3660ef1dcabbbf170214f794af7f8adc75,f4b3515d9b78f862d111bfd9aa2b0a3660ef1dcabbbf170214f794af7f8adc75,20,20,,
"포켓몬스터 하트골드 (Korea, IPKK, header ROM version 0)","포켓몬스터 소울실버 (Korea, IPGK, header ROM version 0)",/a/0/5/5,equal,342,342,,,f4b3515d9b78f862d111bfd9aa2b0a3660ef1dcabbbf170214f794af7f8adc75,f4b3515d9b78f862d111bfd9aa2b0a3660ef1dcabbbf170214f794af7f8adc75,20,20,,
"포켓몬스터 하트골드 (Korea, IPKK, header ROM version 0)","포켓몬스터 소울실버 (Korea, IPGK, header ROM version 0)",/a/0/5/5,equal,343,343,,,f4b3515d9b78f862d111bfd9aa2b0a3660ef1dcabbbf170214f794af7f8adc75,f4b3515d9b78f862d111bfd9aa2b0a3660ef1dcabbbf170214f794af7f8adc75,20,20,,
"포켓몬스터 하트골드 (Korea, IPKK, header ROM version 0)","포켓몬스터 소울실버 (Korea, IPGK, header ROM version 0)",/a/0/5/5,equal,344,344,,,f4b3515d9b78f862d111bfd9aa2b0a3660ef1dcabbbf170214f794af7f8adc75,f4b3515d9b78f862d111bfd9aa2b0a3660ef1dcabbbf170214f794af7f8adc75,20,20,,
"포켓몬스터 하트골드 (Korea, IPKK, header ROM version 0)","포켓몬스터 소울실버 (Korea, IPGK, header ROM version 0)",/a/0/5/5,equal,345,345,,,f4b3515d9b78f862d111bfd9aa2b0a3660ef1dcabbbf170214f794af7f8adc75,f4b3515d9b78f862d111bfd9aa2b0a3660ef1dcabbbf170214f794af7f8adc75,20,20,,
"포켓몬스터 하트골드 (Korea, IPKK, header ROM version 0)","포켓몬스터 소울실버 (Korea, IPGK, header ROM version 0)",/a/0/5/5,equal,346,346,,,1e7939b543578269199139b9e08fd8f4de65ab708f65bd6d664f796e029dce3b,1e7939b543578269199139b9e08fd8f4de65ab708f65bd6d664f796e029dce3b,20,20,,
"포켓몬스터 하트골드 (Korea, IPKK, header ROM version 0)","포켓몬스터 소울실버 (Korea, IPGK, header ROM version 0)",/a/0/5/5,equal,347,347,,,f4b3515d9b78f862d111bfd9aa2b0a3660ef1dcabbbf170214f794af7f8adc75,f4b3515d9b78f862d111bfd9aa2b0a3660ef1dcabbbf170214f794af7f8adc75,20,20,,
"포켓몬스터 하트골드 (Korea, IPKK, header ROM version 0)","포켓몬스터 소울실버 (Korea, IPGK, header ROM version 0)",/a/0/5/5,equal,348,348,,,d9cd34f1b31e3cd173ff1cdacfda5ab219dad3d9f865d2ffba1a826666d9ec84,d9cd34f1b31e3cd173ff1cdacfda5ab219dad3d9f865d2ffba1a826666d9ec84,20,20,,
"포켓몬스터 하트골드 (Korea, IPKK, header ROM version 0)","포켓몬스터 소울실버 (Korea, IPGK, header ROM version 0)",/a/0/5/5,equal,349,349,,,118f3e83d6ed679497bfbab7e5cd5100b557a1bc50129fc108f7f55296773fe7,118f3e83d6ed679497bfbab7e5cd5100b557a1bc50129fc108f7f55296773fe7,20,20,,
"포켓몬스터 하트골드 (Korea, IPKK, header ROM version 0)","포켓몬스터 소울실버 (Korea, IPGK, header ROM version 0)",/a/0/5/5,equal,350,350,,,08990223705c9c11d5eae460dd6106b1020d83d8bb9532aafda09072b0e771a9,08990223705c9c11d5eae460dd6106b1020d83d8bb9532aafda09072b0e771a9,20,20,,
"포켓몬스터 하트골드 (Korea, IPKK, header ROM version 0)","포켓몬스터 소울실버 (Korea, IPGK, header ROM version 0)",/a/0/5/5,equal,351,351,,,d9cd34f1b31e3cd173ff1cdacfda5ab219dad3d9f865d2ffba1a826666d9ec84,d9cd34f1b31e3cd173ff1cdacfda5ab219dad3d9f865d2ffba1a826666d9ec84,20,20,,
"포켓몬스터 하트골드 (Korea, IPKK, header ROM version 0)","포켓몬스터 소울실버 (Korea, IPGK, header ROM version 0)",/a/0/5/5,equal,352,352,,,40e5b0e48f220157a0157a4d56204e70fe863f0523cb378d1285cf7631d06411,40e5b0e48f220157a0157a4d56204e70fe863f0523cb378d1285cf7631d06411,20,20,,
"포켓몬스터 하트골드 (Korea, IPKK, header ROM version 0)","포켓몬스터 소울실버 (Korea, IPGK, header ROM version 0)",/a/0/5/5,equal,353,353,,,a874a77e2d20414882496bc77cdc47778f14ab88752d7dea89959999984d3eb6,a874a77e2d20414882496bc77cdc47778f14ab88752d7dea89959999984d3eb6,20,20,,
"포켓몬스터 하트골드 (Korea, IPKK, header ROM version 0)","포켓몬스터 소울실버 (Korea, IPGK, header ROM version 0)",/a/0/5/5,equal,354,354,,,d051c6a3c4f4a6c635a5e9daff35a4478058d6cd83663923706bf5441b29c376,d051c6a3c4f4a6c635a5e9daff35a4478058d6cd83663923706bf5441b29c376,20,20,,
"포켓몬스터 하트골드 (Korea, IPKK, header ROM version 0)","포켓몬스터 소울실버 (Korea, IPGK, header ROM version 0)",/a/0/5/5,equal,355,355,,,144816dedf1ab7924097d3ea11721cb3fb38240a6bac29b122ae01d4894195d6,144816dedf1ab7924097d3ea11721cb3fb38240a6bac29b122ae01d4894195d6,20,20,,
"포켓몬스터 하트골드 (Korea, IPKK, header ROM version 0)","포켓몬스터 소울실버 (Korea, IPGK, header ROM version 0)",/a/0/5/5,equal,356,356,,,9ace1b5d836a6969fe7cb1e6344efa21b906c522f2b7558ecd0b3100a2ab8be0,9ace1b5d836a6969fe7cb1e6344efa21b906c522f2b7558ecd0b3100a2ab8be0,20,20,,
"포켓몬스터 하트골드 (Korea, IPKK, header ROM version 0)","포켓몬스터 소울실버 (Korea, IPGK, header ROM version 0)",/a/0/5/5,equal,357,357,,,af9c152be51774c02a69ded3f4eee22c50e801c4207707457d0307cf9f003328,af9c152be51774c02a69ded3f4eee22c50e801c4207707457d0307cf9f003328,20,20,,
"포켓몬스터 하트골드 (Korea, IPKK, header ROM version 0)","포켓몬스터 소울실버 (Korea, IPGK, header ROM version 0)",/a/0/5/5,equal,358,358,,,840efda5ef7497e8e0f78a9cab7d4c48b4dd6a5e19571dc7196bc8d70fb11351,840efda5ef7497e8e0f78a9cab7d4c48b4dd6a5e19571dc7196bc8d70fb11351,20,20,,
"포켓몬스터 하트골드 (Korea, IPKK, header ROM version 0)","포켓몬스터 소울실버 (Korea, IPGK, header ROM version 0)",/a/0/5/5,equal,359,359,,,c83521a0a4318b472964648cac3b11347a57227ad1193815f7dec38cbe70be68,c83521a0a4318b472964648cac3b11347a57227ad1193815f7dec38cbe70be68,20,20,,
"포켓몬스터 하트골드 (Korea, IPKK, header ROM version 0)","포켓몬스터 소울실버 (Korea, IPGK, header ROM version 0)",/a/0/5/5,equal,360,360,,,f14fda7fee5d224c2a48a5e95b5730b30308212ef4e44767705ad41bd9feae88,f14fda7fee5d224c2a48a5e95b5730b30308212ef4e44767705ad41bd9feae88,20,20,,
"포켓몬스터 하트골드 (Korea, IPKK, header ROM version 0)","포켓몬스터 소울실버 (Korea, IPGK, header ROM version 0)",/a/0/5/5,equal,361,361,,,c0a17457076bc8e1a1e42696d51977124b6589ead42e4abdd4ef5f22e29d6fec,c0a17457076bc8e1a1e42696d51977124b6589ead42e4abdd4ef5f22e29d6fec,20,20,,
"포켓몬스터 하트골드 (Korea, IPKK, header ROM version 0)","포켓몬스터 소울실버 (Korea, IPGK, header ROM version 0)",/a/0/5/5,equal,362,362,,,9c65f85067b7c5a43cf4f9c1d8354ae00fc9157b2250031350a0040664b5edde,9c65f85067b7c5a43cf4f9c1d8354ae00fc9157b2250031350a0040664b5edde,20,20,,
"포켓몬스터 하트골드 (Korea, IPKK, header ROM version 0)","포켓몬스터 소울실버 (Korea, IPGK, header ROM version 0)",/a/0/5/5,equal,363,363,,,55e848fe074a57df65f18edb8fd02dad8a225331b94dc09936680b883de3d7bc,55e848fe074a57df65f18edb8fd02dad8a225331b94dc09936680b883de3d7bc,20,20,,
"포켓몬스터 하트골드 (Korea, IPKK, header ROM version 0)","포켓몬스터 소울실버 (Korea, IPGK, header ROM version 0)",/a/0/5/5,equal,364,364,,,8c3a330fd687bb005869a4c6fcf912acca5b6b742bc9f58cfceffd85e8ee901b,8c3a330fd687bb005869a4c6fcf912acca5b6b742bc9f58cfceffd85e8ee901b,20,20,,
"포켓몬스터 하트골드 (Korea, IPKK, header ROM version 0)","포켓몬스터 소울실버 (Korea, IPGK, header ROM version 0)",/a/0/5/5,equal,365,365,,,df54d99c99b97bbdbb98c90920b16a14baeb0c4c89af1776765ad6aac487134f,df54d99c99b97bbdbb98c90920b16a14baeb0c4c89af1776765ad6aac487134f,20,20,,
"포켓몬스터 하트골드 (Korea, IPKK, header ROM version 0)","포켓몬스터 소울실버 (Korea, IPGK, header ROM version 0)",/a/0/5/5,equal,366,366,,,b21f3c7711c5a414b799ebbfdebb1dc7c5a7130abec9242e69e1dfa70f09e975,b21f3c7711c5a414b799ebbfdebb1dc7c5a7130abec9242e69e1dfa70f09e975,20,20,,
"포켓몬스터 하트골드 (Korea, IPKK, header ROM version 0)","포켓몬스터 소울실버 (Korea, IPGK, header ROM version 0)",/a/0/5/5,equal,367,367,,,87f2425e04638e3b2b64a42db39730804345b0fc5fadb3c7d9dd7cb4396a96dd,87f2425e04638e3b2b64a42db39730804345b0fc5fadb3c7d9dd7cb4396a96dd,20,20,,
"포켓몬스터 하트골드 (Korea, IPKK, header ROM version 0)","포켓몬스터 소울실버 (Korea, IPGK, header ROM version 0)",/a/0/5/5,equal,368,368,,,588d807f37288943221bf04076c1206510185cdd9c61c9e5a1995e0aee6826c3,588d807f37288943221bf04076c1206510185cdd9c61c9e5a1995e0aee6826c3,20,20,,
"포켓몬스터 하트골드 (Korea, IPKK, header ROM version 0)","포켓몬스터 소울실버 (Korea, IPGK, header ROM version 0)",/a/0/5/5,equal,369,369,,,c2b29b6b522581640c48ecccebe633252c61d5f918cc56932a23b03f7fd535c0,c2b29b6b522581640c48ecccebe633252c61d5f918cc56932a23b03f7fd535c0,20,20,,
"포켓몬스터 하트골드 (Korea, IPKK, header ROM version 0)","포켓몬스터 소울실버 (Korea, IPGK, header ROM version 0)",/a/0/5/5,equal,370,370,,,76ea4ad93277ea376658c7c6b4de635619a33b613c93243a7e01251c736ab1fc,76ea4ad93277ea376658c7c6b4de635619a33b613c93243a7e01251c736ab1fc,20,20,,
"포켓몬스터 하트골드 (Korea, IPKK, header ROM version 0)","포켓몬스터 소울실버 (Korea, IPGK, header ROM version 0)",/a/0/5/5,equal,371,371,,,18511ef3fcbdb61024a8d40e95f835a09724b352c64766988d93a01d1aaaba83,18511ef3fcbdb61024a8d40e95f835a09724b352c64766988d93a01d1aaaba83,20,20,,
"포켓몬스터 하트골드 (Korea, IPKK, header ROM version 0)","포켓몬스터 소울실버 (Korea, IPGK, header ROM version 0)",/a/0/5/5,equal,372,372,,,e20f2e3148fdb3960e83b5ab7dce6e512dc95d2a8959fb567afe47a1afa27ab9,e20f2e3148fdb3960e83b5ab7dce6e512dc95d2a8959fb567afe47a1afa27ab9,20,20,,
"포켓몬스터 하트골드 (Korea, IPKK, header ROM version 0)","포켓몬스터 소울실버 (Korea, IPGK, header ROM version 0)",/a/0/5/5,equal,373,373,,,460940d8595acbd38f227a8ad7c8369b5791f35063afeb7a5edabae3f87f99f1,460940d8595acbd38f227a8ad7c8369b5791f35063afeb7a5edabae3f87f99f1,20,20,,
"포켓몬스터 하트골드 (Korea, IPKK, header ROM version 0)","포켓몬스터 소울실버 (Korea, IPGK, header ROM version 0)",/a/0/5/5,equal,374,374,,,b0c027f77436e3229322cea5d14832b5004c62297529952e5290f0ab55db21c6,b0c027f77436e3229322cea5d14832b5004c62297529952e5290f0ab55db21c6,20,20,,
"포켓몬스터 하트골드 (Korea, IPKK, header ROM version 0)","포켓몬스터 소울실버 (Korea, IPGK, header ROM version 0)",/a/0/5/5,equal,375,375,,,e20f2e3148fdb3960e83b5ab7dce6e512dc95d2a8959fb567afe47a1afa27ab9,e20f2e3148fdb3960e83b5ab7dce6e512dc95d2a8959fb567afe47a1afa27ab9,20,20,,
"포켓몬스터 하트골드 (Korea, IPKK, header ROM version 0)","포켓몬스터 소울실버 (Korea, IPGK, header ROM version 0)",/a/0/5/5,equal,376,376,,,e20f2e3148fdb3960e83b5ab7dce6e512dc95d2a8959fb567afe47a1afa27ab9,e20f2e3148fdb3960e83b5ab7dce6e512dc95d2a8959fb567afe47a1afa27ab9,20,20,,
"포켓몬스터 하트골드 (Korea, IPKK, header ROM version 0)","포켓몬스터 소울실버 (Korea, IPGK, header ROM version 0)",/a/0/5/5,equal,377,377,,,b0c027f77436e3229322cea5d14832b5004c62297529952e5290f0ab55db21c6,b0c027f77436e3229322cea5d14832b5004c62297529952e5290f0ab55db21c6,20,20,,
"포켓몬스터 하트골드 (Korea, IPKK, header ROM version 0)","포켓몬스터 소울실버 (Korea, IPGK, header ROM version 0)",/a/0/5/5,equal,378,378,,,3c86304a567a2975c454332ba5fe0d4f16097472c2366e6c732f8dcf5b6cf2af,3c86304a567a2975c454332ba5fe0d4f16097472c2366e6c732f8dcf5b6cf2af,20,20,,
"포켓몬스터 하트골드 (Korea, IPKK, header ROM version 0)","포켓몬스터 소울실버 (Korea, IPGK, header ROM version 0)",/a/0/5/5,equal,379,379,,,66bf5382df7b63b6150d8bd847f6a74850b5bca674a4905257f9bff8b2cc9670,66bf5382df7b63b6150d8bd847f6a74850b5bca674a4905257f9bff8b2cc9670,20,20,,
"포켓몬스터 하트골드 (Korea, IPKK, header ROM version 0)","포켓몬스터 소울실버 (Korea, IPGK, header ROM version 0)",/a/0/5/5,equal,380,380,,,3aa288e7276ca2043180f99a8696d3d92ea66618e3bd155744c8d428d0df1f17,3aa288e7276ca2043180f99a8696d3d92ea66618e3bd155744c8d428d0df1f17,20,20,,
"포켓몬스터 하트골드 (Korea, IPKK, header ROM version 0)","포켓몬스터 소울실버 (Korea, IPGK, header ROM version 0)",/a/0/5/5,equal,381,381,,,3c86304a567a2975c454332ba5fe0d4f16097472c2366e6c732f8dcf5b6cf2af,3c86304a567a2975c454332ba5fe0d4f16097472c2366e6c732f8dcf5b6cf2af,20,20,,
"포켓몬스터 하트골드 (Korea, IPKK, header ROM version 0)","포켓몬스터 소울실버 (Korea, IPGK, header ROM version 0)",/a/0/5/5,equal,382,382,,,ea758a9a90c0d582779d0015206e36f708f2d8469667c642691c12d75aa472bd,ea758a9a90c0d582779d0015206e36f708f2d8469667c642691c12d75aa472bd,20,20,,
"포켓몬스터 하트골드 (Korea, IPKK, header ROM version 0)","포켓몬스터 소울실버 (Korea, IPGK, header ROM version 0)",/a/0/5/5,equal,383,383,,,901608d8bad16f055541e1036af187c38e07cdc8e939d30840b714cb6731ba00,901608d8bad16f055541e1036af187c38e07cdc8e939d30840b714cb6731ba00,20,20,,
"포켓몬스터 하트골드 (Korea, IPKK, header ROM version 0)","포켓몬스터 소울실버 (Korea, IPGK, header ROM version 0)",/a/0/5/5,equal,384,384,,,c83521a0a4318b472964648cac3b11347a57227ad1193815f7dec38cbe70be68,c83521a0a4318b472964648cac3b11347a57227ad1193815f7dec38cbe70be68,20,20,,
"포켓몬스터 하트골드 (Korea, IPKK, header ROM version 0)","포켓몬스터 소울실버 (Korea, IPGK, header ROM version 0)",/a/0/5/5,equal,385,385,,,8379eff1de0d54863bcabde2c6b9290d79a6960884ff57b21b562c56508f4871,8379eff1de0d54863bcabde2c6b9290d79a6960884ff57b21b562c56508f4871,20,20,,
"포켓몬스터 하트골드 (Korea, IPKK, header ROM version 0)","포켓몬스터 소울실버 (Korea, IPGK, header ROM version 0)",/a/0/5/5,equal,386,386,,,fcbb699575f127e049c4b1b5a66b5e12a36a270a7320576cccc57577ac92b851,fcbb699575f127e049c4b1b5a66b5e12a36a270a7320576cccc57577ac92b851,20,20,,
"포켓몬스터 하트골드 (Korea, IPKK, header ROM version 0)","포켓몬스터 소울실버 (Korea, IPGK, header ROM version 0)",/a/0/5/5,equal,387,387,,,8379eff1de0d54863bcabde2c6b9290d79a6960884ff57b21b562c56508f4871,8379eff1de0d54863bcabde2c6b9290d79a6960884ff57b21b562c56508f4871,20,20,,
"포켓몬스터 하트골드 (Korea, IPKK, header ROM version 0)","포켓몬스터 소울실버 (Korea, IPGK, header ROM version 0)",/a/0/5/5,equal,388,388,,,c7eb451748be988722e3509a928d1617e671289e9ea6424297bdcf27964b58fe,c7eb451748be988722e3509a928d1617e671289e9ea6424297bdcf27964b58fe,20,20,,
"포켓몬스터 하트골드 (Korea, IPKK, header ROM version 0)","포켓몬스터 소울실버 (Korea, IPGK, header ROM version 0)",/a/0/5/5,equal,389,389,,,82bc89c902ed9ff91ae5b4718d767bf20a67b6788d048a852a5d189f9793feaf,82bc89c902ed9ff91ae5b4718d767bf20a67b6788d048a852a5d189f9793feaf,20,20,,
"포켓몬스터 하트골드 (Korea, IPKK, header ROM version 0)","포켓몬스터 소울실버 (Korea, IPGK, header ROM version 0)",/a/0/5/5,equal,390,390,,,09cb166f3f0aa5d8793e3da8adf96b84d176c9c5b5ccda7cfec21302d34a7a3a,09cb166f3f0aa5d8793e3da8adf96b84d176c9c5b5ccda7cfec21302d34a7a3a,20,20,,
"포켓몬스터 하트골드 (Korea, IPKK, header ROM version 0)","포켓몬스터 소울실버 (Korea, IPGK, header ROM version 0)",/a/0/5/5,equal,391,391,,,132e4b15abefe62030dcff7200530b3358954062d9236c91c0f56886ce913d8c,132e4b15abefe62030dcff7200530b3358954062d9236c91c0f56886ce913d8c,20,20,,
"포켓몬스터 하트골드 (Korea, IPKK, header ROM version 0)","포켓몬스터 소울실버 (Korea, IPGK, header ROM version 0)",/a/0/5/5,equal,392,392,,,386908a44f907f91315730569940c83382bacc4544d1b4d2e9d75d615079b14b,386908a44f907f91315730569940c83382bacc4544d1b4d2e9d75d615079b14b,20,20,,
"포켓몬스터 하트골드 (Korea, IPKK, header ROM version 0)","포켓몬스터 소울실버 (Korea, IPGK, header ROM version 0)",/a/0/5/5,equal,393,393,,,b594f2deb1d1ec808ab945597e07132cb13a7ee63933edaa1b1b738792abd6dc,b594f2deb1d1ec808ab945597e07132cb13a7ee63933edaa1b1b738792abd6dc,20,20,,
"포켓몬스터 하트골드 (Korea, IPKK, header ROM version 0)","포켓몬스터 소울실버 (Korea, IPGK, header ROM version 0)",/a/0/5/5,equal,394,394,,,123f3858a96b294b5a8aab1460c1154423fb2e967fd158016f2934fc84f2819c,123f3858a96b294b5a8aab1460c1154423fb2e967fd158016f2934fc84f2819c,20,20,,
"포켓몬스터 하트골드 (Korea, IPKK, header ROM version 0)","포켓몬스터 소울실버 (Korea, IPGK, header ROM version 0)",/a/0/5/5,equal,395,395,,,7711b69f206363965d1841c8928971fd6327061cb197f5438c19ac5d4fe624d9,7711b69f206363965d1841c8928971fd6327061cb197f5438c19ac5d4fe624d9,20,20,,
"포켓몬스터 하트골드 (Korea, IPKK, header ROM version 0)","포켓몬스터 소울실버 (Korea, IPGK, header ROM version 0)",/a/0/5/5,equal,396,396,,,fbe85d9dfa6c2b8f13ed26afa2e51d0f734eb15017b0026808a9a9984e66efe1,fbe85d9dfa6c2b8f13ed26afa2e51d0f734eb15017b0026808a9a9984e66efe1,20,20,,
"포켓몬스터 하트골드 (Korea, IPKK, header ROM version 0)","포켓몬스터 소울실버 (Korea, IPGK, header ROM version 0)",/a/0/5/5,equal,397,397,,,abc416677722e00b8dd25b7dc86376e901662b2549cd3e8d4c328b1af4699be2,abc416677722e00b8dd25b7dc86376e901662b2549cd3e8d4c328b1af4699be2,20,20,,
"포켓몬스터 하트골드 (Korea, IPKK, header ROM version 0)","포켓몬스터 소울실버 (Korea, IPGK, header ROM version 0)",/a/0/5/5,equal,398,398,,,571ad93b7d058f1b4ce57b9b916b04e39d5f4db6f77412dce5b9e82c84171a96,571ad93b7d058f1b4ce57b9b916b04e39d5f4db6f77412dce5b9e82c84171a96,20,20,,
"포켓몬스터 하트골드 (Korea, IPKK, header ROM version 0)","포켓몬스터 소울실버 (Korea, IPGK, header ROM version 0)",/a/0/5/5,equal,399,399,,,1336d200a7cb7e6b8a429657e8bbb628032053c546c2a182814b01979e9dd364,1336d200a7cb7e6b8a429657e8bbb628032053c546c2a182814b01979e9dd364,20,20,,
"포켓몬스터 하트골드 (Korea, IPKK, header ROM version 0)","포켓몬스터 소울실버 (Korea, IPGK, header ROM version 0)",/a/0/5/5,equal,400,400,,,7c31be2dd10fc308aa59739ee9a00ceb5094b612af142ed146ace3e007b3051d,7c31be2dd10fc308aa59739ee9a00ceb5094b612af142ed146ace3e007b3051d,20,20,,
"포켓몬스터 하트골드 (Korea, IPKK, header ROM version 0)","포켓몬스터 소울실버 (Korea, IPGK, header ROM version 0)",/a/0/5/5,equal,401,401,,,17a03c1062225f80ab447249f2671ba4ea35fcf1a51fc99258b9148e22ff2cdd,17a03c1062225f80ab447249f2671ba4ea35fcf1a51fc99258b9148e22ff2cdd,20,20,,
"포켓몬스터 하트골드 (Korea, IPKK, header ROM version 0)","포켓몬스터 소울실버 (Korea, IPGK, header ROM version 0)",/a/0/5/5,equal,402,402,,,d0cdeefd9ccd262fda25cf1029d814263fb4911a3c5a821b61ac3d7b7389fc13,d0cdeefd9ccd262fda25cf1029d814263fb4911a3c5a821b61ac3d7b7389fc13,20,20,,
"포켓몬스터 하트골드 (Korea, IPKK, header ROM version 0)","포켓몬스터 소울실버 (Korea, IPGK, header ROM version 0)",/a/0/5/5,equal,403,403,,,1e31dff30577a84078f5b22c2cae2fbba754d699fdff35eb11ffd9504b768d6c,1e31dff30577a84078f5b22c2cae2fbba754d699fdff35eb11ffd9504b768d6c,20,20,,
"포켓몬스터 하트골드 (Korea, IPKK, header ROM version 0)","포켓몬스터 소울실버 (Korea, IPGK, header ROM version 0)",/a/0/5/5,equal,404,404,,,51dd2a9b3925a064049bfa06fe144a49923906e5199c445d54046120a73b4f8f,51dd2a9b3925a064049bfa06fe144a49923906e5199c445d54046120a73b4f8f,20,20,,
"포켓몬스터 하트골드 (Korea, IPKK, header ROM version 0)","포켓몬스터 소울실버 (Korea, IPGK, header ROM version 0)",/a/0/5/5,equal,405,405,,,82bc89c902ed9ff91ae5b4718d767bf20a67b6788d048a852a5d189f9793feaf,82bc89c902ed9ff91ae5b4718d767bf20a67b6788d048a852a5d189f9793feaf,20,20,,
"포켓몬스터 하트골드 (Korea, IPKK, header ROM version 0)","포켓몬스터 소울실버 (Korea, IPGK, header ROM version 0)",/a/0/5/5,equal,406,406,,,0e56ec8a32f4c97f92991a7d22a26e29424620f8f56aad84228306be657bbb2a,0e56ec8a32f4c97f92991a7d22a26e29424620f8f56aad84228306be657bbb2a,20,20,,
"포켓몬스터 하트골드 (Korea, IPKK, header ROM version 0)","포켓몬스터 소울실버 (Korea, IPGK, header ROM version 0)",/a/0/5/5,equal,407,407,,,316484c2c0e16e48f8a4bb02a6d5d2c96a9a0787351c0b6dd7ae13c6d6212424,316484c2c0e16e48f8a4bb02a6d5d2c96a9a0787351c0b6dd7ae13c6d6212424,20,20,,
"포켓몬스터 하트골드 (Korea, IPKK, header ROM version 0)","포켓몬스터 소울실버 (Korea, IPGK, header ROM version 0)",/a/0/5/5,equal,408,408,,,1c25a04e193861417a33cec1eb68f1a2457036075950d34af7f975d7833cb567,1c25a04e193861417a33cec1eb68f1a2457036075950d34af7f975d7833cb567,20,20,,
"포켓몬스터 하트골드 (Korea, IPKK, header ROM version 0)","포켓몬스터 소울실버 (Korea, IPGK, header ROM version 0)",/a/0/5/5,equal,409,409,,,22970985609404c6f3f16e8dfe99932783f018bbfac013586914e21789da87ad,22970985609404c6f3f16e8dfe99932783f018bbfac013586914e21789da87ad,20,20,,
"포켓몬스터 하트골드 (Korea, IPKK, header ROM version 0)","포켓몬스터 소울실버 (Korea, IPGK, header ROM version 0)",/a/0/5/5,equal,410,410,,,10d0603ca39e1440e02448eb5907caf1a71c51f9796bc05de45f960d27b20c5d,10d0603ca39e1440e02448eb5907caf1a71c51f9796bc05de45f960d27b20c5d,20,20,,
"포켓몬스터 하트골드 (Korea, IPKK, header ROM version 0)","포켓몬스터 소울실버 (Korea, IPGK, header ROM version 0)",/a/0/5/5,equal,411,411,,,0623f49df5f19a89f9759d87336574cc8794a00ea094b3644f2929266d94a0bf,0623f49df5f19a89f9759d87336574cc8794a00ea094b3644f2929266d94a0bf,20,20,,
"포켓몬스터 하트골드 (Korea, IPKK, header ROM version 0)","포켓몬스터 소울실버 (Korea, IPGK, header ROM version 0)",/a/0/5/5,equal,412,412,,,34791d6abbef61b9a0b2a16bbd419cb2c3c7f7f90cb56a97a5e25ab7ac1d02d5,34791d6abbef61b9a0b2a16bbd419cb2c3c7f7f90cb56a97a5e25ab7ac1d02d5,20,20,,
"포켓몬스터 하트골드 (Korea, IPKK, header ROM version 0)","포켓몬스터 소울실버 (Korea, IPGK, header ROM version 0)",/a/0/5/5,equal,413,413,,,dec6ff08257036a84ee23e48dfe2d583a25b8d07e8da534b3847c2db66276800,dec6ff08257036a84ee23e48dfe2d583a25b8d07e8da534b3847c2db66276800,20,20,,
"포켓몬스터 하트골드 (Korea, IPKK, header ROM version 0)","포켓몬스터 소울실버 (Korea, IPGK, header ROM version 0)",/a/0/5/5,equal,414,414,,,7eefd60ce66bac8ec7f692cbcecf217079e853f908e106af2351fa80da08ba2a,7eefd60ce66bac8ec7f692cbcecf217079e853f908e106af2351fa80da08ba2a,20,20,,
"포켓몬스터 하트골드 (Korea, IPKK, header ROM version 0)","포켓몬스터 소울실버 (Korea, IPGK, header ROM version 0)",/a/0/5/5,equal,415,415,,,7711b69f206363965d1841c8928971fd6327061cb197f5438c19ac5d4fe624d9,7711b69f206363965d1841c8928971fd6327061cb197f5438c19ac5d4fe624d9,20,20,,
"포켓몬스터 하트골드 (Korea, IPKK, header ROM version 0)","포켓몬스터 소울실버 (Korea, IPGK, header ROM version 0)",/a/0/5/5,equal,416,416,,,fa9078fad7d27aaf90778a2338ee2546034307a45a8c870bbf8ae9e429bd6daf,fa9078fad7d27aaf90778a2338ee2546034307a45a8c870bbf8ae9e429bd6daf,20,20,,
"포켓몬스터 하트골드 (Korea, IPKK, header ROM version 0)","포켓몬스터 소울실버 (Korea, IPGK, header ROM version 0)",/a/0/5/5,equal,417,417,,,06cbb4a173838a41747630b527e5962058d68f69e72049478c72ec12328b746f,06cbb4a173838a41747630b527e5962058d68f69e72049478c72ec12328b746f,20,20,,
"포켓몬스터 하트골드 (Korea, IPKK, header ROM version 0)","포켓몬스터 소울실버 (Korea, IPGK, header ROM version 0)",/a/0/5/5,equal,418,418,,,0a8501aca8288810fb6d9a2916981421df979b39c592b43eae8336d7267fa38b,0a8501aca8288810fb6d9a2916981421df979b39c592b43eae8336d7267fa38b,20,20,,
"포켓몬스터 하트골드 (Korea, IPKK, header ROM version 0)","포켓몬스터 소울실버 (Korea, IPGK, header ROM version 0)",/a/0/5/5,equal,419,419,,,aa039a09f0f48fdc9cbcfdf57b22741f7d661e09917854495b4da5abe6572c08,aa039a09f0f48fdc9cbcfdf57b22741f7d661e09917854495b4da5abe6572c08,20,20,,
"포켓몬스터 하트골드 (Korea, IPKK, header ROM version 0)","포켓몬스터 소울실버 (Korea, IPGK, header ROM version 0)",/a/0/5/5,equal,420,420,,,7eefd60ce66bac8ec7f692cbcecf217079e853f908e106af2351fa80da08ba2a,7eefd60ce66bac8ec7f692cbcecf217079e853f908e106af2351fa80da08ba2a,20,20,,
"포켓몬스터 하트골드 (Korea, IPKK, header ROM version 0)","포켓몬스터 소울실버 (Korea, IPGK, header ROM version 0)",/a/0/5/5,equal,421,421,,,878510e5b08ae70138cb8e793f19d7dd262c1aa43a797ed53c862f4412ec0756,878510e5b08ae70138cb8e793f19d7dd262c1aa43a797ed53c862f4412ec0756,20,20,,
"포켓몬스터 하트골드 (Korea, IPKK, header ROM version 0)","포켓몬스터 소울실버 (Korea, IPGK, header ROM version 0)",/a/0/5/5,equal,422,422,,,6b2f7f5457c8c13ac5b1e93e1617c73db332a1c91ac114c534967d2fa9fe4ba2,6b2f7f5457c8c13ac5b1e93e1617c73db332a1c91ac114c534967d2fa9fe4ba2,20,20,,
"포켓몬스터 하트골드 (Korea, IPKK, header ROM version 0)","포켓몬스터 소울실버 (Korea, IPGK, header ROM version 0)",/a/0/5/5,equal,423,423,,,08990223705c9c11d5eae460dd6106b1020d83d8bb9532aafda09072b0e771a9,08990223705c9c11d5eae460dd6106b1020d83d8bb9532aafda09072b0e771a9,20,20,,
"포켓몬스터 하트골드 (Korea, IPKK, header ROM version 0)","포켓몬스터 소울실버 (Korea, IPGK, header ROM version 0)",/a/0/5/5,equal,424,424,,,efbed64ecf8bc8ac2dcd65bb53a12e22f05a8fd669d63b87e04b6c0de6b516c8,efbed64ecf8bc8ac2dcd65bb53a12e22f05a8fd669d63b87e04b6c0de6b516c8,20,20,,
"포켓몬스터 하트골드 (Korea, IPKK, header ROM version 0)","포켓몬스터 소울실버 (Korea, IPGK, header ROM version 0)",/a/0/5/5,equal,425,425,,,8379eff1de0d54863bcabde2c6b9290d79a6960884ff57b21b562c56508f4871,8379eff1de0d54863bcabde2c6b9290d79a6960884ff57b21b562c56508f4871,20,20,,
"포켓몬스터 하트골드 (Korea, IPKK, header ROM version 0)","포켓몬스터 소울실버 (Korea, IPGK, header ROM version 0)",/a/0/5/5,equal,426,426,,,8379eff1de0d54863bcabde2c6b9290d79a6960884ff57b21b562c56508f4871,8379eff1de0d54863bcabde2c6b9290d79a6960884ff57b21b562c56508f4871,20,20,,
"포켓몬스터 하트골드 (Korea, IPKK, header ROM version 0)","포켓몬스터 소울실버 (Korea, IPGK, header ROM version 0)",/a/0/5/5,equal,427,427,,,ea758a9a90c0d582779d0015206e36f708f2d8469667c642691c12d75aa472bd,ea758a9a90c0d582779d0015206e36f708f2d8469667c642691c12d75aa472bd,20,20,,
"포켓몬스터 하트골드 (Korea, IPKK, header ROM version 0)","포켓몬스터 소울실버 (Korea, IPGK, header ROM version 0)",/a/0/5/5,equal,428,428,,,9bc7c9d76e495ad3960a8ec9b12bc23d9ce69c0730403d33490a3b99cc66ac9a,9bc7c9d76e495ad3960a8ec9b12bc23d9ce69c0730403d33490a3b99cc66ac9a,20,20,,
"포켓몬스터 하트골드 (Korea, IPKK, header ROM version 0)","포켓몬스터 소울실버 (Korea, IPGK, header ROM version 0)",/a/0/5/5,equal,429,429,,,e7c963fe592ab02d812e3e031c5fab2b481ba96fee9274fbfdbdd69e71fe6769,e7c963fe592ab02d812e3e031c5fab2b481ba96fee9274fbfdbdd69e71fe6769,20,20,,
"포켓몬스터 하트골드 (Korea, IPKK, header ROM version 0)","포켓몬스터 소울실버 (Korea, IPGK, header ROM version 0)",/a/0/5/5,equal,430,430,,,22468112ee037ae69642c0d80f56fd5008b19e355dc0859b13933b4b6b4828d8,22468112ee037ae69642c0d80f56fd5008b19e355dc0859b13933b4b6b4828d8,20,20,,
"포켓몬스터 하트골드 (Korea, IPKK, header ROM version 0)","포켓몬스터 소울실버 (Korea, IPGK, header ROM version 0)",/a/0/5/5,equal,431,431,,,22468112ee037ae69642c0d80f56fd5008b19e355dc0859b13933b4b6b4828d8,22468112ee037ae69642c0d80f56fd5008b19e355dc0859b13933b4b6b4828d8,20,20,,
"포켓몬스터 하트골드 (Korea, IPKK, header ROM version 0)","포켓몬스터 소울실버 (Korea, IPGK, header ROM version 0)",/a/0/5/5,equal,432,432,,,22468112ee037ae69642c0d80f56fd5008b19e355dc0859b13933b4b6b4828d8,22468112ee037ae69642c0d80f56fd5008b19e355dc0859b13933b4b6b4828d8,20,20,,
"포켓몬스터 하트골드 (Korea, IPKK, header ROM version 0)","포켓몬스터 소울실버 (Korea, IPGK, header ROM version 0)",/a/0/5/5,equal,433,433,,,d41e2aeae411acc3c110e6d15581f6f912c1156838c1b6bc50bb670dc26ec95c,d41e2aeae411acc3c110e6d15581f6f912c1156838c1b6bc50bb670dc26ec95c,20,20,,
"포켓몬스터 하트골드 (Korea, IPKK, header ROM version 0)","포켓몬스터 소울실버 (Korea, IPGK, header ROM version 0)",/a/0/5/5,equal,434,434,,,22468112ee037ae69642c0d80f56fd5008b19e355dc0859b13933b4b6b4828d8,22468112ee037ae69642c0d80f56fd5008b19e355dc0859b13933b4b6b4828d8,20,20,,
"포켓몬스터 하트골드 (Korea, IPKK, header ROM version 0)","포켓몬스터 소울실버 (Korea, IPGK, header ROM version 0)",/a/0/5/5,equal,435,435,,,22468112ee037ae69642c0d80f56fd5008b19e355dc0859b13933b4b6b4828d8,22468112ee037ae69642c0d80f56fd5008b19e355dc0859b13933b4b6b4828d8,20,20,,
"포켓몬스터 하트골드 (Korea, IPKK, header ROM version 0)","포켓몬스터 소울실버 (Korea, IPGK, header ROM version 0)",/a/0/5/5,equal,436,436,,,c15e45261921d17e900f96be71382f34820423816e3caf84bdd789d2e9f978f3,c15e45261921d17e900f96be71382f34820423816e3caf84bdd789d2e9f978f3,20,20,,
"포켓몬스터 하트골드 (Korea, IPKK, header ROM version 0)","포켓몬스터 소울실버 (Korea, IPGK, header ROM version 0)",/a/0/5/5,equal,437,437,,,c15e45261921d17e900f96be71382f34820423816e3caf84bdd789d2e9f978f3,c15e45261921d17e900f96be71382f34820423816e3caf84bdd789d2e9f978f3,20,20,,
"포켓몬스터 하트골드 (Korea, IPKK, header ROM version 0)","포켓몬스터 소울실버 (Korea, IPGK, header ROM version 0)",/a/0/5/5,equal,438,438,,,22970985609404c6f3f16e8dfe99932783f018bbfac013586914e21789da87ad,22970985609404c6f3f16e8dfe99932783f018bbfac013586914e21789da87ad,20,20,,
"포켓몬스터 하트골드 (Korea, IPKK, header ROM version 0)","포켓몬스터 소울실버 (Korea, IPGK, header ROM version 0)",/a/0/5/5,equal,439,439,,,bb760d5d696d04bc2d18f1585a7518b971a86b92303fe8ac0a02ede3937702e4,bb760d5d696d04bc2d18f1585a7518b971a86b92303fe8ac0a02ede3937702e4,20,20,,
"포켓몬스터 하트골드 (Korea, IPKK, header ROM version 0)","포켓몬스터 소울실버 (Korea, IPGK, header ROM version 0)",/a/0/5/5,equal,440,440,,,cff1577f46f6f5b2abb2d09f2c3bf3483eae532ecc6c2b8d7d65dce3d612eae6,cff1577f46f6f5b2abb2d09f2c3bf3483eae532ecc6c2b8d7d65dce3d612eae6,20,20,,
"포켓몬스터 하트골드 (Korea, IPKK, header ROM version 0)","포켓몬스터 소울실버 (Korea, IPGK, header ROM version 0)",/a/0/5/5,equal,441,441,,,cff1577f46f6f5b2abb2d09f2c3bf3483eae532ecc6c2b8d7d65dce3d612eae6,cff1577f46f6f5b2abb2d09f2c3bf3483eae532ecc6c2b8d7d65dce3d612eae6,20,20,,
"포켓몬스터 하트골드 (Korea, IPKK, header ROM version 0)","포켓몬스터 소울실버 (Korea, IPGK, header ROM version 0)",/a/0/5/5,equal,442,442,,,8261e40205499de2a76f5e68316ad2b3430d36ea166b42b7209ef4831ca6ea14,8261e40205499de2a76f5e68316ad2b3430d36ea166b42b7209ef4831ca6ea14,20,20,,
"포켓몬스터 하트골드 (Korea, IPKK, header ROM version 0)","포켓몬스터 소울실버 (Korea, IPGK, header ROM version 0)",/a/0/5/5,equal,443,443,,,8261e40205499de2a76f5e68316ad2b3430d36ea166b42b7209ef4831ca6ea14,8261e40205499de2a76f5e68316ad2b3430d36ea166b42b7209ef4831ca6ea14,20,20,,
"포켓몬스터 하트골드 (Korea, IPKK, header ROM version 0)","포켓몬스터 소울실버 (Korea, IPGK, header ROM version 0)",/a/0/5/5,equal,444,444,,,0f1112e811d6105193719fa0af5b60fb9d4190d81f29f53d865569df713590a3,0f1112e811d6105193719fa0af5b60fb9d4190d81f29f53d865569df713590a3,20,20,,
"포켓몬스터 하트골드 (Korea, IPKK, header ROM version 0)","포켓몬스터 소울실버 (Korea, IPGK, header ROM version 0)",/a/0/5/5,equal,445,445,,,0f1112e811d6105193719fa0af5b60fb9d4190d81f29f53d865569df713590a3,0f1112e811d6105193719fa0af5b60fb9d4190d81f29f53d865569df713590a3,20,20,,
"포켓몬스터 하트골드 (Korea, IPKK, header ROM version 0)","포켓몬스터 소울실버 (Korea, IPGK, header ROM version 0)",/a/0/5/5,equal,446,446,,,878510e5b08ae70138cb8e793f19d7dd262c1aa43a797ed53c862f4412ec0756,878510e5b08ae70138cb8e793f19d7dd262c1aa43a797ed53c862f4412ec0756,20,20,,
"포켓몬스터 하트골드 (Korea, IPKK, header ROM version 0)","포켓몬스터 소울실버 (Korea, IPGK, header ROM version 0)",/a/0/5/5,equal,447,447,,,878510e5b08ae70138cb8e793f19d7dd262c1aa43a797ed53c862f4412ec0756,878510e5b08ae70138cb8e793f19d7dd262c1aa43a797ed53c862f4412ec0756,20,20,,
"포켓몬스터 하트골드 (Korea, IPKK, header ROM version 0)","포켓몬스터 소울실버 (Korea, IPGK, header ROM version 0)",/a/0/5/5,equal,448,448,,,901608d8bad16f055541e1036af187c38e07cdc8e939d30840b714cb6731ba00,901608d8bad16f055541e1036af187c38e07cdc8e939d30840b714cb6731ba00,20,20,,
"포켓몬스터 하트골드 (Korea, IPKK, header ROM version 0)","포켓몬스터 소울실버 (Korea, IPGK, header ROM version 0)",/a/0/5/5,equal,449,449,,,811c6acd6de9773e4327c6c42327b6bd9eb39a0886a6842a6e3bc29a3327561f,811c6acd6de9773e4327c6c42327b6bd9eb39a0886a6842a6e3bc29a3327561f,20,20,,
"포켓몬스터 하트골드 (Korea, IPKK, header ROM version 0)","포켓몬스터 소울실버 (Korea, IPGK, header ROM version 0)",/a/0/5/5,equal,450,450,,,89cadf6c50a617afc1a66ba02dcb1cafd710427bfc98d640e6ba7b9159fa675a,89cadf6c50a617afc1a66ba02dcb1cafd710427bfc98d640e6ba7b9159fa675a,20,20,,
"포켓몬스터 하트골드 (Korea, IPKK, header ROM version 0)","포켓몬스터 소울실버 (Korea, IPGK, header ROM version 0)",/a/0/5/5,equal,451,451,,,af9c152be51774c02a69ded3f4eee22c50e801c4207707457d0307cf9f003328,af9c152be51774c02a69ded3f4eee22c50e801c4207707457d0307cf9f003328,20,20,,
"포켓몬스터 하트골드 (Korea, IPKK, header ROM version 0)","포켓몬스터 소울실버 (Korea, IPGK, header ROM version 0)",/a/0/5/5,equal,452,452,,,af9c152be51774c02a69ded3f4eee22c50e801c4207707457d0307cf9f003328,af9c152be51774c02a69ded3f4eee22c50e801c4207707457d0307cf9f003328,20,20,,
"포켓몬스터 하트골드 (Korea, IPKK, header ROM version 0)","포켓몬스터 소울실버 (Korea, IPGK, header ROM version 0)",/a/0/5/5,equal,453,453,,,b1f75dfe8cdbf129c8015798754b4297697dfbad799c63c9371edbc4da4ad1c7,b1f75dfe8cdbf129c8015798754b4297697dfbad799c63c9371edbc4da4ad1c7,20,20,,
"포켓몬스터 하트골드 (Korea, IPKK, header ROM version 0)","포켓몬스터 소울실버 (Korea, IPGK, header ROM version 0)",/a/0/5/5,equal,454,454,,,1565b0889034cc18027266b254c5e5cd73f76dc0255fe5208c0e637dd05c36b5,1565b0889034cc18027266b254c5e5cd73f76dc0255fe5208c0e637dd05c36b5,20,20,,
"포켓몬스터 하트골드 (Korea, IPKK, header ROM version 0)","포켓몬스터 소울실버 (Korea, IPGK, header ROM version 0)",/a/0/5/5,equal,455,455,,,1565b0889034cc18027266b254c5e5cd73f76dc0255fe5208c0e637dd05c36b5,1565b0889034cc18027266b254c5e5cd73f76dc0255fe5208c0e637dd05c36b5,20,20,,
"포켓몬스터 하트골드 (Korea, IPKK, header ROM version 0)","포켓몬스터 소울실버 (Korea, IPGK, header ROM version 0)",/a/0/5/5,equal,456,456,,,c0a17457076bc8e1a1e42696d51977124b6589ead42e4abdd4ef5f22e29d6fec,c0a17457076bc8e1a1e42696d51977124b6589ead42e4abdd4ef5f22e29d6fec,20,20,,
"포켓몬스터 하트골드 (Korea, IPKK, header ROM version 0)","포켓몬스터 소울실버 (Korea, IPGK, header ROM version 0)",/a/0/5/5,equal,457,457,,,c0a17457076bc8e1a1e42696d51977124b6589ead42e4abdd4ef5f22e29d6fec,c0a17457076bc8e1a1e42696d51977124b6589ead42e4abdd4ef5f22e29d6fec,20,20,,
"포켓몬스터 하트골드 (Korea, IPKK, header ROM version 0)","포켓몬스터 소울실버 (Korea, IPGK, header ROM version 0)",/a/0/5/5,equal,458,458,,,1c25a04e193861417a33cec1eb68f1a2457036075950d34af7f975d7833cb567,1c25a04e193861417a33cec1eb68f1a2457036075950d34af7f975d7833cb567,20,20,,
"포켓몬스터 하트골드 (Korea, IPKK, header ROM version 0)","포켓몬스터 소울실버 (Korea, IPGK, header ROM version 0)",/a/0/5/5,equal,459,459,,,1c25a04e193861417a33cec1eb68f1a2457036075950d34af7f975d7833cb567,1c25a04e193861417a33cec1eb68f1a2457036075950d34af7f975d7833cb567,20,20,,
"포켓몬스터 하트골드 (Korea, IPKK, header ROM version 0)","포켓몬스터 소울실버 (Korea, IPGK, header ROM version 0)",/a/0/5/5,equal,460,460,,,122b34a02c15401a5b75fb8c3d7b972b448e7283753613efbd7bc00fac09f683,122b34a02c15401a5b75fb8c3d7b972b448e7283753613efbd7bc00fac09f683,20,20,,
"포켓몬스터 하트골드 (Korea, IPKK, header ROM version 0)","포켓몬스터 소울실버 (Korea, IPGK, header ROM version 0)",/a/0/5/5,equal,461,461,,,122b34a02c15401a5b75fb8c3d7b972b448e7283753613efbd7bc00fac09f683,122b34a02c15401a5b75fb8c3d7b972b448e7283753613efbd7bc00fac09f683,20,20,,
"포켓몬스터 하트골드 (Korea, IPKK, header ROM version 0)","포켓몬스터 소울실버 (Korea, IPGK, header ROM version 0)",/a/0/5/5,equal,462,462,,,63f74978c3c77ebd308951b15a8795b762d7a81ae9599249c21c473d9a6378ee,63f74978c3c77ebd308951b15a8795b762d7a81ae9599249c21c473d9a6378ee,20,20,,
"포켓몬스터 하트골드 (Korea, IPKK, header ROM version 0)","포켓몬스터 소울실버 (Korea, IPGK, header ROM version 0)",/a/0/5/5,equal,463,463,,,4bf152e3729f864bb48fd6cff7744f4c4036a6e18ab3605cd6ca2d304b248236,4bf152e3729f864bb48fd6cff7744f4c4036a6e18ab3605cd6ca2d304b248236,20,20,,
"포켓몬스터 하트골드 (Korea, IPKK, header ROM version 0)","포켓몬스터 소울실버 (Korea, IPGK, header ROM version 0)",/a/0/5/5,equal,464,464,,,7c31be2dd10fc308aa59739ee9a00ceb5094b612af142ed146ace3e007b3051d,7c31be2dd10fc308aa59739ee9a00ceb5094b612af142ed146ace3e007b3051d,20,20,,
"포켓몬스터 하트골드 (Korea, IPKK, header ROM version 0)","포켓몬스터 소울실버 (Korea, IPGK, header ROM version 0)",/a/0/5/5,equal,465,465,,,7c31be2dd10fc308aa59739ee9a00ceb5094b612af142ed146ace3e007b3051d,7c31be2dd10fc308aa59739ee9a00ceb5094b612af142ed146ace3e007b3051d,20,20,,
"포켓몬스터 하트골드 (Korea, IPKK, header ROM version 0)","포켓몬스터 소울실버 (Korea, IPGK, header ROM version 0)",/a/0/5/5,equal,466,466,,,d0cdeefd9ccd262fda25cf1029d814263fb4911a3c5a821b61ac3d7b7389fc13,d0cdeefd9ccd262fda25cf1029d814263fb4911a3c5a821b61ac3d7b7389fc13,20,20,,
"포켓몬스터 하트골드 (Korea, IPKK, header ROM version 0)","포켓몬스터 소울실버 (Korea, IPGK, header ROM version 0)",/a/0/5/5,equal,467,467,,,d0cdeefd9ccd262fda25cf1029d814263fb4911a3c5a821b61ac3d7b7389fc13,d0cdeefd9ccd262fda25cf1029d814263fb4911a3c5a821b61ac3d7b7389fc13,20,20,,
"포켓몬스터 하트골드 (Korea, IPKK, header ROM version 0)","포켓몬스터 소울실버 (Korea, IPGK, header ROM version 0)",/a/0/5/5,equal,468,468,,,aeaa017ed3baf8d5ac6fc4b85d6d0cbb4fd78f04e2bab31291538769abf02d7b,aeaa017ed3baf8d5ac6fc4b85d6d0cbb4fd78f04e2bab31291538769abf02d7b,20,20,,
"포켓몬스터 하트골드 (Korea, IPKK, header ROM version 0)","포켓몬스터 소울실버 (Korea, IPGK, header ROM version 0)",/a/0/5/5,equal,469,469,,,b65a30adb35e2ac8c0a92bca78b9562c1268e6c69adc47207a8694fcdaaffd04,b65a30adb35e2ac8c0a92bca78b9562c1268e6c69adc47207a8694fcdaaffd04,20,20,,
"포켓몬스터 하트골드 (Korea, IPKK, header ROM version 0)","포켓몬스터 소울실버 (Korea, IPGK, header ROM version 0)",/a/0/5/5,equal,470,470,,,7e14273cd2d6fd736e4977a47fea1b7b0eb904c6a289c0bb8ae2a893f867f19e,7e14273cd2d6fd736e4977a47fea1b7b0eb904c6a289c0bb8ae2a893f867f19e,20,20,,
"포켓몬스터 하트골드 (Korea, IPKK, header ROM version 0)","포켓몬스터 소울실버 (Korea, IPGK, header ROM version 0)",/a/0/5/5,equal,471,471,,,7e14273cd2d6fd736e4977a47fea1b7b0eb904c6a289c0bb8ae2a893f867f19e,7e14273cd2d6fd736e4977a47fea1b7b0eb904c6a289c0bb8ae2a893f867f19e,20,20,,
"포켓몬스터 하트골드 (Korea, IPKK, header ROM version 0)","포켓몬스터 소울실버 (Korea, IPGK, header ROM version 0)",/a/0/5/5,equal,472,472,,,360f8c92ee652a48335efb2287211e78e1faf733d3c587ec4cafa7c20b1681d6,360f8c92ee652a48335efb2287211e78e1faf733d3c587ec4cafa7c20b1681d6,20,20,,
"포켓몬스터 하트골드 (Korea, IPKK, header ROM version 0)","포켓몬스터 소울실버 (Korea, IPGK, header ROM version 0)",/a/0/5/5,equal,473,473,,,a696e90eb04adbed5da456beeaa99b0cecaec697125ba367f54046afbf8c6ee1,a696e90eb04adbed5da456beeaa99b0cecaec697125ba367f54046afbf8c6ee1,20,20,,
"포켓몬스터 하트골드 (Korea, IPKK, header ROM version 0)","포켓몬스터 소울실버 (Korea, IPGK, header ROM version 0)",/a/0/5/5,equal,474,474,,,85694b05839cb22df2d6054cb53fbff7208bbec0c96b3fab8aa1a90fdfa30d01,85694b05839cb22df2d6054cb53fbff7208bbec0c96b3fab8aa1a90fdfa30d01,20,20,,
"포켓몬스터 하트골드 (Korea, IPKK, header ROM version 0)","포켓몬스터 소울실버 (Korea, IPGK, header ROM version 0)",/a/0/5/5,equal,475,475,,,df54d99c99b97bbdbb98c90920b16a14baeb0c4c89af1776765ad6aac487134f,df54d99c99b97bbdbb98c90920b16a14baeb0c4c89af1776765ad6aac487134f,20,20,,
"포켓몬스터 하트골드 (Korea, IPKK, header ROM version 0)","포켓몬스터 소울실버 (Korea, IPGK, header ROM version 0)",/a/0/5/5,equal,476,476,,,df54d99c99b97bbdbb98c90920b16a14baeb0c4c89af1776765ad6aac487134f,df54d99c99b97bbdbb98c90920b16a14baeb0c4c89af1776765ad6aac487134f,20,20,,
"포켓몬스터 하트골드 (Korea, IPKK, header ROM version 0)","포켓몬스터 소울실버 (Korea, IPGK, header ROM version 0)",/a/0/5/5,equal,477,477,,,78cf5058a53b0eff74743ee7cc4b15b8ebb7e1e7022ce03ab87a3d078c264f9f,78cf5058a53b0eff74743ee7cc4b15b8ebb7e1e7022ce03ab87a3d078c264f9f,20,20,,
"포켓몬스터 하트골드 (Korea, IPKK, header ROM version 0)","포켓몬스터 소울실버 (Korea, IPGK, header ROM version 0)",/a/0/5/5,equal,478,478,,,0974e4661e32bc57971ae91fe00522a4e21703ecd08f707937381cc7e4f5b80a,0974e4661e32bc57971ae91fe00522a4e21703ecd08f707937381cc7e4f5b80a,20,20,,
"포켓몬스터 하트골드 (Korea, IPKK, header ROM version 0)","포켓몬스터 소울실버 (Korea, IPGK, header ROM version 0)",/a/0/5/5,equal,479,479,,,0974e4661e32bc57971ae91fe00522a4e21703ecd08f707937381cc7e4f5b80a,0974e4661e32bc57971ae91fe00522a4e21703ecd08f707937381cc7e4f5b80a,20,20,,
"포켓몬스터 하트골드 (Korea, IPKK, header ROM version 0)","포켓몬스터 소울실버 (Korea, IPGK, header ROM version 0)",/a/0/5/5,equal,480,480,,,527b1fbf998701a838161f7f3d793b2d7ad75753114b2224b093454671a020fe,527b1fbf998701a838161f7f3d793b2d7ad75753114b2224b093454671a020fe,20,20,,
"포켓몬스터 하트골드 (Korea, IPKK, header ROM version 0)","포켓몬스터 소울실버 (Korea, IPGK, header ROM version 0)",/a/0/5/5,equal,481,481,,,527b1fbf998701a838161f7f3d793b2d7ad75753114b2224b093454671a020fe,527b1fbf998701a838161f7f3d793b2d7ad75753114b2224b093454671a020fe,20,20,,
"포켓몬스터 하트골드 (Korea, IPKK, header ROM version 0)","포켓몬스터 소울실버 (Korea, IPGK, header ROM version 0)",/a/0/5/5,equal,482,482,,,f16d60011f8e1483187f77f526cb38beab82d495fa60750d676a03a7b16f2b56,f16d60011f8e1483187f77f526cb38beab82d495fa60750d676a03a7b16f2b56,20,20,,
"포켓몬스터 하트골드 (Korea, IPKK, header ROM version 0)","포켓몬스터 소울실버 (Korea, IPGK, header ROM version 0)",/a/0/5/5,equal,483,483,,,9df9517a8f7a1d46d48a59424c77b24f010eb5c92c25c28dc5337b3b3dc335fe,9df9517a8f7a1d46d48a59424c77b24f010eb5c92c25c28dc5337b3b3dc335fe,20,20,,
"포켓몬스터 하트골드 (Korea, IPKK, header ROM version 0)","포켓몬스터 소울실버 (Korea, IPGK, header ROM version 0)",/a/0/5/5,equal,484,484,,,5ffe6f3221075787539aced6bbc0b53a3258207c0db290135dbaf9e85f6b1ded,5ffe6f3221075787539aced6bbc0b53a3258207c0db290135dbaf9e85f6b1ded,20,20,,
"포켓몬스터 하트골드 (Korea, IPKK, header ROM version 0)","포켓몬스터 소울실버 (Korea, IPGK, header ROM version 0)",/a/0/5/5,equal,485,485,,,4c654a83fd83a053829920e7e8966b6953dc313025a94047be31039546aec35d,4c654a83fd83a053829920e7e8966b6953dc313025a94047be31039546aec35d,20,20,,
"포켓몬스터 하트골드 (Korea, IPKK, header ROM version 0)","포켓몬스터 소울실버 (Korea, IPGK, header ROM version 0)",/a/0/5/5,equal,486,486,,,130dd2b6ae0d6b95f3338eac3d6b64d076e4305d53aad6290e06da3a91b0ff43,130dd2b6ae0d6b95f3338eac3d6b64d076e4305d53aad6290e06da3a91b0ff43,20,20,,
"포켓몬스터 하트골드 (Korea, IPKK, header ROM version 0)","포켓몬스터 소울실버 (Korea, IPGK, header ROM version 0)",/a/0/5/5,equal,487,487,,,b52b67a4cf26ae2efa885386abe08cb99edaa718493ac3acc41a0b0e45421f01,b52b67a4cf26ae2efa885386abe08cb99edaa718493ac3acc41a0b0e45421f01,20,20,,
"포켓몬스터 하트골드 (Korea, IPKK, header ROM version 0)","포켓몬스터 소울실버 (Korea, IPGK, header ROM version 0)",/a/0/5/5,equal,488,488,,,96899550239fc3546738a6054462c9c84960d20f9508c344dade60138d4bf3d1,96899550239fc3546738a6054462c9c84960d20f9508c344dade60138d4bf3d1,20,20,,
"포켓몬스터 하트골드 (Korea, IPKK, header ROM version 0)","포켓몬스터 소울실버 (Korea, IPGK, header ROM version 0)",/a/0/5/5,equal,489,489,,,0d897b5e2e85468541279c7ddef213d1fb80232c7e4517e836ec204e1e98213e,0d897b5e2e85468541279c7ddef213d1fb80232c7e4517e836ec204e1e98213e,20,20,,
"포켓몬스터 하트골드 (Korea, IPKK, header ROM version 0)","포켓몬스터 소울실버 (Korea, IPGK, header ROM version 0)",/a/0/5/5,equal,490,490,,,0d897b5e2e85468541279c7ddef213d1fb80232c7e4517e836ec204e1e98213e,0d897b5e2e85468541279c7ddef213d1fb80232c7e4517e836ec204e1e98213e,20,20,,
"포켓몬스터 하트골드 (Korea, IPKK, header ROM version 0)","포켓몬스터 소울실버 (Korea, IPGK, header ROM version 0)",/a/0/5/5,equal,491,491,,,37008b3b08de5574ac2f00dca76f30aef2db54e1c4b7aac8ccfd23421a57f9d2,37008b3b08de5574ac2f00dca76f30aef2db54e1c4b7aac8ccfd23421a57f9d2,20,20,,
"포켓몬스터 하트골드 (Korea, IPKK, header ROM version 0)","포켓몬스터 소울실버 (Korea, IPGK, header ROM version 0)",/a/0/5/5,equal,492,492,,,08990223705c9c11d5eae460dd6106b1020d83d8bb9532aafda09072b0e771a9,08990223705c9c11d5eae460dd6106b1020d83d8bb9532aafda09072b0e771a9,20,20,,
"포켓몬스터 하트골드 (Korea, IPKK, header ROM version 0)","포켓몬스터 소울실버 (Korea, IPGK, header ROM version 0)",/a/0/5/5,equal,493,493,,,c81bf1f83bf26f1cb3e46b37b2f6c34ceea138c168b39aa7a5b981d7fe6a3aec,c81bf1f83bf26f1cb3e46b37b2f6c34ceea138c168b39aa7a5b981d7fe6a3aec,20,20,,
"포켓몬스터 하트골드 (Korea, IPKK, header ROM version 0)","포켓몬스터 소울실버 (Korea, IPGK, header ROM version 0)",/a/0/5/5,equal,494,494,,,97d61726d745e5ac4a9fc7f4c99ad1252a61eb05f532c7338d393375dec851ed,97d61726d745e5ac4a9fc7f4c99ad1252a61eb05f532c7338d393375dec851ed,20,20,,
"포켓몬스터 하트골드 (Korea, IPKK, header ROM version 0)","포켓몬스터 소울실버 (Korea, IPGK, header ROM version 0)",/a/0/5/5,equal,495,495,,,bb2b00f79a72dc6720fdf38b79492ac6bbd5dd3cd63a7b99ce68918931d65d36,bb2b00f79a72dc6720fdf38b79492ac6bbd5dd3cd63a7b99ce68918931d65d36,20,20,,
"포켓몬스터 하트골드 (Korea, IPKK, header ROM version 0)","포켓몬스터 소울실버 (Korea, IPGK, header ROM version 0)",/a/0/5/5,equal,496,496,,,bb2b00f79a72dc6720fdf38b79492ac6bbd5dd3cd63a7b99ce68918931d65d36,bb2b00f79a72dc6720fdf38b79492ac6bbd5dd3cd63a7b99ce68918931d65d36,20,20,,
"포켓몬스터 하트골드 (Korea, IPKK, header ROM version 0)","포켓몬스터 소울실버 (Korea, IPGK, header ROM version 0)",/a/0/5/5,equal,497,497,,,bb2b00f79a72dc6720fdf38b79492ac6bbd5dd3cd63a7b99ce68918931d65d36,bb2b00f79a72dc6720fdf38b79492ac6bbd5dd3cd63a7b99ce68918931d65d36,20,20,,
"포켓몬스터 하트골드 (Korea, IPKK, header ROM version 0)","포켓몬스터 소울실버 (Korea, IPGK, header ROM version 0)",/a/0/5/5,equal,498,498,,,6263fcf6a69ca9edfe2a598e67a13da3c040c2ceb27b845ef48892ffd45f9090,6263fcf6a69ca9edfe2a598e67a13da3c040c2ceb27b845ef48892ffd45f9090,20,20,,
"포켓몬스터 하트골드 (Korea, IPKK, header ROM version 0)","포켓몬스터 소울실버 (Korea, IPGK, header ROM version 0)",/a/0/5/5,equal,499,499,,,a8dd8de21e8b8184256a8ba09aecef9d291acc525cce996faa65af8615348e48,a8dd8de21e8b8184256a8ba09aecef9d291acc525cce996faa65af8615348e48,20,20,,
"포켓몬스터 하트골드 (Korea, IPKK, header ROM version 0)","포켓몬스터 소울실버 (Korea, IPGK, header ROM version 0)",/a/0/5/5,equal,500,500,,,62478516de689b91e5ab52e8dbe4526b86e030bb72311396f4c6e453c0a20d73,62478516de689b91e5ab52e8dbe4526b86e030bb72311396f4c6e453c0a20d73,20,20,,
"포켓몬스터 하트골드 (Korea, IPKK, header ROM version 0)","포켓몬스터 소울실버 (Korea, IPGK, header ROM version 0)",/a/0/5/5,equal,501,501,,,ddf96b815e7a4e33604ffe0a26a86f65ec78ebb5c5fb295881f5b4bb9f4d5ad5,ddf96b815e7a4e33604ffe0a26a86f65ec78ebb5c5fb295881f5b4bb9f4d5ad5,20,20,,
"포켓몬스터 하트골드 (Korea, IPKK, header ROM version 0)","포켓몬스터 소울실버 (Korea, IPGK, header ROM version 0)",/a/0/5/5,equal,502,502,,,fa9078fad7d27aaf90778a2338ee2546034307a45a8c870bbf8ae9e429bd6daf,fa9078fad7d27aaf90778a2338ee2546034307a45a8c870bbf8ae9e429bd6daf,20,20,,
"포켓몬스터 하트골드 (Korea, IPKK, header ROM version 0)","포켓몬스터 소울실버 (Korea, IPGK, header ROM version 0)",/a/0/5/5,equal,503,503,,,a54e18482e743eef1f556ef7ed3e9737cc34edab5bc78d5846ed2394b934b42f,a54e18482e743eef1f556ef7ed3e9737cc34edab5bc78d5846ed2394b934b42f,20,20,,
"포켓몬스터 하트골드 (Korea, IPKK, header ROM version 0)","포켓몬스터 소울실버 (Korea, IPGK, header ROM version 0)",/a/0/5/5,equal,504,504,,,a9e9359820c03fc0fe11a43276db94dd4354d6ce8e29142af91e68b52062e4a5,a9e9359820c03fc0fe11a43276db94dd4354d6ce8e29142af91e68b52062e4a5,20,20,,
"포켓몬스터 하트골드 (Korea, IPKK, header ROM version 0)","포켓몬스터 소울실버 (Korea, IPGK, header ROM version 0)",/a/0/5/5,equal,505,505,,,d41e2aeae411acc3c110e6d15581f6f912c1156838c1b6bc50bb670dc26ec95c,d41e2aeae411acc3c110e6d15581f6f912c1156838c1b6bc50bb670dc26ec95c,20,20,,
"포켓몬스터 하트골드 (Korea, IPKK, header ROM version 0)","포켓몬스터 소울실버 (Korea, IPGK, header ROM version 0)",/a/0/5/5,equal,506,506,,,b9020bdec98f7cf78a9a9cf78a426cceaf73d54e7e0f7cd2983e24eafaade270,b9020bdec98f7cf78a9a9cf78a426cceaf73d54e7e0f7cd2983e24eafaade270,20,20,,
"포켓몬스터 하트골드 (Korea, IPKK, header ROM version 0)","포켓몬스터 소울실버 (Korea, IPGK, header ROM version 0)",/a/0/5/5,equal,507,507,,,1ed6f28ea5c181c9c9acb0dc3753982b1422cc8ff1c363e8d51821934b449caf,1ed6f28ea5c181c9c9acb0dc3753982b1422cc8ff1c363e8d51821934b449caf,20,20,,
"포켓몬스터 하트골드 (Korea, IPKK, header ROM version 0)","포켓몬스터 소울실버 (Korea, IPGK, header ROM version 0)",/a/0/5/5,equal,508,508,,,e83723081df7033f72d858bfa7821fbee377c2f8b82a591111e8a641abbd65fa,e83723081df7033f72d858bfa7821fbee377c2f8b82a591111e8a641abbd65fa,20,20,,
"포켓몬스터 하트골드 (Korea, IPKK, header ROM version 0)","포켓몬스터 소울실버 (Korea, IPGK, header ROM version 0)",/a/0/5/5,equal,509,509,,,d855dc24a36eb25ce8627de2cd164e50d333d841940b3783850d05d5a251831c,d855dc24a36eb25ce8627de2cd164e50d333d841940b3783850d05d5a251831c,20,20,,
"포켓몬스터 하트골드 (Korea, IPKK, header ROM version 0)","포켓몬스터 소울실버 (Korea, IPGK, header ROM version 0)",/a/0/5/5,equal,510,510,,,ec3564207404a1afcc6e7096c1b4a373712390e1fe6d55045c71f4ed81935d7d,ec3564207404a1afcc6e7096c1b4a373712390e1fe6d55045c71f4ed81935d7d,20,20,,
"포켓몬스터 하트골드 (Korea, IPKK, header ROM version 0)","포켓몬스터 소울실버 (Korea, IPGK, header ROM version 0)",/a/0/5/5,equal,511,511,,,ec3564207404a1afcc6e7096c1b4a373712390e1fe6d55045c71f4ed81935d7d,ec3564207404a1afcc6e7096c1b4a373712390e1fe6d55045c71f4ed81935d7d,20,20,,
"포켓몬스터 하트골드 (Korea, IPKK, header ROM version 0)","포켓몬스터 소울실버 (Korea, IPGK, header ROM version 0)",/a/0/5/5,equal,512,512,,,122b34a02c15401a5b75fb8c3d7b972b448e7283753613efbd7bc00fac09f683,122b34a02c15401a5b75fb8c3d7b972b448e7283753613efbd7bc00fac09f683,20,20,,
"포켓몬스터 하트골드 (Korea, IPKK, header ROM version 0)","포켓몬스터 소울실버 (Korea, IPGK, header ROM version 0)",/a/0/5/5,equal,513,513,,,118b87e9f09bfd575366b217fc9f7b19ceec3c6c63925ad346aec447543e26c2,118b87e9f09bfd575366b217fc9f7b19ceec3c6c63925ad346aec447543e26c2,20,20,,
"포켓몬스터 하트골드 (Korea, IPKK, header ROM version 0)","포켓몬스터 소울실버 (Korea, IPGK, header ROM version 0)",/a/0/5/5,equal,514,514,,,811c6acd6de9773e4327c6c42327b6bd9eb39a0886a6842a6e3bc29a3327561f,811c6acd6de9773e4327c6c42327b6bd9eb39a0886a6842a6e3bc29a3327561f,20,20,,
"포켓몬스터 하트골드 (Korea, IPKK, header ROM version 0)","포켓몬스터 소울실버 (Korea, IPGK, header ROM version 0)",/a/0/5/5,equal,515,515,,,4bf152e3729f864bb48fd6cff7744f4c4036a6e18ab3605cd6ca2d304b248236,4bf152e3729f864bb48fd6cff7744f4c4036a6e18ab3605cd6ca2d304b248236,20,20,,
"포켓몬스터 하트골드 (Korea, IPKK, header ROM version 0)","포켓몬스터 소울실버 (Korea, IPGK, header ROM version 0)",/a/0/5/5,equal,516,516,,,bd6b7fbcac26d129530d7859cd0579500dbc0f3c015ceb1c528d4a8f09a95de8,bd6b7fbcac26d129530d7859cd0579500dbc0f3c015ceb1c528d4a8f09a95de8,20,20,,
"포켓몬스터 하트골드 (Korea, IPKK, header ROM version 0)","포켓몬스터 소울실버 (Korea, IPGK, header ROM version 0)",/a/0/5/5,equal,517,517,,,dec6ff08257036a84ee23e48dfe2d583a25b8d07e8da534b3847c2db66276800,dec6ff08257036a84ee23e48dfe2d583a25b8d07e8da534b3847c2db66276800,20,20,,
"포켓몬스터 하트골드 (Korea, IPKK, header ROM version 0)","포켓몬스터 소울실버 (Korea, IPGK, header ROM version 0)",/a/0/5/5,equal,518,518,,,b1f75dfe8cdbf129c8015798754b4297697dfbad799c63c9371edbc4da4ad1c7,b1f75dfe8cdbf129c8015798754b4297697dfbad799c63c9371edbc4da4ad1c7,20,20,,
"포켓몬스터 하트골드 (Korea, IPKK, header ROM version 0)","포켓몬스터 소울실버 (Korea, IPGK, header ROM version 0)",/a/0/5/5,equal,519,519,,,883e1841052228bdd14fd351d4aeee4db1afce05347b2505e7a0dad1a043c056,883e1841052228bdd14fd351d4aeee4db1afce05347b2505e7a0dad1a043c056,20,20,,
"포켓몬스터 하트골드 (Korea, IPKK, header ROM version 0)","포켓몬스터 소울실버 (Korea, IPGK, header ROM version 0)",/a/0/5/5,equal,520,520,,,b1f75dfe8cdbf129c8015798754b4297697dfbad799c63c9371edbc4da4ad1c7,b1f75dfe8cdbf129c8015798754b4297697dfbad799c63c9371edbc4da4ad1c7,20,20,,
"포켓몬스터 하트골드 (Korea, IPKK, header ROM version 0)","포켓몬스터 소울실버 (Korea, IPGK, header ROM version 0)",/a/0/5/5,equal,521,521,,,883e1841052228bdd14fd351d4aeee4db1afce05347b2505e7a0dad1a043c056,883e1841052228bdd14fd351d4aeee4db1afce05347b2505e7a0dad1a043c056,20,20,,
"포켓몬스터 하트골드 (Korea, IPKK, header ROM version 0)","포켓몬스터 소울실버 (Korea, IPGK, header ROM version 0)",/a/0/5/5,equal,522,522,,,d0cdeefd9ccd262fda25cf1029d814263fb4911a3c5a821b61ac3d7b7389fc13,d0cdeefd9ccd262fda25cf1029d814263fb4911a3c5a821b61ac3d7b7389fc13,20,20,,
"포켓몬스터 하트골드 (Korea, IPKK, header ROM version 0)","포켓몬스터 소울실버 (Korea, IPGK, header ROM version 0)",/a/0/5/5,equal,523,523,,,840efda5ef7497e8e0f78a9cab7d4c48b4dd6a5e19571dc7196bc8d70fb11351,840efda5ef7497e8e0f78a9cab7d4c48b4dd6a5e19571dc7196bc8d70fb11351,20,20,,
"포켓몬스터 하트골드 (Korea, IPKK, header ROM version 0)","포켓몬스터 소울실버 (Korea, IPGK, header ROM version 0)",/a/0/5/5,equal,524,524,,,f4070228f78f10ada2974ef008358c2daf3bf16d68e911d2f25908868c98ecf5,f4070228f78f10ada2974ef008358c2daf3bf16d68e911d2f25908868c98ecf5,20,20,,
"포켓몬스터 하트골드 (Korea, IPKK, header ROM version 0)","포켓몬스터 소울실버 (Korea, IPGK, header ROM version 0)",/a/0/5/5,equal,525,525,,,711791ed75a61bbeb904ba837725240a0e6faee2d5b2af7c1cf7a477a5b02f8e,711791ed75a61bbeb904ba837725240a0e6faee2d5b2af7c1cf7a477a5b02f8e,20,20,,
"포켓몬스터 하트골드 (Korea, IPKK, header ROM version 0)","포켓몬스터 소울실버 (Korea, IPGK, header ROM version 0)",/a/0/5/5,equal,526,526,,,49d10aeea6e01f52f1f2de92ff577802517e7375477e97bc4560bf9b5bee46f7,49d10aeea6e01f52f1f2de92ff577802517e7375477e97bc4560bf9b5bee46f7,20,20,,
"포켓몬스터 하트골드 (Korea, IPKK, header ROM version 0)","포켓몬스터 소울실버 (Korea, IPGK, header ROM version 0)",/a/0/5/5,equal,527,527,,,68b6fa43cb021efdd7a2c5c9f7e30c034e2056a3ce5735a321c7f39d342a0546,68b6fa43cb021efdd7a2c5c9f7e30c034e2056a3ce5735a321c7f39d342a0546,20,20,,
"포켓몬스터 하트골드 (Korea, IPKK, header ROM version 0)","포켓몬스터 소울실버 (Korea, IPGK, header ROM version 0)",/a/0/5/5,equal,528,528,,,7c31be2dd10fc308aa59739ee9a00ceb5094b612af142ed146ace3e007b3051d,7c31be2dd10fc308aa59739ee9a00ceb5094b612af142ed146ace3e007b3051d,20,20,,
"포켓몬스터 하트골드 (Korea, IPKK, header ROM version 0)","포켓몬스터 소울실버 (Korea, IPGK, header ROM version 0)",/a/0/5/5,equal,529,529,,,38722c4fbe239ca7657743286b3676957ac36f8526f7c5cad844dac08c3b92f9,38722c4fbe239ca7657743286b3676957ac36f8526f7c5cad844dac08c3b92f9,20,20,,
"포켓몬스터 하트골드 (Korea, IPKK, header ROM version 0)","포켓몬스터 소울실버 (Korea, IPGK, header ROM version 0)",/a/0/5/5,equal,530,530,,,3ca71c171626929a0f9c123bac7e3811633d7c08b12b74caf3fc096b25a3e655,3ca71c171626929a0f9c123bac7e3811633d7c08b12b74caf3fc096b25a3e655,20,20,,
"포켓몬스터 하트골드 (Korea, IPKK, header ROM version 0)","포켓몬스터 소울실버 (Korea, IPGK, header ROM version 0)",/a/0/5/5,equal,531,531,,,fa9078fad7d27aaf90778a2338ee2546034307a45a8c870bbf8ae9e429bd6daf,fa9078fad7d27aaf90778a2338ee2546034307a45a8c870bbf8ae9e429bd6daf,20,20,,
"포켓몬스터 하트골드 (Korea, IPKK, header ROM version 0)","포켓몬스터 소울실버 (Korea, IPGK, header ROM version 0)",/a/0/5/5,equal,532,532,,,122b34a02c15401a5b75fb8c3d7b972b448e7283753613efbd7bc00fac09f683,122b34a02c15401a5b75fb8c3d7b972b448e7283753613efbd7bc00fac09f683,20,20,,
"포켓몬스터 하트골드 (Korea, IPKK, header ROM version 0)","포켓몬스터 소울실버 (Korea, IPGK, header ROM version 0)",/a/0/5/5,equal,533,533,,,fe2bf26b72d5949cc35d6fd335037f07a2ca8b19a9c940914042cc80514e15b9,fe2bf26b72d5949cc35d6fd335037f07a2ca8b19a9c940914042cc80514e15b9,20,20,,
"포켓몬스터 하트골드 (Korea, IPKK, header ROM version 0)","포켓몬스터 소울실버 (Korea, IPGK, header ROM version 0)",/a/0/5/5,equal,534,534,,,f4b3515d9b78f862d111bfd9aa2b0a3660ef1dcabbbf170214f794af7f8adc75,f4b3515d9b78f862d111bfd9aa2b0a3660ef1dcabbbf170214f794af7f8adc75,20,20,,
"포켓몬스터 하트골드 (Korea, IPKK, header ROM version 0)","포켓몬스터 소울실버 (Korea, IPGK, header ROM version 0)",/a/0/5/5,equal,535,535,,,c15e45261921d17e900f96be71382f34820423816e3caf84bdd789d2e9f978f3,c15e45261921d17e900f96be71382f34820423816e3caf84bdd789d2e9f978f3,20,20,,
"포켓몬스터 하트골드 (Korea, IPKK, header ROM version 0)","포켓몬스터 소울실버 (Korea, IPGK, header ROM version 0)",/a/0/5/5,equal,536,536,,,1e31dff30577a84078f5b22c2cae2fbba754d699fdff35eb11ffd9504b768d6c,1e31dff30577a84078f5b22c2cae2fbba754d699fdff35eb11ffd9504b768d6c,20,20,,
"포켓몬스터 하트골드 (Korea, IPKK, header ROM version 0)","포켓몬스터 소울실버 (Korea, IPGK, header ROM version 0)",/a/0/5/5,equal,537,537,,,386908a44f907f91315730569940c83382bacc4544d1b4d2e9d75d615079b14b,386908a44f907f91315730569940c83382bacc4544d1b4d2e9d75d615079b14b,20,20,,
"포켓몬스터 하트골드 (Korea, IPKK, header ROM version 0)","포켓몬스터 소울실버 (Korea, IPGK, header ROM version 0)",/a/0/5/5,equal,538,538,,,78cf5058a53b0eff74743ee7cc4b15b8ebb7e1e7022ce03ab87a3d078c264f9f,78cf5058a53b0eff74743ee7cc4b15b8ebb7e1e7022ce03ab87a3d078c264f9f,20,20,,
"포켓몬스터 하트골드 (Korea, IPKK, header ROM version 0)","포켓몬스터 소울실버 (Korea, IPGK, header ROM version 0)",/a/0/5/5,equal,539,539,,,78cf5058a53b0eff74743ee7cc4b15b8ebb7e1e7022ce03ab87a3d078c264f9f,78cf5058a53b0eff74743ee7cc4b15b8ebb7e1e7022ce03ab87a3d078c264f9f,20,20,,
"포켓몬스터 하트골드 (Korea, IPKK, header ROM version 0)","포켓몬스터 소울실버 (Korea, IPGK, header ROM version 0)",/a/0/5/5,equal,540,540,,,d9cd34f1b31e3cd173ff1cdacfda5ab219dad3d9f865d2ffba1a826666d9ec84,d9cd34f1b31e3cd173ff1cdacfda5ab219dad3d9f865d2ffba1a826666d9ec84,20,20,,
"포켓몬스터 하트골드 (Korea, IPKK, header ROM version 0)","포켓몬스터 소울실버 (Korea, IPGK, header ROM version 0)",/a/0/5/5,equal,541,541,,,d9cd34f1b31e3cd173ff1cdacfda5ab219dad3d9f865d2ffba1a826666d9ec84,d9cd34f1b31e3cd173ff1cdacfda5ab219dad3d9f865d2ffba1a826666d9ec84,20,20,,
"포켓몬스터 하트골드 (Korea, IPKK, header ROM version 0)","포켓몬스터 소울실버 (Korea, IPGK, header ROM version 0)",/a/0/5/5,equal,542,542,,,9e56d27cc6a5de2211601cb9df1e928b374e26c743e659fd1de142c661f788ad,9e56d27cc6a5de2211601cb9df1e928b374e26c743e659fd1de142c661f788ad,20,20,,
"포켓몬스터 하트골드 (Korea, IPKK, header ROM version 0)","포켓몬스터 소울실버 (Korea, IPGK, header ROM version 0)",/a/0/5/5,equal,543,543,,,9e56d27cc6a5de2211601cb9df1e928b374e26c743e659fd1de142c661f788ad,9e56d27cc6a5de2211601cb9df1e928b374e26c743e659fd1de142c661f788ad,20,20,,
"포켓몬스터 하트골드 (Korea, IPKK, header ROM version 0)","포켓몬스터 소울실버 (Korea, IPGK, header ROM version 0)",/a/0/5/5,equal,544,544,,,9e56d27cc6a5de2211601cb9df1e928b374e26c743e659fd1de142c661f788ad,9e56d27cc6a5de2211601cb9df1e928b374e26c743e659fd1de142c661f788ad,20,20,,
"포켓몬스터 하트골드 (Korea, IPKK, header ROM version 0)","포켓몬스터 소울실버 (Korea, IPGK, header ROM version 0)",/a/0/5/5,equal,545,545,,,c7d29a9a92f4a4fc3a549a9a3125e5fc7a023469a22af74708071bfff6c2da27,c7d29a9a92f4a4fc3a549a9a3125e5fc7a023469a22af74708071bfff6c2da27,20,20,,
"포켓몬스터 하트골드 (Korea, IPKK, header ROM version 0)","포켓몬스터 소울실버 (Korea, IPGK, header ROM version 0)",/a/0/5/5,equal,546,546,,,75cb5d14d67ef172cfa839633660f5fea218bd14c79e304fe108125db8edcf39,75cb5d14d67ef172cfa839633660f5fea218bd14c79e304fe108125db8edcf39,20,20,,
"포켓몬스터 하트골드 (Korea, IPKK, header ROM version 0)","포켓몬스터 소울실버 (Korea, IPGK, header ROM version 0)",/a/0/5/5,equal,547,547,,,840efda5ef7497e8e0f78a9cab7d4c48b4dd6a5e19571dc7196bc8d70fb11351,840efda5ef7497e8e0f78a9cab7d4c48b4dd6a5e19571dc7196bc8d70fb11351,20,20,,
"포켓몬스터 하트골드 (Korea, IPKK, header ROM version 0)","포켓몬스터 소울실버 (Korea, IPGK, header ROM version 0)",/a/0/5/5,equal,548,548,,,a2488c689822d347ecfc5e167e24f7fed8117fa2481c1a72c6d9c4f770e5a05b,a2488c689822d347ecfc5e167e24f7fed8117fa2481c1a72c6d9c4f770e5a05b,20,20,,
"포켓몬스터 하트골드 (Korea, IPKK, header ROM version 0)","포켓몬스터 소울실버 (Korea, IPGK, header ROM version 0)",/a/0/5/5,equal,549,549,,,a789706b3ad3fcd8d02e7d3b8b7eac66304524ba72087c09a65817e4f3f1a66b,a789706b3ad3fcd8d02e7d3b8b7eac66304524ba72087c09a65817e4f3f1a66b,20,20,,
"포켓몬스터 하트골드 (Korea, IPKK, header ROM version 0)","포켓몬스터 소울실버 (Korea, IPGK, header ROM version 0)",/a/0/5/5,equal,550,550,,,9206d8a9accdfaac3f07ce7ef481dcc5696a2e2a1b906178fee0e083f392f13b,9206d8a9accdfaac3f07ce7ef481dcc5696a2e2a1b906178fee0e083f392f13b,20,20,,
"포켓몬스터 하트골드 (Korea, IPKK, header ROM version 0)","포켓몬스터 소울실버 (Korea, IPGK, header ROM version 0)",/a/0/5/5,equal,551,551,,,af9c152be51774c02a69ded3f4eee22c50e801c4207707457d0307cf9f003328,af9c152be51774c02a69ded3f4eee22c50e801c4207707457d0307cf9f003328,20,20,,
"포켓몬스터 하트골드 (Korea, IPKK, header ROM version 0)","포켓몬스터 소울실버 (Korea, IPGK, header ROM version 0)",/a/0/5/5,equal,552,552,,,3c86304a567a2975c454332ba5fe0d4f16097472c2366e6c732f8dcf5b6cf2af,3c86304a567a2975c454332ba5fe0d4f16097472c2366e6c732f8dcf5b6cf2af,20,20,,
"포켓몬스터 하트골드 (Korea, IPKK, header ROM version 0)","포켓몬스터 소울실버 (Korea, IPGK, header ROM version 0)",/a/0/5/5,equal,553,553,,,9de645f77c535c363a394a02ff73ffb153e1e0858393c34a14af0e0a36332212,9de645f77c535c363a394a02ff73ffb153e1e0858393c34a14af0e0a36332212,20,20,,
"포켓몬스터 하트골드 (Korea, IPKK, header ROM version 0)","포켓몬스터 소울실버 (Korea, IPGK, header ROM version 0)",/a/0/5/5,equal,554,554,,,17a03c1062225f80ab447249f2671ba4ea35fcf1a51fc99258b9148e22ff2cdd,17a03c1062225f80ab447249f2671ba4ea35fcf1a51fc99258b9148e22ff2cdd,20,20,,
"포켓몬스터 하트골드 (Korea, IPKK, header ROM version 0)","포켓몬스터 소울실버 (Korea, IPGK, header ROM version 0)",/a/0/5/5,equal,555,555,,,878510e5b08ae70138cb8e793f19d7dd262c1aa43a797ed53c862f4412ec0756,878510e5b08ae70138cb8e793f19d7dd262c1aa43a797ed53c862f4412ec0756,20,20,,
"포켓몬스터 하트골드 (Korea, IPKK, header ROM version 0)","포켓몬스터 소울실버 (Korea, IPGK, header ROM version 0)",/a/0/5/5,equal,556,556,,,878510e5b08ae70138cb8e793f19d7dd262c1aa43a797ed53c862f4412ec0756,878510e5b08ae70138cb8e793f19d7dd262c1aa43a797ed53c862f4412ec0756,20,20,,
"포켓몬스터 하트골드 (Korea, IPKK, header ROM version 0)","포켓몬스터 소울실버 (Korea, IPGK, header ROM version 0)",/a/0/5/5,equal,557,557,,,7508904ef7c0c3923105712a3f60ec97954e3a617905c936fa14bb5acee19cb6,7508904ef7c0c3923105712a3f60ec97954e3a617905c936fa14bb5acee19cb6,20,20,,
"포켓몬스터 하트골드 (Korea, IPKK, header ROM version 0)","포켓몬스터 소울실버 (Korea, IPGK, header ROM version 0)",/a/0/5/5,equal,558,558,,,89cadf6c50a617afc1a66ba02dcb1cafd710427bfc98d640e6ba7b9159fa675a,89cadf6c50a617afc1a66ba02dcb1cafd710427bfc98d640e6ba7b9159fa675a,20,20,,
"포켓몬스터 하트골드 (Korea, IPKK, header ROM version 0)","포켓몬스터 소울실버 (Korea, IPGK, header ROM version 0)",/a/0/5/5,equal,559,559,,,9de645f77c535c363a394a02ff73ffb153e1e0858393c34a14af0e0a36332212,9de645f77c535c363a394a02ff73ffb153e1e0858393c34a14af0e0a36332212,20,20,,
"포켓몬스터 하트골드 (Korea, IPKK, header ROM version 0)","포켓몬스터 소울실버 (Korea, IPGK, header ROM version 0)",/a/0/5/5,equal,560,560,,,c2e36a298cefb0a2ef3dd1de9fbb6af02125bab5a3b39fbd075f9d1365de26fc,c2e36a298cefb0a2ef3dd1de9fbb6af02125bab5a3b39fbd075f9d1365de26fc,20,20,,
"포켓몬스터 하트골드 (Korea, IPKK, header ROM version 0)","포켓몬스터 소울실버 (Korea, IPGK, header ROM version 0)",/a/0/5/5,equal,561,561,,,c2e36a298cefb0a2ef3dd1de9fbb6af02125bab5a3b39fbd075f9d1365de26fc,c2e36a298cefb0a2ef3dd1de9fbb6af02125bab5a3b39fbd075f9d1365de26fc,20,20,,
"포켓몬스터 하트골드 (Korea, IPKK, header ROM version 0)","포켓몬스터 소울실버 (Korea, IPGK, header ROM version 0)",/a/0/5/5,equal,562,562,,,d07b48a1cd885c4b366f70cff8aa7d3a5b0ab5d0432fc931b0c39a504d4bd6c6,d07b48a1cd885c4b366f70cff8aa7d3a5b0ab5d0432fc931b0c39a504d4bd6c6,20,20,,
"포켓몬스터 하트골드 (Korea, IPKK, header ROM version 0)","포켓몬스터 소울실버 (Korea, IPGK, header ROM version 0)",/a/0/5/5,equal,563,563,,,d07b48a1cd885c4b366f70cff8aa7d3a5b0ab5d0432fc931b0c39a504d4bd6c6,d07b48a1cd885c4b366f70cff8aa7d3a5b0ab5d0432fc931b0c39a504d4bd6c6,20,20,,
"포켓몬스터 하트골드 (Korea, IPKK, header ROM version 0)","포켓몬스터 소울실버 (Korea, IPGK, header ROM version 0)",/a/0/5/5,equal,564,564,,,fd7fa1a052926c8f656a1172d3a36164bdb71dd6070f3ee2b67412b95a983448,fd7fa1a052926c8f656a1172d3a36164bdb71dd6070f3ee2b67412b95a983448,20,20,,
"포켓몬스터 하트골드 (Korea, IPKK, header ROM version 0)","포켓몬스터 소울실버 (Korea, IPGK, header ROM version 0)",/a/0/5/5,equal,565,565,,,7eefd60ce66bac8ec7f692cbcecf217079e853f908e106af2351fa80da08ba2a,7eefd60ce66bac8ec7f692cbcecf217079e853f908e106af2351fa80da08ba2a,20,20,,
"포켓몬스터 하트골드 (Korea, IPKK, header ROM version 0)","포켓몬스터 소울실버 (Korea, IPGK, header ROM version 0)",/a/0/5/5,equal,566,566,,,f228f7732588319d04d1e1cb8a6cc7d6ab61d08af02771eab18097bdb4cd98ec,f228f7732588319d04d1e1cb8a6cc7d6ab61d08af02771eab18097bdb4cd98ec,20,20,,
"포켓몬스터 하트골드 (Korea, IPKK, header ROM version 0)","포켓몬스터 소울실버 (Korea, IPGK, header ROM version 0)",/a/0/5/5,equal,567,567,,,22468112ee037ae69642c0d80f56fd5008b19e355dc0859b13933b4b6b4828d8,22468112ee037ae69642c0d80f56fd5008b19e355dc0859b13933b4b6b4828d8,20,20,,
"포켓몬스터 하트골드 (Korea, IPKK, header ROM version 0)","포켓몬스터 소울실버 (Korea, IPGK, header ROM version 0)",/a/0/5/5,equal,568,568,,,edaa7ef634e238a220f880a9ce339b9bd9ea83a909be51529eb2acc8a9d6600d,edaa7ef634e238a220f880a9ce339b9bd9ea83a909be51529eb2acc8a9d6600d,20,20,,
"포켓몬스터 하트골드 (Korea, IPKK, header ROM version 0)","포켓몬스터 소울실버 (Korea, IPGK, header ROM version 0)",/a/0/5/5,equal,569,569,,,fa9078fad7d27aaf90778a2338ee2546034307a45a8c870bbf8ae9e429bd6daf,fa9078fad7d27aaf90778a2338ee2546034307a45a8c870bbf8ae9e429bd6daf,20,20,,
"포켓몬스터 하트골드 (Korea, IPKK, header ROM version 0)","포켓몬스터 소울실버 (Korea, IPGK, header ROM version 0)",/a/0/5/5,equal,570,570,,,22970985609404c6f3f16e8dfe99932783f018bbfac013586914e21789da87ad,22970985609404c6f3f16e8dfe99932783f018bbfac013586914e21789da87ad,20,20,,
"포켓몬스터 하트골드 (Korea, IPKK, header ROM version 0)","포켓몬스터 소울실버 (Korea, IPGK, header ROM version 0)",/a/0/5/5,equal,571,571,,,d7f99edff4f5045b7136af92f61a44909cad5331128848a2e927ab246cc3d2ce,d7f99edff4f5045b7136af92f61a44909cad5331128848a2e927ab246cc3d2ce,20,20,,
"포켓몬스터 하트골드 (Korea, IPKK, header ROM version 0)","포켓몬스터 소울실버 (Korea, IPGK, header ROM version 0)",/a/0/5/5,equal,572,572,,,417955f69de303c6534d7db08e98ade89c9d908d2f1c13af6c5d65c122af20ba,417955f69de303c6534d7db08e98ade89c9d908d2f1c13af6c5d65c122af20ba,20,20,,
"포켓몬스터 하트골드 (Korea, IPKK, header ROM version 0)","포켓몬스터 소울실버 (Korea, IPGK, header ROM version 0)",/a/0/5/5,equal,573,573,,,326b8f4ea42f79d6b4e8bc3027b675b2de6323f680d40d96daeba6320881cbe1,326b8f4ea42f79d6b4e8bc3027b675b2de6323f680d40d96daeba6320881cbe1,20,20,,
"포켓몬스터 하트골드 (Korea, IPKK, header ROM version 0)","포켓몬스터 소울실버 (Korea, IPGK, header ROM version 0)",/a/0/5/5,equal,574,574,,,968e1ca775f6742247206223b2d3838c38914daaaf6c15790833de158fc4305f,968e1ca775f6742247206223b2d3838c38914daaaf6c15790833de158fc4305f,20,20,,
"포켓몬스터 하트골드 (Korea, IPKK, header ROM version 0)","포켓몬스터 소울실버 (Korea, IPGK, header ROM version 0)",/a/0/5/5,equal,575,575,,,a1185f0b25007cfaab378992cad134a5782d27d2bc2efd2f654634dc2bd29337,a1185f0b25007cfaab378992cad134a5782d27d2bc2efd2f654634dc2bd29337,20,20,,
"포켓몬스터 하트골드 (Korea, IPKK, header ROM version 0)","포켓몬스터 소울실버 (Korea, IPGK, header ROM version 0)",/a/0/5/5,equal,576,576,,,968e1ca775f6742247206223b2d3838c38914daaaf6c15790833de158fc4305f,968e1ca775f6742247206223b2d3838c38914daaaf6c15790833de158fc4305f,20,20,,
"포켓몬스터 하트골드 (Korea, IPKK, header ROM version 0)","포켓몬스터 소울실버 (Korea, IPGK, header ROM version 0)",/a/0/5/5,equal,577,577,,,968e1ca775f6742247206223b2d3838c38914daaaf6c15790833de158fc4305f,968e1ca775f6742247206223b2d3838c38914daaaf6c15790833de158fc4305f,20,20,,
"포켓몬스터 하트골드 (Korea, IPKK, header ROM version 0)","포켓몬스터 소울실버 (Korea, IPGK, header ROM version 0)",/a/0/5/5,equal,578,578,,,968e1ca775f6742247206223b2d3838c38914daaaf6c15790833de158fc4305f,968e1ca775f6742247206223b2d3838c38914daaaf6c15790833de158fc4305f,20,20,,
"포켓몬스터 하트골드 (Korea, IPKK, header ROM version 0)","포켓몬스터 소울실버 (Korea, IPGK, header ROM version 0)",/a/0/5/5,equal,579,579,,,326b8f4ea42f79d6b4e8bc3027b675b2de6323f680d40d96daeba6320881cbe1,326b8f4ea42f79d6b4e8bc3027b675b2de6323f680d40d96daeba6320881cbe1,20,20,,
"포켓몬스터 하트골드 (Korea, IPKK, header ROM version 0)","포켓몬스터 소울실버 (Korea, IPGK, header ROM version 0)",/a/0/5/5,equal,580,580,,,427f1b9fce4bee4c505e5e7663d9eff215228088ea732d5a822005cbfb37edab,427f1b9fce4bee4c505e5e7663d9eff215228088ea732d5a822005cbfb37edab,20,20,,
"포켓몬스터 하트골드 (Korea, IPKK, header ROM version 0)","포켓몬스터 소울실버 (Korea, IPGK, header ROM version 0)",/a/0/5/5,equal,581,581,,,d07b48a1cd885c4b366f70cff8aa7d3a5b0ab5d0432fc931b0c39a504d4bd6c6,d07b48a1cd885c4b366f70cff8aa7d3a5b0ab5d0432fc931b0c39a504d4bd6c6,20,20,,
"포켓몬스터 하트골드 (Korea, IPKK, header ROM version 0)","포켓몬스터 소울실버 (Korea, IPGK, header ROM version 0)",/a/0/5/5,equal,582,582,,,d07b48a1cd885c4b366f70cff8aa7d3a5b0ab5d0432fc931b0c39a504d4bd6c6,d07b48a1cd885c4b366f70cff8aa7d3a5b0ab5d0432fc931b0c39a504d4bd6c6,20,20,,
"포켓몬스터 하트골드 (Korea, IPKK, header ROM version 0)","포켓몬스터 소울실버 (Korea, IPGK, header ROM version 0)",/a/0/5/5,equal,583,583,,,878510e5b08ae70138cb8e793f19d7dd262c1aa43a797ed53c862f4412ec0756,878510e5b08ae70138cb8e793f19d7dd262c1aa43a797ed53c862f4412ec0756,20,20,,
"포켓몬스터 하트골드 (Korea, IPKK, header ROM version 0)","포켓몬스터 소울실버 (Korea, IPGK, header ROM version 0)",/a/0/5/5,equal,584,584,,,7eefd60ce66bac8ec7f692cbcecf217079e853f908e106af2351fa80da08ba2a,7eefd60ce66bac8ec7f692cbcecf217079e853f908e106af2351fa80da08ba2a,20,20,,
"포켓몬스터 하트골드 (Korea, IPKK, header ROM version 0)","포켓몬스터 소울실버 (Korea, IPGK, header ROM version 0)",/a/0/5/5,equal,585,585,,,18511ef3fcbdb61024a8d40e95f835a09724b352c64766988d93a01d1aaaba83,18511ef3fcbdb61024a8d40e95f835a09724b352c64766988d93a01d1aaaba83,20,20,,
"포켓몬스터 하트골드 (Korea, IPKK, header ROM version 0)","포켓몬스터 소울실버 (Korea, IPGK, header ROM version 0)",/a/0/5/5,equal,586,586,,,18511ef3fcbdb61024a8d40e95f835a09724b352c64766988d93a01d1aaaba83,18511ef3fcbdb61024a8d40e95f835a09724b352c64766988d93a01d1aaaba83,20,20,,
"포켓몬스터 하트골드 (Korea, IPKK, header ROM version 0)","포켓몬스터 소울실버 (Korea, IPGK, header ROM version 0)",/a/0/5/5,equal,587,587,,,3733eb1bb157dfa9a516a4064ab8d6d83a326a23a7de723fdcb184f1ce63d307,3733eb1bb157dfa9a516a4064ab8d6d83a326a23a7de723fdcb184f1ce63d307,20,20,,
"포켓몬스터 하트골드 (Korea, IPKK, header ROM version 0)","포켓몬스터 소울실버 (Korea, IPGK, header ROM version 0)",/a/0/5/5,equal,588,588,,,0ac405de6ee3a2aff85fd8871d38cbf2db02180b22112c4973d7061c221455d9,0ac405de6ee3a2aff85fd8871d38cbf2db02180b22112c4973d7061c221455d9,20,20,,
"포켓몬스터 하트골드 (Korea, IPKK, header ROM version 0)","포켓몬스터 소울실버 (Korea, IPGK, header ROM version 0)",/a/0/5/5,equal,589,589,,,926fb1ec1bf3a14052f824429908f5995d95b2e3db563f653d1492d68c4d4583,926fb1ec1bf3a14052f824429908f5995d95b2e3db563f653d1492d68c4d4583,20,20,,
"포켓몬스터 하트골드 (Korea, IPKK, header ROM version 0)","포켓몬스터 소울실버 (Korea, IPGK, header ROM version 0)",/a/0/5/5,equal,590,590,,,63f74978c3c77ebd308951b15a8795b762d7a81ae9599249c21c473d9a6378ee,63f74978c3c77ebd308951b15a8795b762d7a81ae9599249c21c473d9a6378ee,20,20,,
"포켓몬스터 하트골드 (Korea, IPKK, header ROM version 0)","포켓몬스터 소울실버 (Korea, IPGK, header ROM version 0)",/a/0/5/5,equal,591,591,,,bd6b7fbcac26d129530d7859cd0579500dbc0f3c015ceb1c528d4a8f09a95de8,bd6b7fbcac26d129530d7859cd0579500dbc0f3c015ceb1c528d4a8f09a95de8,20,20,,
"포켓몬스터 하트골드 (Korea, IPKK, header ROM version 0)","포켓몬스터 소울실버 (Korea, IPGK, header ROM version 0)",/a/0/5/5,equal,592,592,,,25e6510e2eeafb3a95ae645435fabc40731ac226970ee8242e361d734147dee7,25e6510e2eeafb3a95ae645435fabc40731ac226970ee8242e361d734147dee7,20,20,,
"포켓몬스터 하트골드 (Korea, IPKK, header ROM version 0)","포켓몬스터 소울실버 (Korea, IPGK, header ROM version 0)",/a/0/5/5,equal,593,593,,,3733eb1bb157dfa9a516a4064ab8d6d83a326a23a7de723fdcb184f1ce63d307,3733eb1bb157dfa9a516a4064ab8d6d83a326a23a7de723fdcb184f1ce63d307,20,20,,
"포켓몬스터 하트골드 (Korea, IPKK, header ROM version 0)","포켓몬스터 소울실버 (Korea, IPGK, header ROM version 0)",/a/0/5/5,equal,594,594,,,18511ef3fcbdb61024a8d40e95f835a09724b352c64766988d93a01d1aaaba83,18511ef3fcbdb61024a8d40e95f835a09724b352c64766988d93a01d1aaaba83,20,20,,
"포켓몬스터 하트골드 (Korea, IPKK, header ROM version 0)","포켓몬스터 소울실버 (Korea, IPGK, header ROM version 0)",/a/0/5/5,equal,595,595,,,18511ef3fcbdb61024a8d40e95f835a09724b352c64766988d93a01d1aaaba83,18511ef3fcbdb61024a8d40e95f835a09724b352c64766988d93a01d1aaaba83,20,20,,
"포켓몬스터 하트골드 (Korea, IPKK, header ROM version 0)","포켓몬스터 소울실버 (Korea, IPGK, header ROM version 0)",/a/0/5/5,equal,596,596,,,901608d8bad16f055541e1036af187c38e07cdc8e939d30840b714cb6731ba00,901608d8bad16f055541e1036af187c38e07cdc8e939d30840b714cb6731ba00,20,20,,
"포켓몬스터 하트골드 (Korea, IPKK, header ROM version 0)","포켓몬스터 소울실버 (Korea, IPGK, header ROM version 0)",/a/0/5/5,equal,597,597,,,1f620e607d8b75ec1eb3de3742e0404d3f733c2eb000a26325b0e72e3238b7f5,1f620e607d8b75ec1eb3de3742e0404d3f733c2eb000a26325b0e72e3238b7f5,20,20,,
"포켓몬스터 하트골드 (Korea, IPKK, header ROM version 0)","포켓몬스터 소울실버 (Korea, IPGK, header ROM version 0)",/a/0/5/5,equal,598,598,,,8379eff1de0d54863bcabde2c6b9290d79a6960884ff57b21b562c56508f4871,8379eff1de0d54863bcabde2c6b9290d79a6960884ff57b21b562c56508f4871,20,20,,
"포켓몬스터 하트골드 (Korea, IPKK, header ROM version 0)","포켓몬스터 소울실버 (Korea, IPGK, header ROM version 0)",/a/0/5/5,equal,599,599,,,c2e36a298cefb0a2ef3dd1de9fbb6af02125bab5a3b39fbd075f9d1365de26fc,c2e36a298cefb0a2ef3dd1de9fbb6af02125bab5a3b39fbd075f9d1365de26fc,20,20,,
"포켓몬스터 하트골드 (Korea, IPKK, header ROM version 0)","포켓몬스터 소울실버 (Korea, IPGK, header ROM version 0)",/a/0/5/5,equal,600,600,,,d07b48a1cd885c4b366f70cff8aa7d3a5b0ab5d0432fc931b0c39a504d4bd6c6,d07b48a1cd885c4b366f70cff8aa7d3a5b0ab5d0432fc931b0c39a504d4bd6c6,20,20,,
"포켓몬스터 하트골드 (Korea, IPKK, header ROM version 0)","포켓몬스터 소울실버 (Korea, IPGK, header ROM version 0)",/a/0/5/5,equal,601,601,,,a874a77e2d20414882496bc77cdc47778f14ab88752d7dea89959999984d3eb6,a874a77e2d20414882496bc77cdc47778f14ab88752d7dea89959999984d3eb6,20,20,,
"포켓몬스터 하트골드 (Korea, IPKK, header ROM version 0)","포켓몬스터 소울실버 (Korea, IPGK, header ROM version 0)",/a/0/5/5,equal,602,602,,,8bda91676f0b4c8d3a9e8815980d1cedc3510aa105c7c89d0cefd8fe8525d4d5,8bda91676f0b4c8d3a9e8815980d1cedc3510aa105c7c89d0cefd8fe8525d4d5,20,20,,
"포켓몬스터 하트골드 (Korea, IPKK, header ROM version 0)","포켓몬스터 소울실버 (Korea, IPGK, header ROM version 0)",/a/0/5/5,equal,603,603,,,f67ebe5658fa8fb6e64130ce3a019b8a87dec051b9c2cc3a51e0cea65b534c05,f67ebe5658fa8fb6e64130ce3a019b8a87dec051b9c2cc3a51e0cea65b534c05,20,20,,
"포켓몬스터 하트골드 (Korea, IPKK, header ROM version 0)","포켓몬스터 소울실버 (Korea, IPGK, header ROM version 0)",/a/0/5/5,equal,604,604,,,c0a17457076bc8e1a1e42696d51977124b6589ead42e4abdd4ef5f22e29d6fec,c0a17457076bc8e1a1e42696d51977124b6589ead42e4abdd4ef5f22e29d6fec,20,20,,
"포켓몬스터 하트골드 (Korea, IPKK, header ROM version 0)","포켓몬스터 소울실버 (Korea, IPGK, header ROM version 0)",/a/0/5/5,equal,605,605,,,b95fe7c32bf8e4a135b90b204a9914a4b055e03ad6221fc095ef3ab7af4257c8,b95fe7c32bf8e4a135b90b204a9914a4b055e03ad6221fc095ef3ab7af4257c8,20,20,,
"포켓몬스터 하트골드 (Korea, IPKK, header ROM version 0)","포켓몬스터 소울실버 (Korea, IPGK, header ROM version 0)",/a/0/5/5,equal,606,606,,,af9c152be51774c02a69ded3f4eee22c50e801c4207707457d0307cf9f003328,af9c152be51774c02a69ded3f4eee22c50e801c4207707457d0307cf9f003328,20,20,,
"포켓몬스터 하트골드 (Korea, IPKK, header ROM version 0)","포켓몬스터 소울실버 (Korea, IPGK, header ROM version 0)",/a/0/5/5,equal,607,607,,,ddf96b815e7a4e33604ffe0a26a86f65ec78ebb5c5fb295881f5b4bb9f4d5ad5,ddf96b815e7a4e33604ffe0a26a86f65ec78ebb5c5fb295881f5b4bb9f4d5ad5,20,20,,
"포켓몬스터 하트골드 (Korea, IPKK, header ROM version 0)","포켓몬스터 소울실버 (Korea, IPGK, header ROM version 0)",/a/0/5/5,equal,608,608,,,89cadf6c50a617afc1a66ba02dcb1cafd710427bfc98d640e6ba7b9159fa675a,89cadf6c50a617afc1a66ba02dcb1cafd710427bfc98d640e6ba7b9159fa675a,20,20,,
"포켓몬스터 하트골드 (Korea, IPKK, header ROM version 0)","포켓몬스터 소울실버 (Korea, IPGK, header ROM version 0)",/a/0/5/5,equal,609,609,,,1c25a04e193861417a33cec1eb68f1a2457036075950d34af7f975d7833cb567,1c25a04e193861417a33cec1eb68f1a2457036075950d34af7f975d7833cb567,20,20,,
"포켓몬스터 하트골드 (Korea, IPKK, header ROM version 0)","포켓몬스터 소울실버 (Korea, IPGK, header ROM version 0)",/a/0/5/5,equal,610,610,,,bb760d5d696d04bc2d18f1585a7518b971a86b92303fe8ac0a02ede3937702e4,bb760d5d696d04bc2d18f1585a7518b971a86b92303fe8ac0a02ede3937702e4,20,20,,
"포켓몬스터 하트골드 (Korea, IPKK, header ROM version 0)","포켓몬스터 소울실버 (Korea, IPGK, header ROM version 0)",/a/0/5/5,equal,611,611,,,c15e45261921d17e900f96be71382f34820423816e3caf84bdd789d2e9f978f3,c15e45261921d17e900f96be71382f34820423816e3caf84bdd789d2e9f978f3,20,20,,
"포켓몬스터 하트골드 (Korea, IPKK, header ROM version 0)","포켓몬스터 소울실버 (Korea, IPGK, header ROM version 0)",/a/0/5/5,equal,612,612,,,901608d8bad16f055541e1036af187c38e07cdc8e939d30840b714cb6731ba00,901608d8bad16f055541e1036af187c38e07cdc8e939d30840b714cb6731ba00,20,20,,
"포켓몬스터 하트골드 (Korea, IPKK, header ROM version 0)","포켓몬스터 소울실버 (Korea, IPGK, header ROM version 0)",/a/0/5/5,equal,613,613,,,aa039a09f0f48fdc9cbcfdf57b22741f7d661e09917854495b4da5abe6572c08,aa039a09f0f48fdc9cbcfdf57b22741f7d661e09917854495b4da5abe6572c08,20,20,,
"포켓몬스터 하트골드 (Korea, IPKK, header ROM version 0)","포켓몬스터 소울실버 (Korea, IPGK, header ROM version 0)",/a/0/5/5,equal,614,614,,,aa039a09f0f48fdc9cbcfdf57b22741f7d661e09917854495b4da5abe6572c08,aa039a09f0f48fdc9cbcfdf57b22741f7d661e09917854495b4da5abe6572c08,20,20,,
"포켓몬스터 하트골드 (Korea, IPKK, header ROM version 0)","포켓몬스터 소울실버 (Korea, IPGK, header ROM version 0)",/a/0/5/5,equal,615,615,,,aa039a09f0f48fdc9cbcfdf57b22741f7d661e09917854495b4da5abe6572c08,aa039a09f0f48fdc9cbcfdf57b22741f7d661e09917854495b4da5abe6572c08,20,20,,
"포켓몬스터 하트골드 (Korea, IPKK, header ROM version 0)","포켓몬스터 소울실버 (Korea, IPGK, header ROM version 0)",/a/0/5/5,equal,616,616,,,3c86304a567a2975c454332ba5fe0d4f16097472c2366e6c732f8dcf5b6cf2af,3c86304a567a2975c454332ba5fe0d4f16097472c2366e6c732f8dcf5b6cf2af,20,20,,
"포켓몬스터 하트골드 (Korea, IPKK, header ROM version 0)","포켓몬스터 소울실버 (Korea, IPGK, header ROM version 0)",/a/0/5/5,equal,617,617,,,3c86304a567a2975c454332ba5fe0d4f16097472c2366e6c732f8dcf5b6cf2af,3c86304a567a2975c454332ba5fe0d4f16097472c2366e6c732f8dcf5b6cf2af,20,20,,
"포켓몬스터 하트골드 (Korea, IPKK, header ROM version 0)","포켓몬스터 소울실버 (Korea, IPGK, header ROM version 0)",/a/0/5/5,equal,618,618,,,3c86304a567a2975c454332ba5fe0d4f16097472c2366e6c732f8dcf5b6cf2af,3c86304a567a2975c454332ba5fe0d4f16097472c2366e6c732f8dcf5b6cf2af,20,20,,
"포켓몬스터 하트골드 (Korea, IPKK, header ROM version 0)","포켓몬스터 소울실버 (Korea, IPGK, header ROM version 0)",/a/0/5/5,equal,619,619,,,c7eb451748be988722e3509a928d1617e671289e9ea6424297bdcf27964b58fe,c7eb451748be988722e3509a928d1617e671289e9ea6424297bdcf27964b58fe,20,20,,
"포켓몬스터 하트골드 (Korea, IPKK, header ROM version 0)","포켓몬스터 소울실버 (Korea, IPGK, header ROM version 0)",/a/0/5/5,equal,620,620,,,c7eb451748be988722e3509a928d1617e671289e9ea6424297bdcf27964b58fe,c7eb451748be988722e3509a928d1617e671289e9ea6424297bdcf27964b58fe,20,20,,
"포켓몬스터 하트골드 (Korea, IPKK, header ROM version 0)","포켓몬스터 소울실버 (Korea, IPGK, header ROM version 0)",/a/0/5/5,equal,621,621,,,1336d200a7cb7e6b8a429657e8bbb628032053c546c2a182814b01979e9dd364,1336d200a7cb7e6b8a429657e8bbb628032053c546c2a182814b01979e9dd364,20,20,,
"포켓몬스터 하트골드 (Korea, IPKK, header ROM version 0)","포켓몬스터 소울실버 (Korea, IPGK, header ROM version 0)",/a/0/5/5,equal,622,622,,,fe2bf26b72d5949cc35d6fd335037f07a2ca8b19a9c940914042cc80514e15b9,fe2bf26b72d5949cc35d6fd335037f07a2ca8b19a9c940914042cc80514e15b9,20,20,,
"포켓몬스터 하트골드 (Korea, IPKK, header ROM version 0)","포켓몬스터 소울실버 (Korea, IPGK, header ROM version 0)",/a/0/5/5,equal,623,623,,,fe2bf26b72d5949cc35d6fd335037f07a2ca8b19a9c940914042cc80514e15b9,fe2bf26b72d5949cc35d6fd335037f07a2ca8b19a9c940914042cc80514e15b9,20,20,,
"포켓몬스터 하트골드 (Korea, IPKK, header ROM version 0)","포켓몬스터 소울실버 (Korea, IPGK, header ROM version 0)",/a/0/5/5,equal,624,624,,,fe2bf26b72d5949cc35d6fd335037f07a2ca8b19a9c940914042cc80514e15b9,fe2bf26b72d5949cc35d6fd335037f07a2ca8b19a9c940914042cc80514e15b9,20,20,,
"포켓몬스터 하트골드 (Korea, IPKK, header ROM version 0)","포켓몬스터 소울실버 (Korea, IPGK, header ROM version 0)",/a/0/5/5,equal,625,625,,,fe2bf26b72d5949cc35d6fd335037f07a2ca8b19a9c940914042cc80514e15b9,fe2bf26b72d5949cc35d6fd335037f07a2ca8b19a9c940914042cc80514e15b9,20,20,,
"포켓몬스터 하트골드 (Korea, IPKK, header ROM version 0)","포켓몬스터 소울실버 (Korea, IPGK, header ROM version 0)",/a/0/5/5,equal,626,626,,,fe2bf26b72d5949cc35d6fd335037f07a2ca8b19a9c940914042cc80514e15b9,fe2bf26b72d5949cc35d6fd335037f07a2ca8b19a9c940914042cc80514e15b9,20,20,,
"포켓몬스터 하트골드 (Korea, IPKK, header ROM version 0)","포켓몬스터 소울실버 (Korea, IPGK, header ROM version 0)",/a/0/5/5,equal,627,627,,,fe2bf26b72d5949cc35d6fd335037f07a2ca8b19a9c940914042cc80514e15b9,fe2bf26b72d5949cc35d6fd335037f07a2ca8b19a9c940914042cc80514e15b9,20,20,,
"포켓몬스터 하트골드 (Korea, IPKK, header ROM version 0)","포켓몬스터 소울실버 (Korea, IPGK, header ROM version 0)",/a/0/5/5,equal,628,628,,,be04c405e37b0956d8427ae72c11d3160b8677beb4b2a9fb0e5a3fd25b8d417a,be04c405e37b0956d8427ae72c11d3160b8677beb4b2a9fb0e5a3fd25b8d417a,20,20,,
"포켓몬스터 하트골드 (Korea, IPKK, header ROM version 0)","포켓몬스터 소울실버 (Korea, IPGK, header ROM version 0)",/a/0/5/5,equal,629,629,,,be04c405e37b0956d8427ae72c11d3160b8677beb4b2a9fb0e5a3fd25b8d417a,be04c405e37b0956d8427ae72c11d3160b8677beb4b2a9fb0e5a3fd25b8d417a,20,20,,
"포켓몬스터 하트골드 (Korea, IPKK, header ROM version 0)","포켓몬스터 소울실버 (Korea, IPGK, header ROM version 0)",/a/0/5/5,equal,630,630,,,be04c405e37b0956d8427ae72c11d3160b8677beb4b2a9fb0e5a3fd25b8d417a,be04c405e37b0956d8427ae72c11d3160b8677beb4b2a9fb0e5a3fd25b8d417a,20,20,,
"포켓몬스터 하트골드 (Korea, IPKK, header ROM version 0)","포켓몬스터 소울실버 (Korea, IPGK, header ROM version 0)",/a/0/5/5,equal,631,631,,,326b8f4ea42f79d6b4e8bc3027b675b2de6323f680d40d96daeba6320881cbe1,326b8f4ea42f79d6b4e8bc3027b675b2de6323f680d40d96daeba6320881cbe1,20,20,,
"포켓몬스터 하트골드 (Korea, IPKK, header ROM version 0)","포켓몬스터 소울실버 (Korea, IPGK, header ROM version 0)",/a/0/5/5,equal,632,632,,,326b8f4ea42f79d6b4e8bc3027b675b2de6323f680d40d96daeba6320881cbe1,326b8f4ea42f79d6b4e8bc3027b675b2de6323f680d40d96daeba6320881cbe1,20,20,,
"포켓몬스터 하트골드 (Korea, IPKK, header ROM version 0)","포켓몬스터 소울실버 (Korea, IPGK, header ROM version 0)",/a/0/5/5,equal,633,633,,,a1185f0b25007cfaab378992cad134a5782d27d2bc2efd2f654634dc2bd29337,a1185f0b25007cfaab378992cad134a5782d27d2bc2efd2f654634dc2bd29337,20,20,,
"포켓몬스터 하트골드 (Korea, IPKK, header ROM version 0)","포켓몬스터 소울실버 (Korea, IPGK, header ROM version 0)",/a/0/5/5,equal,634,634,,,326b8f4ea42f79d6b4e8bc3027b675b2de6323f680d40d96daeba6320881cbe1,326b8f4ea42f79d6b4e8bc3027b675b2de6323f680d40d96daeba6320881cbe1,20,20,,
"포켓몬스터 하트골드 (Korea, IPKK, header ROM version 0)","포켓몬스터 소울실버 (Korea, IPGK, header ROM version 0)",/a/0/5/5,equal,635,635,,,326b8f4ea42f79d6b4e8bc3027b675b2de6323f680d40d96daeba6320881cbe1,326b8f4ea42f79d6b4e8bc3027b675b2de6323f680d40d96daeba6320881cbe1,20,20,,
"포켓몬스터 하트골드 (Korea, IPKK, header ROM version 0)","포켓몬스터 소울실버 (Korea, IPGK, header ROM version 0)",/a/0/5/5,equal,636,636,,,326b8f4ea42f79d6b4e8bc3027b675b2de6323f680d40d96daeba6320881cbe1,326b8f4ea42f79d6b4e8bc3027b675b2de6323f680d40d96daeba6320881cbe1,20,20,,
"포켓몬스터 하트골드 (Korea, IPKK, header ROM version 0)","포켓몬스터 소울실버 (Korea, IPGK, header ROM version 0)",/a/0/5/5,equal,637,637,,,ea758a9a90c0d582779d0015206e36f708f2d8469667c642691c12d75aa472bd,ea758a9a90c0d582779d0015206e36f708f2d8469667c642691c12d75aa472bd,20,20,,
"포켓몬스터 하트골드 (Korea, IPKK, header ROM version 0)","포켓몬스터 소울실버 (Korea, IPGK, header ROM version 0)",/a/0/5/5,equal,638,638,,,ea758a9a90c0d582779d0015206e36f708f2d8469667c642691c12d75aa472bd,ea758a9a90c0d582779d0015206e36f708f2d8469667c642691c12d75aa472bd,20,20,,
"포켓몬스터 하트골드 (Korea, IPKK, header ROM version 0)","포켓몬스터 소울실버 (Korea, IPGK, header ROM version 0)",/a/0/5/5,equal,639,639,,,ea758a9a90c0d582779d0015206e36f708f2d8469667c642691c12d75aa472bd,ea758a9a90c0d582779d0015206e36f708f2d8469667c642691c12d75aa472bd,20,20,,
"포켓몬스터 하트골드 (Korea, IPKK, header ROM version 0)","포켓몬스터 소울실버 (Korea, IPGK, header ROM version 0)",/a/0/5/5,equal,640,640,,,6c043ffd1e11a3607d3176bb44721acce55d605aa0bb6232b0bb1ea468eaf7e5,6c043ffd1e11a3607d3176bb44721acce55d605aa0bb6232b0bb1ea468eaf7e5,20,20,,
"포켓몬스터 하트골드 (Korea, IPKK, header ROM version 0)","포켓몬스터 소울실버 (Korea, IPGK, header ROM version 0)",/a/0/5/5,equal,641,641,,,6c043ffd1e11a3607d3176bb44721acce55d605aa0bb6232b0bb1ea468eaf7e5,6c043ffd1e11a3607d3176bb44721acce55d605aa0bb6232b0bb1ea468eaf7e5,20,20,,
"포켓몬스터 하트골드 (Korea, IPKK, header ROM version 0)","포켓몬스터 소울실버 (Korea, IPGK, header ROM version 0)",/a/0/5/5,equal,642,642,,,b9020bdec98f7cf78a9a9cf78a426cceaf73d54e7e0f7cd2983e24eafaade270,b9020bdec98f7cf78a9a9cf78a426cceaf73d54e7e0f7cd2983e24eafaade270,20,20,,
"포켓몬스터 하트골드 (Korea, IPKK, header ROM version 0)","포켓몬스터 소울실버 (Korea, IPGK, header ROM version 0)",/a/0/5/5,equal,643,643,,,fa9078fad7d27aaf90778a2338ee2546034307a45a8c870bbf8ae9e429bd6daf,fa9078fad7d27aaf90778a2338ee2546034307a45a8c870bbf8ae9e429bd6daf,20,20,,
"포켓몬스터 하트골드 (Korea, IPKK, header ROM version 0)","포켓몬스터 소울실버 (Korea, IPGK, header ROM version 0)",/a/0/5/5,equal,644,644,,,fa9078fad7d27aaf90778a2338ee2546034307a45a8c870bbf8ae9e429bd6daf,fa9078fad7d27aaf90778a2338ee2546034307a45a8c870bbf8ae9e429bd6daf,20,20,,
"포켓몬스터 하트골드 (Korea, IPKK, header ROM version 0)","포켓몬스터 소울실버 (Korea, IPGK, header ROM version 0)",/a/0/5/5,equal,645,645,,,fa9078fad7d27aaf90778a2338ee2546034307a45a8c870bbf8ae9e429bd6daf,fa9078fad7d27aaf90778a2338ee2546034307a45a8c870bbf8ae9e429bd6daf,20,20,,
"포켓몬스터 하트골드 (Korea, IPKK, header ROM version 0)","포켓몬스터 소울실버 (Korea, IPGK, header ROM version 0)",/a/0/5/5,equal,646,646,,,878510e5b08ae70138cb8e793f19d7dd262c1aa43a797ed53c862f4412ec0756,878510e5b08ae70138cb8e793f19d7dd262c1aa43a797ed53c862f4412ec0756,20,20,,
"포켓몬스터 하트골드 (Korea, IPKK, header ROM version 0)","포켓몬스터 소울실버 (Korea, IPGK, header ROM version 0)",/a/0/5/5,equal,647,647,,,878510e5b08ae70138cb8e793f19d7dd262c1aa43a797ed53c862f4412ec0756,878510e5b08ae70138cb8e793f19d7dd262c1aa43a797ed53c862f4412ec0756,20,20,,
"포켓몬스터 하트골드 (Korea, IPKK, header ROM version 0)","포켓몬스터 소울실버 (Korea, IPGK, header ROM version 0)",/a/0/5/5,equal,648,648,,,878510e5b08ae70138cb8e793f19d7dd262c1aa43a797ed53c862f4412ec0756,878510e5b08ae70138cb8e793f19d7dd262c1aa43a797ed53c862f4412ec0756,20,20,,
"포켓몬스터 하트골드 (Korea, IPKK, header ROM version 0)","포켓몬스터 소울실버 (Korea, IPGK, header ROM version 0)",/a/0/5/5,equal,649,649,,,6c043ffd1e11a3607d3176bb44721acce55d605aa0bb6232b0bb1ea468eaf7e5,6c043ffd1e11a3607d3176bb44721acce55d605aa0bb6232b0bb1ea468eaf7e5,20,20,,
"포켓몬스터 하트골드 (Korea, IPKK, header ROM version 0)","포켓몬스터 소울실버 (Korea, IPGK, header ROM version 0)",/a/0/5/5,equal,650,650,,,6c043ffd1e11a3607d3176bb44721acce55d605aa0bb6232b0bb1ea468eaf7e5,6c043ffd1e11a3607d3176bb44721acce55d605aa0bb6232b0bb1ea468eaf7e5,20,20,,
"포켓몬스터 하트골드 (Korea, IPKK, header ROM version 0)","포켓몬스터 소울실버 (Korea, IPGK, header ROM version 0)",/a/0/5/5,equal,651,651,,,6c043ffd1e11a3607d3176bb44721acce55d605aa0bb6232b0bb1ea468eaf7e5,6c043ffd1e11a3607d3176bb44721acce55d605aa0bb6232b0bb1ea468eaf7e5,20,20,,
"포켓몬스터 하트골드 (Korea, IPKK, header ROM version 0)","포켓몬스터 소울실버 (Korea, IPGK, header ROM version 0)",/a/0/5/5,equal,652,652,,,9de645f77c535c363a394a02ff73ffb153e1e0858393c34a14af0e0a36332212,9de645f77c535c363a394a02ff73ffb153e1e0858393c34a14af0e0a36332212,20,20,,
"포켓몬스터 하트골드 (Korea, IPKK, header ROM version 0)","포켓몬스터 소울실버 (Korea, IPGK, header ROM version 0)",/a/0/5/5,equal,653,653,,,890d6eb67864359c3d73e5ff13f4850b3b09ebd8798924666bcd02db36331a16,890d6eb67864359c3d73e5ff13f4850b3b09ebd8798924666bcd02db36331a16,20,20,,
"포켓몬스터 하트골드 (Korea, IPKK, header ROM version 0)","포켓몬스터 소울실버 (Korea, IPGK, header ROM version 0)",/a/0/5/5,equal,654,654,,,890d6eb67864359c3d73e5ff13f4850b3b09ebd8798924666bcd02db36331a16,890d6eb67864359c3d73e5ff13f4850b3b09ebd8798924666bcd02db36331a16,20,20,,
"포켓몬스터 하트골드 (Korea, IPKK, header ROM version 0)","포켓몬스터 소울실버 (Korea, IPGK, header ROM version 0)",/a/0/5/5,equal,655,655,,,041aaddf45b6e6351346250931efebe628ed6469ce569471d27a03994e081ee6,041aaddf45b6e6351346250931efebe628ed6469ce569471d27a03994e081ee6,20,20,,
"포켓몬스터 하트골드 (Korea, IPKK, header ROM version 0)","포켓몬스터 소울실버 (Korea, IPGK, header ROM version 0)",/a/0/5/5,equal,656,656,,,041aaddf45b6e6351346250931efebe628ed6469ce569471d27a03994e081ee6,041aaddf45b6e6351346250931efebe628ed6469ce569471d27a03994e081ee6,20,20,,
"포켓몬스터 하트골드 (Korea, IPKK, header ROM version 0)","포켓몬스터 소울실버 (Korea, IPGK, header ROM version 0)",/a/0/5/5,equal,657,657,,,041aaddf45b6e6351346250931efebe628ed6469ce569471d27a03994e081ee6,041aaddf45b6e6351346250931efebe628ed6469ce569471d27a03994e081ee6,20,20,,
"포켓몬스터 하트골드 (Korea, IPKK, header ROM version 0)","포켓몬스터 소울실버 (Korea, IPGK, header ROM version 0)",/a/0/5/5,equal,658,658,,,6aac620ddb9f44ea6dfcd9baf586ea05e4e153c25bf89054b771e1d1c0f2a62d,6aac620ddb9f44ea6dfcd9baf586ea05e4e153c25bf89054b771e1d1c0f2a62d,20,20,,
"포켓몬스터 하트골드 (Korea, IPKK, header ROM version 0)","포켓몬스터 소울실버 (Korea, IPGK, header ROM version 0)",/a/0/5/5,equal,659,659,,,1e31dff30577a84078f5b22c2cae2fbba754d699fdff35eb11ffd9504b768d6c,1e31dff30577a84078f5b22c2cae2fbba754d699fdff35eb11ffd9504b768d6c,20,20,,
"포켓몬스터 하트골드 (Korea, IPKK, header ROM version 0)","포켓몬스터 소울실버 (Korea, IPGK, header ROM version 0)",/a/0/5/5,equal,660,660,,,1e31dff30577a84078f5b22c2cae2fbba754d699fdff35eb11ffd9504b768d6c,1e31dff30577a84078f5b22c2cae2fbba754d699fdff35eb11ffd9504b768d6c,20,20,,
"포켓몬스터 하트골드 (Korea, IPKK, header ROM version 0)","포켓몬스터 소울실버 (Korea, IPGK, header ROM version 0)",/a/0/5/5,equal,661,661,,,89cadf6c50a617afc1a66ba02dcb1cafd710427bfc98d640e6ba7b9159fa675a,89cadf6c50a617afc1a66ba02dcb1cafd710427bfc98d640e6ba7b9159fa675a,20,20,,
"포켓몬스터 하트골드 (Korea, IPKK, header ROM version 0)","포켓몬스터 소울실버 (Korea, IPGK, header ROM version 0)",/a/0/5/5,equal,662,662,,,926fb1ec1bf3a14052f824429908f5995d95b2e3db563f653d1492d68c4d4583,926fb1ec1bf3a14052f824429908f5995d95b2e3db563f653d1492d68c4d4583,20,20,,
"포켓몬스터 하트골드 (Korea, IPKK, header ROM version 0)","포켓몬스터 소울실버 (Korea, IPGK, header ROM version 0)",/a/0/5/5,equal,663,663,,,926fb1ec1bf3a14052f824429908f5995d95b2e3db563f653d1492d68c4d4583,926fb1ec1bf3a14052f824429908f5995d95b2e3db563f653d1492d68c4d4583,20,20,,
"포켓몬스터 하트골드 (Korea, IPKK, header ROM version 0)","포켓몬스터 소울실버 (Korea, IPGK, header ROM version 0)",/a/0/5/5,equal,664,664,,,926fb1ec1bf3a14052f824429908f5995d95b2e3db563f653d1492d68c4d4583,926fb1ec1bf3a14052f824429908f5995d95b2e3db563f653d1492d68c4d4583,20,20,,
"포켓몬스터 하트골드 (Korea, IPKK, header ROM version 0)","포켓몬스터 소울실버 (Korea, IPGK, header ROM version 0)",/a/0/5/5,equal,665,665,,,26de5eca617a02882ce17c66bc2202703b0d3aafaf37b05b132e51949e86071c,26de5eca617a02882ce17c66bc2202703b0d3aafaf37b05b132e51949e86071c,20,20,,
"포켓몬스터 하트골드 (Korea, IPKK, header ROM version 0)","포켓몬스터 소울실버 (Korea, IPGK, header ROM version 0)",/a/0/5/5,equal,666,666,,,6214e0befd5c93e262b89a676b84390d2554d72f6591873e29c95f8d79cdafb6,6214e0befd5c93e262b89a676b84390d2554d72f6591873e29c95f8d79cdafb6,20,20,,
"포켓몬스터 하트골드 (Korea, IPKK, header ROM version 0)","포켓몬스터 소울실버 (Korea, IPGK, header ROM version 0)",/a/0/5/5,equal,667,667,,,6a6c4086a6111cebff2ddfea5c10500df1967db6e4f93c0fbe17647f5c01e8e3,6a6c4086a6111cebff2ddfea5c10500df1967db6e4f93c0fbe17647f5c01e8e3,20,20,,
"포켓몬스터 하트골드 (Korea, IPKK, header ROM version 0)","포켓몬스터 소울실버 (Korea, IPGK, header ROM version 0)",/a/0/5/5,equal,668,668,,,43b8ca5bed897b938e3f3f866845245f775b3a5ff236df07358dbad2b642dce4,43b8ca5bed897b938e3f3f866845245f775b3a5ff236df07358dbad2b642dce4,20,20,,
"포켓몬스터 하트골드 (Korea, IPKK, header ROM version 0)","포켓몬스터 소울실버 (Korea, IPGK, header ROM version 0)",/a/0/5/5,equal,669,669,,,721c5a56f3065dbf81b0f74ba088fbbb194708bd27880bc8c81bd831ee664164,721c5a56f3065dbf81b0f74ba088fbbb194708bd27880bc8c81bd831ee664164,20,20,,
"포켓몬스터 하트골드 (Korea, IPKK, header ROM version 0)","포켓몬스터 소울실버 (Korea, IPGK, header ROM version 0)",/a/0/5/5,equal,670,670,,,f3386e9fc01968c1715ad3b8284e7a67577283b8b0356233ec402178e810c6dd,f3386e9fc01968c1715ad3b8284e7a67577283b8b0356233ec402178e810c6dd,20,20,,
"포켓몬스터 하트골드 (Korea, IPKK, header ROM version 0)","포켓몬스터 소울실버 (Korea, IPGK, header ROM version 0)",/a/0/5/5,equal,671,671,,,fe20afaf7d4adae770429d84fc8396fb8e73552d471e6b749874d24ac01a9d84,fe20afaf7d4adae770429d84fc8396fb8e73552d471e6b749874d24ac01a9d84,20,20,,
"포켓몬스터 하트골드 (Korea, IPKK, header ROM version 0)","포켓몬스터 소울실버 (Korea, IPGK, header ROM version 0)",/a/0/5/5,equal,672,672,,,17a03c1062225f80ab447249f2671ba4ea35fcf1a51fc99258b9148e22ff2cdd,17a03c1062225f80ab447249f2671ba4ea35fcf1a51fc99258b9148e22ff2cdd,20,20,,
"포켓몬스터 하트골드 (Korea, IPKK, header ROM version 0)","포켓몬스터 소울실버 (Korea, IPGK, header ROM version 0)",/a/0/5/5,equal,673,673,,,17a03c1062225f80ab447249f2671ba4ea35fcf1a51fc99258b9148e22ff2cdd,17a03c1062225f80ab447249f2671ba4ea35fcf1a51fc99258b9148e22ff2cdd,20,20,,
"포켓몬스터 하트골드 (Korea, IPKK, header ROM version 0)","포켓몬스터 소울실버 (Korea, IPGK, header ROM version 0)",/a/0/5/5,equal,674,674,,,b7d03768e923e128cb454b687a26319e355098a2b69148c08c5cee8e04951869,b7d03768e923e128cb454b687a26319e355098a2b69148c08c5cee8e04951869,20,20,,
"포켓몬스터 하트골드 (Korea, IPKK, header ROM version 0)","포켓몬스터 소울실버 (Korea, IPGK, header ROM version 0)",/a/0/5/5,equal,675,675,,,b7e7b32818ee9ffc5158320deee44426040772c3bf237a0812d423f8292129c7,b7e7b32818ee9ffc5158320deee44426040772c3bf237a0812d423f8292129c7,20,20,,
"포켓몬스터 하트골드 (Korea, IPKK, header ROM version 0)","포켓몬스터 소울실버 (Korea, IPGK, header ROM version 0)",/a/0/5/5,equal,676,676,,,d855dc24a36eb25ce8627de2cd164e50d333d841940b3783850d05d5a251831c,d855dc24a36eb25ce8627de2cd164e50d333d841940b3783850d05d5a251831c,20,20,,
"포켓몬스터 하트골드 (Korea, IPKK, header ROM version 0)","포켓몬스터 소울실버 (Korea, IPGK, header ROM version 0)",/a/0/5/5,equal,677,677,,,10d0603ca39e1440e02448eb5907caf1a71c51f9796bc05de45f960d27b20c5d,10d0603ca39e1440e02448eb5907caf1a71c51f9796bc05de45f960d27b20c5d,20,20,,
"포켓몬스터 하트골드 (Korea, IPKK, header ROM version 0)","포켓몬스터 소울실버 (Korea, IPGK, header ROM version 0)",/a/0/5/5,equal,678,678,,,25e6510e2eeafb3a95ae645435fabc40731ac226970ee8242e361d734147dee7,25e6510e2eeafb3a95ae645435fabc40731ac226970ee8242e361d734147dee7,20,20,,
"포켓몬스터 하트골드 (Korea, IPKK, header ROM version 0)","포켓몬스터 소울실버 (Korea, IPGK, header ROM version 0)",/a/0/5/5,equal,679,679,,,571ad93b7d058f1b4ce57b9b916b04e39d5f4db6f77412dce5b9e82c84171a96,571ad93b7d058f1b4ce57b9b916b04e39d5f4db6f77412dce5b9e82c84171a96,20,20,,
"포켓몬스터 하트골드 (Korea, IPKK, header ROM version 0)","포켓몬스터 소울실버 (Korea, IPGK, header ROM version 0)",/a/0/5/5,equal,680,680,,,571ad93b7d058f1b4ce57b9b916b04e39d5f4db6f77412dce5b9e82c84171a96,571ad93b7d058f1b4ce57b9b916b04e39d5f4db6f77412dce5b9e82c84171a96,20,20,,
"포켓몬스터 하트골드 (Korea, IPKK, header ROM version 0)","포켓몬스터 소울실버 (Korea, IPGK, header ROM version 0)",/a/0/5/5,equal,681,681,,,316484c2c0e16e48f8a4bb02a6d5d2c96a9a0787351c0b6dd7ae13c6d6212424,316484c2c0e16e48f8a4bb02a6d5d2c96a9a0787351c0b6dd7ae13c6d6212424,20,20,,
"포켓몬스터 하트골드 (Korea, IPKK, header ROM version 0)","포켓몬스터 소울실버 (Korea, IPGK, header ROM version 0)",/a/0/5/5,equal,682,682,,,316484c2c0e16e48f8a4bb02a6d5d2c96a9a0787351c0b6dd7ae13c6d6212424,316484c2c0e16e48f8a4bb02a6d5d2c96a9a0787351c0b6dd7ae13c6d6212424,20,20,,
"포켓몬스터 하트골드 (Korea, IPKK, header ROM version 0)","포켓몬스터 소울실버 (Korea, IPGK, header ROM version 0)",/a/0/5/5,equal,683,683,,,7f61721795af47e9e4793e1f55deaf3182b64407a08ef9ffb63eb526f0319245,7f61721795af47e9e4793e1f55deaf3182b64407a08ef9ffb63eb526f0319245,20,20,,
"포켓몬스터 하트골드 (Korea, IPKK, header ROM version 0)","포켓몬스터 소울실버 (Korea, IPGK, header ROM version 0)",/a/0/5/5,equal,684,684,,,3e2d62f2c3eed635f3291689f465e206a017a9776d9bd7ae370c8e33dbeea008,3e2d62f2c3eed635f3291689f465e206a017a9776d9bd7ae370c8e33dbeea008,20,20,,
"포켓몬스터 하트골드 (Korea, IPKK, header ROM version 0)","포켓몬스터 소울실버 (Korea, IPGK, header ROM version 0)",/a/0/5/5,equal,685,685,,,7111533e4286d263abc4b236ad526054e490d1fa118160d382bc11da790265de,7111533e4286d263abc4b236ad526054e490d1fa118160d382bc11da790265de,20,20,,
"포켓몬스터 하트골드 (Korea, IPKK, header ROM version 0)","포켓몬스터 소울실버 (Korea, IPGK, header ROM version 0)",/a/0/5/5,equal,686,686,,,9df9517a8f7a1d46d48a59424c77b24f010eb5c92c25c28dc5337b3b3dc335fe,9df9517a8f7a1d46d48a59424c77b24f010eb5c92c25c28dc5337b3b3dc335fe,20,20,,
"포켓몬스터 하트골드 (Korea, IPKK, header ROM version 0)","포켓몬스터 소울실버 (Korea, IPGK, header ROM version 0)",/a/0/5/5,equal,687,687,,,9df9517a8f7a1d46d48a59424c77b24f010eb5c92c25c28dc5337b3b3dc335fe,9df9517a8f7a1d46d48a59424c77b24f010eb5c92c25c28dc5337b3b3dc335fe,20,20,,
"포켓몬스터 하트골드 (Korea, IPKK, header ROM version 0)","포켓몬스터 소울실버 (Korea, IPGK, header ROM version 0)",/a/0/5/5,equal,688,688,,,527b1fbf998701a838161f7f3d793b2d7ad75753114b2224b093454671a020fe,527b1fbf998701a838161f7f3d793b2d7ad75753114b2224b093454671a020fe,20,20,,
"포켓몬스터 하트골드 (Korea, IPKK, header ROM version 0)","포켓몬스터 소울실버 (Korea, IPGK, header ROM version 0)",/a/0/5/5,equal,689,689,,,78cf5058a53b0eff74743ee7cc4b15b8ebb7e1e7022ce03ab87a3d078c264f9f,78cf5058a53b0eff74743ee7cc4b15b8ebb7e1e7022ce03ab87a3d078c264f9f,20,20,,
"포켓몬스터 하트골드 (Korea, IPKK, header ROM version 0)","포켓몬스터 소울실버 (Korea, IPGK, header ROM version 0)",/a/0/5/5,equal,690,690,,,78cf5058a53b0eff74743ee7cc4b15b8ebb7e1e7022ce03ab87a3d078c264f9f,78cf5058a53b0eff74743ee7cc4b15b8ebb7e1e7022ce03ab87a3d078c264f9f,20,20,,
"포켓몬스터 하트골드 (Korea, IPKK, header ROM version 0)","포켓몬스터 소울실버 (Korea, IPGK, header ROM version 0)",/a/0/5/5,equal,691,691,,,78cf5058a53b0eff74743ee7cc4b15b8ebb7e1e7022ce03ab87a3d078c264f9f,78cf5058a53b0eff74743ee7cc4b15b8ebb7e1e7022ce03ab87a3d078c264f9f,20,20,,
"포켓몬스터 하트골드 (Korea, IPKK, header ROM version 0)","포켓몬스터 소울실버 (Korea, IPGK, header ROM version 0)",/a/0/5/5,equal,692,692,,,360f8c92ee652a48335efb2287211e78e1faf733d3c587ec4cafa7c20b1681d6,360f8c92ee652a48335efb2287211e78e1faf733d3c587ec4cafa7c20b1681d6,20,20,,
"포켓몬스터 하트골드 (Korea, IPKK, header ROM version 0)","포켓몬스터 소울실버 (Korea, IPGK, header ROM version 0)",/a/0/5/5,equal,693,693,,,360f8c92ee652a48335efb2287211e78e1faf733d3c587ec4cafa7c20b1681d6,360f8c92ee652a48335efb2287211e78e1faf733d3c587ec4cafa7c20b1681d6,20,20,,
"포켓몬스터 하트골드 (Korea, IPKK, header ROM version 0)","포켓몬스터 소울실버 (Korea, IPGK, header ROM version 0)",/a/0/5/5,equal,694,694,,,360f8c92ee652a48335efb2287211e78e1faf733d3c587ec4cafa7c20b1681d6,360f8c92ee652a48335efb2287211e78e1faf733d3c587ec4cafa7c20b1681d6,20,20,,
"포켓몬스터 하트골드 (Korea, IPKK, header ROM version 0)","포켓몬스터 소울실버 (Korea, IPGK, header ROM version 0)",/a/0/5/5,equal,695,695,,,fe2bf26b72d5949cc35d6fd335037f07a2ca8b19a9c940914042cc80514e15b9,fe2bf26b72d5949cc35d6fd335037f07a2ca8b19a9c940914042cc80514e15b9,20,20,,
"포켓몬스터 하트골드 (Korea, IPKK, header ROM version 0)","포켓몬스터 소울실버 (Korea, IPGK, header ROM version 0)",/a/0/5/5,equal,696,696,,,f14fda7fee5d224c2a48a5e95b5730b30308212ef4e44767705ad41bd9feae88,f14fda7fee5d224c2a48a5e95b5730b30308212ef4e44767705ad41bd9feae88,20,20,,
"포켓몬스터 하트골드 (Korea, IPKK, header ROM version 0)","포켓몬스터 소울실버 (Korea, IPGK, header ROM version 0)",/a/0/5/5,equal,697,697,,,44e5c00e3a9a1464f5613ef9f532a9abb90b1bf59aa9a3fc14eddadb5103973c,44e5c00e3a9a1464f5613ef9f532a9abb90b1bf59aa9a3fc14eddadb5103973c,20,20,,
"포켓몬스터 하트골드 (Korea, IPKK, header ROM version 0)","포켓몬스터 소울실버 (Korea, IPGK, header ROM version 0)",/a/0/5/5,equal,698,698,,,44e5c00e3a9a1464f5613ef9f532a9abb90b1bf59aa9a3fc14eddadb5103973c,44e5c00e3a9a1464f5613ef9f532a9abb90b1bf59aa9a3fc14eddadb5103973c,20,20,,
"포켓몬스터 하트골드 (Korea, IPKK, header ROM version 0)","포켓몬스터 소울실버 (Korea, IPGK, header ROM version 0)",/a/0/5/5,equal,699,699,,,44e5c00e3a9a1464f5613ef9f532a9abb90b1bf59aa9a3fc14eddadb5103973c,44e5c00e3a9a1464f5613ef9f532a9abb90b1bf59aa9a3fc14eddadb5103973c,20,20,,
"포켓몬스터 하트골드 (Korea, IPKK, header ROM version 0)","포켓몬스터 소울실버 (Korea, IPGK, header ROM version 0)",/a/0/5/5,equal,700,700,,,61ed4f2b54e4376c30d601aa596c783841051d8d2264a743a1636392acfe83f6,61ed4f2b54e4376c30d601aa596c783841051d8d2264a743a1636392acfe83f6,20,20,,
"포켓몬스터 하트골드 (Korea, IPKK, header ROM version 0)","포켓몬스터 소울실버 (Korea, IPGK, header ROM version 0)",/a/0/5/5,equal,701,701,,,4107229c737ba932c05e01251bce9744c7327f0ddbd6a4496c47a64fd135fce6,4107229c737ba932c05e01251bce9744c7327f0ddbd6a4496c47a64fd135fce6,20,20,,
"포켓몬스터 하트골드 (Korea, IPKK, header ROM version 0)","포켓몬스터 소울실버 (Korea, IPGK, header ROM version 0)",/a/0/5/5,equal,702,702,,,99be186266e3a9bf7ebd422707f33b5b5ba3df8d040cdcdb360f092c67b0ab19,99be186266e3a9bf7ebd422707f33b5b5ba3df8d040cdcdb360f092c67b0ab19,20,20,,
"포켓몬스터 하트골드 (Korea, IPKK, header ROM version 0)","포켓몬스터 소울실버 (Korea, IPGK, header ROM version 0)",/a/0/5/5,equal,703,703,,,bc917cee8d5690383077480b5bd8af6461d0eb1e6d3bfef27814d4bd03ebcbe0,bc917cee8d5690383077480b5bd8af6461d0eb1e6d3bfef27814d4bd03ebcbe0,20,20,,
"포켓몬스터 하트골드 (Korea, IPKK, header ROM version 0)","포켓몬스터 소울실버 (Korea, IPGK, header ROM version 0)",/a/0/5/5,equal,704,704,,,d6b60d1793cec5fa8eb5ce7763ca37e27a11b54e499d3772dd6b9d7bc3d7bb4b,d6b60d1793cec5fa8eb5ce7763ca37e27a11b54e499d3772dd6b9d7bc3d7bb4b,20,20,,
"포켓몬스터 하트골드 (Korea, IPKK, header ROM version 0)","포켓몬스터 소울실버 (Korea, IPGK, header ROM version 0)",/a/0/5/5,equal,705,705,,,db1bbc5a63f918ba100f293cec233cc745b144af9839ed270ce46e7ebc8301f5,db1bbc5a63f918ba100f293cec233cc745b144af9839ed270ce46e7ebc8301f5,20,20,,
"포켓몬스터 하트골드 (Korea, IPKK, header ROM version 0)","포켓몬스터 소울실버 (Korea, IPGK, header ROM version 0)",/a/0/5/5,equal,706,706,,,39e71a79cb64fd4310f16b827be5e0682784f1756082f74da8c52390a4d786ed,39e71a79cb64fd4310f16b827be5e0682784f1756082f74da8c52390a4d786ed,20,20,,
"포켓몬스터 하트골드 (Korea, IPKK, header ROM version 0)","포켓몬스터 소울실버 (Korea, IPGK, header ROM version 0)",/a/0/5/5,equal,707,707,,,2ae600926e0b8509cd70f1046852bd100912731c0d7536279ef1cdc05927b187,2ae600926e0b8509cd70f1046852bd100912731c0d7536279ef1cdc05927b187,20,20,,
"포켓몬스터 하트골드 (Korea, IPKK, header ROM version 0)","포켓몬스터 소울실버 (Korea, IPGK, header ROM version 0)",/a/0/5/5,equal,708,708,,,81e3ca926a302e07fc6d419363fdca19ca5dca1427843bc5efeddafcbdcec0cb,81e3ca926a302e07fc6d419363fdca19ca5dca1427843bc5efeddafcbdcec0cb,20,20,,
"포켓몬스터 하트골드 (Korea, IPKK, header ROM version 0)","포켓몬스터 소울실버 (Korea, IPGK, header ROM version 0)",/a/0/5/5,equal,709,709,,,7f2df72cac2edf0934d1fe353086e7a98f65dc4eaae5a95b3b8972b150c40ec0,7f2df72cac2edf0934d1fe353086e7a98f65dc4eaae5a95b3b8972b150c40ec0,20,20,,
"포켓몬스터 하트골드 (Korea, IPKK, header ROM version 0)","포켓몬스터 소울실버 (Korea, IPGK, header ROM version 0)",/a/0/5/5,equal,710,710,,,aad6bfabb62c37319f91d6ad219733645ebb360a7ca05ecf1139f7fc0df15b33,aad6bfabb62c37319f91d6ad219733645ebb360a7ca05ecf1139f7fc0df15b33,20,20,,
"포켓몬스터 하트골드 (Korea, IPKK, header ROM version 0)","포켓몬스터 소울실버 (Korea, IPGK, header ROM version 0)",/a/0/5/5,equal,711,711,,,f8849ad8a59af760760c6c94f052f6de77c615270cbbcb7d642320b0392d10ef,f8849ad8a59af760760c6c94f052f6de77c615270cbbcb7d642320b0392d10ef,20,20,,
"포켓몬스터 하트골드 (Korea, IPKK, header ROM version 0)","포켓몬스터 소울실버 (Korea, IPGK, header ROM version 0)",/a/0/5/5,equal,712,712,,,a048eb322331885cd1517a33530c8af4b36f403ac13ee56c15bed215f4aadc74,a048eb322331885cd1517a33530c8af4b36f403ac13ee56c15bed215f4aadc74,20,20,,
"포켓몬스터 하트골드 (Korea, IPKK, header ROM version 0)","포켓몬스터 소울실버 (Korea, IPGK, header ROM version 0)",/a/0/5/5,equal,713,713,,,35ea7d484b0688ff6857e786ee665a28ca836bf482f9dfc1fc436bb4dec6b734,35ea7d484b0688ff6857e786ee665a28ca836bf482f9dfc1fc436bb4dec6b734,20,20,,
"포켓몬스터 하트골드 (Korea, IPKK, header ROM version 0)","포켓몬스터 소울실버 (Korea, IPGK, header ROM version 0)",/a/0/5/5,equal,714,714,,,1e618327b066df220a018ef32f1ce2384a8088a17ad53d0f7b4c9feedbb5f3d7,1e618327b066df220a018ef32f1ce2384a8088a17ad53d0f7b4c9feedbb5f3d7,20,20,,
"포켓몬스터 하트골드 (Korea, IPKK, header ROM version 0)","포켓몬스터 소울실버 (Korea, IPGK, header ROM version 0)",/a/0/5/5,equal,715,715,,,463371e8a5a6c9c0cb153e891cc4900588b335e2dc9ed0c73e8742d3e06d14c3,463371e8a5a6c9c0cb153e891cc4900588b335e2dc9ed0c73e8742d3e06d14c3,20,20,,
"포켓몬스터 하트골드 (Korea, IPKK, header ROM version 0)","포켓몬스터 소울실버 (Korea, IPGK, header ROM version 0)",/a/0/5/5,equal,716,716,,,93f0da12af91ff2544482a56434c961bb38546bfecaca040e2489bba8e6b9ced,93f0da12af91ff2544482a56434c961bb38546bfecaca040e2489bba8e6b9ced,20,20,,
"포켓몬스터 하트골드 (Korea, IPKK, header ROM version 0)","포켓몬스터 소울실버 (Korea, IPGK, header ROM version 0)",/a/0/5/5,equal,717,717,,,02b2a51f279c2b60965e31d4b8972897a8c49129f4c6ca738fd599e9e3d959ee,02b2a51f279c2b60965e31d4b8972897a8c49129f4c6ca738fd599e9e3d959ee,20,20,,
"포켓몬스터 하트골드 (Korea, IPKK, header ROM version 0)","포켓몬스터 소울실버 (Korea, IPGK, header ROM version 0)",/a/0/5/5,equal,718,718,,,74551f51d587a4e498594e4fba503dd086d6b9a80b061b2995249cf46461ac1b,74551f51d587a4e498594e4fba503dd086d6b9a80b061b2995249cf46461ac1b,20,20,,
"포켓몬스터 하트골드 (Korea, IPKK, header ROM version 0)","포켓몬스터 소울실버 (Korea, IPGK, header ROM version 0)",/a/0/5/5,equal,719,719,,,69ed0eabfc8394cc68275712e0dae5514fff19035a769a38db6edb94edd7fff4,69ed0eabfc8394cc68275712e0dae5514fff19035a769a38db6edb94edd7fff4,20,20,,
"포켓몬스터 하트골드 (Korea, IPKK, header ROM version 0)","포켓몬스터 소울실버 (Korea, IPGK, header ROM version 0)",/a/0/5/5,equal,720,720,,,70029a3fee4cfda505bdd244929c3756d9a92540ddc6e39c1fd988e97293fdad,70029a3fee4cfda505bdd244929c3756d9a92540ddc6e39c1fd988e97293fdad,20,20,,
"포켓몬스터 하트골드 (Korea, IPKK, header ROM version 0)","포켓몬스터 소울실버 (Korea, IPGK, header ROM version 0)",/a/0/5/5,equal,721,721,,,14f7cf62cf554a04cd741ab24a07ae7a93166c8d6bd11834010359b040d8242d,14f7cf62cf554a04cd741ab24a07ae7a93166c8d6bd11834010359b040d8242d,20,20,,
"포켓몬스터 하트골드 (Korea, IPKK, header ROM version 0)","포켓몬스터 소울실버 (Korea, IPGK, header ROM version 0)",/a/0/5/5,equal,722,722,,,a1f5a9bfba0e6b985349fefa8614b79c4a4246275a9f362b89503a19ce48098a,a1f5a9bfba0e6b985349fefa8614b79c4a4246275a9f362b89503a19ce48098a,20,20,,
"포켓몬스터 하트골드 (Korea, IPKK, header ROM version 0)","포켓몬스터 소울실버 (Korea, IPGK, header ROM version 0)",/a/0/5/5,equal,723,723,,,b513d316e8406d583235a3f96a6589910ae8749bf7a9086a9cd2884ae169d8bf,b513d316e8406d583235a3f96a6589910ae8749bf7a9086a9cd2884ae169d8bf,20,20,,
"포켓몬스터 하트골드 (Korea, IPKK, header ROM version 0)","포켓몬스터 소울실버 (Korea, IPGK, header ROM version 0)",/a/0/5/5,equal,724,724,,,161e0e75c071fe49ca8f18a72f78ebd03719c2d9f764b75d02c7a3c547b2643c,161e0e75c071fe49ca8f18a72f78ebd03719c2d9f764b75d02c7a3c547b2643c,20,20,,
"포켓몬스터 하트골드 (Korea, IPKK, header ROM version 0)","포켓몬스터 소울실버 (Korea, IPGK, header ROM version 0)",/a/0/5/5,equal,725,725,,,19b87ed1db78a30a96b5ab9ffd3c402cc3d6e07dce948145491dd2df33d20a33,19b87ed1db78a30a96b5ab9ffd3c402cc3d6e07dce948145491dd2df33d20a33,20,20,,
"포켓몬스터 하트골드 (Korea, IPKK, header ROM version 0)","포켓몬스터 소울실버 (Korea, IPGK, header ROM version 0)",/a/0/5/5,equal,726,726,,,e099689f2b04f2894692330c7eeb7b5746141e2e5b5aac08f96afc300e337e5b,e099689f2b04f2894692330c7eeb7b5746141e2e5b5aac08f96afc300e337e5b,20,20,,
"포켓몬스터 하트골드 (Korea, IPKK, header ROM version 0)","포켓몬스터 소울실버 (Korea, IPGK, header ROM version 0)",/a/0/5/5,equal,727,727,,,28b96dd9df91471abd8f99bb358c2574fd67adc7dfae1f417e8e57509582eb19,28b96dd9df91471abd8f99bb358c2574fd67adc7dfae1f417e8e57509582eb19,20,20,,
"포켓몬스터 하트골드 (Korea, IPKK, header ROM version 0)","포켓몬스터 소울실버 (Korea, IPGK, header ROM version 0)",/a/0/5/5,equal,728,728,,,f4b3515d9b78f862d111bfd9aa2b0a3660ef1dcabbbf170214f794af7f8adc75,f4b3515d9b78f862d111bfd9aa2b0a3660ef1dcabbbf170214f794af7f8adc75,20,20,,
"포켓몬스터 하트골드 (Korea, IPKK, header ROM version 0)","포켓몬스터 소울실버 (Korea, IPGK, header ROM version 0)",/a/0/5/5,equal,729,729,,,9de645f77c535c363a394a02ff73ffb153e1e0858393c34a14af0e0a36332212,9de645f77c535c363a394a02ff73ffb153e1e0858393c34a14af0e0a36332212,20,20,,
"포켓몬스터 하트골드 (Korea, IPKK, header ROM version 0)","포켓몬스터 소울실버 (Korea, IPGK, header ROM version 0)",/a/0/5/5,equal,730,730,,,a789706b3ad3fcd8d02e7d3b8b7eac66304524ba72087c09a65817e4f3f1a66b,a789706b3ad3fcd8d02e7d3b8b7eac66304524ba72087c09a65817e4f3f1a66b,20,20,,
"포켓몬스터 하트골드 (Korea, IPKK, header ROM version 0)","포켓몬스터 소울실버 (Korea, IPGK, header ROM version 0)",/a/0/5/5,equal,731,731,,,840efda5ef7497e8e0f78a9cab7d4c48b4dd6a5e19571dc7196bc8d70fb11351,840efda5ef7497e8e0f78a9cab7d4c48b4dd6a5e19571dc7196bc8d70fb11351,20,20,,
"포켓몬스터 하트골드 (Korea, IPKK, header ROM version 0)","포켓몬스터 소울실버 (Korea, IPGK, header ROM version 0)",/a/0/5/5,equal,732,732,,,6aac620ddb9f44ea6dfcd9baf586ea05e4e153c25bf89054b771e1d1c0f2a62d,6aac620ddb9f44ea6dfcd9baf586ea05e4e153c25bf89054b771e1d1c0f2a62d,20,20,,
"포켓몬스터 하트골드 (Korea, IPKK, header ROM version 0)","포켓몬스터 소울실버 (Korea, IPGK, header ROM version 0)",/a/0/5/5,equal,733,733,,,08595f8b2a725564ee438ee8fa574cb5301106b937f1498da3294fd33341fc1a,08595f8b2a725564ee438ee8fa574cb5301106b937f1498da3294fd33341fc1a,20,20,,
"포켓몬스터 하트골드 (Korea, IPKK, header ROM version 0)","포켓몬스터 소울실버 (Korea, IPGK, header ROM version 0)",/a/0/5/5,equal,734,734,,,4e89fa8c783150322a86b47cce2b78f4dc694fe85b02ce932cec30dd88466330,4e89fa8c783150322a86b47cce2b78f4dc694fe85b02ce932cec30dd88466330,20,20,,
"포켓몬스터 하트골드 (Korea, IPKK, header ROM version 0)","포켓몬스터 소울실버 (Korea, IPGK, header ROM version 0)",/a/0/5/5,equal,735,735,,,72b4e12385634dfb7807a89be7d7e35f7442c5f2cf8ee14377e6f7c82743b0e8,72b4e12385634dfb7807a89be7d7e35f7442c5f2cf8ee14377e6f7c82743b0e8,20,20,,
"포켓몬스터 하트골드 (Korea, IPKK, header ROM version 0)","포켓몬스터 소울실버 (Korea, IPGK, header ROM version 0)",/a/0/5/5,equal,736,736,,,72b4e12385634dfb7807a89be7d7e35f7442c5f2cf8ee14377e6f7c82743b0e8,72b4e12385634dfb7807a89be7d7e35f7442c5f2cf8ee14377e6f7c82743b0e8,20,20,,
"포켓몬스터 하트골드 (Korea, IPKK, header ROM version 0)","포켓몬스터 소울실버 (Korea, IPGK, header ROM version 0)",/a/0/5/5,equal,737,737,,,72b4e12385634dfb7807a89be7d7e35f7442c5f2cf8ee14377e6f7c82743b0e8,72b4e12385634dfb7807a89be7d7e35f7442c5f2cf8ee14377e6f7c82743b0e8,20,20,,
"포켓몬스터 하트골드 (Korea, IPKK, header ROM version 0)","포켓몬스터 소울실버 (Korea, IPGK, header ROM version 0)",/a/0/5/6,equal,0,0,,,af5570f5a1810b7af78caf4bc70a660f0df51e42baf91d4de5b2328de0e83dfc,af5570f5a1810b7af78caf4bc70a660f0df51e42baf91d4de5b2328de0e83dfc,8,8,,
"포켓몬스터 하트골드 (Korea, IPKK, header ROM version 0)","포켓몬스터 소울실버 (Korea, IPGK, header ROM version 0)",/a/0/5/6,equal,1,1,,,2d20e72449e479050ef53c43d1602e24873b33c56b0f90384b4c293d7ff00c12,2d20e72449e479050ef53c43d1602e24873b33c56b0f90384b4c293d7ff00c12,24,24,,
"포켓몬스터 하트골드 (Korea, IPKK, header ROM version 0)","포켓몬스터 소울실버 (Korea, IPGK, header ROM version 0)",/a/0/5/6,equal,2,2,,,81bde5e0f27e058b29ad5992ae8a7afef8dae6387995ddbd9368bd3a3a3415b9,81bde5e0f27e058b29ad5992ae8a7afef8dae6387995ddbd9368bd3a3a3415b9,8,8,,
"포켓몬스터 하트골드 (Korea, IPKK, header ROM version 0)","포켓몬스터 소울실버 (Korea, IPGK, header ROM version 0)",/a/0/5/6,equal,3,3,,,f616e733f906174e1df134cf0afb81a988cf59e6bebf8db3ea2e51cd1c42a392,f616e733f906174e1df134cf0afb81a988cf59e6bebf8db3ea2e51cd1c42a392,8,8,,
"포켓몬스터 하트골드 (Korea, IPKK, header ROM version 0)","포켓몬스터 소울실버 (Korea, IPGK, header ROM version 0)",/a/0/5/6,equal,4,4,,,6e71de8e44d2af8ea8e3b35ec859fbae2df7d9de03ce8674079a81efb6a6f462,6e71de8e44d2af8ea8e3b35ec859fbae2df7d9de03ce8674079a81efb6a6f462,32,32,,
"포켓몬스터 하트골드 (Korea, IPKK, header ROM version 0)","포켓몬스터 소울실버 (Korea, IPGK, header ROM version 0)",/a/0/5/6,equal,5,5,,,f43160412067cf0720bc2dd9262ffa405cbcfb6776c56c3fdb13d3658c7e7eb8,f43160412067cf0720bc2dd9262ffa405cbcfb6776c56c3fdb13d3658c7e7eb8,24,24,,
"포켓몬스터 하트골드 (Korea, IPKK, header ROM version 0)","포켓몬스터 소울실버 (Korea, IPGK, header ROM version 0)",/a/0/5/6,equal,6,6,,,f41ed030f041d0a13b2a3c88a87ef062d6f20949e22b6f6713da34325006bd8b,f41ed030f041d0a13b2a3c88a87ef062d6f20949e22b6f6713da34325006bd8b,8,8,,
"포켓몬스터 하트골드 (Korea, IPKK, header ROM version 0)","포켓몬스터 소울실버 (Korea, IPGK, header ROM version 0)",/a/0/5/6,equal,7,7,,,ab882be7944d99b37accebe658c4d9d426ac58e2898f631abfda162e561baf6c,ab882be7944d99b37accebe658c4d9d426ac58e2898f631abfda162e561baf6c,32,32,,
"포켓몬스터 하트골드 (Korea, IPKK, header ROM version 0)","포켓몬스터 소울실버 (Korea, IPGK, header ROM version 0)",/a/0/5/6,equal,8,8,,,c5dc6f4eb496b4a8794932a81686ef158a2ec4d0db1eed230c4bbd4e5e787423,c5dc6f4eb496b4a8794932a81686ef158a2ec4d0db1eed230c4bbd4e5e787423,8,8,,
"포켓몬스터 하트골드 (Korea, IPKK, header ROM version 0)","포켓몬스터 소울실버 (Korea, IPGK, header ROM version 0)",/a/0/5/6,equal,9,9,,,377f8ecc23badb6e599560fa6d53c13947535bac020e12eb73c3e3cdfa6fe30c,377f8ecc23badb6e599560fa6d53c13947535bac020e12eb73c3e3cdfa6fe30c,8,8,,
"포켓몬스터 하트골드 (Korea, IPKK, header ROM version 0)","포켓몬스터 소울실버 (Korea, IPGK, header ROM version 0)",/a/0/5/6,equal,10,10,,,a52f70b5f2e3e27857cb7c085c2a2e8cbb5da947aecbd294a02be01dc2687532,a52f70b5f2e3e27857cb7c085c2a2e8cbb5da947aecbd294a02be01dc2687532,16,16,,
"포켓몬스터 하트골드 (Korea, IPKK, header ROM version 0)","포켓몬스터 소울실버 (Korea, IPGK, header ROM version 0)",/a/0/5/6,equal,11,11,,,07efb53fa49618b0594719c73fa6bffb77de8e50e7b1691ff93550f764b18451,07efb53fa49618b0594719c73fa6bffb77de8e50e7b1691ff93550f764b18451,24,24,,
"포켓몬스터 하트골드 (Korea, IPKK, header ROM version 0)","포켓몬스터 소울실버 (Korea, IPGK, header ROM version 0)",/a/0/5/6,equal,12,12,,,f4430e8445d9500f004c5e037fe932d0b9023c339c3721d53a57d477de74bcf7,f4430e8445d9500f004c5e037fe932d0b9023c339c3721d53a57d477de74bcf7,24,24,,
"포켓몬스터 하트골드 (Korea, IPKK, header ROM version 0)","포켓몬스터 소울실버 (Korea, IPGK, header ROM version 0)",/a/0/5/6,equal,13,13,,,05da54fedbd81ce1177bde12c496acd2cdaa7cfe7bf0429c2247a294b1052987,05da54fedbd81ce1177bde12c496acd2cdaa7cfe7bf0429c2247a294b1052987,16,16,,
"포켓몬스터 하트골드 (Korea, IPKK, header ROM version 0)","포켓몬스터 소울실버 (Korea, IPGK, header ROM version 0)",/a/0/5/6,equal,14,14,,,bcb94d6aa0884d3ba57b24a678a6cecd2460e9cbcac7c9162a50bb080b144742,bcb94d6aa0884d3ba57b24a678a6cecd2460e9cbcac7c9162a50bb080b144742,24,24,,
"포켓몬스터 하트골드 (Korea, IPKK, header ROM version 0)","포켓몬스터 소울실버 (Korea, IPGK, header ROM version 0)",/a/0/5/6,equal,15,15,,,66c35d1366b306285fa09c5e61a53152f3789a9672d4df9908e52fd56aff393d,66c35d1366b306285fa09c5e61a53152f3789a9672d4df9908e52fd56aff393d,24,24,,
"포켓몬스터 하트골드 (Korea, IPKK, header ROM version 0)","포켓몬스터 소울실버 (Korea, IPGK, header ROM version 0)",/a/0/5/6,equal,16,16,,,cc92fd8eb8ad81c805270e9e420bcdd945732d142d7df2887767d7cf03f4b9c8,cc92fd8eb8ad81c805270e9e420bcdd945732d142d7df2887767d7cf03f4b9c8,16,16,,
"포켓몬스터 하트골드 (Korea, IPKK, header ROM version 0)","포켓몬스터 소울실버 (Korea, IPGK, header ROM version 0)",/a/0/5/6,equal,17,17,,,8638331f69c3ababbe85621fee59a6b385912d46d036a3c35cbf869c99447b6b,8638331f69c3ababbe85621fee59a6b385912d46d036a3c35cbf869c99447b6b,8,8,,
"포켓몬스터 하트골드 (Korea, IPKK, header ROM version 0)","포켓몬스터 소울실버 (Korea, IPGK, header ROM version 0)",/a/0/5/6,equal,18,18,,,e3b696823ecaa6a58a5bedf328117e9cce9a3b8d90e3422a8649eaeea0feeb01,e3b696823ecaa6a58a5bedf328117e9cce9a3b8d90e3422a8649eaeea0feeb01,32,32,,
"포켓몬스터 하트골드 (Korea, IPKK, header ROM version 0)","포켓몬스터 소울실버 (Korea, IPGK, header ROM version 0)",/a/0/5/6,equal,19,19,,,b247d2346a7734be2a168ad667c808a2b0b2c5bffe3a8c7c7933fd41f9683e7d,b247d2346a7734be2a168ad667c808a2b0b2c5bffe3a8c7c7933fd41f9683e7d,24,24,,
"포켓몬스터 하트골드 (Korea, IPKK, header ROM version 0)","포켓몬스터 소울실버 (Korea, IPGK, header ROM version 0)",/a/0/5/6,equal,20,20,,,4d013f812804aa79b259ede599d2fbf5d575164170506d12a81dbbba98df5125,4d013f812804aa79b259ede599d2fbf5d575164170506d12a81dbbba98df5125,36,36,,
"포켓몬스터 하트골드 (Korea, IPKK, header ROM version 0)","포켓몬스터 소울실버 (Korea, IPGK, header ROM version 0)",/a/0/5/6,equal,21,21,,,0c4534951ae6d923310bd20101fab0b41631866ed98749da659bf7581a669a82,0c4534951ae6d923310bd20101fab0b41631866ed98749da659bf7581a669a82,56,56,,
"포켓몬스터 하트골드 (Korea, IPKK, header ROM version 0)","포켓몬스터 소울실버 (Korea, IPGK, header ROM version 0)",/a/0/5/6,equal,22,22,,,a5a11e7aa751a81fccb7e7a318169f5b3362af9096d93c05fea8fd60e6d8c39a,a5a11e7aa751a81fccb7e7a318169f5b3362af9096d93c05fea8fd60e6d8c39a,16,16,,
"포켓몬스터 하트골드 (Korea, IPKK, header ROM version 0)","포켓몬스터 소울실버 (Korea, IPGK, header ROM version 0)",/a/0/5/6,equal,23,23,,,8566bf7a155492c3a45ed46ca37e8264a7ae55c83ba87d5e7220c705d12a1705,8566bf7a155492c3a45ed46ca37e8264a7ae55c83ba87d5e7220c705d12a1705,8,8,,
"포켓몬스터 하트골드 (Korea, IPKK, header ROM version 0)","포켓몬스터 소울실버 (Korea, IPGK, header ROM version 0)",/a/0/5/6,equal,24,24,,,42e1a82dec03a59d0a1798ebd17a308687f4b81a7be42a47591eb80b79462067,42e1a82dec03a59d0a1798ebd17a308687f4b81a7be42a47591eb80b79462067,8,8,,
"포켓몬스터 하트골드 (Korea, IPKK, header ROM version 0)","포켓몬스터 소울실버 (Korea, IPGK, header ROM version 0)",/a/0/5/6,equal,25,25,,,6f7a0fcc641f560a872ca75db1742e9444fbaf8be1beae134e5f6f79fc82084a,6f7a0fcc641f560a872ca75db1742e9444fbaf8be1beae134e5f6f79fc82084a,24,24,,
"포켓몬스터 하트골드 (Korea, IPKK, header ROM version 0)","포켓몬스터 소울실버 (Korea, IPGK, header ROM version 0)",/a/0/5/6,equal,26,26,,,ca0cfa0328059f51bb33adc143266846372b6ca264e2128d6df561b146a4e50c,ca0cfa0328059f51bb33adc143266846372b6ca264e2128d6df561b146a4e50c,8,8,,
"포켓몬스터 하트골드 (Korea, IPKK, header ROM version 0)","포켓몬스터 소울실버 (Korea, IPGK, header ROM version 0)",/a/0/5/6,equal,27,27,,,2f331be2b3657172c4616899e104065fb69a562b6e431e17fc2c39d32c2fe4b5,2f331be2b3657172c4616899e104065fb69a562b6e431e17fc2c39d32c2fe4b5,8,8,,
"포켓몬스터 하트골드 (Korea, IPKK, header ROM version 0)","포켓몬스터 소울실버 (Korea, IPGK, header ROM version 0)",/a/0/5/6,equal,28,28,,,bcbd4bee3e58c45d8a8c51d56dc2e5c268f057dde06c1e168093c54bb91a47e5,bcbd4bee3e58c45d8a8c51d56dc2e5c268f057dde06c1e168093c54bb91a47e5,48,48,,
"포켓몬스터 하트골드 (Korea, IPKK, header ROM version 0)","포켓몬스터 소울실버 (Korea, IPGK, header ROM version 0)",/a/0/5/6,equal,29,29,,,faf86c305671302190b9af1997acf24afa23b2102daef29ff0e9843477163d2e,faf86c305671302190b9af1997acf24afa23b2102daef29ff0e9843477163d2e,16,16,,
"포켓몬스터 하트골드 (Korea, IPKK, header ROM version 0)","포켓몬스터 소울실버 (Korea, IPGK, header ROM version 0)",/a/0/5/6,equal,30,30,,,879af433fc675e4e9667e4aee3bfd882116e9045ed7a46ccebb76cd6d78b5250,879af433fc675e4e9667e4aee3bfd882116e9045ed7a46ccebb76cd6d78b5250,36,36,,
"포켓몬스터 하트골드 (Korea, IPKK, header ROM version 0)","포켓몬스터 소울실버 (Korea, IPGK, header ROM version 0)",/a/0/5/6,equal,31,31,,,b64f34511a747d18f7e1e64addfc5e746f222cb6c005eae88d823f65ce0afbd0,b64f34511a747d18f7e1e64addfc5e746f222cb6c005eae88d823f65ce0afbd0,72,72,,
"포켓몬스터 하트골드 (Korea, IPKK, header ROM version 0)","포켓몬스터 소울실버 (Korea, IPGK, header ROM version 0)",/a/0/5/6,equal,32,32,,,f88f3364330478ba945dfa8e7ff50300e6353a1e7f22c409bb1b1e3b069dd57b,f88f3364330478ba945dfa8e7ff50300e6353a1e7f22c409bb1b1e3b069dd57b,56,56,,
"포켓몬스터 하트골드 (Korea, IPKK, header ROM version 0)","포켓몬스터 소울실버 (Korea, IPGK, header ROM version 0)",/a/0/5/6,equal,33,33,,,dbe8bee853490e3c2135b2bc618bde5a291ae770abd659a278ba125f17bda492,dbe8bee853490e3c2135b2bc618bde5a291ae770abd659a278ba125f17bda492,56,56,,
"포켓몬스터 하트골드 (Korea, IPKK, header ROM version 0)","포켓몬스터 소울실버 (Korea, IPGK, header ROM version 0)",/a/0/5/6,equal,34,34,,,028c1c346e1522e360783c93c97f6add37a7af9ace8eda415b2cf4a48dc485e1,028c1c346e1522e360783c93c97f6add37a7af9ace8eda415b2cf4a48dc485e1,36,36,,
"포켓몬스터 하트골드 (Korea, IPKK, header ROM version 0)","포켓몬스터 소울실버 (Korea, IPGK, header ROM version 0)",/a/0/5/6,equal,35,35,,,2429f7cc3863cfe02a01707e5a898a5533ad1991d23c2ffcbb26d0ed51d2bede,2429f7cc3863cfe02a01707e5a898a5533ad1991d23c2ffcbb26d0ed51d2bede,72,72,,
"포켓몬스터 하트골드 (Korea, IPKK, header ROM version 0)","포켓몬스터 소울실버 (Korea, IPGK, header ROM version 0)",/a/0/5/6,equal,36,36,,,d0c4fd2a00137f9400853a46696f09c5bd9fcbdb878dfc2e50ac09cec6bac6fc,d0c4fd2a00137f9400853a46696f09c5bd9fcbdb878dfc2e50ac09cec6bac6fc,32,32,,
"포켓몬스터 하트골드 (Korea, IPKK, header ROM version 0)","포켓몬스터 소울실버 (Korea, IPGK, header ROM version 0)",/a/0/5/6,equal,37,37,,,302b5f83bf7f94a09b2e4972a429bb25e9eb9272b53a9438d22cd5f5ea1e2f2f,302b5f83bf7f94a09b2e4972a429bb25e9eb9272b53a9438d22cd5f5ea1e2f2f,16,16,,
"포켓몬스터 하트골드 (Korea, IPKK, header ROM version 0)","포켓몬스터 소울실버 (Korea, IPGK, header ROM version 0)",/a/0/5/6,equal,38,38,,,80baf3f7fb08634d34483b88daf07d64557ab1083a2c177b30551352aaa89ab6,80baf3f7fb08634d34483b88daf07d64557ab1083a2c177b30551352aaa89ab6,8,8,,
"포켓몬스터 하트골드 (Korea, IPKK, header ROM version 0)","포켓몬스터 소울실버 (Korea, IPGK, header ROM version 0)",/a/0/5/6,equal,39,39,,,1a13ea8b23ef18682f4cec2207930e73cf975fd46e27a2f26346814479454027,1a13ea8b23ef18682f4cec2207930e73cf975fd46e27a2f26346814479454027,24,24,,
"포켓몬스터 하트골드 (Korea, IPKK, header ROM version 0)","포켓몬스터 소울실버 (Korea, IPGK, header ROM version 0)",/a/0/5/6,equal,40,40,,,c8f0005b7eab77746e62202d598aacf4ca67a7d0425b8bccc1f8362001a4a1fb,c8f0005b7eab77746e62202d598aacf4ca67a7d0425b8bccc1f8362001a4a1fb,8,8,,
"포켓몬스터 하트골드 (Korea, IPKK, header ROM version 0)","포켓몬스터 소울실버 (Korea, IPGK, header ROM version 0)",/a/0/5/6,equal,41,41,,,b3074ffa57704c930836ad2feb030bf6a002f776dad6563a493b2327d7bdf076,b3074ffa57704c930836ad2feb030bf6a002f776dad6563a493b2327d7bdf076,8,8,,
"포켓몬스터 하트골드 (Korea, IPKK, header ROM version 0)","포켓몬스터 소울실버 (Korea, IPGK, header ROM version 0)",/a/0/5/6,equal,42,42,,,acf15f29cb0c5299d3b85a8860ce1878a5256826122a1fa9ee15acd774d38f9e,acf15f29cb0c5299d3b85a8860ce1878a5256826122a1fa9ee15acd774d38f9e,8,8,,
"포켓몬스터 하트골드 (Korea, IPKK, header ROM version 0)","포켓몬스터 소울실버 (Korea, IPGK, header ROM version 0)",/a/0/5/6,equal,43,43,,,d10eae578b09e04e50c732ea146cdfe726f28d9d04af9befd766284a83b7aaf2,d10eae578b09e04e50c732ea146cdfe726f28d9d04af9befd766284a83b7aaf2,24,24,,
"포켓몬스터 하트골드 (Korea, IPKK, header ROM version 0)","포켓몬스터 소울실버 (Korea, IPGK, header ROM version 0)",/a/0/5/6,equal,44,44,,,d3897f8c7e2390a6f5871c3adb4883d7173b6251df15b7c4f20a4256bdfdb409,d3897f8c7e2390a6f5871c3adb4883d7173b6251df15b7c4f20a4256bdfdb409,16,16,,
"포켓몬스터 하트골드 (Korea, IPKK, header ROM version 0)","포켓몬스터 소울실버 (Korea, IPGK, header ROM version 0)",/a/0/5/6,equal,45,45,,,d120ac25647f75204e75075df1efc32c4495a22644370bdcc23ffafb6c4d6217,d120ac25647f75204e75075df1efc32c4495a22644370bdcc23ffafb6c4d6217,16,16,,
"포켓몬스터 하트골드 (Korea, IPKK, header ROM version 0)","포켓몬스터 소울실버 (Korea, IPGK, header ROM version 0)",/a/0/5/6,equal,46,46,,,e9cbfe0ed4701ebd554795c5f3d53d2be429766a8ae9041aa96679f790e90cfb,e9cbfe0ed4701ebd554795c5f3d53d2be429766a8ae9041aa96679f790e90cfb,24,24,,
"포켓몬스터 하트골드 (Korea, IPKK, header ROM version 0)","포켓몬스터 소울실버 (Korea, IPGK, header ROM version 0)",/a/0/5/6,equal,47,47,,,cff1d5b174624b569c5ee07f193cda7b0e38dec0e052abed8f4ec0e343253517,cff1d5b174624b569c5ee07f193cda7b0e38dec0e052abed8f4ec0e343253517,16,16,,
"포켓몬스터 하트골드 (Korea, IPKK, header ROM version 0)","포켓몬스터 소울실버 (Korea, IPGK, header ROM version 0)",/a/0/5/6,equal,48,48,,,b51b8df3e69b143b89dd8bb4afd3d98ed66439ab3c93d0f64dd9254ae8ade1c5,b51b8df3e69b143b89dd8bb4afd3d98ed66439ab3c93d0f64dd9254ae8ade1c5,16,16,,
"포켓몬스터 하트골드 (Korea, IPKK, header ROM version 0)","포켓몬스터 소울실버 (Korea, IPGK, header ROM version 0)",/a/0/5/6,equal,49,49,,,fdb197dc1b8826d974edd69848e56469ee9c51d288eae8af1629e930a27a6d53,fdb197dc1b8826d974edd69848e56469ee9c51d288eae8af1629e930a27a6d53,16,16,,
"포켓몬스터 하트골드 (Korea, IPKK, header ROM version 0)","포켓몬스터 소울실버 (Korea, IPGK, header ROM version 0)",/a/0/5/6,equal,50,50,,,971bb43c015b26ddd29fcdca74bcb02c5492c9a665ff9eec8a1bd7435e8b54db,971bb43c015b26ddd29fcdca74bcb02c5492c9a665ff9eec8a1bd7435e8b54db,8,8,,
"포켓몬스터 하트골드 (Korea, IPKK, header ROM version 0)","포켓몬스터 소울실버 (Korea, IPGK, header ROM version 0)",/a/0/5/6,equal,51,51,,,d10eae578b09e04e50c732ea146cdfe726f28d9d04af9befd766284a83b7aaf2,d10eae578b09e04e50c732ea146cdfe726f28d9d04af9befd766284a83b7aaf2,24,24,,
"포켓몬스터 하트골드 (Korea, IPKK, header ROM version 0)","포켓몬스터 소울실버 (Korea, IPGK, header ROM version 0)",/a/0/5/6,equal,52,52,,,d10eae578b09e04e50c732ea146cdfe726f28d9d04af9befd766284a83b7aaf2,d10eae578b09e04e50c732ea146cdfe726f28d9d04af9befd766284a83b7aaf2,24,24,,
"포켓몬스터 하트골드 (Korea, IPKK, header ROM version 0)","포켓몬스터 소울실버 (Korea, IPGK, header ROM version 0)",/a/0/5/6,equal,53,53,,,25f955dafb95de75b0ead372a1433c9f20b465d0c3f493b269abe2aa282f38d9,25f955dafb95de75b0ead372a1433c9f20b465d0c3f493b269abe2aa282f38d9,8,8,,
"포켓몬스터 하트골드 (Korea, IPKK, header ROM version 0)","포켓몬스터 소울실버 (Korea, IPGK, header ROM version 0)",/a/0/5/6,equal,54,54,,,1cb558ec2b2a84aa6abe2d27e13dc19ec1d1254186647f2aaf2fcd88488469cc,1cb558ec2b2a84aa6abe2d27e13dc19ec1d1254186647f2aaf2fcd88488469cc,16,16,,
"포켓몬스터 하트골드 (Korea, IPKK, header ROM version 0)","포켓몬스터 소울실버 (Korea, IPGK, header ROM version 0)",/a/0/5/6,equal,55,55,,,25f955dafb95de75b0ead372a1433c9f20b465d0c3f493b269abe2aa282f38d9,25f955dafb95de75b0ead372a1433c9f20b465d0c3f493b269abe2aa282f38d9,8,8,,
"포켓몬스터 하트골드 (Korea, IPKK, header ROM version 0)","포켓몬스터 소울실버 (Korea, IPGK, header ROM version 0)",/a/0/5/6,equal,56,56,,,48535908c269d7d866455d839cddf698cddf935a8b38eba91e5b1a8cd530b830,48535908c269d7d866455d839cddf698cddf935a8b38eba91e5b1a8cd530b830,8,8,,
"포켓몬스터 하트골드 (Korea, IPKK, header ROM version 0)","포켓몬스터 소울실버 (Korea, IPGK, header ROM version 0)",/a/0/5/6,equal,57,57,,,b8f770569ae358a3d29cb404ba260c4ed3f5908e9abed7db41c72e0e72d8ea67,b8f770569ae358a3d29cb404ba260c4ed3f5908e9abed7db41c72e0e72d8ea67,8,8,,
"포켓몬스터 하트골드 (Korea, IPKK, header ROM version 0)","포켓몬스터 소울실버 (Korea, IPGK, header ROM version 0)",/a/0/5/6,equal,58,58,,,b2e72cf8ff69aa10bf27da1adf597081f43a777c2ea58a80e311e2b7ae3f21db,b2e72cf8ff69aa10bf27da1adf597081f43a777c2ea58a80e311e2b7ae3f21db,8,8,,
"포켓몬스터 하트골드 (Korea, IPKK, header ROM version 0)","포켓몬스터 소울실버 (Korea, IPGK, header ROM version 0)",/a/0/5/6,equal,59,59,,,de2e4b5e118243d705580dc38009f0d47bb61a98c5bda97650c3e1c79cc2d6bf,de2e4b5e118243d705580dc38009f0d47bb61a98c5bda97650c3e1c79cc2d6bf,24,24,,
"포켓몬스터 하트골드 (Korea, IPKK, header ROM version 0)","포켓몬스터 소울실버 (Korea, IPGK, header ROM version 0)",/a/0/5/6,equal,60,60,,,8e8982bef87046f9ce3e0c835ea8ce1b17c956f55787ed18c6a7e003b87bccc5,8e8982bef87046f9ce3e0c835ea8ce1b17c956f55787ed18c6a7e003b87bccc5,16,16,,
"포켓몬스터 하트골드 (Korea, IPKK, header ROM version 0)","포켓몬스터 소울실버 (Korea, IPGK, header ROM version 0)",/a/0/5/6,equal,61,61,,,65661be9be3991838afcd7f0e30d2549e12853688a439f63c6554cc0eccce893,65661be9be3991838afcd7f0e30d2549e12853688a439f63c6554cc0eccce893,16,16,,
"포켓몬스터 하트골드 (Korea, IPKK, header ROM version 0)","포켓몬스터 소울실버 (Korea, IPGK, header ROM version 0)",/a/0/5/6,equal,62,62,,,a812b18f25924cd4710a2eaa9aa80b5de7a7a0fcf8b6afcbd2e7a127f7d06a99,a812b18f25924cd4710a2eaa9aa80b5de7a7a0fcf8b6afcbd2e7a127f7d06a99,32,32,,
"포켓몬스터 하트골드 (Korea, IPKK, header ROM version 0)","포켓몬스터 소울실버 (Korea, IPGK, header ROM version 0)",/a/0/5/6,equal,63,63,,,b55b88ab8906dc673203a5839aef4132522196da98de7615867461b342b8fcd8,b55b88ab8906dc673203a5839aef4132522196da98de7615867461b342b8fcd8,8,8,,
"포켓몬스터 하트골드 (Korea, IPKK, header ROM version 0)","포켓몬스터 소울실버 (Korea, IPGK, header ROM version 0)",/a/0/5/6,equal,64,64,,,63315a08b8da8a05b0525c89a5e5fd73bac26971a98030893eae0fdd3ce5207b,63315a08b8da8a05b0525c89a5e5fd73bac26971a98030893eae0fdd3ce5207b,32,32,,
"포켓몬스터 하트골드 (Korea, IPKK, header ROM version 0)","포켓몬스터 소울실버 (Korea, IPGK, header ROM version 0)",/a/0/5/6,equal,65,65,,,be17f2a3d8c032cd36579a76059f9824ff108d13b487d41de988f6df37d7c7db,be17f2a3d8c032cd36579a76059f9824ff108d13b487d41de988f6df37d7c7db,24,24,,
"포켓몬스터 하트골드 (Korea, IPKK, header ROM version 0)","포켓몬스터 소울실버 (Korea, IPGK, header ROM version 0)",/a/0/5/6,equal,66,66,,,4843d49328dfd04cb210d731985a4c2259eab6847bd45562f8e006f8c205c544,4843d49328dfd04cb210d731985a4c2259eab6847bd45562f8e006f8c205c544,8,8,,
"포켓몬스터 하트골드 (Korea, IPKK, header ROM version 0)","포켓몬스터 소울실버 (Korea, IPGK, header ROM version 0)",/a/0/5/6,equal,67,67,,,1d178c30fb30ae19158c96fa3679319d825ea2bb7fece4c652eef98c50f80b52,1d178c30fb30ae19158c96fa3679319d825ea2bb7fece4c652eef98c50f80b52,24,24,,
"포켓몬스터 하트골드 (Korea, IPKK, header ROM version 0)","포켓몬스터 소울실버 (Korea, IPGK, header ROM version 0)",/a/0/5/6,equal,68,68,,,1b3fc81b178390c598b835587d320371cd8f303649e6071cc439d8e3e07e7d47,1b3fc81b178390c598b835587d320371cd8f303649e6071cc439d8e3e07e7d47,16,16,,
"포켓몬스터 하트골드 (Korea, IPKK, header ROM version 0)","포켓몬스터 소울실버 (Korea, IPGK, header ROM version 0)",/a/0/5/6,equal,69,69,,,86e9521070c63f741e5c182e0baf1b1d80549e137a9cff19714a18c5a8ff23d3,86e9521070c63f741e5c182e0baf1b1d80549e137a9cff19714a18c5a8ff23d3,8,8,,
"포켓몬스터 하트골드 (Korea, IPKK, header ROM version 0)","포켓몬스터 소울실버 (Korea, IPGK, header ROM version 0)",/a/0/5/6,equal,70,70,,,bb75c96fbb71c0bb4fcc0f323fec19cc6ebacba530d1c5a1ca7837eefda8fadb,bb75c96fbb71c0bb4fcc0f323fec19cc6ebacba530d1c5a1ca7837eefda8fadb,32,32,,
"포켓몬스터 하트골드 (Korea, IPKK, header ROM version 0)","포켓몬스터 소울실버 (Korea, IPGK, header ROM version 0)",/a/0/5/6,equal,71,71,,,0da35074bffbcc51c2106d8ef401d754052e8f8135e8e16f14a1b32478e3ee4d,0da35074bffbcc51c2106d8ef401d754052e8f8135e8e16f14a1b32478e3ee4d,24,24,,
"포켓몬스터 하트골드 (Korea, IPKK, header ROM version 0)","포켓몬스터 소울실버 (Korea, IPGK, header ROM version 0)",/a/0/5/6,equal,72,72,,,e781b21c9bb237056e7935f86d2ce91ef84b798017a0488a3be1b9945735df1d,e781b21c9bb237056e7935f86d2ce91ef84b798017a0488a3be1b9945735df1d,16,16,,
"포켓몬스터 하트골드 (Korea, IPKK, header ROM version 0)","포켓몬스터 소울실버 (Korea, IPGK, header ROM version 0)",/a/0/5/6,equal,73,73,,,995930822e20774921d05f928a4ce0fe7ef492e560dec2855153ad1ded56e3ce,995930822e20774921d05f928a4ce0fe7ef492e560dec2855153ad1ded56e3ce,40,40,,
"포켓몬스터 하트골드 (Korea, IPKK, header ROM version 0)","포켓몬스터 소울실버 (Korea, IPGK, header ROM version 0)",/a/0/5/6,equal,74,74,,,7699d28d31d2f634c863d0eb31ad17b7553f85b2ad8adebadb72d2ae7514ccee,7699d28d31d2f634c863d0eb31ad17b7553f85b2ad8adebadb72d2ae7514ccee,24,24,,
"포켓몬스터 하트골드 (Korea, IPKK, header ROM version 0)","포켓몬스터 소울실버 (Korea, IPGK, header ROM version 0)",/a/0/5/6,equal,75,75,,,e712292feb48d18c29ed46635cfe8dded1ced2f24a0345ea34a8a65289b152a7,e712292feb48d18c29ed46635cfe8dded1ced2f24a0345ea34a8a65289b152a7,16,16,,
"포켓몬스터 하트골드 (Korea, IPKK, header ROM version 0)","포켓몬스터 소울실버 (Korea, IPGK, header ROM version 0)",/a/0/5/6,equal,76,76,,,29440567bf692e621a867dff6cdcbfc33ab4c045dfe41db98eeeea675091e1ca,29440567bf692e621a867dff6cdcbfc33ab4c045dfe41db98eeeea675091e1ca,16,16,,
"포켓몬스터 하트골드 (Korea, IPKK, header ROM version 0)","포켓몬스터 소울실버 (Korea, IPGK, header ROM version 0)",/a/0/5/6,equal,77,77,,,c95048e5fe3a69d5a0abb6f79e1bed6dad26233b250238342430ec5acd55ff1b,c95048e5fe3a69d5a0abb6f79e1bed6dad26233b250238342430ec5acd55ff1b,8,8,,
"포켓몬스터 하트골드 (Korea, IPKK, header ROM version 0)","포켓몬스터 소울실버 (Korea, IPGK, header ROM version 0)",/a/0/5/6,equal,78,78,,,f3178fc110a5d6ffdc38089d1010c6fef33998a421339050ec9d99d2637b6ab4,f3178fc110a5d6ffdc38089d1010c6fef33998a421339050ec9d99d2637b6ab4,8,8,,
"포켓몬스터 하트골드 (Korea, IPKK, header ROM version 0)","포켓몬스터 소울실버 (Korea, IPGK, header ROM version 0)",/a/0/5/6,equal,79,79,,,085a5306cb3df6f28a94bdce1a50df0dfaef28f3eb14b064bf3baba59ce0763c,085a5306cb3df6f28a94bdce1a50df0dfaef28f3eb14b064bf3baba59ce0763c,16,16,,
"포켓몬스터 하트골드 (Korea, IPKK, header ROM version 0)","포켓몬스터 소울실버 (Korea, IPGK, header ROM version 0)",/a/0/5/6,equal,80,80,,,3b1a363c19e6127faa830254e8efb8550ec701a47860b70635b8fd8d733acc9c,3b1a363c19e6127faa830254e8efb8550ec701a47860b70635b8fd8d733acc9c,16,16,,
"포켓몬스터 하트골드 (Korea, IPKK, header ROM version 0)","포켓몬스터 소울실버 (Korea, IPGK, header ROM version 0)",/a/0/5/6,equal,81,81,,,d66855497302f70d35fac77d68e563759eff114f3fcee9a84f83a255b826eb43,d66855497302f70d35fac77d68e563759eff114f3fcee9a84f83a255b826eb43,16,16,,
"포켓몬스터 하트골드 (Korea, IPKK, header ROM version 0)","포켓몬스터 소울실버 (Korea, IPGK, header ROM version 0)",/a/0/5/6,equal,82,82,,,75541b85100bfd9d9afa978dd106d70d20936892825b810a62695068e187f633,75541b85100bfd9d9afa978dd106d70d20936892825b810a62695068e187f633,24,24,,
"포켓몬스터 하트골드 (Korea, IPKK, header ROM version 0)","포켓몬스터 소울실버 (Korea, IPGK, header ROM version 0)",/a/0/5/6,equal,83,83,,,689d521196f08ee58f7221dac20dc032dbe21719ec7126f015da7453e21703ca,689d521196f08ee58f7221dac20dc032dbe21719ec7126f015da7453e21703ca,16,16,,
"포켓몬스터 하트골드 (Korea, IPKK, header ROM version 0)","포켓몬스터 소울실버 (Korea, IPGK, header ROM version 0)",/a/0/5/6,equal,84,84,,,9855626adc647625b04fd8fc0a52e1bd1a72c4d1bf32349c13234b1d28b02543,9855626adc647625b04fd8fc0a52e1bd1a72c4d1bf32349c13234b1d28b02543,16,16,,
"포켓몬스터 하트골드 (Korea, IPKK, header ROM version 0)","포켓몬스터 소울실버 (Korea, IPGK, header ROM version 0)",/a/0/5/6,equal,85,85,,,109a1f3fe931cbf1b125d092e315c3c2b1e089f833c677585efd137371a882ef,109a1f3fe931cbf1b125d092e315c3c2b1e089f833c677585efd137371a882ef,16,16,,
"포켓몬스터 하트골드 (Korea, IPKK, header ROM version 0)","포켓몬스터 소울실버 (Korea, IPGK, header ROM version 0)",/a/0/5/6,equal,86,86,,,21d799357eebc906b17e102b9c94230349afa1b92aace1968a846654246e9009,21d799357eebc906b17e102b9c94230349afa1b92aace1968a846654246e9009,48,48,,
"포켓몬스터 하트골드 (Korea, IPKK, header ROM version 0)","포켓몬스터 소울실버 (Korea, IPGK, header ROM version 0)",/a/0/5/6,equal,87,87,,,4f6d76df34e99380e6ea0fe989178b7df7d56f8c4f2220b1cc8851e2a42c98f8,4f6d76df34e99380e6ea0fe989178b7df7d56f8c4f2220b1cc8851e2a42c98f8,8,8,,
"포켓몬스터 하트골드 (Korea, IPKK, header ROM version 0)","포켓몬스터 소울실버 (Korea, IPGK, header ROM version 0)",/a/0/5/6,equal,88,88,,,132aa1ee3ea96b762ab00584b00adf01d3c1c357a4653542ccc5b5783826b1d2,132aa1ee3ea96b762ab00584b00adf01d3c1c357a4653542ccc5b5783826b1d2,40,40,,
"포켓몬스터 하트골드 (Korea, IPKK, header ROM version 0)","포켓몬스터 소울실버 (Korea, IPGK, header ROM version 0)",/a/0/5/6,equal,89,89,,,4c10c31195291f7b2550f1fdd35b8bbf67fb5421480c65775998964bbe5a8e04,4c10c31195291f7b2550f1fdd35b8bbf67fb5421480c65775998964bbe5a8e04,16,16,,
"포켓몬스터 하트골드 (Korea, IPKK, header ROM version 0)","포켓몬스터 소울실버 (Korea, IPGK, header ROM version 0)",/a/0/5/6,equal,90,90,,,f343645f15cbc2470eff40f2285db160768b1e6ea4357e81fe1cba34c535f3e6,f343645f15cbc2470eff40f2285db160768b1e6ea4357e81fe1cba34c535f3e6,48,48,,
"포켓몬스터 하트골드 (Korea, IPKK, header ROM version 0)","포켓몬스터 소울실버 (Korea, IPGK, header ROM version 0)",/a/0/5/6,equal,91,91,,,e688482db94b3f124410ca551aafa625d5f202c26e6547ca14c37e43eabb9d41,e688482db94b3f124410ca551aafa625d5f202c26e6547ca14c37e43eabb9d41,32,32,,
"포켓몬스터 하트골드 (Korea, IPKK, header ROM version 0)","포켓몬스터 소울실버 (Korea, IPGK, header ROM version 0)",/a/0/5/6,equal,92,92,,,89ea26f13e5141951c01eb38e6c87f0502c8c1af26944b76d22d8585553bacd1,89ea26f13e5141951c01eb38e6c87f0502c8c1af26944b76d22d8585553bacd1,8,8,,
"포켓몬스터 하트골드 (Korea, IPKK, header ROM version 0)","포켓몬스터 소울실버 (Korea, IPGK, header ROM version 0)",/a/0/5/6,equal,93,93,,,225471cfb979fe721de7e2d0160ce497aa470d4ff8cf21ec2b38cabe123ea2a2,225471cfb979fe721de7e2d0160ce497aa470d4ff8cf21ec2b38cabe123ea2a2,16,16,,
"포켓몬스터 하트골드 (Korea, IPKK, header ROM version 0)","포켓몬스터 소울실버 (Korea, IPGK, header ROM version 0)",/a/0/5/6,equal,94,94,,,5650edc0e152a8bf0731f6ae579f7be8fb4c2dca7530b84c9c1f557a01f74cd5,5650edc0e152a8bf0731f6ae579f7be8fb4c2dca7530b84c9c1f557a01f74cd5,32,32,,
"포켓몬스터 하트골드 (Korea, IPKK, header ROM version 0)","포켓몬스터 소울실버 (Korea, IPGK, header ROM version 0)",/a/0/5/6,equal,95,95,,,7e6a26ac1a99a9af0d90ba7bb653afa61a16be4a433083ceb6eef70fde914af3,7e6a26ac1a99a9af0d90ba7bb653afa61a16be4a433083ceb6eef70fde914af3,24,24,,
"포켓몬스터 하트골드 (Korea, IPKK, header ROM version 0)","포켓몬스터 소울실버 (Korea, IPGK, header ROM version 0)",/a/0/5/6,equal,96,96,,,f8a2aae0d07e079a7dbe8f432b5107a79e39be8a29f53be2d2f76c2d2b734c09,f8a2aae0d07e079a7dbe8f432b5107a79e39be8a29f53be2d2f76c2d2b734c09,48,48,,
"포켓몬스터 하트골드 (Korea, IPKK, header ROM version 0)","포켓몬스터 소울실버 (Korea, IPGK, header ROM version 0)",/a/0/5/6,equal,97,97,,,93849b49dcad39ef6699486922fb6853e5ef47efc6d94d7562bba31e3fbaf433,93849b49dcad39ef6699486922fb6853e5ef47efc6d94d7562bba31e3fbaf433,8,8,,
"포켓몬스터 하트골드 (Korea, IPKK, header ROM version 0)","포켓몬스터 소울실버 (Korea, IPGK, header ROM version 0)",/a/0/5/6,equal,98,98,,,50d9ebda7f798bdd50c60897a233e505a35f3a2ce46eef208ee6537e5722bcfe,50d9ebda7f798bdd50c60897a233e505a35f3a2ce46eef208ee6537e5722bcfe,16,16,,
"포켓몬스터 하트골드 (Korea, IPKK, header ROM version 0)","포켓몬스터 소울실버 (Korea, IPGK, header ROM version 0)",/a/0/5/6,equal,99,99,,,7d227a083e43e36c3751fbcf3c08cd607752ffd5244342ca23de3db8ae8cf048,7d227a083e43e36c3751fbcf3c08cd607752ffd5244342ca23de3db8ae8cf048,8,8,,
"포켓몬스터 하트골드 (Korea, IPKK, header ROM version 0)","포켓몬스터 소울실버 (Korea, IPGK, header ROM version 0)",/a/0/5/6,equal,100,100,,,1a25c71fc44d0ef3ddd3a9b3bb7517387547d23b9064d874658059e6ab79a069,1a25c71fc44d0ef3ddd3a9b3bb7517387547d23b9064d874658059e6ab79a069,16,16,,
"포켓몬스터 하트골드 (Korea, IPKK, header ROM version 0)","포켓몬스터 소울실버 (Korea, IPGK, header ROM version 0)",/a/0/5/6,equal,101,101,,,737a97abd2eada86cbc682baebee589e5cce27228290aa871fc57c66c661dee4,737a97abd2eada86cbc682baebee589e5cce27228290aa871fc57c66c661dee4,16,16,,
"포켓몬스터 하트골드 (Korea, IPKK, header ROM version 0)","포켓몬스터 소울실버 (Korea, IPGK, header ROM version 0)",/a/0/5/6,equal,102,102,,,bcff250a41593442e013fcecf838b3756e417a31ef1c1c06d3f3b6998cc373e6,bcff250a41593442e013fcecf838b3756e417a31ef1c1c06d3f3b6998cc373e6,48,48,,
"포켓몬스터 하트골드 (Korea, IPKK, header ROM version 0)","포켓몬스터 소울실버 (Korea, IPGK, header ROM version 0)",/a/0/5/6,equal,103,103,,,26b24498771e0fe1de4f5334bfdf92e0dbdb267e3d974441140f4432cbf6b651,26b24498771e0fe1de4f5334bfdf92e0dbdb267e3d974441140f4432cbf6b651,48,48,,
"포켓몬스터 하트골드 (Korea, IPKK, header ROM version 0)","포켓몬스터 소울실버 (Korea, IPGK, header ROM version 0)",/a/0/5/6,equal,104,104,,,c4f087557802c7c96323a6c00e44cc3cdd15e37dabc0e6dbd6c24f34968f5608,c4f087557802c7c96323a6c00e44cc3cdd15e37dabc0e6dbd6c24f34968f5608,16,16,,
"포켓몬스터 하트골드 (Korea, IPKK, header ROM version 0)","포켓몬스터 소울실버 (Korea, IPGK, header ROM version 0)",/a/0/5/6,equal,105,105,,,8613b0f8dc1baaba7ecc74628227b9a3e6b175df8bbd3625376602c882c07320,8613b0f8dc1baaba7ecc74628227b9a3e6b175df8bbd3625376602c882c07320,24,24,,
"포켓몬스터 하트골드 (Korea, IPKK, header ROM version 0)","포켓몬스터 소울실버 (Korea, IPGK, header ROM version 0)",/a/0/5/6,equal,106,106,,,8613b0f8dc1baaba7ecc74628227b9a3e6b175df8bbd3625376602c882c07320,8613b0f8dc1baaba7ecc74628227b9a3e6b175df8bbd3625376602c882c07320,24,24,,
"포켓몬스터 하트골드 (Korea, IPKK, header ROM version 0)","포켓몬스터 소울실버 (Korea, IPGK, header ROM version 0)",/a/0/5/6,equal,107,107,,,8613b0f8dc1baaba7ecc74628227b9a3e6b175df8bbd3625376602c882c07320,8613b0f8dc1baaba7ecc74628227b9a3e6b175df8bbd3625376602c882c07320,24,24,,
"포켓몬스터 하트골드 (Korea, IPKK, header ROM version 0)","포켓몬스터 소울실버 (Korea, IPGK, header ROM version 0)",/a/0/5/6,equal,108,108,,,4654828fd774d53546458e7ea531f601aeda6ae1adfde8fc769e96615d13c321,4654828fd774d53546458e7ea531f601aeda6ae1adfde8fc769e96615d13c321,32,32,,
"포켓몬스터 하트골드 (Korea, IPKK, header ROM version 0)","포켓몬스터 소울실버 (Korea, IPGK, header ROM version 0)",/a/0/5/6,equal,109,109,,,1d437916351bf99b6aaa8dc78c6f66230d195f6bf09b65a6045277ee1da20d3b,1d437916351bf99b6aaa8dc78c6f66230d195f6bf09b65a6045277ee1da20d3b,24,24,,
"포켓몬스터 하트골드 (Korea, IPKK, header ROM version 0)","포켓몬스터 소울실버 (Korea, IPGK, header ROM version 0)",/a/0/5/6,equal,110,110,,,8d4ddd8992162a5431b101862dcdecec8db31db945d77581f41f28953c8a166f,8d4ddd8992162a5431b101862dcdecec8db31db945d77581f41f28953c8a166f,24,24,,
"포켓몬스터 하트골드 (Korea, IPKK, header ROM version 0)","포켓몬스터 소울실버 (Korea, IPGK, header ROM version 0)",/a/0/5/6,equal,111,111,,,3a8ca22e37c0b8ddb47c545bce0cc421a99fa3d72e987c80e3f1527d3ed5ea98,3a8ca22e37c0b8ddb47c545bce0cc421a99fa3d72e987c80e3f1527d3ed5ea98,8,8,,
"포켓몬스터 하트골드 (Korea, IPKK, header ROM version 0)","포켓몬스터 소울실버 (Korea, IPGK, header ROM version 0)",/a/0/5/6,equal,112,112,,,1fcb438f57e71778ac14c3582d9a7db07b6bdc804f4275fa9215c2930a4baf24,1fcb438f57e71778ac14c3582d9a7db07b6bdc804f4275fa9215c2930a4baf24,16,16,,
"포켓몬스터 하트골드 (Korea, IPKK, header ROM version 0)","포켓몬스터 소울실버 (Korea, IPGK, header ROM version 0)",/a/0/5/6,equal,113,113,,,f0b056dac07074720c33f8b27980a051ac6b84ffdb281982f054bf60bcb4d2c8,f0b056dac07074720c33f8b27980a051ac6b84ffdb281982f054bf60bcb4d2c8,32,32,,
"포켓몬스터 하트골드 (Korea, IPKK, header ROM version 0)","포켓몬스터 소울실버 (Korea, IPGK, header ROM version 0)",/a/0/5/6,equal,114,114,,,42394917f8b179f0e76634fbe0cbd8ba0243c98e1ca34263863ecfc1d6a89dca,42394917f8b179f0e76634fbe0cbd8ba0243c98e1ca34263863ecfc1d6a89dca,24,24,,
"포켓몬스터 하트골드 (Korea, IPKK, header ROM version 0)","포켓몬스터 소울실버 (Korea, IPGK, header ROM version 0)",/a/0/5/6,equal,115,115,,,cd4013a48a2bf9204f520bfe06c707a54a80d7959d95df8cebac6ee34249d02d,cd4013a48a2bf9204f520bfe06c707a54a80d7959d95df8cebac6ee34249d02d,48,48,,
"포켓몬스터 하트골드 (Korea, IPKK, header ROM version 0)","포켓몬스터 소울실버 (Korea, IPGK, header ROM version 0)",/a/0/5/6,equal,116,116,,,cc8dc7290493a7bd294b46055392cda14d92b4884187af81e73e02c3c8c4a179,cc8dc7290493a7bd294b46055392cda14d92b4884187af81e73e02c3c8c4a179,32,32,,
"포켓몬스터 하트골드 (Korea, IPKK, header ROM version 0)","포켓몬스터 소울실버 (Korea, IPGK, header ROM version 0)",/a/0/5/6,equal,117,117,,,4d584a0da7b425d83e6832f90d7909dcde0bc12f5f493ded4be93bf4f6884891,4d584a0da7b425d83e6832f90d7909dcde0bc12f5f493ded4be93bf4f6884891,16,16,,
"포켓몬스터 하트골드 (Korea, IPKK, header ROM version 0)","포켓몬스터 소울실버 (Korea, IPGK, header ROM version 0)",/a/0/5/6,equal,118,118,,,cd3a2a24bc8cdceb411a5d54a291cc9ccf6e44ba451810ca3c69849c8c9c39de,cd3a2a24bc8cdceb411a5d54a291cc9ccf6e44ba451810ca3c69849c8c9c39de,16,16,,
"포켓몬스터 하트골드 (Korea, IPKK, header ROM version 0)","포켓몬스터 소울실버 (Korea, IPGK, header ROM version 0)",/a/0/5/6,equal,119,119,,,c64f006656dab116152a676e580ae7a59b56f45358e1f0363b92e9934d3f9243,c64f006656dab116152a676e580ae7a59b56f45358e1f0363b92e9934d3f9243,8,8,,
"포켓몬스터 하트골드 (Korea, IPKK, header ROM version 0)","포켓몬스터 소울실버 (Korea, IPGK, header ROM version 0)",/a/0/5/6,equal,120,120,,,71c9adf6fccd43e7e36c55a0199dd7d3ff121fd9a585e1239cb919d56aa43ae6,71c9adf6fccd43e7e36c55a0199dd7d3ff121fd9a585e1239cb919d56aa43ae6,16,16,,
"포켓몬스터 하트골드 (Korea, IPKK, header ROM version 0)","포켓몬스터 소울실버 (Korea, IPGK, header ROM version 0)",/a/0/5/6,equal,121,121,,,a9c38ef6ca3fa304fe35b20ce32c18b2a281eeda5287a589f1cc1f583e5ad672,a9c38ef6ca3fa304fe35b20ce32c18b2a281eeda5287a589f1cc1f583e5ad672,24,24,,
"포켓몬스터 하트골드 (Korea, IPKK, header ROM version 0)","포켓몬스터 소울실버 (Korea, IPGK, header ROM version 0)",/a/0/5/6,equal,122,122,,,12fa933b93e15b8155bbb5cc5c979e11d44c71cdf43865c591be259c7d0a6fca,12fa933b93e15b8155bbb5cc5c979e11d44c71cdf43865c591be259c7d0a6fca,48,48,,
"포켓몬스터 하트골드 (Korea, IPKK, header ROM version 0)","포켓몬스터 소울실버 (Korea, IPGK, header ROM version 0)",/a/0/5/6,equal,123,123,,,f8713e280de82f2ca1ff38b4c4ace3b969c3ee061e7ab543dee68e2f0a374b8d,f8713e280de82f2ca1ff38b4c4ace3b969c3ee061e7ab543dee68e2f0a374b8d,8,8,,
"포켓몬스터 하트골드 (Korea, IPKK, header ROM version 0)","포켓몬스터 소울실버 (Korea, IPGK, header ROM version 0)",/a/0/5/6,equal,124,124,,,a2025fea59a53c6e0fd123bf0aca5ca616b3eecb0fe964b5a3cc4dc290cabde7,a2025fea59a53c6e0fd123bf0aca5ca616b3eecb0fe964b5a3cc4dc290cabde7,24,24,,
"포켓몬스터 하트골드 (Korea, IPKK, header ROM version 0)","포켓몬스터 소울실버 (Korea, IPGK, header ROM version 0)",/a/0/5/6,equal,125,125,,,9963c6ad113a82a02bf18633a9d567dd8c9770e67093c6a614893195031cec32,9963c6ad113a82a02bf18633a9d567dd8c9770e67093c6a614893195031cec32,32,32,,
"포켓몬스터 하트골드 (Korea, IPKK, header ROM version 0)","포켓몬스터 소울실버 (Korea, IPGK, header ROM version 0)",/a/0/5/6,equal,126,126,,,0d86f3b0da24b6f3065517de4ef1b1f53121bcdeb171ed3085daac77649482ae,0d86f3b0da24b6f3065517de4ef1b1f53121bcdeb171ed3085daac77649482ae,8,8,,
"포켓몬스터 하트골드 (Korea, IPKK, header ROM version 0)","포켓몬스터 소울실버 (Korea, IPGK, header ROM version 0)",/a/0/5/6,equal,127,127,,,c478bd8ab6c354ea0c3be25b07bbf5253eae2800272bf122055c2bb5d8a35095,c478bd8ab6c354ea0c3be25b07bbf5253eae2800272bf122055c2bb5d8a35095,32,32,,
"포켓몬스터 하트골드 (Korea, IPKK, header ROM version 0)","포켓몬스터 소울실버 (Korea, IPGK, header ROM version 0)",/a/0/5/6,equal,128,128,,,26820f0818709c5132c922329abaa43c5a9aedf14f5e4d331458ff5f2020dd90,26820f0818709c5132c922329abaa43c5a9aedf14f5e4d331458ff5f2020dd90,32,32,,
"포켓몬스터 하트골드 (Korea, IPKK, header ROM version 0)","포켓몬스터 소울실버 (Korea, IPGK, header ROM version 0)",/a/0/5/6,equal,129,129,,,fbe9a9c122bcd8f5a989427252c4bfe416b3ccb95dab2f91c6a85d817657e8eb,fbe9a9c122bcd8f5a989427252c4bfe416b3ccb95dab2f91c6a85d817657e8eb,16,16,,
"포켓몬스터 하트골드 (Korea, IPKK, header ROM version 0)","포켓몬스터 소울실버 (Korea, IPGK, header ROM version 0)",/a/0/5/6,equal,130,130,,,7b92292682088cbc6974692fbfa4b0efb8ed49efdf5575cdbe2c073c5d0843b3,7b92292682088cbc6974692fbfa4b0efb8ed49efdf5575cdbe2c073c5d0843b3,8,8,,
"포켓몬스터 하트골드 (Korea, IPKK, header ROM version 0)","포켓몬스터 소울실버 (Korea, IPGK, header ROM version 0)",/a/0/5/6,equal,131,131,,,0fd773fedb74332a1d5b3f8eea2dec7e2cd9e0ad2fa37fc91993123b41697254,0fd773fedb74332a1d5b3f8eea2dec7e2cd9e0ad2fa37fc91993123b41697254,16,16,,
"포켓몬스터 하트골드 (Korea, IPKK, header ROM version 0)","포켓몬스터 소울실버 (Korea, IPGK, header ROM version 0)",/a/0/5/6,equal,132,132,,,0db19fc4300be1dc9ae080c41563b404a88c5b76616a20f08555d158e965899c,0db19fc4300be1dc9ae080c41563b404a88c5b76616a20f08555d158e965899c,8,8,,
"포켓몬스터 하트골드 (Korea, IPKK, header ROM version 0)","포켓몬스터 소울실버 (Korea, IPGK, header ROM version 0)",/a/0/5/6,equal,133,133,,,7366108386cb28ba0847d660697d55e37eaf71d9c49b301e382b6cce437f06e9,7366108386cb28ba0847d660697d55e37eaf71d9c49b301e382b6cce437f06e9,16,16,,
"포켓몬스터 하트골드 (Korea, IPKK, header ROM version 0)","포켓몬스터 소울실버 (Korea, IPGK, header ROM version 0)",/a/0/5/6,equal,134,134,,,e15022f128033b146a312f73884a2bb7025328811442f91376019de7315ff6e8,e15022f128033b146a312f73884a2bb7025328811442f91376019de7315ff6e8,24,24,,
"포켓몬스터 하트골드 (Korea, IPKK, header ROM version 0)","포켓몬스터 소울실버 (Korea, IPGK, header ROM version 0)",/a/0/5/6,equal,135,135,,,91a23faa3ecf50ac73d66b7caee9261fa4877de7069edf251b077744c89c5699,91a23faa3ecf50ac73d66b7caee9261fa4877de7069edf251b077744c89c5699,24,24,,
"포켓몬스터 하트골드 (Korea, IPKK, header ROM version 0)","포켓몬스터 소울실버 (Korea, IPGK, header ROM version 0)",/a/0/5/6,equal,136,136,,,2b9ad517397ea2a3a79cfc5f073cf87c9c8208c26a57e11fe908d2cf0ae61581,2b9ad517397ea2a3a79cfc5f073cf87c9c8208c26a57e11fe908d2cf0ae61581,48,48,,
"포켓몬스터 하트골드 (Korea, IPKK, header ROM version 0)","포켓몬스터 소울실버 (Korea, IPGK, header ROM version 0)",/a/0/5/6,equal,137,137,,,aba824a8f568fbfc02b033d083f5fa263ebad6e02ac204314015f4fc0ac26e09,aba824a8f568fbfc02b033d083f5fa263ebad6e02ac204314015f4fc0ac26e09,16,16,,
"포켓몬스터 하트골드 (Korea, IPKK, header ROM version 0)","포켓몬스터 소울실버 (Korea, IPGK, header ROM version 0)",/a/0/5/6,equal,138,138,,,d9033246c872bc0980613fee740caca98c6ece7fe678a131a93d103cd6b1b2df,d9033246c872bc0980613fee740caca98c6ece7fe678a131a93d103cd6b1b2df,8,8,,
"포켓몬스터 하트골드 (Korea, IPKK, header ROM version 0)","포켓몬스터 소울실버 (Korea, IPGK, header ROM version 0)",/a/0/5/6,equal,139,139,,,d2b24ba95f20e6b9e7f44a1e0a7bfc848dbb9352d4e30ae348352c6ddbb91c7a,d2b24ba95f20e6b9e7f44a1e0a7bfc848dbb9352d4e30ae348352c6ddbb91c7a,8,8,,
"포켓몬스터 하트골드 (Korea, IPKK, header ROM version 0)","포켓몬스터 소울실버 (Korea, IPGK, header ROM version 0)",/a/0/5/6,equal,140,140,,,fb570227884021c21858b15930e34384eb68a7606bcc56118946114324db23ee,fb570227884021c21858b15930e34384eb68a7606bcc56118946114324db23ee,16,16,,
"포켓몬스터 하트골드 (Korea, IPKK, header ROM version 0)","포켓몬스터 소울실버 (Korea, IPGK, header ROM version 0)",/a/0/5/6,equal,141,141,,,d9033246c872bc0980613fee740caca98c6ece7fe678a131a93d103cd6b1b2df,d9033246c872bc0980613fee740caca98c6ece7fe678a131a93d103cd6b1b2df,8,8,,
"포켓몬스터 하트골드 (Korea, IPKK, header ROM version 0)","포켓몬스터 소울실버 (Korea, IPGK, header ROM version 0)",/a/0/5/6,equal,142,142,,,60c0515040539a087321896200f7efde9866b114a712b84c20d83726c649b6dc,60c0515040539a087321896200f7efde9866b114a712b84c20d83726c649b6dc,24,24,,
"포켓몬스터 하트골드 (Korea, IPKK, header ROM version 0)","포켓몬스터 소울실버 (Korea, IPGK, header ROM version 0)",/a/0/5/6,equal,143,143,,,130920ce98d04f3f9bbd960a6351e4644e4e4cd150cff65edd9f3cba215e8fec,130920ce98d04f3f9bbd960a6351e4644e4e4cd150cff65edd9f3cba215e8fec,24,24,,
"포켓몬스터 하트골드 (Korea, IPKK, header ROM version 0)","포켓몬스터 소울실버 (Korea, IPGK, header ROM version 0)",/a/0/5/6,equal,144,144,,,d8183bd1ab5178777397691becd8a57ef63d7a011d545617c47a569fd3a91451,d8183bd1ab5178777397691becd8a57ef63d7a011d545617c47a569fd3a91451,24,24,,
"포켓몬스터 하트골드 (Korea, IPKK, header ROM version 0)","포켓몬스터 소울실버 (Korea, IPGK, header ROM version 0)",/a/0/5/6,equal,145,145,,,04f6e669a4e7c356f1d07aa5e7c24bf01a6d8e6ccbda99fe5ac2284f7427981b,04f6e669a4e7c356f1d07aa5e7c24bf01a6d8e6ccbda99fe5ac2284f7427981b,8,8,,
"포켓몬스터 하트골드 (Korea, IPKK, header ROM version 0)","포켓몬스터 소울실버 (Korea, IPGK, header ROM version 0)",/a/0/5/6,equal,146,146,,,29326a4983f6f88c46ec7722c8cb9a961ad1624c18b14151eb197c532fae81f1,29326a4983f6f88c46ec7722c8cb9a961ad1624c18b14151eb197c532fae81f1,32,32,,
"포켓몬스터 하트골드 (Korea, IPKK, header ROM version 0)","포켓몬스터 소울실버 (Korea, IPGK, header ROM version 0)",/a/0/5/6,equal,147,147,,,86fa4044cb3ffcf7dad097a14b477f10cab6420ad6f1fcae715bb1de05ed5609,86fa4044cb3ffcf7dad097a14b477f10cab6420ad6f1fcae715bb1de05ed5609,8,8,,
"포켓몬스터 하트골드 (Korea, IPKK, header ROM version 0)","포켓몬스터 소울실버 (Korea, IPGK, header ROM version 0)",/a/0/5/6,equal,148,148,,,b144c8a0517ba52cf6f8dcf8ca7b8116a66e47408fd48a7accde1dfc65e4adea,b144c8a0517ba52cf6f8dcf8ca7b8116a66e47408fd48a7accde1dfc65e4adea,8,8,,
"포켓몬스터 하트골드 (Korea, IPKK, header ROM version 0)","포켓몬스터 소울실버 (Korea, IPGK, header ROM version 0)",/a/0/5/6,equal,149,149,,,8e663db59325065981897c1ec7f4137c1785cd6782c1ef808bc1cda8700e92ce,8e663db59325065981897c1ec7f4137c1785cd6782c1ef808bc1cda8700e92ce,16,16,,
"포켓몬스터 하트골드 (Korea, IPKK, header ROM version 0)","포켓몬스터 소울실버 (Korea, IPGK, header ROM version 0)",/a/0/5/6,equal,150,150,,,20e4aa8e1e308b2c3ebf6d5b9f885b9a10d2b9ab9a502c0b6592f0bdb8f9bc2f,20e4aa8e1e308b2c3ebf6d5b9f885b9a10d2b9ab9a502c0b6592f0bdb8f9bc2f,24,24,,
"포켓몬스터 하트골드 (Korea, IPKK, header ROM version 0)","포켓몬스터 소울실버 (Korea, IPGK, header ROM version 0)",/a/0/5/6,equal,151,151,,,c027444075efcf30d141476fb42599cedf00395a67a17f0e417819f753da81d2,c027444075efcf30d141476fb42599cedf00395a67a17f0e417819f753da81d2,16,16,,
"포켓몬스터 하트골드 (Korea, IPKK, header ROM version 0)","포켓몬스터 소울실버 (Korea, IPGK, header ROM version 0)",/a/0/5/6,equal,152,152,,,1f2835029c28aa3ccfaaad60775136ed7e70bb055b9f6a089633b2312176fb46,1f2835029c28aa3ccfaaad60775136ed7e70bb055b9f6a089633b2312176fb46,8,8,,
"포켓몬스터 하트골드 (Korea, IPKK, header ROM version 0)","포켓몬스터 소울실버 (Korea, IPGK, header ROM version 0)",/a/0/5/6,equal,153,153,,,248473ef6d5ba608d99c591034adb52ece8939446b3cb804fadd89c9fa7108b1,248473ef6d5ba608d99c591034adb52ece8939446b3cb804fadd89c9fa7108b1,16,16,,
"포켓몬스터 하트골드 (Korea, IPKK, header ROM version 0)","포켓몬스터 소울실버 (Korea, IPGK, header ROM version 0)",/a/0/5/6,equal,154,154,,,fab6ba0c48560eceb20c6e3479b8b48bcfc461bd43d04e7b15c9f10bccfa439e,fab6ba0c48560eceb20c6e3479b8b48bcfc461bd43d04e7b15c9f10bccfa439e,40,40,,
"포켓몬스터 하트골드 (Korea, IPKK, header ROM version 0)","포켓몬스터 소울실버 (Korea, IPGK, header ROM version 0)",/a/0/5/6,equal,155,155,,,b99808fbb955cde73345c8cc7392b0c6b70292700fbe27aeadcd0d8a41e53fb2,b99808fbb955cde73345c8cc7392b0c6b70292700fbe27aeadcd0d8a41e53fb2,24,24,,
"포켓몬스터 하트골드 (Korea, IPKK, header ROM version 0)","포켓몬스터 소울실버 (Korea, IPGK, header ROM version 0)",/a/0/5/6,equal,156,156,,,c9adec7aa44b7e877284ebdb0ea24582908d68b3b2847d184efb52c4315e8b9c,c9adec7aa44b7e877284ebdb0ea24582908d68b3b2847d184efb52c4315e8b9c,16,16,,
"포켓몬스터 하트골드 (Korea, IPKK, header ROM version 0)","포켓몬스터 소울실버 (Korea, IPGK, header ROM version 0)",/a/0/5/6,equal,157,157,,,6fd4dc21677c0d43cb5fe24271de504379239d27d9da8e42db767d94c9c2379a,6fd4dc21677c0d43cb5fe24271de504379239d27d9da8e42db767d94c9c2379a,16,16,,
"포켓몬스터 하트골드 (Korea, IPKK, header ROM version 0)","포켓몬스터 소울실버 (Korea, IPGK, header ROM version 0)",/a/0/5/6,equal,158,158,,,609fbe03fa6911d95bf0dbb3b6c997a4a1d156408b6e804717914931b5872430,609fbe03fa6911d95bf0dbb3b6c997a4a1d156408b6e804717914931b5872430,16,16,,
"포켓몬스터 하트골드 (Korea, IPKK, header ROM version 0)","포켓몬스터 소울실버 (Korea, IPGK, header ROM version 0)",/a/0/5/6,equal,159,159,,,fff14c52e535fdbd5559892935e0129c4c0fb1f37771aec8d3d3b522dea78863,fff14c52e535fdbd5559892935e0129c4c0fb1f37771aec8d3d3b522dea78863,24,24,,
"포켓몬스터 하트골드 (Korea, IPKK, header ROM version 0)","포켓몬스터 소울실버 (Korea, IPGK, header ROM version 0)",/a/0/5/6,equal,160,160,,,ac1378447e43e12753701acc7d54c02951123f7f47336cb38b45b07d0d923d2c,ac1378447e43e12753701acc7d54c02951123f7f47336cb38b45b07d0d923d2c,20,20,,
"포켓몬스터 하트골드 (Korea, IPKK, header ROM version 0)","포켓몬스터 소울실버 (Korea, IPGK, header ROM version 0)",/a/0/5/6,equal,161,161,,,8c6fa3a3e017175e0df72c7e4cf834a2e43b5b8f61c2e46eafda8b523ace5807,8c6fa3a3e017175e0df72c7e4cf834a2e43b5b8f61c2e46eafda8b523ace5807,20,20,,
"포켓몬스터 하트골드 (Korea, IPKK, header ROM version 0)","포켓몬스터 소울실버 (Korea, IPGK, header ROM version 0)",/a/0/5/6,equal,162,162,,,0657843dbabd1f660205261959f7d0555034002517aae9d4d23cbcf42ec46cd8,0657843dbabd1f660205261959f7d0555034002517aae9d4d23cbcf42ec46cd8,20,20,,
"포켓몬스터 하트골드 (Korea, IPKK, header ROM version 0)","포켓몬스터 소울실버 (Korea, IPGK, header ROM version 0)",/a/0/5/6,equal,163,163,,,945b49dcf02758a5c28d0c156b2579889e1a390558d525d50a10c1e961e0bdb6,945b49dcf02758a5c28d0c156b2579889e1a390558d525d50a10c1e961e0bdb6,20,20,,
"포켓몬스터 하트골드 (Korea, IPKK, header ROM version 0)","포켓몬스터 소울실버 (Korea, IPGK, header ROM version 0)",/a/0/5/6,equal,164,164,,,723696cb085ff4dca9e8f2c7f6815a9a84556f5c5dda35bef0100c7ee5e3f1d6,723696cb085ff4dca9e8f2c7f6815a9a84556f5c5dda35bef0100c7ee5e3f1d6,20,20,,
"포켓몬스터 하트골드 (Korea, IPKK, header ROM version 0)","포켓몬스터 소울실버 (Korea, IPGK, header ROM version 0)",/a/0/5/6,equal,165,165,,,24f435a43affe718ad0b6bbf0ae650bdc80829096e5c54058a07fde3f8615b3a,24f435a43affe718ad0b6bbf0ae650bdc80829096e5c54058a07fde3f8615b3a,8,8,,
"포켓몬스터 하트골드 (Korea, IPKK, header ROM version 0)","포켓몬스터 소울실버 (Korea, IPGK, header ROM version 0)",/a/0/5/6,equal,166,166,,,e37af104b72033b791fbe350fdc404b7c74f2e0bc6e213bef8b9789f76ee4b94,e37af104b72033b791fbe350fdc404b7c74f2e0bc6e213bef8b9789f76ee4b94,8,8,,
"포켓몬스터 하트골드 (Korea, IPKK, header ROM version 0)","포켓몬스터 소울실버 (Korea, IPGK, header ROM version 0)",/a/0/5/6,equal,167,167,,,95f5b1173c19b92f32112bc424cff581237f78ae84daa0582d422b9e0979f199,95f5b1173c19b92f32112bc424cff581237f78ae84daa0582d422b9e0979f199,8,8,,
"포켓몬스터 하트골드 (Korea, IPKK, header ROM version 0)","포켓몬스터 소울실버 (Korea, IPGK, header ROM version 0)",/a/0/5/6,equal,168,168,,,7d03e762e957077771a1f90a7a20a5849da1379c71b4abe6f343642a36209293,7d03e762e957077771a1f90a7a20a5849da1379c71b4abe6f343642a36209293,24,24,,
"포켓몬스터 하트골드 (Korea, IPKK, header ROM version 0)","포켓몬스터 소울실버 (Korea, IPGK, header ROM version 0)",/a/0/5/6,equal,169,169,,,cf69b8df9e2a39c56445f98c6adc8d1875e59bff089a39ed427785dec563176c,cf69b8df9e2a39c56445f98c6adc8d1875e59bff089a39ed427785dec563176c,16,16,,
"포켓몬스터 하트골드 (Korea, IPKK, header ROM version 0)","포켓몬스터 소울실버 (Korea, IPGK, header ROM version 0)",/a/0/5/6,equal,170,170,,,84d7bf092a55bbdf6aaba6d5e7d718bfb53d62469c4b761d4ac6beef3c2b49f9,84d7bf092a55bbdf6aaba6d5e7d718bfb53d62469c4b761d4ac6beef3c2b49f9,24,24,,
"포켓몬스터 하트골드 (Korea, IPKK, header ROM version 0)","포켓몬스터 소울실버 (Korea, IPGK, header ROM version 0)",/a/0/5/6,equal,171,171,,,bfa4bc060791097da3e711be0ea81b9c1ba6ea0c109e265ee4ed0229b700d7ec,bfa4bc060791097da3e711be0ea81b9c1ba6ea0c109e265ee4ed0229b700d7ec,24,24,,
"포켓몬스터 하트골드 (Korea, IPKK, header ROM version 0)","포켓몬스터 소울실버 (Korea, IPGK, header ROM version 0)",/a/0/5/6,equal,172,172,,,a87de8a1c58c518f7d7f3110d284c482f9c62173c444976aa8cc50bc8a32b8e3,a87de8a1c58c518f7d7f3110d284c482f9c62173c444976aa8cc50bc8a32b8e3,24,24,,
"포켓몬스터 하트골드 (Korea, IPKK, header ROM version 0)","포켓몬스터 소울실버 (Korea, IPGK, header ROM version 0)",/a/0/5/6,equal,173,173,,,aec3e4061c7f537bade57f0959dedcd34bef9e36b52154c39ebe008335585c5a,aec3e4061c7f537bade57f0959dedcd34bef9e36b52154c39ebe008335585c5a,32,32,,
"포켓몬스터 하트골드 (Korea, IPKK, header ROM version 0)","포켓몬스터 소울실버 (Korea, IPGK, header ROM version 0)",/a/0/5/6,equal,174,174,,,b247d2346a7734be2a168ad667c808a2b0b2c5bffe3a8c7c7933fd41f9683e7d,b247d2346a7734be2a168ad667c808a2b0b2c5bffe3a8c7c7933fd41f9683e7d,24,24,,
"포켓몬스터 하트골드 (Korea, IPKK, header ROM version 0)","포켓몬스터 소울실버 (Korea, IPGK, header ROM version 0)",/a/0/5/6,equal,175,175,,,506c69e56e8e16d37a963d61beb7ed25db11e2682d76da736d2017ecdd4fe787,506c69e56e8e16d37a963d61beb7ed25db11e2682d76da736d2017ecdd4fe787,8,8,,
"포켓몬스터 하트골드 (Korea, IPKK, header ROM version 0)","포켓몬스터 소울실버 (Korea, IPGK, header ROM version 0)",/a/0/5/6,equal,176,176,,,506c69e56e8e16d37a963d61beb7ed25db11e2682d76da736d2017ecdd4fe787,506c69e56e8e16d37a963d61beb7ed25db11e2682d76da736d2017ecdd4fe787,8,8,,
"포켓몬스터 하트골드 (Korea, IPKK, header ROM version 0)","포켓몬스터 소울실버 (Korea, IPGK, header ROM version 0)",/a/0/5/6,equal,177,177,,,506c69e56e8e16d37a963d61beb7ed25db11e2682d76da736d2017ecdd4fe787,506c69e56e8e16d37a963d61beb7ed25db11e2682d76da736d2017ecdd4fe787,8,8,,
"포켓몬스터 하트골드 (Korea, IPKK, header ROM version 0)","포켓몬스터 소울실버 (Korea, IPGK, header ROM version 0)",/a/0/5/6,equal,178,178,,,a94be9b020d05a2f67ba7b137d6ad3e6462d5aa0ff19ec04ae01eedcdca79733,a94be9b020d05a2f67ba7b137d6ad3e6462d5aa0ff19ec04ae01eedcdca79733,16,16,,
"포켓몬스터 하트골드 (Korea, IPKK, header ROM version 0)","포켓몬스터 소울실버 (Korea, IPGK, header ROM version 0)",/a/0/5/6,equal,179,179,,,a648786c784e772de364dbb5a43c30fd387dd27e22527db56f26d581ed9ac72f,a648786c784e772de364dbb5a43c30fd387dd27e22527db56f26d581ed9ac72f,32,32,,
"포켓몬스터 하트골드 (Korea, IPKK, header ROM version 0)","포켓몬스터 소울실버 (Korea, IPGK, header ROM version 0)",/a/0/5/6,equal,180,180,,,44ed9f0000508b0bcf49aedfb9fe0a66dab676ed9f4463d6f0b3d478ded5fc2a,44ed9f0000508b0bcf49aedfb9fe0a66dab676ed9f4463d6f0b3d478ded5fc2a,8,8,,
"포켓몬스터 하트골드 (Korea, IPKK, header ROM version 0)","포켓몬스터 소울실버 (Korea, IPGK, header ROM version 0)",/a/0/5/6,equal,181,181,,,3566b13a0a6af97e8c341d4bf6f14858a7801ef8adb639d651fbab2980c150b7,3566b13a0a6af97e8c341d4bf6f14858a7801ef8adb639d651fbab2980c150b7,8,8,,
"포켓몬스터 하트골드 (Korea, IPKK, header ROM version 0)","포켓몬스터 소울실버 (Korea, IPGK, header ROM version 0)",/a/0/5/6,equal,182,182,,,1cc0195882835955c7d324a27a1589f39ee93de3cc0e29a60c8630c405e8f2a3,1cc0195882835955c7d324a27a1589f39ee93de3cc0e29a60c8630c405e8f2a3,8,8,,
"포켓몬스터 하트골드 (Korea, IPKK, header ROM version 0)","포켓몬스터 소울실버 (Korea, IPGK, header ROM version 0)",/a/0/5/6,equal,183,183,,,cb15d94e7a6cf0275565f7107acd9f5f6afe3b395f2572a3163299f6267ef568,cb15d94e7a6cf0275565f7107acd9f5f6afe3b395f2572a3163299f6267ef568,48,48,,
"포켓몬스터 하트골드 (Korea, IPKK, header ROM version 0)","포켓몬스터 소울실버 (Korea, IPGK, header ROM version 0)",/a/0/5/6,equal,184,184,,,5a6455261842c22427a57f0eecfd8a88f4ca34bdb53ee4b0de61cab8228af0e2,5a6455261842c22427a57f0eecfd8a88f4ca34bdb53ee4b0de61cab8228af0e2,16,16,,
"포켓몬스터 하트골드 (Korea, IPKK, header ROM version 0)","포켓몬스터 소울실버 (Korea, IPGK, header ROM version 0)",/a/0/5/6,equal,185,185,,,5464635f53804174d2f0249f119a76ddd9b33cab26fde0dbff4e13b66cba4be5,5464635f53804174d2f0249f119a76ddd9b33cab26fde0dbff4e13b66cba4be5,16,16,,
"포켓몬스터 하트골드 (Korea, IPKK, header ROM version 0)","포켓몬스터 소울실버 (Korea, IPGK, header ROM version 0)",/a/0/5/6,equal,186,186,,,5a61101cbc3531e6e0e3509b436f4d8882f04d6101aa4606377391895d73c062,5a61101cbc3531e6e0e3509b436f4d8882f04d6101aa4606377391895d73c062,24,24,,
"포켓몬스터 하트골드 (Korea, IPKK, header ROM version 0)","포켓몬스터 소울실버 (Korea, IPGK, header ROM version 0)",/a/0/5/6,equal,187,187,,,896d4bce65c4cbd0501a0debe6c566d54d209ad4a2cc48c2a69dc90c953c4a6a,896d4bce65c4cbd0501a0debe6c566d54d209ad4a2cc48c2a69dc90c953c4a6a,40,40,,
"포켓몬스터 하트골드 (Korea, IPKK, header ROM version 0)","포켓몬스터 소울실버 (Korea, IPGK, header ROM version 0)",/a/0/5/6,equal,188,188,,,b4783cc4338d18c41d54e9dbc056770446c0350ad274b755e35a56d7d328c0c1,b4783cc4338d18c41d54e9dbc056770446c0350ad274b755e35a56d7d328c0c1,16,16,,
"포켓몬스터 하트골드 (Korea, IPKK, header ROM version 0)","포켓몬스터 소울실버 (Korea, IPGK, header ROM version 0)",/a/0/5/6,equal,189,189,,,fb7fb38ceb27e1df0ae8b11a0186c9ebc632940844efaf4202b4d9a354ec159c,fb7fb38ceb27e1df0ae8b11a0186c9ebc632940844efaf4202b4d9a354ec159c,32,32,,
"포켓몬스터 하트골드 (Korea, IPKK, header ROM version 0)","포켓몬스터 소울실버 (Korea, IPGK, header ROM version 0)",/a/0/5/6,equal,190,190,,,267f9dd77e4831e412e5be47ad91843f5b310959a1d13ba1cf866e727fdc75b6,267f9dd77e4831e412e5be47ad91843f5b310959a1d13ba1cf866e727fdc75b6,8,8,,
"포켓몬스터 하트골드 (Korea, IPKK, header ROM version 0)","포켓몬스터 소울실버 (Korea, IPGK, header ROM version 0)",/a/0/5/6,equal,191,191,,,a493c870da65820e1ee3c40044a81ae69084c269154d0f0af524718774ecaa0f,a493c870da65820e1ee3c40044a81ae69084c269154d0f0af524718774ecaa0f,16,16,,
"포켓몬스터 하트골드 (Korea, IPKK, header ROM version 0)","포켓몬스터 소울실버 (Korea, IPGK, header ROM version 0)",/a/0/5/6,equal,192,192,,,eb80c66645283a862abf47e6c78662634a6835ebd5601a0c20d115bdb7fc3ea3,eb80c66645283a862abf47e6c78662634a6835ebd5601a0c20d115bdb7fc3ea3,24,24,,
"포켓몬스터 하트골드 (Korea, IPKK, header ROM version 0)","포켓몬스터 소울실버 (Korea, IPGK, header ROM version 0)",/a/0/5/6,equal,193,193,,,853c8ca6e3e0ff9f9493e30b61f6a13ac94a4920e684971a02cc309e08751f9c,853c8ca6e3e0ff9f9493e30b61f6a13ac94a4920e684971a02cc309e08751f9c,24,24,,
"포켓몬스터 하트골드 (Korea, IPKK, header ROM version 0)","포켓몬스터 소울실버 (Korea, IPGK, header ROM version 0)",/a/0/5/6,equal,194,194,,,6939957ac319a31e092e15af63b5597be1e6090bd9e882ab6fd2b3c2ea8d2032,6939957ac319a31e092e15af63b5597be1e6090bd9e882ab6fd2b3c2ea8d2032,8,8,,
"포켓몬스터 하트골드 (Korea, IPKK, header ROM version 0)","포켓몬스터 소울실버 (Korea, IPGK, header ROM version 0)",/a/0/5/6,equal,195,195,,,9fe7492a132323512e576c938a3dd58129af43db550e8e7bdf38f3d0ea886b2e,9fe7492a132323512e576c938a3dd58129af43db550e8e7bdf38f3d0ea886b2e,8,8,,
"포켓몬스터 하트골드 (Korea, IPKK, header ROM version 0)","포켓몬스터 소울실버 (Korea, IPGK, header ROM version 0)",/a/0/5/6,equal,196,196,,,ace02f04b13bbaba3981508a9a891cc55477de54f8e51eed07cf40aa270a7290,ace02f04b13bbaba3981508a9a891cc55477de54f8e51eed07cf40aa270a7290,16,16,,
"포켓몬스터 하트골드 (Korea, IPKK, header ROM version 0)","포켓몬스터 소울실버 (Korea, IPGK, header ROM version 0)",/a/0/5/6,equal,197,197,,,ee97bedd32b034c69d2266a78ef33a6855adaa985b53ddea991e25ed9870611b,ee97bedd32b034c69d2266a78ef33a6855adaa985b53ddea991e25ed9870611b,16,16,,
"포켓몬스터 하트골드 (Korea, IPKK, header ROM version 0)","포켓몬스터 소울실버 (Korea, IPGK, header ROM version 0)",/a/0/5/6,equal,198,198,,,209573aa1d51578e13c9822ac4c6d9e8b9daf2f8b5cc62d341f8b65dd590abf4,209573aa1d51578e13c9822ac4c6d9e8b9daf2f8b5cc62d341f8b65dd590abf4,8,8,,
"포켓몬스터 하트골드 (Korea, IPKK, header ROM version 0)","포켓몬스터 소울실버 (Korea, IPGK, header ROM version 0)",/a/0/5/6,equal,199,199,,,d90cb5b74f87975f2e92616716f427ec392f95889228068e742c115885b93d54,d90cb5b74f87975f2e92616716f427ec392f95889228068e742c115885b93d54,16,16,,
"포켓몬스터 하트골드 (Korea, IPKK, header ROM version 0)","포켓몬스터 소울실버 (Korea, IPGK, header ROM version 0)",/a/0/5/6,equal,200,200,,,f0e6e57a397d568188a051cf70923e7e220cd65fa9812039e54515aa7627bfdb,f0e6e57a397d568188a051cf70923e7e220cd65fa9812039e54515aa7627bfdb,32,32,,
"포켓몬스터 하트골드 (Korea, IPKK, header ROM version 0)","포켓몬스터 소울실버 (Korea, IPGK, header ROM version 0)",/a/0/5/6,equal,201,201,,,40859ee7d850b2d7058e6c10d1a33177c5cd99dc0df24bc162433d7a26118b3a,40859ee7d850b2d7058e6c10d1a33177c5cd99dc0df24bc162433d7a26118b3a,16,16,,
"포켓몬스터 하트골드 (Korea, IPKK, header ROM version 0)","포켓몬스터 소울실버 (Korea, IPGK, header ROM version 0)",/a/0/5/6,equal,202,202,,,05b15e4118a753127df5fd7b213da6d0e083c96e366284d59d3b6b9a45cf681f,05b15e4118a753127df5fd7b213da6d0e083c96e366284d59d3b6b9a45cf681f,8,8,,
"포켓몬스터 하트골드 (Korea, IPKK, header ROM version 0)","포켓몬스터 소울실버 (Korea, IPGK, header ROM version 0)",/a/0/5/6,equal,203,203,,,ad7d7027a00bbf25d2940e80d357a3e1561cafaf725a96f4181c04ea1917935f,ad7d7027a00bbf25d2940e80d357a3e1561cafaf725a96f4181c04ea1917935f,16,16,,
"포켓몬스터 하트골드 (Korea, IPKK, header ROM version 0)","포켓몬스터 소울실버 (Korea, IPGK, header ROM version 0)",/a/0/5/6,equal,204,204,,,3d9d9f131b3f8cd6ab423d100e0c76946308eae23b6b8acd9ecb96f11412c354,3d9d9f131b3f8cd6ab423d100e0c76946308eae23b6b8acd9ecb96f11412c354,16,16,,
"포켓몬스터 하트골드 (Korea, IPKK, header ROM version 0)","포켓몬스터 소울실버 (Korea, IPGK, header ROM version 0)",/a/0/5/6,equal,205,205,,,7d4a6e9dac07c47ddff2eddc97a82a0ada2d6297ade7cc81c275f0b832457e99,7d4a6e9dac07c47ddff2eddc97a82a0ada2d6297ade7cc81c275f0b832457e99,48,48,,
"포켓몬스터 하트골드 (Korea, IPKK, header ROM version 0)","포켓몬스터 소울실버 (Korea, IPGK, header ROM version 0)",/a/0/5/6,equal,206,206,,,0f86ff963919c92f56d6280bdd4944ed3f5cfa7c24ba21bf11a4829ef74121c8,0f86ff963919c92f56d6280bdd4944ed3f5cfa7c24ba21bf11a4829ef74121c8,32,32,,
"포켓몬스터 하트골드 (Korea, IPKK, header ROM version 0)","포켓몬스터 소울실버 (Korea, IPGK, header ROM version 0)",/a/0/5/6,equal,207,207,,,44ed9f0000508b0bcf49aedfb9fe0a66dab676ed9f4463d6f0b3d478ded5fc2a,44ed9f0000508b0bcf49aedfb9fe0a66dab676ed9f4463d6f0b3d478ded5fc2a,8,8,,
"포켓몬스터 하트골드 (Korea, IPKK, header ROM version 0)","포켓몬스터 소울실버 (Korea, IPGK, header ROM version 0)",/a/0/5/6,equal,208,208,,,83e9a3b5b543673cb3640f9b0f43c4610ca5481e46d2bd57f155f735959a1633,83e9a3b5b543673cb3640f9b0f43c4610ca5481e46d2bd57f155f735959a1633,8,8,,
"포켓몬스터 하트골드 (Korea, IPKK, header ROM version 0)","포켓몬스터 소울실버 (Korea, IPGK, header ROM version 0)",/a/0/5/6,equal,209,209,,,f1e98f19b1447ad296ef7bc5d2ee3e3c88ee21061d82596264b3391563685f13,f1e98f19b1447ad296ef7bc5d2ee3e3c88ee21061d82596264b3391563685f13,16,16,,
"포켓몬스터 하트골드 (Korea, IPKK, header ROM version 0)","포켓몬스터 소울실버 (Korea, IPGK, header ROM version 0)",/a/0/5/6,equal,210,210,,,75e43caf6d9f66262d3b2957eb221fd9d1e8fa127792982aa15cb2552c880894,75e43caf6d9f66262d3b2957eb221fd9d1e8fa127792982aa15cb2552c880894,24,24,,
"포켓몬스터 하트골드 (Korea, IPKK, header ROM version 0)","포켓몬스터 소울실버 (Korea, IPGK, header ROM version 0)",/a/0/5/6,equal,211,211,,,3b13de8f63a635a06e66becdf84b0707f2d76428c20cc7e435cfa0f8bd6100b6,3b13de8f63a635a06e66becdf84b0707f2d76428c20cc7e435cfa0f8bd6100b6,16,16,,
"포켓몬스터 하트골드 (Korea, IPKK, header ROM version 0)","포켓몬스터 소울실버 (Korea, IPGK, header ROM version 0)",/a/0/5/6,equal,212,212,,,cbc47296e08569e2b0c3a4c83c7d6b77477ba972aece278d18a272f7a58ccdff,cbc47296e08569e2b0c3a4c83c7d6b77477ba972aece278d18a272f7a58ccdff,8,8,,
"포켓몬스터 하트골드 (Korea, IPKK, header ROM version 0)","포켓몬스터 소울실버 (Korea, IPGK, header ROM version 0)",/a/0/5/6,equal,213,213,,,6e92198155962ae278901e22a4d5e5156c6e8e0401a16ffd8b8c14d4b3012b9c,6e92198155962ae278901e22a4d5e5156c6e8e0401a16ffd8b8c14d4b3012b9c,32,32,,
"포켓몬스터 하트골드 (Korea, IPKK, header ROM version 0)","포켓몬스터 소울실버 (Korea, IPGK, header ROM version 0)",/a/0/5/6,equal,214,214,,,8e76cbcb48bc6f816312726e7f184de134d28f3233878c4c9c07fce1bdb31280,8e76cbcb48bc6f816312726e7f184de134d28f3233878c4c9c07fce1bdb31280,24,24,,
"포켓몬스터 하트골드 (Korea, IPKK, header ROM version 0)","포켓몬스터 소울실버 (Korea, IPGK, header ROM version 0)",/a/0/5/6,equal,215,215,,,eb5ead1c37a30cee11f3038ff6429b5bc5072995cc5ed01a53fe008d3c07287a,eb5ead1c37a30cee11f3038ff6429b5bc5072995cc5ed01a53fe008d3c07287a,8,8,,
"포켓몬스터 하트골드 (Korea, IPKK, header ROM version 0)","포켓몬스터 소울실버 (Korea, IPGK, header ROM version 0)",/a/0/5/6,equal,216,216,,,0da6b4cbfbed62001a3a226f6ab3708adce43a1571797a5d60c8ba41f6493f5f,0da6b4cbfbed62001a3a226f6ab3708adce43a1571797a5d60c8ba41f6493f5f,32,32,,
"포켓몬스터 하트골드 (Korea, IPKK, header ROM version 0)","포켓몬스터 소울실버 (Korea, IPGK, header ROM version 0)",/a/0/5/6,equal,217,217,,,a8f7c0a3153d6a88437b9b92ce470483a16958a8692dba0924e72d97da5496d3,a8f7c0a3153d6a88437b9b92ce470483a16958a8692dba0924e72d97da5496d3,24,24,,
"포켓몬스터 하트골드 (Korea, IPKK, header ROM version 0)","포켓몬스터 소울실버 (Korea, IPGK, header ROM version 0)",/a/0/5/6,equal,218,218,,,9cb2daf11ac48595cf55627bcfb6e733950dc3777d1ef20b9751da733a2b4748,9cb2daf11ac48595cf55627bcfb6e733950dc3777d1ef20b9751da733a2b4748,8,8,,
"포켓몬스터 하트골드 (Korea, IPKK, header ROM version 0)","포켓몬스터 소울실버 (Korea, IPGK, header ROM version 0)",/a/0/5/6,equal,219,219,,,29f6900eeb11541e9c922ba82c278a3033edf0f582eb0aefe9d84b2c7ac676ab,29f6900eeb11541e9c922ba82c278a3033edf0f582eb0aefe9d84b2c7ac676ab,24,24,,
"포켓몬스터 하트골드 (Korea, IPKK, header ROM version 0)","포켓몬스터 소울실버 (Korea, IPGK, header ROM version 0)",/a/0/5/6,equal,220,220,,,a9c6e85b9bd8cfb423038913c9416816ddee893c1a71083a623f591dcbed2b90,a9c6e85b9bd8cfb423038913c9416816ddee893c1a71083a623f591dcbed2b90,16,16,,
"포켓몬스터 하트골드 (Korea, IPKK, header ROM version 0)","포켓몬스터 소울실버 (Korea, IPGK, header ROM version 0)",/a/0/5/6,equal,221,221,,,b201447298b7c1f775e03a8097752d01a025f5baf6bc8e4fa6b48f31edfe674c,b201447298b7c1f775e03a8097752d01a025f5baf6bc8e4fa6b48f31edfe674c,8,8,,
"포켓몬스터 하트골드 (Korea, IPKK, header ROM version 0)","포켓몬스터 소울실버 (Korea, IPGK, header ROM version 0)",/a/0/5/6,equal,222,222,,,efb9108dbf11cf0bb359c47fff3da87c3fe84521624a4410c97ff1a5913ac2cf,efb9108dbf11cf0bb359c47fff3da87c3fe84521624a4410c97ff1a5913ac2cf,8,8,,
"포켓몬스터 하트골드 (Korea, IPKK, header ROM version 0)","포켓몬스터 소울실버 (Korea, IPGK, header ROM version 0)",/a/0/5/6,equal,223,223,,,e3af44d399861bb0bd227543d6518bca6e806ddfc6ebd5a5295c50cdbe3855c2,e3af44d399861bb0bd227543d6518bca6e806ddfc6ebd5a5295c50cdbe3855c2,16,16,,
"포켓몬스터 하트골드 (Korea, IPKK, header ROM version 0)","포켓몬스터 소울실버 (Korea, IPGK, header ROM version 0)",/a/0/5/6,equal,224,224,,,25e07a2e243e1d4e7c25f92044bbec0c5d83a6a8fee0892b57dff3f846091911,25e07a2e243e1d4e7c25f92044bbec0c5d83a6a8fee0892b57dff3f846091911,24,24,,
"포켓몬스터 하트골드 (Korea, IPKK, header ROM version 0)","포켓몬스터 소울실버 (Korea, IPGK, header ROM version 0)",/a/0/5/6,equal,225,225,,,6ccb5f58d18f19e9d73cace6f564ff255419af93ce1b5b23452c48e4ed118eb3,6ccb5f58d18f19e9d73cace6f564ff255419af93ce1b5b23452c48e4ed118eb3,8,8,,
"포켓몬스터 하트골드 (Korea, IPKK, header ROM version 0)","포켓몬스터 소울실버 (Korea, IPGK, header ROM version 0)",/a/0/5/6,equal,226,226,,,e7d73c7c799ada891f41626e59d69d20295b69339396ccfcaf7a0dbd229e77b9,e7d73c7c799ada891f41626e59d69d20295b69339396ccfcaf7a0dbd229e77b9,8,8,,
"포켓몬스터 하트골드 (Korea, IPKK, header ROM version 0)","포켓몬스터 소울실버 (Korea, IPGK, header ROM version 0)",/a/0/5/6,equal,227,227,,,14cd18273820afa7e88ab88178a0e90a18d64d716e3ab06e89d9e3c97971a996,14cd18273820afa7e88ab88178a0e90a18d64d716e3ab06e89d9e3c97971a996,16,16,,
"포켓몬스터 하트골드 (Korea, IPKK, header ROM version 0)","포켓몬스터 소울실버 (Korea, IPGK, header ROM version 0)",/a/0/5/6,equal,228,228,,,6b800be25639100b49daea08f6a2b835acf9e3736000b3b0b20502f21494f754,6b800be25639100b49daea08f6a2b835acf9e3736000b3b0b20502f21494f754,16,16,,
"포켓몬스터 하트골드 (Korea, IPKK, header ROM version 0)","포켓몬스터 소울실버 (Korea, IPGK, header ROM version 0)",/a/0/5/6,equal,229,229,,,f8de26fd6822f3de0426e548509a4a226766fdbea2757284efa03280aef2fb1c,f8de26fd6822f3de0426e548509a4a226766fdbea2757284efa03280aef2fb1c,16,16,,
"포켓몬스터 하트골드 (Korea, IPKK, header ROM version 0)","포켓몬스터 소울실버 (Korea, IPGK, header ROM version 0)",/a/0/5/6,equal,230,230,,,01bdfab26ea5bb5e949c9f6ed49829e31289d880e214b11291ec088fc2af8832,01bdfab26ea5bb5e949c9f6ed49829e31289d880e214b11291ec088fc2af8832,32,32,,
"포켓몬스터 하트골드 (Korea, IPKK, header ROM version 0)","포켓몬스터 소울실버 (Korea, IPGK, header ROM version 0)",/a/0/5/6,equal,231,231,,,e39315173d8aac69aab7d8f9d41a6f990e0db67c79c703a575f29370a29373f9,e39315173d8aac69aab7d8f9d41a6f990e0db67c79c703a575f29370a29373f9,8,8,,
"포켓몬스터 하트골드 (Korea, IPKK, header ROM version 0)","포켓몬스터 소울실버 (Korea, IPGK, header ROM version 0)",/a/0/5/6,equal,232,232,,,9d78018cfb0dabc27563016330b25ed8a73f198f0d56bfd38f323f8c14b9f429,9d78018cfb0dabc27563016330b25ed8a73f198f0d56bfd38f323f8c14b9f429,48,48,,
"포켓몬스터 하트골드 (Korea, IPKK, header ROM version 0)","포켓몬스터 소울실버 (Korea, IPGK, header ROM version 0)",/a/0/5/6,equal,233,233,,,6bd8c55445447d6f8b050a53bf5b0694e7f4c9baae0a98ce2ab1a7e68df7c898,6bd8c55445447d6f8b050a53bf5b0694e7f4c9baae0a98ce2ab1a7e68df7c898,16,16,,
"포켓몬스터 하트골드 (Korea, IPKK, header ROM version 0)","포켓몬스터 소울실버 (Korea, IPGK, header ROM version 0)",/a/0/5/6,equal,234,234,,,2a2b3703731f10ba03c0fab87c0a60d79cc2cac33478a5e5117858afc9661442,2a2b3703731f10ba03c0fab87c0a60d79cc2cac33478a5e5117858afc9661442,24,24,,
"포켓몬스터 하트골드 (Korea, IPKK, header ROM version 0)","포켓몬스터 소울실버 (Korea, IPGK, header ROM version 0)",/a/0/5/6,equal,235,235,,,f688d9850d6ea5176b11c16a6e2c7a911c2e991cb852fc23c65491b36958bacc,f688d9850d6ea5176b11c16a6e2c7a911c2e991cb852fc23c65491b36958bacc,16,16,,
"포켓몬스터 하트골드 (Korea, IPKK, header ROM version 0)","포켓몬스터 소울실버 (Korea, IPGK, header ROM version 0)",/a/0/5/6,equal,236,236,,,d17a55e71682044491af4141a0542a0f246fb634168467f5f1596467bbd2b21b,d17a55e71682044491af4141a0542a0f246fb634168467f5f1596467bbd2b21b,48,48,,
"포켓몬스터 하트골드 (Korea, IPKK, header ROM version 0)","포켓몬스터 소울실버 (Korea, IPGK, header ROM version 0)",/a/0/5/6,equal,237,237,,,8606cda21a023e3e18685487ff1296d87dcfb81ec47a4b2219e9b715494b2407,8606cda21a023e3e18685487ff1296d87dcfb81ec47a4b2219e9b715494b2407,48,48,,
"포켓몬스터 하트골드 (Korea, IPKK, header ROM version 0)","포켓몬스터 소울실버 (Korea, IPGK, header ROM version 0)",/a/0/5/6,equal,238,238,,,99d156d2e26f5f55a04a528b3974378694193097de94f376a5917baf161d050c,99d156d2e26f5f55a04a528b3974378694193097de94f376a5917baf161d050c,24,24,,
"포켓몬스터 하트골드 (Korea, IPKK, header ROM version 0)","포켓몬스터 소울실버 (Korea, IPGK, header ROM version 0)",/a/0/5/6,equal,239,239,,,998165ae73f8cf869a95d08f5382b4bbad6af36bcf7584064ff7514a735dc1f4,998165ae73f8cf869a95d08f5382b4bbad6af36bcf7584064ff7514a735dc1f4,16,16,,
"포켓몬스터 하트골드 (Korea, IPKK, header ROM version 0)","포켓몬스터 소울실버 (Korea, IPGK, header ROM version 0)",/a/0/5/6,equal,240,240,,,a666cf850f7906124450a265f2533ecf828920dcade471c9c25851c9a95dd31d,a666cf850f7906124450a265f2533ecf828920dcade471c9c25851c9a95dd31d,8,8,,
"포켓몬스터 하트골드 (Korea, IPKK, header ROM version 0)","포켓몬스터 소울실버 (Korea, IPGK, header ROM version 0)",/a/0/5/6,equal,241,241,,,644a49dd2f0aaf324a8297392af63e5afae07861adff557b432b481a44685e97,644a49dd2f0aaf324a8297392af63e5afae07861adff557b432b481a44685e97,32,32,,
"포켓몬스터 하트골드 (Korea, IPKK, header ROM version 0)","포켓몬스터 소울실버 (Korea, IPGK, header ROM version 0)",/a/0/5/6,equal,242,242,,,c657a48860bfc0bf5b41e723540bcd3ed4e7f340fe5870d56ded59d138964e8a,c657a48860bfc0bf5b41e723540bcd3ed4e7f340fe5870d56ded59d138964e8a,48,48,,
"포켓몬스터 하트골드 (Korea, IPKK, header ROM version 0)","포켓몬스터 소울실버 (Korea, IPGK, header ROM version 0)",/a/0/5/6,equal,243,243,,,5bb8eebb6d85b60894077081aa252faacf252e7be2795233b34f2abb295aac3f,5bb8eebb6d85b60894077081aa252faacf252e7be2795233b34f2abb295aac3f,8,8,,
"포켓몬스터 하트골드 (Korea, IPKK, header ROM version 0)","포켓몬스터 소울실버 (Korea, IPGK, header ROM version 0)",/a/0/5/6,equal,244,244,,,de6b09b527da2b5bd617b500b1bc477df170d4d872e39d2fcb970a4590fb4c1f,de6b09b527da2b5bd617b500b1bc477df170d4d872e39d2fcb970a4590fb4c1f,108,108,,
"포켓몬스터 하트골드 (Korea, IPKK, header ROM version 0)","포켓몬스터 소울실버 (Korea, IPGK, header ROM version 0)",/a/0/5/6,equal,245,245,,,e0e28e3b456493ce431fa8e003154d6a7809c981b5379bd59dc8a830be83a0af,e0e28e3b456493ce431fa8e003154d6a7809c981b5379bd59dc8a830be83a0af,92,92,,
"포켓몬스터 하트골드 (Korea, IPKK, header ROM version 0)","포켓몬스터 소울실버 (Korea, IPGK, header ROM version 0)",/a/0/5/6,equal,246,246,,,b4b5d459208c12fcbf1cd5cf648ee887453e920c50b27d7f0b067d775ba39c93,b4b5d459208c12fcbf1cd5cf648ee887453e920c50b27d7f0b067d775ba39c93,92,92,,
"포켓몬스터 하트골드 (Korea, IPKK, header ROM version 0)","포켓몬스터 소울실버 (Korea, IPGK, header ROM version 0)",/a/0/5/6,equal,247,247,,,0164781bc16492574da710f80360a8efddacc8e4fa14b0fe3e6a3b7776299e34,0164781bc16492574da710f80360a8efddacc8e4fa14b0fe3e6a3b7776299e34,92,92,,
"포켓몬스터 하트골드 (Korea, IPKK, header ROM version 0)","포켓몬스터 소울실버 (Korea, IPGK, header ROM version 0)",/a/0/5/6,equal,248,248,,,18a3fe055587bca35685a8aa263ec3e64d49e4eda1200eda69e4fa1db2f88933,18a3fe055587bca35685a8aa263ec3e64d49e4eda1200eda69e4fa1db2f88933,24,24,,
"포켓몬스터 하트골드 (Korea, IPKK, header ROM version 0)","포켓몬스터 소울실버 (Korea, IPGK, header ROM version 0)",/a/0/5/6,equal,249,249,,,c1a5e17e1c895ebc46c3b12f8f296271997ee76a82c64f01995d8253c08989bc,c1a5e17e1c895ebc46c3b12f8f296271997ee76a82c64f01995d8253c08989bc,16,16,,
"포켓몬스터 하트골드 (Korea, IPKK, header ROM version 0)","포켓몬스터 소울실버 (Korea, IPGK, header ROM version 0)",/a/0/5/6,equal,250,250,,,ac837ca51c0c079e6863b2f6c799ee951bdd722b7f93b6b2839c3d093620a69e,ac837ca51c0c079e6863b2f6c799ee951bdd722b7f93b6b2839c3d093620a69e,32,32,,
"포켓몬스터 하트골드 (Korea, IPKK, header ROM version 0)","포켓몬스터 소울실버 (Korea, IPGK, header ROM version 0)",/a/0/5/6,equal,251,251,,,7246b6efd90d585efd01cf8df6633e682ef637b96a4fa1ddb37555adc2dc6854,7246b6efd90d585efd01cf8df6633e682ef637b96a4fa1ddb37555adc2dc6854,32,32,,
"포켓몬스터 하트골드 (Korea, IPKK, header ROM version 0)","포켓몬스터 소울실버 (Korea, IPGK, header ROM version 0)",/a/0/5/6,equal,252,252,,,357d68a0c8a827712a09757ee80095bb258c90f9c83a898ad11311aaa05c7f3d,357d68a0c8a827712a09757ee80095bb258c90f9c83a898ad11311aaa05c7f3d,16,16,,
"포켓몬스터 하트골드 (Korea, IPKK, header ROM version 0)","포켓몬스터 소울실버 (Korea, IPGK, header ROM version 0)",/a/0/5/6,equal,253,253,,,74c21189dd07e25bbf89bff469d537481e3805ae5f9e84432dbd2b03cdcb2a18,74c21189dd07e25bbf89bff469d537481e3805ae5f9e84432dbd2b03cdcb2a18,92,92,,
"포켓몬스터 하트골드 (Korea, IPKK, header ROM version 0)","포켓몬스터 소울실버 (Korea, IPGK, header ROM version 0)",/a/0/5/6,equal,254,254,,,5eb7efc3fcefdd7a5a61e78219644daeb43a64953f45590d38cc5fdbb04c0376,5eb7efc3fcefdd7a5a61e78219644daeb43a64953f45590d38cc5fdbb04c0376,72,72,,
"포켓몬스터 하트골드 (Korea, IPKK, header ROM version 0)","포켓몬스터 소울실버 (Korea, IPGK, header ROM version 0)",/a/0/5/6,equal,255,255,,,9518e316f811dd6c87a44c250ee24b005955c33ae15c6b07160783042507365d,9518e316f811dd6c87a44c250ee24b005955c33ae15c6b07160783042507365d,92,92,,
"포켓몬스터 하트골드 (Korea, IPKK, header ROM version 0)","포켓몬스터 소울실버 (Korea, IPGK, header ROM version 0)",/a/0/5/6,equal,256,256,,,d3cb134ed620c3c4fc907775986b47506aa57f593a048baf3cee00dc9a82902e,d3cb134ed620c3c4fc907775986b47506aa57f593a048baf3cee00dc9a82902e,72,72,,
"포켓몬스터 하트골드 (Korea, IPKK, header ROM version 0)","포켓몬스터 소울실버 (Korea, IPGK, header ROM version 0)",/a/0/5/6,equal,257,257,,,68646d92bde035aa852bcc632e1437a825ccada44ff8c537962022dd509cdf4e,68646d92bde035aa852bcc632e1437a825ccada44ff8c537962022dd509cdf4e,92,92,,
"포켓몬스터 하트골드 (Korea, IPKK, header ROM version 0)","포켓몬스터 소울실버 (Korea, IPGK, header ROM version 0)",/a/0/5/6,equal,258,258,,,94b388d8ba7b0bd406dee4410bf1438c172c3cec2ab5a549a46937017a851a6e,94b388d8ba7b0bd406dee4410bf1438c172c3cec2ab5a549a46937017a851a6e,56,56,,
"포켓몬스터 하트골드 (Korea, IPKK, header ROM version 0)","포켓몬스터 소울실버 (Korea, IPGK, header ROM version 0)",/a/0/5/6,equal,259,259,,,3f10dc4d1fdf0c2487aef587c32f030bfc34b2303b9ee5b1b01366dedeb930d2,3f10dc4d1fdf0c2487aef587c32f030bfc34b2303b9ee5b1b01366dedeb930d2,56,56,,
"포켓몬스터 하트골드 (Korea, IPKK, header ROM version 0)","포켓몬스터 소울실버 (Korea, IPGK, header ROM version 0)",/a/0/5/6,equal,260,260,,,f454898dac2f23a6bf45fccba236d68fe49f50a2ef24c03eb4f5c8b7d37f47e3,f454898dac2f23a6bf45fccba236d68fe49f50a2ef24c03eb4f5c8b7d37f47e3,108,108,,
"포켓몬스터 하트골드 (Korea, IPKK, header ROM version 0)","포켓몬스터 소울실버 (Korea, IPGK, header ROM version 0)",/a/0/5/6,equal,261,261,,,5260514d9fad92bc23557cdcf6661e0bf658e48b8ac39b24cb923cf3a1d0a82a,5260514d9fad92bc23557cdcf6661e0bf658e48b8ac39b24cb923cf3a1d0a82a,108,108,,
"포켓몬스터 하트골드 (Korea, IPKK, header ROM version 0)","포켓몬스터 소울실버 (Korea, IPGK, header ROM version 0)",/a/0/5/6,equal,262,262,,,f1f04664b2f9a4b3001b6c432d7d051725136f545a60415d93020beb87556ae8,f1f04664b2f9a4b3001b6c432d7d051725136f545a60415d93020beb87556ae8,24,24,,
"포켓몬스터 하트골드 (Korea, IPKK, header ROM version 0)","포켓몬스터 소울실버 (Korea, IPGK, header ROM version 0)",/a/0/5/6,equal,263,263,,,68dad2ea4f66e67c48dc6c0b0bb66f7df7f551a737d7f063f7bb502c7082ab20,68dad2ea4f66e67c48dc6c0b0bb66f7df7f551a737d7f063f7bb502c7082ab20,64,64,,
"포켓몬스터 하트골드 (Korea, IPKK, header ROM version 0)","포켓몬스터 소울실버 (Korea, IPGK, header ROM version 0)",/a/0/5/6,equal,264,264,,,39f9412ef9087a7f5b34f5ae0b2590aa04b2a97ef77d833182d35fcd7b51a9ea,39f9412ef9087a7f5b34f5ae0b2590aa04b2a97ef77d833182d35fcd7b51a9ea,96,96,,
"포켓몬스터 하트골드 (Korea, IPKK, header ROM version 0)","포켓몬스터 소울실버 (Korea, IPGK, header ROM version 0)",/a/0/5/6,equal,265,265,,,d7ab6c84a10a80146e527016add6671553515bb2dd9d9657dbf8b53f69d46d91,d7ab6c84a10a80146e527016add6671553515bb2dd9d9657dbf8b53f69d46d91,8,8,,
"포켓몬스터 하트골드 (Korea, IPKK, header ROM version 0)","포켓몬스터 소울실버 (Korea, IPGK, header ROM version 0)",/a/0/5/6,equal,266,266,,,56db29040ffd12d185a13276029acc5000c0ead4f4587e6bedfc31a3cf768763,56db29040ffd12d185a13276029acc5000c0ead4f4587e6bedfc31a3cf768763,24,24,,
"포켓몬스터 하트골드 (Korea, IPKK, header ROM version 0)","포켓몬스터 소울실버 (Korea, IPGK, header ROM version 0)",/a/0/5/6,equal,267,267,,,91a36bcc21013070318fd51dfe1d6ca23dafd17e9153b76a386e7458dea4d25c,91a36bcc21013070318fd51dfe1d6ca23dafd17e9153b76a386e7458dea4d25c,64,64,,
"포켓몬스터 하트골드 (Korea, IPKK, header ROM version 0)","포켓몬스터 소울실버 (Korea, IPGK, header ROM version 0)",/a/0/5/6,equal,268,268,,,e5bb0f8c1d8326a247565716ac0c7363bec6000a2d6e835c437dc5e50b592d9f,e5bb0f8c1d8326a247565716ac0c7363bec6000a2d6e835c437dc5e50b592d9f,96,96,,
"포켓몬스터 하트골드 (Korea, IPKK, header ROM version 0)","포켓몬스터 소울실버 (Korea, IPGK, header ROM version 0)",/a/0/5/6,equal,269,269,,,0f49e8ff20da75fea3a73192a823ffdd0a0d5ae83f0f10e794649453f8aad45f,0f49e8ff20da75fea3a73192a823ffdd0a0d5ae83f0f10e794649453f8aad45f,24,24,,
"포켓몬스터 하트골드 (Korea, IPKK, header ROM version 0)","포켓몬스터 소울실버 (Korea, IPGK, header ROM version 0)",/a/0/5/6,equal,270,270,,,90493831b4da184a532dd7c59f090fe3e7b3e4d0f5c4dafa2085b571a04a8945,90493831b4da184a532dd7c59f090fe3e7b3e4d0f5c4dafa2085b571a04a8945,64,64,,
"포켓몬스터 하트골드 (Korea, IPKK, header ROM version 0)","포켓몬스터 소울실버 (Korea, IPGK, header ROM version 0)",/a/0/5/6,equal,271,271,,,5fc961d7d298aa7a95bf7733ea28b6ee0bbb094b0a3f960a270b7ce582ae6365,5fc961d7d298aa7a95bf7733ea28b6ee0bbb094b0a3f960a270b7ce582ae6365,80,80,,
"포켓몬스터 하트골드 (Korea, IPKK, header ROM version 0)","포켓몬스터 소울실버 (Korea, IPGK, header ROM version 0)",/a/0/5/6,equal,272,272,,,2ac8ea6fefb0442688da571916b45dc2b635f3a543e5d06d6588d6fa84cf3284,2ac8ea6fefb0442688da571916b45dc2b635f3a543e5d06d6588d6fa84cf3284,96,96,,
"포켓몬스터 하트골드 (Korea, IPKK, header ROM version 0)","포켓몬스터 소울실버 (Korea, IPGK, header ROM version 0)",/a/0/5/6,equal,273,273,,,edd8f2d6a9ec61773a6daa955dcdc679dd6562ea6e741006d423f36d4b9a18db,edd8f2d6a9ec61773a6daa955dcdc679dd6562ea6e741006d423f36d4b9a18db,24,24,,
"포켓몬스터 하트골드 (Korea, IPKK, header ROM version 0)","포켓몬스터 소울실버 (Korea, IPGK, header ROM version 0)",/a/0/5/6,equal,274,274,,,bdd66eb885003aeb56641022b2b7fc6b1543a39a88769d96c58fdfcb7ef345e4,bdd66eb885003aeb56641022b2b7fc6b1543a39a88769d96c58fdfcb7ef345e4,24,24,,
"포켓몬스터 하트골드 (Korea, IPKK, header ROM version 0)","포켓몬스터 소울실버 (Korea, IPGK, header ROM version 0)",/a/0/5/6,equal,275,275,,,051404248868d1c818660afdb8c0179111abaa5cd61619f04a26cb0d654cb73e,051404248868d1c818660afdb8c0179111abaa5cd61619f04a26cb0d654cb73e,32,32,,
"포켓몬스터 하트골드 (Korea, IPKK, header ROM version 0)","포켓몬스터 소울실버 (Korea, IPGK, header ROM version 0)",/a/0/5/6,equal,276,276,,,29943b0caa72ec6d3ad716d50971a1c3267918670e8d0ffa75ff3c6f7633be3a,29943b0caa72ec6d3ad716d50971a1c3267918670e8d0ffa75ff3c6f7633be3a,16,16,,
"포켓몬스터 하트골드 (Korea, IPKK, header ROM version 0)","포켓몬스터 소울실버 (Korea, IPGK, header ROM version 0)",/a/0/5/6,equal,277,277,,,c0db550a37276771785af408595f536c912e0a4ff095b8451d222f6c5daa55ea,c0db550a37276771785af408595f536c912e0a4ff095b8451d222f6c5daa55ea,24,24,,
"포켓몬스터 하트골드 (Korea, IPKK, header ROM version 0)","포켓몬스터 소울실버 (Korea, IPGK, header ROM version 0)",/a/0/5/6,equal,278,278,,,f1386d2003e7005cf97f9ec057c6096a862ef83d8972394e603a56059435a757,f1386d2003e7005cf97f9ec057c6096a862ef83d8972394e603a56059435a757,32,32,,
"포켓몬스터 하트골드 (Korea, IPKK, header ROM version 0)","포켓몬스터 소울실버 (Korea, IPGK, header ROM version 0)",/a/0/5/6,equal,279,279,,,8bcf7f8f11dfb75a868198372e200ab80e8bd8c8074e3cf0d5b13adfa3218b25,8bcf7f8f11dfb75a868198372e200ab80e8bd8c8074e3cf0d5b13adfa3218b25,8,8,,
"포켓몬스터 하트골드 (Korea, IPKK, header ROM version 0)","포켓몬스터 소울실버 (Korea, IPGK, header ROM version 0)",/a/0/5/6,equal,280,280,,,aac8fb6db2ab87d73d1a1ca641a9af2dd9ff38f2c76948b81e1c33b737d980d9,aac8fb6db2ab87d73d1a1ca641a9af2dd9ff38f2c76948b81e1c33b737d980d9,16,16,,
"포켓몬스터 하트골드 (Korea, IPKK, header ROM version 0)","포켓몬스터 소울실버 (Korea, IPGK, header ROM version 0)",/a/0/5/6,equal,281,281,,,136a5a67153783e201cb71dd84bd3ce0de324cf68d88da3fbd9d859462abc332,136a5a67153783e201cb71dd84bd3ce0de324cf68d88da3fbd9d859462abc332,8,8,,
"포켓몬스터 하트골드 (Korea, IPKK, header ROM version 0)","포켓몬스터 소울실버 (Korea, IPGK, header ROM version 0)",/a/0/5/6,equal,282,282,,,becefb01bf65e77511e3aaf731e087b04d743e2e9d819df924dca450fd3321dc,becefb01bf65e77511e3aaf731e087b04d743e2e9d819df924dca450fd3321dc,24,24,,
"포켓몬스터 하트골드 (Korea, IPKK, header ROM version 0)","포켓몬스터 소울실버 (Korea, IPGK, header ROM version 0)",/a/0/5/6,equal,283,283,,,6730142d30cac43391cc214f181dda5989c4acd0bdb05ca15ce05d611c619d44,6730142d30cac43391cc214f181dda5989c4acd0bdb05ca15ce05d611c619d44,32,32,,
"포켓몬스터 하트골드 (Korea, IPKK, header ROM version 0)","포켓몬스터 소울실버 (Korea, IPGK, header ROM version 0)",/a/0/5/6,equal,284,284,,,ffa150bb4bcec6829c81513ac0a1c126b22d47a395f50f3918181201aaf9d320,ffa150bb4bcec6829c81513ac0a1c126b22d47a395f50f3918181201aaf9d320,32,32,,
"포켓몬스터 하트골드 (Korea, IPKK, header ROM version 0)","포켓몬스터 소울실버 (Korea, IPGK, header ROM version 0)",/a/0/5/6,equal,285,285,,,49c7d2cd496e29a4bb781cc841a4701072986afefff5b2c3754659e86406a6ef,49c7d2cd496e29a4bb781cc841a4701072986afefff5b2c3754659e86406a6ef,96,96,,
"포켓몬스터 하트골드 (Korea, IPKK, header ROM version 0)","포켓몬스터 소울실버 (Korea, IPGK, header ROM version 0)",/a/0/5/6,equal,286,286,,,516f06beabe5adcac6e3e2e208c17ccc9854df5cfc329075cd3739373922e3bd,516f06beabe5adcac6e3e2e208c17ccc9854df5cfc329075cd3739373922e3bd,96,96,,
"포켓몬스터 하트골드 (Korea, IPKK, header ROM version 0)","포켓몬스터 소울실버 (Korea, IPGK, header ROM version 0)",/a/0/5/6,equal,287,287,,,787fa250e3a6f2316271623ba2fa784f22cd03898b5cb4df2fe397ff7859694a,787fa250e3a6f2316271623ba2fa784f22cd03898b5cb4df2fe397ff7859694a,96,96,,
"포켓몬스터 하트골드 (Korea, IPKK, header ROM version 0)","포켓몬스터 소울실버 (Korea, IPGK, header ROM version 0)",/a/0/5/6,equal,288,288,,,b15f616f0486d0a0cdab41ac8c667387b0287556eb91c3f91b1cb0454f6f0e2c,b15f616f0486d0a0cdab41ac8c667387b0287556eb91c3f91b1cb0454f6f0e2c,80,80,,
"포켓몬스터 하트골드 (Korea, IPKK, header ROM version 0)","포켓몬스터 소울실버 (Korea, IPGK, header ROM version 0)",/a/0/5/6,equal,289,289,,,a588b4349ad6615c1aa8757c8f81c4c7f13a144602fb605dfcb7b6a37acf64b5,a588b4349ad6615c1aa8757c8f81c4c7f13a144602fb605dfcb7b6a37acf64b5,80,80,,
"포켓몬스터 하트골드 (Korea, IPKK, header ROM version 0)","포켓몬스터 소울실버 (Korea, IPGK, header ROM version 0)",/a/0/5/6,equal,290,290,,,ee758e2ca27a8abfe8f90450de5465c38e4bb5fa46d1781d399b01caca861b96,ee758e2ca27a8abfe8f90450de5465c38e4bb5fa46d1781d399b01caca861b96,24,24,,
"포켓몬스터 하트골드 (Korea, IPKK, header ROM version 0)","포켓몬스터 소울실버 (Korea, IPGK, header ROM version 0)",/a/0/5/6,equal,291,291,,,28c2ca77f9ea24215b4d646d53caf3c97f354c447943acdebe71d7bb538db334,28c2ca77f9ea24215b4d646d53caf3c97f354c447943acdebe71d7bb538db334,8,8,,
"포켓몬스터 하트골드 (Korea, IPKK, header ROM version 0)","포켓몬스터 소울실버 (Korea, IPGK, header ROM version 0)",/a/0/5/6,equal,292,292,,,95f5b1173c19b92f32112bc424cff581237f78ae84daa0582d422b9e0979f199,95f5b1173c19b92f32112bc424cff581237f78ae84daa0582d422b9e0979f199,8,8,,
"포켓몬스터 하트골드 (Korea, IPKK, header ROM version 0)","포켓몬스터 소울실버 (Korea, IPGK, header ROM version 0)",/a/0/5/6,equal,293,293,,,d0f90c8d9ff18ac0358b69652a58bac273794f553ebeed5ee21a0be19b082262,d0f90c8d9ff18ac0358b69652a58bac273794f553ebeed5ee21a0be19b082262,24,24,,
"포켓몬스터 하트골드 (Korea, IPKK, header ROM version 0)","포켓몬스터 소울실버 (Korea, IPGK, header ROM version 0)",/a/0/5/6,equal,294,294,,,5742e121cd482d0aa4e7c58055392bfddd2562f6aecb1cfde920b521fbd3b825,5742e121cd482d0aa4e7c58055392bfddd2562f6aecb1cfde920b521fbd3b825,48,48,,
"포켓몬스터 하트골드 (Korea, IPKK, header ROM version 0)","포켓몬스터 소울실버 (Korea, IPGK, header ROM version 0)",/a/0/5/6,equal,295,295,,,95f5b1173c19b92f32112bc424cff581237f78ae84daa0582d422b9e0979f199,95f5b1173c19b92f32112bc424cff581237f78ae84daa0582d422b9e0979f199,8,8,,
"포켓몬스터 하트골드 (Korea, IPKK, header ROM version 0)","포켓몬스터 소울실버 (Korea, IPGK, header ROM version 0)",/a/0/5/6,equal,296,296,,,037ae6a97bef696419c3fc5075791c3ada885474e4d7826b9e7b0df175d85e84,037ae6a97bef696419c3fc5075791c3ada885474e4d7826b9e7b0df175d85e84,16,16,,
"포켓몬스터 하트골드 (Korea, IPKK, header ROM version 0)","포켓몬스터 소울실버 (Korea, IPGK, header ROM version 0)",/a/0/5/6,equal,297,297,,,242e83830a9770faee2849bae27b265551de33d76f75f0888ac4aae16b759e3b,242e83830a9770faee2849bae27b265551de33d76f75f0888ac4aae16b759e3b,16,16,,
"포켓몬스터 하트골드 (Korea, IPKK, header ROM version 0)","포켓몬스터 소울실버 (Korea, IPGK, header ROM version 0)",/a/0/5/6,equal,298,298,,,8582db6630f6fbfaf8df737a3338eadf529a3650ef38297f4d14135ff14a924c,8582db6630f6fbfaf8df737a3338eadf529a3650ef38297f4d14135ff14a924c,32,32,,
"포켓몬스터 하트골드 (Korea, IPKK, header ROM version 0)","포켓몬스터 소울실버 (Korea, IPGK, header ROM version 0)",/a/0/5/6,equal,299,299,,,c3a6775951cfca8821d64537c619947a19ba11f4e6b5cad52dec64e1bef16fe0,c3a6775951cfca8821d64537c619947a19ba11f4e6b5cad52dec64e1bef16fe0,16,16,,
"포켓몬스터 하트골드 (Korea, IPKK, header ROM version 0)","포켓몬스터 소울실버 (Korea, IPGK, header ROM version 0)",/a/0/5/6,equal,300,300,,,d7d69a6700dc89d3cd201d1ee6dcc090c07016f73dbe4f50dbad717144a7fd70,d7d69a6700dc89d3cd201d1ee6dcc090c07016f73dbe4f50dbad717144a7fd70,16,16,,
"포켓몬스터 하트골드 (Korea, IPKK, header ROM version 0)","포켓몬스터 소울실버 (Korea, IPGK, header ROM version 0)",/a/0/5/6,equal,301,301,,,457af35f6e803c2eb8684612242fc8e59783b294ab0bdfddecb5f15e15e9c9d6,457af35f6e803c2eb8684612242fc8e59783b294ab0bdfddecb5f15e15e9c9d6,24,24,,
"포켓몬스터 하트골드 (Korea, IPKK, header ROM version 0)","포켓몬스터 소울실버 (Korea, IPGK, header ROM version 0)",/a/0/5/6,equal,302,302,,,cd6f6bf0ad1a80734b937697eae8338a8087b8d586d4d0e2b8d99b62f03bdafa,cd6f6bf0ad1a80734b937697eae8338a8087b8d586d4d0e2b8d99b62f03bdafa,8,8,,
"포켓몬스터 하트골드 (Korea, IPKK, header ROM version 0)","포켓몬스터 소울실버 (Korea, IPGK, header ROM version 0)",/a/0/5/6,equal,303,303,,,8b1d7992e229ff857f8e5760169dece8d9707061007282d645376150f5bff63a,8b1d7992e229ff857f8e5760169dece8d9707061007282d645376150f5bff63a,8,8,,
"포켓몬스터 하트골드 (Korea, IPKK, header ROM version 0)","포켓몬스터 소울실버 (Korea, IPGK, header ROM version 0)",/a/0/5/6,equal,304,304,,,67c9c9968cfd4116ba9b11e657472eea0cd47ab1eff3e6a83ec71a4550998b83,67c9c9968cfd4116ba9b11e657472eea0cd47ab1eff3e6a83ec71a4550998b83,32,32,,
"포켓몬스터 하트골드 (Korea, IPKK, header ROM version 0)","포켓몬스터 소울실버 (Korea, IPGK, header ROM version 0)",/a/0/5/6,equal,305,305,,,67c9c9968cfd4116ba9b11e657472eea0cd47ab1eff3e6a83ec71a4550998b83,67c9c9968cfd4116ba9b11e657472eea0cd47ab1eff3e6a83ec71a4550998b83,32,32,,
"포켓몬스터 하트골드 (Korea, IPKK, header ROM version 0)","포켓몬스터 소울실버 (Korea, IPGK, header ROM version 0)",/a/0/5/6,equal,306,306,,,67c9c9968cfd4116ba9b11e657472eea0cd47ab1eff3e6a83ec71a4550998b83,67c9c9968cfd4116ba9b11e657472eea0cd47ab1eff3e6a83ec71a4550998b83,32,32,,
"포켓몬스터 하트골드 (Korea, IPKK, header ROM version 0)","포켓몬스터 소울실버 (Korea, IPGK, header ROM version 0)",/a/0/5/6,equal,307,307,,,67c9c9968cfd4116ba9b11e657472eea0cd47ab1eff3e6a83ec71a4550998b83,67c9c9968cfd4116ba9b11e657472eea0cd47ab1eff3e6a83ec71a4550998b83,32,32,,
"포켓몬스터 하트골드 (Korea, IPKK, header ROM version 0)","포켓몬스터 소울실버 (Korea, IPGK, header ROM version 0)",/a/0/5/6,equal,308,308,,,298418ca86c15435eae144687172f3cf5715801b7c759b67d43c575458b862dc,298418ca86c15435eae144687172f3cf5715801b7c759b67d43c575458b862dc,16,16,,
"포켓몬스터 하트골드 (Korea, IPKK, header ROM version 0)","포켓몬스터 소울실버 (Korea, IPGK, header ROM version 0)",/a/0/5/6,equal,309,309,,,f30b103ab1620e70153d61223eec2ad9437571a1b2f2b91ef0181fe7491427d8,f30b103ab1620e70153d61223eec2ad9437571a1b2f2b91ef0181fe7491427d8,32,32,,
"포켓몬스터 하트골드 (Korea, IPKK, header ROM version 0)","포켓몬스터 소울실버 (Korea, IPGK, header ROM version 0)",/a/0/5/6,equal,310,310,,,3cdd229562ff79d9580d68e6063ffbf4ea0f0d5a553b9a0951629907054f1d24,3cdd229562ff79d9580d68e6063ffbf4ea0f0d5a553b9a0951629907054f1d24,8,8,,
"포켓몬스터 하트골드 (Korea, IPKK, header ROM version 0)","포켓몬스터 소울실버 (Korea, IPGK, header ROM version 0)",/a/0/5/6,equal,311,311,,,242c54d71d6c74c52b78c3b45a025d64a4e8008875875dec860b1159d9d8e4cc,242c54d71d6c74c52b78c3b45a025d64a4e8008875875dec860b1159d9d8e4cc,16,16,,
"포켓몬스터 하트골드 (Korea, IPKK, header ROM version 0)","포켓몬스터 소울실버 (Korea, IPGK, header ROM version 0)",/a/0/5/6,equal,312,312,,,567608c2c35a35642fbf45e314969a1735b77f73339a3fb75c18d3c47fef8800,567608c2c35a35642fbf45e314969a1735b77f73339a3fb75c18d3c47fef8800,24,24,,
"포켓몬스터 하트골드 (Korea, IPKK, header ROM version 0)","포켓몬스터 소울실버 (Korea, IPGK, header ROM version 0)",/a/0/5/6,equal,313,313,,,8aa6b9bdfc3ed40cdcc317c2cc3d25231f25493df30f1de61d80113ab9ba31a3,8aa6b9bdfc3ed40cdcc317c2cc3d25231f25493df30f1de61d80113ab9ba31a3,8,8,,
"포켓몬스터 하트골드 (Korea, IPKK, header ROM version 0)","포켓몬스터 소울실버 (Korea, IPGK, header ROM version 0)",/a/0/5/6,equal,314,314,,,b357840262fd5a062115eb1ab2e207160223716a631cd7137cc8ff716c0daa6e,b357840262fd5a062115eb1ab2e207160223716a631cd7137cc8ff716c0daa6e,16,16,,
"포켓몬스터 하트골드 (Korea, IPKK, header ROM version 0)","포켓몬스터 소울실버 (Korea, IPGK, header ROM version 0)",/a/0/5/6,equal,315,315,,,164a842242117f4c01cfc63a202acd476d940bab51fa5b089b06cbc8ec313214,164a842242117f4c01cfc63a202acd476d940bab51fa5b089b06cbc8ec313214,24,24,,
"포켓몬스터 하트골드 (Korea, IPKK, header ROM version 0)","포켓몬스터 소울실버 (Korea, IPGK, header ROM version 0)",/a/0/5/6,equal,316,316,,,a49c48ca2296b5e39832ebe826ba3b19f3346acb96c9fe1140017d3122a222de,a49c48ca2296b5e39832ebe826ba3b19f3346acb96c9fe1140017d3122a222de,48,48,,
"포켓몬스터 하트골드 (Korea, IPKK, header ROM version 0)","포켓몬스터 소울실버 (Korea, IPGK, header ROM version 0)",/a/0/5/6,equal,317,317,,,94cd417e7d5ffa24c11049f5fb9584fe683598a2997e18484c91ac9c070d71ce,94cd417e7d5ffa24c11049f5fb9584fe683598a2997e18484c91ac9c070d71ce,16,16,,
"포켓몬스터 하트골드 (Korea, IPKK, header ROM version 0)","포켓몬스터 소울실버 (Korea, IPGK, header ROM version 0)",/a/0/5/6,equal,318,318,,,46e9079808f29d0cf9118baaba06e57d04fcdf74acd7495bc73e5c302e67b27f,46e9079808f29d0cf9118baaba06e57d04fcdf74acd7495bc73e5c302e67b27f,32,32,,
"포켓몬스터 하트골드 (Korea, IPKK, header ROM version 0)","포켓몬스터 소울실버 (Korea, IPGK, header ROM version 0)",/a/0/5/6,equal,319,319,,,c4c3cfb2517a0a064227ac5d734bd5bdb726b781b88e5b4c82c73a3612befa05,c4c3cfb2517a0a064227ac5d734bd5bdb726b781b88e5b4c82c73a3612befa05,16,16,,
"포켓몬스터 하트골드 (Korea, IPKK, header ROM version 0)","포켓몬스터 소울실버 (Korea, IPGK, header ROM version 0)",/a/0/5/6,equal,320,320,,,b43410c1b7bdf611766f0a6f6cc38a6edcf8dacd2a137c072b8190f7b14b6250,b43410c1b7bdf611766f0a6f6cc38a6edcf8dacd2a137c072b8190f7b14b6250,16,16,,
"포켓몬스터 하트골드 (Korea, IPKK, header ROM version 0)","포켓몬스터 소울실버 (Korea, IPGK, header ROM version 0)",/a/0/5/6,equal,321,321,,,391d34694d7be16b74afcf93c1db4968506ba452378af80006c4b794e2ffb466,391d34694d7be16b74afcf93c1db4968506ba452378af80006c4b794e2ffb466,24,24,,
"포켓몬스터 하트골드 (Korea, IPKK, header ROM version 0)","포켓몬스터 소울실버 (Korea, IPGK, header ROM version 0)",/a/0/5/6,equal,322,322,,,63762650f73dcfd7fcebd854a173c4e27b887f989b4eb88a285765bbf7c8c783,63762650f73dcfd7fcebd854a173c4e27b887f989b4eb88a285765bbf7c8c783,24,24,,
"포켓몬스터 하트골드 (Korea, IPKK, header ROM version 0)","포켓몬스터 소울실버 (Korea, IPGK, header ROM version 0)",/a/0/5/6,equal,323,323,,,39eb7d04bcf079f050df31af347e3058e3605fbaba6c0603e7b8068aa9496314,39eb7d04bcf079f050df31af347e3058e3605fbaba6c0603e7b8068aa9496314,8,8,,
"포켓몬스터 하트골드 (Korea, IPKK, header ROM version 0)","포켓몬스터 소울실버 (Korea, IPGK, header ROM version 0)",/a/0/5/6,equal,324,324,,,02b0eb2bbc9d761f4b899db9a898b654d9e11d8317c84442a01fade46c1f910a,02b0eb2bbc9d761f4b899db9a898b654d9e11d8317c84442a01fade46c1f910a,24,24,,
"포켓몬스터 하트골드 (Korea, IPKK, header ROM version 0)","포켓몬스터 소울실버 (Korea, IPGK, header ROM version 0)",/a/0/5/6,equal,325,325,,,ff9f707aac4759e64e82051dfd76525bc572f892b23388bb55486550c52b3f6d,ff9f707aac4759e64e82051dfd76525bc572f892b23388bb55486550c52b3f6d,24,24,,
"포켓몬스터 하트골드 (Korea, IPKK, header ROM version 0)","포켓몬스터 소울실버 (Korea, IPGK, header ROM version 0)",/a/0/5/6,equal,326,326,,,7b023b482bc2694c65326c450c74fa9f3590f6dfb967f10661861e972bbbc312,7b023b482bc2694c65326c450c74fa9f3590f6dfb967f10661861e972bbbc312,32,32,,
"포켓몬스터 하트골드 (Korea, IPKK, header ROM version 0)","포켓몬스터 소울실버 (Korea, IPGK, header ROM version 0)",/a/0/5/6,equal,327,327,,,eca93fea3512142f45a37986e4ec0c24812eaff982332b7ea9ce3bdc655603eb,eca93fea3512142f45a37986e4ec0c24812eaff982332b7ea9ce3bdc655603eb,24,24,,
"포켓몬스터 하트골드 (Korea, IPKK, header ROM version 0)","포켓몬스터 소울실버 (Korea, IPGK, header ROM version 0)",/a/0/5/6,equal,328,328,,,522c876bcbfb7c54b28374288ce2003f786792a9ba0ede7209da9dfee34045db,522c876bcbfb7c54b28374288ce2003f786792a9ba0ede7209da9dfee34045db,32,32,,
"포켓몬스터 하트골드 (Korea, IPKK, header ROM version 0)","포켓몬스터 소울실버 (Korea, IPGK, header ROM version 0)",/a/0/5/6,equal,329,329,,,ec7170adbcc7e33805fba01c442d55ff7774d23209c424c24cf3328234e108ed,ec7170adbcc7e33805fba01c442d55ff7774d23209c424c24cf3328234e108ed,12,12,,
"포켓몬스터 하트골드 (Korea, IPKK, header ROM version 0)","포켓몬스터 소울실버 (Korea, IPGK, header ROM version 0)",/a/0/5/6,equal,330,330,,,7d39a6a70320fb228d7ac9f2f68f3ceb94b0dd90ac8a52bea296b59978e5d0fa,7d39a6a70320fb228d7ac9f2f68f3ceb94b0dd90ac8a52bea296b59978e5d0fa,20,20,,
"포켓몬스터 하트골드 (Korea, IPKK, header ROM version 0)","포켓몬스터 소울실버 (Korea, IPGK, header ROM version 0)",/a/0/5/6,equal,331,331,,,85bae7b47adf61b9e77838fc5b4b1e0293dbb2459acd5f908441d3380d157648,85bae7b47adf61b9e77838fc5b4b1e0293dbb2459acd5f908441d3380d157648,24,24,,
"포켓몬스터 하트골드 (Korea, IPKK, header ROM version 0)","포켓몬스터 소울실버 (Korea, IPGK, header ROM version 0)",/a/0/5/6,equal,332,332,,,2154071a35511ee93e4fcacbe3d3227215c8f18b0760f54d99944f8ce5d12f7c,2154071a35511ee93e4fcacbe3d3227215c8f18b0760f54d99944f8ce5d12f7c,16,16,,
"포켓몬스터 하트골드 (Korea, IPKK, header ROM version 0)","포켓몬스터 소울실버 (Korea, IPGK, header ROM version 0)",/a/0/5/6,equal,333,333,,,9413fb2c372d588719dcf4ef01e2a3301327cfce4be7f45f3ed2716c41bbe49f,9413fb2c372d588719dcf4ef01e2a3301327cfce4be7f45f3ed2716c41bbe49f,16,16,,
"포켓몬스터 하트골드 (Korea, IPKK, header ROM version 0)","포켓몬스터 소울실버 (Korea, IPGK, header ROM version 0)",/a/0/5/6,equal,334,334,,,4bc83c6c058ac55adad04703dca5ea19ad363334105d6be19e93d49fb6c5a390,4bc83c6c058ac55adad04703dca5ea19ad363334105d6be19e93d49fb6c5a390,24,24,,
"포켓몬스터 하트골드 (Korea, IPKK, header ROM version 0)","포켓몬스터 소울실버 (Korea, IPGK, header ROM version 0)",/a/0/5/6,equal,335,335,,,f19b282cbc556b1fecec42a10a3b28199764828338488070ddc962a994689b35,f19b282cbc556b1fecec42a10a3b28199764828338488070ddc962a994689b35,16,16,,
"포켓몬스터 하트골드 (Korea, IPKK, header ROM version 0)","포켓몬스터 소울실버 (Korea, IPGK, header ROM version 0)",/a/0/5/6,equal,336,336,,,4d585c494b3a6c706b98cbc7607cb49b8233ea948a158de5f650207a6776812d,4d585c494b3a6c706b98cbc7607cb49b8233ea948a158de5f650207a6776812d,16,16,,
"포켓몬스터 하트골드 (Korea, IPKK, header ROM version 0)","포켓몬스터 소울실버 (Korea, IPGK, header ROM version 0)",/a/0/5/6,equal,337,337,,,6469a37824f2ecd2d5eaad0c62e69c74cd9e37db4b1997164abcf189332d9af9,6469a37824f2ecd2d5eaad0c62e69c74cd9e37db4b1997164abcf189332d9af9,48,48,,
"포켓몬스터 하트골드 (Korea, IPKK, header ROM version 0)","포켓몬스터 소울실버 (Korea, IPGK, header ROM version 0)",/a/0/5/6,equal,338,338,,,caecfe28508b21840ae8961278a0e0bb63fecc7829899ad7ee64c1345a031872,caecfe28508b21840ae8961278a0e0bb63fecc7829899ad7ee64c1345a031872,8,8,,
"포켓몬스터 하트골드 (Korea, IPKK, header ROM version 0)","포켓몬스터 소울실버 (Korea, IPGK, header ROM version 0)",/a/0/5/6,equal,339,339,,,4abbebebe8c6f0c5f9ab7e4a8e4d1f17a87c572dc55286bb8b82276cdac20f03,4abbebebe8c6f0c5f9ab7e4a8e4d1f17a87c572dc55286bb8b82276cdac20f03,24,24,,
"포켓몬스터 하트골드 (Korea, IPKK, header ROM version 0)","포켓몬스터 소울실버 (Korea, IPGK, header ROM version 0)",/a/0/5/6,equal,340,340,,,44ed9f0000508b0bcf49aedfb9fe0a66dab676ed9f4463d6f0b3d478ded5fc2a,44ed9f0000508b0bcf49aedfb9fe0a66dab676ed9f4463d6f0b3d478ded5fc2a,8,8,,
"포켓몬스터 하트골드 (Korea, IPKK, header ROM version 0)","포켓몬스터 소울실버 (Korea, IPGK, header ROM version 0)",/a/0/5/6,equal,341,341,,,44ed9f0000508b0bcf49aedfb9fe0a66dab676ed9f4463d6f0b3d478ded5fc2a,44ed9f0000508b0bcf49aedfb9fe0a66dab676ed9f4463d6f0b3d478ded5fc2a,8,8,,
"포켓몬스터 하트골드 (Korea, IPKK, header ROM version 0)","포켓몬스터 소울실버 (Korea, IPGK, header ROM version 0)",/a/0/5/6,equal,342,342,,,44ed9f0000508b0bcf49aedfb9fe0a66dab676ed9f4463d6f0b3d478ded5fc2a,44ed9f0000508b0bcf49aedfb9fe0a66dab676ed9f4463d6f0b3d478ded5fc2a,8,8,,
"포켓몬스터 하트골드 (Korea, IPKK, header ROM version 0)","포켓몬스터 소울실버 (Korea, IPGK, header ROM version 0)",/a/0/5/6,equal,343,343,,,44ed9f0000508b0bcf49aedfb9fe0a66dab676ed9f4463d6f0b3d478ded5fc2a,44ed9f0000508b0bcf49aedfb9fe0a66dab676ed9f4463d6f0b3d478ded5fc2a,8,8,,
"포켓몬스터 하트골드 (Korea, IPKK, header ROM version 0)","포켓몬스터 소울실버 (Korea, IPGK, header ROM version 0)",/a/0/5/6,equal,344,344,,,44ed9f0000508b0bcf49aedfb9fe0a66dab676ed9f4463d6f0b3d478ded5fc2a,44ed9f0000508b0bcf49aedfb9fe0a66dab676ed9f4463d6f0b3d478ded5fc2a,8,8,,
"포켓몬스터 하트골드 (Korea, IPKK, header ROM version 0)","포켓몬스터 소울실버 (Korea, IPGK, header ROM version 0)",/a/0/5/6,equal,345,345,,,44ed9f0000508b0bcf49aedfb9fe0a66dab676ed9f4463d6f0b3d478ded5fc2a,44ed9f0000508b0bcf49aedfb9fe0a66dab676ed9f4463d6f0b3d478ded5fc2a,8,8,,
"포켓몬스터 하트골드 (Korea, IPKK, header ROM version 0)","포켓몬스터 소울실버 (Korea, IPGK, header ROM version 0)",/a/0/5/6,equal,346,346,,,516dc4d597c41fe2278972887df28767408f35ae40ea06d233b757fc634a2aa5,516dc4d597c41fe2278972887df28767408f35ae40ea06d233b757fc634a2aa5,48,48,,
"포켓몬스터 하트골드 (Korea, IPKK, header ROM version 0)","포켓몬스터 소울실버 (Korea, IPGK, header ROM version 0)",/a/0/5/6,equal,347,347,,,44ed9f0000508b0bcf49aedfb9fe0a66dab676ed9f4463d6f0b3d478ded5fc2a,44ed9f0000508b0bcf49aedfb9fe0a66dab676ed9f4463d6f0b3d478ded5fc2a,8,8,,
"포켓몬스터 하트골드 (Korea, IPKK, header ROM version 0)","포켓몬스터 소울실버 (Korea, IPGK, header ROM version 0)",/a/0/5/6,equal,348,348,,,c0a4f8107a73dcb48df9b7ca1f2d1580f6d9d4089ff505511310cc9ea7ed1f16,c0a4f8107a73dcb48df9b7ca1f2d1580f6d9d4089ff505511310cc9ea7ed1f16,8,8,,
"포켓몬스터 하트골드 (Korea, IPKK, header ROM version 0)","포켓몬스터 소울실버 (Korea, IPGK, header ROM version 0)",/a/0/5/6,equal,349,349,,,7a1a6922ff73ef8e48e6fdecad770f4f0a806629e084a3a383338c4370a3fa67,7a1a6922ff73ef8e48e6fdecad770f4f0a806629e084a3a383338c4370a3fa67,48,48,,
"포켓몬스터 하트골드 (Korea, IPKK, header ROM version 0)","포켓몬스터 소울실버 (Korea, IPGK, header ROM version 0)",/a/0/5/6,equal,350,350,,,617bb7bb587bdac3ce861d019f0a52ba0d7c7dee940c1fa9d06efbf575e8272a,617bb7bb587bdac3ce861d019f0a52ba0d7c7dee940c1fa9d06efbf575e8272a,24,24,,
"포켓몬스터 하트골드 (Korea, IPKK, header ROM version 0)","포켓몬스터 소울실버 (Korea, IPGK, header ROM version 0)",/a/0/5/6,equal,351,351,,,cd5d1fc6de6ac3b9935c5b82165194f2b78e7994a440ec5940dbc4c04da1c255,cd5d1fc6de6ac3b9935c5b82165194f2b78e7994a440ec5940dbc4c04da1c255,8,8,,
"포켓몬스터 하트골드 (Korea, IPKK, header ROM version 0)","포켓몬스터 소울실버 (Korea, IPGK, header ROM version 0)",/a/0/5/6,equal,352,352,,,750d4215392237947a1272060f3dd7333ffcd8091e9c4162f54d69e9e141022a,750d4215392237947a1272060f3dd7333ffcd8091e9c4162f54d69e9e141022a,40,40,,
"포켓몬스터 하트골드 (Korea, IPKK, header ROM version 0)","포켓몬스터 소울실버 (Korea, IPGK, header ROM version 0)",/a/0/5/6,equal,353,353,,,4ebda608fd0c994796c6d04abb7c41a55d7d2c0c0e65b8ecae7b016cf9bf2287,4ebda608fd0c994796c6d04abb7c41a55d7d2c0c0e65b8ecae7b016cf9bf2287,8,8,,
"포켓몬스터 하트골드 (Korea, IPKK, header ROM version 0)","포켓몬스터 소울실버 (Korea, IPGK, header ROM version 0)",/a/0/5/6,equal,354,354,,,733500874118a43fd97b31686234bfdbe77ca19e96a8d1dbff7ca967c4743a2b,733500874118a43fd97b31686234bfdbe77ca19e96a8d1dbff7ca967c4743a2b,32,32,,
"포켓몬스터 하트골드 (Korea, IPKK, header ROM version 0)","포켓몬스터 소울실버 (Korea, IPGK, header ROM version 0)",/a/0/5/6,equal,355,355,,,edb57530ccfbfa2c31891a50afb96a75ebcca17326645a21124e27c922a8caa9,edb57530ccfbfa2c31891a50afb96a75ebcca17326645a21124e27c922a8caa9,24,24,,
"포켓몬스터 하트골드 (Korea, IPKK, header ROM version 0)","포켓몬스터 소울실버 (Korea, IPGK, header ROM version 0)",/a/0/5/6,equal,356,356,,,d212ed51df46173a2fca0bf6870fd3777b0fe545e2e88ce546030c413ad4de5d,d212ed51df46173a2fca0bf6870fd3777b0fe545e2e88ce546030c413ad4de5d,48,48,,
"포켓몬스터 하트골드 (Korea, IPKK, header ROM version 0)","포켓몬스터 소울실버 (Korea, IPGK, header ROM version 0)",/a/0/5/6,equal,357,357,,,17e917b8b25699dc23b3bca3e0615a457abace9cabc19b65159f16a6bf3004e9,17e917b8b25699dc23b3bca3e0615a457abace9cabc19b65159f16a6bf3004e9,16,16,,
"포켓몬스터 하트골드 (Korea, IPKK, header ROM version 0)","포켓몬스터 소울실버 (Korea, IPGK, header ROM version 0)",/a/0/5/6,equal,358,358,,,cbdf9e9efc2106907028a24a38bdca3f3d687aceb71c7b86acdf841ea5f3fbcf,cbdf9e9efc2106907028a24a38bdca3f3d687aceb71c7b86acdf841ea5f3fbcf,24,24,,
"포켓몬스터 하트골드 (Korea, IPKK, header ROM version 0)","포켓몬스터 소울실버 (Korea, IPGK, header ROM version 0)",/a/0/5/6,equal,359,359,,,8785a2f0bee5ea604ca14fabf62336d891f8abda392cf7bda8de817429cb87ba,8785a2f0bee5ea604ca14fabf62336d891f8abda392cf7bda8de817429cb87ba,8,8,,
"포켓몬스터 하트골드 (Korea, IPKK, header ROM version 0)","포켓몬스터 소울실버 (Korea, IPGK, header ROM version 0)",/a/0/5/6,equal,360,360,,,a525e9518e25320e97108952e071fc7242085ec02a2c9ad73f12e49704b5d07f,a525e9518e25320e97108952e071fc7242085ec02a2c9ad73f12e49704b5d07f,8,8,,
"포켓몬스터 하트골드 (Korea, IPKK, header ROM version 0)","포켓몬스터 소울실버 (Korea, IPGK, header ROM version 0)",/a/0/5/6,equal,361,361,,,8d5347ab33b0eefe86e6bfeb00a04340eee38f3d003057104316f28fada156f1,8d5347ab33b0eefe86e6bfeb00a04340eee38f3d003057104316f28fada156f1,48,48,,
"포켓몬스터 하트골드 (Korea, IPKK, header ROM version 0)","포켓몬스터 소울실버 (Korea, IPGK, header ROM version 0)",/a/0/5/6,equal,362,362,,,4e7e0f73f29523441f823da6c60eb194df2d1350a005fe5332e7f2e2a1717076,4e7e0f73f29523441f823da6c60eb194df2d1350a005fe5332e7f2e2a1717076,32,32,,
"포켓몬스터 하트골드 (Korea, IPKK, header ROM version 0)","포켓몬스터 소울실버 (Korea, IPGK, header ROM version 0)",/a/0/5/6,equal,363,363,,,139decd23cd2d1649ce58671cd6ea7b4063fbb972b2c8c625d75d30622809a05,139decd23cd2d1649ce58671cd6ea7b4063fbb972b2c8c625d75d30622809a05,8,8,,
"포켓몬스터 하트골드 (Korea, IPKK, header ROM version 0)","포켓몬스터 소울실버 (Korea, IPGK, header ROM version 0)",/a/0/5/6,equal,364,364,,,9dcee8bd2147212fc09ad821904620c45bd20ac4a91f239b56a425752a061088,9dcee8bd2147212fc09ad821904620c45bd20ac4a91f239b56a425752a061088,20,20,,
"포켓몬스터 하트골드 (Korea, IPKK, header ROM version 0)","포켓몬스터 소울실버 (Korea, IPGK, header ROM version 0)",/a/0/5/6,equal,365,365,,,c64c9dbf88ef8df2d6e2345add176ddb59a0d7b5003a586393b85f23e15b60bb,c64c9dbf88ef8df2d6e2345add176ddb59a0d7b5003a586393b85f23e15b60bb,24,24,,
"포켓몬스터 하트골드 (Korea, IPKK, header ROM version 0)","포켓몬스터 소울실버 (Korea, IPGK, header ROM version 0)",/a/0/5/6,equal,366,366,,,61658a1f1eed55a7417b103dd848651b633161164b356d4277f7770e41f81c10,61658a1f1eed55a7417b103dd848651b633161164b356d4277f7770e41f81c10,20,20,,
"포켓몬스터 하트골드 (Korea, IPKK, header ROM version 0)","포켓몬스터 소울실버 (Korea, IPGK, header ROM version 0)",/a/0/5/6,equal,367,367,,,bccf39007ba1a474e0c33429795dadb8ad148cbaf11128a09682f01663b20068,bccf39007ba1a474e0c33429795dadb8ad148cbaf11128a09682f01663b20068,32,32,,
"포켓몬스터 하트골드 (Korea, IPKK, header ROM version 0)","포켓몬스터 소울실버 (Korea, IPGK, header ROM version 0)",/a/0/5/6,equal,368,368,,,240c117d33090b1aeaa999a226fb1c29d4748a2f902d2131d147e5e9eaa52a13,240c117d33090b1aeaa999a226fb1c29d4748a2f902d2131d147e5e9eaa52a13,32,32,,
"포켓몬스터 하트골드 (Korea, IPKK, header ROM version 0)","포켓몬스터 소울실버 (Korea, IPGK, header ROM version 0)",/a/0/5/6,equal,369,369,,,525cb9ad1418f18a5462e4c35cc40563adbd14200c3c290b1df28f6ccd48402e,525cb9ad1418f18a5462e4c35cc40563adbd14200c3c290b1df28f6ccd48402e,32,32,,
"포켓몬스터 하트골드 (Korea, IPKK, header ROM version 0)","포켓몬스터 소울실버 (Korea, IPGK, header ROM version 0)",/a/0/5/6,equal,370,370,,,d6b64b63c58751d232652883ec39771dcddca5b9c5861809a606ecb0f44a03ff,d6b64b63c58751d232652883ec39771dcddca5b9c5861809a606ecb0f44a03ff,32,32,,
"포켓몬스터 하트골드 (Korea, IPKK, header ROM version 0)","포켓몬스터 소울실버 (Korea, IPGK, header ROM version 0)",/a/0/5/6,equal,371,371,,,3a0bf215f44283bf488db84fd7240c788af9f2b92bb663302dd4478169e85ac1,3a0bf215f44283bf488db84fd7240c788af9f2b92bb663302dd4478169e85ac1,16,16,,
"포켓몬스터 하트골드 (Korea, IPKK, header ROM version 0)","포켓몬스터 소울실버 (Korea, IPGK, header ROM version 0)",/a/0/5/6,equal,372,372,,,edd8f2d6a9ec61773a6daa955dcdc679dd6562ea6e741006d423f36d4b9a18db,edd8f2d6a9ec61773a6daa955dcdc679dd6562ea6e741006d423f36d4b9a18db,24,24,,
"포켓몬스터 하트골드 (Korea, IPKK, header ROM version 0)","포켓몬스터 소울실버 (Korea, IPGK, header ROM version 0)",/a/0/5/6,equal,373,373,,,1606fb6474e87c26c861c03e9c536525a6c289e98f06e2fb36584408bf461eff,1606fb6474e87c26c861c03e9c536525a6c289e98f06e2fb36584408bf461eff,8,8,,
"포켓몬스터 하트골드 (Korea, IPKK, header ROM version 0)","포켓몬스터 소울실버 (Korea, IPGK, header ROM version 0)",/a/0/5/6,equal,374,374,,,a5b1d7f650374e472324c3ca471676da345df2a67fcb806f9466f8c206560b2b,a5b1d7f650374e472324c3ca471676da345df2a67fcb806f9466f8c206560b2b,32,32,,
"포켓몬스터 하트골드 (Korea, IPKK, header ROM version 0)","포켓몬스터 소울실버 (Korea, IPGK, header ROM version 0)",/a/0/5/6,equal,375,375,,,edd8f2d6a9ec61773a6daa955dcdc679dd6562ea6e741006d423f36d4b9a18db,edd8f2d6a9ec61773a6daa955dcdc679dd6562ea6e741006d423f36d4b9a18db,24,24,,
"포켓몬스터 하트골드 (Korea, IPKK, header ROM version 0)","포켓몬스터 소울실버 (Korea, IPGK, header ROM version 0)",/a/0/5/6,equal,376,376,,,edd8f2d6a9ec61773a6daa955dcdc679dd6562ea6e741006d423f36d4b9a18db,edd8f2d6a9ec61773a6daa955dcdc679dd6562ea6e741006d423f36d4b9a18db,24,24,,
"포켓몬스터 하트골드 (Korea, IPKK, header ROM version 0)","포켓몬스터 소울실버 (Korea, IPGK, header ROM version 0)",/a/0/5/6,equal,377,377,,,355e94c08e08679be8629420a9405f6575ab0146c2014ea33b17a62c9675db4a,355e94c08e08679be8629420a9405f6575ab0146c2014ea33b17a62c9675db4a,32,32,,
"포켓몬스터 하트골드 (Korea, IPKK, header ROM version 0)","포켓몬스터 소울실버 (Korea, IPGK, header ROM version 0)",/a/0/5/6,equal,378,378,,,2b5df879401d9c9443b2f4f3f304b8de7ab359d17aebda7953cce339e16a349a,2b5df879401d9c9443b2f4f3f304b8de7ab359d17aebda7953cce339e16a349a,16,16,,
"포켓몬스터 하트골드 (Korea, IPKK, header ROM version 0)","포켓몬스터 소울실버 (Korea, IPGK, header ROM version 0)",/a/0/5/6,equal,379,379,,,8b530559bae93ca045ccf35a0eb8859e607e90711821706679af4eef692ffc09,8b530559bae93ca045ccf35a0eb8859e607e90711821706679af4eef692ffc09,24,24,,
"포켓몬스터 하트골드 (Korea, IPKK, header ROM version 0)","포켓몬스터 소울실버 (Korea, IPGK, header ROM version 0)",/a/0/5/6,equal,380,380,,,8104c349e548e8f1859e08267be608c2a9368fbcfeea67306fa73777f9daac79,8104c349e548e8f1859e08267be608c2a9368fbcfeea67306fa73777f9daac79,8,8,,
"포켓몬스터 하트골드 (Korea, IPKK, header ROM version 0)","포켓몬스터 소울실버 (Korea, IPGK, header ROM version 0)",/a/0/5/6,equal,381,381,,,bb5b15f1c218fe9c57f459e18c53372729b6660a56db183dd33cc211566b59c9,bb5b15f1c218fe9c57f459e18c53372729b6660a56db183dd33cc211566b59c9,16,16,,
"포켓몬스터 하트골드 (Korea, IPKK, header ROM version 0)","포켓몬스터 소울실버 (Korea, IPGK, header ROM version 0)",/a/0/5/6,equal,382,382,,,e6d77aa22497eb42b2052d260aa76d197c8951e9d4f3ea675b35b9825da3d25a,e6d77aa22497eb42b2052d260aa76d197c8951e9d4f3ea675b35b9825da3d25a,16,16,,
"포켓몬스터 하트골드 (Korea, IPKK, header ROM version 0)","포켓몬스터 소울실버 (Korea, IPGK, header ROM version 0)",/a/0/5/6,equal,383,383,,,86ccee0998e518ae4eaf6e065bc3a84965299650c6eb4a10470eb1e83b23d6f0,86ccee0998e518ae4eaf6e065bc3a84965299650c6eb4a10470eb1e83b23d6f0,24,24,,
"포켓몬스터 하트골드 (Korea, IPKK, header ROM version 0)","포켓몬스터 소울실버 (Korea, IPGK, header ROM version 0)",/a/0/5/6,equal,384,384,,,3f2567f4222cbb6c9d32f6a6f7c462a8abef54839fd252baa024b7a5a6f2758d,3f2567f4222cbb6c9d32f6a6f7c462a8abef54839fd252baa024b7a5a6f2758d,8,8,,
"포켓몬스터 하트골드 (Korea, IPKK, header ROM version 0)","포켓몬스터 소울실버 (Korea, IPGK, header ROM version 0)",/a/0/5/6,equal,385,385,,,15ebfba2ab0f8f5a3902c70bc11e116b3e11cd64e1917b598da62e74f4bfc3d5,15ebfba2ab0f8f5a3902c70bc11e116b3e11cd64e1917b598da62e74f4bfc3d5,16,16,,
"포켓몬스터 하트골드 (Korea, IPKK, header ROM version 0)","포켓몬스터 소울실버 (Korea, IPGK, header ROM version 0)",/a/0/5/6,equal,386,386,,,b4bba7400f20370a6639154888babfc09e6736c8ea0aef66476c8a14120670d2,b4bba7400f20370a6639154888babfc09e6736c8ea0aef66476c8a14120670d2,16,16,,
"포켓몬스터 하트골드 (Korea, IPKK, header ROM version 0)","포켓몬스터 소울실버 (Korea, IPGK, header ROM version 0)",/a/0/5/6,equal,387,387,,,869bf951b501b17cb9953d923200ef5bfa332d401c5c5737f0a3ccf2e0f19a26,869bf951b501b17cb9953d923200ef5bfa332d401c5c5737f0a3ccf2e0f19a26,16,16,,
"포켓몬스터 하트골드 (Korea, IPKK, header ROM version 0)","포켓몬스터 소울실버 (Korea, IPGK, header ROM version 0)",/a/0/5/6,equal,388,388,,,47cfb97b33328c2d8332f6f43d96aff1761a40eb35a6543a18c00c578facd3db,47cfb97b33328c2d8332f6f43d96aff1761a40eb35a6543a18c00c578facd3db,16,16,,
"포켓몬스터 하트골드 (Korea, IPKK, header ROM version 0)","포켓몬스터 소울실버 (Korea, IPGK, header ROM version 0)",/a/0/5/6,equal,389,389,,,79e078bc57baea9fa324cc375f7fd067e5405c6e4d2e7d8c2f76735eb39e081a,79e078bc57baea9fa324cc375f7fd067e5405c6e4d2e7d8c2f76735eb39e081a,32,32,,
"포켓몬스터 하트골드 (Korea, IPKK, header ROM version 0)","포켓몬스터 소울실버 (Korea, IPGK, header ROM version 0)",/a/0/5/6,equal,390,390,,,c5090e9a9f2451fff40e84ff307b6932fe88f4958deb5f7a5a7d08b9a32e0e45,c5090e9a9f2451fff40e84ff307b6932fe88f4958deb5f7a5a7d08b9a32e0e45,8,8,,
"포켓몬스터 하트골드 (Korea, IPKK, header ROM version 0)","포켓몬스터 소울실버 (Korea, IPGK, header ROM version 0)",/a/0/5/6,equal,391,391,,,e97266c2e231ebdfc3e66d45f0986669b8ee6f11ee7019dd868e2e1f2b1a41ba,e97266c2e231ebdfc3e66d45f0986669b8ee6f11ee7019dd868e2e1f2b1a41ba,16,16,,
"포켓몬스터 하트골드 (Korea, IPKK, header ROM version 0)","포켓몬스터 소울실버 (Korea, IPGK, header ROM version 0)",/a/0/5/6,equal,392,392,,,2d899f1af782bf8c63c8b7f8de6d9a0e8ff50d9f6fe14bb51f52b8c01ee99d15,2d899f1af782bf8c63c8b7f8de6d9a0e8ff50d9f6fe14bb51f52b8c01ee99d15,16,16,,
"포켓몬스터 하트골드 (Korea, IPKK, header ROM version 0)","포켓몬스터 소울실버 (Korea, IPGK, header ROM version 0)",/a/0/5/6,equal,393,393,,,018795dfb0ef2cdefd66dcb369879379b8d4910455c7247d8abc7761f52f17ff,018795dfb0ef2cdefd66dcb369879379b8d4910455c7247d8abc7761f52f17ff,32,32,,
"포켓몬스터 하트골드 (Korea, IPKK, header ROM version 0)","포켓몬스터 소울실버 (Korea, IPGK, header ROM version 0)",/a/0/5/6,equal,394,394,,,512322882285e8bfe979abf091904a6cf07156fe70a4366abaef26ef698fe7e0,512322882285e8bfe979abf091904a6cf07156fe70a4366abaef26ef698fe7e0,24,24,,
"포켓몬스터 하트골드 (Korea, IPKK, header ROM version 0)","포켓몬스터 소울실버 (Korea, IPGK, header ROM version 0)",/a/0/5/6,equal,395,395,,,82fa0a290f535cb2c602f9fb96ea96613436363a2a3adabf9b0a754605667a23,82fa0a290f535cb2c602f9fb96ea96613436363a2a3adabf9b0a754605667a23,48,48,,
"포켓몬스터 하트골드 (Korea, IPKK, header ROM version 0)","포켓몬스터 소울실버 (Korea, IPGK, header ROM version 0)",/a/0/5/6,equal,396,396,,,013f73f7b88e5a1178d223c09aaed12d748c7c0a083ce996a0ad903e2574e0e6,013f73f7b88e5a1178d223c09aaed12d748c7c0a083ce996a0ad903e2574e0e6,48,48,,
"포켓몬스터 하트골드 (Korea, IPKK, header ROM version 0)","포켓몬스터 소울실버 (Korea, IPGK, header ROM version 0)",/a/0/5/6,equal,397,397,,,e52865d657e9f4aedaa4bd1be52221f1e417902b054d4d3b6030d806294bd662,e52865d657e9f4aedaa4bd1be52221f1e417902b054d4d3b6030d806294bd662,8,8,,
"포켓몬스터 하트골드 (Korea, IPKK, header ROM version 0)","포켓몬스터 소울실버 (Korea, IPGK, header ROM version 0)",/a/0/5/6,equal,398,398,,,fee97926f1799418a212e6dd235cc86bb3f346baa0c99d3cd15ccec3153609a1,fee97926f1799418a212e6dd235cc86bb3f346baa0c99d3cd15ccec3153609a1,32,32,,
"포켓몬스터 하트골드 (Korea, IPKK, header ROM version 0)","포켓몬스터 소울실버 (Korea, IPGK, header ROM version 0)",/a/0/5/6,equal,399,399,,,1b403a611db0d9ad813030fb36ca1a4121add4d664393a3d481ab3a3d3a46ad3,1b403a611db0d9ad813030fb36ca1a4121add4d664393a3d481ab3a3d3a46ad3,24,24,,
"포켓몬스터 하트골드 (Korea, IPKK, header ROM version 0)","포켓몬스터 소울실버 (Korea, IPGK, header ROM version 0)",/a/0/5/6,equal,400,400,,,d3a3b7a78cd88191c4944c3c07002696e3f81cf8487b4a917c7fb9c5076d6e47,d3a3b7a78cd88191c4944c3c07002696e3f81cf8487b4a917c7fb9c5076d6e47,32,32,,
"포켓몬스터 하트골드 (Korea, IPKK, header ROM version 0)","포켓몬스터 소울실버 (Korea, IPGK, header ROM version 0)",/a/0/5/6,equal,401,401,,,2d6165728264269594ec6fb41fbe21cf20750173fa9eb9fd0e70a88087d8e3d0,2d6165728264269594ec6fb41fbe21cf20750173fa9eb9fd0e70a88087d8e3d0,8,8,,
"포켓몬스터 하트골드 (Korea, IPKK, header ROM version 0)","포켓몬스터 소울실버 (Korea, IPGK, header ROM version 0)",/a/0/5/6,equal,402,402,,,f47b4f4b0096bd767a64436c1313416d0a94373cb5c83b83ce0335acc71bed3b,f47b4f4b0096bd767a64436c1313416d0a94373cb5c83b83ce0335acc71bed3b,16,16,,
"포켓몬스터 하트골드 (Korea, IPKK, header ROM version 0)","포켓몬스터 소울실버 (Korea, IPGK, header ROM version 0)",/a/0/5/6,equal,403,403,,,d7b512515f3577babf46045b20b99ea9b88aee25f4e32fbccc1d806fbfd6ba6a,d7b512515f3577babf46045b20b99ea9b88aee25f4e32fbccc1d806fbfd6ba6a,24,24,,
"포켓몬스터 하트골드 (Korea, IPKK, header ROM version 0)","포켓몬스터 소울실버 (Korea, IPGK, header ROM version 0)",/a/0/5/6,equal,404,404,,,1a64f36ec96044961d7d60b179dc44b31aade349d072ad2601cbfb01b58de062,1a64f36ec96044961d7d60b179dc44b31aade349d072ad2601cbfb01b58de062,32,32,,
"포켓몬스터 하트골드 (Korea, IPKK, header ROM version 0)","포켓몬스터 소울실버 (Korea, IPGK, header ROM version 0)",/a/0/5/6,equal,405,405,,,f7b67f43db9863dba0a9faa63e1539a134802319e0a98bd02632c3f2a6d2201d,f7b67f43db9863dba0a9faa63e1539a134802319e0a98bd02632c3f2a6d2201d,32,32,,
"포켓몬스터 하트골드 (Korea, IPKK, header ROM version 0)","포켓몬스터 소울실버 (Korea, IPGK, header ROM version 0)",/a/0/5/6,equal,406,406,,,9985f472b8e357dc3caa94471e37738624e974758c0cfcf5a44951651f99cadf,9985f472b8e357dc3caa94471e37738624e974758c0cfcf5a44951651f99cadf,8,8,,
"포켓몬스터 하트골드 (Korea, IPKK, header ROM version 0)","포켓몬스터 소울실버 (Korea, IPGK, header ROM version 0)",/a/0/5/6,equal,407,407,,,64e2ff6c9d8f9d50e71220dc9298f736720fc8b45d6b6dc83957d32f169dda04,64e2ff6c9d8f9d50e71220dc9298f736720fc8b45d6b6dc83957d32f169dda04,32,32,,
"포켓몬스터 하트골드 (Korea, IPKK, header ROM version 0)","포켓몬스터 소울실버 (Korea, IPGK, header ROM version 0)",/a/0/5/6,equal,408,408,,,782548a82d95693aebaae286c912f1c051e028550d49abfe43ba8b670ec8d468,782548a82d95693aebaae286c912f1c051e028550d49abfe43ba8b670ec8d468,32,32,,
"포켓몬스터 하트골드 (Korea, IPKK, header ROM version 0)","포켓몬스터 소울실버 (Korea, IPGK, header ROM version 0)",/a/0/5/6,equal,409,409,,,94f6ae31292e3724e8bf3449199f9d7fe4385a59ea3f0800e5a0b256d2d8529c,94f6ae31292e3724e8bf3449199f9d7fe4385a59ea3f0800e5a0b256d2d8529c,16,16,,
"포켓몬스터 하트골드 (Korea, IPKK, header ROM version 0)","포켓몬스터 소울실버 (Korea, IPGK, header ROM version 0)",/a/0/5/6,equal,410,410,,,8ae96cc1f33230e9769c54b26631592178eeb704776ca4b35c3c787dd4a46eba,8ae96cc1f33230e9769c54b26631592178eeb704776ca4b35c3c787dd4a46eba,16,16,,
"포켓몬스터 하트골드 (Korea, IPKK, header ROM version 0)","포켓몬스터 소울실버 (Korea, IPGK, header ROM version 0)",/a/0/5/6,equal,411,411,,,6dc8b4a68f4f5090eb2896b06520c56e148d0f1f856324e31b9fa61ed1446b69,6dc8b4a68f4f5090eb2896b06520c56e148d0f1f856324e31b9fa61ed1446b69,8,8,,
"포켓몬스터 하트골드 (Korea, IPKK, header ROM version 0)","포켓몬스터 소울실버 (Korea, IPGK, header ROM version 0)",/a/0/5/6,equal,412,412,,,659c5e610a71973ff6252aa6f44f4ae559f37d4c9b77eb4a924a9e16c57f0a36,659c5e610a71973ff6252aa6f44f4ae559f37d4c9b77eb4a924a9e16c57f0a36,24,24,,
"포켓몬스터 하트골드 (Korea, IPKK, header ROM version 0)","포켓몬스터 소울실버 (Korea, IPGK, header ROM version 0)",/a/0/5/6,equal,413,413,,,40f84a9bfd65612a09a9ff496b71207ecfd478ddd10dd2e0149985346d6971bd,40f84a9bfd65612a09a9ff496b71207ecfd478ddd10dd2e0149985346d6971bd,48,48,,
"포켓몬스터 하트골드 (Korea, IPKK, header ROM version 0)","포켓몬스터 소울실버 (Korea, IPGK, header ROM version 0)",/a/0/5/6,equal,414,414,,,744f172e79b42c34fc288becabda41bf19a1610c770310d29b652a3d732b678e,744f172e79b42c34fc288becabda41bf19a1610c770310d29b652a3d732b678e,8,8,,
"포켓몬스터 하트골드 (Korea, IPKK, header ROM version 0)","포켓몬스터 소울실버 (Korea, IPGK, header ROM version 0)",/a/0/5/6,equal,415,415,,,c732b4881108b69c01828d3f0d49bfc0dac53bf41e3c4a48c5da6a5471ef5cb9,c732b4881108b69c01828d3f0d49bfc0dac53bf41e3c4a48c5da6a5471ef5cb9,48,48,,
"포켓몬스터 하트골드 (Korea, IPKK, header ROM version 0)","포켓몬스터 소울실버 (Korea, IPGK, header ROM version 0)",/a/0/5/6,equal,416,416,,,3f5dd7d9e8f89fb57c3a611cf24c23aee1e7be3d017850622b1a9eea553da1f3,3f5dd7d9e8f89fb57c3a611cf24c23aee1e7be3d017850622b1a9eea553da1f3,32,32,,
"포켓몬스터 하트골드 (Korea, IPKK, header ROM version 0)","포켓몬스터 소울실버 (Korea, IPGK, header ROM version 0)",/a/0/5/6,equal,417,417,,,fe6aec818854046b2c897497e11f835192af0f39cde31e5f42429f61771c955c,fe6aec818854046b2c897497e11f835192af0f39cde31e5f42429f61771c955c,16,16,,
"포켓몬스터 하트골드 (Korea, IPKK, header ROM version 0)","포켓몬스터 소울실버 (Korea, IPGK, header ROM version 0)",/a/0/5/6,equal,418,418,,,efc0a26d5e632ecfef032aa8e23668105384a6f75d326835a34e858e6833df71,efc0a26d5e632ecfef032aa8e23668105384a6f75d326835a34e858e6833df71,92,92,,
"포켓몬스터 하트골드 (Korea, IPKK, header ROM version 0)","포켓몬스터 소울실버 (Korea, IPGK, header ROM version 0)",/a/0/5/6,equal,419,419,,,4ee4157e165c4a05bdc10b82491491d4bad89db7fb71665e0daf5423d1052cb1,4ee4157e165c4a05bdc10b82491491d4bad89db7fb71665e0daf5423d1052cb1,16,16,,
"포켓몬스터 하트골드 (Korea, IPKK, header ROM version 0)","포켓몬스터 소울실버 (Korea, IPGK, header ROM version 0)",/a/0/5/6,equal,420,420,,,0323fb93237ad8c5a79c7112b378fbd961b56d50e42bf340a98cabaf77b2b2b1,0323fb93237ad8c5a79c7112b378fbd961b56d50e42bf340a98cabaf77b2b2b1,8,8,,
"포켓몬스터 하트골드 (Korea, IPKK, header ROM version 0)","포켓몬스터 소울실버 (Korea, IPGK, header ROM version 0)",/a/0/5/6,equal,421,421,,,ca18ee2c9682972fa8758644dc6ad304bdbe5983069455300f0e54845dea5e12,ca18ee2c9682972fa8758644dc6ad304bdbe5983069455300f0e54845dea5e12,16,16,,
"포켓몬스터 하트골드 (Korea, IPKK, header ROM version 0)","포켓몬스터 소울실버 (Korea, IPGK, header ROM version 0)",/a/0/5/6,equal,422,422,,,8b23f9b32d0f247839826eda6066283956d828a8a4a57f921d0dc431db295087,8b23f9b32d0f247839826eda6066283956d828a8a4a57f921d0dc431db295087,16,16,,
"포켓몬스터 하트골드 (Korea, IPKK, header ROM version 0)","포켓몬스터 소울실버 (Korea, IPGK, header ROM version 0)",/a/0/5/6,equal,423,423,,,41aa6408b3882ff12642cbe54c413f944ccd41912a088bb02e86cd0d72aea19a,41aa6408b3882ff12642cbe54c413f944ccd41912a088bb02e86cd0d72aea19a,24,24,,
"포켓몬스터 하트골드 (Korea, IPKK, header ROM version 0)","포켓몬스터 소울실버 (Korea, IPGK, header ROM version 0)",/a/0/5/6,equal,424,424,,,8167098f07541dc745ef74473cde4f81e0a300a02d52bc2ab10362993da3e5cb,8167098f07541dc745ef74473cde4f81e0a300a02d52bc2ab10362993da3e5cb,16,16,,
"포켓몬스터 하트골드 (Korea, IPKK, header ROM version 0)","포켓몬스터 소울실버 (Korea, IPGK, header ROM version 0)",/a/0/5/6,equal,425,425,,,c0b957a14f7886a6f8b547ce52de03b87337103d2c5a4d4db9339df9efd6535f,c0b957a14f7886a6f8b547ce52de03b87337103d2c5a4d4db9339df9efd6535f,16,16,,
"포켓몬스터 하트골드 (Korea, IPKK, header ROM version 0)","포켓몬스터 소울실버 (Korea, IPGK, header ROM version 0)",/a/0/5/6,equal,426,426,,,9027ccfd24b220ad3f544d89c2bb9b1925a5ccc9b8bf3ec23cd5915b98865549,9027ccfd24b220ad3f544d89c2bb9b1925a5ccc9b8bf3ec23cd5915b98865549,16,16,,
"포켓몬스터 하트골드 (Korea, IPKK, header ROM version 0)","포켓몬스터 소울실버 (Korea, IPGK, header ROM version 0)",/a/0/5/6,equal,427,427,,,29f6b20bb8bf73b345af6207d6cad58e2aad95419b549e1e53d7a7a7411886a7,29f6b20bb8bf73b345af6207d6cad58e2aad95419b549e1e53d7a7a7411886a7,16,16,,
"포켓몬스터 하트골드 (Korea, IPKK, header ROM version 0)","포켓몬스터 소울실버 (Korea, IPGK, header ROM version 0)",/a/0/5/6,equal,428,428,,,281a47c82dea946f6c21aa74d881367a77573a99ec67979bf6070dbe03a92a50,281a47c82dea946f6c21aa74d881367a77573a99ec67979bf6070dbe03a92a50,16,16,,
"포켓몬스터 하트골드 (Korea, IPKK, header ROM version 0)","포켓몬스터 소울실버 (Korea, IPGK, header ROM version 0)",/a/0/5/6,equal,429,429,,,a273a5db631046269a51eae93107036d2e00225966f0f745a4a32ef448328666,a273a5db631046269a51eae93107036d2e00225966f0f745a4a32ef448328666,20,20,,
"포켓몬스터 하트골드 (Korea, IPKK, header ROM version 0)","포켓몬스터 소울실버 (Korea, IPGK, header ROM version 0)",/a/0/5/6,equal,430,430,,,0302eeae712ede5380d06612c5d9d8f84d0cb8134449813e1ddafe6e9b139efc,0302eeae712ede5380d06612c5d9d8f84d0cb8134449813e1ddafe6e9b139efc,16,16,,
"포켓몬스터 하트골드 (Korea, IPKK, header ROM version 0)","포켓몬스터 소울실버 (Korea, IPGK, header ROM version 0)",/a/0/5/6,equal,431,431,,,54263fc9656952bbea94fd560585905f22b6bb296211d23a6eca91eaa4a58fc0,54263fc9656952bbea94fd560585905f22b6bb296211d23a6eca91eaa4a58fc0,16,16,,
"포켓몬스터 하트골드 (Korea, IPKK, header ROM version 0)","포켓몬스터 소울실버 (Korea, IPGK, header ROM version 0)",/a/0/5/6,equal,432,432,,,c97c10f053820b2e74d9290feb0e6034824ec3ef3a0982f7aacbc56aa51a16a5,c97c10f053820b2e74d9290feb0e6034824ec3ef3a0982f7aacbc56aa51a16a5,16,16,,
"포켓몬스터 하트골드 (Korea, IPKK, header ROM version 0)","포켓몬스터 소울실버 (Korea, IPGK, header ROM version 0)",/a/0/5/6,equal,433,433,,,7cf1887c47da686300cd1fa801aacd77d5d2fff9def629d1bcc90ec88f1637d8,7cf1887c47da686300cd1fa801aacd77d5d2fff9def629d1bcc90ec88f1637d8,32,32,,
"포켓몬스터 하트골드 (Korea, IPKK, header ROM version 0)","포켓몬스터 소울실버 (Korea, IPGK, header ROM version 0)",/a/0/5/6,equal,434,434,,,3e1e6b404d9eba889a4b83ba98d63aaa3e5da6ebd35c4be87ef75f2854e5169b,3e1e6b404d9eba889a4b83ba98d63aaa3e5da6ebd35c4be87ef75f2854e5169b,16,16,,
"포켓몬스터 하트골드 (Korea, IPKK, header ROM version 0)","포켓몬스터 소울실버 (Korea, IPGK, header ROM version 0)",/a/0/5/6,equal,435,435,,,603ca1595fec6dbdb1aab67c7b662be91e0c2972bee263cf5e17231c3d0f071c,603ca1595fec6dbdb1aab67c7b662be91e0c2972bee263cf5e17231c3d0f071c,16,16,,
"포켓몬스터 하트골드 (Korea, IPKK, header ROM version 0)","포켓몬스터 소울실버 (Korea, IPGK, header ROM version 0)",/a/0/5/6,equal,436,436,,,88b09eda958cebeccf74495a84dc876c66baaef65155efca15001f84d1ea4c79,88b09eda958cebeccf74495a84dc876c66baaef65155efca15001f84d1ea4c79,8,8,,
"포켓몬스터 하트골드 (Korea, IPKK, header ROM version 0)","포켓몬스터 소울실버 (Korea, IPGK, header ROM version 0)",/a/0/5/6,equal,437,437,,,b4ac93e7531f18c997959d1f343574b06a08719266b339dfcca5422ab3baefe9,b4ac93e7531f18c997959d1f343574b06a08719266b339dfcca5422ab3baefe9,8,8,,
"포켓몬스터 하트골드 (Korea, IPKK, header ROM version 0)","포켓몬스터 소울실버 (Korea, IPGK, header ROM version 0)",/a/0/5/6,equal,438,438,,,216b2ff0ba098321de02f9591cf6fc221f0fe012acda22b99de6e7e3a81ba876,216b2ff0ba098321de02f9591cf6fc221f0fe012acda22b99de6e7e3a81ba876,16,16,,
"포켓몬스터 하트골드 (Korea, IPKK, header ROM version 0)","포켓몬스터 소울실버 (Korea, IPGK, header ROM version 0)",/a/0/5/6,equal,439,439,,,1d253bdcf35304e9373772e29a0018d509cce8731cd68732dbfd077c38338d5e,1d253bdcf35304e9373772e29a0018d509cce8731cd68732dbfd077c38338d5e,32,32,,
"포켓몬스터 하트골드 (Korea, IPKK, header ROM version 0)","포켓몬스터 소울실버 (Korea, IPGK, header ROM version 0)",/a/0/5/6,equal,440,440,,,38b311dd2fb5a37af352ddea77305a4e1356095f1d9a2437624a360d7f063305,38b311dd2fb5a37af352ddea77305a4e1356095f1d9a2437624a360d7f063305,16,16,,
"포켓몬스터 하트골드 (Korea, IPKK, header ROM version 0)","포켓몬스터 소울실버 (Korea, IPGK, header ROM version 0)",/a/0/5/6,equal,441,441,,,c271ce2453779f16f230e4e06b73f2a67bab6ba2e8b7abed6ba383620bc086bb,c271ce2453779f16f230e4e06b73f2a67bab6ba2e8b7abed6ba383620bc086bb,16,16,,
"포켓몬스터 하트골드 (Korea, IPKK, header ROM version 0)","포켓몬스터 소울실버 (Korea, IPGK, header ROM version 0)",/a/0/5/6,equal,442,442,,,eb5ead1c37a30cee11f3038ff6429b5bc5072995cc5ed01a53fe008d3c07287a,eb5ead1c37a30cee11f3038ff6429b5bc5072995cc5ed01a53fe008d3c07287a,8,8,,
"포켓몬스터 하트골드 (Korea, IPKK, header ROM version 0)","포켓몬스터 소울실버 (Korea, IPGK, header ROM version 0)",/a/0/5/6,equal,443,443,,,eb5ead1c37a30cee11f3038ff6429b5bc5072995cc5ed01a53fe008d3c07287a,eb5ead1c37a30cee11f3038ff6429b5bc5072995cc5ed01a53fe008d3c07287a,8,8,,
"포켓몬스터 하트골드 (Korea, IPKK, header ROM version 0)","포켓몬스터 소울실버 (Korea, IPGK, header ROM version 0)",/a/0/5/6,equal,444,444,,,36b54b16d2dd0b601eca494b629323ce358ba3994ad1ce296a05459ba48fe10c,36b54b16d2dd0b601eca494b629323ce358ba3994ad1ce296a05459ba48fe10c,24,24,,
"포켓몬스터 하트골드 (Korea, IPKK, header ROM version 0)","포켓몬스터 소울실버 (Korea, IPGK, header ROM version 0)",/a/0/5/6,equal,445,445,,,8f8de815f9b27d9620a617401bef5027716b6c1933b67a306f53e25808e57a5a,8f8de815f9b27d9620a617401bef5027716b6c1933b67a306f53e25808e57a5a,24,24,,
"포켓몬스터 하트골드 (Korea, IPKK, header ROM version 0)","포켓몬스터 소울실버 (Korea, IPGK, header ROM version 0)",/a/0/5/6,equal,446,446,,,3a8fca4b00cfb1c70a08664b67a053894f2b8fc51e879818bf14f0f6ea8472d9,3a8fca4b00cfb1c70a08664b67a053894f2b8fc51e879818bf14f0f6ea8472d9,16,16,,
"포켓몬스터 하트골드 (Korea, IPKK, header ROM version 0)","포켓몬스터 소울실버 (Korea, IPGK, header ROM version 0)",/a/0/5/6,equal,447,447,,,0b8e90abdf1c589dc2e6e10dfd93ecd52000448f9d48eaa6c304bc9a567e6702,0b8e90abdf1c589dc2e6e10dfd93ecd52000448f9d48eaa6c304bc9a567e6702,16,16,,
"포켓몬스터 하트골드 (Korea, IPKK, header ROM version 0)","포켓몬스터 소울실버 (Korea, IPGK, header ROM version 0)",/a/0/5/6,equal,448,448,,,0d2dd356ed9c688ad3675fea051c0c8d15cacc0832a77315c3eb3cf09a62c690,0d2dd356ed9c688ad3675fea051c0c8d15cacc0832a77315c3eb3cf09a62c690,24,24,,
"포켓몬스터 하트골드 (Korea, IPKK, header ROM version 0)","포켓몬스터 소울실버 (Korea, IPGK, header ROM version 0)",/a/0/5/6,equal,449,449,,,9d11f140822741ccff50c55513f5257071be3123c1d3bc4ce7a232194b909761,9d11f140822741ccff50c55513f5257071be3123c1d3bc4ce7a232194b909761,16,16,,
"포켓몬스터 하트골드 (Korea, IPKK, header ROM version 0)","포켓몬스터 소울실버 (Korea, IPGK, header ROM version 0)",/a/0/5/6,equal,450,450,,,92a9e8dbe75ac2050ee1e49c7959b373906baf3545e8798f4873d98e5970e6af,92a9e8dbe75ac2050ee1e49c7959b373906baf3545e8798f4873d98e5970e6af,24,24,,
"포켓몬스터 하트골드 (Korea, IPKK, header ROM version 0)","포켓몬스터 소울실버 (Korea, IPGK, header ROM version 0)",/a/0/5/6,equal,451,451,,,6e7ee1bdadd235941b30a5082949d6338da5c39a5baef4a520733ce20e081022,6e7ee1bdadd235941b30a5082949d6338da5c39a5baef4a520733ce20e081022,16,16,,
"포켓몬스터 하트골드 (Korea, IPKK, header ROM version 0)","포켓몬스터 소울실버 (Korea, IPGK, header ROM version 0)",/a/0/5/6,equal,452,452,,,4f01a873f3ed178da753cbea731819e3636f658273d0263bef19a7270006ef7f,4f01a873f3ed178da753cbea731819e3636f658273d0263bef19a7270006ef7f,16,16,,
"포켓몬스터 하트골드 (Korea, IPKK, header ROM version 0)","포켓몬스터 소울실버 (Korea, IPGK, header ROM version 0)",/a/0/5/6,equal,453,453,,,caf44787c2fa0b573a9d7b1efe3c63b71259aef1d513ca283369b5e1bf1415d6,caf44787c2fa0b573a9d7b1efe3c63b71259aef1d513ca283369b5e1bf1415d6,24,24,,
"포켓몬스터 하트골드 (Korea, IPKK, header ROM version 0)","포켓몬스터 소울실버 (Korea, IPGK, header ROM version 0)",/a/0/5/6,equal,454,454,,,24fba98e7a662296fd5a02982f1519627b74aefd7b01359d2a1d372982e7f7a7,24fba98e7a662296fd5a02982f1519627b74aefd7b01359d2a1d372982e7f7a7,32,32,,
"포켓몬스터 하트골드 (Korea, IPKK, header ROM version 0)","포켓몬스터 소울실버 (Korea, IPGK, header ROM version 0)",/a/0/5/6,equal,455,455,,,0fbe80245bd97392626786c93fd68da9ddfc352f50bf84af8301188d9a94a112,0fbe80245bd97392626786c93fd68da9ddfc352f50bf84af8301188d9a94a112,32,32,,
"포켓몬스터 하트골드 (Korea, IPKK, header ROM version 0)","포켓몬스터 소울실버 (Korea, IPGK, header ROM version 0)",/a/0/5/6,equal,456,456,,,daac21d343c49e4b2d416f55cf4a7e2e10eea46d86d3d3f3955e15c9d3c5c68f,daac21d343c49e4b2d416f55cf4a7e2e10eea46d86d3d3f3955e15c9d3c5c68f,48,48,,
"포켓몬스터 하트골드 (Korea, IPKK, header ROM version 0)","포켓몬스터 소울실버 (Korea, IPGK, header ROM version 0)",/a/0/5/6,equal,457,457,,,40590f79e64c72c75040b39e0cf81b6eac536599a7129867a922eaaff6b16bc6,40590f79e64c72c75040b39e0cf81b6eac536599a7129867a922eaaff6b16bc6,48,48,,
"포켓몬스터 하트골드 (Korea, IPKK, header ROM version 0)","포켓몬스터 소울실버 (Korea, IPGK, header ROM version 0)",/a/0/5/6,equal,458,458,,,43845e97dfd43c0a3593b71fc439c3bc11dfe2ae6472befe559ebc466bbc485e,43845e97dfd43c0a3593b71fc439c3bc11dfe2ae6472befe559ebc466bbc485e,32,32,,
"포켓몬스터 하트골드 (Korea, IPKK, header ROM version 0)","포켓몬스터 소울실버 (Korea, IPGK, header ROM version 0)",/a/0/5/6,equal,459,459,,,d4b75410140215c9e336f887f27eb82b8f85db339170e9305c134e23c6d1a146,d4b75410140215c9e336f887f27eb82b8f85db339170e9305c134e23c6d1a146,32,32,,
"포켓몬스터 하트골드 (Korea, IPKK, header ROM version 0)","포켓몬스터 소울실버 (Korea, IPGK, header ROM version 0)",/a/0/5/6,equal,460,460,,,7610c0d4c68253eaebf6bc1009e8ca23f1a4a7bbb647c7168684037b9df09636,7610c0d4c68253eaebf6bc1009e8ca23f1a4a7bbb647c7168684037b9df09636,64,64,,
"포켓몬스터 하트골드 (Korea, IPKK, header ROM version 0)","포켓몬스터 소울실버 (Korea, IPGK, header ROM version 0)",/a/0/5/6,equal,461,461,,,f456a22225fe6fd4dc51612541b28206d17aafa01d5f7504bdc36341d759fa30,f456a22225fe6fd4dc51612541b28206d17aafa01d5f7504bdc36341d759fa30,64,64,,
"포켓몬스터 하트골드 (Korea, IPKK, header ROM version 0)","포켓몬스터 소울실버 (Korea, IPGK, header ROM version 0)",/a/0/5/6,equal,462,462,,,52db46fcd5ee855aabd083e1ce5eaa80052b7438b24816081f14a84218d961e9,52db46fcd5ee855aabd083e1ce5eaa80052b7438b24816081f14a84218d961e9,8,8,,
"포켓몬스터 하트골드 (Korea, IPKK, header ROM version 0)","포켓몬스터 소울실버 (Korea, IPGK, header ROM version 0)",/a/0/5/6,equal,463,463,,,55bc43b2deaa6b49160539a3751eefed072b51778f6f476dbe31c08d1aaed50e,55bc43b2deaa6b49160539a3751eefed072b51778f6f476dbe31c08d1aaed50e,16,16,,
"포켓몬스터 하트골드 (Korea, IPKK, header ROM version 0)","포켓몬스터 소울실버 (Korea, IPGK, header ROM version 0)",/a/0/5/6,equal,464,464,,,c4d5c60ab89eba04e486451eb6f5ae8523e7de4bef50d7d26bb8876e71b7ee89,c4d5c60ab89eba04e486451eb6f5ae8523e7de4bef50d7d26bb8876e71b7ee89,32,32,,
"포켓몬스터 하트골드 (Korea, IPKK, header ROM version 0)","포켓몬스터 소울실버 (Korea, IPGK, header ROM version 0)",/a/0/5/6,equal,465,465,,,d6d81f455095fe727d36dd4bd1cbfb2d1e54364e825a7489d3063d40f188f36c,d6d81f455095fe727d36dd4bd1cbfb2d1e54364e825a7489d3063d40f188f36c,32,32,,
"포켓몬스터 하트골드 (Korea, IPKK, header ROM version 0)","포켓몬스터 소울실버 (Korea, IPGK, header ROM version 0)",/a/0/5/6,equal,466,466,,,e94c6c937605df3e58616e9801460ae60d76f55197d9b7200c864f333e84dec4,e94c6c937605df3e58616e9801460ae60d76f55197d9b7200c864f333e84dec4,16,16,,
"포켓몬스터 하트골드 (Korea, IPKK, header ROM version 0)","포켓몬스터 소울실버 (Korea, IPGK, header ROM version 0)",/a/0/5/6,equal,467,467,,,7c51df6fae55525d9e1395f0f8c9217258b3d2b478abfc5d1e686c92176ad7b8,7c51df6fae55525d9e1395f0f8c9217258b3d2b478abfc5d1e686c92176ad7b8,16,16,,
"포켓몬스터 하트골드 (Korea, IPKK, header ROM version 0)","포켓몬스터 소울실버 (Korea, IPGK, header ROM version 0)",/a/0/5/6,equal,468,468,,,514b1075014e3586e680cd4cad1cfb10f73bd5964fbd201cee0ed3b3f3a578e8,514b1075014e3586e680cd4cad1cfb10f73bd5964fbd201cee0ed3b3f3a578e8,16,16,,
"포켓몬스터 하트골드 (Korea, IPKK, header ROM version 0)","포켓몬스터 소울실버 (Korea, IPGK, header ROM version 0)",/a/0/5/6,equal,469,469,,,fa51c8b8ee3f28e6cf32128f9e12c9ba8c57203eff97ddae21e8ee3e5492502b,fa51c8b8ee3f28e6cf32128f9e12c9ba8c57203eff97ddae21e8ee3e5492502b,8,8,,
"포켓몬스터 하트골드 (Korea, IPKK, header ROM version 0)","포켓몬스터 소울실버 (Korea, IPGK, header ROM version 0)",/a/0/5/6,equal,470,470,,,0c19e4685083d4dbeb954389094942278c5ff301faf22ccc660cd4b560d92c21,0c19e4685083d4dbeb954389094942278c5ff301faf22ccc660cd4b560d92c21,24,24,,
"포켓몬스터 하트골드 (Korea, IPKK, header ROM version 0)","포켓몬스터 소울실버 (Korea, IPGK, header ROM version 0)",/a/0/5/6,equal,471,471,,,9a69b6a6ad2dbaa6d8a636e9c48ac79d27f5c54de5fac08822d6b072064598fc,9a69b6a6ad2dbaa6d8a636e9c48ac79d27f5c54de5fac08822d6b072064598fc,24,24,,
"포켓몬스터 하트골드 (Korea, IPKK, header ROM version 0)","포켓몬스터 소울실버 (Korea, IPGK, header ROM version 0)",/a/0/5/6,equal,472,472,,,0f18d5f0fef3e35689efe4981968ca899739c9a7a3cad2cab8c9c11b2526efdc,0f18d5f0fef3e35689efe4981968ca899739c9a7a3cad2cab8c9c11b2526efdc,16,16,,
"포켓몬스터 하트골드 (Korea, IPKK, header ROM version 0)","포켓몬스터 소울실버 (Korea, IPGK, header ROM version 0)",/a/0/5/6,equal,473,473,,,514b1075014e3586e680cd4cad1cfb10f73bd5964fbd201cee0ed3b3f3a578e8,514b1075014e3586e680cd4cad1cfb10f73bd5964fbd201cee0ed3b3f3a578e8,16,16,,
"포켓몬스터 하트골드 (Korea, IPKK, header ROM version 0)","포켓몬스터 소울실버 (Korea, IPGK, header ROM version 0)",/a/0/5/6,equal,474,474,,,fa51c8b8ee3f28e6cf32128f9e12c9ba8c57203eff97ddae21e8ee3e5492502b,fa51c8b8ee3f28e6cf32128f9e12c9ba8c57203eff97ddae21e8ee3e5492502b,8,8,,
"포켓몬스터 하트골드 (Korea, IPKK, header ROM version 0)","포켓몬스터 소울실버 (Korea, IPGK, header ROM version 0)",/a/0/5/6,equal,475,475,,,d9e51ede5644d267ecb7cb875a57bf824aa66a15cf00dac67028c42efd370523,d9e51ede5644d267ecb7cb875a57bf824aa66a15cf00dac67028c42efd370523,24,24,,
"포켓몬스터 하트골드 (Korea, IPKK, header ROM version 0)","포켓몬스터 소울실버 (Korea, IPGK, header ROM version 0)",/a/0/5/6,equal,476,476,,,7f4d4759ed720b4ed35dc66ae8e24a295ec47ff330ec993ba55e9097be966434,7f4d4759ed720b4ed35dc66ae8e24a295ec47ff330ec993ba55e9097be966434,24,24,,
"포켓몬스터 하트골드 (Korea, IPKK, header ROM version 0)","포켓몬스터 소울실버 (Korea, IPGK, header ROM version 0)",/a/0/5/6,equal,477,477,,,1dab47aed2228ae82bfa30a4a2bcbdee57edd7d6b0324dd51c1477752a4c89e9,1dab47aed2228ae82bfa30a4a2bcbdee57edd7d6b0324dd51c1477752a4c89e9,16,16,,
"포켓몬스터 하트골드 (Korea, IPKK, header ROM version 0)","포켓몬스터 소울실버 (Korea, IPGK, header ROM version 0)",/a/0/5/6,equal,478,478,,,728d9dcf460d8f4dc1bd842dcee39ec1bfed394cc610ed4aef72229ee06a4597,728d9dcf460d8f4dc1bd842dcee39ec1bfed394cc610ed4aef72229ee06a4597,48,48,,
"포켓몬스터 하트골드 (Korea, IPKK, header ROM version 0)","포켓몬스터 소울실버 (Korea, IPGK, header ROM version 0)",/a/0/5/6,equal,479,479,,,8992b385c7dc1540ffadc85bfc2f9eb2f31bbe2ecc42da3e41366162b0f10df9,8992b385c7dc1540ffadc85bfc2f9eb2f31bbe2ecc42da3e41366162b0f10df9,48,48,,
"포켓몬스터 하트골드 (Korea, IPKK, header ROM version 0)","포켓몬스터 소울실버 (Korea, IPGK, header ROM version 0)",/a/0/5/6,equal,480,480,,,1ad7a3711f552c1992a95c5af8f24c5f33ee96f6edea74b71a9d2aab783c3ded,1ad7a3711f552c1992a95c5af8f24c5f33ee96f6edea74b71a9d2aab783c3ded,8,8,,
"포켓몬스터 하트골드 (Korea, IPKK, header ROM version 0)","포켓몬스터 소울실버 (Korea, IPGK, header ROM version 0)",/a/0/5/6,equal,481,481,,,4121db4944a83bb4595baf436354d6fe24159a30998aa7dfac0e28c41dabbf57,4121db4944a83bb4595baf436354d6fe24159a30998aa7dfac0e28c41dabbf57,8,8,,
"포켓몬스터 하트골드 (Korea, IPKK, header ROM version 0)","포켓몬스터 소울실버 (Korea, IPGK, header ROM version 0)",/a/0/5/6,equal,482,482,,,3c8af5e6c40095305943a1f29b758edb9f2d3f7c0c33d26fb6c6b4437038d8bd,3c8af5e6c40095305943a1f29b758edb9f2d3f7c0c33d26fb6c6b4437038d8bd,24,24,,
"포켓몬스터 하트골드 (Korea, IPKK, header ROM version 0)","포켓몬스터 소울실버 (Korea, IPGK, header ROM version 0)",/a/0/5/6,equal,483,483,,,cb707c89fa4f5f6aee7da9f00ced81868f244c22a8f17e3373f4c81cbfcb6e35,cb707c89fa4f5f6aee7da9f00ced81868f244c22a8f17e3373f4c81cbfcb6e35,16,16,,
"포켓몬스터 하트골드 (Korea, IPKK, header ROM version 0)","포켓몬스터 소울실버 (Korea, IPGK, header ROM version 0)",/a/0/5/6,equal,484,484,,,182f53b23cab7a317de1d09b6f7777af4083bf71d79015b17239b38488258b85,182f53b23cab7a317de1d09b6f7777af4083bf71d79015b17239b38488258b85,48,48,,
"포켓몬스터 하트골드 (Korea, IPKK, header ROM version 0)","포켓몬스터 소울실버 (Korea, IPGK, header ROM version 0)",/a/0/5/6,equal,485,485,,,7aae082d982110197df9b2b2dc1346f0fd3984dcb383be9754e08150bcfb7b60,7aae082d982110197df9b2b2dc1346f0fd3984dcb383be9754e08150bcfb7b60,48,48,,
"포켓몬스터 하트골드 (Korea, IPKK, header ROM version 0)","포켓몬스터 소울실버 (Korea, IPGK, header ROM version 0)",/a/0/5/6,equal,486,486,,,fc6f2debf9448ba34bb47ff7f756ef4e0eef7ef556e36cf975d560e88bff48d3,fc6f2debf9448ba34bb47ff7f756ef4e0eef7ef556e36cf975d560e88bff48d3,16,16,,
"포켓몬스터 하트골드 (Korea, IPKK, header ROM version 0)","포켓몬스터 소울실버 (Korea, IPGK, header ROM version 0)",/a/0/5/6,equal,487,487,,,2d18c3d140bc940c674e7f583346b6cfdbdd23659812c083a4509b681c0df969,2d18c3d140bc940c674e7f583346b6cfdbdd23659812c083a4509b681c0df969,96,96,,
"포켓몬스터 하트골드 (Korea, IPKK, header ROM version 0)","포켓몬스터 소울실버 (Korea, IPGK, header ROM version 0)",/a/0/5/6,equal,488,488,,,e8223ed901e91ba364bc1777943928a5847a4b5b3eff787890e41e6923417cc5,e8223ed901e91ba364bc1777943928a5847a4b5b3eff787890e41e6923417cc5,24,24,,
"포켓몬스터 하트골드 (Korea, IPKK, header ROM version 0)","포켓몬스터 소울실버 (Korea, IPGK, header ROM version 0)",/a/0/5/6,equal,489,489,,,59f03608d8fbb601235cd4e66596b896600429a81a564eea6e78ea0f716bb3fb,59f03608d8fbb601235cd4e66596b896600429a81a564eea6e78ea0f716bb3fb,96,96,,
"포켓몬스터 하트골드 (Korea, IPKK, header ROM version 0)","포켓몬스터 소울실버 (Korea, IPGK, header ROM version 0)",/a/0/5/6,equal,490,490,,,6c52bb3b974c850cdfeae99d496e76d718d2ea3b559b793b54db4fa97607f4c1,6c52bb3b974c850cdfeae99d496e76d718d2ea3b559b793b54db4fa97607f4c1,96,96,,
"포켓몬스터 하트골드 (Korea, IPKK, header ROM version 0)","포켓몬스터 소울실버 (Korea, IPGK, header ROM version 0)",/a/0/5/6,equal,491,491,,,95565166262be67652d6b97e8d0522547e5cc7360f04bbc8a286cff08ed5da81,95565166262be67652d6b97e8d0522547e5cc7360f04bbc8a286cff08ed5da81,108,108,,
"포켓몬스터 하트골드 (Korea, IPKK, header ROM version 0)","포켓몬스터 소울실버 (Korea, IPGK, header ROM version 0)",/a/0/5/6,equal,492,492,,,1acdf78ac954d169f10835c8e53461bafe2147718d8613627df4c434e8fa895d,1acdf78ac954d169f10835c8e53461bafe2147718d8613627df4c434e8fa895d,24,24,,
"포켓몬스터 하트골드 (Korea, IPKK, header ROM version 0)","포켓몬스터 소울실버 (Korea, IPGK, header ROM version 0)",/a/0/5/6,equal,493,493,,,e70891d7cd9e2df807681fd1baf4e656a0761cc5303d896c9d22ce7ba6192c1e,e70891d7cd9e2df807681fd1baf4e656a0761cc5303d896c9d22ce7ba6192c1e,8,8,,
"포켓몬스터 하트골드 (Korea, IPKK, header ROM version 0)","포켓몬스터 소울실버 (Korea, IPGK, header ROM version 0)",/a/0/5/6,equal,494,494,,,b8674e1cc8a513e89e1558a1782c27e69d1cdb319aec4f440e7b430fb2c80438,b8674e1cc8a513e89e1558a1782c27e69d1cdb319aec4f440e7b430fb2c80438,40,40,,
"포켓몬스터 하트골드 (Korea, IPKK, header ROM version 0)","포켓몬스터 소울실버 (Korea, IPGK, header ROM version 0)",/a/0/5/6,equal,495,495,,,d7ab6c84a10a80146e527016add6671553515bb2dd9d9657dbf8b53f69d46d91,d7ab6c84a10a80146e527016add6671553515bb2dd9d9657dbf8b53f69d46d91,8,8,,
"포켓몬스터 하트골드 (Korea, IPKK, header ROM version 0)","포켓몬스터 소울실버 (Korea, IPGK, header ROM version 0)",/a/0/5/6,equal,496,496,,,81bde5e0f27e058b29ad5992ae8a7afef8dae6387995ddbd9368bd3a3a3415b9,81bde5e0f27e058b29ad5992ae8a7afef8dae6387995ddbd9368bd3a3a3415b9,8,8,,
"포켓몬스터 하트골드 (Korea, IPKK, header ROM version 0)","포켓몬스터 소울실버 (Korea, IPGK, header ROM version 0)",/a/0/5/6,equal,497,497,,,f616e733f906174e1df134cf0afb81a988cf59e6bebf8db3ea2e51cd1c42a392,f616e733f906174e1df134cf0afb81a988cf59e6bebf8db3ea2e51cd1c42a392,8,8,,
"포켓몬스터 하트골드 (Korea, IPKK, header ROM version 0)","포켓몬스터 소울실버 (Korea, IPGK, header ROM version 0)",/a/0/5/6,equal,498,498,,,88c189eb70588fb23f1c86ea086cff54aeca02f6fb90bf428fbdb153f00fabd4,88c189eb70588fb23f1c86ea086cff54aeca02f6fb90bf428fbdb153f00fabd4,48,48,,
"포켓몬스터 하트골드 (Korea, IPKK, header ROM version 0)","포켓몬스터 소울실버 (Korea, IPGK, header ROM version 0)",/a/0/5/6,equal,499,499,,,b5cdc093871ae6bcd65116bf87297d320bc5f03308ada07a97654c49c102e979,b5cdc093871ae6bcd65116bf87297d320bc5f03308ada07a97654c49c102e979,32,32,,
"포켓몬스터 하트골드 (Korea, IPKK, header ROM version 0)","포켓몬스터 소울실버 (Korea, IPGK, header ROM version 0)",/a/0/5/6,equal,500,500,,,179488e4f99d1d73f3f68ce2c69e71099871b29ce1bcb466c12f3735e006a2b3,179488e4f99d1d73f3f68ce2c69e71099871b29ce1bcb466c12f3735e006a2b3,16,16,,
"포켓몬스터 하트골드 (Korea, IPKK, header ROM version 0)","포켓몬스터 소울실버 (Korea, IPGK, header ROM version 0)",/a/0/5/6,equal,501,501,,,083f9577ed4e14d6a3e769cd00fcc76dff69f8ee594d67ffa0756b7c9b1d5ecb,083f9577ed4e14d6a3e769cd00fcc76dff69f8ee594d67ffa0756b7c9b1d5ecb,48,48,,
"포켓몬스터 하트골드 (Korea, IPKK, header ROM version 0)","포켓몬스터 소울실버 (Korea, IPGK, header ROM version 0)",/a/0/5/6,equal,502,502,,,2593839b0c137d20935de40685c0cb71452a816c2b4feb714e4dd1ae6930b549,2593839b0c137d20935de40685c0cb71452a816c2b4feb714e4dd1ae6930b549,32,32,,
"포켓몬스터 하트골드 (Korea, IPKK, header ROM version 0)","포켓몬스터 소울실버 (Korea, IPGK, header ROM version 0)",/a/0/5/6,equal,503,503,,,2a28db815bfcbcdbaf48517937301b13a7c8e2765eb4a2f672fca39c4b4f4693,2a28db815bfcbcdbaf48517937301b13a7c8e2765eb4a2f672fca39c4b4f4693,48,48,,
"포켓몬스터 하트골드 (Korea, IPKK, header ROM version 0)","포켓몬스터 소울실버 (Korea, IPGK, header ROM version 0)",/a/0/5/6,equal,504,504,,,d7dea4f8aabb3a36255f4d25c66ea6b9ab1e91fbd9fa8059010dea7dbdcc283b,d7dea4f8aabb3a36255f4d25c66ea6b9ab1e91fbd9fa8059010dea7dbdcc283b,48,48,,
"포켓몬스터 하트골드 (Korea, IPKK, header ROM version 0)","포켓몬스터 소울실버 (Korea, IPGK, header ROM version 0)",/a/0/5/6,equal,505,505,,,fad491b4ac4922270d0e46cecfed09d46b92e10b877dd11109dc67be74200b5f,fad491b4ac4922270d0e46cecfed09d46b92e10b877dd11109dc67be74200b5f,32,32,,
"포켓몬스터 하트골드 (Korea, IPKK, header ROM version 0)","포켓몬스터 소울실버 (Korea, IPGK, header ROM version 0)",/a/0/5/6,equal,506,506,,,7fa0eb863873e63caa23b79ffa3d6e2cd6ccea6befc9eec47036168bfc56ae45,7fa0eb863873e63caa23b79ffa3d6e2cd6ccea6befc9eec47036168bfc56ae45,64,64,,
"포켓몬스터 하트골드 (Korea, IPKK, header ROM version 0)","포켓몬스터 소울실버 (Korea, IPGK, header ROM version 0)",/a/0/5/6,equal,507,507,,,0cf15295164d3fe5654f26b0c696968d67e47bb99c355e92d9ae1956f40548ee,0cf15295164d3fe5654f26b0c696968d67e47bb99c355e92d9ae1956f40548ee,32,32,,
"포켓몬스터 하트골드 (Korea, IPKK, header ROM version 0)","포켓몬스터 소울실버 (Korea, IPGK, header ROM version 0)",/a/0/5/6,equal,508,508,,,a34e30be942554d219de4574d30ddb71c4ba5d067b72ea7c0232ea65ad8424dd,a34e30be942554d219de4574d30ddb71c4ba5d067b72ea7c0232ea65ad8424dd,32,32,,
"포켓몬스터 하트골드 (Korea, IPKK, header ROM version 0)","포켓몬스터 소울실버 (Korea, IPGK, header ROM version 0)",/a/0/5/6,equal,509,509,,,c0562b9898c1f37bcb814e4b3a6b53c83ff43d89422041bc552634484fe9f24d,c0562b9898c1f37bcb814e4b3a6b53c83ff43d89422041bc552634484fe9f24d,32,32,,
"포켓몬스터 하트골드 (Korea, IPKK, header ROM version 0)","포켓몬스터 소울실버 (Korea, IPGK, header ROM version 0)",/a/0/5/6,equal,510,510,,,3026df23d30e0987f84038468f892baaa9ec2ab33d69746d5f21fff4466a8aca,3026df23d30e0987f84038468f892baaa9ec2ab33d69746d5f21fff4466a8aca,16,16,,
"포켓몬스터 하트골드 (Korea, IPKK, header ROM version 0)","포켓몬스터 소울실버 (Korea, IPGK, header ROM version 0)",/a/0/5/6,equal,511,511,,,73f3e67c2d0db972abfe8ed744917231cca39d83b4dfce182a9d3c616f1b4c56,73f3e67c2d0db972abfe8ed744917231cca39d83b4dfce182a9d3c616f1b4c56,16,16,,
"포켓몬스터 하트골드 (Korea, IPKK, header ROM version 0)","포켓몬스터 소울실버 (Korea, IPGK, header ROM version 0)",/a/0/5/6,equal,512,512,,,6e84343a0b04c420657a87e5f0eacd9810706985753426ed02b77d90bcdb82d7,6e84343a0b04c420657a87e5f0eacd9810706985753426ed02b77d90bcdb82d7,64,64,,
"포켓몬스터 하트골드 (Korea, IPKK, header ROM version 0)","포켓몬스터 소울실버 (Korea, IPGK, header ROM version 0)",/a/0/5/6,equal,513,513,,,f3c295a9441aae021b432044a3f67a2c376f7958da6b4ee7557f9db051036b9e,f3c295a9441aae021b432044a3f67a2c376f7958da6b4ee7557f9db051036b9e,32,32,,
"포켓몬스터 하트골드 (Korea, IPKK, header ROM version 0)","포켓몬스터 소울실버 (Korea, IPGK, header ROM version 0)",/a/0/5/6,equal,514,514,,,8644a4918e39a44110d7c3993801e63bccf9731f4f08a8dacf350029b83773e3,8644a4918e39a44110d7c3993801e63bccf9731f4f08a8dacf350029b83773e3,16,16,,
"포켓몬스터 하트골드 (Korea, IPKK, header ROM version 0)","포켓몬스터 소울실버 (Korea, IPGK, header ROM version 0)",/a/0/5/6,equal,515,515,,,ccd4b6bddfb80ba166b07b6a8a45ceee963572131f5143695bf10a199fcf9fe2,ccd4b6bddfb80ba166b07b6a8a45ceee963572131f5143695bf10a199fcf9fe2,16,16,,
"포켓몬스터 하트골드 (Korea, IPKK, header ROM version 0)","포켓몬스터 소울실버 (Korea, IPGK, header ROM version 0)",/a/0/5/6,equal,516,516,,,2be8cb8e0a3cfcc6c5574b4629ddb51eb888d4d667cf0933a43ac2d3b1c3a73a,2be8cb8e0a3cfcc6c5574b4629ddb51eb888d4d667cf0933a43ac2d3b1c3a73a,32,32,,
"포켓몬스터 하트골드 (Korea, IPKK, header ROM version 0)","포켓몬스터 소울실버 (Korea, IPGK, header ROM version 0)",/a/0/5/6,equal,517,517,,,c67ee87095b3126dae133609f62f05b3f16caa2de7991c7987a2eee639a46b62,c67ee87095b3126dae133609f62f05b3f16caa2de7991c7987a2eee639a46b62,48,48,,
"포켓몬스터 하트골드 (Korea, IPKK, header ROM version 0)","포켓몬스터 소울실버 (Korea, IPGK, header ROM version 0)",/a/0/5/6,equal,518,518,,,75019cc1da75395583a1d8764d6474450005c6c41b6fa8a0745829c810dce75e,75019cc1da75395583a1d8764d6474450005c6c41b6fa8a0745829c810dce75e,24,24,,
"포켓몬스터 하트골드 (Korea, IPKK, header ROM version 0)","포켓몬스터 소울실버 (Korea, IPGK, header ROM version 0)",/a/0/5/6,equal,519,519,,,64407281c3570854b924c495550aad6e7e693ae1c445a55fe310ba5611bd2b21,64407281c3570854b924c495550aad6e7e693ae1c445a55fe310ba5611bd2b21,48,48,,
"포켓몬스터 하트골드 (Korea, IPKK, header ROM version 0)","포켓몬스터 소울실버 (Korea, IPGK, header ROM version 0)",/a/0/5/6,equal,520,520,,,84a0211e7da224be246641a227ec04c62c520d524e1917d76903fbc86259639d,84a0211e7da224be246641a227ec04c62c520d524e1917d76903fbc86259639d,24,24,,
"포켓몬스터 하트골드 (Korea, IPKK, header ROM version 0)","포켓몬스터 소울실버 (Korea, IPGK, header ROM version 0)",/a/0/5/6,equal,521,521,,,6e0317d2be21bad53365bc77709027926510e33bafa951e705380706d593c8bd,6e0317d2be21bad53365bc77709027926510e33bafa951e705380706d593c8bd,48,48,,
"포켓몬스터 하트골드 (Korea, IPKK, header ROM version 0)","포켓몬스터 소울실버 (Korea, IPGK, header ROM version 0)",/a/0/5/6,equal,522,522,,,1f986114266ed2bd657ac26f0113a5c3fae206d3053150eff888d6b32abd1d11,1f986114266ed2bd657ac26f0113a5c3fae206d3053150eff888d6b32abd1d11,16,16,,
"포켓몬스터 하트골드 (Korea, IPKK, header ROM version 0)","포켓몬스터 소울실버 (Korea, IPGK, header ROM version 0)",/a/0/5/6,equal,523,523,,,9cf737ef690287fd2926347bcb2a91e39b22daefb17a17722e1a7cb7ae386399,9cf737ef690287fd2926347bcb2a91e39b22daefb17a17722e1a7cb7ae386399,24,24,,
"포켓몬스터 하트골드 (Korea, IPKK, header ROM version 0)","포켓몬스터 소울실버 (Korea, IPGK, header ROM version 0)",/a/0/5/6,equal,524,524,,,6d414ec2f067853420ff2642826aaf78c34fd1605ce57b7cc9240f71791633c8,6d414ec2f067853420ff2642826aaf78c34fd1605ce57b7cc9240f71791633c8,48,48,,
"포켓몬스터 하트골드 (Korea, IPKK, header ROM version 0)","포켓몬스터 소울실버 (Korea, IPGK, header ROM version 0)",/a/0/5/6,equal,525,525,,,a1506a8b39409636162842bd27eeb16832abdfcaf65aec0f212d04155a5d5fcb,a1506a8b39409636162842bd27eeb16832abdfcaf65aec0f212d04155a5d5fcb,32,32,,
"포켓몬스터 하트골드 (Korea, IPKK, header ROM version 0)","포켓몬스터 소울실버 (Korea, IPGK, header ROM version 0)",/a/0/5/6,equal,526,526,,,df30ba74308871f6045f6637b6c5bba822d97bdd42745fa1c8c696e45ed642ef,df30ba74308871f6045f6637b6c5bba822d97bdd42745fa1c8c696e45ed642ef,64,64,,
"포켓몬스터 하트골드 (Korea, IPKK, header ROM version 0)","포켓몬스터 소울실버 (Korea, IPGK, header ROM version 0)",/a/0/5/6,equal,527,527,,,801065d1379af9c99726ed2076aa8112f70efb8a368f1ce460f159cd832410c8,801065d1379af9c99726ed2076aa8112f70efb8a368f1ce460f159cd832410c8,64,64,,
"포켓몬스터 하트골드 (Korea, IPKK, header ROM version 0)","포켓몬스터 소울실버 (Korea, IPGK, header ROM version 0)",/a/0/5/6,equal,528,528,,,175ef03e5214d7ff5e54c51c44e11e01289136fedadb39bddbdd5294e02912b3,175ef03e5214d7ff5e54c51c44e11e01289136fedadb39bddbdd5294e02912b3,32,32,,
"포켓몬스터 하트골드 (Korea, IPKK, header ROM version 0)","포켓몬스터 소울실버 (Korea, IPGK, header ROM version 0)",/a/0/5/6,equal,529,529,,,917eb87f0e45d355318bab64b94ff04d066ee9e8796ae395c9c8b917e4e8a7c7,917eb87f0e45d355318bab64b94ff04d066ee9e8796ae395c9c8b917e4e8a7c7,32,32,,
"포켓몬스터 하트골드 (Korea, IPKK, header ROM version 0)","포켓몬스터 소울실버 (Korea, IPGK, header ROM version 0)",/a/0/5/6,equal,530,530,,,8c6a7355667a0fcb4a6e9373dfa57c33ec6756de4a221e02eb4b6942fb49f8d7,8c6a7355667a0fcb4a6e9373dfa57c33ec6756de4a221e02eb4b6942fb49f8d7,32,32,,
"포켓몬스터 하트골드 (Korea, IPKK, header ROM version 0)","포켓몬스터 소울실버 (Korea, IPGK, header ROM version 0)",/a/0/5/6,equal,531,531,,,ef92d8571945c96c08ae3a6b769e457840f246f9f7e65fe968e587a44c372257,ef92d8571945c96c08ae3a6b769e457840f246f9f7e65fe968e587a44c372257,32,32,,
"포켓몬스터 하트골드 (Korea, IPKK, header ROM version 0)","포켓몬스터 소울실버 (Korea, IPGK, header ROM version 0)",/a/0/5/6,equal,532,532,,,9a984e4209e8c66a30f094ca93f951fbcaed90c4d3d5916ab4df531ccd7c46cf,9a984e4209e8c66a30f094ca93f951fbcaed90c4d3d5916ab4df531ccd7c46cf,64,64,,
"포켓몬스터 하트골드 (Korea, IPKK, header ROM version 0)","포켓몬스터 소울실버 (Korea, IPGK, header ROM version 0)",/a/0/5/6,equal,533,533,,,1bdea0283074ee144d0e9232256aa9896a51163d42a833c94e569b15986c40f4,1bdea0283074ee144d0e9232256aa9896a51163d42a833c94e569b15986c40f4,16,16,,
"포켓몬스터 하트골드 (Korea, IPKK, header ROM version 0)","포켓몬스터 소울실버 (Korea, IPGK, header ROM version 0)",/a/0/5/6,equal,534,534,,,f55c239d8fee283fca50c5ee8c4a6871bbf99757136c025169c46a102ba7270b,f55c239d8fee283fca50c5ee8c4a6871bbf99757136c025169c46a102ba7270b,8,8,,
"포켓몬스터 하트골드 (Korea, IPKK, header ROM version 0)","포켓몬스터 소울실버 (Korea, IPGK, header ROM version 0)",/a/0/5/6,equal,535,535,,,5c0f67564c9406fe24c8bac147b8dab56a24807dda681ec548da20a13d491018,5c0f67564c9406fe24c8bac147b8dab56a24807dda681ec548da20a13d491018,8,8,,
"포켓몬스터 하트골드 (Korea, IPKK, header ROM version 0)","포켓몬스터 소울실버 (Korea, IPGK, header ROM version 0)",/a/0/5/6,equal,536,536,,,6a31b852c64dde846b7c7db3d43616dfee341c5974f16f8a1ead4164ccc34593,6a31b852c64dde846b7c7db3d43616dfee341c5974f16f8a1ead4164ccc34593,24,24,,
"포켓몬스터 하트골드 (Korea, IPKK, header ROM version 0)","포켓몬스터 소울실버 (Korea, IPGK, header ROM version 0)",/a/0/5/6,equal,537,537,,,0efcbb9d3cabcb9717dadb231a6f9fecfd9238dbd02898e33d12f1e0bf60c04f,0efcbb9d3cabcb9717dadb231a6f9fecfd9238dbd02898e33d12f1e0bf60c04f,16,16,,
"포켓몬스터 하트골드 (Korea, IPKK, header ROM version 0)","포켓몬스터 소울실버 (Korea, IPGK, header ROM version 0)",/a/0/5/6,equal,538,538,,,c3f650c3db6240c6b0e051f80bac4d33c0013e5c0af5ebe3951d7a0664db636c,c3f650c3db6240c6b0e051f80bac4d33c0013e5c0af5ebe3951d7a0664db636c,16,16,,
"포켓몬스터 하트골드 (Korea, IPKK, header ROM version 0)","포켓몬스터 소울실버 (Korea, IPGK, header ROM version 0)",/a/0/5/6,equal,539,539,,,29b3d37d09af2c480777cc8ab2ef47898fb0897bd718b61b007ea87daf20631b,29b3d37d09af2c480777cc8ab2ef47898fb0897bd718b61b007ea87daf20631b,16,16,,
"포켓몬스터 하트골드 (Korea, IPKK, header ROM version 0)","포켓몬스터 소울실버 (Korea, IPGK, header ROM version 0)",/a/0/5/6,equal,540,540,,,9d4ea9a6a4845083da75203d725f9a224bef2b0765e52afed7deaf2dbb2329dd,9d4ea9a6a4845083da75203d725f9a224bef2b0765e52afed7deaf2dbb2329dd,8,8,,
"포켓몬스터 하트골드 (Korea, IPKK, header ROM version 0)","포켓몬스터 소울실버 (Korea, IPGK, header ROM version 0)",/a/0/5/6,equal,541,541,,,f72d9807e0cc9e6b9dd5bf3cdda221ae2045c106e8e9bf8d7a56a7299fe3e8fd,f72d9807e0cc9e6b9dd5bf3cdda221ae2045c106e8e9bf8d7a56a7299fe3e8fd,8,8,,
"포켓몬스터 하트골드 (Korea, IPKK, header ROM version 0)","포켓몬스터 소울실버 (Korea, IPGK, header ROM version 0)",/a/0/5/6,equal,542,542,,,acfa19458f13f73c828296d3d358685f3f624e922d374521fbfa1b8d8cbfef39,acfa19458f13f73c828296d3d358685f3f624e922d374521fbfa1b8d8cbfef39,32,32,,
"포켓몬스터 하트골드 (Korea, IPKK, header ROM version 0)","포켓몬스터 소울실버 (Korea, IPGK, header ROM version 0)",/a/0/5/6,equal,543,543,,,cd534a2bd0f435f46bfe3f48d82e5d4f90f237f32233b82689f212e271de4363,cd534a2bd0f435f46bfe3f48d82e5d4f90f237f32233b82689f212e271de4363,32,32,,
"포켓몬스터 하트골드 (Korea, IPKK, header ROM version 0)","포켓몬스터 소울실버 (Korea, IPGK, header ROM version 0)",/a/0/5/6,equal,544,544,,,39d4d9f42356f7c8acb67b1062a85aa3c6ddbdc47aabc653e7799eee347526ad,39d4d9f42356f7c8acb67b1062a85aa3c6ddbdc47aabc653e7799eee347526ad,32,32,,
"포켓몬스터 하트골드 (Korea, IPKK, header ROM version 0)","포켓몬스터 소울실버 (Korea, IPGK, header ROM version 0)",/a/0/5/6,equal,545,545,,,66a54d7db10506a4946eecca4c5d9bb43809f037efb21b9d6f4b6ba18f45b629,66a54d7db10506a4946eecca4c5d9bb43809f037efb21b9d6f4b6ba18f45b629,36,36,,
"포켓몬스터 하트골드 (Korea, IPKK, header ROM version 0)","포켓몬스터 소울실버 (Korea, IPGK, header ROM version 0)",/a/0/5/6,equal,546,546,,,d0bc6af727c8e32a3f6d202ed93e5195dae612cb111c5d76d6651e4d7a7e8fb5,d0bc6af727c8e32a3f6d202ed93e5195dae612cb111c5d76d6651e4d7a7e8fb5,32,32,,
"포켓몬스터 하트골드 (Korea, IPKK, header ROM version 0)","포켓몬스터 소울실버 (Korea, IPGK, header ROM version 0)",/a/0/5/6,equal,547,547,,,7928dc886c0794e0da0901fa31b803c3f2123733c2bdd3644d8a787b6ca11598,7928dc886c0794e0da0901fa31b803c3f2123733c2bdd3644d8a787b6ca11598,24,24,,
"포켓몬스터 하트골드 (Korea, IPKK, header ROM version 0)","포켓몬스터 소울실버 (Korea, IPGK, header ROM version 0)",/a/0/5/6,equal,548,548,,,5828d67d45ff0266a9759b9401e7cb7524d33867219ceefbdf563f29e590602f,5828d67d45ff0266a9759b9401e7cb7524d33867219ceefbdf563f29e590602f,16,16,,
"포켓몬스터 하트골드 (Korea, IPKK, header ROM version 0)","포켓몬스터 소울실버 (Korea, IPGK, header ROM version 0)",/a/0/5/6,equal,549,549,,,bc582d620676415736beea630eec0c9a896dd3abb8afa3ca83c3a6d3063a67e6,bc582d620676415736beea630eec0c9a896dd3abb8afa3ca83c3a6d3063a67e6,32,32,,
"포켓몬스터 하트골드 (Korea, IPKK, header ROM version 0)","포켓몬스터 소울실버 (Korea, IPGK, header ROM version 0)",/a/0/5/6,equal,550,550,,,fe6422755237c0856e694a9a8ef2fb353acdaa8006199d49e6a07b22619a2907,fe6422755237c0856e694a9a8ef2fb353acdaa8006199d49e6a07b22619a2907,24,24,,
"포켓몬스터 하트골드 (Korea, IPKK, header ROM version 0)","포켓몬스터 소울실버 (Korea, IPGK, header ROM version 0)",/a/0/5/6,equal,551,551,,,f7587562d23bfe213695a03bd189aee3a8916b05c91c4eceebd66ce034a6a3e2,f7587562d23bfe213695a03bd189aee3a8916b05c91c4eceebd66ce034a6a3e2,16,16,,
"포켓몬스터 하트골드 (Korea, IPKK, header ROM version 0)","포켓몬스터 소울실버 (Korea, IPGK, header ROM version 0)",/a/0/5/6,equal,552,552,,,b38f83685dac408a9ad2407e970b319095fd78ec41f733756a73f3b1695eb556,b38f83685dac408a9ad2407e970b319095fd78ec41f733756a73f3b1695eb556,16,16,,
"포켓몬스터 하트골드 (Korea, IPKK, header ROM version 0)","포켓몬스터 소울실버 (Korea, IPGK, header ROM version 0)",/a/0/5/6,equal,553,553,,,73fa692fdeee0347a7105a534bed17fa469a8039d2df25f37602863bdf9048a3,73fa692fdeee0347a7105a534bed17fa469a8039d2df25f37602863bdf9048a3,16,16,,
"포켓몬스터 하트골드 (Korea, IPKK, header ROM version 0)","포켓몬스터 소울실버 (Korea, IPGK, header ROM version 0)",/a/0/5/6,equal,554,554,,,bd87e481ca9099211a3e54a8d555ff6cfbbe0f85c7d11bc29d2b0e58b29820b4,bd87e481ca9099211a3e54a8d555ff6cfbbe0f85c7d11bc29d2b0e58b29820b4,8,8,,
"포켓몬스터 하트골드 (Korea, IPKK, header ROM version 0)","포켓몬스터 소울실버 (Korea, IPGK, header ROM version 0)",/a/0/5/6,equal,555,555,,,b07e72c795a2943b4f6dea4dfee8df452cc9e4cf80e0f4193b76b7c97b800c1f,b07e72c795a2943b4f6dea4dfee8df452cc9e4cf80e0f4193b76b7c97b800c1f,16,16,,
"포켓몬스터 하트골드 (Korea, IPKK, header ROM version 0)","포켓몬스터 소울실버 (Korea, IPGK, header ROM version 0)",/a/0/5/6,equal,556,556,,,4f29caf86060e26a0f094d686e3198323579c6cba73675ab35541ba138217ed8,4f29caf86060e26a0f094d686e3198323579c6cba73675ab35541ba138217ed8,16,16,,
"포켓몬스터 하트골드 (Korea, IPKK, header ROM version 0)","포켓몬스터 소울실버 (Korea, IPGK, header ROM version 0)",/a/0/5/6,equal,557,557,,,38580c1a062e855bbc8d9dc12dfcfed1b112538cbf6a618572c5bc0a37f41524,38580c1a062e855bbc8d9dc12dfcfed1b112538cbf6a618572c5bc0a37f41524,32,32,,
"포켓몬스터 하트골드 (Korea, IPKK, header ROM version 0)","포켓몬스터 소울실버 (Korea, IPGK, header ROM version 0)",/a/0/5/6,equal,558,558,,,8fd37be779cca7833d3172bbd655ee26f6dbf04b36edde2c27672455b7bcf24b,8fd37be779cca7833d3172bbd655ee26f6dbf04b36edde2c27672455b7bcf24b,24,24,,
"포켓몬스터 하트골드 (Korea, IPKK, header ROM version 0)","포켓몬스터 소울실버 (Korea, IPGK, header ROM version 0)",/a/0/5/6,equal,559,559,,,0612d19c37793ad132772c49296e1de8c36d23b0c8035dcce3e499c1e2faf41f,0612d19c37793ad132772c49296e1de8c36d23b0c8035dcce3e499c1e2faf41f,16,16,,
"포켓몬스터 하트골드 (Korea, IPKK, header ROM version 0)","포켓몬스터 소울실버 (Korea, IPGK, header ROM version 0)",/a/0/5/6,equal,560,560,,,7ea30f06190c059c6bb9004e7223b283e6a445444ab121af3596483d30226e0f,7ea30f06190c059c6bb9004e7223b283e6a445444ab121af3596483d30226e0f,8,8,,
"포켓몬스터 하트골드 (Korea, IPKK, header ROM version 0)","포켓몬스터 소울실버 (Korea, IPGK, header ROM version 0)",/a/0/5/6,equal,561,561,,,e693f5f6cb3dfc7b63d9401c583d224921b4f8d99474db2226332b2d96277ab9,e693f5f6cb3dfc7b63d9401c583d224921b4f8d99474db2226332b2d96277ab9,8,8,,
"포켓몬스터 하트골드 (Korea, IPKK, header ROM version 0)","포켓몬스터 소울실버 (Korea, IPGK, header ROM version 0)",/a/0/5/6,equal,562,562,,,a8cc72a4c875021ea0c51a17a3185c30d89074730673440c83cf4839c61bbc6b,a8cc72a4c875021ea0c51a17a3185c30d89074730673440c83cf4839c61bbc6b,8,8,,
"포켓몬스터 하트골드 (Korea, IPKK, header ROM version 0)","포켓몬스터 소울실버 (Korea, IPGK, header ROM version 0)",/a/0/5/6,equal,563,563,,,8d8baa5c8aa62b03a62819bc7946856c29ff84801d5dd1dfef90aa1681e55ff5,8d8baa5c8aa62b03a62819bc7946856c29ff84801d5dd1dfef90aa1681e55ff5,8,8,,
"포켓몬스터 하트골드 (Korea, IPKK, header ROM version 0)","포켓몬스터 소울실버 (Korea, IPGK, header ROM version 0)",/a/0/5/6,equal,564,564,,,7757000cee3eb2754ae87f19dd899afa2999a297c90bef9c8d50f69fe4ced6a0,7757000cee3eb2754ae87f19dd899afa2999a297c90bef9c8d50f69fe4ced6a0,36,36,,
"포켓몬스터 하트골드 (Korea, IPKK, header ROM version 0)","포켓몬스터 소울실버 (Korea, IPGK, header ROM version 0)",/a/0/5/6,equal,565,565,,,506b80f9f82f46514d2a19205d6a920403f6de9f7dd01e5fc910af2673791eb9,506b80f9f82f46514d2a19205d6a920403f6de9f7dd01e5fc910af2673791eb9,8,8,,
"포켓몬스터 하트골드 (Korea, IPKK, header ROM version 0)","포켓몬스터 소울실버 (Korea, IPGK, header ROM version 0)",/a/0/5/6,equal,566,566,,,f9546a8ef7406c0e0b6664aa987b75de5de7c1257b3737338beb2d8e42427e55,f9546a8ef7406c0e0b6664aa987b75de5de7c1257b3737338beb2d8e42427e55,20,20,,
"포켓몬스터 하트골드 (Korea, IPKK, header ROM version 0)","포켓몬스터 소울실버 (Korea, IPGK, header ROM version 0)",/a/0/5/6,equal,567,567,,,fa45fd29e3b26fc1b8c0320a3acbfa9740476b8c8a0020e4b7f58353b156318d,fa45fd29e3b26fc1b8c0320a3acbfa9740476b8c8a0020e4b7f58353b156318d,16,16,,
"포켓몬스터 하트골드 (Korea, IPKK, header ROM version 0)","포켓몬스터 소울실버 (Korea, IPGK, header ROM version 0)",/a/0/5/6,equal,568,568,,,7b5e08d55ab8404cbb9c670eb4b8fa83ea6ef37c6955c96a364f0aa8cf1f65cf,7b5e08d55ab8404cbb9c670eb4b8fa83ea6ef37c6955c96a364f0aa8cf1f65cf,16,16,,
"포켓몬스터 하트골드 (Korea, IPKK, header ROM version 0)","포켓몬스터 소울실버 (Korea, IPGK, header ROM version 0)",/a/0/5/6,equal,569,569,,,1c3cea2dd834fe2069a992d91db5d5d3b125564fe0c14a4b262a7a7ae427a9d2,1c3cea2dd834fe2069a992d91db5d5d3b125564fe0c14a4b262a7a7ae427a9d2,32,32,,
"포켓몬스터 하트골드 (Korea, IPKK, header ROM version 0)","포켓몬스터 소울실버 (Korea, IPGK, header ROM version 0)",/a/0/5/6,equal,570,570,,,04ff437ad267dec179f7b840482c3db9a678ee70527de10cd3842e9b82a5d36e,04ff437ad267dec179f7b840482c3db9a678ee70527de10cd3842e9b82a5d36e,16,16,,
"포켓몬스터 하트골드 (Korea, IPKK, header ROM version 0)","포켓몬스터 소울실버 (Korea, IPGK, header ROM version 0)",/a/0/5/6,equal,571,571,,,cca75669661fa4394d770a4a558eb544b2a183e0947aaa2df4d71510fbbbd89b,cca75669661fa4394d770a4a558eb544b2a183e0947aaa2df4d71510fbbbd89b,16,16,,
"포켓몬스터 하트골드 (Korea, IPKK, header ROM version 0)","포켓몬스터 소울실버 (Korea, IPGK, header ROM version 0)",/a/0/5/6,equal,572,572,,,d60202aa38b5cf46ceadc177b024d512e827f5de4b8ba893b922e1d36e1f96c6,d60202aa38b5cf46ceadc177b024d512e827f5de4b8ba893b922e1d36e1f96c6,12,12,,
"포켓몬스터 하트골드 (Korea, IPKK, header ROM version 0)","포켓몬스터 소울실버 (Korea, IPGK, header ROM version 0)",/a/0/5/6,equal,573,573,,,65d2244a7a43e7dabc713780b79abcdb296942f2911506dcc52bc7580741d524,65d2244a7a43e7dabc713780b79abcdb296942f2911506dcc52bc7580741d524,16,16,,
"포켓몬스터 하트골드 (Korea, IPKK, header ROM version 0)","포켓몬스터 소울실버 (Korea, IPGK, header ROM version 0)",/a/0/5/6,equal,574,574,,,2ed221b140814c068f0c4867504b92a7e4d5d38261175eba69167177db5b6661,2ed221b140814c068f0c4867504b92a7e4d5d38261175eba69167177db5b6661,8,8,,
"포켓몬스터 하트골드 (Korea, IPKK, header ROM version 0)","포켓몬스터 소울실버 (Korea, IPGK, header ROM version 0)",/a/0/5/6,equal,575,575,,,ce1a81fcf54e64d4e5e32018653454c91140bdb76c4a356d8d55e3d32bf4e668,ce1a81fcf54e64d4e5e32018653454c91140bdb76c4a356d8d55e3d32bf4e668,24,24,,
"포켓몬스터 하트골드 (Korea, IPKK, header ROM version 0)","포켓몬스터 소울실버 (Korea, IPGK, header ROM version 0)",/a/0/5/6,equal,576,576,,,89306e93b7bd0091a15dcfc9de3dc173d9d7e31b24abb039f7d6857a13bd2745,89306e93b7bd0091a15dcfc9de3dc173d9d7e31b24abb039f7d6857a13bd2745,8,8,,
"포켓몬스터 하트골드 (Korea, IPKK, header ROM version 0)","포켓몬스터 소울실버 (Korea, IPGK, header ROM version 0)",/a/0/5/6,equal,577,577,,,483dbcfa39529ff33cb18af836f423e2342cb12c95df8c232e06738a547063d9,483dbcfa39529ff33cb18af836f423e2342cb12c95df8c232e06738a547063d9,8,8,,
"포켓몬스터 하트골드 (Korea, IPKK, header ROM version 0)","포켓몬스터 소울실버 (Korea, IPGK, header ROM version 0)",/a/0/5/6,equal,578,578,,,3efd5fcdcac9bb8684ce7b94977d0085b040024b2e056e594c2e22c399259b80,3efd5fcdcac9bb8684ce7b94977d0085b040024b2e056e594c2e22c399259b80,8,8,,
"포켓몬스터 하트골드 (Korea, IPKK, header ROM version 0)","포켓몬스터 소울실버 (Korea, IPGK, header ROM version 0)",/a/0/5/6,equal,579,579,,,6f9683a55f4ec7b3b0dbaf4059ab2c4f8f7174fa16d492b397ca0cbbe3f1a63e,6f9683a55f4ec7b3b0dbaf4059ab2c4f8f7174fa16d492b397ca0cbbe3f1a63e,16,16,,
"포켓몬스터 하트골드 (Korea, IPKK, header ROM version 0)","포켓몬스터 소울실버 (Korea, IPGK, header ROM version 0)",/a/0/5/6,equal,580,580,,,10d524b729df849c20a519d4e4c5036e17ff6e3d29e22b107e8c1e6bef7d561b,10d524b729df849c20a519d4e4c5036e17ff6e3d29e22b107e8c1e6bef7d561b,20,20,,
"포켓몬스터 하트골드 (Korea, IPKK, header ROM version 0)","포켓몬스터 소울실버 (Korea, IPGK, header ROM version 0)",/a/0/5/6,equal,581,581,,,d2f6a16eb7090b8eac7e16208f5b2cac79f044dfdf2b9129b5c3084998bc68e7,d2f6a16eb7090b8eac7e16208f5b2cac79f044dfdf2b9129b5c3084998bc68e7,8,8,,
"포켓몬스터 하트골드 (Korea, IPKK, header ROM version 0)","포켓몬스터 소울실버 (Korea, IPGK, header ROM version 0)",/a/0/5/6,equal,582,582,,,ef8d4939bb8ae428366514a0d78ceb9d32a10ec4b54afdb36ed4fbc680db6e03,ef8d4939bb8ae428366514a0d78ceb9d32a10ec4b54afdb36ed4fbc680db6e03,8,8,,
"포켓몬스터 하트골드 (Korea, IPKK, header ROM version 0)","포켓몬스터 소울실버 (Korea, IPGK, header ROM version 0)",/a/0/5/6,equal,583,583,,,9caafde93873eb6cc2bf94a3d5ec426a53cd6a644251b399f5a898a9d37e3c23,9caafde93873eb6cc2bf94a3d5ec426a53cd6a644251b399f5a898a9d37e3c23,16,16,,
"포켓몬스터 하트골드 (Korea, IPKK, header ROM version 0)","포켓몬스터 소울실버 (Korea, IPGK, header ROM version 0)",/a/0/5/6,equal,584,584,,,4b2c3137a24ef330c07e1e9e0b6e57baee5d2f613d806905519c14046d977441,4b2c3137a24ef330c07e1e9e0b6e57baee5d2f613d806905519c14046d977441,8,8,,
"포켓몬스터 하트골드 (Korea, IPKK, header ROM version 0)","포켓몬스터 소울실버 (Korea, IPGK, header ROM version 0)",/a/0/5/6,equal,585,585,,,3c279e90d8e96928fa91d0bcc2e8d4b0c7cf9701fa6704c8a7c09a203d93d59e,3c279e90d8e96928fa91d0bcc2e8d4b0c7cf9701fa6704c8a7c09a203d93d59e,16,16,,
"포켓몬스터 하트골드 (Korea, IPKK, header ROM version 0)","포켓몬스터 소울실버 (Korea, IPGK, header ROM version 0)",/a/0/5/6,equal,586,586,,,a6044886ce8088aa825f1197a35ac3a0673bd7a4de905f4933c8ba7d8a76955e,a6044886ce8088aa825f1197a35ac3a0673bd7a4de905f4933c8ba7d8a76955e,16,16,,
"포켓몬스터 하트골드 (Korea, IPKK, header ROM version 0)","포켓몬스터 소울실버 (Korea, IPGK, header ROM version 0)",/a/0/5/6,equal,587,587,,,c16b6c7077fe36b6ccc8cf9bf24b7a77e85d588058dbd23be4368edff692566d,c16b6c7077fe36b6ccc8cf9bf24b7a77e85d588058dbd23be4368edff692566d,8,8,,
"포켓몬스터 하트골드 (Korea, IPKK, header ROM version 0)","포켓몬스터 소울실버 (Korea, IPGK, header ROM version 0)",/a/0/5/6,equal,588,588,,,b12a2bc2cebf6ccea25842caa5d44fd8837d1ef1d003db1ad4ca879bdbeab4b6,b12a2bc2cebf6ccea25842caa5d44fd8837d1ef1d003db1ad4ca879bdbeab4b6,24,24,,
"포켓몬스터 하트골드 (Korea, IPKK, header ROM version 0)","포켓몬스터 소울실버 (Korea, IPGK, header ROM version 0)",/a/0/5/6,equal,589,589,,,3f7a20dca16a80d104bf75a8453c5bcea8ba35ec87916149c5423c690dd8067a,3f7a20dca16a80d104bf75a8453c5bcea8ba35ec87916149c5423c690dd8067a,32,32,,
"포켓몬스터 하트골드 (Korea, IPKK, header ROM version 0)","포켓몬스터 소울실버 (Korea, IPGK, header ROM version 0)",/a/0/5/6,equal,590,590,,,44947bed82e6097d8731a1dc446a6a1b2845d023511d2dc1e45d6e1233d2aebc,44947bed82e6097d8731a1dc446a6a1b2845d023511d2dc1e45d6e1233d2aebc,8,8,,
"포켓몬스터 하트골드 (Korea, IPKK, header ROM version 0)","포켓몬스터 소울실버 (Korea, IPGK, header ROM version 0)",/a/0/5/6,equal,591,591,,,da13fd2c39bfb1b0f2ea62bb92e841a07469e03f6e61bb30ecc78fece7d12a95,da13fd2c39bfb1b0f2ea62bb92e841a07469e03f6e61bb30ecc78fece7d12a95,32,32,,
"포켓몬스터 하트골드 (Korea, IPKK, header ROM version 0)","포켓몬스터 소울실버 (Korea, IPGK, header ROM version 0)",/a/0/5/6,equal,592,592,,,8f58f542bdc6117d465287b6440f1ecdeb6f200ccd5b024c76037d10a21b0850,8f58f542bdc6117d465287b6440f1ecdeb6f200ccd5b024c76037d10a21b0850,16,16,,
"포켓몬스터 하트골드 (Korea, IPKK, header ROM version 0)","포켓몬스터 소울실버 (Korea, IPGK, header ROM version 0)",/a/0/5/6,equal,593,593,,,e308feeef6c2a59688e07654e00a9ae001bd621f156a5fc6412cd23e947bae98,e308feeef6c2a59688e07654e00a9ae001bd621f156a5fc6412cd23e947bae98,8,8,,
"포켓몬스터 하트골드 (Korea, IPKK, header ROM version 0)","포켓몬스터 소울실버 (Korea, IPGK, header ROM version 0)",/a/0/5/6,equal,594,594,,,82d6e8aaa220a2768d57178e45a5f6b19a4b5daaa628020c2657dc19789580b7,82d6e8aaa220a2768d57178e45a5f6b19a4b5daaa628020c2657dc19789580b7,16,16,,
"포켓몬스터 하트골드 (Korea, IPKK, header ROM version 0)","포켓몬스터 소울실버 (Korea, IPGK, header ROM version 0)",/a/0/5/6,equal,595,595,,,3506f6aba39edfb8e7f5e0b900b81ae4380ca7188bc5fb6f9e6fdd5fa1d223b7,3506f6aba39edfb8e7f5e0b900b81ae4380ca7188bc5fb6f9e6fdd5fa1d223b7,16,16,,
"포켓몬스터 하트골드 (Korea, IPKK, header ROM version 0)","포켓몬스터 소울실버 (Korea, IPGK, header ROM version 0)",/a/0/5/6,equal,596,596,,,0b8a29f83caa6902a22999be740f8adf28a87868c1fb47d085a84f80c89c4b50,0b8a29f83caa6902a22999be740f8adf28a87868c1fb47d085a84f80c89c4b50,24,24,,
"포켓몬스터 하트골드 (Korea, IPKK, header ROM version 0)","포켓몬스터 소울실버 (Korea, IPGK, header ROM version 0)",/a/0/5/6,equal,597,597,,,d7e013736bfeee6d50412f1bc97e860ed0551089ceff6e1d6029e571e1a908a0,d7e013736bfeee6d50412f1bc97e860ed0551089ceff6e1d6029e571e1a908a0,32,32,,
"포켓몬스터 하트골드 (Korea, IPKK, header ROM version 0)","포켓몬스터 소울실버 (Korea, IPGK, header ROM version 0)",/a/0/5/6,equal,598,598,,,5e481fdbd05d7594b3f014eaab9b930cb7c0fabfafbd537c5ee215ead7c71c7b,5e481fdbd05d7594b3f014eaab9b930cb7c0fabfafbd537c5ee215ead7c71c7b,16,16,,
"포켓몬스터 하트골드 (Korea, IPKK, header ROM version 0)","포켓몬스터 소울실버 (Korea, IPGK, header ROM version 0)",/a/0/5/6,equal,599,599,,,8887c9b74910b0069bdb8cada4651accc227646033f26e29c28d519565ddb040,8887c9b74910b0069bdb8cada4651accc227646033f26e29c28d519565ddb040,8,8,,
"포켓몬스터 하트골드 (Korea, IPKK, header ROM version 0)","포켓몬스터 소울실버 (Korea, IPGK, header ROM version 0)",/a/0/5/6,equal,600,600,,,7e89082d784cef6d5b6f2f92238f24a538f79206957b7652b3e6323068b29b9c,7e89082d784cef6d5b6f2f92238f24a538f79206957b7652b3e6323068b29b9c,8,8,,
"포켓몬스터 하트골드 (Korea, IPKK, header ROM version 0)","포켓몬스터 소울실버 (Korea, IPGK, header ROM version 0)",/a/0/5/6,equal,601,601,,,ba5645a6fe00d08f87855190062aa54cd2ae5fbfe8ddcd5f2c07e792786c56e1,ba5645a6fe00d08f87855190062aa54cd2ae5fbfe8ddcd5f2c07e792786c56e1,8,8,,
"포켓몬스터 하트골드 (Korea, IPKK, header ROM version 0)","포켓몬스터 소울실버 (Korea, IPGK, header ROM version 0)",/a/0/5/6,equal,602,602,,,aefc912ddae94dfa5ef421a16df3897778fe19042ed063253043a6f7a63d5610,aefc912ddae94dfa5ef421a16df3897778fe19042ed063253043a6f7a63d5610,24,24,,
"포켓몬스터 하트골드 (Korea, IPKK, header ROM version 0)","포켓몬스터 소울실버 (Korea, IPGK, header ROM version 0)",/a/0/5/6,equal,603,603,,,61c4af6c969804ed7589f34b0cc7dec963504790b20b66f0ca2eed9b5d28ccde,61c4af6c969804ed7589f34b0cc7dec963504790b20b66f0ca2eed9b5d28ccde,32,32,,
"포켓몬스터 하트골드 (Korea, IPKK, header ROM version 0)","포켓몬스터 소울실버 (Korea, IPGK, header ROM version 0)",/a/0/5/6,equal,604,604,,,a91e3e0d345ed435075d21670b5ce5d19662e4aed09ce6988a393f6f7c2b9221,a91e3e0d345ed435075d21670b5ce5d19662e4aed09ce6988a393f6f7c2b9221,48,48,,
"포켓몬스터 하트골드 (Korea, IPKK, header ROM version 0)","포켓몬스터 소울실버 (Korea, IPGK, header ROM version 0)",/a/0/5/6,equal,605,605,,,f22a6a851e269513a2a02daf64088b89b3fd54b486c3a05bfcd8d60c55676ba6,f22a6a851e269513a2a02daf64088b89b3fd54b486c3a05bfcd8d60c55676ba6,32,32,,
"포켓몬스터 하트골드 (Korea, IPKK, header ROM version 0)","포켓몬스터 소울실버 (Korea, IPGK, header ROM version 0)",/a/0/5/6,equal,606,606,,,629afb3c29d1fa5f8b5a09936677a0e0e01dc3a39bb81b41511639c23f9d43a2,629afb3c29d1fa5f8b5a09936677a0e0e01dc3a39bb81b41511639c23f9d43a2,16,16,,
"포켓몬스터 하트골드 (Korea, IPKK, header ROM version 0)","포켓몬스터 소울실버 (Korea, IPGK, header ROM version 0)",/a/0/5/6,equal,607,607,,,8e5f1ebc8f5be70f02f50d4c658e2d4b6aef17a6515880b4fdc40d1462b894c4,8e5f1ebc8f5be70f02f50d4c658e2d4b6aef17a6515880b4fdc40d1462b894c4,48,48,,
"포켓몬스터 하트골드 (Korea, IPKK, header ROM version 0)","포켓몬스터 소울실버 (Korea, IPGK, header ROM version 0)",/a/0/5/6,equal,608,608,,,4acbde63333cbe0f6078f6f2645c98f9bd29dde35ef349ded516b44f1dc8096a,4acbde63333cbe0f6078f6f2645c98f9bd29dde35ef349ded516b44f1dc8096a,24,24,,
"포켓몬스터 하트골드 (Korea, IPKK, header ROM version 0)","포켓몬스터 소울실버 (Korea, IPGK, header ROM version 0)",/a/0/5/6,equal,609,609,,,219d7478eee780bc5b78608d155ffc1b19e19f41c7c71b19dba86ba27248d429,219d7478eee780bc5b78608d155ffc1b19e19f41c7c71b19dba86ba27248d429,32,32,,
"포켓몬스터 하트골드 (Korea, IPKK, header ROM version 0)","포켓몬스터 소울실버 (Korea, IPGK, header ROM version 0)",/a/0/5/6,equal,610,610,,,b6ccbbd82c5d41c0edf4240777509708aa1678e3c4504c52a2d40aa31e3ab3fc,b6ccbbd82c5d41c0edf4240777509708aa1678e3c4504c52a2d40aa31e3ab3fc,32,32,,
"포켓몬스터 하트골드 (Korea, IPKK, header ROM version 0)","포켓몬스터 소울실버 (Korea, IPGK, header ROM version 0)",/a/0/5/6,equal,611,611,,,0f8ef9731e9ac230b6129ff7fccfd234529b9ec19644451db4e1bd99d9ca2481,0f8ef9731e9ac230b6129ff7fccfd234529b9ec19644451db4e1bd99d9ca2481,8,8,,
"포켓몬스터 하트골드 (Korea, IPKK, header ROM version 0)","포켓몬스터 소울실버 (Korea, IPGK, header ROM version 0)",/a/0/5/6,equal,612,612,,,3b8c41ea35e0e06dfdc479b89216ae7cbd195e6ee9dd8c87f53fd460c1ed9eda,3b8c41ea35e0e06dfdc479b89216ae7cbd195e6ee9dd8c87f53fd460c1ed9eda,24,24,,
"포켓몬스터 하트골드 (Korea, IPKK, header ROM version 0)","포켓몬스터 소울실버 (Korea, IPGK, header ROM version 0)",/a/0/5/6,equal,613,613,,,c6aed8a0a3bfa510e9cdc2cdd7025ece0af09e01a5122f710922903f687fc70f,c6aed8a0a3bfa510e9cdc2cdd7025ece0af09e01a5122f710922903f687fc70f,16,16,,
"포켓몬스터 하트골드 (Korea, IPKK, header ROM version 0)","포켓몬스터 소울실버 (Korea, IPGK, header ROM version 0)",/a/0/5/6,equal,614,614,,,df3c1e5e92f1d9b02eb266bcc4f9706ad4ac19eb35b81153894a3e816f3f75e6,df3c1e5e92f1d9b02eb266bcc4f9706ad4ac19eb35b81153894a3e816f3f75e6,16,16,,
"포켓몬스터 하트골드 (Korea, IPKK, header ROM version 0)","포켓몬스터 소울실버 (Korea, IPGK, header ROM version 0)",/a/0/5/6,equal,615,615,,,8022fdbbefc15eab26a34eff743bcf9c440585500e0c10451d86c0589af52127,8022fdbbefc15eab26a34eff743bcf9c440585500e0c10451d86c0589af52127,16,16,,
"포켓몬스터 하트골드 (Korea, IPKK, header ROM version 0)","포켓몬스터 소울실버 (Korea, IPGK, header ROM version 0)",/a/0/5/6,equal,616,616,,,ca0b898bbcd486faec5d49a58da737e194f5d8bbfdc0906aba7ba5801ff2df57,ca0b898bbcd486faec5d49a58da737e194f5d8bbfdc0906aba7ba5801ff2df57,16,16,,
"포켓몬스터 하트골드 (Korea, IPKK, header ROM version 0)","포켓몬스터 소울실버 (Korea, IPGK, header ROM version 0)",/a/0/5/6,equal,617,617,,,222fb36daccc929bbdb270979cb692ba1623e9fa4c3b0635ea41bb476805bae8,222fb36daccc929bbdb270979cb692ba1623e9fa4c3b0635ea41bb476805bae8,16,16,,
"포켓몬스터 하트골드 (Korea, IPKK, header ROM version 0)","포켓몬스터 소울실버 (Korea, IPGK, header ROM version 0)",/a/0/5/6,equal,618,618,,,e47492d480c8c2399b987a625f35c8510c4160f0938c8f1e9b62c393bbfa139b,e47492d480c8c2399b987a625f35c8510c4160f0938c8f1e9b62c393bbfa139b,16,16,,
"포켓몬스터 하트골드 (Korea, IPKK, header ROM version 0)","포켓몬스터 소울실버 (Korea, IPGK, header ROM version 0)",/a/0/5/6,equal,619,619,,,30beaafabc6e744df6b58aa6130ae14b1e4fc1dfb2a92d80df454a03bb3e4b98,30beaafabc6e744df6b58aa6130ae14b1e4fc1dfb2a92d80df454a03bb3e4b98,16,16,,
"포켓몬스터 하트골드 (Korea, IPKK, header ROM version 0)","포켓몬스터 소울실버 (Korea, IPGK, header ROM version 0)",/a/0/5/6,equal,620,620,,,40dd0fd76198278e70fa374d87fffabee98ebf8bdd5ce2cd9948a466f4f95098,40dd0fd76198278e70fa374d87fffabee98ebf8bdd5ce2cd9948a466f4f95098,16,16,,
"포켓몬스터 하트골드 (Korea, IPKK, header ROM version 0)","포켓몬스터 소울실버 (Korea, IPGK, header ROM version 0)",/a/0/5/6,equal,621,621,,,b8b414455105ace3dceaccbd5f917fc897b1f152c91847452160e91b5a375a0d,b8b414455105ace3dceaccbd5f917fc897b1f152c91847452160e91b5a375a0d,24,24,,
"포켓몬스터 하트골드 (Korea, IPKK, header ROM version 0)","포켓몬스터 소울실버 (Korea, IPGK, header ROM version 0)",/a/0/5/6,equal,622,622,,,50dadce6c777fcf075fd34a83cf6b127edd7d35d7b0ce46ca7b6986be771ac7b,50dadce6c777fcf075fd34a83cf6b127edd7d35d7b0ce46ca7b6986be771ac7b,16,16,,
"포켓몬스터 하트골드 (Korea, IPKK, header ROM version 0)","포켓몬스터 소울실버 (Korea, IPGK, header ROM version 0)",/a/0/5/6,equal,623,623,,,9a96035d00be3a29c32732971b8f9a02afe60b49928d813a26246160ff8422c6,9a96035d00be3a29c32732971b8f9a02afe60b49928d813a26246160ff8422c6,16,16,,
"포켓몬스터 하트골드 (Korea, IPKK, header ROM version 0)","포켓몬스터 소울실버 (Korea, IPGK, header ROM version 0)",/a/0/5/6,equal,624,624,,,4fa223606497b2d529cf26fbdeb023cc3259e13c66152cb8b9a093fbd9f602b2,4fa223606497b2d529cf26fbdeb023cc3259e13c66152cb8b9a093fbd9f602b2,16,16,,
"포켓몬스터 하트골드 (Korea, IPKK, header ROM version 0)","포켓몬스터 소울실버 (Korea, IPGK, header ROM version 0)",/a/0/5/6,equal,625,625,,,e7524b5ba863c5d38433a91855dc52590984257e770227eb17bba76279dfc0a4,e7524b5ba863c5d38433a91855dc52590984257e770227eb17bba76279dfc0a4,16,16,,
"포켓몬스터 하트골드 (Korea, IPKK, header ROM version 0)","포켓몬스터 소울실버 (Korea, IPGK, header ROM version 0)",/a/0/5/6,equal,626,626,,,bb679e9f6af79ed8775c5b6d0e59b4ab9dff7d8155702c8a1b060cac649ac1b0,bb679e9f6af79ed8775c5b6d0e59b4ab9dff7d8155702c8a1b060cac649ac1b0,16,16,,
"포켓몬스터 하트골드 (Korea, IPKK, header ROM version 0)","포켓몬스터 소울실버 (Korea, IPGK, header ROM version 0)",/a/0/5/6,equal,627,627,,,82f16c9b74fd19ca7cc99015f39886c92852a6409b870906b9d94d8ce0d48c76,82f16c9b74fd19ca7cc99015f39886c92852a6409b870906b9d94d8ce0d48c76,16,16,,
"포켓몬스터 하트골드 (Korea, IPKK, header ROM version 0)","포켓몬스터 소울실버 (Korea, IPGK, header ROM version 0)",/a/0/5/6,equal,628,628,,,fb6bbeded3b5c5659761b17577392385154ee6bcd0743637b64344bbb85aef6e,fb6bbeded3b5c5659761b17577392385154ee6bcd0743637b64344bbb85aef6e,32,32,,
"포켓몬스터 하트골드 (Korea, IPKK, header ROM version 0)","포켓몬스터 소울실버 (Korea, IPGK, header ROM version 0)",/a/0/5/6,equal,629,629,,,d14fb3b3eaf74aa5b15283807552a0857d4332fab58a24d5308cf5e577504725,d14fb3b3eaf74aa5b15283807552a0857d4332fab58a24d5308cf5e577504725,32,32,,
"포켓몬스터 하트골드 (Korea, IPKK, header ROM version 0)","포켓몬스터 소울실버 (Korea, IPGK, header ROM version 0)",/a/0/5/6,equal,630,630,,,76de60bca009e3b6aa3b5abfe389b6124a98869afe271b00d3e4d29d6b4e018b,76de60bca009e3b6aa3b5abfe389b6124a98869afe271b00d3e4d29d6b4e018b,32,32,,
"포켓몬스터 하트골드 (Korea, IPKK, header ROM version 0)","포켓몬스터 소울실버 (Korea, IPGK, header ROM version 0)",/a/0/5/6,equal,631,631,,,cd958efdcd38c6640b9aa5b5e84d52ccccc794ff3698fa2ac285f7ba13b0ff43,cd958efdcd38c6640b9aa5b5e84d52ccccc794ff3698fa2ac285f7ba13b0ff43,16,16,,
"포켓몬스터 하트골드 (Korea, IPKK, header ROM version 0)","포켓몬스터 소울실버 (Korea, IPGK, header ROM version 0)",/a/0/5/6,equal,632,632,,,8082ba7ba14ec0a008549109ee454c2b6bf171ce0a6c3da014f111b19b966b23,8082ba7ba14ec0a008549109ee454c2b6bf171ce0a6c3da014f111b19b966b23,16,16,,
"포켓몬스터 하트골드 (Korea, IPKK, header ROM version 0)","포켓몬스터 소울실버 (Korea, IPGK, header ROM version 0)",/a/0/5/6,equal,633,633,,,fe1292fbb4f45e9ce4bdeb3b31fac60de225629fde4bfe145be9508c22596b64,fe1292fbb4f45e9ce4bdeb3b31fac60de225629fde4bfe145be9508c22596b64,24,24,,
"포켓몬스터 하트골드 (Korea, IPKK, header ROM version 0)","포켓몬스터 소울실버 (Korea, IPGK, header ROM version 0)",/a/0/5/6,equal,634,634,,,c7459f874fd9a8e14fb424fdffb149aa565fa7c1c6e16a30f1a55eabb6e7958a,c7459f874fd9a8e14fb424fdffb149aa565fa7c1c6e16a30f1a55eabb6e7958a,16,16,,
"포켓몬스터 하트골드 (Korea, IPKK, header ROM version 0)","포켓몬스터 소울실버 (Korea, IPGK, header ROM version 0)",/a/0/5/6,equal,635,635,,,79afbd90ff2f4c766bae6496e9f09b9aff4f00cd61179452c46e3e496b862b02,79afbd90ff2f4c766bae6496e9f09b9aff4f00cd61179452c46e3e496b862b02,16,16,,
"포켓몬스터 하트골드 (Korea, IPKK, header ROM version 0)","포켓몬스터 소울실버 (Korea, IPGK, header ROM version 0)",/a/0/5/6,equal,636,636,,,e256569b44085fb5f14068e794baa28ae809778da3480b3618aa66ba380429eb,e256569b44085fb5f14068e794baa28ae809778da3480b3618aa66ba380429eb,16,16,,
"포켓몬스터 하트골드 (Korea, IPKK, header ROM version 0)","포켓몬스터 소울실버 (Korea, IPGK, header ROM version 0)",/a/0/5/6,equal,637,637,,,5b81a6ddac1c71e16150d06ce0e103bd888bace10df94a6725bce1bd42727bf5,5b81a6ddac1c71e16150d06ce0e103bd888bace10df94a6725bce1bd42727bf5,16,16,,
"포켓몬스터 하트골드 (Korea, IPKK, header ROM version 0)","포켓몬스터 소울실버 (Korea, IPGK, header ROM version 0)",/a/0/5/6,equal,638,638,,,af3732d67da8f738aa8b38464a68c84712f36040551c578dec84f1bc1b77f94e,af3732d67da8f738aa8b38464a68c84712f36040551c578dec84f1bc1b77f94e,16,16,,
"포켓몬스터 하트골드 (Korea, IPKK, header ROM version 0)","포켓몬스터 소울실버 (Korea, IPGK, header ROM version 0)",/a/0/5/6,equal,639,639,,,8689d12c0e88997203e196784b0bc4f24b0d1a8da016abff157d731a1111be2b,8689d12c0e88997203e196784b0bc4f24b0d1a8da016abff157d731a1111be2b,16,16,,
"포켓몬스터 하트골드 (Korea, IPKK, header ROM version 0)","포켓몬스터 소울실버 (Korea, IPGK, header ROM version 0)",/a/0/5/6,equal,640,640,,,6f8815958c09f860aeccf49ae4b23108b15061329fcf0d619be8a9364da7fc60,6f8815958c09f860aeccf49ae4b23108b15061329fcf0d619be8a9364da7fc60,24,24,,
"포켓몬스터 하트골드 (Korea, IPKK, header ROM version 0)","포켓몬스터 소울실버 (Korea, IPGK, header ROM version 0)",/a/0/5/6,equal,641,641,,,190a9d099af694c8c66db947e8d63c9dded22db549381ddfc92047809af228df,190a9d099af694c8c66db947e8d63c9dded22db549381ddfc92047809af228df,24,24,,
"포켓몬스터 하트골드 (Korea, IPKK, header ROM version 0)","포켓몬스터 소울실버 (Korea, IPGK, header ROM version 0)",/a/0/5/6,equal,642,642,,,47692742baf08d20c6175b9add664f355cce3365ac571df021557a289e9d3578,47692742baf08d20c6175b9add664f355cce3365ac571df021557a289e9d3578,64,64,,
"포켓몬스터 하트골드 (Korea, IPKK, header ROM version 0)","포켓몬스터 소울실버 (Korea, IPGK, header ROM version 0)",/a/0/5/6,equal,643,643,,,83c7cfa63762027316049d909f489caa674cd8e2147af93d7c13db6695375ae7,83c7cfa63762027316049d909f489caa674cd8e2147af93d7c13db6695375ae7,32,32,,
"포켓몬스터 하트골드 (Korea, IPKK, header ROM version 0)","포켓몬스터 소울실버 (Korea, IPGK, header ROM version 0)",/a/0/5/6,equal,644,644,,,bff2aee531aa8c7aee821b77826ffff5b1c328a7706b4a34f24d720e3280a59a,bff2aee531aa8c7aee821b77826ffff5b1c328a7706b4a34f24d720e3280a59a,32,32,,
"포켓몬스터 하트골드 (Korea, IPKK, header ROM version 0)","포켓몬스터 소울실버 (Korea, IPGK, header ROM version 0)",/a/0/5/6,equal,645,645,,,7a7de5bb01cc3ecc7877f7b05cf99fa0aab57fc8895c421fbc95e814971e831c,7a7de5bb01cc3ecc7877f7b05cf99fa0aab57fc8895c421fbc95e814971e831c,32,32,,
"포켓몬스터 하트골드 (Korea, IPKK, header ROM version 0)","포켓몬스터 소울실버 (Korea, IPGK, header ROM version 0)",/a/0/5/6,equal,646,646,,,b769b5fadffe6b66b8510aaa2e147bab1b98c430eb07d9133ac80fe5502185db,b769b5fadffe6b66b8510aaa2e147bab1b98c430eb07d9133ac80fe5502185db,16,16,,
"포켓몬스터 하트골드 (Korea, IPKK, header ROM version 0)","포켓몬스터 소울실버 (Korea, IPGK, header ROM version 0)",/a/0/5/6,equal,647,647,,,c8f9be9734afb479fc29450a92c0315d4d69522f8b341536f048f0c552c340fe,c8f9be9734afb479fc29450a92c0315d4d69522f8b341536f048f0c552c340fe,16,16,,
"포켓몬스터 하트골드 (Korea, IPKK, header ROM version 0)","포켓몬스터 소울실버 (Korea, IPGK, header ROM version 0)",/a/0/5/6,equal,648,648,,,4325cd748be4e4b73b8a2988de890e6e7d27bd501121f1df73b0dc15d79ee09b,4325cd748be4e4b73b8a2988de890e6e7d27bd501121f1df73b0dc15d79ee09b,16,16,,
"포켓몬스터 하트골드 (Korea, IPKK, header ROM version 0)","포켓몬스터 소울실버 (Korea, IPGK, header ROM version 0)",/a/0/5/6,equal,649,649,,,95786b089e0c4ae7ee5bb8fa42a204a6e2a1b2e713846b44712fff8ec220a78e,95786b089e0c4ae7ee5bb8fa42a204a6e2a1b2e713846b44712fff8ec220a78e,24,24,,
"포켓몬스터 하트골드 (Korea, IPKK, header ROM version 0)","포켓몬스터 소울실버 (Korea, IPGK, header ROM version 0)",/a/0/5/6,equal,650,650,,,d326f37bd98ca5ea1834cdec28fed94e89e46798687d99c277b3a633682bff1b,d326f37bd98ca5ea1834cdec28fed94e89e46798687d99c277b3a633682bff1b,24,24,,
"포켓몬스터 하트골드 (Korea, IPKK, header ROM version 0)","포켓몬스터 소울실버 (Korea, IPGK, header ROM version 0)",/a/0/5/6,equal,651,651,,,6efcb319adef4de6e265d492281bdfb44ecdb381d7077cac68a18a207de1237d,6efcb319adef4de6e265d492281bdfb44ecdb381d7077cac68a18a207de1237d,24,24,,
"포켓몬스터 하트골드 (Korea, IPKK, header ROM version 0)","포켓몬스터 소울실버 (Korea, IPGK, header ROM version 0)",/a/0/5/6,equal,652,652,,,eacb46c89200ae7fd36f7a489f4b508d03a31fbc26b5855fdf583ed6b8a88843,eacb46c89200ae7fd36f7a489f4b508d03a31fbc26b5855fdf583ed6b8a88843,16,16,,
"포켓몬스터 하트골드 (Korea, IPKK, header ROM version 0)","포켓몬스터 소울실버 (Korea, IPGK, header ROM version 0)",/a/0/5/6,equal,653,653,,,3426f4477028b207fde666174503ff9cfaa33d7b8259c137cf7acd89713e844f,3426f4477028b207fde666174503ff9cfaa33d7b8259c137cf7acd89713e844f,32,32,,
"포켓몬스터 하트골드 (Korea, IPKK, header ROM version 0)","포켓몬스터 소울실버 (Korea, IPGK, header ROM version 0)",/a/0/5/6,equal,654,654,,,bbe2ef98e7152b0acd047a85b7d59000e6b84dc3a2bbf132a9a48ab07ec77239,bbe2ef98e7152b0acd047a85b7d59000e6b84dc3a2bbf132a9a48ab07ec77239,32,32,,
"포켓몬스터 하트골드 (Korea, IPKK, header ROM version 0)","포켓몬스터 소울실버 (Korea, IPGK, header ROM version 0)",/a/0/5/6,equal,655,655,,,a6df7278b54932a8975dd7bf704f26acb0613c2d08f1b3d84141ba98c0b3f43f,a6df7278b54932a8975dd7bf704f26acb0613c2d08f1b3d84141ba98c0b3f43f,32,32,,
"포켓몬스터 하트골드 (Korea, IPKK, header ROM version 0)","포켓몬스터 소울실버 (Korea, IPGK, header ROM version 0)",/a/0/5/6,equal,656,656,,,745169db6b578a6060c5a793c7fca188c2fe3ad6f31fe17a8e5a337093897214,745169db6b578a6060c5a793c7fca188c2fe3ad6f31fe17a8e5a337093897214,32,32,,
"포켓몬스터 하트골드 (Korea, IPKK, header ROM version 0)","포켓몬스터 소울실버 (Korea, IPGK, header ROM version 0)",/a/0/5/6,equal,657,657,,,01ac65e7373825c065fc103f6e8178c93f7ebc734913107f8055dbf80d03bcdb,01ac65e7373825c065fc103f6e8178c93f7ebc734913107f8055dbf80d03bcdb,32,32,,
"포켓몬스터 하트골드 (Korea, IPKK, header ROM version 0)","포켓몬스터 소울실버 (Korea, IPGK, header ROM version 0)",/a/0/5/6,equal,658,658,,,9aba4bb490c167eea0c597613c38cc0a5b464d4803a7818a1cff7ad91a2c1f09,9aba4bb490c167eea0c597613c38cc0a5b464d4803a7818a1cff7ad91a2c1f09,16,16,,
"포켓몬스터 하트골드 (Korea, IPKK, header ROM version 0)","포켓몬스터 소울실버 (Korea, IPGK, header ROM version 0)",/a/0/5/6,equal,659,659,,,d654d852112359e05a849527613170391aa33e2b83d21a54b4c99f5d86a48a4e,d654d852112359e05a849527613170391aa33e2b83d21a54b4c99f5d86a48a4e,24,24,,
"포켓몬스터 하트골드 (Korea, IPKK, header ROM version 0)","포켓몬스터 소울실버 (Korea, IPGK, header ROM version 0)",/a/0/5/6,equal,660,660,,,bfd5ec62e0a3c39771749dcff1be6e4835699335bd91ecae0c5a2694ed19dab4,bfd5ec62e0a3c39771749dcff1be6e4835699335bd91ecae0c5a2694ed19dab4,24,24,,
"포켓몬스터 하트골드 (Korea, IPKK, header ROM version 0)","포켓몬스터 소울실버 (Korea, IPGK, header ROM version 0)",/a/0/5/6,equal,661,661,,,01edd32fa959724aaa14dd81db0062d44c31d16f6fa434e4a2d23e47d42ddf1f,01edd32fa959724aaa14dd81db0062d44c31d16f6fa434e4a2d23e47d42ddf1f,24,24,,
"포켓몬스터 하트골드 (Korea, IPKK, header ROM version 0)","포켓몬스터 소울실버 (Korea, IPGK, header ROM version 0)",/a/0/5/6,equal,662,662,,,94e6d5c30585f60c41c4a60afdba2172de88a9196dc86cae8f523587434bfc15,94e6d5c30585f60c41c4a60afdba2172de88a9196dc86cae8f523587434bfc15,32,32,,
"포켓몬스터 하트골드 (Korea, IPKK, header ROM version 0)","포켓몬스터 소울실버 (Korea, IPGK, header ROM version 0)",/a/0/5/6,equal,663,663,,,ab09a4280bed17cb84e32fe8bdfcef4e27cd7cb25864fec48da83cd65af7d3f6,ab09a4280bed17cb84e32fe8bdfcef4e27cd7cb25864fec48da83cd65af7d3f6,32,32,,
"포켓몬스터 하트골드 (Korea, IPKK, header ROM version 0)","포켓몬스터 소울실버 (Korea, IPGK, header ROM version 0)",/a/0/5/6,equal,664,664,,,8cb975fe402beb5885ccbe85d6a20a8d6fe50a7996b7f9bd6ff50d7e727ca020,8cb975fe402beb5885ccbe85d6a20a8d6fe50a7996b7f9bd6ff50d7e727ca020,32,32,,
"포켓몬스터 하트골드 (Korea, IPKK, header ROM version 0)","포켓몬스터 소울실버 (Korea, IPGK, header ROM version 0)",/a/0/5/6,equal,665,665,,,b452d0c8de6e851dc9655993a41c53129454f890ed62609ae3f07786f1098d1e,b452d0c8de6e851dc9655993a41c53129454f890ed62609ae3f07786f1098d1e,40,40,,
"포켓몬스터 하트골드 (Korea, IPKK, header ROM version 0)","포켓몬스터 소울실버 (Korea, IPGK, header ROM version 0)",/a/0/5/6,equal,666,666,,,6dbb5be22056caf10e6f13d8b975c37af6f4055b50801b63b9fcbbd53b57c9b7,6dbb5be22056caf10e6f13d8b975c37af6f4055b50801b63b9fcbbd53b57c9b7,48,48,,
"포켓몬스터 하트골드 (Korea, IPKK, header ROM version 0)","포켓몬스터 소울실버 (Korea, IPGK, header ROM version 0)",/a/0/5/6,equal,667,667,,,9a1e1ffb64cae47dde9eea485bb1a467485a3e1c49311da29c7722e33ee203d1,9a1e1ffb64cae47dde9eea485bb1a467485a3e1c49311da29c7722e33ee203d1,92,92,,
"포켓몬스터 하트골드 (Korea, IPKK, header ROM version 0)","포켓몬스터 소울실버 (Korea, IPGK, header ROM version 0)",/a/0/5/6,equal,668,668,,,82a3d203950c59f8c3a09ee25153013b8e25e8d939b4c787b4c2e1f3f811e00d,82a3d203950c59f8c3a09ee25153013b8e25e8d939b4c787b4c2e1f3f811e00d,92,92,,
"포켓몬스터 하트골드 (Korea, IPKK, header ROM version 0)","포켓몬스터 소울실버 (Korea, IPGK, header ROM version 0)",/a/0/5/6,equal,669,669,,,a9ad79c60e89548c84f10a7a521d264918339e7b799dea47b2c17fb13a9e8b9f,a9ad79c60e89548c84f10a7a521d264918339e7b799dea47b2c17fb13a9e8b9f,92,92,,
"포켓몬스터 하트골드 (Korea, IPKK, header ROM version 0)","포켓몬스터 소울실버 (Korea, IPGK, header ROM version 0)",/a/0/5/6,equal,670,670,,,e199f9cf1217210db5fb933161976377347780b7a07ee94f22b2e58ab280000a,e199f9cf1217210db5fb933161976377347780b7a07ee94f22b2e58ab280000a,92,92,,
"포켓몬스터 하트골드 (Korea, IPKK, header ROM version 0)","포켓몬스터 소울실버 (Korea, IPGK, header ROM version 0)",/a/0/5/6,equal,671,671,,,bd5346d097db284203bfa7926dcdb619b4996668a680d8cedf536ad1676b7da1,bd5346d097db284203bfa7926dcdb619b4996668a680d8cedf536ad1676b7da1,92,92,,
"포켓몬스터 하트골드 (Korea, IPKK, header ROM version 0)","포켓몬스터 소울실버 (Korea, IPGK, header ROM version 0)",/a/0/5/6,equal,672,672,,,70f358cf2888fd873a34b68fa0f54cb08576df2ae87a3aa3a85a7df6177c6501,70f358cf2888fd873a34b68fa0f54cb08576df2ae87a3aa3a85a7df6177c6501,8,8,,
"포켓몬스터 하트골드 (Korea, IPKK, header ROM version 0)","포켓몬스터 소울실버 (Korea, IPGK, header ROM version 0)",/a/0/5/6,equal,673,673,,,787aafd23e0782a8527ec86ddaedd835f1466d93c2a5548351df7347f40de28e,787aafd23e0782a8527ec86ddaedd835f1466d93c2a5548351df7347f40de28e,8,8,,
"포켓몬스터 하트골드 (Korea, IPKK, header ROM version 0)","포켓몬스터 소울실버 (Korea, IPGK, header ROM version 0)",/a/0/5/6,equal,674,674,,,b89c2050b4b00f54ac587b7a25cf9b909e45617cdc1ad5c8d65eacd8279dae1a,b89c2050b4b00f54ac587b7a25cf9b909e45617cdc1ad5c8d65eacd8279dae1a,16,16,,
"포켓몬스터 하트골드 (Korea, IPKK, header ROM version 0)","포켓몬스터 소울실버 (Korea, IPGK, header ROM version 0)",/a/0/5/6,equal,675,675,,,1dcf2abb7fe837110676dd39bf581957b13c669a6683f41ecb006b2b40220601,1dcf2abb7fe837110676dd39bf581957b13c669a6683f41ecb006b2b40220601,16,16,,
"포켓몬스터 하트골드 (Korea, IPKK, header ROM version 0)","포켓몬스터 소울실버 (Korea, IPGK, header ROM version 0)",/a/0/5/6,equal,676,676,,,355e94c08e08679be8629420a9405f6575ab0146c2014ea33b17a62c9675db4a,355e94c08e08679be8629420a9405f6575ab0146c2014ea33b17a62c9675db4a,32,32,,
"포켓몬스터 하트골드 (Korea, IPKK, header ROM version 0)","포켓몬스터 소울실버 (Korea, IPGK, header ROM version 0)",/a/0/5/6,equal,677,677,,,29a1bce0fe8eb696c904f46076686874083fd59490737f6e66f4f5251f2b5eb2,29a1bce0fe8eb696c904f46076686874083fd59490737f6e66f4f5251f2b5eb2,16,16,,
"포켓몬스터 하트골드 (Korea, IPKK, header ROM version 0)","포켓몬스터 소울실버 (Korea, IPGK, header ROM version 0)",/a/0/5/6,equal,678,678,,,616497255c48702454672ca274652511e2fb8a00857acb25703a80f8def25975,616497255c48702454672ca274652511e2fb8a00857acb25703a80f8def25975,16,16,,
"포켓몬스터 하트골드 (Korea, IPKK, header ROM version 0)","포켓몬스터 소울실버 (Korea, IPGK, header ROM version 0)",/a/0/5/6,equal,679,679,,,54c30aa1f2762af9fe4b9e6d091b4e27cdb94c984fd114d1adb6cb31dfc99e91,54c30aa1f2762af9fe4b9e6d091b4e27cdb94c984fd114d1adb6cb31dfc99e91,32,32,,
"포켓몬스터 하트골드 (Korea, IPKK, header ROM version 0)","포켓몬스터 소울실버 (Korea, IPGK, header ROM version 0)",/a/0/5/6,equal,680,680,,,d93e747040b6700502624760ff9c65af7e02d4e2fe84c3f9ae9b2867c7297432,d93e747040b6700502624760ff9c65af7e02d4e2fe84c3f9ae9b2867c7297432,32,32,,
"포켓몬스터 하트골드 (Korea, IPKK, header ROM version 0)","포켓몬스터 소울실버 (Korea, IPGK, header ROM version 0)",/a/0/5/6,equal,681,681,,,dc377f49cf8a6e10278f8a538642309d5c815597fd2aa1a098e4b90c9819823b,dc377f49cf8a6e10278f8a538642309d5c815597fd2aa1a098e4b90c9819823b,32,32,,
"포켓몬스터 하트골드 (Korea, IPKK, header ROM version 0)","포켓몬스터 소울실버 (Korea, IPGK, header ROM version 0)",/a/0/5/6,equal,682,682,,,fabb272fcf1dd69c9be9ab0c0202e9aa9056a7de3f9f7e81b2312975e36e0b67,fabb272fcf1dd69c9be9ab0c0202e9aa9056a7de3f9f7e81b2312975e36e0b67,32,32,,
"포켓몬스터 하트골드 (Korea, IPKK, header ROM version 0)","포켓몬스터 소울실버 (Korea, IPGK, header ROM version 0)",/a/0/5/6,equal,683,683,,,f0b3cedcc5f72903746549d92f64d899218e1c72b73e55688850b9c656f67812,f0b3cedcc5f72903746549d92f64d899218e1c72b73e55688850b9c656f67812,36,36,,
"포켓몬스터 하트골드 (Korea, IPKK, header ROM version 0)","포켓몬스터 소울실버 (Korea, IPGK, header ROM version 0)",/a/0/5/6,equal,684,684,,,c5e5c501578ac29afa5e2b7bd79d7e11fe543c6bff0968d3792a7894ee44de3a,c5e5c501578ac29afa5e2b7bd79d7e11fe543c6bff0968d3792a7894ee44de3a,36,36,,
"포켓몬스터 하트골드 (Korea, IPKK, header ROM version 0)","포켓몬스터 소울실버 (Korea, IPGK, header ROM version 0)",/a/0/5/6,equal,685,685,,,a4aefc4eb0d9d6fe554d4043b385eb4eab997a83174bc2153c6d63f5f3897e3d,a4aefc4eb0d9d6fe554d4043b385eb4eab997a83174bc2153c6d63f5f3897e3d,16,16,,
"포켓몬스터 하트골드 (Korea, IPKK, header ROM version 0)","포켓몬스터 소울실버 (Korea, IPGK, header ROM version 0)",/a/0/5/6,equal,686,686,,,80c6ae70a71148dff89bc79d8843795138db4566b16ca3e1e6ca3773f18e9e0f,80c6ae70a71148dff89bc79d8843795138db4566b16ca3e1e6ca3773f18e9e0f,16,16,,
"포켓몬스터 하트골드 (Korea, IPKK, header ROM version 0)","포켓몬스터 소울실버 (Korea, IPGK, header ROM version 0)",/a/0/5/6,equal,687,687,,,74d4d06b7cee5fdf7a85e9421c607afa0b81d1cbb89948a45daa39356abcd8d0,74d4d06b7cee5fdf7a85e9421c607afa0b81d1cbb89948a45daa39356abcd8d0,16,16,,
"포켓몬스터 하트골드 (Korea, IPKK, header ROM version 0)","포켓몬스터 소울실버 (Korea, IPGK, header ROM version 0)",/a/0/5/6,equal,688,688,,,ff12bae12ca8a320ccbdbfd9d87ec00a260daeaa2733462f52512f41e82df4bb,ff12bae12ca8a320ccbdbfd9d87ec00a260daeaa2733462f52512f41e82df4bb,8,8,,
"포켓몬스터 하트골드 (Korea, IPKK, header ROM version 0)","포켓몬스터 소울실버 (Korea, IPGK, header ROM version 0)",/a/0/5/6,equal,689,689,,,614e117168f4b21e88388f469e8db7f3929c550a9b6d844eb8f7774dd9cce4dc,614e117168f4b21e88388f469e8db7f3929c550a9b6d844eb8f7774dd9cce4dc,16,16,,
"포켓몬스터 하트골드 (Korea, IPKK, header ROM version 0)","포켓몬스터 소울실버 (Korea, IPGK, header ROM version 0)",/a/0/5/6,equal,690,690,,,3538a2881a270085d7905d6d978da18e9f95405edd31786c6ce5f3258365fad9,3538a2881a270085d7905d6d978da18e9f95405edd31786c6ce5f3258365fad9,16,16,,
"포켓몬스터 하트골드 (Korea, IPKK, header ROM version 0)","포켓몬스터 소울실버 (Korea, IPGK, header ROM version 0)",/a/0/5/6,equal,691,691,,,df4e42bc1cf28aa6dbd09cb69659b24cc75376af64bffe03937402169482e4c0,df4e42bc1cf28aa6dbd09cb69659b24cc75376af64bffe03937402169482e4c0,16,16,,
"포켓몬스터 하트골드 (Korea, IPKK, header ROM version 0)","포켓몬스터 소울실버 (Korea, IPGK, header ROM version 0)",/a/0/5/6,equal,692,692,,,2ac431a8582569f488436bcbff0a5166cae6aa5f215884369cfb6dee51f45146,2ac431a8582569f488436bcbff0a5166cae6aa5f215884369cfb6dee51f45146,16,16,,
"포켓몬스터 하트골드 (Korea, IPKK, header ROM version 0)","포켓몬스터 소울실버 (Korea, IPGK, header ROM version 0)",/a/0/5/6,equal,693,693,,,289fc4638eeed96f0a8e55b65effcb1931322445717c78d1d9edb63608dd8e44,289fc4638eeed96f0a8e55b65effcb1931322445717c78d1d9edb63608dd8e44,16,16,,
"포켓몬스터 하트골드 (Korea, IPKK, header ROM version 0)","포켓몬스터 소울실버 (Korea, IPGK, header ROM version 0)",/a/0/5/6,equal,694,694,,,696c23eabd3833cf7142fdc0b4ee67d4182ec70d9682d8df1919e551a0604555,696c23eabd3833cf7142fdc0b4ee67d4182ec70d9682d8df1919e551a0604555,16,16,,
"포켓몬스터 하트골드 (Korea, IPKK, header ROM version 0)","포켓몬스터 소울실버 (Korea, IPGK, header ROM version 0)",/a/0/5/6,equal,695,695,,,e1d09ccb6868fe42db5014d8f010df01ec666a1566cf71b810c1793ec7fecb10,e1d09ccb6868fe42db5014d8f010df01ec666a1566cf71b810c1793ec7fecb10,16,16,,
"포켓몬스터 하트골드 (Korea, IPKK, header ROM version 0)","포켓몬스터 소울실버 (Korea, IPGK, header ROM version 0)",/a/0/5/6,equal,696,696,,,fa7b712ad042761676a39c5c70ebcca8eca6016c94e3e9890948016398d51f4a,fa7b712ad042761676a39c5c70ebcca8eca6016c94e3e9890948016398d51f4a,8,8,,
"포켓몬스터 하트골드 (Korea, IPKK, header ROM version 0)","포켓몬스터 소울실버 (Korea, IPGK, header ROM version 0)",/a/0/5/6,equal,697,697,,,4d1f9c761269c009adf0313aed664648c1f0b8158816b032f2d87c8dddc75a6b,4d1f9c761269c009adf0313aed664648c1f0b8158816b032f2d87c8dddc75a6b,24,24,,
"포켓몬스터 하트골드 (Korea, IPKK, header ROM version 0)","포켓몬스터 소울실버 (Korea, IPGK, header ROM version 0)",/a/0/5/6,equal,698,698,,,e27b5641e6542cf8a10f903f7d4aaa22d86fd863497371d5b2fb7c97d72ba033,e27b5641e6542cf8a10f903f7d4aaa22d86fd863497371d5b2fb7c97d72ba033,24,24,,
"포켓몬스터 하트골드 (Korea, IPKK, header ROM version 0)","포켓몬스터 소울실버 (Korea, IPGK, header ROM version 0)",/a/0/5/6,equal,699,699,,,d650602d036bd63cd6f85962f51c002676500dfb4dc876bf24ded209689b15ec,d650602d036bd63cd6f85962f51c002676500dfb4dc876bf24ded209689b15ec,24,24,,
"포켓몬스터 하트골드 (Korea, IPKK, header ROM version 0)","포켓몬스터 소울실버 (Korea, IPGK, header ROM version 0)",/a/0/5/6,equal,700,700,,,4d0ba399b5a6e6e43bfbdaefc0dd89a2e727f7cd21443c9871bbd245a2602476,4d0ba399b5a6e6e43bfbdaefc0dd89a2e727f7cd21443c9871bbd245a2602476,72,72,,
"포켓몬스터 하트골드 (Korea, IPKK, header ROM version 0)","포켓몬스터 소울실버 (Korea, IPGK, header ROM version 0)",/a/0/5/6,equal,701,701,,,f5814073b452a49fdaff2e71338084b2b7c2391f331c4c1ab872d210cfeeabc6,f5814073b452a49fdaff2e71338084b2b7c2391f331c4c1ab872d210cfeeabc6,108,108,,
"포켓몬스터 하트골드 (Korea, IPKK, header ROM version 0)","포켓몬스터 소울실버 (Korea, IPGK, header ROM version 0)",/a/0/5/6,equal,702,702,,,a1101dec1b0ab8d74a1eceb67b389315492e942bc00b04ea3f73e1b56961930a,a1101dec1b0ab8d74a1eceb67b389315492e942bc00b04ea3f73e1b56961930a,108,108,,
"포켓몬스터 하트골드 (Korea, IPKK, header ROM version 0)","포켓몬스터 소울실버 (Korea, IPGK, header ROM version 0)",/a/0/5/6,equal,703,703,,,06ced8fc47178314238396f7ba53d8e5e7ec2933d9994845152f326a13a132f1,06ced8fc47178314238396f7ba53d8e5e7ec2933d9994845152f326a13a132f1,108,108,,
"포켓몬스터 하트골드 (Korea, IPKK, header ROM version 0)","포켓몬스터 소울실버 (Korea, IPGK, header ROM version 0)",/a/0/5/6,equal,704,704,,,da2e6261135b1e83302f014b4fe943c4feff4bd1627f9b74d97405ccd875f2ec,da2e6261135b1e83302f014b4fe943c4feff4bd1627f9b74d97405ccd875f2ec,108,108,,
"포켓몬스터 하트골드 (Korea, IPKK, header ROM version 0)","포켓몬스터 소울실버 (Korea, IPGK, header ROM version 0)",/a/0/5/6,equal,705,705,,,3960d6d06aeb77e8b1627392f5436a8b2c3a3a6ba8e0438ad9ee8301aa14631c,3960d6d06aeb77e8b1627392f5436a8b2c3a3a6ba8e0438ad9ee8301aa14631c,108,108,,
"포켓몬스터 하트골드 (Korea, IPKK, header ROM version 0)","포켓몬스터 소울실버 (Korea, IPGK, header ROM version 0)",/a/0/5/6,equal,706,706,,,939c413a6ea86f9ec2140f3408d8c3a55417bcf1a0d13a47e95dab833b2f0b91,939c413a6ea86f9ec2140f3408d8c3a55417bcf1a0d13a47e95dab833b2f0b91,32,32,,
"포켓몬스터 하트골드 (Korea, IPKK, header ROM version 0)","포켓몬스터 소울실버 (Korea, IPGK, header ROM version 0)",/a/0/5/6,equal,707,707,,,2e7d590e806956f192d582583a3bb21d86e8fb8055a3683111d6243bbb722c27,2e7d590e806956f192d582583a3bb21d86e8fb8055a3683111d6243bbb722c27,8,8,,
"포켓몬스터 하트골드 (Korea, IPKK, header ROM version 0)","포켓몬스터 소울실버 (Korea, IPGK, header ROM version 0)",/a/0/5/6,equal,708,708,,,2e7d590e806956f192d582583a3bb21d86e8fb8055a3683111d6243bbb722c27,2e7d590e806956f192d582583a3bb21d86e8fb8055a3683111d6243bbb722c27,8,8,,
"포켓몬스터 하트골드 (Korea, IPKK, header ROM version 0)","포켓몬스터 소울실버 (Korea, IPGK, header ROM version 0)",/a/0/5/6,equal,709,709,,,2e7d590e806956f192d582583a3bb21d86e8fb8055a3683111d6243bbb722c27,2e7d590e806956f192d582583a3bb21d86e8fb8055a3683111d6243bbb722c27,8,8,,
"포켓몬스터 하트골드 (Korea, IPKK, header ROM version 0)","포켓몬스터 소울실버 (Korea, IPGK, header ROM version 0)",/a/0/5/6,equal,710,710,,,2e7d590e806956f192d582583a3bb21d86e8fb8055a3683111d6243bbb722c27,2e7d590e806956f192d582583a3bb21d86e8fb8055a3683111d6243bbb722c27,8,8,,
"포켓몬스터 하트골드 (Korea, IPKK, header ROM version 0)","포켓몬스터 소울실버 (Korea, IPGK, header ROM version 0)",/a/0/5/6,equal,711,711,,,2e7d590e806956f192d582583a3bb21d86e8fb8055a3683111d6243bbb722c27,2e7d590e806956f192d582583a3bb21d86e8fb8055a3683111d6243bbb722c27,8,8,,
"포켓몬스터 하트골드 (Korea, IPKK, header ROM version 0)","포켓몬스터 소울실버 (Korea, IPGK, header ROM version 0)",/a/0/5/6,equal,712,712,,,64f56ccb78653a76a7e485d5c580aaf10c2a7a865c278ef432baebe233e1f0e4,64f56ccb78653a76a7e485d5c580aaf10c2a7a865c278ef432baebe233e1f0e4,108,108,,
"포켓몬스터 하트골드 (Korea, IPKK, header ROM version 0)","포켓몬스터 소울실버 (Korea, IPGK, header ROM version 0)",/a/0/5/6,equal,713,713,,,1a0d0932bf0769d81f478fec35287e99b9464597c0c7626d38c5ff389c83b3bc,1a0d0932bf0769d81f478fec35287e99b9464597c0c7626d38c5ff389c83b3bc,108,108,,
"포켓몬스터 하트골드 (Korea, IPKK, header ROM version 0)","포켓몬스터 소울실버 (Korea, IPGK, header ROM version 0)",/a/0/5/6,equal,714,714,,,431aede999ddd076ce1f4e0db3b3837a27751bd5d42c06577401f462452789b5,431aede999ddd076ce1f4e0db3b3837a27751bd5d42c06577401f462452789b5,108,108,,
"포켓몬스터 하트골드 (Korea, IPKK, header ROM version 0)","포켓몬스터 소울실버 (Korea, IPGK, header ROM version 0)",/a/0/5/6,equal,715,715,,,107403595ff0a92d68b8b9d8a5da74a3ad3ee0c10b00e2b43a9270a3a7b042cb,107403595ff0a92d68b8b9d8a5da74a3ad3ee0c10b00e2b43a9270a3a7b042cb,108,108,,
"포켓몬스터 하트골드 (Korea, IPKK, header ROM version 0)","포켓몬스터 소울실버 (Korea, IPGK, header ROM version 0)",/a/0/5/6,equal,716,716,,,90c94ce88bcf339636b5790a78406837fda536b646dc7a6278a0053fd0864a0e,90c94ce88bcf339636b5790a78406837fda536b646dc7a6278a0053fd0864a0e,108,108,,
"포켓몬스터 하트골드 (Korea, IPKK, header ROM version 0)","포켓몬스터 소울실버 (Korea, IPGK, header ROM version 0)",/a/0/5/6,equal,717,717,,,8bb4ea37fbf6834bff2cf211344e448f808c39f03587ef2dc0b4ae356f4288fd,8bb4ea37fbf6834bff2cf211344e448f808c39f03587ef2dc0b4ae356f4288fd,108,108,,
"포켓몬스터 하트골드 (Korea, IPKK, header ROM version 0)","포켓몬스터 소울실버 (Korea, IPGK, header ROM version 0)",/a/0/5/6,equal,718,718,,,f12c46dac1de36fb55cff6797d09c6a36c9cf9332f78659731463e27ef40d64f,f12c46dac1de36fb55cff6797d09c6a36c9cf9332f78659731463e27ef40d64f,108,108,,
"포켓몬스터 하트골드 (Korea, IPKK, header ROM version 0)","포켓몬스터 소울실버 (Korea, IPGK, header ROM version 0)",/a/0/5/6,equal,719,719,,,6a6ce2c8782ca04ee97e455ed9777c71241d5589a2a3e8f67b3bb27334e3c7f6,6a6ce2c8782ca04ee97e455ed9777c71241d5589a2a3e8f67b3bb27334e3c7f6,108,108,,
"포켓몬스터 하트골드 (Korea, IPKK, header ROM version 0)","포켓몬스터 소울실버 (Korea, IPGK, header ROM version 0)",/a/0/5/6,equal,720,720,,,19ea2dd62aa13a147349528d4da070e7efde52a5c2e79a6874448e2b8993e4a5,19ea2dd62aa13a147349528d4da070e7efde52a5c2e79a6874448e2b8993e4a5,108,108,,
"포켓몬스터 하트골드 (Korea, IPKK, header ROM version 0)","포켓몬스터 소울실버 (Korea, IPGK, header ROM version 0)",/a/0/5/6,equal,721,721,,,14e5ac24835efa0005268f45497871fedda5e9fa3c02fd3c5542eee276f673e9,14e5ac24835efa0005268f45497871fedda5e9fa3c02fd3c5542eee276f673e9,108,108,,
"포켓몬스터 하트골드 (Korea, IPKK, header ROM version 0)","포켓몬스터 소울실버 (Korea, IPGK, header ROM version 0)",/a/0/5/6,equal,722,722,,,fb14ffe82db238f0dcdd4644277b3d41945199e6962b67cf75699a640805e989,fb14ffe82db238f0dcdd4644277b3d41945199e6962b67cf75699a640805e989,108,108,,
"포켓몬스터 하트골드 (Korea, IPKK, header ROM version 0)","포켓몬스터 소울실버 (Korea, IPGK, header ROM version 0)",/a/0/5/6,equal,723,723,,,d28ae3d191b0d69b30c5965da873f130cdf95a579f082fc818504fe599e3f6a8,d28ae3d191b0d69b30c5965da873f130cdf95a579f082fc818504fe599e3f6a8,108,108,,
"포켓몬스터 하트골드 (Korea, IPKK, header ROM version 0)","포켓몬스터 소울실버 (Korea, IPGK, header ROM version 0)",/a/0/5/6,equal,724,724,,,aaa749072efd26ac9bd287aa755638af715a9549394e55585ccb6550e4012047,aaa749072efd26ac9bd287aa755638af715a9549394e55585ccb6550e4012047,108,108,,
"포켓몬스터 하트골드 (Korea, IPKK, header ROM version 0)","포켓몬스터 소울실버 (Korea, IPGK, header ROM version 0)",/a/0/5/6,equal,725,725,,,b290f91f3ec82304e5c4d09a5c83fea1fe71869b3b40a5a55253230bfaa1b012,b290f91f3ec82304e5c4d09a5c83fea1fe71869b3b40a5a55253230bfaa1b012,108,108,,
"포켓몬스터 하트골드 (Korea, IPKK, header ROM version 0)","포켓몬스터 소울실버 (Korea, IPGK, header ROM version 0)",/a/0/5/6,equal,726,726,,,3b96916e589a85ba9ae7f182b3cea2c71f4c03c3ca8df0fa806e8eeacaa950a3,3b96916e589a85ba9ae7f182b3cea2c71f4c03c3ca8df0fa806e8eeacaa950a3,108,108,,
"포켓몬스터 하트골드 (Korea, IPKK, header ROM version 0)","포켓몬스터 소울실버 (Korea, IPGK, header ROM version 0)",/a/0/5/6,equal,727,727,,,6878d99df83ecf6d21f5733e7c6a92f6e40736809fafaaf18922b788a74abd86,6878d99df83ecf6d21f5733e7c6a92f6e40736809fafaaf18922b788a74abd86,108,108,,
"포켓몬스터 하트골드 (Korea, IPKK, header ROM version 0)","포켓몬스터 소울실버 (Korea, IPGK, header ROM version 0)",/a/0/5/6,equal,728,728,,,a02db11592707195f53a33427eab14a41fff00a0a65beaed9ee960d4196e7282,a02db11592707195f53a33427eab14a41fff00a0a65beaed9ee960d4196e7282,8,8,,
"포켓몬스터 하트골드 (Korea, IPKK, header ROM version 0)","포켓몬스터 소울실버 (Korea, IPGK, header ROM version 0)",/a/0/5/6,equal,729,729,,,97c6f9ab22e08cc4c9d5ebb1357a5b127798d4f0689d6f813536e64abe99a0ae,97c6f9ab22e08cc4c9d5ebb1357a5b127798d4f0689d6f813536e64abe99a0ae,16,16,,
"포켓몬스터 하트골드 (Korea, IPKK, header ROM version 0)","포켓몬스터 소울실버 (Korea, IPGK, header ROM version 0)",/a/0/5/6,equal,730,730,,,5fc5925fc71a75cf1a300589ec9e0b5a32455d84d93c30c74ba05ec59d7bcbc3,5fc5925fc71a75cf1a300589ec9e0b5a32455d84d93c30c74ba05ec59d7bcbc3,32,32,,
"포켓몬스터 하트골드 (Korea, IPKK, header ROM version 0)","포켓몬스터 소울실버 (Korea, IPGK, header ROM version 0)",/a/0/5/6,equal,731,731,,,5941bc08070c4e8e3c7b53134093e02c5c5cef54ed6d292cfa647410bc8a231a,5941bc08070c4e8e3c7b53134093e02c5c5cef54ed6d292cfa647410bc8a231a,24,24,,
"포켓몬스터 하트골드 (Korea, IPKK, header ROM version 0)","포켓몬스터 소울실버 (Korea, IPGK, header ROM version 0)",/a/0/5/6,equal,732,732,,,6ce49ba99aee226e89e95556f328db042b02c303838565ccf8af1faf92f7c88d,6ce49ba99aee226e89e95556f328db042b02c303838565ccf8af1faf92f7c88d,16,16,,
"포켓몬스터 하트골드 (Korea, IPKK, header ROM version 0)","포켓몬스터 소울실버 (Korea, IPGK, header ROM version 0)",/a/0/5/6,equal,733,733,,,f07050ccd4df012ff503f2d5e662cd1c575c0ce380ba6549c564c240b3212f21,f07050ccd4df012ff503f2d5e662cd1c575c0ce380ba6549c564c240b3212f21,56,56,,
"포켓몬스터 하트골드 (Korea, IPKK, header ROM version 0)","포켓몬스터 소울실버 (Korea, IPGK, header ROM version 0)",/a/0/5/6,equal,734,734,,,8d41709f4a99693b75f3d2bd37a7b5a801ff5ddd81a376e3e576484511341eb0,8d41709f4a99693b75f3d2bd37a7b5a801ff5ddd81a376e3e576484511341eb0,56,56,,
"포켓몬스터 하트골드 (Korea, IPKK, header ROM version 0)","포켓몬스터 소울실버 (Korea, IPGK, header ROM version 0)",/a/0/5/6,equal,735,735,,,d79908888f76e92afa62ec646b1a86092dc6c9556448eaa6bf8e1805f559cee4,d79908888f76e92afa62ec646b1a86092dc6c9556448eaa6bf8e1805f559cee4,56,56,,
"포켓몬스터 하트골드 (Korea, IPKK, header ROM version 0)","포켓몬스터 소울실버 (Korea, IPGK, header ROM version 0)",/a/0/5/6,equal,736,736,,,a70f6feba52b3e9e913cbb49ad47fde33cbff463028e46d12930fdd14d5f1019,a70f6feba52b3e9e913cbb49ad47fde33cbff463028e46d12930fdd14d5f1019,56,56,,
"포켓몬스터 하트골드 (Korea, IPKK, header ROM version 0)","포켓몬스터 소울실버 (Korea, IPGK, header ROM version 0)",/a/0/5/6,equal,737,737,,,69c244a5cb57ced46ed489861dc78474b573a52b8531a70242935ce27d970e0e,69c244a5cb57ced46ed489861dc78474b573a52b8531a70242935ce27d970e0e,56,56,,
"포켓몬스터 하트골드 (Korea, IPKK, header ROM version 0)","포켓몬스터 소울실버 (Korea, IPGK, header ROM version 0)",/a/0/5/7,equal,0,0,,,3f77689280a134f63db86f6c96ed9efe4c92a2b2f72bddaac10721affc0626fb,3f77689280a134f63db86f6c96ed9efe4c92a2b2f72bddaac10721affc0626fb,6868,6868,,
"포켓몬스터 하트골드 (Korea, IPKK, header ROM version 0)","포켓몬스터 소울실버 (Korea, IPGK, header ROM version 0)",/a/0/5/8,equal,0,0,,,4b8127dae2acd79338055aa7a0b104cf999bd7683d1cecfd90113c61c310aeb6,4b8127dae2acd79338055aa7a0b104cf999bd7683d1cecfd90113c61c310aeb6,3248,3248,NCGR graphics,NCGR graphics
"포켓몬스터 하트골드 (Korea, IPKK, header ROM version 0)","포켓몬스터 소울실버 (Korea, IPGK, header ROM version 0)",/a/0/5/8,equal,1,1,,,57020cad92bf8cf0dd09b749d78715223acea4abd81893875938d1c85510abf7,57020cad92bf8cf0dd09b749d78715223acea4abd81893875938d1c85510abf7,552,552,NCLR palette,NCLR palette
"포켓몬스터 하트골드 (Korea, IPKK, header ROM version 0)","포켓몬스터 소울실버 (Korea, IPGK, header ROM version 0)",/a/0/5/8,equal,2,2,,,8653d1a231b808ea29e3c614e7dcfc7eb1e8cc2042db51da415dfa58e8dea44c,8653d1a231b808ea29e3c614e7dcfc7eb1e8cc2042db51da415dfa58e8dea44c,175,175,NCER cell,NCER cell
"포켓몬스터 하트골드 (Korea, IPKK, header ROM version 0)","포켓몬스터 소울실버 (Korea, IPGK, header ROM version 0)",/a/0/5/8,equal,3,3,,,57c4f638dca35c82365e420f8c7d794c33f8f33053ddda43d831536fc24b21f0,57c4f638dca35c82365e420f8c7d794c33f8f33053ddda43d831536fc24b21f0,151,151,NANR animation,NANR animation
"포켓몬스터 하트골드 (Korea, IPKK, header ROM version 0)","포켓몬스터 소울실버 (Korea, IPGK, header ROM version 0)",/a/0/5/8,equal,4,4,,,20c3521df5a9b90fda626484626a623a1a77d6651084795da6202dfb16157d25,20c3521df5a9b90fda626484626a623a1a77d6651084795da6202dfb16157d25,6448,6448,NCGR graphics,NCGR graphics
"포켓몬스터 하트골드 (Korea, IPKK, header ROM version 0)","포켓몬스터 소울실버 (Korea, IPGK, header ROM version 0)",/a/0/5/8,equal,5,5,,,b73e76decb729d10c0e6af773ca436b69694486ed8202117fc6f0e660af82b12,b73e76decb729d10c0e6af773ca436b69694486ed8202117fc6f0e660af82b12,3248,3248,NCGR graphics,NCGR graphics
"포켓몬스터 하트골드 (Korea, IPKK, header ROM version 0)","포켓몬스터 소울실버 (Korea, IPGK, header ROM version 0)",/a/0/5/8,equal,6,6,,,c2c4e513c5158b2c73b7ac1a5d583e28bb6aedbee426b2b035aef96b20d0f939,c2c4e513c5158b2c73b7ac1a5d583e28bb6aedbee426b2b035aef96b20d0f939,552,552,NCLR palette,NCLR palette
"포켓몬스터 하트골드 (Korea, IPKK, header ROM version 0)","포켓몬스터 소울실버 (Korea, IPGK, header ROM version 0)",/a/0/5/8,equal,7,7,,,8653d1a231b808ea29e3c614e7dcfc7eb1e8cc2042db51da415dfa58e8dea44c,8653d1a231b808ea29e3c614e7dcfc7eb1e8cc2042db51da415dfa58e8dea44c,175,175,NCER cell,NCER cell
"포켓몬스터 하트골드 (Korea, IPKK, header ROM version 0)","포켓몬스터 소울실버 (Korea, IPGK, header ROM version 0)",/a/0/5/8,equal,8,8,,,57c4f638dca35c82365e420f8c7d794c33f8f33053ddda43d831536fc24b21f0,57c4f638dca35c82365e420f8c7d794c33f8f33053ddda43d831536fc24b21f0,151,151,NANR animation,NANR animation
"포켓몬스터 하트골드 (Korea, IPKK, header ROM version 0)","포켓몬스터 소울실버 (Korea, IPGK, header ROM version 0)",/a/0/5/8,equal,9,9,,,d66dcf9d0858f27cfb04d5ce624c58e241432ed76a4499b4f7fadd76eab5dd84,d66dcf9d0858f27cfb04d5ce624c58e241432ed76a4499b4f7fadd76eab5dd84,6448,6448,NCGR graphics,NCGR graphics
"포켓몬스터 하트골드 (Korea, IPKK, header ROM version 0)","포켓몬스터 소울실버 (Korea, IPGK, header ROM version 0)",/a/0/5/8,equal,10,10,,,d419475602627063eda9aed2dd718788d6c50c97a04c70c1a85bd7aff28b6164,d419475602627063eda9aed2dd718788d6c50c97a04c70c1a85bd7aff28b6164,3248,3248,NCGR graphics,NCGR graphics
"포켓몬스터 하트골드 (Korea, IPKK, header ROM version 0)","포켓몬스터 소울실버 (Korea, IPGK, header ROM version 0)",/a/0/5/8,equal,11,11,,,14053ecb07368e594c61b964da4def95fdef0a8b9053b351d07568cf88fd2f55,14053ecb07368e594c61b964da4def95fdef0a8b9053b351d07568cf88fd2f55,552,552,NCLR palette,NCLR palette
"포켓몬스터 하트골드 (Korea, IPKK, header ROM version 0)","포켓몬스터 소울실버 (Korea, IPGK, header ROM version 0)",/a/0/5/8,equal,12,12,,,8653d1a231b808ea29e3c614e7dcfc7eb1e8cc2042db51da415dfa58e8dea44c,8653d1a231b808ea29e3c614e7dcfc7eb1e8cc2042db51da415dfa58e8dea44c,175,175,NCER cell,NCER cell
"포켓몬스터 하트골드 (Korea, IPKK, header ROM version 0)","포켓몬스터 소울실버 (Korea, IPGK, header ROM version 0)",/a/0/5/8,equal,13,13,,,57c4f638dca35c82365e420f8c7d794c33f8f33053ddda43d831536fc24b21f0,57c4f638dca35c82365e420f8c7d794c33f8f33053ddda43d831536fc24b21f0,151,151,NANR animation,NANR animation
"포켓몬스터 하트골드 (Korea, IPKK, header ROM version 0)","포켓몬스터 소울실버 (Korea, IPGK, header ROM version 0)",/a/0/5/8,equal,14,14,,,cd25c1fb2777af4021575172aa80b911107b4e8d7d9c588027145fdabc2f5a9a,cd25c1fb2777af4021575172aa80b911107b4e8d7d9c588027145fdabc2f5a9a,6448,6448,NCGR graphics,NCGR graphics
"포켓몬스터 하트골드 (Korea, IPKK, header ROM version 0)","포켓몬스터 소울실버 (Korea, IPGK, header ROM version 0)",/a/0/5/8,equal,15,15,,,c000d85809e814215a300140808e8dbe824757b8060da56af5217c1ee2a3b592,c000d85809e814215a300140808e8dbe824757b8060da56af5217c1ee2a3b592,3248,3248,NCGR graphics,NCGR graphics
"포켓몬스터 하트골드 (Korea, IPKK, header ROM version 0)","포켓몬스터 소울실버 (Korea, IPGK, header ROM version 0)",/a/0/5/8,equal,16,16,,,eaad8fdf5d1890d153953887b913f6fad9751a51267620d1a4ac6c89ab564051,eaad8fdf5d1890d153953887b913f6fad9751a51267620d1a4ac6c89ab564051,552,552,NCLR palette,NCLR palette
"포켓몬스터 하트골드 (Korea, IPKK, header ROM version 0)","포켓몬스터 소울실버 (Korea, IPGK, header ROM version 0)",/a/0/5/8,equal,17,17,,,8653d1a231b808ea29e3c614e7dcfc7eb1e8cc2042db51da415dfa58e8dea44c,8653d1a231b808ea29e3c614e7dcfc7eb1e8cc2042db51da415dfa58e8dea44c,175,175,NCER cell,NCER cell
"포켓몬스터 하트골드 (Korea, IPKK, header ROM version 0)","포켓몬스터 소울실버 (Korea, IPGK, header ROM version 0)",/a/0/5/8,equal,18,18,,,57c4f638dca35c82365e420f8c7d794c33f8f33053ddda43d831536fc24b21f0,57c4f638dca35c82365e420f8c7d794c33f8f33053ddda43d831536fc24b21f0,151,151,NANR animation,NANR animation
"포켓몬스터 하트골드 (Korea, IPKK, header ROM version 0)","포켓몬스터 소울실버 (Korea, IPGK, header ROM version 0)",/a/0/5/8,equal,19,19,,,9c3ac1abb5a9126b7a0ed72d3845f9bafc1ea8ce62d52dbec3f898028e13e761,9c3ac1abb5a9126b7a0ed72d3845f9bafc1ea8ce62d52dbec3f898028e13e761,6448,6448,NCGR graphics,NCGR graphics
"포켓몬스터 하트골드 (Korea, IPKK, header ROM version 0)","포켓몬스터 소울실버 (Korea, IPGK, header ROM version 0)",/a/0/5/8,equal,20,20,,,c04cc793431fc8d0a8d913a2b4c82726d516d9ca20f0205f992a0bff0617c809,c04cc793431fc8d0a8d913a2b4c82726d516d9ca20f0205f992a0bff0617c809,3248,3248,NCGR graphics,NCGR graphics
"포켓몬스터 하트골드 (Korea, IPKK, header ROM version 0)","포켓몬스터 소울실버 (Korea, IPGK, header ROM version 0)",/a/0/5/8,equal,21,21,,,f6f7c6fe54f42fdc3269e3dbb329a60518cc8cab2bf9e113ab6169b8f929f482,f6f7c6fe54f42fdc3269e3dbb329a60518cc8cab2bf9e113ab6169b8f929f482,552,552,NCLR palette,NCLR palette
"포켓몬스터 하트골드 (Korea, IPKK, header ROM version 0)","포켓몬스터 소울실버 (Korea, IPGK, header ROM version 0)",/a/0/5/8,equal,22,22,,,8653d1a231b808ea29e3c614e7dcfc7eb1e8cc2042db51da415dfa58e8dea44c,8653d1a231b808ea29e3c614e7dcfc7eb1e8cc2042db51da415dfa58e8dea44c,175,175,NCER cell,NCER cell
"포켓몬스터 하트골드 (Korea, IPKK, header ROM version 0)","포켓몬스터 소울실버 (Korea, IPGK, header ROM version 0)",/a/0/5/8,equal,23,23,,,57c4f638dca35c82365e420f8c7d794c33f8f33053ddda43d831536fc24b21f0,57c4f638dca35c82365e420f8c7d794c33f8f33053ddda43d831536fc24b21f0,151,151,NANR animation,NANR animation
"포켓몬스터 하트골드 (Korea, IPKK, header ROM version 0)","포켓몬스터 소울실버 (Korea, IPGK, header ROM version 0)",/a/0/5/8,equal,24,24,,,d2e667a296083054847e713bb81d966feb701313d11244953ae7c4cec0f81bec,d2e667a296083054847e713bb81d966feb701313d11244953ae7c4cec0f81bec,6448,6448,NCGR graphics,NCGR graphics
"포켓몬스터 하트골드 (Korea, IPKK, header ROM version 0)","포켓몬스터 소울실버 (Korea, IPGK, header ROM version 0)",/a/0/5/8,equal,25,25,,,916a4181f6c83f1e9a0f3d55d2cbfe38f35192d3c3bb5c5befbffdfadf3464ae,916a4181f6c83f1e9a0f3d55d2cbfe38f35192d3c3bb5c5befbffdfadf3464ae,3248,3248,NCGR graphics,NCGR graphics
"포켓몬스터 하트골드 (Korea, IPKK, header ROM version 0)","포켓몬스터 소울실버 (Korea, IPGK, header ROM version 0)",/a/0/5/8,equal,26,26,,,f6f7c6fe54f42fdc3269e3dbb329a60518cc8cab2bf9e113ab6169b8f929f482,f6f7c6fe54f42fdc3269e3dbb329a60518cc8cab2bf9e113ab6169b8f929f482,552,552,NCLR palette,NCLR palette
"포켓몬스터 하트골드 (Korea, IPKK, header ROM version 0)","포켓몬스터 소울실버 (Korea, IPGK, header ROM version 0)",/a/0/5/8,equal,27,27,,,8653d1a231b808ea29e3c614e7dcfc7eb1e8cc2042db51da415dfa58e8dea44c,8653d1a231b808ea29e3c614e7dcfc7eb1e8cc2042db51da415dfa58e8dea44c,175,175,NCER cell,NCER cell
"포켓몬스터 하트골드 (Korea, IPKK, header ROM version 0)","포켓몬스터 소울실버 (Korea, IPGK, header ROM version 0)",/a/0/5/8,equal,28,28,,,57c4f638dca35c82365e420f8c7d794c33f8f33053ddda43d831536fc24b21f0,57c4f638dca35c82365e420f8c7d794c33f8f33053ddda43d831536fc24b21f0,151,151,NANR animation,NANR animation
"포켓몬스터 하트골드 (Korea, IPKK, header ROM version 0)","포켓몬스터 소울실버 (Korea, IPGK, header ROM version 0)",/a/0/5/8,equal,29,29,,,aad68c5c2568eaae509ff60bc2ee33fea395c8ab7f9fa8ae050b00892eb5eb5c,aad68c5c2568eaae509ff60bc2ee33fea395c8ab7f9fa8ae050b00892eb5eb5c,6448,6448,NCGR graphics,NCGR graphics
"포켓몬스터 하트골드 (Korea, IPKK, header ROM version 0)","포켓몬스터 소울실버 (Korea, IPGK, header ROM version 0)",/a/0/5/8,equal,30,30,,,3d86137834dec504a8109d52491b98d9124a620d9c3c535cc6bc6fa3c412bb2c,3d86137834dec504a8109d52491b98d9124a620d9c3c535cc6bc6fa3c412bb2c,3248,3248,NCGR graphics,NCGR graphics
"포켓몬스터 하트골드 (Korea, IPKK, header ROM version 0)","포켓몬스터 소울실버 (Korea, IPGK, header ROM version 0)",/a/0/5/8,equal,31,31,,,c01b9f48302dd296a040b89884c34dd324f7afa977d10fa89a412671d8b625be,c01b9f48302dd296a040b89884c34dd324f7afa977d10fa89a412671d8b625be,552,552,NCLR palette,NCLR palette
"포켓몬스터 하트골드 (Korea, IPKK, header ROM version 0)","포켓몬스터 소울실버 (Korea, IPGK, header ROM version 0)",/a/0/5/8,equal,32,32,,,8653d1a231b808ea29e3c614e7dcfc7eb1e8cc2042db51da415dfa58e8dea44c,8653d1a231b808ea29e3c614e7dcfc7eb1e8cc2042db51da415dfa58e8dea44c,175,175,NCER cell,NCER cell
"포켓몬스터 하트골드 (Korea, IPKK, header ROM version 0)","포켓몬스터 소울실버 (Korea, IPGK, header ROM version 0)",/a/0/5/8,equal,33,33,,,57c4f638dca35c82365e420f8c7d794c33f8f33053ddda43d831536fc24b21f0,57c4f638dca35c82365e420f8c7d794c33f8f33053ddda43d831536fc24b21f0,151,151,NANR animation,NANR animation
"포켓몬스터 하트골드 (Korea, IPKK, header ROM version 0)","포켓몬스터 소울실버 (Korea, IPGK, header ROM version 0)",/a/0/5/8,equal,34,34,,,dc69c5b2292e9944f4e4ad21ce4c3f38f20c0fd26d16ad428fe2b1d15fb113ad,dc69c5b2292e9944f4e4ad21ce4c3f38f20c0fd26d16ad428fe2b1d15fb113ad,6448,6448,NCGR graphics,NCGR graphics
"포켓몬스터 하트골드 (Korea, IPKK, header ROM version 0)","포켓몬스터 소울실버 (Korea, IPGK, header ROM version 0)",/a/0/5/8,equal,35,35,,,7dde548c813d56159f41f044551981e6f26dd9e61a0123c0a455db553d098279,7dde548c813d56159f41f044551981e6f26dd9e61a0123c0a455db553d098279,3248,3248,NCGR graphics,NCGR graphics
"포켓몬스터 하트골드 (Korea, IPKK, header ROM version 0)","포켓몬스터 소울실버 (Korea, IPGK, header ROM version 0)",/a/0/5/8,equal,36,36,,,e1d86a513b4e36ce74a139261518eca3781b6a95a79f7ea6ff65e73664343ec6,e1d86a513b4e36ce74a139261518eca3781b6a95a79f7ea6ff65e73664343ec6,552,552,NCLR palette,NCLR palette
"포켓몬스터 하트골드 (Korea, IPKK, header ROM version 0)","포켓몬스터 소울실버 (Korea, IPGK, header ROM version 0)",/a/0/5/8,equal,37,37,,,8653d1a231b808ea29e3c614e7dcfc7eb1e8cc2042db51da415dfa58e8dea44c,8653d1a231b808ea29e3c614e7dcfc7eb1e8cc2042db51da415dfa58e8dea44c,175,175,NCER cell,NCER cell
"포켓몬스터 하트골드 (Korea, IPKK, header ROM version 0)","포켓몬스터 소울실버 (Korea, IPGK, header ROM version 0)",/a/0/5/8,equal,38,38,,,57c4f638dca35c82365e420f8c7d794c33f8f33053ddda43d831536fc24b21f0,57c4f638dca35c82365e420f8c7d794c33f8f33053ddda43d831536fc24b21f0,151,151,NANR animation,NANR animation
"포켓몬스터 하트골드 (Korea, IPKK, header ROM version 0)","포켓몬스터 소울실버 (Korea, IPGK, header ROM version 0)",/a/0/5/8,equal,39,39,,,707a55f4ac8a9b11e5b23ed34cd4d413754a24fa6070328d8e3c8986fa0390a8,707a55f4ac8a9b11e5b23ed34cd4d413754a24fa6070328d8e3c8986fa0390a8,6448,6448,NCGR graphics,NCGR graphics
"포켓몬스터 하트골드 (Korea, IPKK, header ROM version 0)","포켓몬스터 소울실버 (Korea, IPGK, header ROM version 0)",/a/0/5/8,equal,40,40,,,d738e9e5c76dc129495df48020413f3b13e8915f06d27ecea09f87c66f247d87,d738e9e5c76dc129495df48020413f3b13e8915f06d27ecea09f87c66f247d87,3248,3248,NCGR graphics,NCGR graphics
"포켓몬스터 하트골드 (Korea, IPKK, header ROM version 0)","포켓몬스터 소울실버 (Korea, IPGK, header ROM version 0)",/a/0/5/8,equal,41,41,,,e4aacf771995f8f361fe05d0368b9381e531f2750749053b55fa09a6a41eaa3f,e4aacf771995f8f361fe05d0368b9381e531f2750749053b55fa09a6a41eaa3f,552,552,NCLR palette,NCLR palette
"포켓몬스터 하트골드 (Korea, IPKK, header ROM version 0)","포켓몬스터 소울실버 (Korea, IPGK, header ROM version 0)",/a/0/5/8,equal,42,42,,,8653d1a231b808ea29e3c614e7dcfc7eb1e8cc2042db51da415dfa58e8dea44c,8653d1a231b808ea29e3c614e7dcfc7eb1e8cc2042db51da415dfa58e8dea44c,175,175,NCER cell,NCER cell
"포켓몬스터 하트골드 (Korea, IPKK, header ROM version 0)","포켓몬스터 소울실버 (Korea, IPGK, header ROM version 0)",/a/0/5/8,equal,43,43,,,57c4f638dca35c82365e420f8c7d794c33f8f33053ddda43d831536fc24b21f0,57c4f638dca35c82365e420f8c7d794c33f8f33053ddda43d831536fc24b21f0,151,151,NANR animation,NANR animation
"포켓몬스터 하트골드 (Korea, IPKK, header ROM version 0)","포켓몬스터 소울실버 (Korea, IPGK, header ROM version 0)",/a/0/5/8,equal,44,44,,,5dfb9695eeeba7dad6d4d99e60375debd1697bab63d94646679d10bb12b1ff0c,5dfb9695eeeba7dad6d4d99e60375debd1697bab63d94646679d10bb12b1ff0c,6448,6448,NCGR graphics,NCGR graphics
"포켓몬스터 하트골드 (Korea, IPKK, header ROM version 0)","포켓몬스터 소울실버 (Korea, IPGK, header ROM version 0)",/a/0/5/8,equal,45,45,,,c51e54f2995d7894d73fb32026cee81e6dfcbe6984f833cbef2fb19c83ff1986,c51e54f2995d7894d73fb32026cee81e6dfcbe6984f833cbef2fb19c83ff1986,3248,3248,NCGR graphics,NCGR graphics
"포켓몬스터 하트골드 (Korea, IPKK, header ROM version 0)","포켓몬스터 소울실버 (Korea, IPGK, header ROM version 0)",/a/0/5/8,equal,46,46,,,037f1a4b6335f0ee70011c64fdefab0c92dd083a5e46bf692bea034065667067,037f1a4b6335f0ee70011c64fdefab0c92dd083a5e46bf692bea034065667067,552,552,NCLR palette,NCLR palette
"포켓몬스터 하트골드 (Korea, IPKK, header ROM version 0)","포켓몬스터 소울실버 (Korea, IPGK, header ROM version 0)",/a/0/5/8,equal,47,47,,,8653d1a231b808ea29e3c614e7dcfc7eb1e8cc2042db51da415dfa58e8dea44c,8653d1a231b808ea29e3c614e7dcfc7eb1e8cc2042db51da415dfa58e8dea44c,175,175,NCER cell,NCER cell
"포켓몬스터 하트골드 (Korea, IPKK, header ROM version 0)","포켓몬스터 소울실버 (Korea, IPGK, header ROM version 0)",/a/0/5/8,equal,48,48,,,57c4f638dca35c82365e420f8c7d794c33f8f33053ddda43d831536fc24b21f0,57c4f638dca35c82365e420f8c7d794c33f8f33053ddda43d831536fc24b21f0,151,151,NANR animation,NANR animation
"포켓몬스터 하트골드 (Korea, IPKK, header ROM version 0)","포켓몬스터 소울실버 (Korea, IPGK, header ROM version 0)",/a/0/5/8,equal,49,49,,,5d3e5e068efc2349c99bc7eaeefab24f1a7bb6e6ea27c0a4417fbec714cab8d9,5d3e5e068efc2349c99bc7eaeefab24f1a7bb6e6ea27c0a4417fbec714cab8d9,6448,6448,NCGR graphics,NCGR graphics
"포켓몬스터 하트골드 (Korea, IPKK, header ROM version 0)","포켓몬스터 소울실버 (Korea, IPGK, header ROM version 0)",/a/0/5/8,equal,50,50,,,2d060326dec8c1eefb7da75be04806e78a12f2120db63dc123c55cbe03672e54,2d060326dec8c1eefb7da75be04806e78a12f2120db63dc123c55cbe03672e54,3248,3248,NCGR graphics,NCGR graphics
"포켓몬스터 하트골드 (Korea, IPKK, header ROM version 0)","포켓몬스터 소울실버 (Korea, IPGK, header ROM version 0)",/a/0/5/8,equal,51,51,,,19aa44db5c5efa0f0ffbf8ab5cf93ff29f2e7a818ff3ddd9e7a1a66f7d896a36,19aa44db5c5efa0f0ffbf8ab5cf93ff29f2e7a818ff3ddd9e7a1a66f7d896a36,552,552,NCLR palette,NCLR palette
"포켓몬스터 하트골드 (Korea, IPKK, header ROM version 0)","포켓몬스터 소울실버 (Korea, IPGK, header ROM version 0)",/a/0/5/8,equal,52,52,,,8653d1a231b808ea29e3c614e7dcfc7eb1e8cc2042db51da415dfa58e8dea44c,8653d1a231b808ea29e3c614e7dcfc7eb1e8cc2042db51da415dfa58e8dea44c,175,175,NCER cell,NCER cell
"포켓몬스터 하트골드 (Korea, IPKK, header ROM version 0)","포켓몬스터 소울실버 (Korea, IPGK, header ROM version 0)",/a/0/5/8,equal,53,53,,,57c4f638dca35c82365e420f8c7d794c33f8f33053ddda43d831536fc24b21f0,57c4f638dca35c82365e420f8c7d794c33f8f33053ddda43d831536fc24b21f0,151,151,NANR animation,NANR animation
"포켓몬스터 하트골드 (Korea, IPKK, header ROM version 0)","포켓몬스터 소울실버 (Korea, IPGK, header ROM version 0)",/a/0/5/8,equal,54,54,,,df3c2ecbff3ca176a1e635178fd332c3da2bb7b598cc15ff6d0edf8c6357160a,df3c2ecbff3ca176a1e635178fd332c3da2bb7b598cc15ff6d0edf8c6357160a,6448,6448,NCGR graphics,NCGR graphics
"포켓몬스터 하트골드 (Korea, IPKK, header ROM version 0)","포켓몬스터 소울실버 (Korea, IPGK, header ROM version 0)",/a/0/5/8,equal,55,55,,,ce24937d4e4076a7c2ec3e40a2d1803848128eb3b6edd2ce3c56f49cab4059e2,ce24937d4e4076a7c2ec3e40a2d1803848128eb3b6edd2ce3c56f49cab4059e2,3248,3248,NCGR graphics,NCGR graphics
"포켓몬스터 하트골드 (Korea, IPKK, header ROM version 0)","포켓몬스터 소울실버 (Korea, IPGK, header ROM version 0)",/a/0/5/8,equal,56,56,,,f59e6988d3b0fd3e31c438b6831da38d7e45fc862b0f179577ddb37dcc6b0911,f59e6988d3b0fd3e31c438b6831da38d7e45fc862b0f179577ddb37dcc6b0911,552,552,NCLR palette,NCLR palette
"포켓몬스터 하트골드 (Korea, IPKK, header ROM version 0)","포켓몬스터 소울실버 (Korea, IPGK, header ROM version 0)",/a/0/5/8,equal,57,57,,,8653d1a231b808ea29e3c614e7dcfc7eb1e8cc2042db51da415dfa58e8dea44c,8653d1a231b808ea29e3c614e7dcfc7eb1e8cc2042db51da415dfa58e8dea44c,175,175,NCER cell,NCER cell
"포켓몬스터 하트골드 (Korea, IPKK, header ROM version 0)","포켓몬스터 소울실버 (Korea, IPGK, header ROM version 0)",/a/0/5/8,equal,58,58,,,57c4f638dca35c82365e420f8c7d794c33f8f33053ddda43d831536fc24b21f0,57c4f638dca35c82365e420f8c7d794c33f8f33053ddda43d831536fc24b21f0,151,151,NANR animation,NANR animation
"포켓몬스터 하트골드 (Korea, IPKK, header ROM version 0)","포켓몬스터 소울실버 (Korea, IPGK, header ROM version 0)",/a/0/5/8,equal,59,59,,,63bc2868c90710df07ec162a069ed70ea81b9a6846f6101f8e9c5082e544b6b1,63bc2868c90710df07ec162a069ed70ea81b9a6846f6101f8e9c5082e544b6b1,6448,6448,NCGR graphics,NCGR graphics
"포켓몬스터 하트골드 (Korea, IPKK, header ROM version 0)","포켓몬스터 소울실버 (Korea, IPGK, header ROM version 0)",/a/0/5/8,equal,60,60,,,8bd2dda32e258f89f404833e77aaa107df57c325cbfda554def119199342cc9c,8bd2dda32e258f89f404833e77aaa107df57c325cbfda554def119199342cc9c,3248,3248,NCGR graphics,NCGR graphics
"포켓몬스터 하트골드 (Korea, IPKK, header ROM version 0)","포켓몬스터 소울실버 (Korea, IPGK, header ROM version 0)",/a/0/5/8,equal,61,61,,,be2b62885d844c1901324fafab406958306e8d0b3ebccbeed4bedee7e6eabacd,be2b62885d844c1901324fafab406958306e8d0b3ebccbeed4bedee7e6eabacd,552,552,NCLR palette,NCLR palette
"포켓몬스터 하트골드 (Korea, IPKK, header ROM version 0)","포켓몬스터 소울실버 (Korea, IPGK, header ROM version 0)",/a/0/5/8,equal,62,62,,,8653d1a231b808ea29e3c614e7dcfc7eb1e8cc2042db51da415dfa58e8dea44c,8653d1a231b808ea29e3c614e7dcfc7eb1e8cc2042db51da415dfa58e8dea44c,175,175,NCER cell,NCER cell
"포켓몬스터 하트골드 (Korea, IPKK, header ROM version 0)","포켓몬스터 소울실버 (Korea, IPGK, header ROM version 0)",/a/0/5/8,equal,63,63,,,57c4f638dca35c82365e420f8c7d794c33f8f33053ddda43d831536fc24b21f0,57c4f638dca35c82365e420f8c7d794c33f8f33053ddda43d831536fc24b21f0,151,151,NANR animation,NANR animation
"포켓몬스터 하트골드 (Korea, IPKK, header ROM version 0)","포켓몬스터 소울실버 (Korea, IPGK, header ROM version 0)",/a/0/5/8,equal,64,64,,,b515809aff28b5029474cfeec73eb1ba73b28ac7d9d3f6526228ec16977f8e08,b515809aff28b5029474cfeec73eb1ba73b28ac7d9d3f6526228ec16977f8e08,6448,6448,NCGR graphics,NCGR graphics
"포켓몬스터 하트골드 (Korea, IPKK, header ROM version 0)","포켓몬스터 소울실버 (Korea, IPGK, header ROM version 0)",/a/0/5/8,equal,65,65,,,086192f7b2a09ca93ca216ddb904ddd20bd04db5a547fe2703a610f5fb1e2aa8,086192f7b2a09ca93ca216ddb904ddd20bd04db5a547fe2703a610f5fb1e2aa8,3248,3248,NCGR graphics,NCGR graphics
"포켓몬스터 하트골드 (Korea, IPKK, header ROM version 0)","포켓몬스터 소울실버 (Korea, IPGK, header ROM version 0)",/a/0/5/8,equal,66,66,,,7ef18b664f563d079dbf01913acae31c1be9f07c19ebbb62fe52b78ba0495d75,7ef18b664f563d079dbf01913acae31c1be9f07c19ebbb62fe52b78ba0495d75,552,552,NCLR palette,NCLR palette
"포켓몬스터 하트골드 (Korea, IPKK, header ROM version 0)","포켓몬스터 소울실버 (Korea, IPGK, header ROM version 0)",/a/0/5/8,equal,67,67,,,8653d1a231b808ea29e3c614e7dcfc7eb1e8cc2042db51da415dfa58e8dea44c,8653d1a231b808ea29e3c614e7dcfc7eb1e8cc2042db51da415dfa58e8dea44c,175,175,NCER cell,NCER cell
"포켓몬스터 하트골드 (Korea, IPKK, header ROM version 0)","포켓몬스터 소울실버 (Korea, IPGK, header ROM version 0)",/a/0/5/8,equal,68,68,,,57c4f638dca35c82365e420f8c7d794c33f8f33053ddda43d831536fc24b21f0,57c4f638dca35c82365e420f8c7d794c33f8f33053ddda43d831536fc24b21f0,151,151,NANR animation,NANR animation
"포켓몬스터 하트골드 (Korea, IPKK, header ROM version 0)","포켓몬스터 소울실버 (Korea, IPGK, header ROM version 0)",/a/0/5/8,equal,69,69,,,75e63219bd6439cb810d7703b2d0491fe7f13d1148f44b42575fe331c066222b,75e63219bd6439cb810d7703b2d0491fe7f13d1148f44b42575fe331c066222b,6448,6448,NCGR graphics,NCGR graphics
"포켓몬스터 하트골드 (Korea, IPKK, header ROM version 0)","포켓몬스터 소울실버 (Korea, IPGK, header ROM version 0)",/a/0/5/8,equal,70,70,,,b690e17756a396caf014d09db19712dcf474e01983f1044fb346ce36f0fa5020,b690e17756a396caf014d09db19712dcf474e01983f1044fb346ce36f0fa5020,3248,3248,NCGR graphics,NCGR graphics
"포켓몬스터 하트골드 (Korea, IPKK, header ROM version 0)","포켓몬스터 소울실버 (Korea, IPGK, header ROM version 0)",/a/0/5/8,equal,71,71,,,d42f2a880894d9a1d2ced5176b931f2669005d648772c2776275b5e88587a077,d42f2a880894d9a1d2ced5176b931f2669005d648772c2776275b5e88587a077,552,552,NCLR palette,NCLR palette
"포켓몬스터 하트골드 (Korea, IPKK, header ROM version 0)","포켓몬스터 소울실버 (Korea, IPGK, header ROM version 0)",/a/0/5/8,equal,72,72,,,8653d1a231b808ea29e3c614e7dcfc7eb1e8cc2042db51da415dfa58e8dea44c,8653d1a231b808ea29e3c614e7dcfc7eb1e8cc2042db51da415dfa58e8dea44c,175,175,NCER cell,NCER cell
"포켓몬스터 하트골드 (Korea, IPKK, header ROM version 0)","포켓몬스터 소울실버 (Korea, IPGK, header ROM version 0)",/a/0/5/8,equal,73,73,,,57c4f638dca35c82365e420f8c7d794c33f8f33053ddda43d831536fc24b21f0,57c4f638dca35c82365e420f8c7d794c33f8f33053ddda43d831536fc24b21f0,151,151,NANR animation,NANR animation
"포켓몬스터 하트골드 (Korea, IPKK, header ROM version 0)","포켓몬스터 소울실버 (Korea, IPGK, header ROM version 0)",/a/0/5/8,equal,74,74,,,0791b43b4e140285b6ce1ea2ee88f86bb55e1577229b0210948898e1191871f3,0791b43b4e140285b6ce1ea2ee88f86bb55e1577229b0210948898e1191871f3,6448,6448,NCGR graphics,NCGR graphics
"포켓몬스터 하트골드 (Korea, IPKK, header ROM version 0)","포켓몬스터 소울실버 (Korea, IPGK, header ROM version 0)",/a/0/5/8,equal,75,75,,,d4407d6cf15423df0b3787696d23e8ad1f455a0020c10b53285b3932b37ed151,d4407d6cf15423df0b3787696d23e8ad1f455a0020c10b53285b3932b37ed151,3248,3248,NCGR graphics,NCGR graphics
"포켓몬스터 하트골드 (Korea, IPKK, header ROM version 0)","포켓몬스터 소울실버 (Korea, IPGK, header ROM version 0)",/a/0/5/8,equal,76,76,,,df200dfdfdbcc65da4e3b5aa2fc7eeaa02d3d6435d082e655a5803d5a9467d07,df200dfdfdbcc65da4e3b5aa2fc7eeaa02d3d6435d082e655a5803d5a9467d07,552,552,NCLR palette,NCLR palette
"포켓몬스터 하트골드 (Korea, IPKK, header ROM version 0)","포켓몬스터 소울실버 (Korea, IPGK, header ROM version 0)",/a/0/5/8,equal,77,77,,,8653d1a231b808ea29e3c614e7dcfc7eb1e8cc2042db51da415dfa58e8dea44c,8653d1a231b808ea29e3c614e7dcfc7eb1e8cc2042db51da415dfa58e8dea44c,175,175,NCER cell,NCER cell
"포켓몬스터 하트골드 (Korea, IPKK, header ROM version 0)","포켓몬스터 소울실버 (Korea, IPGK, header ROM version 0)",/a/0/5/8,equal,78,78,,,57c4f638dca35c82365e420f8c7d794c33f8f33053ddda43d831536fc24b21f0,57c4f638dca35c82365e420f8c7d794c33f8f33053ddda43d831536fc24b21f0,151,151,NANR animation,NANR animation
"포켓몬스터 하트골드 (Korea, IPKK, header ROM version 0)","포켓몬스터 소울실버 (Korea, IPGK, header ROM version 0)",/a/0/5/8,equal,79,79,,,bb02d7cfbe97ed1c6ba0f57422a1dcd04b41c1614eff5107ec4d80d47717fec6,bb02d7cfbe97ed1c6ba0f57422a1dcd04b41c1614eff5107ec4d80d47717fec6,6448,6448,NCGR graphics,NCGR graphics
"포켓몬스터 하트골드 (Korea, IPKK, header ROM version 0)","포켓몬스터 소울실버 (Korea, IPGK, header ROM version 0)",/a/0/5/8,equal,80,80,,,2f035fcb9c78a70cd68a47f8d0cc420cbc624ec8dfa7a9dd18d10adbb8a3966b,2f035fcb9c78a70cd68a47f8d0cc420cbc624ec8dfa7a9dd18d10adbb8a3966b,3248,3248,NCGR graphics,NCGR graphics
"포켓몬스터 하트골드 (Korea, IPKK, header ROM version 0)","포켓몬스터 소울실버 (Korea, IPGK, header ROM version 0)",/a/0/5/8,equal,81,81,,,724690f5e6de4fbf632419d0fe8d686035e6195fba7a40940c1c0b0578206659,724690f5e6de4fbf632419d0fe8d686035e6195fba7a40940c1c0b0578206659,552,552,NCLR palette,NCLR palette
"포켓몬스터 하트골드 (Korea, IPKK, header ROM version 0)","포켓몬스터 소울실버 (Korea, IPGK, header ROM version 0)",/a/0/5/8,equal,82,82,,,8653d1a231b808ea29e3c614e7dcfc7eb1e8cc2042db51da415dfa58e8dea44c,8653d1a231b808ea29e3c614e7dcfc7eb1e8cc2042db51da415dfa58e8dea44c,175,175,NCER cell,NCER cell
"포켓몬스터 하트골드 (Korea, IPKK, header ROM version 0)","포켓몬스터 소울실버 (Korea, IPGK, header ROM version 0)",/a/0/5/8,equal,83,83,,,57c4f638dca35c82365e420f8c7d794c33f8f33053ddda43d831536fc24b21f0,57c4f638dca35c82365e420f8c7d794c33f8f33053ddda43d831536fc24b21f0,151,151,NANR animation,NANR animation
"포켓몬스터 하트골드 (Korea, IPKK, header ROM version 0)","포켓몬스터 소울실버 (Korea, IPGK, header ROM version 0)",/a/0/5/8,equal,84,84,,,6bfedd77f6ace89f6e44a069364fd04e31b76098ea5853b4ec5f86d4bd06e8c9,6bfedd77f6ace89f6e44a069364fd04e31b76098ea5853b4ec5f86d4bd06e8c9,6448,6448,NCGR graphics,NCGR graphics
"포켓몬스터 하트골드 (Korea, IPKK, header ROM version 0)","포켓몬스터 소울실버 (Korea, IPGK, header ROM version 0)",/a/0/5/8,equal,85,85,,,bc0673057df50f9a48ea9e4c336042b6afbd4dad21c0042e2e09e4694957df5f,bc0673057df50f9a48ea9e4c336042b6afbd4dad21c0042e2e09e4694957df5f,3248,3248,NCGR graphics,NCGR graphics
"포켓몬스터 하트골드 (Korea, IPKK, header ROM version 0)","포켓몬스터 소울실버 (Korea, IPGK, header ROM version 0)",/a/0/5/8,equal,86,86,,,724690f5e6de4fbf632419d0fe8d686035e6195fba7a40940c1c0b0578206659,724690f5e6de4fbf632419d0fe8d686035e6195fba7a40940c1c0b0578206659,552,552,NCLR palette,NCLR palette
"포켓몬스터 하트골드 (Korea, IPKK, header ROM version 0)","포켓몬스터 소울실버 (Korea, IPGK, header ROM version 0)",/a/0/5/8,equal,87,87,,,8653d1a231b808ea29e3c614e7dcfc7eb1e8cc2042db51da415dfa58e8dea44c,8653d1a231b808ea29e3c614e7dcfc7eb1e8cc2042db51da415dfa58e8dea44c,175,175,NCER cell,NCER cell
"포켓몬스터 하트골드 (Korea, IPKK, header ROM version 0)","포켓몬스터 소울실버 (Korea, IPGK, header ROM version 0)",/a/0/5/8,equal,88,88,,,57c4f638dca35c82365e420f8c7d794c33f8f33053ddda43d831536fc24b21f0,57c4f638dca35c82365e420f8c7d794c33f8f33053ddda43d831536fc24b21f0,151,151,NANR animation,NANR animation
"포켓몬스터 하트골드 (Korea, IPKK, header ROM version 0)","포켓몬스터 소울실버 (Korea, IPGK, header ROM version 0)",/a/0/5/8,equal,89,89,,,39ec481e044494563d24bdf5e52f025a4e8cc4e0938f27b25274801ed55457ad,39ec481e044494563d24bdf5e52f025a4e8cc4e0938f27b25274801ed55457ad,6448,6448,NCGR graphics,NCGR graphics
"포켓몬스터 하트골드 (Korea, IPKK, header ROM version 0)","포켓몬스터 소울실버 (Korea, IPGK, header ROM version 0)",/a/0/5/8,equal,90,90,,,7584f34d8b0ff6ea60d99dbe1277a4fad3dbf11261cb6e134c1c9f0a17a985b3,7584f34d8b0ff6ea60d99dbe1277a4fad3dbf11261cb6e134c1c9f0a17a985b3,3248,3248,NCGR graphics,NCGR graphics
"포켓몬스터 하트골드 (Korea, IPKK, header ROM version 0)","포켓몬스터 소울실버 (Korea, IPGK, header ROM version 0)",/a/0/5/8,equal,91,91,,,8b5190a2761d5c9fba4c49d6fe2d20c41df62ea1d483433f7573c201e54f2fdd,8b5190a2761d5c9fba4c49d6fe2d20c41df62ea1d483433f7573c201e54f2fdd,552,552,NCLR palette,NCLR palette
"포켓몬스터 하트골드 (Korea, IPKK, header ROM version 0)","포켓몬스터 소울실버 (Korea, IPGK, header ROM version 0)",/a/0/5/8,equal,92,92,,,8653d1a231b808ea29e3c614e7dcfc7eb1e8cc2042db51da415dfa58e8dea44c,8653d1a231b808ea29e3c614e7dcfc7eb1e8cc2042db51da415dfa58e8dea44c,175,175,NCER cell,NCER cell
"포켓몬스터 하트골드 (Korea, IPKK, header ROM version 0)","포켓몬스터 소울실버 (Korea, IPGK, header ROM version 0)",/a/0/5/8,equal,93,93,,,57c4f638dca35c82365e420f8c7d794c33f8f33053ddda43d831536fc24b21f0,57c4f638dca35c82365e420f8c7d794c33f8f33053ddda43d831536fc24b21f0,151,151,NANR animation,NANR animation
"포켓몬스터 하트골드 (Korea, IPKK, header ROM version 0)","포켓몬스터 소울실버 (Korea, IPGK, header ROM version 0)",/a/0/5/8,equal,94,94,,,41cb51b7858e65c7b022c9b92563d5db2aebc9809c148a78ec2b091d665b2d23,41cb51b7858e65c7b022c9b92563d5db2aebc9809c148a78ec2b091d665b2d23,6448,6448,NCGR graphics,NCGR graphics
"포켓몬스터 하트골드 (Korea, IPKK, header ROM version 0)","포켓몬스터 소울실버 (Korea, IPGK, header ROM version 0)",/a/0/5/8,equal,95,95,,,a53f30a9864674b435c9d4842e82e1db2f5f2cf078c100bfb65c13ea716b30a0,a53f30a9864674b435c9d4842e82e1db2f5f2cf078c100bfb65c13ea716b30a0,3248,3248,NCGR graphics,NCGR graphics
"포켓몬스터 하트골드 (Korea, IPKK, header ROM version 0)","포켓몬스터 소울실버 (Korea, IPGK, header ROM version 0)",/a/0/5/8,equal,96,96,,,11a6a5e7cee93146bb30222d5901c4892499f1a70a15cee6e5863f307ae0bc96,11a6a5e7cee93146bb30222d5901c4892499f1a70a15cee6e5863f307ae0bc96,552,552,NCLR palette,NCLR palette
"포켓몬스터 하트골드 (Korea, IPKK, header ROM version 0)","포켓몬스터 소울실버 (Korea, IPGK, header ROM version 0)",/a/0/5/8,equal,97,97,,,8653d1a231b808ea29e3c614e7dcfc7eb1e8cc2042db51da415dfa58e8dea44c,8653d1a231b808ea29e3c614e7dcfc7eb1e8cc2042db51da415dfa58e8dea44c,175,175,NCER cell,NCER cell
"포켓몬스터 하트골드 (Korea, IPKK, header ROM version 0)","포켓몬스터 소울실버 (Korea, IPGK, header ROM version 0)",/a/0/5/8,equal,98,98,,,57c4f638dca35c82365e420f8c7d794c33f8f33053ddda43d831536fc24b21f0,57c4f638dca35c82365e420f8c7d794c33f8f33053ddda43d831536fc24b21f0,151,151,NANR animation,NANR animation
"포켓몬스터 하트골드 (Korea, IPKK, header ROM version 0)","포켓몬스터 소울실버 (Korea, IPGK, header ROM version 0)",/a/0/5/8,equal,99,99,,,1e59dd27f9943708a4980fe8d185842c7dc90b87f5169f6d93b58f54afa9736b,1e59dd27f9943708a4980fe8d185842c7dc90b87f5169f6d93b58f54afa9736b,6448,6448,NCGR graphics,NCGR graphics
"포켓몬스터 하트골드 (Korea, IPKK, header ROM version 0)","포켓몬스터 소울실버 (Korea, IPGK, header ROM version 0)",/a/0/5/8,equal,100,100,,,e546b4c23ed28b9fc241672e59b664cc37526530e8817a51d8891347c94a92c7,e546b4c23ed28b9fc241672e59b664cc37526530e8817a51d8891347c94a92c7,3248,3248,NCGR graphics,NCGR graphics
"포켓몬스터 하트골드 (Korea, IPKK, header ROM version 0)","포켓몬스터 소울실버 (Korea, IPGK, header ROM version 0)",/a/0/5/8,equal,101,101,,,3ce33a408671797c6c44241afdd1abfd617376968cab6b0c9f38ab90114602da,3ce33a408671797c6c44241afdd1abfd617376968cab6b0c9f38ab90114602da,552,552,NCLR palette,NCLR palette
"포켓몬스터 하트골드 (Korea, IPKK, header ROM version 0)","포켓몬스터 소울실버 (Korea, IPGK, header ROM version 0)",/a/0/5/8,equal,102,102,,,8653d1a231b808ea29e3c614e7dcfc7eb1e8cc2042db51da415dfa58e8dea44c,8653d1a231b808ea29e3c614e7dcfc7eb1e8cc2042db51da415dfa58e8dea44c,175,175,NCER cell,NCER cell
"포켓몬스터 하트골드 (Korea, IPKK, header ROM version 0)","포켓몬스터 소울실버 (Korea, IPGK, header ROM version 0)",/a/0/5/8,equal,103,103,,,57c4f638dca35c82365e420f8c7d794c33f8f33053ddda43d831536fc24b21f0,57c4f638dca35c82365e420f8c7d794c33f8f33053ddda43d831536fc24b21f0,151,151,NANR animation,NANR animation
"포켓몬스터 하트골드 (Korea, IPKK, header ROM version 0)","포켓몬스터 소울실버 (Korea, IPGK, header ROM version 0)",/a/0/5/8,equal,104,104,,,ca1f965ede85761424cde3bba09e77b47a11650a7559f1fc4a52d91b2ddb2f50,ca1f965ede85761424cde3bba09e77b47a11650a7559f1fc4a52d91b2ddb2f50,6448,6448,NCGR graphics,NCGR graphics
"포켓몬스터 하트골드 (Korea, IPKK, header ROM version 0)","포켓몬스터 소울실버 (Korea, IPGK, header ROM version 0)",/a/0/5/8,equal,105,105,,,64bfaf3121c830228e468b0516942f2ccd2008c8612daa64f673883b0375ab44,64bfaf3121c830228e468b0516942f2ccd2008c8612daa64f673883b0375ab44,2928,2928,NCGR graphics,NCGR graphics
"포켓몬스터 하트골드 (Korea, IPKK, header ROM version 0)","포켓몬스터 소울실버 (Korea, IPGK, header ROM version 0)",/a/0/5/8,equal,106,106,,,ca7dfaa9271c141afb9939aeeb3edbc107f5b65366c2df92c1f391114a59b607,ca7dfaa9271c141afb9939aeeb3edbc107f5b65366c2df92c1f391114a59b607,552,552,NCLR palette,NCLR palette
"포켓몬스터 하트골드 (Korea, IPKK, header ROM version 0)","포켓몬스터 소울실버 (Korea, IPGK, header ROM version 0)",/a/0/5/8,equal,107,107,,,a046da3c2e4d59a73f6d2f026c5eb426247d5c7caa9f780abba2d3cda02a796d,a046da3c2e4d59a73f6d2f026c5eb426247d5c7caa9f780abba2d3cda02a796d,175,175,NCER cell,NCER cell
"포켓몬스터 하트골드 (Korea, IPKK, header ROM version 0)","포켓몬스터 소울실버 (Korea, IPGK, header ROM version 0)",/a/0/5/8,equal,108,108,,,57c4f638dca35c82365e420f8c7d794c33f8f33053ddda43d831536fc24b21f0,57c4f638dca35c82365e420f8c7d794c33f8f33053ddda43d831536fc24b21f0,151,151,NANR animation,NANR animation
"포켓몬스터 하트골드 (Korea, IPKK, header ROM version 0)","포켓몬스터 소울실버 (Korea, IPGK, header ROM version 0)",/a/0/5/8,equal,109,109,,,41385c08dd4d712402fd203afa193558e6ec41b181ff73f5ecbba5756e3e3b68,41385c08dd4d712402fd203afa193558e6ec41b181ff73f5ecbba5756e3e3b68,6448,6448,NCGR graphics,NCGR graphics
"포켓몬스터 하트골드 (Korea, IPKK, header ROM version 0)","포켓몬스터 소울실버 (Korea, IPGK, header ROM version 0)",/a/0/5/8,equal,110,110,,,68d860e8a1cb83b94d505537397348977dbe3d2a1543c470d52c951b0faad15c,68d860e8a1cb83b94d505537397348977dbe3d2a1543c470d52c951b0faad15c,3248,3248,NCGR graphics,NCGR graphics
"포켓몬스터 하트골드 (Korea, IPKK, header ROM version 0)","포켓몬스터 소울실버 (Korea, IPGK, header ROM version 0)",/a/0/5/8,equal,111,111,,,3291cf2149c2124f90b21962d912fd8fb51d54e8e165e01df75b81fc6de5f145,3291cf2149c2124f90b21962d912fd8fb51d54e8e165e01df75b81fc6de5f145,552,552,NCLR palette,NCLR palette
"포켓몬스터 하트골드 (Korea, IPKK, header ROM version 0)","포켓몬스터 소울실버 (Korea, IPGK, header ROM version 0)",/a/0/5/8,equal,112,112,,,8653d1a231b808ea29e3c614e7dcfc7eb1e8cc2042db51da415dfa58e8dea44c,8653d1a231b808ea29e3c614e7dcfc7eb1e8cc2042db51da415dfa58e8dea44c,175,175,NCER cell,NCER cell
"포켓몬스터 하트골드 (Korea, IPKK, header ROM version 0)","포켓몬스터 소울실버 (Korea, IPGK, header ROM version 0)",/a/0/5/8,equal,113,113,,,57c4f638dca35c82365e420f8c7d794c33f8f33053ddda43d831536fc24b21f0,57c4f638dca35c82365e420f8c7d794c33f8f33053ddda43d831536fc24b21f0,151,151,NANR animation,NANR animation
"포켓몬스터 하트골드 (Korea, IPKK, header ROM version 0)","포켓몬스터 소울실버 (Korea, IPGK, header ROM version 0)",/a/0/5/8,equal,114,114,,,6dc33bb2bcc21d3756163e7457e9f144251750cbb05c8b935b2d490cae84dbc6,6dc33bb2bcc21d3756163e7457e9f144251750cbb05c8b935b2d490cae84dbc6,6448,6448,NCGR graphics,NCGR graphics
"포켓몬스터 하트골드 (Korea, IPKK, header ROM version 0)","포켓몬스터 소울실버 (Korea, IPGK, header ROM version 0)",/a/0/5/8,equal,115,115,,,eb7f49a3ed5c3bab2da8dce1334d26f5270f4703d1276b55d6d5c513a8c5a484,eb7f49a3ed5c3bab2da8dce1334d26f5270f4703d1276b55d6d5c513a8c5a484,9648,9648,NCGR graphics,NCGR graphics
"포켓몬스터 하트골드 (Korea, IPKK, header ROM version 0)","포켓몬스터 소울실버 (Korea, IPGK, header ROM version 0)",/a/0/5/8,equal,116,116,,,407d7b17492e42af010617dc71ec72f389fd37ed0740a1f705df82134cfa5359,407d7b17492e42af010617dc71ec72f389fd37ed0740a1f705df82134cfa5359,552,552,NCLR palette,NCLR palette
"포켓몬스터 하트골드 (Korea, IPKK, header ROM version 0)","포켓몬스터 소울실버 (Korea, IPGK, header ROM version 0)",/a/0/5/8,equal,117,117,,,26efb9e51b870446a2d08630529439d3d4509fb0f3e5ce8675020b8045a3c311,26efb9e51b870446a2d08630529439d3d4509fb0f3e5ce8675020b8045a3c311,341,341,NCER cell,NCER cell
"포켓몬스터 하트골드 (Korea, IPKK, header ROM version 0)","포켓몬스터 소울실버 (Korea, IPGK, header ROM version 0)",/a/0/5/8,equal,118,118,,,8e1ab267c596cf1813bd10e44227052c273184db067235e37e82e7f8f0b2022b,8e1ab267c596cf1813bd10e44227052c273184db067235e37e82e7f8f0b2022b,409,409,NANR animation,NANR animation
"포켓몬스터 하트골드 (Korea, IPKK, header ROM version 0)","포켓몬스터 소울실버 (Korea, IPGK, header ROM version 0)",/a/0/5/8,equal,119,119,,,5dbdfb99305cc10f598ccb47115222dd182db3cde01f08fa688af4cf5ecaf694,5dbdfb99305cc10f598ccb47115222dd182db3cde01f08fa688af4cf5ecaf694,6448,6448,NCGR graphics,NCGR graphics
"포켓몬스터 하트골드 (Korea, IPKK, header ROM version 0)","포켓몬스터 소울실버 (Korea, IPGK, header ROM version 0)",/a/0/5/8,equal,120,120,,,4af791edf98c59f811c7a686fbf369f4b0e0dd0987cc397d77de6a43625dd249,4af791edf98c59f811c7a686fbf369f4b0e0dd0987cc397d77de6a43625dd249,3248,3248,NCGR graphics,NCGR graphics
"포켓몬스터 하트골드 (Korea, IPKK, header ROM version 0)","포켓몬스터 소울실버 (Korea, IPGK, header ROM version 0)",/a/0/5/8,equal,121,121,,,2244408c55324f9e303f64e32b202bd22709fae2c7c78e8bfbabe8662e29577a,2244408c55324f9e303f64e32b202bd22709fae2c7c78e8bfbabe8662e29577a,552,552,NCLR palette,NCLR palette
"포켓몬스터 하트골드 (Korea, IPKK, header ROM version 0)","포켓몬스터 소울실버 (Korea, IPGK, header ROM version 0)",/a/0/5/8,equal,122,122,,,8653d1a231b808ea29e3c614e7dcfc7eb1e8cc2042db51da415dfa58e8dea44c,8653d1a231b808ea29e3c614e7dcfc7eb1e8cc2042db51da415dfa58e8dea44c,175,175,NCER cell,NCER cell
"포켓몬스터 하트골드 (Korea, IPKK, header ROM version 0)","포켓몬스터 소울실버 (Korea, IPGK, header ROM version 0)",/a/0/5/8,equal,123,123,,,57c4f638dca35c82365e420f8c7d794c33f8f33053ddda43d831536fc24b21f0,57c4f638dca35c82365e420f8c7d794c33f8f33053ddda43d831536fc24b21f0,151,151,NANR animation,NANR animation
"포켓몬스터 하트골드 (Korea, IPKK, header ROM version 0)","포켓몬스터 소울실버 (Korea, IPGK, header ROM version 0)",/a/0/5/8,equal,124,124,,,cb929cf8ecfebdc65ab83092400a810125cd614e985d9d2c5d144e87ce071ab5,cb929cf8ecfebdc65ab83092400a810125cd614e985d9d2c5d144e87ce071ab5,6448,6448,NCGR graphics,NCGR graphics
"포켓몬스터 하트골드 (Korea, IPKK, header ROM version 0)","포켓몬스터 소울실버 (Korea, IPGK, header ROM version 0)",/a/0/5/8,equal,125,125,,,a0366a59137fd7b7050c5153f100bfb05a584d5c45b1a38bf53843d2efbbd751,a0366a59137fd7b7050c5153f100bfb05a584d5c45b1a38bf53843d2efbbd751,3248,3248,NCGR graphics,NCGR graphics
"포켓몬스터 하트골드 (Korea, IPKK, header ROM version 0)","포켓몬스터 소울실버 (Korea, IPGK, header ROM version 0)",/a/0/5/8,equal,126,126,,,2244408c55324f9e303f64e32b202bd22709fae2c7c78e8bfbabe8662e29577a,2244408c55324f9e303f64e32b202bd22709fae2c7c78e8bfbabe8662e29577a,552,552,NCLR palette,NCLR palette
"포켓몬스터 하트골드 (Korea, IPKK, header ROM version 0)","포켓몬스터 소울실버 (Korea, IPGK, header ROM version 0)",/a/0/5/8,equal,127,127,,,8653d1a231b808ea29e3c614e7dcfc7eb1e8cc2042db51da415dfa58e8dea44c,8653d1a231b808ea29e3c614e7dcfc7eb1e8cc2042db51da415dfa58e8dea44c,175,175,NCER cell,NCER cell
"포켓몬스터 하트골드 (Korea, IPKK, header ROM version 0)","포켓몬스터 소울실버 (Korea, IPGK, header ROM version 0)",/a/0/5/8,equal,128,128,,,57c4f638dca35c82365e420f8c7d794c33f8f33053ddda43d831536fc24b21f0,57c4f638dca35c82365e420f8c7d794c33f8f33053ddda43d831536fc24b21f0,151,151,NANR animation,NANR animation
"포켓몬스터 하트골드 (Korea, IPKK, header ROM version 0)","포켓몬스터 소울실버 (Korea, IPGK, header ROM version 0)",/a/0/5/8,equal,129,129,,,add729edf20c548733ded68980ec3645d6f28830967a0be2c862bf1c5852d5ae,add729edf20c548733ded68980ec3645d6f28830967a0be2c862bf1c5852d5ae,6448,6448,NCGR graphics,NCGR graphics
"포켓몬스터 하트골드 (Korea, IPKK, header ROM version 0)","포켓몬스터 소울실버 (Korea, IPGK, header ROM version 0)",/a/0/5/8,equal,130,130,,,bb3cd78a8591db79cbf648a01eb3d03cf2df021c97d239ffa52bee13c7e4c5a1,bb3cd78a8591db79cbf648a01eb3d03cf2df021c97d239ffa52bee13c7e4c5a1,3248,3248,NCGR graphics,NCGR graphics
"포켓몬스터 하트골드 (Korea, IPKK, header ROM version 0)","포켓몬스터 소울실버 (Korea, IPGK, header ROM version 0)",/a/0/5/8,equal,131,131,,,4192e87ee4dd8953906979f077b9b9274b971e050228555fbda54ddec2863780,4192e87ee4dd8953906979f077b9b9274b971e050228555fbda54ddec2863780,552,552,NCLR palette,NCLR palette
"포켓몬스터 하트골드 (Korea, IPKK, header ROM version 0)","포켓몬스터 소울실버 (Korea, IPGK, header ROM version 0)",/a/0/5/8,equal,132,132,,,8653d1a231b808ea29e3c614e7dcfc7eb1e8cc2042db51da415dfa58e8dea44c,8653d1a231b808ea29e3c614e7dcfc7eb1e8cc2042db51da415dfa58e8dea44c,175,175,NCER cell,NCER cell
"포켓몬스터 하트골드 (Korea, IPKK, header ROM version 0)","포켓몬스터 소울실버 (Korea, IPGK, header ROM version 0)",/a/0/5/8,equal,133,133,,,57c4f638dca35c82365e420f8c7d794c33f8f33053ddda43d831536fc24b21f0,57c4f638dca35c82365e420f8c7d794c33f8f33053ddda43d831536fc24b21f0,151,151,NANR animation,NANR animation
"포켓몬스터 하트골드 (Korea, IPKK, header ROM version 0)","포켓몬스터 소울실버 (Korea, IPGK, header ROM version 0)",/a/0/5/8,equal,134,134,,,371a075c1396e57f130749d92943301d2af6c39d510fa030e2e0eaa8e9a95880,371a075c1396e57f130749d92943301d2af6c39d510fa030e2e0eaa8e9a95880,6448,6448,NCGR graphics,NCGR graphics
"포켓몬스터 하트골드 (Korea, IPKK, header ROM version 0)","포켓몬스터 소울실버 (Korea, IPGK, header ROM version 0)",/a/0/5/8,equal,135,135,,,6ee9b8ef8ed921ee481492102aff687587373f665cb46bbab4306503ec5f6b53,6ee9b8ef8ed921ee481492102aff687587373f665cb46bbab4306503ec5f6b53,3248,3248,NCGR graphics,NCGR graphics
"포켓몬스터 하트골드 (Korea, IPKK, header ROM version 0)","포켓몬스터 소울실버 (Korea, IPGK, header ROM version 0)",/a/0/5/8,equal,136,136,,,e3f86b6b7f5c5b24ade9fec375319251419efffc501e1d5dd2f2ace86f3c7e33,e3f86b6b7f5c5b24ade9fec375319251419efffc501e1d5dd2f2ace86f3c7e33,552,552,NCLR palette,NCLR palette
"포켓몬스터 하트골드 (Korea, IPKK, header ROM version 0)","포켓몬스터 소울실버 (Korea, IPGK, header ROM version 0)",/a/0/5/8,equal,137,137,,,8653d1a231b808ea29e3c614e7dcfc7eb1e8cc2042db51da415dfa58e8dea44c,8653d1a231b808ea29e3c614e7dcfc7eb1e8cc2042db51da415dfa58e8dea44c,175,175,NCER cell,NCER cell
"포켓몬스터 하트골드 (Korea, IPKK, header ROM version 0)","포켓몬스터 소울실버 (Korea, IPGK, header ROM version 0)",/a/0/5/8,equal,138,138,,,57c4f638dca35c82365e420f8c7d794c33f8f33053ddda43d831536fc24b21f0,57c4f638dca35c82365e420f8c7d794c33f8f33053ddda43d831536fc24b21f0,151,151,NANR animation,NANR animation
"포켓몬스터 하트골드 (Korea, IPKK, header ROM version 0)","포켓몬스터 소울실버 (Korea, IPGK, header ROM version 0)",/a/0/5/8,equal,139,139,,,ba49ccab23782a483c72d56681dae33b48002ba7fed19fa0b29f96e7c6f0bec7,ba49ccab23782a483c72d56681dae33b48002ba7fed19fa0b29f96e7c6f0bec7,6448,6448,NCGR graphics,NCGR graphics
"포켓몬스터 하트골드 (Korea, IPKK, header ROM version 0)","포켓몬스터 소울실버 (Korea, IPGK, header ROM version 0)",/a/0/5/8,equal,140,140,,,10fec6706055362ca656f6c4afa6979c01b23c8c72d103d6d162af9f7f3dfe84,10fec6706055362ca656f6c4afa6979c01b23c8c72d103d6d162af9f7f3dfe84,3248,3248,NCGR graphics,NCGR graphics
"포켓몬스터 하트골드 (Korea, IPKK, header ROM version 0)","포켓몬스터 소울실버 (Korea, IPGK, header ROM version 0)",/a/0/5/8,equal,141,141,,,87e8af5c43a86148b7ad7905f498eac4a6e7c2ca9924a9851aa3549e92b0e564,87e8af5c43a86148b7ad7905f498eac4a6e7c2ca9924a9851aa3549e92b0e564,552,552,NCLR palette,NCLR palette
"포켓몬스터 하트골드 (Korea, IPKK, header ROM version 0)","포켓몬스터 소울실버 (Korea, IPGK, header ROM version 0)",/a/0/5/8,equal,142,142,,,8653d1a231b808ea29e3c614e7dcfc7eb1e8cc2042db51da415dfa58e8dea44c,8653d1a231b808ea29e3c614e7dcfc7eb1e8cc2042db51da415dfa58e8dea44c,175,175,NCER cell,NCER cell
"포켓몬스터 하트골드 (Korea, IPKK, header ROM version 0)","포켓몬스터 소울실버 (Korea, IPGK, header ROM version 0)",/a/0/5/8,equal,143,143,,,57c4f638dca35c82365e420f8c7d794c33f8f33053ddda43d831536fc24b21f0,57c4f638dca35c82365e420f8c7d794c33f8f33053ddda43d831536fc24b21f0,151,151,NANR animation,NANR animation
"포켓몬스터 하트골드 (Korea, IPKK, header ROM version 0)","포켓몬스터 소울실버 (Korea, IPGK, header ROM version 0)",/a/0/5/8,equal,144,144,,,be0f9d03da743dbf58327f963284d5a374404985742181b9e83722fc009cc8e2,be0f9d03da743dbf58327f963284d5a374404985742181b9e83722fc009cc8e2,6448,6448,NCGR graphics,NCGR graphics
"포켓몬스터 하트골드 (Korea, IPKK, header ROM version 0)","포켓몬스터 소울실버 (Korea, IPGK, header ROM version 0)",/a/0/5/8,equal,145,145,,,210bf49f56b427ad9603f82e9e2eae1478a5e10fb7eb53b428cc1da8b120a959,210bf49f56b427ad9603f82e9e2eae1478a5e10fb7eb53b428cc1da8b120a959,3248,3248,NCGR graphics,NCGR graphics
"포켓몬스터 하트골드 (Korea, IPKK, header ROM version 0)","포켓몬스터 소울실버 (Korea, IPGK, header ROM version 0)",/a/0/5/8,equal,146,146,,,33636d1c24a4adefe8be92693e66e0d64ea04b2631d387668c535d7f1e2c4bac,33636d1c24a4adefe8be92693e66e0d64ea04b2631d387668c535d7f1e2c4bac,552,552,NCLR palette,NCLR palette
"포켓몬스터 하트골드 (Korea, IPKK, header ROM version 0)","포켓몬스터 소울실버 (Korea, IPGK, header ROM version 0)",/a/0/5/8,equal,147,147,,,8653d1a231b808ea29e3c614e7dcfc7eb1e8cc2042db51da415dfa58e8dea44c,8653d1a231b808ea29e3c614e7dcfc7eb1e8cc2042db51da415dfa58e8dea44c,175,175,NCER cell,NCER cell
"포켓몬스터 하트골드 (Korea, IPKK, header ROM version 0)","포켓몬스터 소울실버 (Korea, IPGK, header ROM version 0)",/a/0/5/8,equal,148,148,,,57c4f638dca35c82365e420f8c7d794c33f8f33053ddda43d831536fc24b21f0,57c4f638dca35c82365e420f8c7d794c33f8f33053ddda43d831536fc24b21f0,151,151,NANR animation,NANR animation
"포켓몬스터 하트골드 (Korea, IPKK, header ROM version 0)","포켓몬스터 소울실버 (Korea, IPGK, header ROM version 0)",/a/0/5/8,equal,149,149,,,fc3247602c64d0188c09860efb086c906a8a692d66714b12a0ebc1c00b00ed35,fc3247602c64d0188c09860efb086c906a8a692d66714b12a0ebc1c00b00ed35,6448,6448,NCGR graphics,NCGR graphics
"포켓몬스터 하트골드 (Korea, IPKK, header ROM version 0)","포켓몬스터 소울실버 (Korea, IPGK, header ROM version 0)",/a/0/5/8,equal,150,150,,,6ef8c29f8ef7b62c5971724fa7196bc9178f4f1bc611214bf0750eefd162bdcf,6ef8c29f8ef7b62c5971724fa7196bc9178f4f1bc611214bf0750eefd162bdcf,3248,3248,NCGR graphics,NCGR graphics
"포켓몬스터 하트골드 (Korea, IPKK, header ROM version 0)","포켓몬스터 소울실버 (Korea, IPGK, header ROM version 0)",/a/0/5/8,equal,151,151,,,0dd74e9c2d799fa2277449ea94cc2c9e66daf9b57723b53ead609d7c682caae0,0dd74e9c2d799fa2277449ea94cc2c9e66daf9b57723b53ead609d7c682caae0,552,552,NCLR palette,NCLR palette
"포켓몬스터 하트골드 (Korea, IPKK, header ROM version 0)","포켓몬스터 소울실버 (Korea, IPGK, header ROM version 0)",/a/0/5/8,equal,152,152,,,8653d1a231b808ea29e3c614e7dcfc7eb1e8cc2042db51da415dfa58e8dea44c,8653d1a231b808ea29e3c614e7dcfc7eb1e8cc2042db51da415dfa58e8dea44c,175,175,NCER cell,NCER cell
"포켓몬스터 하트골드 (Korea, IPKK, header ROM version 0)","포켓몬스터 소울실버 (Korea, IPGK, header ROM version 0)",/a/0/5/8,equal,153,153,,,57c4f638dca35c82365e420f8c7d794c33f8f33053ddda43d831536fc24b21f0,57c4f638dca35c82365e420f8c7d794c33f8f33053ddda43d831536fc24b21f0,151,151,NANR animation,NANR animation
"포켓몬스터 하트골드 (Korea, IPKK, header ROM version 0)","포켓몬스터 소울실버 (Korea, IPGK, header ROM version 0)",/a/0/5/8,equal,154,154,,,650f6e95195755fc9b25f3453a729a5e1b1902365db3c6da5bcb506faac7f668,650f6e95195755fc9b25f3453a729a5e1b1902365db3c6da5bcb506faac7f668,6448,6448,NCGR graphics,NCGR graphics
"포켓몬스터 하트골드 (Korea, IPKK, header ROM version 0)","포켓몬스터 소울실버 (Korea, IPGK, header ROM version 0)",/a/0/5/8,equal,155,155,,,f0718192082cb3dbcf7bce0450a5d7f4e1df43301a99db30e2f935730a4e53a4,f0718192082cb3dbcf7bce0450a5d7f4e1df43301a99db30e2f935730a4e53a4,3248,3248,NCGR graphics,NCGR graphics
"포켓몬스터 하트골드 (Korea, IPKK, header ROM version 0)","포켓몬스터 소울실버 (Korea, IPGK, header ROM version 0)",/a/0/5/8,equal,156,156,,,ec93caa304d922181cdc2012caa9aefcf327f0e237717d40f7e1b3a1f1f016ce,ec93caa304d922181cdc2012caa9aefcf327f0e237717d40f7e1b3a1f1f016ce,552,552,NCLR palette,NCLR palette
"포켓몬스터 하트골드 (Korea, IPKK, header ROM version 0)","포켓몬스터 소울실버 (Korea, IPGK, header ROM version 0)",/a/0/5/8,equal,157,157,,,8653d1a231b808ea29e3c614e7dcfc7eb1e8cc2042db51da415dfa58e8dea44c,8653d1a231b808ea29e3c614e7dcfc7eb1e8cc2042db51da415dfa58e8dea44c,175,175,NCER cell,NCER cell
"포켓몬스터 하트골드 (Korea, IPKK, header ROM version 0)","포켓몬스터 소울실버 (Korea, IPGK, header ROM version 0)",/a/0/5/8,equal,158,158,,,57c4f638dca35c82365e420f8c7d794c33f8f33053ddda43d831536fc24b21f0,57c4f638dca35c82365e420f8c7d794c33f8f33053ddda43d831536fc24b21f0,151,151,NANR animation,NANR animation
"포켓몬스터 하트골드 (Korea, IPKK, header ROM version 0)","포켓몬스터 소울실버 (Korea, IPGK, header ROM version 0)",/a/0/5/8,equal,159,159,,,5baf96143bff4cc1ccacb32b43ae3a1d9ccc80afc7d00fb1f06741bfbac10877,5baf96143bff4cc1ccacb32b43ae3a1d9ccc80afc7d00fb1f06741bfbac10877,6448,6448,NCGR graphics,NCGR graphics
"포켓몬스터 하트골드 (Korea, IPKK, header ROM version 0)","포켓몬스터 소울실버 (Korea, IPGK, header ROM version 0)",/a/0/5/8,equal,160,160,,,21b03e8bf560d8f1cabfc9a6550b408c51e7075bb3619863227455f88f544fad,21b03e8bf560d8f1cabfc9a6550b408c51e7075bb3619863227455f88f544fad,3248,3248,NCGR graphics,NCGR graphics
"포켓몬스터 하트골드 (Korea, IPKK, header ROM version 0)","포켓몬스터 소울실버 (Korea, IPGK, header ROM version 0)",/a/0/5/8,equal,161,161,,,7255535d6acab8697fc4e35d6e257081a9b1d011d8c034799190af163c0d4720,7255535d6acab8697fc4e35d6e257081a9b1d011d8c034799190af163c0d4720,552,552,NCLR palette,NCLR palette
"포켓몬스터 하트골드 (Korea, IPKK, header ROM version 0)","포켓몬스터 소울실버 (Korea, IPGK, header ROM version 0)",/a/0/5/8,equal,162,162,,,8653d1a231b808ea29e3c614e7dcfc7eb1e8cc2042db51da415dfa58e8dea44c,8653d1a231b808ea29e3c614e7dcfc7eb1e8cc2042db51da415dfa58e8dea44c,175,175,NCER cell,NCER cell
"포켓몬스터 하트골드 (Korea, IPKK, header ROM version 0)","포켓몬스터 소울실버 (Korea, IPGK, header ROM version 0)",/a/0/5/8,equal,163,163,,,57c4f638dca35c82365e420f8c7d794c33f8f33053ddda43d831536fc24b21f0,57c4f638dca35c82365e420f8c7d794c33f8f33053ddda43d831536fc24b21f0,151,151,NANR animation,NANR animation
"포켓몬스터 하트골드 (Korea, IPKK, header ROM version 0)","포켓몬스터 소울실버 (Korea, IPGK, header ROM version 0)",/a/0/5/8,equal,164,164,,,ce14a5563ae448b7e1fcdbb203ea4afba86f38f0b848ce6ae6ccc04a70eb625f,ce14a5563ae448b7e1fcdbb203ea4afba86f38f0b848ce6ae6ccc04a70eb625f,6448,6448,NCGR graphics,NCGR graphics
"포켓몬스터 하트골드 (Korea, IPKK, header ROM version 0)","포켓몬스터 소울실버 (Korea, IPGK, header ROM version 0)",/a/0/5/8,equal,165,165,,,26854981972035dd56b1af372c5e027bf3bfc6b65b596fc28ff475b8ea986622,26854981972035dd56b1af372c5e027bf3bfc6b65b596fc28ff475b8ea986622,3248,3248,NCGR graphics,NCGR graphics
"포켓몬스터 하트골드 (Korea, IPKK, header ROM version 0)","포켓몬스터 소울실버 (Korea, IPGK, header ROM version 0)",/a/0/5/8,equal,166,166,,,c0de8cd960606be20c4e67d673d03ee5baacac1d93b7d7805028ed49a3690942,c0de8cd960606be20c4e67d673d03ee5baacac1d93b7d7805028ed49a3690942,552,552,NCLR palette,NCLR palette
"포켓몬스터 하트골드 (Korea, IPKK, header ROM version 0)","포켓몬스터 소울실버 (Korea, IPGK, header ROM version 0)",/a/0/5/8,equal,167,167,,,8653d1a231b808ea29e3c614e7dcfc7eb1e8cc2042db51da415dfa58e8dea44c,8653d1a231b808ea29e3c614e7dcfc7eb1e8cc2042db51da415dfa58e8dea44c,175,175,NCER cell,NCER cell
"포켓몬스터 하트골드 (Korea, IPKK, header ROM version 0)","포켓몬스터 소울실버 (Korea, IPGK, header ROM version 0)",/a/0/5/8,equal,168,168,,,57c4f638dca35c82365e420f8c7d794c33f8f33053ddda43d831536fc24b21f0,57c4f638dca35c82365e420f8c7d794c33f8f33053ddda43d831536fc24b21f0,151,151,NANR animation,NANR animation
"포켓몬스터 하트골드 (Korea, IPKK, header ROM version 0)","포켓몬스터 소울실버 (Korea, IPGK, header ROM version 0)",/a/0/5/8,equal,169,169,,,b13f2b094515214309caea4a229cc3dc2ed08d8d64b6b1fe54ddf410f646bf4c,b13f2b094515214309caea4a229cc3dc2ed08d8d64b6b1fe54ddf410f646bf4c,6448,6448,NCGR graphics,NCGR graphics
"포켓몬스터 하트골드 (Korea, IPKK, header ROM version 0)","포켓몬스터 소울실버 (Korea, IPGK, header ROM version 0)",/a/0/5/8,equal,170,170,,,9c1d25af48ec4fd706c49976bb3377b110dce7f76912e137b3c8e76d89e07b70,9c1d25af48ec4fd706c49976bb3377b110dce7f76912e137b3c8e76d89e07b70,3248,3248,NCGR graphics,NCGR graphics
"포켓몬스터 하트골드 (Korea, IPKK, header ROM version 0)","포켓몬스터 소울실버 (Korea, IPGK, header ROM version 0)",/a/0/5/8,equal,171,171,,,1dcecc1ac36a20de60cf4ec2855480ad2d5e051069fca314c3a6463547b72ff8,1dcecc1ac36a20de60cf4ec2855480ad2d5e051069fca314c3a6463547b72ff8,552,552,NCLR palette,NCLR palette
"포켓몬스터 하트골드 (Korea, IPKK, header ROM version 0)","포켓몬스터 소울실버 (Korea, IPGK, header ROM version 0)",/a/0/5/8,equal,172,172,,,8653d1a231b808ea29e3c614e7dcfc7eb1e8cc2042db51da415dfa58e8dea44c,8653d1a231b808ea29e3c614e7dcfc7eb1e8cc2042db51da415dfa58e8dea44c,175,175,NCER cell,NCER cell
"포켓몬스터 하트골드 (Korea, IPKK, header ROM version 0)","포켓몬스터 소울실버 (Korea, IPGK, header ROM version 0)",/a/0/5/8,equal,173,173,,,57c4f638dca35c82365e420f8c7d794c33f8f33053ddda43d831536fc24b21f0,57c4f638dca35c82365e420f8c7d794c33f8f33053ddda43d831536fc24b21f0,151,151,NANR animation,NANR animation
"포켓몬스터 하트골드 (Korea, IPKK, header ROM version 0)","포켓몬스터 소울실버 (Korea, IPGK, header ROM version 0)",/a/0/5/8,equal,174,174,,,d1a9896723fc0f44f62fa5c622cb57605fc8e3112107961f430ac93e88b1d976,d1a9896723fc0f44f62fa5c622cb57605fc8e3112107961f430ac93e88b1d976,6448,6448,NCGR graphics,NCGR graphics
"포켓몬스터 하트골드 (Korea, IPKK, header ROM version 0)","포켓몬스터 소울실버 (Korea, IPGK, header ROM version 0)",/a/0/5/8,equal,175,175,,,a829e1391f3e407bd03b84cd0ac35ee9783bb4c2195ab95a6050d6b87102f997,a829e1391f3e407bd03b84cd0ac35ee9783bb4c2195ab95a6050d6b87102f997,3248,3248,NCGR graphics,NCGR graphics
"포켓몬스터 하트골드 (Korea, IPKK, header ROM version 0)","포켓몬스터 소울실버 (Korea, IPGK, header ROM version 0)",/a/0/5/8,equal,176,176,,,10f268a2ca583960b59cd419cc2f33ed31515c90f5090d43a2eee68c6fba5ba7,10f268a2ca583960b59cd419cc2f33ed31515c90f5090d43a2eee68c6fba5ba7,552,552,NCLR palette,NCLR palette
"포켓몬스터 하트골드 (Korea, IPKK, header ROM version 0)","포켓몬스터 소울실버 (Korea, IPGK, header ROM version 0)",/a/0/5/8,equal,177,177,,,8653d1a231b808ea29e3c614e7dcfc7eb1e8cc2042db51da415dfa58e8dea44c,8653d1a231b808ea29e3c614e7dcfc7eb1e8cc2042db51da415dfa58e8dea44c,175,175,NCER cell,NCER cell
"포켓몬스터 하트골드 (Korea, IPKK, header ROM version 0)","포켓몬스터 소울실버 (Korea, IPGK, header ROM version 0)",/a/0/5/8,equal,178,178,,,57c4f638dca35c82365e420f8c7d794c33f8f33053ddda43d831536fc24b21f0,57c4f638dca35c82365e420f8c7d794c33f8f33053ddda43d831536fc24b21f0,151,151,NANR animation,NANR animation
"포켓몬스터 하트골드 (Korea, IPKK, header ROM version 0)","포켓몬스터 소울실버 (Korea, IPGK, header ROM version 0)",/a/0/5/8,equal,179,179,,,91eb4bd2a0d1a373471074427269ddd37cfab9d9b9c8c9c674efe6df25e61bf1,91eb4bd2a0d1a373471074427269ddd37cfab9d9b9c8c9c674efe6df25e61bf1,6448,6448,NCGR graphics,NCGR graphics
"포켓몬스터 하트골드 (Korea, IPKK, header ROM version 0)","포켓몬스터 소울실버 (Korea, IPGK, header ROM version 0)",/a/0/5/8,equal,180,180,,,f5d805bf783d78d57418918bfe3b25fb2b034517076c4355c0f64e7a63dec273,f5d805bf783d78d57418918bfe3b25fb2b034517076c4355c0f64e7a63dec273,3248,3248,NCGR graphics,NCGR graphics
"포켓몬스터 하트골드 (Korea, IPKK, header ROM version 0)","포켓몬스터 소울실버 (Korea, IPGK, header ROM version 0)",/a/0/5/8,equal,181,181,,,eb7bc307d42a7e2c6f74b920800786dcbc5ad3ff615a08a99a54fbb38558a76a,eb7bc307d42a7e2c6f74b920800786dcbc5ad3ff615a08a99a54fbb38558a76a,552,552,NCLR palette,NCLR palette
"포켓몬스터 하트골드 (Korea, IPKK, header ROM version 0)","포켓몬스터 소울실버 (Korea, IPGK, header ROM version 0)",/a/0/5/8,equal,182,182,,,8653d1a231b808ea29e3c614e7dcfc7eb1e8cc2042db51da415dfa58e8dea44c,8653d1a231b808ea29e3c614e7dcfc7eb1e8cc2042db51da415dfa58e8dea44c,175,175,NCER cell,NCER cell
"포켓몬스터 하트골드 (Korea, IPKK, header ROM version 0)","포켓몬스터 소울실버 (Korea, IPGK, header ROM version 0)",/a/0/5/8,equal,183,183,,,57c4f638dca35c82365e420f8c7d794c33f8f33053ddda43d831536fc24b21f0,57c4f638dca35c82365e420f8c7d794c33f8f33053ddda43d831536fc24b21f0,151,151,NANR animation,NANR animation
"포켓몬스터 하트골드 (Korea, IPKK, header ROM version 0)","포켓몬스터 소울실버 (Korea, IPGK, header ROM version 0)",/a/0/5/8,equal,184,184,,,a5b7d4cfd10499570e0ebafab704f81d3ec29b5b9b1a91c971b01434126f6050,a5b7d4cfd10499570e0ebafab704f81d3ec29b5b9b1a91c971b01434126f6050,6448,6448,NCGR graphics,NCGR graphics
"포켓몬스터 하트골드 (Korea, IPKK, header ROM version 0)","포켓몬스터 소울실버 (Korea, IPGK, header ROM version 0)",/a/0/5/8,equal,185,185,,,fb488a07761106819adf2d0810f5db8961b05d72da90ceef79dcd3e63aec4c66,fb488a07761106819adf2d0810f5db8961b05d72da90ceef79dcd3e63aec4c66,3248,3248,NCGR graphics,NCGR graphics
"포켓몬스터 하트골드 (Korea, IPKK, header ROM version 0)","포켓몬스터 소울실버 (Korea, IPGK, header ROM version 0)",/a/0/5/8,equal,186,186,,,3e2de8e4ac5f9c12fe25b9c2af1b347887df484a7107085cee85228fdbbe89b9,3e2de8e4ac5f9c12fe25b9c2af1b347887df484a7107085cee85228fdbbe89b9,552,552,NCLR palette,NCLR palette
"포켓몬스터 하트골드 (Korea, IPKK, header ROM version 0)","포켓몬스터 소울실버 (Korea, IPGK, header ROM version 0)",/a/0/5/8,equal,187,187,,,8653d1a231b808ea29e3c614e7dcfc7eb1e8cc2042db51da415dfa58e8dea44c,8653d1a231b808ea29e3c614e7dcfc7eb1e8cc2042db51da415dfa58e8dea44c,175,175,NCER cell,NCER cell
"포켓몬스터 하트골드 (Korea, IPKK, header ROM version 0)","포켓몬스터 소울실버 (Korea, IPGK, header ROM version 0)",/a/0/5/8,equal,188,188,,,57c4f638dca35c82365e420f8c7d794c33f8f33053ddda43d831536fc24b21f0,57c4f638dca35c82365e420f8c7d794c33f8f33053ddda43d831536fc24b21f0,151,151,NANR animation,NANR animation
"포켓몬스터 하트골드 (Korea, IPKK, header ROM version 0)","포켓몬스터 소울실버 (Korea, IPGK, header ROM version 0)",/a/0/5/8,equal,189,189,,,b1532df1dad17bc2f93aeaf4ca2a230a75ed63d59ef47597297a55a4f9ca2b31,b1532df1dad17bc2f93aeaf4ca2a230a75ed63d59ef47597297a55a4f9ca2b31,6448,6448,NCGR graphics,NCGR graphics
"포켓몬스터 하트골드 (Korea, IPKK, header ROM version 0)","포켓몬스터 소울실버 (Korea, IPGK, header ROM version 0)",/a/0/5/8,equal,190,190,,,2a1371529a5586d3f9c7d2e14d4e3cc44360b0aadf9877185ab395c2b0f18ef2,2a1371529a5586d3f9c7d2e14d4e3cc44360b0aadf9877185ab395c2b0f18ef2,3248,3248,NCGR graphics,NCGR graphics
"포켓몬스터 하트골드 (Korea, IPKK, header ROM version 0)","포켓몬스터 소울실버 (Korea, IPGK, header ROM version 0)",/a/0/5/8,equal,191,191,,,544530b859320f3514b3c4fa1a49eec20a2b69730232e44ba30286cac74f58cd,544530b859320f3514b3c4fa1a49eec20a2b69730232e44ba30286cac74f58cd,552,552,NCLR palette,NCLR palette
"포켓몬스터 하트골드 (Korea, IPKK, header ROM version 0)","포켓몬스터 소울실버 (Korea, IPGK, header ROM version 0)",/a/0/5/8,equal,192,192,,,8653d1a231b808ea29e3c614e7dcfc7eb1e8cc2042db51da415dfa58e8dea44c,8653d1a231b808ea29e3c614e7dcfc7eb1e8cc2042db51da415dfa58e8dea44c,175,175,NCER cell,NCER cell
"포켓몬스터 하트골드 (Korea, IPKK, header ROM version 0)","포켓몬스터 소울실버 (Korea, IPGK, header ROM version 0)",/a/0/5/8,equal,193,193,,,57c4f638dca35c82365e420f8c7d794c33f8f33053ddda43d831536fc24b21f0,57c4f638dca35c82365e420f8c7d794c33f8f33053ddda43d831536fc24b21f0,151,151,NANR animation,NANR animation
"포켓몬스터 하트골드 (Korea, IPKK, header ROM version 0)","포켓몬스터 소울실버 (Korea, IPGK, header ROM version 0)",/a/0/5/8,equal,194,194,,,b8a67e8c085b8f9123b588028ca1ce3712b76e7fa90aabeae30ed8f47370ceac,b8a67e8c085b8f9123b588028ca1ce3712b76e7fa90aabeae30ed8f47370ceac,6448,6448,NCGR graphics,NCGR graphics
"포켓몬스터 하트골드 (Korea, IPKK, header ROM version 0)","포켓몬스터 소울실버 (Korea, IPGK, header ROM version 0)",/a/0/5/8,equal,195,195,,,f4997e12a101cef8712a805ea6ee02dda0a7ddf63bd151d447b85ddc52644e8f,f4997e12a101cef8712a805ea6ee02dda0a7ddf63bd151d447b85ddc52644e8f,3248,3248,NCGR graphics,NCGR graphics
"포켓몬스터 하트골드 (Korea, IPKK, header ROM version 0)","포켓몬스터 소울실버 (Korea, IPGK, header ROM version 0)",/a/0/5/8,equal,196,196,,,1b634bb8cb244b804e888f67a2563e633d05e7e3ee4029ff02b6afa8d02ec43d,1b634bb8cb244b804e888f67a2563e633d05e7e3ee4029ff02b6afa8d02ec43d,552,552,NCLR palette,NCLR palette
"포켓몬스터 하트골드 (Korea, IPKK, header ROM version 0)","포켓몬스터 소울실버 (Korea, IPGK, header ROM version 0)",/a/0/5/8,equal,197,197,,,8653d1a231b808ea29e3c614e7dcfc7eb1e8cc2042db51da415dfa58e8dea44c,8653d1a231b808ea29e3c614e7dcfc7eb1e8cc2042db51da415dfa58e8dea44c,175,175,NCER cell,NCER cell
"포켓몬스터 하트골드 (Korea, IPKK, header ROM version 0)","포켓몬스터 소울실버 (Korea, IPGK, header ROM version 0)",/a/0/5/8,equal,198,198,,,57c4f638dca35c82365e420f8c7d794c33f8f33053ddda43d831536fc24b21f0,57c4f638dca35c82365e420f8c7d794c33f8f33053ddda43d831536fc24b21f0,151,151,NANR animation,NANR animation
"포켓몬스터 하트골드 (Korea, IPKK, header ROM version 0)","포켓몬스터 소울실버 (Korea, IPGK, header ROM version 0)",/a/0/5/8,equal,199,199,,,daf916155e0107d47c09661be58cc09e45ce6aaf1ebc962809d0d54d60d4e358,daf916155e0107d47c09661be58cc09e45ce6aaf1ebc962809d0d54d60d4e358,6448,6448,NCGR graphics,NCGR graphics
"포켓몬스터 하트골드 (Korea, IPKK, header ROM version 0)","포켓몬스터 소울실버 (Korea, IPGK, header ROM version 0)",/a/0/5/8,equal,200,200,,,ec854619a6df8ba8efd3c4655f80978daaadffc510d58db84658fa14c2c79c00,ec854619a6df8ba8efd3c4655f80978daaadffc510d58db84658fa14c2c79c00,3248,3248,NCGR graphics,NCGR graphics
"포켓몬스터 하트골드 (Korea, IPKK, header ROM version 0)","포켓몬스터 소울실버 (Korea, IPGK, header ROM version 0)",/a/0/5/8,equal,201,201,,,1b634bb8cb244b804e888f67a2563e633d05e7e3ee4029ff02b6afa8d02ec43d,1b634bb8cb244b804e888f67a2563e633d05e7e3ee4029ff02b6afa8d02ec43d,552,552,NCLR palette,NCLR palette
"포켓몬스터 하트골드 (Korea, IPKK, header ROM version 0)","포켓몬스터 소울실버 (Korea, IPGK, header ROM version 0)",/a/0/5/8,equal,202,202,,,8653d1a231b808ea29e3c614e7dcfc7eb1e8cc2042db51da415dfa58e8dea44c,8653d1a231b808ea29e3c614e7dcfc7eb1e8cc2042db51da415dfa58e8dea44c,175,175,NCER cell,NCER cell
"포켓몬스터 하트골드 (Korea, IPKK, header ROM version 0)","포켓몬스터 소울실버 (Korea, IPGK, header ROM version 0)",/a/0/5/8,equal,203,203,,,57c4f638dca35c82365e420f8c7d794c33f8f33053ddda43d831536fc24b21f0,57c4f638dca35c82365e420f8c7d794c33f8f33053ddda43d831536fc24b21f0,151,151,NANR animation,NANR animation
"포켓몬스터 하트골드 (Korea, IPKK, header ROM version 0)","포켓몬스터 소울실버 (Korea, IPGK, header ROM version 0)",/a/0/5/8,equal,204,204,,,e9c69b53120b2530e3b3c02ae8cdf0ce776bad096ed59dc0c755952b9f1652a5,e9c69b53120b2530e3b3c02ae8cdf0ce776bad096ed59dc0c755952b9f1652a5,6448,6448,NCGR graphics,NCGR graphics
"포켓몬스터 하트골드 (Korea, IPKK, header ROM version 0)","포켓몬스터 소울실버 (Korea, IPGK, header ROM version 0)",/a/0/5/8,equal,205,205,,,5c17abfa62e2eb155458feaa7815de11d99a38daf3e22ba2aaed6de5bae8e0ab,5c17abfa62e2eb155458feaa7815de11d99a38daf3e22ba2aaed6de5bae8e0ab,3248,3248,NCGR graphics,NCGR graphics
"포켓몬스터 하트골드 (Korea, IPKK, header ROM version 0)","포켓몬스터 소울실버 (Korea, IPGK, header ROM version 0)",/a/0/5/8,equal,206,206,,,123afdd847b1930005ebdcafd8eabe8ce2e7f449e7bb96365117df3e95441f5f,123afdd847b1930005ebdcafd8eabe8ce2e7f449e7bb96365117df3e95441f5f,552,552,NCLR palette,NCLR palette
"포켓몬스터 하트골드 (Korea, IPKK, header ROM version 0)","포켓몬스터 소울실버 (Korea, IPGK, header ROM version 0)",/a/0/5/8,equal,207,207,,,8653d1a231b808ea29e3c614e7dcfc7eb1e8cc2042db51da415dfa58e8dea44c,8653d1a231b808ea29e3c614e7dcfc7eb1e8cc2042db51da415dfa58e8dea44c,175,175,NCER cell,NCER cell
"포켓몬스터 하트골드 (Korea, IPKK, header ROM version 0)","포켓몬스터 소울실버 (Korea, IPGK, header ROM version 0)",/a/0/5/8,equal,208,208,,,57c4f638dca35c82365e420f8c7d794c33f8f33053ddda43d831536fc24b21f0,57c4f638dca35c82365e420f8c7d794c33f8f33053ddda43d831536fc24b21f0,151,151,NANR animation,NANR animation
"포켓몬스터 하트골드 (Korea, IPKK, header ROM version 0)","포켓몬스터 소울실버 (Korea, IPGK, header ROM version 0)",/a/0/5/8,equal,209,209,,,b7269282200775136b221cb3725cf306d6d019f5b5ba7be03e061114442cd46f,b7269282200775136b221cb3725cf306d6d019f5b5ba7be03e061114442cd46f,6448,6448,NCGR graphics,NCGR graphics
"포켓몬스터 하트골드 (Korea, IPKK, header ROM version 0)","포켓몬스터 소울실버 (Korea, IPGK, header ROM version 0)",/a/0/5/8,equal,210,210,,,288bc6d4389a1ffc02031a2e953ddfc2472508e214615fcb208a632a3982e1bd,288bc6d4389a1ffc02031a2e953ddfc2472508e214615fcb208a632a3982e1bd,3248,3248,NCGR graphics,NCGR graphics
"포켓몬스터 하트골드 (Korea, IPKK, header ROM version 0)","포켓몬스터 소울실버 (Korea, IPGK, header ROM version 0)",/a/0/5/8,equal,211,211,,,91ea2563940da95d30de4ceae49303cd5cdf377b95c6f051a1d7ebe1c306f595,91ea2563940da95d30de4ceae49303cd5cdf377b95c6f051a1d7ebe1c306f595,552,552,NCLR palette,NCLR palette
"포켓몬스터 하트골드 (Korea, IPKK, header ROM version 0)","포켓몬스터 소울실버 (Korea, IPGK, header ROM version 0)",/a/0/5/8,equal,212,212,,,8653d1a231b808ea29e3c614e7dcfc7eb1e8cc2042db51da415dfa58e8dea44c,8653d1a231b808ea29e3c614e7dcfc7eb1e8cc2042db51da415dfa58e8dea44c,175,175,NCER cell,NCER cell
"포켓몬스터 하트골드 (Korea, IPKK, header ROM version 0)","포켓몬스터 소울실버 (Korea, IPGK, header ROM version 0)",/a/0/5/8,equal,213,213,,,57c4f638dca35c82365e420f8c7d794c33f8f33053ddda43d831536fc24b21f0,57c4f638dca35c82365e420f8c7d794c33f8f33053ddda43d831536fc24b21f0,151,151,NANR animation,NANR animation
"포켓몬스터 하트골드 (Korea, IPKK, header ROM version 0)","포켓몬스터 소울실버 (Korea, IPGK, header ROM version 0)",/a/0/5/8,equal,214,214,,,a16169f70a634d7487929accd1648a86da75f06e4dd68fd4b9aadc01401f1b94,a16169f70a634d7487929accd1648a86da75f06e4dd68fd4b9aadc01401f1b94,6448,6448,NCGR graphics,NCGR graphics
"포켓몬스터 하트골드 (Korea, IPKK, header ROM version 0)","포켓몬스터 소울실버 (Korea, IPGK, header ROM version 0)",/a/0/5/8,equal,215,215,,,6dcc42d69f3ee12a4acf1a4998b5c009e96ab7ff15eeed4b988da6994deb9614,6dcc42d69f3ee12a4acf1a4998b5c009e96ab7ff15eeed4b988da6994deb9614,3248,3248,NCGR graphics,NCGR graphics
"포켓몬스터 하트골드 (Korea, IPKK, header ROM version 0)","포켓몬스터 소울실버 (Korea, IPGK, header ROM version 0)",/a/0/5/8,equal,216,216,,,7653505d46547c94d09ea472b23180daeacbf3d5b163e02118358a85ebc6fc67,7653505d46547c94d09ea472b23180daeacbf3d5b163e02118358a85ebc6fc67,552,552,NCLR palette,NCLR palette
"포켓몬스터 하트골드 (Korea, IPKK, header ROM version 0)","포켓몬스터 소울실버 (Korea, IPGK, header ROM version 0)",/a/0/5/8,equal,217,217,,,8653d1a231b808ea29e3c614e7dcfc7eb1e8cc2042db51da415dfa58e8dea44c,8653d1a231b808ea29e3c614e7dcfc7eb1e8cc2042db51da415dfa58e8dea44c,175,175,NCER cell,NCER cell
"포켓몬스터 하트골드 (Korea, IPKK, header ROM version 0)","포켓몬스터 소울실버 (Korea, IPGK, header ROM version 0)",/a/0/5/8,equal,218,218,,,57c4f638dca35c82365e420f8c7d794c33f8f33053ddda43d831536fc24b21f0,57c4f638dca35c82365e420f8c7d794c33f8f33053ddda43d831536fc24b21f0,151,151,NANR animation,NANR animation
"포켓몬스터 하트골드 (Korea, IPKK, header ROM version 0)","포켓몬스터 소울실버 (Korea, IPGK, header ROM version 0)",/a/0/5/8,equal,219,219,,,ec46f55c5007f5aff83d940d55da6227343a2aab955b8f00b0780982b424fc76,ec46f55c5007f5aff83d940d55da6227343a2aab955b8f00b0780982b424fc76,6448,6448,NCGR graphics,NCGR graphics
"포켓몬스터 하트골드 (Korea, IPKK, header ROM version 0)","포켓몬스터 소울실버 (Korea, IPGK, header ROM version 0)",/a/0/5/8,equal,220,220,,,73625ef4ba07423d7c2bb4b0c6ffe97c560f656e0394b8eb8bbe421f0508ac81,73625ef4ba07423d7c2bb4b0c6ffe97c560f656e0394b8eb8bbe421f0508ac81,3248,3248,NCGR graphics,NCGR graphics
"포켓몬스터 하트골드 (Korea, IPKK, header ROM version 0)","포켓몬스터 소울실버 (Korea, IPGK, header ROM version 0)",/a/0/5/8,equal,221,221,,,295d4c72b4863cddd29494791219260ce307f8b1cd8aae93528013f4f21fd689,295d4c72b4863cddd29494791219260ce307f8b1cd8aae93528013f4f21fd689,552,552,NCLR palette,NCLR palette
"포켓몬스터 하트골드 (Korea, IPKK, header ROM version 0)","포켓몬스터 소울실버 (Korea, IPGK, header ROM version 0)",/a/0/5/8,equal,222,222,,,8653d1a231b808ea29e3c614e7dcfc7eb1e8cc2042db51da415dfa58e8dea44c,8653d1a231b808ea29e3c614e7dcfc7eb1e8cc2042db51da415dfa58e8dea44c,175,175,NCER cell,NCER cell
"포켓몬스터 하트골드 (Korea, IPKK, header ROM version 0)","포켓몬스터 소울실버 (Korea, IPGK, header ROM version 0)",/a/0/5/8,equal,223,223,,,57c4f638dca35c82365e420f8c7d794c33f8f33053ddda43d831536fc24b21f0,57c4f638dca35c82365e420f8c7d794c33f8f33053ddda43d831536fc24b21f0,151,151,NANR animation,NANR animation
"포켓몬스터 하트골드 (Korea, IPKK, header ROM version 0)","포켓몬스터 소울실버 (Korea, IPGK, header ROM version 0)",/a/0/5/8,equal,224,224,,,7708b8def1c5708646d2989515c747e429a7f31e97f093e242907b11fcd67360,7708b8def1c5708646d2989515c747e429a7f31e97f093e242907b11fcd67360,6448,6448,NCGR graphics,NCGR graphics
"포켓몬스터 하트골드 (Korea, IPKK, header ROM version 0)","포켓몬스터 소울실버 (Korea, IPGK, header ROM version 0)",/a/0/5/8,equal,225,225,,,a3d8c8f0c847a37a6f7598392fc89796aef1156e8cc9bdf1f932729ec7afae14,a3d8c8f0c847a37a6f7598392fc89796aef1156e8cc9bdf1f932729ec7afae14,3248,3248,NCGR graphics,NCGR graphics
"포켓몬스터 하트골드 (Korea, IPKK, header ROM version 0)","포켓몬스터 소울실버 (Korea, IPGK, header ROM version 0)",/a/0/5/8,equal,226,226,,,624595e59fe7440b5a10500eedfbe992c64337b870e6b943bd51289680af0ab0,624595e59fe7440b5a10500eedfbe992c64337b870e6b943bd51289680af0ab0,552,552,NCLR palette,NCLR palette
"포켓몬스터 하트골드 (Korea, IPKK, header ROM version 0)","포켓몬스터 소울실버 (Korea, IPGK, header ROM version 0)",/a/0/5/8,equal,227,227,,,8653d1a231b808ea29e3c614e7dcfc7eb1e8cc2042db51da415dfa58e8dea44c,8653d1a231b808ea29e3c614e7dcfc7eb1e8cc2042db51da415dfa58e8dea44c,175,175,NCER cell,NCER cell
"포켓몬스터 하트골드 (Korea, IPKK, header ROM version 0)","포켓몬스터 소울실버 (Korea, IPGK, header ROM version 0)",/a/0/5/8,equal,228,228,,,57c4f638dca35c82365e420f8c7d794c33f8f33053ddda43d831536fc24b21f0,57c4f638dca35c82365e420f8c7d794c33f8f33053ddda43d831536fc24b21f0,151,151,NANR animation,NANR animation
"포켓몬스터 하트골드 (Korea, IPKK, header ROM version 0)","포켓몬스터 소울실버 (Korea, IPGK, header ROM version 0)",/a/0/5/8,equal,229,229,,,f0f734f6718628f9bacc2c4d7acc4d923d6da746a4ed7b62b1c6ba762f4cd328,f0f734f6718628f9bacc2c4d7acc4d923d6da746a4ed7b62b1c6ba762f4cd328,6448,6448,NCGR graphics,NCGR graphics
"포켓몬스터 하트골드 (Korea, IPKK, header ROM version 0)","포켓몬스터 소울실버 (Korea, IPGK, header ROM version 0)",/a/0/5/8,equal,230,230,,,74fa8f1d33ee53d9d74e77b65c71a07575b2598ad0c805876273df40208bddd5,74fa8f1d33ee53d9d74e77b65c71a07575b2598ad0c805876273df40208bddd5,3248,3248,NCGR graphics,NCGR graphics
"포켓몬스터 하트골드 (Korea, IPKK, header ROM version 0)","포켓몬스터 소울실버 (Korea, IPGK, header ROM version 0)",/a/0/5/8,equal,231,231,,,20f3810e2c113bc8d09124de647abf3c885faeae6950dbcf81481e51a08a1e0c,20f3810e2c113bc8d09124de647abf3c885faeae6950dbcf81481e51a08a1e0c,552,552,NCLR palette,NCLR palette
"포켓몬스터 하트골드 (Korea, IPKK, header ROM version 0)","포켓몬스터 소울실버 (Korea, IPGK, header ROM version 0)",/a/0/5/8,equal,232,232,,,8653d1a231b808ea29e3c614e7dcfc7eb1e8cc2042db51da415dfa58e8dea44c,8653d1a231b808ea29e3c614e7dcfc7eb1e8cc2042db51da415dfa58e8dea44c,175,175,NCER cell,NCER cell
"포켓몬스터 하트골드 (Korea, IPKK, header ROM version 0)","포켓몬스터 소울실버 (Korea, IPGK, header ROM version 0)",/a/0/5/8,equal,233,233,,,57c4f638dca35c82365e420f8c7d794c33f8f33053ddda43d831536fc24b21f0,57c4f638dca35c82365e420f8c7d794c33f8f33053ddda43d831536fc24b21f0,151,151,NANR animation,NANR animation
"포켓몬스터 하트골드 (Korea, IPKK, header ROM version 0)","포켓몬스터 소울실버 (Korea, IPGK, header ROM version 0)",/a/0/5/8,equal,234,234,,,941a9033c601f4ddc7440d4a7cf79b38fdd48d70e9aa0a51e7c123feaa92d909,941a9033c601f4ddc7440d4a7cf79b38fdd48d70e9aa0a51e7c123feaa92d909,6448,6448,NCGR graphics,NCGR graphics
"포켓몬스터 하트골드 (Korea, IPKK, header ROM version 0)","포켓몬스터 소울실버 (Korea, IPGK, header ROM version 0)",/a/0/5/8,equal,235,235,,,56cc33ad023735d536ec815b54f418478a0a081aeabeb8cf2fb5f754a542639a,56cc33ad023735d536ec815b54f418478a0a081aeabeb8cf2fb5f754a542639a,3248,3248,NCGR graphics,NCGR graphics
"포켓몬스터 하트골드 (Korea, IPKK, header ROM version 0)","포켓몬스터 소울실버 (Korea, IPGK, header ROM version 0)",/a/0/5/8,equal,236,236,,,785cff1738643d43011f215b9b26779357c210de515c809a15b9396b67f55c50,785cff1738643d43011f215b9b26779357c210de515c809a15b9396b67f55c50,552,552,NCLR palette,NCLR palette
"포켓몬스터 하트골드 (Korea, IPKK, header ROM version 0)","포켓몬스터 소울실버 (Korea, IPGK, header ROM version 0)",/a/0/5/8,equal,237,237,,,8653d1a231b808ea29e3c614e7dcfc7eb1e8cc2042db51da415dfa58e8dea44c,8653d1a231b808ea29e3c614e7dcfc7eb1e8cc2042db51da415dfa58e8dea44c,175,175,NCER cell,NCER cell
"포켓몬스터 하트골드 (Korea, IPKK, header ROM version 0)","포켓몬스터 소울실버 (Korea, IPGK, header ROM version 0)",/a/0/5/8,equal,238,238,,,57c4f638dca35c82365e420f8c7d794c33f8f33053ddda43d831536fc24b21f0,57c4f638dca35c82365e420f8c7d794c33f8f33053ddda43d831536fc24b21f0,151,151,NANR animation,NANR animation
"포켓몬스터 하트골드 (Korea, IPKK, header ROM version 0)","포켓몬스터 소울실버 (Korea, IPGK, header ROM version 0)",/a/0/5/8,equal,239,239,,,f8646ee14ef38386e86edcfd25e1a0ff0874adf8956a0abac66e152c006c4409,f8646ee14ef38386e86edcfd25e1a0ff0874adf8956a0abac66e152c006c4409,6448,6448,NCGR graphics,NCGR graphics
"포켓몬스터 하트골드 (Korea, IPKK, header ROM version 0)","포켓몬스터 소울실버 (Korea, IPGK, header ROM version 0)",/a/0/5/8,equal,240,240,,,222fedbbcb1007ee29ef28bda4716157844966d16275970ea515b73efed1eb6e,222fedbbcb1007ee29ef28bda4716157844966d16275970ea515b73efed1eb6e,3248,3248,NCGR graphics,NCGR graphics
"포켓몬스터 하트골드 (Korea, IPKK, header ROM version 0)","포켓몬스터 소울실버 (Korea, IPGK, header ROM version 0)",/a/0/5/8,equal,241,241,,,45f703288426efeffe4a15d43659cc93b9c7a32b1894a85047e4250a21b32fc8,45f703288426efeffe4a15d43659cc93b9c7a32b1894a85047e4250a21b32fc8,552,552,NCLR palette,NCLR palette
"포켓몬스터 하트골드 (Korea, IPKK, header ROM version 0)","포켓몬스터 소울실버 (Korea, IPGK, header ROM version 0)",/a/0/5/8,equal,242,242,,,8653d1a231b808ea29e3c614e7dcfc7eb1e8cc2042db51da415dfa58e8dea44c,8653d1a231b808ea29e3c614e7dcfc7eb1e8cc2042db51da415dfa58e8dea44c,175,175,NCER cell,NCER cell
"포켓몬스터 하트골드 (Korea, IPKK, header ROM version 0)","포켓몬스터 소울실버 (Korea, IPGK, header ROM version 0)",/a/0/5/8,equal,243,243,,,57c4f638dca35c82365e420f8c7d794c33f8f33053ddda43d831536fc24b21f0,57c4f638dca35c82365e420f8c7d794c33f8f33053ddda43d831536fc24b21f0,151,151,NANR animation,NANR animation
"포켓몬스터 하트골드 (Korea, IPKK, header ROM version 0)","포켓몬스터 소울실버 (Korea, IPGK, header ROM version 0)",/a/0/5/8,equal,244,244,,,2d5732bc1284dfc9738d981b1059f816cf410a9cc585d1a48dfa5a563dbb976d,2d5732bc1284dfc9738d981b1059f816cf410a9cc585d1a48dfa5a563dbb976d,6448,6448,NCGR graphics,NCGR graphics
"포켓몬스터 하트골드 (Korea, IPKK, header ROM version 0)","포켓몬스터 소울실버 (Korea, IPGK, header ROM version 0)",/a/0/5/8,equal,245,245,,,9242f0a0153b567d6f89438762395b8699d3103e4d1e2a8c58994e5bbb264cc0,9242f0a0153b567d6f89438762395b8699d3103e4d1e2a8c58994e5bbb264cc0,3248,3248,NCGR graphics,NCGR graphics
"포켓몬스터 하트골드 (Korea, IPKK, header ROM version 0)","포켓몬스터 소울실버 (Korea, IPGK, header ROM version 0)",/a/0/5/8,equal,246,246,,,3cbbf1ff05a55831f97396b1cba9d66053e6cfbc9c31ecb7d284c95378365787,3cbbf1ff05a55831f97396b1cba9d66053e6cfbc9c31ecb7d284c95378365787,552,552,NCLR palette,NCLR palette
"포켓몬스터 하트골드 (Korea, IPKK, header ROM version 0)","포켓몬스터 소울실버 (Korea, IPGK, header ROM version 0)",/a/0/5/8,equal,247,247,,,8653d1a231b808ea29e3c614e7dcfc7eb1e8cc2042db51da415dfa58e8dea44c,8653d1a231b808ea29e3c614e7dcfc7eb1e8cc2042db51da415dfa58e8dea44c,175,175,NCER cell,NCER cell
"포켓몬스터 하트골드 (Korea, IPKK, header ROM version 0)","포켓몬스터 소울실버 (Korea, IPGK, header ROM version 0)",/a/0/5/8,equal,248,248,,,57c4f638dca35c82365e420f8c7d794c33f8f33053ddda43d831536fc24b21f0,57c4f638dca35c82365e420f8c7d794c33f8f33053ddda43d831536fc24b21f0,151,151,NANR animation,NANR animation
"포켓몬스터 하트골드 (Korea, IPKK, header ROM version 0)","포켓몬스터 소울실버 (Korea, IPGK, header ROM version 0)",/a/0/5/8,equal,249,249,,,2c0dfc11533f5c39b1d04061a3f46d4fa73482e6f23d7b7d9dd9f15d70c18557,2c0dfc11533f5c39b1d04061a3f46d4fa73482e6f23d7b7d9dd9f15d70c18557,6448,6448,NCGR graphics,NCGR graphics
"포켓몬스터 하트골드 (Korea, IPKK, header ROM version 0)","포켓몬스터 소울실버 (Korea, IPGK, header ROM version 0)",/a/0/5/8,equal,250,250,,,bca368d961ad2d928eecd28f2ee29a88510f07d8cefe7f7fcedc112b8b0f4da1,bca368d961ad2d928eecd28f2ee29a88510f07d8cefe7f7fcedc112b8b0f4da1,3248,3248,NCGR graphics,NCGR graphics
"포켓몬스터 하트골드 (Korea, IPKK, header ROM version 0)","포켓몬스터 소울실버 (Korea, IPGK, header ROM version 0)",/a/0/5/8,equal,251,251,,,9823e94a8589625e4d1db92f380d7de7038176e3fe2eea245dd80f070827fe6e,9823e94a8589625e4d1db92f380d7de7038176e3fe2eea245dd80f070827fe6e,552,552,NCLR palette,NCLR palette
"포켓몬스터 하트골드 (Korea, IPKK, header ROM version 0)","포켓몬스터 소울실버 (Korea, IPGK, header ROM version 0)",/a/0/5/8,equal,252,252,,,8653d1a231b808ea29e3c614e7dcfc7eb1e8cc2042db51da415dfa58e8dea44c,8653d1a231b808ea29e3c614e7dcfc7eb1e8cc2042db51da415dfa58e8dea44c,175,175,NCER cell,NCER cell
"포켓몬스터 하트골드 (Korea, IPKK, header ROM version 0)","포켓몬스터 소울실버 (Korea, IPGK, header ROM version 0)",/a/0/5/8,equal,253,253,,,57c4f638dca35c82365e420f8c7d794c33f8f33053ddda43d831536fc24b21f0,57c4f638dca35c82365e420f8c7d794c33f8f33053ddda43d831536fc24b21f0,151,151,NANR animation,NANR animation
"포켓몬스터 하트골드 (Korea, IPKK, header ROM version 0)","포켓몬스터 소울실버 (Korea, IPGK, header ROM version 0)",/a/0/5/8,equal,254,254,,,c78da25d2e400c555f48eb69d363673f95588aea581a70fffaf52adbb05dbb33,c78da25d2e400c555f48eb69d363673f95588aea581a70fffaf52adbb05dbb33,6448,6448,NCGR graphics,NCGR graphics
"포켓몬스터 하트골드 (Korea, IPKK, header ROM version 0)","포켓몬스터 소울실버 (Korea, IPGK, header ROM version 0)",/a/0/5/8,equal,255,255,,,72a71ca85d3feff2d0de463c8805972bc24b08cf0a0da79904925ba85bbec28b,72a71ca85d3feff2d0de463c8805972bc24b08cf0a0da79904925ba85bbec28b,3248,3248,NCGR graphics,NCGR graphics
"포켓몬스터 하트골드 (Korea, IPKK, header ROM version 0)","포켓몬스터 소울실버 (Korea, IPGK, header ROM version 0)",/a/0/5/8,equal,256,256,,,b3cfd28c1a1fa55fbc4173d8a0c8f3e926ad708fb7c36968acebc466a3c454ae,b3cfd28c1a1fa55fbc4173d8a0c8f3e926ad708fb7c36968acebc466a3c454ae,552,552,NCLR palette,NCLR palette
"포켓몬스터 하트골드 (Korea, IPKK, header ROM version 0)","포켓몬스터 소울실버 (Korea, IPGK, header ROM version 0)",/a/0/5/8,equal,257,257,,,8653d1a231b808ea29e3c614e7dcfc7eb1e8cc2042db51da415dfa58e8dea44c,8653d1a231b808ea29e3c614e7dcfc7eb1e8cc2042db51da415dfa58e8dea44c,175,175,NCER cell,NCER cell
"포켓몬스터 하트골드 (Korea, IPKK, header ROM version 0)","포켓몬스터 소울실버 (Korea, IPGK, header ROM version 0)",/a/0/5/8,equal,258,258,,,57c4f638dca35c82365e420f8c7d794c33f8f33053ddda43d831536fc24b21f0,57c4f638dca35c82365e420f8c7d794c33f8f33053ddda43d831536fc24b21f0,151,151,NANR animation,NANR animation
"포켓몬스터 하트골드 (Korea, IPKK, header ROM version 0)","포켓몬스터 소울실버 (Korea, IPGK, header ROM version 0)",/a/0/5/8,equal,259,259,,,b6bb0523d3ff6d15bb031ba6795d5db9bccd81045ec376a2469dff444a6b4921,b6bb0523d3ff6d15bb031ba6795d5db9bccd81045ec376a2469dff444a6b4921,6448,6448,NCGR graphics,NCGR graphics
"포켓몬스터 하트골드 (Korea, IPKK, header ROM version 0)","포켓몬스터 소울실버 (Korea, IPGK, header ROM version 0)",/a/0/5/8,equal,260,260,,,5e1894a68c03b1613b7a2bbb9bba668c0c239a4174cc0ac81be19f28a966a11c,5e1894a68c03b1613b7a2bbb9bba668c0c239a4174cc0ac81be19f28a966a11c,3248,3248,NCGR graphics,NCGR graphics
"포켓몬스터 하트골드 (Korea, IPKK, header ROM version 0)","포켓몬스터 소울실버 (Korea, IPGK, header ROM version 0)",/a/0/5/8,equal,261,261,,,78f977c37ee39086f87595f5af9828310875685d3bf0628f93d7416e21d22247,78f977c37ee39086f87595f5af9828310875685d3bf0628f93d7416e21d22247,552,552,NCLR palette,NCLR palette
"포켓몬스터 하트골드 (Korea, IPKK, header ROM version 0)","포켓몬스터 소울실버 (Korea, IPGK, header ROM version 0)",/a/0/5/8,equal,262,262,,,8653d1a231b808ea29e3c614e7dcfc7eb1e8cc2042db51da415dfa58e8dea44c,8653d1a231b808ea29e3c614e7dcfc7eb1e8cc2042db51da415dfa58e8dea44c,175,175,NCER cell,NCER cell
"포켓몬스터 하트골드 (Korea, IPKK, header ROM version 0)","포켓몬스터 소울실버 (Korea, IPGK, header ROM version 0)",/a/0/5/8,equal,263,263,,,57c4f638dca35c82365e420f8c7d794c33f8f33053ddda43d831536fc24b21f0,57c4f638dca35c82365e420f8c7d794c33f8f33053ddda43d831536fc24b21f0,151,151,NANR animation,NANR animation
"포켓몬스터 하트골드 (Korea, IPKK, header ROM version 0)","포켓몬스터 소울실버 (Korea, IPGK, header ROM version 0)",/a/0/5/8,equal,264,264,,,35b9904f1699189bcedaa87ced2647439152c98255eb8561df6b6bbab5940cfd,35b9904f1699189bcedaa87ced2647439152c98255eb8561df6b6bbab5940cfd,6448,6448,NCGR graphics,NCGR graphics
"포켓몬스터 하트골드 (Korea, IPKK, header ROM version 0)","포켓몬스터 소울실버 (Korea, IPGK, header ROM version 0)",/a/0/5/8,equal,265,265,,,7d3def96e6e7ae23dfc0ad79d2cddbf33c6573299951535feee427311c747a71,7d3def96e6e7ae23dfc0ad79d2cddbf33c6573299951535feee427311c747a71,3248,3248,NCGR graphics,NCGR graphics
"포켓몬스터 하트골드 (Korea, IPKK, header ROM version 0)","포켓몬스터 소울실버 (Korea, IPGK, header ROM version 0)",/a/0/5/8,equal,266,266,,,ead380ebe8cdb249156c23c7daf05ce8f7206bfae7c29e2f78bcc8ca8fa80d14,ead380ebe8cdb249156c23c7daf05ce8f7206bfae7c29e2f78bcc8ca8fa80d14,552,552,NCLR palette,NCLR palette
"포켓몬스터 하트골드 (Korea, IPKK, header ROM version 0)","포켓몬스터 소울실버 (Korea, IPGK, header ROM version 0)",/a/0/5/8,equal,267,267,,,8653d1a231b808ea29e3c614e7dcfc7eb1e8cc2042db51da415dfa58e8dea44c,8653d1a231b808ea29e3c614e7dcfc7eb1e8cc2042db51da415dfa58e8dea44c,175,175,NCER cell,NCER cell
"포켓몬스터 하트골드 (Korea, IPKK, header ROM version 0)","포켓몬스터 소울실버 (Korea, IPGK, header ROM version 0)",/a/0/5/8,equal,268,268,,,57c4f638dca35c82365e420f8c7d794c33f8f33053ddda43d831536fc24b21f0,57c4f638dca35c82365e420f8c7d794c33f8f33053ddda43d831536fc24b21f0,151,151,NANR animation,NANR animation
"포켓몬스터 하트골드 (Korea, IPKK, header ROM version 0)","포켓몬스터 소울실버 (Korea, IPGK, header ROM version 0)",/a/0/5/8,equal,269,269,,,4e97e303182f9ae44f04e732b4ee16c2f24fdfdcb06db09e7b00ddf08cc9c1ab,4e97e303182f9ae44f04e732b4ee16c2f24fdfdcb06db09e7b00ddf08cc9c1ab,6448,6448,NCGR graphics,NCGR graphics
"포켓몬스터 하트골드 (Korea, IPKK, header ROM version 0)","포켓몬스터 소울실버 (Korea, IPGK, header ROM version 0)",/a/0/5/8,equal,270,270,,,ce7225cff9960766a442030aa12a025ae83b2de7df5123f98587ca89da044eef,ce7225cff9960766a442030aa12a025ae83b2de7df5123f98587ca89da044eef,3248,3248,NCGR graphics,NCGR graphics
"포켓몬스터 하트골드 (Korea, IPKK, header ROM version 0)","포켓몬스터 소울실버 (Korea, IPGK, header ROM version 0)",/a/0/5/8,equal,271,271,,,ead380ebe8cdb249156c23c7daf05ce8f7206bfae7c29e2f78bcc8ca8fa80d14,ead380ebe8cdb249156c23c7daf05ce8f7206bfae7c29e2f78bcc8ca8fa80d14,552,552,NCLR palette,NCLR palette
"포켓몬스터 하트골드 (Korea, IPKK, header ROM version 0)","포켓몬스터 소울실버 (Korea, IPGK, header ROM version 0)",/a/0/5/8,equal,272,272,,,8653d1a231b808ea29e3c614e7dcfc7eb1e8cc2042db51da415dfa58e8dea44c,8653d1a231b808ea29e3c614e7dcfc7eb1e8cc2042db51da415dfa58e8dea44c,175,175,NCER cell,NCER cell
"포켓몬스터 하트골드 (Korea, IPKK, header ROM version 0)","포켓몬스터 소울실버 (Korea, IPGK, header ROM version 0)",/a/0/5/8,equal,273,273,,,57c4f638dca35c82365e420f8c7d794c33f8f33053ddda43d831536fc24b21f0,57c4f638dca35c82365e420f8c7d794c33f8f33053ddda43d831536fc24b21f0,151,151,NANR animation,NANR animation
"포켓몬스터 하트골드 (Korea, IPKK, header ROM version 0)","포켓몬스터 소울실버 (Korea, IPGK, header ROM version 0)",/a/0/5/8,equal,274,274,,,d212eb770c2f7f43a321a678e10053503239dce55ef70349389573b4b3dba81b,d212eb770c2f7f43a321a678e10053503239dce55ef70349389573b4b3dba81b,6448,6448,NCGR graphics,NCGR graphics
"포켓몬스터 하트골드 (Korea, IPKK, header ROM version 0)","포켓몬스터 소울실버 (Korea, IPGK, header ROM version 0)",/a/0/5/8,equal,275,275,,,1c702cf7a1b6e27104d67156b23259e64616467e23fe6fae4f144d9398ab65bd,1c702cf7a1b6e27104d67156b23259e64616467e23fe6fae4f144d9398ab65bd,3248,3248,NCGR graphics,NCGR graphics
"포켓몬스터 하트골드 (Korea, IPKK, header ROM version 0)","포켓몬스터 소울실버 (Korea, IPGK, header ROM version 0)",/a/0/5/8,equal,276,276,,,290f4797a7367370dc9f44fd971b83cac4ca394530f95f9b4616d6fd83baf4b9,290f4797a7367370dc9f44fd971b83cac4ca394530f95f9b4616d6fd83baf4b9,552,552,NCLR palette,NCLR palette
"포켓몬스터 하트골드 (Korea, IPKK, header ROM version 0)","포켓몬스터 소울실버 (Korea, IPGK, header ROM version 0)",/a/0/5/8,equal,277,277,,,8653d1a231b808ea29e3c614e7dcfc7eb1e8cc2042db51da415dfa58e8dea44c,8653d1a231b808ea29e3c614e7dcfc7eb1e8cc2042db51da415dfa58e8dea44c,175,175,NCER cell,NCER cell
"포켓몬스터 하트골드 (Korea, IPKK, header ROM version 0)","포켓몬스터 소울실버 (Korea, IPGK, header ROM version 0)",/a/0/5/8,equal,278,278,,,57c4f638dca35c82365e420f8c7d794c33f8f33053ddda43d831536fc24b21f0,57c4f638dca35c82365e420f8c7d794c33f8f33053ddda43d831536fc24b21f0,151,151,NANR animation,NANR animation
"포켓몬스터 하트골드 (Korea, IPKK, header ROM version 0)","포켓몬스터 소울실버 (Korea, IPGK, header ROM version 0)",/a/0/5/8,equal,279,279,,,99d2db9867a9f4af1e0d1bac77348d4ab8426493bd2b370aee12c4b2d8d52d36,99d2db9867a9f4af1e0d1bac77348d4ab8426493bd2b370aee12c4b2d8d52d36,6448,6448,NCGR graphics,NCGR graphics
"포켓몬스터 하트골드 (Korea, IPKK, header ROM version 0)","포켓몬스터 소울실버 (Korea, IPGK, header ROM version 0)",/a/0/5/8,equal,280,280,,,b64810d7f7fcec3cc1f42d4e5c564d90108da00a0c07c6b4e93d42f337752d87,b64810d7f7fcec3cc1f42d4e5c564d90108da00a0c07c6b4e93d42f337752d87,3248,3248,NCGR graphics,NCGR graphics
"포켓몬스터 하트골드 (Korea, IPKK, header ROM version 0)","포켓몬스터 소울실버 (Korea, IPGK, header ROM version 0)",/a/0/5/8,equal,281,281,,,c47369d3913e16b5fcc1f88f07ca75bee3e38e6309f40e97ad1da6cce62da5b0,c47369d3913e16b5fcc1f88f07ca75bee3e38e6309f40e97ad1da6cce62da5b0,552,552,NCLR palette,NCLR palette
"포켓몬스터 하트골드 (Korea, IPKK, header ROM version 0)","포켓몬스터 소울실버 (Korea, IPGK, header ROM version 0)",/a/0/5/8,equal,282,282,,,8653d1a231b808ea29e3c614e7dcfc7eb1e8cc2042db51da415dfa58e8dea44c,8653d1a231b808ea29e3c614e7dcfc7eb1e8cc2042db51da415dfa58e8dea44c,175,175,NCER cell,NCER cell
"포켓몬스터 하트골드 (Korea, IPKK, header ROM version 0)","포켓몬스터 소울실버 (Korea, IPGK, header ROM version 0)",/a/0/5/8,equal,283,283,,,57c4f638dca35c82365e420f8c7d794c33f8f33053ddda43d831536fc24b21f0,57c4f638dca35c82365e420f8c7d794c33f8f33053ddda43d831536fc24b21f0,151,151,NANR animation,NANR animation
"포켓몬스터 하트골드 (Korea, IPKK, header ROM version 0)","포켓몬스터 소울실버 (Korea, IPGK, header ROM version 0)",/a/0/5/8,equal,284,284,,,8d810180345fc3e15f7e8d4163acabfc9d5b8f52d62943b1d5843d8a927c095a,8d810180345fc3e15f7e8d4163acabfc9d5b8f52d62943b1d5843d8a927c095a,6448,6448,NCGR graphics,NCGR graphics
"포켓몬스터 하트골드 (Korea, IPKK, header ROM version 0)","포켓몬스터 소울실버 (Korea, IPGK, header ROM version 0)",/a/0/5/8,equal,285,285,,,0fd46e4af8806c8ea2fd3bdde16809eb8eb48322dd5ce5263abfa3443c048769,0fd46e4af8806c8ea2fd3bdde16809eb8eb48322dd5ce5263abfa3443c048769,3248,3248,NCGR graphics,NCGR graphics
"포켓몬스터 하트골드 (Korea, IPKK, header ROM version 0)","포켓몬스터 소울실버 (Korea, IPGK, header ROM version 0)",/a/0/5/8,equal,286,286,,,7745000187e5e9da4d982abc3b8257bd3f198fb0fe2aed2f50024570bd32ec56,7745000187e5e9da4d982abc3b8257bd3f198fb0fe2aed2f50024570bd32ec56,552,552,NCLR palette,NCLR palette
"포켓몬스터 하트골드 (Korea, IPKK, header ROM version 0)","포켓몬스터 소울실버 (Korea, IPGK, header ROM version 0)",/a/0/5/8,equal,287,287,,,8653d1a231b808ea29e3c614e7dcfc7eb1e8cc2042db51da415dfa58e8dea44c,8653d1a231b808ea29e3c614e7dcfc7eb1e8cc2042db51da415dfa58e8dea44c,175,175,NCER cell,NCER cell
"포켓몬스터 하트골드 (Korea, IPKK, header ROM version 0)","포켓몬스터 소울실버 (Korea, IPGK, header ROM version 0)",/a/0/5/8,equal,288,288,,,57c4f638dca35c82365e420f8c7d794c33f8f33053ddda43d831536fc24b21f0,57c4f638dca35c82365e420f8c7d794c33f8f33053ddda43d831536fc24b21f0,151,151,NANR animation,NANR animation
"포켓몬스터 하트골드 (Korea, IPKK, header ROM version 0)","포켓몬스터 소울실버 (Korea, IPGK, header ROM version 0)",/a/0/5/8,equal,289,289,,,a514e39644996eb791de5f5cae18854ba3474711c65ce55349d0302ba7a60eb1,a514e39644996eb791de5f5cae18854ba3474711c65ce55349d0302ba7a60eb1,6448,6448,NCGR graphics,NCGR graphics
"포켓몬스터 하트골드 (Korea, IPKK, header ROM version 0)","포켓몬스터 소울실버 (Korea, IPGK, header ROM version 0)",/a/0/5/8,equal,290,290,,,5119806e15494fee71bc3dba32f38130a34d6c889c878ed0b7e79bc8a4ef4116,5119806e15494fee71bc3dba32f38130a34d6c889c878ed0b7e79bc8a4ef4116,3248,3248,NCGR graphics,NCGR graphics
"포켓몬스터 하트골드 (Korea, IPKK, header ROM version 0)","포켓몬스터 소울실버 (Korea, IPGK, header ROM version 0)",/a/0/5/8,equal,291,291,,,ba383077e5b5d1bd5cb4c6f7a9d6eb64ce60bbdedd08543b810dc4519c4047ee,ba383077e5b5d1bd5cb4c6f7a9d6eb64ce60bbdedd08543b810dc4519c4047ee,552,552,NCLR palette,NCLR palette
"포켓몬스터 하트골드 (Korea, IPKK, header ROM version 0)","포켓몬스터 소울실버 (Korea, IPGK, header ROM version 0)",/a/0/5/8,equal,292,292,,,8653d1a231b808ea29e3c614e7dcfc7eb1e8cc2042db51da415dfa58e8dea44c,8653d1a231b808ea29e3c614e7dcfc7eb1e8cc2042db51da415dfa58e8dea44c,175,175,NCER cell,NCER cell
"포켓몬스터 하트골드 (Korea, IPKK, header ROM version 0)","포켓몬스터 소울실버 (Korea, IPGK, header ROM version 0)",/a/0/5/8,equal,293,293,,,57c4f638dca35c82365e420f8c7d794c33f8f33053ddda43d831536fc24b21f0,57c4f638dca35c82365e420f8c7d794c33f8f33053ddda43d831536fc24b21f0,151,151,NANR animation,NANR animation
"포켓몬스터 하트골드 (Korea, IPKK, header ROM version 0)","포켓몬스터 소울실버 (Korea, IPGK, header ROM version 0)",/a/0/5/8,equal,294,294,,,828b3ee028e3ac6f30786b69cedeae60ca3951d6d9d640fb7588c96c85c5eb0d,828b3ee028e3ac6f30786b69cedeae60ca3951d6d9d640fb7588c96c85c5eb0d,6448,6448,NCGR graphics,NCGR graphics
"포켓몬스터 하트골드 (Korea, IPKK, header ROM version 0)","포켓몬스터 소울실버 (Korea, IPGK, header ROM version 0)",/a/0/5/8,equal,295,295,,,58a6b74c1cbd65fb83e49b0878a7831dbc8ed51bce7d762d7ebfef16c4f6adb3,58a6b74c1cbd65fb83e49b0878a7831dbc8ed51bce7d762d7ebfef16c4f6adb3,3248,3248,NCGR graphics,NCGR graphics
"포켓몬스터 하트골드 (Korea, IPKK, header ROM version 0)","포켓몬스터 소울실버 (Korea, IPGK, header ROM version 0)",/a/0/5/8,equal,296,296,,,440a78f6cba67c6193f2e0eda995eb02bb7832f51691a93fed17af1fac64a8b0,440a78f6cba67c6193f2e0eda995eb02bb7832f51691a93fed17af1fac64a8b0,552,552,NCLR palette,NCLR palette
"포켓몬스터 하트골드 (Korea, IPKK, header ROM version 0)","포켓몬스터 소울실버 (Korea, IPGK, header ROM version 0)",/a/0/5/8,equal,297,297,,,8653d1a231b808ea29e3c614e7dcfc7eb1e8cc2042db51da415dfa58e8dea44c,8653d1a231b808ea29e3c614e7dcfc7eb1e8cc2042db51da415dfa58e8dea44c,175,175,NCER cell,NCER cell
"포켓몬스터 하트골드 (Korea, IPKK, header ROM version 0)","포켓몬스터 소울실버 (Korea, IPGK, header ROM version 0)",/a/0/5/8,equal,298,298,,,57c4f638dca35c82365e420f8c7d794c33f8f33053ddda43d831536fc24b21f0,57c4f638dca35c82365e420f8c7d794c33f8f33053ddda43d831536fc24b21f0,151,151,NANR animation,NANR animation
"포켓몬스터 하트골드 (Korea, IPKK, header ROM version 0)","포켓몬스터 소울실버 (Korea, IPGK, header ROM version 0)",/a/0/5/8,equal,299,299,,,ddc3178d828dfa789e9595c5515da725f205abe552d66eb2edce2fde06a4c692,ddc3178d828dfa789e9595c5515da725f205abe552d66eb2edce2fde06a4c692,6448,6448,NCGR graphics,NCGR graphics
"포켓몬스터 하트골드 (Korea, IPKK, header ROM version 0)","포켓몬스터 소울실버 (Korea, IPGK, header ROM version 0)",/a/0/5/8,equal,300,300,,,5d115ed28b0629adac92421e7568e0f1b105d1f90d2b41058ac5d33005c39944,5d115ed28b0629adac92421e7568e0f1b105d1f90d2b41058ac5d33005c39944,3248,3248,NCGR graphics,NCGR graphics
"포켓몬스터 하트골드 (Korea, IPKK, header ROM version 0)","포켓몬스터 소울실버 (Korea, IPGK, header ROM version 0)",/a/0/5/8,equal,301,301,,,4f02cefcf67f46430490716781f2dcaa9c5aa5a1ae9cbd1cad841e670122760b,4f02cefcf67f46430490716781f2dcaa9c5aa5a1ae9cbd1cad841e670122760b,552,552,NCLR palette,NCLR palette
"포켓몬스터 하트골드 (Korea, IPKK, header ROM version 0)","포켓몬스터 소울실버 (Korea, IPGK, header ROM version 0)",/a/0/5/8,equal,302,302,,,8653d1a231b808ea29e3c614e7dcfc7eb1e8cc2042db51da415dfa58e8dea44c,8653d1a231b808ea29e3c614e7dcfc7eb1e8cc2042db51da415dfa58e8dea44c,175,175,NCER cell,NCER cell
"포켓몬스터 하트골드 (Korea, IPKK, header ROM version 0)","포켓몬스터 소울실버 (Korea, IPGK, header ROM version 0)",/a/0/5/8,equal,303,303,,,57c4f638dca35c82365e420f8c7d794c33f8f33053ddda43d831536fc24b21f0,57c4f638dca35c82365e420f8c7d794c33f8f33053ddda43d831536fc24b21f0,151,151,NANR animation,NANR animation
"포켓몬스터 하트골드 (Korea, IPKK, header ROM version 0)","포켓몬스터 소울실버 (Korea, IPGK, header ROM version 0)",/a/0/5/8,equal,304,304,,,fc6c00c00a7ee62ad4c9bac1e76a78c75f273703e1420a57e9e0e56f20e10bd8,fc6c00c00a7ee62ad4c9bac1e76a78c75f273703e1420a57e9e0e56f20e10bd8,6448,6448,NCGR graphics,NCGR graphics
"포켓몬스터 하트골드 (Korea, IPKK, header ROM version 0)","포켓몬스터 소울실버 (Korea, IPGK, header ROM version 0)",/a/0/5/8,equal,305,305,,,1c844bd29fb76eac83877cb0ef8e1b25f9ef1c5f9fb61e44952c4db32e874151,1c844bd29fb76eac83877cb0ef8e1b25f9ef1c5f9fb61e44952c4db32e874151,3248,3248,NCGR graphics,NCGR graphics
"포켓몬스터 하트골드 (Korea, IPKK, header ROM version 0)","포켓몬스터 소울실버 (Korea, IPGK, header ROM version 0)",/a/0/5/8,equal,306,306,,,6c8fa5fe2061f9b307849ed532bcc92ad13582c03613cff7a0476034dd634b7a,6c8fa5fe2061f9b307849ed532bcc92ad13582c03613cff7a0476034dd634b7a,552,552,NCLR palette,NCLR palette
"포켓몬스터 하트골드 (Korea, IPKK, header ROM version 0)","포켓몬스터 소울실버 (Korea, IPGK, header ROM version 0)",/a/0/5/8,equal,307,307,,,8653d1a231b808ea29e3c614e7dcfc7eb1e8cc2042db51da415dfa58e8dea44c,8653d1a231b808ea29e3c614e7dcfc7eb1e8cc2042db51da415dfa58e8dea44c,175,175,NCER cell,NCER cell
"포켓몬스터 하트골드 (Korea, IPKK, header ROM version 0)","포켓몬스터 소울실버 (Korea, IPGK, header ROM version 0)",/a/0/5/8,equal,308,308,,,57c4f638dca35c82365e420f8c7d794c33f8f33053ddda43d831536fc24b21f0,57c4f638dca35c82365e420f8c7d794c33f8f33053ddda43d831536fc24b21f0,151,151,NANR animation,NANR animation
"포켓몬스터 하트골드 (Korea, IPKK, header ROM version 0)","포켓몬스터 소울실버 (Korea, IPGK, header ROM version 0)",/a/0/5/8,equal,309,309,,,528f5111fb3d7bb69ad3c5e8d9e65e0acade8b344a2018685f1be906dafe3ba0,528f5111fb3d7bb69ad3c5e8d9e65e0acade8b344a2018685f1be906dafe3ba0,6448,6448,NCGR graphics,NCGR graphics
"포켓몬스터 하트골드 (Korea, IPKK, header ROM version 0)","포켓몬스터 소울실버 (Korea, IPGK, header ROM version 0)",/a/0/5/8,equal,310,310,,,eb618f5207ab1980a431faee85803e70881ba49cc35366e6c3f8887e370173da,eb618f5207ab1980a431faee85803e70881ba49cc35366e6c3f8887e370173da,3248,3248,NCGR graphics,NCGR graphics
"포켓몬스터 하트골드 (Korea, IPKK, header ROM version 0)","포켓몬스터 소울실버 (Korea, IPGK, header ROM version 0)",/a/0/5/8,equal,311,311,,,290f4797a7367370dc9f44fd971b83cac4ca394530f95f9b4616d6fd83baf4b9,290f4797a7367370dc9f44fd971b83cac4ca394530f95f9b4616d6fd83baf4b9,552,552,NCLR palette,NCLR palette
"포켓몬스터 하트골드 (Korea, IPKK, header ROM version 0)","포켓몬스터 소울실버 (Korea, IPGK, header ROM version 0)",/a/0/5/8,equal,312,312,,,8653d1a231b808ea29e3c614e7dcfc7eb1e8cc2042db51da415dfa58e8dea44c,8653d1a231b808ea29e3c614e7dcfc7eb1e8cc2042db51da415dfa58e8dea44c,175,175,NCER cell,NCER cell
"포켓몬스터 하트골드 (Korea, IPKK, header ROM version 0)","포켓몬스터 소울실버 (Korea, IPGK, header ROM version 0)",/a/0/5/8,equal,313,313,,,57c4f638dca35c82365e420f8c7d794c33f8f33053ddda43d831536fc24b21f0,57c4f638dca35c82365e420f8c7d794c33f8f33053ddda43d831536fc24b21f0,151,151,NANR animation,NANR animation
"포켓몬스터 하트골드 (Korea, IPKK, header ROM version 0)","포켓몬스터 소울실버 (Korea, IPGK, header ROM version 0)",/a/0/5/8,equal,314,314,,,20f2a632270cc993e2f35680101db71cd0b06d6dbfcd1a0b2e21d9e1d0fc11b5,20f2a632270cc993e2f35680101db71cd0b06d6dbfcd1a0b2e21d9e1d0fc11b5,6448,6448,NCGR graphics,NCGR graphics
"포켓몬스터 하트골드 (Korea, IPKK, header ROM version 0)","포켓몬스터 소울실버 (Korea, IPGK, header ROM version 0)",/a/0/5/8,equal,315,315,,,6c60eaa88b314ccfae87ba3d7036ec4d2498114b22fd0128bb3735a41f065701,6c60eaa88b314ccfae87ba3d7036ec4d2498114b22fd0128bb3735a41f065701,3248,3248,NCGR graphics,NCGR graphics
"포켓몬스터 하트골드 (Korea, IPKK, header ROM version 0)","포켓몬스터 소울실버 (Korea, IPGK, header ROM version 0)",/a/0/5/8,equal,316,316,,,79a7ddef850f657ce9fa10420aeda8289d577eb469ced12a49408ff6409d2407,79a7ddef850f657ce9fa10420aeda8289d577eb469ced12a49408ff6409d2407,552,552,NCLR palette,NCLR palette
"포켓몬스터 하트골드 (Korea, IPKK, header ROM version 0)","포켓몬스터 소울실버 (Korea, IPGK, header ROM version 0)",/a/0/5/8,equal,317,317,,,8653d1a231b808ea29e3c614e7dcfc7eb1e8cc2042db51da415dfa58e8dea44c,8653d1a231b808ea29e3c614e7dcfc7eb1e8cc2042db51da415dfa58e8dea44c,175,175,NCER cell,NCER cell
"포켓몬스터 하트골드 (Korea, IPKK, header ROM version 0)","포켓몬스터 소울실버 (Korea, IPGK, header ROM version 0)",/a/0/5/8,equal,318,318,,,57c4f638dca35c82365e420f8c7d794c33f8f33053ddda43d831536fc24b21f0,57c4f638dca35c82365e420f8c7d794c33f8f33053ddda43d831536fc24b21f0,151,151,NANR animation,NANR animation
"포켓몬스터 하트골드 (Korea, IPKK, header ROM version 0)","포켓몬스터 소울실버 (Korea, IPGK, header ROM version 0)",/a/0/5/8,equal,319,319,,,3a79917e2598ff4cfb21423a5646c7d5c003271a1f9829aad2b05062637e8bf6,3a79917e2598ff4cfb21423a5646c7d5c003271a1f9829aad2b05062637e8bf6,6448,6448,NCGR graphics,NCGR graphics
"포켓몬스터 하트골드 (Korea, IPKK, header ROM version 0)","포켓몬스터 소울실버 (Korea, IPGK, header ROM version 0)",/a/0/5/8,equal,320,320,,,1d2b93d68fcffed9e245ea5d9a9d25368ce44cef75c956161bfc72586f122cb4,1d2b93d68fcffed9e245ea5d9a9d25368ce44cef75c956161bfc72586f122cb4,3248,3248,NCGR graphics,NCGR graphics
"포켓몬스터 하트골드 (Korea, IPKK, header ROM version 0)","포켓몬스터 소울실버 (Korea, IPGK, header ROM version 0)",/a/0/5/8,equal,321,321,,,992f66b634f85ff9fcdeac5b8ada447c4a6beba2f4c1871bef738a09e8fa5d2a,992f66b634f85ff9fcdeac5b8ada447c4a6beba2f4c1871bef738a09e8fa5d2a,552,552,NCLR palette,NCLR palette
"포켓몬스터 하트골드 (Korea, IPKK, header ROM version 0)","포켓몬스터 소울실버 (Korea, IPGK, header ROM version 0)",/a/0/5/8,equal,322,322,,,8653d1a231b808ea29e3c614e7dcfc7eb1e8cc2042db51da415dfa58e8dea44c,8653d1a231b808ea29e3c614e7dcfc7eb1e8cc2042db51da415dfa58e8dea44c,175,175,NCER cell,NCER cell
"포켓몬스터 하트골드 (Korea, IPKK, header ROM version 0)","포켓몬스터 소울실버 (Korea, IPGK, header ROM version 0)",/a/0/5/8,equal,323,323,,,57c4f638dca35c82365e420f8c7d794c33f8f33053ddda43d831536fc24b21f0,57c4f638dca35c82365e420f8c7d794c33f8f33053ddda43d831536fc24b21f0,151,151,NANR animation,NANR animation
"포켓몬스터 하트골드 (Korea, IPKK, header ROM version 0)","포켓몬스터 소울실버 (Korea, IPGK, header ROM version 0)",/a/0/5/8,equal,324,324,,,206ffa7589a36268e6d55b6d72f6a7d52b260d5eba5ee55dd55ab8373c8ad952,206ffa7589a36268e6d55b6d72f6a7d52b260d5eba5ee55dd55ab8373c8ad952,6448,6448,NCGR graphics,NCGR graphics
"포켓몬스터 하트골드 (Korea, IPKK, header ROM version 0)","포켓몬스터 소울실버 (Korea, IPGK, header ROM version 0)",/a/0/5/8,equal,325,325,,,bb6da9ee68a07c15c3f0e3af786c24959928843440d1972df72277cd3fabe363,bb6da9ee68a07c15c3f0e3af786c24959928843440d1972df72277cd3fabe363,3248,3248,NCGR graphics,NCGR graphics
"포켓몬스터 하트골드 (Korea, IPKK, header ROM version 0)","포켓몬스터 소울실버 (Korea, IPGK, header ROM version 0)",/a/0/5/8,equal,326,326,,,fa9cd2e07ebfee2f4cff872d9e3dee8b78394f3ea5cfa25a6961bbf51b47c72f,fa9cd2e07ebfee2f4cff872d9e3dee8b78394f3ea5cfa25a6961bbf51b47c72f,552,552,NCLR palette,NCLR palette
"포켓몬스터 하트골드 (Korea, IPKK, header ROM version 0)","포켓몬스터 소울실버 (Korea, IPGK, header ROM version 0)",/a/0/5/8,equal,327,327,,,8653d1a231b808ea29e3c614e7dcfc7eb1e8cc2042db51da415dfa58e8dea44c,8653d1a231b808ea29e3c614e7dcfc7eb1e8cc2042db51da415dfa58e8dea44c,175,175,NCER cell,NCER cell
"포켓몬스터 하트골드 (Korea, IPKK, header ROM version 0)","포켓몬스터 소울실버 (Korea, IPGK, header ROM version 0)",/a/0/5/8,equal,328,328,,,57c4f638dca35c82365e420f8c7d794c33f8f33053ddda43d831536fc24b21f0,57c4f638dca35c82365e420f8c7d794c33f8f33053ddda43d831536fc24b21f0,151,151,NANR animation,NANR animation
"포켓몬스터 하트골드 (Korea, IPKK, header ROM version 0)","포켓몬스터 소울실버 (Korea, IPGK, header ROM version 0)",/a/0/5/8,equal,329,329,,,9d6ada89be00f2921491ee0cf85a1afa35e4e0457054a8a249f96d82e2e77eec,9d6ada89be00f2921491ee0cf85a1afa35e4e0457054a8a249f96d82e2e77eec,6448,6448,NCGR graphics,NCGR graphics
"포켓몬스터 하트골드 (Korea, IPKK, header ROM version 0)","포켓몬스터 소울실버 (Korea, IPGK, header ROM version 0)",/a/0/5/8,equal,330,330,,,ef043c8d439d05886135e0d45350ed09149e8f4f9ff6bcddbfbcaf085c983444,ef043c8d439d05886135e0d45350ed09149e8f4f9ff6bcddbfbcaf085c983444,9648,9648,NCGR graphics,NCGR graphics
"포켓몬스터 하트골드 (Korea, IPKK, header ROM version 0)","포켓몬스터 소울실버 (Korea, IPGK, header ROM version 0)",/a/0/5/8,equal,331,331,,,1ccc4e65d7a8897dd3d973b1774cf93b9beeec63ccf1c14bf435a9db6a8e663c,1ccc4e65d7a8897dd3d973b1774cf93b9beeec63ccf1c14bf435a9db6a8e663c,552,552,NCLR palette,NCLR palette
"포켓몬스터 하트골드 (Korea, IPKK, header ROM version 0)","포켓몬스터 소울실버 (Korea, IPGK, header ROM version 0)",/a/0/5/8,equal,332,332,,,26efb9e51b870446a2d08630529439d3d4509fb0f3e5ce8675020b8045a3c311,26efb9e51b870446a2d08630529439d3d4509fb0f3e5ce8675020b8045a3c311,341,341,NCER cell,NCER cell
"포켓몬스터 하트골드 (Korea, IPKK, header ROM version 0)","포켓몬스터 소울실버 (Korea, IPGK, header ROM version 0)",/a/0/5/8,equal,333,333,,,e9cefe35464a957615ed847a32332d534679fcc1d69d7724b17cd2acade9277f,e9cefe35464a957615ed847a32332d534679fcc1d69d7724b17cd2acade9277f,493,493,NANR animation,NANR animation
"포켓몬스터 하트골드 (Korea, IPKK, header ROM version 0)","포켓몬스터 소울실버 (Korea, IPGK, header ROM version 0)",/a/0/5/8,equal,334,334,,,4571eaa2567ff1ff60a2a74cb4e68eb9ac6eb6c317bfe623dd4ef4139e6d160e,4571eaa2567ff1ff60a2a74cb4e68eb9ac6eb6c317bfe623dd4ef4139e6d160e,6448,6448,NCGR graphics,NCGR graphics
"포켓몬스터 하트골드 (Korea, IPKK, header ROM version 0)","포켓몬스터 소울실버 (Korea, IPGK, header ROM version 0)",/a/0/5/8,equal,335,335,,,ef2dd1c4bfcbb6a3211f5a45eea749e30dca9d014acc218f362d470d3b9bc29e,ef2dd1c4bfcbb6a3211f5a45eea749e30dca9d014acc218f362d470d3b9bc29e,9648,9648,NCGR graphics,NCGR graphics
"포켓몬스터 하트골드 (Korea, IPKK, header ROM version 0)","포켓몬스터 소울실버 (Korea, IPGK, header ROM version 0)",/a/0/5/8,equal,336,336,,,b09220e8afcbd054685da0fc49c8fae176640276fdd5734bd75764c4a3c1569b,b09220e8afcbd054685da0fc49c8fae176640276fdd5734bd75764c4a3c1569b,552,552,NCLR palette,NCLR palette
"포켓몬스터 하트골드 (Korea, IPKK, header ROM version 0)","포켓몬스터 소울실버 (Korea, IPGK, header ROM version 0)",/a/0/5/8,equal,337,337,,,26efb9e51b870446a2d08630529439d3d4509fb0f3e5ce8675020b8045a3c311,26efb9e51b870446a2d08630529439d3d4509fb0f3e5ce8675020b8045a3c311,341,341,NCER cell,NCER cell
"포켓몬스터 하트골드 (Korea, IPKK, header ROM version 0)","포켓몬스터 소울실버 (Korea, IPGK, header ROM version 0)",/a/0/5/8,equal,338,338,,,47785d1f6168d86f624e1181cd8477a475a3a2cdfc1c7016aa1840964a2d6c00,47785d1f6168d86f624e1181cd8477a475a3a2cdfc1c7016aa1840964a2d6c00,409,409,NANR animation,NANR animation
"포켓몬스터 하트골드 (Korea, IPKK, header ROM version 0)","포켓몬스터 소울실버 (Korea, IPGK, header ROM version 0)",/a/0/5/8,equal,339,339,,,07bf1a2f53267a0c98b355d6cbe03d21ba49ddee02ec789532a30cffe5279010,07bf1a2f53267a0c98b355d6cbe03d21ba49ddee02ec789532a30cffe5279010,6448,6448,NCGR graphics,NCGR graphics
"포켓몬스터 하트골드 (Korea, IPKK, header ROM version 0)","포켓몬스터 소울실버 (Korea, IPGK, header ROM version 0)",/a/0/5/8,equal,340,340,,,e6785f07b02c11b32c58e5acb110c5efa7ac3fd4b9d9e8cebd70b1d665ea0315,e6785f07b02c11b32c58e5acb110c5efa7ac3fd4b9d9e8cebd70b1d665ea0315,3248,3248,NCGR graphics,NCGR graphics
"포켓몬스터 하트골드 (Korea, IPKK, header ROM version 0)","포켓몬스터 소울실버 (Korea, IPGK, header ROM version 0)",/a/0/5/8,equal,341,341,,,7c1dcd1168d578d338cca89d8d1bf4ff156086bfd8b5382ad7cf3a372567e2c6,7c1dcd1168d578d338cca89d8d1bf4ff156086bfd8b5382ad7cf3a372567e2c6,552,552,NCLR palette,NCLR palette
"포켓몬스터 하트골드 (Korea, IPKK, header ROM version 0)","포켓몬스터 소울실버 (Korea, IPGK, header ROM version 0)",/a/0/5/8,equal,342,342,,,8653d1a231b808ea29e3c614e7dcfc7eb1e8cc2042db51da415dfa58e8dea44c,8653d1a231b808ea29e3c614e7dcfc7eb1e8cc2042db51da415dfa58e8dea44c,175,175,NCER cell,NCER cell
"포켓몬스터 하트골드 (Korea, IPKK, header ROM version 0)","포켓몬스터 소울실버 (Korea, IPGK, header ROM version 0)",/a/0/5/8,equal,343,343,,,57c4f638dca35c82365e420f8c7d794c33f8f33053ddda43d831536fc24b21f0,57c4f638dca35c82365e420f8c7d794c33f8f33053ddda43d831536fc24b21f0,151,151,NANR animation,NANR animation
"포켓몬스터 하트골드 (Korea, IPKK, header ROM version 0)","포켓몬스터 소울실버 (Korea, IPGK, header ROM version 0)",/a/0/5/8,equal,344,344,,,a95806c0c17a9d37309c728c18a5430b0484a4cd6dca48e04cd96168f1bf33ab,a95806c0c17a9d37309c728c18a5430b0484a4cd6dca48e04cd96168f1bf33ab,6448,6448,NCGR graphics,NCGR graphics
"포켓몬스터 하트골드 (Korea, IPKK, header ROM version 0)","포켓몬스터 소울실버 (Korea, IPGK, header ROM version 0)",/a/0/5/8,equal,345,345,,,1e2ddace6cc04523cc2d8bb14e42a3878812d7ef847f92df20d8605630b4094e,1e2ddace6cc04523cc2d8bb14e42a3878812d7ef847f92df20d8605630b4094e,3248,3248,NCGR graphics,NCGR graphics
"포켓몬스터 하트골드 (Korea, IPKK, header ROM version 0)","포켓몬스터 소울실버 (Korea, IPGK, header ROM version 0)",/a/0/5/8,equal,346,346,,,0dd74e9c2d799fa2277449ea94cc2c9e66daf9b57723b53ead609d7c682caae0,0dd74e9c2d799fa2277449ea94cc2c9e66daf9b57723b53ead609d7c682caae0,552,552,NCLR palette,NCLR palette
"포켓몬스터 하트골드 (Korea, IPKK, header ROM version 0)","포켓몬스터 소울실버 (Korea, IPGK, header ROM version 0)",/a/0/5/8,equal,347,347,,,8653d1a231b808ea29e3c614e7dcfc7eb1e8cc2042db51da415dfa58e8dea44c,8653d1a231b808ea29e3c614e7dcfc7eb1e8cc2042db51da415dfa58e8dea44c,175,175,NCER cell,NCER cell
"포켓몬스터 하트골드 (Korea, IPKK, header ROM version 0)","포켓몬스터 소울실버 (Korea, IPGK, header ROM version 0)",/a/0/5/8,equal,348,348,,,57c4f638dca35c82365e420f8c7d794c33f8f33053ddda43d831536fc24b21f0,57c4f638dca35c82365e420f8c7d794c33f8f33053ddda43d831536fc24b21f0,151,151,NANR animation,NANR animation
"포켓몬스터 하트골드 (Korea, IPKK, header ROM version 0)","포켓몬스터 소울실버 (Korea, IPGK, header ROM version 0)",/a/0/5/8,equal,349,349,,,d5b1205b6417933e53253929d4011ac34929521bd31668aa0b2a7fd26d5e7f2a,d5b1205b6417933e53253929d4011ac34929521bd31668aa0b2a7fd26d5e7f2a,6448,6448,NCGR graphics,NCGR graphics
"포켓몬스터 하트골드 (Korea, IPKK, header ROM version 0)","포켓몬스터 소울실버 (Korea, IPGK, header ROM version 0)",/a/0/5/8,equal,350,350,,,220b6dede61f9825c3e3ee85d397fea814bef6cd72b9a53ff0f2c70e4fb6fad2,220b6dede61f9825c3e3ee85d397fea814bef6cd72b9a53ff0f2c70e4fb6fad2,9648,9648,NCGR graphics,NCGR graphics
"포켓몬스터 하트골드 (Korea, IPKK, header ROM version 0)","포켓몬스터 소울실버 (Korea, IPGK, header ROM version 0)",/a/0/5/8,equal,351,351,,,76c3d65927bdda7d61ac0bb27fff8413d9e086da55c5a4631e6312cb190acc99,76c3d65927bdda7d61ac0bb27fff8413d9e086da55c5a4631e6312cb190acc99,552,552,NCLR palette,NCLR palette
"포켓몬스터 하트골드 (Korea, IPKK, header ROM version 0)","포켓몬스터 소울실버 (Korea, IPGK, header ROM version 0)",/a/0/5/8,equal,352,352,,,26efb9e51b870446a2d08630529439d3d4509fb0f3e5ce8675020b8045a3c311,26efb9e51b870446a2d08630529439d3d4509fb0f3e5ce8675020b8045a3c311,341,341,NCER cell,NCER cell
"포켓몬스터 하트골드 (Korea, IPKK, header ROM version 0)","포켓몬스터 소울실버 (Korea, IPGK, header ROM version 0)",/a/0/5/8,equal,353,353,,,bce05fb152b28ecd9214ab2e3c0ccf2551554c9936021fd5199f069e583a3c69,bce05fb152b28ecd9214ab2e3c0ccf2551554c9936021fd5199f069e583a3c69,753,753,NANR animation,NANR animation
"포켓몬스터 하트골드 (Korea, IPKK, header ROM version 0)","포켓몬스터 소울실버 (Korea, IPGK, header ROM version 0)",/a/0/5/8,equal,354,354,,,64c016aa643f361930e87ff37aaff183720cc3f834b2dca83f168f4801b12fd8,64c016aa643f361930e87ff37aaff183720cc3f834b2dca83f168f4801b12fd8,6448,6448,NCGR graphics,NCGR graphics
"포켓몬스터 하트골드 (Korea, IPKK, header ROM version 0)","포켓몬스터 소울실버 (Korea, IPGK, header ROM version 0)",/a/0/5/8,equal,355,355,,,504df63ce4cde312fa2269d0dcbd61120af4a34ec80d31614abcd56ad15b0176,504df63ce4cde312fa2269d0dcbd61120af4a34ec80d31614abcd56ad15b0176,3248,3248,NCGR graphics,NCGR graphics
"포켓몬스터 하트골드 (Korea, IPKK, header ROM version 0)","포켓몬스터 소울실버 (Korea, IPGK, header ROM version 0)",/a/0/5/8,equal,356,356,,,8b5190a2761d5c9fba4c49d6fe2d20c41df62ea1d483433f7573c201e54f2fdd,8b5190a2761d5c9fba4c49d6fe2d20c41df62ea1d483433f7573c201e54f2fdd,552,552,NCLR palette,NCLR palette
"포켓몬스터 하트골드 (Korea, IPKK, header ROM version 0)","포켓몬스터 소울실버 (Korea, IPGK, header ROM version 0)",/a/0/5/8,equal,357,357,,,8653d1a231b808ea29e3c614e7dcfc7eb1e8cc2042db51da415dfa58e8dea44c,8653d1a231b808ea29e3c614e7dcfc7eb1e8cc2042db51da415dfa58e8dea44c,175,175,NCER cell,NCER cell
"포켓몬스터 하트골드 (Korea, IPKK, header ROM version 0)","포켓몬스터 소울실버 (Korea, IPGK, header ROM version 0)",/a/0/5/8,equal,358,358,,,57c4f638dca35c82365e420f8c7d794c33f8f33053ddda43d831536fc24b21f0,57c4f638dca35c82365e420f8c7d794c33f8f33053ddda43d831536fc24b21f0,151,151,NANR animation,NANR animation
"포켓몬스터 하트골드 (Korea, IPKK, header ROM version 0)","포켓몬스터 소울실버 (Korea, IPGK, header ROM version 0)",/a/0/5/8,equal,359,359,,,08c2c672a38a46e0f6a32879b0375f55f5fed446cb6aaa9b72422e1612a443e5,08c2c672a38a46e0f6a32879b0375f55f5fed446cb6aaa9b72422e1612a443e5,6448,6448,NCGR graphics,NCGR graphics
"포켓몬스터 하트골드 (Korea, IPKK, header ROM version 0)","포켓몬스터 소울실버 (Korea, IPGK, header ROM version 0)",/a/0/5/8,equal,360,360,,,ad23ceb91d5cd4a2261c3e143640a6f7c539ec1269a12f22d013796045ba232b,ad23ceb91d5cd4a2261c3e143640a6f7c539ec1269a12f22d013796045ba232b,9648,9648,NCGR graphics,NCGR graphics
"포켓몬스터 하트골드 (Korea, IPKK, header ROM version 0)","포켓몬스터 소울실버 (Korea, IPGK, header ROM version 0)",/a/0/5/8,equal,361,361,,,b5174ffec117636d848c1d49b9c8fd3b4d83f2b5c85cc0b49fa3ba5cad6e51f7,b5174ffec117636d848c1d49b9c8fd3b4d83f2b5c85cc0b49fa3ba5cad6e51f7,552,552,NCLR palette,NCLR palette
"포켓몬스터 하트골드 (Korea, IPKK, header ROM version 0)","포켓몬스터 소울실버 (Korea, IPGK, header ROM version 0)",/a/0/5/8,equal,362,362,,,26efb9e51b870446a2d08630529439d3d4509fb0f3e5ce8675020b8045a3c311,26efb9e51b870446a2d08630529439d3d4509fb0f3e5ce8675020b8045a3c311,341,341,NCER cell,NCER cell
"포켓몬스터 하트골드 (Korea, IPKK, header ROM version 0)","포켓몬스터 소울실버 (Korea, IPGK, header ROM version 0)",/a/0/5/8,equal,363,363,,,1670e4dde626d2f3ba7ec7777cce3d6996e6bd933f1e44581663c243fcc6f033,1670e4dde626d2f3ba7ec7777cce3d6996e6bd933f1e44581663c243fcc6f033,417,417,NANR animation,NANR animation
"포켓몬스터 하트골드 (Korea, IPKK, header ROM version 0)","포켓몬스터 소울실버 (Korea, IPGK, header ROM version 0)",/a/0/5/8,equal,364,364,,,bb563f34df762dc8f974bd0bb680412d88b8931a4d7c57ddbfa5290f451c03ec,bb563f34df762dc8f974bd0bb680412d88b8931a4d7c57ddbfa5290f451c03ec,6448,6448,NCGR graphics,NCGR graphics
"포켓몬스터 하트골드 (Korea, IPKK, header ROM version 0)","포켓몬스터 소울실버 (Korea, IPGK, header ROM version 0)",/a/0/5/8,equal,365,365,,,0d26c6fd0face9f154cbd313116499875dace6366c7fc9ba150f876bfc53e997,0d26c6fd0face9f154cbd313116499875dace6366c7fc9ba150f876bfc53e997,9648,9648,NCGR graphics,NCGR graphics
"포켓몬스터 하트골드 (Korea, IPKK, header ROM version 0)","포켓몬스터 소울실버 (Korea, IPGK, header ROM version 0)",/a/0/5/8,equal,366,366,,,5a798fefcc0031f0032b243437d3b3630add8bba8f2aa19321816811aa20f882,5a798fefcc0031f0032b243437d3b3630add8bba8f2aa19321816811aa20f882,552,552,NCLR palette,NCLR palette
"포켓몬스터 하트골드 (Korea, IPKK, header ROM version 0)","포켓몬스터 소울실버 (Korea, IPGK, header ROM version 0)",/a/0/5/8,equal,367,367,,,815e863bf93b6a6826d056969722487ce4989888e31a3cefab64a71f5967edcf,815e863bf93b6a6826d056969722487ce4989888e31a3cefab64a71f5967edcf,326,326,NCER cell,NCER cell
"포켓몬스터 하트골드 (Korea, IPKK, header ROM version 0)","포켓몬스터 소울실버 (Korea, IPGK, header ROM version 0)",/a/0/5/8,equal,368,368,,,20c9952f20b842a10c1dd3bb47c3aaca841ab34400b98821b916501d0130064e,20c9952f20b842a10c1dd3bb47c3aaca841ab34400b98821b916501d0130064e,522,522,NANR animation,NANR animation
"포켓몬스터 하트골드 (Korea, IPKK, header ROM version 0)","포켓몬스터 소울실버 (Korea, IPGK, header ROM version 0)",/a/0/5/8,equal,369,369,,,e6ae8b5ed32709c7d9b6cd79c058a7a85402c2cee5af4dbcbe146c7d4597586a,e6ae8b5ed32709c7d9b6cd79c058a7a85402c2cee5af4dbcbe146c7d4597586a,6448,6448,NCGR graphics,NCGR graphics
"포켓몬스터 하트골드 (Korea, IPKK, header ROM version 0)","포켓몬스터 소울실버 (Korea, IPGK, header ROM version 0)",/a/0/5/8,equal,370,370,,,d069013ad54715967ad98c9503f58f18e51493c556e95808378627ac0106e251,d069013ad54715967ad98c9503f58f18e51493c556e95808378627ac0106e251,9648,9648,NCGR graphics,NCGR graphics
"포켓몬스터 하트골드 (Korea, IPKK, header ROM version 0)","포켓몬스터 소울실버 (Korea, IPGK, header ROM version 0)",/a/0/5/8,equal,371,371,,,fa093fb75a00af7398308e1acd0ebf4db53beba92f99661becad54fcd9945146,fa093fb75a00af7398308e1acd0ebf4db53beba92f99661becad54fcd9945146,552,552,NCLR palette,NCLR palette
"포켓몬스터 하트골드 (Korea, IPKK, header ROM version 0)","포켓몬스터 소울실버 (Korea, IPGK, header ROM version 0)",/a/0/5/8,equal,372,372,,,26efb9e51b870446a2d08630529439d3d4509fb0f3e5ce8675020b8045a3c311,26efb9e51b870446a2d08630529439d3d4509fb0f3e5ce8675020b8045a3c311,341,341,NCER cell,NCER cell
"포켓몬스터 하트골드 (Korea, IPKK, header ROM version 0)","포켓몬스터 소울실버 (Korea, IPGK, header ROM version 0)",/a/0/5/8,equal,373,373,,,928852bf067328094944ff4d71b3814191ee5b1185dc2bf9f1e3927c47c05ee7,928852bf067328094944ff4d71b3814191ee5b1185dc2bf9f1e3927c47c05ee7,409,409,NANR animation,NANR animation
"포켓몬스터 하트골드 (Korea, IPKK, header ROM version 0)","포켓몬스터 소울실버 (Korea, IPGK, header ROM version 0)",/a/0/5/8,equal,374,374,,,52dc26ece80fd80abe7807eb99907909323efadeb9f099d90b5ecb9c7cbd2081,52dc26ece80fd80abe7807eb99907909323efadeb9f099d90b5ecb9c7cbd2081,6448,6448,NCGR graphics,NCGR graphics
"포켓몬스터 하트골드 (Korea, IPKK, header ROM version 0)","포켓몬스터 소울실버 (Korea, IPGK, header ROM version 0)",/a/0/5/8,equal,375,375,,,812b4338900425472f06218178f7a69db21e26c05712a4ae93c028789f110d3a,812b4338900425472f06218178f7a69db21e26c05712a4ae93c028789f110d3a,9648,9648,NCGR graphics,NCGR graphics
"포켓몬스터 하트골드 (Korea, IPKK, header ROM version 0)","포켓몬스터 소울실버 (Korea, IPGK, header ROM version 0)",/a/0/5/8,equal,376,376,,,21993aef9e3647e68c81e58117d5104d7b5dc06c7a20fe34da975713620311c7,21993aef9e3647e68c81e58117d5104d7b5dc06c7a20fe34da975713620311c7,552,552,NCLR palette,NCLR palette
"포켓몬스터 하트골드 (Korea, IPKK, header ROM version 0)","포켓몬스터 소울실버 (Korea, IPGK, header ROM version 0)",/a/0/5/8,equal,377,377,,,26efb9e51b870446a2d08630529439d3d4509fb0f3e5ce8675020b8045a3c311,26efb9e51b870446a2d08630529439d3d4509fb0f3e5ce8675020b8045a3c311,341,341,NCER cell,NCER cell
"포켓몬스터 하트골드 (Korea, IPKK, header ROM version 0)","포켓몬스터 소울실버 (Korea, IPGK, header ROM version 0)",/a/0/5/8,equal,378,378,,,9a8707369602b2216a93cc311aaafef76995f4a78f0f9cfa050e1cdea89aac54,9a8707369602b2216a93cc311aaafef76995f4a78f0f9cfa050e1cdea89aac54,769,769,NANR animation,NANR animation
"포켓몬스터 하트골드 (Korea, IPKK, header ROM version 0)","포켓몬스터 소울실버 (Korea, IPGK, header ROM version 0)",/a/0/5/8,equal,379,379,,,cf1cd1f02df6eeddb39829c011bd8e9616fe5b13a0b05f1e543ced0655b746f1,cf1cd1f02df6eeddb39829c011bd8e9616fe5b13a0b05f1e543ced0655b746f1,6448,6448,NCGR graphics,NCGR graphics
"포켓몬스터 하트골드 (Korea, IPKK, header ROM version 0)","포켓몬스터 소울실버 (Korea, IPGK, header ROM version 0)",/a/0/5/8,equal,380,380,,,dddfc9f3e77779ee543ae34679379dc5b1932b90e4e1d08e9580dd37f4de7ffa,dddfc9f3e77779ee543ae34679379dc5b1932b90e4e1d08e9580dd37f4de7ffa,9648,9648,NCGR graphics,NCGR graphics
"포켓몬스터 하트골드 (Korea, IPKK, header ROM version 0)","포켓몬스터 소울실버 (Korea, IPGK, header ROM version 0)",/a/0/5/8,equal,381,381,,,5df4067990c1390f70f056e66ada04c80f9904dd767fa1646dd9c0d3e6d12356,5df4067990c1390f70f056e66ada04c80f9904dd767fa1646dd9c0d3e6d12356,552,552,NCLR palette,NCLR palette
"포켓몬스터 하트골드 (Korea, IPKK, header ROM version 0)","포켓몬스터 소울실버 (Korea, IPGK, header ROM version 0)",/a/0/5/8,equal,382,382,,,26efb9e51b870446a2d08630529439d3d4509fb0f3e5ce8675020b8045a3c311,26efb9e51b870446a2d08630529439d3d4509fb0f3e5ce8675020b8045a3c311,341,341,NCER cell,NCER cell
"포켓몬스터 하트골드 (Korea, IPKK, header ROM version 0)","포켓몬스터 소울실버 (Korea, IPGK, header ROM version 0)",/a/0/5/8,equal,383,383,,,159dc5b7aa10a5d06f6f8868d8a65e14bebf0383999f740f3d50050fc27ca652,159dc5b7aa10a5d06f6f8868d8a65e14bebf0383999f740f3d50050fc27ca652,549,549,NANR animation,NANR animation
"포켓몬스터 하트골드 (Korea, IPKK, header ROM version 0)","포켓몬스터 소울실버 (Korea, IPGK, header ROM version 0)",/a/0/5/8,equal,384,384,,,66be15089ee6ea60388a501f9c2f72ce5bf30a2a12e4a79de52af9bbfdac3452,66be15089ee6ea60388a501f9c2f72ce5bf30a2a12e4a79de52af9bbfdac3452,6448,6448,NCGR graphics,NCGR graphics
"포켓몬스터 하트골드 (Korea, IPKK, header ROM version 0)","포켓몬스터 소울실버 (Korea, IPGK, header ROM version 0)",/a/0/5/8,equal,385,385,,,f2f712ff4f02b917c84a84973f1f587ab9a2b7b5871cff84434c495e91d8f008,f2f712ff4f02b917c84a84973f1f587ab9a2b7b5871cff84434c495e91d8f008,3248,3248,NCGR graphics,NCGR graphics
"포켓몬스터 하트골드 (Korea, IPKK, header ROM version 0)","포켓몬스터 소울실버 (Korea, IPGK, header ROM version 0)",/a/0/5/8,equal,386,386,,,446ad7ba6772c8186872f4ed48f2fa64b73874120303c26dd152a8dba05b1751,446ad7ba6772c8186872f4ed48f2fa64b73874120303c26dd152a8dba05b1751,552,552,NCLR palette,NCLR palette
"포켓몬스터 하트골드 (Korea, IPKK, header ROM version 0)","포켓몬스터 소울실버 (Korea, IPGK, header ROM version 0)",/a/0/5/8,equal,387,387,,,8653d1a231b808ea29e3c614e7dcfc7eb1e8cc2042db51da415dfa58e8dea44c,8653d1a231b808ea29e3c614e7dcfc7eb1e8cc2042db51da415dfa58e8dea44c,175,175,NCER cell,NCER cell
"포켓몬스터 하트골드 (Korea, IPKK, header ROM version 0)","포켓몬스터 소울실버 (Korea, IPGK, header ROM version 0)",/a/0/5/8,equal,388,388,,,57c4f638dca35c82365e420f8c7d794c33f8f33053ddda43d831536fc24b21f0,57c4f638dca35c82365e420f8c7d794c33f8f33053ddda43d831536fc24b21f0,151,151,NANR animation,NANR animation
"포켓몬스터 하트골드 (Korea, IPKK, header ROM version 0)","포켓몬스터 소울실버 (Korea, IPGK, header ROM version 0)",/a/0/5/8,equal,389,389,,,094da44c06a8d9d34b1bb0dd62faea935a5a5e0e2c02c79b85158977f49825ed,094da44c06a8d9d34b1bb0dd62faea935a5a5e0e2c02c79b85158977f49825ed,6448,6448,NCGR graphics,NCGR graphics
"포켓몬스터 하트골드 (Korea, IPKK, header ROM version 0)","포켓몬스터 소울실버 (Korea, IPGK, header ROM version 0)",/a/0/5/8,equal,390,390,,,ac759b51aeb08fe78eaf157f7a924933c92df29f8ae46c8f2c50aa6d6d3cfbc3,ac759b51aeb08fe78eaf157f7a924933c92df29f8ae46c8f2c50aa6d6d3cfbc3,3248,3248,NCGR graphics,NCGR graphics
"포켓몬스터 하트골드 (Korea, IPKK, header ROM version 0)","포켓몬스터 소울실버 (Korea, IPGK, header ROM version 0)",/a/0/5/8,equal,391,391,,,dce5ea81506c1d88dfc7a05ff286bb46dea8a53f877e3c904c2d098854593587,dce5ea81506c1d88dfc7a05ff286bb46dea8a53f877e3c904c2d098854593587,552,552,NCLR palette,NCLR palette
"포켓몬스터 하트골드 (Korea, IPKK, header ROM version 0)","포켓몬스터 소울실버 (Korea, IPGK, header ROM version 0)",/a/0/5/8,equal,392,392,,,8653d1a231b808ea29e3c614e7dcfc7eb1e8cc2042db51da415dfa58e8dea44c,8653d1a231b808ea29e3c614e7dcfc7eb1e8cc2042db51da415dfa58e8dea44c,175,175,NCER cell,NCER cell
"포켓몬스터 하트골드 (Korea, IPKK, header ROM version 0)","포켓몬스터 소울실버 (Korea, IPGK, header ROM version 0)",/a/0/5/8,equal,393,393,,,57c4f638dca35c82365e420f8c7d794c33f8f33053ddda43d831536fc24b21f0,57c4f638dca35c82365e420f8c7d794c33f8f33053ddda43d831536fc24b21f0,151,151,NANR animation,NANR animation
"포켓몬스터 하트골드 (Korea, IPKK, header ROM version 0)","포켓몬스터 소울실버 (Korea, IPGK, header ROM version 0)",/a/0/5/8,equal,394,394,,,1b836e99a236c22aef0489d7c1b1bf7e3c3a20c2d7ad6d15b8d3c4a038c7d499,1b836e99a236c22aef0489d7c1b1bf7e3c3a20c2d7ad6d15b8d3c4a038c7d499,6448,6448,NCGR graphics,NCGR graphics
"포켓몬스터 하트골드 (Korea, IPKK, header ROM version 0)","포켓몬스터 소울실버 (Korea, IPGK, header ROM version 0)",/a/0/5/8,equal,395,395,,,69949382689220704e01f402c65f5185eb06431adaf9d8f6153f6a8cbce5a85f,69949382689220704e01f402c65f5185eb06431adaf9d8f6153f6a8cbce5a85f,3248,3248,NCGR graphics,NCGR graphics
"포켓몬스터 하트골드 (Korea, IPKK, header ROM version 0)","포켓몬스터 소울실버 (Korea, IPGK, header ROM version 0)",/a/0/5/8,equal,396,396,,,9625256d3153fe88ac72679d886e0e53baa74c0582d5d0092af126254899a3d5,9625256d3153fe88ac72679d886e0e53baa74c0582d5d0092af126254899a3d5,552,552,NCLR palette,NCLR palette
"포켓몬스터 하트골드 (Korea, IPKK, header ROM version 0)","포켓몬스터 소울실버 (Korea, IPGK, header ROM version 0)",/a/0/5/8,equal,397,397,,,8653d1a231b808ea29e3c614e7dcfc7eb1e8cc2042db51da415dfa58e8dea44c,8653d1a231b808ea29e3c614e7dcfc7eb1e8cc2042db51da415dfa58e8dea44c,175,175,NCER cell,NCER cell
"포켓몬스터 하트골드 (Korea, IPKK, header ROM version 0)","포켓몬스터 소울실버 (Korea, IPGK, header ROM version 0)",/a/0/5/8,equal,398,398,,,57c4f638dca35c82365e420f8c7d794c33f8f33053ddda43d831536fc24b21f0,57c4f638dca35c82365e420f8c7d794c33f8f33053ddda43d831536fc24b21f0,151,151,NANR animation,NANR animation
"포켓몬스터 하트골드 (Korea, IPKK, header ROM version 0)","포켓몬스터 소울실버 (Korea, IPGK, header ROM version 0)",/a/0/5/8,equal,399,399,,,3b6856cd0c1f685d310009c6fddaccf65b682c8b38def982b2df061c53df08a6,3b6856cd0c1f685d310009c6fddaccf65b682c8b38def982b2df061c53df08a6,6448,6448,NCGR graphics,NCGR graphics
"포켓몬스터 하트골드 (Korea, IPKK, header ROM version 0)","포켓몬스터 소울실버 (Korea, IPGK, header ROM version 0)",/a/0/5/8,equal,400,400,,,de4326173998b282356c1287f62f0d87cfca39f801d5fd72d92d778456121cbc,de4326173998b282356c1287f62f0d87cfca39f801d5fd72d92d778456121cbc,3248,3248,NCGR graphics,NCGR graphics
"포켓몬스터 하트골드 (Korea, IPKK, header ROM version 0)","포켓몬스터 소울실버 (Korea, IPGK, header ROM version 0)",/a/0/5/8,equal,401,401,,,e315740882712859719f3a34f6be8ac7a059bb5e9ad30048400448072f804469,e315740882712859719f3a34f6be8ac7a059bb5e9ad30048400448072f804469,552,552,NCLR palette,NCLR palette
"포켓몬스터 하트골드 (Korea, IPKK, header ROM version 0)","포켓몬스터 소울실버 (Korea, IPGK, header ROM version 0)",/a/0/5/8,equal,402,402,,,8653d1a231b808ea29e3c614e7dcfc7eb1e8cc2042db51da415dfa58e8dea44c,8653d1a231b808ea29e3c614e7dcfc7eb1e8cc2042db51da415dfa58e8dea44c,175,175,NCER cell,NCER cell
"포켓몬스터 하트골드 (Korea, IPKK, header ROM version 0)","포켓몬스터 소울실버 (Korea, IPGK, header ROM version 0)",/a/0/5/8,equal,403,403,,,57c4f638dca35c82365e420f8c7d794c33f8f33053ddda43d831536fc24b21f0,57c4f638dca35c82365e420f8c7d794c33f8f33053ddda43d831536fc24b21f0,151,151,NANR animation,NANR animation
"포켓몬스터 하트골드 (Korea, IPKK, header ROM version 0)","포켓몬스터 소울실버 (Korea, IPGK, header ROM version 0)",/a/0/5/8,equal,404,404,,,446ae153d981182d81c2240962286e9b2d9b5671540f2a9a168dc826beea090a,446ae153d981182d81c2240962286e9b2d9b5671540f2a9a168dc826beea090a,6448,6448,NCGR graphics,NCGR graphics
"포켓몬스터 하트골드 (Korea, IPKK, header ROM version 0)","포켓몬스터 소울실버 (Korea, IPGK, header ROM version 0)",/a/0/5/8,equal,405,405,,,975cca029f2ee80c2eea2ad17ed404b42470c3d6ec5ec5fe9467e5813ba6d733,975cca029f2ee80c2eea2ad17ed404b42470c3d6ec5ec5fe9467e5813ba6d733,3248,3248,NCGR graphics,NCGR graphics
"포켓몬스터 하트골드 (Korea, IPKK, header ROM version 0)","포켓몬스터 소울실버 (Korea, IPGK, header ROM version 0)",/a/0/5/8,equal,406,406,,,3e74fde1b400cb6ceddef010c585955811711aee4432806f2382eaa1f5969d33,3e74fde1b400cb6ceddef010c585955811711aee4432806f2382eaa1f5969d33,552,552,NCLR palette,NCLR palette
"포켓몬스터 하트골드 (Korea, IPKK, header ROM version 0)","포켓몬스터 소울실버 (Korea, IPGK, header ROM version 0)",/a/0/5/8,equal,407,407,,,8653d1a231b808ea29e3c614e7dcfc7eb1e8cc2042db51da415dfa58e8dea44c,8653d1a231b808ea29e3c614e7dcfc7eb1e8cc2042db51da415dfa58e8dea44c,175,175,NCER cell,NCER cell
"포켓몬스터 하트골드 (Korea, IPKK, header ROM version 0)","포켓몬스터 소울실버 (Korea, IPGK, header ROM version 0)",/a/0/5/8,equal,408,408,,,57c4f638dca35c82365e420f8c7d794c33f8f33053ddda43d831536fc24b21f0,57c4f638dca35c82365e420f8c7d794c33f8f33053ddda43d831536fc24b21f0,151,151,NANR animation,NANR animation
"포켓몬스터 하트골드 (Korea, IPKK, header ROM version 0)","포켓몬스터 소울실버 (Korea, IPGK, header ROM version 0)",/a/0/5/8,equal,409,409,,,e535293a8e616a0e957f0a7a0d64aea93b55eff5cb50237d6f1fa004ab9ad38b,e535293a8e616a0e957f0a7a0d64aea93b55eff5cb50237d6f1fa004ab9ad38b,6448,6448,NCGR graphics,NCGR graphics
"포켓몬스터 하트골드 (Korea, IPKK, header ROM version 0)","포켓몬스터 소울실버 (Korea, IPGK, header ROM version 0)",/a/0/5/8,equal,410,410,,,53773fe99ebb66be76a209b0000fb9238079f2214b59537fa149126d324659be,53773fe99ebb66be76a209b0000fb9238079f2214b59537fa149126d324659be,3248,3248,NCGR graphics,NCGR graphics
"포켓몬스터 하트골드 (Korea, IPKK, header ROM version 0)","포켓몬스터 소울실버 (Korea, IPGK, header ROM version 0)",/a/0/5/8,equal,411,411,,,031b4b5d10db75386dbb5191668a8896a7b01419b94e47dadc95a1ec9f1776b2,031b4b5d10db75386dbb5191668a8896a7b01419b94e47dadc95a1ec9f1776b2,552,552,NCLR palette,NCLR palette
"포켓몬스터 하트골드 (Korea, IPKK, header ROM version 0)","포켓몬스터 소울실버 (Korea, IPGK, header ROM version 0)",/a/0/5/8,equal,412,412,,,8653d1a231b808ea29e3c614e7dcfc7eb1e8cc2042db51da415dfa58e8dea44c,8653d1a231b808ea29e3c614e7dcfc7eb1e8cc2042db51da415dfa58e8dea44c,175,175,NCER cell,NCER cell
"포켓몬스터 하트골드 (Korea, IPKK, header ROM version 0)","포켓몬스터 소울실버 (Korea, IPGK, header ROM version 0)",/a/0/5/8,equal,413,413,,,57c4f638dca35c82365e420f8c7d794c33f8f33053ddda43d831536fc24b21f0,57c4f638dca35c82365e420f8c7d794c33f8f33053ddda43d831536fc24b21f0,151,151,NANR animation,NANR animation
"포켓몬스터 하트골드 (Korea, IPKK, header ROM version 0)","포켓몬스터 소울실버 (Korea, IPGK, header ROM version 0)",/a/0/5/8,equal,414,414,,,000129bea82bf67d9949f1138267b13b04e641783d35936db38392788e4e4aa7,000129bea82bf67d9949f1138267b13b04e641783d35936db38392788e4e4aa7,6448,6448,NCGR graphics,NCGR graphics
"포켓몬스터 하트골드 (Korea, IPKK, header ROM version 0)","포켓몬스터 소울실버 (Korea, IPGK, header ROM version 0)",/a/0/5/8,equal,415,415,,,64dbec141fe73a4fdf63af714258257e6545a27399a21fe1a2f8c1b51459b24f,64dbec141fe73a4fdf63af714258257e6545a27399a21fe1a2f8c1b51459b24f,3248,3248,NCGR graphics,NCGR graphics
"포켓몬스터 하트골드 (Korea, IPKK, header ROM version 0)","포켓몬스터 소울실버 (Korea, IPGK, header ROM version 0)",/a/0/5/8,equal,416,416,,,d5010a8c72b7d6da4660a36db8e520730800a70223e601100e3b7cffea7f0099,d5010a8c72b7d6da4660a36db8e520730800a70223e601100e3b7cffea7f0099,552,552,NCLR palette,NCLR palette
"포켓몬스터 하트골드 (Korea, IPKK, header ROM version 0)","포켓몬스터 소울실버 (Korea, IPGK, header ROM version 0)",/a/0/5/8,equal,417,417,,,8653d1a231b808ea29e3c614e7dcfc7eb1e8cc2042db51da415dfa58e8dea44c,8653d1a231b808ea29e3c614e7dcfc7eb1e8cc2042db51da415dfa58e8dea44c,175,175,NCER cell,NCER cell
"포켓몬스터 하트골드 (Korea, IPKK, header ROM version 0)","포켓몬스터 소울실버 (Korea, IPGK, header ROM version 0)",/a/0/5/8,equal,418,418,,,57c4f638dca35c82365e420f8c7d794c33f8f33053ddda43d831536fc24b21f0,57c4f638dca35c82365e420f8c7d794c33f8f33053ddda43d831536fc24b21f0,151,151,NANR animation,NANR animation
"포켓몬스터 하트골드 (Korea, IPKK, header ROM version 0)","포켓몬스터 소울실버 (Korea, IPGK, header ROM version 0)",/a/0/5/8,equal,419,419,,,2243cd0698061106a420bb8dede6e732dec0682617e0b452f8a36dec51a3817e,2243cd0698061106a420bb8dede6e732dec0682617e0b452f8a36dec51a3817e,6448,6448,NCGR graphics,NCGR graphics
"포켓몬스터 하트골드 (Korea, IPKK, header ROM version 0)","포켓몬스터 소울실버 (Korea, IPGK, header ROM version 0)",/a/0/5/8,equal,420,420,,,42dfcf062bbed7fea9178b605cd100b074e7f12a4bfb6b433d1e57b6d22f2066,42dfcf062bbed7fea9178b605cd100b074e7f12a4bfb6b433d1e57b6d22f2066,3248,3248,NCGR graphics,NCGR graphics
"포켓몬스터 하트골드 (Korea, IPKK, header ROM version 0)","포켓몬스터 소울실버 (Korea, IPGK, header ROM version 0)",/a/0/5/8,equal,421,421,,,d5010a8c72b7d6da4660a36db8e520730800a70223e601100e3b7cffea7f0099,d5010a8c72b7d6da4660a36db8e520730800a70223e601100e3b7cffea7f0099,552,552,NCLR palette,NCLR palette
"포켓몬스터 하트골드 (Korea, IPKK, header ROM version 0)","포켓몬스터 소울실버 (Korea, IPGK, header ROM version 0)",/a/0/5/8,equal,422,422,,,8653d1a231b808ea29e3c614e7dcfc7eb1e8cc2042db51da415dfa58e8dea44c,8653d1a231b808ea29e3c614e7dcfc7eb1e8cc2042db51da415dfa58e8dea44c,175,175,NCER cell,NCER cell
"포켓몬스터 하트골드 (Korea, IPKK, header ROM version 0)","포켓몬스터 소울실버 (Korea, IPGK, header ROM version 0)",/a/0/5/8,equal,423,423,,,57c4f638dca35c82365e420f8c7d794c33f8f33053ddda43d831536fc24b21f0,57c4f638dca35c82365e420f8c7d794c33f8f33053ddda43d831536fc24b21f0,151,151,NANR animation,NANR animation
"포켓몬스터 하트골드 (Korea, IPKK, header ROM version 0)","포켓몬스터 소울실버 (Korea, IPGK, header ROM version 0)",/a/0/5/8,equal,424,424,,,398f20d58ebac22ecf03dc5cb5c78882d029f100dba70b45c65517ed61124d59,398f20d58ebac22ecf03dc5cb5c78882d029f100dba70b45c65517ed61124d59,6448,6448,NCGR graphics,NCGR graphics
"포켓몬스터 하트골드 (Korea, IPKK, header ROM version 0)","포켓몬스터 소울실버 (Korea, IPGK, header ROM version 0)",/a/0/5/8,equal,425,425,,,473da1f1a2bdd911a560bea2c8dac9a7a5806caf9eb560055f68e08f87de5e5c,473da1f1a2bdd911a560bea2c8dac9a7a5806caf9eb560055f68e08f87de5e5c,3248,3248,NCGR graphics,NCGR graphics
"포켓몬스터 하트골드 (Korea, IPKK, header ROM version 0)","포켓몬스터 소울실버 (Korea, IPGK, header ROM version 0)",/a/0/5/8,equal,426,426,,,be9c2c8066e77d6844ee731e9cb5cc58dd6a28c4154586002d119acc7070a466,be9c2c8066e77d6844ee731e9cb5cc58dd6a28c4154586002d119acc7070a466,552,552,NCLR palette,NCLR palette
"포켓몬스터 하트골드 (Korea, IPKK, header ROM version 0)","포켓몬스터 소울실버 (Korea, IPGK, header ROM version 0)",/a/0/5/8,equal,427,427,,,8653d1a231b808ea29e3c614e7dcfc7eb1e8cc2042db51da415dfa58e8dea44c,8653d1a231b808ea29e3c614e7dcfc7eb1e8cc2042db51da415dfa58e8dea44c,175,175,NCER cell,NCER cell
"포켓몬스터 하트골드 (Korea, IPKK, header ROM version 0)","포켓몬스터 소울실버 (Korea, IPGK, header ROM version 0)",/a/0/5/8,equal,428,428,,,57c4f638dca35c82365e420f8c7d794c33f8f33053ddda43d831536fc24b21f0,57c4f638dca35c82365e420f8c7d794c33f8f33053ddda43d831536fc24b21f0,151,151,NANR animation,NANR animation
"포켓몬스터 하트골드 (Korea, IPKK, header ROM version 0)","포켓몬스터 소울실버 (Korea, IPGK, header ROM version 0)",/a/0/5/8,equal,429,429,,,2f25056cb76c73510e99835121a7a055a94e5460ec5163a79c9bac6fd13d352c,2f25056cb76c73510e99835121a7a055a94e5460ec5163a79c9bac6fd13d352c,6448,6448,NCGR graphics,NCGR graphics
"포켓몬스터 하트골드 (Korea, IPKK, header ROM version 0)","포켓몬스터 소울실버 (Korea, IPGK, header ROM version 0)",/a/0/5/8,equal,430,430,,,5a788300e5b7f37d3478dcb530ffedb14cf931bb8299f1d0782eb3482ae2725b,5a788300e5b7f37d3478dcb530ffedb14cf931bb8299f1d0782eb3482ae2725b,9648,9648,NCGR graphics,NCGR graphics
"포켓몬스터 하트골드 (Korea, IPKK, header ROM version 0)","포켓몬스터 소울실버 (Korea, IPGK, header ROM version 0)",/a/0/5/8,equal,431,431,,,e4a1a020788940d399ef9b422e55de6735ea854be69092edbfe10906253caf6d,e4a1a020788940d399ef9b422e55de6735ea854be69092edbfe10906253caf6d,552,552,NCLR palette,NCLR palette
"포켓몬스터 하트골드 (Korea, IPKK, header ROM version 0)","포켓몬스터 소울실버 (Korea, IPGK, header ROM version 0)",/a/0/5/8,equal,432,432,,,26efb9e51b870446a2d08630529439d3d4509fb0f3e5ce8675020b8045a3c311,26efb9e51b870446a2d08630529439d3d4509fb0f3e5ce8675020b8045a3c311,341,341,NCER cell,NCER cell
"포켓몬스터 하트골드 (Korea, IPKK, header ROM version 0)","포켓몬스터 소울실버 (Korea, IPGK, header ROM version 0)",/a/0/5/8,equal,433,433,,,ba1b15c4376f2594a43a1fcec04da5b9a159a883d8326f101dee0323b0874236,ba1b15c4376f2594a43a1fcec04da5b9a159a883d8326f101dee0323b0874236,569,569,NANR animation,NANR animation
"포켓몬스터 하트골드 (Korea, IPKK, header ROM version 0)","포켓몬스터 소울실버 (Korea, IPGK, header ROM version 0)",/a/0/5/8,equal,434,434,,,71da1d4d67a72dce151492fddf4860f958c00488f56c571373b0edbb09b57d37,71da1d4d67a72dce151492fddf4860f958c00488f56c571373b0edbb09b57d37,6448,6448,NCGR graphics,NCGR graphics
"포켓몬스터 하트골드 (Korea, IPKK, header ROM version 0)","포켓몬스터 소울실버 (Korea, IPGK, header ROM version 0)",/a/0/5/8,equal,435,435,,,debf42b60ec76d559bd2a94f619c38f10958ff273a5c516c4ddc9cd5a65653ba,debf42b60ec76d559bd2a94f619c38f10958ff273a5c516c4ddc9cd5a65653ba,9648,9648,NCGR graphics,NCGR graphics
"포켓몬스터 하트골드 (Korea, IPKK, header ROM version 0)","포켓몬스터 소울실버 (Korea, IPGK, header ROM version 0)",/a/0/5/8,equal,436,436,,,ed7f2c44c23149b95f2b7d5e41c25f8744f70847dffc833d1bba62fde0c23d01,ed7f2c44c23149b95f2b7d5e41c25f8744f70847dffc833d1bba62fde0c23d01,552,552,NCLR palette,NCLR palette
"포켓몬스터 하트골드 (Korea, IPKK, header ROM version 0)","포켓몬스터 소울실버 (Korea, IPGK, header ROM version 0)",/a/0/5/8,equal,437,437,,,26efb9e51b870446a2d08630529439d3d4509fb0f3e5ce8675020b8045a3c311,26efb9e51b870446a2d08630529439d3d4509fb0f3e5ce8675020b8045a3c311,341,341,NCER cell,NCER cell
"포켓몬스터 하트골드 (Korea, IPKK, header ROM version 0)","포켓몬스터 소울실버 (Korea, IPGK, header ROM version 0)",/a/0/5/8,equal,438,438,,,76b539e387c76104320a47cdd715bd4d82ada175a0192acd95bbb55f86750232,76b539e387c76104320a47cdd715bd4d82ada175a0192acd95bbb55f86750232,577,577,NANR animation,NANR animation
