left,right,container_chain,operation,left_member_index,right_member_index,left_name,right_name,left_sha256,right_sha256,left_size,right_size,left_format,right_format
"포켓몬스터 하트골드 (Korea, IPKK, header ROM version 0)","포켓몬스터 소울실버 (Korea, IPGK, header ROM version 0)",/a/1/4/1,equal,257,257,,,df3f619804a92fdb4057192dc43dd748ea778adc52bc498ce80524c014b81119,df3f619804a92fdb4057192dc43dd748ea778adc52bc498ce80524c014b81119,4,4,,
"포켓몬스터 하트골드 (Korea, IPKK, header ROM version 0)","포켓몬스터 소울실버 (Korea, IPGK, header ROM version 0)",/a/1/4/1,equal,258,258,,,df3f619804a92fdb4057192dc43dd748ea778adc52bc498ce80524c014b81119,df3f619804a92fdb4057192dc43dd748ea778adc52bc498ce80524c014b81119,4,4,,
"포켓몬스터 하트골드 (Korea, IPKK, header ROM version 0)","포켓몬스터 소울실버 (Korea, IPGK, header ROM version 0)",/a/1/4/1,equal,259,259,,,cacb6fccab78ece756ccf19d4bb5057e8cb5a72121e79ccd6410cfc2a240d345,cacb6fccab78ece756ccf19d4bb5057e8cb5a72121e79ccd6410cfc2a240d345,4,4,,
"포켓몬스터 하트골드 (Korea, IPKK, header ROM version 0)","포켓몬스터 소울실버 (Korea, IPGK, header ROM version 0)",/a/1/4/1,equal,260,260,,,cacb6fccab78ece756ccf19d4bb5057e8cb5a72121e79ccd6410cfc2a240d345,cacb6fccab78ece756ccf19d4bb5057e8cb5a72121e79ccd6410cfc2a240d345,4,4,,
"포켓몬스터 하트골드 (Korea, IPKK, header ROM version 0)","포켓몬스터 소울실버 (Korea, IPGK, header ROM version 0)",/a/1/4/1,equal,261,261,,,df3f619804a92fdb4057192dc43dd748ea778adc52bc498ce80524c014b81119,df3f619804a92fdb4057192dc43dd748ea778adc52bc498ce80524c014b81119,4,4,,
"포켓몬스터 하트골드 (Korea, IPKK, header ROM version 0)","포켓몬스터 소울실버 (Korea, IPGK, header ROM version 0)",/a/1/4/1,equal,262,262,,,df3f619804a92fdb4057192dc43dd748ea778adc52bc498ce80524c014b81119,df3f619804a92fdb4057192dc43dd748ea778adc52bc498ce80524c014b81119,4,4,,
"포켓몬스터 하트골드 (Korea, IPKK, header ROM version 0)","포켓몬스터 소울실버 (Korea, IPGK, header ROM version 0)",/a/1/4/1,equal,263,263,,,6e90b5d2b8ce7b775b3f74bafd0a28d18344b287eff41d0cf938f18344ea8fa2,6e90b5d2b8ce7b775b3f74bafd0a28d18344b287eff41d0cf938f18344ea8fa2,4,4,,
"포켓몬스터 하트골드 (Korea, IPKK, header ROM version 0)","포켓몬스터 소울실버 (Korea, IPGK, header ROM version 0)",/a/1/4/1,equal,264,264,,,df3f619804a92fdb4057192dc43dd748ea778adc52bc498ce80524c014b81119,df3f619804a92fdb4057192dc43dd748ea778adc52bc498ce80524c014b81119,4,4,,
"포켓몬스터 하트골드 (Korea, IPKK, header ROM version 0)","포켓몬스터 소울실버 (Korea, IPGK, header ROM version 0)",/a/1/4/1,equal,265,265,,,df3f619804a92fdb4057192dc43dd748ea778adc52bc498ce80524c014b81119,df3f619804a92fdb4057192dc43dd748ea778adc52bc498ce80524c014b81119,4,4,,
"포켓몬스터 하트골드 (Korea, IPKK, header ROM version 0)","포켓몬스터 소울실버 (Korea, IPGK, header ROM version 0)",/a/1/4/1,equal,266,266,,,6e90b5d2b8ce7b775b3f74bafd0a28d18344b287eff41d0cf938f18344ea8fa2,6e90b5d2b8ce7b775b3f74bafd0a28d18344b287eff41d0cf938f18344ea8fa2,4,4,,
"포켓몬스터 하트골드 (Korea, IPKK, header ROM version 0)","포켓몬스터 소울실버 (Korea, IPGK, header ROM version 0)",/a/1/4/1,equal,267,267,,,df3f619804a92fdb4057192dc43dd748ea778adc52bc498ce80524c014b81119,df3f619804a92fdb4057192dc43dd748ea778adc52bc498ce80524c014b81119,4,4,,
"포켓몬스터 하트골드 (Korea, IPKK, header ROM version 0)","포켓몬스터 소울실버 (Korea, IPGK, header ROM version 0)",/a/1/4/1,equal,268,268,,,df3f619804a92fdb4057192dc43dd748ea778adc52bc498ce80524c014b81119,df3f619804a92fdb4057192dc43dd748ea778adc52bc498ce80524c014b81119,4,4,,
"포켓몬스터 하트골드 (Korea, IPKK, header ROM version 0)","포켓몬스터 소울실버 (Korea, IPGK, header ROM version 0)",/a/1/4/1,equal,269,269,,,df3f619804a92fdb4057192dc43dd748ea778adc52bc498ce80524c014b81119,df3f619804a92fdb4057192dc43dd748ea778adc52bc498ce80524c014b81119,4,4,,
"포켓몬스터 하트골드 (Korea, IPKK, header ROM version 0)","포켓몬스터 소울실버 (Korea, IPGK, header ROM version 0)",/a/1/4/1,equal,270,270,,,df3f619804a92fdb4057192dc43dd748ea778adc52bc498ce80524c014b81119,df3f619804a92fdb4057192dc43dd748ea778adc52bc498ce80524c014b81119,4,4,,
"포켓몬스터 하트골드 (Korea, IPKK, header ROM version 0)","포켓몬스터 소울실버 (Korea, IPGK, header ROM version 0)",/a/1/4/1,equal,271,271,,,df3f619804a92fdb4057192dc43dd748ea778adc52bc498ce80524c014b81119,df3f619804a92fdb4057192dc43dd748ea778adc52bc498ce80524c014b81119,4,4,,
"포켓몬스터 하트골드 (Korea, IPKK, header ROM version 0)","포켓몬스터 소울실버 (Korea, IPGK, header ROM version 0)",/a/1/4/1,equal,272,272,,,df3f619804a92fdb4057192dc43dd748ea778adc52bc498ce80524c014b81119,df3f619804a92fdb4057192dc43dd748ea778adc52bc498ce80524c014b81119,4,4,,
"포켓몬스터 하트골드 (Korea, IPKK, header ROM version 0)","포켓몬스터 소울실버 (Korea, IPGK, header ROM version 0)",/a/1/4/1,equal,273,273,,,df3f619804a92fdb4057192dc43dd748ea778adc52bc498ce80524c014b81119,df3f619804a92fdb4057192dc43dd748ea778adc52bc498ce80524c014b81119,4,4,,
"포켓몬스터 하트골드 (Korea, IPKK, header ROM version 0)","포켓몬스터 소울실버 (Korea, IPGK, header ROM version 0)",/a/1/4/1,equal,274,274,,,df3f619804a92fdb4057192dc43dd748ea778adc52bc498ce80524c014b81119,df3f619804a92fdb4057192dc43dd748ea778adc52bc498ce80524c014b81119,4,4,,
"포켓몬스터 하트골드 (Korea, IPKK, header ROM version 0)","포켓몬스터 소울실버 (Korea, IPGK, header ROM version 0)",/a/1/4/1,equal,275,275,,,df3f619804a92fdb4057192dc43dd748ea778adc52bc498ce80524c014b81119,df3f619804a92fdb4057192dc43dd748ea778adc52bc498ce80524c014b81119,4,4,,
"포켓몬스터 하트골드 (Korea, IPKK, header ROM version 0)","포켓몬스터 소울실버 (Korea, IPGK, header ROM version 0)",/a/1/4/1,equal,276,276,,,df3f619804a92fdb4057192dc43dd748ea778adc52bc498ce80524c014b81119,df3f619804a92fdb4057192dc43dd748ea778adc52bc498ce80524c014b81119,4,4,,
"포켓몬스터 하트골드 (Korea, IPKK, header ROM version 0)","포켓몬스터 소울실버 (Korea, IPGK, header ROM version 0)",/a/1/4/1,equal,277,277,,,df3f619804a92fdb4057192dc43dd748ea778adc52bc498ce80524c014b81119,df3f619804a92fdb4057192dc43dd748ea778adc52bc498ce80524c014b81119,4,4,,
"포켓몬스터 하트골드 (Korea, IPKK, header ROM version 0)","포켓몬스터 소울실버 (Korea, IPGK, header ROM version 0)",/a/1/4/1,equal,278,278,,,df3f619804a92fdb4057192dc43dd748ea778adc52bc498ce80524c014b81119,df3f619804a92fdb4057192dc43dd748ea778adc52bc498ce80524c014b81119,4,4,,
"포켓몬스터 하트골드 (Korea, IPKK, header ROM version 0)","포켓몬스터 소울실버 (Korea, IPGK, header ROM version 0)",/a/1/4/1,equal,279,279,,,df3f619804a92fdb4057192dc43dd748ea778adc52bc498ce80524c014b81119,df3f619804a92fdb4057192dc43dd748ea778adc52bc498ce80524c014b81119,4,4,,
"포켓몬스터 하트골드 (Korea, IPKK, header ROM version 0)","포켓몬스터 소울실버 (Korea, IPGK, header ROM version 0)",/a/1/4/1,equal,280,280,,,df3f619804a92fdb4057192dc43dd748ea778adc52bc498ce80524c014b81119,df3f619804a92fdb4057192dc43dd748ea778adc52bc498ce80524c014b81119,4,4,,
"포켓몬스터 하트골드 (Korea, IPKK, header ROM version 0)","포켓몬스터 소울실버 (Korea, IPGK, header ROM version 0)",/a/1/4/1,equal,281,281,,,df3f619804a92fdb4057192dc43dd748ea778adc52bc498ce80524c014b81119,df3f619804a92fdb4057192dc43dd748ea778adc52bc498ce80524c014b81119,4,4,,
"포켓몬스터 하트골드 (Korea, IPKK, header ROM version 0)","포켓몬스터 소울실버 (Korea, IPGK, header ROM version 0)",/a/1/4/1,equal,282,282,,,af1b1c8242302b105f7dfeaa30dbad9f853877c83fbc3365d138b82042eb95ec,af1b1c8242302b105f7dfeaa30dbad9f853877c83fbc3365d138b82042eb95ec,4,4,,
"포켓몬스터 하트골드 (Korea, IPKK, header ROM version 0)","포켓몬스터 소울실버 (Korea, IPGK, header ROM version 0)",/a/1/4/1,equal,283,283,,,af1b1c8242302b105f7dfeaa30dbad9f853877c83fbc3365d138b82042eb95ec,af1b1c8242302b105f7dfeaa30dbad9f853877c83fbc3365d138b82042eb95ec,4,4,,
"포켓몬스터 하트골드 (Korea, IPKK, header ROM version 0)","포켓몬스터 소울실버 (Korea, IPGK, header ROM version 0)",/a/1/4/1,equal,284,284,,,cacb6fccab78ece756ccf19d4bb5057e8cb5a72121e79ccd6410cfc2a240d345,cacb6fccab78ece756ccf19d4bb5057e8cb5a72121e79ccd6410cfc2a240d345,4,4,,
"포켓몬스터 하트골드 (Korea, IPKK, header ROM version 0)","포켓몬스터 소울실버 (Korea, IPGK, header ROM version 0)",/a/1/4/1,equal,285,285,,,df3f619804a92fdb4057192dc43dd748ea778adc52bc498ce80524c014b81119,df3f619804a92fdb4057192dc43dd748ea778adc52bc498ce80524c014b81119,4,4,,
"포켓몬스터 하트골드 (Korea, IPKK, header ROM version 0)","포켓몬스터 소울실버 (Korea, IPGK, header ROM version 0)",/a/1/4/1,equal,286,286,,,df3f619804a92fdb4057192dc43dd748ea778adc52bc498ce80524c014b81119,df3f619804a92fdb4057192dc43dd748ea778adc52bc498ce80524c014b81119,4,4,,
"포켓몬스터 하트골드 (Korea, IPKK, header ROM version 0)","포켓몬스터 소울실버 (Korea, IPGK, header ROM version 0)",/a/1/4/1,equal,287,287,,,df3f619804a92fdb4057192dc43dd748ea778adc52bc498ce80524c014b81119,df3f619804a92fdb4057192dc43dd748ea778adc52bc498ce80524c014b81119,4,4,,
"포켓몬스터 하트골드 (Korea, IPKK, header ROM version 0)","포켓몬스터 소울실버 (Korea, IPGK, header ROM version 0)",/a/1/4/1,equal,288,288,,,df3f619804a92fdb4057192dc43dd748ea778adc52bc498ce80524c014b81119,df3f619804a92fdb4057192dc43dd748ea778adc52bc498ce80524c014b81119,4,4,,
"포켓몬스터 하트골드 (Korea, IPKK, header ROM version 0)","포켓몬스터 소울실버 (Korea, IPGK, header ROM version 0)",/a/1/4/1,equal,289,289,,,df3f619804a92fdb4057192dc43dd748ea778adc52bc498ce80524c014b81119,df3f619804a92fdb4057192dc43dd748ea778adc52bc498ce80524c014b81119,4,4,,
"포켓몬스터 하트골드 (Korea, IPKK, header ROM version 0)","포켓몬스터 소울실버 (Korea, IPGK, header ROM version 0)",/a/1/4/1,equal,290,290,,,df3f619804a92fdb4057192dc43dd748ea778adc52bc498ce80524c014b81119,df3f619804a92fdb4057192dc43dd748ea778adc52bc498ce80524c014b81119,4,4,,
"포켓몬스터 하트골드 (Korea, IPKK, header ROM version 0)","포켓몬스터 소울실버 (Korea, IPGK, header ROM version 0)",/a/1/4/1,equal,291,291,,,df3f619804a92fdb4057192dc43dd748ea778adc52bc498ce80524c014b81119,df3f619804a92fdb4057192dc43dd748ea778adc52bc498ce80524c014b81119,4,4,,
"포켓몬스터 하트골드 (Korea, IPKK, header ROM version 0)","포켓몬스터 소울실버 (Korea, IPGK, header ROM version 0)",/a/1/4/1,equal,292,292,,,df3f619804a92fdb4057192dc43dd748ea778adc52bc498ce80524c014b81119,df3f619804a92fdb4057192dc43dd748ea778adc52bc498ce80524c014b81119,4,4,,
"포켓몬스터 하트골드 (Korea, IPKK, header ROM version 0)","포켓몬스터 소울실버 (Korea, IPGK, header ROM version 0)",/a/1/4/1,equal,293,293,,,df3f619804a92fdb4057192dc43dd748ea778adc52bc498ce80524c014b81119,df3f619804a92fdb4057192dc43dd748ea778adc52bc498ce80524c014b81119,4,4,,
"포켓몬스터 하트골드 (Korea, IPKK, header ROM version 0)","포켓몬스터 소울실버 (Korea, IPGK, header ROM version 0)",/a/1/4/1,equal,294,294,,,df3f619804a92fdb4057192dc43dd748ea778adc52bc498ce80524c014b81119,df3f619804a92fdb4057192dc43dd748ea778adc52bc498ce80524c014b81119,4,4,,
"포켓몬스터 하트골드 (Korea, IPKK, header ROM version 0)","포켓몬스터 소울실버 (Korea, IPGK, header ROM version 0)",/a/1/4/1,equal,295,295,,,df3f619804a92fdb4057192dc43dd748ea778adc52bc498ce80524c014b81119,df3f619804a92fdb4057192dc43dd748ea778adc52bc498ce80524c014b81119,4,4,,
"포켓몬스터 하트골드 (Korea, IPKK, header ROM version 0)","포켓몬스터 소울실버 (Korea, IPGK, header ROM version 0)",/a/1/4/1,equal,296,296,,,df3f619804a92fdb4057192dc43dd748ea778adc52bc498ce80524c014b81119,df3f619804a92fdb4057192dc43dd748ea778adc52bc498ce80524c014b81119,4,4,,
"포켓몬스터 하트골드 (Korea, IPKK, header ROM version 0)","포켓몬스터 소울실버 (Korea, IPGK, header ROM version 0)",/a/1/4/1,equal,297,297,,,df3f619804a92fdb4057192dc43dd748ea778adc52bc498ce80524c014b81119,df3f619804a92fdb4057192dc43dd748ea778adc52bc498ce80524c014b81119,4,4,,
"포켓몬스터 하트골드 (Korea, IPKK, header ROM version 0)","포켓몬스터 소울실버 (Korea, IPGK, header ROM version 0)",/a/1/4/1,equal,298,298,,,df3f619804a92fdb4057192dc43dd748ea778adc52bc498ce80524c014b81119,df3f619804a92fdb4057192dc43dd748ea778adc52bc498ce80524c014b81119,4,4,,
"포켓몬스터 하트골드 (Korea, IPKK, header ROM version 0)","포켓몬스터 소울실버 (Korea, IPGK, header ROM version 0)",/a/1/4/1,equal,299,299,,,df3f619804a92fdb4057192dc43dd748ea778adc52bc498ce80524c014b81119,df3f619804a92fdb4057192dc43dd748ea778adc52bc498ce80524c014b81119,4,4,,
"포켓몬스터 하트골드 (Korea, IPKK, header ROM version 0)","포켓몬스터 소울실버 (Korea, IPGK, header ROM version 0)",/a/1/4/1,equal,300,300,,,cacb6fccab78ece756ccf19d4bb5057e8cb5a72121e79ccd6410cfc2a240d345,cacb6fccab78ece756ccf19d4bb5057e8cb5a72121e79ccd6410cfc2a240d345,4,4,,
"포켓몬스터 하트골드 (Korea, IPKK, header ROM version 0)","포켓몬스터 소울실버 (Korea, IPGK, header ROM version 0)",/a/1/4/1,equal,301,301,,,df3f619804a92fdb4057192dc43dd748ea778adc52bc498ce80524c014b81119,df3f619804a92fdb4057192dc43dd748ea778adc52bc498ce80524c014b81119,4,4,,
"포켓몬스터 하트골드 (Korea, IPKK, header ROM version 0)","포켓몬스터 소울실버 (Korea, IPGK, header ROM version 0)",/a/1/4/1,equal,302,302,,,cacb6fccab78ece756ccf19d4bb5057e8cb5a72121e79ccd6410cfc2a240d345,cacb6fccab78ece756ccf19d4bb5057e8cb5a72121e79ccd6410cfc2a240d345,4,4,,
"포켓몬스터 하트골드 (Korea, IPKK, header ROM version 0)","포켓몬스터 소울실버 (Korea, IPGK, header ROM version 0)",/a/1/4/1,equal,303,303,,,df3f619804a92fdb4057192dc43dd748ea778adc52bc498ce80524c014b81119,df3f619804a92fdb4057192dc43dd748ea778adc52bc498ce80524c014b81119,4,4,,
"포켓몬스터 하트골드 (Korea, IPKK, header ROM version 0)","포켓몬스터 소울실버 (Korea, IPGK, header ROM version 0)",/a/1/4/1,equal,304,304,,,df3f619804a92fdb4057192dc43dd748ea778adc52bc498ce80524c014b81119,df3f619804a92fdb4057192dc43dd748ea778adc52bc498ce80524c014b81119,4,4,,
"포켓몬스터 하트골드 (Korea, IPKK, header ROM version 0)","포켓몬스터 소울실버 (Korea, IPGK, header ROM version 0)",/a/1/4/1,equal,305,305,,,df3f619804a92fdb4057192dc43dd748ea778adc52bc498ce80524c014b81119,df3f619804a92fdb4057192dc43dd748ea778adc52bc498ce80524c014b81119,4,4,,
"포켓몬스터 하트골드 (Korea, IPKK, header ROM version 0)","포켓몬스터 소울실버 (Korea, IPGK, header ROM version 0)",/a/1/4/1,equal,306,306,,,df3f619804a92fdb4057192dc43dd748ea778adc52bc498ce80524c014b81119,df3f619804a92fdb4057192dc43dd748ea778adc52bc498ce80524c014b81119,4,4,,
"포켓몬스터 하트골드 (Korea, IPKK, header ROM version 0)","포켓몬스터 소울실버 (Korea, IPGK, header ROM version 0)",/a/1/4/1,equal,307,307,,,df3f619804a92fdb4057192dc43dd748ea778adc52bc498ce80524c014b81119,df3f619804a92fdb4057192dc43dd748ea778adc52bc498ce80524c014b81119,4,4,,
"포켓몬스터 하트골드 (Korea, IPKK, header ROM version 0)","포켓몬스터 소울실버 (Korea, IPGK, header ROM version 0)",/a/1/4/1,equal,308,308,,,df3f619804a92fdb4057192dc43dd748ea778adc52bc498ce80524c014b81119,df3f619804a92fdb4057192dc43dd748ea778adc52bc498ce80524c014b81119,4,4,,
"포켓몬스터 하트골드 (Korea, IPKK, header ROM version 0)","포켓몬스터 소울실버 (Korea, IPGK, header ROM version 0)",/a/1/4/1,equal,309,309,,,df3f619804a92fdb4057192dc43dd748ea778adc52bc498ce80524c014b81119,df3f619804a92fdb4057192dc43dd748ea778adc52bc498ce80524c014b81119,4,4,,
"포켓몬스터 하트골드 (Korea, IPKK, header ROM version 0)","포켓몬스터 소울실버 (Korea, IPGK, header ROM version 0)",/a/1/4/1,equal,310,310,,,cacb6fccab78ece756ccf19d4bb5057e8cb5a72121e79ccd6410cfc2a240d345,cacb6fccab78ece756ccf19d4bb5057e8cb5a72121e79ccd6410cfc2a240d345,4,4,,
"포켓몬스터 하트골드 (Korea, IPKK, header ROM version 0)","포켓몬스터 소울실버 (Korea, IPGK, header ROM version 0)",/a/1/4/1,equal,311,311,,,cacb6fccab78ece756ccf19d4bb5057e8cb5a72121e79ccd6410cfc2a240d345,cacb6fccab78ece756ccf19d4bb5057e8cb5a72121e79ccd6410cfc2a240d345,4,4,,
"포켓몬스터 하트골드 (Korea, IPKK, header ROM version 0)","포켓몬스터 소울실버 (Korea, IPGK, header ROM version 0)",/a/1/4/1,equal,312,312,,,cacb6fccab78ece756ccf19d4bb5057e8cb5a72121e79ccd6410cfc2a240d345,cacb6fccab78ece756ccf19d4bb5057e8cb5a72121e79ccd6410cfc2a240d345,4,4,,
"포켓몬스터 하트골드 (Korea, IPKK, header ROM version 0)","포켓몬스터 소울실버 (Korea, IPGK, header ROM version 0)",/a/1/4/1,equal,313,313,,,df3f619804a92fdb4057192dc43dd748ea778adc52bc498ce80524c014b81119,df3f619804a92fdb4057192dc43dd748ea778adc52bc498ce80524c014b81119,4,4,,
"포켓몬스터 하트골드 (Korea, IPKK, header ROM version 0)","포켓몬스터 소울실버 (Korea, IPGK, header ROM version 0)",/a/1/4/1,equal,314,314,,,df3f619804a92fdb4057192dc43dd748ea778adc52bc498ce80524c014b81119,df3f619804a92fdb4057192dc43dd748ea778adc52bc498ce80524c014b81119,4,4,,
"포켓몬스터 하트골드 (Korea, IPKK, header ROM version 0)","포켓몬스터 소울실버 (Korea, IPGK, header ROM version 0)",/a/1/4/1,equal,315,315,,,df3f619804a92fdb4057192dc43dd748ea778adc52bc498ce80524c014b81119,df3f619804a92fdb4057192dc43dd748ea778adc52bc498ce80524c014b81119,4,4,,
"포켓몬스터 하트골드 (Korea, IPKK, header ROM version 0)","포켓몬스터 소울실버 (Korea, IPGK, header ROM version 0)",/a/1/4/1,equal,316,316,,,6e90b5d2b8ce7b775b3f74bafd0a28d18344b287eff41d0cf938f18344ea8fa2,6e90b5d2b8ce7b775b3f74bafd0a28d18344b287eff41d0cf938f18344ea8fa2,4,4,,
"포켓몬스터 하트골드 (Korea, IPKK, header ROM version 0)","포켓몬스터 소울실버 (Korea, IPGK, header ROM version 0)",/a/1/4/1,equal,317,317,,,cacb6fccab78ece756ccf19d4bb5057e8cb5a72121e79ccd6410cfc2a240d345,cacb6fccab78ece756ccf19d4bb5057e8cb5a72121e79ccd6410cfc2a240d345,4,4,,
"포켓몬스터 하트골드 (Korea, IPKK, header ROM version 0)","포켓몬스터 소울실버 (Korea, IPGK, header ROM version 0)",/a/1/4/1,equal,318,318,,,df3f619804a92fdb4057192dc43dd748ea778adc52bc498ce80524c014b81119,df3f619804a92fdb4057192dc43dd748ea778adc52bc498ce80524c014b81119,4,4,,
"포켓몬스터 하트골드 (Korea, IPKK, header ROM version 0)","포켓몬스터 소울실버 (Korea, IPGK, header ROM version 0)",/a/1/4/1,equal,319,319,,,df3f619804a92fdb4057192dc43dd748ea778adc52bc498ce80524c014b81119,df3f619804a92fdb4057192dc43dd748ea778adc52bc498ce80524c014b81119,4,4,,
"포켓몬스터 하트골드 (Korea, IPKK, header ROM version 0)","포켓몬스터 소울실버 (Korea, IPGK, header ROM version 0)",/a/1/4/1,equal,320,320,,,df3f619804a92fdb4057192dc43dd748ea778adc52bc498ce80524c014b81119,df3f619804a92fdb4057192dc43dd748ea778adc52bc498ce80524c014b81119,4,4,,
"포켓몬스터 하트골드 (Korea, IPKK, header ROM version 0)","포켓몬스터 소울실버 (Korea, IPGK, header ROM version 0)",/a/1/4/1,equal,321,321,,,df3f619804a92fdb4057192dc43dd748ea778adc52bc498ce80524c014b81119,df3f619804a92fdb4057192dc43dd748ea778adc52bc498ce80524c014b81119,4,4,,
"포켓몬스터 하트골드 (Korea, IPKK, header ROM version 0)","포켓몬스터 소울실버 (Korea, IPGK, header ROM version 0)",/a/1/4/1,equal,322,322,,,df3f619804a92fdb4057192dc43dd748ea778adc52bc498ce80524c014b81119,df3f619804a92fdb4057192dc43dd748ea778adc52bc498ce80524c014b81119,4,4,,
"포켓몬스터 하트골드 (Korea, IPKK, header ROM version 0)","포켓몬스터 소울실버 (Korea, IPGK, header ROM version 0)",/a/1/4/1,equal,323,323,,,df3f619804a92fdb4057192dc43dd748ea778adc52bc498ce80524c014b81119,df3f619804a92fdb4057192dc43dd748ea778adc52bc498ce80524c014b81119,4,4,,
"포켓몬스터 하트골드 (Korea, IPKK, header ROM version 0)","포켓몬스터 소울실버 (Korea, IPGK, header ROM version 0)",/a/1/4/1,equal,324,324,,,6e90b5d2b8ce7b775b3f74bafd0a28d18344b287eff41d0cf938f18344ea8fa2,6e90b5d2b8ce7b775b3f74bafd0a28d18344b287eff41d0cf938f18344ea8fa2,4,4,,
"포켓몬스터 하트골드 (Korea, IPKK, header ROM version 0)","포켓몬스터 소울실버 (Korea, IPGK, header ROM version 0)",/a/1/4/1,equal,325,325,,,6e90b5d2b8ce7b775b3f74bafd0a28d18344b287eff41d0cf938f18344ea8fa2,6e90b5d2b8ce7b775b3f74bafd0a28d18344b287eff41d0cf938f18344ea8fa2,4,4,,
"포켓몬스터 하트골드 (Korea, IPKK, header ROM version 0)","포켓몬스터 소울실버 (Korea, IPGK, header ROM version 0)",/a/1/4/1,equal,326,326,,,df3f619804a92fdb4057192dc43dd748ea778adc52bc498ce80524c014b81119,df3f619804a92fdb4057192dc43dd748ea778adc52bc498ce80524c014b81119,4,4,,
"포켓몬스터 하트골드 (Korea, IPKK, header ROM version 0)","포켓몬스터 소울실버 (Korea, IPGK, header ROM version 0)",/a/1/4/1,equal,327,327,,,df3f619804a92fdb4057192dc43dd748ea778adc52bc498ce80524c014b81119,df3f619804a92fdb4057192dc43dd748ea778adc52bc498ce80524c014b81119,4,4,,
"포켓몬스터 하트골드 (Korea, IPKK, header ROM version 0)","포켓몬스터 소울실버 (Korea, IPGK, header ROM version 0)",/a/1/4/1,equal,328,328,,,df3f619804a92fdb4057192dc43dd748ea778adc52bc498ce80524c014b81119,df3f619804a92fdb4057192dc43dd748ea778adc52bc498ce80524c014b81119,4,4,,
"포켓몬스터 하트골드 (Korea, IPKK, header ROM version 0)","포켓몬스터 소울실버 (Korea, IPGK, header ROM version 0)",/a/1/4/1,equal,329,329,,,df3f619804a92fdb4057192dc43dd748ea778adc52bc498ce80524c014b81119,df3f619804a92fdb4057192dc43dd748ea778adc52bc498ce80524c014b81119,4,4,,
"포켓몬스터 하트골드 (Korea, IPKK, header ROM version 0)","포켓몬스터 소울실버 (Korea, IPGK, header ROM version 0)",/a/1/4/1,equal,330,330,,,df3f619804a92fdb4057192dc43dd748ea778adc52bc498ce80524c014b81119,df3f619804a92fdb4057192dc43dd748ea778adc52bc498ce80524c014b81119,4,4,,
"포켓몬스터 하트골드 (Korea, IPKK, header ROM version 0)","포켓몬스터 소울실버 (Korea, IPGK, header ROM version 0)",/a/1/4/1,equal,331,331,,,df3f619804a92fdb4057192dc43dd748ea778adc52bc498ce80524c014b81119,df3f619804a92fdb4057192dc43dd748ea778adc52bc498ce80524c014b81119,4,4,,
"포켓몬스터 하트골드 (Korea, IPKK, header ROM version 0)","포켓몬스터 소울실버 (Korea, IPGK, header ROM version 0)",/a/1/4/1,equal,332,332,,,df3f619804a92fdb4057192dc43dd748ea778adc52bc498ce80524c014b81119,df3f619804a92fdb4057192dc43dd748ea778adc52bc498ce80524c014b81119,4,4,,
"포켓몬스터 하트골드 (Korea, IPKK, header ROM version 0)","포켓몬스터 소울실버 (Korea, IPGK, header ROM version 0)",/a/1/4/1,equal,333,333,,,df3f619804a92fdb4057192dc43dd748ea778adc52bc498ce80524c014b81119,df3f619804a92fdb4057192dc43dd748ea778adc52bc498ce80524c014b81119,4,4,,
"포켓몬스터 하트골드 (Korea, IPKK, header ROM version 0)","포켓몬스터 소울실버 (Korea, IPGK, header ROM version 0)",/a/1/4/1,equal,334,334,,,df3f619804a92fdb4057192dc43dd748ea778adc52bc498ce80524c014b81119,df3f619804a92fdb4057192dc43dd748ea778adc52bc498ce80524c014b81119,4,4,,
"포켓몬스터 하트골드 (Korea, IPKK, header ROM version 0)","포켓몬스터 소울실버 (Korea, IPGK, header ROM version 0)",/a/1/4/1,equal,335,335,,,df3f619804a92fdb4057192dc43dd748ea778adc52bc498ce80524c014b81119,df3f619804a92fdb4057192dc43dd748ea778adc52bc498ce80524c014b81119,4,4,,
"포켓몬스터 하트골드 (Korea, IPKK, header ROM version 0)","포켓몬스터 소울실버 (Korea, IPGK, header ROM version 0)",/a/1/4/1,equal,336,336,,,df3f619804a92fdb4057192dc43dd748ea778adc52bc498ce80524c014b81119,df3f619804a92fdb4057192dc43dd748ea778adc52bc498ce80524c014b81119,4,4,,
"포켓몬스터 하트골드 (Korea, IPKK, header ROM version 0)","포켓몬스터 소울실버 (Korea, IPGK, header ROM version 0)",/a/1/4/1,equal,337,337,,,df3f619804a92fdb4057192dc43dd748ea778adc52bc498ce80524c014b81119,df3f619804a92fdb4057192dc43dd748ea778adc52bc498ce80524c014b81119,4,4,,
"포켓몬스터 하트골드 (Korea, IPKK, header ROM version 0)","포켓몬스터 소울실버 (Korea, IPGK, header ROM version 0)",/a/1/4/1,equal,338,338,,,df3f619804a92fdb4057192dc43dd748ea778adc52bc498ce80524c014b81119,df3f619804a92fdb4057192dc43dd748ea778adc52bc498ce80524c014b81119,4,4,,
"포켓몬스터 하트골드 (Korea, IPKK, header ROM version 0)","포켓몬스터 소울실버 (Korea, IPGK, header ROM version 0)",/a/1/4/1,equal,339,339,,,df3f619804a92fdb4057192dc43dd748ea778adc52bc498ce80524c014b81119,df3f619804a92fdb4057192dc43dd748ea778adc52bc498ce80524c014b81119,4,4,,
"포켓몬스터 하트골드 (Korea, IPKK, header ROM version 0)","포켓몬스터 소울실버 (Korea, IPGK, header ROM version 0)",/a/1/4/1,equal,340,340,,,6e90b5d2b8ce7b775b3f74bafd0a28d18344b287eff41d0cf938f18344ea8fa2,6e90b5d2b8ce7b775b3f74bafd0a28d18344b287eff41d0cf938f18344ea8fa2,4,4,,
"포켓몬스터 하트골드 (Korea, IPKK, header ROM version 0)","포켓몬스터 소울실버 (Korea, IPGK, header ROM version 0)",/a/1/4/1,equal,341,341,,,df3f619804a92fdb4057192dc43dd748ea778adc52bc498ce80524c014b81119,df3f619804a92fdb4057192dc43dd748ea778adc52bc498ce80524c014b81119,4,4,,
"포켓몬스터 하트골드 (Korea, IPKK, header ROM version 0)","포켓몬스터 소울실버 (Korea, IPGK, header ROM version 0)",/a/1/4/1,equal,342,342,,,df3f619804a92fdb4057192dc43dd748ea778adc52bc498ce80524c014b81119,df3f619804a92fdb4057192dc43dd748ea778adc52bc498ce80524c014b81119,4,4,,
"포켓몬스터 하트골드 (Korea, IPKK, header ROM version 0)","포켓몬스터 소울실버 (Korea, IPGK, header ROM version 0)",/a/1/4/1,equal,343,343,,,df3f619804a92fdb4057192dc43dd748ea778adc52bc498ce80524c014b81119,df3f619804a92fdb4057192dc43dd748ea778adc52bc498ce80524c014b81119,4,4,,
"포켓몬스터 하트골드 (Korea, IPKK, header ROM version 0)","포켓몬스터 소울실버 (Korea, IPGK, header ROM version 0)",/a/1/4/1,equal,344,344,,,df3f619804a92fdb4057192dc43dd748ea778adc52bc498ce80524c014b81119,df3f619804a92fdb4057192dc43dd748ea778adc52bc498ce80524c014b81119,4,4,,
"포켓몬스터 하트골드 (Korea, IPKK, header ROM version 0)","포켓몬스터 소울실버 (Korea, IPGK, header ROM version 0)",/a/1/4/1,equal,345,345,,,df3f619804a92fdb4057192dc43dd748ea778adc52bc498ce80524c014b81119,df3f619804a92fdb4057192dc43dd748ea778adc52bc498ce80524c014b81119,4,4,,
"포켓몬스터 하트골드 (Korea, IPKK, header ROM version 0)","포켓몬스터 소울실버 (Korea, IPGK, header ROM version 0)",/a/1/4/1,equal,346,346,,,cacb6fccab78ece756ccf19d4bb5057e8cb5a72121e79ccd6410cfc2a240d345,cacb6fccab78ece756ccf19d4bb5057e8cb5a72121e79ccd6410cfc2a240d345,4,4,,
"포켓몬스터 하트골드 (Korea, IPKK, header ROM version 0)","포켓몬스터 소울실버 (Korea, IPGK, header ROM version 0)",/a/1/4/1,equal,347,347,,,cacb6fccab78ece756ccf19d4bb5057e8cb5a72121e79ccd6410cfc2a240d345,cacb6fccab78ece756ccf19d4bb5057e8cb5a72121e79ccd6410cfc2a240d345,4,4,,
"포켓몬스터 하트골드 (Korea, IPKK, header ROM version 0)","포켓몬스터 소울실버 (Korea, IPGK, header ROM version 0)",/a/1/4/1,equal,348,348,,,df3f619804a92fdb4057192dc43dd748ea778adc52bc498ce80524c014b81119,df3f619804a92fdb4057192dc43dd748ea778adc52bc498ce80524c014b81119,4,4,,
"포켓몬스터 하트골드 (Korea, IPKK, header ROM version 0)","포켓몬스터 소울실버 (Korea, IPGK, header ROM version 0)",/a/1/4/1,equal,349,349,,,df3f619804a92fdb4057192dc43dd748ea778adc52bc498ce80524c014b81119,df3f619804a92fdb4057192dc43dd748ea778adc52bc498ce80524c014b81119,4,4,,
"포켓몬스터 하트골드 (Korea, IPKK, header ROM version 0)","포켓몬스터 소울실버 (Korea, IPGK, header ROM version 0)",/a/1/4/1,equal,350,350,,,df3f619804a92fdb4057192dc43dd748ea778adc52bc498ce80524c014b81119,df3f619804a92fdb4057192dc43dd748ea778adc52bc498ce80524c014b81119,4,4,,
"포켓몬스터 하트골드 (Korea, IPKK, header ROM version 0)","포켓몬스터 소울실버 (Korea, IPGK, header ROM version 0)",/a/1/4/1,equal,351,351,,,6e90b5d2b8ce7b775b3f74bafd0a28d18344b287eff41d0cf938f18344ea8fa2,6e90b5d2b8ce7b775b3f74bafd0a28d18344b287eff41d0cf938f18344ea8fa2,4,4,,
"포켓몬스터 하트골드 (Korea, IPKK, header ROM version 0)","포켓몬스터 소울실버 (Korea, IPGK, header ROM version 0)",/a/1/4/1,equal,352,352,,,6e90b5d2b8ce7b775b3f74bafd0a28d18344b287eff41d0cf938f18344ea8fa2,6e90b5d2b8ce7b775b3f74bafd0a28d18344b287eff41d0cf938f18344ea8fa2,4,4,,
"포켓몬스터 하트골드 (Korea, IPKK, header ROM version 0)","포켓몬스터 소울실버 (Korea, IPGK, header ROM version 0)",/a/1/4/1,equal,353,353,,,6e90b5d2b8ce7b775b3f74bafd0a28d18344b287eff41d0cf938f18344ea8fa2,6e90b5d2b8ce7b775b3f74bafd0a28d18344b287eff41d0cf938f18344ea8fa2,4,4,,
"포켓몬스터 하트골드 (Korea, IPKK, header ROM version 0)","포켓몬스터 소울실버 (Korea, IPGK, header ROM version 0)",/a/1/4/1,equal,354,354,,,ca43ded26fa0d85c36f0fcc29fb06a312c3430ac8364d08f6261fa48ac8f1345,ca43ded26fa0d85c36f0fcc29fb06a312c3430ac8364d08f6261fa48ac8f1345,4,4,,
"포켓몬스터 하트골드 (Korea, IPKK, header ROM version 0)","포켓몬스터 소울실버 (Korea, IPGK, header ROM version 0)",/a/1/4/1,equal,355,355,,,df3f619804a92fdb4057192dc43dd748ea778adc52bc498ce80524c014b81119,df3f619804a92fdb4057192dc43dd748ea778adc52bc498ce80524c014b81119,4,4,,
"포켓몬스터 하트골드 (Korea, IPKK, header ROM version 0)","포켓몬스터 소울실버 (Korea, IPGK, header ROM version 0)",/a/1/4/1,equal,356,356,,,df3f619804a92fdb4057192dc43dd748ea778adc52bc498ce80524c014b81119,df3f619804a92fdb4057192dc43dd748ea778adc52bc498ce80524c014b81119,4,4,,
"포켓몬스터 하트골드 (Korea, IPKK, header ROM version 0)","포켓몬스터 소울실버 (Korea, IPGK, header ROM version 0)",/a/1/4/1,equal,357,357,,,df3f619804a92fdb4057192dc43dd748ea778adc52bc498ce80524c014b81119,df3f619804a92fdb4057192dc43dd748ea778adc52bc498ce80524c014b81119,4,4,,
"포켓몬스터 하트골드 (Korea, IPKK, header ROM version 0)","포켓몬스터 소울실버 (Korea, IPGK, header ROM version 0)",/a/1/4/1,equal,358,358,,,df3f619804a92fdb4057192dc43dd748ea778adc52bc498ce80524c014b81119,df3f619804a92fdb4057192dc43dd748ea778adc52bc498ce80524c014b81119,4,4,,
"포켓몬스터 하트골드 (Korea, IPKK, header ROM version 0)","포켓몬스터 소울실버 (Korea, IPGK, header ROM version 0)",/a/1/4/1,equal,359,359,,,df3f619804a92fdb4057192dc43dd748ea778adc52bc498ce80524c014b81119,df3f619804a92fdb4057192dc43dd748ea778adc52bc498ce80524c014b81119,4,4,,
"포켓몬스터 하트골드 (Korea, IPKK, header ROM version 0)","포켓몬스터 소울실버 (Korea, IPGK, header ROM version 0)",/a/1/4/1,equal,360,360,,,df3f619804a92fdb4057192dc43dd748ea778adc52bc498ce80524c014b81119,df3f619804a92fdb4057192dc43dd748ea778adc52bc498ce80524c014b81119,4,4,,
"포켓몬스터 하트골드 (Korea, IPKK, header ROM version 0)","포켓몬스터 소울실버 (Korea, IPGK, header ROM version 0)",/a/1/4/1,equal,361,361,,,df3f619804a92fdb4057192dc43dd748ea778adc52bc498ce80524c014b81119,df3f619804a92fdb4057192dc43dd748ea778adc52bc498ce80524c014b81119,4,4,,
"포켓몬스터 하트골드 (Korea, IPKK, header ROM version 0)","포켓몬스터 소울실버 (Korea, IPGK, header ROM version 0)",/a/1/4/1,equal,362,362,,,6e90b5d2b8ce7b775b3f74bafd0a28d18344b287eff41d0cf938f18344ea8fa2,6e90b5d2b8ce7b775b3f74bafd0a28d18344b287eff41d0cf938f18344ea8fa2,4,4,,
"포켓몬스터 하트골드 (Korea, IPKK, header ROM version 0)","포켓몬스터 소울실버 (Korea, IPGK, header ROM version 0)",/a/1/4/1,equal,363,363,,,cacb6fccab78ece756ccf19d4bb5057e8cb5a72121e79ccd6410cfc2a240d345,cacb6fccab78ece756ccf19d4bb5057e8cb5a72121e79ccd6410cfc2a240d345,4,4,,
"포켓몬스터 하트골드 (Korea, IPKK, header ROM version 0)","포켓몬스터 소울실버 (Korea, IPGK, header ROM version 0)",/a/1/4/1,equal,364,364,,,df3f619804a92fdb4057192dc43dd748ea778adc52bc498ce80524c014b81119,df3f619804a92fdb4057192dc43dd748ea778adc52bc498ce80524c014b81119,4,4,,
"포켓몬스터 하트골드 (Korea, IPKK, header ROM version 0)","포켓몬스터 소울실버 (Korea, IPGK, header ROM version 0)",/a/1/4/1,equal,365,365,,,df3f619804a92fdb4057192dc43dd748ea778adc52bc498ce80524c014b81119,df3f619804a92fdb4057192dc43dd748ea778adc52bc498ce80524c014b81119,4,4,,
"포켓몬스터 하트골드 (Korea, IPKK, header ROM version 0)","포켓몬스터 소울실버 (Korea, IPGK, header ROM version 0)",/a/1/4/1,equal,366,366,,,cacb6fccab78ece756ccf19d4bb5057e8cb5a72121e79ccd6410cfc2a240d345,cacb6fccab78ece756ccf19d4bb5057e8cb5a72121e79ccd6410cfc2a240d345,4,4,,
"포켓몬스터 하트골드 (Korea, IPKK, header ROM version 0)","포켓몬스터 소울실버 (Korea, IPGK, header ROM version 0)",/a/1/4/1,equal,367,367,,,cacb6fccab78ece756ccf19d4bb5057e8cb5a72121e79ccd6410cfc2a240d345,cacb6fccab78ece756ccf19d4bb5057e8cb5a72121e79ccd6410cfc2a240d345,4,4,,
"포켓몬스터 하트골드 (Korea, IPKK, header ROM version 0)","포켓몬스터 소울실버 (Korea, IPGK, header ROM version 0)",/a/1/4/1,equal,368,368,,,df3f619804a92fdb4057192dc43dd748ea778adc52bc498ce80524c014b81119,df3f619804a92fdb4057192dc43dd748ea778adc52bc498ce80524c014b81119,4,4,,
"포켓몬스터 하트골드 (Korea, IPKK, header ROM version 0)","포켓몬스터 소울실버 (Korea, IPGK, header ROM version 0)",/a/1/4/1,equal,369,369,,,df3f619804a92fdb4057192dc43dd748ea778adc52bc498ce80524c014b81119,df3f619804a92fdb4057192dc43dd748ea778adc52bc498ce80524c014b81119,4,4,,
"포켓몬스터 하트골드 (Korea, IPKK, header ROM version 0)","포켓몬스터 소울실버 (Korea, IPGK, header ROM version 0)",/a/1/4/1,equal,370,370,,,cacb6fccab78ece756ccf19d4bb5057e8cb5a72121e79ccd6410cfc2a240d345,cacb6fccab78ece756ccf19d4bb5057e8cb5a72121e79ccd6410cfc2a240d345,4,4,,
"포켓몬스터 하트골드 (Korea, IPKK, header ROM version 0)","포켓몬스터 소울실버 (Korea, IPGK, header ROM version 0)",/a/1/4/1,equal,371,371,,,cacb6fccab78ece756ccf19d4bb5057e8cb5a72121e79ccd6410cfc2a240d345,cacb6fccab78ece756ccf19d4bb5057e8cb5a72121e79ccd6410cfc2a240d345,4,4,,
"포켓몬스터 하트골드 (Korea, IPKK, header ROM version 0)","포켓몬스터 소울실버 (Korea, IPGK, header ROM version 0)",/a/1/4/1,equal,372,372,,,df3f619804a92fdb4057192dc43dd748ea778adc52bc498ce80524c014b81119,df3f619804a92fdb4057192dc43dd748ea778adc52bc498ce80524c014b81119,4,4,,
"포켓몬스터 하트골드 (Korea, IPKK, header ROM version 0)","포켓몬스터 소울실버 (Korea, IPGK, header ROM version 0)",/a/1/4/1,equal,373,373,,,6e90b5d2b8ce7b775b3f74bafd0a28d18344b287eff41d0cf938f18344ea8fa2,6e90b5d2b8ce7b775b3f74bafd0a28d18344b287eff41d0cf938f18344ea8fa2,4,4,,
"포켓몬스터 하트골드 (Korea, IPKK, header ROM version 0)","포켓몬스터 소울실버 (Korea, IPGK, header ROM version 0)",/a/1/4/1,equal,374,374,,,df3f619804a92fdb4057192dc43dd748ea778adc52bc498ce80524c014b81119,df3f619804a92fdb4057192dc43dd748ea778adc52bc498ce80524c014b81119,4,4,,
"포켓몬스터 하트골드 (Korea, IPKK, header ROM version 0)","포켓몬스터 소울실버 (Korea, IPGK, header ROM version 0)",/a/1/4/1,equal,375,375,,,df3f619804a92fdb4057192dc43dd748ea778adc52bc498ce80524c014b81119,df3f619804a92fdb4057192dc43dd748ea778adc52bc498ce80524c014b81119,4,4,,
"포켓몬스터 하트골드 (Korea, IPKK, header ROM version 0)","포켓몬스터 소울실버 (Korea, IPGK, header ROM version 0)",/a/1/4/1,equal,376,376,,,6e90b5d2b8ce7b775b3f74bafd0a28d18344b287eff41d0cf938f18344ea8fa2,6e90b5d2b8ce7b775b3f74bafd0a28d18344b287eff41d0cf938f18344ea8fa2,4,4,,
"포켓몬스터 하트골드 (Korea, IPKK, header ROM version 0)","포켓몬스터 소울실버 (Korea, IPGK, header ROM version 0)",/a/1/4/1,equal,377,377,,,6e90b5d2b8ce7b775b3f74bafd0a28d18344b287eff41d0cf938f18344ea8fa2,6e90b5d2b8ce7b775b3f74bafd0a28d18344b287eff41d0cf938f18344ea8fa2,4,4,,
"포켓몬스터 하트골드 (Korea, IPKK, header ROM version 0)","포켓몬스터 소울실버 (Korea, IPGK, header ROM version 0)",/a/1/4/1,equal,378,378,,,df3f619804a92fdb4057192dc43dd748ea778adc52bc498ce80524c014b81119,df3f619804a92fdb4057192dc43dd748ea778adc52bc498ce80524c014b81119,4,4,,
"포켓몬스터 하트골드 (Korea, IPKK, header ROM version 0)","포켓몬스터 소울실버 (Korea, IPGK, header ROM version 0)",/a/1/4/1,equal,379,379,,,df3f619804a92fdb4057192dc43dd748ea778adc52bc498ce80524c014b81119,df3f619804a92fdb4057192dc43dd748ea778adc52bc498ce80524c014b81119,4,4,,
"포켓몬스터 하트골드 (Korea, IPKK, header ROM version 0)","포켓몬스터 소울실버 (Korea, IPGK, header ROM version 0)",/a/1/4/1,equal,380,380,,,6e90b5d2b8ce7b775b3f74bafd0a28d18344b287eff41d0cf938f18344ea8fa2,6e90b5d2b8ce7b775b3f74bafd0a28d18344b287eff41d0cf938f18344ea8fa2,4,4,,
"포켓몬스터 하트골드 (Korea, IPKK, header ROM version 0)","포켓몬스터 소울실버 (Korea, IPGK, header ROM version 0)",/a/1/4/1,equal,381,381,,,df3f619804a92fdb4057192dc43dd748ea778adc52bc498ce80524c014b81119,df3f619804a92fdb4057192dc43dd748ea778adc52bc498ce80524c014b81119,4,4,,
"포켓몬스터 하트골드 (Korea, IPKK, header ROM version 0)","포켓몬스터 소울실버 (Korea, IPGK, header ROM version 0)",/a/1/4/1,equal,382,382,,,6e90b5d2b8ce7b775b3f74bafd0a28d18344b287eff41d0cf938f18344ea8fa2,6e90b5d2b8ce7b775b3f74bafd0a28d18344b287eff41d0cf938f18344ea8fa2,4,4,,
"포켓몬스터 하트골드 (Korea, IPKK, header ROM version 0)","포켓몬스터 소울실버 (Korea, IPGK, header ROM version 0)",/a/1/4/1,equal,383,383,,,6e90b5d2b8ce7b775b3f74bafd0a28d18344b287eff41d0cf938f18344ea8fa2,6e90b5d2b8ce7b775b3f74bafd0a28d18344b287eff41d0cf938f18344ea8fa2,4,4,,
"포켓몬스터 하트골드 (Korea, IPKK, header ROM version 0)","포켓몬스터 소울실버 (Korea, IPGK, header ROM version 0)",/a/1/4/1,equal,384,384,,,6e90b5d2b8ce7b775b3f74bafd0a28d18344b287eff41d0cf938f18344ea8fa2,6e90b5d2b8ce7b775b3f74bafd0a28d18344b287eff41d0cf938f18344ea8fa2,4,4,,
"포켓몬스터 하트골드 (Korea, IPKK, header ROM version 0)","포켓몬스터 소울실버 (Korea, IPGK, header ROM version 0)",/a/1/4/1,equal,385,385,,,df3f619804a92fdb4057192dc43dd748ea778adc52bc498ce80524c014b81119,df3f619804a92fdb4057192dc43dd748ea778adc52bc498ce80524c014b81119,4,4,,
"포켓몬스터 하트골드 (Korea, IPKK, header ROM version 0)","포켓몬스터 소울실버 (Korea, IPGK, header ROM version 0)",/a/1/4/1,equal,386,386,,,6e90b5d2b8ce7b775b3f74bafd0a28d18344b287eff41d0cf938f18344ea8fa2,6e90b5d2b8ce7b775b3f74bafd0a28d18344b287eff41d0cf938f18344ea8fa2,4,4,,
"포켓몬스터 하트골드 (Korea, IPKK, header ROM version 0)","포켓몬스터 소울실버 (Korea, IPGK, header ROM version 0)",/a/1/4/1,equal,387,387,,,df3f619804a92fdb4057192dc43dd748ea778adc52bc498ce80524c014b81119,df3f619804a92fdb4057192dc43dd748ea778adc52bc498ce80524c014b81119,4,4,,
"포켓몬스터 하트골드 (Korea, IPKK, header ROM version 0)","포켓몬스터 소울실버 (Korea, IPGK, header ROM version 0)",/a/1/4/1,equal,388,388,,,6e90b5d2b8ce7b775b3f74bafd0a28d18344b287eff41d0cf938f18344ea8fa2,6e90b5d2b8ce7b775b3f74bafd0a28d18344b287eff41d0cf938f18344ea8fa2,4,4,,
"포켓몬스터 하트골드 (Korea, IPKK, header ROM version 0)","포켓몬스터 소울실버 (Korea, IPGK, header ROM version 0)",/a/1/4/1,equal,389,389,,,df3f619804a92fdb4057192dc43dd748ea778adc52bc498ce80524c014b81119,df3f619804a92fdb4057192dc43dd748ea778adc52bc498ce80524c014b81119,4,4,,
"포켓몬스터 하트골드 (Korea, IPKK, header ROM version 0)","포켓몬스터 소울실버 (Korea, IPGK, header ROM version 0)",/a/1/4/1,equal,390,390,,,6b1e73a0094b7b812d3b9e22cffb4f8239319847522c4fa103753b6950020f93,6b1e73a0094b7b812d3b9e22cffb4f8239319847522c4fa103753b6950020f93,4,4,,
"포켓몬스터 하트골드 (Korea, IPKK, header ROM version 0)","포켓몬스터 소울실버 (Korea, IPGK, header ROM version 0)",/a/1/4/1,equal,391,391,,,6e90b5d2b8ce7b775b3f74bafd0a28d18344b287eff41d0cf938f18344ea8fa2,6e90b5d2b8ce7b775b3f74bafd0a28d18344b287eff41d0cf938f18344ea8fa2,4,4,,
"포켓몬스터 하트골드 (Korea, IPKK, header ROM version 0)","포켓몬스터 소울실버 (Korea, IPGK, header ROM version 0)",/a/1/4/1,equal,392,392,,,df3f619804a92fdb4057192dc43dd748ea778adc52bc498ce80524c014b81119,df3f619804a92fdb4057192dc43dd748ea778adc52bc498ce80524c014b81119,4,4,,
"포켓몬스터 하트골드 (Korea, IPKK, header ROM version 0)","포켓몬스터 소울실버 (Korea, IPGK, header ROM version 0)",/a/1/4/1,equal,393,393,,,df3f619804a92fdb4057192dc43dd748ea778adc52bc498ce80524c014b81119,df3f619804a92fdb4057192dc43dd748ea778adc52bc498ce80524c014b81119,4,4,,
"포켓몬스터 하트골드 (Korea, IPKK, header ROM version 0)","포켓몬스터 소울실버 (Korea, IPGK, header ROM version 0)",/a/1/4/1,equal,394,394,,,df3f619804a92fdb4057192dc43dd748ea778adc52bc498ce80524c014b81119,df3f619804a92fdb4057192dc43dd748ea778adc52bc498ce80524c014b81119,4,4,,
"포켓몬스터 하트골드 (Korea, IPKK, header ROM version 0)","포켓몬스터 소울실버 (Korea, IPGK, header ROM version 0)",/a/1/4/1,equal,395,395,,,df3f619804a92fdb4057192dc43dd748ea778adc52bc498ce80524c014b81119,df3f619804a92fdb4057192dc43dd748ea778adc52bc498ce80524c014b81119,4,4,,
"포켓몬스터 하트골드 (Korea, IPKK, header ROM version 0)","포켓몬스터 소울실버 (Korea, IPGK, header ROM version 0)",/a/1/4/1,equal,396,396,,,df3f619804a92fdb4057192dc43dd748ea778adc52bc498ce80524c014b81119,df3f619804a92fdb4057192dc43dd748ea778adc52bc498ce80524c014b81119,4,4,,
"포켓몬스터 하트골드 (Korea, IPKK, header ROM version 0)","포켓몬스터 소울실버 (Korea, IPGK, header ROM version 0)",/a/1/4/1,equal,397,397,,,df3f619804a92fdb4057192dc43dd748ea778adc52bc498ce80524c014b81119,df3f619804a92fdb4057192dc43dd748ea778adc52bc498ce80524c014b81119,4,4,,
"포켓몬스터 하트골드 (Korea, IPKK, header ROM version 0)","포켓몬스터 소울실버 (Korea, IPGK, header ROM version 0)",/a/1/4/1,equal,398,398,,,df3f619804a92fdb4057192dc43dd748ea778adc52bc498ce80524c014b81119,df3f619804a92fdb4057192dc43dd748ea778adc52bc498ce80524c014b81119,4,4,,
"포켓몬스터 하트골드 (Korea, IPKK, header ROM version 0)","포켓몬스터 소울실버 (Korea, IPGK, header ROM version 0)",/a/1/4/1,equal,399,399,,,6e90b5d2b8ce7b775b3f74bafd0a28d18344b287eff41d0cf938f18344ea8fa2,6e90b5d2b8ce7b775b3f74bafd0a28d18344b287eff41d0cf938f18344ea8fa2,4,4,,
"포켓몬스터 하트골드 (Korea, IPKK, header ROM version 0)","포켓몬스터 소울실버 (Korea, IPGK, header ROM version 0)",/a/1/4/1,equal,400,400,,,6e90b5d2b8ce7b775b3f74bafd0a28d18344b287eff41d0cf938f18344ea8fa2,6e90b5d2b8ce7b775b3f74bafd0a28d18344b287eff41d0cf938f18344ea8fa2,4,4,,
"포켓몬스터 하트골드 (Korea, IPKK, header ROM version 0)","포켓몬스터 소울실버 (Korea, IPGK, header ROM version 0)",/a/1/4/1,equal,401,401,,,6e90b5d2b8ce7b775b3f74bafd0a28d18344b287eff41d0cf938f18344ea8fa2,6e90b5d2b8ce7b775b3f74bafd0a28d18344b287eff41d0cf938f18344ea8fa2,4,4,,
"포켓몬스터 하트골드 (Korea, IPKK, header ROM version 0)","포켓몬스터 소울실버 (Korea, IPGK, header ROM version 0)",/a/1/4/1,equal,402,402,,,6e90b5d2b8ce7b775b3f74bafd0a28d18344b287eff41d0cf938f18344ea8fa2,6e90b5d2b8ce7b775b3f74bafd0a28d18344b287eff41d0cf938f18344ea8fa2,4,4,,
"포켓몬스터 하트골드 (Korea, IPKK, header ROM version 0)","포켓몬스터 소울실버 (Korea, IPGK, header ROM version 0)",/a/1/4/1,equal,403,403,,,6e90b5d2b8ce7b775b3f74bafd0a28d18344b287eff41d0cf938f18344ea8fa2,6e90b5d2b8ce7b775b3f74bafd0a28d18344b287eff41d0cf938f18344ea8fa2,4,4,,
"포켓몬스터 하트골드 (Korea, IPKK, header ROM version 0)","포켓몬스터 소울실버 (Korea, IPGK, header ROM version 0)",/a/1/4/1,equal,404,404,,,df3f619804a92fdb4057192dc43dd748ea778adc52bc498ce80524c014b81119,df3f619804a92fdb4057192dc43dd748ea778adc52bc498ce80524c014b81119,4,4,,
"포켓몬스터 하트골드 (Korea, IPKK, header ROM version 0)","포켓몬스터 소울실버 (Korea, IPGK, header ROM version 0)",/a/1/4/1,equal,405,405,,,df3f619804a92fdb4057192dc43dd748ea778adc52bc498ce80524c014b81119,df3f619804a92fdb4057192dc43dd748ea778adc52bc498ce80524c014b81119,4,4,,
"포켓몬스터 하트골드 (Korea, IPKK, header ROM version 0)","포켓몬스터 소울실버 (Korea, IPGK, header ROM version 0)",/a/1/4/1,equal,406,406,,,df3f619804a92fdb4057192dc43dd748ea778adc52bc498ce80524c014b81119,df3f619804a92fdb4057192dc43dd748ea778adc52bc498ce80524c014b81119,4,4,,
"포켓몬스터 하트골드 (Korea, IPKK, header ROM version 0)","포켓몬스터 소울실버 (Korea, IPGK, header ROM version 0)",/a/1/4/1,equal,407,407,,,6e90b5d2b8ce7b775b3f74bafd0a28d18344b287eff41d0cf938f18344ea8fa2,6e90b5d2b8ce7b775b3f74bafd0a28d18344b287eff41d0cf938f18344ea8fa2,4,4,,
"포켓몬스터 하트골드 (Korea, IPKK, header ROM version 0)","포켓몬스터 소울실버 (Korea, IPGK, header ROM version 0)",/a/1/4/1,equal,408,408,,,6e90b5d2b8ce7b775b3f74bafd0a28d18344b287eff41d0cf938f18344ea8fa2,6e90b5d2b8ce7b775b3f74bafd0a28d18344b287eff41d0cf938f18344ea8fa2,4,4,,
"포켓몬스터 하트골드 (Korea, IPKK, header ROM version 0)","포켓몬스터 소울실버 (Korea, IPGK, header ROM version 0)",/a/1/4/1,equal,409,409,,,df3f619804a92fdb4057192dc43dd748ea778adc52bc498ce80524c014b81119,df3f619804a92fdb4057192dc43dd748ea778adc52bc498ce80524c014b81119,4,4,,
"포켓몬스터 하트골드 (Korea, IPKK, header ROM version 0)","포켓몬스터 소울실버 (Korea, IPGK, header ROM version 0)",/a/1/4/1,equal,410,410,,,df3f619804a92fdb4057192dc43dd748ea778adc52bc498ce80524c014b81119,df3f619804a92fdb4057192dc43dd748ea778adc52bc498ce80524c014b81119,4,4,,
"포켓몬스터 하트골드 (Korea, IPKK, header ROM version 0)","포켓몬스터 소울실버 (Korea, IPGK, header ROM version 0)",/a/1/4/1,equal,411,411,,,df3f619804a92fdb4057192dc43dd748ea778adc52bc498ce80524c014b81119,df3f619804a92fdb4057192dc43dd748ea778adc52bc498ce80524c014b81119,4,4,,
"포켓몬스터 하트골드 (Korea, IPKK, header ROM version 0)","포켓몬스터 소울실버 (Korea, IPGK, header ROM version 0)",/a/1/4/1,equal,412,412,,,df3f619804a92fdb4057192dc43dd748ea778adc52bc498ce80524c014b81119,df3f619804a92fdb4057192dc43dd748ea778adc52bc498ce80524c014b81119,4,4,,
"포켓몬스터 하트골드 (Korea, IPKK, header ROM version 0)","포켓몬스터 소울실버 (Korea, IPGK, header ROM version 0)",/a/1/4/1,equal,413,413,,,cacb6fccab78ece756ccf19d4bb5057e8cb5a72121e79ccd6410cfc2a240d345,cacb6fccab78ece756ccf19d4bb5057e8cb5a72121e79ccd6410cfc2a240d345,4,4,,
"포켓몬스터 하트골드 (Korea, IPKK, header ROM version 0)","포켓몬스터 소울실버 (Korea, IPGK, header ROM version 0)",/a/1/4/1,equal,414,414,,,cacb6fccab78ece756ccf19d4bb5057e8cb5a72121e79ccd6410cfc2a240d345,cacb6fccab78ece756ccf19d4bb5057e8cb5a72121e79ccd6410cfc2a240d345,4,4,,
"포켓몬스터 하트골드 (Korea, IPKK, header ROM version 0)","포켓몬스터 소울실버 (Korea, IPGK, header ROM version 0)",/a/1/4/1,equal,415,415,,,af1b1c8242302b105f7dfeaa30dbad9f853877c83fbc3365d138b82042eb95ec,af1b1c8242302b105f7dfeaa30dbad9f853877c83fbc3365d138b82042eb95ec,4,4,,
"포켓몬스터 하트골드 (Korea, IPKK, header ROM version 0)","포켓몬스터 소울실버 (Korea, IPGK, header ROM version 0)",/a/1/4/1,equal,416,416,,,bf5e8ffa51a9e748985800c1d3d7f1a2a6ae7435136593ca8d9637e3f87c699c,bf5e8ffa51a9e748985800c1d3d7f1a2a6ae7435136593ca8d9637e3f87c699c,4,4,,
"포켓몬스터 하트골드 (Korea, IPKK, header ROM version 0)","포켓몬스터 소울실버 (Korea, IPGK, header ROM version 0)",/a/1/4/1,equal,417,417,,,af1b1c8242302b105f7dfeaa30dbad9f853877c83fbc3365d138b82042eb95ec,af1b1c8242302b105f7dfeaa30dbad9f853877c83fbc3365d138b82042eb95ec,4,4,,
"포켓몬스터 하트골드 (Korea, IPKK, header ROM version 0)","포켓몬스터 소울실버 (Korea, IPGK, header ROM version 0)",/a/1/4/1,equal,418,418,,,6e90b5d2b8ce7b775b3f74bafd0a28d18344b287eff41d0cf938f18344ea8fa2,6e90b5d2b8ce7b775b3f74bafd0a28d18344b287eff41d0cf938f18344ea8fa2,4,4,,
"포켓몬스터 하트골드 (Korea, IPKK, header ROM version 0)","포켓몬스터 소울실버 (Korea, IPGK, header ROM version 0)",/a/1/4/1,equal,419,419,,,cacb6fccab78ece756ccf19d4bb5057e8cb5a72121e79ccd6410cfc2a240d345,cacb6fccab78ece756ccf19d4bb5057e8cb5a72121e79ccd6410cfc2a240d345,4,4,,
"포켓몬스터 하트골드 (Korea, IPKK, header ROM version 0)","포켓몬스터 소울실버 (Korea, IPGK, header ROM version 0)",/a/1/4/1,equal,420,420,,,cacb6fccab78ece756ccf19d4bb5057e8cb5a72121e79ccd6410cfc2a240d345,cacb6fccab78ece756ccf19d4bb5057e8cb5a72121e79ccd6410cfc2a240d345,4,4,,
"포켓몬스터 하트골드 (Korea, IPKK, header ROM version 0)","포켓몬스터 소울실버 (Korea, IPGK, header ROM version 0)",/a/1/4/1,equal,421,421,,,cacb6fccab78ece756ccf19d4bb5057e8cb5a72121e79ccd6410cfc2a240d345,cacb6fccab78ece756ccf19d4bb5057e8cb5a72121e79ccd6410cfc2a240d345,4,4,,
"포켓몬스터 하트골드 (Korea, IPKK, header ROM version 0)","포켓몬스터 소울실버 (Korea, IPGK, header ROM version 0)",/a/1/4/1,equal,422,422,,,cacb6fccab78ece756ccf19d4bb5057e8cb5a72121e79ccd6410cfc2a240d345,cacb6fccab78ece756ccf19d4bb5057e8cb5a72121e79ccd6410cfc2a240d345,4,4,,
"포켓몬스터 하트골드 (Korea, IPKK, header ROM version 0)","포켓몬스터 소울실버 (Korea, IPGK, header ROM version 0)",/a/1/4/1,equal,423,423,,,df3f619804a92fdb4057192dc43dd748ea778adc52bc498ce80524c014b81119,df3f619804a92fdb4057192dc43dd748ea778adc52bc498ce80524c014b81119,4,4,,
"포켓몬스터 하트골드 (Korea, IPKK, header ROM version 0)","포켓몬스터 소울실버 (Korea, IPGK, header ROM version 0)",/a/1/4/1,equal,424,424,,,df3f619804a92fdb4057192dc43dd748ea778adc52bc498ce80524c014b81119,df3f619804a92fdb4057192dc43dd748ea778adc52bc498ce80524c014b81119,4,4,,
"포켓몬스터 하트골드 (Korea, IPKK, header ROM version 0)","포켓몬스터 소울실버 (Korea, IPGK, header ROM version 0)",/a/1/4/1,equal,425,425,,,df3f619804a92fdb4057192dc43dd748ea778adc52bc498ce80524c014b81119,df3f619804a92fdb4057192dc43dd748ea778adc52bc498ce80524c014b81119,4,4,,
"포켓몬스터 하트골드 (Korea, IPKK, header ROM version 0)","포켓몬스터 소울실버 (Korea, IPGK, header ROM version 0)",/a/1/4/1,equal,426,426,,,df3f619804a92fdb4057192dc43dd748ea778adc52bc498ce80524c014b81119,df3f619804a92fdb4057192dc43dd748ea778adc52bc498ce80524c014b81119,4,4,,
"포켓몬스터 하트골드 (Korea, IPKK, header ROM version 0)","포켓몬스터 소울실버 (Korea, IPGK, header ROM version 0)",/a/1/4/1,equal,427,427,,,df3f619804a92fdb4057192dc43dd748ea778adc52bc498ce80524c014b81119,df3f619804a92fdb4057192dc43dd748ea778adc52bc498ce80524c014b81119,4,4,,
"포켓몬스터 하트골드 (Korea, IPKK, header ROM version 0)","포켓몬스터 소울실버 (Korea, IPGK, header ROM version 0)",/a/1/4/1,equal,428,428,,,df3f619804a92fdb4057192dc43dd748ea778adc52bc498ce80524c014b81119,df3f619804a92fdb4057192dc43dd748ea778adc52bc498ce80524c014b81119,4,4,,
"포켓몬스터 하트골드 (Korea, IPKK, header ROM version 0)","포켓몬스터 소울실버 (Korea, IPGK, header ROM version 0)",/a/1/4/1,equal,429,429,,,df3f619804a92fdb4057192dc43dd748ea778adc52bc498ce80524c014b81119,df3f619804a92fdb4057192dc43dd748ea778adc52bc498ce80524c014b81119,4,4,,
"포켓몬스터 하트골드 (Korea, IPKK, header ROM version 0)","포켓몬스터 소울실버 (Korea, IPGK, header ROM version 0)",/a/1/4/1,equal,430,430,,,df3f619804a92fdb4057192dc43dd748ea778adc52bc498ce80524c014b81119,df3f619804a92fdb4057192dc43dd748ea778adc52bc498ce80524c014b81119,4,4,,
"포켓몬스터 하트골드 (Korea, IPKK, header ROM version 0)","포켓몬스터 소울실버 (Korea, IPGK, header ROM version 0)",/a/1/4/1,equal,431,431,,,df3f619804a92fdb4057192dc43dd748ea778adc52bc498ce80524c014b81119,df3f619804a92fdb4057192dc43dd748ea778adc52bc498ce80524c014b81119,4,4,,
"포켓몬스터 하트골드 (Korea, IPKK, header ROM version 0)","포켓몬스터 소울실버 (Korea, IPGK, header ROM version 0)",/a/1/4/1,equal,432,432,,,df3f619804a92fdb4057192dc43dd748ea778adc52bc498ce80524c014b81119,df3f619804a92fdb4057192dc43dd748ea778adc52bc498ce80524c014b81119,4,4,,
"포켓몬스터 하트골드 (Korea, IPKK, header ROM version 0)","포켓몬스터 소울실버 (Korea, IPGK, header ROM version 0)",/a/1/4/1,equal,433,433,,,cacb6fccab78ece756ccf19d4bb5057e8cb5a72121e79ccd6410cfc2a240d345,cacb6fccab78ece756ccf19d4bb5057e8cb5a72121e79ccd6410cfc2a240d345,4,4,,
"포켓몬스터 하트골드 (Korea, IPKK, header ROM version 0)","포켓몬스터 소울실버 (Korea, IPGK, header ROM version 0)",/a/1/4/1,equal,434,434,,,cacb6fccab78ece756ccf19d4bb5057e8cb5a72121e79ccd6410cfc2a240d345,cacb6fccab78ece756ccf19d4bb5057e8cb5a72121e79ccd6410cfc2a240d345,4,4,,
"포켓몬스터 하트골드 (Korea, IPKK, header ROM version 0)","포켓몬스터 소울실버 (Korea, IPGK, header ROM version 0)",/a/1/4/1,equal,435,435,,,df3f619804a92fdb4057192dc43dd748ea778adc52bc498ce80524c014b81119,df3f619804a92fdb4057192dc43dd748ea778adc52bc498ce80524c014b81119,4,4,,
"포켓몬스터 하트골드 (Korea, IPKK, header ROM version 0)","포켓몬스터 소울실버 (Korea, IPGK, header ROM version 0)",/a/1/4/1,equal,436,436,,,df3f619804a92fdb4057192dc43dd748ea778adc52bc498ce80524c014b81119,df3f619804a92fdb4057192dc43dd748ea778adc52bc498ce80524c014b81119,4,4,,
"포켓몬스터 하트골드 (Korea, IPKK, header ROM version 0)","포켓몬스터 소울실버 (Korea, IPGK, header ROM version 0)",/a/1/4/1,equal,437,437,,,df3f619804a92fdb4057192dc43dd748ea778adc52bc498ce80524c014b81119,df3f619804a92fdb4057192dc43dd748ea778adc52bc498ce80524c014b81119,4,4,,
"포켓몬스터 하트골드 (Korea, IPKK, header ROM version 0)","포켓몬스터 소울실버 (Korea, IPGK, header ROM version 0)",/a/1/4/1,equal,438,438,,,df3f619804a92fdb4057192dc43dd748ea778adc52bc498ce80524c014b81119,df3f619804a92fdb4057192dc43dd748ea778adc52bc498ce80524c014b81119,4,4,,
"포켓몬스터 하트골드 (Korea, IPKK, header ROM version 0)","포켓몬스터 소울실버 (Korea, IPGK, header ROM version 0)",/a/1/4/1,equal,439,439,,,df3f619804a92fdb4057192dc43dd748ea778adc52bc498ce80524c014b81119,df3f619804a92fdb4057192dc43dd748ea778adc52bc498ce80524c014b81119,4,4,,
"포켓몬스터 하트골드 (Korea, IPKK, header ROM version 0)","포켓몬스터 소울실버 (Korea, IPGK, header ROM version 0)",/a/1/4/1,equal,440,440,,,df3f619804a92fdb4057192dc43dd748ea778adc52bc498ce80524c014b81119,df3f619804a92fdb4057192dc43dd748ea778adc52bc498ce80524c014b81119,4,4,,
"포켓몬스터 하트골드 (Korea, IPKK, header ROM version 0)","포켓몬스터 소울실버 (Korea, IPGK, header ROM version 0)",/a/1/4/1,equal,441,441,,,df3f619804a92fdb4057192dc43dd748ea778adc52bc498ce80524c014b81119,df3f619804a92fdb4057192dc43dd748ea778adc52bc498ce80524c014b81119,4,4,,
"포켓몬스터 하트골드 (Korea, IPKK, header ROM version 0)","포켓몬스터 소울실버 (Korea, IPGK, header ROM version 0)",/a/1/4/1,equal,442,442,,,df3f619804a92fdb4057192dc43dd748ea778adc52bc498ce80524c014b81119,df3f619804a92fdb4057192dc43dd748ea778adc52bc498ce80524c014b81119,4,4,,
"포켓몬스터 하트골드 (Korea, IPKK, header ROM version 0)","포켓몬스터 소울실버 (Korea, IPGK, header ROM version 0)",/a/1/4/1,equal,443,443,,,df3f619804a92fdb4057192dc43dd748ea778adc52bc498ce80524c014b81119,df3f619804a92fdb4057192dc43dd748ea778adc52bc498ce80524c014b81119,4,4,,
"포켓몬스터 하트골드 (Korea, IPKK, header ROM version 0)","포켓몬스터 소울실버 (Korea, IPGK, header ROM version 0)",/a/1/4/1,equal,444,444,,,df3f619804a92fdb4057192dc43dd748ea778adc52bc498ce80524c014b81119,df3f619804a92fdb4057192dc43dd748ea778adc52bc498ce80524c014b81119,4,4,,
"포켓몬스터 하트골드 (Korea, IPKK, header ROM version 0)","포켓몬스터 소울실버 (Korea, IPGK, header ROM version 0)",/a/1/4/1,equal,445,445,,,df3f619804a92fdb4057192dc43dd748ea778adc52bc498ce80524c014b81119,df3f619804a92fdb4057192dc43dd748ea778adc52bc498ce80524c014b81119,4,4,,
"포켓몬스터 하트골드 (Korea, IPKK, header ROM version 0)","포켓몬스터 소울실버 (Korea, IPGK, header ROM version 0)",/a/1/4/1,equal,446,446,,,df3f619804a92fdb4057192dc43dd748ea778adc52bc498ce80524c014b81119,df3f619804a92fdb4057192dc43dd748ea778adc52bc498ce80524c014b81119,4,4,,
"포켓몬스터 하트골드 (Korea, IPKK, header ROM version 0)","포켓몬스터 소울실버 (Korea, IPGK, header ROM version 0)",/a/1/4/1,equal,447,447,,,df3f619804a92fdb4057192dc43dd748ea778adc52bc498ce80524c014b81119,df3f619804a92fdb4057192dc43dd748ea778adc52bc498ce80524c014b81119,4,4,,
"포켓몬스터 하트골드 (Korea, IPKK, header ROM version 0)","포켓몬스터 소울실버 (Korea, IPGK, header ROM version 0)",/a/1/4/1,equal,448,448,,,df3f619804a92fdb4057192dc43dd748ea778adc52bc498ce80524c014b81119,df3f619804a92fdb4057192dc43dd748ea778adc52bc498ce80524c014b81119,4,4,,
"포켓몬스터 하트골드 (Korea, IPKK, header ROM version 0)","포켓몬스터 소울실버 (Korea, IPGK, header ROM version 0)",/a/1/4/1,equal,449,449,,,df3f619804a92fdb4057192dc43dd748ea778adc52bc498ce80524c014b81119,df3f619804a92fdb4057192dc43dd748ea778adc52bc498ce80524c014b81119,4,4,,
"포켓몬스터 하트골드 (Korea, IPKK, header ROM version 0)","포켓몬스터 소울실버 (Korea, IPGK, header ROM version 0)",/a/1/4/1,equal,450,450,,,df3f619804a92fdb4057192dc43dd748ea778adc52bc498ce80524c014b81119,df3f619804a92fdb4057192dc43dd748ea778adc52bc498ce80524c014b81119,4,4,,
"포켓몬스터 하트골드 (Korea, IPKK, header ROM version 0)","포켓몬스터 소울실버 (Korea, IPGK, header ROM version 0)",/a/1/4/1,equal,451,451,,,df3f619804a92fdb4057192dc43dd748ea778adc52bc498ce80524c014b81119,df3f619804a92fdb4057192dc43dd748ea778adc52bc498ce80524c014b81119,4,4,,
"포켓몬스터 하트골드 (Korea, IPKK, header ROM version 0)","포켓몬스터 소울실버 (Korea, IPGK, header ROM version 0)",/a/1/4/1,equal,452,452,,,df3f619804a92fdb4057192dc43dd748ea778adc52bc498ce80524c014b81119,df3f619804a92fdb4057192dc43dd748ea778adc52bc498ce80524c014b81119,4,4,,
"포켓몬스터 하트골드 (Korea, IPKK, header ROM version 0)","포켓몬스터 소울실버 (Korea, IPGK, header ROM version 0)",/a/1/4/1,equal,453,453,,,df3f619804a92fdb4057192dc43dd748ea778adc52bc498ce80524c014b81119,df3f619804a92fdb4057192dc43dd748ea778adc52bc498ce80524c014b81119,4,4,,
"포켓몬스터 하트골드 (Korea, IPKK, header ROM version 0)","포켓몬스터 소울실버 (Korea, IPGK, header ROM version 0)",/a/1/4/1,equal,454,454,,,cacb6fccab78ece756ccf19d4bb5057e8cb5a72121e79ccd6410cfc2a240d345,cacb6fccab78ece756ccf19d4bb5057e8cb5a72121e79ccd6410cfc2a240d345,4,4,,
"포켓몬스터 하트골드 (Korea, IPKK, header ROM version 0)","포켓몬스터 소울실버 (Korea, IPGK, header ROM version 0)",/a/1/4/1,equal,455,455,,,6e90b5d2b8ce7b775b3f74bafd0a28d18344b287eff41d0cf938f18344ea8fa2,6e90b5d2b8ce7b775b3f74bafd0a28d18344b287eff41d0cf938f18344ea8fa2,4,4,,
"포켓몬스터 하트골드 (Korea, IPKK, header ROM version 0)","포켓몬스터 소울실버 (Korea, IPGK, header ROM version 0)",/a/1/4/1,equal,456,456,,,6e90b5d2b8ce7b775b3f74bafd0a28d18344b287eff41d0cf938f18344ea8fa2,6e90b5d2b8ce7b775b3f74bafd0a28d18344b287eff41d0cf938f18344ea8fa2,4,4,,
"포켓몬스터 하트골드 (Korea, IPKK, header ROM version 0)","포켓몬스터 소울실버 (Korea, IPGK, header ROM version 0)",/a/1/4/1,equal,457,457,,,6e90b5d2b8ce7b775b3f74bafd0a28d18344b287eff41d0cf938f18344ea8fa2,6e90b5d2b8ce7b775b3f74bafd0a28d18344b287eff41d0cf938f18344ea8fa2,4,4,,
"포켓몬스터 하트골드 (Korea, IPKK, header ROM version 0)","포켓몬스터 소울실버 (Korea, IPGK, header ROM version 0)",/a/1/4/1,equal,458,458,,,df3f619804a92fdb4057192dc43dd748ea778adc52bc498ce80524c014b81119,df3f619804a92fdb4057192dc43dd748ea778adc52bc498ce80524c014b81119,4,4,,
"포켓몬스터 하트골드 (Korea, IPKK, header ROM version 0)","포켓몬스터 소울실버 (Korea, IPGK, header ROM version 0)",/a/1/4/1,equal,459,459,,,df3f619804a92fdb4057192dc43dd748ea778adc52bc498ce80524c014b81119,df3f619804a92fdb4057192dc43dd748ea778adc52bc498ce80524c014b81119,4,4,,
"포켓몬스터 하트골드 (Korea, IPKK, header ROM version 0)","포켓몬스터 소울실버 (Korea, IPGK, header ROM version 0)",/a/1/4/1,equal,460,460,,,df3f619804a92fdb4057192dc43dd748ea778adc52bc498ce80524c014b81119,df3f619804a92fdb4057192dc43dd748ea778adc52bc498ce80524c014b81119,4,4,,
"포켓몬스터 하트골드 (Korea, IPKK, header ROM version 0)","포켓몬스터 소울실버 (Korea, IPGK, header ROM version 0)",/a/1/4/1,equal,461,461,,,df3f619804a92fdb4057192dc43dd748ea778adc52bc498ce80524c014b81119,df3f619804a92fdb4057192dc43dd748ea778adc52bc498ce80524c014b81119,4,4,,
"포켓몬스터 하트골드 (Korea, IPKK, header ROM version 0)","포켓몬스터 소울실버 (Korea, IPGK, header ROM version 0)",/a/1/4/1,equal,462,462,,,df3f619804a92fdb4057192dc43dd748ea778adc52bc498ce80524c014b81119,df3f619804a92fdb4057192dc43dd748ea778adc52bc498ce80524c014b81119,4,4,,
"포켓몬스터 하트골드 (Korea, IPKK, header ROM version 0)","포켓몬스터 소울실버 (Korea, IPGK, header ROM version 0)",/a/1/4/1,equal,463,463,,,df3f619804a92fdb4057192dc43dd748ea778adc52bc498ce80524c014b81119,df3f619804a92fdb4057192dc43dd748ea778adc52bc498ce80524c014b81119,4,4,,
"포켓몬스터 하트골드 (Korea, IPKK, header ROM version 0)","포켓몬스터 소울실버 (Korea, IPGK, header ROM version 0)",/a/1/4/1,equal,464,464,,,df3f619804a92fdb4057192dc43dd748ea778adc52bc498ce80524c014b81119,df3f619804a92fdb4057192dc43dd748ea778adc52bc498ce80524c014b81119,4,4,,
"포켓몬스터 하트골드 (Korea, IPKK, header ROM version 0)","포켓몬스터 소울실버 (Korea, IPGK, header ROM version 0)",/a/1/4/1,equal,465,465,,,df3f619804a92fdb4057192dc43dd748ea778adc52bc498ce80524c014b81119,df3f619804a92fdb4057192dc43dd748ea778adc52bc498ce80524c014b81119,4,4,,
"포켓몬스터 하트골드 (Korea, IPKK, header ROM version 0)","포켓몬스터 소울실버 (Korea, IPGK, header ROM version 0)",/a/1/4/1,equal,466,466,,,df3f619804a92fdb4057192dc43dd748ea778adc52bc498ce80524c014b81119,df3f619804a92fdb4057192dc43dd748ea778adc52bc498ce80524c014b81119,4,4,,
"포켓몬스터 하트골드 (Korea, IPKK, header ROM version 0)","포켓몬스터 소울실버 (Korea, IPGK, header ROM version 0)",/a/1/4/1,equal,467,467,,,df3f619804a92fdb4057192dc43dd748ea778adc52bc498ce80524c014b81119,df3f619804a92fdb4057192dc43dd748ea778adc52bc498ce80524c014b81119,4,4,,
"포켓몬스터 하트골드 (Korea, IPKK, header ROM version 0)","포켓몬스터 소울실버 (Korea, IPGK, header ROM version 0)",/a/1/4/1,equal,468,468,,,6e90b5d2b8ce7b775b3f74bafd0a28d18344b287eff41d0cf938f18344ea8fa2,6e90b5d2b8ce7b775b3f74bafd0a28d18344b287eff41d0cf938f18344ea8fa2,4,4,,
"포켓몬스터 하트골드 (Korea, IPKK, header ROM version 0)","포켓몬스터 소울실버 (Korea, IPGK, header ROM version 0)",/a/1/4/1,equal,469,469,,,6e90b5d2b8ce7b775b3f74bafd0a28d18344b287eff41d0cf938f18344ea8fa2,6e90b5d2b8ce7b775b3f74bafd0a28d18344b287eff41d0cf938f18344ea8fa2,4,4,,
"포켓몬스터 하트골드 (Korea, IPKK, header ROM version 0)","포켓몬스터 소울실버 (Korea, IPGK, header ROM version 0)",/a/1/4/1,equal,470,470,,,df3f619804a92fdb4057192dc43dd748ea778adc52bc498ce80524c014b81119,df3f619804a92fdb4057192dc43dd748ea778adc52bc498ce80524c014b81119,4,4,,
"포켓몬스터 하트골드 (Korea, IPKK, header ROM version 0)","포켓몬스터 소울실버 (Korea, IPGK, header ROM version 0)",/a/1/4/1,equal,471,471,,,df3f619804a92fdb4057192dc43dd748ea778adc52bc498ce80524c014b81119,df3f619804a92fdb4057192dc43dd748ea778adc52bc498ce80524c014b81119,4,4,,
"포켓몬스터 하트골드 (Korea, IPKK, header ROM version 0)","포켓몬스터 소울실버 (Korea, IPGK, header ROM version 0)",/a/1/4/1,equal,472,472,,,6e90b5d2b8ce7b775b3f74bafd0a28d18344b287eff41d0cf938f18344ea8fa2,6e90b5d2b8ce7b775b3f74bafd0a28d18344b287eff41d0cf938f18344ea8fa2,4,4,,
"포켓몬스터 하트골드 (Korea, IPKK, header ROM version 0)","포켓몬스터 소울실버 (Korea, IPGK, header ROM version 0)",/a/1/4/1,equal,473,473,,,df3f619804a92fdb4057192dc43dd748ea778adc52bc498ce80524c014b81119,df3f619804a92fdb4057192dc43dd748ea778adc52bc498ce80524c014b81119,4,4,,
"포켓몬스터 하트골드 (Korea, IPKK, header ROM version 0)","포켓몬스터 소울실버 (Korea, IPGK, header ROM version 0)",/a/1/4/1,equal,474,474,,,df3f619804a92fdb4057192dc43dd748ea778adc52bc498ce80524c014b81119,df3f619804a92fdb4057192dc43dd748ea778adc52bc498ce80524c014b81119,4,4,,
"포켓몬스터 하트골드 (Korea, IPKK, header ROM version 0)","포켓몬스터 소울실버 (Korea, IPGK, header ROM version 0)",/a/1/4/1,equal,475,475,,,df3f619804a92fdb4057192dc43dd748ea778adc52bc498ce80524c014b81119,df3f619804a92fdb4057192dc43dd748ea778adc52bc498ce80524c014b81119,4,4,,
"포켓몬스터 하트골드 (Korea, IPKK, header ROM version 0)","포켓몬스터 소울실버 (Korea, IPGK, header ROM version 0)",/a/1/4/1,equal,476,476,,,df3f619804a92fdb4057192dc43dd748ea778adc52bc498ce80524c014b81119,df3f619804a92fdb4057192dc43dd748ea778adc52bc498ce80524c014b81119,4,4,,
"포켓몬스터 하트골드 (Korea, IPKK, header ROM version 0)","포켓몬스터 소울실버 (Korea, IPGK, header ROM version 0)",/a/1/4/1,equal,477,477,,,df3f619804a92fdb4057192dc43dd748ea778adc52bc498ce80524c014b81119,df3f619804a92fdb4057192dc43dd748ea778adc52bc498ce80524c014b81119,4,4,,
"포켓몬스터 하트골드 (Korea, IPKK, header ROM version 0)","포켓몬스터 소울실버 (Korea, IPGK, header ROM version 0)",/a/1/4/1,equal,478,478,,,df3f619804a92fdb4057192dc43dd748ea778adc52bc498ce80524c014b81119,df3f619804a92fdb4057192dc43dd748ea778adc52bc498ce80524c014b81119,4,4,,
"포켓몬스터 하트골드 (Korea, IPKK, header ROM version 0)","포켓몬스터 소울실버 (Korea, IPGK, header ROM version 0)",/a/1/4/1,equal,479,479,,,6e90b5d2b8ce7b775b3f74bafd0a28d18344b287eff41d0cf938f18344ea8fa2,6e90b5d2b8ce7b775b3f74bafd0a28d18344b287eff41d0cf938f18344ea8fa2,4,4,,
"포켓몬스터 하트골드 (Korea, IPKK, header ROM version 0)","포켓몬스터 소울실버 (Korea, IPGK, header ROM version 0)",/a/1/4/1,equal,480,480,,,6e90b5d2b8ce7b775b3f74bafd0a28d18344b287eff41d0cf938f18344ea8fa2,6e90b5d2b8ce7b775b3f74bafd0a28d18344b287eff41d0cf938f18344ea8fa2,4,4,,
"포켓몬스터 하트골드 (Korea, IPKK, header ROM version 0)","포켓몬스터 소울실버 (Korea, IPGK, header ROM version 0)",/a/1/4/1,equal,481,481,,,df3f619804a92fdb4057192dc43dd748ea778adc52bc498ce80524c014b81119,df3f619804a92fdb4057192dc43dd748ea778adc52bc498ce80524c014b81119,4,4,,
"포켓몬스터 하트골드 (Korea, IPKK, header ROM version 0)","포켓몬스터 소울실버 (Korea, IPGK, header ROM version 0)",/a/1/4/1,equal,482,482,,,df3f619804a92fdb4057192dc43dd748ea778adc52bc498ce80524c014b81119,df3f619804a92fdb4057192dc43dd748ea778adc52bc498ce80524c014b81119,4,4,,
"포켓몬스터 하트골드 (Korea, IPKK, header ROM version 0)","포켓몬스터 소울실버 (Korea, IPGK, header ROM version 0)",/a/1/4/1,equal,483,483,,,df3f619804a92fdb4057192dc43dd748ea778adc52bc498ce80524c014b81119,df3f619804a92fdb4057192dc43dd748ea778adc52bc498ce80524c014b81119,4,4,,
"포켓몬스터 하트골드 (Korea, IPKK, header ROM version 0)","포켓몬스터 소울실버 (Korea, IPGK, header ROM version 0)",/a/1/4/1,equal,484,484,,,df3f619804a92fdb4057192dc43dd748ea778adc52bc498ce80524c014b81119,df3f619804a92fdb4057192dc43dd748ea778adc52bc498ce80524c014b81119,4,4,,
"포켓몬스터 하트골드 (Korea, IPKK, header ROM version 0)","포켓몬스터 소울실버 (Korea, IPGK, header ROM version 0)",/a/1/4/1,equal,485,485,,,6e90b5d2b8ce7b775b3f74bafd0a28d18344b287eff41d0cf938f18344ea8fa2,6e90b5d2b8ce7b775b3f74bafd0a28d18344b287eff41d0cf938f18344ea8fa2,4,4,,
"포켓몬스터 하트골드 (Korea, IPKK, header ROM version 0)","포켓몬스터 소울실버 (Korea, IPGK, header ROM version 0)",/a/1/4/1,equal,486,486,,,df3f619804a92fdb4057192dc43dd748ea778adc52bc498ce80524c014b81119,df3f619804a92fdb4057192dc43dd748ea778adc52bc498ce80524c014b81119,4,4,,
"포켓몬스터 하트골드 (Korea, IPKK, header ROM version 0)","포켓몬스터 소울실버 (Korea, IPGK, header ROM version 0)",/a/1/4/1,equal,487,487,,,df3f619804a92fdb4057192dc43dd748ea778adc52bc498ce80524c014b81119,df3f619804a92fdb4057192dc43dd748ea778adc52bc498ce80524c014b81119,4,4,,
"포켓몬스터 하트골드 (Korea, IPKK, header ROM version 0)","포켓몬스터 소울실버 (Korea, IPGK, header ROM version 0)",/a/1/4/1,equal,488,488,,,df3f619804a92fdb4057192dc43dd748ea778adc52bc498ce80524c014b81119,df3f619804a92fdb4057192dc43dd748ea778adc52bc498ce80524c014b81119,4,4,,
"포켓몬스터 하트골드 (Korea, IPKK, header ROM version 0)","포켓몬스터 소울실버 (Korea, IPGK, header ROM version 0)",/a/1/4/1,equal,489,489,,,df3f619804a92fdb4057192dc43dd748ea778adc52bc498ce80524c014b81119,df3f619804a92fdb4057192dc43dd748ea778adc52bc498ce80524c014b81119,4,4,,
"포켓몬스터 하트골드 (Korea, IPKK, header ROM version 0)","포켓몬스터 소울실버 (Korea, IPGK, header ROM version 0)",/a/1/4/1,equal,490,490,,,df3f619804a92fdb4057192dc43dd748ea778adc52bc498ce80524c014b81119,df3f619804a92fdb4057192dc43dd748ea778adc52bc498ce80524c014b81119,4,4,,
"포켓몬스터 하트골드 (Korea, IPKK, header ROM version 0)","포켓몬스터 소울실버 (Korea, IPGK, header ROM version 0)",/a/1/4/1,equal,491,491,,,df3f619804a92fdb4057192dc43dd748ea778adc52bc498ce80524c014b81119,df3f619804a92fdb4057192dc43dd748ea778adc52bc498ce80524c014b81119,4,4,,
"포켓몬스터 하트골드 (Korea, IPKK, header ROM version 0)","포켓몬스터 소울실버 (Korea, IPGK, header ROM version 0)",/a/1/4/1,equal,492,492,,,df3f619804a92fdb4057192dc43dd748ea778adc52bc498ce80524c014b81119,df3f619804a92fdb4057192dc43dd748ea778adc52bc498ce80524c014b81119,4,4,,
"포켓몬스터 하트골드 (Korea, IPKK, header ROM version 0)","포켓몬스터 소울실버 (Korea, IPGK, header ROM version 0)",/a/1/4/1,equal,493,493,,,df3f619804a92fdb4057192dc43dd748ea778adc52bc498ce80524c014b81119,df3f619804a92fdb4057192dc43dd748ea778adc52bc498ce80524c014b81119,4,4,,
"포켓몬스터 하트골드 (Korea, IPKK, header ROM version 0)","포켓몬스터 소울실버 (Korea, IPGK, header ROM version 0)",/a/1/4/1,equal,494,494,,,df3f619804a92fdb4057192dc43dd748ea778adc52bc498ce80524c014b81119,df3f619804a92fdb4057192dc43dd748ea778adc52bc498ce80524c014b81119,4,4,,
"포켓몬스터 하트골드 (Korea, IPKK, header ROM version 0)","포켓몬스터 소울실버 (Korea, IPGK, header ROM version 0)",/a/1/4/1,equal,495,495,,,df3f619804a92fdb4057192dc43dd748ea778adc52bc498ce80524c014b81119,df3f619804a92fdb4057192dc43dd748ea778adc52bc498ce80524c014b81119,4,4,,
"포켓몬스터 하트골드 (Korea, IPKK, header ROM version 0)","포켓몬스터 소울실버 (Korea, IPGK, header ROM version 0)",/a/1/4/1,equal,496,496,,,df3f619804a92fdb4057192dc43dd748ea778adc52bc498ce80524c014b81119,df3f619804a92fdb4057192dc43dd748ea778adc52bc498ce80524c014b81119,4,4,,
"포켓몬스터 하트골드 (Korea, IPKK, header ROM version 0)","포켓몬스터 소울실버 (Korea, IPGK, header ROM version 0)",/a/1/4/1,equal,497,497,,,df3f619804a92fdb4057192dc43dd748ea778adc52bc498ce80524c014b81119,df3f619804a92fdb4057192dc43dd748ea778adc52bc498ce80524c014b81119,4,4,,
"포켓몬스터 하트골드 (Korea, IPKK, header ROM version 0)","포켓몬스터 소울실버 (Korea, IPGK, header ROM version 0)",/a/1/4/1,equal,498,498,,,df3f619804a92fdb4057192dc43dd748ea778adc52bc498ce80524c014b81119,df3f619804a92fdb4057192dc43dd748ea778adc52bc498ce80524c014b81119,4,4,,
"포켓몬스터 하트골드 (Korea, IPKK, header ROM version 0)","포켓몬스터 소울실버 (Korea, IPGK, header ROM version 0)",/a/1/4/1,equal,499,499,,,df3f619804a92fdb4057192dc43dd748ea778adc52bc498ce80524c014b81119,df3f619804a92fdb4057192dc43dd748ea778adc52bc498ce80524c014b81119,4,4,,
"포켓몬스터 하트골드 (Korea, IPKK, header ROM version 0)","포켓몬스터 소울실버 (Korea, IPGK, header ROM version 0)",/a/1/4/1,equal,500,500,,,df3f619804a92fdb4057192dc43dd748ea778adc52bc498ce80524c014b81119,df3f619804a92fdb4057192dc43dd748ea778adc52bc498ce80524c014b81119,4,4,,
"포켓몬스터 하트골드 (Korea, IPKK, header ROM version 0)","포켓몬스터 소울실버 (Korea, IPGK, header ROM version 0)",/a/1/4/1,equal,501,501,,,df3f619804a92fdb4057192dc43dd748ea778adc52bc498ce80524c014b81119,df3f619804a92fdb4057192dc43dd748ea778adc52bc498ce80524c014b81119,4,4,,
"포켓몬스터 하트골드 (Korea, IPKK, header ROM version 0)","포켓몬스터 소울실버 (Korea, IPGK, header ROM version 0)",/a/1/4/1,equal,502,502,,,df3f619804a92fdb4057192dc43dd748ea778adc52bc498ce80524c014b81119,df3f619804a92fdb4057192dc43dd748ea778adc52bc498ce80524c014b81119,4,4,,
"포켓몬스터 하트골드 (Korea, IPKK, header ROM version 0)","포켓몬스터 소울실버 (Korea, IPGK, header ROM version 0)",/a/1/4/1,equal,503,503,,,6e90b5d2b8ce7b775b3f74bafd0a28d18344b287eff41d0cf938f18344ea8fa2,6e90b5d2b8ce7b775b3f74bafd0a28d18344b287eff41d0cf938f18344ea8fa2,4,4,,
"포켓몬스터 하트골드 (Korea, IPKK, header ROM version 0)","포켓몬스터 소울실버 (Korea, IPGK, header ROM version 0)",/a/1/4/1,equal,504,504,,,6e90b5d2b8ce7b775b3f74bafd0a28d18344b287eff41d0cf938f18344ea8fa2,6e90b5d2b8ce7b775b3f74bafd0a28d18344b287eff41d0cf938f18344ea8fa2,4,4,,
"포켓몬스터 하트골드 (Korea, IPKK, header ROM version 0)","포켓몬스터 소울실버 (Korea, IPGK, header ROM version 0)",/a/1/4/1,equal,505,505,,,6e90b5d2b8ce7b775b3f74bafd0a28d18344b287eff41d0cf938f18344ea8fa2,6e90b5d2b8ce7b775b3f74bafd0a28d18344b287eff41d0cf938f18344ea8fa2,4,4,,
"포켓몬스터 하트골드 (Korea, IPKK, header ROM version 0)","포켓몬스터 소울실버 (Korea, IPGK, header ROM version 0)",/a/1/4/1,equal,506,506,,,6e90b5d2b8ce7b775b3f74bafd0a28d18344b287eff41d0cf938f18344ea8fa2,6e90b5d2b8ce7b775b3f74bafd0a28d18344b287eff41d0cf938f18344ea8fa2,4,4,,
"포켓몬스터 하트골드 (Korea, IPKK, header ROM version 0)","포켓몬스터 소울실버 (Korea, IPGK, header ROM version 0)",/a/1/4/1,equal,507,507,,,df3f619804a92fdb4057192dc43dd748ea778adc52bc498ce80524c014b81119,df3f619804a92fdb4057192dc43dd748ea778adc52bc498ce80524c014b81119,4,4,,
"포켓몬스터 하트골드 (Korea, IPKK, header ROM version 0)","포켓몬스터 소울실버 (Korea, IPGK, header ROM version 0)",/a/1/4/1,equal,508,508,,,df3f619804a92fdb4057192dc43dd748ea778adc52bc498ce80524c014b81119,df3f619804a92fdb4057192dc43dd748ea778adc52bc498ce80524c014b81119,4,4,,
"포켓몬스터 하트골드 (Korea, IPKK, header ROM version 0)","포켓몬스터 소울실버 (Korea, IPGK, header ROM version 0)",/a/1/4/1,equal,509,509,,,df3f619804a92fdb4057192dc43dd748ea778adc52bc498ce80524c014b81119,df3f619804a92fdb4057192dc43dd748ea778adc52bc498ce80524c014b81119,4,4,,
"포켓몬스터 하트골드 (Korea, IPKK, header ROM version 0)","포켓몬스터 소울실버 (Korea, IPGK, header ROM version 0)",/a/1/4/1,equal,510,510,,,6e90b5d2b8ce7b775b3f74bafd0a28d18344b287eff41d0cf938f18344ea8fa2,6e90b5d2b8ce7b775b3f74bafd0a28d18344b287eff41d0cf938f18344ea8fa2,4,4,,
"포켓몬스터 하트골드 (Korea, IPKK, header ROM version 0)","포켓몬스터 소울실버 (Korea, IPGK, header ROM version 0)",/a/1/4/1,equal,511,511,,,df3f619804a92fdb4057192dc43dd748ea778adc52bc498ce80524c014b81119,df3f619804a92fdb4057192dc43dd748ea778adc52bc498ce80524c014b81119,4,4,,
"포켓몬스터 하트골드 (Korea, IPKK, header ROM version 0)","포켓몬스터 소울실버 (Korea, IPGK, header ROM version 0)",/a/1/4/1,equal,512,512,,,df3f619804a92fdb4057192dc43dd748ea778adc52bc498ce80524c014b81119,df3f619804a92fdb4057192dc43dd748ea778adc52bc498ce80524c014b81119,4,4,,
"포켓몬스터 하트골드 (Korea, IPKK, header ROM version 0)","포켓몬스터 소울실버 (Korea, IPGK, header ROM version 0)",/a/1/4/1,equal,513,513,,,df3f619804a92fdb4057192dc43dd748ea778adc52bc498ce80524c014b81119,df3f619804a92fdb4057192dc43dd748ea778adc52bc498ce80524c014b81119,4,4,,
"포켓몬스터 하트골드 (Korea, IPKK, header ROM version 0)","포켓몬스터 소울실버 (Korea, IPGK, header ROM version 0)",/a/1/4/1,equal,514,514,,,df3f619804a92fdb4057192dc43dd748ea778adc52bc498ce80524c014b81119,df3f619804a92fdb4057192dc43dd748ea778adc52bc498ce80524c014b81119,4,4,,
"포켓몬스터 하트골드 (Korea, IPKK, header ROM version 0)","포켓몬스터 소울실버 (Korea, IPGK, header ROM version 0)",/a/1/4/1,equal,515,515,,,df3f619804a92fdb4057192dc43dd748ea778adc52bc498ce80524c014b81119,df3f619804a92fdb4057192dc43dd748ea778adc52bc498ce80524c014b81119,4,4,,
"포켓몬스터 하트골드 (Korea, IPKK, header ROM version 0)","포켓몬스터 소울실버 (Korea, IPGK, header ROM version 0)",/a/1/4/1,equal,516,516,,,cacb6fccab78ece756ccf19d4bb5057e8cb5a72121e79ccd6410cfc2a240d345,cacb6fccab78ece756ccf19d4bb5057e8cb5a72121e79ccd6410cfc2a240d345,4,4,,
"포켓몬스터 하트골드 (Korea, IPKK, header ROM version 0)","포켓몬스터 소울실버 (Korea, IPGK, header ROM version 0)",/a/1/4/1,equal,517,517,,,6e90b5d2b8ce7b775b3f74bafd0a28d18344b287eff41d0cf938f18344ea8fa2,6e90b5d2b8ce7b775b3f74bafd0a28d18344b287eff41d0cf938f18344ea8fa2,4,4,,
"포켓몬스터 하트골드 (Korea, IPKK, header ROM version 0)","포켓몬스터 소울실버 (Korea, IPGK, header ROM version 0)",/a/1/4/1,equal,518,518,,,df3f619804a92fdb4057192dc43dd748ea778adc52bc498ce80524c014b81119,df3f619804a92fdb4057192dc43dd748ea778adc52bc498ce80524c014b81119,4,4,,
"포켓몬스터 하트골드 (Korea, IPKK, header ROM version 0)","포켓몬스터 소울실버 (Korea, IPGK, header ROM version 0)",/a/1/4/1,equal,519,519,,,df3f619804a92fdb4057192dc43dd748ea778adc52bc498ce80524c014b81119,df3f619804a92fdb4057192dc43dd748ea778adc52bc498ce80524c014b81119,4,4,,
"포켓몬스터 하트골드 (Korea, IPKK, header ROM version 0)","포켓몬스터 소울실버 (Korea, IPGK, header ROM version 0)",/a/1/4/1,equal,520,520,,,6e90b5d2b8ce7b775b3f74bafd0a28d18344b287eff41d0cf938f18344ea8fa2,6e90b5d2b8ce7b775b3f74bafd0a28d18344b287eff41d0cf938f18344ea8fa2,4,4,,
"포켓몬스터 하트골드 (Korea, IPKK, header ROM version 0)","포켓몬스터 소울실버 (Korea, IPGK, header ROM version 0)",/a/1/4/1,equal,521,521,,,df3f619804a92fdb4057192dc43dd748ea778adc52bc498ce80524c014b81119,df3f619804a92fdb4057192dc43dd748ea778adc52bc498ce80524c014b81119,4,4,,
"포켓몬스터 하트골드 (Korea, IPKK, header ROM version 0)","포켓몬스터 소울실버 (Korea, IPGK, header ROM version 0)",/a/1/4/1,equal,522,522,,,6e90b5d2b8ce7b775b3f74bafd0a28d18344b287eff41d0cf938f18344ea8fa2,6e90b5d2b8ce7b775b3f74bafd0a28d18344b287eff41d0cf938f18344ea8fa2,4,4,,
"포켓몬스터 하트골드 (Korea, IPKK, header ROM version 0)","포켓몬스터 소울실버 (Korea, IPGK, header ROM version 0)",/a/1/4/1,equal,523,523,,,df3f619804a92fdb4057192dc43dd748ea778adc52bc498ce80524c014b81119,df3f619804a92fdb4057192dc43dd748ea778adc52bc498ce80524c014b81119,4,4,,
"포켓몬스터 하트골드 (Korea, IPKK, header ROM version 0)","포켓몬스터 소울실버 (Korea, IPGK, header ROM version 0)",/a/1/4/1,equal,524,524,,,df3f619804a92fdb4057192dc43dd748ea778adc52bc498ce80524c014b81119,df3f619804a92fdb4057192dc43dd748ea778adc52bc498ce80524c014b81119,4,4,,
"포켓몬스터 하트골드 (Korea, IPKK, header ROM version 0)","포켓몬스터 소울실버 (Korea, IPGK, header ROM version 0)",/a/1/4/1,equal,525,525,,,df3f619804a92fdb4057192dc43dd748ea778adc52bc498ce80524c014b81119,df3f619804a92fdb4057192dc43dd748ea778adc52bc498ce80524c014b81119,4,4,,
"포켓몬스터 하트골드 (Korea, IPKK, header ROM version 0)","포켓몬스터 소울실버 (Korea, IPGK, header ROM version 0)",/a/1/4/1,equal,526,526,,,6e90b5d2b8ce7b775b3f74bafd0a28d18344b287eff41d0cf938f18344ea8fa2,6e90b5d2b8ce7b775b3f74bafd0a28d18344b287eff41d0cf938f18344ea8fa2,4,4,,
"포켓몬스터 하트골드 (Korea, IPKK, header ROM version 0)","포켓몬스터 소울실버 (Korea, IPGK, header ROM version 0)",/a/1/4/1,equal,527,527,,,6e90b5d2b8ce7b775b3f74bafd0a28d18344b287eff41d0cf938f18344ea8fa2,6e90b5d2b8ce7b775b3f74bafd0a28d18344b287eff41d0cf938f18344ea8fa2,4,4,,
"포켓몬스터 하트골드 (Korea, IPKK, header ROM version 0)","포켓몬스터 소울실버 (Korea, IPGK, header ROM version 0)",/a/1/4/1,equal,528,528,,,df3f619804a92fdb4057192dc43dd748ea778adc52bc498ce80524c014b81119,df3f619804a92fdb4057192dc43dd748ea778adc52bc498ce80524c014b81119,4,4,,
"포켓몬스터 하트골드 (Korea, IPKK, header ROM version 0)","포켓몬스터 소울실버 (Korea, IPGK, header ROM version 0)",/a/1/4/1,equal,529,529,,,df3f619804a92fdb4057192dc43dd748ea778adc52bc498ce80524c014b81119,df3f619804a92fdb4057192dc43dd748ea778adc52bc498ce80524c014b81119,4,4,,
"포켓몬스터 하트골드 (Korea, IPKK, header ROM version 0)","포켓몬스터 소울실버 (Korea, IPGK, header ROM version 0)",/a/1/4/1,equal,530,530,,,df3f619804a92fdb4057192dc43dd748ea778adc52bc498ce80524c014b81119,df3f619804a92fdb4057192dc43dd748ea778adc52bc498ce80524c014b81119,4,4,,
"포켓몬스터 하트골드 (Korea, IPKK, header ROM version 0)","포켓몬스터 소울실버 (Korea, IPGK, header ROM version 0)",/a/1/4/1,equal,531,531,,,df3f619804a92fdb4057192dc43dd748ea778adc52bc498ce80524c014b81119,df3f619804a92fdb4057192dc43dd748ea778adc52bc498ce80524c014b81119,4,4,,
"포켓몬스터 하트골드 (Korea, IPKK, header ROM version 0)","포켓몬스터 소울실버 (Korea, IPGK, header ROM version 0)",/a/1/4/1,equal,532,532,,,df3f619804a92fdb4057192dc43dd748ea778adc52bc498ce80524c014b81119,df3f619804a92fdb4057192dc43dd748ea778adc52bc498ce80524c014b81119,4,4,,
"포켓몬스터 하트골드 (Korea, IPKK, header ROM version 0)","포켓몬스터 소울실버 (Korea, IPGK, header ROM version 0)",/a/1/4/1,equal,533,533,,,6e90b5d2b8ce7b775b3f74bafd0a28d18344b287eff41d0cf938f18344ea8fa2,6e90b5d2b8ce7b775b3f74bafd0a28d18344b287eff41d0cf938f18344ea8fa2,4,4,,
"포켓몬스터 하트골드 (Korea, IPKK, header ROM version 0)","포켓몬스터 소울실버 (Korea, IPGK, header ROM version 0)",/a/1/4/1,equal,534,534,,,6e90b5d2b8ce7b775b3f74bafd0a28d18344b287eff41d0cf938f18344ea8fa2,6e90b5d2b8ce7b775b3f74bafd0a28d18344b287eff41d0cf938f18344ea8fa2,4,4,,
"포켓몬스터 하트골드 (Korea, IPKK, header ROM version 0)","포켓몬스터 소울실버 (Korea, IPGK, header ROM version 0)",/a/1/4/1,equal,535,535,,,6e90b5d2b8ce7b775b3f74bafd0a28d18344b287eff41d0cf938f18344ea8fa2,6e90b5d2b8ce7b775b3f74bafd0a28d18344b287eff41d0cf938f18344ea8fa2,4,4,,
"포켓몬스터 하트골드 (Korea, IPKK, header ROM version 0)","포켓몬스터 소울실버 (Korea, IPGK, header ROM version 0)",/a/1/4/1,equal,536,536,,,bf5e8ffa51a9e748985800c1d3d7f1a2a6ae7435136593ca8d9637e3f87c699c,bf5e8ffa51a9e748985800c1d3d7f1a2a6ae7435136593ca8d9637e3f87c699c,4,4,,
"포켓몬스터 하트골드 (Korea, IPKK, header ROM version 0)","포켓몬스터 소울실버 (Korea, IPGK, header ROM version 0)",/a/1/4/1,equal,537,537,,,bf5e8ffa51a9e748985800c1d3d7f1a2a6ae7435136593ca8d9637e3f87c699c,bf5e8ffa51a9e748985800c1d3d7f1a2a6ae7435136593ca8d9637e3f87c699c,4,4,,
"포켓몬스터 하트골드 (Korea, IPKK, header ROM version 0)","포켓몬스터 소울실버 (Korea, IPGK, header ROM version 0)",/a/1/4/1,equal,538,538,,,df3f619804a92fdb4057192dc43dd748ea778adc52bc498ce80524c014b81119,df3f619804a92fdb4057192dc43dd748ea778adc52bc498ce80524c014b81119,4,4,,
"포켓몬스터 하트골드 (Korea, IPKK, header ROM version 0)","포켓몬스터 소울실버 (Korea, IPGK, header ROM version 0)",/a/1/4/1,equal,539,539,,,bf5e8ffa51a9e748985800c1d3d7f1a2a6ae7435136593ca8d9637e3f87c699c,bf5e8ffa51a9e748985800c1d3d7f1a2a6ae7435136593ca8d9637e3f87c699c,4,4,,
"포켓몬스터 하트골드 (Korea, IPKK, header ROM version 0)","포켓몬스터 소울실버 (Korea, IPGK, header ROM version 0)",/a/1/4/1,equal,540,540,,,bf5e8ffa51a9e748985800c1d3d7f1a2a6ae7435136593ca8d9637e3f87c699c,bf5e8ffa51a9e748985800c1d3d7f1a2a6ae7435136593ca8d9637e3f87c699c,4,4,,
"포켓몬스터 하트골드 (Korea, IPKK, header ROM version 0)","포켓몬스터 소울실버 (Korea, IPGK, header ROM version 0)",/a/1/4/1,equal,541,541,,,af1b1c8242302b105f7dfeaa30dbad9f853877c83fbc3365d138b82042eb95ec,af1b1c8242302b105f7dfeaa30dbad9f853877c83fbc3365d138b82042eb95ec,4,4,,
"포켓몬스터 하트골드 (Korea, IPKK, header ROM version 0)","포켓몬스터 소울실버 (Korea, IPGK, header ROM version 0)",/a/1/4/1,equal,542,542,,,6e90b5d2b8ce7b775b3f74bafd0a28d18344b287eff41d0cf938f18344ea8fa2,6e90b5d2b8ce7b775b3f74bafd0a28d18344b287eff41d0cf938f18344ea8fa2,4,4,,
"포켓몬스터 하트골드 (Korea, IPKK, header ROM version 0)","포켓몬스터 소울실버 (Korea, IPGK, header ROM version 0)",/a/1/4/1,equal,543,543,,,df3f619804a92fdb4057192dc43dd748ea778adc52bc498ce80524c014b81119,df3f619804a92fdb4057192dc43dd748ea778adc52bc498ce80524c014b81119,4,4,,
"포켓몬스터 하트골드 (Korea, IPKK, header ROM version 0)","포켓몬스터 소울실버 (Korea, IPGK, header ROM version 0)",/a/1/4/1,equal,544,544,,,df3f619804a92fdb4057192dc43dd748ea778adc52bc498ce80524c014b81119,df3f619804a92fdb4057192dc43dd748ea778adc52bc498ce80524c014b81119,4,4,,
"포켓몬스터 하트골드 (Korea, IPKK, header ROM version 0)","포켓몬스터 소울실버 (Korea, IPGK, header ROM version 0)",/a/1/4/1,equal,545,545,,,6e90b5d2b8ce7b775b3f74bafd0a28d18344b287eff41d0cf938f18344ea8fa2,6e90b5d2b8ce7b775b3f74bafd0a28d18344b287eff41d0cf938f18344ea8fa2,4,4,,
"포켓몬스터 하트골드 (Korea, IPKK, header ROM version 0)","포켓몬스터 소울실버 (Korea, IPGK, header ROM version 0)",/a/1/4/1,equal,546,546,,,df3f619804a92fdb4057192dc43dd748ea778adc52bc498ce80524c014b81119,df3f619804a92fdb4057192dc43dd748ea778adc52bc498ce80524c014b81119,4,4,,
"포켓몬스터 하트골드 (Korea, IPKK, header ROM version 0)","포켓몬스터 소울실버 (Korea, IPGK, header ROM version 0)",/a/1/4/1,equal,547,547,,,cacb6fccab78ece756ccf19d4bb5057e8cb5a72121e79ccd6410cfc2a240d345,cacb6fccab78ece756ccf19d4bb5057e8cb5a72121e79ccd6410cfc2a240d345,4,4,,
"포켓몬스터 하트골드 (Korea, IPKK, header ROM version 0)","포켓몬스터 소울실버 (Korea, IPGK, header ROM version 0)",/a/1/4/1,equal,548,548,,,af1b1c8242302b105f7dfeaa30dbad9f853877c83fbc3365d138b82042eb95ec,af1b1c8242302b105f7dfeaa30dbad9f853877c83fbc3365d138b82042eb95ec,4,4,,
"포켓몬스터 하트골드 (Korea, IPKK, header ROM version 0)","포켓몬스터 소울실버 (Korea, IPGK, header ROM version 0)",/a/1/4/1,equal,549,549,,,af1b1c8242302b105f7dfeaa30dbad9f853877c83fbc3365d138b82042eb95ec,af1b1c8242302b105f7dfeaa30dbad9f853877c83fbc3365d138b82042eb95ec,4,4,,
"포켓몬스터 하트골드 (Korea, IPKK, header ROM version 0)","포켓몬스터 소울실버 (Korea, IPGK, header ROM version 0)",/a/1/4/1,equal,550,550,,,af1b1c8242302b105f7dfeaa30dbad9f853877c83fbc3365d138b82042eb95ec,af1b1c8242302b105f7dfeaa30dbad9f853877c83fbc3365d138b82042eb95ec,4,4,,
"포켓몬스터 하트골드 (Korea, IPKK, header ROM version 0)","포켓몬스터 소울실버 (Korea, IPGK, header ROM version 0)",/a/1/4/1,equal,551,551,,,af1b1c8242302b105f7dfeaa30dbad9f853877c83fbc3365d138b82042eb95ec,af1b1c8242302b105f7dfeaa30dbad9f853877c83fbc3365d138b82042eb95ec,4,4,,
"포켓몬스터 하트골드 (Korea, IPKK, header ROM version 0)","포켓몬스터 소울실버 (Korea, IPGK, header ROM version 0)",/a/1/4/1,equal,552,552,,,af1b1c8242302b105f7dfeaa30dbad9f853877c83fbc3365d138b82042eb95ec,af1b1c8242302b105f7dfeaa30dbad9f853877c83fbc3365d138b82042eb95ec,4,4,,
"포켓몬스터 하트골드 (Korea, IPKK, header ROM version 0)","포켓몬스터 소울실버 (Korea, IPGK, header ROM version 0)",/a/1/4/1,equal,553,553,,,af1b1c8242302b105f7dfeaa30dbad9f853877c83fbc3365d138b82042eb95ec,af1b1c8242302b105f7dfeaa30dbad9f853877c83fbc3365d138b82042eb95ec,4,4,,
"포켓몬스터 하트골드 (Korea, IPKK, header ROM version 0)","포켓몬스터 소울실버 (Korea, IPGK, header ROM version 0)",/a/1/4/1,equal,554,554,,,af1b1c8242302b105f7dfeaa30dbad9f853877c83fbc3365d138b82042eb95ec,af1b1c8242302b105f7dfeaa30dbad9f853877c83fbc3365d138b82042eb95ec,4,4,,
"포켓몬스터 하트골드 (Korea, IPKK, header ROM version 0)","포켓몬스터 소울실버 (Korea, IPGK, header ROM version 0)",/a/1/4/1,equal,555,555,,,af1b1c8242302b105f7dfeaa30dbad9f853877c83fbc3365d138b82042eb95ec,af1b1c8242302b105f7dfeaa30dbad9f853877c83fbc3365d138b82042eb95ec,4,4,,
"포켓몬스터 하트골드 (Korea, IPKK, header ROM version 0)","포켓몬스터 소울실버 (Korea, IPGK, header ROM version 0)",/a/1/4/1,equal,556,556,,,af1b1c8242302b105f7dfeaa30dbad9f853877c83fbc3365d138b82042eb95ec,af1b1c8242302b105f7dfeaa30dbad9f853877c83fbc3365d138b82042eb95ec,4,4,,
"포켓몬스터 하트골드 (Korea, IPKK, header ROM version 0)","포켓몬스터 소울실버 (Korea, IPGK, header ROM version 0)",/a/1/4/1,equal,557,557,,,af1b1c8242302b105f7dfeaa30dbad9f853877c83fbc3365d138b82042eb95ec,af1b1c8242302b105f7dfeaa30dbad9f853877c83fbc3365d138b82042eb95ec,4,4,,
"포켓몬스터 하트골드 (Korea, IPKK, header ROM version 0)","포켓몬스터 소울실버 (Korea, IPGK, header ROM version 0)",/a/1/4/1,equal,558,558,,,af1b1c8242302b105f7dfeaa30dbad9f853877c83fbc3365d138b82042eb95ec,af1b1c8242302b105f7dfeaa30dbad9f853877c83fbc3365d138b82042eb95ec,4,4,,
"포켓몬스터 하트골드 (Korea, IPKK, header ROM version 0)","포켓몬스터 소울실버 (Korea, IPGK, header ROM version 0)",/a/1/4/1,equal,559,559,,,af1b1c8242302b105f7dfeaa30dbad9f853877c83fbc3365d138b82042eb95ec,af1b1c8242302b105f7dfeaa30dbad9f853877c83fbc3365d138b82042eb95ec,4,4,,
"포켓몬스터 하트골드 (Korea, IPKK, header ROM version 0)","포켓몬스터 소울실버 (Korea, IPGK, header ROM version 0)",/a/1/4/1,equal,560,560,,,af1b1c8242302b105f7dfeaa30dbad9f853877c83fbc3365d138b82042eb95ec,af1b1c8242302b105f7dfeaa30dbad9f853877c83fbc3365d138b82042eb95ec,4,4,,
"포켓몬스터 하트골드 (Korea, IPKK, header ROM version 0)","포켓몬스터 소울실버 (Korea, IPGK, header ROM version 0)",/a/1/4/1,equal,561,561,,,af1b1c8242302b105f7dfeaa30dbad9f853877c83fbc3365d138b82042eb95ec,af1b1c8242302b105f7dfeaa30dbad9f853877c83fbc3365d138b82042eb95ec,4,4,,
"포켓몬스터 하트골드 (Korea, IPKK, header ROM version 0)","포켓몬스터 소울실버 (Korea, IPGK, header ROM version 0)",/a/1/4/1,equal,562,562,,,af1b1c8242302b105f7dfeaa30dbad9f853877c83fbc3365d138b82042eb95ec,af1b1c8242302b105f7dfeaa30dbad9f853877c83fbc3365d138b82042eb95ec,4,4,,
"포켓몬스터 하트골드 (Korea, IPKK, header ROM version 0)","포켓몬스터 소울실버 (Korea, IPGK, header ROM version 0)",/a/1/4/1,equal,563,563,,,af1b1c8242302b105f7dfeaa30dbad9f853877c83fbc3365d138b82042eb95ec,af1b1c8242302b105f7dfeaa30dbad9f853877c83fbc3365d138b82042eb95ec,4,4,,
"포켓몬스터 하트골드 (Korea, IPKK, header ROM version 0)","포켓몬스터 소울실버 (Korea, IPGK, header ROM version 0)",/a/1/4/1,equal,564,564,,,af1b1c8242302b105f7dfeaa30dbad9f853877c83fbc3365d138b82042eb95ec,af1b1c8242302b105f7dfeaa30dbad9f853877c83fbc3365d138b82042eb95ec,4,4,,
"포켓몬스터 하트골드 (Korea, IPKK, header ROM version 0)","포켓몬스터 소울실버 (Korea, IPGK, header ROM version 0)",/a/1/4/1,equal,565,565,,,af1b1c8242302b105f7dfeaa30dbad9f853877c83fbc3365d138b82042eb95ec,af1b1c8242302b105f7dfeaa30dbad9f853877c83fbc3365d138b82042eb95ec,4,4,,
"포켓몬스터 하트골드 (Korea, IPKK, header ROM version 0)","포켓몬스터 소울실버 (Korea, IPGK, header ROM version 0)",/a/1/4/2,equal,0,0,,,04cf48a7db39217824776549fe017b7f3d27f93f0fabd654a8d100a5c87c18e6,04cf48a7db39217824776549fe017b7f3d27f93f0fabd654a8d100a5c87c18e6,600,600,NCLR palette,NCLR palette
"포켓몬스터 하트골드 (Korea, IPKK, header ROM version 0)","포켓몬스터 소울실버 (Korea, IPGK, header ROM version 0)",/a/1/4/2,equal,1,1,,,c1d84e245700d96c9ad74665f4e0209690e1f18304c5d05344c053a75f53f5f1,c1d84e245700d96c9ad74665f4e0209690e1f18304c5d05344c053a75f53f5f1,3136,3136,NCGR graphics,NCGR graphics
"포켓몬스터 하트골드 (Korea, IPKK, header ROM version 0)","포켓몬스터 소울실버 (Korea, IPGK, header ROM version 0)",/a/1/4/2,equal,2,2,,,455427be308dcd68e6d99abbbc835cc1ec13bf620f02a8325e7a8d7af561a9f2,455427be308dcd68e6d99abbbc835cc1ec13bf620f02a8325e7a8d7af561a9f2,1572,1572,NSCR screen map,NSCR screen map
"포켓몬스터 하트골드 (Korea, IPKK, header ROM version 0)","포켓몬스터 소울실버 (Korea, IPGK, header ROM version 0)",/a/1/4/2,equal,3,3,,,b5389866f8830992c32c98d37a7e6f51359b10db4409e13a8e47541c8d4d7d3d,b5389866f8830992c32c98d37a7e6f51359b10db4409e13a8e47541c8d4d7d3d,570,570,NCLR palette,NCLR palette
"포켓몬스터 하트골드 (Korea, IPKK, header ROM version 0)","포켓몬스터 소울실버 (Korea, IPGK, header ROM version 0)",/a/1/4/2,equal,4,4,,,03234330e1dc68854f1a32ec9624dcc2838ac722d63ca9e5effb59577e453c1b,03234330e1dc68854f1a32ec9624dcc2838ac722d63ca9e5effb59577e453c1b,9280,9280,NCGR graphics,NCGR graphics
"포켓몬스터 하트골드 (Korea, IPKK, header ROM version 0)","포켓몬스터 소울실버 (Korea, IPGK, header ROM version 0)",/a/1/4/2,equal,5,5,,,e7a48a3c10f33a7d1f6bbc373f9c12b05c7f1756ec43e073e86407fcde95c29c,e7a48a3c10f33a7d1f6bbc373f9c12b05c7f1756ec43e073e86407fcde95c29c,2084,2084,NSCR screen map,NSCR screen map
"포켓몬스터 하트골드 (Korea, IPKK, header ROM version 0)","포켓몬스터 소울실버 (Korea, IPGK, header ROM version 0)",/a/1/4/2,equal,6,6,,,dadb787f11c51f3b35b75d11c55ad176aecdf0fc662cd1fb47ea5b5ed8589ca3,dadb787f11c51f3b35b75d11c55ad176aecdf0fc662cd1fb47ea5b5ed8589ca3,570,570,NCLR palette,NCLR palette
"포켓몬스터 하트골드 (Korea, IPKK, header ROM version 0)","포켓몬스터 소울실버 (Korea, IPGK, header ROM version 0)",/a/1/4/2,equal,7,7,,,0c74ae4d40b6bca389512b4f56b7b7f2d70c9307adb69aa04dcaae8f46fcbaef,0c74ae4d40b6bca389512b4f56b7b7f2d70c9307adb69aa04dcaae8f46fcbaef,36160,36160,NCGR graphics,NCGR graphics
"포켓몬스터 하트골드 (Korea, IPKK, header ROM version 0)","포켓몬스터 소울실버 (Korea, IPGK, header ROM version 0)",/a/1/4/2,equal,8,8,,,f6ab8a8d51b8cba37c056dbc9b683eb80e1a5e877ef4859e8e81b738a900a8d0,f6ab8a8d51b8cba37c056dbc9b683eb80e1a5e877ef4859e8e81b738a900a8d0,8228,8228,NSCR screen map,NSCR screen map
"포켓몬스터 하트골드 (Korea, IPKK, header ROM version 0)","포켓몬스터 소울실버 (Korea, IPGK, header ROM version 0)",/a/1/4/2,equal,9,9,,,d9dfef41cb7885288a799bf1496903c52f7af7d71326fe8aac0ea1eec01df041,d9dfef41cb7885288a799bf1496903c52f7af7d71326fe8aac0ea1eec01df041,10304,10304,NCGR graphics,NCGR graphics
"포켓몬스터 하트골드 (Korea, IPKK, header ROM version 0)","포켓몬스터 소울실버 (Korea, IPGK, header ROM version 0)",/a/1/4/2,equal,10,10,,,210c5a08219ef526be3f65facd18d581ad7eb81f57b0137b4d390a28365efbeb,210c5a08219ef526be3f65facd18d581ad7eb81f57b0137b4d390a28365efbeb,2212,2212,NSCR screen map,NSCR screen map
"포켓몬스터 하트골드 (Korea, IPKK, header ROM version 0)","포켓몬스터 소울실버 (Korea, IPGK, header ROM version 0)",/a/1/4/2,equal,11,11,,,7840c591ef5ab2ccb9611616d7be65005aaa90007a0f8585efc5079855437141,7840c591ef5ab2ccb9611616d7be65005aaa90007a0f8585efc5079855437141,600,600,NCLR palette,NCLR palette
"포켓몬스터 하트골드 (Korea, IPKK, header ROM version 0)","포켓몬스터 소울실버 (Korea, IPGK, header ROM version 0)",/a/1/4/2,equal,12,12,,,8b87cbf795e368af0da68276b446e8817261f7017b24aeed876cde81ae95c295,8b87cbf795e368af0da68276b446e8817261f7017b24aeed876cde81ae95c295,2112,2112,NCGR graphics,NCGR graphics
"포켓몬스터 하트골드 (Korea, IPKK, header ROM version 0)","포켓몬스터 소울실버 (Korea, IPGK, header ROM version 0)",/a/1/4/2,equal,13,13,,,b6f2e38f57ed92e23ccf0598c3cfcd0f60f0279a41b6c532ba63d20b355e60b7,b6f2e38f57ed92e23ccf0598c3cfcd0f60f0279a41b6c532ba63d20b355e60b7,1572,1572,NSCR screen map,NSCR screen map
"포켓몬스터 하트골드 (Korea, IPKK, header ROM version 0)","포켓몬스터 소울실버 (Korea, IPGK, header ROM version 0)",/a/1/4/2,equal,14,14,,,06e67fa7502d2e2772014564777ada385ca44370ba56032924c8750a2bf76c1c,06e67fa7502d2e2772014564777ada385ca44370ba56032924c8750a2bf76c1c,532,532,NCLR palette,NCLR palette
"포켓몬스터 하트골드 (Korea, IPKK, header ROM version 0)","포켓몬스터 소울실버 (Korea, IPGK, header ROM version 0)",/a/1/4/2,equal,15,15,,,6178441a74945c88677d8a4bae21a808d81b1cce1971544ed4e40c82c9785de0,6178441a74945c88677d8a4bae21a808d81b1cce1971544ed4e40c82c9785de0,24640,24640,NCGR graphics,NCGR graphics
"포켓몬스터 하트골드 (Korea, IPKK, header ROM version 0)","포켓몬스터 소울실버 (Korea, IPGK, header ROM version 0)",/a/1/4/2,equal,16,16,,,a79fbdbe791bd42bc0105fef2ba97f0496bda29610841992fdcf884fb4acbd71,a79fbdbe791bd42bc0105fef2ba97f0496bda29610841992fdcf884fb4acbd71,1572,1572,NSCR screen map,NSCR screen map
"포켓몬스터 하트골드 (Korea, IPKK, header ROM version 0)","포켓몬스터 소울실버 (Korea, IPGK, header ROM version 0)",/a/1/4/2,equal,17,17,,,429135e65e88bfab7e3997b560f2a3a54a4020536d159c3a877a2aa0ca682af5,429135e65e88bfab7e3997b560f2a3a54a4020536d159c3a877a2aa0ca682af5,498,498,NCLR palette,NCLR palette
"포켓몬스터 하트골드 (Korea, IPKK, header ROM version 0)","포켓몬스터 소울실버 (Korea, IPGK, header ROM version 0)",/a/1/4/2,equal,18,18,,,c411532ee21cb02a511f0a1da5845b423790c384c3d81bb39353644e32b07796,c411532ee21cb02a511f0a1da5845b423790c384c3d81bb39353644e32b07796,304,304,NCGR graphics,NCGR graphics
"포켓몬스터 하트골드 (Korea, IPKK, header ROM version 0)","포켓몬스터 소울실버 (Korea, IPGK, header ROM version 0)",/a/1/4/2,equal,19,19,,,58255cdf1d24094ce97f3cfe16a9908dfa3176f97333df3ef1655e8795398511,58255cdf1d24094ce97f3cfe16a9908dfa3176f97333df3ef1655e8795398511,128,128,NCER cell,NCER cell
"포켓몬스터 하트골드 (Korea, IPKK, header ROM version 0)","포켓몬스터 소울실버 (Korea, IPGK, header ROM version 0)",/a/1/4/2,equal,20,20,,,947bf2948c03fb074fe39bd706e044f50f59f84465b5ff7d708ef019d2246ce2,947bf2948c03fb074fe39bd706e044f50f59f84465b5ff7d708ef019d2246ce2,120,120,NANR animation,NANR animation
"포켓몬스터 하트골드 (Korea, IPKK, header ROM version 0)","포켓몬스터 소울실버 (Korea, IPGK, header ROM version 0)",/a/1/4/2,equal,21,21,,,dc1e3ab7afd8d0df420ef085d43e1fed991e829d47dd3490ea0678c6caba6791,dc1e3ab7afd8d0df420ef085d43e1fed991e829d47dd3490ea0678c6caba6791,976,976,NCGR graphics,NCGR graphics
"포켓몬스터 하트골드 (Korea, IPKK, header ROM version 0)","포켓몬스터 소울실버 (Korea, IPGK, header ROM version 0)",/a/1/4/2,equal,22,22,,,59e61d5b94846a846a8bef75c9ba38daf24be8a7b525bccd904c4648f33f7806,59e61d5b94846a846a8bef75c9ba38daf24be8a7b525bccd904c4648f33f7806,294,294,NCER cell,NCER cell
"포켓몬스터 하트골드 (Korea, IPKK, header ROM version 0)","포켓몬스터 소울실버 (Korea, IPGK, header ROM version 0)",/a/1/4/2,equal,23,23,,,51494aeace4986df5d3be0b6011347075013025bd703d0ba5bda166cbd626866,51494aeace4986df5d3be0b6011347075013025bd703d0ba5bda166cbd626866,266,266,NANR animation,NANR animation
"포켓몬스터 하트골드 (Korea, IPKK, header ROM version 0)","포켓몬스터 소울실버 (Korea, IPGK, header ROM version 0)",/a/1/4/2,equal,24,24,,,e48945ea383f5f40ae7e8dfe8630c771b38d02d39a4a61f23969f78b3caebc00,e48945ea383f5f40ae7e8dfe8630c771b38d02d39a4a61f23969f78b3caebc00,1072,1072,NCGR graphics,NCGR graphics
"포켓몬스터 하트골드 (Korea, IPKK, header ROM version 0)","포켓몬스터 소울실버 (Korea, IPGK, header ROM version 0)",/a/1/4/2,equal,25,25,,,2903e9a491882d33d0d5b99e1547597d06ba20e09260f8a4e0349a3b7113e0c9,2903e9a491882d33d0d5b99e1547597d06ba20e09260f8a4e0349a3b7113e0c9,259,259,NCER cell,NCER cell
"포켓몬스터 하트골드 (Korea, IPKK, header ROM version 0)","포켓몬스터 소울실버 (Korea, IPGK, header ROM version 0)",/a/1/4/2,equal,26,26,,,d5c1cc5029c27f6b0006b1c2e0da679bde97da28eef25cc0dca4160243dc7ac7,d5c1cc5029c27f6b0006b1c2e0da679bde97da28eef25cc0dca4160243dc7ac7,179,179,NANR animation,NANR animation
"포켓몬스터 하트골드 (Korea, IPKK, header ROM version 0)","포켓몬스터 소울실버 (Korea, IPGK, header ROM version 0)",/a/1/4/2,equal,27,27,,,94d78bcb045de73088170aabfd0d462df1ef490e87b946252025ffd0374fae8c,94d78bcb045de73088170aabfd0d462df1ef490e87b946252025ffd0374fae8c,192,192,NCLR palette,NCLR palette
"포켓몬스터 하트골드 (Korea, IPKK, header ROM version 0)","포켓몬스터 소울실버 (Korea, IPGK, header ROM version 0)",/a/1/4/2,equal,28,28,,,d27bdb39ebbcb9a06d2fac3f26f26043987450ba2cb55c2940d19fee2c22df45,d27bdb39ebbcb9a06d2fac3f26f26043987450ba2cb55c2940d19fee2c22df45,6960,6960,NCGR graphics,NCGR graphics
"포켓몬스터 하트골드 (Korea, IPKK, header ROM version 0)","포켓몬스터 소울실버 (Korea, IPGK, header ROM version 0)",/a/1/4/2,equal,29,29,,,689fc47f8f0d9a00a12a19056a0d29e212ef4e80f7fb7c5af9fd024baa950755,689fc47f8f0d9a00a12a19056a0d29e212ef4e80f7fb7c5af9fd024baa950755,620,620,NCER cell,NCER cell
"포켓몬스터 하트골드 (Korea, IPKK, header ROM version 0)","포켓몬스터 소울실버 (Korea, IPGK, header ROM version 0)",/a/1/4/2,equal,30,30,,,2d0ce03da581fcbb2fc01cf8f1961e1a812af29c6fdd4828f1462b1e405b4ca0,2d0ce03da581fcbb2fc01cf8f1961e1a812af29c6fdd4828f1462b1e405b4ca0,416,416,NANR animation,NANR animation
"포켓몬스터 하트골드 (Korea, IPKK, header ROM version 0)","포켓몬스터 소울실버 (Korea, IPGK, header ROM version 0)",/a/1/4/3,equal,0,0,,,229cde540751ef8ce3a9ec946fa367bc0d1da50c4f81c7ee1fa42594671a23ad,229cde540751ef8ce3a9ec946fa367bc0d1da50c4f81c7ee1fa42594671a23ad,600,600,NCLR palette,NCLR palette
"포켓몬스터 하트골드 (Korea, IPKK, header ROM version 0)","포켓몬스터 소울실버 (Korea, IPGK, header ROM version 0)",/a/1/4/3,equal,1,1,,,23b57195d14617b67e9b53c2fd93eb048865fa12d9d7948af0bff16db616227c,23b57195d14617b67e9b53c2fd93eb048865fa12d9d7948af0bff16db616227c,600,600,NCLR palette,NCLR palette
"포켓몬스터 하트골드 (Korea, IPKK, header ROM version 0)","포켓몬스터 소울실버 (Korea, IPGK, header ROM version 0)",/a/1/4/3,equal,2,2,,,b70c215afd8cf4e9d340a88938eb38d3122f532e0de2d6a019ae79fb4a2b2823,b70c215afd8cf4e9d340a88938eb38d3122f532e0de2d6a019ae79fb4a2b2823,600,600,NCLR palette,NCLR palette
"포켓몬스터 하트골드 (Korea, IPKK, header ROM version 0)","포켓몬스터 소울실버 (Korea, IPGK, header ROM version 0)",/a/1/4/3,equal,3,3,,,e7632e4f1bfdd2f1cb6fc892c0f20cb8de0e35d0c4351e085378875b5865c0df,e7632e4f1bfdd2f1cb6fc892c0f20cb8de0e35d0c4351e085378875b5865c0df,600,600,NCLR palette,NCLR palette
"포켓몬스터 하트골드 (Korea, IPKK, header ROM version 0)","포켓몬스터 소울실버 (Korea, IPGK, header ROM version 0)",/a/1/4/3,equal,4,4,,,13c3668460afd9a39278d1b7f118817fc5ec989ff8e4a03078f38d7642cfc665,13c3668460afd9a39278d1b7f118817fc5ec989ff8e4a03078f38d7642cfc665,600,600,NCLR palette,NCLR palette
"포켓몬스터 하트골드 (Korea, IPKK, header ROM version 0)","포켓몬스터 소울실버 (Korea, IPGK, header ROM version 0)",/a/1/4/3,equal,5,5,,,9362a0855fe79e928e251a14d1cdf0f31325a96947b64d261d11bd642e93db03,9362a0855fe79e928e251a14d1cdf0f31325a96947b64d261d11bd642e93db03,600,600,NCLR palette,NCLR palette
"포켓몬스터 하트골드 (Korea, IPKK, header ROM version 0)","포켓몬스터 소울실버 (Korea, IPGK, header ROM version 0)",/a/1/4/3,equal,6,6,,,ffe3957b794803933c530de9d37167e27e850370f95181da9f98299c89ce3d5a,ffe3957b794803933c530de9d37167e27e850370f95181da9f98299c89ce3d5a,6832,6832,NCGR graphics,NCGR graphics
"포켓몬스터 하트골드 (Korea, IPKK, header ROM version 0)","포켓몬스터 소울실버 (Korea, IPGK, header ROM version 0)",/a/1/4/3,equal,7,7,,,c0ed4cc4cd44b9529ccdda7fa35ac4784da8aa2e5a51f8fcd09c737cdc021658,c0ed4cc4cd44b9529ccdda7fa35ac4784da8aa2e5a51f8fcd09c737cdc021658,6832,6832,NCGR graphics,NCGR graphics
"포켓몬스터 하트골드 (Korea, IPKK, header ROM version 0)","포켓몬스터 소울실버 (Korea, IPGK, header ROM version 0)",/a/1/4/3,equal,8,8,,,057ff791217b01253007ffcab0ba0b612785d7620b5e17c41ebfcee670d805f1,057ff791217b01253007ffcab0ba0b612785d7620b5e17c41ebfcee670d805f1,6832,6832,NCGR graphics,NCGR graphics
"포켓몬스터 하트골드 (Korea, IPKK, header ROM version 0)","포켓몬스터 소울실버 (Korea, IPGK, header ROM version 0)",/a/1/4/3,equal,9,9,,,cbe1f29d595dd2873481a2364c1c3cb493b2144fd895a73452e431783f4f0dd7,cbe1f29d595dd2873481a2364c1c3cb493b2144fd895a73452e431783f4f0dd7,6832,6832,NCGR graphics,NCGR graphics
"포켓몬스터 하트골드 (Korea, IPKK, header ROM version 0)","포켓몬스터 소울실버 (Korea, IPGK, header ROM version 0)",/a/1/4/3,equal,10,10,,,24e23cceb58ac4e93cfc16b120d568cf2b7a8d5d76eee668b79e981b042f85e6,24e23cceb58ac4e93cfc16b120d568cf2b7a8d5d76eee668b79e981b042f85e6,6832,6832,NCGR graphics,NCGR graphics
"포켓몬스터 하트골드 (Korea, IPKK, header ROM version 0)","포켓몬스터 소울실버 (Korea, IPGK, header ROM version 0)",/a/1/4/3,equal,11,11,,,4180399040d9f4a8850dfe8de4ce97182154905d68748045833f6775427e3d99,4180399040d9f4a8850dfe8de4ce97182154905d68748045833f6775427e3d99,6832,6832,NCGR graphics,NCGR graphics
"포켓몬스터 하트골드 (Korea, IPKK, header ROM version 0)","포켓몬스터 소울실버 (Korea, IPGK, header ROM version 0)",/a/1/4/3,equal,12,12,,,b409ff1112c6f9dd1fffb860eaed098a90b53d037215ac8b8f147907a03b760a,b409ff1112c6f9dd1fffb860eaed098a90b53d037215ac8b8f147907a03b760a,717,717,NCER cell,NCER cell
"포켓몬스터 하트골드 (Korea, IPKK, header ROM version 0)","포켓몬스터 소울실버 (Korea, IPGK, header ROM version 0)",/a/1/4/3,equal,13,13,,,fad2b3de775ee55223df4d8257c17ef614265e2fc5bfde353311051b89a5a538,fad2b3de775ee55223df4d8257c17ef614265e2fc5bfde353311051b89a5a538,605,605,NANR animation,NANR animation
"포켓몬스터 하트골드 (Korea, IPKK, header ROM version 0)","포켓몬스터 소울실버 (Korea, IPGK, header ROM version 0)",/a/1/4/3,equal,14,14,,,b409ff1112c6f9dd1fffb860eaed098a90b53d037215ac8b8f147907a03b760a,b409ff1112c6f9dd1fffb860eaed098a90b53d037215ac8b8f147907a03b760a,717,717,NCER cell,NCER cell
"포켓몬스터 하트골드 (Korea, IPKK, header ROM version 0)","포켓몬스터 소울실버 (Korea, IPGK, header ROM version 0)",/a/1/4/3,equal,15,15,,,fad2b3de775ee55223df4d8257c17ef614265e2fc5bfde353311051b89a5a538,fad2b3de775ee55223df4d8257c17ef614265e2fc5bfde353311051b89a5a538,605,605,NANR animation,NANR animation
"포켓몬스터 하트골드 (Korea, IPKK, header ROM version 0)","포켓몬스터 소울실버 (Korea, IPGK, header ROM version 0)",/a/1/4/3,equal,16,16,,,b409ff1112c6f9dd1fffb860eaed098a90b53d037215ac8b8f147907a03b760a,b409ff1112c6f9dd1fffb860eaed098a90b53d037215ac8b8f147907a03b760a,717,717,NCER cell,NCER cell
"포켓몬스터 하트골드 (Korea, IPKK, header ROM version 0)","포켓몬스터 소울실버 (Korea, IPGK, header ROM version 0)",/a/1/4/3,equal,17,17,,,fad2b3de775ee55223df4d8257c17ef614265e2fc5bfde353311051b89a5a538,fad2b3de775ee55223df4d8257c17ef614265e2fc5bfde353311051b89a5a538,605,605,NANR animation,NANR animation
"포켓몬스터 하트골드 (Korea, IPKK, header ROM version 0)","포켓몬스터 소울실버 (Korea, IPGK, header ROM version 0)",/a/1/4/3,equal,18,18,,,b409ff1112c6f9dd1fffb860eaed098a90b53d037215ac8b8f147907a03b760a,b409ff1112c6f9dd1fffb860eaed098a90b53d037215ac8b8f147907a03b760a,717,717,NCER cell,NCER cell
"포켓몬스터 하트골드 (Korea, IPKK, header ROM version 0)","포켓몬스터 소울실버 (Korea, IPGK, header ROM version 0)",/a/1/4/3,equal,19,19,,,fad2b3de775ee55223df4d8257c17ef614265e2fc5bfde353311051b89a5a538,fad2b3de775ee55223df4d8257c17ef614265e2fc5bfde353311051b89a5a538,605,605,NANR animation,NANR animation
"포켓몬스터 하트골드 (Korea, IPKK, header ROM version 0)","포켓몬스터 소울실버 (Korea, IPGK, header ROM version 0)",/a/1/4/3,equal,20,20,,,b409ff1112c6f9dd1fffb860eaed098a90b53d037215ac8b8f147907a03b760a,b409ff1112c6f9dd1fffb860eaed098a90b53d037215ac8b8f147907a03b760a,717,717,NCER cell,NCER cell
"포켓몬스터 하트골드 (Korea, IPKK, header ROM version 0)","포켓몬스터 소울실버 (Korea, IPGK, header ROM version 0)",/a/1/4/3,equal,21,21,,,fad2b3de775ee55223df4d8257c17ef614265e2fc5bfde353311051b89a5a538,fad2b3de775ee55223df4d8257c17ef614265e2fc5bfde353311051b89a5a538,605,605,NANR animation,NANR animation
"포켓몬스터 하트골드 (Korea, IPKK, header ROM version 0)","포켓몬스터 소울실버 (Korea, IPGK, header ROM version 0)",/a/1/4/3,equal,22,22,,,b409ff1112c6f9dd1fffb860eaed098a90b53d037215ac8b8f147907a03b760a,b409ff1112c6f9dd1fffb860eaed098a90b53d037215ac8b8f147907a03b760a,717,717,NCER cell,NCER cell
"포켓몬스터 하트골드 (Korea, IPKK, header ROM version 0)","포켓몬스터 소울실버 (Korea, IPGK, header ROM version 0)",/a/1/4/3,equal,23,23,,,fad2b3de775ee55223df4d8257c17ef614265e2fc5bfde353311051b89a5a538,fad2b3de775ee55223df4d8257c17ef614265e2fc5bfde353311051b89a5a538,605,605,NANR animation,NANR animation
"포켓몬스터 하트골드 (Korea, IPKK, header ROM version 0)","포켓몬스터 소울실버 (Korea, IPGK, header ROM version 0)",/a/1/4/3,equal,24,24,,,39c53c84f93fca956175798dcb873266c3bf1abe095c8a821cb8b200d1a65f94,39c53c84f93fca956175798dcb873266c3bf1abe095c8a821cb8b200d1a65f94,600,600,NCLR palette,NCLR palette
"포켓몬스터 하트골드 (Korea, IPKK, header ROM version 0)","포켓몬스터 소울실버 (Korea, IPGK, header ROM version 0)",/a/1/4/3,equal,25,25,,,caca7b42f4cb4d17ac93a58134f1984a545f375348126bb0686686378d980582,caca7b42f4cb4d17ac93a58134f1984a545f375348126bb0686686378d980582,600,600,NCLR palette,NCLR palette
"포켓몬스터 하트골드 (Korea, IPKK, header ROM version 0)","포켓몬스터 소울실버 (Korea, IPGK, header ROM version 0)",/a/1/4/3,equal,26,26,,,bae612023a6210d95f77f69d619ac113f9bc75313b710ecef471c1a409ce2402,bae612023a6210d95f77f69d619ac113f9bc75313b710ecef471c1a409ce2402,532,532,NCLR palette,NCLR palette
"포켓몬스터 하트골드 (Korea, IPKK, header ROM version 0)","포켓몬스터 소울실버 (Korea, IPGK, header ROM version 0)",/a/1/4/3,equal,27,27,,,b8a9627d4fe2666fb8ce0f245cdfdb1644974f9ed6e5307eea7641f7908efb67,b8a9627d4fe2666fb8ce0f245cdfdb1644974f9ed6e5307eea7641f7908efb67,600,600,NCLR palette,NCLR palette
"포켓몬스터 하트골드 (Korea, IPKK, header ROM version 0)","포켓몬스터 소울실버 (Korea, IPGK, header ROM version 0)",/a/1/4/3,equal,28,28,,,3c32e37f13c3da8cf2cecb3af3b409b56b450794a4a37730774cc99d28fd3b3d,3c32e37f13c3da8cf2cecb3af3b409b56b450794a4a37730774cc99d28fd3b3d,600,600,NCLR palette,NCLR palette
"포켓몬스터 하트골드 (Korea, IPKK, header ROM version 0)","포켓몬스터 소울실버 (Korea, IPGK, header ROM version 0)",/a/1/4/3,equal,29,29,,,eb632500ab1b146ce2f78e6f4265d88eb46ef1777342583520d4ff6c7548d47f,eb632500ab1b146ce2f78e6f4265d88eb46ef1777342583520d4ff6c7548d47f,600,600,NCLR palette,NCLR palette
"포켓몬스터 하트골드 (Korea, IPKK, header ROM version 0)","포켓몬스터 소울실버 (Korea, IPGK, header ROM version 0)",/a/1/4/3,equal,30,30,,,1091373e2692dca800edb16f690426ab72149ebd079695596033f4d6fbd4fe0f,1091373e2692dca800edb16f690426ab72149ebd079695596033f4d6fbd4fe0f,600,600,NCLR palette,NCLR palette
"포켓몬스터 하트골드 (Korea, IPKK, header ROM version 0)","포켓몬스터 소울실버 (Korea, IPGK, header ROM version 0)",/a/1/4/3,equal,31,31,,,6dda6daf100d9fd87db42c4f95e261013e9c3640496570f694344948c2b32a03,6dda6daf100d9fd87db42c4f95e261013e9c3640496570f694344948c2b32a03,600,600,NCLR palette,NCLR palette
"포켓몬스터 하트골드 (Korea, IPKK, header ROM version 0)","포켓몬스터 소울실버 (Korea, IPGK, header ROM version 0)",/a/1/4/3,equal,32,32,,,9fd716e617be3502a4249c9b0a9ecb93858f5068cc132f2473070e03a45b7213,9fd716e617be3502a4249c9b0a9ecb93858f5068cc132f2473070e03a45b7213,600,600,NCLR palette,NCLR palette
"포켓몬스터 하트골드 (Korea, IPKK, header ROM version 0)","포켓몬스터 소울실버 (Korea, IPGK, header ROM version 0)",/a/1/4/3,equal,33,33,,,fa2df5e5487f2537eb8e8cd61bcedea5633de87002d040c9a45ed22167221d83,fa2df5e5487f2537eb8e8cd61bcedea5633de87002d040c9a45ed22167221d83,600,600,NCLR palette,NCLR palette
"포켓몬스터 하트골드 (Korea, IPKK, header ROM version 0)","포켓몬스터 소울실버 (Korea, IPGK, header ROM version 0)",/a/1/4/3,equal,34,34,,,9347424487ef7d08e5e40990cf4fb90e97e3271218c64a31d8f6d9bc0db7634b,9347424487ef7d08e5e40990cf4fb90e97e3271218c64a31d8f6d9bc0db7634b,600,600,NCLR palette,NCLR palette
"포켓몬스터 하트골드 (Korea, IPKK, header ROM version 0)","포켓몬스터 소울실버 (Korea, IPGK, header ROM version 0)",/a/1/4/3,equal,35,35,,,a4a2aae94fd27964525028d92f791701e4293b7be6064a26b49b98a1cd247250,a4a2aae94fd27964525028d92f791701e4293b7be6064a26b49b98a1cd247250,600,600,NCLR palette,NCLR palette
"포켓몬스터 하트골드 (Korea, IPKK, header ROM version 0)","포켓몬스터 소울실버 (Korea, IPGK, header ROM version 0)",/a/1/4/3,equal,36,36,,,d361bd115b90b7261986ffd685b02115de12e35f2deb97cfc473b01f5bac47e5,d361bd115b90b7261986ffd685b02115de12e35f2deb97cfc473b01f5bac47e5,4160,4160,NCGR graphics,NCGR graphics
"포켓몬스터 하트골드 (Korea, IPKK, header ROM version 0)","포켓몬스터 소울실버 (Korea, IPGK, header ROM version 0)",/a/1/4/3,equal,37,37,,,d361bd115b90b7261986ffd685b02115de12e35f2deb97cfc473b01f5bac47e5,d361bd115b90b7261986ffd685b02115de12e35f2deb97cfc473b01f5bac47e5,4160,4160,NCGR graphics,NCGR graphics
"포켓몬스터 하트골드 (Korea, IPKK, header ROM version 0)","포켓몬스터 소울실버 (Korea, IPGK, header ROM version 0)",/a/1/4/3,equal,38,38,,,f9898f5297f4aa761956a5ea29e007c08bcb05bc44c704dafc7c563472c83a8c,f9898f5297f4aa761956a5ea29e007c08bcb05bc44c704dafc7c563472c83a8c,4160,4160,NCGR graphics,NCGR graphics
"포켓몬스터 하트골드 (Korea, IPKK, header ROM version 0)","포켓몬스터 소울실버 (Korea, IPGK, header ROM version 0)",/a/1/4/3,equal,39,39,,,82bbcdd68eadd032b1136151675478a7c0a167cadc017195729d71309404823e,82bbcdd68eadd032b1136151675478a7c0a167cadc017195729d71309404823e,4160,4160,NCGR graphics,NCGR graphics
"포켓몬스터 하트골드 (Korea, IPKK, header ROM version 0)","포켓몬스터 소울실버 (Korea, IPGK, header ROM version 0)",/a/1/4/3,equal,40,40,,,da85b8c345169a0856bcb28310a6d263506fac81cb62b670587387167b7dba6d,da85b8c345169a0856bcb28310a6d263506fac81cb62b670587387167b7dba6d,4160,4160,NCGR graphics,NCGR graphics
"포켓몬스터 하트골드 (Korea, IPKK, header ROM version 0)","포켓몬스터 소울실버 (Korea, IPGK, header ROM version 0)",/a/1/4/3,equal,41,41,,,869a399ed29e68d56ed44f808478bf69d505ee6c10dfccec979870d4b4cec931,869a399ed29e68d56ed44f808478bf69d505ee6c10dfccec979870d4b4cec931,3136,3136,NCGR graphics,NCGR graphics
"포켓몬스터 하트골드 (Korea, IPKK, header ROM version 0)","포켓몬스터 소울실버 (Korea, IPGK, header ROM version 0)",/a/1/4/3,equal,42,42,,,864ac4a201222d068471be32f9f5700cced5e3b854e625ded0a5a71971a621ca,864ac4a201222d068471be32f9f5700cced5e3b854e625ded0a5a71971a621ca,1572,1572,NSCR screen map,NSCR screen map
"포켓몬스터 하트골드 (Korea, IPKK, header ROM version 0)","포켓몬스터 소울실버 (Korea, IPGK, header ROM version 0)",/a/1/4/3,equal,43,43,,,864ac4a201222d068471be32f9f5700cced5e3b854e625ded0a5a71971a621ca,864ac4a201222d068471be32f9f5700cced5e3b854e625ded0a5a71971a621ca,1572,1572,NSCR screen map,NSCR screen map
"포켓몬스터 하트골드 (Korea, IPKK, header ROM version 0)","포켓몬스터 소울실버 (Korea, IPGK, header ROM version 0)",/a/1/4/3,equal,44,44,,,e1f2ce0ac8407bbf5dacd49e76c9b4ba68b7726615f7ac0e9562b9e596272922,e1f2ce0ac8407bbf5dacd49e76c9b4ba68b7726615f7ac0e9562b9e596272922,1572,1572,NSCR screen map,NSCR screen map
"포켓몬스터 하트골드 (Korea, IPKK, header ROM version 0)","포켓몬스터 소울실버 (Korea, IPGK, header ROM version 0)",/a/1/4/3,equal,45,45,,,bb762296fb31f92427e489f534fedf1df52fc97475b7d4782c2843bde67d3506,bb762296fb31f92427e489f534fedf1df52fc97475b7d4782c2843bde67d3506,1572,1572,NSCR screen map,NSCR screen map
"포켓몬스터 하트골드 (Korea, IPKK, header ROM version 0)","포켓몬스터 소울실버 (Korea, IPGK, header ROM version 0)",/a/1/4/3,equal,46,46,,,5b265045e5d5bdaac9ed91413e83ba7dd862db13db1fa28319e677b109fb0ed7,5b265045e5d5bdaac9ed91413e83ba7dd862db13db1fa28319e677b109fb0ed7,1572,1572,NSCR screen map,NSCR screen map
"포켓몬스터 하트골드 (Korea, IPKK, header ROM version 0)","포켓몬스터 소울실버 (Korea, IPGK, header ROM version 0)",/a/1/4/3,equal,47,47,,,2ac26297cc4145ad32667e8f999ad416dc7446758b819d2a8bc643abefe47392,2ac26297cc4145ad32667e8f999ad416dc7446758b819d2a8bc643abefe47392,1572,1572,NSCR screen map,NSCR screen map
"포켓몬스터 하트골드 (Korea, IPKK, header ROM version 0)","포켓몬스터 소울실버 (Korea, IPGK, header ROM version 0)",/a/1/4/3,equal,48,48,,,4edfee7860086c33fd8914a507f7711c34673e6cfdbe5485cd2c293ee53b21ea,4edfee7860086c33fd8914a507f7711c34673e6cfdbe5485cd2c293ee53b21ea,4160,4160,NCGR graphics,NCGR graphics
"포켓몬스터 하트골드 (Korea, IPKK, header ROM version 0)","포켓몬스터 소울실버 (Korea, IPGK, header ROM version 0)",/a/1/4/3,equal,49,49,,,4edfee7860086c33fd8914a507f7711c34673e6cfdbe5485cd2c293ee53b21ea,4edfee7860086c33fd8914a507f7711c34673e6cfdbe5485cd2c293ee53b21ea,4160,4160,NCGR graphics,NCGR graphics
"포켓몬스터 하트골드 (Korea, IPKK, header ROM version 0)","포켓몬스터 소울실버 (Korea, IPGK, header ROM version 0)",/a/1/4/3,equal,50,50,,,fd2d05ba1a435f12cf7c23489227726d515786a0dc3fb19f19b7d0fa045ca820,fd2d05ba1a435f12cf7c23489227726d515786a0dc3fb19f19b7d0fa045ca820,4160,4160,NCGR graphics,NCGR graphics
"포켓몬스터 하트골드 (Korea, IPKK, header ROM version 0)","포켓몬스터 소울실버 (Korea, IPGK, header ROM version 0)",/a/1/4/3,equal,51,51,,,ccf49bbd828ea273bea5cb3e2cec7b9078c7a974893825c24269ce2df6b71785,ccf49bbd828ea273bea5cb3e2cec7b9078c7a974893825c24269ce2df6b71785,4160,4160,NCGR graphics,NCGR graphics
"포켓몬스터 하트골드 (Korea, IPKK, header ROM version 0)","포켓몬스터 소울실버 (Korea, IPGK, header ROM version 0)",/a/1/4/3,equal,52,52,,,4e4991e3b657b116c013d5ad5e46b5abea269c1abe43f769168b6136e9c2a0bd,4e4991e3b657b116c013d5ad5e46b5abea269c1abe43f769168b6136e9c2a0bd,4160,4160,NCGR graphics,NCGR graphics
"포켓몬스터 하트골드 (Korea, IPKK, header ROM version 0)","포켓몬스터 소울실버 (Korea, IPGK, header ROM version 0)",/a/1/4/3,equal,53,53,,,63a01f99e24a1ba32834010c0f0fb1165d9e9301cac1486b0494c774eb09a69a,63a01f99e24a1ba32834010c0f0fb1165d9e9301cac1486b0494c774eb09a69a,4160,4160,NCGR graphics,NCGR graphics
"포켓몬스터 하트골드 (Korea, IPKK, header ROM version 0)","포켓몬스터 소울실버 (Korea, IPGK, header ROM version 0)",/a/1/4/3,equal,54,54,,,d26b55f2b9b1c400aae484906d52cc1e1b666300bb994747e0c1b482dff55086,d26b55f2b9b1c400aae484906d52cc1e1b666300bb994747e0c1b482dff55086,804,804,NSCR screen map,NSCR screen map
"포켓몬스터 하트골드 (Korea, IPKK, header ROM version 0)","포켓몬스터 소울실버 (Korea, IPGK, header ROM version 0)",/a/1/4/3,equal,55,55,,,83f6c084fd42e3339d439a1694817aad5d8212ff660af767f44c7febb4540219,83f6c084fd42e3339d439a1694817aad5d8212ff660af767f44c7febb4540219,804,804,NSCR screen map,NSCR screen map
"포켓몬스터 하트골드 (Korea, IPKK, header ROM version 0)","포켓몬스터 소울실버 (Korea, IPGK, header ROM version 0)",/a/1/4/3,equal,56,56,,,fe75a24c8d24a7858b7c2772a9fc49723c95539f4ed75bf588a1d0af66c19be6,fe75a24c8d24a7858b7c2772a9fc49723c95539f4ed75bf588a1d0af66c19be6,804,804,NSCR screen map,NSCR screen map
"포켓몬스터 하트골드 (Korea, IPKK, header ROM version 0)","포켓몬스터 소울실버 (Korea, IPGK, header ROM version 0)",/a/1/4/3,equal,57,57,,,d93b323775673181556b33d81d434dee490250ff816519a1260261d4986c085d,d93b323775673181556b33d81d434dee490250ff816519a1260261d4986c085d,804,804,NSCR screen map,NSCR screen map
"포켓몬스터 하트골드 (Korea, IPKK, header ROM version 0)","포켓몬스터 소울실버 (Korea, IPGK, header ROM version 0)",/a/1/4/3,equal,58,58,,,2e42f002e631582950a6c139291a19a91d7c9d097df17e98d98a88ea682b4a49,2e42f002e631582950a6c139291a19a91d7c9d097df17e98d98a88ea682b4a49,804,804,NSCR screen map,NSCR screen map
"포켓몬스터 하트골드 (Korea, IPKK, header ROM version 0)","포켓몬스터 소울실버 (Korea, IPGK, header ROM version 0)",/a/1/4/3,equal,59,59,,,a2475345d554e78159656727f7b69eee46b6662f4cff7c18c1af71ab166fee3e,a2475345d554e78159656727f7b69eee46b6662f4cff7c18c1af71ab166fee3e,804,804,NSCR screen map,NSCR screen map
"포켓몬스터 하트골드 (Korea, IPKK, header ROM version 0)","포켓몬스터 소울실버 (Korea, IPGK, header ROM version 0)",/a/1/4/4,equal,0,0,,,23a7edf07201dacf9912768e14840434a6526a6fa54c2ff064034f12e14a6e9d,23a7edf07201dacf9912768e14840434a6526a6fa54c2ff064034f12e14a6e9d,600,600,NCLR palette,NCLR palette
"포켓몬스터 하트골드 (Korea, IPKK, header ROM version 0)","포켓몬스터 소울실버 (Korea, IPGK, header ROM version 0)",/a/1/4/4,equal,1,1,,,a0c443642a9a1912bc485cec3780777ca7cf5debb17a8e7428ef24c22e54ee7e,a0c443642a9a1912bc485cec3780777ca7cf5debb17a8e7428ef24c22e54ee7e,1872,1872,NCGR graphics,NCGR graphics
"포켓몬스터 하트골드 (Korea, IPKK, header ROM version 0)","포켓몬스터 소울실버 (Korea, IPGK, header ROM version 0)",/a/1/4/4,equal,2,2,,,c6597c88ca2c2c85f8a66cea80f84fd3d051136f5ca859360d48fc25434ee3e9,c6597c88ca2c2c85f8a66cea80f84fd3d051136f5ca859360d48fc25434ee3e9,607,607,NCER cell,NCER cell
"포켓몬스터 하트골드 (Korea, IPKK, header ROM version 0)","포켓몬스터 소울실버 (Korea, IPGK, header ROM version 0)",/a/1/4/4,equal,3,3,,,a1116f645f329b94ad27a39b688397b604fcd3ec23126fad1d05a1ba45f750e1,a1116f645f329b94ad27a39b688397b604fcd3ec23126fad1d05a1ba45f750e1,687,687,NANR animation,NANR animation
"포켓몬스터 하트골드 (Korea, IPKK, header ROM version 0)","포켓몬스터 소울실버 (Korea, IPGK, header ROM version 0)",/a/1/4/4,equal,4,4,,,beb64b238767172057bee16fa2544370aaae96be6d05cc213b70a74c19cb6fc5,beb64b238767172057bee16fa2544370aaae96be6d05cc213b70a74c19cb6fc5,1200,1200,NCGR graphics,NCGR graphics
"포켓몬스터 하트골드 (Korea, IPKK, header ROM version 0)","포켓몬스터 소울실버 (Korea, IPGK, header ROM version 0)",/a/1/4/4,equal,5,5,,,466ad79a6c1cdaa0a3c84252a8004afed12ee157de196644150b8af7adb17350,466ad79a6c1cdaa0a3c84252a8004afed12ee157de196644150b8af7adb17350,289,289,NCER cell,NCER cell
"포켓몬스터 하트골드 (Korea, IPKK, header ROM version 0)","포켓몬스터 소울실버 (Korea, IPGK, header ROM version 0)",/a/1/4/4,equal,6,6,,,0a11551e4d747ede341fb398ca1f4301f448cfb611ff7501cb317b364f6fd213,0a11551e4d747ede341fb398ca1f4301f448cfb611ff7501cb317b364f6fd213,221,221,NANR animation,NANR animation
"포켓몬스터 하트골드 (Korea, IPKK, header ROM version 0)","포켓몬스터 소울실버 (Korea, IPGK, header ROM version 0)",/a/1/4/4,equal,7,7,,,5d67a20da89cad8d35d45cf01e8c6c236a6a3966f10567d249fcca7ceeecea79,5d67a20da89cad8d35d45cf01e8c6c236a6a3966f10567d249fcca7ceeecea79,1584,1584,NCGR graphics,NCGR graphics
"포켓몬스터 하트골드 (Korea, IPKK, header ROM version 0)","포켓몬스터 소울실버 (Korea, IPGK, header ROM version 0)",/a/1/4/4,equal,8,8,,,e5d844bd77cebedd2dba06719baf99fa7718acfda74483a533686c28cec4ec77,e5d844bd77cebedd2dba06719baf99fa7718acfda74483a533686c28cec4ec77,105,105,NCER cell,NCER cell
"포켓몬스터 하트골드 (Korea, IPKK, header ROM version 0)","포켓몬스터 소울실버 (Korea, IPGK, header ROM version 0)",/a/1/4/4,equal,9,9,,,a166484cffd998f30f4b258c41047f126877b62af23cde3038b398513a5b8fe8,a166484cffd998f30f4b258c41047f126877b62af23cde3038b398513a5b8fe8,105,105,NANR animation,NANR animation
"포켓몬스터 하트골드 (Korea, IPKK, header ROM version 0)","포켓몬스터 소울실버 (Korea, IPGK, header ROM version 0)",/a/1/4/4,equal,10,10,,,2048c3a119ab1eebe96041f5e974b074cdd5cc2ee47fefdcc5ec4050abc80313,2048c3a119ab1eebe96041f5e974b074cdd5cc2ee47fefdcc5ec4050abc80313,49216,49216,NCGR graphics,NCGR graphics
"포켓몬스터 하트골드 (Korea, IPKK, header ROM version 0)","포켓몬스터 소울실버 (Korea, IPGK, header ROM version 0)",/a/1/4/4,equal,11,11,,,e742f335cbdbb6efb090da9d6691dbd9b951ccbf77f21e197c8b7d38a950e181,e742f335cbdbb6efb090da9d6691dbd9b951ccbf77f21e197c8b7d38a950e181,8228,8228,NSCR screen map,NSCR screen map
"포켓몬스터 하트골드 (Korea, IPKK, header ROM version 0)","포켓몬스터 소울실버 (Korea, IPGK, header ROM version 0)",/a/1/4/4,equal,12,12,,,843cedd4a5be02b2a0a74e671dd7b4313f4e5bff361d310bc8fd35013bcba2d8,843cedd4a5be02b2a0a74e671dd7b4313f4e5bff361d310bc8fd35013bcba2d8,18496,18496,NCGR graphics,NCGR graphics
"포켓몬스터 하트골드 (Korea, IPKK, header ROM version 0)","포켓몬스터 소울실버 (Korea, IPGK, header ROM version 0)",/a/1/4/4,equal,13,13,,,5b8ede998991a699237b5b77610e0e496deea1a925648b51d3c281534853f2d7,5b8ede998991a699237b5b77610e0e496deea1a925648b51d3c281534853f2d7,2276,2276,NSCR screen map,NSCR screen map
"포켓몬스터 하트골드 (Korea, IPKK, header ROM version 0)","포켓몬스터 소울실버 (Korea, IPGK, header ROM version 0)",/a/1/4/4,equal,14,14,,,3a2ccc2b1a3ef1ed083cc13fbe4b9d4cc90be5eb929515c9147903398a20d3e3,3a2ccc2b1a3ef1ed083cc13fbe4b9d4cc90be5eb929515c9147903398a20d3e3,600,600,NCLR palette,NCLR palette
"포켓몬스터 하트골드 (Korea, IPKK, header ROM version 0)","포켓몬스터 소울실버 (Korea, IPGK, header ROM version 0)",/a/1/4/4,equal,15,15,,,b3f08995081ed60c0dc781d00c3e917183f6dc5fa2451c675aaafecada5714fa,b3f08995081ed60c0dc781d00c3e917183f6dc5fa2451c675aaafecada5714fa,600,600,NCLR palette,NCLR palette
"포켓몬스터 하트골드 (Korea, IPKK, header ROM version 0)","포켓몬스터 소울실버 (Korea, IPGK, header ROM version 0)",/a/1/4/4,equal,16,16,,,6d927c431f7533cb0da5877e3900c0a26ec489e88fc56bc9d26eab6f4c070e35,6d927c431f7533cb0da5877e3900c0a26ec489e88fc56bc9d26eab6f4c070e35,600,600,NCLR palette,NCLR palette
"포켓몬스터 하트골드 (Korea, IPKK, header ROM version 0)","포켓몬스터 소울실버 (Korea, IPGK, header ROM version 0)",/a/1/4/4,equal,17,17,,,35c22c36e190ca0454247cbb814ebb45c501ee4f0abbc170f0c13302eff03126,35c22c36e190ca0454247cbb814ebb45c501ee4f0abbc170f0c13302eff03126,600,600,NCLR palette,NCLR palette
"포켓몬스터 하트골드 (Korea, IPKK, header ROM version 0)","포켓몬스터 소울실버 (Korea, IPGK, header ROM version 0)",/a/1/4/4,equal,18,18,,,cd7460450d173e55cb579caff4ad3eb48e108b226dfd20d7528c67468335d3f5,cd7460450d173e55cb579caff4ad3eb48e108b226dfd20d7528c67468335d3f5,600,600,NCLR palette,NCLR palette
"포켓몬스터 하트골드 (Korea, IPKK, header ROM version 0)","포켓몬스터 소울실버 (Korea, IPGK, header ROM version 0)",/a/1/4/4,equal,19,19,,,23f4156ec3f95b35df3009211db0f06d6834aa52f3e042a88b4c357a21f3e32e,23f4156ec3f95b35df3009211db0f06d6834aa52f3e042a88b4c357a21f3e32e,600,600,NCLR palette,NCLR palette
"포켓몬스터 하트골드 (Korea, IPKK, header ROM version 0)","포켓몬스터 소울실버 (Korea, IPGK, header ROM version 0)",/a/1/4/4,equal,20,20,,,b42c7f9205394b6b7e5ba7e5d96e3dfd8b4bfa44d6025f6ebf3f1c8345090ff7,b42c7f9205394b6b7e5ba7e5d96e3dfd8b4bfa44d6025f6ebf3f1c8345090ff7,566,566,NCLR palette,NCLR palette
"포켓몬스터 하트골드 (Korea, IPKK, header ROM version 0)","포켓몬스터 소울실버 (Korea, IPGK, header ROM version 0)",/a/1/4/4,equal,21,21,,,b690b52892366052081d2f40f37cb12be0b319bbd96594356572b1d14ec4dd47,b690b52892366052081d2f40f37cb12be0b319bbd96594356572b1d14ec4dd47,566,566,NCLR palette,NCLR palette
"포켓몬스터 하트골드 (Korea, IPKK, header ROM version 0)","포켓몬스터 소울실버 (Korea, IPGK, header ROM version 0)",/a/1/4/4,equal,22,22,,,257d0dcd2c07d590034b37beb7783c363ec7b8c72c642cc5d6aa7b840fe518a2,257d0dcd2c07d590034b37beb7783c363ec7b8c72c642cc5d6aa7b840fe518a2,566,566,NCLR palette,NCLR palette
"포켓몬스터 하트골드 (Korea, IPKK, header ROM version 0)","포켓몬스터 소울실버 (Korea, IPGK, header ROM version 0)",/a/1/4/4,equal,23,23,,,138b299851001dfa7f6316f297477756de3dedb98a8ff3711b2914ddc41f843c,138b299851001dfa7f6316f297477756de3dedb98a8ff3711b2914ddc41f843c,566,566,NCLR palette,NCLR palette
"포켓몬스터 하트골드 (Korea, IPKK, header ROM version 0)","포켓몬스터 소울실버 (Korea, IPGK, header ROM version 0)",/a/1/4/4,equal,24,24,,,0c6d742ecb5f53852b1b9781a4eeab596af1e7acce79d63d3eaca512d79061fa,0c6d742ecb5f53852b1b9781a4eeab596af1e7acce79d63d3eaca512d79061fa,566,566,NCLR palette,NCLR palette
"포켓몬스터 하트골드 (Korea, IPKK, header ROM version 0)","포켓몬스터 소울실버 (Korea, IPGK, header ROM version 0)",/a/1/4/4,equal,25,25,,,3aeb0ecbe95c853ae2125914bc00c90da64bb1d98ebb43d7739fe182f8717d22,3aeb0ecbe95c853ae2125914bc00c90da64bb1d98ebb43d7739fe182f8717d22,566,566,NCLR palette,NCLR palette
"포켓몬스터 하트골드 (Korea, IPKK, header ROM version 0)","포켓몬스터 소울실버 (Korea, IPGK, header ROM version 0)",/a/1/4/4,equal,26,26,,,99919ad068eb348f93308c18faf2613a09e271703310ea537881d819978280e3,99919ad068eb348f93308c18faf2613a09e271703310ea537881d819978280e3,5184,5184,NCGR graphics,NCGR graphics
"포켓몬스터 하트골드 (Korea, IPKK, header ROM version 0)","포켓몬스터 소울실버 (Korea, IPGK, header ROM version 0)",/a/1/4/4,equal,27,27,,,f4ee4d356667f9b65710f30be9f7af52e4a25e5f7149316c6fbeaa6d8258ccb5,f4ee4d356667f9b65710f30be9f7af52e4a25e5f7149316c6fbeaa6d8258ccb5,5184,5184,NCGR graphics,NCGR graphics
"포켓몬스터 하트골드 (Korea, IPKK, header ROM version 0)","포켓몬스터 소울실버 (Korea, IPGK, header ROM version 0)",/a/1/4/4,equal,28,28,,,3f77eefef25e872731baf3a9f7ac86fbae39c37888d9cda46f83fb7e28286d72,3f77eefef25e872731baf3a9f7ac86fbae39c37888d9cda46f83fb7e28286d72,6208,6208,NCGR graphics,NCGR graphics
"포켓몬스터 하트골드 (Korea, IPKK, header ROM version 0)","포켓몬스터 소울실버 (Korea, IPGK, header ROM version 0)",/a/1/4/4,equal,29,29,,,bf1945caaf97d047dade131a4b265e0ba8105c1eaa97b16e7b719ba68c0840fd,bf1945caaf97d047dade131a4b265e0ba8105c1eaa97b16e7b719ba68c0840fd,5184,5184,NCGR graphics,NCGR graphics
"포켓몬스터 하트골드 (Korea, IPKK, header ROM version 0)","포켓몬스터 소울실버 (Korea, IPGK, header ROM version 0)",/a/1/4/4,equal,30,30,,,8a6e5ec6c1794bcca5924f7093f79fd025e75099dbe6ceb1bc04aebe499c2fae,8a6e5ec6c1794bcca5924f7093f79fd025e75099dbe6ceb1bc04aebe499c2fae,7232,7232,NCGR graphics,NCGR graphics
"포켓몬스터 하트골드 (Korea, IPKK, header ROM version 0)","포켓몬스터 소울실버 (Korea, IPGK, header ROM version 0)",/a/1/4/4,equal,31,31,,,c09a46c904f7e5508aefcff330ba740a62f35716c8c70a8f96514379b7eabd41,c09a46c904f7e5508aefcff330ba740a62f35716c8c70a8f96514379b7eabd41,6208,6208,NCGR graphics,NCGR graphics
"포켓몬스터 하트골드 (Korea, IPKK, header ROM version 0)","포켓몬스터 소울실버 (Korea, IPGK, header ROM version 0)",/a/1/4/4,equal,32,32,,,f0c2d42472763d95800716a6b5a0ce835e872b8276710b43f6f4407d273d0e0b,f0c2d42472763d95800716a6b5a0ce835e872b8276710b43f6f4407d273d0e0b,2596,2596,NSCR screen map,NSCR screen map
"포켓몬스터 하트골드 (Korea, IPKK, header ROM version 0)","포켓몬스터 소울실버 (Korea, IPGK, header ROM version 0)",/a/1/4/4,equal,33,33,,,64fdb1bf7afc46c1c34d7e4b996048dcf366795d6753e7f4c46dd3f9813e4d1c,64fdb1bf7afc46c1c34d7e4b996048dcf366795d6753e7f4c46dd3f9813e4d1c,2596,2596,NSCR screen map,NSCR screen map
"포켓몬스터 하트골드 (Korea, IPKK, header ROM version 0)","포켓몬스터 소울실버 (Korea, IPGK, header ROM version 0)",/a/1/4/4,equal,34,34,,,d21e00b375bce8327f1d05624fc6fd24e12e2f6dbee84279bf7d88f80b75b02b,d21e00b375bce8327f1d05624fc6fd24e12e2f6dbee84279bf7d88f80b75b02b,2596,2596,NSCR screen map,NSCR screen map
"포켓몬스터 하트골드 (Korea, IPKK, header ROM version 0)","포켓몬스터 소울실버 (Korea, IPGK, header ROM version 0)",/a/1/4/4,equal,35,35,,,24795f14af9099c2cbf123c04ad7ebf3afd6a2ac46b6479dd1f53233b521a246,24795f14af9099c2cbf123c04ad7ebf3afd6a2ac46b6479dd1f53233b521a246,2596,2596,NSCR screen map,NSCR screen map
"포켓몬스터 하트골드 (Korea, IPKK, header ROM version 0)","포켓몬스터 소울실버 (Korea, IPGK, header ROM version 0)",/a/1/4/4,equal,36,36,,,67fbdac02901637b4d1a3ae9691c0ec84724ad0fa6ac16f1bf39cff2d81cd246,67fbdac02901637b4d1a3ae9691c0ec84724ad0fa6ac16f1bf39cff2d81cd246,2596,2596,NSCR screen map,NSCR screen map
"포켓몬스터 하트골드 (Korea, IPKK, header ROM version 0)","포켓몬스터 소울실버 (Korea, IPGK, header ROM version 0)",/a/1/4/4,equal,37,37,,,e24fdaee6cc6561e75468928e8397c4ccf375860a4002ebc0ed11304e43eb7aa,e24fdaee6cc6561e75468928e8397c4ccf375860a4002ebc0ed11304e43eb7aa,2596,2596,NSCR screen map,NSCR screen map
"포켓몬스터 하트골드 (Korea, IPKK, header ROM version 0)","포켓몬스터 소울실버 (Korea, IPGK, header ROM version 0)",/a/1/4/4,equal,38,38,,,1e650f816dbcc4d23b0b1370c08e5b9b64ee4999449e5eceb6b4d386a4b73601,1e650f816dbcc4d23b0b1370c08e5b9b64ee4999449e5eceb6b4d386a4b73601,1572,1572,NSCR screen map,NSCR screen map
"포켓몬스터 하트골드 (Korea, IPKK, header ROM version 0)","포켓몬스터 소울실버 (Korea, IPGK, header ROM version 0)",/a/1/4/4,equal,39,39,,,c74792e31dbc5d8bba205d0d0cefb04785303321cd4fe45af30d4a1fb61cf15a,c74792e31dbc5d8bba205d0d0cefb04785303321cd4fe45af30d4a1fb61cf15a,1572,1572,NSCR screen map,NSCR screen map
"포켓몬스터 하트골드 (Korea, IPKK, header ROM version 0)","포켓몬스터 소울실버 (Korea, IPGK, header ROM version 0)",/a/1/4/4,equal,40,40,,,0cf05b97b122ac354980fe99362147b5925ad5b7d3ca71d57622e88110fcf740,0cf05b97b122ac354980fe99362147b5925ad5b7d3ca71d57622e88110fcf740,1572,1572,NSCR screen map,NSCR screen map
"포켓몬스터 하트골드 (Korea, IPKK, header ROM version 0)","포켓몬스터 소울실버 (Korea, IPGK, header ROM version 0)",/a/1/4/4,equal,41,41,,,0d84d312e322079bccef95d1b17ff518bd9bcff9f674cdd0510edefb530f836c,0d84d312e322079bccef95d1b17ff518bd9bcff9f674cdd0510edefb530f836c,1572,1572,NSCR screen map,NSCR screen map
"포켓몬스터 하트골드 (Korea, IPKK, header ROM version 0)","포켓몬스터 소울실버 (Korea, IPGK, header ROM version 0)",/a/1/4/4,equal,42,42,,,17004db6ccff83fecf28992f9ac22c0a857756dee3fefdb80b504e8781969827,17004db6ccff83fecf28992f9ac22c0a857756dee3fefdb80b504e8781969827,1572,1572,NSCR screen map,NSCR screen map
"포켓몬스터 하트골드 (Korea, IPKK, header ROM version 0)","포켓몬스터 소울실버 (Korea, IPGK, header ROM version 0)",/a/1/4/4,equal,43,43,,,2e241d379f4de23a69e11070905116c5b84cf0d68e0e255bc620bf09eaa1f6ac,2e241d379f4de23a69e11070905116c5b84cf0d68e0e255bc620bf09eaa1f6ac,1572,1572,NSCR screen map,NSCR screen map
"포켓몬스터 하트골드 (Korea, IPKK, header ROM version 0)","포켓몬스터 소울실버 (Korea, IPGK, header ROM version 0)",/a/1/4/4,equal,44,44,,,0a577e608fe411ec859f9e89a5eb0a91712136685dd9e30c9df8149bf659f4ff,0a577e608fe411ec859f9e89a5eb0a91712136685dd9e30c9df8149bf659f4ff,1572,1572,NSCR screen map,NSCR screen map
"포켓몬스터 하트골드 (Korea, IPKK, header ROM version 0)","포켓몬스터 소울실버 (Korea, IPGK, header ROM version 0)",/a/1/4/4,equal,45,45,,,0a577e608fe411ec859f9e89a5eb0a91712136685dd9e30c9df8149bf659f4ff,0a577e608fe411ec859f9e89a5eb0a91712136685dd9e30c9df8149bf659f4ff,1572,1572,NSCR screen map,NSCR screen map
"포켓몬스터 하트골드 (Korea, IPKK, header ROM version 0)","포켓몬스터 소울실버 (Korea, IPGK, header ROM version 0)",/a/1/4/4,equal,46,46,,,f87545f9e8311abe830ddc7f5f8d384e6c53dc681b5b4d4b0c704584cecd62f0,f87545f9e8311abe830ddc7f5f8d384e6c53dc681b5b4d4b0c704584cecd62f0,1572,1572,NSCR screen map,NSCR screen map
"포켓몬스터 하트골드 (Korea, IPKK, header ROM version 0)","포켓몬스터 소울실버 (Korea, IPGK, header ROM version 0)",/a/1/4/4,equal,47,47,,,d2035102611f815fab6cd7f88d9f57e70141eadc9110f4f142a5db76c5cd5f4c,d2035102611f815fab6cd7f88d9f57e70141eadc9110f4f142a5db76c5cd5f4c,1572,1572,NSCR screen map,NSCR screen map
"포켓몬스터 하트골드 (Korea, IPKK, header ROM version 0)","포켓몬스터 소울실버 (Korea, IPGK, header ROM version 0)",/a/1/4/4,equal,48,48,,,3a1a6a552e7f47a1c025c5334c856d69f7498dec2b4ffb06a1274867500fce13,3a1a6a552e7f47a1c025c5334c856d69f7498dec2b4ffb06a1274867500fce13,1572,1572,NSCR screen map,NSCR screen map
"포켓몬스터 하트골드 (Korea, IPKK, header ROM version 0)","포켓몬스터 소울실버 (Korea, IPGK, header ROM version 0)",/a/1/4/4,equal,49,49,,,f794d8a09533607e9d546105c6c1f431bf64074f69a3f2948a917d2a0a60df92,f794d8a09533607e9d546105c6c1f431bf64074f69a3f2948a917d2a0a60df92,1572,1572,NSCR screen map,NSCR screen map
"포켓몬스터 하트골드 (Korea, IPKK, header ROM version 0)","포켓몬스터 소울실버 (Korea, IPGK, header ROM version 0)",/a/1/4/4,equal,50,50,,,3861491c71b1636ef0cab52f8a4bbb699f75007355c519a5e0c41357c50b32e0,3861491c71b1636ef0cab52f8a4bbb699f75007355c519a5e0c41357c50b32e0,3136,3136,NCGR graphics,NCGR graphics
"포켓몬스터 하트골드 (Korea, IPKK, header ROM version 0)","포켓몬스터 소울실버 (Korea, IPGK, header ROM version 0)",/a/1/4/4,equal,51,51,,,215cf91bf1a47ee3af2f55bded1c8b77bec40eea12f2bb24db8d731078ef7345,215cf91bf1a47ee3af2f55bded1c8b77bec40eea12f2bb24db8d731078ef7345,3136,3136,NCGR graphics,NCGR graphics
"포켓몬스터 하트골드 (Korea, IPKK, header ROM version 0)","포켓몬스터 소울실버 (Korea, IPGK, header ROM version 0)",/a/1/4/4,equal,52,52,,,660abec8d02b88693232cf444242dec12039c3b959597e8fe89cde449f0cf4d9,660abec8d02b88693232cf444242dec12039c3b959597e8fe89cde449f0cf4d9,2112,2112,NCGR graphics,NCGR graphics
"포켓몬스터 하트골드 (Korea, IPKK, header ROM version 0)","포켓몬스터 소울실버 (Korea, IPGK, header ROM version 0)",/a/1/4/4,equal,53,53,,,4674a207c8aa550aed4989d09d3590dd6aced2f6129952daea0e86b273fe1929,4674a207c8aa550aed4989d09d3590dd6aced2f6129952daea0e86b273fe1929,2112,2112,NCGR graphics,NCGR graphics
"포켓몬스터 하트골드 (Korea, IPKK, header ROM version 0)","포켓몬스터 소울실버 (Korea, IPGK, header ROM version 0)",/a/1/4/4,equal,54,54,,,e19f9dc323c6caf2bb3cf47a054c5c57f6a93a30b3102f3a1c60037b7c62470d,e19f9dc323c6caf2bb3cf47a054c5c57f6a93a30b3102f3a1c60037b7c62470d,3136,3136,NCGR graphics,NCGR graphics
"포켓몬스터 하트골드 (Korea, IPKK, header ROM version 0)","포켓몬스터 소울실버 (Korea, IPGK, header ROM version 0)",/a/1/4/4,equal,55,55,,,4177e6af98f22b691846944e80bbfa76f2dbc3f313e775553afcc84f37574c80,4177e6af98f22b691846944e80bbfa76f2dbc3f313e775553afcc84f37574c80,3136,3136,NCGR graphics,NCGR graphics
"포켓몬스터 하트골드 (Korea, IPKK, header ROM version 0)","포켓몬스터 소울실버 (Korea, IPGK, header ROM version 0)",/a/1/4/4,equal,56,56,,,11f443e4149ab01f2a3bd1fa54eb31b621c1dee9d63f650ef1a6bfd364e42933,11f443e4149ab01f2a3bd1fa54eb31b621c1dee9d63f650ef1a6bfd364e42933,1572,1572,NSCR screen map,NSCR screen map
"포켓몬스터 하트골드 (Korea, IPKK, header ROM version 0)","포켓몬스터 소울실버 (Korea, IPGK, header ROM version 0)",/a/1/4/4,equal,57,57,,,b1852893f38c76d6519934ce6d2ea95a7ecbf300b3ee59843ef66edab65fa4a4,b1852893f38c76d6519934ce6d2ea95a7ecbf300b3ee59843ef66edab65fa4a4,1572,1572,NSCR screen map,NSCR screen map
"포켓몬스터 하트골드 (Korea, IPKK, header ROM version 0)","포켓몬스터 소울실버 (Korea, IPGK, header ROM version 0)",/a/1/4/4,equal,58,58,,,7c5b7776be28f8698806ee27bc56c4b82c80fc4bda619ff4d7fa887416a0c86e,7c5b7776be28f8698806ee27bc56c4b82c80fc4bda619ff4d7fa887416a0c86e,1572,1572,NSCR screen map,NSCR screen map
"포켓몬스터 하트골드 (Korea, IPKK, header ROM version 0)","포켓몬스터 소울실버 (Korea, IPGK, header ROM version 0)",/a/1/4/4,equal,59,59,,,1a591d94ff8aca3b386c6645bba4e6c38a9d72588613e9ff976b570fe6f0f709,1a591d94ff8aca3b386c6645bba4e6c38a9d72588613e9ff976b570fe6f0f709,1572,1572,NSCR screen map,NSCR screen map
"포켓몬스터 하트골드 (Korea, IPKK, header ROM version 0)","포켓몬스터 소울실버 (Korea, IPGK, header ROM version 0)",/a/1/4/4,equal,60,60,,,78a46adfdc167e3f946384d59c6da98934d21cab84c7e3ebbb5db28264b650d4,78a46adfdc167e3f946384d59c6da98934d21cab84c7e3ebbb5db28264b650d4,1572,1572,NSCR screen map,NSCR screen map
"포켓몬스터 하트골드 (Korea, IPKK, header ROM version 0)","포켓몬스터 소울실버 (Korea, IPGK, header ROM version 0)",/a/1/4/4,equal,61,61,,,aae6a18a02fa579d9b2c2cc4b0d9dfbeae0ab3f151aac0443e7cfb30bb52e7bf,aae6a18a02fa579d9b2c2cc4b0d9dfbeae0ab3f151aac0443e7cfb30bb52e7bf,1572,1572,NSCR screen map,NSCR screen map
"포켓몬스터 하트골드 (Korea, IPKK, header ROM version 0)","포켓몬스터 소울실버 (Korea, IPGK, header ROM version 0)",/a/1/4/4,equal,62,62,,,fe7e1ffed23fb0a3f8f0d3927b9c16fd0b3194d80c5db1a50073c05e8aabd3b1,fe7e1ffed23fb0a3f8f0d3927b9c16fd0b3194d80c5db1a50073c05e8aabd3b1,600,600,NCLR palette,NCLR palette
"포켓몬스터 하트골드 (Korea, IPKK, header ROM version 0)","포켓몬스터 소울실버 (Korea, IPGK, header ROM version 0)",/a/1/4/4,equal,63,63,,,1eaca7d3663ee4c9191e4f83f26977871843a8776d99bb12ee0ea327001bef0b,1eaca7d3663ee4c9191e4f83f26977871843a8776d99bb12ee0ea327001bef0b,600,600,NCLR palette,NCLR palette
"포켓몬스터 하트골드 (Korea, IPKK, header ROM version 0)","포켓몬스터 소울실버 (Korea, IPGK, header ROM version 0)",/a/1/4/4,equal,64,64,,,5e5dfbfb915a8461f8440c77f0534ea35c71aff96ad10036664166b54025abd6,5e5dfbfb915a8461f8440c77f0534ea35c71aff96ad10036664166b54025abd6,1088,1088,NCGR graphics,NCGR graphics
"포켓몬스터 하트골드 (Korea, IPKK, header ROM version 0)","포켓몬스터 소울실버 (Korea, IPGK, header ROM version 0)",/a/1/4/4,equal,65,65,,,24c05dcd233b016609a631ce12f3fcd2319774b19199a7d891bac8fbc17c49f3,24c05dcd233b016609a631ce12f3fcd2319774b19199a7d891bac8fbc17c49f3,1572,1572,NSCR screen map,NSCR screen map
"포켓몬스터 하트골드 (Korea, IPKK, header ROM version 0)","포켓몬스터 소울실버 (Korea, IPGK, header ROM version 0)",/a/1/4/4,equal,66,66,,,cf6250eaf7c6c86f3ded80018cbd7b7d6e585e9a45ac7f0bc271d8db2aa17d87,cf6250eaf7c6c86f3ded80018cbd7b7d6e585e9a45ac7f0bc271d8db2aa17d87,4160,4160,NCGR graphics,NCGR graphics
"포켓몬스터 하트골드 (Korea, IPKK, header ROM version 0)","포켓몬스터 소울실버 (Korea, IPGK, header ROM version 0)",/a/1/4/4,equal,67,67,,,0a5989f608038de7eeba42007d5bf4760bdc3fbf2e08ae5036daf2ebbc186ec3,0a5989f608038de7eeba42007d5bf4760bdc3fbf2e08ae5036daf2ebbc186ec3,2084,2084,NSCR screen map,NSCR screen map
"포켓몬스터 하트골드 (Korea, IPKK, header ROM version 0)","포켓몬스터 소울실버 (Korea, IPGK, header ROM version 0)",/a/1/4/4,equal,68,68,,,e7d2f3f939bbaf147b9dd1ddc601f2a776569b4232978521c21b6e1c438cd87b,e7d2f3f939bbaf147b9dd1ddc601f2a776569b4232978521c21b6e1c438cd87b,4160,4160,NCGR graphics,NCGR graphics
"포켓몬스터 하트골드 (Korea, IPKK, header ROM version 0)","포켓몬스터 소울실버 (Korea, IPGK, header ROM version 0)",/a/1/4/4,equal,69,69,,,c6e4829da1bf7606b788d0d2d471c16e2223259ba86d796b83a17b41abeb5883,c6e4829da1bf7606b788d0d2d471c16e2223259ba86d796b83a17b41abeb5883,1572,1572,NSCR screen map,NSCR screen map
"포켓몬스터 하트골드 (Korea, IPKK, header ROM version 0)","포켓몬스터 소울실버 (Korea, IPGK, header ROM version 0)",/a/1/4/5,equal,0,0,,,c30780ac332a7765fdfe272b636164f9ca356473563e0e29944c6fa9a7a51949,c30780ac332a7765fdfe272b636164f9ca356473563e0e29944c6fa9a7a51949,600,600,NCLR palette,NCLR palette
"포켓몬스터 하트골드 (Korea, IPKK, header ROM version 0)","포켓몬스터 소울실버 (Korea, IPGK, header ROM version 0)",/a/1/4/5,equal,1,1,,,0701908220f89de0b4ab59effa887b06d846351efe7cbd3452f4599d0ba6ae66,0701908220f89de0b4ab59effa887b06d846351efe7cbd3452f4599d0ba6ae66,816,816,NCGR graphics,NCGR graphics
"포켓몬스터 하트골드 (Korea, IPKK, header ROM version 0)","포켓몬스터 소울실버 (Korea, IPGK, header ROM version 0)",/a/1/4/5,equal,2,2,,,96d86a37e75027d49a5969eda5222740fc2400bb8bb881825585e08680009c8e,96d86a37e75027d49a5969eda5222740fc2400bb8bb881825585e08680009c8e,396,396,NCER cell,NCER cell
"포켓몬스터 하트골드 (Korea, IPKK, header ROM version 0)","포켓몬스터 소울실버 (Korea, IPGK, header ROM version 0)",/a/1/4/5,equal,3,3,,,ca923f9747d39a0e9e70a3f5f3fe157379567c6dc1c7e069572315a675965c54,ca923f9747d39a0e9e70a3f5f3fe157379567c6dc1c7e069572315a675965c54,516,516,NANR animation,NANR animation
"포켓몬스터 하트골드 (Korea, IPKK, header ROM version 0)","포켓몬스터 소울실버 (Korea, IPGK, header ROM version 0)",/a/1/4/5,equal,4,4,,,5b9c28af263aa389d6b6cf106305c3207617890cb7ef9b4fd0da415a23f21e02,5b9c28af263aa389d6b6cf106305c3207617890cb7ef9b4fd0da415a23f21e02,430,430,NCLR palette,NCLR palette
"포켓몬스터 하트골드 (Korea, IPKK, header ROM version 0)","포켓몬스터 소울실버 (Korea, IPGK, header ROM version 0)",/a/1/4/5,equal,5,5,,,a3033c481335d3b9906d63b05bfd114e37a77b6493a00d434e57a013b67743a5,a3033c481335d3b9906d63b05bfd114e37a77b6493a00d434e57a013b67743a5,498,498,NCLR palette,NCLR palette
"포켓몬스터 하트골드 (Korea, IPKK, header ROM version 0)","포켓몬스터 소울실버 (Korea, IPGK, header ROM version 0)",/a/1/4/5,equal,6,6,,,46caa1e8ceb792485605b5fbd72ac9db5765abf9e4f625277e7a8f0dadda8ce6,46caa1e8ceb792485605b5fbd72ac9db5765abf9e4f625277e7a8f0dadda8ce6,498,498,NCLR palette,NCLR palette
"포켓몬스터 하트골드 (Korea, IPKK, header ROM version 0)","포켓몬스터 소울실버 (Korea, IPGK, header ROM version 0)",/a/1/4/5,equal,7,7,,,3939986f738e51807739aa67be411a9fdb95011be37a1beee918cc6107e0e442,3939986f738e51807739aa67be411a9fdb95011be37a1beee918cc6107e0e442,498,498,NCLR palette,NCLR palette
"포켓몬스터 하트골드 (Korea, IPKK, header ROM version 0)","포켓몬스터 소울실버 (Korea, IPGK, header ROM version 0)",/a/1/4/5,equal,8,8,,,ddd3002c8d11ded82ce57b29496f298b216501efee3f5b7c2b65d195a50c2698,ddd3002c8d11ded82ce57b29496f298b216501efee3f5b7c2b65d195a50c2698,328,328,NCLR palette,NCLR palette
"포켓몬스터 하트골드 (Korea, IPKK, header ROM version 0)","포켓몬스터 소울실버 (Korea, IPGK, header ROM version 0)",/a/1/4/5,equal,9,9,,,46ef4026645919f79f1bd1df2594c39a8d635b9d147fc464c1bd140ecca14bba,46ef4026645919f79f1bd1df2594c39a8d635b9d147fc464c1bd140ecca14bba,328,328,NCLR palette,NCLR palette
"포켓몬스터 하트골드 (Korea, IPKK, header ROM version 0)","포켓몬스터 소울실버 (Korea, IPGK, header ROM version 0)",/a/1/4/5,equal,10,10,,,7a9e5c7a2ccc8781dad8ad6658e551f3b1d2bdc8240c865c642c87771e839feb,7a9e5c7a2ccc8781dad8ad6658e551f3b1d2bdc8240c865c642c87771e839feb,4160,4160,NCGR graphics,NCGR graphics
"포켓몬스터 하트골드 (Korea, IPKK, header ROM version 0)","포켓몬스터 소울실버 (Korea, IPGK, header ROM version 0)",/a/1/4/5,equal,11,11,,,5f619e07ef16c9b14b9d3ce4d75c712c9366be6c6cf8d4a59c2fabb885452dd6,5f619e07ef16c9b14b9d3ce4d75c712c9366be6c6cf8d4a59c2fabb885452dd6,4160,4160,NCGR graphics,NCGR graphics
"포켓몬스터 하트골드 (Korea, IPKK, header ROM version 0)","포켓몬스터 소울실버 (Korea, IPGK, header ROM version 0)",/a/1/4/5,equal,12,12,,,43e5caefb39f35f5d297e25999d43d69bcdf3009f366154f7fe1ffd4bd492254,43e5caefb39f35f5d297e25999d43d69bcdf3009f366154f7fe1ffd4bd492254,4160,4160,NCGR graphics,NCGR graphics
"포켓몬스터 하트골드 (Korea, IPKK, header ROM version 0)","포켓몬스터 소울실버 (Korea, IPGK, header ROM version 0)",/a/1/4/5,equal,13,13,,,9b7681a32e98d84dc4b62624c82da9171910e5deffb39b648f1d73e23f1bfbb2,9b7681a32e98d84dc4b62624c82da9171910e5deffb39b648f1d73e23f1bfbb2,4160,4160,NCGR graphics,NCGR graphics
"포켓몬스터 하트골드 (Korea, IPKK, header ROM version 0)","포켓몬스터 소울실버 (Korea, IPGK, header ROM version 0)",/a/1/4/5,equal,14,14,,,bbe7505772b65a635f2f2c7bda1a74aa197d3eeec8241d11e25156cb9f0cd7b4,bbe7505772b65a635f2f2c7bda1a74aa197d3eeec8241d11e25156cb9f0cd7b4,32832,32832,NCGR graphics,NCGR graphics
"포켓몬스터 하트골드 (Korea, IPKK, header ROM version 0)","포켓몬스터 소울실버 (Korea, IPGK, header ROM version 0)",/a/1/4/5,equal,15,15,,,fd75d61e0292cccf7956a4a9a520988df919b31bca0b8ac2e15907241fe6dd7d,fd75d61e0292cccf7956a4a9a520988df919b31bca0b8ac2e15907241fe6dd7d,4160,4160,NCGR graphics,NCGR graphics
"포켓몬스터 하트골드 (Korea, IPKK, header ROM version 0)","포켓몬스터 소울실버 (Korea, IPGK, header ROM version 0)",/a/1/4/5,equal,16,16,,,ac01b5f43b98cea0459fbc209c644b4bb4dad7f4773f5278f3b18fe72651e47f,ac01b5f43b98cea0459fbc209c644b4bb4dad7f4773f5278f3b18fe72651e47f,1572,1572,NSCR screen map,NSCR screen map
"포켓몬스터 하트골드 (Korea, IPKK, header ROM version 0)","포켓몬스터 소울실버 (Korea, IPGK, header ROM version 0)",/a/1/4/5,equal,17,17,,,0eaa453cccb80cfa40a64ca4a930b74677ec7cfc95d14fa1394db7dc570c2152,0eaa453cccb80cfa40a64ca4a930b74677ec7cfc95d14fa1394db7dc570c2152,1572,1572,NSCR screen map,NSCR screen map
"포켓몬스터 하트골드 (Korea, IPKK, header ROM version 0)","포켓몬스터 소울실버 (Korea, IPGK, header ROM version 0)",/a/1/4/5,equal,18,18,,,cf90b09807bc0510ebcb34f99e1a107c1dbb125d31b28932e1a95c110aa3f110,cf90b09807bc0510ebcb34f99e1a107c1dbb125d31b28932e1a95c110aa3f110,1572,1572,NSCR screen map,NSCR screen map
"포켓몬스터 하트골드 (Korea, IPKK, header ROM version 0)","포켓몬스터 소울실버 (Korea, IPGK, header ROM version 0)",/a/1/4/5,equal,19,19,,,992e4a6c8b2dc034910eb8e980f9d8c3304751d46fd9607fed390c7eb4d1dea2,992e4a6c8b2dc034910eb8e980f9d8c3304751d46fd9607fed390c7eb4d1dea2,1572,1572,NSCR screen map,NSCR screen map
"포켓몬스터 하트골드 (Korea, IPKK, header ROM version 0)","포켓몬스터 소울실버 (Korea, IPGK, header ROM version 0)",/a/1/4/5,equal,20,20,,,bb2d9bfa13a92980d73ee71ec8ff7561c53f8a17cf014432829a807d814e9347,bb2d9bfa13a92980d73ee71ec8ff7561c53f8a17cf014432829a807d814e9347,1572,1572,NSCR screen map,NSCR screen map
"포켓몬스터 하트골드 (Korea, IPKK, header ROM version 0)","포켓몬스터 소울실버 (Korea, IPGK, header ROM version 0)",/a/1/4/5,equal,21,21,,,03b4b12e18eacc4dd482aa461a02d9e6b213dbfc25f47026b31a311687d26ebd,03b4b12e18eacc4dd482aa461a02d9e6b213dbfc25f47026b31a311687d26ebd,1572,1572,NSCR screen map,NSCR screen map
"포켓몬스터 하트골드 (Korea, IPKK, header ROM version 0)","포켓몬스터 소울실버 (Korea, IPGK, header ROM version 0)",/a/1/4/5,equal,22,22,,,82fcb20dd80e93347254b890e05d2739edc32254ccbd5ad4652bdf39205bed59,82fcb20dd80e93347254b890e05d2739edc32254ccbd5ad4652bdf39205bed59,308,308,NSCR screen map,NSCR screen map
"포켓몬스터 하트골드 (Korea, IPKK, header ROM version 0)","포켓몬스터 소울실버 (Korea, IPGK, header ROM version 0)",/a/1/4/5,equal,23,23,,,82fcb20dd80e93347254b890e05d2739edc32254ccbd5ad4652bdf39205bed59,82fcb20dd80e93347254b890e05d2739edc32254ccbd5ad4652bdf39205bed59,308,308,NSCR screen map,NSCR screen map
"포켓몬스터 하트골드 (Korea, IPKK, header ROM version 0)","포켓몬스터 소울실버 (Korea, IPGK, header ROM version 0)",/a/1/4/5,equal,24,24,,,60b30ea0bfd7ea3d4d528ef7bd329c3e643cc8b5b452986ce87027a43699f84b,60b30ea0bfd7ea3d4d528ef7bd329c3e643cc8b5b452986ce87027a43699f84b,308,308,NSCR screen map,NSCR screen map
"포켓몬스터 하트골드 (Korea, IPKK, header ROM version 0)","포켓몬스터 소울실버 (Korea, IPGK, header ROM version 0)",/a/1/4/5,equal,25,25,,,756253cea602bb9de425c8559ebe20d208ad3dab2a147ae82a2ba958645710ea,756253cea602bb9de425c8559ebe20d208ad3dab2a147ae82a2ba958645710ea,308,308,NSCR screen map,NSCR screen map
"포켓몬스터 하트골드 (Korea, IPKK, header ROM version 0)","포켓몬스터 소울실버 (Korea, IPGK, header ROM version 0)",/a/1/4/5,equal,26,26,,,82fcb20dd80e93347254b890e05d2739edc32254ccbd5ad4652bdf39205bed59,82fcb20dd80e93347254b890e05d2739edc32254ccbd5ad4652bdf39205bed59,308,308,NSCR screen map,NSCR screen map
"포켓몬스터 하트골드 (Korea, IPKK, header ROM version 0)","포켓몬스터 소울실버 (Korea, IPGK, header ROM version 0)",/a/1/4/5,equal,27,27,,,c058cb3018c80320eb9f14bb73fc5af051c35ee8dc2f38edce4cf149e7d5722f,c058cb3018c80320eb9f14bb73fc5af051c35ee8dc2f38edce4cf149e7d5722f,308,308,NSCR screen map,NSCR screen map
"포켓몬스터 하트골드 (Korea, IPKK, header ROM version 0)","포켓몬스터 소울실버 (Korea, IPGK, header ROM version 0)",/a/1/4/6,equal,0,0,,,8ae240e60d345fa4a6dc0910933b8537bc92dc1999ec7305b37539b088641f38,8ae240e60d345fa4a6dc0910933b8537bc92dc1999ec7305b37539b088641f38,464,464,NCLR palette,NCLR palette
"포켓몬스터 하트골드 (Korea, IPKK, header ROM version 0)","포켓몬스터 소울실버 (Korea, IPGK, header ROM version 0)",/a/1/4/6,equal,1,1,,,3629203107713bfc043392fbd8a57e9a9a6cc46e24867c84b47723d648372087,3629203107713bfc043392fbd8a57e9a9a6cc46e24867c84b47723d648372087,6320,6320,NCGR graphics,NCGR graphics
"포켓몬스터 하트골드 (Korea, IPKK, header ROM version 0)","포켓몬스터 소울실버 (Korea, IPGK, header ROM version 0)",/a/1/4/6,equal,2,2,,,48e4d9b35d31dfd0428ebc5c9ae42c8a1d4b2b7bd71f5f52721c153d1637cdef,48e4d9b35d31dfd0428ebc5c9ae42c8a1d4b2b7bd71f5f52721c153d1637cdef,643,643,NCER cell,NCER cell
"포켓몬스터 하트골드 (Korea, IPKK, header ROM version 0)","포켓몬스터 소울실버 (Korea, IPGK, header ROM version 0)",/a/1/4/6,equal,3,3,,,171a21a80d6e49c1188ad90058b05e95c0ececd877d0790289e3eac0952cf722,171a21a80d6e49c1188ad90058b05e95c0ececd877d0790289e3eac0952cf722,539,539,NANR animation,NANR animation
"포켓몬스터 하트골드 (Korea, IPKK, header ROM version 0)","포켓몬스터 소울실버 (Korea, IPGK, header ROM version 0)",/a/1/4/6,equal,4,4,,,88e3ca84acba1a1ff57fdcfae73388e03fe4ce7c903d5a5791a39bbbd57a2860,88e3ca84acba1a1ff57fdcfae73388e03fe4ce7c903d5a5791a39bbbd57a2860,430,430,NCLR palette,NCLR palette
"포켓몬스터 하트골드 (Korea, IPKK, header ROM version 0)","포켓몬스터 소울실버 (Korea, IPGK, header ROM version 0)",/a/1/4/6,equal,5,5,,,77fa409255e71f7be82c4e13a75f9a6f86259a839a81205505fb1c6f95ce1ef6,77fa409255e71f7be82c4e13a75f9a6f86259a839a81205505fb1c6f95ce1ef6,430,430,NCLR palette,NCLR palette
"포켓몬스터 하트골드 (Korea, IPKK, header ROM version 0)","포켓몬스터 소울실버 (Korea, IPGK, header ROM version 0)",/a/1/4/6,equal,6,6,,,8603b3f479021420f382045da176968478e584253656f14d7a29107f57e4fcd3,8603b3f479021420f382045da176968478e584253656f14d7a29107f57e4fcd3,430,430,NCLR palette,NCLR palette
"포켓몬스터 하트골드 (Korea, IPKK, header ROM version 0)","포켓몬스터 소울실버 (Korea, IPGK, header ROM version 0)",/a/1/4/6,equal,7,7,,,6f76f66444a5a4776832a07fa6f4b3d041cb8738b20518f4c3c5d4a2171512d2,6f76f66444a5a4776832a07fa6f4b3d041cb8738b20518f4c3c5d4a2171512d2,430,430,NCLR palette,NCLR palette
"포켓몬스터 하트골드 (Korea, IPKK, header ROM version 0)","포켓몬스터 소울실버 (Korea, IPGK, header ROM version 0)",/a/1/4/6,equal,8,8,,,79f660aa60cf935dc3dab41f4325fe4ae3d44ab74528030a920719ea2f0dbbe8,79f660aa60cf935dc3dab41f4325fe4ae3d44ab74528030a920719ea2f0dbbe8,430,430,NCLR palette,NCLR palette
"포켓몬스터 하트골드 (Korea, IPKK, header ROM version 0)","포켓몬스터 소울실버 (Korea, IPGK, header ROM version 0)",/a/1/4/6,equal,9,9,,,3fd2a1eea656622b4491d6b2a36e305500f524e82b4e03ee89946fa04cee436a,3fd2a1eea656622b4491d6b2a36e305500f524e82b4e03ee89946fa04cee436a,430,430,NCLR palette,NCLR palette
"포켓몬스터 하트골드 (Korea, IPKK, header ROM version 0)","포켓몬스터 소울실버 (Korea, IPGK, header ROM version 0)",/a/1/4/6,equal,10,10,,,ec1d81a6cce74c50a859689f81366dc06ce6f65bbb14686a432357fe740f5001,ec1d81a6cce74c50a859689f81366dc06ce6f65bbb14686a432357fe740f5001,532,532,NCLR palette,NCLR palette
"포켓몬스터 하트골드 (Korea, IPKK, header ROM version 0)","포켓몬스터 소울실버 (Korea, IPGK, header ROM version 0)",/a/1/4/6,equal,11,11,,,ad12c9e0c399a0a7c4f69435006a7ed9b674d428c82d6e45c17a48e14e661e36,ad12c9e0c399a0a7c4f69435006a7ed9b674d428c82d6e45c17a48e14e661e36,532,532,NCLR palette,NCLR palette
"포켓몬스터 하트골드 (Korea, IPKK, header ROM version 0)","포켓몬스터 소울실버 (Korea, IPGK, header ROM version 0)",/a/1/4/6,equal,12,12,,,28beeec86f2c2e740fd457d19178723150849da5f3b74182b290d689a8397d12,28beeec86f2c2e740fd457d19178723150849da5f3b74182b290d689a8397d12,532,532,NCLR palette,NCLR palette
"포켓몬스터 하트골드 (Korea, IPKK, header ROM version 0)","포켓몬스터 소울실버 (Korea, IPGK, header ROM version 0)",/a/1/4/6,equal,13,13,,,ff6d663c42b26671b373f23faf62b842f097372e8432b518d1ae356b7c84fb7f,ff6d663c42b26671b373f23faf62b842f097372e8432b518d1ae356b7c84fb7f,532,532,NCLR palette,NCLR palette
"포켓몬스터 하트골드 (Korea, IPKK, header ROM version 0)","포켓몬스터 소울실버 (Korea, IPGK, header ROM version 0)",/a/1/4/6,equal,14,14,,,1326c1da5e708d80af5d8d5fab9a717f573a20b6ade363d06f6008bf20b0d8fe,1326c1da5e708d80af5d8d5fab9a717f573a20b6ade363d06f6008bf20b0d8fe,532,532,NCLR palette,NCLR palette
"포켓몬스터 하트골드 (Korea, IPKK, header ROM version 0)","포켓몬스터 소울실버 (Korea, IPGK, header ROM version 0)",/a/1/4/6,equal,15,15,,,90ba247388dd35bc81d8d01df88ab79896d7e191238bb8d85e9d3e6c0db5a2fc,90ba247388dd35bc81d8d01df88ab79896d7e191238bb8d85e9d3e6c0db5a2fc,532,532,NCLR palette,NCLR palette
"포켓몬스터 하트골드 (Korea, IPKK, header ROM version 0)","포켓몬스터 소울실버 (Korea, IPGK, header ROM version 0)",/a/1/4/6,equal,16,16,,,8fe3e5fb013d44db8ef09d8c23eebdea2c36fc65b98d7b022f518b4288c8739b,8fe3e5fb013d44db8ef09d8c23eebdea2c36fc65b98d7b022f518b4288c8739b,1088,1088,NCGR graphics,NCGR graphics
"포켓몬스터 하트골드 (Korea, IPKK, header ROM version 0)","포켓몬스터 소울실버 (Korea, IPGK, header ROM version 0)",/a/1/4/6,equal,17,17,,,96ffbfb72e24438a2c106144dca9ed40a26743698c5f1569f2c1296b1e469c13,96ffbfb72e24438a2c106144dca9ed40a26743698c5f1569f2c1296b1e469c13,1088,1088,NCGR graphics,NCGR graphics
"포켓몬스터 하트골드 (Korea, IPKK, header ROM version 0)","포켓몬스터 소울실버 (Korea, IPGK, header ROM version 0)",/a/1/4/6,equal,18,18,,,77a9c47f2cdca4cc307b4d0f34083a818196093222552ae2529ac68a306c4b76,77a9c47f2cdca4cc307b4d0f34083a818196093222552ae2529ac68a306c4b76,1088,1088,NCGR graphics,NCGR graphics
"포켓몬스터 하트골드 (Korea, IPKK, header ROM version 0)","포켓몬스터 소울실버 (Korea, IPGK, header ROM version 0)",/a/1/4/6,equal,19,19,,,856efc5933d127b635cec56289862e2d36739e03741ec53f564228cfc1e98ae6,856efc5933d127b635cec56289862e2d36739e03741ec53f564228cfc1e98ae6,4160,4160,NCGR graphics,NCGR graphics
"포켓몬스터 하트골드 (Korea, IPKK, header ROM version 0)","포켓몬스터 소울실버 (Korea, IPGK, header ROM version 0)",/a/1/4/6,equal,20,20,,,c680e02d3e123583027ee8fb97004cf9b9bab30730d53570829793ed1efa2939,c680e02d3e123583027ee8fb97004cf9b9bab30730d53570829793ed1efa2939,2112,2112,NCGR graphics,NCGR graphics
"포켓몬스터 하트골드 (Korea, IPKK, header ROM version 0)","포켓몬스터 소울실버 (Korea, IPGK, header ROM version 0)",/a/1/4/6,equal,21,21,,,e8b30b1aec0477b8edb41618b54a072ea512e15ba39ef74d5afefd78b04b52dd,e8b30b1aec0477b8edb41618b54a072ea512e15ba39ef74d5afefd78b04b52dd,1088,1088,NCGR graphics,NCGR graphics
"포켓몬스터 하트골드 (Korea, IPKK, header ROM version 0)","포켓몬스터 소울실버 (Korea, IPGK, header ROM version 0)",/a/1/4/6,equal,22,22,,,347c8e866f26be62d88cef9864e2ca78baf44719ba678b8604d5738c4ca30078,347c8e866f26be62d88cef9864e2ca78baf44719ba678b8604d5738c4ca30078,1572,1572,NSCR screen map,NSCR screen map
"포켓몬스터 하트골드 (Korea, IPKK, header ROM version 0)","포켓몬스터 소울실버 (Korea, IPGK, header ROM version 0)",/a/1/4/6,equal,23,23,,,e3c3548944e894a73fe33702066bbab90b1b073d9f17c0e2ca5062708d2f8c02,e3c3548944e894a73fe33702066bbab90b1b073d9f17c0e2ca5062708d2f8c02,1572,1572,NSCR screen map,NSCR screen map
"포켓몬스터 하트골드 (Korea, IPKK, header ROM version 0)","포켓몬스터 소울실버 (Korea, IPGK, header ROM version 0)",/a/1/4/6,equal,24,24,,,9888eee2be2be47f508dce0bf23ac5a81daaf64721142b94c154733d2ee9e031,9888eee2be2be47f508dce0bf23ac5a81daaf64721142b94c154733d2ee9e031,1572,1572,NSCR screen map,NSCR screen map
"포켓몬스터 하트골드 (Korea, IPKK, header ROM version 0)","포켓몬스터 소울실버 (Korea, IPGK, header ROM version 0)",/a/1/4/6,equal,25,25,,,08a69d8407e34007d040ee2ec17dd066883c81069a759072610dc47e47203dfe,08a69d8407e34007d040ee2ec17dd066883c81069a759072610dc47e47203dfe,1572,1572,NSCR screen map,NSCR screen map
"포켓몬스터 하트골드 (Korea, IPKK, header ROM version 0)","포켓몬스터 소울실버 (Korea, IPGK, header ROM version 0)",/a/1/4/6,equal,26,26,,,4ca3113525d2d6bb8476f4144216993d5c75950a645cdf8e6bd4a09b226a9c53,4ca3113525d2d6bb8476f4144216993d5c75950a645cdf8e6bd4a09b226a9c53,1572,1572,NSCR screen map,NSCR screen map
"포켓몬스터 하트골드 (Korea, IPKK, header ROM version 0)","포켓몬스터 소울실버 (Korea, IPGK, header ROM version 0)",/a/1/4/6,equal,27,27,,,5171a70c7f31e8bef5fd489de2b22abbe9ae9f842ccdacfe8354988df1d17b14,5171a70c7f31e8bef5fd489de2b22abbe9ae9f842ccdacfe8354988df1d17b14,1572,1572,NSCR screen map,NSCR screen map
"포켓몬스터 하트골드 (Korea, IPKK, header ROM version 0)","포켓몬스터 소울실버 (Korea, IPGK, header ROM version 0)",/a/1/4/6,equal,28,28,,,8ad95cb7e5782655c9433dd36b5c5474e37d2ddff8b126185c08883b7b76ba8f,8ad95cb7e5782655c9433dd36b5c5474e37d2ddff8b126185c08883b7b76ba8f,4160,4160,NCGR graphics,NCGR graphics
"포켓몬스터 하트골드 (Korea, IPKK, header ROM version 0)","포켓몬스터 소울실버 (Korea, IPGK, header ROM version 0)",/a/1/4/6,equal,29,29,,,6817ebaec65b7cb70d3ecbd9432314c9486db1e3288a6358f4086dfe118deb25,6817ebaec65b7cb70d3ecbd9432314c9486db1e3288a6358f4086dfe118deb25,4160,4160,NCGR graphics,NCGR graphics
"포켓몬스터 하트골드 (Korea, IPKK, header ROM version 0)","포켓몬스터 소울실버 (Korea, IPGK, header ROM version 0)",/a/1/4/6,equal,30,30,,,104e045a2483892fccc97620b48042bf140ae3f6023c03840ea68334d9a0fdbf,104e045a2483892fccc97620b48042bf140ae3f6023c03840ea68334d9a0fdbf,3136,3136,NCGR graphics,NCGR graphics
"포켓몬스터 하트골드 (Korea, IPKK, header ROM version 0)","포켓몬스터 소울실버 (Korea, IPGK, header ROM version 0)",/a/1/4/6,equal,31,31,,,c90d8e2a104f4fc4bc5780c7803f728d4a24303335972f30551150ef799d8032,c90d8e2a104f4fc4bc5780c7803f728d4a24303335972f30551150ef799d8032,2112,2112,NCGR graphics,NCGR graphics
"포켓몬스터 하트골드 (Korea, IPKK, header ROM version 0)","포켓몬스터 소울실버 (Korea, IPGK, header ROM version 0)",/a/1/4/6,equal,32,32,,,a50ced4b4b4eee326f2b75ef60c58558388d46b1c89ca2e578af4b70b5c94659,a50ced4b4b4eee326f2b75ef60c58558388d46b1c89ca2e578af4b70b5c94659,4160,4160,NCGR graphics,NCGR graphics
"포켓몬스터 하트골드 (Korea, IPKK, header ROM version 0)","포켓몬스터 소울실버 (Korea, IPGK, header ROM version 0)",/a/1/4/6,equal,33,33,,,6bd25a2d8f5f52e4f79f6e6620dd5284c91e93e6eed585b13828ab1ef425873c,6bd25a2d8f5f52e4f79f6e6620dd5284c91e93e6eed585b13828ab1ef425873c,2112,2112,NCGR graphics,NCGR graphics
"포켓몬스터 하트골드 (Korea, IPKK, header ROM version 0)","포켓몬스터 소울실버 (Korea, IPGK, header ROM version 0)",/a/1/4/6,equal,34,34,,,54dfcef0ad8fffdc5fb76f72142c79c3522bce77529fd6698e462b95d617596d,54dfcef0ad8fffdc5fb76f72142c79c3522bce77529fd6698e462b95d617596d,2404,2404,NSCR screen map,NSCR screen map
"포켓몬스터 하트골드 (Korea, IPKK, header ROM version 0)","포켓몬스터 소울실버 (Korea, IPGK, header ROM version 0)",/a/1/4/6,equal,35,35,,,54dfcef0ad8fffdc5fb76f72142c79c3522bce77529fd6698e462b95d617596d,54dfcef0ad8fffdc5fb76f72142c79c3522bce77529fd6698e462b95d617596d,2404,2404,NSCR screen map,NSCR screen map
"포켓몬스터 하트골드 (Korea, IPKK, header ROM version 0)","포켓몬스터 소울실버 (Korea, IPGK, header ROM version 0)",/a/1/4/6,equal,36,36,,,91c29d2f0af06e4482887a69116c9f3a7211cddd14dd8a38139311f3b670897b,91c29d2f0af06e4482887a69116c9f3a7211cddd14dd8a38139311f3b670897b,2404,2404,NSCR screen map,NSCR screen map
"포켓몬스터 하트골드 (Korea, IPKK, header ROM version 0)","포켓몬스터 소울실버 (Korea, IPGK, header ROM version 0)",/a/1/4/6,equal,37,37,,,b802379767062c5e8209f6f1be3c8fbd7e09e5a2a25403afac225b9e119194ca,b802379767062c5e8209f6f1be3c8fbd7e09e5a2a25403afac225b9e119194ca,2404,2404,NSCR screen map,NSCR screen map
"포켓몬스터 하트골드 (Korea, IPKK, header ROM version 0)","포켓몬스터 소울실버 (Korea, IPGK, header ROM version 0)",/a/1/4/6,equal,38,38,,,29bc7d6d0008938b3839fffe39815032bb443cd1789844d49f4aca0b86b92051,29bc7d6d0008938b3839fffe39815032bb443cd1789844d49f4aca0b86b92051,2404,2404,NSCR screen map,NSCR screen map
"포켓몬스터 하트골드 (Korea, IPKK, header ROM version 0)","포켓몬스터 소울실버 (Korea, IPGK, header ROM version 0)",/a/1/4/6,equal,39,39,,,a5269df7f680129be30c8587cc1b5af303f5c562d99326e5cac6e74c459d9929,a5269df7f680129be30c8587cc1b5af303f5c562d99326e5cac6e74c459d9929,2404,2404,NSCR screen map,NSCR screen map
"포켓몬스터 하트골드 (Korea, IPKK, header ROM version 0)","포켓몬스터 소울실버 (Korea, IPGK, header ROM version 0)",/a/1/4/6,equal,40,40,,,f260b9125032c4ddb3c5122ee9e81371ae39ab60445d6febdbc5ac924d93e648,f260b9125032c4ddb3c5122ee9e81371ae39ab60445d6febdbc5ac924d93e648,24640,24640,NCGR graphics,NCGR graphics
"포켓몬스터 하트골드 (Korea, IPKK, header ROM version 0)","포켓몬스터 소울실버 (Korea, IPGK, header ROM version 0)",/a/1/4/6,equal,41,41,,,f260b9125032c4ddb3c5122ee9e81371ae39ab60445d6febdbc5ac924d93e648,f260b9125032c4ddb3c5122ee9e81371ae39ab60445d6febdbc5ac924d93e648,24640,24640,NCGR graphics,NCGR graphics
"포켓몬스터 하트골드 (Korea, IPKK, header ROM version 0)","포켓몬스터 소울실버 (Korea, IPGK, header ROM version 0)",/a/1/4/6,equal,42,42,,,f260b9125032c4ddb3c5122ee9e81371ae39ab60445d6febdbc5ac924d93e648,f260b9125032c4ddb3c5122ee9e81371ae39ab60445d6febdbc5ac924d93e648,24640,24640,NCGR graphics,NCGR graphics
"포켓몬스터 하트골드 (Korea, IPKK, header ROM version 0)","포켓몬스터 소울실버 (Korea, IPGK, header ROM version 0)",/a/1/4/6,equal,43,43,,,f260b9125032c4ddb3c5122ee9e81371ae39ab60445d6febdbc5ac924d93e648,f260b9125032c4ddb3c5122ee9e81371ae39ab60445d6febdbc5ac924d93e648,24640,24640,NCGR graphics,NCGR graphics
"포켓몬스터 하트골드 (Korea, IPKK, header ROM version 0)","포켓몬스터 소울실버 (Korea, IPGK, header ROM version 0)",/a/1/4/6,equal,44,44,,,f260b9125032c4ddb3c5122ee9e81371ae39ab60445d6febdbc5ac924d93e648,f260b9125032c4ddb3c5122ee9e81371ae39ab60445d6febdbc5ac924d93e648,24640,24640,NCGR graphics,NCGR graphics
"포켓몬스터 하트골드 (Korea, IPKK, header ROM version 0)","포켓몬스터 소울실버 (Korea, IPGK, header ROM version 0)",/a/1/4/6,equal,45,45,,,f260b9125032c4ddb3c5122ee9e81371ae39ab60445d6febdbc5ac924d93e648,f260b9125032c4ddb3c5122ee9e81371ae39ab60445d6febdbc5ac924d93e648,24640,24640,NCGR graphics,NCGR graphics
"포켓몬스터 하트골드 (Korea, IPKK, header ROM version 0)","포켓몬스터 소울실버 (Korea, IPGK, header ROM version 0)",/a/1/4/6,equal,46,46,,,6e82c9d27838fef182f3fdebc15741092a35e78347f6f443dcbf1d82b32b9516,6e82c9d27838fef182f3fdebc15741092a35e78347f6f443dcbf1d82b32b9516,2084,2084,NSCR screen map,NSCR screen map
"포켓몬스터 하트골드 (Korea, IPKK, header ROM version 0)","포켓몬스터 소울실버 (Korea, IPGK, header ROM version 0)",/a/1/4/6,equal,47,47,,,d6bc4e4bd7b5512769fa78d3f1843ad1518f0af035942c0f5e67130d5581f5c1,d6bc4e4bd7b5512769fa78d3f1843ad1518f0af035942c0f5e67130d5581f5c1,2084,2084,NSCR screen map,NSCR screen map
"포켓몬스터 하트골드 (Korea, IPKK, header ROM version 0)","포켓몬스터 소울실버 (Korea, IPGK, header ROM version 0)",/a/1/4/6,equal,48,48,,,d6bc4e4bd7b5512769fa78d3f1843ad1518f0af035942c0f5e67130d5581f5c1,d6bc4e4bd7b5512769fa78d3f1843ad1518f0af035942c0f5e67130d5581f5c1,2084,2084,NSCR screen map,NSCR screen map
"포켓몬스터 하트골드 (Korea, IPKK, header ROM version 0)","포켓몬스터 소울실버 (Korea, IPGK, header ROM version 0)",/a/1/4/6,equal,49,49,,,d6bc4e4bd7b5512769fa78d3f1843ad1518f0af035942c0f5e67130d5581f5c1,d6bc4e4bd7b5512769fa78d3f1843ad1518f0af035942c0f5e67130d5581f5c1,2084,2084,NSCR screen map,NSCR screen map
"포켓몬스터 하트골드 (Korea, IPKK, header ROM version 0)","포켓몬스터 소울실버 (Korea, IPGK, header ROM version 0)",/a/1/4/6,equal,50,50,,,d6bc4e4bd7b5512769fa78d3f1843ad1518f0af035942c0f5e67130d5581f5c1,d6bc4e4bd7b5512769fa78d3f1843ad1518f0af035942c0f5e67130d5581f5c1,2084,2084,NSCR screen map,NSCR screen map
"포켓몬스터 하트골드 (Korea, IPKK, header ROM version 0)","포켓몬스터 소울실버 (Korea, IPGK, header ROM version 0)",/a/1/4/6,equal,51,51,,,d6bc4e4bd7b5512769fa78d3f1843ad1518f0af035942c0f5e67130d5581f5c1,d6bc4e4bd7b5512769fa78d3f1843ad1518f0af035942c0f5e67130d5581f5c1,2084,2084,NSCR screen map,NSCR screen map
"포켓몬스터 하트골드 (Korea, IPKK, header ROM version 0)","포켓몬스터 소울실버 (Korea, IPGK, header ROM version 0)",/a/1/4/7,equal,0,0,,,91c0571210d74c165b333c829447ea947138d1060f20b3d4e009017c438662b1,91c0571210d74c165b333c829447ea947138d1060f20b3d4e009017c438662b1,600,600,NCLR palette,NCLR palette
"포켓몬스터 하트골드 (Korea, IPKK, header ROM version 0)","포켓몬스터 소울실버 (Korea, IPGK, header ROM version 0)",/a/1/4/7,equal,1,1,,,b0b653724534a63b6b16ed36870c399ffb08590f4c9a9fe3bc0c7fa69e9e83f3,b0b653724534a63b6b16ed36870c399ffb08590f4c9a9fe3bc0c7fa69e9e83f3,2416,2416,NCGR graphics,NCGR graphics
"포켓몬스터 하트골드 (Korea, IPKK, header ROM version 0)","포켓몬스터 소울실버 (Korea, IPGK, header ROM version 0)",/a/1/4/7,equal,2,2,,,824b1e81f0150feb1881633c3e9240cd78ef1be9fec752c1e759493fd8a9a0a2,824b1e81f0150feb1881633c3e9240cd78ef1be9fec752c1e759493fd8a9a0a2,399,399,NCER cell,NCER cell
"포켓몬스터 하트골드 (Korea, IPKK, header ROM version 0)","포켓몬스터 소울실버 (Korea, IPGK, header ROM version 0)",/a/1/4/7,equal,3,3,,,f28ea336a7d8c97317c04e09df0f66d3fe93198552cfb80aed89098b8b8ab90f,f28ea336a7d8c97317c04e09df0f66d3fe93198552cfb80aed89098b8b8ab90f,387,387,NANR animation,NANR animation
"포켓몬스터 하트골드 (Korea, IPKK, header ROM version 0)","포켓몬스터 소울실버 (Korea, IPGK, header ROM version 0)",/a/1/4/7,equal,4,4,,,f2b1ef7db2d80ad7f32dbf65a09b2a228f3ebdea101decaa83581995e30aa423,f2b1ef7db2d80ad7f32dbf65a09b2a228f3ebdea101decaa83581995e30aa423,600,600,NCLR palette,NCLR palette
"포켓몬스터 하트골드 (Korea, IPKK, header ROM version 0)","포켓몬스터 소울실버 (Korea, IPGK, header ROM version 0)",/a/1/4/7,equal,5,5,,,51e44a275fc16970b7bee953eb2685aebbfa2d46bb38f8e2660216c879bc2165,51e44a275fc16970b7bee953eb2685aebbfa2d46bb38f8e2660216c879bc2165,600,600,NCLR palette,NCLR palette
"포켓몬스터 하트골드 (Korea, IPKK, header ROM version 0)","포켓몬스터 소울실버 (Korea, IPGK, header ROM version 0)",/a/1/4/7,equal,6,6,,,feb4cc145593257c2f380397ee5e83f7c742489b3df9f59ff0a699fb744f955d,feb4cc145593257c2f380397ee5e83f7c742489b3df9f59ff0a699fb744f955d,600,600,NCLR palette,NCLR palette
"포켓몬스터 하트골드 (Korea, IPKK, header ROM version 0)","포켓몬스터 소울실버 (Korea, IPGK, header ROM version 0)",/a/1/4/7,equal,7,7,,,ddea050896f3dbb2a53716732ffad0dbb6bf0b241755e6331a470ff2251607f5,ddea050896f3dbb2a53716732ffad0dbb6bf0b241755e6331a470ff2251607f5,600,600,NCLR palette,NCLR palette
"포켓몬스터 하트골드 (Korea, IPKK, header ROM version 0)","포켓몬스터 소울실버 (Korea, IPGK, header ROM version 0)",/a/1/4/7,equal,8,8,,,e0059f747bf1ab37ae17c1b1d98611b5b12ee9701d07415965a6cebd66ef7a32,e0059f747bf1ab37ae17c1b1d98611b5b12ee9701d07415965a6cebd66ef7a32,600,600,NCLR palette,NCLR palette
"포켓몬스터 하트골드 (Korea, IPKK, header ROM version 0)","포켓몬스터 소울실버 (Korea, IPGK, header ROM version 0)",/a/1/4/7,equal,9,9,,,00a2d9763df1686230fb6fd0b6b596ad75d2cee71b12247c4c0635527925bf1e,00a2d9763df1686230fb6fd0b6b596ad75d2cee71b12247c4c0635527925bf1e,600,600,NCLR palette,NCLR palette
"포켓몬스터 하트골드 (Korea, IPKK, header ROM version 0)","포켓몬스터 소울실버 (Korea, IPGK, header ROM version 0)",/a/1/4/7,equal,10,10,,,c40a7fb018591fdb62cad28e0f1b90f7d2626a0525e3f87bc5295c9d53dc15a2,c40a7fb018591fdb62cad28e0f1b90f7d2626a0525e3f87bc5295c9d53dc15a2,600,600,NCLR palette,NCLR palette
"포켓몬스터 하트골드 (Korea, IPKK, header ROM version 0)","포켓몬스터 소울실버 (Korea, IPGK, header ROM version 0)",/a/1/4/7,equal,11,11,,,4e1371cb5d60fa09f5f1ee5e9d1f07d9101c9173f7e0266949e967b35fb939b6,4e1371cb5d60fa09f5f1ee5e9d1f07d9101c9173f7e0266949e967b35fb939b6,600,600,NCLR palette,NCLR palette
"포켓몬스터 하트골드 (Korea, IPKK, header ROM version 0)","포켓몬스터 소울실버 (Korea, IPGK, header ROM version 0)",/a/1/4/7,equal,12,12,,,0d516f6d8e93b760b06a764af9acceb9fc544de0142795b717b787436dca87e3,0d516f6d8e93b760b06a764af9acceb9fc544de0142795b717b787436dca87e3,600,600,NCLR palette,NCLR palette
"포켓몬스터 하트골드 (Korea, IPKK, header ROM version 0)","포켓몬스터 소울실버 (Korea, IPGK, header ROM version 0)",/a/1/4/7,equal,13,13,,,b7934d9cf7c7baa5eb434164e51e660ae46ca0a9e471acba1ec31205e0039e78,b7934d9cf7c7baa5eb434164e51e660ae46ca0a9e471acba1ec31205e0039e78,600,600,NCLR palette,NCLR palette
"포켓몬스터 하트골드 (Korea, IPKK, header ROM version 0)","포켓몬스터 소울실버 (Korea, IPGK, header ROM version 0)",/a/1/4/7,equal,14,14,,,2d120a4b5bd1c496c6fadf21e9c3a37f71ef646239c5a6dfc74bbea53751d9f9,2d120a4b5bd1c496c6fadf21e9c3a37f71ef646239c5a6dfc74bbea53751d9f9,600,600,NCLR palette,NCLR palette
"포켓몬스터 하트골드 (Korea, IPKK, header ROM version 0)","포켓몬스터 소울실버 (Korea, IPGK, header ROM version 0)",/a/1/4/7,equal,15,15,,,09fdb2e134958ffc7dfd095e2606a0e49087558d4146fcaccb0ef9283fd26d96,09fdb2e134958ffc7dfd095e2606a0e49087558d4146fcaccb0ef9283fd26d96,600,600,NCLR palette,NCLR palette
"포켓몬스터 하트골드 (Korea, IPKK, header ROM version 0)","포켓몬스터 소울실버 (Korea, IPGK, header ROM version 0)",/a/1/4/7,equal,16,16,,,d9ebfce3b450da7a85156c14e0829287d8ac2d0bd423b2dd16cedd1ff58b6f16,d9ebfce3b450da7a85156c14e0829287d8ac2d0bd423b2dd16cedd1ff58b6f16,4160,4160,NCGR graphics,NCGR graphics
"포켓몬스터 하트골드 (Korea, IPKK, header ROM version 0)","포켓몬스터 소울실버 (Korea, IPGK, header ROM version 0)",/a/1/4/7,equal,17,17,,,2d49f7b509752f49b865789039474f509a46d2aac80872d97784b52634627c8f,2d49f7b509752f49b865789039474f509a46d2aac80872d97784b52634627c8f,4160,4160,NCGR graphics,NCGR graphics
"포켓몬스터 하트골드 (Korea, IPKK, header ROM version 0)","포켓몬스터 소울실버 (Korea, IPGK, header ROM version 0)",/a/1/4/7,equal,18,18,,,c6d98bef04b7d47ca6b4453ebec8d66edae40f597e6cf73fea200dff96db02b4,c6d98bef04b7d47ca6b4453ebec8d66edae40f597e6cf73fea200dff96db02b4,3136,3136,NCGR graphics,NCGR graphics
"포켓몬스터 하트골드 (Korea, IPKK, header ROM version 0)","포켓몬스터 소울실버 (Korea, IPGK, header ROM version 0)",/a/1/4/7,equal,19,19,,,97141724b777f0d2ebaafb2434d0ce09a4bd2689968f12f1bcca8088fcde9e25,97141724b777f0d2ebaafb2434d0ce09a4bd2689968f12f1bcca8088fcde9e25,3136,3136,NCGR graphics,NCGR graphics
"포켓몬스터 하트골드 (Korea, IPKK, header ROM version 0)","포켓몬스터 소울실버 (Korea, IPGK, header ROM version 0)",/a/1/4/7,equal,20,20,,,a48c3a3d1abb8e3eea8d1025f360920a1c2569dc1c1e8cd3c5c3d9604de022a8,a48c3a3d1abb8e3eea8d1025f360920a1c2569dc1c1e8cd3c5c3d9604de022a8,5184,5184,NCGR graphics,NCGR graphics
"포켓몬스터 하트골드 (Korea, IPKK, header ROM version 0)","포켓몬스터 소울실버 (Korea, IPGK, header ROM version 0)",/a/1/4/7,equal,21,21,,,9fbfea34337f93c93618adad425008c2c390b8dde83c130d6bdef30a0d18b4d6,9fbfea34337f93c93618adad425008c2c390b8dde83c130d6bdef30a0d18b4d6,4160,4160,NCGR graphics,NCGR graphics
"포켓몬스터 하트골드 (Korea, IPKK, header ROM version 0)","포켓몬스터 소울실버 (Korea, IPGK, header ROM version 0)",/a/1/4/7,equal,22,22,,,7c1cf910c966305359bdb38a8caac32c13f3a9cf7df5876b9b6925525d058e39,7c1cf910c966305359bdb38a8caac32c13f3a9cf7df5876b9b6925525d058e39,2468,2468,NSCR screen map,NSCR screen map
"포켓몬스터 하트골드 (Korea, IPKK, header ROM version 0)","포켓몬스터 소울실버 (Korea, IPGK, header ROM version 0)",/a/1/4/7,equal,23,23,,,7c1cf910c966305359bdb38a8caac32c13f3a9cf7df5876b9b6925525d058e39,7c1cf910c966305359bdb38a8caac32c13f3a9cf7df5876b9b6925525d058e39,2468,2468,NSCR screen map,NSCR screen map
"포켓몬스터 하트골드 (Korea, IPKK, header ROM version 0)","포켓몬스터 소울실버 (Korea, IPGK, header ROM version 0)",/a/1/4/7,equal,24,24,,,07abca4cf84aba22848aaa7ab86dc5d7a36842699652aee1078027ceb01eebff,07abca4cf84aba22848aaa7ab86dc5d7a36842699652aee1078027ceb01eebff,2468,2468,NSCR screen map,NSCR screen map
"포켓몬스터 하트골드 (Korea, IPKK, header ROM version 0)","포켓몬스터 소울실버 (Korea, IPGK, header ROM version 0)",/a/1/4/7,equal,25,25,,,565de8a5504d7dd086d36640cff811421d8b6474ecb72eae17d90dd15d0e9abb,565de8a5504d7dd086d36640cff811421d8b6474ecb72eae17d90dd15d0e9abb,2468,2468,NSCR screen map,NSCR screen map
"포켓몬스터 하트골드 (Korea, IPKK, header ROM version 0)","포켓몬스터 소울실버 (Korea, IPGK, header ROM version 0)",/a/1/4/7,equal,26,26,,,b5af2e4c56ff5eb712dc57b3a88be11709eb5d1c73efd8c99c7f4516b8b9df45,b5af2e4c56ff5eb712dc57b3a88be11709eb5d1c73efd8c99c7f4516b8b9df45,2468,2468,NSCR screen map,NSCR screen map
"포켓몬스터 하트골드 (Korea, IPKK, header ROM version 0)","포켓몬스터 소울실버 (Korea, IPGK, header ROM version 0)",/a/1/4/7,equal,27,27,,,104d935630986c6d0f5464c17a0685f03adfe7739a8f5232cfee0aff055f7b7b,104d935630986c6d0f5464c17a0685f03adfe7739a8f5232cfee0aff055f7b7b,2468,2468,NSCR screen map,NSCR screen map
"포켓몬스터 하트골드 (Korea, IPKK, header ROM version 0)","포켓몬스터 소울실버 (Korea, IPGK, header ROM version 0)",/a/1/4/7,equal,28,28,,,64322f04c4d91f9d6aa93bef72d3354004f7cb2e9ae83caa66fe1bd19464e383,64322f04c4d91f9d6aa93bef72d3354004f7cb2e9ae83caa66fe1bd19464e383,1572,1572,NSCR screen map,NSCR screen map
"포켓몬스터 하트골드 (Korea, IPKK, header ROM version 0)","포켓몬스터 소울실버 (Korea, IPGK, header ROM version 0)",/a/1/4/7,equal,29,29,,,64322f04c4d91f9d6aa93bef72d3354004f7cb2e9ae83caa66fe1bd19464e383,64322f04c4d91f9d6aa93bef72d3354004f7cb2e9ae83caa66fe1bd19464e383,1572,1572,NSCR screen map,NSCR screen map
"포켓몬스터 하트골드 (Korea, IPKK, header ROM version 0)","포켓몬스터 소울실버 (Korea, IPGK, header ROM version 0)",/a/1/4/7,equal,30,30,,,64322f04c4d91f9d6aa93bef72d3354004f7cb2e9ae83caa66fe1bd19464e383,64322f04c4d91f9d6aa93bef72d3354004f7cb2e9ae83caa66fe1bd19464e383,1572,1572,NSCR screen map,NSCR screen map
"포켓몬스터 하트골드 (Korea, IPKK, header ROM version 0)","포켓몬스터 소울실버 (Korea, IPGK, header ROM version 0)",/a/1/4/7,equal,31,31,,,6a27fcc5567aabd8eb827bcb9ab2dff58eef5abb48815e9094607e3ca14c31ca,6a27fcc5567aabd8eb827bcb9ab2dff58eef5abb48815e9094607e3ca14c31ca,1572,1572,NSCR screen map,NSCR screen map
"포켓몬스터 하트골드 (Korea, IPKK, header ROM version 0)","포켓몬스터 소울실버 (Korea, IPGK, header ROM version 0)",/a/1/4/7,equal,32,32,,,64322f04c4d91f9d6aa93bef72d3354004f7cb2e9ae83caa66fe1bd19464e383,64322f04c4d91f9d6aa93bef72d3354004f7cb2e9ae83caa66fe1bd19464e383,1572,1572,NSCR screen map,NSCR screen map
"포켓몬스터 하트골드 (Korea, IPKK, header ROM version 0)","포켓몬스터 소울실버 (Korea, IPGK, header ROM version 0)",/a/1/4/7,equal,33,33,,,5acbdd174ab9bbe62e7103224fc3c11bba5f601ff4e536a934cf206d0f13e8a5,5acbdd174ab9bbe62e7103224fc3c11bba5f601ff4e536a934cf206d0f13e8a5,1572,1572,NSCR screen map,NSCR screen map
"포켓몬스터 하트골드 (Korea, IPKK, header ROM version 0)","포켓몬스터 소울실버 (Korea, IPGK, header ROM version 0)",/a/1/4/7,equal,34,34,,,eadd216049a09e091ccc278df6b89a193f184a1487537d4cbfe60dfd046dea71,eadd216049a09e091ccc278df6b89a193f184a1487537d4cbfe60dfd046dea71,1088,1088,NCGR graphics,NCGR graphics
"포켓몬스터 하트골드 (Korea, IPKK, header ROM version 0)","포켓몬스터 소울실버 (Korea, IPGK, header ROM version 0)",/a/1/4/7,equal,35,35,,,7ffd46e0a1402bf7e6e1ea1db68f3abecec2a92ab7f9266a0f60ad33b4bd85fb,7ffd46e0a1402bf7e6e1ea1db68f3abecec2a92ab7f9266a0f60ad33b4bd85fb,1088,1088,NCGR graphics,NCGR graphics
"포켓몬스터 하트골드 (Korea, IPKK, header ROM version 0)","포켓몬스터 소울실버 (Korea, IPGK, header ROM version 0)",/a/1/4/7,equal,36,36,,,c99fa011d7d650bae7ec568051ec7900753865e935b3e0fc2a27a6041fafd07d,c99fa011d7d650bae7ec568051ec7900753865e935b3e0fc2a27a6041fafd07d,1088,1088,NCGR graphics,NCGR graphics
"포켓몬스터 하트골드 (Korea, IPKK, header ROM version 0)","포켓몬스터 소울실버 (Korea, IPGK, header ROM version 0)",/a/1/4/7,equal,37,37,,,bca483a0be20668268ddb07a6e67f95d0f9966b97319cebd399bdace020484b5,bca483a0be20668268ddb07a6e67f95d0f9966b97319cebd399bdace020484b5,1088,1088,NCGR graphics,NCGR graphics
"포켓몬스터 하트골드 (Korea, IPKK, header ROM version 0)","포켓몬스터 소울실버 (Korea, IPGK, header ROM version 0)",/a/1/4/7,equal,38,38,,,497c339ba2cdc4bb4601085a3fae6abe6d3c2d142df02f47ff1f413b6ee4d598,497c339ba2cdc4bb4601085a3fae6abe6d3c2d142df02f47ff1f413b6ee4d598,2112,2112,NCGR graphics,NCGR graphics
"포켓몬스터 하트골드 (Korea, IPKK, header ROM version 0)","포켓몬스터 소울실버 (Korea, IPGK, header ROM version 0)",/a/1/4/7,equal,39,39,,,a4072cc1a56c2cc61f4eddddeb383cf57ab290ceaceed898384cb4c6b8776b20,a4072cc1a56c2cc61f4eddddeb383cf57ab290ceaceed898384cb4c6b8776b20,1088,1088,NCGR graphics,NCGR graphics
"포켓몬스터 하트골드 (Korea, IPKK, header ROM version 0)","포켓몬스터 소울실버 (Korea, IPGK, header ROM version 0)",/a/1/4/7,equal,40,40,,,60d8686f2b13b80cc2eb2105576bf26d3d135ada8e33aea040baa053c3c76dc6,60d8686f2b13b80cc2eb2105576bf26d3d135ada8e33aea040baa053c3c76dc6,1572,1572,NSCR screen map,NSCR screen map
"포켓몬스터 하트골드 (Korea, IPKK, header ROM version 0)","포켓몬스터 소울실버 (Korea, IPGK, header ROM version 0)",/a/1/4/7,equal,41,41,,,10f64ab0a343bd573c9250c40e291cd3f2871307c8fa3dd825b0e6f05f06b34e,10f64ab0a343bd573c9250c40e291cd3f2871307c8fa3dd825b0e6f05f06b34e,1572,1572,NSCR screen map,NSCR screen map
"포켓몬스터 하트골드 (Korea, IPKK, header ROM version 0)","포켓몬스터 소울실버 (Korea, IPGK, header ROM version 0)",/a/1/4/7,equal,42,42,,,9e3da83b4a79eea63cc161a241f9415b9dcb899c859fb35e8714a54b83250661,9e3da83b4a79eea63cc161a241f9415b9dcb899c859fb35e8714a54b83250661,1572,1572,NSCR screen map,NSCR screen map
"포켓몬스터 하트골드 (Korea, IPKK, header ROM version 0)","포켓몬스터 소울실버 (Korea, IPGK, header ROM version 0)",/a/1/4/7,equal,43,43,,,4d44784b2897c612c4728d14a3279f32c927a4cd52f7f0ec02dcbee594ee124f,4d44784b2897c612c4728d14a3279f32c927a4cd52f7f0ec02dcbee594ee124f,1572,1572,NSCR screen map,NSCR screen map
"포켓몬스터 하트골드 (Korea, IPKK, header ROM version 0)","포켓몬스터 소울실버 (Korea, IPGK, header ROM version 0)",/a/1/4/7,equal,44,44,,,76ee3b75daa9d0d471311a5f924e03f66769ce7f3669512982317c5d90b792fe,76ee3b75daa9d0d471311a5f924e03f66769ce7f3669512982317c5d90b792fe,1572,1572,NSCR screen map,NSCR screen map
"포켓몬스터 하트골드 (Korea, IPKK, header ROM version 0)","포켓몬스터 소울실버 (Korea, IPGK, header ROM version 0)",/a/1/4/7,equal,45,45,,,66c688bdbe840a742d8c8730eb5dfb02968601c3da53b3afbba3c7241bfaa1d4,66c688bdbe840a742d8c8730eb5dfb02968601c3da53b3afbba3c7241bfaa1d4,1572,1572,NSCR screen map,NSCR screen map
"포켓몬스터 하트골드 (Korea, IPKK, header ROM version 0)","포켓몬스터 소울실버 (Korea, IPGK, header ROM version 0)",/a/1/4/8,equal,0,0,,,8b2aaf318eb94bc2800c286e4ded39c15817626c40b67faa2507d85a5edec4da,8b2aaf318eb94bc2800c286e4ded39c15817626c40b67faa2507d85a5edec4da,1900,1900,NSBMD model,NSBMD model
"포켓몬스터 하트골드 (Korea, IPKK, header ROM version 0)","포켓몬스터 소울실버 (Korea, IPGK, header ROM version 0)",/a/1/4/8,equal,1,1,,,7b6d1656645ee20c888c160ac87ecc3e39a0eadb8399b095bd172b24ecd54ea2,7b6d1656645ee20c888c160ac87ecc3e39a0eadb8399b095bd172b24ecd54ea2,744,744,NSBMD model,NSBMD model
"포켓몬스터 하트골드 (Korea, IPKK, header ROM version 0)","포켓몬스터 소울실버 (Korea, IPGK, header ROM version 0)",/a/1/4/8,equal,2,2,,,d59cee2ae07cc7d3ac52d1c62c7a2cbeb4df14ba9c4ab4570aec34eaf54dc63e,d59cee2ae07cc7d3ac52d1c62c7a2cbeb4df14ba9c4ab4570aec34eaf54dc63e,744,744,NSBMD model,NSBMD model
"포켓몬스터 하트골드 (Korea, IPKK, header ROM version 0)","포켓몬스터 소울실버 (Korea, IPGK, header ROM version 0)",/a/1/4/8,equal,3,3,,,a55f41b4123e71a4eb7076fc39f36b3b24b344e9c1f7524098281b06e5ddea39,a55f41b4123e71a4eb7076fc39f36b3b24b344e9c1f7524098281b06e5ddea39,784,784,NSBMD model,NSBMD model
"포켓몬스터 하트골드 (Korea, IPKK, header ROM version 0)","포켓몬스터 소울실버 (Korea, IPGK, header ROM version 0)",/a/1/4/8,equal,4,4,,,bbe138d28c29aa10a287fa60ebcc06ba7999d7b425232225803f0f1c1b56de0a,bbe138d28c29aa10a287fa60ebcc06ba7999d7b425232225803f0f1c1b56de0a,724,724,NSBMD model,NSBMD model
"포켓몬스터 하트골드 (Korea, IPKK, header ROM version 0)","포켓몬스터 소울실버 (Korea, IPGK, header ROM version 0)",/a/1/4/8,equal,5,5,,,b65dc7e0431143a77fde852948fa54d81cc3aca39c4acf24f4010debba340e56,b65dc7e0431143a77fde852948fa54d81cc3aca39c4acf24f4010debba340e56,1716,1716,NSBMD model,NSBMD model
"포켓몬스터 하트골드 (Korea, IPKK, header ROM version 0)","포켓몬스터 소울실버 (Korea, IPGK, header ROM version 0)",/a/1/4/8,equal,6,6,,,8cbfae27b83256c60e418c0452df4946fa321b43d89a93d6c7a88339c7ee994a,8cbfae27b83256c60e418c0452df4946fa321b43d89a93d6c7a88339c7ee994a,772,772,NSBMD model,NSBMD model
"포켓몬스터 하트골드 (Korea, IPKK, header ROM version 0)","포켓몬스터 소울실버 (Korea, IPGK, header ROM version 0)",/a/1/4/8,equal,7,7,,,4809d6064af68c18c1984706037eff765a08b08745c973089a7f987f3e509b1e,4809d6064af68c18c1984706037eff765a08b08745c973089a7f987f3e509b1e,2264,2264,NSBMD model,NSBMD model
"포켓몬스터 하트골드 (Korea, IPKK, header ROM version 0)","포켓몬스터 소울실버 (Korea, IPGK, header ROM version 0)",/a/1/4/8,equal,8,8,,,b119b66865d746e8f5633f61af834ed074f50c54e66a6cfab587576eb368e9f5,b119b66865d746e8f5633f61af834ed074f50c54e66a6cfab587576eb368e9f5,2276,2276,NSBMD model,NSBMD model
"포켓몬스터 하트골드 (Korea, IPKK, header ROM version 0)","포켓몬스터 소울실버 (Korea, IPGK, header ROM version 0)",/a/1/4/8,equal,9,9,,,16c080fe9d9672792952bd85c8141fca26558c357e5dd11762c8d672d2be138f,16c080fe9d9672792952bd85c8141fca26558c357e5dd11762c8d672d2be138f,3156,3156,NSBMD model,NSBMD model
"포켓몬스터 하트골드 (Korea, IPKK, header ROM version 0)","포켓몬스터 소울실버 (Korea, IPGK, header ROM version 0)",/a/1/4/8,equal,10,10,,,2fd8974f986e2318a73c47f579161295c69f44ffba7a2f7d0d47c566ea7862fe,2fd8974f986e2318a73c47f579161295c69f44ffba7a2f7d0d47c566ea7862fe,3164,3164,NSBMD model,NSBMD model
"포켓몬스터 하트골드 (Korea, IPKK, header ROM version 0)","포켓몬스터 소울실버 (Korea, IPGK, header ROM version 0)",/a/1/4/8,equal,11,11,,,64e72a3ed5d0deabbbc572647ff3d63344f6441e66b3721df490ae8554368c23,64e72a3ed5d0deabbbc572647ff3d63344f6441e66b3721df490ae8554368c23,5740,5740,NSBMD model,NSBMD model
"포켓몬스터 하트골드 (Korea, IPKK, header ROM version 0)","포켓몬스터 소울실버 (Korea, IPGK, header ROM version 0)",/a/1/4/8,equal,12,12,,,b268cb6137357108fa70a9c803ccb858f3c104d1fca9f50eb7cab46bc33d6318,b268cb6137357108fa70a9c803ccb858f3c104d1fca9f50eb7cab46bc33d6318,5764,5764,NSBMD model,NSBMD model
"포켓몬스터 하트골드 (Korea, IPKK, header ROM version 0)","포켓몬스터 소울실버 (Korea, IPGK, header ROM version 0)",/a/1/4/8,equal,13,13,,,da7c52e677d37e431cc4d238e02c59506b8962afc240d18fc6da5b23f2c8a444,da7c52e677d37e431cc4d238e02c59506b8962afc240d18fc6da5b23f2c8a444,5904,5904,NSBMD model,NSBMD model
"포켓몬스터 하트골드 (Korea, IPKK, header ROM version 0)","포켓몬스터 소울실버 (Korea, IPGK, header ROM version 0)",/a/1/4/8,equal,14,14,,,887d7c507c16fa509c8c616e0b4cce2fb6ee3ca332c61e714af027c62b4fb1d0,887d7c507c16fa509c8c616e0b4cce2fb6ee3ca332c61e714af027c62b4fb1d0,5904,5904,NSBMD model,NSBMD model
"포켓몬스터 하트골드 (Korea, IPKK, header ROM version 0)","포켓몬스터 소울실버 (Korea, IPGK, header ROM version 0)",/a/1/4/8,equal,15,15,,,070038a5c51bc21e6eaf53e4d7c68b9747b86ae454531b6b7354a1a13d0a104a,070038a5c51bc21e6eaf53e4d7c68b9747b86ae454531b6b7354a1a13d0a104a,900,900,NSBMD model,NSBMD model
"포켓몬스터 하트골드 (Korea, IPKK, header ROM version 0)","포켓몬스터 소울실버 (Korea, IPGK, header ROM version 0)",/a/1/4/8,equal,16,16,,,8e2e0fb960b6894f2bd7db0579d7de5afa61285ec74819fb94861b2af03eb1c3,8e2e0fb960b6894f2bd7db0579d7de5afa61285ec74819fb94861b2af03eb1c3,772,772,NSBMD model,NSBMD model
"포켓몬스터 하트골드 (Korea, IPKK, header ROM version 0)","포켓몬스터 소울실버 (Korea, IPGK, header ROM version 0)",/a/1/4/8,equal,17,17,,,308f3d31cfc7ee2c3c681d235784d873c74a1f7a05c2a3ea25a51adfe53bdb6f,308f3d31cfc7ee2c3c681d235784d873c74a1f7a05c2a3ea25a51adfe53bdb6f,3524,3524,NSBMD model,NSBMD model
"포켓몬스터 하트골드 (Korea, IPKK, header ROM version 0)","포켓몬스터 소울실버 (Korea, IPGK, header ROM version 0)",/a/1/4/8,equal,18,18,,,c6548ce3ab0781fbcbeae658de9244c3debfa901000f5ed5cc9b4e1b46b22938,c6548ce3ab0781fbcbeae658de9244c3debfa901000f5ed5cc9b4e1b46b22938,936,936,NSBMD model,NSBMD model
"포켓몬스터 하트골드 (Korea, IPKK, header ROM version 0)","포켓몬스터 소울실버 (Korea, IPGK, header ROM version 0)",/a/1/4/8,equal,19,19,,,5304733cf76347f8d417bb32f46bc49f6bfa07f7e317b0024a1e1c10ddf55e8b,5304733cf76347f8d417bb32f46bc49f6bfa07f7e317b0024a1e1c10ddf55e8b,2640,2640,NSBMD model,NSBMD model
"포켓몬스터 하트골드 (Korea, IPKK, header ROM version 0)","포켓몬스터 소울실버 (Korea, IPGK, header ROM version 0)",/a/1/4/8,equal,20,20,,,498006b3f7155b417c077bf62fed713301b62b94f70f818e4b811973a3eb364a,498006b3f7155b417c077bf62fed713301b62b94f70f818e4b811973a3eb364a,2188,2188,NSBMD model,NSBMD model
"포켓몬스터 하트골드 (Korea, IPKK, header ROM version 0)","포켓몬스터 소울실버 (Korea, IPGK, header ROM version 0)",/a/1/4/8,equal,21,21,,,23c5ad7b1686c10bfa740e70a5c66ce22e22ca906701e2d7a57ab985a08ab43c,23c5ad7b1686c10bfa740e70a5c66ce22e22ca906701e2d7a57ab985a08ab43c,1816,1816,NSBMD model,NSBMD model
"포켓몬스터 하트골드 (Korea, IPKK, header ROM version 0)","포켓몬스터 소울실버 (Korea, IPGK, header ROM version 0)",/a/1/4/8,equal,22,22,,,d70af41372135cd2710f2e7738d5331233722540ff585d0782428c9f52200916,d70af41372135cd2710f2e7738d5331233722540ff585d0782428c9f52200916,2176,2176,NSBMD model,NSBMD model
"포켓몬스터 하트골드 (Korea, IPKK, header ROM version 0)","포켓몬스터 소울실버 (Korea, IPGK, header ROM version 0)",/a/1/4/8,equal,23,23,,,862edd40072565b8f9edcf6957d5e3dea8bd181727483724faad1d4490e7fbd1,862edd40072565b8f9edcf6957d5e3dea8bd181727483724faad1d4490e7fbd1,2312,2312,NSBMD model,NSBMD model
"포켓몬스터 하트골드 (Korea, IPKK, header ROM version 0)","포켓몬스터 소울실버 (Korea, IPGK, header ROM version 0)",/a/1/4/8,equal,24,24,,,012658f2d92b187142e0828d133880d8b1e1b6c32a8eacb615dd5aa3b4d05937,012658f2d92b187142e0828d133880d8b1e1b6c32a8eacb615dd5aa3b4d05937,3412,3412,NSBMD model,NSBMD model
"포켓몬스터 하트골드 (Korea, IPKK, header ROM version 0)","포켓몬스터 소울실버 (Korea, IPGK, header ROM version 0)",/a/1/4/8,equal,25,25,,,923eae5c612db5df3b05ee621d19d427f3f55434db104a38806d6242e0725f5b,923eae5c612db5df3b05ee621d19d427f3f55434db104a38806d6242e0725f5b,3432,3432,NSBMD model,NSBMD model
"포켓몬스터 하트골드 (Korea, IPKK, header ROM version 0)","포켓몬스터 소울실버 (Korea, IPGK, header ROM version 0)",/a/1/4/8,equal,26,26,,,e5c716b85cae2cc5b8338f9e3c9ddf4361e662c91ce8914b4e93429988b778db,e5c716b85cae2cc5b8338f9e3c9ddf4361e662c91ce8914b4e93429988b778db,3468,3468,NSBMD model,NSBMD model
"포켓몬스터 하트골드 (Korea, IPKK, header ROM version 0)","포켓몬스터 소울실버 (Korea, IPGK, header ROM version 0)",/a/1/4/8,equal,27,27,,,3dceaf8c5b5e80369eb06b85adbe19b93e0284d5639814a33662bc7ff6944d2d,3dceaf8c5b5e80369eb06b85adbe19b93e0284d5639814a33662bc7ff6944d2d,2328,2328,NSBMD model,NSBMD model
"포켓몬스터 하트골드 (Korea, IPKK, header ROM version 0)","포켓몬스터 소울실버 (Korea, IPGK, header ROM version 0)",/a/1/4/8,equal,28,28,,,409f3d1911d8535bd09428e74d0df45a6ff642c29dcdd0b65707bf750d01189f,409f3d1911d8535bd09428e74d0df45a6ff642c29dcdd0b65707bf750d01189f,7456,7456,NSBMD model,NSBMD model
"포켓몬스터 하트골드 (Korea, IPKK, header ROM version 0)","포켓몬스터 소울실버 (Korea, IPGK, header ROM version 0)",/a/1/4/8,equal,29,29,,,460cf43acbfd07ecc3b80e89fcdc08c84bf6c5fe2234d42e88f139d6e588f34f,460cf43acbfd07ecc3b80e89fcdc08c84bf6c5fe2234d42e88f139d6e588f34f,2672,2672,NSBMD model,NSBMD model
"포켓몬스터 하트골드 (Korea, IPKK, header ROM version 0)","포켓몬스터 소울실버 (Korea, IPGK, header ROM version 0)",/a/1/4/8,equal,30,30,,,ef57ca46e6b1b46147475eb6ca131541022775625d9261917aca76196f498d2c,ef57ca46e6b1b46147475eb6ca131541022775625d9261917aca76196f498d2c,3152,3152,NSBMD model,NSBMD model
"포켓몬스터 하트골드 (Korea, IPKK, header ROM version 0)","포켓몬스터 소울실버 (Korea, IPGK, header ROM version 0)",/a/1/4/8,equal,31,31,,,c183d9bea060f7c1ccf6886261287490c65b695e7eaa623b5e5d50f28f54ee01,c183d9bea060f7c1ccf6886261287490c65b695e7eaa623b5e5d50f28f54ee01,3856,3856,NSBMD model,NSBMD model
"포켓몬스터 하트골드 (Korea, IPKK, header ROM version 0)","포켓몬스터 소울실버 (Korea, IPGK, header ROM version 0)",/a/1/4/8,equal,32,32,,,a735bfc96bc59741d084824dae75b2832a1bb78e3d36020ffbed8f99aa7cbd10,a735bfc96bc59741d084824dae75b2832a1bb78e3d36020ffbed8f99aa7cbd10,784,784,NSBMD model,NSBMD model
"포켓몬스터 하트골드 (Korea, IPKK, header ROM version 0)","포켓몬스터 소울실버 (Korea, IPGK, header ROM version 0)",/a/1/4/8,equal,33,33,,,c593ba505badaca84bae085ff312f9bd505c83558041d283065e0b0141e30ab7,c593ba505badaca84bae085ff312f9bd505c83558041d283065e0b0141e30ab7,2896,2896,NSBMD model,NSBMD model
"포켓몬스터 하트골드 (Korea, IPKK, header ROM version 0)","포켓몬스터 소울실버 (Korea, IPGK, header ROM version 0)",/a/1/4/8,equal,34,34,,,9042f88af4e3c17d3e7b7ad755c27a653a102c057f606829d4db251265856e02,9042f88af4e3c17d3e7b7ad755c27a653a102c057f606829d4db251265856e02,3124,3124,NSBMD model,NSBMD model
"포켓몬스터 하트골드 (Korea, IPKK, header ROM version 0)","포켓몬스터 소울실버 (Korea, IPGK, header ROM version 0)",/a/1/4/8,equal,35,35,,,8c1c33d24468e78f2f876455fc4e296d40cc3c121bf16298f993b144df6d0e89,8c1c33d24468e78f2f876455fc4e296d40cc3c121bf16298f993b144df6d0e89,3596,3596,NSBMD model,NSBMD model
"포켓몬스터 하트골드 (Korea, IPKK, header ROM version 0)","포켓몬스터 소울실버 (Korea, IPGK, header ROM version 0)",/a/1/4/8,equal,36,36,,,39138376cd3a222a25966f23d44893559545927f9618ca2db4b94b9d15aabb88,39138376cd3a222a25966f23d44893559545927f9618ca2db4b94b9d15aabb88,7564,7564,NSBMD model,NSBMD model
"포켓몬스터 하트골드 (Korea, IPKK, header ROM version 0)","포켓몬스터 소울실버 (Korea, IPGK, header ROM version 0)",/a/1/4/8,equal,37,37,,,3da85b1319eb52ce8518926fa572f4d327a1da9726ccaab2addcb6819a729419,3da85b1319eb52ce8518926fa572f4d327a1da9726ccaab2addcb6819a729419,2016,2016,NSBMD model,NSBMD model
"포켓몬스터 하트골드 (Korea, IPKK, header ROM version 0)","포켓몬스터 소울실버 (Korea, IPGK, header ROM version 0)",/a/1/4/8,equal,38,38,,,a7398a38c907c110fc1203b15193a436170c496e0cf4a0e298e451682c950fe6,a7398a38c907c110fc1203b15193a436170c496e0cf4a0e298e451682c950fe6,524,524,NSBMD model,NSBMD model
"포켓몬스터 하트골드 (Korea, IPKK, header ROM version 0)","포켓몬스터 소울실버 (Korea, IPGK, header ROM version 0)",/a/1/4/8,equal,39,39,,,787c9daaeff53ad5881c6debdebb274cfad011107917f3c0ec87461613c4e139,787c9daaeff53ad5881c6debdebb274cfad011107917f3c0ec87461613c4e139,2304,2304,NSBMD model,NSBMD model
"포켓몬스터 하트골드 (Korea, IPKK, header ROM version 0)","포켓몬스터 소울실버 (Korea, IPGK, header ROM version 0)",/a/1/4/8,equal,40,40,,,34935783b9b488d461a28aae2c403fc78dc86ba96e0e513d9c48cc0b5361ae91,34935783b9b488d461a28aae2c403fc78dc86ba96e0e513d9c48cc0b5361ae91,2488,2488,NSBMD model,NSBMD model
"포켓몬스터 하트골드 (Korea, IPKK, header ROM version 0)","포켓몬스터 소울실버 (Korea, IPGK, header ROM version 0)",/a/1/4/8,equal,41,41,,,3e45c76e72289acc95730d4019c6f850e2a5397c92fc448820cc650a321d9e43,3e45c76e72289acc95730d4019c6f850e2a5397c92fc448820cc650a321d9e43,1072,1072,NSBMD model,NSBMD model
"포켓몬스터 하트골드 (Korea, IPKK, header ROM version 0)","포켓몬스터 소울실버 (Korea, IPGK, header ROM version 0)",/a/1/4/8,equal,42,42,,,8ad003951a6d67759e7b41d9e4be04ba76203acb1e28c451e884c9084f4fbfd2,8ad003951a6d67759e7b41d9e4be04ba76203acb1e28c451e884c9084f4fbfd2,4972,4972,NSBMD model,NSBMD model
"포켓몬스터 하트골드 (Korea, IPKK, header ROM version 0)","포켓몬스터 소울실버 (Korea, IPGK, header ROM version 0)",/a/1/4/8,equal,43,43,,,6af0a02d435741bf58937e5be9c23b55814c556e20951ca9ecd3a1211fc34ae6,6af0a02d435741bf58937e5be9c23b55814c556e20951ca9ecd3a1211fc34ae6,2068,2068,NSBMD model,NSBMD model
"포켓몬스터 하트골드 (Korea, IPKK, header ROM version 0)","포켓몬스터 소울실버 (Korea, IPGK, header ROM version 0)",/a/1/4/8,equal,44,44,,,843b95013d1fb9ed1423c292ef345b6d08963e7f0865b123d3fde79496fa7682,843b95013d1fb9ed1423c292ef345b6d08963e7f0865b123d3fde79496fa7682,2044,2044,NSBMD model,NSBMD model
"포켓몬스터 하트골드 (Korea, IPKK, header ROM version 0)","포켓몬스터 소울실버 (Korea, IPGK, header ROM version 0)",/a/1/4/8,equal,45,45,,,5d2354958325e87c633db422dcaab3f01ea3aa634967f09279ba4a0622e5f292,5d2354958325e87c633db422dcaab3f01ea3aa634967f09279ba4a0622e5f292,3520,3520,NSBMD model,NSBMD model
"포켓몬스터 하트골드 (Korea, IPKK, header ROM version 0)","포켓몬스터 소울실버 (Korea, IPGK, header ROM version 0)",/a/1/4/8,equal,46,46,,,bdaebba807de3eaff380aef96cf505cb0cbc180db9e4e0bd6e4b793501e09d07,bdaebba807de3eaff380aef96cf505cb0cbc180db9e4e0bd6e4b793501e09d07,3520,3520,NSBMD model,NSBMD model
"포켓몬스터 하트골드 (Korea, IPKK, header ROM version 0)","포켓몬스터 소울실버 (Korea, IPGK, header ROM version 0)",/a/1/4/8,equal,47,47,,,b9dc83a88c692c4244932fb51cd8176584ac60a24d5b15eeb25d234026238aa5,b9dc83a88c692c4244932fb51cd8176584ac60a24d5b15eeb25d234026238aa5,3520,3520,NSBMD model,NSBMD model
"포켓몬스터 하트골드 (Korea, IPKK, header ROM version 0)","포켓몬스터 소울실버 (Korea, IPGK, header ROM version 0)",/a/1/4/8,equal,48,48,,,91afe7fe85df82abe0f86e5abb76a3ea945b206fab3b4283df65146cc61cdd90,91afe7fe85df82abe0f86e5abb76a3ea945b206fab3b4283df65146cc61cdd90,3048,3048,NSBMD model,NSBMD model
"포켓몬스터 하트골드 (Korea, IPKK, header ROM version 0)","포켓몬스터 소울실버 (Korea, IPGK, header ROM version 0)",/a/1/4/8,equal,49,49,,,d7203adbcecf7f0de481e55b746f6f2d90ee7c59547049a11ed6cd3ae8663b68,d7203adbcecf7f0de481e55b746f6f2d90ee7c59547049a11ed6cd3ae8663b68,3048,3048,NSBMD model,NSBMD model
"포켓몬스터 하트골드 (Korea, IPKK, header ROM version 0)","포켓몬스터 소울실버 (Korea, IPGK, header ROM version 0)",/a/1/4/8,equal,50,50,,,61b284afcb9f97297491cb3c4e1c378fc2891476259fa25dde16e6c70f9a3df7,61b284afcb9f97297491cb3c4e1c378fc2891476259fa25dde16e6c70f9a3df7,4808,4808,NSBMD model,NSBMD model
"포켓몬스터 하트골드 (Korea, IPKK, header ROM version 0)","포켓몬스터 소울실버 (Korea, IPGK, header ROM version 0)",/a/1/4/8,equal,51,51,,,11321544a26892f6409f0026e0bf798baaefa7ed7feed9604734bfc49c312207,11321544a26892f6409f0026e0bf798baaefa7ed7feed9604734bfc49c312207,704,704,NSBMD model,NSBMD model
"포켓몬스터 하트골드 (Korea, IPKK, header ROM version 0)","포켓몬스터 소울실버 (Korea, IPGK, header ROM version 0)",/a/1/4/8,equal,52,52,,,09a2451589fdea9f8a18f0b963790d0766834db38f74eb2a8da96a5fb7143fc2,09a2451589fdea9f8a18f0b963790d0766834db38f74eb2a8da96a5fb7143fc2,704,704,NSBMD model,NSBMD model
"포켓몬스터 하트골드 (Korea, IPKK, header ROM version 0)","포켓몬스터 소울실버 (Korea, IPGK, header ROM version 0)",/a/1/4/8,equal,53,53,,,977af359072903c9f2764347b2f5b890cb334a6c595947c09fab73c0b7574eee,977af359072903c9f2764347b2f5b890cb334a6c595947c09fab73c0b7574eee,936,936,NSBMD model,NSBMD model
"포켓몬스터 하트골드 (Korea, IPKK, header ROM version 0)","포켓몬스터 소울실버 (Korea, IPGK, header ROM version 0)",/a/1/4/8,equal,54,54,,,95be155df683eda98e6135f580a53ef90de90ec95edb83300b8c8708faa68d67,95be155df683eda98e6135f580a53ef90de90ec95edb83300b8c8708faa68d67,936,936,NSBMD model,NSBMD model
"포켓몬스터 하트골드 (Korea, IPKK, header ROM version 0)","포켓몬스터 소울실버 (Korea, IPGK, header ROM version 0)",/a/1/4/8,equal,55,55,,,b1e406d425e25fce764a47c52f235d3305f9fd26662f83e8765c8d3f4227c5e0,b1e406d425e25fce764a47c52f235d3305f9fd26662f83e8765c8d3f4227c5e0,936,936,NSBMD model,NSBMD model
"포켓몬스터 하트골드 (Korea, IPKK, header ROM version 0)","포켓몬스터 소울실버 (Korea, IPGK, header ROM version 0)",/a/1/4/8,equal,56,56,,,ad7c0ffa6a11bd6ac466bb00cef747ef4ffbfab77f407cfc6f3f85cc75842fab,ad7c0ffa6a11bd6ac466bb00cef747ef4ffbfab77f407cfc6f3f85cc75842fab,768,768,NSBMD model,NSBMD model
"포켓몬스터 하트골드 (Korea, IPKK, header ROM version 0)","포켓몬스터 소울실버 (Korea, IPGK, header ROM version 0)",/a/1/4/8,equal,57,57,,,ed249ad4997e77435ac0a2ce2526dc5d4f8ccd73f9904c4b756281149d5dfbf1,ed249ad4997e77435ac0a2ce2526dc5d4f8ccd73f9904c4b756281149d5dfbf1,768,768,NSBMD model,NSBMD model
"포켓몬스터 하트골드 (Korea, IPKK, header ROM version 0)","포켓몬스터 소울실버 (Korea, IPGK, header ROM version 0)",/a/1/4/8,equal,58,58,,,670dc8eea0242b82f32fc73c335fbaaa7063368642e39c250a89f7d039c75a13,670dc8eea0242b82f32fc73c335fbaaa7063368642e39c250a89f7d039c75a13,768,768,NSBMD model,NSBMD model
"포켓몬스터 하트골드 (Korea, IPKK, header ROM version 0)","포켓몬스터 소울실버 (Korea, IPGK, header ROM version 0)",/a/1/4/8,equal,59,59,,,1f253b052d026245638a1081aee69ec14370da7fd9e2913b5023bb745dda8aac,1f253b052d026245638a1081aee69ec14370da7fd9e2913b5023bb745dda8aac,812,812,NSBMD model,NSBMD model
"포켓몬스터 하트골드 (Korea, IPKK, header ROM version 0)","포켓몬스터 소울실버 (Korea, IPGK, header ROM version 0)",/a/1/4/8,equal,60,60,,,79bdbeeaf5e245908cac6de03fae85f0e505049a80286b9daac31be3f3aeb872,79bdbeeaf5e245908cac6de03fae85f0e505049a80286b9daac31be3f3aeb872,788,788,NSBMD model,NSBMD model
"포켓몬스터 하트골드 (Korea, IPKK, header ROM version 0)","포켓몬스터 소울실버 (Korea, IPGK, header ROM version 0)",/a/1/4/8,equal,61,61,,,188eed2106bb5a408425a73f7c8f72ea276fefb29eb70a20d860ce248e0e0407,188eed2106bb5a408425a73f7c8f72ea276fefb29eb70a20d860ce248e0e0407,952,952,NSBMD model,NSBMD model
"포켓몬스터 하트골드 (Korea, IPKK, header ROM version 0)","포켓몬스터 소울실버 (Korea, IPGK, header ROM version 0)",/a/1/4/8,equal,62,62,,,787d3c810e6f399b6c9aaf166e2edd9888babc94b34a4ae84ad7deb92260f49d,787d3c810e6f399b6c9aaf166e2edd9888babc94b34a4ae84ad7deb92260f49d,1988,1988,NSBMD model,NSBMD model
"포켓몬스터 하트골드 (Korea, IPKK, header ROM version 0)","포켓몬스터 소울실버 (Korea, IPGK, header ROM version 0)",/a/1/4/8,equal,63,63,,,1aa1eec1adac286800bd5ac50361b34f75402a49dd98e985c19db8d5129e83b8,1aa1eec1adac286800bd5ac50361b34f75402a49dd98e985c19db8d5129e83b8,4008,4008,NSBMD model,NSBMD model
"포켓몬스터 하트골드 (Korea, IPKK, header ROM version 0)","포켓몬스터 소울실버 (Korea, IPGK, header ROM version 0)",/a/1/4/8,equal,64,64,,,574c322806cf71f482f4226b335218fa228bc0aeedc63fd9f2da3c21c53f00ea,574c322806cf71f482f4226b335218fa228bc0aeedc63fd9f2da3c21c53f00ea,2428,2428,NSBMD model,NSBMD model
"포켓몬스터 하트골드 (Korea, IPKK, header ROM version 0)","포켓몬스터 소울실버 (Korea, IPGK, header ROM version 0)",/a/1/4/8,equal,65,65,,,ee18df1af38fb35ba83a7ad6a12bd9bd651d2d5a82bf76bf6c59c2794048b465,ee18df1af38fb35ba83a7ad6a12bd9bd651d2d5a82bf76bf6c59c2794048b465,2444,2444,NSBMD model,NSBMD model
"포켓몬스터 하트골드 (Korea, IPKK, header ROM version 0)","포켓몬스터 소울실버 (Korea, IPGK, header ROM version 0)",/a/1/4/8,equal,66,66,,,b80723ae1b417fcf69a63a6269a5e1b098e84ce2bfada4c28caebb71a148cd30,b80723ae1b417fcf69a63a6269a5e1b098e84ce2bfada4c28caebb71a148cd30,2444,2444,NSBMD model,NSBMD model
"포켓몬스터 하트골드 (Korea, IPKK, header ROM version 0)","포켓몬스터 소울실버 (Korea, IPGK, header ROM version 0)",/a/1/4/8,equal,67,67,,,49e82bcfcfa709f0efa2a403675affea4258b09a36e6dc1b41402d120c878d14,49e82bcfcfa709f0efa2a403675affea4258b09a36e6dc1b41402d120c878d14,2428,2428,NSBMD model,NSBMD model
"포켓몬스터 하트골드 (Korea, IPKK, header ROM version 0)","포켓몬스터 소울실버 (Korea, IPGK, header ROM version 0)",/a/1/4/8,equal,68,68,,,671670cf37f3785f6b08b37fb2fb23b94ca0060796f32157e29b0d4a0a2d76fb,671670cf37f3785f6b08b37fb2fb23b94ca0060796f32157e29b0d4a0a2d76fb,2444,2444,NSBMD model,NSBMD model
"포켓몬스터 하트골드 (Korea, IPKK, header ROM version 0)","포켓몬스터 소울실버 (Korea, IPGK, header ROM version 0)",/a/1/4/8,equal,69,69,,,32a32d0ea5156967b529f9eb850c01c0a3481678a26e98e6f68f6e8362198c91,32a32d0ea5156967b529f9eb850c01c0a3481678a26e98e6f68f6e8362198c91,2428,2428,NSBMD model,NSBMD model
"포켓몬스터 하트골드 (Korea, IPKK, header ROM version 0)","포켓몬스터 소울실버 (Korea, IPGK, header ROM version 0)",/a/1/4/8,equal,70,70,,,f3f54e9d1520e1473c3d8f06e4676e7855c8a3fc7d6ba3158bdab63162a9a2c7,f3f54e9d1520e1473c3d8f06e4676e7855c8a3fc7d6ba3158bdab63162a9a2c7,2444,2444,NSBMD model,NSBMD model
"포켓몬스터 하트골드 (Korea, IPKK, header ROM version 0)","포켓몬스터 소울실버 (Korea, IPGK, header ROM version 0)",/a/1/4/8,equal,71,71,,,417339448b9086c75d0808b83e3359e689cc34b4dbb288619f6dcbe3766d85b8,417339448b9086c75d0808b83e3359e689cc34b4dbb288619f6dcbe3766d85b8,2428,2428,NSBMD model,NSBMD model
"포켓몬스터 하트골드 (Korea, IPKK, header ROM version 0)","포켓몬스터 소울실버 (Korea, IPGK, header ROM version 0)",/a/1/4/8,equal,72,72,,,1da6c8cdf8f555bb2ec4938ea3a2bf6873857eaf6b1a01d178370ef5d830da69,1da6c8cdf8f555bb2ec4938ea3a2bf6873857eaf6b1a01d178370ef5d830da69,3992,3992,NSBMD model,NSBMD model
"포켓몬스터 하트골드 (Korea, IPKK, header ROM version 0)","포켓몬스터 소울실버 (Korea, IPGK, header ROM version 0)",/a/1/4/8,equal,73,73,,,10c2fafc34bab6cffc4b9538aae1bdcc576d063469bdd0ae9554577b72f7d3ee,10c2fafc34bab6cffc4b9538aae1bdcc576d063469bdd0ae9554577b72f7d3ee,3628,3628,NSBMD model,NSBMD model
"포켓몬스터 하트골드 (Korea, IPKK, header ROM version 0)","포켓몬스터 소울실버 (Korea, IPGK, header ROM version 0)",/a/1/4/8,equal,74,74,,,6bd97b0f96694047383e7de351a1a219db094fb6de9a9904c0ec069d202059b9,6bd97b0f96694047383e7de351a1a219db094fb6de9a9904c0ec069d202059b9,3152,3152,NSBMD model,NSBMD model
"포켓몬스터 하트골드 (Korea, IPKK, header ROM version 0)","포켓몬스터 소울실버 (Korea, IPGK, header ROM version 0)",/a/1/4/8,equal,75,75,,,2657a79d36aba2055bbd727e9399d09c64c97576cbdf030a199acb97e61a46b5,2657a79d36aba2055bbd727e9399d09c64c97576cbdf030a199acb97e61a46b5,936,936,NSBMD model,NSBMD model
"포켓몬스터 하트골드 (Korea, IPKK, header ROM version 0)","포켓몬스터 소울실버 (Korea, IPGK, header ROM version 0)",/a/1/4/8,equal,76,76,,,f4e2397cd3fe9e816f3bb8d94b52c890571d41c1cc2ba704ff2490b8f6ae4e8f,f4e2397cd3fe9e816f3bb8d94b52c890571d41c1cc2ba704ff2490b8f6ae4e8f,1600,1600,NSBMD model,NSBMD model
"포켓몬스터 하트골드 (Korea, IPKK, header ROM version 0)","포켓몬스터 소울실버 (Korea, IPGK, header ROM version 0)",/a/1/4/8,equal,77,77,,,4997311d84a5fe36f026bbfde1058623f02c7bd6ddb89cbc39efca986eef14a6,4997311d84a5fe36f026bbfde1058623f02c7bd6ddb89cbc39efca986eef14a6,1988,1988,NSBMD model,NSBMD model
"포켓몬스터 하트골드 (Korea, IPKK, header ROM version 0)","포켓몬스터 소울실버 (Korea, IPGK, header ROM version 0)",/a/1/4/8,equal,78,78,,,18c90f385d4f28b142200d287e63e3ee73ff1333a324b26d81c70c593fcc60c6,18c90f385d4f28b142200d287e63e3ee73ff1333a324b26d81c70c593fcc60c6,3432,3432,NSBMD model,NSBMD model
"포켓몬스터 하트골드 (Korea, IPKK, header ROM version 0)","포켓몬스터 소울실버 (Korea, IPGK, header ROM version 0)",/a/1/4/8,equal,79,79,,,9d63d943fa0f978d7219bba31cad38d3b1191d70e4eab256ba203a2e86f24c5d,9d63d943fa0f978d7219bba31cad38d3b1191d70e4eab256ba203a2e86f24c5d,3432,3432,NSBMD model,NSBMD model
"포켓몬스터 하트골드 (Korea, IPKK, header ROM version 0)","포켓몬스터 소울실버 (Korea, IPGK, header ROM version 0)",/a/1/4/8,equal,80,80,,,f8a107502a0546b00332c7df0058821801daf84fd4a20c009da23aadd2895007,f8a107502a0546b00332c7df0058821801daf84fd4a20c009da23aadd2895007,3432,3432,NSBMD model,NSBMD model
"포켓몬스터 하트골드 (Korea, IPKK, header ROM version 0)","포켓몬스터 소울실버 (Korea, IPGK, header ROM version 0)",/a/1/4/8,equal,81,81,,,8a1321d5c4ddde30259bc2393dc3b63c33ea8dbb8ddb2537c1c36ee730a3e545,8a1321d5c4ddde30259bc2393dc3b63c33ea8dbb8ddb2537c1c36ee730a3e545,2104,2104,NSBMD model,NSBMD model
"포켓몬스터 하트골드 (Korea, IPKK, header ROM version 0)","포켓몬스터 소울실버 (Korea, IPGK, header ROM version 0)",/a/1/4/8,equal,82,82,,,3d57a1203844d4b3b9e5fd20fe9e2f18b4f097e482eaff60e6e24b303f66cd0f,3d57a1203844d4b3b9e5fd20fe9e2f18b4f097e482eaff60e6e24b303f66cd0f,4876,4876,NSBMD model,NSBMD model
"포켓몬스터 하트골드 (Korea, IPKK, header ROM version 0)","포켓몬스터 소울실버 (Korea, IPGK, header ROM version 0)",/a/1/4/8,equal,83,83,,,096986341cb33c93b636f0643093b5a97508e807d3c2f1603b52313c98aae83f,096986341cb33c93b636f0643093b5a97508e807d3c2f1603b52313c98aae83f,1168,1168,NSBMD model,NSBMD model
"포켓몬스터 하트골드 (Korea, IPKK, header ROM version 0)","포켓몬스터 소울실버 (Korea, IPGK, header ROM version 0)",/a/1/4/8,equal,84,84,,,8da95c3fc18845f0b6adf1f931713781993dc4c52f78f46485ca1934bc24a2d8,8da95c3fc18845f0b6adf1f931713781993dc4c52f78f46485ca1934bc24a2d8,1168,1168,NSBMD model,NSBMD model
"포켓몬스터 하트골드 (Korea, IPKK, header ROM version 0)","포켓몬스터 소울실버 (Korea, IPGK, header ROM version 0)",/a/1/4/8,equal,85,85,,,4793a50863d62087363df9480a5a5482e65d6bc2a2188e52fd5fdc637e104202,4793a50863d62087363df9480a5a5482e65d6bc2a2188e52fd5fdc637e104202,2544,2544,NSBMD model,NSBMD model
"포켓몬스터 하트골드 (Korea, IPKK, header ROM version 0)","포켓몬스터 소울실버 (Korea, IPGK, header ROM version 0)",/a/1/4/8,equal,86,86,,,7c2978f22ce206d9f980f12e519762d943f88b6779dc6f3d496335a3a6cd5826,7c2978f22ce206d9f980f12e519762d943f88b6779dc6f3d496335a3a6cd5826,1604,1604,NSBMD model,NSBMD model
"포켓몬스터 하트골드 (Korea, IPKK, header ROM version 0)","포켓몬스터 소울실버 (Korea, IPGK, header ROM version 0)",/a/1/4/8,equal,87,87,,,b60ed3eee993d2ac56801401458b1824511919ba7b831f1b533e7507f87e80d2,b60ed3eee993d2ac56801401458b1824511919ba7b831f1b533e7507f87e80d2,8020,8020,NSBMD model,NSBMD model
"포켓몬스터 하트골드 (Korea, IPKK, header ROM version 0)","포켓몬스터 소울실버 (Korea, IPGK, header ROM version 0)",/a/1/4/8,equal,88,88,,,fda2cfb1fe7ec8b9e946fc6bd225cdcb3ec856c38d84b3ccd1e431ff05451615,fda2cfb1fe7ec8b9e946fc6bd225cdcb3ec856c38d84b3ccd1e431ff05451615,768,768,NSBMD model,NSBMD model
"포켓몬스터 하트골드 (Korea, IPKK, header ROM version 0)","포켓몬스터 소울실버 (Korea, IPGK, header ROM version 0)",/a/1/4/8,equal,89,89,,,92754f24011e8be1b7e40712f4cd0cafb4e91a3c0e04223e56891efc4472a18b,92754f24011e8be1b7e40712f4cd0cafb4e91a3c0e04223e56891efc4472a18b,2604,2604,NSBMD model,NSBMD model
"포켓몬스터 하트골드 (Korea, IPKK, header ROM version 0)","포켓몬스터 소울실버 (Korea, IPGK, header ROM version 0)",/a/1/4/8,equal,90,90,,,03119ba72f39b058f325c6b734e74c99afa5043a50176c5fa6c35caa41a8c2cf,03119ba72f39b058f325c6b734e74c99afa5043a50176c5fa6c35caa41a8c2cf,2604,2604,NSBMD model,NSBMD model
"포켓몬스터 하트골드 (Korea, IPKK, header ROM version 0)","포켓몬스터 소울실버 (Korea, IPGK, header ROM version 0)",/a/1/4/8,equal,91,91,,,7e01a542bf942c142ebfbff57588fc57a8609d607f76867637beb9fb046f0043,7e01a542bf942c142ebfbff57588fc57a8609d607f76867637beb9fb046f0043,2604,2604,NSBMD model,NSBMD model
"포켓몬스터 하트골드 (Korea, IPKK, header ROM version 0)","포켓몬스터 소울실버 (Korea, IPGK, header ROM version 0)",/a/1/4/8,equal,92,92,,,41fc3d014e3d65dfb2fd7ab6b146310bb8ce2b5d8dfae019e45a84086fb1a401,41fc3d014e3d65dfb2fd7ab6b146310bb8ce2b5d8dfae019e45a84086fb1a401,2604,2604,NSBMD model,NSBMD model
"포켓몬스터 하트골드 (Korea, IPKK, header ROM version 0)","포켓몬스터 소울실버 (Korea, IPGK, header ROM version 0)",/a/1/4/8,equal,93,93,,,3a0f9a901c4760f4963b2ae1818045e24cbf1797639f7de3630404ad5cb5ae1e,3a0f9a901c4760f4963b2ae1818045e24cbf1797639f7de3630404ad5cb5ae1e,2604,2604,NSBMD model,NSBMD model
"포켓몬스터 하트골드 (Korea, IPKK, header ROM version 0)","포켓몬스터 소울실버 (Korea, IPGK, header ROM version 0)",/a/1/4/8,equal,94,94,,,c10fe0773733e8803c1b7059a26dcc56b2cef75e1eb0ed5f45694fcf9c2d01e0,c10fe0773733e8803c1b7059a26dcc56b2cef75e1eb0ed5f45694fcf9c2d01e0,2604,2604,NSBMD model,NSBMD model
"포켓몬스터 하트골드 (Korea, IPKK, header ROM version 0)","포켓몬스터 소울실버 (Korea, IPGK, header ROM version 0)",/a/1/4/8,equal,95,95,,,e658f9614b2642ab25734d10aa9fbfab843e19d47e974170aa9c087d080db727,e658f9614b2642ab25734d10aa9fbfab843e19d47e974170aa9c087d080db727,2604,2604,NSBMD model,NSBMD model
"포켓몬스터 하트골드 (Korea, IPKK, header ROM version 0)","포켓몬스터 소울실버 (Korea, IPGK, header ROM version 0)",/a/1/4/8,equal,96,96,,,1717dd1b7291709197b8460b608c1c6b9c29fca87c4a9fe458ad623d8455836d,1717dd1b7291709197b8460b608c1c6b9c29fca87c4a9fe458ad623d8455836d,2604,2604,NSBMD model,NSBMD model
"포켓몬스터 하트골드 (Korea, IPKK, header ROM version 0)","포켓몬스터 소울실버 (Korea, IPGK, header ROM version 0)",/a/1/4/8,equal,97,97,,,9c9ca8e32d96f1886934fecd859c1a9917d7cb4dd604ff096ea0df1e01b10885,9c9ca8e32d96f1886934fecd859c1a9917d7cb4dd604ff096ea0df1e01b10885,2604,2604,NSBMD model,NSBMD model
"포켓몬스터 하트골드 (Korea, IPKK, header ROM version 0)","포켓몬스터 소울실버 (Korea, IPGK, header ROM version 0)",/a/1/4/8,equal,98,98,,,027d7bc53fa6b3fa239d86bb0f4ae9deacf931a06ae14546a5681cbebefa4967,027d7bc53fa6b3fa239d86bb0f4ae9deacf931a06ae14546a5681cbebefa4967,2604,2604,NSBMD model,NSBMD model
"포켓몬스터 하트골드 (Korea, IPKK, header ROM version 0)","포켓몬스터 소울실버 (Korea, IPGK, header ROM version 0)",/a/1/4/8,equal,99,99,,,e7b1636cf8b4cc2d338986abe40cbf3688474088fd8005d5f0ab8508e68cdfde,e7b1636cf8b4cc2d338986abe40cbf3688474088fd8005d5f0ab8508e68cdfde,2604,2604,NSBMD model,NSBMD model
"포켓몬스터 하트골드 (Korea, IPKK, header ROM version 0)","포켓몬스터 소울실버 (Korea, IPGK, header ROM version 0)",/a/1/4/8,equal,100,100,,,28bb1273b57ee2197fc057bee4aca5b147dcc5f64b1740f409b8aad79cd2c188,28bb1273b57ee2197fc057bee4aca5b147dcc5f64b1740f409b8aad79cd2c188,2604,2604,NSBMD model,NSBMD model
"포켓몬스터 하트골드 (Korea, IPKK, header ROM version 0)","포켓몬스터 소울실버 (Korea, IPGK, header ROM version 0)",/a/1/4/8,equal,101,101,,,7a77a92a93e0b8ac31c4d05d229af76179ae32f5608e80fc12229dbcb089bf84,7a77a92a93e0b8ac31c4d05d229af76179ae32f5608e80fc12229dbcb089bf84,3108,3108,NSBMD model,NSBMD model
"포켓몬스터 하트골드 (Korea, IPKK, header ROM version 0)","포켓몬스터 소울실버 (Korea, IPGK, header ROM version 0)",/a/1/4/8,equal,102,102,,,43a89824e19d791459fd9349133c5cb6ed6bd97e5f2c547b788186fd5e00c348,43a89824e19d791459fd9349133c5cb6ed6bd97e5f2c547b788186fd5e00c348,2884,2884,NSBMD model,NSBMD model
"포켓몬스터 하트골드 (Korea, IPKK, header ROM version 0)","포켓몬스터 소울실버 (Korea, IPGK, header ROM version 0)",/a/1/4/8,equal,103,103,,,e4ecc97ada145bef848d7237a20e03a44b93f71f768e92b2c0eb472f34ebca01,e4ecc97ada145bef848d7237a20e03a44b93f71f768e92b2c0eb472f34ebca01,2884,2884,NSBMD model,NSBMD model
"포켓몬스터 하트골드 (Korea, IPKK, header ROM version 0)","포켓몬스터 소울실버 (Korea, IPGK, header ROM version 0)",/a/1/4/8,equal,104,104,,,6aee4d715a12d79e84a8fec4eefa64c50cff1de43e563ef0411be844ee4fcd26,6aee4d715a12d79e84a8fec4eefa64c50cff1de43e563ef0411be844ee4fcd26,3108,3108,NSBMD model,NSBMD model
"포켓몬스터 하트골드 (Korea, IPKK, header ROM version 0)","포켓몬스터 소울실버 (Korea, IPGK, header ROM version 0)",/a/1/4/8,equal,105,105,,,a69fa42cb0c012e30f2f8bdb46aba346d4573218ccc1a49258469d759a443379,a69fa42cb0c012e30f2f8bdb46aba346d4573218ccc1a49258469d759a443379,2884,2884,NSBMD model,NSBMD model
"포켓몬스터 하트골드 (Korea, IPKK, header ROM version 0)","포켓몬스터 소울실버 (Korea, IPGK, header ROM version 0)",/a/1/4/8,equal,106,106,,,79d883e6045fafd78a5e020d9dd58add374692d19f53adbb47c6ec1929af2362,79d883e6045fafd78a5e020d9dd58add374692d19f53adbb47c6ec1929af2362,2884,2884,NSBMD model,NSBMD model
"포켓몬스터 하트골드 (Korea, IPKK, header ROM version 0)","포켓몬스터 소울실버 (Korea, IPGK, header ROM version 0)",/a/1/4/8,equal,107,107,,,0755d136d273c04d44ee62d7b41c0e90a41ccb4205744dbd6fc5364c5a25bf07,0755d136d273c04d44ee62d7b41c0e90a41ccb4205744dbd6fc5364c5a25bf07,1356,1356,NSBMD model,NSBMD model
"포켓몬스터 하트골드 (Korea, IPKK, header ROM version 0)","포켓몬스터 소울실버 (Korea, IPGK, header ROM version 0)",/a/1/4/8,equal,108,108,,,c362fc843d1a7fda3cfc685df1c1fba7180a20fa7fda114320e8210e29c48799,c362fc843d1a7fda3cfc685df1c1fba7180a20fa7fda114320e8210e29c48799,1152,1152,NSBMD model,NSBMD model
"포켓몬스터 하트골드 (Korea, IPKK, header ROM version 0)","포켓몬스터 소울실버 (Korea, IPGK, header ROM version 0)",/a/1/4/8,equal,109,109,,,bef95c797cf8bba73f9032324cccc4d2997bf2e3693676a6b5c05ba23ef722ee,bef95c797cf8bba73f9032324cccc4d2997bf2e3693676a6b5c05ba23ef722ee,1152,1152,NSBMD model,NSBMD model
"포켓몬스터 하트골드 (Korea, IPKK, header ROM version 0)","포켓몬스터 소울실버 (Korea, IPGK, header ROM version 0)",/a/1/4/8,equal,110,110,,,f8266e62e83c1ddd06c4a10957208f76094a1e325c3f8d63533fcd08eafe6173,f8266e62e83c1ddd06c4a10957208f76094a1e325c3f8d63533fcd08eafe6173,704,704,NSBMD model,NSBMD model
"포켓몬스터 하트골드 (Korea, IPKK, header ROM version 0)","포켓몬스터 소울실버 (Korea, IPGK, header ROM version 0)",/a/1/4/8,equal,111,111,,,80122e0f499d1a9722345650949278a4c508b4808f67c72d5593c7a5ce9402c2,80122e0f499d1a9722345650949278a4c508b4808f67c72d5593c7a5ce9402c2,12700,12700,NSBMD model,NSBMD model
"포켓몬스터 하트골드 (Korea, IPKK, header ROM version 0)","포켓몬스터 소울실버 (Korea, IPGK, header ROM version 0)",/a/1/4/8,equal,112,112,,,5fd4308ca1e60aa9aecc945e54ce7af763b78b955ed5fa65502bb8cdf0a58a26,5fd4308ca1e60aa9aecc945e54ce7af763b78b955ed5fa65502bb8cdf0a58a26,7544,7544,NSBMD model,NSBMD model
"포켓몬스터 하트골드 (Korea, IPKK, header ROM version 0)","포켓몬스터 소울실버 (Korea, IPGK, header ROM version 0)",/a/1/4/8,equal,113,113,,,5b379e79588144cd64b6d106e993c13ee7c6af82bca492c3928af7df091c3cb2,5b379e79588144cd64b6d106e993c13ee7c6af82bca492c3928af7df091c3cb2,69316,69316,NSBMD model,NSBMD model
"포켓몬스터 하트골드 (Korea, IPKK, header ROM version 0)","포켓몬스터 소울실버 (Korea, IPGK, header ROM version 0)",/a/1/4/8,equal,114,114,,,903ccc7f9e7e76e7c73dbcbac2f412c30279cd48f3fbe20265d876b02080fade,903ccc7f9e7e76e7c73dbcbac2f412c30279cd48f3fbe20265d876b02080fade,1968,1968,NSBMD model,NSBMD model
"포켓몬스터 하트골드 (Korea, IPKK, header ROM version 0)","포켓몬스터 소울실버 (Korea, IPGK, header ROM version 0)",/a/1/4/8,equal,115,115,,,596e7ccfd91f01f24ff0a4e69d6ca45a179e22a78aeb502efe826d3b45791efc,596e7ccfd91f01f24ff0a4e69d6ca45a179e22a78aeb502efe826d3b45791efc,2576,2576,NSBMD model,NSBMD model
"포켓몬스터 하트골드 (Korea, IPKK, header ROM version 0)","포켓몬스터 소울실버 (Korea, IPGK, header ROM version 0)",/a/1/4/8,equal,116,116,,,1f87a606326b3c18a6e48bc6f575b9c0078ac58fded4d84b2447c254dbf14548,1f87a606326b3c18a6e48bc6f575b9c0078ac58fded4d84b2447c254dbf14548,2764,2764,NSBMD model,NSBMD model
"포켓몬스터 하트골드 (Korea, IPKK, header ROM version 0)","포켓몬스터 소울실버 (Korea, IPGK, header ROM version 0)",/a/1/4/8,equal,117,117,,,ad238d8d4e6a3f42c7e5c199dc41d389839234cf1725b74f552c75f22b5dcae5,ad238d8d4e6a3f42c7e5c199dc41d389839234cf1725b74f552c75f22b5dcae5,1732,1732,NSBMD model,NSBMD model
"포켓몬스터 하트골드 (Korea, IPKK, header ROM version 0)","포켓몬스터 소울실버 (Korea, IPGK, header ROM version 0)",/a/1/4/8,equal,118,118,,,1fd210c4a0d9e4caa595fbed02c221a5bec323fb771d488061a4e55303417aac,1fd210c4a0d9e4caa595fbed02c221a5bec323fb771d488061a4e55303417aac,8932,8932,NSBMD model,NSBMD model
"포켓몬스터 하트골드 (Korea, IPKK, header ROM version 0)","포켓몬스터 소울실버 (Korea, IPGK, header ROM version 0)",/a/1/4/8,equal,119,119,,,7a40ab6a6d78acc02ec91f4151be4239832b01b49714b559b1946d5db11d4e27,7a40ab6a6d78acc02ec91f4151be4239832b01b49714b559b1946d5db11d4e27,11992,11992,NSBMD model,NSBMD model
"포켓몬스터 하트골드 (Korea, IPKK, header ROM version 0)","포켓몬스터 소울실버 (Korea, IPGK, header ROM version 0)",/a/1/4/8,equal,120,120,,,afee1ab85f829e527fb696500dfae04c593fda69b7f66208cbb2531d8e603fee,afee1ab85f829e527fb696500dfae04c593fda69b7f66208cbb2531d8e603fee,11160,11160,NSBMD model,NSBMD model
"포켓몬스터 하트골드 (Korea, IPKK, header ROM version 0)","포켓몬스터 소울실버 (Korea, IPGK, header ROM version 0)",/a/1/4/8,equal,121,121,,,93fdd44bcb88fbe56209551404910bf2105e8ea155e211b5706f7d71fc5dd51c,93fdd44bcb88fbe56209551404910bf2105e8ea155e211b5706f7d71fc5dd51c,11692,11692,NSBMD model,NSBMD model
"포켓몬스터 하트골드 (Korea, IPKK, header ROM version 0)","포켓몬스터 소울실버 (Korea, IPGK, header ROM version 0)",/a/1/4/8,equal,122,122,,,5284175d188f1d019dca29cff582e9cf975625e122bde52fa0af85fadc1d35c9,5284175d188f1d019dca29cff582e9cf975625e122bde52fa0af85fadc1d35c9,1732,1732,NSBMD model,NSBMD model
"포켓몬스터 하트골드 (Korea, IPKK, header ROM version 0)","포켓몬스터 소울실버 (Korea, IPGK, header ROM version 0)",/a/1/4/8,equal,123,123,,,023ba0b10841e9f5837b651112870d9bc35e23027d2fdc3686e6fd2ee20d9c89,023ba0b10841e9f5837b651112870d9bc35e23027d2fdc3686e6fd2ee20d9c89,2312,2312,NSBMD model,NSBMD model
"포켓몬스터 하트골드 (Korea, IPKK, header ROM version 0)","포켓몬스터 소울실버 (Korea, IPGK, header ROM version 0)",/a/1/4/8,equal,124,124,,,78a9ede2e33e0263d5d54f2a8fddfa5162dd996ed1775b07ddd2ef2f3b1cc065,78a9ede2e33e0263d5d54f2a8fddfa5162dd996ed1775b07ddd2ef2f3b1cc065,50156,50156,NSBMD model,NSBMD model
"포켓몬스터 하트골드 (Korea, IPKK, header ROM version 0)","포켓몬스터 소울실버 (Korea, IPGK, header ROM version 0)",/a/1/4/8,equal,125,125,,,8d70a6fceb8e04bdb5f313b520155fc5d935d58a9aeb53c8c2f26a2b775ace12,8d70a6fceb8e04bdb5f313b520155fc5d935d58a9aeb53c8c2f26a2b775ace12,50156,50156,NSBMD model,NSBMD model
"포켓몬스터 하트골드 (Korea, IPKK, header ROM version 0)","포켓몬스터 소울실버 (Korea, IPGK, header ROM version 0)",/a/1/4/8,equal,126,126,,,dbb18b5ea4616bac76fe71e75f2e4aa7f731bc0b058844bef83b2553fdae13cc,dbb18b5ea4616bac76fe71e75f2e4aa7f731bc0b058844bef83b2553fdae13cc,49996,49996,NSBMD model,NSBMD model
"포켓몬스터 하트골드 (Korea, IPKK, header ROM version 0)","포켓몬스터 소울실버 (Korea, IPGK, header ROM version 0)",/a/1/4/8,equal,127,127,,,6c75918dea4e3d474bab81aca79b27f8b91484028b55ca0c2faa66250ff4c25f,6c75918dea4e3d474bab81aca79b27f8b91484028b55ca0c2faa66250ff4c25f,480,480,NSBMD model,NSBMD model
"포켓몬스터 하트골드 (Korea, IPKK, header ROM version 0)","포켓몬스터 소울실버 (Korea, IPGK, header ROM version 0)",/a/1/4/8,equal,128,128,,,25c21d7b473e40a8f598d85880739445576a8636e488ef2d88ee3314d651dedc,25c21d7b473e40a8f598d85880739445576a8636e488ef2d88ee3314d651dedc,50020,50020,NSBMD model,NSBMD model
"포켓몬스터 하트골드 (Korea, IPKK, header ROM version 0)","포켓몬스터 소울실버 (Korea, IPGK, header ROM version 0)",/a/1/4/8,equal,129,129,,,704fabf12049ae6657f76d42a0653cfbb364bcf26b9a27f9be93a4e16df1225c,704fabf12049ae6657f76d42a0653cfbb364bcf26b9a27f9be93a4e16df1225c,12452,12452,NSBMD model,NSBMD model
"포켓몬스터 하트골드 (Korea, IPKK, header ROM version 0)","포켓몬스터 소울실버 (Korea, IPGK, header ROM version 0)",/a/1/4/8,equal,130,130,,,4db05e6c8e31621e348d8c8552207d48236904980e5674ca12f640e7f60de7e9,4db05e6c8e31621e348d8c8552207d48236904980e5674ca12f640e7f60de7e9,1172,1172,NSBMD model,NSBMD model
"포켓몬스터 하트골드 (Korea, IPKK, header ROM version 0)","포켓몬스터 소울실버 (Korea, IPGK, header ROM version 0)",/a/1/4/8,equal,131,131,,,670c18fa464d03fe413e172b60318568232ce1672ec13ac07f350ee121af8ff3,670c18fa464d03fe413e172b60318568232ce1672ec13ac07f350ee121af8ff3,1680,1680,NSBMD model,NSBMD model
"포켓몬스터 하트골드 (Korea, IPKK, header ROM version 0)","포켓몬스터 소울실버 (Korea, IPGK, header ROM version 0)",/a/1/4/8,equal,132,132,,,4cd292e33032022af49d3d462773310be416836374513518234da7558b47ac4b,4cd292e33032022af49d3d462773310be416836374513518234da7558b47ac4b,2816,2816,NSBMD model,NSBMD model
"포켓몬스터 하트골드 (Korea, IPKK, header ROM version 0)","포켓몬스터 소울실버 (Korea, IPGK, header ROM version 0)",/a/1/4/8,equal,133,133,,,ce70a7aa664ec4b26e8150bc4f5cb27915fb2b3e851f7bc7b9bc888e4c813a3c,ce70a7aa664ec4b26e8150bc4f5cb27915fb2b3e851f7bc7b9bc888e4c813a3c,1168,1168,NSBMD model,NSBMD model
"포켓몬스터 하트골드 (Korea, IPKK, header ROM version 0)","포켓몬스터 소울실버 (Korea, IPGK, header ROM version 0)",/a/1/4/8,equal,134,134,,,d3bf574af2503d43a0e0a5fff46167d89676cd13949b9b37d150be36de682a40,d3bf574af2503d43a0e0a5fff46167d89676cd13949b9b37d150be36de682a40,2952,2952,NSBMD model,NSBMD model
"포켓몬스터 하트골드 (Korea, IPKK, header ROM version 0)","포켓몬스터 소울실버 (Korea, IPGK, header ROM version 0)",/a/1/4/8,equal,135,135,,,b6dbadff364c5db63bf26a12fe88e0bad06a6e7b200eb508a2b05ae47c398d55,b6dbadff364c5db63bf26a12fe88e0bad06a6e7b200eb508a2b05ae47c398d55,912,912,NSBMD model,NSBMD model
"포켓몬스터 하트골드 (Korea, IPKK, header ROM version 0)","포켓몬스터 소울실버 (Korea, IPGK, header ROM version 0)",/a/1/4/8,equal,136,136,,,2d29f8e92a097bbd6086a74e0bd39eb1a47b977a97ff91b67efb7961a79848c7,2d29f8e92a097bbd6086a74e0bd39eb1a47b977a97ff91b67efb7961a79848c7,2036,2036,NSBMD model,NSBMD model
"포켓몬스터 하트골드 (Korea, IPKK, header ROM version 0)","포켓몬스터 소울실버 (Korea, IPGK, header ROM version 0)",/a/1/4/8,equal,137,137,,,76462c090d2852c6fd0130c49828b9ccf83dea351769b6544f52d5cae84ec63b,76462c090d2852c6fd0130c49828b9ccf83dea351769b6544f52d5cae84ec63b,2036,2036,NSBMD model,NSBMD model
"포켓몬스터 하트골드 (Korea, IPKK, header ROM version 0)","포켓몬스터 소울실버 (Korea, IPGK, header ROM version 0)",/a/1/4/8,equal,138,138,,,9558d3f65d60a2d528d25102e65346447b6fe5d5f33a46ac3bdd836f5c139947,9558d3f65d60a2d528d25102e65346447b6fe5d5f33a46ac3bdd836f5c139947,3596,3596,NSBMD model,NSBMD model
"포켓몬스터 하트골드 (Korea, IPKK, header ROM version 0)","포켓몬스터 소울실버 (Korea, IPGK, header ROM version 0)",/a/1/4/8,equal,139,139,,,a8d7a09ef8360b69ae79199adef585efbd066e8a4396d93c39c9ca155140bc04,a8d7a09ef8360b69ae79199adef585efbd066e8a4396d93c39c9ca155140bc04,1168,1168,NSBMD model,NSBMD model
"포켓몬스터 하트골드 (Korea, IPKK, header ROM version 0)","포켓몬스터 소울실버 (Korea, IPGK, header ROM version 0)",/a/1/4/8,equal,140,140,,,dfef250885fbda575ab1e28017a9176184f2be846ce4773f4111862ae030ca22,dfef250885fbda575ab1e28017a9176184f2be846ce4773f4111862ae030ca22,36288,36288,NSBMD model,NSBMD model
"포켓몬스터 하트골드 (Korea, IPKK, header ROM version 0)","포켓몬스터 소울실버 (Korea, IPGK, header ROM version 0)",/a/1/4/8,equal,141,141,,,852de39659f8384bcc951f72553521ecdf102db4cb50a905bc8ae33486153799,852de39659f8384bcc951f72553521ecdf102db4cb50a905bc8ae33486153799,768,768,NSBMD model,NSBMD model
"포켓몬스터 하트골드 (Korea, IPKK, header ROM version 0)","포켓몬스터 소울실버 (Korea, IPGK, header ROM version 0)",/a/1/4/8,equal,142,142,,,c73293e838416d5f2048ba18f8decd87ba6828d68cfc12694c4b2e4f186154b7,c73293e838416d5f2048ba18f8decd87ba6828d68cfc12694c4b2e4f186154b7,1172,1172,NSBMD model,NSBMD model
"포켓몬스터 하트골드 (Korea, IPKK, header ROM version 0)","포켓몬스터 소울실버 (Korea, IPGK, header ROM version 0)",/a/1/4/8,equal,143,143,,,4483a6d779a3375f62ee6a3fadfe838df7247b1d20c909ebac2f45e5d1346f24,4483a6d779a3375f62ee6a3fadfe838df7247b1d20c909ebac2f45e5d1346f24,2684,2684,NSBMD model,NSBMD model
"포켓몬스터 하트골드 (Korea, IPKK, header ROM version 0)","포켓몬스터 소울실버 (Korea, IPGK, header ROM version 0)",/a/1/4/8,equal,144,144,,,b77a6dcd104fd6421a287b8f8050fdb0c9d12488bc305c1685361a17111fb93f,b77a6dcd104fd6421a287b8f8050fdb0c9d12488bc305c1685361a17111fb93f,2712,2712,NSBMD model,NSBMD model
"포켓몬스터 하트골드 (Korea, IPKK, header ROM version 0)","포켓몬스터 소울실버 (Korea, IPGK, header ROM version 0)",/a/1/4/8,equal,145,145,,,a5f29e34cc395abc268fd95d25ea54e23dbb2aa6a04a547457b331b09c2984d5,a5f29e34cc395abc268fd95d25ea54e23dbb2aa6a04a547457b331b09c2984d5,2708,2708,NSBMD model,NSBMD model
"포켓몬스터 하트골드 (Korea, IPKK, header ROM version 0)","포켓몬스터 소울실버 (Korea, IPGK, header ROM version 0)",/a/1/4/8,equal,146,146,,,6230dabe4308a23a7c0fc356a4c7cca062ed6f7f80399dcb0e08fdf3f21a4b0f,6230dabe4308a23a7c0fc356a4c7cca062ed6f7f80399dcb0e08fdf3f21a4b0f,21204,21204,NSBMD model,NSBMD model
"포켓몬스터 하트골드 (Korea, IPKK, header ROM version 0)","포켓몬스터 소울실버 (Korea, IPGK, header ROM version 0)",/a/1/4/8,equal,147,147,,,ebcb926d07ed4e55e096586525fafe3d79c3022c4859194efd299195dae584a1,ebcb926d07ed4e55e096586525fafe3d79c3022c4859194efd299195dae584a1,20420,20420,NSBMD model,NSBMD model
"포켓몬스터 하트골드 (Korea, IPKK, header ROM version 0)","포켓몬스터 소울실버 (Korea, IPGK, header ROM version 0)",/a/1/4/8,equal,148,148,,,71054407e0a0371404a3b225c432d95aed671ceb7adab183fd206a2ca79c2c8f,71054407e0a0371404a3b225c432d95aed671ceb7adab183fd206a2ca79c2c8f,4364,4364,NSBMD model,NSBMD model
"포켓몬스터 하트골드 (Korea, IPKK, header ROM version 0)","포켓몬스터 소울실버 (Korea, IPGK, header ROM version 0)",/a/1/4/8,equal,149,149,,,6d8f95fe1c12983bc0266f5fdbf9922c6d9879f97b1287ef518a5e6377d0de79,6d8f95fe1c12983bc0266f5fdbf9922c6d9879f97b1287ef518a5e6377d0de79,10080,10080,NSBMD model,NSBMD model
"포켓몬스터 하트골드 (Korea, IPKK, header ROM version 0)","포켓몬스터 소울실버 (Korea, IPGK, header ROM version 0)",/a/1/4/8,equal,150,150,,,d1ae5a7fd7931a941b83dc29c8e7e3399060ab83cef4c5cb16747f06a59cae31,d1ae5a7fd7931a941b83dc29c8e7e3399060ab83cef4c5cb16747f06a59cae31,7744,7744,NSBMD model,NSBMD model
"포켓몬스터 하트골드 (Korea, IPKK, header ROM version 0)","포켓몬스터 소울실버 (Korea, IPGK, header ROM version 0)",/a/1/4/8,equal,151,151,,,df2ebeff95d559f4f22e85e9e912d8c5e061ce5d1567db1ea02019823135f23b,df2ebeff95d559f4f22e85e9e912d8c5e061ce5d1567db1ea02019823135f23b,3672,3672,NSBMD model,NSBMD model
"포켓몬스터 하트골드 (Korea, IPKK, header ROM version 0)","포켓몬스터 소울실버 (Korea, IPGK, header ROM version 0)",/a/1/4/8,equal,152,152,,,f7c3e0d55557233220fe1f09284f722fecb7934e29253a8ffc64b592c6fb342a,f7c3e0d55557233220fe1f09284f722fecb7934e29253a8ffc64b592c6fb342a,10080,10080,NSBMD model,NSBMD model
"포켓몬스터 하트골드 (Korea, IPKK, header ROM version 0)","포켓몬스터 소울실버 (Korea, IPGK, header ROM version 0)",/a/1/4/8,equal,153,153,,,0533056fcf4229013218f9c1d2e513e18abd11f1b3bb856edb5faf789b301d7d,0533056fcf4229013218f9c1d2e513e18abd11f1b3bb856edb5faf789b301d7d,10080,10080,NSBMD model,NSBMD model
"포켓몬스터 하트골드 (Korea, IPKK, header ROM version 0)","포켓몬스터 소울실버 (Korea, IPGK, header ROM version 0)",/a/1/4/8,equal,154,154,,,aca2b912faf066d92d7b74c88a75f2524fb1db9b6676a52f60705818ac12804b,aca2b912faf066d92d7b74c88a75f2524fb1db9b6676a52f60705818ac12804b,24536,24536,NSBMD model,NSBMD model
"포켓몬스터 하트골드 (Korea, IPKK, header ROM version 0)","포켓몬스터 소울실버 (Korea, IPGK, header ROM version 0)",/a/1/4/8,equal,155,155,,,8a01638a25e1b8e98b7a13359280f477686b1bf87932765a13787095ed0c1376,8a01638a25e1b8e98b7a13359280f477686b1bf87932765a13787095ed0c1376,21668,21668,NSBMD model,NSBMD model
"포켓몬스터 하트골드 (Korea, IPKK, header ROM version 0)","포켓몬스터 소울실버 (Korea, IPGK, header ROM version 0)",/a/1/4/8,equal,156,156,,,8bd2baaad13e0e354c51ffaeb80262b701b0f342cd13aee695ffd1c46c31ad43,8bd2baaad13e0e354c51ffaeb80262b701b0f342cd13aee695ffd1c46c31ad43,20076,20076,NSBMD model,NSBMD model
"포켓몬스터 하트골드 (Korea, IPKK, header ROM version 0)","포켓몬스터 소울실버 (Korea, IPGK, header ROM version 0)",/a/1/4/8,equal,157,157,,,e395079067ea6dfee12ca9151c6d34d4fb4b4dd26ec3021c68425c55d60b543e,e395079067ea6dfee12ca9151c6d34d4fb4b4dd26ec3021c68425c55d60b543e,1592,1592,NSBMD model,NSBMD model
"포켓몬스터 하트골드 (Korea, IPKK, header ROM version 0)","포켓몬스터 소울실버 (Korea, IPGK, header ROM version 0)",/a/1/4/8,equal,158,158,,,a26e189f1dcca58669d2026e23461255be4d20b7e54ad13ffcb89e8e12b165f9,a26e189f1dcca58669d2026e23461255be4d20b7e54ad13ffcb89e8e12b165f9,1592,1592,NSBMD model,NSBMD model
"포켓몬스터 하트골드 (Korea, IPKK, header ROM version 0)","포켓몬스터 소울실버 (Korea, IPGK, header ROM version 0)",/a/1/4/8,equal,159,159,,,f747aaae54ea0ee4284077911bc3a066b65f5ba38047bc2811673ddfe1fa9ebf,f747aaae54ea0ee4284077911bc3a066b65f5ba38047bc2811673ddfe1fa9ebf,5564,5564,NSBMD model,NSBMD model
"포켓몬스터 하트골드 (Korea, IPKK, header ROM version 0)","포켓몬스터 소울실버 (Korea, IPGK, header ROM version 0)",/a/1/4/8,equal,160,160,,,faee554a42ce48b353f63c4aa1721ae59e0e2556562f1223f268ae7aad897994,faee554a42ce48b353f63c4aa1721ae59e0e2556562f1223f268ae7aad897994,3092,3092,NSBMD model,NSBMD model
"포켓몬스터 하트골드 (Korea, IPKK, header ROM version 0)","포켓몬스터 소울실버 (Korea, IPGK, header ROM version 0)",/a/1/4/8,equal,161,161,,,bd8316209d236e858541f31be70b545e3c85afa65c507a2367465e223f39f675,bd8316209d236e858541f31be70b545e3c85afa65c507a2367465e223f39f675,2204,2204,NSBMD model,NSBMD model
"포켓몬스터 하트골드 (Korea, IPKK, header ROM version 0)","포켓몬스터 소울실버 (Korea, IPGK, header ROM version 0)",/a/1/4/8,equal,162,162,,,468dd81903be7edd0f5d04b16a11c9ba2ef3b55f1f2bb2969e4159f6235f7dcd,468dd81903be7edd0f5d04b16a11c9ba2ef3b55f1f2bb2969e4159f6235f7dcd,1332,1332,NSBMD model,NSBMD model
"포켓몬스터 하트골드 (Korea, IPKK, header ROM version 0)","포켓몬스터 소울실버 (Korea, IPGK, header ROM version 0)",/a/1/4/8,equal,163,163,,,1bd244ddac24aff3f6965419050552c790120b5d55435da1a5ad64894c7c10a0,1bd244ddac24aff3f6965419050552c790120b5d55435da1a5ad64894c7c10a0,1432,1432,NSBMD model,NSBMD model
"포켓몬스터 하트골드 (Korea, IPKK, header ROM version 0)","포켓몬스터 소울실버 (Korea, IPGK, header ROM version 0)",/a/1/4/8,equal,164,164,,,fd4acb796e44a12947f2a04800fe5a60b7d31f8709dd6a5f5f2d73e51f7eafc0,fd4acb796e44a12947f2a04800fe5a60b7d31f8709dd6a5f5f2d73e51f7eafc0,19040,19040,NSBMD model,NSBMD model
"포켓몬스터 하트골드 (Korea, IPKK, header ROM version 0)","포켓몬스터 소울실버 (Korea, IPGK, header ROM version 0)",/a/1/4/8,equal,165,165,,,58a59ef9949ed109d1d073e46ebf32b75c97dfa112885d8975ee1f462a8a3165,58a59ef9949ed109d1d073e46ebf32b75c97dfa112885d8975ee1f462a8a3165,1008,1008,NSBMD model,NSBMD model
"포켓몬스터 하트골드 (Korea, IPKK, header ROM version 0)","포켓몬스터 소울실버 (Korea, IPGK, header ROM version 0)",/a/1/4/8,equal,166,166,,,d68246aca751f4d4e50e96af4e953b0bf09253beef721ab54b9a0ce6961e7a73,d68246aca751f4d4e50e96af4e953b0bf09253beef721ab54b9a0ce6961e7a73,18924,18924,NSBMD model,NSBMD model
"포켓몬스터 하트골드 (Korea, IPKK, header ROM version 0)","포켓몬스터 소울실버 (Korea, IPGK, header ROM version 0)",/a/1/4/8,equal,167,167,,,7ee2cbc30b02020a0525ee94ffab2ffe30ca4e03f6ac0fd610e9fdd147a79b3e,7ee2cbc30b02020a0525ee94ffab2ffe30ca4e03f6ac0fd610e9fdd147a79b3e,1792,1792,NSBMD model,NSBMD model
"포켓몬스터 하트골드 (Korea, IPKK, header ROM version 0)","포켓몬스터 소울실버 (Korea, IPGK, header ROM version 0)",/a/1/4/8,equal,168,168,,,f696d6a2f96f12454ed997bb2ebd976578f0c3c17f947eddf146e046429f1a1c,f696d6a2f96f12454ed997bb2ebd976578f0c3c17f947eddf146e046429f1a1c,5764,5764,NSBMD model,NSBMD model
"포켓몬스터 하트골드 (Korea, IPKK, header ROM version 0)","포켓몬스터 소울실버 (Korea, IPGK, header ROM version 0)",/a/1/4/8,equal,169,169,,,b2de6027d1b66836ad4816f54c3460bc3f98bc4c219158092631818c4742a362,b2de6027d1b66836ad4816f54c3460bc3f98bc4c219158092631818c4742a362,3508,3508,NSBMD model,NSBMD model
"포켓몬스터 하트골드 (Korea, IPKK, header ROM version 0)","포켓몬스터 소울실버 (Korea, IPGK, header ROM version 0)",/a/1/4/8,equal,170,170,,,39d2ab544132b2b21053131cdd69f3192b44e24ec2c3e4a9a50a51d319194d5e,39d2ab544132b2b21053131cdd69f3192b44e24ec2c3e4a9a50a51d319194d5e,5904,5904,NSBMD model,NSBMD model
"포켓몬스터 하트골드 (Korea, IPKK, header ROM version 0)","포켓몬스터 소울실버 (Korea, IPGK, header ROM version 0)",/a/1/4/8,equal,171,171,,,543afa150ffd81c66dda30aa56cfa38e91ad3a596ee8f4e110e802de27e10d79,543afa150ffd81c66dda30aa56cfa38e91ad3a596ee8f4e110e802de27e10d79,5904,5904,NSBMD model,NSBMD model
"포켓몬스터 하트골드 (Korea, IPKK, header ROM version 0)","포켓몬스터 소울실버 (Korea, IPGK, header ROM version 0)",/a/1/4/8,equal,172,172,,,8586f5561e5ba3a4eb0e886f84d5483f6809635d11c231749c6eaff214a5b092,8586f5561e5ba3a4eb0e886f84d5483f6809635d11c231749c6eaff214a5b092,4012,4012,NSBMD model,NSBMD model
"포켓몬스터 하트골드 (Korea, IPKK, header ROM version 0)","포켓몬스터 소울실버 (Korea, IPGK, header ROM version 0)",/a/1/4/8,equal,173,173,,,2b3dafb0ce3891d8db5dc59d56168e0539b15644b8488c0e9075bee77b8931f1,2b3dafb0ce3891d8db5dc59d56168e0539b15644b8488c0e9075bee77b8931f1,26656,26656,NSBMD model,NSBMD model
"포켓몬스터 하트골드 (Korea, IPKK, header ROM version 0)","포켓몬스터 소울실버 (Korea, IPGK, header ROM version 0)",/a/1/4/8,equal,174,174,,,b3708c7ba6f4217f55fdf0187c4179c328875fda5b9c847b74fe8fa25e7f01fc,b3708c7ba6f4217f55fdf0187c4179c328875fda5b9c847b74fe8fa25e7f01fc,26656,26656,NSBMD model,NSBMD model
"포켓몬스터 하트골드 (Korea, IPKK, header ROM version 0)","포켓몬스터 소울실버 (Korea, IPGK, header ROM version 0)",/a/1/4/8,equal,175,175,,,1fed97e4029927c07094acb40691050514f66dd4d6d83c7a1694cce2f76a9d70,1fed97e4029927c07094acb40691050514f66dd4d6d83c7a1694cce2f76a9d70,1532,1532,NSBMD model,NSBMD model
"포켓몬스터 하트골드 (Korea, IPKK, header ROM version 0)","포켓몬스터 소울실버 (Korea, IPGK, header ROM version 0)",/a/1/4/8,equal,176,176,,,8737665e3409a36c57099440548493584871510c4756c462e1407ca848e86495,8737665e3409a36c57099440548493584871510c4756c462e1407ca848e86495,11004,11004,NSBMD model,NSBMD model
"포켓몬스터 하트골드 (Korea, IPKK, header ROM version 0)","포켓몬스터 소울실버 (Korea, IPGK, header ROM version 0)",/a/1/4/8,equal,177,177,,,ac8a926ba7dd641f60060af4421d33f2c2475870b1c8570965cebbcb70bfab7d,ac8a926ba7dd641f60060af4421d33f2c2475870b1c8570965cebbcb70bfab7d,5428,5428,NSBMD model,NSBMD model
"포켓몬스터 하트골드 (Korea, IPKK, header ROM version 0)","포켓몬스터 소울실버 (Korea, IPGK, header ROM version 0)",/a/1/4/8,equal,178,178,,,93460de3f070d893afcf9d890b0b372f9a825b5386cebaca3a134396b0f04259,93460de3f070d893afcf9d890b0b372f9a825b5386cebaca3a134396b0f04259,4056,4056,NSBMD model,NSBMD model
"포켓몬스터 하트골드 (Korea, IPKK, header ROM version 0)","포켓몬스터 소울실버 (Korea, IPGK, header ROM version 0)",/a/1/4/8,equal,179,179,,,b2d0a9236e3f90af2c1fad199b50e50977341262dfeeafea6ff93dc4856a46fd,b2d0a9236e3f90af2c1fad199b50e50977341262dfeeafea6ff93dc4856a46fd,2212,2212,NSBMD model,NSBMD model
"포켓몬스터 하트골드 (Korea, IPKK, header ROM version 0)","포켓몬스터 소울실버 (Korea, IPGK, header ROM version 0)",/a/1/4/8,equal,180,180,,,4cc69c303d231700e318a890eb321d62f4273504cd5c4df0701967ec11fdf43f,4cc69c303d231700e318a890eb321d62f4273504cd5c4df0701967ec11fdf43f,1680,1680,NSBMD model,NSBMD model
"포켓몬스터 하트골드 (Korea, IPKK, header ROM version 0)","포켓몬스터 소울실버 (Korea, IPGK, header ROM version 0)",/a/1/4/8,equal,181,181,,,b1da5901bed8657605472dd53aeac6e1b168890ee0c1e5b20572df6dd62ef123,b1da5901bed8657605472dd53aeac6e1b168890ee0c1e5b20572df6dd62ef123,1692,1692,NSBMD model,NSBMD model
"포켓몬스터 하트골드 (Korea, IPKK, header ROM version 0)","포켓몬스터 소울실버 (Korea, IPGK, header ROM version 0)",/a/1/4/8,equal,182,182,,,b13aee8f19a007a714eea6f4825d3887b943b5898ea7e889d3813916aa8848ab,b13aee8f19a007a714eea6f4825d3887b943b5898ea7e889d3813916aa8848ab,1692,1692,NSBMD model,NSBMD model
"포켓몬스터 하트골드 (Korea, IPKK, header ROM version 0)","포켓몬스터 소울실버 (Korea, IPGK, header ROM version 0)",/a/1/4/8,equal,183,183,,,1520b45c22404545eb452f75117b98b079b872d86a25fdf617abebeb15b2adc8,1520b45c22404545eb452f75117b98b079b872d86a25fdf617abebeb15b2adc8,2044,2044,NSBMD model,NSBMD model
"포켓몬스터 하트골드 (Korea, IPKK, header ROM version 0)","포켓몬스터 소울실버 (Korea, IPGK, header ROM version 0)",/a/1/4/8,equal,184,184,,,1b569d5316cce829f27302c6942e69d62f0dbb80539d9ef468d656df592265ee,1b569d5316cce829f27302c6942e69d62f0dbb80539d9ef468d656df592265ee,4456,4456,NSBMD model,NSBMD model
"포켓몬스터 하트골드 (Korea, IPKK, header ROM version 0)","포켓몬스터 소울실버 (Korea, IPGK, header ROM version 0)",/a/1/4/8,equal,185,185,,,d6e62ee4614d8fd4783c8862373e13c46ce04de497923026c4971d3eb244b74b,d6e62ee4614d8fd4783c8862373e13c46ce04de497923026c4971d3eb244b74b,836,836,NSBMD model,NSBMD model
"포켓몬스터 하트골드 (Korea, IPKK, header ROM version 0)","포켓몬스터 소울실버 (Korea, IPGK, header ROM version 0)",/a/1/4/8,equal,186,186,,,df76cce12c5e96035958b0f2fa534b19b57ce9e7f7cc3530a827a618124e6c55,df76cce12c5e96035958b0f2fa534b19b57ce9e7f7cc3530a827a618124e6c55,1168,1168,NSBMD model,NSBMD model
"포켓몬스터 하트골드 (Korea, IPKK, header ROM version 0)","포켓몬스터 소울실버 (Korea, IPGK, header ROM version 0)",/a/1/4/8,equal,187,187,,,608f8b40d80225ca29efaf7cbb6ed8a38943f5e3e32967d83604f9a28ab40a52,608f8b40d80225ca29efaf7cbb6ed8a38943f5e3e32967d83604f9a28ab40a52,2380,2380,NSBMD model,NSBMD model
"포켓몬스터 하트골드 (Korea, IPKK, header ROM version 0)","포켓몬스터 소울실버 (Korea, IPGK, header ROM version 0)",/a/1/4/8,equal,188,188,,,c4d6d0fc43d719303cfd7084b7775afefa6c41af1d6702574beb28f7e280813b,c4d6d0fc43d719303cfd7084b7775afefa6c41af1d6702574beb28f7e280813b,12704,12704,NSBMD model,NSBMD model
"포켓몬스터 하트골드 (Korea, IPKK, header ROM version 0)","포켓몬스터 소울실버 (Korea, IPGK, header ROM version 0)",/a/1/4/8,equal,189,189,,,2c5cefd45fd6c01e8ecb5014a0b65c7dd624657ef491040120fb837b8883fae3,2c5cefd45fd6c01e8ecb5014a0b65c7dd624657ef491040120fb837b8883fae3,12588,12588,NSBMD model,NSBMD model
"포켓몬스터 하트골드 (Korea, IPKK, header ROM version 0)","포켓몬스터 소울실버 (Korea, IPGK, header ROM version 0)",/a/1/4/8,equal,190,190,,,5e415d30699a3d37e6fdcd095ec4a6bc085a5963aca8b9d6c333cc1c8d709747,5e415d30699a3d37e6fdcd095ec4a6bc085a5963aca8b9d6c333cc1c8d709747,7296,7296,NSBMD model,NSBMD model
"포켓몬스터 하트골드 (Korea, IPKK, header ROM version 0)","포켓몬스터 소울실버 (Korea, IPGK, header ROM version 0)",/a/1/4/8,equal,191,191,,,4df84c9902b6d0e1db80b351cb260c8083419f436e157250c589e38846096e45,4df84c9902b6d0e1db80b351cb260c8083419f436e157250c589e38846096e45,22456,22456,NSBMD model,NSBMD model
"포켓몬스터 하트골드 (Korea, IPKK, header ROM version 0)","포켓몬스터 소울실버 (Korea, IPGK, header ROM version 0)",/a/1/4/8,equal,192,192,,,74ca2e349f8250046a2ab53fbe9141856f4a5fe9634007875bd4781cd37c5bb8,74ca2e349f8250046a2ab53fbe9141856f4a5fe9634007875bd4781cd37c5bb8,23308,23308,NSBMD model,NSBMD model
"포켓몬스터 하트골드 (Korea, IPKK, header ROM version 0)","포켓몬스터 소울실버 (Korea, IPGK, header ROM version 0)",/a/1/4/8,equal,193,193,,,5ad97060d0ac29361fad7f809275be99edf3cece528b4963d08f4e5501d0d38a,5ad97060d0ac29361fad7f809275be99edf3cece528b4963d08f4e5501d0d38a,23272,23272,NSBMD model,NSBMD model
"포켓몬스터 하트골드 (Korea, IPKK, header ROM version 0)","포켓몬스터 소울실버 (Korea, IPGK, header ROM version 0)",/a/1/4/8,equal,194,194,,,9823b3cb7d55a6c12d24c91004e3bfb5598d24bb6cbb092e1f9acf2f6c85644c,9823b3cb7d55a6c12d24c91004e3bfb5598d24bb6cbb092e1f9acf2f6c85644c,3984,3984,NSBMD model,NSBMD model
"포켓몬스터 하트골드 (Korea, IPKK, header ROM version 0)","포켓몬스터 소울실버 (Korea, IPGK, header ROM version 0)",/a/1/4/8,equal,195,195,,,34c66c48c289be3858af998d67e7efea2a95b27c01a6af0007ab09a2f45c555b,34c66c48c289be3858af998d67e7efea2a95b27c01a6af0007ab09a2f45c555b,3984,3984,NSBMD model,NSBMD model
"포켓몬스터 하트골드 (Korea, IPKK, header ROM version 0)","포켓몬스터 소울실버 (Korea, IPGK, header ROM version 0)",/a/1/4/8,equal,196,196,,,d9a5846ab0079774fb0a8177fc6bdaa54c431f4db67e54493b13c077d1cf3627,d9a5846ab0079774fb0a8177fc6bdaa54c431f4db67e54493b13c077d1cf3627,3984,3984,NSBMD model,NSBMD model
"포켓몬스터 하트골드 (Korea, IPKK, header ROM version 0)","포켓몬스터 소울실버 (Korea, IPGK, header ROM version 0)",/a/1/4/8,equal,197,197,,,cbde6afa922997d6304c945bb9eeb9a38de37bef01644194ccb956c2bac32c40,cbde6afa922997d6304c945bb9eeb9a38de37bef01644194ccb956c2bac32c40,1296,1296,NSBMD model,NSBMD model
"포켓몬스터 하트골드 (Korea, IPKK, header ROM version 0)","포켓몬스터 소울실버 (Korea, IPGK, header ROM version 0)",/a/1/4/8,equal,198,198,,,9135dc1366c860969d17912943f93cca9bd406be195267c0d7bb9f26e28852ef,9135dc1366c860969d17912943f93cca9bd406be195267c0d7bb9f26e28852ef,3572,3572,NSBMD model,NSBMD model
"포켓몬스터 하트골드 (Korea, IPKK, header ROM version 0)","포켓몬스터 소울실버 (Korea, IPGK, header ROM version 0)",/a/1/4/8,equal,199,199,,,c274939ba49c3ad6532f19f1484eb1982f0dbfc926a9239ca7b04bafb82a944b,c274939ba49c3ad6532f19f1484eb1982f0dbfc926a9239ca7b04bafb82a944b,8920,8920,NSBMD model,NSBMD model
"포켓몬스터 하트골드 (Korea, IPKK, header ROM version 0)","포켓몬스터 소울실버 (Korea, IPGK, header ROM version 0)",/a/1/4/8,equal,200,200,,,b39893b67374133682cb59225663b79345f353db80146fbfee5c04169f6396d4,b39893b67374133682cb59225663b79345f353db80146fbfee5c04169f6396d4,8696,8696,NSBMD model,NSBMD model
"포켓몬스터 하트골드 (Korea, IPKK, header ROM version 0)","포켓몬스터 소울실버 (Korea, IPGK, header ROM version 0)",/a/1/4/8,equal,201,201,,,21b44288858460a32afb6d81351d0398236c2f9ad56431a1ad18409552ace202,21b44288858460a32afb6d81351d0398236c2f9ad56431a1ad18409552ace202,3400,3400,NSBMD model,NSBMD model
"포켓몬스터 하트골드 (Korea, IPKK, header ROM version 0)","포켓몬스터 소울실버 (Korea, IPGK, header ROM version 0)",/a/1/4/8,equal,202,202,,,b7ba11019eb479aa82c35a648b23b323b356e207d6db60d3d0f3c4a518e6bbee,b7ba11019eb479aa82c35a648b23b323b356e207d6db60d3d0f3c4a518e6bbee,48676,48676,NSBMD model,NSBMD model
"포켓몬스터 하트골드 (Korea, IPKK, header ROM version 0)","포켓몬스터 소울실버 (Korea, IPGK, header ROM version 0)",/a/1/4/8,equal,203,203,,,f13dc5ae65d67a8943a2c8059955ee0bf017146edb6c5458bf2de1efa8197155,f13dc5ae65d67a8943a2c8059955ee0bf017146edb6c5458bf2de1efa8197155,25464,25464,NSBMD model,NSBMD model
"포켓몬스터 하트골드 (Korea, IPKK, header ROM version 0)","포켓몬스터 소울실버 (Korea, IPGK, header ROM version 0)",/a/1/4/8,equal,204,204,,,cf2c214d50747e53d3cdaf3a315362253e53e1d7ee7686b235aab1df0a7238c1,cf2c214d50747e53d3cdaf3a315362253e53e1d7ee7686b235aab1df0a7238c1,51136,51136,NSBMD model,NSBMD model
"포켓몬스터 하트골드 (Korea, IPKK, header ROM version 0)","포켓몬스터 소울실버 (Korea, IPGK, header ROM version 0)",/a/1/4/8,equal,205,205,,,bc55f18036dd90c23c853b3247fdcdddf1cc48450ae9de07fc68ee89cc7fe684,bc55f18036dd90c23c853b3247fdcdddf1cc48450ae9de07fc68ee89cc7fe684,6656,6656,NSBMD model,NSBMD model
"포켓몬스터 하트골드 (Korea, IPKK, header ROM version 0)","포켓몬스터 소울실버 (Korea, IPGK, header ROM version 0)",/a/1/4/8,equal,206,206,,,0abc3e68917b1b41571dac995099cab022d372b3ec747f7782dba3c25b3bddec,0abc3e68917b1b41571dac995099cab022d372b3ec747f7782dba3c25b3bddec,24384,24384,NSBMD model,NSBMD model
"포켓몬스터 하트골드 (Korea, IPKK, header ROM version 0)","포켓몬스터 소울실버 (Korea, IPGK, header ROM version 0)",/a/1/4/8,equal,207,207,,,031bfd329ef1addfbc9a58e586e4aaa27699645e4d37f0b8adf684ce56f62354,031bfd329ef1addfbc9a58e586e4aaa27699645e4d37f0b8adf684ce56f62354,900,900,NSBMD model,NSBMD model
"포켓몬스터 하트골드 (Korea, IPKK, header ROM version 0)","포켓몬스터 소울실버 (Korea, IPGK, header ROM version 0)",/a/1/4/8,equal,208,208,,,20fbe124e1a391fd185908f0463e4ef86d6375ec2c13d3e84955135e3960465d,20fbe124e1a391fd185908f0463e4ef86d6375ec2c13d3e84955135e3960465d,3236,3236,NSBMD model,NSBMD model
"포켓몬스터 하트골드 (Korea, IPKK, header ROM version 0)","포켓몬스터 소울실버 (Korea, IPGK, header ROM version 0)",/a/1/4/8,equal,209,209,,,644ef58cdba442d6e046d9cdbbaa1192e1fcc097a6a9ff61b3feddd09663b0de,644ef58cdba442d6e046d9cdbbaa1192e1fcc097a6a9ff61b3feddd09663b0de,1404,1404,NSBMD model,NSBMD model
"포켓몬스터 하트골드 (Korea, IPKK, header ROM version 0)","포켓몬스터 소울실버 (Korea, IPGK, header ROM version 0)",/a/1/4/8,equal,210,210,,,2033953fe34c634f2d20bd2075d0a954b6ebdb56717b64436765159b2f91960d,2033953fe34c634f2d20bd2075d0a954b6ebdb56717b64436765159b2f91960d,10008,10008,NSBMD model,NSBMD model
"포켓몬스터 하트골드 (Korea, IPKK, header ROM version 0)","포켓몬스터 소울실버 (Korea, IPGK, header ROM version 0)",/a/1/4/8,equal,211,211,,,cc00a17988f38b89a6f4d870561de39012c7aacff2f4be3b74af76cc8a4475ac,cc00a17988f38b89a6f4d870561de39012c7aacff2f4be3b74af76cc8a4475ac,1172,1172,NSBMD model,NSBMD model
"포켓몬스터 하트골드 (Korea, IPKK, header ROM version 0)","포켓몬스터 소울실버 (Korea, IPGK, header ROM version 0)",/a/1/4/8,equal,212,212,,,1816495f78d4de6f66d1179a68db287d69316867c9d1a3e54ee5de2ac12179c8,1816495f78d4de6f66d1179a68db287d69316867c9d1a3e54ee5de2ac12179c8,1172,1172,NSBMD model,NSBMD model
"포켓몬스터 하트골드 (Korea, IPKK, header ROM version 0)","포켓몬스터 소울실버 (Korea, IPGK, header ROM version 0)",/a/1/4/8,equal,213,213,,,74756b4be598e4ce0c40d4c94d9da03fda9d8e1fdb5a0742895e5eb42a821bfd,74756b4be598e4ce0c40d4c94d9da03fda9d8e1fdb5a0742895e5eb42a821bfd,528,528,NSBMD model,NSBMD model
"포켓몬스터 하트골드 (Korea, IPKK, header ROM version 0)","포켓몬스터 소울실버 (Korea, IPGK, header ROM version 0)",/a/1/4/8,equal,214,214,,,24d4c635e485324210d84f595163c7d2796c2dc1461fd302232b5a9ddef7776b,24d4c635e485324210d84f595163c7d2796c2dc1461fd302232b5a9ddef7776b,5008,5008,NSBMD model,NSBMD model
"포켓몬스터 하트골드 (Korea, IPKK, header ROM version 0)","포켓몬스터 소울실버 (Korea, IPGK, header ROM version 0)",/a/1/4/8,equal,215,215,,,4cf42329d6631f18970ab26d5c53cfa4254ecabf829f8a8c9a9d44b52ded2569,4cf42329d6631f18970ab26d5c53cfa4254ecabf829f8a8c9a9d44b52ded2569,2888,2888,NSBMD model,NSBMD model
"포켓몬스터 하트골드 (Korea, IPKK, header ROM version 0)","포켓몬스터 소울실버 (Korea, IPGK, header ROM version 0)",/a/1/4/8,equal,216,216,,,460f935e5a1e65880ef99710ec5dcbe01dfaadc72f2d1dbf2d056c5f9dabfd28,460f935e5a1e65880ef99710ec5dcbe01dfaadc72f2d1dbf2d056c5f9dabfd28,13904,13904,NSBMD model,NSBMD model
"포켓몬스터 하트골드 (Korea, IPKK, header ROM version 0)","포켓몬스터 소울실버 (Korea, IPGK, header ROM version 0)",/a/1/4/8,equal,217,217,,,3970d40eb5676066359a43a6e5a57cc0ccaab475e4fcf836dd03dc0b997e0631,3970d40eb5676066359a43a6e5a57cc0ccaab475e4fcf836dd03dc0b997e0631,5240,5240,NSBMD model,NSBMD model
"포켓몬스터 하트골드 (Korea, IPKK, header ROM version 0)","포켓몬스터 소울실버 (Korea, IPGK, header ROM version 0)",/a/1/4/8,equal,218,218,,,a2223d6397b9e6a1315616a9ed7aeb9f36891c1912f36de69fe023427a8e7a8f,a2223d6397b9e6a1315616a9ed7aeb9f36891c1912f36de69fe023427a8e7a8f,23756,23756,NSBMD model,NSBMD model
"포켓몬스터 하트골드 (Korea, IPKK, header ROM version 0)","포켓몬스터 소울실버 (Korea, IPGK, header ROM version 0)",/a/1/4/8,equal,219,219,,,af6f3cb72cb24c9cb04684b9ba493d6c6731e7279b61d545510bf9900385e494,af6f3cb72cb24c9cb04684b9ba493d6c6731e7279b61d545510bf9900385e494,10472,10472,NSBMD model,NSBMD model
"포켓몬스터 하트골드 (Korea, IPKK, header ROM version 0)","포켓몬스터 소울실버 (Korea, IPGK, header ROM version 0)",/a/1/4/8,equal,220,220,,,78f6891abb9d15d4432d6aa89ffbaf355216d5ecfd8d179b5793cd89aab78ec6,78f6891abb9d15d4432d6aa89ffbaf355216d5ecfd8d179b5793cd89aab78ec6,9196,9196,NSBMD model,NSBMD model
"포켓몬스터 하트골드 (Korea, IPKK, header ROM version 0)","포켓몬스터 소울실버 (Korea, IPGK, header ROM version 0)",/a/1/4/8,equal,221,221,,,9e04c8f2954026e6d463bf72a6636f73a99e79c5c62ea7f053d817b83fe74972,9e04c8f2954026e6d463bf72a6636f73a99e79c5c62ea7f053d817b83fe74972,3464,3464,NSBMD model,NSBMD model
"포켓몬스터 하트골드 (Korea, IPKK, header ROM version 0)","포켓몬스터 소울실버 (Korea, IPGK, header ROM version 0)",/a/1/4/9,equal,0,0,,,8e72755bc25b151bd3f5d12722d24894bbf7990dc8b2c4b7a18e47facba554a4,8e72755bc25b151bd3f5d12722d24894bbf7990dc8b2c4b7a18e47facba554a4,3122,3122,NANR animation,NANR animation
"포켓몬스터 하트골드 (Korea, IPKK, header ROM version 0)","포켓몬스터 소울실버 (Korea, IPGK, header ROM version 0)",/a/1/4/9,equal,1,1,,,b342f44bf203223fd1b8dcb7811633d2f2af792df53eeb0dacad7d4575ab4da9,b342f44bf203223fd1b8dcb7811633d2f2af792df53eeb0dacad7d4575ab4da9,1022,1022,NCER cell,NCER cell
"포켓몬스터 하트골드 (Korea, IPKK, header ROM version 0)","포켓몬스터 소울실버 (Korea, IPGK, header ROM version 0)",/a/1/4/9,equal,2,2,,,8228d4ac7232c146b5cd4a6912ca267281e6dedafa0bfe1048cd7dca862df96f,8228d4ac7232c146b5cd4a6912ca267281e6dedafa0bfe1048cd7dca862df96f,4144,4144,NCGR graphics,NCGR graphics
"포켓몬스터 하트골드 (Korea, IPKK, header ROM version 0)","포켓몬스터 소울실버 (Korea, IPGK, header ROM version 0)",/a/1/4/9,equal,3,3,,,ecda1cbe0419c266a984754981191dfc7b0292e7bcca028ff8848331e2550c1f,ecda1cbe0419c266a984754981191dfc7b0292e7bcca028ff8848331e2550c1f,3007,3007,NANR animation,NANR animation
"포켓몬스터 하트골드 (Korea, IPKK, header ROM version 0)","포켓몬스터 소울실버 (Korea, IPGK, header ROM version 0)",/a/1/4/9,equal,4,4,,,cf4e2139dc96a0745d4a648f00f3a7bac1df2582d43fb298cdf33fe78b839bb1,cf4e2139dc96a0745d4a648f00f3a7bac1df2582d43fb298cdf33fe78b839bb1,1027,1027,NCER cell,NCER cell
"포켓몬스터 하트골드 (Korea, IPKK, header ROM version 0)","포켓몬스터 소울실버 (Korea, IPGK, header ROM version 0)",/a/1/4/9,equal,5,5,,,845a1732490e4115a6096c85fa236d750547c9b32f35c7a7af8aa60c350353e9,845a1732490e4115a6096c85fa236d750547c9b32f35c7a7af8aa60c350353e9,16432,16432,NCGR graphics,NCGR graphics
"포켓몬스터 하트골드 (Korea, IPKK, header ROM version 0)","포켓몬스터 소울실버 (Korea, IPGK, header ROM version 0)",/a/1/4/9,equal,6,6,,,b37250398b2f4912a70904733c3a409493d897e788c77159ecdf64be1731222a,b37250398b2f4912a70904733c3a409493d897e788c77159ecdf64be1731222a,584,584,NANR animation,NANR animation
"포켓몬스터 하트골드 (Korea, IPKK, header ROM version 0)","포켓몬스터 소울실버 (Korea, IPGK, header ROM version 0)",/a/1/4/9,equal,7,7,,,93721f7bccd2eb82b70acc06987deaa0ddeec3764697c9aa10480332cde0a860,93721f7bccd2eb82b70acc06987deaa0ddeec3764697c9aa10480332cde0a860,408,408,NCER cell,NCER cell
"포켓몬스터 하트골드 (Korea, IPKK, header ROM version 0)","포켓몬스터 소울실버 (Korea, IPGK, header ROM version 0)",/a/1/4/9,equal,8,8,,,8e5124f3177c8b6664eabfcbcd8d692c5969aa3ed654684d0311a6a36932e57a,8e5124f3177c8b6664eabfcbcd8d692c5969aa3ed654684d0311a6a36932e57a,4144,4144,NCGR graphics,NCGR graphics
"포켓몬스터 하트골드 (Korea, IPKK, header ROM version 0)","포켓몬스터 소울실버 (Korea, IPGK, header ROM version 0)",/a/1/4/9,equal,9,9,,,ef12fc1b6b77d443378f5825bafc6fee2d9ba0712084bc0fb5911a70bc8a993b,ef12fc1b6b77d443378f5825bafc6fee2d9ba0712084bc0fb5911a70bc8a993b,586,586,NANR animation,NANR animation
"포켓몬스터 하트골드 (Korea, IPKK, header ROM version 0)","포켓몬스터 소울실버 (Korea, IPGK, header ROM version 0)",/a/1/4/9,equal,10,10,,,3cdc9c0059399d71c8f631166ab67efb9aa52da48c31c92001cd31f986687c73,3cdc9c0059399d71c8f631166ab67efb9aa52da48c31c92001cd31f986687c73,410,410,NCER cell,NCER cell
"포켓몬스터 하트골드 (Korea, IPKK, header ROM version 0)","포켓몬스터 소울실버 (Korea, IPGK, header ROM version 0)",/a/1/4/9,equal,11,11,,,10aa96f7797209e0632ff0197f40f8c3bf0710c701aacb24c3074752adf3c75c,10aa96f7797209e0632ff0197f40f8c3bf0710c701aacb24c3074752adf3c75c,16432,16432,NCGR graphics,NCGR graphics
"포켓몬스터 하트골드 (Korea, IPKK, header ROM version 0)","포켓몬스터 소울실버 (Korea, IPGK, header ROM version 0)",/a/1/5/0,equal,0,0,,,10d053f1eefd16956522bea610a61efd6abb67e6ef39a0a3da80ae8c23291b01,10d053f1eefd16956522bea610a61efd6abb67e6ef39a0a3da80ae8c23291b01,552,552,NCLR palette,NCLR palette
"포켓몬스터 하트골드 (Korea, IPKK, header ROM version 0)","포켓몬스터 소울실버 (Korea, IPGK, header ROM version 0)",/a/1/5/0,equal,1,1,,,42c1516d1fe4ed721df36ee4d41e611b21c6e2d020c296d13ad73c5e2643cb04,42c1516d1fe4ed721df36ee4d41e611b21c6e2d020c296d13ad73c5e2643cb04,11228,11228,Nintendo LZ10,Nintendo LZ10
"포켓몬스터 하트골드 (Korea, IPKK, header ROM version 0)","포켓몬스터 소울실버 (Korea, IPGK, header ROM version 0)",/a/1/5/0,equal,2,2,,,994eb117a98c37c248638aa393879744efad421914f61ee27bad07ea803a6de1,994eb117a98c37c248638aa393879744efad421914f61ee27bad07ea803a6de1,1452,1452,Nintendo LZ10,Nintendo LZ10
"포켓몬스터 하트골드 (Korea, IPKK, header ROM version 0)","포켓몬스터 소울실버 (Korea, IPGK, header ROM version 0)",/a/1/5/0,equal,3,3,,,a44d6e5cdc6f16dcf8fea2e872ba848d452f0c8001a7f975c8cd0368e9edd9ef,a44d6e5cdc6f16dcf8fea2e872ba848d452f0c8001a7f975c8cd0368e9edd9ef,552,552,NCLR palette,NCLR palette
"포켓몬스터 하트골드 (Korea, IPKK, header ROM version 0)","포켓몬스터 소울실버 (Korea, IPGK, header ROM version 0)",/a/1/5/0,equal,4,4,,,a39f8e51d312a1663b1e2f60d15bb55f550dfe104fa8fa17e9b52e0e3bfd8941,a39f8e51d312a1663b1e2f60d15bb55f550dfe104fa8fa17e9b52e0e3bfd8941,11240,11240,Nintendo LZ10,Nintendo LZ10
"포켓몬스터 하트골드 (Korea, IPKK, header ROM version 0)","포켓몬스터 소울실버 (Korea, IPGK, header ROM version 0)",/a/1/5/0,equal,5,5,,,0be1e1035abde05c9d2f92d1ef252f4d249d33a6c124b1e77ab3a1b9c2f31942,0be1e1035abde05c9d2f92d1ef252f4d249d33a6c124b1e77ab3a1b9c2f31942,1453,1453,Nintendo LZ10,Nintendo LZ10
"포켓몬스터 하트골드 (Korea, IPKK, header ROM version 0)","포켓몬스터 소울실버 (Korea, IPGK, header ROM version 0)",/a/1/5/0,equal,6,6,,,c8e9380e763e96d577be2e445652aa52e1b09b4a6c0cb3ac22c3710aab99e09a,c8e9380e763e96d577be2e445652aa52e1b09b4a6c0cb3ac22c3710aab99e09a,552,552,NCLR palette,NCLR palette
"포켓몬스터 하트골드 (Korea, IPKK, header ROM version 0)","포켓몬스터 소울실버 (Korea, IPGK, header ROM version 0)",/a/1/5/0,equal,7,7,,,e84c98a1789608d50989e0fd0c66d4fdb097f5215637db932f777dfa27f41cef,e84c98a1789608d50989e0fd0c66d4fdb097f5215637db932f777dfa27f41cef,11293,11293,Nintendo LZ10,Nintendo LZ10
"포켓몬스터 하트골드 (Korea, IPKK, header ROM version 0)","포켓몬스터 소울실버 (Korea, IPGK, header ROM version 0)",/a/1/5/0,equal,8,8,,,994eb117a98c37c248638aa393879744efad421914f61ee27bad07ea803a6de1,994eb117a98c37c248638aa393879744efad421914f61ee27bad07ea803a6de1,1452,1452,Nintendo LZ10,Nintendo LZ10
"포켓몬스터 하트골드 (Korea, IPKK, header ROM version 0)","포켓몬스터 소울실버 (Korea, IPGK, header ROM version 0)",/a/1/5/0,equal,9,9,,,e999350cbc0511f22083bde5aaf3716f042d171575d3da5f3590a836d9823ab1,e999350cbc0511f22083bde5aaf3716f042d171575d3da5f3590a836d9823ab1,552,552,NCLR palette,NCLR palette
"포켓몬스터 하트골드 (Korea, IPKK, header ROM version 0)","포켓몬스터 소울실버 (Korea, IPGK, header ROM version 0)",/a/1/5/0,equal,10,10,,,b49dbebffdbf4384a35e89a7254eca35579ae26ef97abb872d44ccc006ff2eba,b49dbebffdbf4384a35e89a7254eca35579ae26ef97abb872d44ccc006ff2eba,11257,11257,Nintendo LZ10,Nintendo LZ10
"포켓몬스터 하트골드 (Korea, IPKK, header ROM version 0)","포켓몬스터 소울실버 (Korea, IPGK, header ROM version 0)",/a/1/5/0,equal,11,11,,,994eb117a98c37c248638aa393879744efad421914f61ee27bad07ea803a6de1,994eb117a98c37c248638aa393879744efad421914f61ee27bad07ea803a6de1,1452,1452,Nintendo LZ10,Nintendo LZ10
"포켓몬스터 하트골드 (Korea, IPKK, header ROM version 0)","포켓몬스터 소울실버 (Korea, IPGK, header ROM version 0)",/a/1/5/0,equal,12,12,,,7b53c034297c6f0eeca15cb32d6a829500147b701c406ab9cba0b24a07f02b86,7b53c034297c6f0eeca15cb32d6a829500147b701c406ab9cba0b24a07f02b86,552,552,NCLR palette,NCLR palette
"포켓몬스터 하트골드 (Korea, IPKK, header ROM version 0)","포켓몬스터 소울실버 (Korea, IPGK, header ROM version 0)",/a/1/5/0,equal,13,13,,,3191c2d89b3a59eff7881bd42478f326eda527d4ecb744407a20490fe51ae63d,3191c2d89b3a59eff7881bd42478f326eda527d4ecb744407a20490fe51ae63d,11212,11212,Nintendo LZ10,Nintendo LZ10
"포켓몬스터 하트골드 (Korea, IPKK, header ROM version 0)","포켓몬스터 소울실버 (Korea, IPGK, header ROM version 0)",/a/1/5/0,equal,14,14,,,994eb117a98c37c248638aa393879744efad421914f61ee27bad07ea803a6de1,994eb117a98c37c248638aa393879744efad421914f61ee27bad07ea803a6de1,1452,1452,Nintendo LZ10,Nintendo LZ10
"포켓몬스터 하트골드 (Korea, IPKK, header ROM version 0)","포켓몬스터 소울실버 (Korea, IPGK, header ROM version 0)",/a/1/5/0,equal,15,15,,,3b032beb2c17eb649c66471696f2e3801539d81ccf1ec95aee55870fbf5d59a1,3b032beb2c17eb649c66471696f2e3801539d81ccf1ec95aee55870fbf5d59a1,552,552,NCLR palette,NCLR palette
"포켓몬스터 하트골드 (Korea, IPKK, header ROM version 0)","포켓몬스터 소울실버 (Korea, IPGK, header ROM version 0)",/a/1/5/0,equal,16,16,,,5698de5cdb58f030cfec145e1d25cbe8b54646565a7314cd9e47748db06549aa,5698de5cdb58f030cfec145e1d25cbe8b54646565a7314cd9e47748db06549aa,11181,11181,Nintendo LZ10,Nintendo LZ10
"포켓몬스터 하트골드 (Korea, IPKK, header ROM version 0)","포켓몬스터 소울실버 (Korea, IPGK, header ROM version 0)",/a/1/5/0,equal,17,17,,,994eb117a98c37c248638aa393879744efad421914f61ee27bad07ea803a6de1,994eb117a98c37c248638aa393879744efad421914f61ee27bad07ea803a6de1,1452,1452,Nintendo LZ10,Nintendo LZ10
"포켓몬스터 하트골드 (Korea, IPKK, header ROM version 0)","포켓몬스터 소울실버 (Korea, IPGK, header ROM version 0)",/a/1/5/0,equal,18,18,,,36d742275f08b628f6b8b70f00f2ccf70e6748e5e81e75f55771358b4fb74229,36d742275f08b628f6b8b70f00f2ccf70e6748e5e81e75f55771358b4fb74229,552,552,NCLR palette,NCLR palette
"포켓몬스터 하트골드 (Korea, IPKK, header ROM version 0)","포켓몬스터 소울실버 (Korea, IPGK, header ROM version 0)",/a/1/5/0,equal,19,19,,,50efae652d6643bcf05dd3d31ea227685d1541abe3b3eda85b9236a548b5ab42,50efae652d6643bcf05dd3d31ea227685d1541abe3b3eda85b9236a548b5ab42,8779,8779,Nintendo LZ10,Nintendo LZ10
"포켓몬스터 하트골드 (Korea, IPKK, header ROM version 0)","포켓몬스터 소울실버 (Korea, IPGK, header ROM version 0)",/a/1/5/0,equal,20,20,,,73b4b8f91e38b9e9f8972575749132ddd347db48c39f7e85c7606533f127e740,73b4b8f91e38b9e9f8972575749132ddd347db48c39f7e85c7606533f127e740,1249,1249,Nintendo LZ10,Nintendo LZ10
"포켓몬스터 하트골드 (Korea, IPKK, header ROM version 0)","포켓몬스터 소울실버 (Korea, IPGK, header ROM version 0)",/a/1/5/0,equal,21,21,,,dc9402ab8db8aa0408cf2404405b6038b08bb1fffd24a9f589a03f2e96ffaa2c,dc9402ab8db8aa0408cf2404405b6038b08bb1fffd24a9f589a03f2e96ffaa2c,552,552,NCLR palette,NCLR palette
"포켓몬스터 하트골드 (Korea, IPKK, header ROM version 0)","포켓몬스터 소울실버 (Korea, IPGK, header ROM version 0)",/a/1/5/0,equal,22,22,,,9abd78013a73a11c30030984a00ef8eac351b58bdfd65be1d964c67aa994c975,9abd78013a73a11c30030984a00ef8eac351b58bdfd65be1d964c67aa994c975,8724,8724,Nintendo LZ10,Nintendo LZ10
"포켓몬스터 하트골드 (Korea, IPKK, header ROM version 0)","포켓몬스터 소울실버 (Korea, IPGK, header ROM version 0)",/a/1/5/0,equal,23,23,,,f137e155993302997bfdc2bf04df3d8c0b574f1f53acbe9814af54a2c309bdd9,f137e155993302997bfdc2bf04df3d8c0b574f1f53acbe9814af54a2c309bdd9,1251,1251,Nintendo LZ10,Nintendo LZ10
"포켓몬스터 하트골드 (Korea, IPKK, header ROM version 0)","포켓몬스터 소울실버 (Korea, IPGK, header ROM version 0)",/a/1/5/0,equal,24,24,,,0fc059ce046c820657ba843737f321188f9982c1ae112159c950b377a15e59f8,0fc059ce046c820657ba843737f321188f9982c1ae112159c950b377a15e59f8,552,552,NCLR palette,NCLR palette
"포켓몬스터 하트골드 (Korea, IPKK, header ROM version 0)","포켓몬스터 소울실버 (Korea, IPGK, header ROM version 0)",/a/1/5/0,equal,25,25,,,949f43aad8c1c1d254758a7f895c0c54d537c14e1911c028181605ba0c55627b,949f43aad8c1c1d254758a7f895c0c54d537c14e1911c028181605ba0c55627b,10559,10559,Nintendo LZ10,Nintendo LZ10
"포켓몬스터 하트골드 (Korea, IPKK, header ROM version 0)","포켓몬스터 소울실버 (Korea, IPGK, header ROM version 0)",/a/1/5/0,equal,26,26,,,1f4ba21f562179b9c649a017636d316ee1d8c2395d2d7da87e07f8b7efa7ad36,1f4ba21f562179b9c649a017636d316ee1d8c2395d2d7da87e07f8b7efa7ad36,1759,1759,Nintendo LZ10,Nintendo LZ10
"포켓몬스터 하트골드 (Korea, IPKK, header ROM version 0)","포켓몬스터 소울실버 (Korea, IPGK, header ROM version 0)",/a/1/5/0,equal,27,27,,,4391de20fdcbc90c8704619235c7f17392ab2a94464d68fefba5a614e29be07d,4391de20fdcbc90c8704619235c7f17392ab2a94464d68fefba5a614e29be07d,552,552,NCLR palette,NCLR palette
"포켓몬스터 하트골드 (Korea, IPKK, header ROM version 0)","포켓몬스터 소울실버 (Korea, IPGK, header ROM version 0)",/a/1/5/0,equal,28,28,,,0d3b1f40bf26858c24b1405fa80da10ba76bc091c808319467c62e56e873476b,0d3b1f40bf26858c24b1405fa80da10ba76bc091c808319467c62e56e873476b,10060,10060,Nintendo LZ10,Nintendo LZ10
"포켓몬스터 하트골드 (Korea, IPKK, header ROM version 0)","포켓몬스터 소울실버 (Korea, IPGK, header ROM version 0)",/a/1/5/0,equal,29,29,,,f3b384ae04013baa3a2c77d5d2e1adc01c7a7216d2c3a4c52df1ed96e3f5aa17,f3b384ae04013baa3a2c77d5d2e1adc01c7a7216d2c3a4c52df1ed96e3f5aa17,1421,1421,Nintendo LZ10,Nintendo LZ10
"포켓몬스터 하트골드 (Korea, IPKK, header ROM version 0)","포켓몬스터 소울실버 (Korea, IPGK, header ROM version 0)",/a/1/5/0,equal,30,30,,,4391de20fdcbc90c8704619235c7f17392ab2a94464d68fefba5a614e29be07d,4391de20fdcbc90c8704619235c7f17392ab2a94464d68fefba5a614e29be07d,552,552,NCLR palette,NCLR palette
"포켓몬스터 하트골드 (Korea, IPKK, header ROM version 0)","포켓몬스터 소울실버 (Korea, IPGK, header ROM version 0)",/a/1/5/0,equal,31,31,,,02504bc34f4628d6bc117582367753518bcdfb68539ad558a2c9ae44249d729a,02504bc34f4628d6bc117582367753518bcdfb68539ad558a2c9ae44249d729a,10070,10070,Nintendo LZ10,Nintendo LZ10
"포켓몬스터 하트골드 (Korea, IPKK, header ROM version 0)","포켓몬스터 소울실버 (Korea, IPGK, header ROM version 0)",/a/1/5/0,equal,32,32,,,f3b384ae04013baa3a2c77d5d2e1adc01c7a7216d2c3a4c52df1ed96e3f5aa17,f3b384ae04013baa3a2c77d5d2e1adc01c7a7216d2c3a4c52df1ed96e3f5aa17,1421,1421,Nintendo LZ10,Nintendo LZ10
"포켓몬스터 하트골드 (Korea, IPKK, header ROM version 0)","포켓몬스터 소울실버 (Korea, IPGK, header ROM version 0)",/a/1/5/0,equal,33,33,,,4391de20fdcbc90c8704619235c7f17392ab2a94464d68fefba5a614e29be07d,4391de20fdcbc90c8704619235c7f17392ab2a94464d68fefba5a614e29be07d,552,552,NCLR palette,NCLR palette
"포켓몬스터 하트골드 (Korea, IPKK, header ROM version 0)","포켓몬스터 소울실버 (Korea, IPGK, header ROM version 0)",/a/1/5/0,equal,34,34,,,1a37e9afcc61207dd77e922ed1a8c8795dd0579d35a38c3211610c4314ea89f9,1a37e9afcc61207dd77e922ed1a8c8795dd0579d35a38c3211610c4314ea89f9,9999,9999,Nintendo LZ10,Nintendo LZ10
"포켓몬스터 하트골드 (Korea, IPKK, header ROM version 0)","포켓몬스터 소울실버 (Korea, IPGK, header ROM version 0)",/a/1/5/0,equal,35,35,,,f3b384ae04013baa3a2c77d5d2e1adc01c7a7216d2c3a4c52df1ed96e3f5aa17,f3b384ae04013baa3a2c77d5d2e1adc01c7a7216d2c3a4c52df1ed96e3f5aa17,1421,1421,Nintendo LZ10,Nintendo LZ10
"포켓몬스터 하트골드 (Korea, IPKK, header ROM version 0)","포켓몬스터 소울실버 (Korea, IPGK, header ROM version 0)",/a/1/5/0,equal,36,36,,,17430fd3408798d50e29d8f38855a2df190a079f1a2b34813f7c87234e2b3b81,17430fd3408798d50e29d8f38855a2df190a079f1a2b34813f7c87234e2b3b81,552,552,NCLR palette,NCLR palette
"포켓몬스터 하트골드 (Korea, IPKK, header ROM version 0)","포켓몬스터 소울실버 (Korea, IPGK, header ROM version 0)",/a/1/5/0,equal,37,37,,,7764f2230666216a5e6aa11bf479614740cb7fccf672f40b9c3efa9e0f6748d4,7764f2230666216a5e6aa11bf479614740cb7fccf672f40b9c3efa9e0f6748d4,11404,11404,Nintendo LZ10,Nintendo LZ10
"포켓몬스터 하트골드 (Korea, IPKK, header ROM version 0)","포켓몬스터 소울실버 (Korea, IPGK, header ROM version 0)",/a/1/5/0,equal,38,38,,,1643b6c653a2069ee11cc0c1f81923e821f4e53aebbeda54be96cbe0e9afc24c,1643b6c653a2069ee11cc0c1f81923e821f4e53aebbeda54be96cbe0e9afc24c,1394,1394,Nintendo LZ10,Nintendo LZ10
"포켓몬스터 하트골드 (Korea, IPKK, header ROM version 0)","포켓몬스터 소울실버 (Korea, IPGK, header ROM version 0)",/a/1/5/0,equal,39,39,,,2fedde139070c8afcc7dff299e0b02589552dd7318c51a29ae2b33a30a362b4b,2fedde139070c8afcc7dff299e0b02589552dd7318c51a29ae2b33a30a362b4b,552,552,NCLR palette,NCLR palette
"포켓몬스터 하트골드 (Korea, IPKK, header ROM version 0)","포켓몬스터 소울실버 (Korea, IPGK, header ROM version 0)",/a/1/5/0,equal,40,40,,,ce3acf4782878657bb92415767194b1f286609934fa49d4817199cc68c7a9728,ce3acf4782878657bb92415767194b1f286609934fa49d4817199cc68c7a9728,11362,11362,Nintendo LZ10,Nintendo LZ10
"포켓몬스터 하트골드 (Korea, IPKK, header ROM version 0)","포켓몬스터 소울실버 (Korea, IPGK, header ROM version 0)",/a/1/5/0,equal,41,41,,,909f635c8bbf23adeb917e245fb625b0440e235a9d11c0ecba6a9302e9e5cb4d,909f635c8bbf23adeb917e245fb625b0440e235a9d11c0ecba6a9302e9e5cb4d,1405,1405,Nintendo LZ10,Nintendo LZ10
"포켓몬스터 하트골드 (Korea, IPKK, header ROM version 0)","포켓몬스터 소울실버 (Korea, IPGK, header ROM version 0)",/a/1/5/0,equal,42,42,,,b9d7020b145ecf547995f83537f083aaccfc010c1e3d954f26608f4b8afd09fc,b9d7020b145ecf547995f83537f083aaccfc010c1e3d954f26608f4b8afd09fc,552,552,NCLR palette,NCLR palette
"포켓몬스터 하트골드 (Korea, IPKK, header ROM version 0)","포켓몬스터 소울실버 (Korea, IPGK, header ROM version 0)",/a/1/5/0,equal,43,43,,,ccf2c51dc0f193e3d1e60f7170ad7eca8238481c9a166e82899892552dac57bb,ccf2c51dc0f193e3d1e60f7170ad7eca8238481c9a166e82899892552dac57bb,11349,11349,Nintendo LZ10,Nintendo LZ10
"포켓몬스터 하트골드 (Korea, IPKK, header ROM version 0)","포켓몬스터 소울실버 (Korea, IPGK, header ROM version 0)",/a/1/5/0,equal,44,44,,,1643b6c653a2069ee11cc0c1f81923e821f4e53aebbeda54be96cbe0e9afc24c,1643b6c653a2069ee11cc0c1f81923e821f4e53aebbeda54be96cbe0e9afc24c,1394,1394,Nintendo LZ10,Nintendo LZ10
"포켓몬스터 하트골드 (Korea, IPKK, header ROM version 0)","포켓몬스터 소울실버 (Korea, IPGK, header ROM version 0)",/a/1/5/0,equal,45,45,,,7579ecdecbeb80c5b9c8b0edeccfeb9eaf3960d80431a75747bdfbbf8ec396c3,7579ecdecbeb80c5b9c8b0edeccfeb9eaf3960d80431a75747bdfbbf8ec396c3,552,552,NCLR palette,NCLR palette
"포켓몬스터 하트골드 (Korea, IPKK, header ROM version 0)","포켓몬스터 소울실버 (Korea, IPGK, header ROM version 0)",/a/1/5/0,equal,46,46,,,da2264db07c3c0cdba8799772feeb7ee735e64d9fb2424de008936c273711b90,da2264db07c3c0cdba8799772feeb7ee735e64d9fb2424de008936c273711b90,12966,12966,Nintendo LZ10,Nintendo LZ10
"포켓몬스터 하트골드 (Korea, IPKK, header ROM version 0)","포켓몬스터 소울실버 (Korea, IPGK, header ROM version 0)",/a/1/5/0,equal,47,47,,,0c14e5353da98e14ec27652d85b57e8ccf835fa653e3d419bb8024a7702967d6,0c14e5353da98e14ec27652d85b57e8ccf835fa653e3d419bb8024a7702967d6,1393,1393,Nintendo LZ10,Nintendo LZ10
"포켓몬스터 하트골드 (Korea, IPKK, header ROM version 0)","포켓몬스터 소울실버 (Korea, IPGK, header ROM version 0)",/a/1/5/0,equal,48,48,,,4e0b0918c53b1a48a7bb1ff75acd2087c08c3ccc584aa595ad129051c7e00f98,4e0b0918c53b1a48a7bb1ff75acd2087c08c3ccc584aa595ad129051c7e00f98,552,552,NCLR palette,NCLR palette
"포켓몬스터 하트골드 (Korea, IPKK, header ROM version 0)","포켓몬스터 소울실버 (Korea, IPGK, header ROM version 0)",/a/1/5/0,equal,49,49,,,69fb69071c80181d0708ccff61b906f712f2fefbe911eb6fa62daacf98a270cb,69fb69071c80181d0708ccff61b906f712f2fefbe911eb6fa62daacf98a270cb,12937,12937,Nintendo LZ10,Nintendo LZ10
"포켓몬스터 하트골드 (Korea, IPKK, header ROM version 0)","포켓몬스터 소울실버 (Korea, IPGK, header ROM version 0)",/a/1/5/0,equal,50,50,,,d9edb1c6dd41af957f55dfb561c57d582ba75f4197c612d4c130c89c851afe86,d9edb1c6dd41af957f55dfb561c57d582ba75f4197c612d4c130c89c851afe86,1377,1377,Nintendo LZ10,Nintendo LZ10
"포켓몬스터 하트골드 (Korea, IPKK, header ROM version 0)","포켓몬스터 소울실버 (Korea, IPGK, header ROM version 0)",/a/1/5/0,equal,51,51,,,14f7c8c7f723e5b3c604a6dc2b4a5345d0814eb1ebb35deea5315f4cf07e9bf0,14f7c8c7f723e5b3c604a6dc2b4a5345d0814eb1ebb35deea5315f4cf07e9bf0,552,552,NCLR palette,NCLR palette
"포켓몬스터 하트골드 (Korea, IPKK, header ROM version 0)","포켓몬스터 소울실버 (Korea, IPGK, header ROM version 0)",/a/1/5/0,equal,52,52,,,1bef2402cafd5fb9fabd31e16d62bf43e2621d2904b12e812624dcaef4ebe6aa,1bef2402cafd5fb9fabd31e16d62bf43e2621d2904b12e812624dcaef4ebe6aa,13113,13113,Nintendo LZ10,Nintendo LZ10
"포켓몬스터 하트골드 (Korea, IPKK, header ROM version 0)","포켓몬스터 소울실버 (Korea, IPGK, header ROM version 0)",/a/1/5/0,equal,53,53,,,e5b5698950f88ddd5ee2db494870ab115e94235558abcbd63d8dcb36ce12fad4,e5b5698950f88ddd5ee2db494870ab115e94235558abcbd63d8dcb36ce12fad4,1410,1410,Nintendo LZ10,Nintendo LZ10
"포켓몬스터 하트골드 (Korea, IPKK, header ROM version 0)","포켓몬스터 소울실버 (Korea, IPGK, header ROM version 0)",/a/1/5/0,equal,54,54,,,fbb15adb10528210f3a193b4a6d2c8c9f7fc64640e5ff48dfd38e598ecc13f65,fbb15adb10528210f3a193b4a6d2c8c9f7fc64640e5ff48dfd38e598ecc13f65,552,552,NCLR palette,NCLR palette
"포켓몬스터 하트골드 (Korea, IPKK, header ROM version 0)","포켓몬스터 소울실버 (Korea, IPGK, header ROM version 0)",/a/1/5/0,equal,55,55,,,d4e567460628580320d6be5020da0e75f302374d031e68001f6c1a27564966e4,d4e567460628580320d6be5020da0e75f302374d031e68001f6c1a27564966e4,13926,13926,Nintendo LZ10,Nintendo LZ10
"포켓몬스터 하트골드 (Korea, IPKK, header ROM version 0)","포켓몬스터 소울실버 (Korea, IPGK, header ROM version 0)",/a/1/5/0,equal,56,56,,,78976f12990a794129d637bc8acfca0d2641158925638b687744a6206e8ec603,78976f12990a794129d637bc8acfca0d2641158925638b687744a6206e8ec603,1490,1490,Nintendo LZ10,Nintendo LZ10
"포켓몬스터 하트골드 (Korea, IPKK, header ROM version 0)","포켓몬스터 소울실버 (Korea, IPGK, header ROM version 0)",/a/1/5/0,equal,57,57,,,2b7beb467bc6a470f8623859479be1b5be0c406cd97d284f5aee4506aec5895e,2b7beb467bc6a470f8623859479be1b5be0c406cd97d284f5aee4506aec5895e,552,552,NCLR palette,NCLR palette
"포켓몬스터 하트골드 (Korea, IPKK, header ROM version 0)","포켓몬스터 소울실버 (Korea, IPGK, header ROM version 0)",/a/1/5/0,equal,58,58,,,28e68b028a8ed07c77101ba460be37b76f6ac111748675aa9f175aaf34b6cebe,28e68b028a8ed07c77101ba460be37b76f6ac111748675aa9f175aaf34b6cebe,14359,14359,Nintendo LZ10,Nintendo LZ10
"포켓몬스터 하트골드 (Korea, IPKK, header ROM version 0)","포켓몬스터 소울실버 (Korea, IPGK, header ROM version 0)",/a/1/5/0,equal,59,59,,,f6b4753badbc06721db2c2a5c955ff6ddb2ea60541088e730e9d75ab12daab9c,f6b4753badbc06721db2c2a5c955ff6ddb2ea60541088e730e9d75ab12daab9c,1486,1486,Nintendo LZ10,Nintendo LZ10
"포켓몬스터 하트골드 (Korea, IPKK, header ROM version 0)","포켓몬스터 소울실버 (Korea, IPGK, header ROM version 0)",/a/1/5/0,equal,60,60,,,9b933e2b552961d86e52aacd2c4c27736514febafeae534b7f847e9e124d78ad,9b933e2b552961d86e52aacd2c4c27736514febafeae534b7f847e9e124d78ad,552,552,NCLR palette,NCLR palette
"포켓몬스터 하트골드 (Korea, IPKK, header ROM version 0)","포켓몬스터 소울실버 (Korea, IPGK, header ROM version 0)",/a/1/5/0,equal,61,61,,,09131d1344da651af06ea824ece04cd2dfc97668faa55516d8ced6036143bbb2,09131d1344da651af06ea824ece04cd2dfc97668faa55516d8ced6036143bbb2,13954,13954,Nintendo LZ10,Nintendo LZ10
"포켓몬스터 하트골드 (Korea, IPKK, header ROM version 0)","포켓몬스터 소울실버 (Korea, IPGK, header ROM version 0)",/a/1/5/0,equal,62,62,,,58d31abac32429f1630efcca7e94b2ff2764d8eeb90a0daddac9b3abd056ce05,58d31abac32429f1630efcca7e94b2ff2764d8eeb90a0daddac9b3abd056ce05,1497,1497,Nintendo LZ10,Nintendo LZ10
"포켓몬스터 하트골드 (Korea, IPKK, header ROM version 0)","포켓몬스터 소울실버 (Korea, IPGK, header ROM version 0)",/a/1/5/0,equal,63,63,,,df1ef1fb6120d43ccd22396822b67010f4c87c88c0490a7f65d39ea7566a7928,df1ef1fb6120d43ccd22396822b67010f4c87c88c0490a7f65d39ea7566a7928,552,552,NCLR palette,NCLR palette
"포켓몬스터 하트골드 (Korea, IPKK, header ROM version 0)","포켓몬스터 소울실버 (Korea, IPGK, header ROM version 0)",/a/1/5/0,equal,64,64,,,5e067e44d9f0251e64a958859fb7bb69d5669846b08fb5a6d2e098b7b6a31a1e,5e067e44d9f0251e64a958859fb7bb69d5669846b08fb5a6d2e098b7b6a31a1e,14111,14111,Nintendo LZ10,Nintendo LZ10
"포켓몬스터 하트골드 (Korea, IPKK, header ROM version 0)","포켓몬스터 소울실버 (Korea, IPGK, header ROM version 0)",/a/1/5/0,equal,65,65,,,d1cd416d43a05f951c54b17045042606c8ec8228be85e7db29cdec302e9b3995,d1cd416d43a05f951c54b17045042606c8ec8228be85e7db29cdec302e9b3995,1488,1488,Nintendo LZ10,Nintendo LZ10
"포켓몬스터 하트골드 (Korea, IPKK, header ROM version 0)","포켓몬스터 소울실버 (Korea, IPGK, header ROM version 0)",/a/1/5/0,equal,66,66,,,9bec764943ba649f2901f1dcfbd0ed00de99d63d06ab90410f5b855688e7fd5c,9bec764943ba649f2901f1dcfbd0ed00de99d63d06ab90410f5b855688e7fd5c,552,552,NCLR palette,NCLR palette
"포켓몬스터 하트골드 (Korea, IPKK, header ROM version 0)","포켓몬스터 소울실버 (Korea, IPGK, header ROM version 0)",/a/1/5/0,equal,67,67,,,39996288446ff98e01029fcd08a28e6d2f2e4331387cafc8f2b1eb9f91f89035,39996288446ff98e01029fcd08a28e6d2f2e4331387cafc8f2b1eb9f91f89035,11999,11999,Nintendo LZ10,Nintendo LZ10
"포켓몬스터 하트골드 (Korea, IPKK, header ROM version 0)","포켓몬스터 소울실버 (Korea, IPGK, header ROM version 0)",/a/1/5/0,equal,68,68,,,44ac9393d01f347c4f1a8c48558c21b33a40b11f13d3c1a6714672dc7bf933af,44ac9393d01f347c4f1a8c48558c21b33a40b11f13d3c1a6714672dc7bf933af,1441,1441,Nintendo LZ10,Nintendo LZ10
"포켓몬스터 하트골드 (Korea, IPKK, header ROM version 0)","포켓몬스터 소울실버 (Korea, IPGK, header ROM version 0)",/a/1/5/0,equal,69,69,,,2fc095d2abed654d3f2b28296c3b5056cebb6bb2818f19853231a9b688b32cde,2fc095d2abed654d3f2b28296c3b5056cebb6bb2818f19853231a9b688b32cde,552,552,NCLR palette,NCLR palette
"포켓몬스터 하트골드 (Korea, IPKK, header ROM version 0)","포켓몬스터 소울실버 (Korea, IPGK, header ROM version 0)",/a/1/5/0,equal,70,70,,,f82fdbd1227b6ad94992bb4c8e0d2d1d5a81903dc41292e83fd72084cb7fb61b,f82fdbd1227b6ad94992bb4c8e0d2d1d5a81903dc41292e83fd72084cb7fb61b,12406,12406,Nintendo LZ10,Nintendo LZ10
"포켓몬스터 하트골드 (Korea, IPKK, header ROM version 0)","포켓몬스터 소울실버 (Korea, IPGK, header ROM version 0)",/a/1/5/0,equal,71,71,,,08513ec29129b19d3caf09bd01ad9af73c478ee150bc3b478a2c230b07e9df7a,08513ec29129b19d3caf09bd01ad9af73c478ee150bc3b478a2c230b07e9df7a,1449,1449,Nintendo LZ10,Nintendo LZ10
"포켓몬스터 하트골드 (Korea, IPKK, header ROM version 0)","포켓몬스터 소울실버 (Korea, IPGK, header ROM version 0)",/a/1/5/0,equal,72,72,,,807c7554ff94a455f7016206f61683bf66c888fd5ef84d46a5c87e2a7d7ebc99,807c7554ff94a455f7016206f61683bf66c888fd5ef84d46a5c87e2a7d7ebc99,552,552,NCLR palette,NCLR palette
"포켓몬스터 하트골드 (Korea, IPKK, header ROM version 0)","포켓몬스터 소울실버 (Korea, IPGK, header ROM version 0)",/a/1/5/0,equal,73,73,,,329155cc5bc9c0ad4877adc6e3dbb314cdcd1ab68e8a0812f65b8f82b2f7271f,329155cc5bc9c0ad4877adc6e3dbb314cdcd1ab68e8a0812f65b8f82b2f7271f,13134,13134,Nintendo LZ10,Nintendo LZ10
"포켓몬스터 하트골드 (Korea, IPKK, header ROM version 0)","포켓몬스터 소울실버 (Korea, IPGK, header ROM version 0)",/a/1/5/0,equal,74,74,,,9891e137b3152805e67458caeb2704c9265d8000fd31037b3e1d785f2d8a5f1f,9891e137b3152805e67458caeb2704c9265d8000fd31037b3e1d785f2d8a5f1f,1472,1472,Nintendo LZ10,Nintendo LZ10
"포켓몬스터 하트골드 (Korea, IPKK, header ROM version 0)","포켓몬스터 소울실버 (Korea, IPGK, header ROM version 0)",/a/1/5/0,equal,75,75,,,37692ab00a050a3457a66c47fe373b8aa2733e59b895ed5f503ccf908809df2c,37692ab00a050a3457a66c47fe373b8aa2733e59b895ed5f503ccf908809df2c,552,552,NCLR palette,NCLR palette
"포켓몬스터 하트골드 (Korea, IPKK, header ROM version 0)","포켓몬스터 소울실버 (Korea, IPGK, header ROM version 0)",/a/1/5/0,equal,76,76,,,2c0ae38a9847fbfb57a0b9839083bddc609249f7b07396971f00c8963d0a89fa,2c0ae38a9847fbfb57a0b9839083bddc609249f7b07396971f00c8963d0a89fa,12193,12193,Nintendo LZ10,Nintendo LZ10
"포켓몬스터 하트골드 (Korea, IPKK, header ROM version 0)","포켓몬스터 소울실버 (Korea, IPGK, header ROM version 0)",/a/1/5/0,equal,77,77,,,8dd3b288fe8c5fe5296c1089814e1f8caadf1a0f1dbaf4d48d79442f86230913,8dd3b288fe8c5fe5296c1089814e1f8caadf1a0f1dbaf4d48d79442f86230913,1418,1418,Nintendo LZ10,Nintendo LZ10
"포켓몬스터 하트골드 (Korea, IPKK, header ROM version 0)","포켓몬스터 소울실버 (Korea, IPGK, header ROM version 0)",/a/1/5/0,equal,78,78,,,7ac0ce1efa3256d4add609fda8e62f12217578f940510bd3a3767ec1ffb4b2f1,7ac0ce1efa3256d4add609fda8e62f12217578f940510bd3a3767ec1ffb4b2f1,552,552,NCLR palette,NCLR palette
"포켓몬스터 하트골드 (Korea, IPKK, header ROM version 0)","포켓몬스터 소울실버 (Korea, IPGK, header ROM version 0)",/a/1/5/0,equal,79,79,,,b40e2412d05201ac0a4510e0253130f77940599bdba696a8161bb644b9c7379a,b40e2412d05201ac0a4510e0253130f77940599bdba696a8161bb644b9c7379a,9709,9709,Nintendo LZ10,Nintendo LZ10
"포켓몬스터 하트골드 (Korea, IPKK, header ROM version 0)","포켓몬스터 소울실버 (Korea, IPGK, header ROM version 0)",/a/1/5/0,equal,80,80,,,aba57f16ac4f986b5c5fe983390fd65acded51e08e965f7a0be6240a21a852b6,aba57f16ac4f986b5c5fe983390fd65acded51e08e965f7a0be6240a21a852b6,1217,1217,Nintendo LZ10,Nintendo LZ10
"포켓몬스터 하트골드 (Korea, IPKK, header ROM version 0)","포켓몬스터 소울실버 (Korea, IPGK, header ROM version 0)",/a/1/5/0,equal,81,81,,,b9a23e41c0e8411cb6b978f3124e00bebbd0bdcf35775d16c70b8d2309cf5f2e,b9a23e41c0e8411cb6b978f3124e00bebbd0bdcf35775d16c70b8d2309cf5f2e,552,552,NCLR palette,NCLR palette
"포켓몬스터 하트골드 (Korea, IPKK, header ROM version 0)","포켓몬스터 소울실버 (Korea, IPGK, header ROM version 0)",/a/1/5/0,equal,82,82,,,8f0cf0f2069cbf32584ebcf5c2811287a288c1334efb1c8a638556309e592745,8f0cf0f2069cbf32584ebcf5c2811287a288c1334efb1c8a638556309e592745,9830,9830,Nintendo LZ10,Nintendo LZ10
"포켓몬스터 하트골드 (Korea, IPKK, header ROM version 0)","포켓몬스터 소울실버 (Korea, IPGK, header ROM version 0)",/a/1/5/0,equal,83,83,,,d9f93a266e0cfa6d14d088f70413ce93db4666bfa001469c0c3f4d7cd4cf586c,d9f93a266e0cfa6d14d088f70413ce93db4666bfa001469c0c3f4d7cd4cf586c,1226,1226,Nintendo LZ10,Nintendo LZ10
"포켓몬스터 하트골드 (Korea, IPKK, header ROM version 0)","포켓몬스터 소울실버 (Korea, IPGK, header ROM version 0)",/a/1/5/0,equal,84,84,,,323153c89121bf16eb0b7ae4b1e5e458d3cf24ec5146e6f6a60357c1b87dc715,323153c89121bf16eb0b7ae4b1e5e458d3cf24ec5146e6f6a60357c1b87dc715,552,552,NCLR palette,NCLR palette
"포켓몬스터 하트골드 (Korea, IPKK, header ROM version 0)","포켓몬스터 소울실버 (Korea, IPGK, header ROM version 0)",/a/1/5/0,equal,85,85,,,4524c3e4c17cdcf01bdae25958cf2e0a7c3e62aa5ae18c009549ba2892504377,4524c3e4c17cdcf01bdae25958cf2e0a7c3e62aa5ae18c009549ba2892504377,9888,9888,Nintendo LZ10,Nintendo LZ10
"포켓몬스터 하트골드 (Korea, IPKK, header ROM version 0)","포켓몬스터 소울실버 (Korea, IPGK, header ROM version 0)",/a/1/5/0,equal,86,86,,,2dd1f9e4ebbada72e92c8c90fbd208d2891ad2fce056ee94e68a3fa8890f6fe2,2dd1f9e4ebbada72e92c8c90fbd208d2891ad2fce056ee94e68a3fa8890f6fe2,1229,1229,Nintendo LZ10,Nintendo LZ10
"포켓몬스터 하트골드 (Korea, IPKK, header ROM version 0)","포켓몬스터 소울실버 (Korea, IPGK, header ROM version 0)",/a/1/5/0,equal,87,87,,,3e18e159a178b3b97d0f164576b3f8e4b2e393d713337f2c1f62aaece9653a18,3e18e159a178b3b97d0f164576b3f8e4b2e393d713337f2c1f62aaece9653a18,552,552,NCLR palette,NCLR palette
"포켓몬스터 하트골드 (Korea, IPKK, header ROM version 0)","포켓몬스터 소울실버 (Korea, IPGK, header ROM version 0)",/a/1/5/0,equal,88,88,,,6fa649db60bf668887ec87659efba805aff7d276b85e021460860196fbe66c31,6fa649db60bf668887ec87659efba805aff7d276b85e021460860196fbe66c31,9589,9589,Nintendo LZ10,Nintendo LZ10
"포켓몬스터 하트골드 (Korea, IPKK, header ROM version 0)","포켓몬스터 소울실버 (Korea, IPGK, header ROM version 0)",/a/1/5/0,equal,89,89,,,beb2b75a2d1df63a7dd6cf66827e5e318cea98c7789497733112a679d221c43c,beb2b75a2d1df63a7dd6cf66827e5e318cea98c7789497733112a679d221c43c,1221,1221,Nintendo LZ10,Nintendo LZ10
"포켓몬스터 하트골드 (Korea, IPKK, header ROM version 0)","포켓몬스터 소울실버 (Korea, IPGK, header ROM version 0)",/a/1/5/0,equal,90,90,,,04cce91dc33938e6ec8c7fc1e1bdc4c82845d9260462866305b4c6395220eaa2,04cce91dc33938e6ec8c7fc1e1bdc4c82845d9260462866305b4c6395220eaa2,552,552,NCLR palette,NCLR palette
"포켓몬스터 하트골드 (Korea, IPKK, header ROM version 0)","포켓몬스터 소울실버 (Korea, IPGK, header ROM version 0)",/a/1/5/0,equal,91,91,,,e8f27c2ab870d8c4979cc8523efcfd80ce45af4e93c48ffab4d4ec996b07b64b,e8f27c2ab870d8c4979cc8523efcfd80ce45af4e93c48ffab4d4ec996b07b64b,8886,8886,Nintendo LZ10,Nintendo LZ10
"포켓몬스터 하트골드 (Korea, IPKK, header ROM version 0)","포켓몬스터 소울실버 (Korea, IPGK, header ROM version 0)",/a/1/5/0,equal,92,92,,,9f94b28e2850c2a6a7c7d927fb98e980ad5760f9ccf722163e91dfec58156800,9f94b28e2850c2a6a7c7d927fb98e980ad5760f9ccf722163e91dfec58156800,1072,1072,Nintendo LZ10,Nintendo LZ10
"포켓몬스터 하트골드 (Korea, IPKK, header ROM version 0)","포켓몬스터 소울실버 (Korea, IPGK, header ROM version 0)",/a/1/5/0,equal,93,93,,,e09b3391339bbab1dc96ea9c4d3351efcc4fc513fb513b5024b67e758c7ad4dd,e09b3391339bbab1dc96ea9c4d3351efcc4fc513fb513b5024b67e758c7ad4dd,552,552,NCLR palette,NCLR palette
"포켓몬스터 하트골드 (Korea, IPKK, header ROM version 0)","포켓몬스터 소울실버 (Korea, IPGK, header ROM version 0)",/a/1/5/0,equal,94,94,,,08bfefce04149baefaa653a4e068dba2c974662cc667cee503eaec432edb3aa5,08bfefce04149baefaa653a4e068dba2c974662cc667cee503eaec432edb3aa5,8869,8869,Nintendo LZ10,Nintendo LZ10
"포켓몬스터 하트골드 (Korea, IPKK, header ROM version 0)","포켓몬스터 소울실버 (Korea, IPGK, header ROM version 0)",/a/1/5/0,equal,95,95,,,8e4e362a040d8a6b31ea1bc19a59879ecf710bce0044f75492cb352c22a132a9,8e4e362a040d8a6b31ea1bc19a59879ecf710bce0044f75492cb352c22a132a9,1081,1081,Nintendo LZ10,Nintendo LZ10
"포켓몬스터 하트골드 (Korea, IPKK, header ROM version 0)","포켓몬스터 소울실버 (Korea, IPGK, header ROM version 0)",/a/1/5/0,equal,96,96,,,d0ec475cab9f20758d727aa47082ee96fb00ec45ff133be6a2d5540e3f2bef69,d0ec475cab9f20758d727aa47082ee96fb00ec45ff133be6a2d5540e3f2bef69,552,552,NCLR palette,NCLR palette
"포켓몬스터 하트골드 (Korea, IPKK, header ROM version 0)","포켓몬스터 소울실버 (Korea, IPGK, header ROM version 0)",/a/1/5/0,equal,97,97,,,08bfefce04149baefaa653a4e068dba2c974662cc667cee503eaec432edb3aa5,08bfefce04149baefaa653a4e068dba2c974662cc667cee503eaec432edb3aa5,8869,8869,Nintendo LZ10,Nintendo LZ10
"포켓몬스터 하트골드 (Korea, IPKK, header ROM version 0)","포켓몬스터 소울실버 (Korea, IPGK, header ROM version 0)",/a/1/5/0,equal,98,98,,,8e4e362a040d8a6b31ea1bc19a59879ecf710bce0044f75492cb352c22a132a9,8e4e362a040d8a6b31ea1bc19a59879ecf710bce0044f75492cb352c22a132a9,1081,1081,Nintendo LZ10,Nintendo LZ10
"포켓몬스터 하트골드 (Korea, IPKK, header ROM version 0)","포켓몬스터 소울실버 (Korea, IPGK, header ROM version 0)",/a/1/5/0,equal,99,99,,,bf1a3c9dbda96c56910267c1f0f3931c8d9751ab8f0e4f6ca544ca5b287cd6c6,bf1a3c9dbda96c56910267c1f0f3931c8d9751ab8f0e4f6ca544ca5b287cd6c6,552,552,NCLR palette,NCLR palette
"포켓몬스터 하트골드 (Korea, IPKK, header ROM version 0)","포켓몬스터 소울실버 (Korea, IPGK, header ROM version 0)",/a/1/5/0,equal,100,100,,,2226d75b8e3d8e9c52a0af4761c99e5a5068c9a2e119ee937cd7f4a0fb8e7cb6,2226d75b8e3d8e9c52a0af4761c99e5a5068c9a2e119ee937cd7f4a0fb8e7cb6,8871,8871,Nintendo LZ10,Nintendo LZ10
"포켓몬스터 하트골드 (Korea, IPKK, header ROM version 0)","포켓몬스터 소울실버 (Korea, IPGK, header ROM version 0)",/a/1/5/0,equal,101,101,,,9ca34c34ec8ae5e3e33ca556f475a66b07c72c26eb3886003be5be5ce3d2123a,9ca34c34ec8ae5e3e33ca556f475a66b07c72c26eb3886003be5be5ce3d2123a,1059,1059,Nintendo LZ10,Nintendo LZ10
"포켓몬스터 하트골드 (Korea, IPKK, header ROM version 0)","포켓몬스터 소울실버 (Korea, IPGK, header ROM version 0)",/a/1/5/0,equal,102,102,,,ade7834136b6e3108e68f977416d87e6e3a9e625041b94c6ea3587e2cfa83309,ade7834136b6e3108e68f977416d87e6e3a9e625041b94c6ea3587e2cfa83309,552,552,NCLR palette,NCLR palette
"포켓몬스터 하트골드 (Korea, IPKK, header ROM version 0)","포켓몬스터 소울실버 (Korea, IPGK, header ROM version 0)",/a/1/5/0,equal,103,103,,,af2cccb2bc4731eff8863b2f158782addf17231f100fd20a5c82c952fc13647e,af2cccb2bc4731eff8863b2f158782addf17231f100fd20a5c82c952fc13647e,17028,17028,Nintendo LZ10,Nintendo LZ10
"포켓몬스터 하트골드 (Korea, IPKK, header ROM version 0)","포켓몬스터 소울실버 (Korea, IPGK, header ROM version 0)",/a/1/5/0,equal,104,104,,,332c87b1dab46811a4fa76c664a82dd8c414bc970f5dcc181e184d8214f06063,332c87b1dab46811a4fa76c664a82dd8c414bc970f5dcc181e184d8214f06063,1486,1486,Nintendo LZ10,Nintendo LZ10
"포켓몬스터 하트골드 (Korea, IPKK, header ROM version 0)","포켓몬스터 소울실버 (Korea, IPGK, header ROM version 0)",/a/1/5/0,equal,105,105,,,588605714ea8e61f8489a6b92f400a5ba646ff13093e1848d2a990f8f0643105,588605714ea8e61f8489a6b92f400a5ba646ff13093e1848d2a990f8f0643105,552,552,NCLR palette,NCLR palette
"포켓몬스터 하트골드 (Korea, IPKK, header ROM version 0)","포켓몬스터 소울실버 (Korea, IPGK, header ROM version 0)",/a/1/5/0,equal,106,106,,,02de5d3992602eab07f3ce8413ebed2eb6715274f80c8af8f15d7e6f8029356f,02de5d3992602eab07f3ce8413ebed2eb6715274f80c8af8f15d7e6f8029356f,16983,16983,Nintendo LZ10,Nintendo LZ10
"포켓몬스터 하트골드 (Korea, IPKK, header ROM version 0)","포켓몬스터 소울실버 (Korea, IPGK, header ROM version 0)",/a/1/5/0,equal,107,107,,,332c87b1dab46811a4fa76c664a82dd8c414bc970f5dcc181e184d8214f06063,332c87b1dab46811a4fa76c664a82dd8c414bc970f5dcc181e184d8214f06063,1486,1486,Nintendo LZ10,Nintendo LZ10
"포켓몬스터 하트골드 (Korea, IPKK, header ROM version 0)","포켓몬스터 소울실버 (Korea, IPGK, header ROM version 0)",/a/1/5/0,equal,108,108,,,dea88299c63007d73255c20952906774ac49eba04c2401de3f8b1d6e57b7f1cc,dea88299c63007d73255c20952906774ac49eba04c2401de3f8b1d6e57b7f1cc,552,552,NCLR palette,NCLR palette
"포켓몬스터 하트골드 (Korea, IPKK, header ROM version 0)","포켓몬스터 소울실버 (Korea, IPGK, header ROM version 0)",/a/1/5/0,equal,109,109,,,52177824872a22de77bec68c68f8a9993a07ff1b5ed9d66f66cae5eeebfc75bd,52177824872a22de77bec68c68f8a9993a07ff1b5ed9d66f66cae5eeebfc75bd,16939,16939,Nintendo LZ10,Nintendo LZ10
"포켓몬스터 하트골드 (Korea, IPKK, header ROM version 0)","포켓몬스터 소울실버 (Korea, IPGK, header ROM version 0)",/a/1/5/0,equal,110,110,,,332c87b1dab46811a4fa76c664a82dd8c414bc970f5dcc181e184d8214f06063,332c87b1dab46811a4fa76c664a82dd8c414bc970f5dcc181e184d8214f06063,1486,1486,Nintendo LZ10,Nintendo LZ10
"포켓몬스터 하트골드 (Korea, IPKK, header ROM version 0)","포켓몬스터 소울실버 (Korea, IPGK, header ROM version 0)",/a/1/5/0,equal,111,111,,,4f758c01318bbc88d6f1a0269e263f0733aa8ee57a48479332183f837af30f90,4f758c01318bbc88d6f1a0269e263f0733aa8ee57a48479332183f837af30f90,552,552,NCLR palette,NCLR palette
"포켓몬스터 하트골드 (Korea, IPKK, header ROM version 0)","포켓몬스터 소울실버 (Korea, IPGK, header ROM version 0)",/a/1/5/0,equal,112,112,,,1e3927037df38e3597c18ee2067838b040db31f408de1a19e0a966df95b4d9e7,1e3927037df38e3597c18ee2067838b040db31f408de1a19e0a966df95b4d9e7,12015,12015,Nintendo LZ10,Nintendo LZ10
"포켓몬스터 하트골드 (Korea, IPKK, header ROM version 0)","포켓몬스터 소울실버 (Korea, IPGK, header ROM version 0)",/a/1/5/0,equal,113,113,,,72fb6837a7e7dbfd5b28e72e008064f8b25866d9c55d07535ba2d7d7788e7bc3,72fb6837a7e7dbfd5b28e72e008064f8b25866d9c55d07535ba2d7d7788e7bc3,1423,1423,Nintendo LZ10,Nintendo LZ10
"포켓몬스터 하트골드 (Korea, IPKK, header ROM version 0)","포켓몬스터 소울실버 (Korea, IPGK, header ROM version 0)",/a/1/5/0,equal,114,114,,,c5a23b5e1a31bf2171fd6c378f516df9ec88a76597a1fe0f8eb7b162dd368c50,c5a23b5e1a31bf2171fd6c378f516df9ec88a76597a1fe0f8eb7b162dd368c50,552,552,NCLR palette,NCLR palette
"포켓몬스터 하트골드 (Korea, IPKK, header ROM version 0)","포켓몬스터 소울실버 (Korea, IPGK, header ROM version 0)",/a/1/5/0,equal,115,115,,,5dc5252d567499d4f8ac3ef4008511c2aa6a3385cee1a929b49e6d52d9be3347,5dc5252d567499d4f8ac3ef4008511c2aa6a3385cee1a929b49e6d52d9be3347,11635,11635,Nintendo LZ10,Nintendo LZ10
"포켓몬스터 하트골드 (Korea, IPKK, header ROM version 0)","포켓몬스터 소울실버 (Korea, IPGK, header ROM version 0)",/a/1/5/0,equal,116,116,,,72fb6837a7e7dbfd5b28e72e008064f8b25866d9c55d07535ba2d7d7788e7bc3,72fb6837a7e7dbfd5b28e72e008064f8b25866d9c55d07535ba2d7d7788e7bc3,1423,1423,Nintendo LZ10,Nintendo LZ10
"포켓몬스터 하트골드 (Korea, IPKK, header ROM version 0)","포켓몬스터 소울실버 (Korea, IPGK, header ROM version 0)",/a/1/5/0,equal,117,117,,,cf2eef08f94f5ee8b8289db6f4a15d88e639cef20aaefdae5e71e0aeaf864773,cf2eef08f94f5ee8b8289db6f4a15d88e639cef20aaefdae5e71e0aeaf864773,552,552,NCLR palette,NCLR palette
"포켓몬스터 하트골드 (Korea, IPKK, header ROM version 0)","포켓몬스터 소울실버 (Korea, IPGK, header ROM version 0)",/a/1/5/0,equal,118,118,,,c022191e43263ab17e9543320710a3f8b1aa11d8bcd5ea24bbf218848c085291,c022191e43263ab17e9543320710a3f8b1aa11d8bcd5ea24bbf218848c085291,12020,12020,Nintendo LZ10,Nintendo LZ10
"포켓몬스터 하트골드 (Korea, IPKK, header ROM version 0)","포켓몬스터 소울실버 (Korea, IPGK, header ROM version 0)",/a/1/5/0,equal,119,119,,,f50546711b1c9fbc153129f8038c13aba9654fa166ddd35c34ec0272dcafe15c,f50546711b1c9fbc153129f8038c13aba9654fa166ddd35c34ec0272dcafe15c,1418,1418,Nintendo LZ10,Nintendo LZ10
"포켓몬스터 하트골드 (Korea, IPKK, header ROM version 0)","포켓몬스터 소울실버 (Korea, IPGK, header ROM version 0)",/a/1/5/0,equal,120,120,,,7e8cd80bafc1aa1c6ecbb4ef777271e00f299bd436fce8ae703dab1601957ec6,7e8cd80bafc1aa1c6ecbb4ef777271e00f299bd436fce8ae703dab1601957ec6,552,552,NCLR palette,NCLR palette
"포켓몬스터 하트골드 (Korea, IPKK, header ROM version 0)","포켓몬스터 소울실버 (Korea, IPGK, header ROM version 0)",/a/1/5/0,equal,121,121,,,f9fbd12c61ec157ba9f73951097b591e7d059f0f889cdc02e344892491123925,f9fbd12c61ec157ba9f73951097b591e7d059f0f889cdc02e344892491123925,10788,10788,Nintendo LZ10,Nintendo LZ10
"포켓몬스터 하트골드 (Korea, IPKK, header ROM version 0)","포켓몬스터 소울실버 (Korea, IPGK, header ROM version 0)",/a/1/5/0,equal,122,122,,,1cfa2237c2352f5941df0af74fa53fd9bb7e371fb760165d25379c2a5f8e9816,1cfa2237c2352f5941df0af74fa53fd9bb7e371fb760165d25379c2a5f8e9816,1359,1359,Nintendo LZ10,Nintendo LZ10
"포켓몬스터 하트골드 (Korea, IPKK, header ROM version 0)","포켓몬스터 소울실버 (Korea, IPGK, header ROM version 0)",/a/1/5/0,equal,123,123,,,7f16d4845375f9f18577ed72672ba5c93a6eee349732ac5d2ceb1e1915f6d513,7f16d4845375f9f18577ed72672ba5c93a6eee349732ac5d2ceb1e1915f6d513,552,552,NCLR palette,NCLR palette
"포켓몬스터 하트골드 (Korea, IPKK, header ROM version 0)","포켓몬스터 소울실버 (Korea, IPGK, header ROM version 0)",/a/1/5/0,equal,124,124,,,87be0a7e4179cc9518952f80a48033ac9ecd783fbc78d9c192d783a342482ca9,87be0a7e4179cc9518952f80a48033ac9ecd783fbc78d9c192d783a342482ca9,12600,12600,Nintendo LZ10,Nintendo LZ10
"포켓몬스터 하트골드 (Korea, IPKK, header ROM version 0)","포켓몬스터 소울실버 (Korea, IPGK, header ROM version 0)",/a/1/5/0,equal,125,125,,,81c6ce945bf11294619fafb9d676832d3f386d2355cda29152ae4bd515b735d8,81c6ce945bf11294619fafb9d676832d3f386d2355cda29152ae4bd515b735d8,1386,1386,Nintendo LZ10,Nintendo LZ10
"포켓몬스터 하트골드 (Korea, IPKK, header ROM version 0)","포켓몬스터 소울실버 (Korea, IPGK, header ROM version 0)",/a/1/5/0,equal,126,126,,,d5bea12eae6f06355af8735ef42ac6b7c0f6df26cb1e67125c321a94c0650dcd,d5bea12eae6f06355af8735ef42ac6b7c0f6df26cb1e67125c321a94c0650dcd,552,552,NCLR palette,NCLR palette
"포켓몬스터 하트골드 (Korea, IPKK, header ROM version 0)","포켓몬스터 소울실버 (Korea, IPGK, header ROM version 0)",/a/1/5/0,equal,127,127,,,3c887abcfc5804a1625ca4d9116c15702ef1675eb3bccc7b9f219df736bc9cc4,3c887abcfc5804a1625ca4d9116c15702ef1675eb3bccc7b9f219df736bc9cc4,12543,12543,Nintendo LZ10,Nintendo LZ10
"포켓몬스터 하트골드 (Korea, IPKK, header ROM version 0)","포켓몬스터 소울실버 (Korea, IPGK, header ROM version 0)",/a/1/5/0,equal,128,128,,,81c6ce945bf11294619fafb9d676832d3f386d2355cda29152ae4bd515b735d8,81c6ce945bf11294619fafb9d676832d3f386d2355cda29152ae4bd515b735d8,1386,1386,Nintendo LZ10,Nintendo LZ10
"포켓몬스터 하트골드 (Korea, IPKK, header ROM version 0)","포켓몬스터 소울실버 (Korea, IPGK, header ROM version 0)",/a/1/5/0,equal,129,129,,,6d241a29a965a30fe9ecd8149fd7fc978ddc378757af9a0ab9b713a8980b2325,6d241a29a965a30fe9ecd8149fd7fc978ddc378757af9a0ab9b713a8980b2325,552,552,NCLR palette,NCLR palette
"포켓몬스터 하트골드 (Korea, IPKK, header ROM version 0)","포켓몬스터 소울실버 (Korea, IPGK, header ROM version 0)",/a/1/5/0,equal,130,130,,,0815eeb23ebb8b0cf3681112f7b109386791724d30514dcf1c0ab5359d5beb1e,0815eeb23ebb8b0cf3681112f7b109386791724d30514dcf1c0ab5359d5beb1e,12730,12730,Nintendo LZ10,Nintendo LZ10
"포켓몬스터 하트골드 (Korea, IPKK, header ROM version 0)","포켓몬스터 소울실버 (Korea, IPGK, header ROM version 0)",/a/1/5/0,equal,131,131,,,81c6ce945bf11294619fafb9d676832d3f386d2355cda29152ae4bd515b735d8,81c6ce945bf11294619fafb9d676832d3f386d2355cda29152ae4bd515b735d8,1386,1386,Nintendo LZ10,Nintendo LZ10
"포켓몬스터 하트골드 (Korea, IPKK, header ROM version 0)","포켓몬스터 소울실버 (Korea, IPGK, header ROM version 0)",/a/1/5/0,equal,132,132,,,eede5b80f1cc52f5c2a36946f45a2165c3d479dbb7b9b95f87394c77cf4b1f16,eede5b80f1cc52f5c2a36946f45a2165c3d479dbb7b9b95f87394c77cf4b1f16,552,552,NCLR palette,NCLR palette
"포켓몬스터 하트골드 (Korea, IPKK, header ROM version 0)","포켓몬스터 소울실버 (Korea, IPGK, header ROM version 0)",/a/1/5/0,equal,133,133,,,817464684752feb38dd6413f51a34a3e1011817ecfcf00f51cf626def01f2895,817464684752feb38dd6413f51a34a3e1011817ecfcf00f51cf626def01f2895,12601,12601,Nintendo LZ10,Nintendo LZ10
"포켓몬스터 하트골드 (Korea, IPKK, header ROM version 0)","포켓몬스터 소울실버 (Korea, IPGK, header ROM version 0)",/a/1/5/0,equal,134,134,,,60b19b779cd18f22f4d6b0a8f359fe37598c0f2ddc605f6ad17f56bc259b851d,60b19b779cd18f22f4d6b0a8f359fe37598c0f2ddc605f6ad17f56bc259b851d,1381,1381,Nintendo LZ10,Nintendo LZ10
"포켓몬스터 하트골드 (Korea, IPKK, header ROM version 0)","포켓몬스터 소울실버 (Korea, IPGK, header ROM version 0)",/a/1/5/0,equal,135,135,,,ae71261ad6dfd5ae5f93f3181538c22bb7f340fad0f44af368fdd9af104b5ac8,ae71261ad6dfd5ae5f93f3181538c22bb7f340fad0f44af368fdd9af104b5ac8,552,552,NCLR palette,NCLR palette
"포켓몬스터 하트골드 (Korea, IPKK, header ROM version 0)","포켓몬스터 소울실버 (Korea, IPGK, header ROM version 0)",/a/1/5/0,equal,136,136,,,59373aa8572c058502948c0ea29460fcf35b359de0613bb027cd7010d1755994,59373aa8572c058502948c0ea29460fcf35b359de0613bb027cd7010d1755994,12504,12504,Nintendo LZ10,Nintendo LZ10
"포켓몬스터 하트골드 (Korea, IPKK, header ROM version 0)","포켓몬스터 소울실버 (Korea, IPGK, header ROM version 0)",/a/1/5/0,equal,137,137,,,6f99b1735f942056c248b0ee6a2da2b03b5346b05d522e64f7c59ffe77c8ae52,6f99b1735f942056c248b0ee6a2da2b03b5346b05d522e64f7c59ffe77c8ae52,1376,1376,Nintendo LZ10,Nintendo LZ10
"포켓몬스터 하트골드 (Korea, IPKK, header ROM version 0)","포켓몬스터 소울실버 (Korea, IPGK, header ROM version 0)",/a/1/5/0,equal,138,138,,,eecac7408ed6ea5e2c5386190ac9be98c11fcddcd312be36fab20b9765178239,eecac7408ed6ea5e2c5386190ac9be98c11fcddcd312be36fab20b9765178239,552,552,NCLR palette,NCLR palette
"포켓몬스터 하트골드 (Korea, IPKK, header ROM version 0)","포켓몬스터 소울실버 (Korea, IPGK, header ROM version 0)",/a/1/5/0,equal,139,139,,,08b06ebdacafc70c2eb492b18fa79025371017190662f9cfed9db4868cec28cc,08b06ebdacafc70c2eb492b18fa79025371017190662f9cfed9db4868cec28cc,12696,12696,Nintendo LZ10,Nintendo LZ10
"포켓몬스터 하트골드 (Korea, IPKK, header ROM version 0)","포켓몬스터 소울실버 (Korea, IPGK, header ROM version 0)",/a/1/5/0,equal,140,140,,,de6b959e9a8bd6b63b0b17ac51ed51308093b199db108aefc3b4df938c2b9c1d,de6b959e9a8bd6b63b0b17ac51ed51308093b199db108aefc3b4df938c2b9c1d,1381,1381,Nintendo LZ10,Nintendo LZ10
"포켓몬스터 하트골드 (Korea, IPKK, header ROM version 0)","포켓몬스터 소울실버 (Korea, IPGK, header ROM version 0)",/a/1/5/0,equal,141,141,,,bf0cab18571f47fdf85bfdc9f16b7dc39f321abf73f12abaac1a1d9036b83c58,bf0cab18571f47fdf85bfdc9f16b7dc39f321abf73f12abaac1a1d9036b83c58,552,552,NCLR palette,NCLR palette
"포켓몬스터 하트골드 (Korea, IPKK, header ROM version 0)","포켓몬스터 소울실버 (Korea, IPGK, header ROM version 0)",/a/1/5/0,equal,142,142,,,62f3f254915a089b79ae6e0daca9fc9300638dd5fcc0dece0760cd419c882878,62f3f254915a089b79ae6e0daca9fc9300638dd5fcc0dece0760cd419c882878,13125,13125,Nintendo LZ10,Nintendo LZ10
"포켓몬스터 하트골드 (Korea, IPKK, header ROM version 0)","포켓몬스터 소울실버 (Korea, IPGK, header ROM version 0)",/a/1/5/0,equal,143,143,,,6dddab03a6c58c294e89529c06d06748ff8f912c5636a941a9e4420a786673ae,6dddab03a6c58c294e89529c06d06748ff8f912c5636a941a9e4420a786673ae,1459,1459,Nintendo LZ10,Nintendo LZ10
"포켓몬스터 하트골드 (Korea, IPKK, header ROM version 0)","포켓몬스터 소울실버 (Korea, IPGK, header ROM version 0)",/a/1/5/0,equal,144,144,,,4ffc9505b37a52f13bb077121f78bd6189a33bf3b992c56dca8651d27de801ea,4ffc9505b37a52f13bb077121f78bd6189a33bf3b992c56dca8651d27de801ea,552,552,NCLR palette,NCLR palette
"포켓몬스터 하트골드 (Korea, IPKK, header ROM version 0)","포켓몬스터 소울실버 (Korea, IPGK, header ROM version 0)",/a/1/5/0,equal,145,145,,,99971669027d7b036b6051aad83c2ba078125afa868a69da8a19cf497463340d,99971669027d7b036b6051aad83c2ba078125afa868a69da8a19cf497463340d,13167,13167,Nintendo LZ10,Nintendo LZ10
"포켓몬스터 하트골드 (Korea, IPKK, header ROM version 0)","포켓몬스터 소울실버 (Korea, IPGK, header ROM version 0)",/a/1/5/0,equal,146,146,,,6dddab03a6c58c294e89529c06d06748ff8f912c5636a941a9e4420a786673ae,6dddab03a6c58c294e89529c06d06748ff8f912c5636a941a9e4420a786673ae,1459,1459,Nintendo LZ10,Nintendo LZ10
"포켓몬스터 하트골드 (Korea, IPKK, header ROM version 0)","포켓몬스터 소울실버 (Korea, IPGK, header ROM version 0)",/a/1/5/0,equal,147,147,,,122bcab197c4d3f3e379c1ac2074edd6841f70be488c0870637f9471d0c3161e,122bcab197c4d3f3e379c1ac2074edd6841f70be488c0870637f9471d0c3161e,552,552,NCLR palette,NCLR palette
"포켓몬스터 하트골드 (Korea, IPKK, header ROM version 0)","포켓몬스터 소울실버 (Korea, IPGK, header ROM version 0)",/a/1/5/0,equal,148,148,,,2fbe6d01365c92ec0570da42aba93c3769de2e6cc992075f1aa125dc4de72ffe,2fbe6d01365c92ec0570da42aba93c3769de2e6cc992075f1aa125dc4de72ffe,13116,13116,Nintendo LZ10,Nintendo LZ10
"포켓몬스터 하트골드 (Korea, IPKK, header ROM version 0)","포켓몬스터 소울실버 (Korea, IPGK, header ROM version 0)",/a/1/5/0,equal,149,149,,,6dddab03a6c58c294e89529c06d06748ff8f912c5636a941a9e4420a786673ae,6dddab03a6c58c294e89529c06d06748ff8f912c5636a941a9e4420a786673ae,1459,1459,Nintendo LZ10,Nintendo LZ10
"포켓몬스터 하트골드 (Korea, IPKK, header ROM version 0)","포켓몬스터 소울실버 (Korea, IPGK, header ROM version 0)",/a/1/5/0,equal,150,150,,,37293d702649fde32a16fd9b9d6fabe915aa8e0837c64458c5c2e402c119dc07,37293d702649fde32a16fd9b9d6fabe915aa8e0837c64458c5c2e402c119dc07,552,552,NCLR palette,NCLR palette
"포켓몬스터 하트골드 (Korea, IPKK, header ROM version 0)","포켓몬스터 소울실버 (Korea, IPGK, header ROM version 0)",/a/1/5/0,equal,151,151,,,bc47f5da8df87d7f98420ef4a0cc98e87f97fbe27ffe306cebeb6302a50d371e,bc47f5da8df87d7f98420ef4a0cc98e87f97fbe27ffe306cebeb6302a50d371e,12281,12281,Nintendo LZ10,Nintendo LZ10
"포켓몬스터 하트골드 (Korea, IPKK, header ROM version 0)","포켓몬스터 소울실버 (Korea, IPGK, header ROM version 0)",/a/1/5/0,equal,152,152,,,86d679893d93687484532ac018160bce7b158f5a69ac2107c112efe309362eec,86d679893d93687484532ac018160bce7b158f5a69ac2107c112efe309362eec,1345,1345,Nintendo LZ10,Nintendo LZ10
"포켓몬스터 하트골드 (Korea, IPKK, header ROM version 0)","포켓몬스터 소울실버 (Korea, IPGK, header ROM version 0)",/a/1/5/0,equal,153,153,,,2e7c240a78d7a1258f13aadecf08af7e898fbee0c8f53962b78ceb17f3c45eca,2e7c240a78d7a1258f13aadecf08af7e898fbee0c8f53962b78ceb17f3c45eca,552,552,NCLR palette,NCLR palette
"포켓몬스터 하트골드 (Korea, IPKK, header ROM version 0)","포켓몬스터 소울실버 (Korea, IPGK, header ROM version 0)",/a/1/5/0,equal,154,154,,,18c4e26a8618ca1851ad69994514209205507fa902dfb2db02ee8fecbab4237a,18c4e26a8618ca1851ad69994514209205507fa902dfb2db02ee8fecbab4237a,12371,12371,Nintendo LZ10,Nintendo LZ10
"포켓몬스터 하트골드 (Korea, IPKK, header ROM version 0)","포켓몬스터 소울실버 (Korea, IPGK, header ROM version 0)",/a/1/5/0,equal,155,155,,,d4b066378a7b671cfe389b267c45a647ad25830afd996866c6d202861a98276d,d4b066378a7b671cfe389b267c45a647ad25830afd996866c6d202861a98276d,1347,1347,Nintendo LZ10,Nintendo LZ10
"포켓몬스터 하트골드 (Korea, IPKK, header ROM version 0)","포켓몬스터 소울실버 (Korea, IPGK, header ROM version 0)",/a/1/5/0,equal,156,156,,,41e2df08309929b4cfa33d0590b33fe5aa4ae46accf78d8e27a11d029f721f68,41e2df08309929b4cfa33d0590b33fe5aa4ae46accf78d8e27a11d029f721f68,552,552,NCLR palette,NCLR palette
"포켓몬스터 하트골드 (Korea, IPKK, header ROM version 0)","포켓몬스터 소울실버 (Korea, IPGK, header ROM version 0)",/a/1/5/0,equal,157,157,,,fbd806afe87fb8cefeeca32a764f064e01435dd4747b5ccb650a568fc9191ee5,fbd806afe87fb8cefeeca32a764f064e01435dd4747b5ccb650a568fc9191ee5,12267,12267,Nintendo LZ10,Nintendo LZ10
"포켓몬스터 하트골드 (Korea, IPKK, header ROM version 0)","포켓몬스터 소울실버 (Korea, IPGK, header ROM version 0)",/a/1/5/0,equal,158,158,,,a2263a9b74fbe502aadcda446c06f52255b5b0fa6e973c46e2c7b0438957351e,a2263a9b74fbe502aadcda446c06f52255b5b0fa6e973c46e2c7b0438957351e,1359,1359,Nintendo LZ10,Nintendo LZ10
"포켓몬스터 하트골드 (Korea, IPKK, header ROM version 0)","포켓몬스터 소울실버 (Korea, IPGK, header ROM version 0)",/a/1/5/0,equal,159,159,,,4e76753c8484e35c62e9cbc3af854a65108fc9941b062db2f626635b3344109f,4e76753c8484e35c62e9cbc3af854a65108fc9941b062db2f626635b3344109f,552,552,NCLR palette,NCLR palette
"포켓몬스터 하트골드 (Korea, IPKK, header ROM version 0)","포켓몬스터 소울실버 (Korea, IPGK, header ROM version 0)",/a/1/5/0,equal,160,160,,,f1cc713f6028bfe0e9994a8e7e7ddad394a9e4615461b8631f8584782a5030ca,f1cc713f6028bfe0e9994a8e7e7ddad394a9e4615461b8631f8584782a5030ca,10966,10966,Nintendo LZ10,Nintendo LZ10
"포켓몬스터 하트골드 (Korea, IPKK, header ROM version 0)","포켓몬스터 소울실버 (Korea, IPGK, header ROM version 0)",/a/1/5/0,equal,161,161,,,7b1edbdd091588a24b3e7c9df53e7abed468d78ee068ba05dfac09d261d0da84,7b1edbdd091588a24b3e7c9df53e7abed468d78ee068ba05dfac09d261d0da84,1391,1391,Nintendo LZ10,Nintendo LZ10
"포켓몬스터 하트골드 (Korea, IPKK, header ROM version 0)","포켓몬스터 소울실버 (Korea, IPGK, header ROM version 0)",/a/1/5/0,equal,162,162,,,1b2f0a59599fb1145867105017ba6a2cb55bf083bdbb9d5dc2a35d2d5c345fe0,1b2f0a59599fb1145867105017ba6a2cb55bf083bdbb9d5dc2a35d2d5c345fe0,552,552,NCLR palette,NCLR palette
"포켓몬스터 하트골드 (Korea, IPKK, header ROM version 0)","포켓몬스터 소울실버 (Korea, IPGK, header ROM version 0)",/a/1/5/0,equal,163,163,,,68da44edb9addec5e5aff8429bb4dd8f0b0a66654ec3be37cef6fc654bc1a64b,68da44edb9addec5e5aff8429bb4dd8f0b0a66654ec3be37cef6fc654bc1a64b,11458,11458,Nintendo LZ10,Nintendo LZ10
"포켓몬스터 하트골드 (Korea, IPKK, header ROM version 0)","포켓몬스터 소울실버 (Korea, IPGK, header ROM version 0)",/a/1/5/0,equal,164,164,,,ab040150f8d5103c21ab79d0372934693790cb4a43f9f54bb2475c18a8b61033,ab040150f8d5103c21ab79d0372934693790cb4a43f9f54bb2475c18a8b61033,1404,1404,Nintendo LZ10,Nintendo LZ10
"포켓몬스터 하트골드 (Korea, IPKK, header ROM version 0)","포켓몬스터 소울실버 (Korea, IPGK, header ROM version 0)",/a/1/5/0,equal,165,165,,,01e2e794bedf865f4aa0f0a3ad9d2bdd0ad5e86f68b63f9bb1df530a05b51758,01e2e794bedf865f4aa0f0a3ad9d2bdd0ad5e86f68b63f9bb1df530a05b51758,552,552,NCLR palette,NCLR palette
"포켓몬스터 하트골드 (Korea, IPKK, header ROM version 0)","포켓몬스터 소울실버 (Korea, IPGK, header ROM version 0)",/a/1/5/0,equal,166,166,,,4ed0a0cb36c8014e01f2becfb6b93665511181c8ccfad690ef67ff7c0e6f870b,4ed0a0cb36c8014e01f2becfb6b93665511181c8ccfad690ef67ff7c0e6f870b,12438,12438,Nintendo LZ10,Nintendo LZ10
"포켓몬스터 하트골드 (Korea, IPKK, header ROM version 0)","포켓몬스터 소울실버 (Korea, IPGK, header ROM version 0)",/a/1/5/0,equal,167,167,,,671baedca37e72df51445f0fd310991b7d5319247fa024c9a86bf2a91afad868,671baedca37e72df51445f0fd310991b7d5319247fa024c9a86bf2a91afad868,1452,1452,Nintendo LZ10,Nintendo LZ10
"포켓몬스터 하트골드 (Korea, IPKK, header ROM version 0)","포켓몬스터 소울실버 (Korea, IPGK, header ROM version 0)",/a/1/5/0,equal,168,168,,,de04ef384173429c9d373164afc1b1a27752d1637a0802f9fa33037d1fe91843,de04ef384173429c9d373164afc1b1a27752d1637a0802f9fa33037d1fe91843,552,552,NCLR palette,NCLR palette
"포켓몬스터 하트골드 (Korea, IPKK, header ROM version 0)","포켓몬스터 소울실버 (Korea, IPGK, header ROM version 0)",/a/1/5/0,equal,169,169,,,3597b758182636f4e110c75c2f295f01d221ac65add39230d84e2e01344ed611,3597b758182636f4e110c75c2f295f01d221ac65add39230d84e2e01344ed611,11224,11224,Nintendo LZ10,Nintendo LZ10
"포켓몬스터 하트골드 (Korea, IPKK, header ROM version 0)","포켓몬스터 소울실버 (Korea, IPGK, header ROM version 0)",/a/1/5/0,equal,170,170,,,0d3a7e483e056b0621ccbf1929c33dde7514dfe7894b83bf99f8442239d0608f,0d3a7e483e056b0621ccbf1929c33dde7514dfe7894b83bf99f8442239d0608f,1440,1440,Nintendo LZ10,Nintendo LZ10
"포켓몬스터 하트골드 (Korea, IPKK, header ROM version 0)","포켓몬스터 소울실버 (Korea, IPGK, header ROM version 0)",/a/1/5/0,equal,171,171,,,184145a98b988dfc9952567ea1ec10023849a0f82692aa293f4f0a7cd3f03f57,184145a98b988dfc9952567ea1ec10023849a0f82692aa293f4f0a7cd3f03f57,552,552,NCLR palette,NCLR palette
"포켓몬스터 하트골드 (Korea, IPKK, header ROM version 0)","포켓몬스터 소울실버 (Korea, IPGK, header ROM version 0)",/a/1/5/0,equal,172,172,,,38ada33d680830caf894e2586ca0d505a1ead5cc1d2117d709fee5dc23669539,38ada33d680830caf894e2586ca0d505a1ead5cc1d2117d709fee5dc23669539,10893,10893,Nintendo LZ10,Nintendo LZ10
"포켓몬스터 하트골드 (Korea, IPKK, header ROM version 0)","포켓몬스터 소울실버 (Korea, IPGK, header ROM version 0)",/a/1/5/0,equal,173,173,,,e31e9dd67fe1163c375429fa8a37d4387bb871e2f1d3d3ff72a61cd91c61e8c7,e31e9dd67fe1163c375429fa8a37d4387bb871e2f1d3d3ff72a61cd91c61e8c7,1456,1456,Nintendo LZ10,Nintendo LZ10
"포켓몬스터 하트골드 (Korea, IPKK, header ROM version 0)","포켓몬스터 소울실버 (Korea, IPGK, header ROM version 0)",/a/1/5/0,equal,174,174,,,83282aa774b3fe9c9d7883a62d2637c27e1a8d0eade8f42db7abf61a3793d787,83282aa774b3fe9c9d7883a62d2637c27e1a8d0eade8f42db7abf61a3793d787,552,552,NCLR palette,NCLR palette
"포켓몬스터 하트골드 (Korea, IPKK, header ROM version 0)","포켓몬스터 소울실버 (Korea, IPGK, header ROM version 0)",/a/1/5/0,equal,175,175,,,d0bed6b8e9f3500de24ddecbb80c553c42d16adea0c4c80d14b8bf4de0f29783,d0bed6b8e9f3500de24ddecbb80c553c42d16adea0c4c80d14b8bf4de0f29783,10900,10900,Nintendo LZ10,Nintendo LZ10
"포켓몬스터 하트골드 (Korea, IPKK, header ROM version 0)","포켓몬스터 소울실버 (Korea, IPGK, header ROM version 0)",/a/1/5/0,equal,176,176,,,e31e9dd67fe1163c375429fa8a37d4387bb871e2f1d3d3ff72a61cd91c61e8c7,e31e9dd67fe1163c375429fa8a37d4387bb871e2f1d3d3ff72a61cd91c61e8c7,1456,1456,Nintendo LZ10,Nintendo LZ10
"포켓몬스터 하트골드 (Korea, IPKK, header ROM version 0)","포켓몬스터 소울실버 (Korea, IPGK, header ROM version 0)",/a/1/5/0,equal,177,177,,,af3aecd686c2d4e5fa454ab1409dcef4b7da6f3308d1472d71fff847d497da4c,af3aecd686c2d4e5fa454ab1409dcef4b7da6f3308d1472d71fff847d497da4c,552,552,NCLR palette,NCLR palette
"포켓몬스터 하트골드 (Korea, IPKK, header ROM version 0)","포켓몬스터 소울실버 (Korea, IPGK, header ROM version 0)",/a/1/5/0,equal,178,178,,,3be6c27bbb4bcd9a8f8238abb05fc3b8c54af0f691c77b2a0a21494eca482414,3be6c27bbb4bcd9a8f8238abb05fc3b8c54af0f691c77b2a0a21494eca482414,11078,11078,Nintendo LZ10,Nintendo LZ10
"포켓몬스터 하트골드 (Korea, IPKK, header ROM version 0)","포켓몬스터 소울실버 (Korea, IPGK, header ROM version 0)",/a/1/5/0,equal,179,179,,,e31e9dd67fe1163c375429fa8a37d4387bb871e2f1d3d3ff72a61cd91c61e8c7,e31e9dd67fe1163c375429fa8a37d4387bb871e2f1d3d3ff72a61cd91c61e8c7,1456,1456,Nintendo LZ10,Nintendo LZ10
"포켓몬스터 하트골드 (Korea, IPKK, header ROM version 0)","포켓몬스터 소울실버 (Korea, IPGK, header ROM version 0)",/a/1/5/0,equal,180,180,,,cb46cee211f9232d614a5ce13244bbf45f8920879608e2061018574c935d66d8,cb46cee211f9232d614a5ce13244bbf45f8920879608e2061018574c935d66d8,552,552,NCLR palette,NCLR palette
"포켓몬스터 하트골드 (Korea, IPKK, header ROM version 0)","포켓몬스터 소울실버 (Korea, IPGK, header ROM version 0)",/a/1/5/0,equal,181,181,,,14370f8022195aba9f77934e8da19df31e2fd787e75c32316b8e352435d987ef,14370f8022195aba9f77934e8da19df31e2fd787e75c32316b8e352435d987ef,9790,9790,Nintendo LZ10,Nintendo LZ10
"포켓몬스터 하트골드 (Korea, IPKK, header ROM version 0)","포켓몬스터 소울실버 (Korea, IPGK, header ROM version 0)",/a/1/5/0,equal,182,182,,,55f73860b3b2dcc81e4376f1cf9b345cdb57472d4d5276846ff777b27e311a34,55f73860b3b2dcc81e4376f1cf9b345cdb57472d4d5276846ff777b27e311a34,1454,1454,Nintendo LZ10,Nintendo LZ10
"포켓몬스터 하트골드 (Korea, IPKK, header ROM version 0)","포켓몬스터 소울실버 (Korea, IPGK, header ROM version 0)",/a/1/5/0,equal,183,183,,,2221b261a65035798e188ba25489e10795a836f40f94094ab371ff567c5b542c,2221b261a65035798e188ba25489e10795a836f40f94094ab371ff567c5b542c,552,552,NCLR palette,NCLR palette
"포켓몬스터 하트골드 (Korea, IPKK, header ROM version 0)","포켓몬스터 소울실버 (Korea, IPGK, header ROM version 0)",/a/1/5/0,equal,184,184,,,7f9298ea148662f2b4176032e989da66b051bcfab6cc0877e9b2e2a76d192cff,7f9298ea148662f2b4176032e989da66b051bcfab6cc0877e9b2e2a76d192cff,9706,9706,Nintendo LZ10,Nintendo LZ10
"포켓몬스터 하트골드 (Korea, IPKK, header ROM version 0)","포켓몬스터 소울실버 (Korea, IPGK, header ROM version 0)",/a/1/5/0,equal,185,185,,,55f73860b3b2dcc81e4376f1cf9b345cdb57472d4d5276846ff777b27e311a34,55f73860b3b2dcc81e4376f1cf9b345cdb57472d4d5276846ff777b27e311a34,1454,1454,Nintendo LZ10,Nintendo LZ10
"포켓몬스터 하트골드 (Korea, IPKK, header ROM version 0)","포켓몬스터 소울실버 (Korea, IPGK, header ROM version 0)",/a/1/5/0,equal,186,186,,,7e76161584bd37ad57070472335304f75b0b8dde1dc650eb622f14c6ffa675c6,7e76161584bd37ad57070472335304f75b0b8dde1dc650eb622f14c6ffa675c6,552,552,NCLR palette,NCLR palette
"포켓몬스터 하트골드 (Korea, IPKK, header ROM version 0)","포켓몬스터 소울실버 (Korea, IPGK, header ROM version 0)",/a/1/5/0,equal,187,187,,,2142a5684a9621e169fcf78aadbad6cd040f59d8662521815f1f8a31d4d6547a,2142a5684a9621e169fcf78aadbad6cd040f59d8662521815f1f8a31d4d6547a,9709,9709,Nintendo LZ10,Nintendo LZ10
"포켓몬스터 하트골드 (Korea, IPKK, header ROM version 0)","포켓몬스터 소울실버 (Korea, IPGK, header ROM version 0)",/a/1/5/0,equal,188,188,,,db5651892e307e04e201488efab862aa68412693374545af0859356bb38f56bb,db5651892e307e04e201488efab862aa68412693374545af0859356bb38f56bb,1454,1454,Nintendo LZ10,Nintendo LZ10
"포켓몬스터 하트골드 (Korea, IPKK, header ROM version 0)","포켓몬스터 소울실버 (Korea, IPGK, header ROM version 0)",/a/1/5/0,equal,189,189,,,b6077cb4fdb6f395908ca6a488e55c89abe28a41fd7e00c29464e22621df5a57,b6077cb4fdb6f395908ca6a488e55c89abe28a41fd7e00c29464e22621df5a57,552,552,NCLR palette,NCLR palette
"포켓몬스터 하트골드 (Korea, IPKK, header ROM version 0)","포켓몬스터 소울실버 (Korea, IPGK, header ROM version 0)",/a/1/5/0,equal,190,190,,,b3b9be52c585a12a2f99de7c2327fb70dcfe2963a977a6dbf12aa565d437f996,b3b9be52c585a12a2f99de7c2327fb70dcfe2963a977a6dbf12aa565d437f996,10278,10278,Nintendo LZ10,Nintendo LZ10
"포켓몬스터 하트골드 (Korea, IPKK, header ROM version 0)","포켓몬스터 소울실버 (Korea, IPGK, header ROM version 0)",/a/1/5/0,equal,191,191,,,2052490ab23fd2197a4e25c872d7c5a9518aae65ad4a5fc6c0f0eeb0172745df,2052490ab23fd2197a4e25c872d7c5a9518aae65ad4a5fc6c0f0eeb0172745df,1494,1494,Nintendo LZ10,Nintendo LZ10
"포켓몬스터 하트골드 (Korea, IPKK, header ROM version 0)","포켓몬스터 소울실버 (Korea, IPGK, header ROM version 0)",/a/1/5/0,equal,192,192,,,b392a6b8223572f257233156fc873ebcb3d2d10d906d5d443a32c7a2b337583a,b392a6b8223572f257233156fc873ebcb3d2d10d906d5d443a32c7a2b337583a,552,552,NCLR palette,NCLR palette
"포켓몬스터 하트골드 (Korea, IPKK, header ROM version 0)","포켓몬스터 소울실버 (Korea, IPGK, header ROM version 0)",/a/1/5/0,equal,193,193,,,c31cbacd2c8233f8cb105e6d7301a8455c4783cb036120d81ef68699d39a692e,c31cbacd2c8233f8cb105e6d7301a8455c4783cb036120d81ef68699d39a692e,10938,10938,Nintendo LZ10,Nintendo LZ10
"포켓몬스터 하트골드 (Korea, IPKK, header ROM version 0)","포켓몬스터 소울실버 (Korea, IPGK, header ROM version 0)",/a/1/5/0,equal,194,194,,,dd599cae5f0ccb7226480ea3b0800411530bb351a4d3b60005dcbb0e21462ee9,dd599cae5f0ccb7226480ea3b0800411530bb351a4d3b60005dcbb0e21462ee9,1503,1503,Nintendo LZ10,Nintendo LZ10
"포켓몬스터 하트골드 (Korea, IPKK, header ROM version 0)","포켓몬스터 소울실버 (Korea, IPGK, header ROM version 0)",/a/1/5/0,equal,195,195,,,a648b9c3458fc92e38b783c91e730fe270716773021f82ce14e188ebd82c021d,a648b9c3458fc92e38b783c91e730fe270716773021f82ce14e188ebd82c021d,552,552,NCLR palette,NCLR palette
"포켓몬스터 하트골드 (Korea, IPKK, header ROM version 0)","포켓몬스터 소울실버 (Korea, IPGK, header ROM version 0)",/a/1/5/0,equal,196,196,,,bee308250e2ccb3f710e8f9f46aefb0f8dbaafa7fb92ae7eefddca4c4991e6e5,bee308250e2ccb3f710e8f9f46aefb0f8dbaafa7fb92ae7eefddca4c4991e6e5,10360,10360,Nintendo LZ10,Nintendo LZ10
"포켓몬스터 하트골드 (Korea, IPKK, header ROM version 0)","포켓몬스터 소울실버 (Korea, IPGK, header ROM version 0)",/a/1/5/0,equal,197,197,,,a4dd5f57a8ed8f43a2b4762c52d48dcbf2446fc0f22bd58ab6c8c9a64ab68103,a4dd5f57a8ed8f43a2b4762c52d48dcbf2446fc0f22bd58ab6c8c9a64ab68103,1501,1501,Nintendo LZ10,Nintendo LZ10
"포켓몬스터 하트골드 (Korea, IPKK, header ROM version 0)","포켓몬스터 소울실버 (Korea, IPGK, header ROM version 0)",/a/1/5/0,equal,198,198,,,551a9e3a8d9c21dd6777a5d74d4bc5196c1245b461638cf8b75728c686947c00,551a9e3a8d9c21dd6777a5d74d4bc5196c1245b461638cf8b75728c686947c00,552,552,NCLR palette,NCLR palette
"포켓몬스터 하트골드 (Korea, IPKK, header ROM version 0)","포켓몬스터 소울실버 (Korea, IPGK, header ROM version 0)",/a/1/5/0,equal,199,199,,,8eff043113653f3b6d6709c4d59edc92ca103dc0ff3c021a953f8b7f60435105,8eff043113653f3b6d6709c4d59edc92ca103dc0ff3c021a953f8b7f60435105,10437,10437,Nintendo LZ10,Nintendo LZ10
"포켓몬스터 하트골드 (Korea, IPKK, header ROM version 0)","포켓몬스터 소울실버 (Korea, IPGK, header ROM version 0)",/a/1/5/0,equal,200,200,,,98d3067636855542fa56c373e477f83bec9820a9290d3c474ac311b45088351c,98d3067636855542fa56c373e477f83bec9820a9290d3c474ac311b45088351c,1499,1499,Nintendo LZ10,Nintendo LZ10
"포켓몬스터 하트골드 (Korea, IPKK, header ROM version 0)","포켓몬스터 소울실버 (Korea, IPGK, header ROM version 0)",/a/1/5/0,equal,201,201,,,8e74a73eda8a8fd67c249c43a0745a3a3c79a2486edc3986d4fa46c7646fea48,8e74a73eda8a8fd67c249c43a0745a3a3c79a2486edc3986d4fa46c7646fea48,552,552,NCLR palette,NCLR palette
"포켓몬스터 하트골드 (Korea, IPKK, header ROM version 0)","포켓몬스터 소울실버 (Korea, IPGK, header ROM version 0)",/a/1/5/0,equal,202,202,,,e1286429aa1cd773f4c9233d371520f12864bb9be6edb098d573885860b651cc,e1286429aa1cd773f4c9233d371520f12864bb9be6edb098d573885860b651cc,12530,12530,Nintendo LZ10,Nintendo LZ10
"포켓몬스터 하트골드 (Korea, IPKK, header ROM version 0)","포켓몬스터 소울실버 (Korea, IPGK, header ROM version 0)",/a/1/5/0,equal,203,203,,,b189988495d2d86195e4e94c92437a0ef8b5f6c57d347472e1d93c91f71b1e98,b189988495d2d86195e4e94c92437a0ef8b5f6c57d347472e1d93c91f71b1e98,1362,1362,Nintendo LZ10,Nintendo LZ10
"포켓몬스터 하트골드 (Korea, IPKK, header ROM version 0)","포켓몬스터 소울실버 (Korea, IPGK, header ROM version 0)",/a/1/5/0,equal,204,204,,,bc6a99486cf2d1fcb1db7a3f66a01cc9c28c086e9e1ce8056d54ef0162c5f6c6,bc6a99486cf2d1fcb1db7a3f66a01cc9c28c086e9e1ce8056d54ef0162c5f6c6,552,552,NCLR palette,NCLR palette
"포켓몬스터 하트골드 (Korea, IPKK, header ROM version 0)","포켓몬스터 소울실버 (Korea, IPGK, header ROM version 0)",/a/1/5/0,equal,205,205,,,03d6a785d205d1f8de9ba10216376ab79894f847482365d23439df993c954933,03d6a785d205d1f8de9ba10216376ab79894f847482365d23439df993c954933,12600,12600,Nintendo LZ10,Nintendo LZ10
"포켓몬스터 하트골드 (Korea, IPKK, header ROM version 0)","포켓몬스터 소울실버 (Korea, IPGK, header ROM version 0)",/a/1/5/0,equal,206,206,,,b189988495d2d86195e4e94c92437a0ef8b5f6c57d347472e1d93c91f71b1e98,b189988495d2d86195e4e94c92437a0ef8b5f6c57d347472e1d93c91f71b1e98,1362,1362,Nintendo LZ10,Nintendo LZ10
"포켓몬스터 하트골드 (Korea, IPKK, header ROM version 0)","포켓몬스터 소울실버 (Korea, IPGK, header ROM version 0)",/a/1/5/0,equal,207,207,,,9dcd43274d5e237decb6744704a0811e437af9b7cc4ecd4e08c9bcfa6a9aebfa,9dcd43274d5e237decb6744704a0811e437af9b7cc4ecd4e08c9bcfa6a9aebfa,552,552,NCLR palette,NCLR palette
"포켓몬스터 하트골드 (Korea, IPKK, header ROM version 0)","포켓몬스터 소울실버 (Korea, IPGK, header ROM version 0)",/a/1/5/0,equal,208,208,,,2de474af1e857f6d93cf514997b7dbb766f40b750a870be4abbe242ad5bb3d7e,2de474af1e857f6d93cf514997b7dbb766f40b750a870be4abbe242ad5bb3d7e,12682,12682,Nintendo LZ10,Nintendo LZ10
"포켓몬스터 하트골드 (Korea, IPKK, header ROM version 0)","포켓몬스터 소울실버 (Korea, IPGK, header ROM version 0)",/a/1/5/0,equal,209,209,,,b189988495d2d86195e4e94c92437a0ef8b5f6c57d347472e1d93c91f71b1e98,b189988495d2d86195e4e94c92437a0ef8b5f6c57d347472e1d93c91f71b1e98,1362,1362,Nintendo LZ10,Nintendo LZ10
"포켓몬스터 하트골드 (Korea, IPKK, header ROM version 0)","포켓몬스터 소울실버 (Korea, IPGK, header ROM version 0)",/a/1/5/0,equal,210,210,,,c37d749dd506c9f625fc24f04bdcfec74b996bd2a72860ec0718d8485c1c2b3a,c37d749dd506c9f625fc24f04bdcfec74b996bd2a72860ec0718d8485c1c2b3a,552,552,NCLR palette,NCLR palette
"포켓몬스터 하트골드 (Korea, IPKK, header ROM version 0)","포켓몬스터 소울실버 (Korea, IPGK, header ROM version 0)",/a/1/5/0,equal,211,211,,,5f158b0684f4ddfcb85c212b58afa0b81953c8f1184f59206059f93c973d32fe,5f158b0684f4ddfcb85c212b58afa0b81953c8f1184f59206059f93c973d32fe,10648,10648,Nintendo LZ10,Nintendo LZ10
"포켓몬스터 하트골드 (Korea, IPKK, header ROM version 0)","포켓몬스터 소울실버 (Korea, IPGK, header ROM version 0)",/a/1/5/0,equal,212,212,,,382530ae42ac56c2e3ac2d9307ff7513eac8235228930f5cbbac88167ac9b9e5,382530ae42ac56c2e3ac2d9307ff7513eac8235228930f5cbbac88167ac9b9e5,1419,1419,Nintendo LZ10,Nintendo LZ10
"포켓몬스터 하트골드 (Korea, IPKK, header ROM version 0)","포켓몬스터 소울실버 (Korea, IPGK, header ROM version 0)",/a/1/5/0,equal,213,213,,,b161fa32ed4ded46e4f3e66398fb93e97f33a1822a9c6f3906d9bbf71e645a0e,b161fa32ed4ded46e4f3e66398fb93e97f33a1822a9c6f3906d9bbf71e645a0e,552,552,NCLR palette,NCLR palette
"포켓몬스터 하트골드 (Korea, IPKK, header ROM version 0)","포켓몬스터 소울실버 (Korea, IPGK, header ROM version 0)",/a/1/5/0,equal,214,214,,,9ad4a849ca7db251f4b880fcddfe8c192a947a104f91f892e9b51827f01188d1,9ad4a849ca7db251f4b880fcddfe8c192a947a104f91f892e9b51827f01188d1,10406,10406,Nintendo LZ10,Nintendo LZ10
"포켓몬스터 하트골드 (Korea, IPKK, header ROM version 0)","포켓몬스터 소울실버 (Korea, IPGK, header ROM version 0)",/a/1/5/0,equal,215,215,,,a79fe5049cd0e7907ef4a09689f27b98eaf27ddc04e8b8c5d91dbc72330c182f,a79fe5049cd0e7907ef4a09689f27b98eaf27ddc04e8b8c5d91dbc72330c182f,1384,1384,Nintendo LZ10,Nintendo LZ10
"포켓몬스터 하트골드 (Korea, IPKK, header ROM version 0)","포켓몬스터 소울실버 (Korea, IPGK, header ROM version 0)",/a/1/5/0,equal,216,216,,,449dd0d9b48ed64e6aae192ce2bf3a600f3f8775d6a9f925834cf42063845034,449dd0d9b48ed64e6aae192ce2bf3a600f3f8775d6a9f925834cf42063845034,552,552,NCLR palette,NCLR palette
"포켓몬스터 하트골드 (Korea, IPKK, header ROM version 0)","포켓몬스터 소울실버 (Korea, IPGK, header ROM version 0)",/a/1/5/0,equal,217,217,,,79845e871f2468c2b38e6e6414441127793394f473efca838fa46f01000d11ed,79845e871f2468c2b38e6e6414441127793394f473efca838fa46f01000d11ed,10537,10537,Nintendo LZ10,Nintendo LZ10
"포켓몬스터 하트골드 (Korea, IPKK, header ROM version 0)","포켓몬스터 소울실버 (Korea, IPGK, header ROM version 0)",/a/1/5/0,equal,218,218,,,346844743fb5247bf6d603da354c4bbe2b61a35618cd5f300b9a0c6afaf6cae8,346844743fb5247bf6d603da354c4bbe2b61a35618cd5f300b9a0c6afaf6cae8,1392,1392,Nintendo LZ10,Nintendo LZ10
"포켓몬스터 하트골드 (Korea, IPKK, header ROM version 0)","포켓몬스터 소울실버 (Korea, IPGK, header ROM version 0)",/a/1/5/0,equal,219,219,,,e937fbb836c50866cd4d3f62401bcc0313b7159a93ce9a2bca09682a689d7398,e937fbb836c50866cd4d3f62401bcc0313b7159a93ce9a2bca09682a689d7398,552,552,NCLR palette,NCLR palette
"포켓몬스터 하트골드 (Korea, IPKK, header ROM version 0)","포켓몬스터 소울실버 (Korea, IPGK, header ROM version 0)",/a/1/5/0,equal,220,220,,,61baaf30d6633e24533c41259a7f78112bcbd8d24689bf9c9d5685ca42f9c4f9,61baaf30d6633e24533c41259a7f78112bcbd8d24689bf9c9d5685ca42f9c4f9,12448,12448,Nintendo LZ10,Nintendo LZ10
"포켓몬스터 하트골드 (Korea, IPKK, header ROM version 0)","포켓몬스터 소울실버 (Korea, IPGK, header ROM version 0)",/a/1/5/0,equal,221,221,,,54cb8f8940f14eccba81228735e62bbe1f763eeb93e15c5f69feaa9c32dce368,54cb8f8940f14eccba81228735e62bbe1f763eeb93e15c5f69feaa9c32dce368,1374,1374,Nintendo LZ10,Nintendo LZ10
"포켓몬스터 하트골드 (Korea, IPKK, header ROM version 0)","포켓몬스터 소울실버 (Korea, IPGK, header ROM version 0)",/a/1/5/0,equal,222,222,,,e937fbb836c50866cd4d3f62401bcc0313b7159a93ce9a2bca09682a689d7398,e937fbb836c50866cd4d3f62401bcc0313b7159a93ce9a2bca09682a689d7398,552,552,NCLR palette,NCLR palette
"포켓몬스터 하트골드 (Korea, IPKK, header ROM version 0)","포켓몬스터 소울실버 (Korea, IPGK, header ROM version 0)",/a/1/5/0,equal,223,223,,,57621e8bac51c650b93e1fbaf24685c608d001c335dfb2baa2847af628191afc,57621e8bac51c650b93e1fbaf24685c608d001c335dfb2baa2847af628191afc,12415,12415,Nintendo LZ10,Nintendo LZ10
"포켓몬스터 하트골드 (Korea, IPKK, header ROM version 0)","포켓몬스터 소울실버 (Korea, IPGK, header ROM version 0)",/a/1/5/0,equal,224,224,,,54cb8f8940f14eccba81228735e62bbe1f763eeb93e15c5f69feaa9c32dce368,54cb8f8940f14eccba81228735e62bbe1f763eeb93e15c5f69feaa9c32dce368,1374,1374,Nintendo LZ10,Nintendo LZ10
"포켓몬스터 하트골드 (Korea, IPKK, header ROM version 0)","포켓몬스터 소울실버 (Korea, IPGK, header ROM version 0)",/a/1/5/0,equal,225,225,,,55e360cada0bda75b326182efe619802eab50341c1d078def6ab0913d1f3c89f,55e360cada0bda75b326182efe619802eab50341c1d078def6ab0913d1f3c89f,552,552,NCLR palette,NCLR palette
"포켓몬스터 하트골드 (Korea, IPKK, header ROM version 0)","포켓몬스터 소울실버 (Korea, IPGK, header ROM version 0)",/a/1/5/0,equal,226,226,,,cb78412c3b879f17b4e5ece7bea175afbc12d4c62af6fde187cbed72c8bdc400,cb78412c3b879f17b4e5ece7bea175afbc12d4c62af6fde187cbed72c8bdc400,12753,12753,Nintendo LZ10,Nintendo LZ10
"포켓몬스터 하트골드 (Korea, IPKK, header ROM version 0)","포켓몬스터 소울실버 (Korea, IPGK, header ROM version 0)",/a/1/5/0,equal,227,227,,,31e34a729accdc3bf2a2a8098829cee6a3e790af2f080adfa6a81bddd1c25f82,31e34a729accdc3bf2a2a8098829cee6a3e790af2f080adfa6a81bddd1c25f82,1375,1375,Nintendo LZ10,Nintendo LZ10
"포켓몬스터 하트골드 (Korea, IPKK, header ROM version 0)","포켓몬스터 소울실버 (Korea, IPGK, header ROM version 0)",/a/1/5/1,equal,0,0,,,e4c6c2857126f1c851811c049cb4cf0265387c55727ad6f0b218d0fdc4d539a4,e4c6c2857126f1c851811c049cb4cf0265387c55727ad6f0b218d0fdc4d539a4,552,552,NCLR palette,NCLR palette
"포켓몬스터 하트골드 (Korea, IPKK, header ROM version 0)","포켓몬스터 소울실버 (Korea, IPGK, header ROM version 0)",/a/1/5/1,equal,1,1,,,a06470f0cbc4db19e38e9625a1447d5a1bed368439eed797b429686effaa5d34,a06470f0cbc4db19e38e9625a1447d5a1bed368439eed797b429686effaa5d34,445,445,Nintendo LZ10,Nintendo LZ10
"포켓몬스터 하트골드 (Korea, IPKK, header ROM version 0)","포켓몬스터 소울실버 (Korea, IPGK, header ROM version 0)",/a/1/5/1,equal,2,2,,,02ea3eeb1a57bd7936fa703db8bbba83cc4a411a7f3cba938052631898e40ce5,02ea3eeb1a57bd7936fa703db8bbba83cc4a411a7f3cba938052631898e40ce5,540,540,Nintendo LZ10,Nintendo LZ10
"포켓몬스터 하트골드 (Korea, IPKK, header ROM version 0)","포켓몬스터 소울실버 (Korea, IPGK, header ROM version 0)",/a/1/5/1,equal,3,3,,,4f7b89be31296aafd5bfe130b960962d2d0402b9ff140d5fe454c04da3e97c3e,4f7b89be31296aafd5bfe130b960962d2d0402b9ff140d5fe454c04da3e97c3e,223,223,Nintendo LZ10,Nintendo LZ10
"포켓몬스터 하트골드 (Korea, IPKK, header ROM version 0)","포켓몬스터 소울실버 (Korea, IPGK, header ROM version 0)",/a/1/5/1,equal,4,4,,,7cb8a81bf9de59b14c01a7a3d94cb2172b9742568dc9d362ab529476206f2b5c,7cb8a81bf9de59b14c01a7a3d94cb2172b9742568dc9d362ab529476206f2b5c,326,326,Nintendo LZ10,Nintendo LZ10
"포켓몬스터 하트골드 (Korea, IPKK, header ROM version 0)","포켓몬스터 소울실버 (Korea, IPGK, header ROM version 0)",/a/1/5/1,equal,5,5,,,605ed697cff656f1efb1aa7545d74a73dfcd5b085ff985ab7c8eb48df4044f01,605ed697cff656f1efb1aa7545d74a73dfcd5b085ff985ab7c8eb48df4044f01,552,552,NCLR palette,NCLR palette
"포켓몬스터 하트골드 (Korea, IPKK, header ROM version 0)","포켓몬스터 소울실버 (Korea, IPGK, header ROM version 0)",/a/1/5/1,equal,6,6,,,c24df9adf10f8411068666ef452e7fccfe833176d1ff23941e70a58ff65c394c,c24df9adf10f8411068666ef452e7fccfe833176d1ff23941e70a58ff65c394c,976,976,Nintendo LZ10,Nintendo LZ10
"포켓몬스터 하트골드 (Korea, IPKK, header ROM version 0)","포켓몬스터 소울실버 (Korea, IPGK, header ROM version 0)",/a/1/5/1,equal,7,7,,,7fd964c1302d1dad1ca3e33d92ecd563578f4ad89174df6fbf33a6501335bc34,7fd964c1302d1dad1ca3e33d92ecd563578f4ad89174df6fbf33a6501335bc34,853,853,Nintendo LZ10,Nintendo LZ10
"포켓몬스터 하트골드 (Korea, IPKK, header ROM version 0)","포켓몬스터 소울실버 (Korea, IPGK, header ROM version 0)",/a/1/5/1,equal,8,8,,,20e3994938c8f421c7e63a360d224aa657715830ca902914458b324686fbbff0,20e3994938c8f421c7e63a360d224aa657715830ca902914458b324686fbbff0,4111,4111,Nintendo LZ10,Nintendo LZ10
"포켓몬스터 하트골드 (Korea, IPKK, header ROM version 0)","포켓몬스터 소울실버 (Korea, IPGK, header ROM version 0)",/a/1/5/2,equal,0,0,,,ae21ea5b259e83be312feed5ab7fce1a6d3ad1df19dc683bff615853514b5dc9,ae21ea5b259e83be312feed5ab7fce1a6d3ad1df19dc683bff615853514b5dc9,124,124,NCLR palette,NCLR palette
"포켓몬스터 하트골드 (Korea, IPKK, header ROM version 0)","포켓몬스터 소울실버 (Korea, IPGK, header ROM version 0)",/a/1/5/2,equal,1,1,,,1b6d2355b5178a54bc59a78cd4412731a0afa65ba2949b5cf305fedad87eb6f3,1b6d2355b5178a54bc59a78cd4412731a0afa65ba2949b5cf305fedad87eb6f3,709,709,Nintendo LZ10,Nintendo LZ10
"포켓몬스터 하트골드 (Korea, IPKK, header ROM version 0)","포켓몬스터 소울실버 (Korea, IPGK, header ROM version 0)",/a/1/5/2,equal,2,2,,,21e72567719f9a915a7555c97cd6b4a1e15c026ad1698adb66638ea794ba7b06,21e72567719f9a915a7555c97cd6b4a1e15c026ad1698adb66638ea794ba7b06,79,79,Nintendo LZ10,Nintendo LZ10
"포켓몬스터 하트골드 (Korea, IPKK, header ROM version 0)","포켓몬스터 소울실버 (Korea, IPGK, header ROM version 0)",/a/1/5/2,equal,3,3,,,3cbfca983653756ad890dcf2fde7f815226ef49517ccb930cc4aad4d14ecad2f,3cbfca983653756ad890dcf2fde7f815226ef49517ccb930cc4aad4d14ecad2f,81,81,Nintendo LZ10,Nintendo LZ10
"포켓몬스터 하트골드 (Korea, IPKK, header ROM version 0)","포켓몬스터 소울실버 (Korea, IPGK, header ROM version 0)",/a/1/5/2,equal,4,4,,,fefabb914d854c7b546cc54b4018a16e37dfb77e4cf7d1b459146eaba1835f99,fefabb914d854c7b546cc54b4018a16e37dfb77e4cf7d1b459146eaba1835f99,79,79,Nintendo LZ10,Nintendo LZ10
"포켓몬스터 하트골드 (Korea, IPKK, header ROM version 0)","포켓몬스터 소울실버 (Korea, IPGK, header ROM version 0)",/a/1/5/2,equal,5,5,,,0d0be178de7f6e1f45ef85313610b7e890e94bf0340be20db062921a764107fd,0d0be178de7f6e1f45ef85313610b7e890e94bf0340be20db062921a764107fd,81,81,Nintendo LZ10,Nintendo LZ10
"포켓몬스터 하트골드 (Korea, IPKK, header ROM version 0)","포켓몬스터 소울실버 (Korea, IPGK, header ROM version 0)",/a/1/5/2,equal,6,6,,,b40abbdb0bb18352f213f7cb1ebe393b4fdfdf595c44b586bbe0057d49f713e1,b40abbdb0bb18352f213f7cb1ebe393b4fdfdf595c44b586bbe0057d49f713e1,102,102,Nintendo LZ10,Nintendo LZ10
"포켓몬스터 하트골드 (Korea, IPKK, header ROM version 0)","포켓몬스터 소울실버 (Korea, IPGK, header ROM version 0)",/a/1/5/2,equal,7,7,,,6fd7322361a74e32f316a58b19f6575b42d131154509efd928b405f43be1814d,6fd7322361a74e32f316a58b19f6575b42d131154509efd928b405f43be1814d,104,104,Nintendo LZ10,Nintendo LZ10
"포켓몬스터 하트골드 (Korea, IPKK, header ROM version 0)","포켓몬스터 소울실버 (Korea, IPGK, header ROM version 0)",/a/1/5/2,equal,8,8,,,4a33c1b5e5b9225730d3f81f81a3607ec024bd24dd43e831331fd4bcfdad2563,4a33c1b5e5b9225730d3f81f81a3607ec024bd24dd43e831331fd4bcfdad2563,102,102,Nintendo LZ10,Nintendo LZ10
"포켓몬스터 하트골드 (Korea, IPKK, header ROM version 0)","포켓몬스터 소울실버 (Korea, IPGK, header ROM version 0)",/a/1/5/2,equal,9,9,,,af928b243a363ec6c1f3b71e342843221b2708300f8f8a97c16c34b77a2fe0fd,af928b243a363ec6c1f3b71e342843221b2708300f8f8a97c16c34b77a2fe0fd,104,104,Nintendo LZ10,Nintendo LZ10
"포켓몬스터 하트골드 (Korea, IPKK, header ROM version 0)","포켓몬스터 소울실버 (Korea, IPGK, header ROM version 0)",/a/1/5/3,equal,0,0,,,ea267ad9823320439e448ccf8ed3a827d15812c962aae019f602cd523e591c17,ea267ad9823320439e448ccf8ed3a827d15812c962aae019f602cd523e591c17,552,552,NCLR palette,NCLR palette
"포켓몬스터 하트골드 (Korea, IPKK, header ROM version 0)","포켓몬스터 소울실버 (Korea, IPGK, header ROM version 0)",/a/1/5/3,equal,1,1,,,06b0ee964ca8adccc2c12aabc9e3bbe392229b8442d7b48660a1bacd607ad496,06b0ee964ca8adccc2c12aabc9e3bbe392229b8442d7b48660a1bacd607ad496,1048,1048,NANR animation,NANR animation
"포켓몬스터 하트골드 (Korea, IPKK, header ROM version 0)","포켓몬스터 소울실버 (Korea, IPGK, header ROM version 0)",/a/1/5/3,equal,2,2,,,73891bdb5e5702e979ce26794f5ac9d20d825896d25516c616e3c48c1c475c67,73891bdb5e5702e979ce26794f5ac9d20d825896d25516c616e3c48c1c475c67,228,228,NCER cell,NCER cell
"포켓몬스터 하트골드 (Korea, IPKK, header ROM version 0)","포켓몬스터 소울실버 (Korea, IPGK, header ROM version 0)",/a/1/5/3,equal,3,3,,,e095401dfacbd67c0fd7409b8da92faddf1a52db6c6ce3491a051d54404ea4c0,e095401dfacbd67c0fd7409b8da92faddf1a52db6c6ce3491a051d54404ea4c0,12336,12336,NCGR graphics,NCGR graphics
"포켓몬스터 하트골드 (Korea, IPKK, header ROM version 0)","포켓몬스터 소울실버 (Korea, IPGK, header ROM version 0)",/a/1/5/3,equal,4,4,,,38e881fcc22e545b9f0ad6854c900986bce9e39f454916c9841d5004a91439c2,38e881fcc22e545b9f0ad6854c900986bce9e39f454916c9841d5004a91439c2,240,240,NANR animation,NANR animation
"포켓몬스터 하트골드 (Korea, IPKK, header ROM version 0)","포켓몬스터 소울실버 (Korea, IPGK, header ROM version 0)",/a/1/5/3,equal,5,5,,,765ba348ca6b9cfac8cf938355021b6679e4ce14ee0f4d56c50837558ff4db7f,765ba348ca6b9cfac8cf938355021b6679e4ce14ee0f4d56c50837558ff4db7f,216,216,NCER cell,NCER cell
"포켓몬스터 하트골드 (Korea, IPKK, header ROM version 0)","포켓몬스터 소울실버 (Korea, IPGK, header ROM version 0)",/a/1/5/3,equal,6,6,,,ce36741a6065da2f66adc6b868dfc613f845a6d3e430fa36e18865d723efd129,ce36741a6065da2f66adc6b868dfc613f845a6d3e430fa36e18865d723efd129,1072,1072,NCGR graphics,NCGR graphics
"포켓몬스터 하트골드 (Korea, IPKK, header ROM version 0)","포켓몬스터 소울실버 (Korea, IPGK, header ROM version 0)",/a/1/5/3,equal,7,7,,,2db7fb78dd747f600d608eae538a07457399a8d7d5d878debe6439464a1d543f,2db7fb78dd747f600d608eae538a07457399a8d7d5d878debe6439464a1d543f,154,154,NANR animation,NANR animation
"포켓몬스터 하트골드 (Korea, IPKK, header ROM version 0)","포켓몬스터 소울실버 (Korea, IPGK, header ROM version 0)",/a/1/5/3,equal,8,8,,,64cc06bcfd163313e3c1769256ca77f71fea5dd937aed5f1b620ddcd4a3c1464,64cc06bcfd163313e3c1769256ca77f71fea5dd937aed5f1b620ddcd4a3c1464,186,186,NCER cell,NCER cell
"포켓몬스터 하트골드 (Korea, IPKK, header ROM version 0)","포켓몬스터 소울실버 (Korea, IPGK, header ROM version 0)",/a/1/5/3,equal,9,9,,,62a867b86425f57dc86cb44469f726dec2b99a23caa35a8ce070faa4687aafa9,62a867b86425f57dc86cb44469f726dec2b99a23caa35a8ce070faa4687aafa9,1072,1072,NCGR graphics,NCGR graphics
"포켓몬스터 하트골드 (Korea, IPKK, header ROM version 0)","포켓몬스터 소울실버 (Korea, IPGK, header ROM version 0)",/a/1/5/3,equal,10,10,,,ea267ad9823320439e448ccf8ed3a827d15812c962aae019f602cd523e591c17,ea267ad9823320439e448ccf8ed3a827d15812c962aae019f602cd523e591c17,552,552,NCLR palette,NCLR palette
"포켓몬스터 하트골드 (Korea, IPKK, header ROM version 0)","포켓몬스터 소울실버 (Korea, IPGK, header ROM version 0)",/a/1/5/3,equal,11,11,,,33208fc4cb74480dae8ec2e96a711fdb9440173b00ce16736f2b0a989f923435,33208fc4cb74480dae8ec2e96a711fdb9440173b00ce16736f2b0a989f923435,630,630,NANR animation,NANR animation
"포켓몬스터 하트골드 (Korea, IPKK, header ROM version 0)","포켓몬스터 소울실버 (Korea, IPGK, header ROM version 0)",/a/1/5/3,equal,12,12,,,ae8d57f03dd8088c471cc8eed3d720ca4aca628c1f90ddc9ac2d59881f12d715,ae8d57f03dd8088c471cc8eed3d720ca4aca628c1f90ddc9ac2d59881f12d715,546,546,NCER cell,NCER cell
"포켓몬스터 하트골드 (Korea, IPKK, header ROM version 0)","포켓몬스터 소울실버 (Korea, IPGK, header ROM version 0)",/a/1/5/3,equal,13,13,,,2a2b0e78a9b72e59323ede2fb4147e1d6a50ba8c1b2b68dc9e3ece079797d9c5,2a2b0e78a9b72e59323ede2fb4147e1d6a50ba8c1b2b68dc9e3ece079797d9c5,1584,1584,NCGR graphics,NCGR graphics
"포켓몬스터 하트골드 (Korea, IPKK, header ROM version 0)","포켓몬스터 소울실버 (Korea, IPGK, header ROM version 0)",/a/1/5/3,equal,14,14,,,4290cc65b9548859d0d90534ef6491d4008cc52bb74288dedcb6b65d5d884455,4290cc65b9548859d0d90534ef6491d4008cc52bb74288dedcb6b65d5d884455,542,542,NANR animation,NANR animation
"포켓몬스터 하트골드 (Korea, IPKK, header ROM version 0)","포켓몬스터 소울실버 (Korea, IPGK, header ROM version 0)",/a/1/5/3,equal,15,15,,,851bc288511eac5064600ea64348f1cd4f72a2d8b49f7d5f329f3fea8f6e0e1a,851bc288511eac5064600ea64348f1cd4f72a2d8b49f7d5f329f3fea8f6e0e1a,470,470,NCER cell,NCER cell
"포켓몬스터 하트골드 (Korea, IPKK, header ROM version 0)","포켓몬스터 소울실버 (Korea, IPGK, header ROM version 0)",/a/1/5/3,equal,16,16,,,6bdf434e9fbe4bbb36030ad353bbd2abbc3db7b793949920c620c2053c25cfcf,6bdf434e9fbe4bbb36030ad353bbd2abbc3db7b793949920c620c2053c25cfcf,5168,5168,NCGR graphics,NCGR graphics
"포켓몬스터 하트골드 (Korea, IPKK, header ROM version 0)","포켓몬스터 소울실버 (Korea, IPGK, header ROM version 0)",/a/1/5/3,equal,17,17,,,93ac2c712317816aee98b5b58fd14dc0cca0f62a5b831b933273e2298a08a5cf,93ac2c712317816aee98b5b58fd14dc0cca0f62a5b831b933273e2298a08a5cf,227,227,NANR animation,NANR animation
"포켓몬스터 하트골드 (Korea, IPKK, header ROM version 0)","포켓몬스터 소울실버 (Korea, IPGK, header ROM version 0)",/a/1/5/3,equal,18,18,,,73b3bc07c7e70cf87901726a9fd347edd36e6a6f031a4267e050a2dd5f405586,73b3bc07c7e70cf87901726a9fd347edd36e6a6f031a4267e050a2dd5f405586,179,179,NCER cell,NCER cell
"포켓몬스터 하트골드 (Korea, IPKK, header ROM version 0)","포켓몬스터 소울실버 (Korea, IPGK, header ROM version 0)",/a/1/5/3,equal,19,19,,,3a073f0d07a1ae8c9a7da331ae191e0c033cebc42c3ccc945740277d6adba7b9,3a073f0d07a1ae8c9a7da331ae191e0c033cebc42c3ccc945740277d6adba7b9,5936,5936,NCGR graphics,NCGR graphics
"포켓몬스터 하트골드 (Korea, IPKK, header ROM version 0)","포켓몬스터 소울실버 (Korea, IPGK, header ROM version 0)",/a/1/5/3,equal,20,20,,,33208fc4cb74480dae8ec2e96a711fdb9440173b00ce16736f2b0a989f923435,33208fc4cb74480dae8ec2e96a711fdb9440173b00ce16736f2b0a989f923435,630,630,NANR animation,NANR animation
"포켓몬스터 하트골드 (Korea, IPKK, header ROM version 0)","포켓몬스터 소울실버 (Korea, IPGK, header ROM version 0)",/a/1/5/3,equal,21,21,,,22973bc88b1927dc70daf305eeb4e98ae4fabadb210d1ae5f6a809b0b55ef7cc,22973bc88b1927dc70daf305eeb4e98ae4fabadb210d1ae5f6a809b0b55ef7cc,546,546,NCER cell,NCER cell
"포켓몬스터 하트골드 (Korea, IPKK, header ROM version 0)","포켓몬스터 소울실버 (Korea, IPGK, header ROM version 0)",/a/1/5/3,equal,22,22,,,5bd2d76f6a42af5f99956729dacf09a935cfa99e7c1d5ef61a102f58902b5327,5bd2d76f6a42af5f99956729dacf09a935cfa99e7c1d5ef61a102f58902b5327,3120,3120,NCGR graphics,NCGR graphics
"포켓몬스터 하트골드 (Korea, IPKK, header ROM version 0)","포켓몬스터 소울실버 (Korea, IPGK, header ROM version 0)",/a/1/5/3,equal,23,23,,,4290cc65b9548859d0d90534ef6491d4008cc52bb74288dedcb6b65d5d884455,4290cc65b9548859d0d90534ef6491d4008cc52bb74288dedcb6b65d5d884455,542,542,NANR animation,NANR animation
"포켓몬스터 하트골드 (Korea, IPKK, header ROM version 0)","포켓몬스터 소울실버 (Korea, IPGK, header ROM version 0)",/a/1/5/3,equal,24,24,,,7116827b2eb3878a3b289fc923cbd4a2ef27d7b4847062955e28a72361d88291,7116827b2eb3878a3b289fc923cbd4a2ef27d7b4847062955e28a72361d88291,470,470,NCER cell,NCER cell
"포켓몬스터 하트골드 (Korea, IPKK, header ROM version 0)","포켓몬스터 소울실버 (Korea, IPGK, header ROM version 0)",/a/1/5/3,equal,25,25,,,69524476efbb91d430979eaabc8dd94cdf33cd39cd37720d7efea7b3cdf9a106,69524476efbb91d430979eaabc8dd94cdf33cd39cd37720d7efea7b3cdf9a106,2608,2608,NCGR graphics,NCGR graphics
"포켓몬스터 하트골드 (Korea, IPKK, header ROM version 0)","포켓몬스터 소울실버 (Korea, IPGK, header ROM version 0)",/a/1/5/3,equal,26,26,,,33208fc4cb74480dae8ec2e96a711fdb9440173b00ce16736f2b0a989f923435,33208fc4cb74480dae8ec2e96a711fdb9440173b00ce16736f2b0a989f923435,630,630,NANR animation,NANR animation
"포켓몬스터 하트골드 (Korea, IPKK, header ROM version 0)","포켓몬스터 소울실버 (Korea, IPGK, header ROM version 0)",/a/1/5/3,equal,27,27,,,22973bc88b1927dc70daf305eeb4e98ae4fabadb210d1ae5f6a809b0b55ef7cc,22973bc88b1927dc70daf305eeb4e98ae4fabadb210d1ae5f6a809b0b55ef7cc,546,546,NCER cell,NCER cell
"포켓몬스터 하트골드 (Korea, IPKK, header ROM version 0)","포켓몬스터 소울실버 (Korea, IPGK, header ROM version 0)",/a/1/5/3,equal,28,28,,,5bd2d76f6a42af5f99956729dacf09a935cfa99e7c1d5ef61a102f58902b5327,5bd2d76f6a42af5f99956729dacf09a935cfa99e7c1d5ef61a102f58902b5327,3120,3120,NCGR graphics,NCGR graphics
"포켓몬스터 하트골드 (Korea, IPKK, header ROM version 0)","포켓몬스터 소울실버 (Korea, IPGK, header ROM version 0)",/a/1/5/3,equal,29,29,,,084815ebdf41773debbe351e168c45d6aac8d37e3163ba68b638b891ec033764,084815ebdf41773debbe351e168c45d6aac8d37e3163ba68b638b891ec033764,1222,1222,NANR animation,NANR animation
"포켓몬스터 하트골드 (Korea, IPKK, header ROM version 0)","포켓몬스터 소울실버 (Korea, IPGK, header ROM version 0)",/a/1/5/3,equal,30,30,,,bd25a3636313394e25bb066c352b48561d7fa83fd66d5b29123cb193dcc9294c,bd25a3636313394e25bb066c352b48561d7fa83fd66d5b29123cb193dcc9294c,362,362,NCER cell,NCER cell
"포켓몬스터 하트골드 (Korea, IPKK, header ROM version 0)","포켓몬스터 소울실버 (Korea, IPGK, header ROM version 0)",/a/1/5/3,equal,31,31,,,e2a797affdc48902122f82724b7715ebd40d5c46d561c80df4a5f49a07baa107,e2a797affdc48902122f82724b7715ebd40d5c46d561c80df4a5f49a07baa107,1072,1072,NCGR graphics,NCGR graphics
"포켓몬스터 하트골드 (Korea, IPKK, header ROM version 0)","포켓몬스터 소울실버 (Korea, IPGK, header ROM version 0)",/a/1/5/3,equal,32,32,,,3ae1ae4b3149c91daaa0d62b02a2aa82f0d7b3ddbe65935a7171a7ab516d82fe,3ae1ae4b3149c91daaa0d62b02a2aa82f0d7b3ddbe65935a7171a7ab516d82fe,239,239,NANR animation,NANR animation
"포켓몬스터 하트골드 (Korea, IPKK, header ROM version 0)","포켓몬스터 소울실버 (Korea, IPGK, header ROM version 0)",/a/1/5/3,equal,33,33,,,a4410902a6036983e59c0fccc0bcac97fd041f573f2e927cf9620aaf2935f15a,a4410902a6036983e59c0fccc0bcac97fd041f573f2e927cf9620aaf2935f15a,211,211,NCER cell,NCER cell
"포켓몬스터 하트골드 (Korea, IPKK, header ROM version 0)","포켓몬스터 소울실버 (Korea, IPGK, header ROM version 0)",/a/1/5/3,equal,34,34,,,e2a797affdc48902122f82724b7715ebd40d5c46d561c80df4a5f49a07baa107,e2a797affdc48902122f82724b7715ebd40d5c46d561c80df4a5f49a07baa107,1072,1072,NCGR graphics,NCGR graphics
"포켓몬스터 하트골드 (Korea, IPKK, header ROM version 0)","포켓몬스터 소울실버 (Korea, IPGK, header ROM version 0)",/a/1/5/3,equal,35,35,,,2508d7ccecdbe1fcf26eccd34ac7a741d5d55975b20512ccdb91b1dae11845aa,2508d7ccecdbe1fcf26eccd34ac7a741d5d55975b20512ccdb91b1dae11845aa,242,242,NANR animation,NANR animation
"포켓몬스터 하트골드 (Korea, IPKK, header ROM version 0)","포켓몬스터 소울실버 (Korea, IPGK, header ROM version 0)",/a/1/5/3,equal,36,36,,,308392d7fa0edb2493a244385b5f066a2d11ca336deb02fcdf2d89f544fa88b7,308392d7fa0edb2493a244385b5f066a2d11ca336deb02fcdf2d89f544fa88b7,142,142,NCER cell,NCER cell
"포켓몬스터 하트골드 (Korea, IPKK, header ROM version 0)","포켓몬스터 소울실버 (Korea, IPGK, header ROM version 0)",/a/1/5/3,equal,37,37,,,59247af831c1413cca41e74a9fe3f379c1dc39d04a20c11becb5764a6ef3d700,59247af831c1413cca41e74a9fe3f379c1dc39d04a20c11becb5764a6ef3d700,560,560,NCGR graphics,NCGR graphics
"포켓몬스터 하트골드 (Korea, IPKK, header ROM version 0)","포켓몬스터 소울실버 (Korea, IPGK, header ROM version 0)",/a/1/5/4,equal,0,0,,,a95ac48f3a15367dff25559b9bdef420153120483f0af3d81e4a5a82aaba0123,a95ac48f3a15367dff25559b9bdef420153120483f0af3d81e4a5a82aaba0123,158,158,NCLR palette,NCLR palette
"포켓몬스터 하트골드 (Korea, IPKK, header ROM version 0)","포켓몬스터 소울실버 (Korea, IPGK, header ROM version 0)",/a/1/5/4,equal,1,1,,,dd5c8e7740316b7a48b9f7981ea7ff1c58bd26ed78d4627589a10d6466c54645,dd5c8e7740316b7a48b9f7981ea7ff1c58bd26ed78d4627589a10d6466c54645,16448,16448,NCGR graphics,NCGR graphics
"포켓몬스터 하트골드 (Korea, IPKK, header ROM version 0)","포켓몬스터 소울실버 (Korea, IPGK, header ROM version 0)",/a/1/5/4,equal,2,2,,,a127c27c59407c10d2ebe63986543965ccb8ac2152d09457943e126ae05e13bb,a127c27c59407c10d2ebe63986543965ccb8ac2152d09457943e126ae05e13bb,32832,32832,NCGR graphics,NCGR graphics
"포켓몬스터 하트골드 (Korea, IPKK, header ROM version 0)","포켓몬스터 소울실버 (Korea, IPGK, header ROM version 0)",/a/1/5/4,equal,3,3,,,56e00ce72c19d7ec4b2bd1c326e52e1abf24016ef01cf6bbac9612c7d8c9d025,56e00ce72c19d7ec4b2bd1c326e52e1abf24016ef01cf6bbac9612c7d8c9d025,32832,32832,NCGR graphics,NCGR graphics
"포켓몬스터 하트골드 (Korea, IPKK, header ROM version 0)","포켓몬스터 소울실버 (Korea, IPGK, header ROM version 0)",/a/1/5/4,equal,4,4,,,d145780165a9c8e57e284dce13ad402a8e3cd23dff740e371caa8e2478ea005f,d145780165a9c8e57e284dce13ad402a8e3cd23dff740e371caa8e2478ea005f,2084,2084,NSCR screen map,NSCR screen map
"포켓몬스터 하트골드 (Korea, IPKK, header ROM version 0)","포켓몬스터 소울실버 (Korea, IPGK, header ROM version 0)",/a/1/5/4,equal,5,5,,,b20fc76faebe4ef1fadd3af1301e3db5f71da396854e2613f9008ef6816949ed,b20fc76faebe4ef1fadd3af1301e3db5f71da396854e2613f9008ef6816949ed,2084,2084,NSCR screen map,NSCR screen map
"포켓몬스터 하트골드 (Korea, IPKK, header ROM version 0)","포켓몬스터 소울실버 (Korea, IPGK, header ROM version 0)",/a/1/5/4,equal,6,6,,,89b2db6a35b54a586e88562bd8971a61d04b954a265eac7a060df26a758c8d68,89b2db6a35b54a586e88562bd8971a61d04b954a265eac7a060df26a758c8d68,2084,2084,NSCR screen map,NSCR screen map
"포켓몬스터 하트골드 (Korea, IPKK, header ROM version 0)","포켓몬스터 소울실버 (Korea, IPGK, header ROM version 0)",/a/1/5/4,equal,7,7,,,88bddd2b29b5972eaac559d1ea102c8c03d0453d45f1a09349f4b31579e654f6,88bddd2b29b5972eaac559d1ea102c8c03d0453d45f1a09349f4b31579e654f6,2084,2084,NSCR screen map,NSCR screen map
"포켓몬스터 하트골드 (Korea, IPKK, header ROM version 0)","포켓몬스터 소울실버 (Korea, IPGK, header ROM version 0)",/a/1/5/4,equal,8,8,,,05884c828e536c0b7b5edd15874b29981b7c295bff1171855eb18cd2a35e698f,05884c828e536c0b7b5edd15874b29981b7c295bff1171855eb18cd2a35e698f,552,552,NCLR palette,NCLR palette
"포켓몬스터 하트골드 (Korea, IPKK, header ROM version 0)","포켓몬스터 소울실버 (Korea, IPGK, header ROM version 0)",/a/1/5/4,equal,9,9,,,c937ff9e81b82210152fd6142cee6a1c2fef6e9704dbb79bdb12ee083d2b5c14,c937ff9e81b82210152fd6142cee6a1c2fef6e9704dbb79bdb12ee083d2b5c14,176,176,Nintendo LZ11,Nintendo LZ11
"포켓몬스터 하트골드 (Korea, IPKK, header ROM version 0)","포켓몬스터 소울실버 (Korea, IPGK, header ROM version 0)",/a/1/5/4,equal,10,10,,,99aa984d3375190aa0c196acad00c157dc635e7564d95ea84a485becb280eac1,99aa984d3375190aa0c196acad00c157dc635e7564d95ea84a485becb280eac1,95,95,Nintendo LZ11,Nintendo LZ11
"포켓몬스터 하트골드 (Korea, IPKK, header ROM version 0)","포켓몬스터 소울실버 (Korea, IPGK, header ROM version 0)",/a/1/5/4,equal,11,11,,,a1c530695b900b8761949693dce8a95e9ebdb2c2cf35907bd266a6cbc0716fe1,a1c530695b900b8761949693dce8a95e9ebdb2c2cf35907bd266a6cbc0716fe1,157,157,Nintendo LZ11,Nintendo LZ11
"포켓몬스터 하트골드 (Korea, IPKK, header ROM version 0)","포켓몬스터 소울실버 (Korea, IPGK, header ROM version 0)",/a/1/5/4,equal,12,12,,,c075d9af280a68a5d44bc5c323770a635e009eedd1450d20abd339b418f6555e,c075d9af280a68a5d44bc5c323770a635e009eedd1450d20abd339b418f6555e,552,552,NCLR palette,NCLR palette
"포켓몬스터 하트골드 (Korea, IPKK, header ROM version 0)","포켓몬스터 소울실버 (Korea, IPGK, header ROM version 0)",/a/1/5/4,equal,13,13,,,60aa8acfcd45d6fdfcda0017a8ff61150ea73811da65d6f74d3ae4af0cc89cbb,60aa8acfcd45d6fdfcda0017a8ff61150ea73811da65d6f74d3ae4af0cc89cbb,857,857,Nintendo LZ11,Nintendo LZ11
"포켓몬스터 하트골드 (Korea, IPKK, header ROM version 0)","포켓몬스터 소울실버 (Korea, IPGK, header ROM version 0)",/a/1/5/4,equal,14,14,,,fbd0f9160f10ea9b332426a381b9117a52e2db482ecfbb4511ea59418af3981d,fbd0f9160f10ea9b332426a381b9117a52e2db482ecfbb4511ea59418af3981d,399,399,Nintendo LZ11,Nintendo LZ11
"포켓몬스터 하트골드 (Korea, IPKK, header ROM version 0)","포켓몬스터 소울실버 (Korea, IPGK, header ROM version 0)",/a/1/5/4,equal,15,15,,,3d9ef3e3edbf61d9e9fd2ad959d480d78eb91c76f0ed3a92f02064f146c6ea3a,3d9ef3e3edbf61d9e9fd2ad959d480d78eb91c76f0ed3a92f02064f146c6ea3a,307,307,Nintendo LZ11,Nintendo LZ11
"포켓몬스터 하트골드 (Korea, IPKK, header ROM version 0)","포켓몬스터 소울실버 (Korea, IPGK, header ROM version 0)",/a/1/5/4,equal,16,16,,,b66f88df2eea0d1bbc641a2e2193a7e963b91fca90324dfe6e25bcb6c8f7d661,b66f88df2eea0d1bbc641a2e2193a7e963b91fca90324dfe6e25bcb6c8f7d661,129,129,Nintendo LZ11,Nintendo LZ11
"포켓몬스터 하트골드 (Korea, IPKK, header ROM version 0)","포켓몬스터 소울실버 (Korea, IPGK, header ROM version 0)",/a/1/5/4,equal,17,17,,,99540b1a9b32b446f0d2f86cc33718b432cffed56ab37c01e504aaedf2b41a92,99540b1a9b32b446f0d2f86cc33718b432cffed56ab37c01e504aaedf2b41a92,214,214,Nintendo LZ11,Nintendo LZ11
"포켓몬스터 하트골드 (Korea, IPKK, header ROM version 0)","포켓몬스터 소울실버 (Korea, IPGK, header ROM version 0)",/a/1/5/4,equal,18,18,,,7892788f93bcf6db35374b7b82063b7c0c8d8b80cb4eaede0c063de0e1ce37f3,7892788f93bcf6db35374b7b82063b7c0c8d8b80cb4eaede0c063de0e1ce37f3,112,112,Nintendo LZ11,Nintendo LZ11
"포켓몬스터 하트골드 (Korea, IPKK, header ROM version 0)","포켓몬스터 소울실버 (Korea, IPGK, header ROM version 0)",/a/1/5/4,equal,19,19,,,e8a33daadf31857bc5988d6c3e5a9b0e958cf8da676fefb775d7b02d67a063d7,e8a33daadf31857bc5988d6c3e5a9b0e958cf8da676fefb775d7b02d67a063d7,552,552,NCLR palette,NCLR palette
"포켓몬스터 하트골드 (Korea, IPKK, header ROM version 0)","포켓몬스터 소울실버 (Korea, IPGK, header ROM version 0)",/a/1/5/4,equal,20,20,,,23c717c1063e541a7824769dc8597bbc38aae2a0e077a9ba90feda1c63b73e63,23c717c1063e541a7824769dc8597bbc38aae2a0e077a9ba90feda1c63b73e63,408,408,Nintendo LZ11,Nintendo LZ11
"포켓몬스터 하트골드 (Korea, IPKK, header ROM version 0)","포켓몬스터 소울실버 (Korea, IPGK, header ROM version 0)",/a/1/5/4,equal,21,21,,,8ab35bde98df01002b368c324336cdfeb20f350bb8451ed11c90fd5396a7f7ad,8ab35bde98df01002b368c324336cdfeb20f350bb8451ed11c90fd5396a7f7ad,120,120,Nintendo LZ11,Nintendo LZ11
"포켓몬스터 하트골드 (Korea, IPKK, header ROM version 0)","포켓몬스터 소울실버 (Korea, IPGK, header ROM version 0)",/a/1/5/4,equal,22,22,,,91616883315255b4d2810a3cd7397d52069ceeb9cd54f4f9c7cab28de6b7e37f,91616883315255b4d2810a3cd7397d52069ceeb9cd54f4f9c7cab28de6b7e37f,89,89,Nintendo LZ11,Nintendo LZ11
"포켓몬스터 하트골드 (Korea, IPKK, header ROM version 0)","포켓몬스터 소울실버 (Korea, IPGK, header ROM version 0)",/a/1/5/4,equal,23,23,,,79ccd1d93f4658143104bcedb02f12cbad4cba1719777fd742aa83739ce5482c,79ccd1d93f4658143104bcedb02f12cbad4cba1719777fd742aa83739ce5482c,552,552,NCLR palette,NCLR palette
"포켓몬스터 하트골드 (Korea, IPKK, header ROM version 0)","포켓몬스터 소울실버 (Korea, IPGK, header ROM version 0)",/a/1/5/4,equal,24,24,,,8c46a3082382a3d8c4280d4b9f9db6cefd22832d1d268d651f7ba89ac2bf898c,8c46a3082382a3d8c4280d4b9f9db6cefd22832d1d268d651f7ba89ac2bf898c,552,552,NCLR palette,NCLR palette
"포켓몬스터 하트골드 (Korea, IPKK, header ROM version 0)","포켓몬스터 소울실버 (Korea, IPGK, header ROM version 0)",/a/1/5/4,equal,25,25,,,aaec7e4a7bfc1e447c39ef41def4852154438a132564f06e4d15479e130de64f,aaec7e4a7bfc1e447c39ef41def4852154438a132564f06e4d15479e130de64f,552,552,NCLR palette,NCLR palette
"포켓몬스터 하트골드 (Korea, IPKK, header ROM version 0)","포켓몬스터 소울실버 (Korea, IPGK, header ROM version 0)",/a/1/5/4,equal,26,26,,,ca7dd55a7a1a91d22564d677ae5dbd7282c68787c3f0d3600415862a69dadd23,ca7dd55a7a1a91d22564d677ae5dbd7282c68787c3f0d3600415862a69dadd23,552,552,NCLR palette,NCLR palette
"포켓몬스터 하트골드 (Korea, IPKK, header ROM version 0)","포켓몬스터 소울실버 (Korea, IPGK, header ROM version 0)",/a/1/5/4,equal,27,27,,,14f3a20b3f3c77f284719714720b7a500ea71f34f06d9ce9855ebfd70e0f51ab,14f3a20b3f3c77f284719714720b7a500ea71f34f06d9ce9855ebfd70e0f51ab,552,552,NCLR palette,NCLR palette
"포켓몬스터 하트골드 (Korea, IPKK, header ROM version 0)","포켓몬스터 소울실버 (Korea, IPGK, header ROM version 0)",/a/1/5/4,equal,28,28,,,5be84519709271179b7622e832c8b7b5c24cfadb9833fe30a2a2c9e0ba663d66,5be84519709271179b7622e832c8b7b5c24cfadb9833fe30a2a2c9e0ba663d66,656,656,Nintendo LZ11,Nintendo LZ11
"포켓몬스터 하트골드 (Korea, IPKK, header ROM version 0)","포켓몬스터 소울실버 (Korea, IPGK, header ROM version 0)",/a/1/5/4,equal,29,29,,,42990afd08ecebdc63832f17d64d7a0a59d65358b3648ef9180e003d998c28d8,42990afd08ecebdc63832f17d64d7a0a59d65358b3648ef9180e003d998c28d8,678,678,Nintendo LZ11,Nintendo LZ11
"포켓몬스터 하트골드 (Korea, IPKK, header ROM version 0)","포켓몬스터 소울실버 (Korea, IPGK, header ROM version 0)",/a/1/5/4,equal,30,30,,,57d945edfa93afc431ab601131e7a735db70077ce589b0ad3d922eaca1726747,57d945edfa93afc431ab601131e7a735db70077ce589b0ad3d922eaca1726747,680,680,Nintendo LZ11,Nintendo LZ11
"포켓몬스터 하트골드 (Korea, IPKK, header ROM version 0)","포켓몬스터 소울실버 (Korea, IPGK, header ROM version 0)",/a/1/5/4,equal,31,31,,,f75f688d2729cecdd2072fddc3bd3bc382e352a207e20961991d884336e28d05,f75f688d2729cecdd2072fddc3bd3bc382e352a207e20961991d884336e28d05,638,638,Nintendo LZ11,Nintendo LZ11
"포켓몬스터 하트골드 (Korea, IPKK, header ROM version 0)","포켓몬스터 소울실버 (Korea, IPGK, header ROM version 0)",/a/1/5/4,equal,32,32,,,c5c5c34ef484d4028b5d24ad3760deecbffeb906743ca5db59fd880591f6eeb0,c5c5c34ef484d4028b5d24ad3760deecbffeb906743ca5db59fd880591f6eeb0,636,636,Nintendo LZ11,Nintendo LZ11
"포켓몬스터 하트골드 (Korea, IPKK, header ROM version 0)","포켓몬스터 소울실버 (Korea, IPGK, header ROM version 0)",/a/1/5/4,equal,33,33,,,beedbec2764abfa0c4a3eb293bbff00e62c8261fb2b4d1c18e7aa39ee9d4b153,beedbec2764abfa0c4a3eb293bbff00e62c8261fb2b4d1c18e7aa39ee9d4b153,116,116,Nintendo LZ11,Nintendo LZ11
"포켓몬스터 하트골드 (Korea, IPKK, header ROM version 0)","포켓몬스터 소울실버 (Korea, IPGK, header ROM version 0)",/a/1/5/4,equal,34,34,,,14f2be1c5e1d87e2c62373988a90e33c5660185bf20499e23a190e9e67bac8ec,14f2be1c5e1d87e2c62373988a90e33c5660185bf20499e23a190e9e67bac8ec,107,107,Nintendo LZ11,Nintendo LZ11
"포켓몬스터 하트골드 (Korea, IPKK, header ROM version 0)","포켓몬스터 소울실버 (Korea, IPGK, header ROM version 0)",/a/1/5/5,equal,0,0,,,6e340b9cffb37a989ca544e6bb780a2c78901d3fb33738768511a30617afa01d,6e340b9cffb37a989ca544e6bb780a2c78901d3fb33738768511a30617afa01d,1,1,,
"포켓몬스터 하트골드 (Korea, IPKK, header ROM version 0)","포켓몬스터 소울실버 (Korea, IPGK, header ROM version 0)",/a/1/5/6,equal,0,0,,,74d29c4cd50c6128517968ee246e5aef7b188cac8eca7e78e812f1d312924d2f,74d29c4cd50c6128517968ee246e5aef7b188cac8eca7e78e812f1d312924d2f,552,552,NCLR palette,NCLR palette
"포켓몬스터 하트골드 (Korea, IPKK, header ROM version 0)","포켓몬스터 소울실버 (Korea, IPGK, header ROM version 0)",/a/1/5/6,equal,1,1,,,85ad9086d061e5d01e93a91daa8d89049b8b43e87b8ffbfb557dbd761969113a,85ad9086d061e5d01e93a91daa8d89049b8b43e87b8ffbfb557dbd761969113a,5184,5184,NCGR graphics,NCGR graphics
"포켓몬스터 하트골드 (Korea, IPKK, header ROM version 0)","포켓몬스터 소울실버 (Korea, IPGK, header ROM version 0)",/a/1/5/6,equal,2,2,,,bcafa71dd3a9c79a4d5bca4eaef7d086fa64ab95d5f4d827bee36ae951dd6acf,bcafa71dd3a9c79a4d5bca4eaef7d086fa64ab95d5f4d827bee36ae951dd6acf,4132,4132,NSCR screen map,NSCR screen map
"포켓몬스터 하트골드 (Korea, IPKK, header ROM version 0)","포켓몬스터 소울실버 (Korea, IPGK, header ROM version 0)",/a/1/5/6,equal,3,3,,,216c2b185af11bf79a7cb3581d8170c3eafc55553f4781552d05fae77064cba5,216c2b185af11bf79a7cb3581d8170c3eafc55553f4781552d05fae77064cba5,4132,4132,NSCR screen map,NSCR screen map
"포켓몬스터 하트골드 (Korea, IPKK, header ROM version 0)","포켓몬스터 소울실버 (Korea, IPGK, header ROM version 0)",/a/1/5/6,equal,4,4,,,b8de461b2a8c5b38c2bccf47659b47b982b73b5145d13b815eae5ed0c52e7d87,b8de461b2a8c5b38c2bccf47659b47b982b73b5145d13b815eae5ed0c52e7d87,4132,4132,NSCR screen map,NSCR screen map
"포켓몬스터 하트골드 (Korea, IPKK, header ROM version 0)","포켓몬스터 소울실버 (Korea, IPGK, header ROM version 0)",/a/1/5/6,equal,5,5,,,2f44399b370b4424637235c4b3ce70d4a13dc0db30356b96d4b4ae43d2016de5,2f44399b370b4424637235c4b3ce70d4a13dc0db30356b96d4b4ae43d2016de5,2084,2084,NSCR screen map,NSCR screen map
"포켓몬스터 하트골드 (Korea, IPKK, header ROM version 0)","포켓몬스터 소울실버 (Korea, IPGK, header ROM version 0)",/a/1/5/6,equal,6,6,,,e8f65a70a370181eccd015ed618a15001e241c530747d1f94c01ba82fa8f8ea8,e8f65a70a370181eccd015ed618a15001e241c530747d1f94c01ba82fa8f8ea8,552,552,NCLR palette,NCLR palette
"포켓몬스터 하트골드 (Korea, IPKK, header ROM version 0)","포켓몬스터 소울실버 (Korea, IPGK, header ROM version 0)",/a/1/5/6,equal,7,7,,,93491a61f81b8addffaebf366ddb84e84d0c347a86ac736dec0082e857ba9372,93491a61f81b8addffaebf366ddb84e84d0c347a86ac736dec0082e857ba9372,189,189,NANR animation,NANR animation
"포켓몬스터 하트골드 (Korea, IPKK, header ROM version 0)","포켓몬스터 소울실버 (Korea, IPGK, header ROM version 0)",/a/1/5/6,equal,8,8,,,65f4bd31e67d9b6ca053972d400c8903d845d70afbea2ba07e24912fedfe7198,65f4bd31e67d9b6ca053972d400c8903d845d70afbea2ba07e24912fedfe7198,133,133,NCER cell,NCER cell
"포켓몬스터 하트골드 (Korea, IPKK, header ROM version 0)","포켓몬스터 소울실버 (Korea, IPGK, header ROM version 0)",/a/1/5/6,equal,9,9,,,cb57e320a46d0541c3d1cd1953f8054a43b82578305e52298d061af4ccbb0175,cb57e320a46d0541c3d1cd1953f8054a43b82578305e52298d061af4ccbb0175,560,560,NCGR graphics,NCGR graphics
"포켓몬스터 하트골드 (Korea, IPKK, header ROM version 0)","포켓몬스터 소울실버 (Korea, IPGK, header ROM version 0)",/a/1/5/6,equal,10,10,,,dcbc3e224ecc52eb81ec4ffcd96571e0de738a658219171207442452b32ee44f,dcbc3e224ecc52eb81ec4ffcd96571e0de738a658219171207442452b32ee44f,313,313,NANR animation,NANR animation
"포켓몬스터 하트골드 (Korea, IPKK, header ROM version 0)","포켓몬스터 소울실버 (Korea, IPGK, header ROM version 0)",/a/1/5/6,equal,11,11,,,456eba457a5a5c4e5d31aff5605fa24229d2095bfdf1f7292e0b8e8676e0f060,456eba457a5a5c4e5d31aff5605fa24229d2095bfdf1f7292e0b8e8676e0f060,393,393,NCER cell,NCER cell
"포켓몬스터 하트골드 (Korea, IPKK, header ROM version 0)","포켓몬스터 소울실버 (Korea, IPGK, header ROM version 0)",/a/1/5/6,equal,12,12,,,351412d74c13cf367507c92640b1cb4a25ef60b4c8fc0de9ab25facb470be5e9,351412d74c13cf367507c92640b1cb4a25ef60b4c8fc0de9ab25facb470be5e9,9264,9264,NCGR graphics,NCGR graphics
"포켓몬스터 하트골드 (Korea, IPKK, header ROM version 0)","포켓몬스터 소울실버 (Korea, IPGK, header ROM version 0)",/a/1/5/6,equal,13,13,,,ea96f80d9a3f058e1efecde5e10fd33d96e38767bf4f702bf41dbf59c3c6de9f,ea96f80d9a3f058e1efecde5e10fd33d96e38767bf4f702bf41dbf59c3c6de9f,552,552,NCLR palette,NCLR palette
"포켓몬스터 하트골드 (Korea, IPKK, header ROM version 0)","포켓몬스터 소울실버 (Korea, IPGK, header ROM version 0)",/a/1/5/6,equal,14,14,,,2e5ecbe9e16e8fdb15a71dd6e16ed1822e7d0f9b0977e989f648b488bd8d3e14,2e5ecbe9e16e8fdb15a71dd6e16ed1822e7d0f9b0977e989f648b488bd8d3e14,250,250,NANR animation,NANR animation
"포켓몬스터 하트골드 (Korea, IPKK, header ROM version 0)","포켓몬스터 소울실버 (Korea, IPGK, header ROM version 0)",/a/1/5/6,equal,15,15,,,f1d24e962efc57a8eb4e62863fe814733310479fe2b3427a17f8544a46db8691,f1d24e962efc57a8eb4e62863fe814733310479fe2b3427a17f8544a46db8691,294,294,NCER cell,NCER cell
"포켓몬스터 하트골드 (Korea, IPKK, header ROM version 0)","포켓몬스터 소울실버 (Korea, IPGK, header ROM version 0)",/a/1/5/6,equal,16,16,,,d563a9e3e3d1499e03fbe632715c14642f2598e48849f43819d6b2a65a1ae788,d563a9e3e3d1499e03fbe632715c14642f2598e48849f43819d6b2a65a1ae788,6704,6704,NCGR graphics,NCGR graphics
"포켓몬스터 하트골드 (Korea, IPKK, header ROM version 0)","포켓몬스터 소울실버 (Korea, IPGK, header ROM version 0)",/a/1/5/6,equal,17,17,,,d13d251b308166ee6008655fd9fe7424253a47a0844c91e15eeccb3eda7c2723,d13d251b308166ee6008655fd9fe7424253a47a0844c91e15eeccb3eda7c2723,552,552,NCLR palette,NCLR palette
"포켓몬스터 하트골드 (Korea, IPKK, header ROM version 0)","포켓몬스터 소울실버 (Korea, IPGK, header ROM version 0)",/a/1/5/6,equal,18,18,,,a0da22df65ff94aa1f3c26d2ad52e5f67f6800dc850fbb3646c5f560c0414692,a0da22df65ff94aa1f3c26d2ad52e5f67f6800dc850fbb3646c5f560c0414692,253,253,NANR animation,NANR animation
"포켓몬스터 하트골드 (Korea, IPKK, header ROM version 0)","포켓몬스터 소울실버 (Korea, IPGK, header ROM version 0)",/a/1/5/6,equal,19,19,,,4aacfb17792410c76908901e95cb9a1bed68d7f4f246f1e7d74d9389b8f73bae,4aacfb17792410c76908901e95cb9a1bed68d7f4f246f1e7d74d9389b8f73bae,233,233,NCER cell,NCER cell
"포켓몬스터 하트골드 (Korea, IPKK, header ROM version 0)","포켓몬스터 소울실버 (Korea, IPGK, header ROM version 0)",/a/1/5/6,equal,20,20,,,51fd7e215b62554440bc52c061ec3a7027a57cd8fee756341b44e93817dd7105,51fd7e215b62554440bc52c061ec3a7027a57cd8fee756341b44e93817dd7105,16432,16432,NCGR graphics,NCGR graphics
"포켓몬스터 하트골드 (Korea, IPKK, header ROM version 0)","포켓몬스터 소울실버 (Korea, IPGK, header ROM version 0)",/a/1/5/6,equal,21,21,,,4e934eb6ff0890fe0b4099f9b6b1d98ff323a9d9bf2a109587e215beac509ef8,4e934eb6ff0890fe0b4099f9b6b1d98ff323a9d9bf2a109587e215beac509ef8,552,552,NCLR palette,NCLR palette
"포켓몬스터 하트골드 (Korea, IPKK, header ROM version 0)","포켓몬스터 소울실버 (Korea, IPGK, header ROM version 0)",/a/1/5/6,equal,22,22,,,83f66486a10718469e649d5781519ed133d0a8c5e03b9f05d45f974eb1af4175,83f66486a10718469e649d5781519ed133d0a8c5e03b9f05d45f974eb1af4175,1114,1114,NANR animation,NANR animation
"포켓몬스터 하트골드 (Korea, IPKK, header ROM version 0)","포켓몬스터 소울실버 (Korea, IPGK, header ROM version 0)",/a/1/5/6,equal,23,23,,,df60ab4309cfec50c6aa2a04ed999777909fb7076c4ba8dff1258c36c9b8d8b3,df60ab4309cfec50c6aa2a04ed999777909fb7076c4ba8dff1258c36c9b8d8b3,778,778,NCER cell,NCER cell
"포켓몬스터 하트골드 (Korea, IPKK, header ROM version 0)","포켓몬스터 소울실버 (Korea, IPGK, header ROM version 0)",/a/1/5/6,equal,24,24,,,2120a372627baff2852b00c287c489e657f7b0f89e4e4d6f8f3b99de4d06c6d8,2120a372627baff2852b00c287c489e657f7b0f89e4e4d6f8f3b99de4d06c6d8,9264,9264,NCGR graphics,NCGR graphics
"포켓몬스터 하트골드 (Korea, IPKK, header ROM version 0)","포켓몬스터 소울실버 (Korea, IPGK, header ROM version 0)",/a/1/5/6,equal,25,25,,,442771e2869e802dbe55af4f1c8c23304827499b6a2a12a43a7168dae6dd820c,442771e2869e802dbe55af4f1c8c23304827499b6a2a12a43a7168dae6dd820c,552,552,NCLR palette,NCLR palette
"포켓몬스터 하트골드 (Korea, IPKK, header ROM version 0)","포켓몬스터 소울실버 (Korea, IPGK, header ROM version 0)",/a/1/5/6,equal,26,26,,,52ad9680e1ae5d57f07b1e2f6548b341f37c79df21dc0dc1994e8159d37a9650,52ad9680e1ae5d57f07b1e2f6548b341f37c79df21dc0dc1994e8159d37a9650,1158,1158,NANR animation,NANR animation
"포켓몬스터 하트골드 (Korea, IPKK, header ROM version 0)","포켓몬스터 소울실버 (Korea, IPGK, header ROM version 0)",/a/1/5/6,equal,27,27,,,9a12be6380bcbe01e79021e038a28a02b0acff5414681ef453ab2f45e2011b11,9a12be6380bcbe01e79021e038a28a02b0acff5414681ef453ab2f45e2011b11,802,802,NCER cell,NCER cell
"포켓몬스터 하트골드 (Korea, IPKK, header ROM version 0)","포켓몬스터 소울실버 (Korea, IPGK, header ROM version 0)",/a/1/5/6,equal,28,28,,,dfe8ebf177c351672208afc6956a9a239b44f9a15bb2c81117538f213356b638,dfe8ebf177c351672208afc6956a9a239b44f9a15bb2c81117538f213356b638,30768,30768,NCGR graphics,NCGR graphics
"포켓몬스터 하트골드 (Korea, IPKK, header ROM version 0)","포켓몬스터 소울실버 (Korea, IPGK, header ROM version 0)",/a/1/5/6,equal,29,29,,,7ba017b5ea51bd0d42bd775121e723c3e9a6deced327ca9b71bd09cd353001eb,7ba017b5ea51bd0d42bd775121e723c3e9a6deced327ca9b71bd09cd353001eb,552,552,NCLR palette,NCLR palette
"포켓몬스터 하트골드 (Korea, IPKK, header ROM version 0)","포켓몬스터 소울실버 (Korea, IPGK, header ROM version 0)",/a/1/5/6,equal,30,30,,,61fc9a903d15594afa0d5d279878f72986c6553943f912337ba731803e23df49,61fc9a903d15594afa0d5d279878f72986c6553943f912337ba731803e23df49,226,226,NANR animation,NANR animation
"포켓몬스터 하트골드 (Korea, IPKK, header ROM version 0)","포켓몬스터 소울실버 (Korea, IPGK, header ROM version 0)",/a/1/5/6,equal,31,31,,,22fe7f9ae25d102d9251935767deb408f980aeaf4f8ce02cc1ba02675a789c6b,22fe7f9ae25d102d9251935767deb408f980aeaf4f8ce02cc1ba02675a789c6b,178,178,NCER cell,NCER cell
"포켓몬스터 하트골드 (Korea, IPKK, header ROM version 0)","포켓몬스터 소울실버 (Korea, IPGK, header ROM version 0)",/a/1/5/6,equal,32,32,,,95db288b30090acf071dbf051dccdbcac18fda51c7d5e4eb6f52f3decf67b0fa,95db288b30090acf071dbf051dccdbcac18fda51c7d5e4eb6f52f3decf67b0fa,1328,1328,NCGR graphics,NCGR graphics
"포켓몬스터 하트골드 (Korea, IPKK, header ROM version 0)","포켓몬스터 소울실버 (Korea, IPGK, header ROM version 0)",/a/1/5/7,equal,0,0,,,d07bbd765f2ad9e5b6ee3382b75649063ba82db3ca6a829878a9dacd4d874694,d07bbd765f2ad9e5b6ee3382b75649063ba82db3ca6a829878a9dacd4d874694,552,552,NCLR palette,NCLR palette
"포켓몬스터 하트골드 (Korea, IPKK, header ROM version 0)","포켓몬스터 소울실버 (Korea, IPGK, header ROM version 0)",/a/1/5/7,equal,1,1,,,f3ee33f6f18f1dbb7ef3c8789024fbc5e52c178161f4187b6e9def59468c0ae8,f3ee33f6f18f1dbb7ef3c8789024fbc5e52c178161f4187b6e9def59468c0ae8,8256,8256,NCGR graphics,NCGR graphics
"포켓몬스터 하트골드 (Korea, IPKK, header ROM version 0)","포켓몬스터 소울실버 (Korea, IPGK, header ROM version 0)",/a/1/5/7,equal,2,2,,,ea1e6ae3c372e80fe46679f6ace390b9df65287ad32001b1d647b10c6f4dfc38,ea1e6ae3c372e80fe46679f6ace390b9df65287ad32001b1d647b10c6f4dfc38,2084,2084,NSCR screen map,NSCR screen map
"포켓몬스터 하트골드 (Korea, IPKK, header ROM version 0)","포켓몬스터 소울실버 (Korea, IPGK, header ROM version 0)",/a/1/5/7,equal,3,3,,,9c98ba29b6a7dd8b393cc8ca12b830e9d38effc150bf7e9a1592c9b6bba02b47,9c98ba29b6a7dd8b393cc8ca12b830e9d38effc150bf7e9a1592c9b6bba02b47,552,552,NCLR palette,NCLR palette
"포켓몬스터 하트골드 (Korea, IPKK, header ROM version 0)","포켓몬스터 소울실버 (Korea, IPGK, header ROM version 0)",/a/1/5/7,equal,4,4,,,30249884bd91f10bc9d4e13e7b1495f09991b6f488405a0cdbb61cfb402d10ca,30249884bd91f10bc9d4e13e7b1495f09991b6f488405a0cdbb61cfb402d10ca,111,111,NANR animation,NANR animation
"포켓몬스터 하트골드 (Korea, IPKK, header ROM version 0)","포켓몬스터 소울실버 (Korea, IPGK, header ROM version 0)",/a/1/5/7,equal,5,5,,,69a8adee95aceed4906458c2525c22ce9da2349515391f1a2cd62b3cdb2decd7,69a8adee95aceed4906458c2525c22ce9da2349515391f1a2cd62b3cdb2decd7,115,115,NCER cell,NCER cell
"포켓몬스터 하트골드 (Korea, IPKK, header ROM version 0)","포켓몬스터 소울실버 (Korea, IPGK, header ROM version 0)",/a/1/5/7,equal,6,6,,,10b187277457c2088e3dac70bf97b0b2dd18291ea3734a11ea5c2349179e8df0,10b187277457c2088e3dac70bf97b0b2dd18291ea3734a11ea5c2349179e8df0,1072,1072,NCGR graphics,NCGR graphics
"포켓몬스터 하트골드 (Korea, IPKK, header ROM version 0)","포켓몬스터 소울실버 (Korea, IPGK, header ROM version 0)",/a/1/5/8,equal,0,0,,,704f118958791b5694d5c94a754730b847a4214c6af381d82c0fb736a784793c,704f118958791b5694d5c94a754730b847a4214c6af381d82c0fb736a784793c,552,552,NCLR palette,NCLR palette
"포켓몬스터 하트골드 (Korea, IPKK, header ROM version 0)","포켓몬스터 소울실버 (Korea, IPGK, header ROM version 0)",/a/1/5/8,equal,1,1,,,56fafaf2b89a250cb56e26c668a771a6edabddf9507a0162fc37d44ee30abb69,56fafaf2b89a250cb56e26c668a771a6edabddf9507a0162fc37d44ee30abb69,8256,8256,NCGR graphics,NCGR graphics
"포켓몬스터 하트골드 (Korea, IPKK, header ROM version 0)","포켓몬스터 소울실버 (Korea, IPGK, header ROM version 0)",/a/1/5/8,equal,2,2,,,a5ea7b0e65ca381469c3a0c3209073c23135c4306838cbb04585d63f84bb88d4,a5ea7b0e65ca381469c3a0c3209073c23135c4306838cbb04585d63f84bb88d4,2084,2084,NSCR screen map,NSCR screen map
"포켓몬스터 하트골드 (Korea, IPKK, header ROM version 0)","포켓몬스터 소울실버 (Korea, IPGK, header ROM version 0)",/a/1/5/8,equal,3,3,,,14bbba1315c7ff79cafbcee76adf20c544a314e3ab34ffd60008f0b25058eb60,14bbba1315c7ff79cafbcee76adf20c544a314e3ab34ffd60008f0b25058eb60,552,552,NCLR palette,NCLR palette
"포켓몬스터 하트골드 (Korea, IPKK, header ROM version 0)","포켓몬스터 소울실버 (Korea, IPGK, header ROM version 0)",/a/1/5/8,equal,4,4,,,2db7fb78dd747f600d608eae538a07457399a8d7d5d878debe6439464a1d543f,2db7fb78dd747f600d608eae538a07457399a8d7d5d878debe6439464a1d543f,154,154,NANR animation,NANR animation
"포켓몬스터 하트골드 (Korea, IPKK, header ROM version 0)","포켓몬스터 소울실버 (Korea, IPGK, header ROM version 0)",/a/1/5/8,equal,5,5,,,91593b139523a3a25ee203d4661c0a435919f41c1379f20a2e745054efc6367c,91593b139523a3a25ee203d4661c0a435919f41c1379f20a2e745054efc6367c,126,126,NCER cell,NCER cell
"포켓몬스터 하트골드 (Korea, IPKK, header ROM version 0)","포켓몬스터 소울실버 (Korea, IPGK, header ROM version 0)",/a/1/5/8,equal,6,6,,,d1f3130fc98ba4c349f5e102403aab9ac24c42efa48f0fb9acccce668004eaf0,d1f3130fc98ba4c349f5e102403aab9ac24c42efa48f0fb9acccce668004eaf0,560,560,NCGR graphics,NCGR graphics
"포켓몬스터 하트골드 (Korea, IPKK, header ROM version 0)","포켓몬스터 소울실버 (Korea, IPGK, header ROM version 0)",/a/1/5/9,equal,0,0,,,836c23df143dff1d237f8cfc2c8d7d7b08c9f9e2ad4e86c61c50744d9dd36e90,836c23df143dff1d237f8cfc2c8d7d7b08c9f9e2ad4e86c61c50744d9dd36e90,552,552,NCLR palette,NCLR palette
"포켓몬스터 하트골드 (Korea, IPKK, header ROM version 0)","포켓몬스터 소울실버 (Korea, IPGK, header ROM version 0)",/a/1/5/9,equal,1,1,,,cd7f2826ce9e2be44bb0196c122e1060309c0da93dabd3fb10b5613d6abf6c05,cd7f2826ce9e2be44bb0196c122e1060309c0da93dabd3fb10b5613d6abf6c05,1213,1213,NANR animation,NANR animation
"포켓몬스터 하트골드 (Korea, IPKK, header ROM version 0)","포켓몬스터 소울실버 (Korea, IPGK, header ROM version 0)",/a/1/5/9,equal,2,2,,,1a6115fbffc29b91ee2df7a8dbf9c477eb3d94c9cff760f2fd9ca450188c5d9b,1a6115fbffc29b91ee2df7a8dbf9c477eb3d94c9cff760f2fd9ca450188c5d9b,1725,1725,NCER cell,NCER cell
"포켓몬스터 하트골드 (Korea, IPKK, header ROM version 0)","포켓몬스터 소울실버 (Korea, IPGK, header ROM version 0)",/a/1/5/9,equal,3,3,,,47de1db8561f726175d0e9d00d2a312107d4c6171aee6fb0e4c5baddc9d2ab7a,47de1db8561f726175d0e9d00d2a312107d4c6171aee6fb0e4c5baddc9d2ab7a,39216,39216,NCGR graphics,NCGR graphics
"포켓몬스터 하트골드 (Korea, IPKK, header ROM version 0)","포켓몬스터 소울실버 (Korea, IPGK, header ROM version 0)",/a/1/5/9,equal,4,4,,,b58f2a24b133222ddc14a58b1feadec635deb3cf751ac1fcdcce41258fe70a2c,b58f2a24b133222ddc14a58b1feadec635deb3cf751ac1fcdcce41258fe70a2c,552,552,NCLR palette,NCLR palette
"포켓몬스터 하트골드 (Korea, IPKK, header ROM version 0)","포켓몬스터 소울실버 (Korea, IPGK, header ROM version 0)",/a/1/5/9,equal,5,5,,,20311a08745a5d1c0f7b6efa4698bef6a448d959ba2e751588c2dcf53e60de48,20311a08745a5d1c0f7b6efa4698bef6a448d959ba2e751588c2dcf53e60de48,32832,32832,NCGR graphics,NCGR graphics
"포켓몬스터 하트골드 (Korea, IPKK, header ROM version 0)","포켓몬스터 소울실버 (Korea, IPGK, header ROM version 0)",/a/1/5/9,equal,6,6,,,f7ed80a3de81779b71799669763fe76ba738e5ad0ce02f6cbd12af37647f87cd,f7ed80a3de81779b71799669763fe76ba738e5ad0ce02f6cbd12af37647f87cd,2084,2084,NSCR screen map,NSCR screen map
"포켓몬스터 하트골드 (Korea, IPKK, header ROM version 0)","포켓몬스터 소울실버 (Korea, IPGK, header ROM version 0)",/a/1/6/0,equal,0,0,,,dc0ca3456a907f4bec7a08abf60edfeaf6fc90362765298b9f69aa729435172f,dc0ca3456a907f4bec7a08abf60edfeaf6fc90362765298b9f69aa729435172f,192,192,NCLR palette,NCLR palette
"포켓몬스터 하트골드 (Korea, IPKK, header ROM version 0)","포켓몬스터 소울실버 (Korea, IPGK, header ROM version 0)",/a/1/6/0,equal,1,1,,,b077475ea8888aeee2aaabcf73162965bddcd626303ae5298748c01e255331ac,b077475ea8888aeee2aaabcf73162965bddcd626303ae5298748c01e255331ac,2084,2084,NSCR screen map,NSCR screen map
"포켓몬스터 하트골드 (Korea, IPKK, header ROM version 0)","포켓몬스터 소울실버 (Korea, IPGK, header ROM version 0)",/a/1/6/0,equal,2,2,,,dd03a2c10075383a744f20f83ab23fab1130b50adff1e7d28c4c0127a4cb515c,dd03a2c10075383a744f20f83ab23fab1130b50adff1e7d28c4c0127a4cb515c,32832,32832,NCGR graphics,NCGR graphics
"포켓몬스터 하트골드 (Korea, IPKK, header ROM version 0)","포켓몬스터 소울실버 (Korea, IPGK, header ROM version 0)",/a/1/6/0,equal,3,3,,,d4ceb4783466b08c32b847ec804e03f15e90ced9b0cc53f7f52d5829479641a2,d4ceb4783466b08c32b847ec804e03f15e90ced9b0cc53f7f52d5829479641a2,8256,8256,NCGR graphics,NCGR graphics
"포켓몬스터 하트골드 (Korea, IPKK, header ROM version 0)","포켓몬스터 소울실버 (Korea, IPGK, header ROM version 0)",/a/1/6/0,equal,4,4,,,1bec6f6e8cc248d3d85078c870063b6455de69ba4ddbf9394d273c57e7c90632,1bec6f6e8cc248d3d85078c870063b6455de69ba4ddbf9394d273c57e7c90632,2084,2084,NSCR screen map,NSCR screen map
"포켓몬스터 하트골드 (Korea, IPKK, header ROM version 0)","포켓몬스터 소울실버 (Korea, IPGK, header ROM version 0)",/a/1/6/0,equal,5,5,,,7d62bc101989be8573cbe0b7d1eeb19a585828425e4d5d225005a5064766aa47,7d62bc101989be8573cbe0b7d1eeb19a585828425e4d5d225005a5064766aa47,2084,2084,NSCR screen map,NSCR screen map
"포켓몬스터 하트골드 (Korea, IPKK, header ROM version 0)","포켓몬스터 소울실버 (Korea, IPGK, header ROM version 0)",/a/1/6/0,equal,6,6,,,0599daaa11b0b2ca65be9c2906eec2bccf96c917ff5dba99cdb99577d7f8bdcb,0599daaa11b0b2ca65be9c2906eec2bccf96c917ff5dba99cdb99577d7f8bdcb,552,552,NCLR palette,NCLR palette
"포켓몬스터 하트골드 (Korea, IPKK, header ROM version 0)","포켓몬스터 소울실버 (Korea, IPGK, header ROM version 0)",/a/1/6/0,equal,7,7,,,0aaadbaf066956d74f838092a08e0601528c0c03a5b2663660443cd1eaac2780,0aaadbaf066956d74f838092a08e0601528c0c03a5b2663660443cd1eaac2780,914,914,NANR animation,NANR animation
"포켓몬스터 하트골드 (Korea, IPKK, header ROM version 0)","포켓몬스터 소울실버 (Korea, IPGK, header ROM version 0)",/a/1/6/0,equal,8,8,,,751cc88856624de1c9bf18dec22a8f1a918439edef3a84adc6292c20b9bde80b,751cc88856624de1c9bf18dec22a8f1a918439edef3a84adc6292c20b9bde80b,890,890,NCER cell,NCER cell
"포켓몬스터 하트골드 (Korea, IPKK, header ROM version 0)","포켓몬스터 소울실버 (Korea, IPGK, header ROM version 0)",/a/1/6/0,equal,9,9,,,d64a38fdfc0baf83d07aff2525ff4a654b68aeabb36675b6b650c65a056e5711,d64a38fdfc0baf83d07aff2525ff4a654b68aeabb36675b6b650c65a056e5711,15408,15408,NCGR graphics,NCGR graphics
"포켓몬스터 하트골드 (Korea, IPKK, header ROM version 0)","포켓몬스터 소울실버 (Korea, IPGK, header ROM version 0)",/a/1/6/1,equal,0,0,,,8b7451444501872c484a4b84d802a420cb39b38c8842654ac59eb025a53185f1,8b7451444501872c484a4b84d802a420cb39b38c8842654ac59eb025a53185f1,552,552,NCLR palette,NCLR palette
"포켓몬스터 하트골드 (Korea, IPKK, header ROM version 0)","포켓몬스터 소울실버 (Korea, IPGK, header ROM version 0)",/a/1/6/1,equal,1,1,,,cc967ef4ab52839460acd98bafff6622da7bae1a2acfefcc71b24e61b7cdb6f6,cc967ef4ab52839460acd98bafff6622da7bae1a2acfefcc71b24e61b7cdb6f6,542,542,NANR animation,NANR animation
"포켓몬스터 하트골드 (Korea, IPKK, header ROM version 0)","포켓몬스터 소울실버 (Korea, IPGK, header ROM version 0)",/a/1/6/1,equal,2,2,,,0ca13db5897851f2e2a5ff31f058ba5bf90ebc498cd787e92a60be669191f701,0ca13db5897851f2e2a5ff31f058ba5bf90ebc498cd787e92a60be669191f701,490,490,NCER cell,NCER cell
"포켓몬스터 하트골드 (Korea, IPKK, header ROM version 0)","포켓몬스터 소울실버 (Korea, IPGK, header ROM version 0)",/a/1/6/1,equal,3,3,,,4071fb2fdff1dde5df8dff08741abe1a0e7f28484be02841610b018d0ec06a33,4071fb2fdff1dde5df8dff08741abe1a0e7f28484be02841610b018d0ec06a33,4144,4144,NCGR graphics,NCGR graphics
"포켓몬스터 하트골드 (Korea, IPKK, header ROM version 0)","포켓몬스터 소울실버 (Korea, IPGK, header ROM version 0)",/a/1/6/2,equal,0,0,,,d6ff76c629856afa11f517eb57f349140e30f27a964fdd328ea52e3cd9cca520,d6ff76c629856afa11f517eb57f349140e30f27a964fdd328ea52e3cd9cca520,552,552,NCLR palette,NCLR palette
"포켓몬스터 하트골드 (Korea, IPKK, header ROM version 0)","포켓몬스터 소울실버 (Korea, IPGK, header ROM version 0)",/a/1/6/2,equal,1,1,,,ce8cfb8284a3cc4603d0c607093c61217fd51b93d3f6724f2d48b92ca86f5677,ce8cfb8284a3cc4603d0c607093c61217fd51b93d3f6724f2d48b92ca86f5677,16448,16448,NCGR graphics,NCGR graphics
"포켓몬스터 하트골드 (Korea, IPKK, header ROM version 0)","포켓몬스터 소울실버 (Korea, IPGK, header ROM version 0)",/a/1/6/2,equal,2,2,,,d160a9665a63c99168ed795b30065312893a84e4841f41ec96470aaea2c7dee0,d160a9665a63c99168ed795b30065312893a84e4841f41ec96470aaea2c7dee0,8256,8256,NCGR graphics,NCGR graphics
"포켓몬스터 하트골드 (Korea, IPKK, header ROM version 0)","포켓몬스터 소울실버 (Korea, IPGK, header ROM version 0)",/a/1/6/2,equal,3,3,,,667348a37d7c1edaa5d89bc7fcd30562e4f78bf7440e289cb830f9b311cc382b,667348a37d7c1edaa5d89bc7fcd30562e4f78bf7440e289cb830f9b311cc382b,552,552,NCLR palette,NCLR palette
"포켓몬스터 하트골드 (Korea, IPKK, header ROM version 0)","포켓몬스터 소울실버 (Korea, IPGK, header ROM version 0)",/a/1/6/2,equal,4,4,,,09afd0de62ecf341021316153cd217f1736f8db35322cc42649f699f13c0dbdf,09afd0de62ecf341021316153cd217f1736f8db35322cc42649f699f13c0dbdf,146,146,NCER cell,NCER cell
"포켓몬스터 하트골드 (Korea, IPKK, header ROM version 0)","포켓몬스터 소울실버 (Korea, IPGK, header ROM version 0)",/a/1/6/2,equal,5,5,,,5946c82a2bdacab04a4a80442284aebba330fbbe934b32750af098eb0020bde4,5946c82a2bdacab04a4a80442284aebba330fbbe934b32750af098eb0020bde4,1456,1456,NCGR graphics,NCGR graphics
"포켓몬스터 하트골드 (Korea, IPKK, header ROM version 0)","포켓몬스터 소울실버 (Korea, IPGK, header ROM version 0)",/a/1/6/2,equal,6,6,,,244d99f84699aecd78d4839b0b6249f0c4cd146815c3c173c4d4c82be15518fa,244d99f84699aecd78d4839b0b6249f0c4cd146815c3c173c4d4c82be15518fa,283,283,NCER cell,NCER cell
"포켓몬스터 하트골드 (Korea, IPKK, header ROM version 0)","포켓몬스터 소울실버 (Korea, IPGK, header ROM version 0)",/a/1/6/2,equal,7,7,,,064747c1407c935e3eaf75302c616556d1981478ced5d17c8797427b43c04deb,064747c1407c935e3eaf75302c616556d1981478ced5d17c8797427b43c04deb,331,331,NANR animation,NANR animation
"포켓몬스터 하트골드 (Korea, IPKK, header ROM version 0)","포켓몬스터 소울실버 (Korea, IPGK, header ROM version 0)",/a/1/6/2,equal,8,8,,,0e1f521206cc637d46407539701d7d11660a699ea951d5702d7fadccf76434c7,0e1f521206cc637d46407539701d7d11660a699ea951d5702d7fadccf76434c7,3376,3376,NCGR graphics,NCGR graphics
"포켓몬스터 하트골드 (Korea, IPKK, header ROM version 0)","포켓몬스터 소울실버 (Korea, IPGK, header ROM version 0)",/a/1/6/2,equal,9,9,,,b42f954040fbc6dab3f8ed4f5f4237dc4c7974917c925486dbdf270d114c6fe7,b42f954040fbc6dab3f8ed4f5f4237dc4c7974917c925486dbdf270d114c6fe7,2084,2084,NSCR screen map,NSCR screen map
"포켓몬스터 하트골드 (Korea, IPKK, header ROM version 0)","포켓몬스터 소울실버 (Korea, IPGK, header ROM version 0)",/a/1/6/2,equal,10,10,,,c09555dc95831d932f99e1940b38c29d883d4d6426feb7a661c3d2b380760f13,c09555dc95831d932f99e1940b38c29d883d4d6426feb7a661c3d2b380760f13,2084,2084,NSCR screen map,NSCR screen map
"포켓몬스터 하트골드 (Korea, IPKK, header ROM version 0)","포켓몬스터 소울실버 (Korea, IPGK, header ROM version 0)",/a/1/6/2,equal,11,11,,,bbd04f77301e7815c6aa0f0ebde41f80fe571d728e32ea5e4137d0119eab09c1,bbd04f77301e7815c6aa0f0ebde41f80fe571d728e32ea5e4137d0119eab09c1,2084,2084,NSCR screen map,NSCR screen map
"포켓몬스터 하트골드 (Korea, IPKK, header ROM version 0)","포켓몬스터 소울실버 (Korea, IPGK, header ROM version 0)",/a/1/6/2,equal,12,12,,,f69eb4127392db9ca822aff0fcaa860ff89f7fb29768a9c9f59cb37f37464eed,f69eb4127392db9ca822aff0fcaa860ff89f7fb29768a9c9f59cb37f37464eed,2084,2084,NSCR screen map,NSCR screen map
"포켓몬스터 하트골드 (Korea, IPKK, header ROM version 0)","포켓몬스터 소울실버 (Korea, IPGK, header ROM version 0)",/a/1/6/2,equal,13,13,,,de008db6841a679b92d5f61122a522c99fc3c9675c582fb3c7c3914fd3f334de,de008db6841a679b92d5f61122a522c99fc3c9675c582fb3c7c3914fd3f334de,2084,2084,NSCR screen map,NSCR screen map
"포켓몬스터 하트골드 (Korea, IPKK, header ROM version 0)","포켓몬스터 소울실버 (Korea, IPGK, header ROM version 0)",/a/1/6/2,equal,14,14,,,9b79ee4404f6953411f4a395af5401b957473de359baab8f3b24d777158d529b,9b79ee4404f6953411f4a395af5401b957473de359baab8f3b24d777158d529b,2084,2084,NSCR screen map,NSCR screen map
"포켓몬스터 하트골드 (Korea, IPKK, header ROM version 0)","포켓몬스터 소울실버 (Korea, IPGK, header ROM version 0)",/a/1/6/2,equal,15,15,,,ac2251fb389d5375d16e9ec3945a2bb5d56dd7933485c31b628d8ee5b40c7138,ac2251fb389d5375d16e9ec3945a2bb5d56dd7933485c31b628d8ee5b40c7138,219,219,NCER cell,NCER cell
"포켓몬스터 하트골드 (Korea, IPKK, header ROM version 0)","포켓몬스터 소울실버 (Korea, IPGK, header ROM version 0)",/a/1/6/2,equal,16,16,,,67a61f75459c316643170ac171be899544bed8a01b98faf90ac1c0d66ecf3363,67a61f75459c316643170ac171be899544bed8a01b98faf90ac1c0d66ecf3363,1200,1200,NCGR graphics,NCGR graphics
"포켓몬스터 하트골드 (Korea, IPKK, header ROM version 0)","포켓몬스터 소울실버 (Korea, IPGK, header ROM version 0)",/a/1/6/2,equal,17,17,,,94aba29224728d0d203b7081c9c08352f6605ecd5ac8682122a4f8ea2a8a6bfd,94aba29224728d0d203b7081c9c08352f6605ecd5ac8682122a4f8ea2a8a6bfd,2084,2084,NSCR screen map,NSCR screen map
"포켓몬스터 하트골드 (Korea, IPKK, header ROM version 0)","포켓몬스터 소울실버 (Korea, IPGK, header ROM version 0)",/a/1/6/2,equal,18,18,,,9f5656747d381c3022ec56138892c9f4fe1490abd55e54cf55acc7fcef02802e,9f5656747d381c3022ec56138892c9f4fe1490abd55e54cf55acc7fcef02802e,2084,2084,NSCR screen map,NSCR screen map
"포켓몬스터 하트골드 (Korea, IPKK, header ROM version 0)","포켓몬스터 소울실버 (Korea, IPGK, header ROM version 0)",/a/1/6/2,equal,19,19,,,c64b140f51c42b3d95c5d1235bcc625e1bfd8c081b37499d6b57d4447d0b74cc,c64b140f51c42b3d95c5d1235bcc625e1bfd8c081b37499d6b57d4447d0b74cc,2084,2084,NSCR screen map,NSCR screen map
"포켓몬스터 하트골드 (Korea, IPKK, header ROM version 0)","포켓몬스터 소울실버 (Korea, IPGK, header ROM version 0)",/a/1/6/2,equal,20,20,,,4f81f6fe6d028b070b7362aece250a79c2b78e0ef73764af3f11eccceab0e910,4f81f6fe6d028b070b7362aece250a79c2b78e0ef73764af3f11eccceab0e910,6208,6208,NCGR graphics,NCGR graphics
"포켓몬스터 하트골드 (Korea, IPKK, header ROM version 0)","포켓몬스터 소울실버 (Korea, IPGK, header ROM version 0)",/a/1/6/2,equal,21,21,,,5958f34526a1e01cf5c1b7636bb7dd7e2fb78b9f6890607532d88a2859ac32a5,5958f34526a1e01cf5c1b7636bb7dd7e2fb78b9f6890607532d88a2859ac32a5,8228,8228,NSCR screen map,NSCR screen map
"포켓몬스터 하트골드 (Korea, IPKK, header ROM version 0)","포켓몬스터 소울실버 (Korea, IPGK, header ROM version 0)",/a/1/6/2,equal,22,22,,,fb982f763c35bb63d9faf8c4396a2134515b75b2c9419b7fbd72ca1dbc6003be,fb982f763c35bb63d9faf8c4396a2134515b75b2c9419b7fbd72ca1dbc6003be,179,179,NCER cell,NCER cell
"포켓몬스터 하트골드 (Korea, IPKK, header ROM version 0)","포켓몬스터 소울실버 (Korea, IPGK, header ROM version 0)",/a/1/6/2,equal,23,23,,,c630c6ed2f1bab977aa878dc6c95212157ab126c436dc8afd25c7b7543bbbf53,c630c6ed2f1bab977aa878dc6c95212157ab126c436dc8afd25c7b7543bbbf53,1584,1584,NCGR graphics,NCGR graphics
"포켓몬스터 하트골드 (Korea, IPKK, header ROM version 0)","포켓몬스터 소울실버 (Korea, IPGK, header ROM version 0)",/a/1/6/2,equal,24,24,,,4639c20ac738edee737bf06f09f8af16a5daf526f98dd0ea9933d5a54b592c7f,4639c20ac738edee737bf06f09f8af16a5daf526f98dd0ea9933d5a54b592c7f,552,552,NCLR palette,NCLR palette
"포켓몬스터 하트골드 (Korea, IPKK, header ROM version 0)","포켓몬스터 소울실버 (Korea, IPGK, header ROM version 0)",/a/1/6/2,equal,25,25,,,78ab34e17ddee1e4e60111234bc3b1fa035930d8dbfc76ebfa622dc5ce78468d,78ab34e17ddee1e4e60111234bc3b1fa035930d8dbfc76ebfa622dc5ce78468d,176,176,NCGR graphics,NCGR graphics
"포켓몬스터 하트골드 (Korea, IPKK, header ROM version 0)","포켓몬스터 소울실버 (Korea, IPGK, header ROM version 0)",/a/1/6/2,equal,26,26,,,ce62573127d5c364cfc58d9538854828201188e94ff1b64add1bd7fb50d53c91,ce62573127d5c364cfc58d9538854828201188e94ff1b64add1bd7fb50d53c91,176,176,NCGR graphics,NCGR graphics
"포켓몬스터 하트골드 (Korea, IPKK, header ROM version 0)","포켓몬스터 소울실버 (Korea, IPGK, header ROM version 0)",/a/1/6/2,equal,27,27,,,f4b2068507df014d2c73b719a4f6eee7450581625091dca781a33e5cae3f6c5a,f4b2068507df014d2c73b719a4f6eee7450581625091dca781a33e5cae3f6c5a,176,176,NCGR graphics,NCGR graphics
"포켓몬스터 하트골드 (Korea, IPKK, header ROM version 0)","포켓몬스터 소울실버 (Korea, IPGK, header ROM version 0)",/a/1/6/2,equal,28,28,,,57130c58b044d6f2031306018a86d9276d67037250816b0e14643664d39aeeca,57130c58b044d6f2031306018a86d9276d67037250816b0e14643664d39aeeca,176,176,NCGR graphics,NCGR graphics
"포켓몬스터 하트골드 (Korea, IPKK, header ROM version 0)","포켓몬스터 소울실버 (Korea, IPGK, header ROM version 0)",/a/1/6/2,equal,29,29,,,cc1dabf47a80535710fe68f52140818a1d253d40cea9febf5f475933ac47f003,cc1dabf47a80535710fe68f52140818a1d253d40cea9febf5f475933ac47f003,176,176,NCGR graphics,NCGR graphics
"포켓몬스터 하트골드 (Korea, IPKK, header ROM version 0)","포켓몬스터 소울실버 (Korea, IPGK, header ROM version 0)",/a/1/6/2,equal,30,30,,,5662713aedefe2f6c4d3210c2d106def0272725297c31ba802a2a5cad651d58b,5662713aedefe2f6c4d3210c2d106def0272725297c31ba802a2a5cad651d58b,176,176,NCGR graphics,NCGR graphics
"포켓몬스터 하트골드 (Korea, IPKK, header ROM version 0)","포켓몬스터 소울실버 (Korea, IPGK, header ROM version 0)",/a/1/6/2,equal,31,31,,,1a9e02cf7658358d8bb00b06a8b78356c38be3a7a479e669f6cd574caa2c99ae,1a9e02cf7658358d8bb00b06a8b78356c38be3a7a479e669f6cd574caa2c99ae,176,176,NCGR graphics,NCGR graphics
"포켓몬스터 하트골드 (Korea, IPKK, header ROM version 0)","포켓몬스터 소울실버 (Korea, IPGK, header ROM version 0)",/a/1/6/2,equal,32,32,,,b6fc9b3a5d786e0625abf7ad17d321ad88afb7465b44f6fe9497e7c9d0e64635,b6fc9b3a5d786e0625abf7ad17d321ad88afb7465b44f6fe9497e7c9d0e64635,176,176,NCGR graphics,NCGR graphics
"포켓몬스터 하트골드 (Korea, IPKK, header ROM version 0)","포켓몬스터 소울실버 (Korea, IPGK, header ROM version 0)",/a/1/6/2,equal,33,33,,,7f363710dedea437710bad429fed308e42c40e4b7130730d39f734dd1fac8fc2,7f363710dedea437710bad429fed308e42c40e4b7130730d39f734dd1fac8fc2,176,176,NCGR graphics,NCGR graphics
"포켓몬스터 하트골드 (Korea, IPKK, header ROM version 0)","포켓몬스터 소울실버 (Korea, IPGK, header ROM version 0)",/a/1/6/2,equal,34,34,,,40603bdf0e6ef172fac5c648083c0aedb165e6cb00b7c499791b282d19336a8b,40603bdf0e6ef172fac5c648083c0aedb165e6cb00b7c499791b282d19336a8b,176,176,NCGR graphics,NCGR graphics
"포켓몬스터 하트골드 (Korea, IPKK, header ROM version 0)","포켓몬스터 소울실버 (Korea, IPGK, header ROM version 0)",/a/1/6/2,equal,35,35,,,29fa993689c7aed8838cde42062e1c1c256cc2aba89f34082879d1d36cb034ad,29fa993689c7aed8838cde42062e1c1c256cc2aba89f34082879d1d36cb034ad,176,176,NCGR graphics,NCGR graphics
"포켓몬스터 하트골드 (Korea, IPKK, header ROM version 0)","포켓몬스터 소울실버 (Korea, IPGK, header ROM version 0)",/a/1/6/2,equal,36,36,,,57df392fc4626c24acd68e516c06522557af5cc073a66e788c5a312486f4dc36,57df392fc4626c24acd68e516c06522557af5cc073a66e788c5a312486f4dc36,176,176,NCGR graphics,NCGR graphics
"포켓몬스터 하트골드 (Korea, IPKK, header ROM version 0)","포켓몬스터 소울실버 (Korea, IPGK, header ROM version 0)",/a/1/6/2,equal,37,37,,,dd7914dd763902898b85d357cb7054aa34f1a7728dff5b809e949ab326d9d0b9,dd7914dd763902898b85d357cb7054aa34f1a7728dff5b809e949ab326d9d0b9,176,176,NCGR graphics,NCGR graphics
"포켓몬스터 하트골드 (Korea, IPKK, header ROM version 0)","포켓몬스터 소울실버 (Korea, IPGK, header ROM version 0)",/a/1/6/2,equal,38,38,,,31a7c6cc333d6e958fdb23a11e61a5298c92f1d059a01cc09a019964112253fc,31a7c6cc333d6e958fdb23a11e61a5298c92f1d059a01cc09a019964112253fc,176,176,NCGR graphics,NCGR graphics
"포켓몬스터 하트골드 (Korea, IPKK, header ROM version 0)","포켓몬스터 소울실버 (Korea, IPGK, header ROM version 0)",/a/1/6/2,equal,39,39,,,81e857aba8fdc6fddbd2867a542f56752b5621485e977e1353115a9af2589c13,81e857aba8fdc6fddbd2867a542f56752b5621485e977e1353115a9af2589c13,176,176,NCGR graphics,NCGR graphics
"포켓몬스터 하트골드 (Korea, IPKK, header ROM version 0)","포켓몬스터 소울실버 (Korea, IPGK, header ROM version 0)",/a/1/6/2,equal,40,40,,,92ce3c2eed2dd1f81b7a86396fe2a5d19143e989aed1fbaf691ff3d6b1cecac9,92ce3c2eed2dd1f81b7a86396fe2a5d19143e989aed1fbaf691ff3d6b1cecac9,176,176,NCGR graphics,NCGR graphics
"포켓몬스터 하트골드 (Korea, IPKK, header ROM version 0)","포켓몬스터 소울실버 (Korea, IPGK, header ROM version 0)",/a/1/6/2,equal,41,41,,,02e4949494b8f36c23a98eb05265c634747f23f33816bf13e8ab09f64855f1ee,02e4949494b8f36c23a98eb05265c634747f23f33816bf13e8ab09f64855f1ee,176,176,NCGR graphics,NCGR graphics
"포켓몬스터 하트골드 (Korea, IPKK, header ROM version 0)","포켓몬스터 소울실버 (Korea, IPGK, header ROM version 0)",/a/1/6/2,equal,42,42,,,bb94286e6aae1362de8404a02359ce773e5dd37153482482e9c70258dffcc15c,bb94286e6aae1362de8404a02359ce773e5dd37153482482e9c70258dffcc15c,176,176,NCGR graphics,NCGR graphics
"포켓몬스터 하트골드 (Korea, IPKK, header ROM version 0)","포켓몬스터 소울실버 (Korea, IPGK, header ROM version 0)",/a/1/6/2,equal,43,43,,,28571eaab9b65553954f063857a499c190559c91f43acd079b4ab6da2dfad96a,28571eaab9b65553954f063857a499c190559c91f43acd079b4ab6da2dfad96a,176,176,NCGR graphics,NCGR graphics
"포켓몬스터 하트골드 (Korea, IPKK, header ROM version 0)","포켓몬스터 소울실버 (Korea, IPGK, header ROM version 0)",/a/1/6/2,equal,44,44,,,6064b623e5df4bcf84e7839d4b6abb2e66b18cecf4fabe1c1d702713fa68c790,6064b623e5df4bcf84e7839d4b6abb2e66b18cecf4fabe1c1d702713fa68c790,176,176,NCGR graphics,NCGR graphics
"포켓몬스터 하트골드 (Korea, IPKK, header ROM version 0)","포켓몬스터 소울실버 (Korea, IPGK, header ROM version 0)",/a/1/6/2,equal,45,45,,,fd5912aa2507e33325f3ffd27bb403a90c6ec7ef089e5b1aa06a7a4bd2dc5c9e,fd5912aa2507e33325f3ffd27bb403a90c6ec7ef089e5b1aa06a7a4bd2dc5c9e,176,176,NCGR graphics,NCGR graphics
"포켓몬스터 하트골드 (Korea, IPKK, header ROM version 0)","포켓몬스터 소울실버 (Korea, IPGK, header ROM version 0)",/a/1/6/2,equal,46,46,,,31f1774ac325b0fd0791a38c194f7aa5f32c804673cd988bbaeb5fd977fab3d9,31f1774ac325b0fd0791a38c194f7aa5f32c804673cd988bbaeb5fd977fab3d9,176,176,NCGR graphics,NCGR graphics
"포켓몬스터 하트골드 (Korea, IPKK, header ROM version 0)","포켓몬스터 소울실버 (Korea, IPGK, header ROM version 0)",/a/1/6/2,equal,47,47,,,5721d5481ece44b1f1e8ccd260073cdf960f72a5b9d312b70da535068a66d5c6,5721d5481ece44b1f1e8ccd260073cdf960f72a5b9d312b70da535068a66d5c6,176,176,NCGR graphics,NCGR graphics
"포켓몬스터 하트골드 (Korea, IPKK, header ROM version 0)","포켓몬스터 소울실버 (Korea, IPGK, header ROM version 0)",/a/1/6/2,equal,48,48,,,43482996111161bec07954346da4253e08737c79c50a548f5d363f4c005ce125,43482996111161bec07954346da4253e08737c79c50a548f5d363f4c005ce125,176,176,NCGR graphics,NCGR graphics
"포켓몬스터 하트골드 (Korea, IPKK, header ROM version 0)","포켓몬스터 소울실버 (Korea, IPGK, header ROM version 0)",/a/1/6/2,equal,49,49,,,e0cd0c04aa788c325494b5ac63a4fbfe4900d5a29021865f5359d4be1c596110,e0cd0c04aa788c325494b5ac63a4fbfe4900d5a29021865f5359d4be1c596110,552,552,NCLR palette,NCLR palette
"포켓몬스터 하트골드 (Korea, IPKK, header ROM version 0)","포켓몬스터 소울실버 (Korea, IPGK, header ROM version 0)",/a/1/6/2,equal,50,50,,,f5a963d3376d83aa42e0c41e9ff88b748e4649c1487a219cf1e4f0a889e86ffd,f5a963d3376d83aa42e0c41e9ff88b748e4649c1487a219cf1e4f0a889e86ffd,552,552,NCLR palette,NCLR palette
"포켓몬스터 하트골드 (Korea, IPKK, header ROM version 0)","포켓몬스터 소울실버 (Korea, IPGK, header ROM version 0)",/a/1/6/2,equal,51,51,,,2d537893b48453abbc3068ce2bc5852c60c23db452287f6188e04336849fe17e,2d537893b48453abbc3068ce2bc5852c60c23db452287f6188e04336849fe17e,552,552,NCLR palette,NCLR palette
"포켓몬스터 하트골드 (Korea, IPKK, header ROM version 0)","포켓몬스터 소울실버 (Korea, IPGK, header ROM version 0)",/a/1/6/2,equal,52,52,,,53460928eadae33e2f951cdafb4ac15dff05f69d0292ac5c7bd16df3465af271,53460928eadae33e2f951cdafb4ac15dff05f69d0292ac5c7bd16df3465af271,552,552,NCLR palette,NCLR palette
"포켓몬스터 하트골드 (Korea, IPKK, header ROM version 0)","포켓몬스터 소울실버 (Korea, IPGK, header ROM version 0)",/a/1/6/2,equal,53,53,,,08fe019a4444ccc4c98bf3e4f73d84563fbe503ffb544db488f2819ed2146577,08fe019a4444ccc4c98bf3e4f73d84563fbe503ffb544db488f2819ed2146577,552,552,NCLR palette,NCLR palette
"포켓몬스터 하트골드 (Korea, IPKK, header ROM version 0)","포켓몬스터 소울실버 (Korea, IPGK, header ROM version 0)",/a/1/6/2,equal,54,54,,,d286d5c3afde43a6ea6c7ac8fca614ae25f19386da7186d100f28482f286cb64,d286d5c3afde43a6ea6c7ac8fca614ae25f19386da7186d100f28482f286cb64,552,552,NCLR palette,NCLR palette
"포켓몬스터 하트골드 (Korea, IPKK, header ROM version 0)","포켓몬스터 소울실버 (Korea, IPGK, header ROM version 0)",/a/1/6/2,equal,55,55,,,015fd4f8e82b4d027c2a68167335648dd8f4a333780084814d459d84f7843960,015fd4f8e82b4d027c2a68167335648dd8f4a333780084814d459d84f7843960,552,552,NCLR palette,NCLR palette
"포켓몬스터 하트골드 (Korea, IPKK, header ROM version 0)","포켓몬스터 소울실버 (Korea, IPGK, header ROM version 0)",/a/1/6/2,equal,56,56,,,209a81396bb2e29e43c58a411b7b9cbd5c7dc160886a85d5be67b481851d58c2,209a81396bb2e29e43c58a411b7b9cbd5c7dc160886a85d5be67b481851d58c2,552,552,NCLR palette,NCLR palette
"포켓몬스터 하트골드 (Korea, IPKK, header ROM version 0)","포켓몬스터 소울실버 (Korea, IPGK, header ROM version 0)",/a/1/6/2,equal,57,57,,,d378cc992a19ecff10cb3ec9d4eb3307584fe0b787cb5df90ae4d0bc45453404,d378cc992a19ecff10cb3ec9d4eb3307584fe0b787cb5df90ae4d0bc45453404,552,552,NCLR palette,NCLR palette
"포켓몬스터 하트골드 (Korea, IPKK, header ROM version 0)","포켓몬스터 소울실버 (Korea, IPGK, header ROM version 0)",/a/1/6/2,equal,58,58,,,bd2dd8411e30d16695ad5a34c25f3c3e13f0c77600383ad9b4b6a7ddc4e08813,bd2dd8411e30d16695ad5a34c25f3c3e13f0c77600383ad9b4b6a7ddc4e08813,552,552,NCLR palette,NCLR palette
"포켓몬스터 하트골드 (Korea, IPKK, header ROM version 0)","포켓몬스터 소울실버 (Korea, IPGK, header ROM version 0)",/a/1/6/2,equal,59,59,,,3542bcc4b30ee608464bab7c2f07d0df8caba029984b886f5d6b368f70649e13,3542bcc4b30ee608464bab7c2f07d0df8caba029984b886f5d6b368f70649e13,552,552,NCLR palette,NCLR palette
"포켓몬스터 하트골드 (Korea, IPKK, header ROM version 0)","포켓몬스터 소울실버 (Korea, IPGK, header ROM version 0)",/a/1/6/2,equal,60,60,,,36cc494400724b199257c0bb353bc8da511b6ac92b198c8debc157dff71da222,36cc494400724b199257c0bb353bc8da511b6ac92b198c8debc157dff71da222,552,552,NCLR palette,NCLR palette
"포켓몬스터 하트골드 (Korea, IPKK, header ROM version 0)","포켓몬스터 소울실버 (Korea, IPGK, header ROM version 0)",/a/1/6/2,equal,61,61,,,40e3eda3885f7d5ca22ff040bbe29ddb4e5b50578a27b261f4f46228595fa188,40e3eda3885f7d5ca22ff040bbe29ddb4e5b50578a27b261f4f46228595fa188,552,552,NCLR palette,NCLR palette
"포켓몬스터 하트골드 (Korea, IPKK, header ROM version 0)","포켓몬스터 소울실버 (Korea, IPGK, header ROM version 0)",/a/1/6/2,equal,62,62,,,5376ae47540265bd867c407670dde8ea53eb41515e3645ff92f6db3ffff74094,5376ae47540265bd867c407670dde8ea53eb41515e3645ff92f6db3ffff74094,197,197,NANR animation,NANR animation
"포켓몬스터 하트골드 (Korea, IPKK, header ROM version 0)","포켓몬스터 소울실버 (Korea, IPGK, header ROM version 0)",/a/1/6/2,equal,63,63,,,8e79e0bd870874aac19191975ce940ac9babf19551350221192d04b46722f0c0,8e79e0bd870874aac19191975ce940ac9babf19551350221192d04b46722f0c0,413,413,NCER cell,NCER cell
"포켓몬스터 하트골드 (Korea, IPKK, header ROM version 0)","포켓몬스터 소울실버 (Korea, IPGK, header ROM version 0)",/a/1/6/2,equal,64,64,,,4dd4d01a2086b8cceee2caafb92d85f5dff4a5bb9bb9d4bf40b3df1620fa0fca,4dd4d01a2086b8cceee2caafb92d85f5dff4a5bb9bb9d4bf40b3df1620fa0fca,880,880,NCGR graphics,NCGR graphics
"포켓몬스터 하트골드 (Korea, IPKK, header ROM version 0)","포켓몬스터 소울실버 (Korea, IPGK, header ROM version 0)",/a/1/6/2,equal,65,65,,,15d86bebaef077cb7006ecafe27c83d81441da7d3c17c870279f7b9f564c6809,15d86bebaef077cb7006ecafe27c83d81441da7d3c17c870279f7b9f564c6809,552,552,NCLR palette,NCLR palette
"포켓몬스터 하트골드 (Korea, IPKK, header ROM version 0)","포켓몬스터 소울실버 (Korea, IPGK, header ROM version 0)",/a/1/6/2,equal,66,66,,,673a21f1ee7db70fbbde4791ff9a9cd5a24610c6ed8ca91b323c6671084f1d76,673a21f1ee7db70fbbde4791ff9a9cd5a24610c6ed8ca91b323c6671084f1d76,1392,1392,NCGR graphics,NCGR graphics
"포켓몬스터 하트골드 (Korea, IPKK, header ROM version 0)","포켓몬스터 소울실버 (Korea, IPGK, header ROM version 0)",/a/1/6/2,equal,67,67,,,b163219f9769709f4e4e8639c144c184cd68b0025842f931d672b4dfc07c0c77,b163219f9769709f4e4e8639c144c184cd68b0025842f931d672b4dfc07c0c77,535,535,NCER cell,NCER cell
"포켓몬스터 하트골드 (Korea, IPKK, header ROM version 0)","포켓몬스터 소울실버 (Korea, IPGK, header ROM version 0)",/a/1/6/2,equal,68,68,,,08a995c5abc7d8e3d3688479ac0dc1fb5cf4342e6db5041d515621bb611d9ee6,08a995c5abc7d8e3d3688479ac0dc1fb5cf4342e6db5041d515621bb611d9ee6,595,595,NANR animation,NANR animation
"포켓몬스터 하트골드 (Korea, IPKK, header ROM version 0)","포켓몬스터 소울실버 (Korea, IPGK, header ROM version 0)",/a/1/6/2,equal,69,69,,,5a2dd894dc0aa981ac81c07497ba663aaf658c46306223f8daba504f3ec9d169,5a2dd894dc0aa981ac81c07497ba663aaf658c46306223f8daba504f3ec9d169,240,240,NSCR screen map,NSCR screen map
"포켓몬스터 하트골드 (Korea, IPKK, header ROM version 0)","포켓몬스터 소울실버 (Korea, IPGK, header ROM version 0)",/a/1/6/2,equal,70,70,,,156687ab4e53d41d5c4b6c3c171a025ee2b58496daf929683a03d2b53dd0cb71,156687ab4e53d41d5c4b6c3c171a025ee2b58496daf929683a03d2b53dd0cb71,240,240,NSCR screen map,NSCR screen map
"포켓몬스터 하트골드 (Korea, IPKK, header ROM version 0)","포켓몬스터 소울실버 (Korea, IPGK, header ROM version 0)",/a/1/6/2,equal,71,71,,,3724ed1f9a28deea96bb8a024fdffb87922a8ec08ecec092bef6e7129ac2c4ce,3724ed1f9a28deea96bb8a024fdffb87922a8ec08ecec092bef6e7129ac2c4ce,116,116,NSCR screen map,NSCR screen map
"포켓몬스터 하트골드 (Korea, IPKK, header ROM version 0)","포켓몬스터 소울실버 (Korea, IPGK, header ROM version 0)",/a/1/6/2,equal,72,72,,,52f437c68c9c81fbb1842495f1c463f7b254c4748f530bf425ae1fae0e6d1715,52f437c68c9c81fbb1842495f1c463f7b254c4748f530bf425ae1fae0e6d1715,116,116,NSCR screen map,NSCR screen map
"포켓몬스터 하트골드 (Korea, IPKK, header ROM version 0)","포켓몬스터 소울실버 (Korea, IPGK, header ROM version 0)",/a/1/6/2,equal,73,73,,,825c6aa2a38c50852c19e5660695446af1d09f933fcb8c2471be44e0404d8d2c,825c6aa2a38c50852c19e5660695446af1d09f933fcb8c2471be44e0404d8d2c,344,344,NSCR screen map,NSCR screen map
"포켓몬스터 하트골드 (Korea, IPKK, header ROM version 0)","포켓몬스터 소울실버 (Korea, IPGK, header ROM version 0)",/a/1/6/2,equal,74,74,,,be2c0d141f7b0e55b5f2baa765ee5414036f1c672da740a450bfb532910d612a,be2c0d141f7b0e55b5f2baa765ee5414036f1c672da740a450bfb532910d612a,72,72,NSCR screen map,NSCR screen map
"포켓몬스터 하트골드 (Korea, IPKK, header ROM version 0)","포켓몬스터 소울실버 (Korea, IPGK, header ROM version 0)",/a/1/6/2,equal,75,75,,,969fa7574722b7ebe6a6ccde27e7cc592911a9de47ff4352deef44355491b949,969fa7574722b7ebe6a6ccde27e7cc592911a9de47ff4352deef44355491b949,72,72,NSCR screen map,NSCR screen map
"포켓몬스터 하트골드 (Korea, IPKK, header ROM version 0)","포켓몬스터 소울실버 (Korea, IPGK, header ROM version 0)",/a/1/6/2,equal,76,76,,,502bba9a5d9ad299a44d486579c72f2b459a3261bd77e6a726c544ee45f4d31f,502bba9a5d9ad299a44d486579c72f2b459a3261bd77e6a726c544ee45f4d31f,560,560,NCGR graphics,NCGR graphics
"포켓몬스터 하트골드 (Korea, IPKK, header ROM version 0)","포켓몬스터 소울실버 (Korea, IPGK, header ROM version 0)",/a/1/6/2,equal,77,77,,,fc84b4ca2b778308347b619caa4be3a839b760b1e0e26475bf34e5eaf079eccf,fc84b4ca2b778308347b619caa4be3a839b760b1e0e26475bf34e5eaf079eccf,2084,2084,NSCR screen map,NSCR screen map
"포켓몬스터 하트골드 (Korea, IPKK, header ROM version 0)","포켓몬스터 소울실버 (Korea, IPGK, header ROM version 0)",/a/1/6/2,equal,78,78,,,047df2d176ec0df902f9f2e64f82651edab0ba7ec4b6ea3947d7fb96db698a79,047df2d176ec0df902f9f2e64f82651edab0ba7ec4b6ea3947d7fb96db698a79,2084,2084,NSCR screen map,NSCR screen map
"포켓몬스터 하트골드 (Korea, IPKK, header ROM version 0)","포켓몬스터 소울실버 (Korea, IPGK, header ROM version 0)",/a/1/6/3,equal,0,0,,,2791ae507b8be6ef3b7b09e2109b4a8129390a2b064db065432bbc5e9c9815b7,2791ae507b8be6ef3b7b09e2109b4a8129390a2b064db065432bbc5e9c9815b7,3136,3136,NCGR graphics,NCGR graphics
"포켓몬스터 하트골드 (Korea, IPKK, header ROM version 0)","포켓몬스터 소울실버 (Korea, IPGK, header ROM version 0)",/a/1/6/3,equal,1,1,,,471962f47afb5c59d6863a19a10dbda8994708ade96c9b9d2aa50502d10e8b87,471962f47afb5c59d6863a19a10dbda8994708ade96c9b9d2aa50502d10e8b87,552,552,NCLR palette,NCLR palette
"포켓몬스터 하트골드 (Korea, IPKK, header ROM version 0)","포켓몬스터 소울실버 (Korea, IPGK, header ROM version 0)",/a/1/6/3,equal,2,2,,,96f731fdc97b4dd83e7751a2c1906feb3797b7d2655d6b99ade3a6f8c4ea488a,96f731fdc97b4dd83e7751a2c1906feb3797b7d2655d6b99ade3a6f8c4ea488a,3136,3136,NCGR graphics,NCGR graphics
"포켓몬스터 하트골드 (Korea, IPKK, header ROM version 0)","포켓몬스터 소울실버 (Korea, IPGK, header ROM version 0)",/a/1/6/3,equal,3,3,,,4d0c06796bc31849f70cbe650a45aa880cbcbad346ef93e52ac79cb9ee7ddaf2,4d0c06796bc31849f70cbe650a45aa880cbcbad346ef93e52ac79cb9ee7ddaf2,552,552,NCLR palette,NCLR palette
"포켓몬스터 하트골드 (Korea, IPKK, header ROM version 0)","포켓몬스터 소울실버 (Korea, IPGK, header ROM version 0)",/a/1/6/3,equal,4,4,,,2d739db2fd7f685c0639488f1f525db1d608f0922d609fae75434101057d28fd,2d739db2fd7f685c0639488f1f525db1d608f0922d609fae75434101057d28fd,3136,3136,NCGR graphics,NCGR graphics
"포켓몬스터 하트골드 (Korea, IPKK, header ROM version 0)","포켓몬스터 소울실버 (Korea, IPGK, header ROM version 0)",/a/1/6/3,equal,5,5,,,802e622f8ebee9adfc3c44c3e3d024774e977638b59a42e07a5104a6876ce699,802e622f8ebee9adfc3c44c3e3d024774e977638b59a42e07a5104a6876ce699,552,552,NCLR palette,NCLR palette
"포켓몬스터 하트골드 (Korea, IPKK, header ROM version 0)","포켓몬스터 소울실버 (Korea, IPGK, header ROM version 0)",/a/1/6/3,equal,6,6,,,e7c31ea45b7266b23a9bd36d3173b4c110a0fc36a2da0cc63b01660519921221,e7c31ea45b7266b23a9bd36d3173b4c110a0fc36a2da0cc63b01660519921221,3136,3136,NCGR graphics,NCGR graphics
"포켓몬스터 하트골드 (Korea, IPKK, header ROM version 0)","포켓몬스터 소울실버 (Korea, IPGK, header ROM version 0)",/a/1/6/3,equal,7,7,,,aaad90b920241291d2d532d279950c484a8e737c8efc750947c9ece4c1be1917,aaad90b920241291d2d532d279950c484a8e737c8efc750947c9ece4c1be1917,552,552,NCLR palette,NCLR palette
"포켓몬스터 하트골드 (Korea, IPKK, header ROM version 0)","포켓몬스터 소울실버 (Korea, IPGK, header ROM version 0)",/a/1/6/3,equal,8,8,,,219a5f3a21a5e3e12f667fb98275a32a3b1ffa02589bd225d2e0a93c9a133fea,219a5f3a21a5e3e12f667fb98275a32a3b1ffa02589bd225d2e0a93c9a133fea,3136,3136,NCGR graphics,NCGR graphics
"포켓몬스터 하트골드 (Korea, IPKK, header ROM version 0)","포켓몬스터 소울실버 (Korea, IPGK, header ROM version 0)",/a/1/6/3,equal,9,9,,,4e14f02a144a8844b98f02abc0b18f966edef1cfde13347d8c55d5e5088c9417,4e14f02a144a8844b98f02abc0b18f966edef1cfde13347d8c55d5e5088c9417,552,552,NCLR palette,NCLR palette
"포켓몬스터 하트골드 (Korea, IPKK, header ROM version 0)","포켓몬스터 소울실버 (Korea, IPGK, header ROM version 0)",/a/1/6/3,equal,10,10,,,f0c16e431ee2becf913cce1a312b4b270be7f73571e93d4330da880426619fa9,f0c16e431ee2becf913cce1a312b4b270be7f73571e93d4330da880426619fa9,3136,3136,NCGR graphics,NCGR graphics
"포켓몬스터 하트골드 (Korea, IPKK, header ROM version 0)","포켓몬스터 소울실버 (Korea, IPGK, header ROM version 0)",/a/1/6/3,equal,11,11,,,1d02ff3f9aaeecae4927f6d06ba9e2aaedb4c5101fbd87b316926c45283e1ec3,1d02ff3f9aaeecae4927f6d06ba9e2aaedb4c5101fbd87b316926c45283e1ec3,552,552,NCLR palette,NCLR palette
"포켓몬스터 하트골드 (Korea, IPKK, header ROM version 0)","포켓몬스터 소울실버 (Korea, IPGK, header ROM version 0)",/a/1/6/3,equal,12,12,,,18ffb492bf9672cd690be11f731f2e60b746412a2d3215f437da4d35d400dfd9,18ffb492bf9672cd690be11f731f2e60b746412a2d3215f437da4d35d400dfd9,3136,3136,NCGR graphics,NCGR graphics
"포켓몬스터 하트골드 (Korea, IPKK, header ROM version 0)","포켓몬스터 소울실버 (Korea, IPGK, header ROM version 0)",/a/1/6/3,equal,13,13,,,6063a7e559e5aa9f8b06e6f87c04d27554c9ee7fea3e2daa71275478d7b8b3a7,6063a7e559e5aa9f8b06e6f87c04d27554c9ee7fea3e2daa71275478d7b8b3a7,552,552,NCLR palette,NCLR palette
"포켓몬스터 하트골드 (Korea, IPKK, header ROM version 0)","포켓몬스터 소울실버 (Korea, IPGK, header ROM version 0)",/a/1/6/3,equal,14,14,,,de821e87b57d7e6b29264c84280b9801a215fa0b4d7b93877e0dcd9a39fc6ae4,de821e87b57d7e6b29264c84280b9801a215fa0b4d7b93877e0dcd9a39fc6ae4,3136,3136,NCGR graphics,NCGR graphics
"포켓몬스터 하트골드 (Korea, IPKK, header ROM version 0)","포켓몬스터 소울실버 (Korea, IPGK, header ROM version 0)",/a/1/6/3,equal,15,15,,,965859a45f40287b265ba41005a212745ba3e99528f2bff7dd400a200eecc0be,965859a45f40287b265ba41005a212745ba3e99528f2bff7dd400a200eecc0be,552,552,NCLR palette,NCLR palette
"포켓몬스터 하트골드 (Korea, IPKK, header ROM version 0)","포켓몬스터 소울실버 (Korea, IPGK, header ROM version 0)",/a/1/6/3,equal,16,16,,,863cd25f5e98b42aa006478877278c7bdcf68a96948d19eeb4e19f553802f7fc,863cd25f5e98b42aa006478877278c7bdcf68a96948d19eeb4e19f553802f7fc,3136,3136,NCGR graphics,NCGR graphics
"포켓몬스터 하트골드 (Korea, IPKK, header ROM version 0)","포켓몬스터 소울실버 (Korea, IPGK, header ROM version 0)",/a/1/6/3,equal,17,17,,,4b7f23957c138dd37948c02f3c8906cc4076f42b7e6be5206a25ce3dd199a7c4,4b7f23957c138dd37948c02f3c8906cc4076f42b7e6be5206a25ce3dd199a7c4,552,552,NCLR palette,NCLR palette
"포켓몬스터 하트골드 (Korea, IPKK, header ROM version 0)","포켓몬스터 소울실버 (Korea, IPGK, header ROM version 0)",/a/1/6/4,equal,0,0,,,c95bc3be1081522dffa7cf85db258f7b2006a91c098698784cb782babdef31ab,c95bc3be1081522dffa7cf85db258f7b2006a91c098698784cb782babdef31ab,560,560,NCGR graphics,NCGR graphics
"포켓몬스터 하트골드 (Korea, IPKK, header ROM version 0)","포켓몬스터 소울실버 (Korea, IPGK, header ROM version 0)",/a/1/6/4,equal,1,1,,,1ccb99e26db9bbd69db27c67fa3598811179696f695b5070484554da1224c77c,1ccb99e26db9bbd69db27c67fa3598811179696f695b5070484554da1224c77c,552,552,NCLR palette,NCLR palette
"포켓몬스터 하트골드 (Korea, IPKK, header ROM version 0)","포켓몬스터 소울실버 (Korea, IPGK, header ROM version 0)",/a/1/6/4,equal,2,2,,,247043d90eb019110e5ade6422db54b50da2fced27e618b42fec61a5aab684fa,247043d90eb019110e5ade6422db54b50da2fced27e618b42fec61a5aab684fa,99,99,NCER cell,NCER cell
"포켓몬스터 하트골드 (Korea, IPKK, header ROM version 0)","포켓몬스터 소울실버 (Korea, IPGK, header ROM version 0)",/a/1/6/4,equal,3,3,,,30249884bd91f10bc9d4e13e7b1495f09991b6f488405a0cdbb61cfb402d10ca,30249884bd91f10bc9d4e13e7b1495f09991b6f488405a0cdbb61cfb402d10ca,111,111,NANR animation,NANR animation
"포켓몬스터 하트골드 (Korea, IPKK, header ROM version 0)","포켓몬스터 소울실버 (Korea, IPGK, header ROM version 0)",/a/1/6/5,equal,0,0,,,fcf7a7f8f1c135148ce2ec40ebff617ecaefb576c752a87a30dcd6078a894265,fcf7a7f8f1c135148ce2ec40ebff617ecaefb576c752a87a30dcd6078a894265,90,90,NCLR palette,NCLR palette
"포켓몬스터 하트골드 (Korea, IPKK, header ROM version 0)","포켓몬스터 소울실버 (Korea, IPGK, header ROM version 0)",/a/1/6/5,equal,1,1,,,a39ceca9d92adcb02807f69d1d4b5eadd989d57435e85b676c02234603e9f5c3,a39ceca9d92adcb02807f69d1d4b5eadd989d57435e85b676c02234603e9f5c3,928,928,NCGR graphics,NCGR graphics
"포켓몬스터 하트골드 (Korea, IPKK, header ROM version 0)","포켓몬스터 소울실버 (Korea, IPGK, header ROM version 0)",/a/1/6/6,equal,0,0,,,a5ded874fd5396e9cf607ecf3f496799181d3657f353a80859af2add6c323da2,a5ded874fd5396e9cf607ecf3f496799181d3657f353a80859af2add6c323da2,294,294,NCLR palette,NCLR palette
"포켓몬스터 하트골드 (Korea, IPKK, header ROM version 0)","포켓몬스터 소울실버 (Korea, IPGK, header ROM version 0)",/a/1/6/6,equal,1,1,,,9e2c2940088bf33a820e077a364085542ae3f288c0137796f1c9ed268729df3a,9e2c2940088bf33a820e077a364085542ae3f288c0137796f1c9ed268729df3a,4160,4160,NCGR graphics,NCGR graphics
"포켓몬스터 하트골드 (Korea, IPKK, header ROM version 0)","포켓몬스터 소울실버 (Korea, IPGK, header ROM version 0)",/a/1/6/6,equal,2,2,,,be5377ba7834a48cd0636b816677cc65f194b5486eda5f451cd22f78984b4cf5,be5377ba7834a48cd0636b816677cc65f194b5486eda5f451cd22f78984b4cf5,2084,2084,NSCR screen map,NSCR screen map
"포켓몬스터 하트골드 (Korea, IPKK, header ROM version 0)","포켓몬스터 소울실버 (Korea, IPGK, header ROM version 0)",/a/1/6/6,equal,3,3,,,760e5e60a60bf640b5d489c4af2d9cccd247da8a7c01804a296e4aecc0887280,760e5e60a60bf640b5d489c4af2d9cccd247da8a7c01804a296e4aecc0887280,2084,2084,NSCR screen map,NSCR screen map
"포켓몬스터 하트골드 (Korea, IPKK, header ROM version 0)","포켓몬스터 소울실버 (Korea, IPGK, header ROM version 0)",/a/1/6/6,equal,4,4,,,e2acf111d8ede8fc034aafedb870e49a01461e26a15c934024c0c566ee45cdd9,e2acf111d8ede8fc034aafedb870e49a01461e26a15c934024c0c566ee45cdd9,2084,2084,NSCR screen map,NSCR screen map
"포켓몬스터 하트골드 (Korea, IPKK, header ROM version 0)","포켓몬스터 소울실버 (Korea, IPGK, header ROM version 0)",/a/1/6/6,equal,5,5,,,f072648b31d42a3903f11a6600ee659921d7d63aab6c4ccb35dad21f3cf62e43,f072648b31d42a3903f11a6600ee659921d7d63aab6c4ccb35dad21f3cf62e43,600,600,NCLR palette,NCLR palette
"포켓몬스터 하트골드 (Korea, IPKK, header ROM version 0)","포켓몬스터 소울실버 (Korea, IPGK, header ROM version 0)",/a/1/6/6,equal,6,6,,,37bd9b916b4ea557ad3bc88aa2edf78fbf59e828853c8e0ab8249709214413b3,37bd9b916b4ea557ad3bc88aa2edf78fbf59e828853c8e0ab8249709214413b3,4160,4160,NCGR graphics,NCGR graphics
"포켓몬스터 하트골드 (Korea, IPKK, header ROM version 0)","포켓몬스터 소울실버 (Korea, IPGK, header ROM version 0)",/a/1/6/6,equal,7,7,,,85fb35b0ae571f605589948bbc3dc02416dcc85e2d5c50b78aafe324b4fd0fa7,85fb35b0ae571f605589948bbc3dc02416dcc85e2d5c50b78aafe324b4fd0fa7,2084,2084,NSCR screen map,NSCR screen map
"포켓몬스터 하트골드 (Korea, IPKK, header ROM version 0)","포켓몬스터 소울실버 (Korea, IPGK, header ROM version 0)",/a/1/6/6,equal,8,8,,,b345baaa8eb9e2d65caf9cd6343b6ea7558e242a77f49aaef1588d483fa9afbc,b345baaa8eb9e2d65caf9cd6343b6ea7558e242a77f49aaef1588d483fa9afbc,2084,2084,NSCR screen map,NSCR screen map
"포켓몬스터 하트골드 (Korea, IPKK, header ROM version 0)","포켓몬스터 소울실버 (Korea, IPGK, header ROM version 0)",/a/1/6/6,equal,9,9,,,548c8974298fddab92cf77d39f1599c2c5cfde2fa28fa1884274d22f2920f7a0,548c8974298fddab92cf77d39f1599c2c5cfde2fa28fa1884274d22f2920f7a0,2084,2084,NSCR screen map,NSCR screen map
"포켓몬스터 하트골드 (Korea, IPKK, header ROM version 0)","포켓몬스터 소울실버 (Korea, IPGK, header ROM version 0)",/a/1/6/6,equal,10,10,,,f7efc6e08ae4832cee2f231e78dd5b51699c16fb3d5dffd95b9b482bd93fd1a6,f7efc6e08ae4832cee2f231e78dd5b51699c16fb3d5dffd95b9b482bd93fd1a6,2084,2084,NSCR screen map,NSCR screen map
"포켓몬스터 하트골드 (Korea, IPKK, header ROM version 0)","포켓몬스터 소울실버 (Korea, IPGK, header ROM version 0)",/a/1/6/6,equal,11,11,,,462530b42aad890c8f5ca2f1fe6aed5e2c23761b0112788ec17a465969776071,462530b42aad890c8f5ca2f1fe6aed5e2c23761b0112788ec17a465969776071,192,192,NCLR palette,NCLR palette
"포켓몬스터 하트골드 (Korea, IPKK, header ROM version 0)","포켓몬스터 소울실버 (Korea, IPGK, header ROM version 0)",/a/1/6/6,equal,12,12,,,6fb856396d96deca74e724e31456185c8f020aceb1ba4f1cf4228890270de66f,6fb856396d96deca74e724e31456185c8f020aceb1ba4f1cf4228890270de66f,11056,11056,NCGR graphics,NCGR graphics
"포켓몬스터 하트골드 (Korea, IPKK, header ROM version 0)","포켓몬스터 소울실버 (Korea, IPGK, header ROM version 0)",/a/1/6/6,equal,13,13,,,fb70b9db4a9bd2e3d38d44fecba5554807efacfab44b37aa8bfd0b2470fd2112,fb70b9db4a9bd2e3d38d44fecba5554807efacfab44b37aa8bfd0b2470fd2112,566,566,NCER cell,NCER cell
"포켓몬스터 하트골드 (Korea, IPKK, header ROM version 0)","포켓몬스터 소울실버 (Korea, IPGK, header ROM version 0)",/a/1/6/6,equal,14,14,,,df8c72784713acbfcd076cc265ac440320bf6d73f14f83b073d73e23bbbf3c24,df8c72784713acbfcd076cc265ac440320bf6d73f14f83b073d73e23bbbf3c24,438,438,NANR animation,NANR animation
"포켓몬스터 하트골드 (Korea, IPKK, header ROM version 0)","포켓몬스터 소울실버 (Korea, IPGK, header ROM version 0)",/a/1/6/6,equal,15,15,,,66ef5c81432fa0105344f39d66b49fa8d558bfe9502d93657b86d7c70c1e9bb6,66ef5c81432fa0105344f39d66b49fa8d558bfe9502d93657b86d7c70c1e9bb6,570,570,NCLR palette,NCLR palette
"포켓몬스터 하트골드 (Korea, IPKK, header ROM version 0)","포켓몬스터 소울실버 (Korea, IPGK, header ROM version 0)",/a/1/6/6,equal,16,16,,,75863adbc2bda4beed42518a7b5ffdc1ec9cd012e22ebb9b4a2c3d66fd4dcbb0,75863adbc2bda4beed42518a7b5ffdc1ec9cd012e22ebb9b4a2c3d66fd4dcbb0,107,107,NCER cell,NCER cell
"포켓몬스터 하트골드 (Korea, IPKK, header ROM version 0)","포켓몬스터 소울실버 (Korea, IPGK, header ROM version 0)",/a/1/6/6,equal,17,17,,,f56d910ad4737fcb8f670fd692ecc29032eef0534a507525adcbfce1cc51711b,f56d910ad4737fcb8f670fd692ecc29032eef0534a507525adcbfce1cc51711b,111,111,NANR animation,NANR animation
"포켓몬스터 하트골드 (Korea, IPKK, header ROM version 0)","포켓몬스터 소울실버 (Korea, IPGK, header ROM version 0)",/a/1/6/6,equal,18,18,,,730fe9a2085c34d6f3058f058c4624d38da1583191a63e54a77ad413f2d1c3c2,730fe9a2085c34d6f3058f058c4624d38da1583191a63e54a77ad413f2d1c3c2,4160,4160,NCGR graphics,NCGR graphics
"포켓몬스터 하트골드 (Korea, IPKK, header ROM version 0)","포켓몬스터 소울실버 (Korea, IPGK, header ROM version 0)",/a/1/6/6,equal,19,19,,,a988e8aa6e36056f8680cec79e16917f729f90a93a2fc2b94701bc550ab9d73e,a988e8aa6e36056f8680cec79e16917f729f90a93a2fc2b94701bc550ab9d73e,4160,4160,NCGR graphics,NCGR graphics
"포켓몬스터 하트골드 (Korea, IPKK, header ROM version 0)","포켓몬스터 소울실버 (Korea, IPGK, header ROM version 0)",/a/1/6/6,equal,20,20,,,feeaefb2cb05414cbbc589de05e18f3ae6d53327303f17b82fbf6bf0d6df3ec8,feeaefb2cb05414cbbc589de05e18f3ae6d53327303f17b82fbf6bf0d6df3ec8,4160,4160,NCGR graphics,NCGR graphics
"포켓몬스터 하트골드 (Korea, IPKK, header ROM version 0)","포켓몬스터 소울실버 (Korea, IPGK, header ROM version 0)",/a/1/6/6,equal,21,21,,,33810b62993a64f9fc3de0064e5aa728fb41a17ae32d675cf94bea5ca847a974,33810b62993a64f9fc3de0064e5aa728fb41a17ae32d675cf94bea5ca847a974,4160,4160,NCGR graphics,NCGR graphics
"포켓몬스터 하트골드 (Korea, IPKK, header ROM version 0)","포켓몬스터 소울실버 (Korea, IPGK, header ROM version 0)",/a/1/6/6,equal,22,22,,,d13bd599fad7aea76a749dbac5de17347116c1ccdf743615d2c890ad0e49a1f0,d13bd599fad7aea76a749dbac5de17347116c1ccdf743615d2c890ad0e49a1f0,4160,4160,NCGR graphics,NCGR graphics
"포켓몬스터 하트골드 (Korea, IPKK, header ROM version 0)","포켓몬스터 소울실버 (Korea, IPGK, header ROM version 0)",/a/1/6/6,equal,23,23,,,1e9b25b44d39b3b1c780a7cea63a8178ad4a6f83e4cbbe62d342d19ee57a1850,1e9b25b44d39b3b1c780a7cea63a8178ad4a6f83e4cbbe62d342d19ee57a1850,4160,4160,NCGR graphics,NCGR graphics
"포켓몬스터 하트골드 (Korea, IPKK, header ROM version 0)","포켓몬스터 소울실버 (Korea, IPGK, header ROM version 0)",/a/1/6/6,equal,24,24,,,8a55441bffb6f77a1c5c2fad4bdae964ebd1f0e1b6f2e0fc925d0ebc34c27c06,8a55441bffb6f77a1c5c2fad4bdae964ebd1f0e1b6f2e0fc925d0ebc34c27c06,4160,4160,NCGR graphics,NCGR graphics
"포켓몬스터 하트골드 (Korea, IPKK, header ROM version 0)","포켓몬스터 소울실버 (Korea, IPGK, header ROM version 0)",/a/1/6/6,equal,25,25,,,6b2b4df11717b9ef2d78d47ef628515c85ca9d27be40ed1bf7e5781ca7fdb918,6b2b4df11717b9ef2d78d47ef628515c85ca9d27be40ed1bf7e5781ca7fdb918,4160,4160,NCGR graphics,NCGR graphics
"포켓몬스터 하트골드 (Korea, IPKK, header ROM version 0)","포켓몬스터 소울실버 (Korea, IPGK, header ROM version 0)",/a/1/6/6,equal,26,26,,,7cd266c582a72d4c84b0ea8b5ed5f4210cc24cd2ad857f3a8306294ed52a88dd,7cd266c582a72d4c84b0ea8b5ed5f4210cc24cd2ad857f3a8306294ed52a88dd,4160,4160,NCGR graphics,NCGR graphics
"포켓몬스터 하트골드 (Korea, IPKK, header ROM version 0)","포켓몬스터 소울실버 (Korea, IPGK, header ROM version 0)",/a/1/6/6,equal,27,27,,,34629e134f527c5fffa169eacec853ee92b78fce39e82d891ab76abf12de262e,34629e134f527c5fffa169eacec853ee92b78fce39e82d891ab76abf12de262e,4160,4160,NCGR graphics,NCGR graphics
"포켓몬스터 하트골드 (Korea, IPKK, header ROM version 0)","포켓몬스터 소울실버 (Korea, IPGK, header ROM version 0)",/a/1/6/6,equal,28,28,,,9d89c723b2e04262386cde0d035b92194f08cdb6ab4432905d4dd34b944b0a31,9d89c723b2e04262386cde0d035b92194f08cdb6ab4432905d4dd34b944b0a31,4160,4160,NCGR graphics,NCGR graphics
"포켓몬스터 하트골드 (Korea, IPKK, header ROM version 0)","포켓몬스터 소울실버 (Korea, IPGK, header ROM version 0)",/a/1/6/6,equal,29,29,,,0f1f5712bc142472a9a466241f5b0bfe66d194c7ff9e418f185790ba9712eafd,0f1f5712bc142472a9a466241f5b0bfe66d194c7ff9e418f185790ba9712eafd,4160,4160,NCGR graphics,NCGR graphics
"포켓몬스터 하트골드 (Korea, IPKK, header ROM version 0)","포켓몬스터 소울실버 (Korea, IPGK, header ROM version 0)",/a/1/6/7,equal,0,0,,,96323227622fd2af22134d263e7d632ef09ec2e26b29fdc0e6ec0eb35109c5f2,96323227622fd2af22134d263e7d632ef09ec2e26b29fdc0e6ec0eb35109c5f2,552,552,NCLR palette,NCLR palette
"포켓몬스터 하트골드 (Korea, IPKK, header ROM version 0)","포켓몬스터 소울실버 (Korea, IPGK, header ROM version 0)",/a/1/6/7,equal,1,1,,,7d6ac56fbe631b82bc01383d384aea309e7143a552cb74196b2f71f9b7002451,7d6ac56fbe631b82bc01383d384aea309e7143a552cb74196b2f71f9b7002451,334,334,NANR animation,NANR animation
"포켓몬스터 하트골드 (Korea, IPKK, header ROM version 0)","포켓몬스터 소울실버 (Korea, IPGK, header ROM version 0)",/a/1/6/7,equal,2,2,,,862ab9436b0888572c13c911c5a7b8178776b742aff9679dc62a626ede8833bf,862ab9436b0888572c13c911c5a7b8178776b742aff9679dc62a626ede8833bf,342,342,NCER cell,NCER cell
"포켓몬스터 하트골드 (Korea, IPKK, header ROM version 0)","포켓몬스터 소울실버 (Korea, IPGK, header ROM version 0)",/a/1/6/7,equal,3,3,,,98a2460acb1ce3df97c047218b97bab20236c10519aaf631f81a50b6263b38d8,98a2460acb1ce3df97c047218b97bab20236c10519aaf631f81a50b6263b38d8,12592,12592,NCGR graphics,NCGR graphics
"포켓몬스터 하트골드 (Korea, IPKK, header ROM version 0)","포켓몬스터 소울실버 (Korea, IPGK, header ROM version 0)",/a/1/6/7,equal,4,4,,,27dd600b91a0d5280640944298daf5237f256fcfad81cc2babc7e884212ff822,27dd600b91a0d5280640944298daf5237f256fcfad81cc2babc7e884212ff822,552,552,NCLR palette,NCLR palette
"포켓몬스터 하트골드 (Korea, IPKK, header ROM version 0)","포켓몬스터 소울실버 (Korea, IPGK, header ROM version 0)",/a/1/6/7,equal,5,5,,,89e737678b46d24ad056e5ab51d01f7484d2b2a9ae76003ff7ceb73fbb47af54,89e737678b46d24ad056e5ab51d01f7484d2b2a9ae76003ff7ceb73fbb47af54,15424,15424,NCGR graphics,NCGR graphics
"포켓몬스터 하트골드 (Korea, IPKK, header ROM version 0)","포켓몬스터 소울실버 (Korea, IPGK, header ROM version 0)",/a/1/6/7,equal,6,6,,,932e8b5b1dfad618667ca67b1ffd6bc7be83b008876ddc31d251d8ce548d0136,932e8b5b1dfad618667ca67b1ffd6bc7be83b008876ddc31d251d8ce548d0136,1572,1572,NSCR screen map,NSCR screen map
"포켓몬스터 하트골드 (Korea, IPKK, header ROM version 0)","포켓몬스터 소울실버 (Korea, IPGK, header ROM version 0)",/a/1/6/7,equal,7,7,,,2b498530410695659e5a747b78d3c4907514536ea19dc69d5b257d5fa959b9ce,2b498530410695659e5a747b78d3c4907514536ea19dc69d5b257d5fa959b9ce,1572,1572,NSCR screen map,NSCR screen map
"포켓몬스터 하트골드 (Korea, IPKK, header ROM version 0)","포켓몬스터 소울실버 (Korea, IPGK, header ROM version 0)",/a/1/6/7,equal,8,8,,,ffca3f485dbd7defa0988d458e1b6f013185729b704cc65b9a9a563f14ae56a2,ffca3f485dbd7defa0988d458e1b6f013185729b704cc65b9a9a563f14ae56a2,552,552,NCLR palette,NCLR palette
"포켓몬스터 하트골드 (Korea, IPKK, header ROM version 0)","포켓몬스터 소울실버 (Korea, IPGK, header ROM version 0)",/a/1/6/7,equal,9,9,,,841857ce5e508c7380e0f1a901f17e3f8ab593dcb7cfe4c2a7c157310be85e5f,841857ce5e508c7380e0f1a901f17e3f8ab593dcb7cfe4c2a7c157310be85e5f,3136,3136,NCGR graphics,NCGR graphics
"포켓몬스터 하트골드 (Korea, IPKK, header ROM version 0)","포켓몬스터 소울실버 (Korea, IPGK, header ROM version 0)",/a/1/6/7,equal,10,10,,,bae04a495003ca78f922483217f10790f47e0d93e3df3b8377691cd551368932,bae04a495003ca78f922483217f10790f47e0d93e3df3b8377691cd551368932,1572,1572,NSCR screen map,NSCR screen map
"포켓몬스터 하트골드 (Korea, IPKK, header ROM version 0)","포켓몬스터 소울실버 (Korea, IPGK, header ROM version 0)",/a/1/6/7,equal,11,11,,,02f22018aaba4ab12c1aa6913dfbe5ba364182888690dc59c6488b273f24909f,02f22018aaba4ab12c1aa6913dfbe5ba364182888690dc59c6488b273f24909f,552,552,NCLR palette,NCLR palette
"포켓몬스터 하트골드 (Korea, IPKK, header ROM version 0)","포켓몬스터 소울실버 (Korea, IPGK, header ROM version 0)",/a/1/6/7,equal,12,12,,,60a6c85413f68f6e8569720af5ffb8bdbdadad9d908a4ccff091e46cfc06ab83,60a6c85413f68f6e8569720af5ffb8bdbdadad9d908a4ccff091e46cfc06ab83,4160,4160,NCGR graphics,NCGR graphics
"포켓몬스터 하트골드 (Korea, IPKK, header ROM version 0)","포켓몬스터 소울실버 (Korea, IPGK, header ROM version 0)",/a/1/6/7,equal,13,13,,,b1682c451ec7097b0749f1c0b785b3f56d35be893054f6a8a01b48f0f95e809e,b1682c451ec7097b0749f1c0b785b3f56d35be893054f6a8a01b48f0f95e809e,1572,1572,NSCR screen map,NSCR screen map
"포켓몬스터 하트골드 (Korea, IPKK, header ROM version 0)","포켓몬스터 소울실버 (Korea, IPGK, header ROM version 0)",/a/1/6/7,equal,14,14,,,3e7093aeaa89bd573f3e8296122290512aefbacb1ce4d79d14289d0e39968a49,3e7093aeaa89bd573f3e8296122290512aefbacb1ce4d79d14289d0e39968a49,552,552,NCLR palette,NCLR palette
"포켓몬스터 하트골드 (Korea, IPKK, header ROM version 0)","포켓몬스터 소울실버 (Korea, IPGK, header ROM version 0)",/a/1/6/7,equal,15,15,,,cbf7b1f371b5bc7483d6f6e493f52d52210207533bbd5e632e23dcd10148d918,cbf7b1f371b5bc7483d6f6e493f52d52210207533bbd5e632e23dcd10148d918,1984,1984,NCGR graphics,NCGR graphics
"포켓몬스터 하트골드 (Korea, IPKK, header ROM version 0)","포켓몬스터 소울실버 (Korea, IPGK, header ROM version 0)",/a/1/6/7,equal,16,16,,,2e7490bdfa3bdf1ca28fc8ef5ba327446de6d75ac4c2bd780888941af3b02fe4,2e7490bdfa3bdf1ca28fc8ef5ba327446de6d75ac4c2bd780888941af3b02fe4,676,676,NSCR screen map,NSCR screen map
"포켓몬스터 하트골드 (Korea, IPKK, header ROM version 0)","포켓몬스터 소울실버 (Korea, IPGK, header ROM version 0)",/a/1/6/7,equal,17,17,,,a88f7ee4dcf445417a6da757773790b642d2f089f6e4ce6431b24971a3ef3e7f,a88f7ee4dcf445417a6da757773790b642d2f089f6e4ce6431b24971a3ef3e7f,1572,1572,NSCR screen map,NSCR screen map
"포켓몬스터 하트골드 (Korea, IPKK, header ROM version 0)","포켓몬스터 소울실버 (Korea, IPGK, header ROM version 0)",/a/1/6/7,equal,18,18,,,7d11a66d0baba8c60a963b79641011633c67dd73116b75c7672075907c7186b5,7d11a66d0baba8c60a963b79641011633c67dd73116b75c7672075907c7186b5,1572,1572,NSCR screen map,NSCR screen map
"포켓몬스터 하트골드 (Korea, IPKK, header ROM version 0)","포켓몬스터 소울실버 (Korea, IPGK, header ROM version 0)",/a/1/6/7,equal,19,19,,,75dbea15b16821a1655aa9e0bc48f1f3ba5a547c26d201057c3f47195c7a7832,75dbea15b16821a1655aa9e0bc48f1f3ba5a547c26d201057c3f47195c7a7832,1572,1572,NSCR screen map,NSCR screen map
"포켓몬스터 하트골드 (Korea, IPKK, header ROM version 0)","포켓몬스터 소울실버 (Korea, IPGK, header ROM version 0)",/a/1/6/7,equal,20,20,,,de15b71cbf608fe68af16c474294c9d790eef5e2d97208995c9f07df5ecb7a43,de15b71cbf608fe68af16c474294c9d790eef5e2d97208995c9f07df5ecb7a43,2084,2084,NSCR screen map,NSCR screen map
"포켓몬스터 하트골드 (Korea, IPKK, header ROM version 0)","포켓몬스터 소울실버 (Korea, IPGK, header ROM version 0)",/a/1/6/7,equal,21,21,,,ad7e3bd5218150022e57f3b9fbe10cee2f4b159493da0c1ef0c9dd592e76b259,ad7e3bd5218150022e57f3b9fbe10cee2f4b159493da0c1ef0c9dd592e76b259,552,552,NCLR palette,NCLR palette
"포켓몬스터 하트골드 (Korea, IPKK, header ROM version 0)","포켓몬스터 소울실버 (Korea, IPGK, header ROM version 0)",/a/1/6/7,equal,22,22,,,5ddf363e915da12f46bc1b83dd2d0c111ef54477573c6e751c85157ee60c3b0c,5ddf363e915da12f46bc1b83dd2d0c111ef54477573c6e751c85157ee60c3b0c,32832,32832,NCGR graphics,NCGR graphics
"포켓몬스터 하트골드 (Korea, IPKK, header ROM version 0)","포켓몬스터 소울실버 (Korea, IPGK, header ROM version 0)",/a/1/6/7,equal,23,23,,,5512d76c7223147c4649a941c791de0984ff8a1de5924c6121a039faf5463f61,5512d76c7223147c4649a941c791de0984ff8a1de5924c6121a039faf5463f61,1060,1060,NSCR screen map,NSCR screen map
"포켓몬스터 하트골드 (Korea, IPKK, header ROM version 0)","포켓몬스터 소울실버 (Korea, IPGK, header ROM version 0)",/a/1/6/7,equal,24,24,,,f82b0a27f23bf79073c4ef1b3e8a821ec9e331471ffb8d09f42013dc102e79c8,f82b0a27f23bf79073c4ef1b3e8a821ec9e331471ffb8d09f42013dc102e79c8,1060,1060,NSCR screen map,NSCR screen map
"포켓몬스터 하트골드 (Korea, IPKK, header ROM version 0)","포켓몬스터 소울실버 (Korea, IPGK, header ROM version 0)",/a/1/6/7,equal,25,25,,,abdcf5496b259f01efd5fbbbd30cb96fe8848cfd4ad843284063fc2b190a2e7c,abdcf5496b259f01efd5fbbbd30cb96fe8848cfd4ad843284063fc2b190a2e7c,552,552,NCLR palette,NCLR palette
"포켓몬스터 하트골드 (Korea, IPKK, header ROM version 0)","포켓몬스터 소울실버 (Korea, IPGK, header ROM version 0)",/a/1/6/7,equal,26,26,,,7f2e7d08de932982621d9e010efef626dc718df9ea2bf0eb96e4414ded86b6cb,7f2e7d08de932982621d9e010efef626dc718df9ea2bf0eb96e4414ded86b6cb,599,599,NANR animation,NANR animation
"포켓몬스터 하트골드 (Korea, IPKK, header ROM version 0)","포켓몬스터 소울실버 (Korea, IPGK, header ROM version 0)",/a/1/6/7,equal,27,27,,,67f5fbd8311e5a919e152967a2810280aa36803541405b7e8c9e57cd7b1387f6,67f5fbd8311e5a919e152967a2810280aa36803541405b7e8c9e57cd7b1387f6,795,795,NCER cell,NCER cell
"포켓몬스터 하트골드 (Korea, IPKK, header ROM version 0)","포켓몬스터 소울실버 (Korea, IPGK, header ROM version 0)",/a/1/6/7,equal,28,28,,,df0cc054808f65d4df858b88a1f140084f91a830cf5c7457b308e67492a8c1f9,df0cc054808f65d4df858b88a1f140084f91a830cf5c7457b308e67492a8c1f9,2864,2864,NCGR graphics,NCGR graphics
"포켓몬스터 하트골드 (Korea, IPKK, header ROM version 0)","포켓몬스터 소울실버 (Korea, IPGK, header ROM version 0)",/a/1/6/7,equal,29,29,,,f708de407200965d18c1b3c8844362e442e5aabf6e198f2d5fd7eeeba573927b,f708de407200965d18c1b3c8844362e442e5aabf6e198f2d5fd7eeeba573927b,552,552,NCLR palette,NCLR palette
"포켓몬스터 하트골드 (Korea, IPKK, header ROM version 0)","포켓몬스터 소울실버 (Korea, IPGK, header ROM version 0)",/a/1/6/7,equal,30,30,,,079dc759d432c884eb1e5473e67d3bd7465f74570e9a36bd3613be35acdf9930,079dc759d432c884eb1e5473e67d3bd7465f74570e9a36bd3613be35acdf9930,1206,1206,NANR animation,NANR animation
"포켓몬스터 하트골드 (Korea, IPKK, header ROM version 0)","포켓몬스터 소울실버 (Korea, IPGK, header ROM version 0)",/a/1/6/7,equal,31,31,,,455e10464797dc44ce4eca4bb253a99de8527b9fd103c3ffeac40de5bf1ecead,455e10464797dc44ce4eca4bb253a99de8527b9fd103c3ffeac40de5bf1ecead,1238,1238,NCER cell,NCER cell
"포켓몬스터 하트골드 (Korea, IPKK, header ROM version 0)","포켓몬스터 소울실버 (Korea, IPGK, header ROM version 0)",/a/1/6/7,equal,32,32,,,04e5a353263f463451154ab3aa3058fc051aa388d752840b6592d6045ceaf56c,04e5a353263f463451154ab3aa3058fc051aa388d752840b6592d6045ceaf56c,6960,6960,NCGR graphics,NCGR graphics
"포켓몬스터 하트골드 (Korea, IPKK, header ROM version 0)","포켓몬스터 소울실버 (Korea, IPGK, header ROM version 0)",/a/1/6/8,equal,0,0,,,dc64c933c1d754bd3e625a593df1a7b915fddb07c402140cc1b9212ac45bf688,dc64c933c1d754bd3e625a593df1a7b915fddb07c402140cc1b9212ac45bf688,552,552,NCLR palette,NCLR palette
"포켓몬스터 하트골드 (Korea, IPKK, header ROM version 0)","포켓몬스터 소울실버 (Korea, IPGK, header ROM version 0)",/a/1/6/8,equal,1,1,,,b8cc16c94f8c7b5a8eb2d6e07b85c923e43fb77cdd82ef3dec00341bb5d0e6fe,b8cc16c94f8c7b5a8eb2d6e07b85c923e43fb77cdd82ef3dec00341bb5d0e6fe,1114,1114,NANR animation,NANR animation
"포켓몬스터 하트골드 (Korea, IPKK, header ROM version 0)","포켓몬스터 소울실버 (Korea, IPGK, header ROM version 0)",/a/1/6/8,equal,2,2,,,b3b8a3ef9ab67226dddb9ed8fe03a197892290a939fc648bc339a4056f660339,b3b8a3ef9ab67226dddb9ed8fe03a197892290a939fc648bc339a4056f660339,874,874,NCER cell,NCER cell
"포켓몬스터 하트골드 (Korea, IPKK, header ROM version 0)","포켓몬스터 소울실버 (Korea, IPGK, header ROM version 0)",/a/1/6/8,equal,3,3,,,1aca199afd13bd315dea3001d36a500629aebbeb054ebb7313dc2a5cf6e91ef3,1aca199afd13bd315dea3001d36a500629aebbeb054ebb7313dc2a5cf6e91ef3,6960,6960,NCGR graphics,NCGR graphics
"포켓몬스터 하트골드 (Korea, IPKK, header ROM version 0)","포켓몬스터 소울실버 (Korea, IPGK, header ROM version 0)",/a/1/6/8,equal,4,4,,,17be5f9e140dbe229dd148caceb7bbba7f0b0748c0d3a3efdd2626780b110930,17be5f9e140dbe229dd148caceb7bbba7f0b0748c0d3a3efdd2626780b110930,552,552,NCLR palette,NCLR palette
"포켓몬스터 하트골드 (Korea, IPKK, header ROM version 0)","포켓몬스터 소울실버 (Korea, IPGK, header ROM version 0)",/a/1/6/8,equal,5,5,,,5a6d40a95a2a8123654c19fef91e47ddfe545b8904d0f0be0df6faa66a58b74b,5a6d40a95a2a8123654c19fef91e47ddfe545b8904d0f0be0df6faa66a58b74b,24640,24640,NCGR graphics,NCGR graphics
"포켓몬스터 하트골드 (Korea, IPKK, header ROM version 0)","포켓몬스터 소울실버 (Korea, IPGK, header ROM version 0)",/a/1/6/8,equal,6,6,,,4625c7fce6045470eadcb4f1aadaae2387b26100bc5c993fda7face553cc75a9,4625c7fce6045470eadcb4f1aadaae2387b26100bc5c993fda7face553cc75a9,1572,1572,NSCR screen map,NSCR screen map
"포켓몬스터 하트골드 (Korea, IPKK, header ROM version 0)","포켓몬스터 소울실버 (Korea, IPGK, header ROM version 0)",/a/1/6/8,equal,7,7,,,925ad7f81d56c9c15c61f115af46b2cabb951dd603c70916713439cc042eccb5,925ad7f81d56c9c15c61f115af46b2cabb951dd603c70916713439cc042eccb5,24640,24640,NCGR graphics,NCGR graphics
"포켓몬스터 하트골드 (Korea, IPKK, header ROM version 0)","포켓몬스터 소울실버 (Korea, IPGK, header ROM version 0)",/a/1/6/8,equal,8,8,,,533943c3305b61220addc51ad7bbeb75be2d7fb03be284815dcbaae41e0510a4,533943c3305b61220addc51ad7bbeb75be2d7fb03be284815dcbaae41e0510a4,1572,1572,NSCR screen map,NSCR screen map
"포켓몬스터 하트골드 (Korea, IPKK, header ROM version 0)","포켓몬스터 소울실버 (Korea, IPGK, header ROM version 0)",/a/1/6/8,equal,9,9,,,ebcb8feb3de39f1b237cda1f70b1631b91f652828f5fb3805d697814d05e9896,ebcb8feb3de39f1b237cda1f70b1631b91f652828f5fb3805d697814d05e9896,552,552,NCLR palette,NCLR palette
"포켓몬스터 하트골드 (Korea, IPKK, header ROM version 0)","포켓몬스터 소울실버 (Korea, IPGK, header ROM version 0)",/a/1/6/8,equal,10,10,,,bc95a9ed405d9036ac06dce654f0ce6ae38a177b2e1e1cf845e63fa1711a3a84,bc95a9ed405d9036ac06dce654f0ce6ae38a177b2e1e1cf845e63fa1711a3a84,24640,24640,NCGR graphics,NCGR graphics
"포켓몬스터 하트골드 (Korea, IPKK, header ROM version 0)","포켓몬스터 소울실버 (Korea, IPGK, header ROM version 0)",/a/1/6/8,equal,11,11,,,ba7d226151435c2067f06a180badfaf5707fb334dae3f9dfbd583c47c2a8f8b6,ba7d226151435c2067f06a180badfaf5707fb334dae3f9dfbd583c47c2a8f8b6,1572,1572,NSCR screen map,NSCR screen map
"포켓몬스터 하트골드 (Korea, IPKK, header ROM version 0)","포켓몬스터 소울실버 (Korea, IPGK, header ROM version 0)",/a/1/6/8,equal,12,12,,,2f090d2b7be20937be618f17866fb02c956311e1c7774836a1cd2e64a1e64e0b,2f090d2b7be20937be618f17866fb02c956311e1c7774836a1cd2e64a1e64e0b,24640,24640,NCGR graphics,NCGR graphics
"포켓몬스터 하트골드 (Korea, IPKK, header ROM version 0)","포켓몬스터 소울실버 (Korea, IPGK, header ROM version 0)",/a/1/6/8,equal,13,13,,,5d357ee627e1234fd3b7256263ee6dc848462d47de349feea6dfae62199eaa82,5d357ee627e1234fd3b7256263ee6dc848462d47de349feea6dfae62199eaa82,1572,1572,NSCR screen map,NSCR screen map
"포켓몬스터 하트골드 (Korea, IPKK, header ROM version 0)","포켓몬스터 소울실버 (Korea, IPGK, header ROM version 0)",/a/1/6/8,equal,14,14,,,139f32589ae5a09fe1cfce679def009fd5ff24f0fff439a386c54f3d4f84f5d9,139f32589ae5a09fe1cfce679def009fd5ff24f0fff439a386c54f3d4f84f5d9,676,676,NSCR screen map,NSCR screen map
"포켓몬스터 하트골드 (Korea, IPKK, header ROM version 0)","포켓몬스터 소울실버 (Korea, IPGK, header ROM version 0)",/a/1/6/9,equal,0,0,,,123ab23b6915837922c89d69024f898bfc886d44466026a1e0a8f16fcdc5cb8d,123ab23b6915837922c89d69024f898bfc886d44466026a1e0a8f16fcdc5cb8d,20,20,,
"포켓몬스터 하트골드 (Korea, IPKK, header ROM version 0)","포켓몬스터 소울실버 (Korea, IPGK, header ROM version 0)",/a/1/6/9,equal,1,1,,,01af62da1273a6ac195007e34e6e46b306a676a2eb7d5dfc3b7516113941ee83,01af62da1273a6ac195007e34e6e46b306a676a2eb7d5dfc3b7516113941ee83,20,20,,
"포켓몬스터 하트골드 (Korea, IPKK, header ROM version 0)","포켓몬스터 소울실버 (Korea, IPGK, header ROM version 0)",/a/1/6/9,equal,2,2,,,807ef515543e22d9272fb38c445ca54ad8fe0d73fae34239daef5880a6e3873c,807ef515543e22d9272fb38c445ca54ad8fe0d73fae34239daef5880a6e3873c,20,20,,
"포켓몬스터 하트골드 (Korea, IPKK, header ROM version 0)","포켓몬스터 소울실버 (Korea, IPGK, header ROM version 0)",/a/1/6/9,equal,3,3,,,8d5f339a4452e6a470b0420c009124d3e31de3315f48ebc12acf0e5bda29fd49,8d5f339a4452e6a470b0420c009124d3e31de3315f48ebc12acf0e5bda29fd49,20,20,,
"포켓몬스터 하트골드 (Korea, IPKK, header ROM version 0)","포켓몬스터 소울실버 (Korea, IPGK, header ROM version 0)",/a/1/6/9,equal,4,4,,,62827dc1a2380d44f60ae5cde65d5b554e2360e73f83fd64bb5247b51f8c428f,62827dc1a2380d44f60ae5cde65d5b554e2360e73f83fd64bb5247b51f8c428f,20,20,,
"포켓몬스터 하트골드 (Korea, IPKK, header ROM version 0)","포켓몬스터 소울실버 (Korea, IPGK, header ROM version 0)",/a/1/6/9,equal,5,5,,,4bc15649fdbc3ac7710b012b79d7a9da7403dc77e8e3786fe113f8145d3b5c43,4bc15649fdbc3ac7710b012b79d7a9da7403dc77e8e3786fe113f8145d3b5c43,20,20,,
"포켓몬스터 하트골드 (Korea, IPKK, header ROM version 0)","포켓몬스터 소울실버 (Korea, IPGK, header ROM version 0)",/a/1/6/9,equal,6,6,,,de37e7ac5b2c54d121b9fd47a2c5b00dcff2d137e890b7e3b17733809960d306,de37e7ac5b2c54d121b9fd47a2c5b00dcff2d137e890b7e3b17733809960d306,20,20,,
"포켓몬스터 하트골드 (Korea, IPKK, header ROM version 0)","포켓몬스터 소울실버 (Korea, IPGK, header ROM version 0)",/a/1/6/9,equal,7,7,,,47f3c2a8760d5a3417c8542ae347a995b5e9c94181b150c4b283d91ffab0c169,47f3c2a8760d5a3417c8542ae347a995b5e9c94181b150c4b283d91ffab0c169,20,20,,
"포켓몬스터 하트골드 (Korea, IPKK, header ROM version 0)","포켓몬스터 소울실버 (Korea, IPGK, header ROM version 0)",/a/1/6/9,equal,8,8,,,476af1fec0090d5fa33f9b97f22ad68ce081aeabcf011e65516248ca1c9bd357,476af1fec0090d5fa33f9b97f22ad68ce081aeabcf011e65516248ca1c9bd357,20,20,,
"포켓몬스터 하트골드 (Korea, IPKK, header ROM version 0)","포켓몬스터 소울실버 (Korea, IPGK, header ROM version 0)",/a/1/6/9,equal,9,9,,,50cc6549fccc33e33dab5233e6318f5efdc70c6fdb13e997e4bdb28a860a546b,50cc6549fccc33e33dab5233e6318f5efdc70c6fdb13e997e4bdb28a860a546b,20,20,,
"포켓몬스터 하트골드 (Korea, IPKK, header ROM version 0)","포켓몬스터 소울실버 (Korea, IPGK, header ROM version 0)",/a/1/6/9,equal,10,10,,,6641d096ac36da791b3723f3f4880bee4dabbd6bd863856e80172a4a250c7cd0,6641d096ac36da791b3723f3f4880bee4dabbd6bd863856e80172a4a250c7cd0,20,20,,
"포켓몬스터 하트골드 (Korea, IPKK, header ROM version 0)","포켓몬스터 소울실버 (Korea, IPGK, header ROM version 0)",/a/1/6/9,equal,11,11,,,0accfca7c7d589a4d6e65c6fa60bd358ceb7e6e4a06458047f05114c896eda22,0accfca7c7d589a4d6e65c6fa60bd358ceb7e6e4a06458047f05114c896eda22,20,20,,
"포켓몬스터 하트골드 (Korea, IPKK, header ROM version 0)","포켓몬스터 소울실버 (Korea, IPGK, header ROM version 0)",/a/1/6/9,equal,12,12,,,8bb4e5250ade00b094d9fa46041ed8a970b99f0d0bc33c8cd5076e0153a5024b,8bb4e5250ade00b094d9fa46041ed8a970b99f0d0bc33c8cd5076e0153a5024b,20,20,,
"포켓몬스터 하트골드 (Korea, IPKK, header ROM version 0)","포켓몬스터 소울실버 (Korea, IPGK, header ROM version 0)",/a/1/6/9,equal,13,13,,,6641d096ac36da791b3723f3f4880bee4dabbd6bd863856e80172a4a250c7cd0,6641d096ac36da791b3723f3f4880bee4dabbd6bd863856e80172a4a250c7cd0,20,20,,
"포켓몬스터 하트골드 (Korea, IPKK, header ROM version 0)","포켓몬스터 소울실버 (Korea, IPGK, header ROM version 0)",/a/1/6/9,equal,14,14,,,79db40591a3bc38da4c619a15c348a0489bf8745fa0a8b0ab02c2c117d80de09,79db40591a3bc38da4c619a15c348a0489bf8745fa0a8b0ab02c2c117d80de09,20,20,,
"포켓몬스터 하트골드 (Korea, IPKK, header ROM version 0)","포켓몬스터 소울실버 (Korea, IPGK, header ROM version 0)",/a/1/6/9,equal,15,15,,,166a5e5340f6a6cb40788d5fde0aa5063839807416ee16bcbc4fea63212248ff,166a5e5340f6a6cb40788d5fde0aa5063839807416ee16bcbc4fea63212248ff,20,20,,
"포켓몬스터 하트골드 (Korea, IPKK, header ROM version 0)","포켓몬스터 소울실버 (Korea, IPGK, header ROM version 0)",/a/1/6/9,equal,16,16,,,00d77e56fd7c3a6aa6fa050da25695a7c3824801f3ab99cb9c24b3c51cf6d9d4,00d77e56fd7c3a6aa6fa050da25695a7c3824801f3ab99cb9c24b3c51cf6d9d4,20,20,,
"포켓몬스터 하트골드 (Korea, IPKK, header ROM version 0)","포켓몬스터 소울실버 (Korea, IPGK, header ROM version 0)",/a/1/6/9,equal,17,17,,,ca4440832194fd76433483a09745bfb0aacfc13a5235700d340815ad9eda789b,ca4440832194fd76433483a09745bfb0aacfc13a5235700d340815ad9eda789b,20,20,,
"포켓몬스터 하트골드 (Korea, IPKK, header ROM version 0)","포켓몬스터 소울실버 (Korea, IPGK, header ROM version 0)",/a/1/6/9,equal,18,18,,,c4b9ac658c977c11b04ccdc357e16a4d3d968494cc39de1481a11990051f2dac,c4b9ac658c977c11b04ccdc357e16a4d3d968494cc39de1481a11990051f2dac,20,20,,
"포켓몬스터 하트골드 (Korea, IPKK, header ROM version 0)","포켓몬스터 소울실버 (Korea, IPGK, header ROM version 0)",/a/1/6/9,equal,19,19,,,95f91be4fe99984c9fa6d46d7d620b1af749c2aeb600822610b220b912940ff7,95f91be4fe99984c9fa6d46d7d620b1af749c2aeb600822610b220b912940ff7,20,20,,
"포켓몬스터 하트골드 (Korea, IPKK, header ROM version 0)","포켓몬스터 소울실버 (Korea, IPGK, header ROM version 0)",/a/1/6/9,equal,20,20,,,1e4228113c248c08356cd2f80c20e92374e9d2a0214bb2db1516673699881e93,1e4228113c248c08356cd2f80c20e92374e9d2a0214bb2db1516673699881e93,20,20,,
"포켓몬스터 하트골드 (Korea, IPKK, header ROM version 0)","포켓몬스터 소울실버 (Korea, IPGK, header ROM version 0)",/a/1/6/9,equal,21,21,,,dd20658947f19ac732fdbeae6af8145860bb41ac883901698dbcb7db44b3f90e,dd20658947f19ac732fdbeae6af8145860bb41ac883901698dbcb7db44b3f90e,20,20,,
"포켓몬스터 하트골드 (Korea, IPKK, header ROM version 0)","포켓몬스터 소울실버 (Korea, IPGK, header ROM version 0)",/a/1/6/9,equal,22,22,,,49008dc96dc212b3df32b9f9ce493ecf9a73583b8c8726006ec7f25873d1aa48,49008dc96dc212b3df32b9f9ce493ecf9a73583b8c8726006ec7f25873d1aa48,20,20,,
"포켓몬스터 하트골드 (Korea, IPKK, header ROM version 0)","포켓몬스터 소울실버 (Korea, IPGK, header ROM version 0)",/a/1/6/9,equal,23,23,,,2de7836a68bbe85f39ba20cb7ba1944126396e5f178cac9da158f474a6ea733d,2de7836a68bbe85f39ba20cb7ba1944126396e5f178cac9da158f474a6ea733d,20,20,,
"포켓몬스터 하트골드 (Korea, IPKK, header ROM version 0)","포켓몬스터 소울실버 (Korea, IPGK, header ROM version 0)",/a/1/6/9,equal,24,24,,,38a09cb9fc23f00960ab180d7b5f09fcb6c277aa477b25e33510dd61746615ad,38a09cb9fc23f00960ab180d7b5f09fcb6c277aa477b25e33510dd61746615ad,20,20,,
"포켓몬스터 하트골드 (Korea, IPKK, header ROM version 0)","포켓몬스터 소울실버 (Korea, IPGK, header ROM version 0)",/a/1/6/9,equal,25,25,,,7209252aade4fd55840bfe92a3ccbc25c65a701fb364d13f365242b9cf700472,7209252aade4fd55840bfe92a3ccbc25c65a701fb364d13f365242b9cf700472,20,20,,
"포켓몬스터 하트골드 (Korea, IPKK, header ROM version 0)","포켓몬스터 소울실버 (Korea, IPGK, header ROM version 0)",/a/1/6/9,equal,26,26,,,d29609e4cbf5d0756a43f6d54f5d759b778fb530a2c94a3e6866267838117f1f,d29609e4cbf5d0756a43f6d54f5d759b778fb530a2c94a3e6866267838117f1f,20,20,,
"포켓몬스터 하트골드 (Korea, IPKK, header ROM version 0)","포켓몬스터 소울실버 (Korea, IPGK, header ROM version 0)",/a/1/6/9,equal,27,27,,,bb4a8ba435341792b37aca0360700ab318a1c224dbb4ea8b40b57e674181a9f6,bb4a8ba435341792b37aca0360700ab318a1c224dbb4ea8b40b57e674181a9f6,20,20,,
"포켓몬스터 하트골드 (Korea, IPKK, header ROM version 0)","포켓몬스터 소울실버 (Korea, IPGK, header ROM version 0)",/a/1/6/9,equal,28,28,,,b983f69aec93551a8322241556658df941134fc71891ecb8da5cb1892cf76f86,b983f69aec93551a8322241556658df941134fc71891ecb8da5cb1892cf76f86,20,20,,
"포켓몬스터 하트골드 (Korea, IPKK, header ROM version 0)","포켓몬스터 소울실버 (Korea, IPGK, header ROM version 0)",/a/1/6/9,equal,29,29,,,f7fef4149406a21585a93a44c3d660a5a40f59b03697c579001a8d6519c9f1a7,f7fef4149406a21585a93a44c3d660a5a40f59b03697c579001a8d6519c9f1a7,20,20,,
"포켓몬스터 하트골드 (Korea, IPKK, header ROM version 0)","포켓몬스터 소울실버 (Korea, IPGK, header ROM version 0)",/a/1/6/9,equal,30,30,,,d98d1c2bb0fce2e042fb263fa4abdf283459890529211bb2a47ccbd209fa06ec,d98d1c2bb0fce2e042fb263fa4abdf283459890529211bb2a47ccbd209fa06ec,20,20,,
"포켓몬스터 하트골드 (Korea, IPKK, header ROM version 0)","포켓몬스터 소울실버 (Korea, IPGK, header ROM version 0)",/a/1/6/9,equal,31,31,,,0e5e88b77b318d9cb814c2abfea9953520fd96ab7bf92db70e7ac1512a03ded0,0e5e88b77b318d9cb814c2abfea9953520fd96ab7bf92db70e7ac1512a03ded0,20,20,,
"포켓몬스터 하트골드 (Korea, IPKK, header ROM version 0)","포켓몬스터 소울실버 (Korea, IPGK, header ROM version 0)",/a/1/6/9,equal,32,32,,,e42d3f00c298dd52fe212509b41262a9004158c3d73c8c43815ddba7cc4a59a8,e42d3f00c298dd52fe212509b41262a9004158c3d73c8c43815ddba7cc4a59a8,20,20,,
"포켓몬스터 하트골드 (Korea, IPKK, header ROM version 0)","포켓몬스터 소울실버 (Korea, IPGK, header ROM version 0)",/a/1/6/9,equal,33,33,,,f09d8042e04e982b5f086b03a818a26e12bf3be7bb4345012a6e5d56d43c65be,f09d8042e04e982b5f086b03a818a26e12bf3be7bb4345012a6e5d56d43c65be,20,20,,
"포켓몬스터 하트골드 (Korea, IPKK, header ROM version 0)","포켓몬스터 소울실버 (Korea, IPGK, header ROM version 0)",/a/1/6/9,equal,34,34,,,ec391a0242860969610ca3ae80b227232fd1ea2a44ed1cfde50c2748b8746ca8,ec391a0242860969610ca3ae80b227232fd1ea2a44ed1cfde50c2748b8746ca8,20,20,,
"포켓몬스터 하트골드 (Korea, IPKK, header ROM version 0)","포켓몬스터 소울실버 (Korea, IPGK, header ROM version 0)",/a/1/6/9,equal,35,35,,,53bb969f3b77dd0ef85bb283ee27b8f87c55087fad4c2be29da0abc5ff251ed0,53bb969f3b77dd0ef85bb283ee27b8f87c55087fad4c2be29da0abc5ff251ed0,20,20,,
"포켓몬스터 하트골드 (Korea, IPKK, header ROM version 0)","포켓몬스터 소울실버 (Korea, IPGK, header ROM version 0)",/a/1/6/9,equal,36,36,,,e57665758bb61510bb8a489972e887b656895743f9513d264b4b927ea299bdf3,e57665758bb61510bb8a489972e887b656895743f9513d264b4b927ea299bdf3,20,20,,
"포켓몬스터 하트골드 (Korea, IPKK, header ROM version 0)","포켓몬스터 소울실버 (Korea, IPGK, header ROM version 0)",/a/1/6/9,equal,37,37,,,c450226a36884ff9ad071b8a811404c553031c9d8b62436b76f6fd0917c4eac8,c450226a36884ff9ad071b8a811404c553031c9d8b62436b76f6fd0917c4eac8,20,20,,
"포켓몬스터 하트골드 (Korea, IPKK, header ROM version 0)","포켓몬스터 소울실버 (Korea, IPGK, header ROM version 0)",/a/1/6/9,equal,38,38,,,2e5d527222aeff7940864c335eb79beac852b430fd6899fe6b4f6bcfc9357593,2e5d527222aeff7940864c335eb79beac852b430fd6899fe6b4f6bcfc9357593,20,20,,
"포켓몬스터 하트골드 (Korea, IPKK, header ROM version 0)","포켓몬스터 소울실버 (Korea, IPGK, header ROM version 0)",/a/1/6/9,equal,39,39,,,915df03f3111b383bc7edc65a1cd07609a86139d1ff9ff83916fbbbd7ea25e31,915df03f3111b383bc7edc65a1cd07609a86139d1ff9ff83916fbbbd7ea25e31,20,20,,
"포켓몬스터 하트골드 (Korea, IPKK, header ROM version 0)","포켓몬스터 소울실버 (Korea, IPGK, header ROM version 0)",/a/1/6/9,equal,40,40,,,b85bf809ee533bfe1b47261213d5a2a2ac2d32c5b696f2db5c0b9dd2ee8bf192,b85bf809ee533bfe1b47261213d5a2a2ac2d32c5b696f2db5c0b9dd2ee8bf192,20,20,,
"포켓몬스터 하트골드 (Korea, IPKK, header ROM version 0)","포켓몬스터 소울실버 (Korea, IPGK, header ROM version 0)",/a/1/6/9,equal,41,41,,,b95daace6b992699c84d3da2422bafa63e1e067f933689127bb3b647d97a2f7a,b95daace6b992699c84d3da2422bafa63e1e067f933689127bb3b647d97a2f7a,20,20,,
"포켓몬스터 하트골드 (Korea, IPKK, header ROM version 0)","포켓몬스터 소울실버 (Korea, IPGK, header ROM version 0)",/a/1/6/9,equal,42,42,,,cf5b07b8883bbd61e29f7327f2a1e72d1be2aefa1aabce52377dd75d22e553fc,cf5b07b8883bbd61e29f7327f2a1e72d1be2aefa1aabce52377dd75d22e553fc,20,20,,
"포켓몬스터 하트골드 (Korea, IPKK, header ROM version 0)","포켓몬스터 소울실버 (Korea, IPGK, header ROM version 0)",/a/1/6/9,equal,43,43,,,ee86baae101a5ff640727d3d8bc9070a9e18ddd2d25dd18c90bf695991b20b72,ee86baae101a5ff640727d3d8bc9070a9e18ddd2d25dd18c90bf695991b20b72,20,20,,
"포켓몬스터 하트골드 (Korea, IPKK, header ROM version 0)","포켓몬스터 소울실버 (Korea, IPGK, header ROM version 0)",/a/1/6/9,equal,44,44,,,eaf43cb1f309aacc244c0d222dcadbe252e1bbd917b885a3be995db1edbec4b9,eaf43cb1f309aacc244c0d222dcadbe252e1bbd917b885a3be995db1edbec4b9,20,20,,
"포켓몬스터 하트골드 (Korea, IPKK, header ROM version 0)","포켓몬스터 소울실버 (Korea, IPGK, header ROM version 0)",/a/1/6/9,equal,45,45,,,87d80154221d2a3c9dfe07d63cdfe47a9fabcaf8714a8ef756158a98946b148e,87d80154221d2a3c9dfe07d63cdfe47a9fabcaf8714a8ef756158a98946b148e,20,20,,
"포켓몬스터 하트골드 (Korea, IPKK, header ROM version 0)","포켓몬스터 소울실버 (Korea, IPGK, header ROM version 0)",/a/1/6/9,equal,46,46,,,e868b3fa6abd0cd7ccc9e32df2cdd828c5f32eac83cabf4ad41b645ef2d9ff96,e868b3fa6abd0cd7ccc9e32df2cdd828c5f32eac83cabf4ad41b645ef2d9ff96,20,20,,
"포켓몬스터 하트골드 (Korea, IPKK, header ROM version 0)","포켓몬스터 소울실버 (Korea, IPGK, header ROM version 0)",/a/1/6/9,equal,47,47,,,4532dca6b758b0a312ca1d3dfe6d72dea386cf9f9e98155cd68be61352a892f9,4532dca6b758b0a312ca1d3dfe6d72dea386cf9f9e98155cd68be61352a892f9,20,20,,
"포켓몬스터 하트골드 (Korea, IPKK, header ROM version 0)","포켓몬스터 소울실버 (Korea, IPGK, header ROM version 0)",/a/1/6/9,equal,48,48,,,30d657be46ff1a803c9a4358432f0ce18732ecb1145dc5ddee4602f1a365d6d1,30d657be46ff1a803c9a4358432f0ce18732ecb1145dc5ddee4602f1a365d6d1,20,20,,
"포켓몬스터 하트골드 (Korea, IPKK, header ROM version 0)","포켓몬스터 소울실버 (Korea, IPGK, header ROM version 0)",/a/1/6/9,equal,49,49,,,8946958214f3585152046bc1c3c39dd40943e561c7df1df27e735b603ed033dc,8946958214f3585152046bc1c3c39dd40943e561c7df1df27e735b603ed033dc,20,20,,
"포켓몬스터 하트골드 (Korea, IPKK, header ROM version 0)","포켓몬스터 소울실버 (Korea, IPGK, header ROM version 0)",/a/1/6/9,equal,50,50,,,88b4199e3a0cd60087cc96aedd26efd9edf6c4742c359da35796da25a65b3d3c,88b4199e3a0cd60087cc96aedd26efd9edf6c4742c359da35796da25a65b3d3c,20,20,,
"포켓몬스터 하트골드 (Korea, IPKK, header ROM version 0)","포켓몬스터 소울실버 (Korea, IPGK, header ROM version 0)",/a/1/6/9,equal,51,51,,,9883011f0ec1b2d95e8e473a19481561e9bf406cc3579160deaf73be29e47a76,9883011f0ec1b2d95e8e473a19481561e9bf406cc3579160deaf73be29e47a76,20,20,,
"포켓몬스터 하트골드 (Korea, IPKK, header ROM version 0)","포켓몬스터 소울실버 (Korea, IPGK, header ROM version 0)",/a/1/6/9,equal,52,52,,,0265412f1e0dbef5d568563ddb5b43c6be1ddd7ad63faa98b248bd01aa408c46,0265412f1e0dbef5d568563ddb5b43c6be1ddd7ad63faa98b248bd01aa408c46,20,20,,
"포켓몬스터 하트골드 (Korea, IPKK, header ROM version 0)","포켓몬스터 소울실버 (Korea, IPGK, header ROM version 0)",/a/1/6/9,equal,53,53,,,b047c5f80d76829ea352358db23cc10ea0a29753f000a3bb6f173800692374ee,b047c5f80d76829ea352358db23cc10ea0a29753f000a3bb6f173800692374ee,20,20,,
"포켓몬스터 하트골드 (Korea, IPKK, header ROM version 0)","포켓몬스터 소울실버 (Korea, IPGK, header ROM version 0)",/a/1/6/9,equal,54,54,,,285a7c566f20c1a9944b3e508f73b1412b028b9a5ed6fa1152078d8fd797e21a,285a7c566f20c1a9944b3e508f73b1412b028b9a5ed6fa1152078d8fd797e21a,20,20,,
"포켓몬스터 하트골드 (Korea, IPKK, header ROM version 0)","포켓몬스터 소울실버 (Korea, IPGK, header ROM version 0)",/a/1/6/9,equal,55,55,,,b325d51f9f2f44c4aa1298ddbb853ce7d01a7a5e2086ffd94857ed462ca1a66e,b325d51f9f2f44c4aa1298ddbb853ce7d01a7a5e2086ffd94857ed462ca1a66e,20,20,,
"포켓몬스터 하트골드 (Korea, IPKK, header ROM version 0)","포켓몬스터 소울실버 (Korea, IPGK, header ROM version 0)",/a/1/6/9,equal,56,56,,,88b1915d38b9abf3b09e7fa5d7caa01a59c69897c96e0a2f466c1a1d6a79642e,88b1915d38b9abf3b09e7fa5d7caa01a59c69897c96e0a2f466c1a1d6a79642e,20,20,,
"포켓몬스터 하트골드 (Korea, IPKK, header ROM version 0)","포켓몬스터 소울실버 (Korea, IPGK, header ROM version 0)",/a/1/6/9,equal,57,57,,,ad5ae0a3d6ed806b91e82847e0e5cda4d37321341162422acab21c49519de96e,ad5ae0a3d6ed806b91e82847e0e5cda4d37321341162422acab21c49519de96e,20,20,,
"포켓몬스터 하트골드 (Korea, IPKK, header ROM version 0)","포켓몬스터 소울실버 (Korea, IPGK, header ROM version 0)",/a/1/6/9,equal,58,58,,,5b2763922ab29aaafc95abfbe4502063d6110b5e17adcdd5d237efac7c27f103,5b2763922ab29aaafc95abfbe4502063d6110b5e17adcdd5d237efac7c27f103,20,20,,
"포켓몬스터 하트골드 (Korea, IPKK, header ROM version 0)","포켓몬스터 소울실버 (Korea, IPGK, header ROM version 0)",/a/1/6/9,equal,59,59,,,b94aec41bb479a2994939ec63744d4411559c860f65df24add68c17b5672a6e2,b94aec41bb479a2994939ec63744d4411559c860f65df24add68c17b5672a6e2,20,20,,
"포켓몬스터 하트골드 (Korea, IPKK, header ROM version 0)","포켓몬스터 소울실버 (Korea, IPGK, header ROM version 0)",/a/1/6/9,equal,60,60,,,144871c35d6b6577ce2d4025ceca49e1e192d143dab01b9f0fc30f794664e4c9,144871c35d6b6577ce2d4025ceca49e1e192d143dab01b9f0fc30f794664e4c9,20,20,,
"포켓몬스터 하트골드 (Korea, IPKK, header ROM version 0)","포켓몬스터 소울실버 (Korea, IPGK, header ROM version 0)",/a/1/6/9,equal,61,61,,,9f24be9a1c00eab69d382433aad106873d8a118b1ef359cdc8f0730f1a575e08,9f24be9a1c00eab69d382433aad106873d8a118b1ef359cdc8f0730f1a575e08,20,20,,
"포켓몬스터 하트골드 (Korea, IPKK, header ROM version 0)","포켓몬스터 소울실버 (Korea, IPGK, header ROM version 0)",/a/1/6/9,equal,62,62,,,12bb8d3a2734515aaafe1e2fb9871bcb15cfc731e6f21679b4e505b04d159365,12bb8d3a2734515aaafe1e2fb9871bcb15cfc731e6f21679b4e505b04d159365,20,20,,
"포켓몬스터 하트골드 (Korea, IPKK, header ROM version 0)","포켓몬스터 소울실버 (Korea, IPGK, header ROM version 0)",/a/1/6/9,equal,63,63,,,0c9755c62570e3490d07139bf9e47dc30c9423d8cf887d38aa240579624877e6,0c9755c62570e3490d07139bf9e47dc30c9423d8cf887d38aa240579624877e6,20,20,,
"포켓몬스터 하트골드 (Korea, IPKK, header ROM version 0)","포켓몬스터 소울실버 (Korea, IPGK, header ROM version 0)",/a/1/6/9,equal,64,64,,,b00237a57c879b383f90574bab53fc1e399a8ebb50900c5d43efdfec9c82b04c,b00237a57c879b383f90574bab53fc1e399a8ebb50900c5d43efdfec9c82b04c,20,20,,
"포켓몬스터 하트골드 (Korea, IPKK, header ROM version 0)","포켓몬스터 소울실버 (Korea, IPGK, header ROM version 0)",/a/1/6/9,equal,65,65,,,d49f59913401f63308837077350c4bb02195f9c3065becc3d275750ccb93a4eb,d49f59913401f63308837077350c4bb02195f9c3065becc3d275750ccb93a4eb,20,20,,
"포켓몬스터 하트골드 (Korea, IPKK, header ROM version 0)","포켓몬스터 소울실버 (Korea, IPGK, header ROM version 0)",/a/1/6/9,equal,66,66,,,04cea2bf75e60a9ef8030b0326114f9efcccc7644f74f89e0c8e32de9aa0f44c,04cea2bf75e60a9ef8030b0326114f9efcccc7644f74f89e0c8e32de9aa0f44c,20,20,,
"포켓몬스터 하트골드 (Korea, IPKK, header ROM version 0)","포켓몬스터 소울실버 (Korea, IPGK, header ROM version 0)",/a/1/6/9,equal,67,67,,,010afc24d4461c87cac5c8ddd4e0b11326adb124effcc14c6caddd3291f96ee5,010afc24d4461c87cac5c8ddd4e0b11326adb124effcc14c6caddd3291f96ee5,20,20,,
"포켓몬스터 하트골드 (Korea, IPKK, header ROM version 0)","포켓몬스터 소울실버 (Korea, IPGK, header ROM version 0)",/a/1/6/9,equal,68,68,,,45f3573f5d9ef70bb7d6ff0ad0c35c685f8ba16fce7bce582be85b2030309114,45f3573f5d9ef70bb7d6ff0ad0c35c685f8ba16fce7bce582be85b2030309114,20,20,,
"포켓몬스터 하트골드 (Korea, IPKK, header ROM version 0)","포켓몬스터 소울실버 (Korea, IPGK, header ROM version 0)",/a/1/6/9,equal,69,69,,,7c041d0f108e7f79f5b075ff028672f41267de8fdd08d8c78a0ab9237b58526c,7c041d0f108e7f79f5b075ff028672f41267de8fdd08d8c78a0ab9237b58526c,20,20,,
"포켓몬스터 하트골드 (Korea, IPKK, header ROM version 0)","포켓몬스터 소울실버 (Korea, IPGK, header ROM version 0)",/a/1/6/9,equal,70,70,,,615a96c710c145beb9ec53c4df0b4cf08c4a233586136034beecb32646768fcc,615a96c710c145beb9ec53c4df0b4cf08c4a233586136034beecb32646768fcc,20,20,,
"포켓몬스터 하트골드 (Korea, IPKK, header ROM version 0)","포켓몬스터 소울실버 (Korea, IPGK, header ROM version 0)",/a/1/6/9,equal,71,71,,,afbff7c5413866febff429b8763f85bae0f5d71103f2cb65bad4ff7ecb3ed365,afbff7c5413866febff429b8763f85bae0f5d71103f2cb65bad4ff7ecb3ed365,20,20,,
"포켓몬스터 하트골드 (Korea, IPKK, header ROM version 0)","포켓몬스터 소울실버 (Korea, IPGK, header ROM version 0)",/a/1/6/9,equal,72,72,,,934ec9f618fed42afe126a153c276f58a821533736f7227ad1e43b414cffd524,934ec9f618fed42afe126a153c276f58a821533736f7227ad1e43b414cffd524,20,20,,
"포켓몬스터 하트골드 (Korea, IPKK, header ROM version 0)","포켓몬스터 소울실버 (Korea, IPGK, header ROM version 0)",/a/1/6/9,equal,73,73,,,e820d7219bd0ca7581bd9b1032348c22423b5bb385c0a95249ed5f43fb760792,e820d7219bd0ca7581bd9b1032348c22423b5bb385c0a95249ed5f43fb760792,20,20,,
"포켓몬스터 하트골드 (Korea, IPKK, header ROM version 0)","포켓몬스터 소울실버 (Korea, IPGK, header ROM version 0)",/a/1/6/9,equal,74,74,,,b4a2b030a5ef54fc1015a1423071f03bcd3f46e804328bd5b8938733f7b5c3f5,b4a2b030a5ef54fc1015a1423071f03bcd3f46e804328bd5b8938733f7b5c3f5,20,20,,
"포켓몬스터 하트골드 (Korea, IPKK, header ROM version 0)","포켓몬스터 소울실버 (Korea, IPGK, header ROM version 0)",/a/1/6/9,equal,75,75,,,71057955d21effe39bbd7f2533e112f8e7890c21c90523f4958fdbc8920204b6,71057955d21effe39bbd7f2533e112f8e7890c21c90523f4958fdbc8920204b6,20,20,,
"포켓몬스터 하트골드 (Korea, IPKK, header ROM version 0)","포켓몬스터 소울실버 (Korea, IPGK, header ROM version 0)",/a/1/6/9,equal,76,76,,,29c8fca6c2139636ffbe6f26bf57063a6720e199f9b9d1f63b339b917a7ded10,29c8fca6c2139636ffbe6f26bf57063a6720e199f9b9d1f63b339b917a7ded10,20,20,,
"포켓몬스터 하트골드 (Korea, IPKK, header ROM version 0)","포켓몬스터 소울실버 (Korea, IPGK, header ROM version 0)",/a/1/6/9,equal,77,77,,,69d7c443b76490e87bcc1de54f56be8d95d4779c18f9e94458f5b955254fe82e,69d7c443b76490e87bcc1de54f56be8d95d4779c18f9e94458f5b955254fe82e,20,20,,
"포켓몬스터 하트골드 (Korea, IPKK, header ROM version 0)","포켓몬스터 소울실버 (Korea, IPGK, header ROM version 0)",/a/1/6/9,equal,78,78,,,ffd835e77c4b10931cd175820f56771f52ad8d6c7419fdab4117d495ad4569fe,ffd835e77c4b10931cd175820f56771f52ad8d6c7419fdab4117d495ad4569fe,20,20,,
"포켓몬스터 하트골드 (Korea, IPKK, header ROM version 0)","포켓몬스터 소울실버 (Korea, IPGK, header ROM version 0)",/a/1/6/9,equal,79,79,,,c2a0b1c799d216d9974c82b7769ef757ccfa68401e6cf75a03a5bddd1a6a869b,c2a0b1c799d216d9974c82b7769ef757ccfa68401e6cf75a03a5bddd1a6a869b,20,20,,
"포켓몬스터 하트골드 (Korea, IPKK, header ROM version 0)","포켓몬스터 소울실버 (Korea, IPGK, header ROM version 0)",/a/1/6/9,equal,80,80,,,c3ebd86103ddc18b7783263278a8c66d2f332363b00d87a398b303381c381341,c3ebd86103ddc18b7783263278a8c66d2f332363b00d87a398b303381c381341,20,20,,
"포켓몬스터 하트골드 (Korea, IPKK, header ROM version 0)","포켓몬스터 소울실버 (Korea, IPGK, header ROM version 0)",/a/1/6/9,equal,81,81,,,c3df48da949a43e59347922165694e60d8d3e6e558d27ba820fe6d8babcaf8c6,c3df48da949a43e59347922165694e60d8d3e6e558d27ba820fe6d8babcaf8c6,20,20,,
"포켓몬스터 하트골드 (Korea, IPKK, header ROM version 0)","포켓몬스터 소울실버 (Korea, IPGK, header ROM version 0)",/a/1/6/9,equal,82,82,,,3b73a95bfec454cee0ddd97deb8ba1c9836933f3f6ec4619cf155b5b324fe35d,3b73a95bfec454cee0ddd97deb8ba1c9836933f3f6ec4619cf155b5b324fe35d,20,20,,
"포켓몬스터 하트골드 (Korea, IPKK, header ROM version 0)","포켓몬스터 소울실버 (Korea, IPGK, header ROM version 0)",/a/1/6/9,equal,83,83,,,7378a6a9aad41eb466b87851f53e388687146ff59e24861f6895ed12dfbc374f,7378a6a9aad41eb466b87851f53e388687146ff59e24861f6895ed12dfbc374f,20,20,,
"포켓몬스터 하트골드 (Korea, IPKK, header ROM version 0)","포켓몬스터 소울실버 (Korea, IPGK, header ROM version 0)",/a/1/6/9,equal,84,84,,,4c554226872325b282725f9f8d3cc4f3f11317503825e8927014ef7f7784f788,4c554226872325b282725f9f8d3cc4f3f11317503825e8927014ef7f7784f788,20,20,,
"포켓몬스터 하트골드 (Korea, IPKK, header ROM version 0)","포켓몬스터 소울실버 (Korea, IPGK, header ROM version 0)",/a/1/6/9,equal,85,85,,,a76a02eb46369f6284c5ef3eb46d887320b344179e2e0cb4b84bbaa615c4f756,a76a02eb46369f6284c5ef3eb46d887320b344179e2e0cb4b84bbaa615c4f756,20,20,,
"포켓몬스터 하트골드 (Korea, IPKK, header ROM version 0)","포켓몬스터 소울실버 (Korea, IPGK, header ROM version 0)",/a/1/6/9,equal,86,86,,,1f9e406708d0fd41111ce5ee610334e6e00bedffee724a36adb77e330a36d070,1f9e406708d0fd41111ce5ee610334e6e00bedffee724a36adb77e330a36d070,20,20,,
"포켓몬스터 하트골드 (Korea, IPKK, header ROM version 0)","포켓몬스터 소울실버 (Korea, IPGK, header ROM version 0)",/a/1/6/9,equal,87,87,,,473a6f64aa96b47e48e04f52906d7d4ea95c7d9528378f4c922b0c9a8e5f25dd,473a6f64aa96b47e48e04f52906d7d4ea95c7d9528378f4c922b0c9a8e5f25dd,20,20,,
"포켓몬스터 하트골드 (Korea, IPKK, header ROM version 0)","포켓몬스터 소울실버 (Korea, IPGK, header ROM version 0)",/a/1/6/9,equal,88,88,,,4638ab09a8963621da31e1716ff8f439e7f8e58b279c0f70e6560be5b07b5b69,4638ab09a8963621da31e1716ff8f439e7f8e58b279c0f70e6560be5b07b5b69,20,20,,
"포켓몬스터 하트골드 (Korea, IPKK, header ROM version 0)","포켓몬스터 소울실버 (Korea, IPGK, header ROM version 0)",/a/1/6/9,equal,89,89,,,14f99239010bde381b67daf3466cada847a1e96e11cf2126fc5daefb4e7bf2d7,14f99239010bde381b67daf3466cada847a1e96e11cf2126fc5daefb4e7bf2d7,20,20,,
"포켓몬스터 하트골드 (Korea, IPKK, header ROM version 0)","포켓몬스터 소울실버 (Korea, IPGK, header ROM version 0)",/a/1/6/9,equal,90,90,,,fa97b3e6eafb1ceaac32155d14b22cf7e4c84cc04b96fb71ba280346df7fe92f,fa97b3e6eafb1ceaac32155d14b22cf7e4c84cc04b96fb71ba280346df7fe92f,20,20,,
"포켓몬스터 하트골드 (Korea, IPKK, header ROM version 0)","포켓몬스터 소울실버 (Korea, IPGK, header ROM version 0)",/a/1/6/9,equal,91,91,,,1571f57feebadc55ed381553c6e21174bee50801e5a73f145a0a8f6b6581ee32,1571f57feebadc55ed381553c6e21174bee50801e5a73f145a0a8f6b6581ee32,20,20,,
"포켓몬스터 하트골드 (Korea, IPKK, header ROM version 0)","포켓몬스터 소울실버 (Korea, IPGK, header ROM version 0)",/a/1/6/9,equal,92,92,,,853fa07d4f516be931cf7752e531c96a86c6076d11ae94408f1c37804646f9f8,853fa07d4f516be931cf7752e531c96a86c6076d11ae94408f1c37804646f9f8,20,20,,
"포켓몬스터 하트골드 (Korea, IPKK, header ROM version 0)","포켓몬스터 소울실버 (Korea, IPGK, header ROM version 0)",/a/1/6/9,equal,93,93,,,b5adc4041f926d18f5c48e1ece07124d5008cada74e7d7fbc9524eeb5b7f9ea1,b5adc4041f926d18f5c48e1ece07124d5008cada74e7d7fbc9524eeb5b7f9ea1,20,20,,
"포켓몬스터 하트골드 (Korea, IPKK, header ROM version 0)","포켓몬스터 소울실버 (Korea, IPGK, header ROM version 0)",/a/1/6/9,equal,94,94,,,9ec1550c7625339561478c4d38117db804f8e0d729496257240752dda3e47d69,9ec1550c7625339561478c4d38117db804f8e0d729496257240752dda3e47d69,20,20,,
"포켓몬스터 하트골드 (Korea, IPKK, header ROM version 0)","포켓몬스터 소울실버 (Korea, IPGK, header ROM version 0)",/a/1/6/9,equal,95,95,,,7da2d0eb2efea1e97d98309d5e8432f9ce97dea174d242adc877faee44c6b169,7da2d0eb2efea1e97d98309d5e8432f9ce97dea174d242adc877faee44c6b169,20,20,,
"포켓몬스터 하트골드 (Korea, IPKK, header ROM version 0)","포켓몬스터 소울실버 (Korea, IPGK, header ROM version 0)",/a/1/6/9,equal,96,96,,,474520cdcd7895034ecc799197897748e4dc0f5bbe991535b60c83e7decb066c,474520cdcd7895034ecc799197897748e4dc0f5bbe991535b60c83e7decb066c,20,20,,
"포켓몬스터 하트골드 (Korea, IPKK, header ROM version 0)","포켓몬스터 소울실버 (Korea, IPGK, header ROM version 0)",/a/1/6/9,equal,97,97,,,5e9c00944c876e88add164700d1bbdba961890e7067f09bfbf5ae846a9f001ff,5e9c00944c876e88add164700d1bbdba961890e7067f09bfbf5ae846a9f001ff,20,20,,
"포켓몬스터 하트골드 (Korea, IPKK, header ROM version 0)","포켓몬스터 소울실버 (Korea, IPGK, header ROM version 0)",/a/1/6/9,equal,98,98,,,a648835576b4a787adf5e44eeda713438613e497f415945efe0a2516bf916a12,a648835576b4a787adf5e44eeda713438613e497f415945efe0a2516bf916a12,20,20,,
"포켓몬스터 하트골드 (Korea, IPKK, header ROM version 0)","포켓몬스터 소울실버 (Korea, IPGK, header ROM version 0)",/a/1/6/9,equal,99,99,,,b1d84f1e54db2bdc9be81f41300ccddad8856f625976b5ed902c8ba4217497d8,b1d84f1e54db2bdc9be81f41300ccddad8856f625976b5ed902c8ba4217497d8,20,20,,
"포켓몬스터 하트골드 (Korea, IPKK, header ROM version 0)","포켓몬스터 소울실버 (Korea, IPGK, header ROM version 0)",/a/1/6/9,equal,100,100,,,fee1b59b395335eccb2888e646c59311f79237ae9376dd66be94e40fe5929b9f,fee1b59b395335eccb2888e646c59311f79237ae9376dd66be94e40fe5929b9f,20,20,,
"포켓몬스터 하트골드 (Korea, IPKK, header ROM version 0)","포켓몬스터 소울실버 (Korea, IPGK, header ROM version 0)",/a/1/6/9,equal,101,101,,,a5642fcde2f112715f68dbf29277a72b30ec314b06277a5162154498f8f766ac,a5642fcde2f112715f68dbf29277a72b30ec314b06277a5162154498f8f766ac,20,20,,
"포켓몬스터 하트골드 (Korea, IPKK, header ROM version 0)","포켓몬스터 소울실버 (Korea, IPGK, header ROM version 0)",/a/1/6/9,equal,102,102,,,b9967e2afafe05a180920830fb87da79736b112fcf1677968855e02a06a337a4,b9967e2afafe05a180920830fb87da79736b112fcf1677968855e02a06a337a4,20,20,,
"포켓몬스터 하트골드 (Korea, IPKK, header ROM version 0)","포켓몬스터 소울실버 (Korea, IPGK, header ROM version 0)",/a/1/6/9,equal,103,103,,,48c59dab79df9d48e94e89cd5dc8d463617935d8e2ab7e6dd08695c6a04c9308,48c59dab79df9d48e94e89cd5dc8d463617935d8e2ab7e6dd08695c6a04c9308,20,20,,
"포켓몬스터 하트골드 (Korea, IPKK, header ROM version 0)","포켓몬스터 소울실버 (Korea, IPGK, header ROM version 0)",/a/1/6/9,equal,104,104,,,ca375ad3025a76f19c4e9f375282eea030714021fbeb15715fce99085f1590d4,ca375ad3025a76f19c4e9f375282eea030714021fbeb15715fce99085f1590d4,20,20,,
"포켓몬스터 하트골드 (Korea, IPKK, header ROM version 0)","포켓몬스터 소울실버 (Korea, IPGK, header ROM version 0)",/a/1/6/9,equal,105,105,,,1d3f418c40d6a993886139faf7c016468184dcaf553928c4f02c0f3f5b4bf41d,1d3f418c40d6a993886139faf7c016468184dcaf553928c4f02c0f3f5b4bf41d,20,20,,
"포켓몬스터 하트골드 (Korea, IPKK, header ROM version 0)","포켓몬스터 소울실버 (Korea, IPGK, header ROM version 0)",/a/1/6/9,equal,106,106,,,612b1575fbdef81c53d29f9951e355adf6c66979091cdc981bcb7f48b61049b6,612b1575fbdef81c53d29f9951e355adf6c66979091cdc981bcb7f48b61049b6,20,20,,
"포켓몬스터 하트골드 (Korea, IPKK, header ROM version 0)","포켓몬스터 소울실버 (Korea, IPGK, header ROM version 0)",/a/1/6/9,equal,107,107,,,1f87a27a7a04e972c902240ef8730abdcbaa76bf5d0c5fe319e337db22b4a230,1f87a27a7a04e972c902240ef8730abdcbaa76bf5d0c5fe319e337db22b4a230,20,20,,
"포켓몬스터 하트골드 (Korea, IPKK, header ROM version 0)","포켓몬스터 소울실버 (Korea, IPGK, header ROM version 0)",/a/1/6/9,equal,108,108,,,67817d4a539574c7ccc4154f209577a3654d28adc534f32c1dc773873987f355,67817d4a539574c7ccc4154f209577a3654d28adc534f32c1dc773873987f355,20,20,,
"포켓몬스터 하트골드 (Korea, IPKK, header ROM version 0)","포켓몬스터 소울실버 (Korea, IPGK, header ROM version 0)",/a/1/6/9,equal,109,109,,,bcc0c55df3267e3975df0e0531668ac7efd99b363cb34c07cb6ea1478102d059,bcc0c55df3267e3975df0e0531668ac7efd99b363cb34c07cb6ea1478102d059,20,20,,
"포켓몬스터 하트골드 (Korea, IPKK, header ROM version 0)","포켓몬스터 소울실버 (Korea, IPGK, header ROM version 0)",/a/1/6/9,equal,110,110,,,fb3ee1165b5ca1c0f483b5109dfa339624b4aac0af49fcc886337248673cc79f,fb3ee1165b5ca1c0f483b5109dfa339624b4aac0af49fcc886337248673cc79f,20,20,,
"포켓몬스터 하트골드 (Korea, IPKK, header ROM version 0)","포켓몬스터 소울실버 (Korea, IPGK, header ROM version 0)",/a/1/6/9,equal,111,111,,,afcb325f9424e2517920e3001fa50dd6c11d0c19dbca829ba3c13f31cc74c101,afcb325f9424e2517920e3001fa50dd6c11d0c19dbca829ba3c13f31cc74c101,20,20,,
"포켓몬스터 하트골드 (Korea, IPKK, header ROM version 0)","포켓몬스터 소울실버 (Korea, IPGK, header ROM version 0)",/a/1/6/9,equal,112,112,,,4ffd76ff14a1054df322227162aaa11b600440ac0601efcbde26a1fea0ac91db,4ffd76ff14a1054df322227162aaa11b600440ac0601efcbde26a1fea0ac91db,20,20,,
"포켓몬스터 하트골드 (Korea, IPKK, header ROM version 0)","포켓몬스터 소울실버 (Korea, IPGK, header ROM version 0)",/a/1/6/9,equal,113,113,,,4bb682fc641ca040b0f09ed93af5cb019db915a81de33425ce7e68d708eac14d,4bb682fc641ca040b0f09ed93af5cb019db915a81de33425ce7e68d708eac14d,20,20,,
"포켓몬스터 하트골드 (Korea, IPKK, header ROM version 0)","포켓몬스터 소울실버 (Korea, IPGK, header ROM version 0)",/a/1/6/9,equal,114,114,,,1b45a11cb9d6ab3eb8eee7edfad670b3abaaf36eeb106a9f1613ffe919db97ea,1b45a11cb9d6ab3eb8eee7edfad670b3abaaf36eeb106a9f1613ffe919db97ea,20,20,,
"포켓몬스터 하트골드 (Korea, IPKK, header ROM version 0)","포켓몬스터 소울실버 (Korea, IPGK, header ROM version 0)",/a/1/6/9,equal,115,115,,,30e1cffca31a70bd6952f57c39a00cfc1e2f341b6e9406690331ba3d163426da,30e1cffca31a70bd6952f57c39a00cfc1e2f341b6e9406690331ba3d163426da,20,20,,
"포켓몬스터 하트골드 (Korea, IPKK, header ROM version 0)","포켓몬스터 소울실버 (Korea, IPGK, header ROM version 0)",/a/1/6/9,equal,116,116,,,30344292c2bdbe9a03f8b26b6a7948c632650e4b4ba4045c782be8ea506e75a9,30344292c2bdbe9a03f8b26b6a7948c632650e4b4ba4045c782be8ea506e75a9,20,20,,
"포켓몬스터 하트골드 (Korea, IPKK, header ROM version 0)","포켓몬스터 소울실버 (Korea, IPGK, header ROM version 0)",/a/1/6/9,equal,117,117,,,1f6cc623413c2bab12912cd8578fb826299d30b396d4efadc4987f8a3124e3df,1f6cc623413c2bab12912cd8578fb826299d30b396d4efadc4987f8a3124e3df,20,20,,
"포켓몬스터 하트골드 (Korea, IPKK, header ROM version 0)","포켓몬스터 소울실버 (Korea, IPGK, header ROM version 0)",/a/1/6/9,equal,118,118,,,ca50289a9261435510262988f6cc67a497c1d742acc411c4081ed68fcc8f2de3,ca50289a9261435510262988f6cc67a497c1d742acc411c4081ed68fcc8f2de3,20,20,,
"포켓몬스터 하트골드 (Korea, IPKK, header ROM version 0)","포켓몬스터 소울실버 (Korea, IPGK, header ROM version 0)",/a/1/6/9,equal,119,119,,,3b5e02d0e916b00b5c140e57c7376550604c908c5c685b61edb24010053e97c5,3b5e02d0e916b00b5c140e57c7376550604c908c5c685b61edb24010053e97c5,20,20,,
"포켓몬스터 하트골드 (Korea, IPKK, header ROM version 0)","포켓몬스터 소울실버 (Korea, IPGK, header ROM version 0)",/a/1/6/9,equal,120,120,,,78df63bc2ad875abd2ed1693a21e6e1ae3295c9d65c7c9634c3a9609c2e80589,78df63bc2ad875abd2ed1693a21e6e1ae3295c9d65c7c9634c3a9609c2e80589,20,20,,
"포켓몬스터 하트골드 (Korea, IPKK, header ROM version 0)","포켓몬스터 소울실버 (Korea, IPGK, header ROM version 0)",/a/1/6/9,equal,121,121,,,c9bced5abbd523cbf1356e96d77db5cdfb56e2e2ebabbe68eace30ae7d0273c1,c9bced5abbd523cbf1356e96d77db5cdfb56e2e2ebabbe68eace30ae7d0273c1,20,20,,
"포켓몬스터 하트골드 (Korea, IPKK, header ROM version 0)","포켓몬스터 소울실버 (Korea, IPGK, header ROM version 0)",/a/1/6/9,equal,122,122,,,94fbf18ad2da494cb72332be94dc485e67e86562e746e2a817d35bb14517def9,94fbf18ad2da494cb72332be94dc485e67e86562e746e2a817d35bb14517def9,20,20,,
"포켓몬스터 하트골드 (Korea, IPKK, header ROM version 0)","포켓몬스터 소울실버 (Korea, IPGK, header ROM version 0)",/a/1/6/9,equal,123,123,,,67025b32278ad6653356b3aebdf3d2d8c9721ed260e3a817445db619b009e2d3,67025b32278ad6653356b3aebdf3d2d8c9721ed260e3a817445db619b009e2d3,20,20,,
"포켓몬스터 하트골드 (Korea, IPKK, header ROM version 0)","포켓몬스터 소울실버 (Korea, IPGK, header ROM version 0)",/a/1/6/9,equal,124,124,,,c978bb13066315fe4d20f63440a0ebca6d114084ec3d8e9e7c9bfed666b41b38,c978bb13066315fe4d20f63440a0ebca6d114084ec3d8e9e7c9bfed666b41b38,20,20,,
"포켓몬스터 하트골드 (Korea, IPKK, header ROM version 0)","포켓몬스터 소울실버 (Korea, IPGK, header ROM version 0)",/a/1/6/9,equal,125,125,,,d89d7aed4475c7e59e880e51138ae1c9a70a7e1c956e1d91f5983729b76318b0,d89d7aed4475c7e59e880e51138ae1c9a70a7e1c956e1d91f5983729b76318b0,20,20,,
"포켓몬스터 하트골드 (Korea, IPKK, header ROM version 0)","포켓몬스터 소울실버 (Korea, IPGK, header ROM version 0)",/a/1/6/9,equal,126,126,,,0e9afca7ca37d3beef8e7a1bbf38fe7e8637743ed37420e19e62a85ffac5543a,0e9afca7ca37d3beef8e7a1bbf38fe7e8637743ed37420e19e62a85ffac5543a,20,20,,
"포켓몬스터 하트골드 (Korea, IPKK, header ROM version 0)","포켓몬스터 소울실버 (Korea, IPGK, header ROM version 0)",/a/1/6/9,equal,127,127,,,112711c964cf306dfb1bfeb7e5961e9732563c5b6ca07b0a6997b0f6afd6563b,112711c964cf306dfb1bfeb7e5961e9732563c5b6ca07b0a6997b0f6afd6563b,20,20,,
"포켓몬스터 하트골드 (Korea, IPKK, header ROM version 0)","포켓몬스터 소울실버 (Korea, IPGK, header ROM version 0)",/a/1/6/9,equal,128,128,,,7c2a8f5434658aa3835d046f4c166e2900f22dfa56e15d69b871c224f764d1ae,7c2a8f5434658aa3835d046f4c166e2900f22dfa56e15d69b871c224f764d1ae,20,20,,
"포켓몬스터 하트골드 (Korea, IPKK, header ROM version 0)","포켓몬스터 소울실버 (Korea, IPGK, header ROM version 0)",/a/1/6/9,equal,129,129,,,be2f74ff56f44ece7adac2a10596db619ca1147dcdeb7aa1d038e26763e67bd6,be2f74ff56f44ece7adac2a10596db619ca1147dcdeb7aa1d038e26763e67bd6,20,20,,
"포켓몬스터 하트골드 (Korea, IPKK, header ROM version 0)","포켓몬스터 소울실버 (Korea, IPGK, header ROM version 0)",/a/1/6/9,equal,130,130,,,95543fd99e7a3677978434ab681bbe1e3612a5a9a8a16ef9fbabd42931ae2882,95543fd99e7a3677978434ab681bbe1e3612a5a9a8a16ef9fbabd42931ae2882,20,20,,
"포켓몬스터 하트골드 (Korea, IPKK, header ROM version 0)","포켓몬스터 소울실버 (Korea, IPGK, header ROM version 0)",/a/1/6/9,equal,131,131,,,4fa7999f7dfd6b531701f11bf1bf5d8c99a13b25ada8d6723bfadb7efa896ebf,4fa7999f7dfd6b531701f11bf1bf5d8c99a13b25ada8d6723bfadb7efa896ebf,20,20,,
"포켓몬스터 하트골드 (Korea, IPKK, header ROM version 0)","포켓몬스터 소울실버 (Korea, IPGK, header ROM version 0)",/a/1/6/9,equal,132,132,,,3ae793e64276c51bb3a68d79df630b3dee6be2c3aa079341171650e8648a0b93,3ae793e64276c51bb3a68d79df630b3dee6be2c3aa079341171650e8648a0b93,20,20,,
"포켓몬스터 하트골드 (Korea, IPKK, header ROM version 0)","포켓몬스터 소울실버 (Korea, IPGK, header ROM version 0)",/a/1/6/9,equal,133,133,,,7a9c0a5aac9f77f497998a00e60582f0704dab03f8950deb91733b6619dd6fb8,7a9c0a5aac9f77f497998a00e60582f0704dab03f8950deb91733b6619dd6fb8,20,20,,
"포켓몬스터 하트골드 (Korea, IPKK, header ROM version 0)","포켓몬스터 소울실버 (Korea, IPGK, header ROM version 0)",/a/1/6/9,equal,134,134,,,427d7906af05039d1306abe89d790e64a0c52dac99af486d4daf9841e3aee664,427d7906af05039d1306abe89d790e64a0c52dac99af486d4daf9841e3aee664,20,20,,
"포켓몬스터 하트골드 (Korea, IPKK, header ROM version 0)","포켓몬스터 소울실버 (Korea, IPGK, header ROM version 0)",/a/1/6/9,equal,135,135,,,4c7ab8b484d54604a9883fa6b4d44db1eba880741dae391ac90e7904136b0e03,4c7ab8b484d54604a9883fa6b4d44db1eba880741dae391ac90e7904136b0e03,20,20,,
"포켓몬스터 하트골드 (Korea, IPKK, header ROM version 0)","포켓몬스터 소울실버 (Korea, IPGK, header ROM version 0)",/a/1/6/9,equal,136,136,,,9e6009dcb6f46054313c8ba9e1ca7c964d7fd1da89791b4bdddbe47e9555af28,9e6009dcb6f46054313c8ba9e1ca7c964d7fd1da89791b4bdddbe47e9555af28,20,20,,
"포켓몬스터 하트골드 (Korea, IPKK, header ROM version 0)","포켓몬스터 소울실버 (Korea, IPGK, header ROM version 0)",/a/1/6/9,equal,137,137,,,3d0682236b3cefede72ee206317b32705a54123545062f55937463abfea5f597,3d0682236b3cefede72ee206317b32705a54123545062f55937463abfea5f597,20,20,,
"포켓몬스터 하트골드 (Korea, IPKK, header ROM version 0)","포켓몬스터 소울실버 (Korea, IPGK, header ROM version 0)",/a/1/6/9,equal,138,138,,,c757b017e8417c8c1134791f35641e8f10495d4ea0c5a1f664940d22c6d57eea,c757b017e8417c8c1134791f35641e8f10495d4ea0c5a1f664940d22c6d57eea,20,20,,
"포켓몬스터 하트골드 (Korea, IPKK, header ROM version 0)","포켓몬스터 소울실버 (Korea, IPGK, header ROM version 0)",/a/1/6/9,equal,139,139,,,8e702bb6a9b1a93a895c0b889351e2e2a13373f2d387cbce9faeb4b459e9d778,8e702bb6a9b1a93a895c0b889351e2e2a13373f2d387cbce9faeb4b459e9d778,20,20,,
"포켓몬스터 하트골드 (Korea, IPKK, header ROM version 0)","포켓몬스터 소울실버 (Korea, IPGK, header ROM version 0)",/a/1/6/9,equal,140,140,,,b252d8750ca2b6b24a414e80f250d4610dc2813b122c353ca0b13f2749858266,b252d8750ca2b6b24a414e80f250d4610dc2813b122c353ca0b13f2749858266,20,20,,
"포켓몬스터 하트골드 (Korea, IPKK, header ROM version 0)","포켓몬스터 소울실버 (Korea, IPGK, header ROM version 0)",/a/1/6/9,equal,141,141,,,21e765fc01d7463606b2785cc5ea259d02623eaf7bc59f1c0c192b794a8925a6,21e765fc01d7463606b2785cc5ea259d02623eaf7bc59f1c0c192b794a8925a6,20,20,,
"포켓몬스터 하트골드 (Korea, IPKK, header ROM version 0)","포켓몬스터 소울실버 (Korea, IPGK, header ROM version 0)",/a/1/6/9,equal,142,142,,,f85f36e52e3074dd632bb4bc2c43e118b89f93731c9a1001aaeae44d9c7f177c,f85f36e52e3074dd632bb4bc2c43e118b89f93731c9a1001aaeae44d9c7f177c,20,20,,
"포켓몬스터 하트골드 (Korea, IPKK, header ROM version 0)","포켓몬스터 소울실버 (Korea, IPGK, header ROM version 0)",/a/1/6/9,equal,143,143,,,97e333e29245212451f2d2067b6b3c99cc8d945de95c2d9e9b3f7d05934400d1,97e333e29245212451f2d2067b6b3c99cc8d945de95c2d9e9b3f7d05934400d1,20,20,,
"포켓몬스터 하트골드 (Korea, IPKK, header ROM version 0)","포켓몬스터 소울실버 (Korea, IPGK, header ROM version 0)",/a/1/6/9,equal,144,144,,,64dad33b4481280aef9d70f64af0ee78116a252acd7f0fae85d54e3ecc5e5f03,64dad33b4481280aef9d70f64af0ee78116a252acd7f0fae85d54e3ecc5e5f03,20,20,,
"포켓몬스터 하트골드 (Korea, IPKK, header ROM version 0)","포켓몬스터 소울실버 (Korea, IPGK, header ROM version 0)",/a/1/6/9,equal,145,145,,,126fe59709a3986cb0223fb691137a06b8c771d2392fe3e2717956a7fc3bb368,126fe59709a3986cb0223fb691137a06b8c771d2392fe3e2717956a7fc3bb368,20,20,,
"포켓몬스터 하트골드 (Korea, IPKK, header ROM version 0)","포켓몬스터 소울실버 (Korea, IPGK, header ROM version 0)",/a/1/6/9,equal,146,146,,,938b8f9575cbc2df93d116e3e3e3d8f8fbd77d24ee39ea334860a0a277787e82,938b8f9575cbc2df93d116e3e3e3d8f8fbd77d24ee39ea334860a0a277787e82,20,20,,
"포켓몬스터 하트골드 (Korea, IPKK, header ROM version 0)","포켓몬스터 소울실버 (Korea, IPGK, header ROM version 0)",/a/1/6/9,equal,147,147,,,5993480dca27e695bbec59e3cf84d4cd4e1ac45f5fa976c5c8bc49e19ad17709,5993480dca27e695bbec59e3cf84d4cd4e1ac45f5fa976c5c8bc49e19ad17709,20,20,,
"포켓몬스터 하트골드 (Korea, IPKK, header ROM version 0)","포켓몬스터 소울실버 (Korea, IPGK, header ROM version 0)",/a/1/6/9,equal,148,148,,,fd497b5d7d934787bfffff98d520c2b38f8fdc8fda2a24b24a60dcb19018a1f4,fd497b5d7d934787bfffff98d520c2b38f8fdc8fda2a24b24a60dcb19018a1f4,20,20,,
"포켓몬스터 하트골드 (Korea, IPKK, header ROM version 0)","포켓몬스터 소울실버 (Korea, IPGK, header ROM version 0)",/a/1/6/9,equal,149,149,,,7aa09e3c8054beaec0d97477d0838a95ac2da762378a879b4c0eccca71923dc5,7aa09e3c8054beaec0d97477d0838a95ac2da762378a879b4c0eccca71923dc5,20,20,,
"포켓몬스터 하트골드 (Korea, IPKK, header ROM version 0)","포켓몬스터 소울실버 (Korea, IPGK, header ROM version 0)",/a/1/6/9,equal,150,150,,,9403124266bda566d11a3258a0edb1ed782b8f77bd9fd68bfc371a697a889676,9403124266bda566d11a3258a0edb1ed782b8f77bd9fd68bfc371a697a889676,20,20,,
"포켓몬스터 하트골드 (Korea, IPKK, header ROM version 0)","포켓몬스터 소울실버 (Korea, IPGK, header ROM version 0)",/a/1/6/9,equal,151,151,,,36af72c7ac7808765af5f1e7acc975663d55d5d9af177f817eb9a0bbb3f1b4f4,36af72c7ac7808765af5f1e7acc975663d55d5d9af177f817eb9a0bbb3f1b4f4,20,20,,
"포켓몬스터 하트골드 (Korea, IPKK, header ROM version 0)","포켓몬스터 소울실버 (Korea, IPGK, header ROM version 0)",/a/1/6/9,equal,152,152,,,ce1574353b3d17ab0de229be2a46b0b212addb6fffbd0e95dc9cf0e05d835e37,ce1574353b3d17ab0de229be2a46b0b212addb6fffbd0e95dc9cf0e05d835e37,20,20,,
"포켓몬스터 하트골드 (Korea, IPKK, header ROM version 0)","포켓몬스터 소울실버 (Korea, IPGK, header ROM version 0)",/a/1/6/9,equal,153,153,,,0df4db3373998b9affe3eb7126b68500e611e35bd8997de694f801ceb8710b26,0df4db3373998b9affe3eb7126b68500e611e35bd8997de694f801ceb8710b26,20,20,,
"포켓몬스터 하트골드 (Korea, IPKK, header ROM version 0)","포켓몬스터 소울실버 (Korea, IPGK, header ROM version 0)",/a/1/6/9,equal,154,154,,,f1c9a47c6c6489c272f0058ee715f47156ee5fdc1c5b5bf16a4beefa2a5fb038,f1c9a47c6c6489c272f0058ee715f47156ee5fdc1c5b5bf16a4beefa2a5fb038,20,20,,
"포켓몬스터 하트골드 (Korea, IPKK, header ROM version 0)","포켓몬스터 소울실버 (Korea, IPGK, header ROM version 0)",/a/1/6/9,equal,155,155,,,216edb5310a8e6f4856ef9bb576e24a17985316071892256d50f81482b13d299,216edb5310a8e6f4856ef9bb576e24a17985316071892256d50f81482b13d299,20,20,,
"포켓몬스터 하트골드 (Korea, IPKK, header ROM version 0)","포켓몬스터 소울실버 (Korea, IPGK, header ROM version 0)",/a/1/6/9,equal,156,156,,,f47922c986ddeec466ff01b0b98d6b95e84a1a80900670ce79549bc500f7b2d4,f47922c986ddeec466ff01b0b98d6b95e84a1a80900670ce79549bc500f7b2d4,20,20,,
"포켓몬스터 하트골드 (Korea, IPKK, header ROM version 0)","포켓몬스터 소울실버 (Korea, IPGK, header ROM version 0)",/a/1/6/9,equal,157,157,,,4bb73fee139f4b09a7311a2a62baffd369c5589556bd702cd0fc08debce98a14,4bb73fee139f4b09a7311a2a62baffd369c5589556bd702cd0fc08debce98a14,20,20,,
"포켓몬스터 하트골드 (Korea, IPKK, header ROM version 0)","포켓몬스터 소울실버 (Korea, IPGK, header ROM version 0)",/a/1/6/9,equal,158,158,,,99999bd40c230788ff3c01871699cd7ffc1929509cd299acc570acf7f9fb98df,99999bd40c230788ff3c01871699cd7ffc1929509cd299acc570acf7f9fb98df,20,20,,
"포켓몬스터 하트골드 (Korea, IPKK, header ROM version 0)","포켓몬스터 소울실버 (Korea, IPGK, header ROM version 0)",/a/1/6/9,equal,159,159,,,fed2edabdba38fa81498c6388a248c835f221ed25b2de7321b50c86a5ff77d4d,fed2edabdba38fa81498c6388a248c835f221ed25b2de7321b50c86a5ff77d4d,20,20,,
"포켓몬스터 하트골드 (Korea, IPKK, header ROM version 0)","포켓몬스터 소울실버 (Korea, IPGK, header ROM version 0)",/a/1/6/9,equal,160,160,,,3a30cb977b9f4696d73958481f7f24f37379f71abe87609e01a1a11019a907c1,3a30cb977b9f4696d73958481f7f24f37379f71abe87609e01a1a11019a907c1,20,20,,
"포켓몬스터 하트골드 (Korea, IPKK, header ROM version 0)","포켓몬스터 소울실버 (Korea, IPGK, header ROM version 0)",/a/1/6/9,equal,161,161,,,435e1558d596a6cd704b70a5789e6edfcf7cecc9257a26f342e0ead6d541c073,435e1558d596a6cd704b70a5789e6edfcf7cecc9257a26f342e0ead6d541c073,20,20,,
"포켓몬스터 하트골드 (Korea, IPKK, header ROM version 0)","포켓몬스터 소울실버 (Korea, IPGK, header ROM version 0)",/a/1/6/9,equal,162,162,,,68911d2c2bb826c8f404c6033f3e91bd26016f5954bea5a43c533131ef925a37,68911d2c2bb826c8f404c6033f3e91bd26016f5954bea5a43c533131ef925a37,20,20,,
"포켓몬스터 하트골드 (Korea, IPKK, header ROM version 0)","포켓몬스터 소울실버 (Korea, IPGK, header ROM version 0)",/a/1/6/9,equal,163,163,,,494a34e9044adddccd7f846d9549570c1a3ef3f3c142f0f4c70f02c2bed22963,494a34e9044adddccd7f846d9549570c1a3ef3f3c142f0f4c70f02c2bed22963,20,20,,
"포켓몬스터 하트골드 (Korea, IPKK, header ROM version 0)","포켓몬스터 소울실버 (Korea, IPGK, header ROM version 0)",/a/1/6/9,equal,164,164,,,552d97f0ed7626a23c227c0379a980934abc31a2c6645ae5a003a2ffa82cfe55,552d97f0ed7626a23c227c0379a980934abc31a2c6645ae5a003a2ffa82cfe55,20,20,,
"포켓몬스터 하트골드 (Korea, IPKK, header ROM version 0)","포켓몬스터 소울실버 (Korea, IPGK, header ROM version 0)",/a/1/6/9,equal,165,165,,,55459019d7b05bcec220b6202ef100d2be35592b2d9a2d577a3f5a90555773c3,55459019d7b05bcec220b6202ef100d2be35592b2d9a2d577a3f5a90555773c3,20,20,,
"포켓몬스터 하트골드 (Korea, IPKK, header ROM version 0)","포켓몬스터 소울실버 (Korea, IPGK, header ROM version 0)",/a/1/6/9,equal,166,166,,,e9aabcae00d078ebaac9af65c37853529eaea5877ce40b0cbac713b9e86bdffd,e9aabcae00d078ebaac9af65c37853529eaea5877ce40b0cbac713b9e86bdffd,20,20,,
"포켓몬스터 하트골드 (Korea, IPKK, header ROM version 0)","포켓몬스터 소울실버 (Korea, IPGK, header ROM version 0)",/a/1/6/9,equal,167,167,,,c1b7db22f08c770f454a914d4e0fbc5e7cee3f7a0c144d3584334ff46e204da5,c1b7db22f08c770f454a914d4e0fbc5e7cee3f7a0c144d3584334ff46e204da5,20,20,,
"포켓몬스터 하트골드 (Korea, IPKK, header ROM version 0)","포켓몬스터 소울실버 (Korea, IPGK, header ROM version 0)",/a/1/6/9,equal,168,168,,,af8805617511954c4a89bc67d0cdf48aaa84830090378311efdb19463713cf1c,af8805617511954c4a89bc67d0cdf48aaa84830090378311efdb19463713cf1c,20,20,,
"포켓몬스터 하트골드 (Korea, IPKK, header ROM version 0)","포켓몬스터 소울실버 (Korea, IPGK, header ROM version 0)",/a/1/6/9,equal,169,169,,,45ac5140f078a45b140fae9ec1cd6c40fa7bff748271d72af3fceb8b391fe3a2,45ac5140f078a45b140fae9ec1cd6c40fa7bff748271d72af3fceb8b391fe3a2,20,20,,
"포켓몬스터 하트골드 (Korea, IPKK, header ROM version 0)","포켓몬스터 소울실버 (Korea, IPGK, header ROM version 0)",/a/1/6/9,equal,170,170,,,0bf889c7a5246b0e5ac0afe4d4b4801b8e37e7ed5be943d3d72ca753c6557f16,0bf889c7a5246b0e5ac0afe4d4b4801b8e37e7ed5be943d3d72ca753c6557f16,20,20,,
"포켓몬스터 하트골드 (Korea, IPKK, header ROM version 0)","포켓몬스터 소울실버 (Korea, IPGK, header ROM version 0)",/a/1/6/9,equal,171,171,,,42dfbd6bc98bc0fa08be9effe33f91bfed964b539bb72c17ec894c4e081304eb,42dfbd6bc98bc0fa08be9effe33f91bfed964b539bb72c17ec894c4e081304eb,20,20,,
"포켓몬스터 하트골드 (Korea, IPKK, header ROM version 0)","포켓몬스터 소울실버 (Korea, IPGK, header ROM version 0)",/a/1/6/9,equal,172,172,,,e732cba53639a1851ff6d2023dc4dced29db3394b2aef9469d53c9f6c953dc90,e732cba53639a1851ff6d2023dc4dced29db3394b2aef9469d53c9f6c953dc90,20,20,,
"포켓몬스터 하트골드 (Korea, IPKK, header ROM version 0)","포켓몬스터 소울실버 (Korea, IPGK, header ROM version 0)",/a/1/6/9,equal,173,173,,,cd2dad6e47012f97d0138ceea7d025509ffdca3bd2d01fdd43941100ebaf4f74,cd2dad6e47012f97d0138ceea7d025509ffdca3bd2d01fdd43941100ebaf4f74,20,20,,
"포켓몬스터 하트골드 (Korea, IPKK, header ROM version 0)","포켓몬스터 소울실버 (Korea, IPGK, header ROM version 0)",/a/1/6/9,equal,174,174,,,cecdb4cd991814caeaeff4603239e9018225236be53ad7c6305d004984ba9ecb,cecdb4cd991814caeaeff4603239e9018225236be53ad7c6305d004984ba9ecb,20,20,,
"포켓몬스터 하트골드 (Korea, IPKK, header ROM version 0)","포켓몬스터 소울실버 (Korea, IPGK, header ROM version 0)",/a/1/6/9,equal,175,175,,,548d164b5fedfc6a51cb6855e34dc2a962001a70bb242c7f52be76ac12cb8410,548d164b5fedfc6a51cb6855e34dc2a962001a70bb242c7f52be76ac12cb8410,20,20,,
"포켓몬스터 하트골드 (Korea, IPKK, header ROM version 0)","포켓몬스터 소울실버 (Korea, IPGK, header ROM version 0)",/a/1/6/9,equal,176,176,,,bc8646b41e221680563cf690307c0c282388bdbe70b7e08563619a4156187daa,bc8646b41e221680563cf690307c0c282388bdbe70b7e08563619a4156187daa,20,20,,
"포켓몬스터 하트골드 (Korea, IPKK, header ROM version 0)","포켓몬스터 소울실버 (Korea, IPGK, header ROM version 0)",/a/1/6/9,equal,177,177,,,e76621c7be962579de1057334a6182073395c8330d433264ac5db7686a176146,e76621c7be962579de1057334a6182073395c8330d433264ac5db7686a176146,20,20,,
"포켓몬스터 하트골드 (Korea, IPKK, header ROM version 0)","포켓몬스터 소울실버 (Korea, IPGK, header ROM version 0)",/a/1/6/9,equal,178,178,,,b69d3a3222340775da66049b0610b4d1195f47dedcdc6eee08a7dcde3f05643f,b69d3a3222340775da66049b0610b4d1195f47dedcdc6eee08a7dcde3f05643f,20,20,,
"포켓몬스터 하트골드 (Korea, IPKK, header ROM version 0)","포켓몬스터 소울실버 (Korea, IPGK, header ROM version 0)",/a/1/6/9,equal,179,179,,,4f9b0d0c9c8d19a87fc352590ae6ea9a44db5fbd5b6456b4e2a3dde7a75a71fb,4f9b0d0c9c8d19a87fc352590ae6ea9a44db5fbd5b6456b4e2a3dde7a75a71fb,20,20,,
"포켓몬스터 하트골드 (Korea, IPKK, header ROM version 0)","포켓몬스터 소울실버 (Korea, IPGK, header ROM version 0)",/a/1/6/9,equal,180,180,,,e3ee8938ab7f2e48aadecfc1021a8981e985388a7feed2dd281c8dd48862d50c,e3ee8938ab7f2e48aadecfc1021a8981e985388a7feed2dd281c8dd48862d50c,20,20,,
"포켓몬스터 하트골드 (Korea, IPKK, header ROM version 0)","포켓몬스터 소울실버 (Korea, IPGK, header ROM version 0)",/a/1/6/9,equal,181,181,,,25da98519fa430ac72c5c85123753ff6724352b621569c11bc9be6714fb09939,25da98519fa430ac72c5c85123753ff6724352b621569c11bc9be6714fb09939,20,20,,
"포켓몬스터 하트골드 (Korea, IPKK, header ROM version 0)","포켓몬스터 소울실버 (Korea, IPGK, header ROM version 0)",/a/1/6/9,equal,182,182,,,e68d70349a228e9fcccf92994d1d9f1b6ad18b533338057635e3981936a499d3,e68d70349a228e9fcccf92994d1d9f1b6ad18b533338057635e3981936a499d3,20,20,,
"포켓몬스터 하트골드 (Korea, IPKK, header ROM version 0)","포켓몬스터 소울실버 (Korea, IPGK, header ROM version 0)",/a/1/6/9,equal,183,183,,,4bb73fee139f4b09a7311a2a62baffd369c5589556bd702cd0fc08debce98a14,4bb73fee139f4b09a7311a2a62baffd369c5589556bd702cd0fc08debce98a14,20,20,,
"포켓몬스터 하트골드 (Korea, IPKK, header ROM version 0)","포켓몬스터 소울실버 (Korea, IPGK, header ROM version 0)",/a/1/6/9,equal,184,184,,,f09d8042e04e982b5f086b03a818a26e12bf3be7bb4345012a6e5d56d43c65be,f09d8042e04e982b5f086b03a818a26e12bf3be7bb4345012a6e5d56d43c65be,20,20,,
"포켓몬스터 하트골드 (Korea, IPKK, header ROM version 0)","포켓몬스터 소울실버 (Korea, IPGK, header ROM version 0)",/a/1/6/9,equal,185,185,,,54d8ca518d300f7063634527781dd935a2458d0acf9456804ebffb74f279a02a,54d8ca518d300f7063634527781dd935a2458d0acf9456804ebffb74f279a02a,20,20,,
"포켓몬스터 하트골드 (Korea, IPKK, header ROM version 0)","포켓몬스터 소울실버 (Korea, IPGK, header ROM version 0)",/a/1/6/9,equal,186,186,,,66387e92012787884465353775c1af8762c762ea7b0e6de34d8543df93621b18,66387e92012787884465353775c1af8762c762ea7b0e6de34d8543df93621b18,20,20,,
"포켓몬스터 하트골드 (Korea, IPKK, header ROM version 0)","포켓몬스터 소울실버 (Korea, IPGK, header ROM version 0)",/a/1/6/9,equal,187,187,,,c36dace06d0f5d35339554e46c7bdce7071a47340d622aba560a1db7fc24fe77,c36dace06d0f5d35339554e46c7bdce7071a47340d622aba560a1db7fc24fe77,20,20,,
"포켓몬스터 하트골드 (Korea, IPKK, header ROM version 0)","포켓몬스터 소울실버 (Korea, IPGK, header ROM version 0)",/a/1/6/9,equal,188,188,,,b7f17392adfd3f084daec859cbb6d7f3c3f975d94beb90536547130293d97df0,b7f17392adfd3f084daec859cbb6d7f3c3f975d94beb90536547130293d97df0,20,20,,
"포켓몬스터 하트골드 (Korea, IPKK, header ROM version 0)","포켓몬스터 소울실버 (Korea, IPGK, header ROM version 0)",/a/1/6/9,equal,189,189,,,57c9c5940b845e691cd31878bf0270199511ed9f4ce50d4e0905acc1c97377c6,57c9c5940b845e691cd31878bf0270199511ed9f4ce50d4e0905acc1c97377c6,20,20,,
"포켓몬스터 하트골드 (Korea, IPKK, header ROM version 0)","포켓몬스터 소울실버 (Korea, IPGK, header ROM version 0)",/a/1/6/9,equal,190,190,,,b68ed7a0fc8ca7b5e7873a1d710f5aefb4840254c178e35092475b5a36224356,b68ed7a0fc8ca7b5e7873a1d710f5aefb4840254c178e35092475b5a36224356,20,20,,
"포켓몬스터 하트골드 (Korea, IPKK, header ROM version 0)","포켓몬스터 소울실버 (Korea, IPGK, header ROM version 0)",/a/1/6/9,equal,191,191,,,15dcf8bb4eb130fa26b1ebb1da45d40be1b72cebbd34914a6007f802cfabe0aa,15dcf8bb4eb130fa26b1ebb1da45d40be1b72cebbd34914a6007f802cfabe0aa,20,20,,
"포켓몬스터 하트골드 (Korea, IPKK, header ROM version 0)","포켓몬스터 소울실버 (Korea, IPGK, header ROM version 0)",/a/1/6/9,equal,192,192,,,9396fa88c26eb2d2c2f8305789a3c02ae3a4305b50598a29a7e545fd832e8184,9396fa88c26eb2d2c2f8305789a3c02ae3a4305b50598a29a7e545fd832e8184,20,20,,
"포켓몬스터 하트골드 (Korea, IPKK, header ROM version 0)","포켓몬스터 소울실버 (Korea, IPGK, header ROM version 0)",/a/1/6/9,equal,193,193,,,af701dbbec75c90c2830d4b15e8089946948724b121df497a785a93f9e2f6c2c,af701dbbec75c90c2830d4b15e8089946948724b121df497a785a93f9e2f6c2c,20,20,,
"포켓몬스터 하트골드 (Korea, IPKK, header ROM version 0)","포켓몬스터 소울실버 (Korea, IPGK, header ROM version 0)",/a/1/6/9,equal,194,194,,,20ce85ca5f629d6ba74a9376fcfd739facb261a2582c8ab4b426abba4e99e11e,20ce85ca5f629d6ba74a9376fcfd739facb261a2582c8ab4b426abba4e99e11e,20,20,,
"포켓몬스터 하트골드 (Korea, IPKK, header ROM version 0)","포켓몬스터 소울실버 (Korea, IPGK, header ROM version 0)",/a/1/6/9,equal,195,195,,,241329e0d51d7f63f94d4cf0abf266a734bc2bfb088099b2ea76cf619d0c596a,241329e0d51d7f63f94d4cf0abf266a734bc2bfb088099b2ea76cf619d0c596a,20,20,,
"포켓몬스터 하트골드 (Korea, IPKK, header ROM version 0)","포켓몬스터 소울실버 (Korea, IPGK, header ROM version 0)",/a/1/6/9,equal,196,196,,,1111065ef0cfe3f95cb0606e2dd6688a92472b22dd8cb95be62086f670a829a4,1111065ef0cfe3f95cb0606e2dd6688a92472b22dd8cb95be62086f670a829a4,20,20,,
"포켓몬스터 하트골드 (Korea, IPKK, header ROM version 0)","포켓몬스터 소울실버 (Korea, IPGK, header ROM version 0)",/a/1/6/9,equal,197,197,,,0cb3872c6f8100b21c44f2b7266a4a87d85e8c09a2750f40762e72465346c9f9,0cb3872c6f8100b21c44f2b7266a4a87d85e8c09a2750f40762e72465346c9f9,20,20,,
"포켓몬스터 하트골드 (Korea, IPKK, header ROM version 0)","포켓몬스터 소울실버 (Korea, IPGK, header ROM version 0)",/a/1/6/9,equal,198,198,,,cbb1222ded80a78a75991388018b1fbd9ec558c81908d98c2af931534228bfc7,cbb1222ded80a78a75991388018b1fbd9ec558c81908d98c2af931534228bfc7,20,20,,
"포켓몬스터 하트골드 (Korea, IPKK, header ROM version 0)","포켓몬스터 소울실버 (Korea, IPGK, header ROM version 0)",/a/1/6/9,equal,199,199,,,45bd27a464c77ee05f661da709959faf32cb699c52a9cbc6f31c12cbd8c140f8,45bd27a464c77ee05f661da709959faf32cb699c52a9cbc6f31c12cbd8c140f8,20,20,,
"포켓몬스터 하트골드 (Korea, IPKK, header ROM version 0)","포켓몬스터 소울실버 (Korea, IPGK, header ROM version 0)",/a/1/6/9,equal,200,200,,,2e0982307f8f9abef02c663f95cafac3ea7c05ef59364760877d71cf980b3e99,2e0982307f8f9abef02c663f95cafac3ea7c05ef59364760877d71cf980b3e99,20,20,,
"포켓몬스터 하트골드 (Korea, IPKK, header ROM version 0)","포켓몬스터 소울실버 (Korea, IPGK, header ROM version 0)",/a/1/6/9,equal,201,201,,,101d6fde834d9ad5bd5978efc06e4a98ba679c65765773d0be141066dff424dd,101d6fde834d9ad5bd5978efc06e4a98ba679c65765773d0be141066dff424dd,20,20,,
"포켓몬스터 하트골드 (Korea, IPKK, header ROM version 0)","포켓몬스터 소울실버 (Korea, IPGK, header ROM version 0)",/a/1/6/9,equal,202,202,,,101d6fde834d9ad5bd5978efc06e4a98ba679c65765773d0be141066dff424dd,101d6fde834d9ad5bd5978efc06e4a98ba679c65765773d0be141066dff424dd,20,20,,
"포켓몬스터 하트골드 (Korea, IPKK, header ROM version 0)","포켓몬스터 소울실버 (Korea, IPGK, header ROM version 0)",/a/1/6/9,equal,203,203,,,101d6fde834d9ad5bd5978efc06e4a98ba679c65765773d0be141066dff424dd,101d6fde834d9ad5bd5978efc06e4a98ba679c65765773d0be141066dff424dd,20,20,,
"포켓몬스터 하트골드 (Korea, IPKK, header ROM version 0)","포켓몬스터 소울실버 (Korea, IPGK, header ROM version 0)",/a/1/6/9,equal,204,204,,,101d6fde834d9ad5bd5978efc06e4a98ba679c65765773d0be141066dff424dd,101d6fde834d9ad5bd5978efc06e4a98ba679c65765773d0be141066dff424dd,20,20,,
"포켓몬스터 하트골드 (Korea, IPKK, header ROM version 0)","포켓몬스터 소울실버 (Korea, IPGK, header ROM version 0)",/a/1/6/9,equal,205,205,,,101d6fde834d9ad5bd5978efc06e4a98ba679c65765773d0be141066dff424dd,101d6fde834d9ad5bd5978efc06e4a98ba679c65765773d0be141066dff424dd,20,20,,
"포켓몬스터 하트골드 (Korea, IPKK, header ROM version 0)","포켓몬스터 소울실버 (Korea, IPGK, header ROM version 0)",/a/1/6/9,equal,206,206,,,101d6fde834d9ad5bd5978efc06e4a98ba679c65765773d0be141066dff424dd,101d6fde834d9ad5bd5978efc06e4a98ba679c65765773d0be141066dff424dd,20,20,,
"포켓몬스터 하트골드 (Korea, IPKK, header ROM version 0)","포켓몬스터 소울실버 (Korea, IPGK, header ROM version 0)",/a/1/6/9,equal,207,207,,,101d6fde834d9ad5bd5978efc06e4a98ba679c65765773d0be141066dff424dd,101d6fde834d9ad5bd5978efc06e4a98ba679c65765773d0be141066dff424dd,20,20,,
"포켓몬스터 하트골드 (Korea, IPKK, header ROM version 0)","포켓몬스터 소울실버 (Korea, IPGK, header ROM version 0)",/a/1/6/9,equal,208,208,,,101d6fde834d9ad5bd5978efc06e4a98ba679c65765773d0be141066dff424dd,101d6fde834d9ad5bd5978efc06e4a98ba679c65765773d0be141066dff424dd,20,20,,
"포켓몬스터 하트골드 (Korea, IPKK, header ROM version 0)","포켓몬스터 소울실버 (Korea, IPGK, header ROM version 0)",/a/1/6/9,equal,209,209,,,101d6fde834d9ad5bd5978efc06e4a98ba679c65765773d0be141066dff424dd,101d6fde834d9ad5bd5978efc06e4a98ba679c65765773d0be141066dff424dd,20,20,,
"포켓몬스터 하트골드 (Korea, IPKK, header ROM version 0)","포켓몬스터 소울실버 (Korea, IPGK, header ROM version 0)",/a/1/6/9,equal,210,210,,,101d6fde834d9ad5bd5978efc06e4a98ba679c65765773d0be141066dff424dd,101d6fde834d9ad5bd5978efc06e4a98ba679c65765773d0be141066dff424dd,20,20,,
"포켓몬스터 하트골드 (Korea, IPKK, header ROM version 0)","포켓몬스터 소울실버 (Korea, IPGK, header ROM version 0)",/a/1/6/9,equal,211,211,,,101d6fde834d9ad5bd5978efc06e4a98ba679c65765773d0be141066dff424dd,101d6fde834d9ad5bd5978efc06e4a98ba679c65765773d0be141066dff424dd,20,20,,
"포켓몬스터 하트골드 (Korea, IPKK, header ROM version 0)","포켓몬스터 소울실버 (Korea, IPGK, header ROM version 0)",/a/1/6/9,equal,212,212,,,101d6fde834d9ad5bd5978efc06e4a98ba679c65765773d0be141066dff424dd,101d6fde834d9ad5bd5978efc06e4a98ba679c65765773d0be141066dff424dd,20,20,,
"포켓몬스터 하트골드 (Korea, IPKK, header ROM version 0)","포켓몬스터 소울실버 (Korea, IPGK, header ROM version 0)",/a/1/6/9,equal,213,213,,,101d6fde834d9ad5bd5978efc06e4a98ba679c65765773d0be141066dff424dd,101d6fde834d9ad5bd5978efc06e4a98ba679c65765773d0be141066dff424dd,20,20,,
"포켓몬스터 하트골드 (Korea, IPKK, header ROM version 0)","포켓몬스터 소울실버 (Korea, IPGK, header ROM version 0)",/a/1/6/9,equal,214,214,,,101d6fde834d9ad5bd5978efc06e4a98ba679c65765773d0be141066dff424dd,101d6fde834d9ad5bd5978efc06e4a98ba679c65765773d0be141066dff424dd,20,20,,
"포켓몬스터 하트골드 (Korea, IPKK, header ROM version 0)","포켓몬스터 소울실버 (Korea, IPGK, header ROM version 0)",/a/1/6/9,equal,215,215,,,101d6fde834d9ad5bd5978efc06e4a98ba679c65765773d0be141066dff424dd,101d6fde834d9ad5bd5978efc06e4a98ba679c65765773d0be141066dff424dd,20,20,,
"포켓몬스터 하트골드 (Korea, IPKK, header ROM version 0)","포켓몬스터 소울실버 (Korea, IPGK, header ROM version 0)",/a/1/6/9,equal,216,216,,,101d6fde834d9ad5bd5978efc06e4a98ba679c65765773d0be141066dff424dd,101d6fde834d9ad5bd5978efc06e4a98ba679c65765773d0be141066dff424dd,20,20,,
"포켓몬스터 하트골드 (Korea, IPKK, header ROM version 0)","포켓몬스터 소울실버 (Korea, IPGK, header ROM version 0)",/a/1/6/9,equal,217,217,,,101d6fde834d9ad5bd5978efc06e4a98ba679c65765773d0be141066dff424dd,101d6fde834d9ad5bd5978efc06e4a98ba679c65765773d0be141066dff424dd,20,20,,
"포켓몬스터 하트골드 (Korea, IPKK, header ROM version 0)","포켓몬스터 소울실버 (Korea, IPGK, header ROM version 0)",/a/1/6/9,equal,218,218,,,101d6fde834d9ad5bd5978efc06e4a98ba679c65765773d0be141066dff424dd,101d6fde834d9ad5bd5978efc06e4a98ba679c65765773d0be141066dff424dd,20,20,,
"포켓몬스터 하트골드 (Korea, IPKK, header ROM version 0)","포켓몬스터 소울실버 (Korea, IPGK, header ROM version 0)",/a/1/6/9,equal,219,219,,,101d6fde834d9ad5bd5978efc06e4a98ba679c65765773d0be141066dff424dd,101d6fde834d9ad5bd5978efc06e4a98ba679c65765773d0be141066dff424dd,20,20,,
"포켓몬스터 하트골드 (Korea, IPKK, header ROM version 0)","포켓몬스터 소울실버 (Korea, IPGK, header ROM version 0)",/a/1/6/9,equal,220,220,,,101d6fde834d9ad5bd5978efc06e4a98ba679c65765773d0be141066dff424dd,101d6fde834d9ad5bd5978efc06e4a98ba679c65765773d0be141066dff424dd,20,20,,
"포켓몬스터 하트골드 (Korea, IPKK, header ROM version 0)","포켓몬스터 소울실버 (Korea, IPGK, header ROM version 0)",/a/1/6/9,equal,221,221,,,101d6fde834d9ad5bd5978efc06e4a98ba679c65765773d0be141066dff424dd,101d6fde834d9ad5bd5978efc06e4a98ba679c65765773d0be141066dff424dd,20,20,,
"포켓몬스터 하트골드 (Korea, IPKK, header ROM version 0)","포켓몬스터 소울실버 (Korea, IPGK, header ROM version 0)",/a/1/6/9,equal,222,222,,,101d6fde834d9ad5bd5978efc06e4a98ba679c65765773d0be141066dff424dd,101d6fde834d9ad5bd5978efc06e4a98ba679c65765773d0be141066dff424dd,20,20,,
"포켓몬스터 하트골드 (Korea, IPKK, header ROM version 0)","포켓몬스터 소울실버 (Korea, IPGK, header ROM version 0)",/a/1/6/9,equal,223,223,,,101d6fde834d9ad5bd5978efc06e4a98ba679c65765773d0be141066dff424dd,101d6fde834d9ad5bd5978efc06e4a98ba679c65765773d0be141066dff424dd,20,20,,
"포켓몬스터 하트골드 (Korea, IPKK, header ROM version 0)","포켓몬스터 소울실버 (Korea, IPGK, header ROM version 0)",/a/1/6/9,equal,224,224,,,101d6fde834d9ad5bd5978efc06e4a98ba679c65765773d0be141066dff424dd,101d6fde834d9ad5bd5978efc06e4a98ba679c65765773d0be141066dff424dd,20,20,,
"포켓몬스터 하트골드 (Korea, IPKK, header ROM version 0)","포켓몬스터 소울실버 (Korea, IPGK, header ROM version 0)",/a/1/6/9,equal,225,225,,,101d6fde834d9ad5bd5978efc06e4a98ba679c65765773d0be141066dff424dd,101d6fde834d9ad5bd5978efc06e4a98ba679c65765773d0be141066dff424dd,20,20,,
"포켓몬스터 하트골드 (Korea, IPKK, header ROM version 0)","포켓몬스터 소울실버 (Korea, IPGK, header ROM version 0)",/a/1/6/9,equal,226,226,,,101d6fde834d9ad5bd5978efc06e4a98ba679c65765773d0be141066dff424dd,101d6fde834d9ad5bd5978efc06e4a98ba679c65765773d0be141066dff424dd,20,20,,
"포켓몬스터 하트골드 (Korea, IPKK, header ROM version 0)","포켓몬스터 소울실버 (Korea, IPGK, header ROM version 0)",/a/1/6/9,equal,227,227,,,0eb556f245439ca582c949499220ef662f861c150b7f6720dd1f6e39c4af0492,0eb556f245439ca582c949499220ef662f861c150b7f6720dd1f6e39c4af0492,20,20,,
"포켓몬스터 하트골드 (Korea, IPKK, header ROM version 0)","포켓몬스터 소울실버 (Korea, IPGK, header ROM version 0)",/a/1/6/9,equal,228,228,,,0eb556f245439ca582c949499220ef662f861c150b7f6720dd1f6e39c4af0492,0eb556f245439ca582c949499220ef662f861c150b7f6720dd1f6e39c4af0492,20,20,,
"포켓몬스터 하트골드 (Korea, IPKK, header ROM version 0)","포켓몬스터 소울실버 (Korea, IPGK, header ROM version 0)",/a/1/6/9,equal,229,229,,,b0c9ec073e2e5bae83737eb8d47afab3d5393be5bb1c6c14efe6281284157929,b0c9ec073e2e5bae83737eb8d47afab3d5393be5bb1c6c14efe6281284157929,20,20,,
"포켓몬스터 하트골드 (Korea, IPKK, header ROM version 0)","포켓몬스터 소울실버 (Korea, IPGK, header ROM version 0)",/a/1/6/9,equal,230,230,,,d5f63bdd7167fb26d4f143867e6fd56814ba9acdced8791805e433fcfc643660,d5f63bdd7167fb26d4f143867e6fd56814ba9acdced8791805e433fcfc643660,20,20,,
"포켓몬스터 하트골드 (Korea, IPKK, header ROM version 0)","포켓몬스터 소울실버 (Korea, IPGK, header ROM version 0)",/a/1/6/9,equal,231,231,,,75e0a0275f625ce7865cac3989daedcdb870b222a9df4976fbeeb3f4aad489c2,75e0a0275f625ce7865cac3989daedcdb870b222a9df4976fbeeb3f4aad489c2,20,20,,
"포켓몬스터 하트골드 (Korea, IPKK, header ROM version 0)","포켓몬스터 소울실버 (Korea, IPGK, header ROM version 0)",/a/1/6/9,equal,232,232,,,d06bf6455c30ec512022a1535efd386fdde39d299db2af26672323dd80ee2f84,d06bf6455c30ec512022a1535efd386fdde39d299db2af26672323dd80ee2f84,20,20,,
"포켓몬스터 하트골드 (Korea, IPKK, header ROM version 0)","포켓몬스터 소울실버 (Korea, IPGK, header ROM version 0)",/a/1/6/9,equal,233,233,,,8c11ceba89dc65da1fb53fcc5ef96d9718ddef57eee1f9865648644be604121c,8c11ceba89dc65da1fb53fcc5ef96d9718ddef57eee1f9865648644be604121c,20,20,,
"포켓몬스터 하트골드 (Korea, IPKK, header ROM version 0)","포켓몬스터 소울실버 (Korea, IPGK, header ROM version 0)",/a/1/6/9,equal,234,234,,,6f37626eff0674cf2502f02b7439f5e8966e94210a7ac915173ec11c64b6f1ff,6f37626eff0674cf2502f02b7439f5e8966e94210a7ac915173ec11c64b6f1ff,20,20,,
"포켓몬스터 하트골드 (Korea, IPKK, header ROM version 0)","포켓몬스터 소울실버 (Korea, IPGK, header ROM version 0)",/a/1/6/9,equal,235,235,,,0c954251aefe6af284021d50c339b9664d8dd0255bee1edbd0dc2c7628009317,0c954251aefe6af284021d50c339b9664d8dd0255bee1edbd0dc2c7628009317,20,20,,
"포켓몬스터 하트골드 (Korea, IPKK, header ROM version 0)","포켓몬스터 소울실버 (Korea, IPGK, header ROM version 0)",/a/1/6/9,equal,236,236,,,0073be90db14b79604062bdc307700b56e9e77c7a7257db15217120bad4d2971,0073be90db14b79604062bdc307700b56e9e77c7a7257db15217120bad4d2971,20,20,,
"포켓몬스터 하트골드 (Korea, IPKK, header ROM version 0)","포켓몬스터 소울실버 (Korea, IPGK, header ROM version 0)",/a/1/6/9,equal,237,237,,,299b4f76d24557470b256b721764482407c1295a1777356ea29e77bf3735cccd,299b4f76d24557470b256b721764482407c1295a1777356ea29e77bf3735cccd,20,20,,
"포켓몬스터 하트골드 (Korea, IPKK, header ROM version 0)","포켓몬스터 소울실버 (Korea, IPGK, header ROM version 0)",/a/1/6/9,equal,238,238,,,b22375e0a343dec9cf3cac22caadc92c4d3f0d546c896ccd4a14e8907fc07e9f,b22375e0a343dec9cf3cac22caadc92c4d3f0d546c896ccd4a14e8907fc07e9f,20,20,,
"포켓몬스터 하트골드 (Korea, IPKK, header ROM version 0)","포켓몬스터 소울실버 (Korea, IPGK, header ROM version 0)",/a/1/6/9,equal,239,239,,,a34bc1cbabb1d9d25856104eebf8ef7a36d33744c7c7e559621e1e3c3b5073e4,a34bc1cbabb1d9d25856104eebf8ef7a36d33744c7c7e559621e1e3c3b5073e4,20,20,,
"포켓몬스터 하트골드 (Korea, IPKK, header ROM version 0)","포켓몬스터 소울실버 (Korea, IPGK, header ROM version 0)",/a/1/6/9,equal,240,240,,,7b994b3052209cc64948d0137b9141117558035fc2d3b6e79b0b538949a10f7a,7b994b3052209cc64948d0137b9141117558035fc2d3b6e79b0b538949a10f7a,20,20,,
"포켓몬스터 하트골드 (Korea, IPKK, header ROM version 0)","포켓몬스터 소울실버 (Korea, IPGK, header ROM version 0)",/a/1/6/9,equal,241,241,,,cd640e0e8ae0b61b5affe795c0b8099640f55b06b53ed89f283c749d6057b4cd,cd640e0e8ae0b61b5affe795c0b8099640f55b06b53ed89f283c749d6057b4cd,20,20,,
"포켓몬스터 하트골드 (Korea, IPKK, header ROM version 0)","포켓몬스터 소울실버 (Korea, IPGK, header ROM version 0)",/a/1/6/9,equal,242,242,,,5365eb30c6633452da6debe6ecae178f7978ae613241eabb1ce8f8db30361621,5365eb30c6633452da6debe6ecae178f7978ae613241eabb1ce8f8db30361621,20,20,,
"포켓몬스터 하트골드 (Korea, IPKK, header ROM version 0)","포켓몬스터 소울실버 (Korea, IPGK, header ROM version 0)",/a/1/6/9,equal,243,243,,,4cfc9a485cb3be389d3155bb0bfec4b948984b2a75fbd666af88f729fa2b6473,4cfc9a485cb3be389d3155bb0bfec4b948984b2a75fbd666af88f729fa2b6473,20,20,,
"포켓몬스터 하트골드 (Korea, IPKK, header ROM version 0)","포켓몬스터 소울실버 (Korea, IPGK, header ROM version 0)",/a/1/6/9,equal,244,244,,,55645caa01400b90359dbe1b374aa7c23e1d7dd4f921994b5593164f33922760,55645caa01400b90359dbe1b374aa7c23e1d7dd4f921994b5593164f33922760,20,20,,
"포켓몬스터 하트골드 (Korea, IPKK, header ROM version 0)","포켓몬스터 소울실버 (Korea, IPGK, header ROM version 0)",/a/1/6/9,equal,245,245,,,50892e2120dd5ed9aa932becd952d7d9865f1a5b7e8d772f0fa334c7d2b6165b,50892e2120dd5ed9aa932becd952d7d9865f1a5b7e8d772f0fa334c7d2b6165b,20,20,,
"포켓몬스터 하트골드 (Korea, IPKK, header ROM version 0)","포켓몬스터 소울실버 (Korea, IPGK, header ROM version 0)",/a/1/6/9,equal,246,246,,,151f9e74b95e68f5b530bacd0fdd5145aa72ad7ef839851d771d56d05ac96a93,151f9e74b95e68f5b530bacd0fdd5145aa72ad7ef839851d771d56d05ac96a93,20,20,,
"포켓몬스터 하트골드 (Korea, IPKK, header ROM version 0)","포켓몬스터 소울실버 (Korea, IPGK, header ROM version 0)",/a/1/6/9,equal,247,247,,,4a79e42d510c7efe233512cd838c7ad42d3ef87c9b33e5ded2147327e227c2b6,4a79e42d510c7efe233512cd838c7ad42d3ef87c9b33e5ded2147327e227c2b6,20,20,,
"포켓몬스터 하트골드 (Korea, IPKK, header ROM version 0)","포켓몬스터 소울실버 (Korea, IPGK, header ROM version 0)",/a/1/6/9,equal,248,248,,,7e39e7338561659326f0e3681c3b89be4860cc691a3303f2c4e37701cc9cd1ba,7e39e7338561659326f0e3681c3b89be4860cc691a3303f2c4e37701cc9cd1ba,20,20,,
"포켓몬스터 하트골드 (Korea, IPKK, header ROM version 0)","포켓몬스터 소울실버 (Korea, IPGK, header ROM version 0)",/a/1/6/9,equal,249,249,,,c065998c5774f635fb413095456395f1a6808708cb5388ba7a093ea9dcd4401e,c065998c5774f635fb413095456395f1a6808708cb5388ba7a093ea9dcd4401e,20,20,,
"포켓몬스터 하트골드 (Korea, IPKK, header ROM version 0)","포켓몬스터 소울실버 (Korea, IPGK, header ROM version 0)",/a/1/6/9,equal,250,250,,,2505b416425b80203e11b5249f93889aa3ec4e3e0812cba596934c81b0e51e29,2505b416425b80203e11b5249f93889aa3ec4e3e0812cba596934c81b0e51e29,20,20,,
"포켓몬스터 하트골드 (Korea, IPKK, header ROM version 0)","포켓몬스터 소울실버 (Korea, IPGK, header ROM version 0)",/a/1/6/9,equal,251,251,,,b49b269c27ea6e717eedfbaae4fde8e6a2dbb6c0fc1a8c60df6b2ce091c07027,b49b269c27ea6e717eedfbaae4fde8e6a2dbb6c0fc1a8c60df6b2ce091c07027,20,20,,
"포켓몬스터 하트골드 (Korea, IPKK, header ROM version 0)","포켓몬스터 소울실버 (Korea, IPGK, header ROM version 0)",/a/1/6/9,equal,252,252,,,1028e3f544b260d8144a042a21a26647263c44cdb9ce1bf92d1174045279e102,1028e3f544b260d8144a042a21a26647263c44cdb9ce1bf92d1174045279e102,20,20,,
"포켓몬스터 하트골드 (Korea, IPKK, header ROM version 0)","포켓몬스터 소울실버 (Korea, IPGK, header ROM version 0)",/a/1/6/9,equal,253,253,,,58d1036a592100dc92c8273a0993b222f8073049673d281d744538d518e67c59,58d1036a592100dc92c8273a0993b222f8073049673d281d744538d518e67c59,20,20,,
"포켓몬스터 하트골드 (Korea, IPKK, header ROM version 0)","포켓몬스터 소울실버 (Korea, IPGK, header ROM version 0)",/a/1/6/9,equal,254,254,,,c6582627a7f65d11249d0a8bf62d0a86fe9be8a5cbf8f36607ac23dae26f844f,c6582627a7f65d11249d0a8bf62d0a86fe9be8a5cbf8f36607ac23dae26f844f,20,20,,
"포켓몬스터 하트골드 (Korea, IPKK, header ROM version 0)","포켓몬스터 소울실버 (Korea, IPGK, header ROM version 0)",/a/1/6/9,equal,255,255,,,8ae0ea0034a5db849eb2fdf5c7287d985ab4fac663d4cdc8ccb82d1216a542fc,8ae0ea0034a5db849eb2fdf5c7287d985ab4fac663d4cdc8ccb82d1216a542fc,20,20,,
"포켓몬스터 하트골드 (Korea, IPKK, header ROM version 0)","포켓몬스터 소울실버 (Korea, IPGK, header ROM version 0)",/a/1/6/9,equal,256,256,,,047aa823e683323db93cd4bbfc83c2840a45503520efc9352e9d06c51df45cc4,047aa823e683323db93cd4bbfc83c2840a45503520efc9352e9d06c51df45cc4,20,20,,
"포켓몬스터 하트골드 (Korea, IPKK, header ROM version 0)","포켓몬스터 소울실버 (Korea, IPGK, header ROM version 0)",/a/1/6/9,equal,257,257,,,57f4a6be04f02e5568a3d0e817dc6495299769d96e0f2caa45e4d5d97704bab2,57f4a6be04f02e5568a3d0e817dc6495299769d96e0f2caa45e4d5d97704bab2,20,20,,
"포켓몬스터 하트골드 (Korea, IPKK, header ROM version 0)","포켓몬스터 소울실버 (Korea, IPGK, header ROM version 0)",/a/1/6/9,equal,258,258,,,16a828ea208e0a1c76ba51b39647347a1732de08a5c898cacc2e44e9caa17f7f,16a828ea208e0a1c76ba51b39647347a1732de08a5c898cacc2e44e9caa17f7f,20,20,,
"포켓몬스터 하트골드 (Korea, IPKK, header ROM version 0)","포켓몬스터 소울실버 (Korea, IPGK, header ROM version 0)",/a/1/6/9,equal,259,259,,,37ccb0cd38015c25f09c922a6f9132f175b60c8f795adc707578249f764920a3,37ccb0cd38015c25f09c922a6f9132f175b60c8f795adc707578249f764920a3,20,20,,
"포켓몬스터 하트골드 (Korea, IPKK, header ROM version 0)","포켓몬스터 소울실버 (Korea, IPGK, header ROM version 0)",/a/1/6/9,equal,260,260,,,4a830eb52dc476437de1d7cc156687f0b08907aff92f0e4a68de54666e67c428,4a830eb52dc476437de1d7cc156687f0b08907aff92f0e4a68de54666e67c428,20,20,,
"포켓몬스터 하트골드 (Korea, IPKK, header ROM version 0)","포켓몬스터 소울실버 (Korea, IPGK, header ROM version 0)",/a/1/6/9,equal,261,261,,,9ece6e1b2dc410d3edcb45b1ddd3ba893a6018330818beffd372b1760bd5c560,9ece6e1b2dc410d3edcb45b1ddd3ba893a6018330818beffd372b1760bd5c560,20,20,,
"포켓몬스터 하트골드 (Korea, IPKK, header ROM version 0)","포켓몬스터 소울실버 (Korea, IPGK, header ROM version 0)",/a/1/6/9,equal,262,262,,,ca1b2e24ce778794b7fa10e10918b5351ebe8b01f71bff6965190d0882d31bc0,ca1b2e24ce778794b7fa10e10918b5351ebe8b01f71bff6965190d0882d31bc0,20,20,,
"포켓몬스터 하트골드 (Korea, IPKK, header ROM version 0)","포켓몬스터 소울실버 (Korea, IPGK, header ROM version 0)",/a/1/6/9,equal,263,263,,,7891a473a3144df88374d98bd3e32abe5fbb3da1553eaec89d27b429a91205b4,7891a473a3144df88374d98bd3e32abe5fbb3da1553eaec89d27b429a91205b4,20,20,,
"포켓몬스터 하트골드 (Korea, IPKK, header ROM version 0)","포켓몬스터 소울실버 (Korea, IPGK, header ROM version 0)",/a/1/6/9,equal,264,264,,,6d6d090d349ebca478a164524fa907568fe072534efc087d8d8ac25a1068be67,6d6d090d349ebca478a164524fa907568fe072534efc087d8d8ac25a1068be67,20,20,,
"포켓몬스터 하트골드 (Korea, IPKK, header ROM version 0)","포켓몬스터 소울실버 (Korea, IPGK, header ROM version 0)",/a/1/6/9,equal,265,265,,,74196da925ecc56eefde41a6dba21c2c361e0c4944fbeb2d677d4eb712d58e9e,74196da925ecc56eefde41a6dba21c2c361e0c4944fbeb2d677d4eb712d58e9e,20,20,,
"포켓몬스터 하트골드 (Korea, IPKK, header ROM version 0)","포켓몬스터 소울실버 (Korea, IPGK, header ROM version 0)",/a/1/6/9,equal,266,266,,,3d6f32a16b22da850a62d28e5e372ce7ef0ae98196decc37653435ff48c5acf7,3d6f32a16b22da850a62d28e5e372ce7ef0ae98196decc37653435ff48c5acf7,20,20,,
"포켓몬스터 하트골드 (Korea, IPKK, header ROM version 0)","포켓몬스터 소울실버 (Korea, IPGK, header ROM version 0)",/a/1/6/9,equal,267,267,,,c495b6b9e88d8302f394a2bfb17241d6d87d281b79c5e41f20e191fcbbc8c541,c495b6b9e88d8302f394a2bfb17241d6d87d281b79c5e41f20e191fcbbc8c541,20,20,,
"포켓몬스터 하트골드 (Korea, IPKK, header ROM version 0)","포켓몬스터 소울실버 (Korea, IPGK, header ROM version 0)",/a/1/6/9,equal,268,268,,,d38ae0c9939d2ad911ef8cc909c06510fe8147faf5d89f94b1746b0c22aef782,d38ae0c9939d2ad911ef8cc909c06510fe8147faf5d89f94b1746b0c22aef782,20,20,,
"포켓몬스터 하트골드 (Korea, IPKK, header ROM version 0)","포켓몬스터 소울실버 (Korea, IPGK, header ROM version 0)",/a/1/6/9,equal,269,269,,,d791b085d00377903755b44247b5ff5d8c20794074ec55558782ac67b56736d4,d791b085d00377903755b44247b5ff5d8c20794074ec55558782ac67b56736d4,20,20,,
"포켓몬스터 하트골드 (Korea, IPKK, header ROM version 0)","포켓몬스터 소울실버 (Korea, IPGK, header ROM version 0)",/a/1/6/9,equal,270,270,,,5989b9ee333b56a57eeab71e40ae2acdd0a716a8e238501754c9d9a5fe4208d0,5989b9ee333b56a57eeab71e40ae2acdd0a716a8e238501754c9d9a5fe4208d0,20,20,,
"포켓몬스터 하트골드 (Korea, IPKK, header ROM version 0)","포켓몬스터 소울실버 (Korea, IPGK, header ROM version 0)",/a/1/6/9,equal,271,271,,,4eb45a1a95717b820eeb70e19e9e0d62218dc35d5c83537f1fb236ebd0639de3,4eb45a1a95717b820eeb70e19e9e0d62218dc35d5c83537f1fb236ebd0639de3,20,20,,
"포켓몬스터 하트골드 (Korea, IPKK, header ROM version 0)","포켓몬스터 소울실버 (Korea, IPGK, header ROM version 0)",/a/1/6/9,equal,272,272,,,9a993a19ccfc5fb44e1b79eff947cc8b4a84761aa8b802d04002b5f8fe417aa6,9a993a19ccfc5fb44e1b79eff947cc8b4a84761aa8b802d04002b5f8fe417aa6,20,20,,
"포켓몬스터 하트골드 (Korea, IPKK, header ROM version 0)","포켓몬스터 소울실버 (Korea, IPGK, header ROM version 0)",/a/1/6/9,equal,273,273,,,002e29dc17d658dc4aefa808a263ac3eeeb951d0249d2dd14a990e7096a622a7,002e29dc17d658dc4aefa808a263ac3eeeb951d0249d2dd14a990e7096a622a7,20,20,,
"포켓몬스터 하트골드 (Korea, IPKK, header ROM version 0)","포켓몬스터 소울실버 (Korea, IPGK, header ROM version 0)",/a/1/6/9,equal,274,274,,,403611a0619cc5cd9fabce4cfbf3ac59007a4121fcac32def1c8d9d51a3c7f1c,403611a0619cc5cd9fabce4cfbf3ac59007a4121fcac32def1c8d9d51a3c7f1c,20,20,,
"포켓몬스터 하트골드 (Korea, IPKK, header ROM version 0)","포켓몬스터 소울실버 (Korea, IPGK, header ROM version 0)",/a/1/6/9,equal,275,275,,,a969e3c4a681878075a484c5462ee24a2302b911704634123a2cb9b6e245c345,a969e3c4a681878075a484c5462ee24a2302b911704634123a2cb9b6e245c345,20,20,,
"포켓몬스터 하트골드 (Korea, IPKK, header ROM version 0)","포켓몬스터 소울실버 (Korea, IPGK, header ROM version 0)",/a/1/6/9,equal,276,276,,,e2bc124d45b2cd241b9420656ff2a02d6081cd7c03660ac9f803e0c8a1975758,e2bc124d45b2cd241b9420656ff2a02d6081cd7c03660ac9f803e0c8a1975758,20,20,,
"포켓몬스터 하트골드 (Korea, IPKK, header ROM version 0)","포켓몬스터 소울실버 (Korea, IPGK, header ROM version 0)",/a/1/6/9,equal,277,277,,,b13fb7ea91a5c4fa313262fe66007a5672dc2bf22de45723477f382a0364d148,b13fb7ea91a5c4fa313262fe66007a5672dc2bf22de45723477f382a0364d148,20,20,,
"포켓몬스터 하트골드 (Korea, IPKK, header ROM version 0)","포켓몬스터 소울실버 (Korea, IPGK, header ROM version 0)",/a/1/6/9,equal,278,278,,,a6214336ce9c1d50125e2fa53e10279d8f0260d16c18263b353a55801ab119d0,a6214336ce9c1d50125e2fa53e10279d8f0260d16c18263b353a55801ab119d0,20,20,,
"포켓몬스터 하트골드 (Korea, IPKK, header ROM version 0)","포켓몬스터 소울실버 (Korea, IPGK, header ROM version 0)",/a/1/6/9,equal,279,279,,,962bf0111be48ced1c1be5656c12a6d68a45c5bfd7ad59aacfb88e01c4740256,962bf0111be48ced1c1be5656c12a6d68a45c5bfd7ad59aacfb88e01c4740256,20,20,,
"포켓몬스터 하트골드 (Korea, IPKK, header ROM version 0)","포켓몬스터 소울실버 (Korea, IPGK, header ROM version 0)",/a/1/6/9,equal,280,280,,,1fe6cb4cf664a4f9a0625e20eb73df00271d477482415ef26b6de00b1305122d,1fe6cb4cf664a4f9a0625e20eb73df00271d477482415ef26b6de00b1305122d,20,20,,
"포켓몬스터 하트골드 (Korea, IPKK, header ROM version 0)","포켓몬스터 소울실버 (Korea, IPGK, header ROM version 0)",/a/1/6/9,equal,281,281,,,6936e7ccb2ba774c795146d760951190ed784e97a72c76eb80066e00e59cd2f5,6936e7ccb2ba774c795146d760951190ed784e97a72c76eb80066e00e59cd2f5,20,20,,
"포켓몬스터 하트골드 (Korea, IPKK, header ROM version 0)","포켓몬스터 소울실버 (Korea, IPGK, header ROM version 0)",/a/1/6/9,equal,282,282,,,34756bd3937c0187c890007ae91f6261a2682bba17a80dd4bceebc59c3c93e91,34756bd3937c0187c890007ae91f6261a2682bba17a80dd4bceebc59c3c93e91,20,20,,
"포켓몬스터 하트골드 (Korea, IPKK, header ROM version 0)","포켓몬스터 소울실버 (Korea, IPGK, header ROM version 0)",/a/1/6/9,equal,283,283,,,80ed98b0efff04cc880449b5c8358857fd84ade2df201894a458be7b013a4312,80ed98b0efff04cc880449b5c8358857fd84ade2df201894a458be7b013a4312,20,20,,
"포켓몬스터 하트골드 (Korea, IPKK, header ROM version 0)","포켓몬스터 소울실버 (Korea, IPGK, header ROM version 0)",/a/1/6/9,equal,284,284,,,9059e48a9d2cda95cf5121cfa301aedd9f8e555f26400cede44ac2de76784ba1,9059e48a9d2cda95cf5121cfa301aedd9f8e555f26400cede44ac2de76784ba1,20,20,,
"포켓몬스터 하트골드 (Korea, IPKK, header ROM version 0)","포켓몬스터 소울실버 (Korea, IPGK, header ROM version 0)",/a/1/6/9,equal,285,285,,,6ae98797e74e64272d9e0f0e40591e812093834677c4f0571245a78a4a33ca3d,6ae98797e74e64272d9e0f0e40591e812093834677c4f0571245a78a4a33ca3d,20,20,,
"포켓몬스터 하트골드 (Korea, IPKK, header ROM version 0)","포켓몬스터 소울실버 (Korea, IPGK, header ROM version 0)",/a/1/6/9,equal,286,286,,,21ffc49134dfa2b469b18466cc4c251acc7a74e6700a0179b268aca61eb76f05,21ffc49134dfa2b469b18466cc4c251acc7a74e6700a0179b268aca61eb76f05,20,20,,
"포켓몬스터 하트골드 (Korea, IPKK, header ROM version 0)","포켓몬스터 소울실버 (Korea, IPGK, header ROM version 0)",/a/1/6/9,equal,287,287,,,2ca0d823ccb73772b3e40aea2e226aade439f60a2ab360a84be5531a20cda7d4,2ca0d823ccb73772b3e40aea2e226aade439f60a2ab360a84be5531a20cda7d4,20,20,,
"포켓몬스터 하트골드 (Korea, IPKK, header ROM version 0)","포켓몬스터 소울실버 (Korea, IPGK, header ROM version 0)",/a/1/6/9,equal,288,288,,,2bef23b9e0a06b05d6baca34412fdcebfd9592832f0537e10c946b4c218ac418,2bef23b9e0a06b05d6baca34412fdcebfd9592832f0537e10c946b4c218ac418,20,20,,
"포켓몬스터 하트골드 (Korea, IPKK, header ROM version 0)","포켓몬스터 소울실버 (Korea, IPGK, header ROM version 0)",/a/1/6/9,equal,289,289,,,81ccaf529d9ea8ecf30b0537c0f43a15d3ce6acc4e099ad0ee54f387710ea887,81ccaf529d9ea8ecf30b0537c0f43a15d3ce6acc4e099ad0ee54f387710ea887,20,20,,
"포켓몬스터 하트골드 (Korea, IPKK, header ROM version 0)","포켓몬스터 소울실버 (Korea, IPGK, header ROM version 0)",/a/1/6/9,equal,290,290,,,fab6437a9b5c9fc68e5a9a4dadc3d9452ec9889e7556727819ecd787e2042af6,fab6437a9b5c9fc68e5a9a4dadc3d9452ec9889e7556727819ecd787e2042af6,20,20,,
"포켓몬스터 하트골드 (Korea, IPKK, header ROM version 0)","포켓몬스터 소울실버 (Korea, IPGK, header ROM version 0)",/a/1/6/9,equal,291,291,,,7c4b8797465957770341f334a7bbcd33a9b46c49a05e661820013987bebb0b1b,7c4b8797465957770341f334a7bbcd33a9b46c49a05e661820013987bebb0b1b,20,20,,
"포켓몬스터 하트골드 (Korea, IPKK, header ROM version 0)","포켓몬스터 소울실버 (Korea, IPGK, header ROM version 0)",/a/1/6/9,equal,292,292,,,c5673888f4f9a9528af87ef285aa41e4c5b26eae564a0cfff6cfef67747022d4,c5673888f4f9a9528af87ef285aa41e4c5b26eae564a0cfff6cfef67747022d4,20,20,,
"포켓몬스터 하트골드 (Korea, IPKK, header ROM version 0)","포켓몬스터 소울실버 (Korea, IPGK, header ROM version 0)",/a/1/6/9,equal,293,293,,,9417728302c47a1e7d4849e7dc04966cd45154f0200f593c26478a36b486583d,9417728302c47a1e7d4849e7dc04966cd45154f0200f593c26478a36b486583d,20,20,,
"포켓몬스터 하트골드 (Korea, IPKK, header ROM version 0)","포켓몬스터 소울실버 (Korea, IPGK, header ROM version 0)",/a/1/6/9,equal,294,294,,,3c3577062322f3fb3f8895a0f326bdd4288e4f30cb0520ec892d1eb75a618b20,3c3577062322f3fb3f8895a0f326bdd4288e4f30cb0520ec892d1eb75a618b20,20,20,,
"포켓몬스터 하트골드 (Korea, IPKK, header ROM version 0)","포켓몬스터 소울실버 (Korea, IPGK, header ROM version 0)",/a/1/6/9,equal,295,295,,,e945ebbbaf308ec8608da3aecf20b7803af31f6091840d15539f37b9b535e965,e945ebbbaf308ec8608da3aecf20b7803af31f6091840d15539f37b9b535e965,20,20,,
"포켓몬스터 하트골드 (Korea, IPKK, header ROM version 0)","포켓몬스터 소울실버 (Korea, IPGK, header ROM version 0)",/a/1/6/9,equal,296,296,,,c1a4d8d46f3006c62cc48ce9b0588025b77a729737307387052475e73d2d8e69,c1a4d8d46f3006c62cc48ce9b0588025b77a729737307387052475e73d2d8e69,20,20,,
"포켓몬스터 하트골드 (Korea, IPKK, header ROM version 0)","포켓몬스터 소울실버 (Korea, IPGK, header ROM version 0)",/a/1/6/9,equal,297,297,,,11a418213eb0c81c07d6b12f08b6de124dac8e048ce6a763a7813612360b35eb,11a418213eb0c81c07d6b12f08b6de124dac8e048ce6a763a7813612360b35eb,20,20,,
"포켓몬스터 하트골드 (Korea, IPKK, header ROM version 0)","포켓몬스터 소울실버 (Korea, IPGK, header ROM version 0)",/a/1/6/9,equal,298,298,,,66eedc8e7cafa368c0dac4560d3f85daa845c60227486446c7a217bf13d0a866,66eedc8e7cafa368c0dac4560d3f85daa845c60227486446c7a217bf13d0a866,20,20,,
"포켓몬스터 하트골드 (Korea, IPKK, header ROM version 0)","포켓몬스터 소울실버 (Korea, IPGK, header ROM version 0)",/a/1/6/9,equal,299,299,,,5070889d1994aa505a3dd90ca41ded10ebcc7b63a61e32fe4075e6ff86f0c06e,5070889d1994aa505a3dd90ca41ded10ebcc7b63a61e32fe4075e6ff86f0c06e,20,20,,
"포켓몬스터 하트골드 (Korea, IPKK, header ROM version 0)","포켓몬스터 소울실버 (Korea, IPGK, header ROM version 0)",/a/1/6/9,equal,300,300,,,ef0b60f4ee6c987bea2efaf08140018228e6b7c4ea2a3e8e67a22dac7975c927,ef0b60f4ee6c987bea2efaf08140018228e6b7c4ea2a3e8e67a22dac7975c927,20,20,,
"포켓몬스터 하트골드 (Korea, IPKK, header ROM version 0)","포켓몬스터 소울실버 (Korea, IPGK, header ROM version 0)",/a/1/6/9,equal,301,301,,,b6f346f4bfc4a20164ce7800c11681236570f6dc24150373b269a990fa215c59,b6f346f4bfc4a20164ce7800c11681236570f6dc24150373b269a990fa215c59,20,20,,
"포켓몬스터 하트골드 (Korea, IPKK, header ROM version 0)","포켓몬스터 소울실버 (Korea, IPGK, header ROM version 0)",/a/1/6/9,equal,302,302,,,223c6794d5992f93a887524b22bdf93fac297d63ab3954030606d55e0b40fa2e,223c6794d5992f93a887524b22bdf93fac297d63ab3954030606d55e0b40fa2e,20,20,,
"포켓몬스터 하트골드 (Korea, IPKK, header ROM version 0)","포켓몬스터 소울실버 (Korea, IPGK, header ROM version 0)",/a/1/6/9,equal,303,303,,,eba2b59c887fcd37e44139fcd195c3be7c174d345f795b53b7ef854235ca80e0,eba2b59c887fcd37e44139fcd195c3be7c174d345f795b53b7ef854235ca80e0,20,20,,
"포켓몬스터 하트골드 (Korea, IPKK, header ROM version 0)","포켓몬스터 소울실버 (Korea, IPGK, header ROM version 0)",/a/1/6/9,equal,304,304,,,019bf71dff85dab5f79e2331b0f0ec0eae7bc4fed5c741ce6a1097d4d92f0613,019bf71dff85dab5f79e2331b0f0ec0eae7bc4fed5c741ce6a1097d4d92f0613,20,20,,
"포켓몬스터 하트골드 (Korea, IPKK, header ROM version 0)","포켓몬스터 소울실버 (Korea, IPGK, header ROM version 0)",/a/1/6/9,equal,305,305,,,8f013c01296db1631e601f85bab4354392bd3ea0e157c193c6c8324289c289cc,8f013c01296db1631e601f85bab4354392bd3ea0e157c193c6c8324289c289cc,20,20,,
"포켓몬스터 하트골드 (Korea, IPKK, header ROM version 0)","포켓몬스터 소울실버 (Korea, IPGK, header ROM version 0)",/a/1/6/9,equal,306,306,,,1a4e52b06877ea62ca67626f29018b54914f76c7fa1c9285c8633accee645c09,1a4e52b06877ea62ca67626f29018b54914f76c7fa1c9285c8633accee645c09,20,20,,
"포켓몬스터 하트골드 (Korea, IPKK, header ROM version 0)","포켓몬스터 소울실버 (Korea, IPGK, header ROM version 0)",/a/1/6/9,equal,307,307,,,8728dfe9f1323df59796b140a59c1c3e95e2af180fb52c55f833861ef7a9716d,8728dfe9f1323df59796b140a59c1c3e95e2af180fb52c55f833861ef7a9716d,20,20,,
"포켓몬스터 하트골드 (Korea, IPKK, header ROM version 0)","포켓몬스터 소울실버 (Korea, IPGK, header ROM version 0)",/a/1/6/9,equal,308,308,,,cf746d895a8e48ab9de334ef73542b5a4ff3ab1bac29538afe486176be007150,cf746d895a8e48ab9de334ef73542b5a4ff3ab1bac29538afe486176be007150,20,20,,
"포켓몬스터 하트골드 (Korea, IPKK, header ROM version 0)","포켓몬스터 소울실버 (Korea, IPGK, header ROM version 0)",/a/1/6/9,equal,309,309,,,77560fa763796c98d1972596584d00b6ebab85323fef6bf106360a919e6a05d2,77560fa763796c98d1972596584d00b6ebab85323fef6bf106360a919e6a05d2,20,20,,
"포켓몬스터 하트골드 (Korea, IPKK, header ROM version 0)","포켓몬스터 소울실버 (Korea, IPGK, header ROM version 0)",/a/1/6/9,equal,310,310,,,aba17731cce4abf4b4d09de580ba943ec00b713a8b10516accd5d832df7d40ff,aba17731cce4abf4b4d09de580ba943ec00b713a8b10516accd5d832df7d40ff,20,20,,
"포켓몬스터 하트골드 (Korea, IPKK, header ROM version 0)","포켓몬스터 소울실버 (Korea, IPGK, header ROM version 0)",/a/1/6/9,equal,311,311,,,008770a1203395f393d46e10351f39f0a97f90ada86bdaadaed21b0abaac15d7,008770a1203395f393d46e10351f39f0a97f90ada86bdaadaed21b0abaac15d7,20,20,,
"포켓몬스터 하트골드 (Korea, IPKK, header ROM version 0)","포켓몬스터 소울실버 (Korea, IPGK, header ROM version 0)",/a/1/6/9,equal,312,312,,,cff9afaf92cef84ee0d506322314cc6dc7390a6b4c8bfcad957f8228812c4351,cff9afaf92cef84ee0d506322314cc6dc7390a6b4c8bfcad957f8228812c4351,20,20,,
"포켓몬스터 하트골드 (Korea, IPKK, header ROM version 0)","포켓몬스터 소울실버 (Korea, IPGK, header ROM version 0)",/a/1/6/9,equal,313,313,,,4db8046c329c981478fcb8530cc6cef6d316c5917c9ca0180578db7c81e29ec1,4db8046c329c981478fcb8530cc6cef6d316c5917c9ca0180578db7c81e29ec1,20,20,,
"포켓몬스터 하트골드 (Korea, IPKK, header ROM version 0)","포켓몬스터 소울실버 (Korea, IPGK, header ROM version 0)",/a/1/6/9,equal,314,314,,,59169fe763afd87e93c3d475e8616684a4a67ac4fc7de69912bd499c2d75b190,59169fe763afd87e93c3d475e8616684a4a67ac4fc7de69912bd499c2d75b190,20,20,,
"포켓몬스터 하트골드 (Korea, IPKK, header ROM version 0)","포켓몬스터 소울실버 (Korea, IPGK, header ROM version 0)",/a/1/6/9,equal,315,315,,,5b3e69ab31f752d3f70481bec08cdbe2ac56257d56309e0e112e4f4c911ba819,5b3e69ab31f752d3f70481bec08cdbe2ac56257d56309e0e112e4f4c911ba819,20,20,,
"포켓몬스터 하트골드 (Korea, IPKK, header ROM version 0)","포켓몬스터 소울실버 (Korea, IPGK, header ROM version 0)",/a/1/6/9,equal,316,316,,,60c56061abf9f821390b7c01e5985df0836e257bb53b0ee3472cc44af443e1a6,60c56061abf9f821390b7c01e5985df0836e257bb53b0ee3472cc44af443e1a6,20,20,,
"포켓몬스터 하트골드 (Korea, IPKK, header ROM version 0)","포켓몬스터 소울실버 (Korea, IPGK, header ROM version 0)",/a/1/6/9,equal,317,317,,,2ef69ebc2fb1b8e75528b969e195a59092daa752041ad143faf290cee87bc0f6,2ef69ebc2fb1b8e75528b969e195a59092daa752041ad143faf290cee87bc0f6,20,20,,
"포켓몬스터 하트골드 (Korea, IPKK, header ROM version 0)","포켓몬스터 소울실버 (Korea, IPGK, header ROM version 0)",/a/1/6/9,equal,318,318,,,ada4f579bf5a4221f2de1b3be18e34952a3566afb90168a003f0b984d0e29dd2,ada4f579bf5a4221f2de1b3be18e34952a3566afb90168a003f0b984d0e29dd2,20,20,,
"포켓몬스터 하트골드 (Korea, IPKK, header ROM version 0)","포켓몬스터 소울실버 (Korea, IPGK, header ROM version 0)",/a/1/6/9,equal,319,319,,,6aa0bf439654a83556006716d2a2f764cea0d566b70ff59912af8327047acbc2,6aa0bf439654a83556006716d2a2f764cea0d566b70ff59912af8327047acbc2,20,20,,
"포켓몬스터 하트골드 (Korea, IPKK, header ROM version 0)","포켓몬스터 소울실버 (Korea, IPGK, header ROM version 0)",/a/1/6/9,equal,320,320,,,8efe0f1be547ac9271f86f9da4d4f44aecf79403a1476527378990aa5a35d257,8efe0f1be547ac9271f86f9da4d4f44aecf79403a1476527378990aa5a35d257,20,20,,
"포켓몬스터 하트골드 (Korea, IPKK, header ROM version 0)","포켓몬스터 소울실버 (Korea, IPGK, header ROM version 0)",/a/1/6/9,equal,321,321,,,5c80655a02feaddc5bce090131b3e6c5269ecfcaa8cd3a534a6f78c62af369b7,5c80655a02feaddc5bce090131b3e6c5269ecfcaa8cd3a534a6f78c62af369b7,20,20,,
"포켓몬스터 하트골드 (Korea, IPKK, header ROM version 0)","포켓몬스터 소울실버 (Korea, IPGK, header ROM version 0)",/a/1/6/9,equal,322,322,,,6600ea9aa4bc222237f49b78af772c5a4e8198b7758162ae974c59ab7d288b2d,6600ea9aa4bc222237f49b78af772c5a4e8198b7758162ae974c59ab7d288b2d,20,20,,
"포켓몬스터 하트골드 (Korea, IPKK, header ROM version 0)","포켓몬스터 소울실버 (Korea, IPGK, header ROM version 0)",/a/1/6/9,equal,323,323,,,7eb7e5f4a24edb7145ab59f35c4cff591056639624937ad1e4dd36cc76fe7266,7eb7e5f4a24edb7145ab59f35c4cff591056639624937ad1e4dd36cc76fe7266,20,20,,
"포켓몬스터 하트골드 (Korea, IPKK, header ROM version 0)","포켓몬스터 소울실버 (Korea, IPGK, header ROM version 0)",/a/1/6/9,equal,324,324,,,cd5006df573e219bb9106e9a8e7913c4bc0bfccb3589d8b135f476136b636b3d,cd5006df573e219bb9106e9a8e7913c4bc0bfccb3589d8b135f476136b636b3d,20,20,,
"포켓몬스터 하트골드 (Korea, IPKK, header ROM version 0)","포켓몬스터 소울실버 (Korea, IPGK, header ROM version 0)",/a/1/6/9,equal,325,325,,,060d1d664e88e03512e25ed25e982c1189bd25df1d3c215fd9a5744da68f364b,060d1d664e88e03512e25ed25e982c1189bd25df1d3c215fd9a5744da68f364b,20,20,,
"포켓몬스터 하트골드 (Korea, IPKK, header ROM version 0)","포켓몬스터 소울실버 (Korea, IPGK, header ROM version 0)",/a/1/6/9,equal,326,326,,,9b00c4f26e348dd7258d7c9bf60d51dceec966fb98e70d15ba8a9b3283fd1b19,9b00c4f26e348dd7258d7c9bf60d51dceec966fb98e70d15ba8a9b3283fd1b19,20,20,,
"포켓몬스터 하트골드 (Korea, IPKK, header ROM version 0)","포켓몬스터 소울실버 (Korea, IPGK, header ROM version 0)",/a/1/6/9,equal,327,327,,,5708875e3ea52d4093fca253ea983002cfe7a854ba7f278a55f4a8cc3214a9d2,5708875e3ea52d4093fca253ea983002cfe7a854ba7f278a55f4a8cc3214a9d2,20,20,,
"포켓몬스터 하트골드 (Korea, IPKK, header ROM version 0)","포켓몬스터 소울실버 (Korea, IPGK, header ROM version 0)",/a/1/6/9,equal,328,328,,,00a7b5612a5aaf7beab65f1bd9e447e21af43745fe9eb24ff7b955b992ac50e9,00a7b5612a5aaf7beab65f1bd9e447e21af43745fe9eb24ff7b955b992ac50e9,20,20,,
"포켓몬스터 하트골드 (Korea, IPKK, header ROM version 0)","포켓몬스터 소울실버 (Korea, IPGK, header ROM version 0)",/a/1/6/9,equal,329,329,,,22f48371d9fafe35d2915a01d0dbace419a96efbc17b8a73f8f7982c6c77441f,22f48371d9fafe35d2915a01d0dbace419a96efbc17b8a73f8f7982c6c77441f,20,20,,
"포켓몬스터 하트골드 (Korea, IPKK, header ROM version 0)","포켓몬스터 소울실버 (Korea, IPGK, header ROM version 0)",/a/1/6/9,equal,330,330,,,6c78813999607760dc78b590951803e88d27520d23af552fa8d42aa3e077f0e8,6c78813999607760dc78b590951803e88d27520d23af552fa8d42aa3e077f0e8,20,20,,
"포켓몬스터 하트골드 (Korea, IPKK, header ROM version 0)","포켓몬스터 소울실버 (Korea, IPGK, header ROM version 0)",/a/1/6/9,equal,331,331,,,14d578399c4efb3ca92595407c91b5a700dced7169148d20eaf30702af5b5cf5,14d578399c4efb3ca92595407c91b5a700dced7169148d20eaf30702af5b5cf5,20,20,,
"포켓몬스터 하트골드 (Korea, IPKK, header ROM version 0)","포켓몬스터 소울실버 (Korea, IPGK, header ROM version 0)",/a/1/6/9,equal,332,332,,,2152a0972ef16edc0a7da7ac8d8dfdeadb4029a8739693a5bc3b680ce2c32900,2152a0972ef16edc0a7da7ac8d8dfdeadb4029a8739693a5bc3b680ce2c32900,20,20,,
"포켓몬스터 하트골드 (Korea, IPKK, header ROM version 0)","포켓몬스터 소울실버 (Korea, IPGK, header ROM version 0)",/a/1/6/9,equal,333,333,,,60528b7f15e49e4621c7890cf70234bf5fbf7fd4f1d9f7cef6b06b2c67c2c74a,60528b7f15e49e4621c7890cf70234bf5fbf7fd4f1d9f7cef6b06b2c67c2c74a,20,20,,
"포켓몬스터 하트골드 (Korea, IPKK, header ROM version 0)","포켓몬스터 소울실버 (Korea, IPGK, header ROM version 0)",/a/1/6/9,equal,334,334,,,f97bae7bbc624b2de960d67c712cecb08de852e15fbdf714e833811df52d2b10,f97bae7bbc624b2de960d67c712cecb08de852e15fbdf714e833811df52d2b10,20,20,,
"포켓몬스터 하트골드 (Korea, IPKK, header ROM version 0)","포켓몬스터 소울실버 (Korea, IPGK, header ROM version 0)",/a/1/6/9,equal,335,335,,,294987438be0b3e423b47b844122c5faf661c6d353fb37102b2142729b925990,294987438be0b3e423b47b844122c5faf661c6d353fb37102b2142729b925990,20,20,,
"포켓몬스터 하트골드 (Korea, IPKK, header ROM version 0)","포켓몬스터 소울실버 (Korea, IPGK, header ROM version 0)",/a/1/6/9,equal,336,336,,,0623d7d1370d626cdc8ef6ff18dd3e891524dbddc122bf9ea1d676b4fa06ab7f,0623d7d1370d626cdc8ef6ff18dd3e891524dbddc122bf9ea1d676b4fa06ab7f,20,20,,
"포켓몬스터 하트골드 (Korea, IPKK, header ROM version 0)","포켓몬스터 소울실버 (Korea, IPGK, header ROM version 0)",/a/1/6/9,equal,337,337,,,82e83286f5f5a6f28ac91ebb2d724139efa466f1ab6de6b3217562cf10f7cac2,82e83286f5f5a6f28ac91ebb2d724139efa466f1ab6de6b3217562cf10f7cac2,20,20,,
"포켓몬스터 하트골드 (Korea, IPKK, header ROM version 0)","포켓몬스터 소울실버 (Korea, IPGK, header ROM version 0)",/a/1/6/9,equal,338,338,,,924a65918adf968f6b633252e7a8d1956122fcb79ceeb27708289bce217ff350,924a65918adf968f6b633252e7a8d1956122fcb79ceeb27708289bce217ff350,20,20,,
"포켓몬스터 하트골드 (Korea, IPKK, header ROM version 0)","포켓몬스터 소울실버 (Korea, IPGK, header ROM version 0)",/a/1/6/9,equal,339,339,,,924a65918adf968f6b633252e7a8d1956122fcb79ceeb27708289bce217ff350,924a65918adf968f6b633252e7a8d1956122fcb79ceeb27708289bce217ff350,20,20,,
"포켓몬스터 하트골드 (Korea, IPKK, header ROM version 0)","포켓몬스터 소울실버 (Korea, IPGK, header ROM version 0)",/a/1/6/9,equal,340,340,,,68c285b1c70ad00fa81851d6d6a69ec6f82e2c9c3bf22746843d63f6dcbd80bb,68c285b1c70ad00fa81851d6d6a69ec6f82e2c9c3bf22746843d63f6dcbd80bb,20,20,,
"포켓몬스터 하트골드 (Korea, IPKK, header ROM version 0)","포켓몬스터 소울실버 (Korea, IPGK, header ROM version 0)",/a/1/6/9,equal,341,341,,,f4bd7862ae6a249b83e27a23ce726571f44d7ea34d7081d24944cffa5d24ee7d,f4bd7862ae6a249b83e27a23ce726571f44d7ea34d7081d24944cffa5d24ee7d,20,20,,
"포켓몬스터 하트골드 (Korea, IPKK, header ROM version 0)","포켓몬스터 소울실버 (Korea, IPGK, header ROM version 0)",/a/1/6/9,equal,342,342,,,8cfe0e75d76e412c459193ba7fb2f0161faaf1b042106293d884d2b5eadf3987,8cfe0e75d76e412c459193ba7fb2f0161faaf1b042106293d884d2b5eadf3987,20,20,,
"포켓몬스터 하트골드 (Korea, IPKK, header ROM version 0)","포켓몬스터 소울실버 (Korea, IPGK, header ROM version 0)",/a/1/6/9,equal,343,343,,,52975ea703224632323fa59807af73ab1cf5ae3a44dbac90d6f4b6e87efee7f3,52975ea703224632323fa59807af73ab1cf5ae3a44dbac90d6f4b6e87efee7f3,20,20,,
"포켓몬스터 하트골드 (Korea, IPKK, header ROM version 0)","포켓몬스터 소울실버 (Korea, IPGK, header ROM version 0)",/a/1/6/9,equal,344,344,,,58da1e4cb4ade74d7095b6d843a5264aea87d2851b9aed6f1c19eb65cf109363,58da1e4cb4ade74d7095b6d843a5264aea87d2851b9aed6f1c19eb65cf109363,20,20,,
"포켓몬스터 하트골드 (Korea, IPKK, header ROM version 0)","포켓몬스터 소울실버 (Korea, IPGK, header ROM version 0)",/a/1/6/9,equal,345,345,,,cee144b0ae41fe64eb36d4af8b10703409e8e50c80873fcac800159988e67b92,cee144b0ae41fe64eb36d4af8b10703409e8e50c80873fcac800159988e67b92,20,20,,
"포켓몬스터 하트골드 (Korea, IPKK, header ROM version 0)","포켓몬스터 소울실버 (Korea, IPGK, header ROM version 0)",/a/1/6/9,equal,346,346,,,15cc65294ba375e3279081c8dc1ba6f79806ab8db6b928aea8653e4e0710ea1e,15cc65294ba375e3279081c8dc1ba6f79806ab8db6b928aea8653e4e0710ea1e,20,20,,
"포켓몬스터 하트골드 (Korea, IPKK, header ROM version 0)","포켓몬스터 소울실버 (Korea, IPGK, header ROM version 0)",/a/1/6/9,equal,347,347,,,6007143946b909da7c728c71da3b2edde79e68e3f25e794c6dd314775d89efdf,6007143946b909da7c728c71da3b2edde79e68e3f25e794c6dd314775d89efdf,20,20,,
"포켓몬스터 하트골드 (Korea, IPKK, header ROM version 0)","포켓몬스터 소울실버 (Korea, IPGK, header ROM version 0)",/a/1/6/9,equal,348,348,,,ca21740063d63b8a3cfa991a6df37bcfe1ebb52ea87d7051c6a8b44f45d77c30,ca21740063d63b8a3cfa991a6df37bcfe1ebb52ea87d7051c6a8b44f45d77c30,20,20,,
"포켓몬스터 하트골드 (Korea, IPKK, header ROM version 0)","포켓몬스터 소울실버 (Korea, IPGK, header ROM version 0)",/a/1/6/9,equal,349,349,,,f4865684303234df084cddea5536be08a6a48688587ed83a12c1e1005c7e0fa4,f4865684303234df084cddea5536be08a6a48688587ed83a12c1e1005c7e0fa4,20,20,,
"포켓몬스터 하트골드 (Korea, IPKK, header ROM version 0)","포켓몬스터 소울실버 (Korea, IPGK, header ROM version 0)",/a/1/6/9,equal,350,350,,,88d65d1a72f1ec270a45f50d7bd2cd0230187e2862687ec79abb1af46f49e3a4,88d65d1a72f1ec270a45f50d7bd2cd0230187e2862687ec79abb1af46f49e3a4,20,20,,
"포켓몬스터 하트골드 (Korea, IPKK, header ROM version 0)","포켓몬스터 소울실버 (Korea, IPGK, header ROM version 0)",/a/1/6/9,equal,351,351,,,055b64740d01874200e9578cd74451cbb34984c60ed255f2ed344ad2cd0d0af8,055b64740d01874200e9578cd74451cbb34984c60ed255f2ed344ad2cd0d0af8,20,20,,
"포켓몬스터 하트골드 (Korea, IPKK, header ROM version 0)","포켓몬스터 소울실버 (Korea, IPGK, header ROM version 0)",/a/1/6/9,equal,352,352,,,9c47ac1999d991335c2da7b3372320b2ab216820dc43b19fe5b3c95ab472a2f3,9c47ac1999d991335c2da7b3372320b2ab216820dc43b19fe5b3c95ab472a2f3,20,20,,
"포켓몬스터 하트골드 (Korea, IPKK, header ROM version 0)","포켓몬스터 소울실버 (Korea, IPGK, header ROM version 0)",/a/1/6/9,equal,353,353,,,4b64d11eb3a857169f1ebaede3a0cffcdc9ef6cd80e71c69908d685d232221d5,4b64d11eb3a857169f1ebaede3a0cffcdc9ef6cd80e71c69908d685d232221d5,20,20,,
"포켓몬스터 하트골드 (Korea, IPKK, header ROM version 0)","포켓몬스터 소울실버 (Korea, IPGK, header ROM version 0)",/a/1/6/9,equal,354,354,,,84c8b7081f830efd0756e109c1acce4b050558eab5ec79ae763846ac1fe5a366,84c8b7081f830efd0756e109c1acce4b050558eab5ec79ae763846ac1fe5a366,20,20,,
"포켓몬스터 하트골드 (Korea, IPKK, header ROM version 0)","포켓몬스터 소울실버 (Korea, IPGK, header ROM version 0)",/a/1/6/9,equal,355,355,,,24c5f76d30fb79ca9684d0a8f78aff0a2d1703c274e04a8cf41852ace6d2e6c0,24c5f76d30fb79ca9684d0a8f78aff0a2d1703c274e04a8cf41852ace6d2e6c0,20,20,,
"포켓몬스터 하트골드 (Korea, IPKK, header ROM version 0)","포켓몬스터 소울실버 (Korea, IPGK, header ROM version 0)",/a/1/6/9,equal,356,356,,,237e86c660abed739a6b320829c577473a66f32ecfafffd4101b3cd305a5b734,237e86c660abed739a6b320829c577473a66f32ecfafffd4101b3cd305a5b734,20,20,,
"포켓몬스터 하트골드 (Korea, IPKK, header ROM version 0)","포켓몬스터 소울실버 (Korea, IPGK, header ROM version 0)",/a/1/6/9,equal,357,357,,,c3f4ae9a6cd71b7c441d6d245ba3ca3b5c28ba70b1104dea587d34a7c73fdc87,c3f4ae9a6cd71b7c441d6d245ba3ca3b5c28ba70b1104dea587d34a7c73fdc87,20,20,,
"포켓몬스터 하트골드 (Korea, IPKK, header ROM version 0)","포켓몬스터 소울실버 (Korea, IPGK, header ROM version 0)",/a/1/6/9,equal,358,358,,,78478a4de52dc36cc70c25c7dbdb2007f39dabbf7e4ba69d75fd10fd29589043,78478a4de52dc36cc70c25c7dbdb2007f39dabbf7e4ba69d75fd10fd29589043,20,20,,
"포켓몬스터 하트골드 (Korea, IPKK, header ROM version 0)","포켓몬스터 소울실버 (Korea, IPGK, header ROM version 0)",/a/1/6/9,equal,359,359,,,b6646f4d6a2058bcd8251babe0f0d90e15352f75adcd5e7d1c10883797858f80,b6646f4d6a2058bcd8251babe0f0d90e15352f75adcd5e7d1c10883797858f80,20,20,,
"포켓몬스터 하트골드 (Korea, IPKK, header ROM version 0)","포켓몬스터 소울실버 (Korea, IPGK, header ROM version 0)",/a/1/6/9,equal,360,360,,,cd2a0476e0b763f6f8548ee8fdbf8e40be6d7a8e8b75d043ea5a21476f0ce52c,cd2a0476e0b763f6f8548ee8fdbf8e40be6d7a8e8b75d043ea5a21476f0ce52c,20,20,,
"포켓몬스터 하트골드 (Korea, IPKK, header ROM version 0)","포켓몬스터 소울실버 (Korea, IPGK, header ROM version 0)",/a/1/6/9,equal,361,361,,,1b3b3d4e151df3bd86950ab9364a507d475aa8744500091be23a1aab5d02ae2d,1b3b3d4e151df3bd86950ab9364a507d475aa8744500091be23a1aab5d02ae2d,20,20,,
"포켓몬스터 하트골드 (Korea, IPKK, header ROM version 0)","포켓몬스터 소울실버 (Korea, IPGK, header ROM version 0)",/a/1/6/9,equal,362,362,,,587650b1ff34e5e9d305e2ac810cf5ebb01e4f6c54c436d051bfe63b3bb2c299,587650b1ff34e5e9d305e2ac810cf5ebb01e4f6c54c436d051bfe63b3bb2c299,20,20,,
"포켓몬스터 하트골드 (Korea, IPKK, header ROM version 0)","포켓몬스터 소울실버 (Korea, IPGK, header ROM version 0)",/a/1/6/9,equal,363,363,,,4dda39ea291906ae062c46ef8254b24bd3ecd3b5c7387f74d4c84d36dc8f80f7,4dda39ea291906ae062c46ef8254b24bd3ecd3b5c7387f74d4c84d36dc8f80f7,20,20,,
"포켓몬스터 하트골드 (Korea, IPKK, header ROM version 0)","포켓몬스터 소울실버 (Korea, IPGK, header ROM version 0)",/a/1/6/9,equal,364,364,,,9946ec3d4a9fcb12448184b7d340249278b43cfd3282c9a7d4164e616d4ac37a,9946ec3d4a9fcb12448184b7d340249278b43cfd3282c9a7d4164e616d4ac37a,20,20,,
"포켓몬스터 하트골드 (Korea, IPKK, header ROM version 0)","포켓몬스터 소울실버 (Korea, IPGK, header ROM version 0)",/a/1/6/9,equal,365,365,,,f44e4fd283ad21ea967ceaa773357a53eed69d3a6e48840d87bc63bff9556959,f44e4fd283ad21ea967ceaa773357a53eed69d3a6e48840d87bc63bff9556959,20,20,,
"포켓몬스터 하트골드 (Korea, IPKK, header ROM version 0)","포켓몬스터 소울실버 (Korea, IPGK, header ROM version 0)",/a/1/6/9,equal,366,366,,,af6e08cc4d855b7abaec0278cbed71b999d1b5bd56ab9ed15da94c87ea85999a,af6e08cc4d855b7abaec0278cbed71b999d1b5bd56ab9ed15da94c87ea85999a,20,20,,
"포켓몬스터 하트골드 (Korea, IPKK, header ROM version 0)","포켓몬스터 소울실버 (Korea, IPGK, header ROM version 0)",/a/1/6/9,equal,367,367,,,f7f97ba26aac59ee93c9944b763c7d07444983c9ab85eb3e3e6db3d95d136ebb,f7f97ba26aac59ee93c9944b763c7d07444983c9ab85eb3e3e6db3d95d136ebb,20,20,,
"포켓몬스터 하트골드 (Korea, IPKK, header ROM version 0)","포켓몬스터 소울실버 (Korea, IPGK, header ROM version 0)",/a/1/6/9,equal,368,368,,,0e2379cd2712f5f8f9959a014e8d157256ceae7f2f03aaa2b0ea8a4789ee8d3a,0e2379cd2712f5f8f9959a014e8d157256ceae7f2f03aaa2b0ea8a4789ee8d3a,20,20,,
"포켓몬스터 하트골드 (Korea, IPKK, header ROM version 0)","포켓몬스터 소울실버 (Korea, IPGK, header ROM version 0)",/a/1/6/9,equal,369,369,,,14f627c1f34ed4befa3dc088d3ffc819644f400cec0c5210a622b88da1dc3f9f,14f627c1f34ed4befa3dc088d3ffc819644f400cec0c5210a622b88da1dc3f9f,20,20,,
"포켓몬스터 하트골드 (Korea, IPKK, header ROM version 0)","포켓몬스터 소울실버 (Korea, IPGK, header ROM version 0)",/a/1/6/9,equal,370,370,,,a0009cf555ba92f034f6670b433cf4ec76d6ad4e0718ac310abd8867215d6cdb,a0009cf555ba92f034f6670b433cf4ec76d6ad4e0718ac310abd8867215d6cdb,20,20,,
"포켓몬스터 하트골드 (Korea, IPKK, header ROM version 0)","포켓몬스터 소울실버 (Korea, IPGK, header ROM version 0)",/a/1/6/9,equal,371,371,,,172f13b6aff82353af5338267cc4cf793f3f6f6458119daa850420e9677b0c39,172f13b6aff82353af5338267cc4cf793f3f6f6458119daa850420e9677b0c39,20,20,,
"포켓몬스터 하트골드 (Korea, IPKK, header ROM version 0)","포켓몬스터 소울실버 (Korea, IPGK, header ROM version 0)",/a/1/6/9,equal,372,372,,,7df7732c1e6ca8b7de41b94d295beb5c5c90732750ca196f46033363a1b0e9e5,7df7732c1e6ca8b7de41b94d295beb5c5c90732750ca196f46033363a1b0e9e5,20,20,,
"포켓몬스터 하트골드 (Korea, IPKK, header ROM version 0)","포켓몬스터 소울실버 (Korea, IPGK, header ROM version 0)",/a/1/6/9,equal,373,373,,,c86ab5745999732ce174feb84b6d53eb05c8d8899b2b6d9ee4aad21476d32dd9,c86ab5745999732ce174feb84b6d53eb05c8d8899b2b6d9ee4aad21476d32dd9,20,20,,
"포켓몬스터 하트골드 (Korea, IPKK, header ROM version 0)","포켓몬스터 소울실버 (Korea, IPGK, header ROM version 0)",/a/1/6/9,equal,374,374,,,00741b2a64a5ad2181c90c0c8993db3cf2f69888d87a0e7091c7c338386c685d,00741b2a64a5ad2181c90c0c8993db3cf2f69888d87a0e7091c7c338386c685d,20,20,,
"포켓몬스터 하트골드 (Korea, IPKK, header ROM version 0)","포켓몬스터 소울실버 (Korea, IPGK, header ROM version 0)",/a/1/6/9,equal,375,375,,,0570bcde85177a81b77ef1c75ed419b67649397401bd1889800232c23316c3ce,0570bcde85177a81b77ef1c75ed419b67649397401bd1889800232c23316c3ce,20,20,,
"포켓몬스터 하트골드 (Korea, IPKK, header ROM version 0)","포켓몬스터 소울실버 (Korea, IPGK, header ROM version 0)",/a/1/6/9,equal,376,376,,,b5660c5e45a9c2c99a5a128f58cbafc33d3f2b679e2d3f79a77164c791984033,b5660c5e45a9c2c99a5a128f58cbafc33d3f2b679e2d3f79a77164c791984033,20,20,,
"포켓몬스터 하트골드 (Korea, IPKK, header ROM version 0)","포켓몬스터 소울실버 (Korea, IPGK, header ROM version 0)",/a/1/6/9,equal,377,377,,,1fcdd4dd3a1df6d092059afd00c0cce522103fc8c6aadfc4c066993eb973e17f,1fcdd4dd3a1df6d092059afd00c0cce522103fc8c6aadfc4c066993eb973e17f,20,20,,
"포켓몬스터 하트골드 (Korea, IPKK, header ROM version 0)","포켓몬스터 소울실버 (Korea, IPGK, header ROM version 0)",/a/1/6/9,equal,378,378,,,42176532a2b6e842272646c83a9c20252f386ada65a62f275a40318ed5164d4e,42176532a2b6e842272646c83a9c20252f386ada65a62f275a40318ed5164d4e,20,20,,
"포켓몬스터 하트골드 (Korea, IPKK, header ROM version 0)","포켓몬스터 소울실버 (Korea, IPGK, header ROM version 0)",/a/1/6/9,equal,379,379,,,5dc43fee129a983e5ad9c96cec426b8fd1666572e80d9d959de0077750029a16,5dc43fee129a983e5ad9c96cec426b8fd1666572e80d9d959de0077750029a16,20,20,,
"포켓몬스터 하트골드 (Korea, IPKK, header ROM version 0)","포켓몬스터 소울실버 (Korea, IPGK, header ROM version 0)",/a/1/6/9,equal,380,380,,,8a9d8fcda0a664cf8a8a83e61481a53d904710e4ad44e204788048a84492b974,8a9d8fcda0a664cf8a8a83e61481a53d904710e4ad44e204788048a84492b974,20,20,,
"포켓몬스터 하트골드 (Korea, IPKK, header ROM version 0)","포켓몬스터 소울실버 (Korea, IPGK, header ROM version 0)",/a/1/6/9,equal,381,381,,,499dcf787e0515622fd9fa24884223a7a426076ad247d7893c81012faa571390,499dcf787e0515622fd9fa24884223a7a426076ad247d7893c81012faa571390,20,20,,
"포켓몬스터 하트골드 (Korea, IPKK, header ROM version 0)","포켓몬스터 소울실버 (Korea, IPGK, header ROM version 0)",/a/1/6/9,equal,382,382,,,42729e2df38fa6c3e08c03fb1504e37362e6d7601a638212a47f44ed08f5c0ac,42729e2df38fa6c3e08c03fb1504e37362e6d7601a638212a47f44ed08f5c0ac,20,20,,
"포켓몬스터 하트골드 (Korea, IPKK, header ROM version 0)","포켓몬스터 소울실버 (Korea, IPGK, header ROM version 0)",/a/1/6/9,equal,383,383,,,666feff735bd0c01f441aac00b4bc5ccdd8b54788a0bd6f0c2dff89c56fff1f0,666feff735bd0c01f441aac00b4bc5ccdd8b54788a0bd6f0c2dff89c56fff1f0,20,20,,
"포켓몬스터 하트골드 (Korea, IPKK, header ROM version 0)","포켓몬스터 소울실버 (Korea, IPGK, header ROM version 0)",/a/1/6/9,equal,384,384,,,3b6eaac97a1ec62a961f40027625c9209fd7696410d0125687fa8380e876785d,3b6eaac97a1ec62a961f40027625c9209fd7696410d0125687fa8380e876785d,20,20,,
"포켓몬스터 하트골드 (Korea, IPKK, header ROM version 0)","포켓몬스터 소울실버 (Korea, IPGK, header ROM version 0)",/a/1/6/9,equal,385,385,,,53643e6e5a12a7454075fd2a00527b82082a6822fb4e47d56196335a6d7764e3,53643e6e5a12a7454075fd2a00527b82082a6822fb4e47d56196335a6d7764e3,20,20,,
"포켓몬스터 하트골드 (Korea, IPKK, header ROM version 0)","포켓몬스터 소울실버 (Korea, IPGK, header ROM version 0)",/a/1/6/9,equal,386,386,,,4aa4f8221cee0af7f56e05fd71a68d7444adbb3bb60e03ea068cb5398ab8a2ff,4aa4f8221cee0af7f56e05fd71a68d7444adbb3bb60e03ea068cb5398ab8a2ff,20,20,,
"포켓몬스터 하트골드 (Korea, IPKK, header ROM version 0)","포켓몬스터 소울실버 (Korea, IPGK, header ROM version 0)",/a/1/6/9,equal,387,387,,,4db8ccfda4615da9fc75cbf18bc6d2932631950bec7d411c12cbbbee5bdb95f8,4db8ccfda4615da9fc75cbf18bc6d2932631950bec7d411c12cbbbee5bdb95f8,20,20,,
"포켓몬스터 하트골드 (Korea, IPKK, header ROM version 0)","포켓몬스터 소울실버 (Korea, IPGK, header ROM version 0)",/a/1/6/9,equal,388,388,,,a4c58401691f95b8f48306d762ad5249acc46261890fbbfd398fbcf49041b597,a4c58401691f95b8f48306d762ad5249acc46261890fbbfd398fbcf49041b597,20,20,,
"포켓몬스터 하트골드 (Korea, IPKK, header ROM version 0)","포켓몬스터 소울실버 (Korea, IPGK, header ROM version 0)",/a/1/6/9,equal,389,389,,,64d81c8c82da326f6a12651d35371f4559bb8fdae01bcee474093d2056bd2eaf,64d81c8c82da326f6a12651d35371f4559bb8fdae01bcee474093d2056bd2eaf,20,20,,
"포켓몬스터 하트골드 (Korea, IPKK, header ROM version 0)","포켓몬스터 소울실버 (Korea, IPGK, header ROM version 0)",/a/1/6/9,equal,390,390,,,44a78c24e8c32ee5ebb28d7da0df1010f293b2cda1f23253141e8dd799b0cbf2,44a78c24e8c32ee5ebb28d7da0df1010f293b2cda1f23253141e8dd799b0cbf2,20,20,,
"포켓몬스터 하트골드 (Korea, IPKK, header ROM version 0)","포켓몬스터 소울실버 (Korea, IPGK, header ROM version 0)",/a/1/6/9,equal,391,391,,,7aafaa350fb21a80eea71aa8506e14a6b28a648bd949b15bb02f6ddb9eb0ad60,7aafaa350fb21a80eea71aa8506e14a6b28a648bd949b15bb02f6ddb9eb0ad60,20,20,,
"포켓몬스터 하트골드 (Korea, IPKK, header ROM version 0)","포켓몬스터 소울실버 (Korea, IPGK, header ROM version 0)",/a/1/6/9,equal,392,392,,,9c190cb3518357bd82fd6eae72409c61fc2fa87ddba95f862e3e5ca3393f8554,9c190cb3518357bd82fd6eae72409c61fc2fa87ddba95f862e3e5ca3393f8554,20,20,,
"포켓몬스터 하트골드 (Korea, IPKK, header ROM version 0)","포켓몬스터 소울실버 (Korea, IPGK, header ROM version 0)",/a/1/6/9,equal,393,393,,,6849c2dd6755151e7652fce5390a538a3a15968e30295fc9637c35c37641e13d,6849c2dd6755151e7652fce5390a538a3a15968e30295fc9637c35c37641e13d,20,20,,
"포켓몬스터 하트골드 (Korea, IPKK, header ROM version 0)","포켓몬스터 소울실버 (Korea, IPGK, header ROM version 0)",/a/1/6/9,equal,394,394,,,215adae7345f3f17d4860d8d4a2ff27d0212df200b00fbb1b630891ff6e2f965,215adae7345f3f17d4860d8d4a2ff27d0212df200b00fbb1b630891ff6e2f965,20,20,,
"포켓몬스터 하트골드 (Korea, IPKK, header ROM version 0)","포켓몬스터 소울실버 (Korea, IPGK, header ROM version 0)",/a/1/6/9,equal,395,395,,,d02173dbeb119d240048afde92ab4bb51677992f3b270c80324408bcb741a1da,d02173dbeb119d240048afde92ab4bb51677992f3b270c80324408bcb741a1da,20,20,,
"포켓몬스터 하트골드 (Korea, IPKK, header ROM version 0)","포켓몬스터 소울실버 (Korea, IPGK, header ROM version 0)",/a/1/6/9,equal,396,396,,,0786c1e082aaf9b8fe998d16e04ca579703bfc306f8b5991049495cb4fc343b3,0786c1e082aaf9b8fe998d16e04ca579703bfc306f8b5991049495cb4fc343b3,20,20,,
"포켓몬스터 하트골드 (Korea, IPKK, header ROM version 0)","포켓몬스터 소울실버 (Korea, IPGK, header ROM version 0)",/a/1/6/9,equal,397,397,,,43a4a09bfeda54e7f11db1a92be338301ecec33d83cc937b2ad1581f05fcbcdd,43a4a09bfeda54e7f11db1a92be338301ecec33d83cc937b2ad1581f05fcbcdd,20,20,,
"포켓몬스터 하트골드 (Korea, IPKK, header ROM version 0)","포켓몬스터 소울실버 (Korea, IPGK, header ROM version 0)",/a/1/6/9,equal,398,398,,,22f48371d9fafe35d2915a01d0dbace419a96efbc17b8a73f8f7982c6c77441f,22f48371d9fafe35d2915a01d0dbace419a96efbc17b8a73f8f7982c6c77441f,20,20,,
"포켓몬스터 하트골드 (Korea, IPKK, header ROM version 0)","포켓몬스터 소울실버 (Korea, IPGK, header ROM version 0)",/a/1/6/9,equal,399,399,,,2051280c8aabddc9231328bab3cbeca3257d88eeddfd03c9e4ed2a3331f5e408,2051280c8aabddc9231328bab3cbeca3257d88eeddfd03c9e4ed2a3331f5e408,20,20,,
"포켓몬스터 하트골드 (Korea, IPKK, header ROM version 0)","포켓몬스터 소울실버 (Korea, IPGK, header ROM version 0)",/a/1/6/9,equal,400,400,,,49b18002d40fa03b0fe471b9507aa010b21a4ec93328060d8100505c797bc161,49b18002d40fa03b0fe471b9507aa010b21a4ec93328060d8100505c797bc161,20,20,,
"포켓몬스터 하트골드 (Korea, IPKK, header ROM version 0)","포켓몬스터 소울실버 (Korea, IPGK, header ROM version 0)",/a/1/6/9,equal,401,401,,,0b1e11e6d93b073bedddb20e8ececbb15c8acd6dd720708aa16f1ad93c8ba97a,0b1e11e6d93b073bedddb20e8ececbb15c8acd6dd720708aa16f1ad93c8ba97a,20,20,,
"포켓몬스터 하트골드 (Korea, IPKK, header ROM version 0)","포켓몬스터 소울실버 (Korea, IPGK, header ROM version 0)",/a/1/6/9,equal,402,402,,,47dc7788741b97d589ec625ef87af8ef069deb0c7e60d69eae430171aa31a09f,47dc7788741b97d589ec625ef87af8ef069deb0c7e60d69eae430171aa31a09f,20,20,,
"포켓몬스터 하트골드 (Korea, IPKK, header ROM version 0)","포켓몬스터 소울실버 (Korea, IPGK, header ROM version 0)",/a/1/6/9,equal,403,403,,,941ce81e7542133a30befd8723ff7b882be37dfeba6798ab7f2de6658fdf481c,941ce81e7542133a30befd8723ff7b882be37dfeba6798ab7f2de6658fdf481c,20,20,,
"포켓몬스터 하트골드 (Korea, IPKK, header ROM version 0)","포켓몬스터 소울실버 (Korea, IPGK, header ROM version 0)",/a/1/6/9,equal,404,404,,,b4d2014b972bf70818889208304e4f81df284137235888585b1dec542eda8cd0,b4d2014b972bf70818889208304e4f81df284137235888585b1dec542eda8cd0,20,20,,
"포켓몬스터 하트골드 (Korea, IPKK, header ROM version 0)","포켓몬스터 소울실버 (Korea, IPGK, header ROM version 0)",/a/1/6/9,equal,405,405,,,5e054d4465a9be0f0d0000716692b2a30f30185f5a64e447070ede932abc57ea,5e054d4465a9be0f0d0000716692b2a30f30185f5a64e447070ede932abc57ea,20,20,,
"포켓몬스터 하트골드 (Korea, IPKK, header ROM version 0)","포켓몬스터 소울실버 (Korea, IPGK, header ROM version 0)",/a/1/6/9,equal,406,406,,,3f8f8f0c60c9bf82c3a2752d46f4f5ec92f6d23a668af42851f25378baedd208,3f8f8f0c60c9bf82c3a2752d46f4f5ec92f6d23a668af42851f25378baedd208,20,20,,
"포켓몬스터 하트골드 (Korea, IPKK, header ROM version 0)","포켓몬스터 소울실버 (Korea, IPGK, header ROM version 0)",/a/1/6/9,equal,407,407,,,71f6662329f8306c4aab1b76510b4c49f5771fc531c90a5b35eff775c39f2a3e,71f6662329f8306c4aab1b76510b4c49f5771fc531c90a5b35eff775c39f2a3e,20,20,,
"포켓몬스터 하트골드 (Korea, IPKK, header ROM version 0)","포켓몬스터 소울실버 (Korea, IPGK, header ROM version 0)",/a/1/6/9,equal,408,408,,,29508bcdf8f44cf693ea5cd22c526edb9d834312c79d10e225a5ccb64585fe19,29508bcdf8f44cf693ea5cd22c526edb9d834312c79d10e225a5ccb64585fe19,20,20,,
"포켓몬스터 하트골드 (Korea, IPKK, header ROM version 0)","포켓몬스터 소울실버 (Korea, IPGK, header ROM version 0)",/a/1/6/9,equal,409,409,,,6ad3027b49d425691e15106b6f943981ad32bd0bfee8e75868afb64592fcfdd5,6ad3027b49d425691e15106b6f943981ad32bd0bfee8e75868afb64592fcfdd5,20,20,,
"포켓몬스터 하트골드 (Korea, IPKK, header ROM version 0)","포켓몬스터 소울실버 (Korea, IPGK, header ROM version 0)",/a/1/6/9,equal,410,410,,,3d8a15f51553ca46d55f6c1fe6743d8e03eae354790404baf107626255778677,3d8a15f51553ca46d55f6c1fe6743d8e03eae354790404baf107626255778677,20,20,,
"포켓몬스터 하트골드 (Korea, IPKK, header ROM version 0)","포켓몬스터 소울실버 (Korea, IPGK, header ROM version 0)",/a/1/6/9,equal,411,411,,,e3310889f31cca9a046858f57ef5dd23cfe94c6756819738ee8eb03df697921b,e3310889f31cca9a046858f57ef5dd23cfe94c6756819738ee8eb03df697921b,20,20,,
"포켓몬스터 하트골드 (Korea, IPKK, header ROM version 0)","포켓몬스터 소울실버 (Korea, IPGK, header ROM version 0)",/a/1/6/9,equal,412,412,,,585ea1731a0f2189e742773e0ab59acd7fced52789c8acd3b23bdca4331d0e12,585ea1731a0f2189e742773e0ab59acd7fced52789c8acd3b23bdca4331d0e12,20,20,,
"포켓몬스터 하트골드 (Korea, IPKK, header ROM version 0)","포켓몬스터 소울실버 (Korea, IPGK, header ROM version 0)",/a/1/6/9,equal,413,413,,,0ad63e112e66469373bbd6ed379277798ff6f8ffb4ba9ec08574de9b07b69a07,0ad63e112e66469373bbd6ed379277798ff6f8ffb4ba9ec08574de9b07b69a07,20,20,,
"포켓몬스터 하트골드 (Korea, IPKK, header ROM version 0)","포켓몬스터 소울실버 (Korea, IPGK, header ROM version 0)",/a/1/6/9,equal,414,414,,,cc822d023e86170f0aa3360dbf4159a4bf4bed78c4574cb9fd14e8a2ee2bf23b,cc822d023e86170f0aa3360dbf4159a4bf4bed78c4574cb9fd14e8a2ee2bf23b,20,20,,
"포켓몬스터 하트골드 (Korea, IPKK, header ROM version 0)","포켓몬스터 소울실버 (Korea, IPGK, header ROM version 0)",/a/1/6/9,equal,415,415,,,0317b26772b1d943bdaf56be93d4dad0c5b57c3e6fcd7ddf3db0e05f93a41bd4,0317b26772b1d943bdaf56be93d4dad0c5b57c3e6fcd7ddf3db0e05f93a41bd4,20,20,,
"포켓몬스터 하트골드 (Korea, IPKK, header ROM version 0)","포켓몬스터 소울실버 (Korea, IPGK, header ROM version 0)",/a/1/6/9,equal,416,416,,,bb41bf48ca25e144ab5a9cdb5fd0565ad55b89020235f5a8f1db083e3b4bc5df,bb41bf48ca25e144ab5a9cdb5fd0565ad55b89020235f5a8f1db083e3b4bc5df,20,20,,
"포켓몬스터 하트골드 (Korea, IPKK, header ROM version 0)","포켓몬스터 소울실버 (Korea, IPGK, header ROM version 0)",/a/1/6/9,equal,417,417,,,4285dd015d72c42d952e9010f3226327c5cd1b5636ad20bedda181b08806c65b,4285dd015d72c42d952e9010f3226327c5cd1b5636ad20bedda181b08806c65b,20,20,,
"포켓몬스터 하트골드 (Korea, IPKK, header ROM version 0)","포켓몬스터 소울실버 (Korea, IPGK, header ROM version 0)",/a/1/6/9,equal,418,418,,,7ffbe00f8551900c79254be29795e19f4c9398eaca28968c592e1322376c4052,7ffbe00f8551900c79254be29795e19f4c9398eaca28968c592e1322376c4052,20,20,,
"포켓몬스터 하트골드 (Korea, IPKK, header ROM version 0)","포켓몬스터 소울실버 (Korea, IPGK, header ROM version 0)",/a/1/6/9,equal,419,419,,,d3b959e376e343ca05f50da6316b04b779852cc165d9875450677c3239f2858a,d3b959e376e343ca05f50da6316b04b779852cc165d9875450677c3239f2858a,20,20,,
"포켓몬스터 하트골드 (Korea, IPKK, header ROM version 0)","포켓몬스터 소울실버 (Korea, IPGK, header ROM version 0)",/a/1/6/9,equal,420,420,,,233fb478d12c2af4276cf8d99dc603ca16f39138715640896ceea8edab200285,233fb478d12c2af4276cf8d99dc603ca16f39138715640896ceea8edab200285,20,20,,
"포켓몬스터 하트골드 (Korea, IPKK, header ROM version 0)","포켓몬스터 소울실버 (Korea, IPGK, header ROM version 0)",/a/1/6/9,equal,421,421,,,ef481412a08059917dbdd5d686f1e26dcb6057bf53e12e1c33b40e0d138d07ac,ef481412a08059917dbdd5d686f1e26dcb6057bf53e12e1c33b40e0d138d07ac,20,20,,
"포켓몬스터 하트골드 (Korea, IPKK, header ROM version 0)","포켓몬스터 소울실버 (Korea, IPGK, header ROM version 0)",/a/1/6/9,equal,422,422,,,063d69b7027f38bbf32f1708a22cef02a3d571cdcde32fe9a18fc3b7c9606878,063d69b7027f38bbf32f1708a22cef02a3d571cdcde32fe9a18fc3b7c9606878,20,20,,
"포켓몬스터 하트골드 (Korea, IPKK, header ROM version 0)","포켓몬스터 소울실버 (Korea, IPGK, header ROM version 0)",/a/1/6/9,equal,423,423,,,829590c4082b3cd91a5a943cad9b4506125bb6509b0230c93bee61b9d221fada,829590c4082b3cd91a5a943cad9b4506125bb6509b0230c93bee61b9d221fada,20,20,,
"포켓몬스터 하트골드 (Korea, IPKK, header ROM version 0)","포켓몬스터 소울실버 (Korea, IPGK, header ROM version 0)",/a/1/6/9,equal,424,424,,,993aebb5bf567a3c4968738e3d40f756f7d7700a545b1a4a0997d87c3c226e98,993aebb5bf567a3c4968738e3d40f756f7d7700a545b1a4a0997d87c3c226e98,20,20,,
"포켓몬스터 하트골드 (Korea, IPKK, header ROM version 0)","포켓몬스터 소울실버 (Korea, IPGK, header ROM version 0)",/a/1/6/9,equal,425,425,,,ac6d004805d54c1796d4dc92ed2e7d62f3fc2c249aa4aaa6873e73a7962dabcd,ac6d004805d54c1796d4dc92ed2e7d62f3fc2c249aa4aaa6873e73a7962dabcd,20,20,,
"포켓몬스터 하트골드 (Korea, IPKK, header ROM version 0)","포켓몬스터 소울실버 (Korea, IPGK, header ROM version 0)",/a/1/6/9,equal,426,426,,,33e6d315497b75847a5730df20731fdd678cce622d1b9bf859caa80717f62056,33e6d315497b75847a5730df20731fdd678cce622d1b9bf859caa80717f62056,20,20,,
"포켓몬스터 하트골드 (Korea, IPKK, header ROM version 0)","포켓몬스터 소울실버 (Korea, IPGK, header ROM version 0)",/a/1/6/9,equal,427,427,,,8abcac8be29debd0b987523a95cb02bfa4678b22cae1b4967bb931b805e49fcb,8abcac8be29debd0b987523a95cb02bfa4678b22cae1b4967bb931b805e49fcb,20,20,,
"포켓몬스터 하트골드 (Korea, IPKK, header ROM version 0)","포켓몬스터 소울실버 (Korea, IPGK, header ROM version 0)",/a/1/6/9,equal,428,428,,,201cb86086cf48bf563f06faf07dc1f3cb5ad3871d1145e9636d578b55b93b26,201cb86086cf48bf563f06faf07dc1f3cb5ad3871d1145e9636d578b55b93b26,20,20,,
"포켓몬스터 하트골드 (Korea, IPKK, header ROM version 0)","포켓몬스터 소울실버 (Korea, IPGK, header ROM version 0)",/a/1/6/9,equal,429,429,,,9d58d5cfe2c65962d4e1fdefb440325e4a5fb74f4b5f8dc16cfa23bde2f6f0fd,9d58d5cfe2c65962d4e1fdefb440325e4a5fb74f4b5f8dc16cfa23bde2f6f0fd,20,20,,
"포켓몬스터 하트골드 (Korea, IPKK, header ROM version 0)","포켓몬스터 소울실버 (Korea, IPGK, header ROM version 0)",/a/1/6/9,equal,430,430,,,f0584539fdb76e1bc5b470ab3cadabf1d2405f3c71257e3e0854767277d6c8d7,f0584539fdb76e1bc5b470ab3cadabf1d2405f3c71257e3e0854767277d6c8d7,20,20,,
"포켓몬스터 하트골드 (Korea, IPKK, header ROM version 0)","포켓몬스터 소울실버 (Korea, IPGK, header ROM version 0)",/a/1/6/9,equal,431,431,,,b9f3ad549c3a736dc2f89d121c6c4086dd769f9b00388250ca1f9f1ff5f17fbe,b9f3ad549c3a736dc2f89d121c6c4086dd769f9b00388250ca1f9f1ff5f17fbe,20,20,,
"포켓몬스터 하트골드 (Korea, IPKK, header ROM version 0)","포켓몬스터 소울실버 (Korea, IPGK, header ROM version 0)",/a/1/6/9,equal,432,432,,,d4f2ce6950b9a145cf564bfcc12558deabb8794d1bee90cb98cfc54ca537ed67,d4f2ce6950b9a145cf564bfcc12558deabb8794d1bee90cb98cfc54ca537ed67,20,20,,
"포켓몬스터 하트골드 (Korea, IPKK, header ROM version 0)","포켓몬스터 소울실버 (Korea, IPGK, header ROM version 0)",/a/1/6/9,equal,433,433,,,3f70934ef204e994385a8dc9826445156bef8537810ac6160383812c73e452a1,3f70934ef204e994385a8dc9826445156bef8537810ac6160383812c73e452a1,20,20,,
"포켓몬스터 하트골드 (Korea, IPKK, header ROM version 0)","포켓몬스터 소울실버 (Korea, IPGK, header ROM version 0)",/a/1/6/9,equal,434,434,,,4e37398ff5f1415bae5de85a54cc1237c3f62d8cbf1e9c12ef0ad0d3fb035536,4e37398ff5f1415bae5de85a54cc1237c3f62d8cbf1e9c12ef0ad0d3fb035536,20,20,,
"포켓몬스터 하트골드 (Korea, IPKK, header ROM version 0)","포켓몬스터 소울실버 (Korea, IPGK, header ROM version 0)",/a/1/6/9,equal,435,435,,,7dad5dba502f1736b22b0a00f3957bff3f982bc50dfb3ecb34df13c05c4bf815,7dad5dba502f1736b22b0a00f3957bff3f982bc50dfb3ecb34df13c05c4bf815,20,20,,
"포켓몬스터 하트골드 (Korea, IPKK, header ROM version 0)","포켓몬스터 소울실버 (Korea, IPGK, header ROM version 0)",/a/1/6/9,equal,436,436,,,36595db0f648e231e93735348facfdf7a12cf870b3b4e15ea0cade3b14a04681,36595db0f648e231e93735348facfdf7a12cf870b3b4e15ea0cade3b14a04681,20,20,,
"포켓몬스터 하트골드 (Korea, IPKK, header ROM version 0)","포켓몬스터 소울실버 (Korea, IPGK, header ROM version 0)",/a/1/6/9,equal,437,437,,,d0006601f098bada17b9f6183adb89b51284fdab01a1f190de4fc85a5e46a43c,d0006601f098bada17b9f6183adb89b51284fdab01a1f190de4fc85a5e46a43c,20,20,,
"포켓몬스터 하트골드 (Korea, IPKK, header ROM version 0)","포켓몬스터 소울실버 (Korea, IPGK, header ROM version 0)",/a/1/6/9,equal,438,438,,,30bb16e37d9eef6ee4a38188373e10dc62549585b3240557459d5397c31cebbe,30bb16e37d9eef6ee4a38188373e10dc62549585b3240557459d5397c31cebbe,20,20,,
"포켓몬스터 하트골드 (Korea, IPKK, header ROM version 0)","포켓몬스터 소울실버 (Korea, IPGK, header ROM version 0)",/a/1/6/9,equal,439,439,,,33ffca0f14fe72ab4c018540a881c8baab73433083cc7f133b3bdb127fe0f6e7,33ffca0f14fe72ab4c018540a881c8baab73433083cc7f133b3bdb127fe0f6e7,20,20,,
"포켓몬스터 하트골드 (Korea, IPKK, header ROM version 0)","포켓몬스터 소울실버 (Korea, IPGK, header ROM version 0)",/a/1/6/9,equal,440,440,,,d3873f9d5b66d51f7163095b917a06999ec2c247de4d6868f8b015950adc1e13,d3873f9d5b66d51f7163095b917a06999ec2c247de4d6868f8b015950adc1e13,20,20,,
"포켓몬스터 하트골드 (Korea, IPKK, header ROM version 0)","포켓몬스터 소울실버 (Korea, IPGK, header ROM version 0)",/a/1/6/9,equal,441,441,,,d097f26b5fa27a87e616c50b5eface8d01c0377332ca13f190798bc6206377ee,d097f26b5fa27a87e616c50b5eface8d01c0377332ca13f190798bc6206377ee,20,20,,
"포켓몬스터 하트골드 (Korea, IPKK, header ROM version 0)","포켓몬스터 소울실버 (Korea, IPGK, header ROM version 0)",/a/1/6/9,equal,442,442,,,3f0317c2d351a8398a58fe0d7faf275a2368b51b72e46d8176bd74d565e8daa0,3f0317c2d351a8398a58fe0d7faf275a2368b51b72e46d8176bd74d565e8daa0,20,20,,
"포켓몬스터 하트골드 (Korea, IPKK, header ROM version 0)","포켓몬스터 소울실버 (Korea, IPGK, header ROM version 0)",/a/1/6/9,equal,443,443,,,6f46836090ed552875f6964897e82e26474eae4634602792619ffcb33cb9f106,6f46836090ed552875f6964897e82e26474eae4634602792619ffcb33cb9f106,20,20,,
"포켓몬스터 하트골드 (Korea, IPKK, header ROM version 0)","포켓몬스터 소울실버 (Korea, IPGK, header ROM version 0)",/a/1/6/9,equal,444,444,,,a23ad41994f559731898a1d3abcc62bbba90558803915f11ea1f09fc4c327912,a23ad41994f559731898a1d3abcc62bbba90558803915f11ea1f09fc4c327912,20,20,,
"포켓몬스터 하트골드 (Korea, IPKK, header ROM version 0)","포켓몬스터 소울실버 (Korea, IPGK, header ROM version 0)",/a/1/6/9,equal,445,445,,,dc33976515e8a610670465a87862f29abf5cf0f74a39079b7887c7ea8ccfd962,dc33976515e8a610670465a87862f29abf5cf0f74a39079b7887c7ea8ccfd962,20,20,,
"포켓몬스터 하트골드 (Korea, IPKK, header ROM version 0)","포켓몬스터 소울실버 (Korea, IPGK, header ROM version 0)",/a/1/6/9,equal,446,446,,,1c558960be3101a77ad3f8a410a1cbd73aca6e3421924e7022f13710654c6e18,1c558960be3101a77ad3f8a410a1cbd73aca6e3421924e7022f13710654c6e18,20,20,,
"포켓몬스터 하트골드 (Korea, IPKK, header ROM version 0)","포켓몬스터 소울실버 (Korea, IPGK, header ROM version 0)",/a/1/6/9,equal,447,447,,,738f290d003d22ea82af3b69c10b47d27454e64fca964de2380adfd445becd40,738f290d003d22ea82af3b69c10b47d27454e64fca964de2380adfd445becd40,20,20,,
"포켓몬스터 하트골드 (Korea, IPKK, header ROM version 0)","포켓몬스터 소울실버 (Korea, IPGK, header ROM version 0)",/a/1/6/9,equal,448,448,,,3a80cbc01c4f8093df90f72799e32c723a4c3772595633950bbedb3763ddc558,3a80cbc01c4f8093df90f72799e32c723a4c3772595633950bbedb3763ddc558,20,20,,
"포켓몬스터 하트골드 (Korea, IPKK, header ROM version 0)","포켓몬스터 소울실버 (Korea, IPGK, header ROM version 0)",/a/1/6/9,equal,449,449,,,17e6293ec468b9f204d4b6ba6380cbec814971082e7ec1d1f768a53dd193398e,17e6293ec468b9f204d4b6ba6380cbec814971082e7ec1d1f768a53dd193398e,20,20,,
"포켓몬스터 하트골드 (Korea, IPKK, header ROM version 0)","포켓몬스터 소울실버 (Korea, IPGK, header ROM version 0)",/a/1/6/9,equal,450,450,,,74ebe9818c7dee57a88dc0fb41a34d6d2777482402d9903997010bdf3fbd3e3a,74ebe9818c7dee57a88dc0fb41a34d6d2777482402d9903997010bdf3fbd3e3a,20,20,,
"포켓몬스터 하트골드 (Korea, IPKK, header ROM version 0)","포켓몬스터 소울실버 (Korea, IPGK, header ROM version 0)",/a/1/6/9,equal,451,451,,,bd61fe9d68789262a38478543dedced9fc63c03f0bef03d1acd55f27ab7740a9,bd61fe9d68789262a38478543dedced9fc63c03f0bef03d1acd55f27ab7740a9,20,20,,
"포켓몬스터 하트골드 (Korea, IPKK, header ROM version 0)","포켓몬스터 소울실버 (Korea, IPGK, header ROM version 0)",/a/1/6/9,equal,452,452,,,67861d360b762f5f7fd3eb365734aeddc44be1a135e151866d55102a38749443,67861d360b762f5f7fd3eb365734aeddc44be1a135e151866d55102a38749443,20,20,,
"포켓몬스터 하트골드 (Korea, IPKK, header ROM version 0)","포켓몬스터 소울실버 (Korea, IPGK, header ROM version 0)",/a/1/6/9,equal,453,453,,,61378e453bc630bc2114857a4db2fcb3e42d7f8c1e3e63b0ae4eb2c5b8f4ee92,61378e453bc630bc2114857a4db2fcb3e42d7f8c1e3e63b0ae4eb2c5b8f4ee92,20,20,,
"포켓몬스터 하트골드 (Korea, IPKK, header ROM version 0)","포켓몬스터 소울실버 (Korea, IPGK, header ROM version 0)",/a/1/6/9,equal,454,454,,,9e83411a57b70461db53b662dad38484bbe4f36bacc0e238be3043540b4b312d,9e83411a57b70461db53b662dad38484bbe4f36bacc0e238be3043540b4b312d,20,20,,
"포켓몬스터 하트골드 (Korea, IPKK, header ROM version 0)","포켓몬스터 소울실버 (Korea, IPGK, header ROM version 0)",/a/1/6/9,equal,455,455,,,9a8a32a92608b1e9e27410bc526fdb42fa9824e1001f0e56d9c85b19d31ae9ec,9a8a32a92608b1e9e27410bc526fdb42fa9824e1001f0e56d9c85b19d31ae9ec,20,20,,
"포켓몬스터 하트골드 (Korea, IPKK, header ROM version 0)","포켓몬스터 소울실버 (Korea, IPGK, header ROM version 0)",/a/1/6/9,equal,456,456,,,494d76d9bd38ae3b16bd926ad26ce67b426b30993ff1570065fcf3ee93f3ba8a,494d76d9bd38ae3b16bd926ad26ce67b426b30993ff1570065fcf3ee93f3ba8a,20,20,,
"포켓몬스터 하트골드 (Korea, IPKK, header ROM version 0)","포켓몬스터 소울실버 (Korea, IPGK, header ROM version 0)",/a/1/6/9,equal,457,457,,,494d76d9bd38ae3b16bd926ad26ce67b426b30993ff1570065fcf3ee93f3ba8a,494d76d9bd38ae3b16bd926ad26ce67b426b30993ff1570065fcf3ee93f3ba8a,20,20,,
"포켓몬스터 하트골드 (Korea, IPKK, header ROM version 0)","포켓몬스터 소울실버 (Korea, IPGK, header ROM version 0)",/a/1/6/9,equal,458,458,,,a6e3c919e9df4a79848df2fd51c469a1a95294b46886b9df532754730db415bd,a6e3c919e9df4a79848df2fd51c469a1a95294b46886b9df532754730db415bd,20,20,,
"포켓몬스터 하트골드 (Korea, IPKK, header ROM version 0)","포켓몬스터 소울실버 (Korea, IPGK, header ROM version 0)",/a/1/6/9,equal,459,459,,,a6e3c919e9df4a79848df2fd51c469a1a95294b46886b9df532754730db415bd,a6e3c919e9df4a79848df2fd51c469a1a95294b46886b9df532754730db415bd,20,20,,
"포켓몬스터 하트골드 (Korea, IPKK, header ROM version 0)","포켓몬스터 소울실버 (Korea, IPGK, header ROM version 0)",/a/1/6/9,equal,460,460,,,e9f535c1b133c8d7e5c3c95f17b2e2e9d4f9da280e7c58f7a141d2f0283e1428,e9f535c1b133c8d7e5c3c95f17b2e2e9d4f9da280e7c58f7a141d2f0283e1428,20,20,,
"포켓몬스터 하트골드 (Korea, IPKK, header ROM version 0)","포켓몬스터 소울실버 (Korea, IPGK, header ROM version 0)",/a/1/6/9,equal,461,461,,,52b48b43f8c120a4d94c555ab880b4d63bd3b9dd18041780524a7a66e6068af7,52b48b43f8c120a4d94c555ab880b4d63bd3b9dd18041780524a7a66e6068af7,20,20,,
"포켓몬스터 하트골드 (Korea, IPKK, header ROM version 0)","포켓몬스터 소울실버 (Korea, IPGK, header ROM version 0)",/a/1/6/9,equal,462,462,,,7d7676b53f31bffb15d9fd5bf6377d07a9b640b09050b31a89d4583f328c9443,7d7676b53f31bffb15d9fd5bf6377d07a9b640b09050b31a89d4583f328c9443,20,20,,
"포켓몬스터 하트골드 (Korea, IPKK, header ROM version 0)","포켓몬스터 소울실버 (Korea, IPGK, header ROM version 0)",/a/1/6/9,equal,463,463,,,8f9c903bab233cc7e032e0b5783dae7e1ac4dceb3e6ada6d7633398d0d8c0dbd,8f9c903bab233cc7e032e0b5783dae7e1ac4dceb3e6ada6d7633398d0d8c0dbd,20,20,,
"포켓몬스터 하트골드 (Korea, IPKK, header ROM version 0)","포켓몬스터 소울실버 (Korea, IPGK, header ROM version 0)",/a/1/6/9,equal,464,464,,,103992729c64e35f988cb7ba9ec1bd6ce612f910d7e43100ec67073e23911a81,103992729c64e35f988cb7ba9ec1bd6ce612f910d7e43100ec67073e23911a81,20,20,,
"포켓몬스터 하트골드 (Korea, IPKK, header ROM version 0)","포켓몬스터 소울실버 (Korea, IPGK, header ROM version 0)",/a/1/6/9,equal,465,465,,,ddd25dfd0db1f4e4bb4995be491f1a104b4a037ce185f6527eff150b936a5f74,ddd25dfd0db1f4e4bb4995be491f1a104b4a037ce185f6527eff150b936a5f74,20,20,,
"포켓몬스터 하트골드 (Korea, IPKK, header ROM version 0)","포켓몬스터 소울실버 (Korea, IPGK, header ROM version 0)",/a/1/6/9,equal,466,466,,,69f1110174bf6350d3bc269bcb801550dd2dd17a71a4ce2ba5fff582fcb2c3b3,69f1110174bf6350d3bc269bcb801550dd2dd17a71a4ce2ba5fff582fcb2c3b3,20,20,,
"포켓몬스터 하트골드 (Korea, IPKK, header ROM version 0)","포켓몬스터 소울실버 (Korea, IPGK, header ROM version 0)",/a/1/6/9,equal,467,467,,,fd44113910c64bf28cd7446ea4c177be86e4656f744a3d44a9ab8737bbbeeaed,fd44113910c64bf28cd7446ea4c177be86e4656f744a3d44a9ab8737bbbeeaed,20,20,,
"포켓몬스터 하트골드 (Korea, IPKK, header ROM version 0)","포켓몬스터 소울실버 (Korea, IPGK, header ROM version 0)",/a/1/6/9,equal,468,468,,,cc4f01006d262aa843793daa882a7823abc081d798ab1a71359d38875d1c1bbb,cc4f01006d262aa843793daa882a7823abc081d798ab1a71359d38875d1c1bbb,20,20,,
"포켓몬스터 하트골드 (Korea, IPKK, header ROM version 0)","포켓몬스터 소울실버 (Korea, IPGK, header ROM version 0)",/a/1/6/9,equal,469,469,,,5597f6c386f3eb2ae773fe730f08db47ea3737d8c58fb6d96325fbca6e3b7748,5597f6c386f3eb2ae773fe730f08db47ea3737d8c58fb6d96325fbca6e3b7748,20,20,,
"포켓몬스터 하트골드 (Korea, IPKK, header ROM version 0)","포켓몬스터 소울실버 (Korea, IPGK, header ROM version 0)",/a/1/6/9,equal,470,470,,,3ccb29ba5ab95fa338f533aa3062ad6aed9e8dab22c1425a390fa4620fef5a26,3ccb29ba5ab95fa338f533aa3062ad6aed9e8dab22c1425a390fa4620fef5a26,20,20,,
"포켓몬스터 하트골드 (Korea, IPKK, header ROM version 0)","포켓몬스터 소울실버 (Korea, IPGK, header ROM version 0)",/a/1/6/9,equal,471,471,,,07c8a9fcd669f3062f280218edaf1d50600d7ac95f70ee218cc3ad11160a862c,07c8a9fcd669f3062f280218edaf1d50600d7ac95f70ee218cc3ad11160a862c,20,20,,
"포켓몬스터 하트골드 (Korea, IPKK, header ROM version 0)","포켓몬스터 소울실버 (Korea, IPGK, header ROM version 0)",/a/1/6/9,equal,472,472,,,f2cb8b901d717e68d23a1e8ec896968cbe2b59d308bc7fe274bdb221a1ddfefa,f2cb8b901d717e68d23a1e8ec896968cbe2b59d308bc7fe274bdb221a1ddfefa,20,20,,
"포켓몬스터 하트골드 (Korea, IPKK, header ROM version 0)","포켓몬스터 소울실버 (Korea, IPGK, header ROM version 0)",/a/1/6/9,equal,473,473,,,96a17f1454b3fdc6b5c4af77864c6eefd92ffe39305ee547a40f7b32222c98df,96a17f1454b3fdc6b5c4af77864c6eefd92ffe39305ee547a40f7b32222c98df,20,20,,
"포켓몬스터 하트골드 (Korea, IPKK, header ROM version 0)","포켓몬스터 소울실버 (Korea, IPGK, header ROM version 0)",/a/1/6/9,equal,474,474,,,090a3b7756ff0ab0f38d59ab658f5e2814ae351b31c2ebc258bd5e92f4a92371,090a3b7756ff0ab0f38d59ab658f5e2814ae351b31c2ebc258bd5e92f4a92371,20,20,,
"포켓몬스터 하트골드 (Korea, IPKK, header ROM version 0)","포켓몬스터 소울실버 (Korea, IPGK, header ROM version 0)",/a/1/6/9,equal,475,475,,,9e3f42c945c76fa02301d9aa41c976db50ee084a9748f3774ec0afaf89d23844,9e3f42c945c76fa02301d9aa41c976db50ee084a9748f3774ec0afaf89d23844,20,20,,
"포켓몬스터 하트골드 (Korea, IPKK, header ROM version 0)","포켓몬스터 소울실버 (Korea, IPGK, header ROM version 0)",/a/1/6/9,equal,476,476,,,07e213cd666e19f4f7e070d18dbdc1b3a22d2cd17613f9949555c2c455314484,07e213cd666e19f4f7e070d18dbdc1b3a22d2cd17613f9949555c2c455314484,20,20,,
"포켓몬스터 하트골드 (Korea, IPKK, header ROM version 0)","포켓몬스터 소울실버 (Korea, IPGK, header ROM version 0)",/a/1/6/9,equal,477,477,,,b00b873dbb7f739805b00d457d46e022efd0eeb9e86d24e251e2ae76fd7a9628,b00b873dbb7f739805b00d457d46e022efd0eeb9e86d24e251e2ae76fd7a9628,20,20,,
"포켓몬스터 하트골드 (Korea, IPKK, header ROM version 0)","포켓몬스터 소울실버 (Korea, IPGK, header ROM version 0)",/a/1/6/9,equal,478,478,,,147e5157beeeddb89ab2086756db743344ac64d0de1d777fe187c6dfe59c2b54,147e5157beeeddb89ab2086756db743344ac64d0de1d777fe187c6dfe59c2b54,20,20,,
"포켓몬스터 하트골드 (Korea, IPKK, header ROM version 0)","포켓몬스터 소울실버 (Korea, IPGK, header ROM version 0)",/a/1/6/9,equal,479,479,,,61a3fcc956bb6efbdc78db9634ea1b69470ca1f09037535326b51b2252ea474a,61a3fcc956bb6efbdc78db9634ea1b69470ca1f09037535326b51b2252ea474a,20,20,,
"포켓몬스터 하트골드 (Korea, IPKK, header ROM version 0)","포켓몬스터 소울실버 (Korea, IPGK, header ROM version 0)",/a/1/6/9,equal,480,480,,,ead576777ba8e16340a276b6cfd0df47230a18bdbb4f4b05fac9ca9d196904a4,ead576777ba8e16340a276b6cfd0df47230a18bdbb4f4b05fac9ca9d196904a4,20,20,,
"포켓몬스터 하트골드 (Korea, IPKK, header ROM version 0)","포켓몬스터 소울실버 (Korea, IPGK, header ROM version 0)",/a/1/6/9,equal,481,481,,,1a8e9b4681fa16cb19a4ce413ff5aed74930e4af3a8c18cfd809d16977e99833,1a8e9b4681fa16cb19a4ce413ff5aed74930e4af3a8c18cfd809d16977e99833,20,20,,
"포켓몬스터 하트골드 (Korea, IPKK, header ROM version 0)","포켓몬스터 소울실버 (Korea, IPGK, header ROM version 0)",/a/1/6/9,equal,482,482,,,850cc2164a62ae54ec923e40a53882ddee1e775c681463569f923d17a682f256,850cc2164a62ae54ec923e40a53882ddee1e775c681463569f923d17a682f256,20,20,,
"포켓몬스터 하트골드 (Korea, IPKK, header ROM version 0)","포켓몬스터 소울실버 (Korea, IPGK, header ROM version 0)",/a/1/6/9,equal,483,483,,,a1987c9b730a87e9818f9bae791d48a1c1f5a4d9f479f26a42903d99bfa74f07,a1987c9b730a87e9818f9bae791d48a1c1f5a4d9f479f26a42903d99bfa74f07,20,20,,
"포켓몬스터 하트골드 (Korea, IPKK, header ROM version 0)","포켓몬스터 소울실버 (Korea, IPGK, header ROM version 0)",/a/1/6/9,equal,484,484,,,f8b6ec0821a1cb3d4e307acd7f6b6604baf705ff3d891e38fee309b5b1b54f65,f8b6ec0821a1cb3d4e307acd7f6b6604baf705ff3d891e38fee309b5b1b54f65,20,20,,
"포켓몬스터 하트골드 (Korea, IPKK, header ROM version 0)","포켓몬스터 소울실버 (Korea, IPGK, header ROM version 0)",/a/1/6/9,equal,485,485,,,d884f6e8e6b73aa34f48a99ae2808d60e542a5185a7ffeabc8188235e31c2f93,d884f6e8e6b73aa34f48a99ae2808d60e542a5185a7ffeabc8188235e31c2f93,20,20,,
"포켓몬스터 하트골드 (Korea, IPKK, header ROM version 0)","포켓몬스터 소울실버 (Korea, IPGK, header ROM version 0)",/a/1/6/9,equal,486,486,,,7e8d4310845ad20705081388f1c579570a680f1c72fa276cf7813d0d818c1f92,7e8d4310845ad20705081388f1c579570a680f1c72fa276cf7813d0d818c1f92,20,20,,
"포켓몬스터 하트골드 (Korea, IPKK, header ROM version 0)","포켓몬스터 소울실버 (Korea, IPGK, header ROM version 0)",/a/1/6/9,equal,487,487,,,98a156b7082e50fc15495c33d22e11961f99d941c32801df3e601cdb1fc526de,98a156b7082e50fc15495c33d22e11961f99d941c32801df3e601cdb1fc526de,20,20,,
"포켓몬스터 하트골드 (Korea, IPKK, header ROM version 0)","포켓몬스터 소울실버 (Korea, IPGK, header ROM version 0)",/a/1/6/9,equal,488,488,,,0612c85b564af606f96ce37a9c9c1fecf2868ad6194f29513ab11c58f12793be,0612c85b564af606f96ce37a9c9c1fecf2868ad6194f29513ab11c58f12793be,20,20,,
"포켓몬스터 하트골드 (Korea, IPKK, header ROM version 0)","포켓몬스터 소울실버 (Korea, IPGK, header ROM version 0)",/a/1/6/9,equal,489,489,,,5032ad21662d0d2f0fe648eabe18e094f3bde54c8bcbc15baff203e433c64262,5032ad21662d0d2f0fe648eabe18e094f3bde54c8bcbc15baff203e433c64262,20,20,,
"포켓몬스터 하트골드 (Korea, IPKK, header ROM version 0)","포켓몬스터 소울실버 (Korea, IPGK, header ROM version 0)",/a/1/6/9,equal,490,490,,,6dc79c6171483a0a6832bcc1d56b2da5b865d3b08edb22a94e4b4f648180d352,6dc79c6171483a0a6832bcc1d56b2da5b865d3b08edb22a94e4b4f648180d352,20,20,,
"포켓몬스터 하트골드 (Korea, IPKK, header ROM version 0)","포켓몬스터 소울실버 (Korea, IPGK, header ROM version 0)",/a/1/6/9,equal,491,491,,,3c9b1085b65d79d1093106007129cc69aaddfdc46902c7e8047378c39108aa43,3c9b1085b65d79d1093106007129cc69aaddfdc46902c7e8047378c39108aa43,20,20,,
"포켓몬스터 하트골드 (Korea, IPKK, header ROM version 0)","포켓몬스터 소울실버 (Korea, IPGK, header ROM version 0)",/a/1/6/9,equal,492,492,,,ba7bae03c44ce85212201886d239a3952792d5f5827e9506e4fa4e7677d21907,ba7bae03c44ce85212201886d239a3952792d5f5827e9506e4fa4e7677d21907,20,20,,
"포켓몬스터 하트골드 (Korea, IPKK, header ROM version 0)","포켓몬스터 소울실버 (Korea, IPGK, header ROM version 0)",/a/1/6/9,equal,493,493,,,ca8ae9ebf661d62295e7afe1b1e8baedc1dc65e6bbfaea52f5152554ca9436b4,ca8ae9ebf661d62295e7afe1b1e8baedc1dc65e6bbfaea52f5152554ca9436b4,20,20,,
"포켓몬스터 하트골드 (Korea, IPKK, header ROM version 0)","포켓몬스터 소울실버 (Korea, IPGK, header ROM version 0)",/a/1/6/9,equal,494,494,,,284c082890778afe3f0fcd9d655f6e212e25907e0ad9005124fe37d4be7a856c,284c082890778afe3f0fcd9d655f6e212e25907e0ad9005124fe37d4be7a856c,20,20,,
"포켓몬스터 하트골드 (Korea, IPKK, header ROM version 0)","포켓몬스터 소울실버 (Korea, IPGK, header ROM version 0)",/a/1/6/9,equal,495,495,,,6fc7684ef48c481c611fe4f6046c9f6a054c00b3606a253556f9695c31ab8ede,6fc7684ef48c481c611fe4f6046c9f6a054c00b3606a253556f9695c31ab8ede,20,20,,
"포켓몬스터 하트골드 (Korea, IPKK, header ROM version 0)","포켓몬스터 소울실버 (Korea, IPGK, header ROM version 0)",/a/1/6/9,equal,496,496,,,15123f3f54b7c4cc5d280d5576afcfb177614ca6fc1e9f9669373b638d8dec32,15123f3f54b7c4cc5d280d5576afcfb177614ca6fc1e9f9669373b638d8dec32,20,20,,
"포켓몬스터 하트골드 (Korea, IPKK, header ROM version 0)","포켓몬스터 소울실버 (Korea, IPGK, header ROM version 0)",/a/1/6/9,equal,497,497,,,7fc9db0ffebb3a9f5a1966f63d645f7219d2e9b29bf75d87b555dcc306912f5e,7fc9db0ffebb3a9f5a1966f63d645f7219d2e9b29bf75d87b555dcc306912f5e,20,20,,
"포켓몬스터 하트골드 (Korea, IPKK, header ROM version 0)","포켓몬스터 소울실버 (Korea, IPGK, header ROM version 0)",/a/1/6/9,equal,498,498,,,3131affb77ab63a57bb24b8f075e18eea9e62ad6fa03bdc09e3bbdf98c424bf6,3131affb77ab63a57bb24b8f075e18eea9e62ad6fa03bdc09e3bbdf98c424bf6,20,20,,
"포켓몬스터 하트골드 (Korea, IPKK, header ROM version 0)","포켓몬스터 소울실버 (Korea, IPGK, header ROM version 0)",/a/1/6/9,equal,499,499,,,fb0af08a8dc62bee87ba3c324f5c589f0b90e117ea605ba8a14720058625cf0f,fb0af08a8dc62bee87ba3c324f5c589f0b90e117ea605ba8a14720058625cf0f,20,20,,
"포켓몬스터 하트골드 (Korea, IPKK, header ROM version 0)","포켓몬스터 소울실버 (Korea, IPGK, header ROM version 0)",/a/1/6/9,equal,500,500,,,8da5425884571b5081e3419ad99300a06747fb1bb68d09bfa364f9ed65cad8f2,8da5425884571b5081e3419ad99300a06747fb1bb68d09bfa364f9ed65cad8f2,20,20,,
"포켓몬스터 하트골드 (Korea, IPKK, header ROM version 0)","포켓몬스터 소울실버 (Korea, IPGK, header ROM version 0)",/a/1/6/9,equal,501,501,,,4990decb051a58f9b0872fd3ef12a83ecfbec2a54bc4e3bc460ec3d85de8f096,4990decb051a58f9b0872fd3ef12a83ecfbec2a54bc4e3bc460ec3d85de8f096,20,20,,
"포켓몬스터 하트골드 (Korea, IPKK, header ROM version 0)","포켓몬스터 소울실버 (Korea, IPGK, header ROM version 0)",/a/1/6/9,equal,502,502,,,e8c2746b93a35859ed46b1e2a6c270aa68f1c46c1220af24114999225ec782b9,e8c2746b93a35859ed46b1e2a6c270aa68f1c46c1220af24114999225ec782b9,20,20,,
"포켓몬스터 하트골드 (Korea, IPKK, header ROM version 0)","포켓몬스터 소울실버 (Korea, IPGK, header ROM version 0)",/a/1/6/9,equal,503,503,,,307417df1ff21694adcb7d4cd1929aff5c4cf4e063b8060e4ae10adfb8f14b25,307417df1ff21694adcb7d4cd1929aff5c4cf4e063b8060e4ae10adfb8f14b25,20,20,,
"포켓몬스터 하트골드 (Korea, IPKK, header ROM version 0)","포켓몬스터 소울실버 (Korea, IPGK, header ROM version 0)",/a/1/6/9,equal,504,504,,,5fb322cae506c04c4601819e4d0b8319dfff529226ade28a5beb26ae802acd91,5fb322cae506c04c4601819e4d0b8319dfff529226ade28a5beb26ae802acd91,20,20,,
"포켓몬스터 하트골드 (Korea, IPKK, header ROM version 0)","포켓몬스터 소울실버 (Korea, IPGK, header ROM version 0)",/a/1/6/9,equal,505,505,,,6d4ed5c3ee3aa40155af7aea971645707ebb3862c072d6bd80dd7bb32164b884,6d4ed5c3ee3aa40155af7aea971645707ebb3862c072d6bd80dd7bb32164b884,20,20,,
"포켓몬스터 하트골드 (Korea, IPKK, header ROM version 0)","포켓몬스터 소울실버 (Korea, IPGK, header ROM version 0)",/a/1/6/9,equal,506,506,,,4b7a3fde79fdd2ce24887adb3a97de6c416db6ef560617a5b38abe12bf1665e3,4b7a3fde79fdd2ce24887adb3a97de6c416db6ef560617a5b38abe12bf1665e3,20,20,,
"포켓몬스터 하트골드 (Korea, IPKK, header ROM version 0)","포켓몬스터 소울실버 (Korea, IPGK, header ROM version 0)",/a/1/6/9,equal,507,507,,,aac5821b2a3b5c97c3212584d2b923b00877d3e682faeb4d79843f57a0b691ec,aac5821b2a3b5c97c3212584d2b923b00877d3e682faeb4d79843f57a0b691ec,20,20,,
"포켓몬스터 하트골드 (Korea, IPKK, header ROM version 0)","포켓몬스터 소울실버 (Korea, IPGK, header ROM version 0)",/a/1/6/9,equal,508,508,,,7394dff96af84ff68183886c32be88abf654d8bb5498c57aeaadf38414578e28,7394dff96af84ff68183886c32be88abf654d8bb5498c57aeaadf38414578e28,20,20,,
"포켓몬스터 하트골드 (Korea, IPKK, header ROM version 0)","포켓몬스터 소울실버 (Korea, IPGK, header ROM version 0)",/a/1/6/9,equal,509,509,,,ac5ffe0ba28fbd24541391523ea9f7d325e024315ba3586ec84d9d02ed20ef08,ac5ffe0ba28fbd24541391523ea9f7d325e024315ba3586ec84d9d02ed20ef08,20,20,,
"포켓몬스터 하트골드 (Korea, IPKK, header ROM version 0)","포켓몬스터 소울실버 (Korea, IPGK, header ROM version 0)",/a/1/6/9,equal,510,510,,,5dd4133aee280d5ae18b27cf3c6d62aebf80cfe4b93c5b7a2b6cd49157967b5f,5dd4133aee280d5ae18b27cf3c6d62aebf80cfe4b93c5b7a2b6cd49157967b5f,20,20,,
"포켓몬스터 하트골드 (Korea, IPKK, header ROM version 0)","포켓몬스터 소울실버 (Korea, IPGK, header ROM version 0)",/a/1/6/9,equal,511,511,,,dd5579fd2e1ba08ac26ccb066883fe1686732a8be8a7d58c541129701d8c218c,dd5579fd2e1ba08ac26ccb066883fe1686732a8be8a7d58c541129701d8c218c,20,20,,
"포켓몬스터 하트골드 (Korea, IPKK, header ROM version 0)","포켓몬스터 소울실버 (Korea, IPGK, header ROM version 0)",/a/1/6/9,equal,512,512,,,5643af4c5230ca9dad1a0e32a1c0001573616ab0bf52395dac65a2ade336f932,5643af4c5230ca9dad1a0e32a1c0001573616ab0bf52395dac65a2ade336f932,20,20,,
"포켓몬스터 하트골드 (Korea, IPKK, header ROM version 0)","포켓몬스터 소울실버 (Korea, IPGK, header ROM version 0)",/a/1/6/9,equal,513,513,,,27892115581f51f74793e895b84fe4d0e0b164bd685929f2b5eb4f76037a19f9,27892115581f51f74793e895b84fe4d0e0b164bd685929f2b5eb4f76037a19f9,20,20,,
"포켓몬스터 하트골드 (Korea, IPKK, header ROM version 0)","포켓몬스터 소울실버 (Korea, IPGK, header ROM version 0)",/a/1/6/9,equal,514,514,,,256da521059f53e5a747f5b79fa6a935ab85570661059374d32a44c9c3d12bcc,256da521059f53e5a747f5b79fa6a935ab85570661059374d32a44c9c3d12bcc,20,20,,
"포켓몬스터 하트골드 (Korea, IPKK, header ROM version 0)","포켓몬스터 소울실버 (Korea, IPGK, header ROM version 0)",/a/1/6/9,equal,515,515,,,207f600754d1e569a19a651cefd6599ebe5fb444a1969f64b128dc7479dd09fa,207f600754d1e569a19a651cefd6599ebe5fb444a1969f64b128dc7479dd09fa,20,20,,
"포켓몬스터 하트골드 (Korea, IPKK, header ROM version 0)","포켓몬스터 소울실버 (Korea, IPGK, header ROM version 0)",/a/1/6/9,equal,516,516,,,8c48a371c9ba22e86529ccd722f2fadf29280669470e4587724e37173db617e5,8c48a371c9ba22e86529ccd722f2fadf29280669470e4587724e37173db617e5,20,20,,
"포켓몬스터 하트골드 (Korea, IPKK, header ROM version 0)","포켓몬스터 소울실버 (Korea, IPGK, header ROM version 0)",/a/1/6/9,equal,517,517,,,de8e4ed44499977e497d311aa7721cd43345dcd9fe82e2309c33a9886b866586,de8e4ed44499977e497d311aa7721cd43345dcd9fe82e2309c33a9886b866586,20,20,,
"포켓몬스터 하트골드 (Korea, IPKK, header ROM version 0)","포켓몬스터 소울실버 (Korea, IPGK, header ROM version 0)",/a/1/6/9,equal,518,518,,,f5433ceaa5dd05f54876dd97f949beeac6d1ed6c84d867ee21c13de4c874ba0a,f5433ceaa5dd05f54876dd97f949beeac6d1ed6c84d867ee21c13de4c874ba0a,20,20,,
"포켓몬스터 하트골드 (Korea, IPKK, header ROM version 0)","포켓몬스터 소울실버 (Korea, IPGK, header ROM version 0)",/a/1/6/9,equal,519,519,,,28367bf267b630293cbf97e77824019355b52e058587b64b642ed2dfa5159532,28367bf267b630293cbf97e77824019355b52e058587b64b642ed2dfa5159532,20,20,,
"포켓몬스터 하트골드 (Korea, IPKK, header ROM version 0)","포켓몬스터 소울실버 (Korea, IPGK, header ROM version 0)",/a/1/6/9,equal,520,520,,,a12f8b87534c638a76072ef7eea8dc699225f227d938cb61efbab76d924e9740,a12f8b87534c638a76072ef7eea8dc699225f227d938cb61efbab76d924e9740,20,20,,
"포켓몬스터 하트골드 (Korea, IPKK, header ROM version 0)","포켓몬스터 소울실버 (Korea, IPGK, header ROM version 0)",/a/1/6/9,equal,521,521,,,91d70b704b91d8affede545c2d6ee6717f393c9a5375bf683f72d8c79b32f6bd,91d70b704b91d8affede545c2d6ee6717f393c9a5375bf683f72d8c79b32f6bd,20,20,,
"포켓몬스터 하트골드 (Korea, IPKK, header ROM version 0)","포켓몬스터 소울실버 (Korea, IPGK, header ROM version 0)",/a/1/6/9,equal,522,522,,,dc7ab7083423c82120e8c2fb861750af4fa601f68cb51f78e651e3c63cb85ff2,dc7ab7083423c82120e8c2fb861750af4fa601f68cb51f78e651e3c63cb85ff2,20,20,,
"포켓몬스터 하트골드 (Korea, IPKK, header ROM version 0)","포켓몬스터 소울실버 (Korea, IPGK, header ROM version 0)",/a/1/6/9,equal,523,523,,,18db96cb8b59729cb1a812dc8953a9a5c71c93b84ae4a66a0fa1c08fa1a7170f,18db96cb8b59729cb1a812dc8953a9a5c71c93b84ae4a66a0fa1c08fa1a7170f,20,20,,
"포켓몬스터 하트골드 (Korea, IPKK, header ROM version 0)","포켓몬스터 소울실버 (Korea, IPGK, header ROM version 0)",/a/1/6/9,equal,524,524,,,eeb33632116706a4c4a54ab77a81b04b27b301caf2974e3e40fac526910b5ac8,eeb33632116706a4c4a54ab77a81b04b27b301caf2974e3e40fac526910b5ac8,20,20,,
"포켓몬스터 하트골드 (Korea, IPKK, header ROM version 0)","포켓몬스터 소울실버 (Korea, IPGK, header ROM version 0)",/a/1/6/9,equal,525,525,,,3d87c8eac2c812e78e552915bec5b651a5ec6d43f0727046449bd80943985ff4,3d87c8eac2c812e78e552915bec5b651a5ec6d43f0727046449bd80943985ff4,20,20,,
"포켓몬스터 하트골드 (Korea, IPKK, header ROM version 0)","포켓몬스터 소울실버 (Korea, IPGK, header ROM version 0)",/a/1/6/9,equal,526,526,,,aeb306b92bf0138606a94210b91797865f1aeabd37b96e10df1989ba87936f83,aeb306b92bf0138606a94210b91797865f1aeabd37b96e10df1989ba87936f83,20,20,,
"포켓몬스터 하트골드 (Korea, IPKK, header ROM version 0)","포켓몬스터 소울실버 (Korea, IPGK, header ROM version 0)",/a/1/6/9,equal,527,527,,,d2cb069d5ab54ba1a4d0614cfaaee5c67323b6fe8a8178ecea5c40623f968104,d2cb069d5ab54ba1a4d0614cfaaee5c67323b6fe8a8178ecea5c40623f968104,20,20,,
"포켓몬스터 하트골드 (Korea, IPKK, header ROM version 0)","포켓몬스터 소울실버 (Korea, IPGK, header ROM version 0)",/a/1/6/9,equal,528,528,,,9dc2c8c3c5e8e0a54a728f54dd87b4f94d79b17b1d577b21d2cd24fa652a0efa,9dc2c8c3c5e8e0a54a728f54dd87b4f94d79b17b1d577b21d2cd24fa652a0efa,20,20,,
"포켓몬스터 하트골드 (Korea, IPKK, header ROM version 0)","포켓몬스터 소울실버 (Korea, IPGK, header ROM version 0)",/a/1/6/9,equal,529,529,,,c30654d5ff7d15f98e7475fa042b3fe570144f67a2dc888bd36b37c35220b201,c30654d5ff7d15f98e7475fa042b3fe570144f67a2dc888bd36b37c35220b201,20,20,,
"포켓몬스터 하트골드 (Korea, IPKK, header ROM version 0)","포켓몬스터 소울실버 (Korea, IPGK, header ROM version 0)",/a/1/6/9,equal,530,530,,,cb00af996b0a85ad6dcaa63c48c9650aa01d87df682b8fed98b00ffdfb9cfa91,cb00af996b0a85ad6dcaa63c48c9650aa01d87df682b8fed98b00ffdfb9cfa91,20,20,,
"포켓몬스터 하트골드 (Korea, IPKK, header ROM version 0)","포켓몬스터 소울실버 (Korea, IPGK, header ROM version 0)",/a/1/6/9,equal,531,531,,,6ff560969c2d47820dff32e9a1f9e7e09338f0ab7561af85335e82ac5cb178c4,6ff560969c2d47820dff32e9a1f9e7e09338f0ab7561af85335e82ac5cb178c4,20,20,,
"포켓몬스터 하트골드 (Korea, IPKK, header ROM version 0)","포켓몬스터 소울실버 (Korea, IPGK, header ROM version 0)",/a/1/6/9,equal,532,532,,,d4c113a29394e2c967cba82a4bdb63cae3e9e8338da42b0f19183c7253a887f1,d4c113a29394e2c967cba82a4bdb63cae3e9e8338da42b0f19183c7253a887f1,20,20,,
"포켓몬스터 하트골드 (Korea, IPKK, header ROM version 0)","포켓몬스터 소울실버 (Korea, IPGK, header ROM version 0)",/a/1/6/9,equal,533,533,,,d45958084e9e90af7c04119d6d73cbad63751a6fd24f8e920c878c79e4c89764,d45958084e9e90af7c04119d6d73cbad63751a6fd24f8e920c878c79e4c89764,20,20,,
"포켓몬스터 하트골드 (Korea, IPKK, header ROM version 0)","포켓몬스터 소울실버 (Korea, IPGK, header ROM version 0)",/a/1/6/9,equal,534,534,,,0b27ee80ab5e764ee7697c41d168930058054f66ea5565b8f7fa9d1948755bc3,0b27ee80ab5e764ee7697c41d168930058054f66ea5565b8f7fa9d1948755bc3,20,20,,
"포켓몬스터 하트골드 (Korea, IPKK, header ROM version 0)","포켓몬스터 소울실버 (Korea, IPGK, header ROM version 0)",/a/1/6/9,equal,535,535,,,dfbecee7a2c055ca70de060e8aa136ed227e5e00d77a822a1d5ec968fa240a7b,dfbecee7a2c055ca70de060e8aa136ed227e5e00d77a822a1d5ec968fa240a7b,20,20,,
"포켓몬스터 하트골드 (Korea, IPKK, header ROM version 0)","포켓몬스터 소울실버 (Korea, IPGK, header ROM version 0)",/a/1/6/9,equal,536,536,,,a6dd5cc169a5f1ab99c72a0933644c23bfc080874d65dc0f95e3aed3d327633b,a6dd5cc169a5f1ab99c72a0933644c23bfc080874d65dc0f95e3aed3d327633b,20,20,,
"포켓몬스터 하트골드 (Korea, IPKK, header ROM version 0)","포켓몬스터 소울실버 (Korea, IPGK, header ROM version 0)",/a/1/6/9,equal,537,537,,,5042876a02dcffc1c5c08cc2609a164232e5c8a6a2a9b329f1d48d7e3a93456b,5042876a02dcffc1c5c08cc2609a164232e5c8a6a2a9b329f1d48d7e3a93456b,20,20,,
"포켓몬스터 하트골드 (Korea, IPKK, header ROM version 0)","포켓몬스터 소울실버 (Korea, IPGK, header ROM version 0)",/a/1/6/9,equal,538,538,,,0e56ba863e489636da1591508055b16664e20b8ca7dab044f8ad0e97ceaf0304,0e56ba863e489636da1591508055b16664e20b8ca7dab044f8ad0e97ceaf0304,20,20,,
"포켓몬스터 하트골드 (Korea, IPKK, header ROM version 0)","포켓몬스터 소울실버 (Korea, IPGK, header ROM version 0)",/a/1/6/9,equal,539,539,,,14241be24bb36f8d1eec011adf91bc489211b1133352c844e5375b5fd6199880,14241be24bb36f8d1eec011adf91bc489211b1133352c844e5375b5fd6199880,20,20,,
"포켓몬스터 하트골드 (Korea, IPKK, header ROM version 0)","포켓몬스터 소울실버 (Korea, IPGK, header ROM version 0)",/a/1/6/9,equal,540,540,,,197e98353f3f15430372143adcb57b847f5df5d9d3e04bc8d2911a7f2fa3c650,197e98353f3f15430372143adcb57b847f5df5d9d3e04bc8d2911a7f2fa3c650,20,20,,
"포켓몬스터 하트골드 (Korea, IPKK, header ROM version 0)","포켓몬스터 소울실버 (Korea, IPGK, header ROM version 0)",/a/1/6/9,equal,541,541,,,8f7db3f7379959eebf3d56409c9a6c802d14c21599e69cdfd02b32451f25449b,8f7db3f7379959eebf3d56409c9a6c802d14c21599e69cdfd02b32451f25449b,20,20,,
"포켓몬스터 하트골드 (Korea, IPKK, header ROM version 0)","포켓몬스터 소울실버 (Korea, IPGK, header ROM version 0)",/a/1/6/9,equal,542,542,,,0da434531e097c1b5d547fb82d7a4945577666af5d0916329cf1da3bd19c15db,0da434531e097c1b5d547fb82d7a4945577666af5d0916329cf1da3bd19c15db,20,20,,
"포켓몬스터 하트골드 (Korea, IPKK, header ROM version 0)","포켓몬스터 소울실버 (Korea, IPGK, header ROM version 0)",/a/1/6/9,equal,543,543,,,b4bc8a73797e8a86d0655a7683ccd690712b32d2719a7c33f54577aaa82e2f55,b4bc8a73797e8a86d0655a7683ccd690712b32d2719a7c33f54577aaa82e2f55,20,20,,
"포켓몬스터 하트골드 (Korea, IPKK, header ROM version 0)","포켓몬스터 소울실버 (Korea, IPGK, header ROM version 0)",/a/1/6/9,equal,544,544,,,ac8d1a1e335ffed4f155c3bca091e1091cdc8384c0626a1a07e8b8bb376105aa,ac8d1a1e335ffed4f155c3bca091e1091cdc8384c0626a1a07e8b8bb376105aa,20,20,,
"포켓몬스터 하트골드 (Korea, IPKK, header ROM version 0)","포켓몬스터 소울실버 (Korea, IPGK, header ROM version 0)",/a/1/6/9,equal,545,545,,,eb05da9912eec6f3eeb1726518e1e535237cfd3019d684a1576d2b8b249cd9cf,eb05da9912eec6f3eeb1726518e1e535237cfd3019d684a1576d2b8b249cd9cf,20,20,,
"포켓몬스터 하트골드 (Korea, IPKK, header ROM version 0)","포켓몬스터 소울실버 (Korea, IPGK, header ROM version 0)",/a/1/6/9,equal,546,546,,,8f7db3f7379959eebf3d56409c9a6c802d14c21599e69cdfd02b32451f25449b,8f7db3f7379959eebf3d56409c9a6c802d14c21599e69cdfd02b32451f25449b,20,20,,
"포켓몬스터 하트골드 (Korea, IPKK, header ROM version 0)","포켓몬스터 소울실버 (Korea, IPGK, header ROM version 0)",/a/1/6/9,equal,547,547,,,27b9c2650d5fceb130953060117e7170ca46c09a082c848f5ce8c90e2c0062f5,27b9c2650d5fceb130953060117e7170ca46c09a082c848f5ce8c90e2c0062f5,20,20,,
"포켓몬스터 하트골드 (Korea, IPKK, header ROM version 0)","포켓몬스터 소울실버 (Korea, IPGK, header ROM version 0)",/a/1/6/9,equal,548,548,,,c8d8675e3a3ef7d9ccff403cd44bf4890e2340717c749401c3a5b51cc53f31fe,c8d8675e3a3ef7d9ccff403cd44bf4890e2340717c749401c3a5b51cc53f31fe,20,20,,
"포켓몬스터 하트골드 (Korea, IPKK, header ROM version 0)","포켓몬스터 소울실버 (Korea, IPGK, header ROM version 0)",/a/1/6/9,equal,549,549,,,f5c136376e0407e7076a0a8abfd943c19da91ac5d89040c80eb3bcdf56cde8b1,f5c136376e0407e7076a0a8abfd943c19da91ac5d89040c80eb3bcdf56cde8b1,20,20,,
"포켓몬스터 하트골드 (Korea, IPKK, header ROM version 0)","포켓몬스터 소울실버 (Korea, IPGK, header ROM version 0)",/a/1/6/9,equal,550,550,,,27b9c2650d5fceb130953060117e7170ca46c09a082c848f5ce8c90e2c0062f5,27b9c2650d5fceb130953060117e7170ca46c09a082c848f5ce8c90e2c0062f5,20,20,,
"포켓몬스터 하트골드 (Korea, IPKK, header ROM version 0)","포켓몬스터 소울실버 (Korea, IPGK, header ROM version 0)",/a/1/6/9,equal,551,551,,,31235736fb2caf54aa8f51e972c6a639d0728edf392eadb38c9d996973aab018,31235736fb2caf54aa8f51e972c6a639d0728edf392eadb38c9d996973aab018,20,20,,
"포켓몬스터 하트골드 (Korea, IPKK, header ROM version 0)","포켓몬스터 소울실버 (Korea, IPGK, header ROM version 0)",/a/1/6/9,equal,552,552,,,6c0adbf0bdb77c3df567ece9e50e20952c850dc3a868ba878ba7e88ef73fbc15,6c0adbf0bdb77c3df567ece9e50e20952c850dc3a868ba878ba7e88ef73fbc15,20,20,,
"포켓몬스터 하트골드 (Korea, IPKK, header ROM version 0)","포켓몬스터 소울실버 (Korea, IPGK, header ROM version 0)",/a/1/6/9,equal,553,553,,,5a8e81e54499f328b331c5e5fc1ab8c8ba022f56d23bc9dcd3fedea25388256d,5a8e81e54499f328b331c5e5fc1ab8c8ba022f56d23bc9dcd3fedea25388256d,20,20,,
"포켓몬스터 하트골드 (Korea, IPKK, header ROM version 0)","포켓몬스터 소울실버 (Korea, IPGK, header ROM version 0)",/a/1/7/0,equal,0,0,,,ecef53b53d86438b430e8bb274803828bd6b97050db9c24b449a8895f9ab80a0,ecef53b53d86438b430e8bb274803828bd6b97050db9c24b449a8895f9ab80a0,80,80,,
"포켓몬스터 하트골드 (Korea, IPKK, header ROM version 0)","포켓몬스터 소울실버 (Korea, IPGK, header ROM version 0)",/a/1/7/0,equal,1,1,,,ebb4a909abb29be3cfd739f22018c2bb4d81a785aab6ee1bd6ef99065e7551fc,ebb4a909abb29be3cfd739f22018c2bb4d81a785aab6ee1bd6ef99065e7551fc,60,60,,
"포켓몬스터 하트골드 (Korea, IPKK, header ROM version 0)","포켓몬스터 소울실버 (Korea, IPGK, header ROM version 0)",/a/1/7/0,equal,2,2,,,57891a319031eab3c2bbabd6db140b29b45ed3d6af4955891729b209e61cc68d,57891a319031eab3c2bbabd6db140b29b45ed3d6af4955891729b209e61cc68d,160,160,,
"포켓몬스터 하트골드 (Korea, IPKK, header ROM version 0)","포켓몬스터 소울실버 (Korea, IPGK, header ROM version 0)",/a/1/7/0,equal,3,3,,,e564c1931d6761e3a9e4820c8f85eac45bda6ad25af87ac5071b30b5cdc5fcc9,e564c1931d6761e3a9e4820c8f85eac45bda6ad25af87ac5071b30b5cdc5fcc9,80,80,Nintendo LZ10,Nintendo LZ10
"포켓몬스터 하트골드 (Korea, IPKK, header ROM version 0)","포켓몬스터 소울실버 (Korea, IPGK, header ROM version 0)",/a/1/7/0,equal,4,4,,,8f16e14ee134fa1a09be9db1c81e41ed593ba7cae7ab3d7c67bcab84dd556bfd,8f16e14ee134fa1a09be9db1c81e41ed593ba7cae7ab3d7c67bcab84dd556bfd,100,100,,
"포켓몬스터 하트골드 (Korea, IPKK, header ROM version 0)","포켓몬스터 소울실버 (Korea, IPGK, header ROM version 0)",/a/1/7/0,equal,5,5,,,e332ee9f127281edcc2ec4cf7a959587c7de5548ff130b043a200ffbf92873dc,e332ee9f127281edcc2ec4cf7a959587c7de5548ff130b043a200ffbf92873dc,60,60,,
"포켓몬스터 하트골드 (Korea, IPKK, header ROM version 0)","포켓몬스터 소울실버 (Korea, IPGK, header ROM version 0)",/a/1/7/0,equal,6,6,,,256ff9cfae4829742a6057000896fdc4fc4933213331f39f6f87d7f474e71452,256ff9cfae4829742a6057000896fdc4fc4933213331f39f6f87d7f474e71452,60,60,,
"포켓몬스터 하트골드 (Korea, IPKK, header ROM version 0)","포켓몬스터 소울실버 (Korea, IPGK, header ROM version 0)",/a/1/7/0,equal,7,7,,,0e8e0c5c4dfc1df26c1a7d8af9aaf691e799b05dd007ee5a6a258cd7adcac7b6,0e8e0c5c4dfc1df26c1a7d8af9aaf691e799b05dd007ee5a6a258cd7adcac7b6,80,80,,
"포켓몬스터 하트골드 (Korea, IPKK, header ROM version 0)","포켓몬스터 소울실버 (Korea, IPGK, header ROM version 0)",/a/1/7/0,equal,8,8,,,8c7ee1cbd9faf472ba041a022d52995028c822d77b1b10114694837bddb5c765,8c7ee1cbd9faf472ba041a022d52995028c822d77b1b10114694837bddb5c765,120,120,,
"포켓몬스터 하트골드 (Korea, IPKK, header ROM version 0)","포켓몬스터 소울실버 (Korea, IPGK, header ROM version 0)",/a/1/7/0,equal,9,9,,,69ae89a98936883f571fc3ed50de30c4bff068668da36221928eed70e869d2a4,69ae89a98936883f571fc3ed50de30c4bff068668da36221928eed70e869d2a4,120,120,,
"포켓몬스터 하트골드 (Korea, IPKK, header ROM version 0)","포켓몬스터 소울실버 (Korea, IPGK, header ROM version 0)",/a/1/7/0,equal,10,10,,,0921f036badce57dd83d3a262e70fda41105f46de210b64914ad9be2e1efc069,0921f036badce57dd83d3a262e70fda41105f46de210b64914ad9be2e1efc069,24,24,,
"포켓몬스터 하트골드 (Korea, IPKK, header ROM version 0)","포켓몬스터 소울실버 (Korea, IPGK, header ROM version 0)",/a/1/7/0,equal,11,11,,,1f1ea3c43c5d2c753fce728916c1fd42628cb9179d5631482b3000b84efbcd6c,1f1ea3c43c5d2c753fce728916c1fd42628cb9179d5631482b3000b84efbcd6c,24,24,,
"포켓몬스터 하트골드 (Korea, IPKK, header ROM version 0)","포켓몬스터 소울실버 (Korea, IPGK, header ROM version 0)",/a/1/7/0,equal,12,12,,,15d9c1cae3a1adb54a2a88fdc52f87928dfa44da0227df952fb6eccf4b1cd4ed,15d9c1cae3a1adb54a2a88fdc52f87928dfa44da0227df952fb6eccf4b1cd4ed,24,24,,
"포켓몬스터 하트골드 (Korea, IPKK, header ROM version 0)","포켓몬스터 소울실버 (Korea, IPGK, header ROM version 0)",/a/1/7/0,equal,13,13,,,15d9c1cae3a1adb54a2a88fdc52f87928dfa44da0227df952fb6eccf4b1cd4ed,15d9c1cae3a1adb54a2a88fdc52f87928dfa44da0227df952fb6eccf4b1cd4ed,24,24,,
"포켓몬스터 하트골드 (Korea, IPKK, header ROM version 0)","포켓몬스터 소울실버 (Korea, IPGK, header ROM version 0)",/a/1/7/0,equal,14,14,,,15d9c1cae3a1adb54a2a88fdc52f87928dfa44da0227df952fb6eccf4b1cd4ed,15d9c1cae3a1adb54a2a88fdc52f87928dfa44da0227df952fb6eccf4b1cd4ed,24,24,,
"포켓몬스터 하트골드 (Korea, IPKK, header ROM version 0)","포켓몬스터 소울실버 (Korea, IPGK, header ROM version 0)",/a/1/7/0,equal,15,15,,,15d9c1cae3a1adb54a2a88fdc52f87928dfa44da0227df952fb6eccf4b1cd4ed,15d9c1cae3a1adb54a2a88fdc52f87928dfa44da0227df952fb6eccf4b1cd4ed,24,24,,
"포켓몬스터 하트골드 (Korea, IPKK, header ROM version 0)","포켓몬스터 소울실버 (Korea, IPGK, header ROM version 0)",/a/1/7/0,equal,16,16,,,15d9c1cae3a1adb54a2a88fdc52f87928dfa44da0227df952fb6eccf4b1cd4ed,15d9c1cae3a1adb54a2a88fdc52f87928dfa44da0227df952fb6eccf4b1cd4ed,24,24,,
"포켓몬스터 하트골드 (Korea, IPKK, header ROM version 0)","포켓몬스터 소울실버 (Korea, IPGK, header ROM version 0)",/a/1/7/0,equal,17,17,,,15d9c1cae3a1adb54a2a88fdc52f87928dfa44da0227df952fb6eccf4b1cd4ed,15d9c1cae3a1adb54a2a88fdc52f87928dfa44da0227df952fb6eccf4b1cd4ed,24,24,,
"포켓몬스터 하트골드 (Korea, IPKK, header ROM version 0)","포켓몬스터 소울실버 (Korea, IPGK, header ROM version 0)",/a/1/7/0,equal,18,18,,,d85ceaae34ce8bc8cd361952b09d0678c7676f7a69e360050aa6a58b60827ba9,d85ceaae34ce8bc8cd361952b09d0678c7676f7a69e360050aa6a58b60827ba9,24,24,,
"포켓몬스터 하트골드 (Korea, IPKK, header ROM version 0)","포켓몬스터 소울실버 (Korea, IPGK, header ROM version 0)",/a/1/7/0,equal,19,19,,,15d9c1cae3a1adb54a2a88fdc52f87928dfa44da0227df952fb6eccf4b1cd4ed,15d9c1cae3a1adb54a2a88fdc52f87928dfa44da0227df952fb6eccf4b1cd4ed,24,24,,
"포켓몬스터 하트골드 (Korea, IPKK, header ROM version 0)","포켓몬스터 소울실버 (Korea, IPGK, header ROM version 0)",/a/1/7/1,equal,0,0,,,dde7697801bfd574bbb5b37d3970d2a72cd410ad21f8201602cc17a8b0bf673b,dde7697801bfd574bbb5b37d3970d2a72cd410ad21f8201602cc17a8b0bf673b,226,226,NCLR palette,NCLR palette
"포켓몬스터 하트골드 (Korea, IPKK, header ROM version 0)","포켓몬스터 소울실버 (Korea, IPGK, header ROM version 0)",/a/1/7/1,equal,1,1,,,fb27c2b3a1b88e5cbedb43d049d77b37a84c9d6f30ceaa3430a24ef5f82a8ed9,fb27c2b3a1b88e5cbedb43d049d77b37a84c9d6f30ceaa3430a24ef5f82a8ed9,6192,6192,NCGR graphics,NCGR graphics
"포켓몬스터 하트골드 (Korea, IPKK, header ROM version 0)","포켓몬스터 소울실버 (Korea, IPGK, header ROM version 0)",/a/1/7/1,equal,2,2,,,cf6f2869612564cd64588d8969bac1c0d8a5b029a730d415895c6ee3bbb44adc,cf6f2869612564cd64588d8969bac1c0d8a5b029a730d415895c6ee3bbb44adc,445,445,NCER cell,NCER cell
"포켓몬스터 하트골드 (Korea, IPKK, header ROM version 0)","포켓몬스터 소울실버 (Korea, IPGK, header ROM version 0)",/a/1/7/1,equal,3,3,,,659779939a72270af973ecd07aaf522f22240fd57d4248d80253e86c824b7122,659779939a72270af973ecd07aaf522f22240fd57d4248d80253e86c824b7122,477,477,NANR animation,NANR animation
"포켓몬스터 하트골드 (Korea, IPKK, header ROM version 0)","포켓몬스터 소울실버 (Korea, IPGK, header ROM version 0)",/a/1/7/1,equal,4,4,,,2968111e0e4c1203406c98be2f6428dc3a25aa53b8caceb83169567cf99cab63,2968111e0e4c1203406c98be2f6428dc3a25aa53b8caceb83169567cf99cab63,464,464,NCLR palette,NCLR palette
"포켓몬스터 하트골드 (Korea, IPKK, header ROM version 0)","포켓몬스터 소울실버 (Korea, IPGK, header ROM version 0)",/a/1/7/1,equal,5,5,,,28b6037f33e7fcb2a495dc94d2df77b9211bfe131ad30cc9f8df07f2b6d8edf6,28b6037f33e7fcb2a495dc94d2df77b9211bfe131ad30cc9f8df07f2b6d8edf6,32832,32832,NCGR graphics,NCGR graphics
"포켓몬스터 하트골드 (Korea, IPKK, header ROM version 0)","포켓몬스터 소울실버 (Korea, IPGK, header ROM version 0)",/a/1/7/1,equal,6,6,,,c07fecb679905557b538dc2b052375dc270033e3a790492c212a3eecac61c61e,c07fecb679905557b538dc2b052375dc270033e3a790492c212a3eecac61c61e,2084,2084,NSCR screen map,NSCR screen map
"포켓몬스터 하트골드 (Korea, IPKK, header ROM version 0)","포켓몬스터 소울실버 (Korea, IPGK, header ROM version 0)",/a/1/7/1,equal,7,7,,,fb0c17e07b1805bc8ed1b6ad5671fd7aa9812fc149c7ef7ac795fe0b4719ac66,fb0c17e07b1805bc8ed1b6ad5671fd7aa9812fc149c7ef7ac795fe0b4719ac66,2084,2084,NSCR screen map,NSCR screen map
"포켓몬스터 하트골드 (Korea, IPKK, header ROM version 0)","포켓몬스터 소울실버 (Korea, IPGK, header ROM version 0)",/a/1/7/1,equal,8,8,,,fe201d3a35ce863867242c8b089886ec7f623c150fe9667dd0afade44440d80c,fe201d3a35ce863867242c8b089886ec7f623c150fe9667dd0afade44440d80c,2084,2084,NSCR screen map,NSCR screen map
"포켓몬스터 하트골드 (Korea, IPKK, header ROM version 0)","포켓몬스터 소울실버 (Korea, IPGK, header ROM version 0)",/a/1/7/1,equal,9,9,,,0806b1ad0a0d16735e1a37ba29ae8784ecb11586825ba374a822d8822cd7ad20,0806b1ad0a0d16735e1a37ba29ae8784ecb11586825ba374a822d8822cd7ad20,2112,2112,NCGR graphics,NCGR graphics
"포켓몬스터 하트골드 (Korea, IPKK, header ROM version 0)","포켓몬스터 소울실버 (Korea, IPGK, header ROM version 0)",/a/1/7/1,equal,10,10,,,bf326438f6886f42e89e8af21cde4df0f5a1d1924161e17aedb5a9dccf87a88e,bf326438f6886f42e89e8af21cde4df0f5a1d1924161e17aedb5a9dccf87a88e,2084,2084,NSCR screen map,NSCR screen map
"포켓몬스터 하트골드 (Korea, IPKK, header ROM version 0)","포켓몬스터 소울실버 (Korea, IPGK, header ROM version 0)",/a/1/7/1,equal,11,11,,,4f46f3670dcdc1d31ccf3c8d893be411da72430ef24b49701f926982b50a7108,4f46f3670dcdc1d31ccf3c8d893be411da72430ef24b49701f926982b50a7108,2112,2112,NCGR graphics,NCGR graphics
"포켓몬스터 하트골드 (Korea, IPKK, header ROM version 0)","포켓몬스터 소울실버 (Korea, IPGK, header ROM version 0)",/a/1/7/1,equal,12,12,,,5fe72df09e69f84be5a4d7f356101097f5dff1a9b92b9b649faaf90e18ff54b1,5fe72df09e69f84be5a4d7f356101097f5dff1a9b92b9b649faaf90e18ff54b1,2084,2084,NSCR screen map,NSCR screen map
"포켓몬스터 하트골드 (Korea, IPKK, header ROM version 0)","포켓몬스터 소울실버 (Korea, IPGK, header ROM version 0)",/a/1/7/2,equal,0,0,,,f8458f2fd167bc6155fc42d5d61472ee2a0f1478edb44e37fb203016d39359d5,f8458f2fd167bc6155fc42d5d61472ee2a0f1478edb44e37fb203016d39359d5,158,158,NCLR palette,NCLR palette
"포켓몬스터 하트골드 (Korea, IPKK, header ROM version 0)","포켓몬스터 소울실버 (Korea, IPGK, header ROM version 0)",/a/1/7/2,equal,1,1,,,5ea1a22d7a4e86a8d8565f1af0b181e2690ad12d528f355406bb937a3fe796e3,5ea1a22d7a4e86a8d8565f1af0b181e2690ad12d528f355406bb937a3fe796e3,2864,2864,NCGR graphics,NCGR graphics
"포켓몬스터 하트골드 (Korea, IPKK, header ROM version 0)","포켓몬스터 소울실버 (Korea, IPGK, header ROM version 0)",/a/1/7/2,equal,2,2,,,44a92656658abb8c2dc6a56d9d4512c895366f78d15b143bf9fd3f48649a096d,44a92656658abb8c2dc6a56d9d4512c895366f78d15b143bf9fd3f48649a096d,227,227,NCER cell,NCER cell
"포켓몬스터 하트골드 (Korea, IPKK, header ROM version 0)","포켓몬스터 소울실버 (Korea, IPGK, header ROM version 0)",/a/1/7/2,equal,3,3,,,ebb480749d23120226cc85204b9186343845fb6aff0d1da8f966ddb71ae28215,ebb480749d23120226cc85204b9186343845fb6aff0d1da8f966ddb71ae28215,255,255,NANR animation,NANR animation
"포켓몬스터 하트골드 (Korea, IPKK, header ROM version 0)","포켓몬스터 소울실버 (Korea, IPGK, header ROM version 0)",/a/1/7/2,equal,4,4,,,7f3009d1d862022442b2e3eeaed496dab8abe6ae639e2b4383d05e04fccf5b9b,7f3009d1d862022442b2e3eeaed496dab8abe6ae639e2b4383d05e04fccf5b9b,8240,8240,NCGR graphics,NCGR graphics
"포켓몬스터 하트골드 (Korea, IPKK, header ROM version 0)","포켓몬스터 소울실버 (Korea, IPGK, header ROM version 0)",/a/1/7/2,equal,5,5,,,722199e1f95af27e125e3ea3c50fd96f012fbba5122d2ded942f0ddc11c2b844,722199e1f95af27e125e3ea3c50fd96f012fbba5122d2ded942f0ddc11c2b844,8240,8240,NCGR graphics,NCGR graphics
"포켓몬스터 하트골드 (Korea, IPKK, header ROM version 0)","포켓몬스터 소울실버 (Korea, IPGK, header ROM version 0)",/a/1/7/2,equal,6,6,,,861288123e4f5faf0e00924d9de673a18f4568e54d7bfad913def76811035b58,861288123e4f5faf0e00924d9de673a18f4568e54d7bfad913def76811035b58,8240,8240,NCGR graphics,NCGR graphics
"포켓몬스터 하트골드 (Korea, IPKK, header ROM version 0)","포켓몬스터 소울실버 (Korea, IPGK, header ROM version 0)",/a/1/7/2,equal,7,7,,,629477a109c7cd7e573a979ff98a95434e617c1161ec428b29f5ab9470516851,629477a109c7cd7e573a979ff98a95434e617c1161ec428b29f5ab9470516851,8240,8240,NCGR graphics,NCGR graphics
"포켓몬스터 하트골드 (Korea, IPKK, header ROM version 0)","포켓몬스터 소울실버 (Korea, IPGK, header ROM version 0)",/a/1/7/2,equal,8,8,,,1c471847475227cc9cb0fddabe9ac85b6ca4d9876cf5c38e93903e1e094d8409,1c471847475227cc9cb0fddabe9ac85b6ca4d9876cf5c38e93903e1e094d8409,587,587,NCER cell,NCER cell
"포켓몬스터 하트골드 (Korea, IPKK, header ROM version 0)","포켓몬스터 소울실버 (Korea, IPGK, header ROM version 0)",/a/1/7/2,equal,9,9,,,5bd691866d617233b3e3d8c0d0367ec6a1a7d6bdc56755e686d2853aa2281dac,5bd691866d617233b3e3d8c0d0367ec6a1a7d6bdc56755e686d2853aa2281dac,683,683,NANR animation,NANR animation
"포켓몬스터 하트골드 (Korea, IPKK, header ROM version 0)","포켓몬스터 소울실버 (Korea, IPGK, header ROM version 0)",/a/1/7/2,equal,10,10,,,48227e60484731ae512109a72e669d94ec8707edeef6f862d50b9ed767151420,48227e60484731ae512109a72e669d94ec8707edeef6f862d50b9ed767151420,328,328,NCLR palette,NCLR palette
"포켓몬스터 하트골드 (Korea, IPKK, header ROM version 0)","포켓몬스터 소울실버 (Korea, IPGK, header ROM version 0)",/a/1/7/2,equal,11,11,,,aa5ee46cb67a83d07651d8f83343ef25a67305e7d20a615331ac1589fcf386e5,aa5ee46cb67a83d07651d8f83343ef25a67305e7d20a615331ac1589fcf386e5,14400,14400,NCGR graphics,NCGR graphics
"포켓몬스터 하트골드 (Korea, IPKK, header ROM version 0)","포켓몬스터 소울실버 (Korea, IPGK, header ROM version 0)",/a/1/7/2,equal,12,12,,,e18cc63cd7cff7b6f4ed990628a0e0a4a0c6f32d256e3457586b4491289dbc42,e18cc63cd7cff7b6f4ed990628a0e0a4a0c6f32d256e3457586b4491289dbc42,2084,2084,NSCR screen map,NSCR screen map
