left,right,container_chain,operation,left_member_index,right_member_index,left_name,right_name,left_sha256,right_sha256,left_size,right_size,left_format,right_format
"포켓몬스터 하트골드 (Korea, IPKK, header ROM version 0)","포켓몬스터 소울실버 (Korea, IPGK, header ROM version 0)",/a/0/0/5,equal,141,141,,,4a64a107f0cb32536e5bce6c98c393db21cca7f4ea187ba8c4dca8b51d4ea80a,4a64a107f0cb32536e5bce6c98c393db21cca7f4ea187ba8c4dca8b51d4ea80a,1,1,Nintendo LZ11,Nintendo LZ11
"포켓몬스터 하트골드 (Korea, IPKK, header ROM version 0)","포켓몬스터 소울실버 (Korea, IPGK, header ROM version 0)",/a/0/0/5,equal,142,142,,,8f11b05da785e43e713d03774c6bd3405d99cd3024af334ffd68db663aa37034,8f11b05da785e43e713d03774c6bd3405d99cd3024af334ffd68db663aa37034,1,1,,
"포켓몬스터 하트골드 (Korea, IPKK, header ROM version 0)","포켓몬스터 소울실버 (Korea, IPGK, header ROM version 0)",/a/0/0/5,equal,143,143,,,8f11b05da785e43e713d03774c6bd3405d99cd3024af334ffd68db663aa37034,8f11b05da785e43e713d03774c6bd3405d99cd3024af334ffd68db663aa37034,1,1,,
"포켓몬스터 하트골드 (Korea, IPKK, header ROM version 0)","포켓몬스터 소울실버 (Korea, IPGK, header ROM version 0)",/a/0/0/5,equal,144,144,,,ef6cbd2161eaea7943ce8693b9824d23d1793ffb1c0fca05b600d3899b44c977,ef6cbd2161eaea7943ce8693b9824d23d1793ffb1c0fca05b600d3899b44c977,1,1,,
"포켓몬스터 하트골드 (Korea, IPKK, header ROM version 0)","포켓몬스터 소울실버 (Korea, IPGK, header ROM version 0)",/a/0/0/5,equal,145,145,,,ef6cbd2161eaea7943ce8693b9824d23d1793ffb1c0fca05b600d3899b44c977,ef6cbd2161eaea7943ce8693b9824d23d1793ffb1c0fca05b600d3899b44c977,1,1,,
"포켓몬스터 하트골드 (Korea, IPKK, header ROM version 0)","포켓몬스터 소울실버 (Korea, IPGK, header ROM version 0)",/a/0/0/5,equal,146,146,,,4a64a107f0cb32536e5bce6c98c393db21cca7f4ea187ba8c4dca8b51d4ea80a,4a64a107f0cb32536e5bce6c98c393db21cca7f4ea187ba8c4dca8b51d4ea80a,1,1,Nintendo LZ11,Nintendo LZ11
"포켓몬스터 하트골드 (Korea, IPKK, header ROM version 0)","포켓몬스터 소울실버 (Korea, IPGK, header ROM version 0)",/a/0/0/5,equal,147,147,,,4a64a107f0cb32536e5bce6c98c393db21cca7f4ea187ba8c4dca8b51d4ea80a,4a64a107f0cb32536e5bce6c98c393db21cca7f4ea187ba8c4dca8b51d4ea80a,1,1,Nintendo LZ11,Nintendo LZ11
"포켓몬스터 하트골드 (Korea, IPKK, header ROM version 0)","포켓몬스터 소울실버 (Korea, IPGK, header ROM version 0)",/a/0/0/5,equal,148,148,,,e7cf46a078fed4fafd0b5e3aff144802b853f8ae459a4f0c14add3314b7cc3a6,e7cf46a078fed4fafd0b5e3aff144802b853f8ae459a4f0c14add3314b7cc3a6,1,1,,
"포켓몬스터 하트골드 (Korea, IPKK, header ROM version 0)","포켓몬스터 소울실버 (Korea, IPGK, header ROM version 0)",/a/0/0/5,equal,149,149,,,e7cf46a078fed4fafd0b5e3aff144802b853f8ae459a4f0c14add3314b7cc3a6,e7cf46a078fed4fafd0b5e3aff144802b853f8ae459a4f0c14add3314b7cc3a6,1,1,,
"포켓몬스터 하트골드 (Korea, IPKK, header ROM version 0)","포켓몬스터 소울실버 (Korea, IPGK, header ROM version 0)",/a/0/0/5,equal,150,150,,,f299791cddd3d6664f6670842812ef6053eb6501bd6282a476bbbf3ee91e750c,f299791cddd3d6664f6670842812ef6053eb6501bd6282a476bbbf3ee91e750c,1,1,,
"포켓몬스터 하트골드 (Korea, IPKK, header ROM version 0)","포켓몬스터 소울실버 (Korea, IPGK, header ROM version 0)",/a/0/0/5,equal,151,151,,,f299791cddd3d6664f6670842812ef6053eb6501bd6282a476bbbf3ee91e750c,f299791cddd3d6664f6670842812ef6053eb6501bd6282a476bbbf3ee91e750c,1,1,,
"포켓몬스터 하트골드 (Korea, IPKK, header ROM version 0)","포켓몬스터 소울실버 (Korea, IPGK, header ROM version 0)",/a/0/0/5,equal,152,152,,,beead77994cf573341ec17b58bbf7eb34d2711c993c1d976b128b3188dc1829a,beead77994cf573341ec17b58bbf7eb34d2711c993c1d976b128b3188dc1829a,1,1,,
"포켓몬스터 하트골드 (Korea, IPKK, header ROM version 0)","포켓몬스터 소울실버 (Korea, IPGK, header ROM version 0)",/a/0/0/5,equal,153,153,,,beead77994cf573341ec17b58bbf7eb34d2711c993c1d976b128b3188dc1829a,beead77994cf573341ec17b58bbf7eb34d2711c993c1d976b128b3188dc1829a,1,1,,
"포켓몬스터 하트골드 (Korea, IPKK, header ROM version 0)","포켓몬스터 소울실버 (Korea, IPGK, header ROM version 0)",/a/0/0/5,equal,154,154,,,ca358758f6d27e6cf45272937977a748fd88391db679ceda7dc7bf1f005ee879,ca358758f6d27e6cf45272937977a748fd88391db679ceda7dc7bf1f005ee879,1,1,,
"포켓몬스터 하트골드 (Korea, IPKK, header ROM version 0)","포켓몬스터 소울실버 (Korea, IPGK, header ROM version 0)",/a/0/0/5,equal,155,155,,,ca358758f6d27e6cf45272937977a748fd88391db679ceda7dc7bf1f005ee879,ca358758f6d27e6cf45272937977a748fd88391db679ceda7dc7bf1f005ee879,1,1,,
"포켓몬스터 하트골드 (Korea, IPKK, header ROM version 0)","포켓몬스터 소울실버 (Korea, IPGK, header ROM version 0)",/a/0/0/5,equal,156,156,,,6e340b9cffb37a989ca544e6bb780a2c78901d3fb33738768511a30617afa01d,6e340b9cffb37a989ca544e6bb780a2c78901d3fb33738768511a30617afa01d,1,1,,
"포켓몬스터 하트골드 (Korea, IPKK, header ROM version 0)","포켓몬스터 소울실버 (Korea, IPGK, header ROM version 0)",/a/0/0/5,equal,157,157,,,6e340b9cffb37a989ca544e6bb780a2c78901d3fb33738768511a30617afa01d,6e340b9cffb37a989ca544e6bb780a2c78901d3fb33738768511a30617afa01d,1,1,,
"포켓몬스터 하트골드 (Korea, IPKK, header ROM version 0)","포켓몬스터 소울실버 (Korea, IPGK, header ROM version 0)",/a/0/0/5,equal,158,158,,,7cb7c4547cf2653590d7a9ace60cc623d25148adfbc88a89aeb0ef88da7839ba,7cb7c4547cf2653590d7a9ace60cc623d25148adfbc88a89aeb0ef88da7839ba,1,1,,
"포켓몬스터 하트골드 (Korea, IPKK, header ROM version 0)","포켓몬스터 소울실버 (Korea, IPGK, header ROM version 0)",/a/0/0/5,equal,159,159,,,7cb7c4547cf2653590d7a9ace60cc623d25148adfbc88a89aeb0ef88da7839ba,7cb7c4547cf2653590d7a9ace60cc623d25148adfbc88a89aeb0ef88da7839ba,1,1,,
"포켓몬스터 하트골드 (Korea, IPKK, header ROM version 0)","포켓몬스터 소울실버 (Korea, IPGK, header ROM version 0)",/a/0/0/5,equal,160,160,,,6e340b9cffb37a989ca544e6bb780a2c78901d3fb33738768511a30617afa01d,6e340b9cffb37a989ca544e6bb780a2c78901d3fb33738768511a30617afa01d,1,1,,
"포켓몬스터 하트골드 (Korea, IPKK, header ROM version 0)","포켓몬스터 소울실버 (Korea, IPGK, header ROM version 0)",/a/0/0/5,equal,161,161,,,6e340b9cffb37a989ca544e6bb780a2c78901d3fb33738768511a30617afa01d,6e340b9cffb37a989ca544e6bb780a2c78901d3fb33738768511a30617afa01d,1,1,,
"포켓몬스터 하트골드 (Korea, IPKK, header ROM version 0)","포켓몬스터 소울실버 (Korea, IPGK, header ROM version 0)",/a/0/0/5,equal,162,162,,,e7cf46a078fed4fafd0b5e3aff144802b853f8ae459a4f0c14add3314b7cc3a6,e7cf46a078fed4fafd0b5e3aff144802b853f8ae459a4f0c14add3314b7cc3a6,1,1,,
"포켓몬스터 하트골드 (Korea, IPKK, header ROM version 0)","포켓몬스터 소울실버 (Korea, IPGK, header ROM version 0)",/a/0/0/5,equal,163,163,,,e7cf46a078fed4fafd0b5e3aff144802b853f8ae459a4f0c14add3314b7cc3a6,e7cf46a078fed4fafd0b5e3aff144802b853f8ae459a4f0c14add3314b7cc3a6,1,1,,
"포켓몬스터 하트골드 (Korea, IPKK, header ROM version 0)","포켓몬스터 소울실버 (Korea, IPGK, header ROM version 0)",/a/0/0/5,equal,164,164,,,2b4c342f5433ebe591a1da77e013d1b72475562d48578dca8b84bac6651c3cb9,2b4c342f5433ebe591a1da77e013d1b72475562d48578dca8b84bac6651c3cb9,1,1,,
"포켓몬스터 하트골드 (Korea, IPKK, header ROM version 0)","포켓몬스터 소울실버 (Korea, IPGK, header ROM version 0)",/a/0/0/5,equal,165,165,,,2b4c342f5433ebe591a1da77e013d1b72475562d48578dca8b84bac6651c3cb9,2b4c342f5433ebe591a1da77e013d1b72475562d48578dca8b84bac6651c3cb9,1,1,,
"포켓몬스터 하트골드 (Korea, IPKK, header ROM version 0)","포켓몬스터 소울실버 (Korea, IPGK, header ROM version 0)",/a/0/0/5,equal,166,166,,,c555eab45d08845ae9f10d452a99bfcb06f74a50b988fe7e48dd323789b88ee3,c555eab45d08845ae9f10d452a99bfcb06f74a50b988fe7e48dd323789b88ee3,1,1,Nintendo LZ10,Nintendo LZ10
"포켓몬스터 하트골드 (Korea, IPKK, header ROM version 0)","포켓몬스터 소울실버 (Korea, IPGK, header ROM version 0)",/a/0/0/5,equal,167,167,,,c555eab45d08845ae9f10d452a99bfcb06f74a50b988fe7e48dd323789b88ee3,c555eab45d08845ae9f10d452a99bfcb06f74a50b988fe7e48dd323789b88ee3,1,1,Nintendo LZ10,Nintendo LZ10
"포켓몬스터 하트골드 (Korea, IPKK, header ROM version 0)","포켓몬스터 소울실버 (Korea, IPGK, header ROM version 0)",/a/0/0/5,equal,168,168,,,c555eab45d08845ae9f10d452a99bfcb06f74a50b988fe7e48dd323789b88ee3,c555eab45d08845ae9f10d452a99bfcb06f74a50b988fe7e48dd323789b88ee3,1,1,Nintendo LZ10,Nintendo LZ10
"포켓몬스터 하트골드 (Korea, IPKK, header ROM version 0)","포켓몬스터 소울실버 (Korea, IPGK, header ROM version 0)",/a/0/0/5,equal,169,169,,,c555eab45d08845ae9f10d452a99bfcb06f74a50b988fe7e48dd323789b88ee3,c555eab45d08845ae9f10d452a99bfcb06f74a50b988fe7e48dd323789b88ee3,1,1,Nintendo LZ10,Nintendo LZ10
"포켓몬스터 하트골드 (Korea, IPKK, header ROM version 0)","포켓몬스터 소울실버 (Korea, IPGK, header ROM version 0)",/a/0/0/5,equal,170,170,,,e7cf46a078fed4fafd0b5e3aff144802b853f8ae459a4f0c14add3314b7cc3a6,e7cf46a078fed4fafd0b5e3aff144802b853f8ae459a4f0c14add3314b7cc3a6,1,1,,
"포켓몬스터 하트골드 (Korea, IPKK, header ROM version 0)","포켓몬스터 소울실버 (Korea, IPGK, header ROM version 0)",/a/0/0/5,equal,171,171,,,e7cf46a078fed4fafd0b5e3aff144802b853f8ae459a4f0c14add3314b7cc3a6,e7cf46a078fed4fafd0b5e3aff144802b853f8ae459a4f0c14add3314b7cc3a6,1,1,,
"포켓몬스터 하트골드 (Korea, IPKK, header ROM version 0)","포켓몬스터 소울실버 (Korea, IPGK, header ROM version 0)",/a/0/0/5,equal,172,172,,,e7cf46a078fed4fafd0b5e3aff144802b853f8ae459a4f0c14add3314b7cc3a6,e7cf46a078fed4fafd0b5e3aff144802b853f8ae459a4f0c14add3314b7cc3a6,1,1,,
"포켓몬스터 하트골드 (Korea, IPKK, header ROM version 0)","포켓몬스터 소울실버 (Korea, IPGK, header ROM version 0)",/a/0/0/5,equal,173,173,,,e7cf46a078fed4fafd0b5e3aff144802b853f8ae459a4f0c14add3314b7cc3a6,e7cf46a078fed4fafd0b5e3aff144802b853f8ae459a4f0c14add3314b7cc3a6,1,1,,
"포켓몬스터 하트골드 (Korea, IPKK, header ROM version 0)","포켓몬스터 소울실버 (Korea, IPGK, header ROM version 0)",/a/0/0/5,equal,174,174,,,8f11b05da785e43e713d03774c6bd3405d99cd3024af334ffd68db663aa37034,8f11b05da785e43e713d03774c6bd3405d99cd3024af334ffd68db663aa37034,1,1,,
"포켓몬스터 하트골드 (Korea, IPKK, header ROM version 0)","포켓몬스터 소울실버 (Korea, IPGK, header ROM version 0)",/a/0/0/5,equal,175,175,,,8f11b05da785e43e713d03774c6bd3405d99cd3024af334ffd68db663aa37034,8f11b05da785e43e713d03774c6bd3405d99cd3024af334ffd68db663aa37034,1,1,,
"포켓몬스터 하트골드 (Korea, IPKK, header ROM version 0)","포켓몬스터 소울실버 (Korea, IPGK, header ROM version 0)",/a/0/0/5,equal,176,176,,,4d7b3ef7300acf70c892d8327db8272f54434adbc61a4e130a563cb59a0d0f47,4d7b3ef7300acf70c892d8327db8272f54434adbc61a4e130a563cb59a0d0f47,1,1,,
"포켓몬스터 하트골드 (Korea, IPKK, header ROM version 0)","포켓몬스터 소울실버 (Korea, IPGK, header ROM version 0)",/a/0/0/5,equal,177,177,,,4d7b3ef7300acf70c892d8327db8272f54434adbc61a4e130a563cb59a0d0f47,4d7b3ef7300acf70c892d8327db8272f54434adbc61a4e130a563cb59a0d0f47,1,1,,
"포켓몬스터 하트골드 (Korea, IPKK, header ROM version 0)","포켓몬스터 소울실버 (Korea, IPGK, header ROM version 0)",/a/0/0/5,equal,178,178,,,83891d7fe85c33e52c8b4e5814c92fb6a3b9467299200538a6babaa8b452d879,83891d7fe85c33e52c8b4e5814c92fb6a3b9467299200538a6babaa8b452d879,1,1,,
"포켓몬스터 하트골드 (Korea, IPKK, header ROM version 0)","포켓몬스터 소울실버 (Korea, IPGK, header ROM version 0)",/a/0/0/5,equal,179,179,,,83891d7fe85c33e52c8b4e5814c92fb6a3b9467299200538a6babaa8b452d879,83891d7fe85c33e52c8b4e5814c92fb6a3b9467299200538a6babaa8b452d879,1,1,,
"포켓몬스터 하트골드 (Korea, IPKK, header ROM version 0)","포켓몬스터 소울실버 (Korea, IPGK, header ROM version 0)",/a/0/0/5,equal,180,180,,,ca358758f6d27e6cf45272937977a748fd88391db679ceda7dc7bf1f005ee879,ca358758f6d27e6cf45272937977a748fd88391db679ceda7dc7bf1f005ee879,1,1,,
"포켓몬스터 하트골드 (Korea, IPKK, header ROM version 0)","포켓몬스터 소울실버 (Korea, IPGK, header ROM version 0)",/a/0/0/5,equal,181,181,,,ca358758f6d27e6cf45272937977a748fd88391db679ceda7dc7bf1f005ee879,ca358758f6d27e6cf45272937977a748fd88391db679ceda7dc7bf1f005ee879,1,1,,
"포켓몬스터 하트골드 (Korea, IPKK, header ROM version 0)","포켓몬스터 소울실버 (Korea, IPGK, header ROM version 0)",/a/0/0/5,equal,182,182,,,dc0e9c3658a1a3ed1ec94274d8b19925c93e1abb7ddba294923ad9bde30f8cb8,dc0e9c3658a1a3ed1ec94274d8b19925c93e1abb7ddba294923ad9bde30f8cb8,1,1,,
"포켓몬스터 하트골드 (Korea, IPKK, header ROM version 0)","포켓몬스터 소울실버 (Korea, IPGK, header ROM version 0)",/a/0/0/5,equal,183,183,,,dc0e9c3658a1a3ed1ec94274d8b19925c93e1abb7ddba294923ad9bde30f8cb8,dc0e9c3658a1a3ed1ec94274d8b19925c93e1abb7ddba294923ad9bde30f8cb8,1,1,,
"포켓몬스터 하트골드 (Korea, IPKK, header ROM version 0)","포켓몬스터 소울실버 (Korea, IPGK, header ROM version 0)",/a/0/0/5,equal,184,184,,,8f11b05da785e43e713d03774c6bd3405d99cd3024af334ffd68db663aa37034,8f11b05da785e43e713d03774c6bd3405d99cd3024af334ffd68db663aa37034,1,1,,
"포켓몬스터 하트골드 (Korea, IPKK, header ROM version 0)","포켓몬스터 소울실버 (Korea, IPGK, header ROM version 0)",/a/0/0/5,equal,185,185,,,8f11b05da785e43e713d03774c6bd3405d99cd3024af334ffd68db663aa37034,8f11b05da785e43e713d03774c6bd3405d99cd3024af334ffd68db663aa37034,1,1,,
"포켓몬스터 하트골드 (Korea, IPKK, header ROM version 0)","포켓몬스터 소울실버 (Korea, IPGK, header ROM version 0)",/a/0/0/5,equal,186,186,,,8f11b05da785e43e713d03774c6bd3405d99cd3024af334ffd68db663aa37034,8f11b05da785e43e713d03774c6bd3405d99cd3024af334ffd68db663aa37034,1,1,,
"포켓몬스터 하트골드 (Korea, IPKK, header ROM version 0)","포켓몬스터 소울실버 (Korea, IPGK, header ROM version 0)",/a/0/0/5,equal,187,187,,,8f11b05da785e43e713d03774c6bd3405d99cd3024af334ffd68db663aa37034,8f11b05da785e43e713d03774c6bd3405d99cd3024af334ffd68db663aa37034,1,1,,
"포켓몬스터 하트골드 (Korea, IPKK, header ROM version 0)","포켓몬스터 소울실버 (Korea, IPGK, header ROM version 0)",/a/0/0/5,equal,188,188,,,c555eab45d08845ae9f10d452a99bfcb06f74a50b988fe7e48dd323789b88ee3,c555eab45d08845ae9f10d452a99bfcb06f74a50b988fe7e48dd323789b88ee3,1,1,Nintendo LZ10,Nintendo LZ10
"포켓몬스터 하트골드 (Korea, IPKK, header ROM version 0)","포켓몬스터 소울실버 (Korea, IPGK, header ROM version 0)",/a/0/0/5,equal,189,189,,,c555eab45d08845ae9f10d452a99bfcb06f74a50b988fe7e48dd323789b88ee3,c555eab45d08845ae9f10d452a99bfcb06f74a50b988fe7e48dd323789b88ee3,1,1,Nintendo LZ10,Nintendo LZ10
"포켓몬스터 하트골드 (Korea, IPKK, header ROM version 0)","포켓몬스터 소울실버 (Korea, IPGK, header ROM version 0)",/a/0/0/5,equal,190,190,,,4d7b3ef7300acf70c892d8327db8272f54434adbc61a4e130a563cb59a0d0f47,4d7b3ef7300acf70c892d8327db8272f54434adbc61a4e130a563cb59a0d0f47,1,1,,
"포켓몬스터 하트골드 (Korea, IPKK, header ROM version 0)","포켓몬스터 소울실버 (Korea, IPGK, header ROM version 0)",/a/0/0/5,equal,191,191,,,4d7b3ef7300acf70c892d8327db8272f54434adbc61a4e130a563cb59a0d0f47,4d7b3ef7300acf70c892d8327db8272f54434adbc61a4e130a563cb59a0d0f47,1,1,,
"포켓몬스터 하트골드 (Korea, IPKK, header ROM version 0)","포켓몬스터 소울실버 (Korea, IPGK, header ROM version 0)",/a/0/0/5,equal,192,192,,,67586e98fad27da0b9968bc039a1ef34c939b9b8e523a8bef89d478608c5ecf6,67586e98fad27da0b9968bc039a1ef34c939b9b8e523a8bef89d478608c5ecf6,1,1,,
"포켓몬스터 하트골드 (Korea, IPKK, header ROM version 0)","포켓몬스터 소울실버 (Korea, IPGK, header ROM version 0)",/a/0/0/5,equal,193,193,,,67586e98fad27da0b9968bc039a1ef34c939b9b8e523a8bef89d478608c5ecf6,67586e98fad27da0b9968bc039a1ef34c939b9b8e523a8bef89d478608c5ecf6,1,1,,
"포켓몬스터 하트골드 (Korea, IPKK, header ROM version 0)","포켓몬스터 소울실버 (Korea, IPGK, header ROM version 0)",/a/0/0/5,equal,194,194,,,ef6cbd2161eaea7943ce8693b9824d23d1793ffb1c0fca05b600d3899b44c977,ef6cbd2161eaea7943ce8693b9824d23d1793ffb1c0fca05b600d3899b44c977,1,1,,
"포켓몬스터 하트골드 (Korea, IPKK, header ROM version 0)","포켓몬스터 소울실버 (Korea, IPGK, header ROM version 0)",/a/0/0/5,equal,195,195,,,ef6cbd2161eaea7943ce8693b9824d23d1793ffb1c0fca05b600d3899b44c977,ef6cbd2161eaea7943ce8693b9824d23d1793ffb1c0fca05b600d3899b44c977,1,1,,
"포켓몬스터 하트골드 (Korea, IPKK, header ROM version 0)","포켓몬스터 소울실버 (Korea, IPGK, header ROM version 0)",/a/0/0/5,equal,196,196,,,e77b9a9ae9e30b0dbdb6f510a264ef9de781501d7b6b92ae89eb059c5ab743db,e77b9a9ae9e30b0dbdb6f510a264ef9de781501d7b6b92ae89eb059c5ab743db,1,1,,
"포켓몬스터 하트골드 (Korea, IPKK, header ROM version 0)","포켓몬스터 소울실버 (Korea, IPGK, header ROM version 0)",/a/0/0/5,equal,197,197,,,e77b9a9ae9e30b0dbdb6f510a264ef9de781501d7b6b92ae89eb059c5ab743db,e77b9a9ae9e30b0dbdb6f510a264ef9de781501d7b6b92ae89eb059c5ab743db,1,1,,
"포켓몬스터 하트골드 (Korea, IPKK, header ROM version 0)","포켓몬스터 소울실버 (Korea, IPGK, header ROM version 0)",/a/0/0/5,equal,198,198,,,4d7b3ef7300acf70c892d8327db8272f54434adbc61a4e130a563cb59a0d0f47,4d7b3ef7300acf70c892d8327db8272f54434adbc61a4e130a563cb59a0d0f47,1,1,,
"포켓몬스터 하트골드 (Korea, IPKK, header ROM version 0)","포켓몬스터 소울실버 (Korea, IPGK, header ROM version 0)",/a/0/0/5,equal,199,199,,,4d7b3ef7300acf70c892d8327db8272f54434adbc61a4e130a563cb59a0d0f47,4d7b3ef7300acf70c892d8327db8272f54434adbc61a4e130a563cb59a0d0f47,1,1,,
"포켓몬스터 하트골드 (Korea, IPKK, header ROM version 0)","포켓몬스터 소울실버 (Korea, IPGK, header ROM version 0)",/a/0/0/5,equal,200,200,,,452ba1ddef80246c48be7690193c76c1d61185906be9401014fe14f1be64b74f,452ba1ddef80246c48be7690193c76c1d61185906be9401014fe14f1be64b74f,1,1,,
"포켓몬스터 하트골드 (Korea, IPKK, header ROM version 0)","포켓몬스터 소울실버 (Korea, IPGK, header ROM version 0)",/a/0/0/5,equal,201,201,,,452ba1ddef80246c48be7690193c76c1d61185906be9401014fe14f1be64b74f,452ba1ddef80246c48be7690193c76c1d61185906be9401014fe14f1be64b74f,1,1,,
"포켓몬스터 하트골드 (Korea, IPKK, header ROM version 0)","포켓몬스터 소울실버 (Korea, IPGK, header ROM version 0)",/a/0/0/5,equal,202,202,,,58f7b0780592032e4d8602a3e8690fb2c701b2e1dd546e703445aabd6469734d,58f7b0780592032e4d8602a3e8690fb2c701b2e1dd546e703445aabd6469734d,1,1,,
"포켓몬스터 하트골드 (Korea, IPKK, header ROM version 0)","포켓몬스터 소울실버 (Korea, IPGK, header ROM version 0)",/a/0/0/5,equal,203,203,,,58f7b0780592032e4d8602a3e8690fb2c701b2e1dd546e703445aabd6469734d,58f7b0780592032e4d8602a3e8690fb2c701b2e1dd546e703445aabd6469734d,1,1,,
"포켓몬스터 하트골드 (Korea, IPKK, header ROM version 0)","포켓몬스터 소울실버 (Korea, IPGK, header ROM version 0)",/a/0/0/5,equal,204,204,,,2f0fd1e89b8de1d57292742ec380ea47066e307ad645f5bc3adad8a06ff58608,2f0fd1e89b8de1d57292742ec380ea47066e307ad645f5bc3adad8a06ff58608,1,1,,
"포켓몬스터 하트골드 (Korea, IPKK, header ROM version 0)","포켓몬스터 소울실버 (Korea, IPGK, header ROM version 0)",/a/0/0/5,equal,205,205,,,2f0fd1e89b8de1d57292742ec380ea47066e307ad645f5bc3adad8a06ff58608,2f0fd1e89b8de1d57292742ec380ea47066e307ad645f5bc3adad8a06ff58608,1,1,,
"포켓몬스터 하트골드 (Korea, IPKK, header ROM version 0)","포켓몬스터 소울실버 (Korea, IPGK, header ROM version 0)",/a/0/0/5,equal,206,206,,,ab897fbdedfa502b2d839b6a56100887dccdc507555c282e59589e06300a62e2,ab897fbdedfa502b2d839b6a56100887dccdc507555c282e59589e06300a62e2,1,1,,
"포켓몬스터 하트골드 (Korea, IPKK, header ROM version 0)","포켓몬스터 소울실버 (Korea, IPGK, header ROM version 0)",/a/0/0/5,equal,207,207,,,ab897fbdedfa502b2d839b6a56100887dccdc507555c282e59589e06300a62e2,ab897fbdedfa502b2d839b6a56100887dccdc507555c282e59589e06300a62e2,1,1,,
"포켓몬스터 하트골드 (Korea, IPKK, header ROM version 0)","포켓몬스터 소울실버 (Korea, IPGK, header ROM version 0)",/a/0/0/5,equal,208,208,,,ca358758f6d27e6cf45272937977a748fd88391db679ceda7dc7bf1f005ee879,ca358758f6d27e6cf45272937977a748fd88391db679ceda7dc7bf1f005ee879,1,1,,
"포켓몬스터 하트골드 (Korea, IPKK, header ROM version 0)","포켓몬스터 소울실버 (Korea, IPGK, header ROM version 0)",/a/0/0/5,equal,209,209,,,ca358758f6d27e6cf45272937977a748fd88391db679ceda7dc7bf1f005ee879,ca358758f6d27e6cf45272937977a748fd88391db679ceda7dc7bf1f005ee879,1,1,,
"포켓몬스터 하트골드 (Korea, IPKK, header ROM version 0)","포켓몬스터 소울실버 (Korea, IPGK, header ROM version 0)",/a/0/0/5,equal,210,210,,,c555eab45d08845ae9f10d452a99bfcb06f74a50b988fe7e48dd323789b88ee3,c555eab45d08845ae9f10d452a99bfcb06f74a50b988fe7e48dd323789b88ee3,1,1,Nintendo LZ10,Nintendo LZ10
"포켓몬스터 하트골드 (Korea, IPKK, header ROM version 0)","포켓몬스터 소울실버 (Korea, IPGK, header ROM version 0)",/a/0/0/5,equal,211,211,,,c555eab45d08845ae9f10d452a99bfcb06f74a50b988fe7e48dd323789b88ee3,c555eab45d08845ae9f10d452a99bfcb06f74a50b988fe7e48dd323789b88ee3,1,1,Nintendo LZ10,Nintendo LZ10
"포켓몬스터 하트골드 (Korea, IPKK, header ROM version 0)","포켓몬스터 소울실버 (Korea, IPGK, header ROM version 0)",/a/0/0/5,equal,212,212,,,2b4c342f5433ebe591a1da77e013d1b72475562d48578dca8b84bac6651c3cb9,2b4c342f5433ebe591a1da77e013d1b72475562d48578dca8b84bac6651c3cb9,1,1,,
"포켓몬스터 하트골드 (Korea, IPKK, header ROM version 0)","포켓몬스터 소울실버 (Korea, IPGK, header ROM version 0)",/a/0/0/5,equal,213,213,,,2b4c342f5433ebe591a1da77e013d1b72475562d48578dca8b84bac6651c3cb9,2b4c342f5433ebe591a1da77e013d1b72475562d48578dca8b84bac6651c3cb9,1,1,,
"포켓몬스터 하트골드 (Korea, IPKK, header ROM version 0)","포켓몬스터 소울실버 (Korea, IPGK, header ROM version 0)",/a/0/0/5,equal,214,214,,,ef6cbd2161eaea7943ce8693b9824d23d1793ffb1c0fca05b600d3899b44c977,ef6cbd2161eaea7943ce8693b9824d23d1793ffb1c0fca05b600d3899b44c977,1,1,,
"포켓몬스터 하트골드 (Korea, IPKK, header ROM version 0)","포켓몬스터 소울실버 (Korea, IPGK, header ROM version 0)",/a/0/0/5,equal,215,215,,,ef6cbd2161eaea7943ce8693b9824d23d1793ffb1c0fca05b600d3899b44c977,ef6cbd2161eaea7943ce8693b9824d23d1793ffb1c0fca05b600d3899b44c977,1,1,,
"포켓몬스터 하트골드 (Korea, IPKK, header ROM version 0)","포켓몬스터 소울실버 (Korea, IPGK, header ROM version 0)",/a/0/0/5,equal,216,216,,,e7cf46a078fed4fafd0b5e3aff144802b853f8ae459a4f0c14add3314b7cc3a6,e7cf46a078fed4fafd0b5e3aff144802b853f8ae459a4f0c14add3314b7cc3a6,1,1,,
"포켓몬스터 하트골드 (Korea, IPKK, header ROM version 0)","포켓몬스터 소울실버 (Korea, IPGK, header ROM version 0)",/a/0/0/5,equal,217,217,,,e7cf46a078fed4fafd0b5e3aff144802b853f8ae459a4f0c14add3314b7cc3a6,e7cf46a078fed4fafd0b5e3aff144802b853f8ae459a4f0c14add3314b7cc3a6,1,1,,
"포켓몬스터 하트골드 (Korea, IPKK, header ROM version 0)","포켓몬스터 소울실버 (Korea, IPGK, header ROM version 0)",/a/0/0/5,equal,218,218,,,4a64a107f0cb32536e5bce6c98c393db21cca7f4ea187ba8c4dca8b51d4ea80a,4a64a107f0cb32536e5bce6c98c393db21cca7f4ea187ba8c4dca8b51d4ea80a,1,1,Nintendo LZ11,Nintendo LZ11
"포켓몬스터 하트골드 (Korea, IPKK, header ROM version 0)","포켓몬스터 소울실버 (Korea, IPGK, header ROM version 0)",/a/0/0/5,equal,219,219,,,4a64a107f0cb32536e5bce6c98c393db21cca7f4ea187ba8c4dca8b51d4ea80a,4a64a107f0cb32536e5bce6c98c393db21cca7f4ea187ba8c4dca8b51d4ea80a,1,1,Nintendo LZ11,Nintendo LZ11
"포켓몬스터 하트골드 (Korea, IPKK, header ROM version 0)","포켓몬스터 소울실버 (Korea, IPGK, header ROM version 0)",/a/0/0/5,equal,220,220,,,e52d9c508c502347344d8c07ad91cbd6068afc75ff6292f062a09ca381c89e71,e52d9c508c502347344d8c07ad91cbd6068afc75ff6292f062a09ca381c89e71,1,1,,
"포켓몬스터 하트골드 (Korea, IPKK, header ROM version 0)","포켓몬스터 소울실버 (Korea, IPGK, header ROM version 0)",/a/0/0/5,equal,221,221,,,e52d9c508c502347344d8c07ad91cbd6068afc75ff6292f062a09ca381c89e71,e52d9c508c502347344d8c07ad91cbd6068afc75ff6292f062a09ca381c89e71,1,1,,
"포켓몬스터 하트골드 (Korea, IPKK, header ROM version 0)","포켓몬스터 소울실버 (Korea, IPGK, header ROM version 0)",/a/0/0/5,equal,222,222,,,e7cf46a078fed4fafd0b5e3aff144802b853f8ae459a4f0c14add3314b7cc3a6,e7cf46a078fed4fafd0b5e3aff144802b853f8ae459a4f0c14add3314b7cc3a6,1,1,,
"포켓몬스터 하트골드 (Korea, IPKK, header ROM version 0)","포켓몬스터 소울실버 (Korea, IPGK, header ROM version 0)",/a/0/0/5,equal,223,223,,,e7cf46a078fed4fafd0b5e3aff144802b853f8ae459a4f0c14add3314b7cc3a6,e7cf46a078fed4fafd0b5e3aff144802b853f8ae459a4f0c14add3314b7cc3a6,1,1,,
"포켓몬스터 하트골드 (Korea, IPKK, header ROM version 0)","포켓몬스터 소울실버 (Korea, IPGK, header ROM version 0)",/a/0/0/5,equal,224,224,,,01ba4719c80b6fe911b091a7c05124b64eeece964e09c058ef8f9805daca546b,01ba4719c80b6fe911b091a7c05124b64eeece964e09c058ef8f9805daca546b,1,1,,
"포켓몬스터 하트골드 (Korea, IPKK, header ROM version 0)","포켓몬스터 소울실버 (Korea, IPGK, header ROM version 0)",/a/0/0/5,equal,225,225,,,01ba4719c80b6fe911b091a7c05124b64eeece964e09c058ef8f9805daca546b,01ba4719c80b6fe911b091a7c05124b64eeece964e09c058ef8f9805daca546b,1,1,,
"포켓몬스터 하트골드 (Korea, IPKK, header ROM version 0)","포켓몬스터 소울실버 (Korea, IPGK, header ROM version 0)",/a/0/0/5,equal,226,226,,,f299791cddd3d6664f6670842812ef6053eb6501bd6282a476bbbf3ee91e750c,f299791cddd3d6664f6670842812ef6053eb6501bd6282a476bbbf3ee91e750c,1,1,,
"포켓몬스터 하트골드 (Korea, IPKK, header ROM version 0)","포켓몬스터 소울실버 (Korea, IPGK, header ROM version 0)",/a/0/0/5,equal,227,227,,,f299791cddd3d6664f6670842812ef6053eb6501bd6282a476bbbf3ee91e750c,f299791cddd3d6664f6670842812ef6053eb6501bd6282a476bbbf3ee91e750c,1,1,,
"포켓몬스터 하트골드 (Korea, IPKK, header ROM version 0)","포켓몬스터 소울실버 (Korea, IPGK, header ROM version 0)",/a/0/0/5,equal,228,228,,,9d1e0e2d9459d06523ad13e28a4093c2316baafe7aec5b25f30eba2e113599c4,9d1e0e2d9459d06523ad13e28a4093c2316baafe7aec5b25f30eba2e113599c4,1,1,,
"포켓몬스터 하트골드 (Korea, IPKK, header ROM version 0)","포켓몬스터 소울실버 (Korea, IPGK, header ROM version 0)",/a/0/0/5,equal,229,229,,,9d1e0e2d9459d06523ad13e28a4093c2316baafe7aec5b25f30eba2e113599c4,9d1e0e2d9459d06523ad13e28a4093c2316baafe7aec5b25f30eba2e113599c4,1,1,,
"포켓몬스터 하트골드 (Korea, IPKK, header ROM version 0)","포켓몬스터 소울실버 (Korea, IPGK, header ROM version 0)",/a/0/0/5,equal,230,230,,,ef6cbd2161eaea7943ce8693b9824d23d1793ffb1c0fca05b600d3899b44c977,ef6cbd2161eaea7943ce8693b9824d23d1793ffb1c0fca05b600d3899b44c977,1,1,,
"포켓몬스터 하트골드 (Korea, IPKK, header ROM version 0)","포켓몬스터 소울실버 (Korea, IPGK, header ROM version 0)",/a/0/0/5,equal,231,231,,,ef6cbd2161eaea7943ce8693b9824d23d1793ffb1c0fca05b600d3899b44c977,ef6cbd2161eaea7943ce8693b9824d23d1793ffb1c0fca05b600d3899b44c977,1,1,,
"포켓몬스터 하트골드 (Korea, IPKK, header ROM version 0)","포켓몬스터 소울실버 (Korea, IPGK, header ROM version 0)",/a/0/0/5,equal,232,232,,,01ba4719c80b6fe911b091a7c05124b64eeece964e09c058ef8f9805daca546b,01ba4719c80b6fe911b091a7c05124b64eeece964e09c058ef8f9805daca546b,1,1,,
"포켓몬스터 하트골드 (Korea, IPKK, header ROM version 0)","포켓몬스터 소울실버 (Korea, IPGK, header ROM version 0)",/a/0/0/5,equal,233,233,,,01ba4719c80b6fe911b091a7c05124b64eeece964e09c058ef8f9805daca546b,01ba4719c80b6fe911b091a7c05124b64eeece964e09c058ef8f9805daca546b,1,1,,
"포켓몬스터 하트골드 (Korea, IPKK, header ROM version 0)","포켓몬스터 소울실버 (Korea, IPGK, header ROM version 0)",/a/0/0/5,equal,234,234,,,dc0e9c3658a1a3ed1ec94274d8b19925c93e1abb7ddba294923ad9bde30f8cb8,dc0e9c3658a1a3ed1ec94274d8b19925c93e1abb7ddba294923ad9bde30f8cb8,1,1,,
"포켓몬스터 하트골드 (Korea, IPKK, header ROM version 0)","포켓몬스터 소울실버 (Korea, IPGK, header ROM version 0)",/a/0/0/5,equal,235,235,,,dc0e9c3658a1a3ed1ec94274d8b19925c93e1abb7ddba294923ad9bde30f8cb8,dc0e9c3658a1a3ed1ec94274d8b19925c93e1abb7ddba294923ad9bde30f8cb8,1,1,,
"포켓몬스터 하트골드 (Korea, IPKK, header ROM version 0)","포켓몬스터 소울실버 (Korea, IPGK, header ROM version 0)",/a/0/0/5,equal,236,236,,,e77b9a9ae9e30b0dbdb6f510a264ef9de781501d7b6b92ae89eb059c5ab743db,e77b9a9ae9e30b0dbdb6f510a264ef9de781501d7b6b92ae89eb059c5ab743db,1,1,,
"포켓몬스터 하트골드 (Korea, IPKK, header ROM version 0)","포켓몬스터 소울실버 (Korea, IPGK, header ROM version 0)",/a/0/0/5,equal,237,237,,,e77b9a9ae9e30b0dbdb6f510a264ef9de781501d7b6b92ae89eb059c5ab743db,e77b9a9ae9e30b0dbdb6f510a264ef9de781501d7b6b92ae89eb059c5ab743db,1,1,,
"포켓몬스터 하트골드 (Korea, IPKK, header ROM version 0)","포켓몬스터 소울실버 (Korea, IPGK, header ROM version 0)",/a/0/0/5,equal,238,238,,,e77b9a9ae9e30b0dbdb6f510a264ef9de781501d7b6b92ae89eb059c5ab743db,e77b9a9ae9e30b0dbdb6f510a264ef9de781501d7b6b92ae89eb059c5ab743db,1,1,,
"포켓몬스터 하트골드 (Korea, IPKK, header ROM version 0)","포켓몬스터 소울실버 (Korea, IPGK, header ROM version 0)",/a/0/0/5,equal,239,239,,,e77b9a9ae9e30b0dbdb6f510a264ef9de781501d7b6b92ae89eb059c5ab743db,e77b9a9ae9e30b0dbdb6f510a264ef9de781501d7b6b92ae89eb059c5ab743db,1,1,,
"포켓몬스터 하트골드 (Korea, IPKK, header ROM version 0)","포켓몬스터 소울실버 (Korea, IPGK, header ROM version 0)",/a/0/0/5,equal,240,240,,,452ba1ddef80246c48be7690193c76c1d61185906be9401014fe14f1be64b74f,452ba1ddef80246c48be7690193c76c1d61185906be9401014fe14f1be64b74f,1,1,,
"포켓몬스터 하트골드 (Korea, IPKK, header ROM version 0)","포켓몬스터 소울실버 (Korea, IPGK, header ROM version 0)",/a/0/0/5,equal,241,241,,,452ba1ddef80246c48be7690193c76c1d61185906be9401014fe14f1be64b74f,452ba1ddef80246c48be7690193c76c1d61185906be9401014fe14f1be64b74f,1,1,,
"포켓몬스터 하트골드 (Korea, IPKK, header ROM version 0)","포켓몬스터 소울실버 (Korea, IPGK, header ROM version 0)",/a/0/0/5,equal,242,242,,,8f11b05da785e43e713d03774c6bd3405d99cd3024af334ffd68db663aa37034,8f11b05da785e43e713d03774c6bd3405d99cd3024af334ffd68db663aa37034,1,1,,
"포켓몬스터 하트골드 (Korea, IPKK, header ROM version 0)","포켓몬스터 소울실버 (Korea, IPGK, header ROM version 0)",/a/0/0/5,equal,243,243,,,8f11b05da785e43e713d03774c6bd3405d99cd3024af334ffd68db663aa37034,8f11b05da785e43e713d03774c6bd3405d99cd3024af334ffd68db663aa37034,1,1,,
"포켓몬스터 하트골드 (Korea, IPKK, header ROM version 0)","포켓몬스터 소울실버 (Korea, IPGK, header ROM version 0)",/a/0/0/5,equal,244,244,,,c555eab45d08845ae9f10d452a99bfcb06f74a50b988fe7e48dd323789b88ee3,c555eab45d08845ae9f10d452a99bfcb06f74a50b988fe7e48dd323789b88ee3,1,1,Nintendo LZ10,Nintendo LZ10
"포켓몬스터 하트골드 (Korea, IPKK, header ROM version 0)","포켓몬스터 소울실버 (Korea, IPGK, header ROM version 0)",/a/0/0/5,equal,245,245,,,c555eab45d08845ae9f10d452a99bfcb06f74a50b988fe7e48dd323789b88ee3,c555eab45d08845ae9f10d452a99bfcb06f74a50b988fe7e48dd323789b88ee3,1,1,Nintendo LZ10,Nintendo LZ10
"포켓몬스터 하트골드 (Korea, IPKK, header ROM version 0)","포켓몬스터 소울실버 (Korea, IPGK, header ROM version 0)",/a/0/0/5,equal,246,246,,,ab897fbdedfa502b2d839b6a56100887dccdc507555c282e59589e06300a62e2,ab897fbdedfa502b2d839b6a56100887dccdc507555c282e59589e06300a62e2,1,1,,
"포켓몬스터 하트골드 (Korea, IPKK, header ROM version 0)","포켓몬스터 소울실버 (Korea, IPGK, header ROM version 0)",/a/0/0/5,equal,247,247,,,ab897fbdedfa502b2d839b6a56100887dccdc507555c282e59589e06300a62e2,ab897fbdedfa502b2d839b6a56100887dccdc507555c282e59589e06300a62e2,1,1,,
"포켓몬스터 하트골드 (Korea, IPKK, header ROM version 0)","포켓몬스터 소울실버 (Korea, IPGK, header ROM version 0)",/a/0/0/5,equal,248,248,,,2b4c342f5433ebe591a1da77e013d1b72475562d48578dca8b84bac6651c3cb9,2b4c342f5433ebe591a1da77e013d1b72475562d48578dca8b84bac6651c3cb9,1,1,,
"포켓몬스터 하트골드 (Korea, IPKK, header ROM version 0)","포켓몬스터 소울실버 (Korea, IPGK, header ROM version 0)",/a/0/0/5,equal,249,249,,,2b4c342f5433ebe591a1da77e013d1b72475562d48578dca8b84bac6651c3cb9,2b4c342f5433ebe591a1da77e013d1b72475562d48578dca8b84bac6651c3cb9,1,1,,
"포켓몬스터 하트골드 (Korea, IPKK, header ROM version 0)","포켓몬스터 소울실버 (Korea, IPGK, header ROM version 0)",/a/0/0/5,equal,250,250,,,9d1e0e2d9459d06523ad13e28a4093c2316baafe7aec5b25f30eba2e113599c4,9d1e0e2d9459d06523ad13e28a4093c2316baafe7aec5b25f30eba2e113599c4,1,1,,
"포켓몬스터 하트골드 (Korea, IPKK, header ROM version 0)","포켓몬스터 소울실버 (Korea, IPGK, header ROM version 0)",/a/0/0/5,equal,251,251,,,9d1e0e2d9459d06523ad13e28a4093c2316baafe7aec5b25f30eba2e113599c4,9d1e0e2d9459d06523ad13e28a4093c2316baafe7aec5b25f30eba2e113599c4,1,1,,
"포켓몬스터 하트골드 (Korea, IPKK, header ROM version 0)","포켓몬스터 소울실버 (Korea, IPGK, header ROM version 0)",/a/0/0/5,equal,252,252,,,dc0e9c3658a1a3ed1ec94274d8b19925c93e1abb7ddba294923ad9bde30f8cb8,dc0e9c3658a1a3ed1ec94274d8b19925c93e1abb7ddba294923ad9bde30f8cb8,1,1,,
"포켓몬스터 하트골드 (Korea, IPKK, header ROM version 0)","포켓몬스터 소울실버 (Korea, IPGK, header ROM version 0)",/a/0/0/5,equal,253,253,,,dc0e9c3658a1a3ed1ec94274d8b19925c93e1abb7ddba294923ad9bde30f8cb8,dc0e9c3658a1a3ed1ec94274d8b19925c93e1abb7ddba294923ad9bde30f8cb8,1,1,,
"포켓몬스터 하트골드 (Korea, IPKK, header ROM version 0)","포켓몬스터 소울실버 (Korea, IPGK, header ROM version 0)",/a/0/0/5,equal,254,254,,,f299791cddd3d6664f6670842812ef6053eb6501bd6282a476bbbf3ee91e750c,f299791cddd3d6664f6670842812ef6053eb6501bd6282a476bbbf3ee91e750c,1,1,,
"포켓몬스터 하트골드 (Korea, IPKK, header ROM version 0)","포켓몬스터 소울실버 (Korea, IPGK, header ROM version 0)",/a/0/0/5,equal,255,255,,,f299791cddd3d6664f6670842812ef6053eb6501bd6282a476bbbf3ee91e750c,f299791cddd3d6664f6670842812ef6053eb6501bd6282a476bbbf3ee91e750c,1,1,,
"포켓몬스터 하트골드 (Korea, IPKK, header ROM version 0)","포켓몬스터 소울실버 (Korea, IPGK, header ROM version 0)",/a/0/0/5,equal,256,256,,,01ba4719c80b6fe911b091a7c05124b64eeece964e09c058ef8f9805daca546b,01ba4719c80b6fe911b091a7c05124b64eeece964e09c058ef8f9805daca546b,1,1,,
"포켓몬스터 하트골드 (Korea, IPKK, header ROM version 0)","포켓몬스터 소울실버 (Korea, IPGK, header ROM version 0)",/a/0/0/5,equal,257,257,,,01ba4719c80b6fe911b091a7c05124b64eeece964e09c058ef8f9805daca546b,01ba4719c80b6fe911b091a7c05124b64eeece964e09c058ef8f9805daca546b,1,1,,
"포켓몬스터 하트골드 (Korea, IPKK, header ROM version 0)","포켓몬스터 소울실버 (Korea, IPGK, header ROM version 0)",/a/0/0/5,equal,258,258,,,2b4c342f5433ebe591a1da77e013d1b72475562d48578dca8b84bac6651c3cb9,2b4c342f5433ebe591a1da77e013d1b72475562d48578dca8b84bac6651c3cb9,1,1,,
"포켓몬스터 하트골드 (Korea, IPKK, header ROM version 0)","포켓몬스터 소울실버 (Korea, IPGK, header ROM version 0)",/a/0/0/5,equal,259,259,,,2b4c342f5433ebe591a1da77e013d1b72475562d48578dca8b84bac6651c3cb9,2b4c342f5433ebe591a1da77e013d1b72475562d48578dca8b84bac6651c3cb9,1,1,,
"포켓몬스터 하트골드 (Korea, IPKK, header ROM version 0)","포켓몬스터 소울실버 (Korea, IPGK, header ROM version 0)",/a/0/0/5,equal,260,260,,,ca358758f6d27e6cf45272937977a748fd88391db679ceda7dc7bf1f005ee879,ca358758f6d27e6cf45272937977a748fd88391db679ceda7dc7bf1f005ee879,1,1,,
"포켓몬스터 하트골드 (Korea, IPKK, header ROM version 0)","포켓몬스터 소울실버 (Korea, IPGK, header ROM version 0)",/a/0/0/5,equal,261,261,,,ca358758f6d27e6cf45272937977a748fd88391db679ceda7dc7bf1f005ee879,ca358758f6d27e6cf45272937977a748fd88391db679ceda7dc7bf1f005ee879,1,1,,
"포켓몬스터 하트골드 (Korea, IPKK, header ROM version 0)","포켓몬스터 소울실버 (Korea, IPGK, header ROM version 0)",/a/0/0/5,equal,262,262,,,beead77994cf573341ec17b58bbf7eb34d2711c993c1d976b128b3188dc1829a,beead77994cf573341ec17b58bbf7eb34d2711c993c1d976b128b3188dc1829a,1,1,,
"포켓몬스터 하트골드 (Korea, IPKK, header ROM version 0)","포켓몬스터 소울실버 (Korea, IPGK, header ROM version 0)",/a/0/0/5,equal,263,263,,,beead77994cf573341ec17b58bbf7eb34d2711c993c1d976b128b3188dc1829a,beead77994cf573341ec17b58bbf7eb34d2711c993c1d976b128b3188dc1829a,1,1,,
"포켓몬스터 하트골드 (Korea, IPKK, header ROM version 0)","포켓몬스터 소울실버 (Korea, IPGK, header ROM version 0)",/a/0/0/5,equal,264,264,,,beead77994cf573341ec17b58bbf7eb34d2711c993c1d976b128b3188dc1829a,beead77994cf573341ec17b58bbf7eb34d2711c993c1d976b128b3188dc1829a,1,1,,
"포켓몬스터 하트골드 (Korea, IPKK, header ROM version 0)","포켓몬스터 소울실버 (Korea, IPGK, header ROM version 0)",/a/0/0/5,equal,265,265,,,beead77994cf573341ec17b58bbf7eb34d2711c993c1d976b128b3188dc1829a,beead77994cf573341ec17b58bbf7eb34d2711c993c1d976b128b3188dc1829a,1,1,,
"포켓몬스터 하트골드 (Korea, IPKK, header ROM version 0)","포켓몬스터 소울실버 (Korea, IPGK, header ROM version 0)",/a/0/0/5,equal,266,266,,,9d1e0e2d9459d06523ad13e28a4093c2316baafe7aec5b25f30eba2e113599c4,9d1e0e2d9459d06523ad13e28a4093c2316baafe7aec5b25f30eba2e113599c4,1,1,,
"포켓몬스터 하트골드 (Korea, IPKK, header ROM version 0)","포켓몬스터 소울실버 (Korea, IPGK, header ROM version 0)",/a/0/0/5,equal,267,267,,,9d1e0e2d9459d06523ad13e28a4093c2316baafe7aec5b25f30eba2e113599c4,9d1e0e2d9459d06523ad13e28a4093c2316baafe7aec5b25f30eba2e113599c4,1,1,,
"포켓몬스터 하트골드 (Korea, IPKK, header ROM version 0)","포켓몬스터 소울실버 (Korea, IPGK, header ROM version 0)",/a/0/0/5,equal,268,268,,,01ba4719c80b6fe911b091a7c05124b64eeece964e09c058ef8f9805daca546b,01ba4719c80b6fe911b091a7c05124b64eeece964e09c058ef8f9805daca546b,1,1,,
"포켓몬스터 하트골드 (Korea, IPKK, header ROM version 0)","포켓몬스터 소울실버 (Korea, IPGK, header ROM version 0)",/a/0/0/5,equal,269,269,,,01ba4719c80b6fe911b091a7c05124b64eeece964e09c058ef8f9805daca546b,01ba4719c80b6fe911b091a7c05124b64eeece964e09c058ef8f9805daca546b,1,1,,
"포켓몬스터 하트골드 (Korea, IPKK, header ROM version 0)","포켓몬스터 소울실버 (Korea, IPGK, header ROM version 0)",/a/0/0/5,equal,270,270,,,beead77994cf573341ec17b58bbf7eb34d2711c993c1d976b128b3188dc1829a,beead77994cf573341ec17b58bbf7eb34d2711c993c1d976b128b3188dc1829a,1,1,,
"포켓몬스터 하트골드 (Korea, IPKK, header ROM version 0)","포켓몬스터 소울실버 (Korea, IPGK, header ROM version 0)",/a/0/0/5,equal,271,271,,,beead77994cf573341ec17b58bbf7eb34d2711c993c1d976b128b3188dc1829a,beead77994cf573341ec17b58bbf7eb34d2711c993c1d976b128b3188dc1829a,1,1,,
"포켓몬스터 하트골드 (Korea, IPKK, header ROM version 0)","포켓몬스터 소울실버 (Korea, IPGK, header ROM version 0)",/a/0/0/5,equal,272,272,,,2b4c342f5433ebe591a1da77e013d1b72475562d48578dca8b84bac6651c3cb9,2b4c342f5433ebe591a1da77e013d1b72475562d48578dca8b84bac6651c3cb9,1,1,,
"포켓몬스터 하트골드 (Korea, IPKK, header ROM version 0)","포켓몬스터 소울실버 (Korea, IPGK, header ROM version 0)",/a/0/0/5,equal,273,273,,,2b4c342f5433ebe591a1da77e013d1b72475562d48578dca8b84bac6651c3cb9,2b4c342f5433ebe591a1da77e013d1b72475562d48578dca8b84bac6651c3cb9,1,1,,
"포켓몬스터 하트골드 (Korea, IPKK, header ROM version 0)","포켓몬스터 소울실버 (Korea, IPGK, header ROM version 0)",/a/0/0/5,equal,274,274,,,4bf5122f344554c53bde2ebb8cd2b7e3d1600ad631c385a5d7cce23c7785459a,4bf5122f344554c53bde2ebb8cd2b7e3d1600ad631c385a5d7cce23c7785459a,1,1,,
"포켓몬스터 하트골드 (Korea, IPKK, header ROM version 0)","포켓몬스터 소울실버 (Korea, IPGK, header ROM version 0)",/a/0/0/5,equal,275,275,,,4bf5122f344554c53bde2ebb8cd2b7e3d1600ad631c385a5d7cce23c7785459a,4bf5122f344554c53bde2ebb8cd2b7e3d1600ad631c385a5d7cce23c7785459a,1,1,,
"포켓몬스터 하트골드 (Korea, IPKK, header ROM version 0)","포켓몬스터 소울실버 (Korea, IPGK, header ROM version 0)",/a/0/0/5,equal,276,276,,,4d7b3ef7300acf70c892d8327db8272f54434adbc61a4e130a563cb59a0d0f47,4d7b3ef7300acf70c892d8327db8272f54434adbc61a4e130a563cb59a0d0f47,1,1,,
"포켓몬스터 하트골드 (Korea, IPKK, header ROM version 0)","포켓몬스터 소울실버 (Korea, IPGK, header ROM version 0)",/a/0/0/5,equal,277,277,,,4d7b3ef7300acf70c892d8327db8272f54434adbc61a4e130a563cb59a0d0f47,4d7b3ef7300acf70c892d8327db8272f54434adbc61a4e130a563cb59a0d0f47,1,1,,
"포켓몬스터 하트골드 (Korea, IPKK, header ROM version 0)","포켓몬스터 소울실버 (Korea, IPGK, header ROM version 0)",/a/0/0/5,equal,278,278,,,2f0fd1e89b8de1d57292742ec380ea47066e307ad645f5bc3adad8a06ff58608,2f0fd1e89b8de1d57292742ec380ea47066e307ad645f5bc3adad8a06ff58608,1,1,,
"포켓몬스터 하트골드 (Korea, IPKK, header ROM version 0)","포켓몬스터 소울실버 (Korea, IPGK, header ROM version 0)",/a/0/0/5,equal,279,279,,,2f0fd1e89b8de1d57292742ec380ea47066e307ad645f5bc3adad8a06ff58608,2f0fd1e89b8de1d57292742ec380ea47066e307ad645f5bc3adad8a06ff58608,1,1,,
"포켓몬스터 하트골드 (Korea, IPKK, header ROM version 0)","포켓몬스터 소울실버 (Korea, IPGK, header ROM version 0)",/a/0/0/5,equal,280,280,,,4d7b3ef7300acf70c892d8327db8272f54434adbc61a4e130a563cb59a0d0f47,4d7b3ef7300acf70c892d8327db8272f54434adbc61a4e130a563cb59a0d0f47,1,1,,
"포켓몬스터 하트골드 (Korea, IPKK, header ROM version 0)","포켓몬스터 소울실버 (Korea, IPGK, header ROM version 0)",/a/0/0/5,equal,281,281,,,4d7b3ef7300acf70c892d8327db8272f54434adbc61a4e130a563cb59a0d0f47,4d7b3ef7300acf70c892d8327db8272f54434adbc61a4e130a563cb59a0d0f47,1,1,,
"포켓몬스터 하트골드 (Korea, IPKK, header ROM version 0)","포켓몬스터 소울실버 (Korea, IPGK, header ROM version 0)",/a/0/0/5,equal,282,282,,,f299791cddd3d6664f6670842812ef6053eb6501bd6282a476bbbf3ee91e750c,f299791cddd3d6664f6670842812ef6053eb6501bd6282a476bbbf3ee91e750c,1,1,,
"포켓몬스터 하트골드 (Korea, IPKK, header ROM version 0)","포켓몬스터 소울실버 (Korea, IPGK, header ROM version 0)",/a/0/0/5,equal,283,283,,,f299791cddd3d6664f6670842812ef6053eb6501bd6282a476bbbf3ee91e750c,f299791cddd3d6664f6670842812ef6053eb6501bd6282a476bbbf3ee91e750c,1,1,,
"포켓몬스터 하트골드 (Korea, IPKK, header ROM version 0)","포켓몬스터 소울실버 (Korea, IPGK, header ROM version 0)",/a/0/0/5,equal,284,284,,,beead77994cf573341ec17b58bbf7eb34d2711c993c1d976b128b3188dc1829a,beead77994cf573341ec17b58bbf7eb34d2711c993c1d976b128b3188dc1829a,1,1,,
"포켓몬스터 하트골드 (Korea, IPKK, header ROM version 0)","포켓몬스터 소울실버 (Korea, IPGK, header ROM version 0)",/a/0/0/5,equal,285,285,,,beead77994cf573341ec17b58bbf7eb34d2711c993c1d976b128b3188dc1829a,beead77994cf573341ec17b58bbf7eb34d2711c993c1d976b128b3188dc1829a,1,1,,
"포켓몬스터 하트골드 (Korea, IPKK, header ROM version 0)","포켓몬스터 소울실버 (Korea, IPGK, header ROM version 0)",/a/0/0/5,equal,286,286,,,e7cf46a078fed4fafd0b5e3aff144802b853f8ae459a4f0c14add3314b7cc3a6,e7cf46a078fed4fafd0b5e3aff144802b853f8ae459a4f0c14add3314b7cc3a6,1,1,,
"포켓몬스터 하트골드 (Korea, IPKK, header ROM version 0)","포켓몬스터 소울실버 (Korea, IPGK, header ROM version 0)",/a/0/0/5,equal,287,287,,,e7cf46a078fed4fafd0b5e3aff144802b853f8ae459a4f0c14add3314b7cc3a6,e7cf46a078fed4fafd0b5e3aff144802b853f8ae459a4f0c14add3314b7cc3a6,1,1,,
"포켓몬스터 하트골드 (Korea, IPKK, header ROM version 0)","포켓몬스터 소울실버 (Korea, IPGK, header ROM version 0)",/a/0/0/5,equal,288,288,,,e7cf46a078fed4fafd0b5e3aff144802b853f8ae459a4f0c14add3314b7cc3a6,e7cf46a078fed4fafd0b5e3aff144802b853f8ae459a4f0c14add3314b7cc3a6,1,1,,
"포켓몬스터 하트골드 (Korea, IPKK, header ROM version 0)","포켓몬스터 소울실버 (Korea, IPGK, header ROM version 0)",/a/0/0/5,equal,289,289,,,e7cf46a078fed4fafd0b5e3aff144802b853f8ae459a4f0c14add3314b7cc3a6,e7cf46a078fed4fafd0b5e3aff144802b853f8ae459a4f0c14add3314b7cc3a6,1,1,,
"포켓몬스터 하트골드 (Korea, IPKK, header ROM version 0)","포켓몬스터 소울실버 (Korea, IPGK, header ROM version 0)",/a/0/0/5,equal,290,290,,,e7cf46a078fed4fafd0b5e3aff144802b853f8ae459a4f0c14add3314b7cc3a6,e7cf46a078fed4fafd0b5e3aff144802b853f8ae459a4f0c14add3314b7cc3a6,1,1,,
"포켓몬스터 하트골드 (Korea, IPKK, header ROM version 0)","포켓몬스터 소울실버 (Korea, IPGK, header ROM version 0)",/a/0/0/5,equal,291,291,,,e7cf46a078fed4fafd0b5e3aff144802b853f8ae459a4f0c14add3314b7cc3a6,e7cf46a078fed4fafd0b5e3aff144802b853f8ae459a4f0c14add3314b7cc3a6,1,1,,
"포켓몬스터 하트골드 (Korea, IPKK, header ROM version 0)","포켓몬스터 소울실버 (Korea, IPGK, header ROM version 0)",/a/0/0/5,equal,292,292,,,4d7b3ef7300acf70c892d8327db8272f54434adbc61a4e130a563cb59a0d0f47,4d7b3ef7300acf70c892d8327db8272f54434adbc61a4e130a563cb59a0d0f47,1,1,,
"포켓몬스터 하트골드 (Korea, IPKK, header ROM version 0)","포켓몬스터 소울실버 (Korea, IPGK, header ROM version 0)",/a/0/0/5,equal,293,293,,,4d7b3ef7300acf70c892d8327db8272f54434adbc61a4e130a563cb59a0d0f47,4d7b3ef7300acf70c892d8327db8272f54434adbc61a4e130a563cb59a0d0f47,1,1,,
"포켓몬스터 하트골드 (Korea, IPKK, header ROM version 0)","포켓몬스터 소울실버 (Korea, IPGK, header ROM version 0)",/a/0/0/5,equal,294,294,,,2b4c342f5433ebe591a1da77e013d1b72475562d48578dca8b84bac6651c3cb9,2b4c342f5433ebe591a1da77e013d1b72475562d48578dca8b84bac6651c3cb9,1,1,,
"포켓몬스터 하트골드 (Korea, IPKK, header ROM version 0)","포켓몬스터 소울실버 (Korea, IPGK, header ROM version 0)",/a/0/0/5,equal,295,295,,,2b4c342f5433ebe591a1da77e013d1b72475562d48578dca8b84bac6651c3cb9,2b4c342f5433ebe591a1da77e013d1b72475562d48578dca8b84bac6651c3cb9,1,1,,
"포켓몬스터 하트골드 (Korea, IPKK, header ROM version 0)","포켓몬스터 소울실버 (Korea, IPGK, header ROM version 0)",/a/0/0/5,equal,296,296,,,4d7b3ef7300acf70c892d8327db8272f54434adbc61a4e130a563cb59a0d0f47,4d7b3ef7300acf70c892d8327db8272f54434adbc61a4e130a563cb59a0d0f47,1,1,,
"포켓몬스터 하트골드 (Korea, IPKK, header ROM version 0)","포켓몬스터 소울실버 (Korea, IPGK, header ROM version 0)",/a/0/0/5,equal,297,297,,,4d7b3ef7300acf70c892d8327db8272f54434adbc61a4e130a563cb59a0d0f47,4d7b3ef7300acf70c892d8327db8272f54434adbc61a4e130a563cb59a0d0f47,1,1,,
"포켓몬스터 하트골드 (Korea, IPKK, header ROM version 0)","포켓몬스터 소울실버 (Korea, IPGK, header ROM version 0)",/a/0/0/5,equal,298,298,,,452ba1ddef80246c48be7690193c76c1d61185906be9401014fe14f1be64b74f,452ba1ddef80246c48be7690193c76c1d61185906be9401014fe14f1be64b74f,1,1,,
"포켓몬스터 하트골드 (Korea, IPKK, header ROM version 0)","포켓몬스터 소울실버 (Korea, IPGK, header ROM version 0)",/a/0/0/5,equal,299,299,,,452ba1ddef80246c48be7690193c76c1d61185906be9401014fe14f1be64b74f,452ba1ddef80246c48be7690193c76c1d61185906be9401014fe14f1be64b74f,1,1,,
"포켓몬스터 하트골드 (Korea, IPKK, header ROM version 0)","포켓몬스터 소울실버 (Korea, IPGK, header ROM version 0)",/a/0/0/5,equal,300,300,,,9d1e0e2d9459d06523ad13e28a4093c2316baafe7aec5b25f30eba2e113599c4,9d1e0e2d9459d06523ad13e28a4093c2316baafe7aec5b25f30eba2e113599c4,1,1,,
"포켓몬스터 하트골드 (Korea, IPKK, header ROM version 0)","포켓몬스터 소울실버 (Korea, IPGK, header ROM version 0)",/a/0/0/5,equal,301,301,,,9d1e0e2d9459d06523ad13e28a4093c2316baafe7aec5b25f30eba2e113599c4,9d1e0e2d9459d06523ad13e28a4093c2316baafe7aec5b25f30eba2e113599c4,1,1,,
"포켓몬스터 하트골드 (Korea, IPKK, header ROM version 0)","포켓몬스터 소울실버 (Korea, IPGK, header ROM version 0)",/a/0/0/5,equal,302,302,,,f299791cddd3d6664f6670842812ef6053eb6501bd6282a476bbbf3ee91e750c,f299791cddd3d6664f6670842812ef6053eb6501bd6282a476bbbf3ee91e750c,1,1,,
"포켓몬스터 하트골드 (Korea, IPKK, header ROM version 0)","포켓몬스터 소울실버 (Korea, IPGK, header ROM version 0)",/a/0/0/5,equal,303,303,,,f299791cddd3d6664f6670842812ef6053eb6501bd6282a476bbbf3ee91e750c,f299791cddd3d6664f6670842812ef6053eb6501bd6282a476bbbf3ee91e750c,1,1,,
"포켓몬스터 하트골드 (Korea, IPKK, header ROM version 0)","포켓몬스터 소울실버 (Korea, IPGK, header ROM version 0)",/a/0/0/5,equal,304,304,,,4d7b3ef7300acf70c892d8327db8272f54434adbc61a4e130a563cb59a0d0f47,4d7b3ef7300acf70c892d8327db8272f54434adbc61a4e130a563cb59a0d0f47,1,1,,
"포켓몬스터 하트골드 (Korea, IPKK, header ROM version 0)","포켓몬스터 소울실버 (Korea, IPGK, header ROM version 0)",/a/0/0/5,equal,305,305,,,4d7b3ef7300acf70c892d8327db8272f54434adbc61a4e130a563cb59a0d0f47,4d7b3ef7300acf70c892d8327db8272f54434adbc61a4e130a563cb59a0d0f47,1,1,,
"포켓몬스터 하트골드 (Korea, IPKK, header ROM version 0)","포켓몬스터 소울실버 (Korea, IPGK, header ROM version 0)",/a/0/0/5,equal,306,306,,,ef6cbd2161eaea7943ce8693b9824d23d1793ffb1c0fca05b600d3899b44c977,ef6cbd2161eaea7943ce8693b9824d23d1793ffb1c0fca05b600d3899b44c977,1,1,,
"포켓몬스터 하트골드 (Korea, IPKK, header ROM version 0)","포켓몬스터 소울실버 (Korea, IPGK, header ROM version 0)",/a/0/0/5,equal,307,307,,,ef6cbd2161eaea7943ce8693b9824d23d1793ffb1c0fca05b600d3899b44c977,ef6cbd2161eaea7943ce8693b9824d23d1793ffb1c0fca05b600d3899b44c977,1,1,,
"포켓몬스터 하트골드 (Korea, IPKK, header ROM version 0)","포켓몬스터 소울실버 (Korea, IPGK, header ROM version 0)",/a/0/0/5,equal,308,308,,,e77b9a9ae9e30b0dbdb6f510a264ef9de781501d7b6b92ae89eb059c5ab743db,e77b9a9ae9e30b0dbdb6f510a264ef9de781501d7b6b92ae89eb059c5ab743db,1,1,,
"포켓몬스터 하트골드 (Korea, IPKK, header ROM version 0)","포켓몬스터 소울실버 (Korea, IPGK, header ROM version 0)",/a/0/0/5,equal,309,309,,,e77b9a9ae9e30b0dbdb6f510a264ef9de781501d7b6b92ae89eb059c5ab743db,e77b9a9ae9e30b0dbdb6f510a264ef9de781501d7b6b92ae89eb059c5ab743db,1,1,,
"포켓몬스터 하트골드 (Korea, IPKK, header ROM version 0)","포켓몬스터 소울실버 (Korea, IPGK, header ROM version 0)",/a/0/0/5,equal,310,310,,,4d7b3ef7300acf70c892d8327db8272f54434adbc61a4e130a563cb59a0d0f47,4d7b3ef7300acf70c892d8327db8272f54434adbc61a4e130a563cb59a0d0f47,1,1,,
"포켓몬스터 하트골드 (Korea, IPKK, header ROM version 0)","포켓몬스터 소울실버 (Korea, IPGK, header ROM version 0)",/a/0/0/5,equal,311,311,,,4d7b3ef7300acf70c892d8327db8272f54434adbc61a4e130a563cb59a0d0f47,4d7b3ef7300acf70c892d8327db8272f54434adbc61a4e130a563cb59a0d0f47,1,1,,
"포켓몬스터 하트골드 (Korea, IPKK, header ROM version 0)","포켓몬스터 소울실버 (Korea, IPGK, header ROM version 0)",/a/0/0/5,equal,312,312,,,6e340b9cffb37a989ca544e6bb780a2c78901d3fb33738768511a30617afa01d,6e340b9cffb37a989ca544e6bb780a2c78901d3fb33738768511a30617afa01d,1,1,,
"포켓몬스터 하트골드 (Korea, IPKK, header ROM version 0)","포켓몬스터 소울실버 (Korea, IPGK, header ROM version 0)",/a/0/0/5,equal,313,313,,,6e340b9cffb37a989ca544e6bb780a2c78901d3fb33738768511a30617afa01d,6e340b9cffb37a989ca544e6bb780a2c78901d3fb33738768511a30617afa01d,1,1,,
"포켓몬스터 하트골드 (Korea, IPKK, header ROM version 0)","포켓몬스터 소울실버 (Korea, IPGK, header ROM version 0)",/a/0/0/5,equal,314,314,,,084fed08b978af4d7d196a7446a86b58009e636b611db16211b65a9aadff29c5,084fed08b978af4d7d196a7446a86b58009e636b611db16211b65a9aadff29c5,1,1,,
"포켓몬스터 하트골드 (Korea, IPKK, header ROM version 0)","포켓몬스터 소울실버 (Korea, IPGK, header ROM version 0)",/a/0/0/5,equal,315,315,,,084fed08b978af4d7d196a7446a86b58009e636b611db16211b65a9aadff29c5,084fed08b978af4d7d196a7446a86b58009e636b611db16211b65a9aadff29c5,1,1,,
"포켓몬스터 하트골드 (Korea, IPKK, header ROM version 0)","포켓몬스터 소울실버 (Korea, IPGK, header ROM version 0)",/a/0/0/5,equal,316,316,,,c555eab45d08845ae9f10d452a99bfcb06f74a50b988fe7e48dd323789b88ee3,c555eab45d08845ae9f10d452a99bfcb06f74a50b988fe7e48dd323789b88ee3,1,1,Nintendo LZ10,Nintendo LZ10
"포켓몬스터 하트골드 (Korea, IPKK, header ROM version 0)","포켓몬스터 소울실버 (Korea, IPGK, header ROM version 0)",/a/0/0/5,equal,317,317,,,c555eab45d08845ae9f10d452a99bfcb06f74a50b988fe7e48dd323789b88ee3,c555eab45d08845ae9f10d452a99bfcb06f74a50b988fe7e48dd323789b88ee3,1,1,Nintendo LZ10,Nintendo LZ10
"포켓몬스터 하트골드 (Korea, IPKK, header ROM version 0)","포켓몬스터 소울실버 (Korea, IPGK, header ROM version 0)",/a/0/0/5,equal,318,318,,,68aa2e2ee5dff96e3355e6c7ee373e3d6a4e17f75f9518d843709c0c9bc3e3d4,68aa2e2ee5dff96e3355e6c7ee373e3d6a4e17f75f9518d843709c0c9bc3e3d4,1,1,,
"포켓몬스터 하트골드 (Korea, IPKK, header ROM version 0)","포켓몬스터 소울실버 (Korea, IPGK, header ROM version 0)",/a/0/0/5,equal,319,319,,,68aa2e2ee5dff96e3355e6c7ee373e3d6a4e17f75f9518d843709c0c9bc3e3d4,68aa2e2ee5dff96e3355e6c7ee373e3d6a4e17f75f9518d843709c0c9bc3e3d4,1,1,,
"포켓몬스터 하트골드 (Korea, IPKK, header ROM version 0)","포켓몬스터 소울실버 (Korea, IPGK, header ROM version 0)",/a/0/0/5,equal,320,320,,,e7cf46a078fed4fafd0b5e3aff144802b853f8ae459a4f0c14add3314b7cc3a6,e7cf46a078fed4fafd0b5e3aff144802b853f8ae459a4f0c14add3314b7cc3a6,1,1,,
"포켓몬스터 하트골드 (Korea, IPKK, header ROM version 0)","포켓몬스터 소울실버 (Korea, IPGK, header ROM version 0)",/a/0/0/5,equal,321,321,,,e7cf46a078fed4fafd0b5e3aff144802b853f8ae459a4f0c14add3314b7cc3a6,e7cf46a078fed4fafd0b5e3aff144802b853f8ae459a4f0c14add3314b7cc3a6,1,1,,
"포켓몬스터 하트골드 (Korea, IPKK, header ROM version 0)","포켓몬스터 소울실버 (Korea, IPGK, header ROM version 0)",/a/0/0/5,equal,322,322,,,e7cf46a078fed4fafd0b5e3aff144802b853f8ae459a4f0c14add3314b7cc3a6,e7cf46a078fed4fafd0b5e3aff144802b853f8ae459a4f0c14add3314b7cc3a6,1,1,,
"포켓몬스터 하트골드 (Korea, IPKK, header ROM version 0)","포켓몬스터 소울실버 (Korea, IPGK, header ROM version 0)",/a/0/0/5,equal,323,323,,,e7cf46a078fed4fafd0b5e3aff144802b853f8ae459a4f0c14add3314b7cc3a6,e7cf46a078fed4fafd0b5e3aff144802b853f8ae459a4f0c14add3314b7cc3a6,1,1,,
"포켓몬스터 하트골드 (Korea, IPKK, header ROM version 0)","포켓몬스터 소울실버 (Korea, IPGK, header ROM version 0)",/a/0/0/5,equal,324,324,,,e3b0c44298fc1c149afbf4c8996fb92427ae41e4649b934ca495991b7852b855,e3b0c44298fc1c149afbf4c8996fb92427ae41e4649b934ca495991b7852b855,0,0,,
"포켓몬스터 하트골드 (Korea, IPKK, header ROM version 0)","포켓몬스터 소울실버 (Korea, IPGK, header ROM version 0)",/a/0/0/5,equal,325,325,,,beead77994cf573341ec17b58bbf7eb34d2711c993c1d976b128b3188dc1829a,beead77994cf573341ec17b58bbf7eb34d2711c993c1d976b128b3188dc1829a,1,1,,
"포켓몬스터 하트골드 (Korea, IPKK, header ROM version 0)","포켓몬스터 소울실버 (Korea, IPGK, header ROM version 0)",/a/0/0/5,equal,326,326,,,e3b0c44298fc1c149afbf4c8996fb92427ae41e4649b934ca495991b7852b855,e3b0c44298fc1c149afbf4c8996fb92427ae41e4649b934ca495991b7852b855,0,0,,
"포켓몬스터 하트골드 (Korea, IPKK, header ROM version 0)","포켓몬스터 소울실버 (Korea, IPGK, header ROM version 0)",/a/0/0/5,equal,327,327,,,77adfc95029e73b173f60e556f915b0cd8850848111358b1c370fb7c154e61fd,77adfc95029e73b173f60e556f915b0cd8850848111358b1c370fb7c154e61fd,1,1,,
"포켓몬스터 하트골드 (Korea, IPKK, header ROM version 0)","포켓몬스터 소울실버 (Korea, IPGK, header ROM version 0)",/a/0/0/5,equal,328,328,,,e3b0c44298fc1c149afbf4c8996fb92427ae41e4649b934ca495991b7852b855,e3b0c44298fc1c149afbf4c8996fb92427ae41e4649b934ca495991b7852b855,0,0,,
"포켓몬스터 하트골드 (Korea, IPKK, header ROM version 0)","포켓몬스터 소울실버 (Korea, IPGK, header ROM version 0)",/a/0/0/5,equal,329,329,,,beead77994cf573341ec17b58bbf7eb34d2711c993c1d976b128b3188dc1829a,beead77994cf573341ec17b58bbf7eb34d2711c993c1d976b128b3188dc1829a,1,1,,
"포켓몬스터 하트골드 (Korea, IPKK, header ROM version 0)","포켓몬스터 소울실버 (Korea, IPGK, header ROM version 0)",/a/0/0/5,equal,330,330,,,e3b0c44298fc1c149afbf4c8996fb92427ae41e4649b934ca495991b7852b855,e3b0c44298fc1c149afbf4c8996fb92427ae41e4649b934ca495991b7852b855,0,0,,
"포켓몬스터 하트골드 (Korea, IPKK, header ROM version 0)","포켓몬스터 소울실버 (Korea, IPGK, header ROM version 0)",/a/0/0/5,equal,331,331,,,ef6cbd2161eaea7943ce8693b9824d23d1793ffb1c0fca05b600d3899b44c977,ef6cbd2161eaea7943ce8693b9824d23d1793ffb1c0fca05b600d3899b44c977,1,1,,
"포켓몬스터 하트골드 (Korea, IPKK, header ROM version 0)","포켓몬스터 소울실버 (Korea, IPGK, header ROM version 0)",/a/0/0/5,equal,332,332,,,e7cf46a078fed4fafd0b5e3aff144802b853f8ae459a4f0c14add3314b7cc3a6,e7cf46a078fed4fafd0b5e3aff144802b853f8ae459a4f0c14add3314b7cc3a6,1,1,,
"포켓몬스터 하트골드 (Korea, IPKK, header ROM version 0)","포켓몬스터 소울실버 (Korea, IPGK, header ROM version 0)",/a/0/0/5,equal,333,333,,,e7cf46a078fed4fafd0b5e3aff144802b853f8ae459a4f0c14add3314b7cc3a6,e7cf46a078fed4fafd0b5e3aff144802b853f8ae459a4f0c14add3314b7cc3a6,1,1,,
"포켓몬스터 하트골드 (Korea, IPKK, header ROM version 0)","포켓몬스터 소울실버 (Korea, IPGK, header ROM version 0)",/a/0/0/5,equal,334,334,,,dc0e9c3658a1a3ed1ec94274d8b19925c93e1abb7ddba294923ad9bde30f8cb8,dc0e9c3658a1a3ed1ec94274d8b19925c93e1abb7ddba294923ad9bde30f8cb8,1,1,,
"포켓몬스터 하트골드 (Korea, IPKK, header ROM version 0)","포켓몬스터 소울실버 (Korea, IPGK, header ROM version 0)",/a/0/0/5,equal,335,335,,,dc0e9c3658a1a3ed1ec94274d8b19925c93e1abb7ddba294923ad9bde30f8cb8,dc0e9c3658a1a3ed1ec94274d8b19925c93e1abb7ddba294923ad9bde30f8cb8,1,1,,
"포켓몬스터 하트골드 (Korea, IPKK, header ROM version 0)","포켓몬스터 소울실버 (Korea, IPGK, header ROM version 0)",/a/0/0/5,equal,336,336,,,beead77994cf573341ec17b58bbf7eb34d2711c993c1d976b128b3188dc1829a,beead77994cf573341ec17b58bbf7eb34d2711c993c1d976b128b3188dc1829a,1,1,,
"포켓몬스터 하트골드 (Korea, IPKK, header ROM version 0)","포켓몬스터 소울실버 (Korea, IPGK, header ROM version 0)",/a/0/0/5,equal,337,337,,,beead77994cf573341ec17b58bbf7eb34d2711c993c1d976b128b3188dc1829a,beead77994cf573341ec17b58bbf7eb34d2711c993c1d976b128b3188dc1829a,1,1,,
"포켓몬스터 하트골드 (Korea, IPKK, header ROM version 0)","포켓몬스터 소울실버 (Korea, IPGK, header ROM version 0)",/a/0/0/5,equal,338,338,,,9d1e0e2d9459d06523ad13e28a4093c2316baafe7aec5b25f30eba2e113599c4,9d1e0e2d9459d06523ad13e28a4093c2316baafe7aec5b25f30eba2e113599c4,1,1,,
"포켓몬스터 하트골드 (Korea, IPKK, header ROM version 0)","포켓몬스터 소울실버 (Korea, IPGK, header ROM version 0)",/a/0/0/5,equal,339,339,,,9d1e0e2d9459d06523ad13e28a4093c2316baafe7aec5b25f30eba2e113599c4,9d1e0e2d9459d06523ad13e28a4093c2316baafe7aec5b25f30eba2e113599c4,1,1,,
"포켓몬스터 하트골드 (Korea, IPKK, header ROM version 0)","포켓몬스터 소울실버 (Korea, IPGK, header ROM version 0)",/a/0/0/5,equal,340,340,,,e52d9c508c502347344d8c07ad91cbd6068afc75ff6292f062a09ca381c89e71,e52d9c508c502347344d8c07ad91cbd6068afc75ff6292f062a09ca381c89e71,1,1,,
"포켓몬스터 하트골드 (Korea, IPKK, header ROM version 0)","포켓몬스터 소울실버 (Korea, IPGK, header ROM version 0)",/a/0/0/5,equal,341,341,,,e52d9c508c502347344d8c07ad91cbd6068afc75ff6292f062a09ca381c89e71,e52d9c508c502347344d8c07ad91cbd6068afc75ff6292f062a09ca381c89e71,1,1,,
"포켓몬스터 하트골드 (Korea, IPKK, header ROM version 0)","포켓몬스터 소울실버 (Korea, IPGK, header ROM version 0)",/a/0/0/5,equal,342,342,,,4bf5122f344554c53bde2ebb8cd2b7e3d1600ad631c385a5d7cce23c7785459a,4bf5122f344554c53bde2ebb8cd2b7e3d1600ad631c385a5d7cce23c7785459a,1,1,,
"포켓몬스터 하트골드 (Korea, IPKK, header ROM version 0)","포켓몬스터 소울실버 (Korea, IPGK, header ROM version 0)",/a/0/0/5,equal,343,343,,,4bf5122f344554c53bde2ebb8cd2b7e3d1600ad631c385a5d7cce23c7785459a,4bf5122f344554c53bde2ebb8cd2b7e3d1600ad631c385a5d7cce23c7785459a,1,1,,
"포켓몬스터 하트골드 (Korea, IPKK, header ROM version 0)","포켓몬스터 소울실버 (Korea, IPGK, header ROM version 0)",/a/0/0/5,equal,344,344,,,c555eab45d08845ae9f10d452a99bfcb06f74a50b988fe7e48dd323789b88ee3,c555eab45d08845ae9f10d452a99bfcb06f74a50b988fe7e48dd323789b88ee3,1,1,Nintendo LZ10,Nintendo LZ10
"포켓몬스터 하트골드 (Korea, IPKK, header ROM version 0)","포켓몬스터 소울실버 (Korea, IPGK, header ROM version 0)",/a/0/0/5,equal,345,345,,,c555eab45d08845ae9f10d452a99bfcb06f74a50b988fe7e48dd323789b88ee3,c555eab45d08845ae9f10d452a99bfcb06f74a50b988fe7e48dd323789b88ee3,1,1,Nintendo LZ10,Nintendo LZ10
"포켓몬스터 하트골드 (Korea, IPKK, header ROM version 0)","포켓몬스터 소울실버 (Korea, IPGK, header ROM version 0)",/a/0/0/5,equal,346,346,,,dc0e9c3658a1a3ed1ec94274d8b19925c93e1abb7ddba294923ad9bde30f8cb8,dc0e9c3658a1a3ed1ec94274d8b19925c93e1abb7ddba294923ad9bde30f8cb8,1,1,,
"포켓몬스터 하트골드 (Korea, IPKK, header ROM version 0)","포켓몬스터 소울실버 (Korea, IPGK, header ROM version 0)",/a/0/0/5,equal,347,347,,,dc0e9c3658a1a3ed1ec94274d8b19925c93e1abb7ddba294923ad9bde30f8cb8,dc0e9c3658a1a3ed1ec94274d8b19925c93e1abb7ddba294923ad9bde30f8cb8,1,1,,
"포켓몬스터 하트골드 (Korea, IPKK, header ROM version 0)","포켓몬스터 소울실버 (Korea, IPGK, header ROM version 0)",/a/0/0/5,equal,348,348,,,67586e98fad27da0b9968bc039a1ef34c939b9b8e523a8bef89d478608c5ecf6,67586e98fad27da0b9968bc039a1ef34c939b9b8e523a8bef89d478608c5ecf6,1,1,,
"포켓몬스터 하트골드 (Korea, IPKK, header ROM version 0)","포켓몬스터 소울실버 (Korea, IPGK, header ROM version 0)",/a/0/0/5,equal,349,349,,,67586e98fad27da0b9968bc039a1ef34c939b9b8e523a8bef89d478608c5ecf6,67586e98fad27da0b9968bc039a1ef34c939b9b8e523a8bef89d478608c5ecf6,1,1,,
"포켓몬스터 하트골드 (Korea, IPKK, header ROM version 0)","포켓몬스터 소울실버 (Korea, IPGK, header ROM version 0)",/a/0/0/5,equal,350,350,,,ca358758f6d27e6cf45272937977a748fd88391db679ceda7dc7bf1f005ee879,ca358758f6d27e6cf45272937977a748fd88391db679ceda7dc7bf1f005ee879,1,1,,
"포켓몬스터 하트골드 (Korea, IPKK, header ROM version 0)","포켓몬스터 소울실버 (Korea, IPGK, header ROM version 0)",/a/0/0/5,equal,351,351,,,ca358758f6d27e6cf45272937977a748fd88391db679ceda7dc7bf1f005ee879,ca358758f6d27e6cf45272937977a748fd88391db679ceda7dc7bf1f005ee879,1,1,,
"포켓몬스터 하트골드 (Korea, IPKK, header ROM version 0)","포켓몬스터 소울실버 (Korea, IPGK, header ROM version 0)",/a/0/0/5,equal,352,352,,,c555eab45d08845ae9f10d452a99bfcb06f74a50b988fe7e48dd323789b88ee3,c555eab45d08845ae9f10d452a99bfcb06f74a50b988fe7e48dd323789b88ee3,1,1,Nintendo LZ10,Nintendo LZ10
"포켓몬스터 하트골드 (Korea, IPKK, header ROM version 0)","포켓몬스터 소울실버 (Korea, IPGK, header ROM version 0)",/a/0/0/5,equal,353,353,,,c555eab45d08845ae9f10d452a99bfcb06f74a50b988fe7e48dd323789b88ee3,c555eab45d08845ae9f10d452a99bfcb06f74a50b988fe7e48dd323789b88ee3,1,1,Nintendo LZ10,Nintendo LZ10
"포켓몬스터 하트골드 (Korea, IPKK, header ROM version 0)","포켓몬스터 소울실버 (Korea, IPGK, header ROM version 0)",/a/0/0/5,equal,354,354,,,ab897fbdedfa502b2d839b6a56100887dccdc507555c282e59589e06300a62e2,ab897fbdedfa502b2d839b6a56100887dccdc507555c282e59589e06300a62e2,1,1,,
"포켓몬스터 하트골드 (Korea, IPKK, header ROM version 0)","포켓몬스터 소울실버 (Korea, IPGK, header ROM version 0)",/a/0/0/5,equal,355,355,,,ab897fbdedfa502b2d839b6a56100887dccdc507555c282e59589e06300a62e2,ab897fbdedfa502b2d839b6a56100887dccdc507555c282e59589e06300a62e2,1,1,,
"포켓몬스터 하트골드 (Korea, IPKK, header ROM version 0)","포켓몬스터 소울실버 (Korea, IPGK, header ROM version 0)",/a/0/0/5,equal,356,356,,,beead77994cf573341ec17b58bbf7eb34d2711c993c1d976b128b3188dc1829a,beead77994cf573341ec17b58bbf7eb34d2711c993c1d976b128b3188dc1829a,1,1,,
"포켓몬스터 하트골드 (Korea, IPKK, header ROM version 0)","포켓몬스터 소울실버 (Korea, IPGK, header ROM version 0)",/a/0/0/5,equal,357,357,,,beead77994cf573341ec17b58bbf7eb34d2711c993c1d976b128b3188dc1829a,beead77994cf573341ec17b58bbf7eb34d2711c993c1d976b128b3188dc1829a,1,1,,
"포켓몬스터 하트골드 (Korea, IPKK, header ROM version 0)","포켓몬스터 소울실버 (Korea, IPGK, header ROM version 0)",/a/0/0/5,equal,358,358,,,beead77994cf573341ec17b58bbf7eb34d2711c993c1d976b128b3188dc1829a,beead77994cf573341ec17b58bbf7eb34d2711c993c1d976b128b3188dc1829a,1,1,,
"포켓몬스터 하트골드 (Korea, IPKK, header ROM version 0)","포켓몬스터 소울실버 (Korea, IPGK, header ROM version 0)",/a/0/0/5,equal,359,359,,,beead77994cf573341ec17b58bbf7eb34d2711c993c1d976b128b3188dc1829a,beead77994cf573341ec17b58bbf7eb34d2711c993c1d976b128b3188dc1829a,1,1,,
"포켓몬스터 하트골드 (Korea, IPKK, header ROM version 0)","포켓몬스터 소울실버 (Korea, IPGK, header ROM version 0)",/a/0/0/5,equal,360,360,,,bd4fc42a21f1f860a1030e6eba23d53ecab71bd19297ab6c074381d4ecee0018,bd4fc42a21f1f860a1030e6eba23d53ecab71bd19297ab6c074381d4ecee0018,1,1,,
"포켓몬스터 하트골드 (Korea, IPKK, header ROM version 0)","포켓몬스터 소울실버 (Korea, IPGK, header ROM version 0)",/a/0/0/5,equal,361,361,,,bd4fc42a21f1f860a1030e6eba23d53ecab71bd19297ab6c074381d4ecee0018,bd4fc42a21f1f860a1030e6eba23d53ecab71bd19297ab6c074381d4ecee0018,1,1,,
"포켓몬스터 하트골드 (Korea, IPKK, header ROM version 0)","포켓몬스터 소울실버 (Korea, IPGK, header ROM version 0)",/a/0/0/5,equal,362,362,,,8f11b05da785e43e713d03774c6bd3405d99cd3024af334ffd68db663aa37034,8f11b05da785e43e713d03774c6bd3405d99cd3024af334ffd68db663aa37034,1,1,,
"포켓몬스터 하트골드 (Korea, IPKK, header ROM version 0)","포켓몬스터 소울실버 (Korea, IPGK, header ROM version 0)",/a/0/0/5,equal,363,363,,,8f11b05da785e43e713d03774c6bd3405d99cd3024af334ffd68db663aa37034,8f11b05da785e43e713d03774c6bd3405d99cd3024af334ffd68db663aa37034,1,1,,
"포켓몬스터 하트골드 (Korea, IPKK, header ROM version 0)","포켓몬스터 소울실버 (Korea, IPGK, header ROM version 0)",/a/0/0/5,equal,364,364,,,2b4c342f5433ebe591a1da77e013d1b72475562d48578dca8b84bac6651c3cb9,2b4c342f5433ebe591a1da77e013d1b72475562d48578dca8b84bac6651c3cb9,1,1,,
"포켓몬스터 하트골드 (Korea, IPKK, header ROM version 0)","포켓몬스터 소울실버 (Korea, IPGK, header ROM version 0)",/a/0/0/5,equal,365,365,,,2b4c342f5433ebe591a1da77e013d1b72475562d48578dca8b84bac6651c3cb9,2b4c342f5433ebe591a1da77e013d1b72475562d48578dca8b84bac6651c3cb9,1,1,,
"포켓몬스터 하트골드 (Korea, IPKK, header ROM version 0)","포켓몬스터 소울실버 (Korea, IPGK, header ROM version 0)",/a/0/0/5,equal,366,366,,,01ba4719c80b6fe911b091a7c05124b64eeece964e09c058ef8f9805daca546b,01ba4719c80b6fe911b091a7c05124b64eeece964e09c058ef8f9805daca546b,1,1,,
"포켓몬스터 하트골드 (Korea, IPKK, header ROM version 0)","포켓몬스터 소울실버 (Korea, IPGK, header ROM version 0)",/a/0/0/5,equal,367,367,,,01ba4719c80b6fe911b091a7c05124b64eeece964e09c058ef8f9805daca546b,01ba4719c80b6fe911b091a7c05124b64eeece964e09c058ef8f9805daca546b,1,1,,
"포켓몬스터 하트골드 (Korea, IPKK, header ROM version 0)","포켓몬스터 소울실버 (Korea, IPGK, header ROM version 0)",/a/0/0/5,equal,368,368,,,beead77994cf573341ec17b58bbf7eb34d2711c993c1d976b128b3188dc1829a,beead77994cf573341ec17b58bbf7eb34d2711c993c1d976b128b3188dc1829a,1,1,,
"포켓몬스터 하트골드 (Korea, IPKK, header ROM version 0)","포켓몬스터 소울실버 (Korea, IPGK, header ROM version 0)",/a/0/0/5,equal,369,369,,,beead77994cf573341ec17b58bbf7eb34d2711c993c1d976b128b3188dc1829a,beead77994cf573341ec17b58bbf7eb34d2711c993c1d976b128b3188dc1829a,1,1,,
"포켓몬스터 하트골드 (Korea, IPKK, header ROM version 0)","포켓몬스터 소울실버 (Korea, IPGK, header ROM version 0)",/a/0/0/5,equal,370,370,,,f299791cddd3d6664f6670842812ef6053eb6501bd6282a476bbbf3ee91e750c,f299791cddd3d6664f6670842812ef6053eb6501bd6282a476bbbf3ee91e750c,1,1,,
"포켓몬스터 하트골드 (Korea, IPKK, header ROM version 0)","포켓몬스터 소울실버 (Korea, IPGK, header ROM version 0)",/a/0/0/5,equal,371,371,,,f299791cddd3d6664f6670842812ef6053eb6501bd6282a476bbbf3ee91e750c,f299791cddd3d6664f6670842812ef6053eb6501bd6282a476bbbf3ee91e750c,1,1,,
"포켓몬스터 하트골드 (Korea, IPKK, header ROM version 0)","포켓몬스터 소울실버 (Korea, IPGK, header ROM version 0)",/a/0/0/5,equal,372,372,,,e77b9a9ae9e30b0dbdb6f510a264ef9de781501d7b6b92ae89eb059c5ab743db,e77b9a9ae9e30b0dbdb6f510a264ef9de781501d7b6b92ae89eb059c5ab743db,1,1,,
"포켓몬스터 하트골드 (Korea, IPKK, header ROM version 0)","포켓몬스터 소울실버 (Korea, IPGK, header ROM version 0)",/a/0/0/5,equal,373,373,,,e77b9a9ae9e30b0dbdb6f510a264ef9de781501d7b6b92ae89eb059c5ab743db,e77b9a9ae9e30b0dbdb6f510a264ef9de781501d7b6b92ae89eb059c5ab743db,1,1,,
"포켓몬스터 하트골드 (Korea, IPKK, header ROM version 0)","포켓몬스터 소울실버 (Korea, IPGK, header ROM version 0)",/a/0/0/5,equal,374,374,,,4a64a107f0cb32536e5bce6c98c393db21cca7f4ea187ba8c4dca8b51d4ea80a,4a64a107f0cb32536e5bce6c98c393db21cca7f4ea187ba8c4dca8b51d4ea80a,1,1,Nintendo LZ11,Nintendo LZ11
"포켓몬스터 하트골드 (Korea, IPKK, header ROM version 0)","포켓몬스터 소울실버 (Korea, IPGK, header ROM version 0)",/a/0/0/5,equal,375,375,,,4a64a107f0cb32536e5bce6c98c393db21cca7f4ea187ba8c4dca8b51d4ea80a,4a64a107f0cb32536e5bce6c98c393db21cca7f4ea187ba8c4dca8b51d4ea80a,1,1,Nintendo LZ11,Nintendo LZ11
"포켓몬스터 하트골드 (Korea, IPKK, header ROM version 0)","포켓몬스터 소울실버 (Korea, IPGK, header ROM version 0)",/a/0/0/5,equal,376,376,,,01ba4719c80b6fe911b091a7c05124b64eeece964e09c058ef8f9805daca546b,01ba4719c80b6fe911b091a7c05124b64eeece964e09c058ef8f9805daca546b,1,1,,
"포켓몬스터 하트골드 (Korea, IPKK, header ROM version 0)","포켓몬스터 소울실버 (Korea, IPGK, header ROM version 0)",/a/0/0/5,equal,377,377,,,01ba4719c80b6fe911b091a7c05124b64eeece964e09c058ef8f9805daca546b,01ba4719c80b6fe911b091a7c05124b64eeece964e09c058ef8f9805daca546b,1,1,,
"포켓몬스터 하트골드 (Korea, IPKK, header ROM version 0)","포켓몬스터 소울실버 (Korea, IPGK, header ROM version 0)",/a/0/0/5,equal,378,378,,,4d7b3ef7300acf70c892d8327db8272f54434adbc61a4e130a563cb59a0d0f47,4d7b3ef7300acf70c892d8327db8272f54434adbc61a4e130a563cb59a0d0f47,1,1,,
"포켓몬스터 하트골드 (Korea, IPKK, header ROM version 0)","포켓몬스터 소울실버 (Korea, IPGK, header ROM version 0)",/a/0/0/5,equal,379,379,,,4d7b3ef7300acf70c892d8327db8272f54434adbc61a4e130a563cb59a0d0f47,4d7b3ef7300acf70c892d8327db8272f54434adbc61a4e130a563cb59a0d0f47,1,1,,
"포켓몬스터 하트골드 (Korea, IPKK, header ROM version 0)","포켓몬스터 소울실버 (Korea, IPGK, header ROM version 0)",/a/0/0/5,equal,380,380,,,6e340b9cffb37a989ca544e6bb780a2c78901d3fb33738768511a30617afa01d,6e340b9cffb37a989ca544e6bb780a2c78901d3fb33738768511a30617afa01d,1,1,,
"포켓몬스터 하트골드 (Korea, IPKK, header ROM version 0)","포켓몬스터 소울실버 (Korea, IPGK, header ROM version 0)",/a/0/0/5,equal,381,381,,,6e340b9cffb37a989ca544e6bb780a2c78901d3fb33738768511a30617afa01d,6e340b9cffb37a989ca544e6bb780a2c78901d3fb33738768511a30617afa01d,1,1,,
"포켓몬스터 하트골드 (Korea, IPKK, header ROM version 0)","포켓몬스터 소울실버 (Korea, IPGK, header ROM version 0)",/a/0/0/5,equal,382,382,,,67586e98fad27da0b9968bc039a1ef34c939b9b8e523a8bef89d478608c5ecf6,67586e98fad27da0b9968bc039a1ef34c939b9b8e523a8bef89d478608c5ecf6,1,1,,
"포켓몬스터 하트골드 (Korea, IPKK, header ROM version 0)","포켓몬스터 소울실버 (Korea, IPGK, header ROM version 0)",/a/0/0/5,equal,383,383,,,67586e98fad27da0b9968bc039a1ef34c939b9b8e523a8bef89d478608c5ecf6,67586e98fad27da0b9968bc039a1ef34c939b9b8e523a8bef89d478608c5ecf6,1,1,,
"포켓몬스터 하트골드 (Korea, IPKK, header ROM version 0)","포켓몬스터 소울실버 (Korea, IPGK, header ROM version 0)",/a/0/0/5,equal,384,384,,,e7cf46a078fed4fafd0b5e3aff144802b853f8ae459a4f0c14add3314b7cc3a6,e7cf46a078fed4fafd0b5e3aff144802b853f8ae459a4f0c14add3314b7cc3a6,1,1,,
"포켓몬스터 하트골드 (Korea, IPKK, header ROM version 0)","포켓몬스터 소울실버 (Korea, IPGK, header ROM version 0)",/a/0/0/5,equal,385,385,,,e7cf46a078fed4fafd0b5e3aff144802b853f8ae459a4f0c14add3314b7cc3a6,e7cf46a078fed4fafd0b5e3aff144802b853f8ae459a4f0c14add3314b7cc3a6,1,1,,
"포켓몬스터 하트골드 (Korea, IPKK, header ROM version 0)","포켓몬스터 소울실버 (Korea, IPGK, header ROM version 0)",/a/0/0/5,equal,386,386,,,9d1e0e2d9459d06523ad13e28a4093c2316baafe7aec5b25f30eba2e113599c4,9d1e0e2d9459d06523ad13e28a4093c2316baafe7aec5b25f30eba2e113599c4,1,1,,
"포켓몬스터 하트골드 (Korea, IPKK, header ROM version 0)","포켓몬스터 소울실버 (Korea, IPGK, header ROM version 0)",/a/0/0/5,equal,387,387,,,9d1e0e2d9459d06523ad13e28a4093c2316baafe7aec5b25f30eba2e113599c4,9d1e0e2d9459d06523ad13e28a4093c2316baafe7aec5b25f30eba2e113599c4,1,1,,
"포켓몬스터 하트골드 (Korea, IPKK, header ROM version 0)","포켓몬스터 소울실버 (Korea, IPGK, header ROM version 0)",/a/0/0/5,equal,388,388,,,67586e98fad27da0b9968bc039a1ef34c939b9b8e523a8bef89d478608c5ecf6,67586e98fad27da0b9968bc039a1ef34c939b9b8e523a8bef89d478608c5ecf6,1,1,,
"포켓몬스터 하트골드 (Korea, IPKK, header ROM version 0)","포켓몬스터 소울실버 (Korea, IPGK, header ROM version 0)",/a/0/0/5,equal,389,389,,,67586e98fad27da0b9968bc039a1ef34c939b9b8e523a8bef89d478608c5ecf6,67586e98fad27da0b9968bc039a1ef34c939b9b8e523a8bef89d478608c5ecf6,1,1,,
"포켓몬스터 하트골드 (Korea, IPKK, header ROM version 0)","포켓몬스터 소울실버 (Korea, IPGK, header ROM version 0)",/a/0/0/5,equal,390,390,,,ca358758f6d27e6cf45272937977a748fd88391db679ceda7dc7bf1f005ee879,ca358758f6d27e6cf45272937977a748fd88391db679ceda7dc7bf1f005ee879,1,1,,
"포켓몬스터 하트골드 (Korea, IPKK, header ROM version 0)","포켓몬스터 소울실버 (Korea, IPGK, header ROM version 0)",/a/0/0/5,equal,391,391,,,ca358758f6d27e6cf45272937977a748fd88391db679ceda7dc7bf1f005ee879,ca358758f6d27e6cf45272937977a748fd88391db679ceda7dc7bf1f005ee879,1,1,,
"포켓몬스터 하트골드 (Korea, IPKK, header ROM version 0)","포켓몬스터 소울실버 (Korea, IPGK, header ROM version 0)",/a/0/0/5,equal,392,392,,,ab897fbdedfa502b2d839b6a56100887dccdc507555c282e59589e06300a62e2,ab897fbdedfa502b2d839b6a56100887dccdc507555c282e59589e06300a62e2,1,1,,
"포켓몬스터 하트골드 (Korea, IPKK, header ROM version 0)","포켓몬스터 소울실버 (Korea, IPGK, header ROM version 0)",/a/0/0/5,equal,393,393,,,ab897fbdedfa502b2d839b6a56100887dccdc507555c282e59589e06300a62e2,ab897fbdedfa502b2d839b6a56100887dccdc507555c282e59589e06300a62e2,1,1,,
"포켓몬스터 하트골드 (Korea, IPKK, header ROM version 0)","포켓몬스터 소울실버 (Korea, IPGK, header ROM version 0)",/a/0/0/5,equal,394,394,,,ab897fbdedfa502b2d839b6a56100887dccdc507555c282e59589e06300a62e2,ab897fbdedfa502b2d839b6a56100887dccdc507555c282e59589e06300a62e2,1,1,,
"포켓몬스터 하트골드 (Korea, IPKK, header ROM version 0)","포켓몬스터 소울실버 (Korea, IPGK, header ROM version 0)",/a/0/0/5,equal,395,395,,,ab897fbdedfa502b2d839b6a56100887dccdc507555c282e59589e06300a62e2,ab897fbdedfa502b2d839b6a56100887dccdc507555c282e59589e06300a62e2,1,1,,
"포켓몬스터 하트골드 (Korea, IPKK, header ROM version 0)","포켓몬스터 소울실버 (Korea, IPGK, header ROM version 0)",/a/0/0/5,equal,396,396,,,67586e98fad27da0b9968bc039a1ef34c939b9b8e523a8bef89d478608c5ecf6,67586e98fad27da0b9968bc039a1ef34c939b9b8e523a8bef89d478608c5ecf6,1,1,,
"포켓몬스터 하트골드 (Korea, IPKK, header ROM version 0)","포켓몬스터 소울실버 (Korea, IPGK, header ROM version 0)",/a/0/0/5,equal,397,397,,,67586e98fad27da0b9968bc039a1ef34c939b9b8e523a8bef89d478608c5ecf6,67586e98fad27da0b9968bc039a1ef34c939b9b8e523a8bef89d478608c5ecf6,1,1,,
"포켓몬스터 하트골드 (Korea, IPKK, header ROM version 0)","포켓몬스터 소울실버 (Korea, IPGK, header ROM version 0)",/a/0/0/5,equal,398,398,,,ef6cbd2161eaea7943ce8693b9824d23d1793ffb1c0fca05b600d3899b44c977,ef6cbd2161eaea7943ce8693b9824d23d1793ffb1c0fca05b600d3899b44c977,1,1,,
"포켓몬스터 하트골드 (Korea, IPKK, header ROM version 0)","포켓몬스터 소울실버 (Korea, IPGK, header ROM version 0)",/a/0/0/5,equal,399,399,,,ef6cbd2161eaea7943ce8693b9824d23d1793ffb1c0fca05b600d3899b44c977,ef6cbd2161eaea7943ce8693b9824d23d1793ffb1c0fca05b600d3899b44c977,1,1,,
"포켓몬스터 하트골드 (Korea, IPKK, header ROM version 0)","포켓몬스터 소울실버 (Korea, IPGK, header ROM version 0)",/a/0/0/5,equal,400,400,,,e3b0c44298fc1c149afbf4c8996fb92427ae41e4649b934ca495991b7852b855,e3b0c44298fc1c149afbf4c8996fb92427ae41e4649b934ca495991b7852b855,0,0,,
"포켓몬스터 하트골드 (Korea, IPKK, header ROM version 0)","포켓몬스터 소울실버 (Korea, IPGK, header ROM version 0)",/a/0/0/5,equal,401,401,,,83891d7fe85c33e52c8b4e5814c92fb6a3b9467299200538a6babaa8b452d879,83891d7fe85c33e52c8b4e5814c92fb6a3b9467299200538a6babaa8b452d879,1,1,,
"포켓몬스터 하트골드 (Korea, IPKK, header ROM version 0)","포켓몬스터 소울실버 (Korea, IPGK, header ROM version 0)",/a/0/0/5,equal,402,402,,,e3b0c44298fc1c149afbf4c8996fb92427ae41e4649b934ca495991b7852b855,e3b0c44298fc1c149afbf4c8996fb92427ae41e4649b934ca495991b7852b855,0,0,,
"포켓몬스터 하트골드 (Korea, IPKK, header ROM version 0)","포켓몬스터 소울실버 (Korea, IPGK, header ROM version 0)",/a/0/0/5,equal,403,403,,,68aa2e2ee5dff96e3355e6c7ee373e3d6a4e17f75f9518d843709c0c9bc3e3d4,68aa2e2ee5dff96e3355e6c7ee373e3d6a4e17f75f9518d843709c0c9bc3e3d4,1,1,,
"포켓몬스터 하트골드 (Korea, IPKK, header ROM version 0)","포켓몬스터 소울실버 (Korea, IPGK, header ROM version 0)",/a/0/0/5,equal,404,404,,,e3b0c44298fc1c149afbf4c8996fb92427ae41e4649b934ca495991b7852b855,e3b0c44298fc1c149afbf4c8996fb92427ae41e4649b934ca495991b7852b855,0,0,,
"포켓몬스터 하트골드 (Korea, IPKK, header ROM version 0)","포켓몬스터 소울실버 (Korea, IPGK, header ROM version 0)",/a/0/0/5,equal,405,405,,,c555eab45d08845ae9f10d452a99bfcb06f74a50b988fe7e48dd323789b88ee3,c555eab45d08845ae9f10d452a99bfcb06f74a50b988fe7e48dd323789b88ee3,1,1,Nintendo LZ10,Nintendo LZ10
"포켓몬스터 하트골드 (Korea, IPKK, header ROM version 0)","포켓몬스터 소울실버 (Korea, IPGK, header ROM version 0)",/a/0/0/5,equal,406,406,,,e3b0c44298fc1c149afbf4c8996fb92427ae41e4649b934ca495991b7852b855,e3b0c44298fc1c149afbf4c8996fb92427ae41e4649b934ca495991b7852b855,0,0,,
"포켓몬스터 하트골드 (Korea, IPKK, header ROM version 0)","포켓몬스터 소울실버 (Korea, IPGK, header ROM version 0)",/a/0/0/5,equal,407,407,,,4a64a107f0cb32536e5bce6c98c393db21cca7f4ea187ba8c4dca8b51d4ea80a,4a64a107f0cb32536e5bce6c98c393db21cca7f4ea187ba8c4dca8b51d4ea80a,1,1,Nintendo LZ11,Nintendo LZ11
"포켓몬스터 하트골드 (Korea, IPKK, header ROM version 0)","포켓몬스터 소울실버 (Korea, IPGK, header ROM version 0)",/a/0/0/5,equal,408,408,,,8f11b05da785e43e713d03774c6bd3405d99cd3024af334ffd68db663aa37034,8f11b05da785e43e713d03774c6bd3405d99cd3024af334ffd68db663aa37034,1,1,,
"포켓몬스터 하트골드 (Korea, IPKK, header ROM version 0)","포켓몬스터 소울실버 (Korea, IPGK, header ROM version 0)",/a/0/0/5,equal,409,409,,,8f11b05da785e43e713d03774c6bd3405d99cd3024af334ffd68db663aa37034,8f11b05da785e43e713d03774c6bd3405d99cd3024af334ffd68db663aa37034,1,1,,
"포켓몬스터 하트골드 (Korea, IPKK, header ROM version 0)","포켓몬스터 소울실버 (Korea, IPGK, header ROM version 0)",/a/0/0/5,equal,410,410,,,2f0fd1e89b8de1d57292742ec380ea47066e307ad645f5bc3adad8a06ff58608,2f0fd1e89b8de1d57292742ec380ea47066e307ad645f5bc3adad8a06ff58608,1,1,,
"포켓몬스터 하트골드 (Korea, IPKK, header ROM version 0)","포켓몬스터 소울실버 (Korea, IPGK, header ROM version 0)",/a/0/0/5,equal,411,411,,,2f0fd1e89b8de1d57292742ec380ea47066e307ad645f5bc3adad8a06ff58608,2f0fd1e89b8de1d57292742ec380ea47066e307ad645f5bc3adad8a06ff58608,1,1,,
"포켓몬스터 하트골드 (Korea, IPKK, header ROM version 0)","포켓몬스터 소울실버 (Korea, IPGK, header ROM version 0)",/a/0/0/5,equal,412,412,,,01ba4719c80b6fe911b091a7c05124b64eeece964e09c058ef8f9805daca546b,01ba4719c80b6fe911b091a7c05124b64eeece964e09c058ef8f9805daca546b,1,1,,
"포켓몬스터 하트골드 (Korea, IPKK, header ROM version 0)","포켓몬스터 소울실버 (Korea, IPGK, header ROM version 0)",/a/0/0/5,equal,413,413,,,01ba4719c80b6fe911b091a7c05124b64eeece964e09c058ef8f9805daca546b,01ba4719c80b6fe911b091a7c05124b64eeece964e09c058ef8f9805daca546b,1,1,,
"포켓몬스터 하트골드 (Korea, IPKK, header ROM version 0)","포켓몬스터 소울실버 (Korea, IPGK, header ROM version 0)",/a/0/0/5,equal,414,414,,,084fed08b978af4d7d196a7446a86b58009e636b611db16211b65a9aadff29c5,084fed08b978af4d7d196a7446a86b58009e636b611db16211b65a9aadff29c5,1,1,,
"포켓몬스터 하트골드 (Korea, IPKK, header ROM version 0)","포켓몬스터 소울실버 (Korea, IPGK, header ROM version 0)",/a/0/0/5,equal,415,415,,,084fed08b978af4d7d196a7446a86b58009e636b611db16211b65a9aadff29c5,084fed08b978af4d7d196a7446a86b58009e636b611db16211b65a9aadff29c5,1,1,,
"포켓몬스터 하트골드 (Korea, IPKK, header ROM version 0)","포켓몬스터 소울실버 (Korea, IPGK, header ROM version 0)",/a/0/0/5,equal,416,416,,,ef6cbd2161eaea7943ce8693b9824d23d1793ffb1c0fca05b600d3899b44c977,ef6cbd2161eaea7943ce8693b9824d23d1793ffb1c0fca05b600d3899b44c977,1,1,,
"포켓몬스터 하트골드 (Korea, IPKK, header ROM version 0)","포켓몬스터 소울실버 (Korea, IPGK, header ROM version 0)",/a/0/0/5,equal,417,417,,,ef6cbd2161eaea7943ce8693b9824d23d1793ffb1c0fca05b600d3899b44c977,ef6cbd2161eaea7943ce8693b9824d23d1793ffb1c0fca05b600d3899b44c977,1,1,,
"포켓몬스터 하트골드 (Korea, IPKK, header ROM version 0)","포켓몬스터 소울실버 (Korea, IPGK, header ROM version 0)",/a/0/0/5,equal,418,418,,,2f0fd1e89b8de1d57292742ec380ea47066e307ad645f5bc3adad8a06ff58608,2f0fd1e89b8de1d57292742ec380ea47066e307ad645f5bc3adad8a06ff58608,1,1,,
"포켓몬스터 하트골드 (Korea, IPKK, header ROM version 0)","포켓몬스터 소울실버 (Korea, IPGK, header ROM version 0)",/a/0/0/5,equal,419,419,,,2f0fd1e89b8de1d57292742ec380ea47066e307ad645f5bc3adad8a06ff58608,2f0fd1e89b8de1d57292742ec380ea47066e307ad645f5bc3adad8a06ff58608,1,1,,
"포켓몬스터 하트골드 (Korea, IPKK, header ROM version 0)","포켓몬스터 소울실버 (Korea, IPGK, header ROM version 0)",/a/0/0/5,equal,420,420,,,2b4c342f5433ebe591a1da77e013d1b72475562d48578dca8b84bac6651c3cb9,2b4c342f5433ebe591a1da77e013d1b72475562d48578dca8b84bac6651c3cb9,1,1,,
"포켓몬스터 하트골드 (Korea, IPKK, header ROM version 0)","포켓몬스터 소울실버 (Korea, IPGK, header ROM version 0)",/a/0/0/5,equal,421,421,,,2b4c342f5433ebe591a1da77e013d1b72475562d48578dca8b84bac6651c3cb9,2b4c342f5433ebe591a1da77e013d1b72475562d48578dca8b84bac6651c3cb9,1,1,,
"포켓몬스터 하트골드 (Korea, IPKK, header ROM version 0)","포켓몬스터 소울실버 (Korea, IPGK, header ROM version 0)",/a/0/0/5,equal,422,422,,,ef6cbd2161eaea7943ce8693b9824d23d1793ffb1c0fca05b600d3899b44c977,ef6cbd2161eaea7943ce8693b9824d23d1793ffb1c0fca05b600d3899b44c977,1,1,,
"포켓몬스터 하트골드 (Korea, IPKK, header ROM version 0)","포켓몬스터 소울실버 (Korea, IPGK, header ROM version 0)",/a/0/0/5,equal,423,423,,,ef6cbd2161eaea7943ce8693b9824d23d1793ffb1c0fca05b600d3899b44c977,ef6cbd2161eaea7943ce8693b9824d23d1793ffb1c0fca05b600d3899b44c977,1,1,,
"포켓몬스터 하트골드 (Korea, IPKK, header ROM version 0)","포켓몬스터 소울실버 (Korea, IPGK, header ROM version 0)",/a/0/0/5,equal,424,424,,,e3b0c44298fc1c149afbf4c8996fb92427ae41e4649b934ca495991b7852b855,e3b0c44298fc1c149afbf4c8996fb92427ae41e4649b934ca495991b7852b855,0,0,,
"포켓몬스터 하트골드 (Korea, IPKK, header ROM version 0)","포켓몬스터 소울실버 (Korea, IPGK, header ROM version 0)",/a/0/0/5,equal,425,425,,,e77b9a9ae9e30b0dbdb6f510a264ef9de781501d7b6b92ae89eb059c5ab743db,e77b9a9ae9e30b0dbdb6f510a264ef9de781501d7b6b92ae89eb059c5ab743db,1,1,,
"포켓몬스터 하트골드 (Korea, IPKK, header ROM version 0)","포켓몬스터 소울실버 (Korea, IPGK, header ROM version 0)",/a/0/0/5,equal,426,426,,,e3b0c44298fc1c149afbf4c8996fb92427ae41e4649b934ca495991b7852b855,e3b0c44298fc1c149afbf4c8996fb92427ae41e4649b934ca495991b7852b855,0,0,,
"포켓몬스터 하트골드 (Korea, IPKK, header ROM version 0)","포켓몬스터 소울실버 (Korea, IPGK, header ROM version 0)",/a/0/0/5,equal,427,427,,,ef6cbd2161eaea7943ce8693b9824d23d1793ffb1c0fca05b600d3899b44c977,ef6cbd2161eaea7943ce8693b9824d23d1793ffb1c0fca05b600d3899b44c977,1,1,,
"포켓몬스터 하트골드 (Korea, IPKK, header ROM version 0)","포켓몬스터 소울실버 (Korea, IPGK, header ROM version 0)",/a/0/0/5,equal,428,428,,,e3b0c44298fc1c149afbf4c8996fb92427ae41e4649b934ca495991b7852b855,e3b0c44298fc1c149afbf4c8996fb92427ae41e4649b934ca495991b7852b855,0,0,,
"포켓몬스터 하트골드 (Korea, IPKK, header ROM version 0)","포켓몬스터 소울실버 (Korea, IPGK, header ROM version 0)",/a/0/0/5,equal,429,429,,,beead77994cf573341ec17b58bbf7eb34d2711c993c1d976b128b3188dc1829a,beead77994cf573341ec17b58bbf7eb34d2711c993c1d976b128b3188dc1829a,1,1,,
"포켓몬스터 하트골드 (Korea, IPKK, header ROM version 0)","포켓몬스터 소울실버 (Korea, IPGK, header ROM version 0)",/a/0/0/5,equal,430,430,,,e3b0c44298fc1c149afbf4c8996fb92427ae41e4649b934ca495991b7852b855,e3b0c44298fc1c149afbf4c8996fb92427ae41e4649b934ca495991b7852b855,0,0,,
"포켓몬스터 하트골드 (Korea, IPKK, header ROM version 0)","포켓몬스터 소울실버 (Korea, IPGK, header ROM version 0)",/a/0/0/5,equal,431,431,,,01ba4719c80b6fe911b091a7c05124b64eeece964e09c058ef8f9805daca546b,01ba4719c80b6fe911b091a7c05124b64eeece964e09c058ef8f9805daca546b,1,1,,
"포켓몬스터 하트골드 (Korea, IPKK, header ROM version 0)","포켓몬스터 소울실버 (Korea, IPGK, header ROM version 0)",/a/0/0/5,equal,432,432,,,c555eab45d08845ae9f10d452a99bfcb06f74a50b988fe7e48dd323789b88ee3,c555eab45d08845ae9f10d452a99bfcb06f74a50b988fe7e48dd323789b88ee3,1,1,Nintendo LZ10,Nintendo LZ10
"포켓몬스터 하트골드 (Korea, IPKK, header ROM version 0)","포켓몬스터 소울실버 (Korea, IPGK, header ROM version 0)",/a/0/0/5,equal,433,433,,,c555eab45d08845ae9f10d452a99bfcb06f74a50b988fe7e48dd323789b88ee3,c555eab45d08845ae9f10d452a99bfcb06f74a50b988fe7e48dd323789b88ee3,1,1,Nintendo LZ10,Nintendo LZ10
"포켓몬스터 하트골드 (Korea, IPKK, header ROM version 0)","포켓몬스터 소울실버 (Korea, IPGK, header ROM version 0)",/a/0/0/5,equal,434,434,,,4d7b3ef7300acf70c892d8327db8272f54434adbc61a4e130a563cb59a0d0f47,4d7b3ef7300acf70c892d8327db8272f54434adbc61a4e130a563cb59a0d0f47,1,1,,
"포켓몬스터 하트골드 (Korea, IPKK, header ROM version 0)","포켓몬스터 소울실버 (Korea, IPGK, header ROM version 0)",/a/0/0/5,equal,435,435,,,4d7b3ef7300acf70c892d8327db8272f54434adbc61a4e130a563cb59a0d0f47,4d7b3ef7300acf70c892d8327db8272f54434adbc61a4e130a563cb59a0d0f47,1,1,,
"포켓몬스터 하트골드 (Korea, IPKK, header ROM version 0)","포켓몬스터 소울실버 (Korea, IPGK, header ROM version 0)",/a/0/0/5,equal,436,436,,,e52d9c508c502347344d8c07ad91cbd6068afc75ff6292f062a09ca381c89e71,e52d9c508c502347344d8c07ad91cbd6068afc75ff6292f062a09ca381c89e71,1,1,,
"포켓몬스터 하트골드 (Korea, IPKK, header ROM version 0)","포켓몬스터 소울실버 (Korea, IPGK, header ROM version 0)",/a/0/0/5,equal,437,437,,,e52d9c508c502347344d8c07ad91cbd6068afc75ff6292f062a09ca381c89e71,e52d9c508c502347344d8c07ad91cbd6068afc75ff6292f062a09ca381c89e71,1,1,,
"포켓몬스터 하트골드 (Korea, IPKK, header ROM version 0)","포켓몬스터 소울실버 (Korea, IPGK, header ROM version 0)",/a/0/0/5,equal,438,438,,,c555eab45d08845ae9f10d452a99bfcb06f74a50b988fe7e48dd323789b88ee3,c555eab45d08845ae9f10d452a99bfcb06f74a50b988fe7e48dd323789b88ee3,1,1,Nintendo LZ10,Nintendo LZ10
"포켓몬스터 하트골드 (Korea, IPKK, header ROM version 0)","포켓몬스터 소울실버 (Korea, IPGK, header ROM version 0)",/a/0/0/5,equal,439,439,,,c555eab45d08845ae9f10d452a99bfcb06f74a50b988fe7e48dd323789b88ee3,c555eab45d08845ae9f10d452a99bfcb06f74a50b988fe7e48dd323789b88ee3,1,1,Nintendo LZ10,Nintendo LZ10
"포켓몬스터 하트골드 (Korea, IPKK, header ROM version 0)","포켓몬스터 소울실버 (Korea, IPGK, header ROM version 0)",/a/0/0/5,equal,440,440,,,e7cf46a078fed4fafd0b5e3aff144802b853f8ae459a4f0c14add3314b7cc3a6,e7cf46a078fed4fafd0b5e3aff144802b853f8ae459a4f0c14add3314b7cc3a6,1,1,,
"포켓몬스터 하트골드 (Korea, IPKK, header ROM version 0)","포켓몬스터 소울실버 (Korea, IPGK, header ROM version 0)",/a/0/0/5,equal,441,441,,,e7cf46a078fed4fafd0b5e3aff144802b853f8ae459a4f0c14add3314b7cc3a6,e7cf46a078fed4fafd0b5e3aff144802b853f8ae459a4f0c14add3314b7cc3a6,1,1,,
"포켓몬스터 하트골드 (Korea, IPKK, header ROM version 0)","포켓몬스터 소울실버 (Korea, IPGK, header ROM version 0)",/a/0/0/5,equal,442,442,,,e52d9c508c502347344d8c07ad91cbd6068afc75ff6292f062a09ca381c89e71,e52d9c508c502347344d8c07ad91cbd6068afc75ff6292f062a09ca381c89e71,1,1,,
"포켓몬스터 하트골드 (Korea, IPKK, header ROM version 0)","포켓몬스터 소울실버 (Korea, IPGK, header ROM version 0)",/a/0/0/5,equal,443,443,,,e52d9c508c502347344d8c07ad91cbd6068afc75ff6292f062a09ca381c89e71,e52d9c508c502347344d8c07ad91cbd6068afc75ff6292f062a09ca381c89e71,1,1,,
"포켓몬스터 하트골드 (Korea, IPKK, header ROM version 0)","포켓몬스터 소울실버 (Korea, IPGK, header ROM version 0)",/a/0/0/5,equal,444,444,,,4a64a107f0cb32536e5bce6c98c393db21cca7f4ea187ba8c4dca8b51d4ea80a,4a64a107f0cb32536e5bce6c98c393db21cca7f4ea187ba8c4dca8b51d4ea80a,1,1,Nintendo LZ11,Nintendo LZ11
"포켓몬스터 하트골드 (Korea, IPKK, header ROM version 0)","포켓몬스터 소울실버 (Korea, IPGK, header ROM version 0)",/a/0/0/5,equal,445,445,,,4d7b3ef7300acf70c892d8327db8272f54434adbc61a4e130a563cb59a0d0f47,4d7b3ef7300acf70c892d8327db8272f54434adbc61a4e130a563cb59a0d0f47,1,1,,
"포켓몬스터 하트골드 (Korea, IPKK, header ROM version 0)","포켓몬스터 소울실버 (Korea, IPGK, header ROM version 0)",/a/0/0/5,equal,446,446,,,4a64a107f0cb32536e5bce6c98c393db21cca7f4ea187ba8c4dca8b51d4ea80a,4a64a107f0cb32536e5bce6c98c393db21cca7f4ea187ba8c4dca8b51d4ea80a,1,1,Nintendo LZ11,Nintendo LZ11
"포켓몬스터 하트골드 (Korea, IPKK, header ROM version 0)","포켓몬스터 소울실버 (Korea, IPGK, header ROM version 0)",/a/0/0/5,equal,447,447,,,4a64a107f0cb32536e5bce6c98c393db21cca7f4ea187ba8c4dca8b51d4ea80a,4a64a107f0cb32536e5bce6c98c393db21cca7f4ea187ba8c4dca8b51d4ea80a,1,1,Nintendo LZ11,Nintendo LZ11
"포켓몬스터 하트골드 (Korea, IPKK, header ROM version 0)","포켓몬스터 소울실버 (Korea, IPGK, header ROM version 0)",/a/0/0/5,equal,448,448,,,67586e98fad27da0b9968bc039a1ef34c939b9b8e523a8bef89d478608c5ecf6,67586e98fad27da0b9968bc039a1ef34c939b9b8e523a8bef89d478608c5ecf6,1,1,,
"포켓몬스터 하트골드 (Korea, IPKK, header ROM version 0)","포켓몬스터 소울실버 (Korea, IPGK, header ROM version 0)",/a/0/0/5,equal,449,449,,,67586e98fad27da0b9968bc039a1ef34c939b9b8e523a8bef89d478608c5ecf6,67586e98fad27da0b9968bc039a1ef34c939b9b8e523a8bef89d478608c5ecf6,1,1,,
"포켓몬스터 하트골드 (Korea, IPKK, header ROM version 0)","포켓몬스터 소울실버 (Korea, IPGK, header ROM version 0)",/a/0/0/5,equal,450,450,,,084fed08b978af4d7d196a7446a86b58009e636b611db16211b65a9aadff29c5,084fed08b978af4d7d196a7446a86b58009e636b611db16211b65a9aadff29c5,1,1,,
"포켓몬스터 하트골드 (Korea, IPKK, header ROM version 0)","포켓몬스터 소울실버 (Korea, IPGK, header ROM version 0)",/a/0/0/5,equal,451,451,,,084fed08b978af4d7d196a7446a86b58009e636b611db16211b65a9aadff29c5,084fed08b978af4d7d196a7446a86b58009e636b611db16211b65a9aadff29c5,1,1,,
"포켓몬스터 하트골드 (Korea, IPKK, header ROM version 0)","포켓몬스터 소울실버 (Korea, IPGK, header ROM version 0)",/a/0/0/5,equal,452,452,,,4d7b3ef7300acf70c892d8327db8272f54434adbc61a4e130a563cb59a0d0f47,4d7b3ef7300acf70c892d8327db8272f54434adbc61a4e130a563cb59a0d0f47,1,1,,
"포켓몬스터 하트골드 (Korea, IPKK, header ROM version 0)","포켓몬스터 소울실버 (Korea, IPGK, header ROM version 0)",/a/0/0/5,equal,453,453,,,e3b0c44298fc1c149afbf4c8996fb92427ae41e4649b934ca495991b7852b855,e3b0c44298fc1c149afbf4c8996fb92427ae41e4649b934ca495991b7852b855,0,0,,
"포켓몬스터 하트골드 (Korea, IPKK, header ROM version 0)","포켓몬스터 소울실버 (Korea, IPGK, header ROM version 0)",/a/0/0/5,equal,454,454,,,f299791cddd3d6664f6670842812ef6053eb6501bd6282a476bbbf3ee91e750c,f299791cddd3d6664f6670842812ef6053eb6501bd6282a476bbbf3ee91e750c,1,1,,
"포켓몬스터 하트골드 (Korea, IPKK, header ROM version 0)","포켓몬스터 소울실버 (Korea, IPGK, header ROM version 0)",/a/0/0/5,equal,455,455,,,e3b0c44298fc1c149afbf4c8996fb92427ae41e4649b934ca495991b7852b855,e3b0c44298fc1c149afbf4c8996fb92427ae41e4649b934ca495991b7852b855,0,0,,
"포켓몬스터 하트골드 (Korea, IPKK, header ROM version 0)","포켓몬스터 소울실버 (Korea, IPGK, header ROM version 0)",/a/0/0/5,equal,456,456,,,68aa2e2ee5dff96e3355e6c7ee373e3d6a4e17f75f9518d843709c0c9bc3e3d4,68aa2e2ee5dff96e3355e6c7ee373e3d6a4e17f75f9518d843709c0c9bc3e3d4,1,1,,
"포켓몬스터 하트골드 (Korea, IPKK, header ROM version 0)","포켓몬스터 소울실버 (Korea, IPGK, header ROM version 0)",/a/0/0/5,equal,457,457,,,68aa2e2ee5dff96e3355e6c7ee373e3d6a4e17f75f9518d843709c0c9bc3e3d4,68aa2e2ee5dff96e3355e6c7ee373e3d6a4e17f75f9518d843709c0c9bc3e3d4,1,1,,
"포켓몬스터 하트골드 (Korea, IPKK, header ROM version 0)","포켓몬스터 소울실버 (Korea, IPGK, header ROM version 0)",/a/0/0/5,equal,458,458,,,83891d7fe85c33e52c8b4e5814c92fb6a3b9467299200538a6babaa8b452d879,83891d7fe85c33e52c8b4e5814c92fb6a3b9467299200538a6babaa8b452d879,1,1,,
"포켓몬스터 하트골드 (Korea, IPKK, header ROM version 0)","포켓몬스터 소울실버 (Korea, IPGK, header ROM version 0)",/a/0/0/5,equal,459,459,,,83891d7fe85c33e52c8b4e5814c92fb6a3b9467299200538a6babaa8b452d879,83891d7fe85c33e52c8b4e5814c92fb6a3b9467299200538a6babaa8b452d879,1,1,,
"포켓몬스터 하트골드 (Korea, IPKK, header ROM version 0)","포켓몬스터 소울실버 (Korea, IPGK, header ROM version 0)",/a/0/0/5,equal,460,460,,,ca358758f6d27e6cf45272937977a748fd88391db679ceda7dc7bf1f005ee879,ca358758f6d27e6cf45272937977a748fd88391db679ceda7dc7bf1f005ee879,1,1,,
"포켓몬스터 하트골드 (Korea, IPKK, header ROM version 0)","포켓몬스터 소울실버 (Korea, IPGK, header ROM version 0)",/a/0/0/5,equal,461,461,,,e3b0c44298fc1c149afbf4c8996fb92427ae41e4649b934ca495991b7852b855,e3b0c44298fc1c149afbf4c8996fb92427ae41e4649b934ca495991b7852b855,0,0,,
"포켓몬스터 하트골드 (Korea, IPKK, header ROM version 0)","포켓몬스터 소울실버 (Korea, IPGK, header ROM version 0)",/a/0/0/5,equal,462,462,,,67586e98fad27da0b9968bc039a1ef34c939b9b8e523a8bef89d478608c5ecf6,67586e98fad27da0b9968bc039a1ef34c939b9b8e523a8bef89d478608c5ecf6,1,1,,
"포켓몬스터 하트골드 (Korea, IPKK, header ROM version 0)","포켓몬스터 소울실버 (Korea, IPGK, header ROM version 0)",/a/0/0/5,equal,463,463,,,e3b0c44298fc1c149afbf4c8996fb92427ae41e4649b934ca495991b7852b855,e3b0c44298fc1c149afbf4c8996fb92427ae41e4649b934ca495991b7852b855,0,0,,
"포켓몬스터 하트골드 (Korea, IPKK, header ROM version 0)","포켓몬스터 소울실버 (Korea, IPGK, header ROM version 0)",/a/0/0/5,equal,464,464,,,4a64a107f0cb32536e5bce6c98c393db21cca7f4ea187ba8c4dca8b51d4ea80a,4a64a107f0cb32536e5bce6c98c393db21cca7f4ea187ba8c4dca8b51d4ea80a,1,1,Nintendo LZ11,Nintendo LZ11
"포켓몬스터 하트골드 (Korea, IPKK, header ROM version 0)","포켓몬스터 소울실버 (Korea, IPGK, header ROM version 0)",/a/0/0/5,equal,465,465,,,4a64a107f0cb32536e5bce6c98c393db21cca7f4ea187ba8c4dca8b51d4ea80a,4a64a107f0cb32536e5bce6c98c393db21cca7f4ea187ba8c4dca8b51d4ea80a,1,1,Nintendo LZ11,Nintendo LZ11
"포켓몬스터 하트골드 (Korea, IPKK, header ROM version 0)","포켓몬스터 소울실버 (Korea, IPGK, header ROM version 0)",/a/0/0/5,equal,466,466,,,7cb7c4547cf2653590d7a9ace60cc623d25148adfbc88a89aeb0ef88da7839ba,7cb7c4547cf2653590d7a9ace60cc623d25148adfbc88a89aeb0ef88da7839ba,1,1,,
"포켓몬스터 하트골드 (Korea, IPKK, header ROM version 0)","포켓몬스터 소울실버 (Korea, IPGK, header ROM version 0)",/a/0/0/5,equal,467,467,,,7cb7c4547cf2653590d7a9ace60cc623d25148adfbc88a89aeb0ef88da7839ba,7cb7c4547cf2653590d7a9ace60cc623d25148adfbc88a89aeb0ef88da7839ba,1,1,,
"포켓몬스터 하트골드 (Korea, IPKK, header ROM version 0)","포켓몬스터 소울실버 (Korea, IPGK, header ROM version 0)",/a/0/0/5,equal,468,468,,,ca358758f6d27e6cf45272937977a748fd88391db679ceda7dc7bf1f005ee879,ca358758f6d27e6cf45272937977a748fd88391db679ceda7dc7bf1f005ee879,1,1,,
"포켓몬스터 하트골드 (Korea, IPKK, header ROM version 0)","포켓몬스터 소울실버 (Korea, IPGK, header ROM version 0)",/a/0/0/5,equal,469,469,,,ca358758f6d27e6cf45272937977a748fd88391db679ceda7dc7bf1f005ee879,ca358758f6d27e6cf45272937977a748fd88391db679ceda7dc7bf1f005ee879,1,1,,
"포켓몬스터 하트골드 (Korea, IPKK, header ROM version 0)","포켓몬스터 소울실버 (Korea, IPGK, header ROM version 0)",/a/0/0/5,equal,470,470,,,4d7b3ef7300acf70c892d8327db8272f54434adbc61a4e130a563cb59a0d0f47,4d7b3ef7300acf70c892d8327db8272f54434adbc61a4e130a563cb59a0d0f47,1,1,,
"포켓몬스터 하트골드 (Korea, IPKK, header ROM version 0)","포켓몬스터 소울실버 (Korea, IPGK, header ROM version 0)",/a/0/0/5,equal,471,471,,,4d7b3ef7300acf70c892d8327db8272f54434adbc61a4e130a563cb59a0d0f47,4d7b3ef7300acf70c892d8327db8272f54434adbc61a4e130a563cb59a0d0f47,1,1,,
"포켓몬스터 하트골드 (Korea, IPKK, header ROM version 0)","포켓몬스터 소울실버 (Korea, IPGK, header ROM version 0)",/a/0/0/5,equal,472,472,,,e7cf46a078fed4fafd0b5e3aff144802b853f8ae459a4f0c14add3314b7cc3a6,e7cf46a078fed4fafd0b5e3aff144802b853f8ae459a4f0c14add3314b7cc3a6,1,1,,
"포켓몬스터 하트골드 (Korea, IPKK, header ROM version 0)","포켓몬스터 소울실버 (Korea, IPGK, header ROM version 0)",/a/0/0/5,equal,473,473,,,e7cf46a078fed4fafd0b5e3aff144802b853f8ae459a4f0c14add3314b7cc3a6,e7cf46a078fed4fafd0b5e3aff144802b853f8ae459a4f0c14add3314b7cc3a6,1,1,,
"포켓몬스터 하트골드 (Korea, IPKK, header ROM version 0)","포켓몬스터 소울실버 (Korea, IPGK, header ROM version 0)",/a/0/0/5,equal,474,474,,,83891d7fe85c33e52c8b4e5814c92fb6a3b9467299200538a6babaa8b452d879,83891d7fe85c33e52c8b4e5814c92fb6a3b9467299200538a6babaa8b452d879,1,1,,
"포켓몬스터 하트골드 (Korea, IPKK, header ROM version 0)","포켓몬스터 소울실버 (Korea, IPGK, header ROM version 0)",/a/0/0/5,equal,475,475,,,83891d7fe85c33e52c8b4e5814c92fb6a3b9467299200538a6babaa8b452d879,83891d7fe85c33e52c8b4e5814c92fb6a3b9467299200538a6babaa8b452d879,1,1,,
"포켓몬스터 하트골드 (Korea, IPKK, header ROM version 0)","포켓몬스터 소울실버 (Korea, IPGK, header ROM version 0)",/a/0/0/5,equal,476,476,,,beead77994cf573341ec17b58bbf7eb34d2711c993c1d976b128b3188dc1829a,beead77994cf573341ec17b58bbf7eb34d2711c993c1d976b128b3188dc1829a,1,1,,
"포켓몬스터 하트골드 (Korea, IPKK, header ROM version 0)","포켓몬스터 소울실버 (Korea, IPGK, header ROM version 0)",/a/0/0/5,equal,477,477,,,beead77994cf573341ec17b58bbf7eb34d2711c993c1d976b128b3188dc1829a,beead77994cf573341ec17b58bbf7eb34d2711c993c1d976b128b3188dc1829a,1,1,,
"포켓몬스터 하트골드 (Korea, IPKK, header ROM version 0)","포켓몬스터 소울실버 (Korea, IPGK, header ROM version 0)",/a/0/0/5,equal,478,478,,,9d1e0e2d9459d06523ad13e28a4093c2316baafe7aec5b25f30eba2e113599c4,9d1e0e2d9459d06523ad13e28a4093c2316baafe7aec5b25f30eba2e113599c4,1,1,,
"포켓몬스터 하트골드 (Korea, IPKK, header ROM version 0)","포켓몬스터 소울실버 (Korea, IPGK, header ROM version 0)",/a/0/0/5,equal,479,479,,,9d1e0e2d9459d06523ad13e28a4093c2316baafe7aec5b25f30eba2e113599c4,9d1e0e2d9459d06523ad13e28a4093c2316baafe7aec5b25f30eba2e113599c4,1,1,,
"포켓몬스터 하트골드 (Korea, IPKK, header ROM version 0)","포켓몬스터 소울실버 (Korea, IPGK, header ROM version 0)",/a/0/0/5,equal,480,480,,,e3b0c44298fc1c149afbf4c8996fb92427ae41e4649b934ca495991b7852b855,e3b0c44298fc1c149afbf4c8996fb92427ae41e4649b934ca495991b7852b855,0,0,,
"포켓몬스터 하트골드 (Korea, IPKK, header ROM version 0)","포켓몬스터 소울실버 (Korea, IPGK, header ROM version 0)",/a/0/0/5,equal,481,481,,,beead77994cf573341ec17b58bbf7eb34d2711c993c1d976b128b3188dc1829a,beead77994cf573341ec17b58bbf7eb34d2711c993c1d976b128b3188dc1829a,1,1,,
"포켓몬스터 하트골드 (Korea, IPKK, header ROM version 0)","포켓몬스터 소울실버 (Korea, IPGK, header ROM version 0)",/a/0/0/5,equal,482,482,,,e3b0c44298fc1c149afbf4c8996fb92427ae41e4649b934ca495991b7852b855,e3b0c44298fc1c149afbf4c8996fb92427ae41e4649b934ca495991b7852b855,0,0,,
"포켓몬스터 하트골드 (Korea, IPKK, header ROM version 0)","포켓몬스터 소울실버 (Korea, IPGK, header ROM version 0)",/a/0/0/5,equal,483,483,,,f299791cddd3d6664f6670842812ef6053eb6501bd6282a476bbbf3ee91e750c,f299791cddd3d6664f6670842812ef6053eb6501bd6282a476bbbf3ee91e750c,1,1,,
"포켓몬스터 하트골드 (Korea, IPKK, header ROM version 0)","포켓몬스터 소울실버 (Korea, IPGK, header ROM version 0)",/a/0/0/5,equal,484,484,,,e3b0c44298fc1c149afbf4c8996fb92427ae41e4649b934ca495991b7852b855,e3b0c44298fc1c149afbf4c8996fb92427ae41e4649b934ca495991b7852b855,0,0,,
"포켓몬스터 하트골드 (Korea, IPKK, header ROM version 0)","포켓몬스터 소울실버 (Korea, IPGK, header ROM version 0)",/a/0/0/5,equal,485,485,,,e77b9a9ae9e30b0dbdb6f510a264ef9de781501d7b6b92ae89eb059c5ab743db,e77b9a9ae9e30b0dbdb6f510a264ef9de781501d7b6b92ae89eb059c5ab743db,1,1,,
"포켓몬스터 하트골드 (Korea, IPKK, header ROM version 0)","포켓몬스터 소울실버 (Korea, IPGK, header ROM version 0)",/a/0/0/5,equal,486,486,,,e3b0c44298fc1c149afbf4c8996fb92427ae41e4649b934ca495991b7852b855,e3b0c44298fc1c149afbf4c8996fb92427ae41e4649b934ca495991b7852b855,0,0,,
"포켓몬스터 하트골드 (Korea, IPKK, header ROM version 0)","포켓몬스터 소울실버 (Korea, IPGK, header ROM version 0)",/a/0/0/5,equal,487,487,,,c555eab45d08845ae9f10d452a99bfcb06f74a50b988fe7e48dd323789b88ee3,c555eab45d08845ae9f10d452a99bfcb06f74a50b988fe7e48dd323789b88ee3,1,1,Nintendo LZ10,Nintendo LZ10
"포켓몬스터 하트골드 (Korea, IPKK, header ROM version 0)","포켓몬스터 소울실버 (Korea, IPGK, header ROM version 0)",/a/0/0/5,equal,488,488,,,01ba4719c80b6fe911b091a7c05124b64eeece964e09c058ef8f9805daca546b,01ba4719c80b6fe911b091a7c05124b64eeece964e09c058ef8f9805daca546b,1,1,,
"포켓몬스터 하트골드 (Korea, IPKK, header ROM version 0)","포켓몬스터 소울실버 (Korea, IPGK, header ROM version 0)",/a/0/0/5,equal,489,489,,,01ba4719c80b6fe911b091a7c05124b64eeece964e09c058ef8f9805daca546b,01ba4719c80b6fe911b091a7c05124b64eeece964e09c058ef8f9805daca546b,1,1,,
"포켓몬스터 하트골드 (Korea, IPKK, header ROM version 0)","포켓몬스터 소울실버 (Korea, IPGK, header ROM version 0)",/a/0/0/5,equal,490,490,,,ef6cbd2161eaea7943ce8693b9824d23d1793ffb1c0fca05b600d3899b44c977,ef6cbd2161eaea7943ce8693b9824d23d1793ffb1c0fca05b600d3899b44c977,1,1,,
"포켓몬스터 하트골드 (Korea, IPKK, header ROM version 0)","포켓몬스터 소울실버 (Korea, IPGK, header ROM version 0)",/a/0/0/5,equal,491,491,,,ef6cbd2161eaea7943ce8693b9824d23d1793ffb1c0fca05b600d3899b44c977,ef6cbd2161eaea7943ce8693b9824d23d1793ffb1c0fca05b600d3899b44c977,1,1,,
"포켓몬스터 하트골드 (Korea, IPKK, header ROM version 0)","포켓몬스터 소울실버 (Korea, IPGK, header ROM version 0)",/a/0/0/5,equal,492,492,,,e52d9c508c502347344d8c07ad91cbd6068afc75ff6292f062a09ca381c89e71,e52d9c508c502347344d8c07ad91cbd6068afc75ff6292f062a09ca381c89e71,1,1,,
"포켓몬스터 하트골드 (Korea, IPKK, header ROM version 0)","포켓몬스터 소울실버 (Korea, IPGK, header ROM version 0)",/a/0/0/5,equal,493,493,,,e52d9c508c502347344d8c07ad91cbd6068afc75ff6292f062a09ca381c89e71,e52d9c508c502347344d8c07ad91cbd6068afc75ff6292f062a09ca381c89e71,1,1,,
"포켓몬스터 하트골드 (Korea, IPKK, header ROM version 0)","포켓몬스터 소울실버 (Korea, IPGK, header ROM version 0)",/a/0/0/5,equal,494,494,,,beead77994cf573341ec17b58bbf7eb34d2711c993c1d976b128b3188dc1829a,beead77994cf573341ec17b58bbf7eb34d2711c993c1d976b128b3188dc1829a,1,1,,
"포켓몬스터 하트골드 (Korea, IPKK, header ROM version 0)","포켓몬스터 소울실버 (Korea, IPGK, header ROM version 0)",/a/0/0/5,equal,495,495,,,beead77994cf573341ec17b58bbf7eb34d2711c993c1d976b128b3188dc1829a,beead77994cf573341ec17b58bbf7eb34d2711c993c1d976b128b3188dc1829a,1,1,,
"포켓몬스터 하트골드 (Korea, IPKK, header ROM version 0)","포켓몬스터 소울실버 (Korea, IPGK, header ROM version 0)",/a/0/0/5,equal,496,496,,,e52d9c508c502347344d8c07ad91cbd6068afc75ff6292f062a09ca381c89e71,e52d9c508c502347344d8c07ad91cbd6068afc75ff6292f062a09ca381c89e71,1,1,,
"포켓몬스터 하트골드 (Korea, IPKK, header ROM version 0)","포켓몬스터 소울실버 (Korea, IPGK, header ROM version 0)",/a/0/0/5,equal,497,497,,,e3b0c44298fc1c149afbf4c8996fb92427ae41e4649b934ca495991b7852b855,e3b0c44298fc1c149afbf4c8996fb92427ae41e4649b934ca495991b7852b855,0,0,,
"포켓몬스터 하트골드 (Korea, IPKK, header ROM version 0)","포켓몬스터 소울실버 (Korea, IPGK, header ROM version 0)",/a/0/0/5,equal,498,498,,,4d7b3ef7300acf70c892d8327db8272f54434adbc61a4e130a563cb59a0d0f47,4d7b3ef7300acf70c892d8327db8272f54434adbc61a4e130a563cb59a0d0f47,1,1,,
"포켓몬스터 하트골드 (Korea, IPKK, header ROM version 0)","포켓몬스터 소울실버 (Korea, IPGK, header ROM version 0)",/a/0/0/5,equal,499,499,,,e3b0c44298fc1c149afbf4c8996fb92427ae41e4649b934ca495991b7852b855,e3b0c44298fc1c149afbf4c8996fb92427ae41e4649b934ca495991b7852b855,0,0,,
"포켓몬스터 하트골드 (Korea, IPKK, header ROM version 0)","포켓몬스터 소울실버 (Korea, IPGK, header ROM version 0)",/a/0/0/5,equal,500,500,,,e77b9a9ae9e30b0dbdb6f510a264ef9de781501d7b6b92ae89eb059c5ab743db,e77b9a9ae9e30b0dbdb6f510a264ef9de781501d7b6b92ae89eb059c5ab743db,1,1,,
"포켓몬스터 하트골드 (Korea, IPKK, header ROM version 0)","포켓몬스터 소울실버 (Korea, IPGK, header ROM version 0)",/a/0/0/5,equal,501,501,,,e77b9a9ae9e30b0dbdb6f510a264ef9de781501d7b6b92ae89eb059c5ab743db,e77b9a9ae9e30b0dbdb6f510a264ef9de781501d7b6b92ae89eb059c5ab743db,1,1,,
"포켓몬스터 하트골드 (Korea, IPKK, header ROM version 0)","포켓몬스터 소울실버 (Korea, IPGK, header ROM version 0)",/a/0/0/5,equal,502,502,,,ca358758f6d27e6cf45272937977a748fd88391db679ceda7dc7bf1f005ee879,ca358758f6d27e6cf45272937977a748fd88391db679ceda7dc7bf1f005ee879,1,1,,
"포켓몬스터 하트골드 (Korea, IPKK, header ROM version 0)","포켓몬스터 소울실버 (Korea, IPGK, header ROM version 0)",/a/0/0/5,equal,503,503,,,ca358758f6d27e6cf45272937977a748fd88391db679ceda7dc7bf1f005ee879,ca358758f6d27e6cf45272937977a748fd88391db679ceda7dc7bf1f005ee879,1,1,,
"포켓몬스터 하트골드 (Korea, IPKK, header ROM version 0)","포켓몬스터 소울실버 (Korea, IPGK, header ROM version 0)",/a/0/0/5,equal,504,504,,,084fed08b978af4d7d196a7446a86b58009e636b611db16211b65a9aadff29c5,084fed08b978af4d7d196a7446a86b58009e636b611db16211b65a9aadff29c5,1,1,,
"포켓몬스터 하트골드 (Korea, IPKK, header ROM version 0)","포켓몬스터 소울실버 (Korea, IPGK, header ROM version 0)",/a/0/0/5,equal,505,505,,,084fed08b978af4d7d196a7446a86b58009e636b611db16211b65a9aadff29c5,084fed08b978af4d7d196a7446a86b58009e636b611db16211b65a9aadff29c5,1,1,,
"포켓몬스터 하트골드 (Korea, IPKK, header ROM version 0)","포켓몬스터 소울실버 (Korea, IPGK, header ROM version 0)",/a/0/0/5,equal,506,506,,,2b4c342f5433ebe591a1da77e013d1b72475562d48578dca8b84bac6651c3cb9,2b4c342f5433ebe591a1da77e013d1b72475562d48578dca8b84bac6651c3cb9,1,1,,
"포켓몬스터 하트골드 (Korea, IPKK, header ROM version 0)","포켓몬스터 소울실버 (Korea, IPGK, header ROM version 0)",/a/0/0/5,equal,507,507,,,2b4c342f5433ebe591a1da77e013d1b72475562d48578dca8b84bac6651c3cb9,2b4c342f5433ebe591a1da77e013d1b72475562d48578dca8b84bac6651c3cb9,1,1,,
"포켓몬스터 하트골드 (Korea, IPKK, header ROM version 0)","포켓몬스터 소울실버 (Korea, IPGK, header ROM version 0)",/a/0/0/5,equal,508,508,,,beead77994cf573341ec17b58bbf7eb34d2711c993c1d976b128b3188dc1829a,beead77994cf573341ec17b58bbf7eb34d2711c993c1d976b128b3188dc1829a,1,1,,
"포켓몬스터 하트골드 (Korea, IPKK, header ROM version 0)","포켓몬스터 소울실버 (Korea, IPGK, header ROM version 0)",/a/0/0/5,equal,509,509,,,beead77994cf573341ec17b58bbf7eb34d2711c993c1d976b128b3188dc1829a,beead77994cf573341ec17b58bbf7eb34d2711c993c1d976b128b3188dc1829a,1,1,,
"포켓몬스터 하트골드 (Korea, IPKK, header ROM version 0)","포켓몬스터 소울실버 (Korea, IPGK, header ROM version 0)",/a/0/0/5,equal,510,510,,,beead77994cf573341ec17b58bbf7eb34d2711c993c1d976b128b3188dc1829a,beead77994cf573341ec17b58bbf7eb34d2711c993c1d976b128b3188dc1829a,1,1,,
"포켓몬스터 하트골드 (Korea, IPKK, header ROM version 0)","포켓몬스터 소울실버 (Korea, IPGK, header ROM version 0)",/a/0/0/5,equal,511,511,,,beead77994cf573341ec17b58bbf7eb34d2711c993c1d976b128b3188dc1829a,beead77994cf573341ec17b58bbf7eb34d2711c993c1d976b128b3188dc1829a,1,1,,
"포켓몬스터 하트골드 (Korea, IPKK, header ROM version 0)","포켓몬스터 소울실버 (Korea, IPGK, header ROM version 0)",/a/0/0/5,equal,512,512,,,e3b0c44298fc1c149afbf4c8996fb92427ae41e4649b934ca495991b7852b855,e3b0c44298fc1c149afbf4c8996fb92427ae41e4649b934ca495991b7852b855,0,0,,
"포켓몬스터 하트골드 (Korea, IPKK, header ROM version 0)","포켓몬스터 소울실버 (Korea, IPGK, header ROM version 0)",/a/0/0/5,equal,513,513,,,c555eab45d08845ae9f10d452a99bfcb06f74a50b988fe7e48dd323789b88ee3,c555eab45d08845ae9f10d452a99bfcb06f74a50b988fe7e48dd323789b88ee3,1,1,Nintendo LZ10,Nintendo LZ10
"포켓몬스터 하트골드 (Korea, IPKK, header ROM version 0)","포켓몬스터 소울실버 (Korea, IPGK, header ROM version 0)",/a/0/0/5,equal,514,514,,,e3b0c44298fc1c149afbf4c8996fb92427ae41e4649b934ca495991b7852b855,e3b0c44298fc1c149afbf4c8996fb92427ae41e4649b934ca495991b7852b855,0,0,,
"포켓몬스터 하트골드 (Korea, IPKK, header ROM version 0)","포켓몬스터 소울실버 (Korea, IPGK, header ROM version 0)",/a/0/0/5,equal,515,515,,,01ba4719c80b6fe911b091a7c05124b64eeece964e09c058ef8f9805daca546b,01ba4719c80b6fe911b091a7c05124b64eeece964e09c058ef8f9805daca546b,1,1,,
"포켓몬스터 하트골드 (Korea, IPKK, header ROM version 0)","포켓몬스터 소울실버 (Korea, IPGK, header ROM version 0)",/a/0/0/5,equal,516,516,,,ca358758f6d27e6cf45272937977a748fd88391db679ceda7dc7bf1f005ee879,ca358758f6d27e6cf45272937977a748fd88391db679ceda7dc7bf1f005ee879,1,1,,
"포켓몬스터 하트골드 (Korea, IPKK, header ROM version 0)","포켓몬스터 소울실버 (Korea, IPGK, header ROM version 0)",/a/0/0/5,equal,517,517,,,ca358758f6d27e6cf45272937977a748fd88391db679ceda7dc7bf1f005ee879,ca358758f6d27e6cf45272937977a748fd88391db679ceda7dc7bf1f005ee879,1,1,,
"포켓몬스터 하트골드 (Korea, IPKK, header ROM version 0)","포켓몬스터 소울실버 (Korea, IPGK, header ROM version 0)",/a/0/0/5,equal,518,518,,,01ba4719c80b6fe911b091a7c05124b64eeece964e09c058ef8f9805daca546b,01ba4719c80b6fe911b091a7c05124b64eeece964e09c058ef8f9805daca546b,1,1,,
"포켓몬스터 하트골드 (Korea, IPKK, header ROM version 0)","포켓몬스터 소울실버 (Korea, IPGK, header ROM version 0)",/a/0/0/5,equal,519,519,,,01ba4719c80b6fe911b091a7c05124b64eeece964e09c058ef8f9805daca546b,01ba4719c80b6fe911b091a7c05124b64eeece964e09c058ef8f9805daca546b,1,1,,
"포켓몬스터 하트골드 (Korea, IPKK, header ROM version 0)","포켓몬스터 소울실버 (Korea, IPGK, header ROM version 0)",/a/0/0/5,equal,520,520,,,67586e98fad27da0b9968bc039a1ef34c939b9b8e523a8bef89d478608c5ecf6,67586e98fad27da0b9968bc039a1ef34c939b9b8e523a8bef89d478608c5ecf6,1,1,,
"포켓몬스터 하트골드 (Korea, IPKK, header ROM version 0)","포켓몬스터 소울실버 (Korea, IPGK, header ROM version 0)",/a/0/0/5,equal,521,521,,,67586e98fad27da0b9968bc039a1ef34c939b9b8e523a8bef89d478608c5ecf6,67586e98fad27da0b9968bc039a1ef34c939b9b8e523a8bef89d478608c5ecf6,1,1,,
"포켓몬스터 하트골드 (Korea, IPKK, header ROM version 0)","포켓몬스터 소울실버 (Korea, IPGK, header ROM version 0)",/a/0/0/5,equal,522,522,,,6e340b9cffb37a989ca544e6bb780a2c78901d3fb33738768511a30617afa01d,6e340b9cffb37a989ca544e6bb780a2c78901d3fb33738768511a30617afa01d,1,1,,
"포켓몬스터 하트골드 (Korea, IPKK, header ROM version 0)","포켓몬스터 소울실버 (Korea, IPGK, header ROM version 0)",/a/0/0/5,equal,523,523,,,6e340b9cffb37a989ca544e6bb780a2c78901d3fb33738768511a30617afa01d,6e340b9cffb37a989ca544e6bb780a2c78901d3fb33738768511a30617afa01d,1,1,,
"포켓몬스터 하트골드 (Korea, IPKK, header ROM version 0)","포켓몬스터 소울실버 (Korea, IPGK, header ROM version 0)",/a/0/0/5,equal,524,524,,,e52d9c508c502347344d8c07ad91cbd6068afc75ff6292f062a09ca381c89e71,e52d9c508c502347344d8c07ad91cbd6068afc75ff6292f062a09ca381c89e71,1,1,,
"포켓몬스터 하트골드 (Korea, IPKK, header ROM version 0)","포켓몬스터 소울실버 (Korea, IPGK, header ROM version 0)",/a/0/0/5,equal,525,525,,,e52d9c508c502347344d8c07ad91cbd6068afc75ff6292f062a09ca381c89e71,e52d9c508c502347344d8c07ad91cbd6068afc75ff6292f062a09ca381c89e71,1,1,,
"포켓몬스터 하트골드 (Korea, IPKK, header ROM version 0)","포켓몬스터 소울실버 (Korea, IPGK, header ROM version 0)",/a/0/0/5,equal,526,526,,,2b4c342f5433ebe591a1da77e013d1b72475562d48578dca8b84bac6651c3cb9,2b4c342f5433ebe591a1da77e013d1b72475562d48578dca8b84bac6651c3cb9,1,1,,
"포켓몬스터 하트골드 (Korea, IPKK, header ROM version 0)","포켓몬스터 소울실버 (Korea, IPGK, header ROM version 0)",/a/0/0/5,equal,527,527,,,2b4c342f5433ebe591a1da77e013d1b72475562d48578dca8b84bac6651c3cb9,2b4c342f5433ebe591a1da77e013d1b72475562d48578dca8b84bac6651c3cb9,1,1,,
"포켓몬스터 하트골드 (Korea, IPKK, header ROM version 0)","포켓몬스터 소울실버 (Korea, IPGK, header ROM version 0)",/a/0/0/5,equal,528,528,,,e3b0c44298fc1c149afbf4c8996fb92427ae41e4649b934ca495991b7852b855,e3b0c44298fc1c149afbf4c8996fb92427ae41e4649b934ca495991b7852b855,0,0,,
"포켓몬스터 하트골드 (Korea, IPKK, header ROM version 0)","포켓몬스터 소울실버 (Korea, IPGK, header ROM version 0)",/a/0/0/5,equal,529,529,,,7cb7c4547cf2653590d7a9ace60cc623d25148adfbc88a89aeb0ef88da7839ba,7cb7c4547cf2653590d7a9ace60cc623d25148adfbc88a89aeb0ef88da7839ba,1,1,,
"포켓몬스터 하트골드 (Korea, IPKK, header ROM version 0)","포켓몬스터 소울실버 (Korea, IPGK, header ROM version 0)",/a/0/0/5,equal,530,530,,,e3b0c44298fc1c149afbf4c8996fb92427ae41e4649b934ca495991b7852b855,e3b0c44298fc1c149afbf4c8996fb92427ae41e4649b934ca495991b7852b855,0,0,,
"포켓몬스터 하트골드 (Korea, IPKK, header ROM version 0)","포켓몬스터 소울실버 (Korea, IPGK, header ROM version 0)",/a/0/0/5,equal,531,531,,,68aa2e2ee5dff96e3355e6c7ee373e3d6a4e17f75f9518d843709c0c9bc3e3d4,68aa2e2ee5dff96e3355e6c7ee373e3d6a4e17f75f9518d843709c0c9bc3e3d4,1,1,,
"포켓몬스터 하트골드 (Korea, IPKK, header ROM version 0)","포켓몬스터 소울실버 (Korea, IPGK, header ROM version 0)",/a/0/0/5,equal,532,532,,,9d1e0e2d9459d06523ad13e28a4093c2316baafe7aec5b25f30eba2e113599c4,9d1e0e2d9459d06523ad13e28a4093c2316baafe7aec5b25f30eba2e113599c4,1,1,,
"포켓몬스터 하트골드 (Korea, IPKK, header ROM version 0)","포켓몬스터 소울실버 (Korea, IPGK, header ROM version 0)",/a/0/0/5,equal,533,533,,,9d1e0e2d9459d06523ad13e28a4093c2316baafe7aec5b25f30eba2e113599c4,9d1e0e2d9459d06523ad13e28a4093c2316baafe7aec5b25f30eba2e113599c4,1,1,,
"포켓몬스터 하트골드 (Korea, IPKK, header ROM version 0)","포켓몬스터 소울실버 (Korea, IPGK, header ROM version 0)",/a/0/0/5,equal,534,534,,,f299791cddd3d6664f6670842812ef6053eb6501bd6282a476bbbf3ee91e750c,f299791cddd3d6664f6670842812ef6053eb6501bd6282a476bbbf3ee91e750c,1,1,,
"포켓몬스터 하트골드 (Korea, IPKK, header ROM version 0)","포켓몬스터 소울실버 (Korea, IPGK, header ROM version 0)",/a/0/0/5,equal,535,535,,,f299791cddd3d6664f6670842812ef6053eb6501bd6282a476bbbf3ee91e750c,f299791cddd3d6664f6670842812ef6053eb6501bd6282a476bbbf3ee91e750c,1,1,,
"포켓몬스터 하트골드 (Korea, IPKK, header ROM version 0)","포켓몬스터 소울실버 (Korea, IPGK, header ROM version 0)",/a/0/0/5,equal,536,536,,,67586e98fad27da0b9968bc039a1ef34c939b9b8e523a8bef89d478608c5ecf6,67586e98fad27da0b9968bc039a1ef34c939b9b8e523a8bef89d478608c5ecf6,1,1,,
"포켓몬스터 하트골드 (Korea, IPKK, header ROM version 0)","포켓몬스터 소울실버 (Korea, IPGK, header ROM version 0)",/a/0/0/5,equal,537,537,,,67586e98fad27da0b9968bc039a1ef34c939b9b8e523a8bef89d478608c5ecf6,67586e98fad27da0b9968bc039a1ef34c939b9b8e523a8bef89d478608c5ecf6,1,1,,
"포켓몬스터 하트골드 (Korea, IPKK, header ROM version 0)","포켓몬스터 소울실버 (Korea, IPGK, header ROM version 0)",/a/0/0/5,equal,538,538,,,f299791cddd3d6664f6670842812ef6053eb6501bd6282a476bbbf3ee91e750c,f299791cddd3d6664f6670842812ef6053eb6501bd6282a476bbbf3ee91e750c,1,1,,
"포켓몬스터 하트골드 (Korea, IPKK, header ROM version 0)","포켓몬스터 소울실버 (Korea, IPGK, header ROM version 0)",/a/0/0/5,equal,539,539,,,f299791cddd3d6664f6670842812ef6053eb6501bd6282a476bbbf3ee91e750c,f299791cddd3d6664f6670842812ef6053eb6501bd6282a476bbbf3ee91e750c,1,1,,
"포켓몬스터 하트골드 (Korea, IPKK, header ROM version 0)","포켓몬스터 소울실버 (Korea, IPGK, header ROM version 0)",/a/0/0/5,equal,540,540,,,ca358758f6d27e6cf45272937977a748fd88391db679ceda7dc7bf1f005ee879,ca358758f6d27e6cf45272937977a748fd88391db679ceda7dc7bf1f005ee879,1,1,,
"포켓몬스터 하트골드 (Korea, IPKK, header ROM version 0)","포켓몬스터 소울실버 (Korea, IPGK, header ROM version 0)",/a/0/0/5,equal,541,541,,,ca358758f6d27e6cf45272937977a748fd88391db679ceda7dc7bf1f005ee879,ca358758f6d27e6cf45272937977a748fd88391db679ceda7dc7bf1f005ee879,1,1,,
"포켓몬스터 하트골드 (Korea, IPKK, header ROM version 0)","포켓몬스터 소울실버 (Korea, IPGK, header ROM version 0)",/a/0/0/5,equal,542,542,,,c555eab45d08845ae9f10d452a99bfcb06f74a50b988fe7e48dd323789b88ee3,c555eab45d08845ae9f10d452a99bfcb06f74a50b988fe7e48dd323789b88ee3,1,1,Nintendo LZ10,Nintendo LZ10
"포켓몬스터 하트골드 (Korea, IPKK, header ROM version 0)","포켓몬스터 소울실버 (Korea, IPGK, header ROM version 0)",/a/0/0/5,equal,543,543,,,c555eab45d08845ae9f10d452a99bfcb06f74a50b988fe7e48dd323789b88ee3,c555eab45d08845ae9f10d452a99bfcb06f74a50b988fe7e48dd323789b88ee3,1,1,Nintendo LZ10,Nintendo LZ10
"포켓몬스터 하트골드 (Korea, IPKK, header ROM version 0)","포켓몬스터 소울실버 (Korea, IPGK, header ROM version 0)",/a/0/0/5,equal,544,544,,,2b4c342f5433ebe591a1da77e013d1b72475562d48578dca8b84bac6651c3cb9,2b4c342f5433ebe591a1da77e013d1b72475562d48578dca8b84bac6651c3cb9,1,1,,
"포켓몬스터 하트골드 (Korea, IPKK, header ROM version 0)","포켓몬스터 소울실버 (Korea, IPGK, header ROM version 0)",/a/0/0/5,equal,545,545,,,2b4c342f5433ebe591a1da77e013d1b72475562d48578dca8b84bac6651c3cb9,2b4c342f5433ebe591a1da77e013d1b72475562d48578dca8b84bac6651c3cb9,1,1,,
"포켓몬스터 하트골드 (Korea, IPKK, header ROM version 0)","포켓몬스터 소울실버 (Korea, IPGK, header ROM version 0)",/a/0/0/5,equal,546,546,,,4d7b3ef7300acf70c892d8327db8272f54434adbc61a4e130a563cb59a0d0f47,4d7b3ef7300acf70c892d8327db8272f54434adbc61a4e130a563cb59a0d0f47,1,1,,
"포켓몬스터 하트골드 (Korea, IPKK, header ROM version 0)","포켓몬스터 소울실버 (Korea, IPGK, header ROM version 0)",/a/0/0/5,equal,547,547,,,4d7b3ef7300acf70c892d8327db8272f54434adbc61a4e130a563cb59a0d0f47,4d7b3ef7300acf70c892d8327db8272f54434adbc61a4e130a563cb59a0d0f47,1,1,,
"포켓몬스터 하트골드 (Korea, IPKK, header ROM version 0)","포켓몬스터 소울실버 (Korea, IPGK, header ROM version 0)",/a/0/0/5,equal,548,548,,,e3b0c44298fc1c149afbf4c8996fb92427ae41e4649b934ca495991b7852b855,e3b0c44298fc1c149afbf4c8996fb92427ae41e4649b934ca495991b7852b855,0,0,,
"포켓몬스터 하트골드 (Korea, IPKK, header ROM version 0)","포켓몬스터 소울실버 (Korea, IPGK, header ROM version 0)",/a/0/0/5,equal,549,549,,,c555eab45d08845ae9f10d452a99bfcb06f74a50b988fe7e48dd323789b88ee3,c555eab45d08845ae9f10d452a99bfcb06f74a50b988fe7e48dd323789b88ee3,1,1,Nintendo LZ10,Nintendo LZ10
"포켓몬스터 하트골드 (Korea, IPKK, header ROM version 0)","포켓몬스터 소울실버 (Korea, IPGK, header ROM version 0)",/a/0/0/5,equal,550,550,,,e3b0c44298fc1c149afbf4c8996fb92427ae41e4649b934ca495991b7852b855,e3b0c44298fc1c149afbf4c8996fb92427ae41e4649b934ca495991b7852b855,0,0,,
"포켓몬스터 하트골드 (Korea, IPKK, header ROM version 0)","포켓몬스터 소울실버 (Korea, IPGK, header ROM version 0)",/a/0/0/5,equal,551,551,,,8f11b05da785e43e713d03774c6bd3405d99cd3024af334ffd68db663aa37034,8f11b05da785e43e713d03774c6bd3405d99cd3024af334ffd68db663aa37034,1,1,,
"포켓몬스터 하트골드 (Korea, IPKK, header ROM version 0)","포켓몬스터 소울실버 (Korea, IPGK, header ROM version 0)",/a/0/0/5,equal,552,552,,,dc0e9c3658a1a3ed1ec94274d8b19925c93e1abb7ddba294923ad9bde30f8cb8,dc0e9c3658a1a3ed1ec94274d8b19925c93e1abb7ddba294923ad9bde30f8cb8,1,1,,
"포켓몬스터 하트골드 (Korea, IPKK, header ROM version 0)","포켓몬스터 소울실버 (Korea, IPGK, header ROM version 0)",/a/0/0/5,equal,553,553,,,dc0e9c3658a1a3ed1ec94274d8b19925c93e1abb7ddba294923ad9bde30f8cb8,dc0e9c3658a1a3ed1ec94274d8b19925c93e1abb7ddba294923ad9bde30f8cb8,1,1,,
"포켓몬스터 하트골드 (Korea, IPKK, header ROM version 0)","포켓몬스터 소울실버 (Korea, IPGK, header ROM version 0)",/a/0/0/5,equal,554,554,,,8f11b05da785e43e713d03774c6bd3405d99cd3024af334ffd68db663aa37034,8f11b05da785e43e713d03774c6bd3405d99cd3024af334ffd68db663aa37034,1,1,,
"포켓몬스터 하트골드 (Korea, IPKK, header ROM version 0)","포켓몬스터 소울실버 (Korea, IPGK, header ROM version 0)",/a/0/0/5,equal,555,555,,,8f11b05da785e43e713d03774c6bd3405d99cd3024af334ffd68db663aa37034,8f11b05da785e43e713d03774c6bd3405d99cd3024af334ffd68db663aa37034,1,1,,
"포켓몬스터 하트골드 (Korea, IPKK, header ROM version 0)","포켓몬스터 소울실버 (Korea, IPGK, header ROM version 0)",/a/0/0/5,equal,556,556,,,2b4c342f5433ebe591a1da77e013d1b72475562d48578dca8b84bac6651c3cb9,2b4c342f5433ebe591a1da77e013d1b72475562d48578dca8b84bac6651c3cb9,1,1,,
"포켓몬스터 하트골드 (Korea, IPKK, header ROM version 0)","포켓몬스터 소울실버 (Korea, IPGK, header ROM version 0)",/a/0/0/5,equal,557,557,,,2b4c342f5433ebe591a1da77e013d1b72475562d48578dca8b84bac6651c3cb9,2b4c342f5433ebe591a1da77e013d1b72475562d48578dca8b84bac6651c3cb9,1,1,,
"포켓몬스터 하트골드 (Korea, IPKK, header ROM version 0)","포켓몬스터 소울실버 (Korea, IPGK, header ROM version 0)",/a/0/0/5,equal,558,558,,,dc0e9c3658a1a3ed1ec94274d8b19925c93e1abb7ddba294923ad9bde30f8cb8,dc0e9c3658a1a3ed1ec94274d8b19925c93e1abb7ddba294923ad9bde30f8cb8,1,1,,
"포켓몬스터 하트골드 (Korea, IPKK, header ROM version 0)","포켓몬스터 소울실버 (Korea, IPGK, header ROM version 0)",/a/0/0/5,equal,559,559,,,dc0e9c3658a1a3ed1ec94274d8b19925c93e1abb7ddba294923ad9bde30f8cb8,dc0e9c3658a1a3ed1ec94274d8b19925c93e1abb7ddba294923ad9bde30f8cb8,1,1,,
"포켓몬스터 하트골드 (Korea, IPKK, header ROM version 0)","포켓몬스터 소울실버 (Korea, IPGK, header ROM version 0)",/a/0/0/5,equal,560,560,,,2f0fd1e89b8de1d57292742ec380ea47066e307ad645f5bc3adad8a06ff58608,2f0fd1e89b8de1d57292742ec380ea47066e307ad645f5bc3adad8a06ff58608,1,1,,
"포켓몬스터 하트골드 (Korea, IPKK, header ROM version 0)","포켓몬스터 소울실버 (Korea, IPGK, header ROM version 0)",/a/0/0/5,equal,561,561,,,2f0fd1e89b8de1d57292742ec380ea47066e307ad645f5bc3adad8a06ff58608,2f0fd1e89b8de1d57292742ec380ea47066e307ad645f5bc3adad8a06ff58608,1,1,,
"포켓몬스터 하트골드 (Korea, IPKK, header ROM version 0)","포켓몬스터 소울실버 (Korea, IPGK, header ROM version 0)",/a/0/0/5,equal,562,562,,,58f7b0780592032e4d8602a3e8690fb2c701b2e1dd546e703445aabd6469734d,58f7b0780592032e4d8602a3e8690fb2c701b2e1dd546e703445aabd6469734d,1,1,,
"포켓몬스터 하트골드 (Korea, IPKK, header ROM version 0)","포켓몬스터 소울실버 (Korea, IPGK, header ROM version 0)",/a/0/0/5,equal,563,563,,,58f7b0780592032e4d8602a3e8690fb2c701b2e1dd546e703445aabd6469734d,58f7b0780592032e4d8602a3e8690fb2c701b2e1dd546e703445aabd6469734d,1,1,,
"포켓몬스터 하트골드 (Korea, IPKK, header ROM version 0)","포켓몬스터 소울실버 (Korea, IPGK, header ROM version 0)",/a/0/0/5,equal,564,564,,,ca358758f6d27e6cf45272937977a748fd88391db679ceda7dc7bf1f005ee879,ca358758f6d27e6cf45272937977a748fd88391db679ceda7dc7bf1f005ee879,1,1,,
"포켓몬스터 하트골드 (Korea, IPKK, header ROM version 0)","포켓몬스터 소울실버 (Korea, IPGK, header ROM version 0)",/a/0/0/5,equal,565,565,,,ca358758f6d27e6cf45272937977a748fd88391db679ceda7dc7bf1f005ee879,ca358758f6d27e6cf45272937977a748fd88391db679ceda7dc7bf1f005ee879,1,1,,
"포켓몬스터 하트골드 (Korea, IPKK, header ROM version 0)","포켓몬스터 소울실버 (Korea, IPGK, header ROM version 0)",/a/0/0/5,equal,566,566,,,67586e98fad27da0b9968bc039a1ef34c939b9b8e523a8bef89d478608c5ecf6,67586e98fad27da0b9968bc039a1ef34c939b9b8e523a8bef89d478608c5ecf6,1,1,,
"포켓몬스터 하트골드 (Korea, IPKK, header ROM version 0)","포켓몬스터 소울실버 (Korea, IPGK, header ROM version 0)",/a/0/0/5,equal,567,567,,,67586e98fad27da0b9968bc039a1ef34c939b9b8e523a8bef89d478608c5ecf6,67586e98fad27da0b9968bc039a1ef34c939b9b8e523a8bef89d478608c5ecf6,1,1,,
"포켓몬스터 하트골드 (Korea, IPKK, header ROM version 0)","포켓몬스터 소울실버 (Korea, IPGK, header ROM version 0)",/a/0/0/5,equal,568,568,,,ef6cbd2161eaea7943ce8693b9824d23d1793ffb1c0fca05b600d3899b44c977,ef6cbd2161eaea7943ce8693b9824d23d1793ffb1c0fca05b600d3899b44c977,1,1,,
"포켓몬스터 하트골드 (Korea, IPKK, header ROM version 0)","포켓몬스터 소울실버 (Korea, IPGK, header ROM version 0)",/a/0/0/5,equal,569,569,,,ef6cbd2161eaea7943ce8693b9824d23d1793ffb1c0fca05b600d3899b44c977,ef6cbd2161eaea7943ce8693b9824d23d1793ffb1c0fca05b600d3899b44c977,1,1,,
"포켓몬스터 하트골드 (Korea, IPKK, header ROM version 0)","포켓몬스터 소울실버 (Korea, IPGK, header ROM version 0)",/a/0/0/5,equal,570,570,,,ca358758f6d27e6cf45272937977a748fd88391db679ceda7dc7bf1f005ee879,ca358758f6d27e6cf45272937977a748fd88391db679ceda7dc7bf1f005ee879,1,1,,
"포켓몬스터 하트골드 (Korea, IPKK, header ROM version 0)","포켓몬스터 소울실버 (Korea, IPGK, header ROM version 0)",/a/0/0/5,equal,571,571,,,ca358758f6d27e6cf45272937977a748fd88391db679ceda7dc7bf1f005ee879,ca358758f6d27e6cf45272937977a748fd88391db679ceda7dc7bf1f005ee879,1,1,,
"포켓몬스터 하트골드 (Korea, IPKK, header ROM version 0)","포켓몬스터 소울실버 (Korea, IPGK, header ROM version 0)",/a/0/0/5,equal,572,572,,,c555eab45d08845ae9f10d452a99bfcb06f74a50b988fe7e48dd323789b88ee3,c555eab45d08845ae9f10d452a99bfcb06f74a50b988fe7e48dd323789b88ee3,1,1,Nintendo LZ10,Nintendo LZ10
"포켓몬스터 하트골드 (Korea, IPKK, header ROM version 0)","포켓몬스터 소울실버 (Korea, IPGK, header ROM version 0)",/a/0/0/5,equal,573,573,,,c555eab45d08845ae9f10d452a99bfcb06f74a50b988fe7e48dd323789b88ee3,c555eab45d08845ae9f10d452a99bfcb06f74a50b988fe7e48dd323789b88ee3,1,1,Nintendo LZ10,Nintendo LZ10
"포켓몬스터 하트골드 (Korea, IPKK, header ROM version 0)","포켓몬스터 소울실버 (Korea, IPGK, header ROM version 0)",/a/0/0/5,equal,574,574,,,ca358758f6d27e6cf45272937977a748fd88391db679ceda7dc7bf1f005ee879,ca358758f6d27e6cf45272937977a748fd88391db679ceda7dc7bf1f005ee879,1,1,,
"포켓몬스터 하트골드 (Korea, IPKK, header ROM version 0)","포켓몬스터 소울실버 (Korea, IPGK, header ROM version 0)",/a/0/0/5,equal,575,575,,,ca358758f6d27e6cf45272937977a748fd88391db679ceda7dc7bf1f005ee879,ca358758f6d27e6cf45272937977a748fd88391db679ceda7dc7bf1f005ee879,1,1,,
"포켓몬스터 하트골드 (Korea, IPKK, header ROM version 0)","포켓몬스터 소울실버 (Korea, IPGK, header ROM version 0)",/a/0/0/5,equal,576,576,,,e3b0c44298fc1c149afbf4c8996fb92427ae41e4649b934ca495991b7852b855,e3b0c44298fc1c149afbf4c8996fb92427ae41e4649b934ca495991b7852b855,0,0,,
"포켓몬스터 하트골드 (Korea, IPKK, header ROM version 0)","포켓몬스터 소울실버 (Korea, IPGK, header ROM version 0)",/a/0/0/5,equal,577,577,,,67586e98fad27da0b9968bc039a1ef34c939b9b8e523a8bef89d478608c5ecf6,67586e98fad27da0b9968bc039a1ef34c939b9b8e523a8bef89d478608c5ecf6,1,1,,
"포켓몬스터 하트골드 (Korea, IPKK, header ROM version 0)","포켓몬스터 소울실버 (Korea, IPGK, header ROM version 0)",/a/0/0/5,equal,578,578,,,e3b0c44298fc1c149afbf4c8996fb92427ae41e4649b934ca495991b7852b855,e3b0c44298fc1c149afbf4c8996fb92427ae41e4649b934ca495991b7852b855,0,0,,
"포켓몬스터 하트골드 (Korea, IPKK, header ROM version 0)","포켓몬스터 소울실버 (Korea, IPGK, header ROM version 0)",/a/0/0/5,equal,579,579,,,e52d9c508c502347344d8c07ad91cbd6068afc75ff6292f062a09ca381c89e71,e52d9c508c502347344d8c07ad91cbd6068afc75ff6292f062a09ca381c89e71,1,1,,
"포켓몬스터 하트골드 (Korea, IPKK, header ROM version 0)","포켓몬스터 소울실버 (Korea, IPGK, header ROM version 0)",/a/0/0/5,equal,580,580,,,e3b0c44298fc1c149afbf4c8996fb92427ae41e4649b934ca495991b7852b855,e3b0c44298fc1c149afbf4c8996fb92427ae41e4649b934ca495991b7852b855,0,0,,
"포켓몬스터 하트골드 (Korea, IPKK, header ROM version 0)","포켓몬스터 소울실버 (Korea, IPGK, header ROM version 0)",/a/0/0/5,equal,581,581,,,dc0e9c3658a1a3ed1ec94274d8b19925c93e1abb7ddba294923ad9bde30f8cb8,dc0e9c3658a1a3ed1ec94274d8b19925c93e1abb7ddba294923ad9bde30f8cb8,1,1,,
"포켓몬스터 하트골드 (Korea, IPKK, header ROM version 0)","포켓몬스터 소울실버 (Korea, IPGK, header ROM version 0)",/a/0/0/5,equal,582,582,,,e3b0c44298fc1c149afbf4c8996fb92427ae41e4649b934ca495991b7852b855,e3b0c44298fc1c149afbf4c8996fb92427ae41e4649b934ca495991b7852b855,0,0,,
"포켓몬스터 하트골드 (Korea, IPKK, header ROM version 0)","포켓몬스터 소울실버 (Korea, IPGK, header ROM version 0)",/a/0/0/5,equal,583,583,,,67586e98fad27da0b9968bc039a1ef34c939b9b8e523a8bef89d478608c5ecf6,67586e98fad27da0b9968bc039a1ef34c939b9b8e523a8bef89d478608c5ecf6,1,1,,
"포켓몬스터 하트골드 (Korea, IPKK, header ROM version 0)","포켓몬스터 소울실버 (Korea, IPGK, header ROM version 0)",/a/0/0/5,equal,584,584,,,e3b0c44298fc1c149afbf4c8996fb92427ae41e4649b934ca495991b7852b855,e3b0c44298fc1c149afbf4c8996fb92427ae41e4649b934ca495991b7852b855,0,0,,
"포켓몬스터 하트골드 (Korea, IPKK, header ROM version 0)","포켓몬스터 소울실버 (Korea, IPGK, header ROM version 0)",/a/0/0/5,equal,585,585,,,67586e98fad27da0b9968bc039a1ef34c939b9b8e523a8bef89d478608c5ecf6,67586e98fad27da0b9968bc039a1ef34c939b9b8e523a8bef89d478608c5ecf6,1,1,,
"포켓몬스터 하트골드 (Korea, IPKK, header ROM version 0)","포켓몬스터 소울실버 (Korea, IPGK, header ROM version 0)",/a/0/0/5,equal,586,586,,,e3b0c44298fc1c149afbf4c8996fb92427ae41e4649b934ca495991b7852b855,e3b0c44298fc1c149afbf4c8996fb92427ae41e4649b934ca495991b7852b855,0,0,,
"포켓몬스터 하트골드 (Korea, IPKK, header ROM version 0)","포켓몬스터 소울실버 (Korea, IPGK, header ROM version 0)",/a/0/0/5,equal,587,587,,,e52d9c508c502347344d8c07ad91cbd6068afc75ff6292f062a09ca381c89e71,e52d9c508c502347344d8c07ad91cbd6068afc75ff6292f062a09ca381c89e71,1,1,,
"포켓몬스터 하트골드 (Korea, IPKK, header ROM version 0)","포켓몬스터 소울실버 (Korea, IPGK, header ROM version 0)",/a/0/0/5,equal,588,588,,,01ba4719c80b6fe911b091a7c05124b64eeece964e09c058ef8f9805daca546b,01ba4719c80b6fe911b091a7c05124b64eeece964e09c058ef8f9805daca546b,1,1,,
"포켓몬스터 하트골드 (Korea, IPKK, header ROM version 0)","포켓몬스터 소울실버 (Korea, IPGK, header ROM version 0)",/a/0/0/5,equal,589,589,,,01ba4719c80b6fe911b091a7c05124b64eeece964e09c058ef8f9805daca546b,01ba4719c80b6fe911b091a7c05124b64eeece964e09c058ef8f9805daca546b,1,1,,
"포켓몬스터 하트골드 (Korea, IPKK, header ROM version 0)","포켓몬스터 소울실버 (Korea, IPGK, header ROM version 0)",/a/0/0/5,equal,590,590,,,4a64a107f0cb32536e5bce6c98c393db21cca7f4ea187ba8c4dca8b51d4ea80a,4a64a107f0cb32536e5bce6c98c393db21cca7f4ea187ba8c4dca8b51d4ea80a,1,1,Nintendo LZ11,Nintendo LZ11
"포켓몬스터 하트골드 (Korea, IPKK, header ROM version 0)","포켓몬스터 소울실버 (Korea, IPGK, header ROM version 0)",/a/0/0/5,equal,591,591,,,4a64a107f0cb32536e5bce6c98c393db21cca7f4ea187ba8c4dca8b51d4ea80a,4a64a107f0cb32536e5bce6c98c393db21cca7f4ea187ba8c4dca8b51d4ea80a,1,1,Nintendo LZ11,Nintendo LZ11
"포켓몬스터 하트골드 (Korea, IPKK, header ROM version 0)","포켓몬스터 소울실버 (Korea, IPGK, header ROM version 0)",/a/0/0/5,equal,592,592,,,e77b9a9ae9e30b0dbdb6f510a264ef9de781501d7b6b92ae89eb059c5ab743db,e77b9a9ae9e30b0dbdb6f510a264ef9de781501d7b6b92ae89eb059c5ab743db,1,1,,
"포켓몬스터 하트골드 (Korea, IPKK, header ROM version 0)","포켓몬스터 소울실버 (Korea, IPGK, header ROM version 0)",/a/0/0/5,equal,593,593,,,e77b9a9ae9e30b0dbdb6f510a264ef9de781501d7b6b92ae89eb059c5ab743db,e77b9a9ae9e30b0dbdb6f510a264ef9de781501d7b6b92ae89eb059c5ab743db,1,1,,
"포켓몬스터 하트골드 (Korea, IPKK, header ROM version 0)","포켓몬스터 소울실버 (Korea, IPGK, header ROM version 0)",/a/0/0/5,equal,594,594,,,67586e98fad27da0b9968bc039a1ef34c939b9b8e523a8bef89d478608c5ecf6,67586e98fad27da0b9968bc039a1ef34c939b9b8e523a8bef89d478608c5ecf6,1,1,,
"포켓몬스터 하트골드 (Korea, IPKK, header ROM version 0)","포켓몬스터 소울실버 (Korea, IPGK, header ROM version 0)",/a/0/0/5,equal,595,595,,,67586e98fad27da0b9968bc039a1ef34c939b9b8e523a8bef89d478608c5ecf6,67586e98fad27da0b9968bc039a1ef34c939b9b8e523a8bef89d478608c5ecf6,1,1,,
"포켓몬스터 하트골드 (Korea, IPKK, header ROM version 0)","포켓몬스터 소울실버 (Korea, IPGK, header ROM version 0)",/a/0/0/5,equal,596,596,,,4bf5122f344554c53bde2ebb8cd2b7e3d1600ad631c385a5d7cce23c7785459a,4bf5122f344554c53bde2ebb8cd2b7e3d1600ad631c385a5d7cce23c7785459a,1,1,,
"포켓몬스터 하트골드 (Korea, IPKK, header ROM version 0)","포켓몬스터 소울실버 (Korea, IPGK, header ROM version 0)",/a/0/0/5,equal,597,597,,,4bf5122f344554c53bde2ebb8cd2b7e3d1600ad631c385a5d7cce23c7785459a,4bf5122f344554c53bde2ebb8cd2b7e3d1600ad631c385a5d7cce23c7785459a,1,1,,
"포켓몬스터 하트골드 (Korea, IPKK, header ROM version 0)","포켓몬스터 소울실버 (Korea, IPGK, header ROM version 0)",/a/0/0/5,equal,598,598,,,4bf5122f344554c53bde2ebb8cd2b7e3d1600ad631c385a5d7cce23c7785459a,4bf5122f344554c53bde2ebb8cd2b7e3d1600ad631c385a5d7cce23c7785459a,1,1,,
"포켓몬스터 하트골드 (Korea, IPKK, header ROM version 0)","포켓몬스터 소울실버 (Korea, IPGK, header ROM version 0)",/a/0/0/5,equal,599,599,,,4bf5122f344554c53bde2ebb8cd2b7e3d1600ad631c385a5d7cce23c7785459a,4bf5122f344554c53bde2ebb8cd2b7e3d1600ad631c385a5d7cce23c7785459a,1,1,,
"포켓몬스터 하트골드 (Korea, IPKK, header ROM version 0)","포켓몬스터 소울실버 (Korea, IPGK, header ROM version 0)",/a/0/0/5,equal,600,600,,,e3b0c44298fc1c149afbf4c8996fb92427ae41e4649b934ca495991b7852b855,e3b0c44298fc1c149afbf4c8996fb92427ae41e4649b934ca495991b7852b855,0,0,,
"포켓몬스터 하트골드 (Korea, IPKK, header ROM version 0)","포켓몬스터 소울실버 (Korea, IPGK, header ROM version 0)",/a/0/0/5,equal,601,601,,,4bf5122f344554c53bde2ebb8cd2b7e3d1600ad631c385a5d7cce23c7785459a,4bf5122f344554c53bde2ebb8cd2b7e3d1600ad631c385a5d7cce23c7785459a,1,1,,
"포켓몬스터 하트골드 (Korea, IPKK, header ROM version 0)","포켓몬스터 소울실버 (Korea, IPGK, header ROM version 0)",/a/0/0/5,equal,602,602,,,e3b0c44298fc1c149afbf4c8996fb92427ae41e4649b934ca495991b7852b855,e3b0c44298fc1c149afbf4c8996fb92427ae41e4649b934ca495991b7852b855,0,0,,
"포켓몬스터 하트골드 (Korea, IPKK, header ROM version 0)","포켓몬스터 소울실버 (Korea, IPGK, header ROM version 0)",/a/0/0/5,equal,603,603,,,beead77994cf573341ec17b58bbf7eb34d2711c993c1d976b128b3188dc1829a,beead77994cf573341ec17b58bbf7eb34d2711c993c1d976b128b3188dc1829a,1,1,,
"포켓몬스터 하트골드 (Korea, IPKK, header ROM version 0)","포켓몬스터 소울실버 (Korea, IPGK, header ROM version 0)",/a/0/0/5,equal,604,604,,,e3b0c44298fc1c149afbf4c8996fb92427ae41e4649b934ca495991b7852b855,e3b0c44298fc1c149afbf4c8996fb92427ae41e4649b934ca495991b7852b855,0,0,,
"포켓몬스터 하트골드 (Korea, IPKK, header ROM version 0)","포켓몬스터 소울실버 (Korea, IPGK, header ROM version 0)",/a/0/0/5,equal,605,605,,,6e340b9cffb37a989ca544e6bb780a2c78901d3fb33738768511a30617afa01d,6e340b9cffb37a989ca544e6bb780a2c78901d3fb33738768511a30617afa01d,1,1,,
"포켓몬스터 하트골드 (Korea, IPKK, header ROM version 0)","포켓몬스터 소울실버 (Korea, IPGK, header ROM version 0)",/a/0/0/5,equal,606,606,,,e3b0c44298fc1c149afbf4c8996fb92427ae41e4649b934ca495991b7852b855,e3b0c44298fc1c149afbf4c8996fb92427ae41e4649b934ca495991b7852b855,0,0,,
"포켓몬스터 하트골드 (Korea, IPKK, header ROM version 0)","포켓몬스터 소울실버 (Korea, IPGK, header ROM version 0)",/a/0/0/5,equal,607,607,,,c555eab45d08845ae9f10d452a99bfcb06f74a50b988fe7e48dd323789b88ee3,c555eab45d08845ae9f10d452a99bfcb06f74a50b988fe7e48dd323789b88ee3,1,1,Nintendo LZ10,Nintendo LZ10
"포켓몬스터 하트골드 (Korea, IPKK, header ROM version 0)","포켓몬스터 소울실버 (Korea, IPGK, header ROM version 0)",/a/0/0/5,equal,608,608,,,ef6cbd2161eaea7943ce8693b9824d23d1793ffb1c0fca05b600d3899b44c977,ef6cbd2161eaea7943ce8693b9824d23d1793ffb1c0fca05b600d3899b44c977,1,1,,
"포켓몬스터 하트골드 (Korea, IPKK, header ROM version 0)","포켓몬스터 소울실버 (Korea, IPGK, header ROM version 0)",/a/0/0/5,equal,609,609,,,ef6cbd2161eaea7943ce8693b9824d23d1793ffb1c0fca05b600d3899b44c977,ef6cbd2161eaea7943ce8693b9824d23d1793ffb1c0fca05b600d3899b44c977,1,1,,
"포켓몬스터 하트골드 (Korea, IPKK, header ROM version 0)","포켓몬스터 소울실버 (Korea, IPGK, header ROM version 0)",/a/0/0/5,equal,610,610,,,f299791cddd3d6664f6670842812ef6053eb6501bd6282a476bbbf3ee91e750c,f299791cddd3d6664f6670842812ef6053eb6501bd6282a476bbbf3ee91e750c,1,1,,
"포켓몬스터 하트골드 (Korea, IPKK, header ROM version 0)","포켓몬스터 소울실버 (Korea, IPGK, header ROM version 0)",/a/0/0/5,equal,611,611,,,f299791cddd3d6664f6670842812ef6053eb6501bd6282a476bbbf3ee91e750c,f299791cddd3d6664f6670842812ef6053eb6501bd6282a476bbbf3ee91e750c,1,1,,
"포켓몬스터 하트골드 (Korea, IPKK, header ROM version 0)","포켓몬스터 소울실버 (Korea, IPGK, header ROM version 0)",/a/0/0/5,equal,612,612,,,67586e98fad27da0b9968bc039a1ef34c939b9b8e523a8bef89d478608c5ecf6,67586e98fad27da0b9968bc039a1ef34c939b9b8e523a8bef89d478608c5ecf6,1,1,,
"포켓몬스터 하트골드 (Korea, IPKK, header ROM version 0)","포켓몬스터 소울실버 (Korea, IPGK, header ROM version 0)",/a/0/0/5,equal,613,613,,,67586e98fad27da0b9968bc039a1ef34c939b9b8e523a8bef89d478608c5ecf6,67586e98fad27da0b9968bc039a1ef34c939b9b8e523a8bef89d478608c5ecf6,1,1,,
"포켓몬스터 하트골드 (Korea, IPKK, header ROM version 0)","포켓몬스터 소울실버 (Korea, IPGK, header ROM version 0)",/a/0/0/5,equal,614,614,,,01ba4719c80b6fe911b091a7c05124b64eeece964e09c058ef8f9805daca546b,01ba4719c80b6fe911b091a7c05124b64eeece964e09c058ef8f9805daca546b,1,1,,
"포켓몬스터 하트골드 (Korea, IPKK, header ROM version 0)","포켓몬스터 소울실버 (Korea, IPGK, header ROM version 0)",/a/0/0/5,equal,615,615,,,01ba4719c80b6fe911b091a7c05124b64eeece964e09c058ef8f9805daca546b,01ba4719c80b6fe911b091a7c05124b64eeece964e09c058ef8f9805daca546b,1,1,,
"포켓몬스터 하트골드 (Korea, IPKK, header ROM version 0)","포켓몬스터 소울실버 (Korea, IPGK, header ROM version 0)",/a/0/0/5,equal,616,616,,,dbc1b4c900ffe48d575b5da5c638040125f65db0fe3e24494b76ea986457d986,dbc1b4c900ffe48d575b5da5c638040125f65db0fe3e24494b76ea986457d986,1,1,,
"포켓몬스터 하트골드 (Korea, IPKK, header ROM version 0)","포켓몬스터 소울실버 (Korea, IPGK, header ROM version 0)",/a/0/0/5,equal,617,617,,,dbc1b4c900ffe48d575b5da5c638040125f65db0fe3e24494b76ea986457d986,dbc1b4c900ffe48d575b5da5c638040125f65db0fe3e24494b76ea986457d986,1,1,,
"포켓몬스터 하트골드 (Korea, IPKK, header ROM version 0)","포켓몬스터 소울실버 (Korea, IPGK, header ROM version 0)",/a/0/0/5,equal,618,618,,,dbc1b4c900ffe48d575b5da5c638040125f65db0fe3e24494b76ea986457d986,dbc1b4c900ffe48d575b5da5c638040125f65db0fe3e24494b76ea986457d986,1,1,,
"포켓몬스터 하트골드 (Korea, IPKK, header ROM version 0)","포켓몬스터 소울실버 (Korea, IPGK, header ROM version 0)",/a/0/0/5,equal,619,619,,,dbc1b4c900ffe48d575b5da5c638040125f65db0fe3e24494b76ea986457d986,dbc1b4c900ffe48d575b5da5c638040125f65db0fe3e24494b76ea986457d986,1,1,,
"포켓몬스터 하트골드 (Korea, IPKK, header ROM version 0)","포켓몬스터 소울실버 (Korea, IPGK, header ROM version 0)",/a/0/0/5,equal,620,620,,,e52d9c508c502347344d8c07ad91cbd6068afc75ff6292f062a09ca381c89e71,e52d9c508c502347344d8c07ad91cbd6068afc75ff6292f062a09ca381c89e71,1,1,,
"포켓몬스터 하트골드 (Korea, IPKK, header ROM version 0)","포켓몬스터 소울실버 (Korea, IPGK, header ROM version 0)",/a/0/0/5,equal,621,621,,,e52d9c508c502347344d8c07ad91cbd6068afc75ff6292f062a09ca381c89e71,e52d9c508c502347344d8c07ad91cbd6068afc75ff6292f062a09ca381c89e71,1,1,,
"포켓몬스터 하트골드 (Korea, IPKK, header ROM version 0)","포켓몬스터 소울실버 (Korea, IPGK, header ROM version 0)",/a/0/0/5,equal,622,622,,,ab897fbdedfa502b2d839b6a56100887dccdc507555c282e59589e06300a62e2,ab897fbdedfa502b2d839b6a56100887dccdc507555c282e59589e06300a62e2,1,1,,
"포켓몬스터 하트골드 (Korea, IPKK, header ROM version 0)","포켓몬스터 소울실버 (Korea, IPGK, header ROM version 0)",/a/0/0/5,equal,623,623,,,ab897fbdedfa502b2d839b6a56100887dccdc507555c282e59589e06300a62e2,ab897fbdedfa502b2d839b6a56100887dccdc507555c282e59589e06300a62e2,1,1,,
"포켓몬스터 하트골드 (Korea, IPKK, header ROM version 0)","포켓몬스터 소울실버 (Korea, IPGK, header ROM version 0)",/a/0/0/5,equal,624,624,,,6e340b9cffb37a989ca544e6bb780a2c78901d3fb33738768511a30617afa01d,6e340b9cffb37a989ca544e6bb780a2c78901d3fb33738768511a30617afa01d,1,1,,
"포켓몬스터 하트골드 (Korea, IPKK, header ROM version 0)","포켓몬스터 소울실버 (Korea, IPGK, header ROM version 0)",/a/0/0/5,equal,625,625,,,6e340b9cffb37a989ca544e6bb780a2c78901d3fb33738768511a30617afa01d,6e340b9cffb37a989ca544e6bb780a2c78901d3fb33738768511a30617afa01d,1,1,,
"포켓몬스터 하트골드 (Korea, IPKK, header ROM version 0)","포켓몬스터 소울실버 (Korea, IPGK, header ROM version 0)",/a/0/0/5,equal,626,626,,,c555eab45d08845ae9f10d452a99bfcb06f74a50b988fe7e48dd323789b88ee3,c555eab45d08845ae9f10d452a99bfcb06f74a50b988fe7e48dd323789b88ee3,1,1,Nintendo LZ10,Nintendo LZ10
"포켓몬스터 하트골드 (Korea, IPKK, header ROM version 0)","포켓몬스터 소울실버 (Korea, IPGK, header ROM version 0)",/a/0/0/5,equal,627,627,,,c555eab45d08845ae9f10d452a99bfcb06f74a50b988fe7e48dd323789b88ee3,c555eab45d08845ae9f10d452a99bfcb06f74a50b988fe7e48dd323789b88ee3,1,1,Nintendo LZ10,Nintendo LZ10
"포켓몬스터 하트골드 (Korea, IPKK, header ROM version 0)","포켓몬스터 소울실버 (Korea, IPGK, header ROM version 0)",/a/0/0/5,equal,628,628,,,e52d9c508c502347344d8c07ad91cbd6068afc75ff6292f062a09ca381c89e71,e52d9c508c502347344d8c07ad91cbd6068afc75ff6292f062a09ca381c89e71,1,1,,
"포켓몬스터 하트골드 (Korea, IPKK, header ROM version 0)","포켓몬스터 소울실버 (Korea, IPGK, header ROM version 0)",/a/0/0/5,equal,629,629,,,e52d9c508c502347344d8c07ad91cbd6068afc75ff6292f062a09ca381c89e71,e52d9c508c502347344d8c07ad91cbd6068afc75ff6292f062a09ca381c89e71,1,1,,
"포켓몬스터 하트골드 (Korea, IPKK, header ROM version 0)","포켓몬스터 소울실버 (Korea, IPGK, header ROM version 0)",/a/0/0/5,equal,630,630,,,dbc1b4c900ffe48d575b5da5c638040125f65db0fe3e24494b76ea986457d986,dbc1b4c900ffe48d575b5da5c638040125f65db0fe3e24494b76ea986457d986,1,1,,
"포켓몬스터 하트골드 (Korea, IPKK, header ROM version 0)","포켓몬스터 소울실버 (Korea, IPGK, header ROM version 0)",/a/0/0/5,equal,631,631,,,dbc1b4c900ffe48d575b5da5c638040125f65db0fe3e24494b76ea986457d986,dbc1b4c900ffe48d575b5da5c638040125f65db0fe3e24494b76ea986457d986,1,1,,
"포켓몬스터 하트골드 (Korea, IPKK, header ROM version 0)","포켓몬스터 소울실버 (Korea, IPGK, header ROM version 0)",/a/0/0/5,equal,632,632,,,ef6cbd2161eaea7943ce8693b9824d23d1793ffb1c0fca05b600d3899b44c977,ef6cbd2161eaea7943ce8693b9824d23d1793ffb1c0fca05b600d3899b44c977,1,1,,
"포켓몬스터 하트골드 (Korea, IPKK, header ROM version 0)","포켓몬스터 소울실버 (Korea, IPGK, header ROM version 0)",/a/0/0/5,equal,633,633,,,ef6cbd2161eaea7943ce8693b9824d23d1793ffb1c0fca05b600d3899b44c977,ef6cbd2161eaea7943ce8693b9824d23d1793ffb1c0fca05b600d3899b44c977,1,1,,
"포켓몬스터 하트골드 (Korea, IPKK, header ROM version 0)","포켓몬스터 소울실버 (Korea, IPGK, header ROM version 0)",/a/0/0/5,equal,634,634,,,7cb7c4547cf2653590d7a9ace60cc623d25148adfbc88a89aeb0ef88da7839ba,7cb7c4547cf2653590d7a9ace60cc623d25148adfbc88a89aeb0ef88da7839ba,1,1,,
"포켓몬스터 하트골드 (Korea, IPKK, header ROM version 0)","포켓몬스터 소울실버 (Korea, IPGK, header ROM version 0)",/a/0/0/5,equal,635,635,,,7cb7c4547cf2653590d7a9ace60cc623d25148adfbc88a89aeb0ef88da7839ba,7cb7c4547cf2653590d7a9ace60cc623d25148adfbc88a89aeb0ef88da7839ba,1,1,,
"포켓몬스터 하트골드 (Korea, IPKK, header ROM version 0)","포켓몬스터 소울실버 (Korea, IPGK, header ROM version 0)",/a/0/0/5,equal,636,636,,,084fed08b978af4d7d196a7446a86b58009e636b611db16211b65a9aadff29c5,084fed08b978af4d7d196a7446a86b58009e636b611db16211b65a9aadff29c5,1,1,,
"포켓몬스터 하트골드 (Korea, IPKK, header ROM version 0)","포켓몬스터 소울실버 (Korea, IPGK, header ROM version 0)",/a/0/0/5,equal,637,637,,,084fed08b978af4d7d196a7446a86b58009e636b611db16211b65a9aadff29c5,084fed08b978af4d7d196a7446a86b58009e636b611db16211b65a9aadff29c5,1,1,,
"포켓몬스터 하트골드 (Korea, IPKK, header ROM version 0)","포켓몬스터 소울실버 (Korea, IPGK, header ROM version 0)",/a/0/0/5,equal,638,638,,,e7cf46a078fed4fafd0b5e3aff144802b853f8ae459a4f0c14add3314b7cc3a6,e7cf46a078fed4fafd0b5e3aff144802b853f8ae459a4f0c14add3314b7cc3a6,1,1,,
"포켓몬스터 하트골드 (Korea, IPKK, header ROM version 0)","포켓몬스터 소울실버 (Korea, IPGK, header ROM version 0)",/a/0/0/5,equal,639,639,,,e7cf46a078fed4fafd0b5e3aff144802b853f8ae459a4f0c14add3314b7cc3a6,e7cf46a078fed4fafd0b5e3aff144802b853f8ae459a4f0c14add3314b7cc3a6,1,1,,
"포켓몬스터 하트골드 (Korea, IPKK, header ROM version 0)","포켓몬스터 소울실버 (Korea, IPGK, header ROM version 0)",/a/0/0/5,equal,640,640,,,084fed08b978af4d7d196a7446a86b58009e636b611db16211b65a9aadff29c5,084fed08b978af4d7d196a7446a86b58009e636b611db16211b65a9aadff29c5,1,1,,
"포켓몬스터 하트골드 (Korea, IPKK, header ROM version 0)","포켓몬스터 소울실버 (Korea, IPGK, header ROM version 0)",/a/0/0/5,equal,641,641,,,084fed08b978af4d7d196a7446a86b58009e636b611db16211b65a9aadff29c5,084fed08b978af4d7d196a7446a86b58009e636b611db16211b65a9aadff29c5,1,1,,
"포켓몬스터 하트골드 (Korea, IPKK, header ROM version 0)","포켓몬스터 소울실버 (Korea, IPGK, header ROM version 0)",/a/0/0/5,equal,642,642,,,e52d9c508c502347344d8c07ad91cbd6068afc75ff6292f062a09ca381c89e71,e52d9c508c502347344d8c07ad91cbd6068afc75ff6292f062a09ca381c89e71,1,1,,
"포켓몬스터 하트골드 (Korea, IPKK, header ROM version 0)","포켓몬스터 소울실버 (Korea, IPGK, header ROM version 0)",/a/0/0/5,equal,643,643,,,e52d9c508c502347344d8c07ad91cbd6068afc75ff6292f062a09ca381c89e71,e52d9c508c502347344d8c07ad91cbd6068afc75ff6292f062a09ca381c89e71,1,1,,
"포켓몬스터 하트골드 (Korea, IPKK, header ROM version 0)","포켓몬스터 소울실버 (Korea, IPGK, header ROM version 0)",/a/0/0/5,equal,644,644,,,4bf5122f344554c53bde2ebb8cd2b7e3d1600ad631c385a5d7cce23c7785459a,4bf5122f344554c53bde2ebb8cd2b7e3d1600ad631c385a5d7cce23c7785459a,1,1,,
"포켓몬스터 하트골드 (Korea, IPKK, header ROM version 0)","포켓몬스터 소울실버 (Korea, IPGK, header ROM version 0)",/a/0/0/5,equal,645,645,,,4bf5122f344554c53bde2ebb8cd2b7e3d1600ad631c385a5d7cce23c7785459a,4bf5122f344554c53bde2ebb8cd2b7e3d1600ad631c385a5d7cce23c7785459a,1,1,,
"포켓몬스터 하트골드 (Korea, IPKK, header ROM version 0)","포켓몬스터 소울실버 (Korea, IPGK, header ROM version 0)",/a/0/0/5,equal,646,646,,,beead77994cf573341ec17b58bbf7eb34d2711c993c1d976b128b3188dc1829a,beead77994cf573341ec17b58bbf7eb34d2711c993c1d976b128b3188dc1829a,1,1,,
"포켓몬스터 하트골드 (Korea, IPKK, header ROM version 0)","포켓몬스터 소울실버 (Korea, IPGK, header ROM version 0)",/a/0/0/5,equal,647,647,,,beead77994cf573341ec17b58bbf7eb34d2711c993c1d976b128b3188dc1829a,beead77994cf573341ec17b58bbf7eb34d2711c993c1d976b128b3188dc1829a,1,1,,
"포켓몬스터 하트골드 (Korea, IPKK, header ROM version 0)","포켓몬스터 소울실버 (Korea, IPGK, header ROM version 0)",/a/0/0/5,equal,648,648,,,e77b9a9ae9e30b0dbdb6f510a264ef9de781501d7b6b92ae89eb059c5ab743db,e77b9a9ae9e30b0dbdb6f510a264ef9de781501d7b6b92ae89eb059c5ab743db,1,1,,
"포켓몬스터 하트골드 (Korea, IPKK, header ROM version 0)","포켓몬스터 소울실버 (Korea, IPGK, header ROM version 0)",/a/0/0/5,equal,649,649,,,e77b9a9ae9e30b0dbdb6f510a264ef9de781501d7b6b92ae89eb059c5ab743db,e77b9a9ae9e30b0dbdb6f510a264ef9de781501d7b6b92ae89eb059c5ab743db,1,1,,
"포켓몬스터 하트골드 (Korea, IPKK, header ROM version 0)","포켓몬스터 소울실버 (Korea, IPGK, header ROM version 0)",/a/0/0/5,equal,650,650,,,ef6cbd2161eaea7943ce8693b9824d23d1793ffb1c0fca05b600d3899b44c977,ef6cbd2161eaea7943ce8693b9824d23d1793ffb1c0fca05b600d3899b44c977,1,1,,
"포켓몬스터 하트골드 (Korea, IPKK, header ROM version 0)","포켓몬스터 소울실버 (Korea, IPGK, header ROM version 0)",/a/0/0/5,equal,651,651,,,ef6cbd2161eaea7943ce8693b9824d23d1793ffb1c0fca05b600d3899b44c977,ef6cbd2161eaea7943ce8693b9824d23d1793ffb1c0fca05b600d3899b44c977,1,1,,
"포켓몬스터 하트골드 (Korea, IPKK, header ROM version 0)","포켓몬스터 소울실버 (Korea, IPGK, header ROM version 0)",/a/0/0/5,equal,652,652,,,e77b9a9ae9e30b0dbdb6f510a264ef9de781501d7b6b92ae89eb059c5ab743db,e77b9a9ae9e30b0dbdb6f510a264ef9de781501d7b6b92ae89eb059c5ab743db,1,1,,
"포켓몬스터 하트골드 (Korea, IPKK, header ROM version 0)","포켓몬스터 소울실버 (Korea, IPGK, header ROM version 0)",/a/0/0/5,equal,653,653,,,e77b9a9ae9e30b0dbdb6f510a264ef9de781501d7b6b92ae89eb059c5ab743db,e77b9a9ae9e30b0dbdb6f510a264ef9de781501d7b6b92ae89eb059c5ab743db,1,1,,
"포켓몬스터 하트골드 (Korea, IPKK, header ROM version 0)","포켓몬스터 소울실버 (Korea, IPGK, header ROM version 0)",/a/0/0/5,equal,654,654,,,f299791cddd3d6664f6670842812ef6053eb6501bd6282a476bbbf3ee91e750c,f299791cddd3d6664f6670842812ef6053eb6501bd6282a476bbbf3ee91e750c,1,1,,
"포켓몬스터 하트골드 (Korea, IPKK, header ROM version 0)","포켓몬스터 소울실버 (Korea, IPGK, header ROM version 0)",/a/0/0/5,equal,655,655,,,f299791cddd3d6664f6670842812ef6053eb6501bd6282a476bbbf3ee91e750c,f299791cddd3d6664f6670842812ef6053eb6501bd6282a476bbbf3ee91e750c,1,1,,
"포켓몬스터 하트골드 (Korea, IPKK, header ROM version 0)","포켓몬스터 소울실버 (Korea, IPGK, header ROM version 0)",/a/0/0/5,equal,656,656,,,e52d9c508c502347344d8c07ad91cbd6068afc75ff6292f062a09ca381c89e71,e52d9c508c502347344d8c07ad91cbd6068afc75ff6292f062a09ca381c89e71,1,1,,
"포켓몬스터 하트골드 (Korea, IPKK, header ROM version 0)","포켓몬스터 소울실버 (Korea, IPGK, header ROM version 0)",/a/0/0/5,equal,657,657,,,e52d9c508c502347344d8c07ad91cbd6068afc75ff6292f062a09ca381c89e71,e52d9c508c502347344d8c07ad91cbd6068afc75ff6292f062a09ca381c89e71,1,1,,
"포켓몬스터 하트골드 (Korea, IPKK, header ROM version 0)","포켓몬스터 소울실버 (Korea, IPGK, header ROM version 0)",/a/0/0/5,equal,658,658,,,67586e98fad27da0b9968bc039a1ef34c939b9b8e523a8bef89d478608c5ecf6,67586e98fad27da0b9968bc039a1ef34c939b9b8e523a8bef89d478608c5ecf6,1,1,,
"포켓몬스터 하트골드 (Korea, IPKK, header ROM version 0)","포켓몬스터 소울실버 (Korea, IPGK, header ROM version 0)",/a/0/0/5,equal,659,659,,,67586e98fad27da0b9968bc039a1ef34c939b9b8e523a8bef89d478608c5ecf6,67586e98fad27da0b9968bc039a1ef34c939b9b8e523a8bef89d478608c5ecf6,1,1,,
"포켓몬스터 하트골드 (Korea, IPKK, header ROM version 0)","포켓몬스터 소울실버 (Korea, IPGK, header ROM version 0)",/a/0/0/5,equal,660,660,,,01ba4719c80b6fe911b091a7c05124b64eeece964e09c058ef8f9805daca546b,01ba4719c80b6fe911b091a7c05124b64eeece964e09c058ef8f9805daca546b,1,1,,
"포켓몬스터 하트골드 (Korea, IPKK, header ROM version 0)","포켓몬스터 소울실버 (Korea, IPGK, header ROM version 0)",/a/0/0/5,equal,661,661,,,01ba4719c80b6fe911b091a7c05124b64eeece964e09c058ef8f9805daca546b,01ba4719c80b6fe911b091a7c05124b64eeece964e09c058ef8f9805daca546b,1,1,,
"포켓몬스터 하트골드 (Korea, IPKK, header ROM version 0)","포켓몬스터 소울실버 (Korea, IPGK, header ROM version 0)",/a/0/0/5,equal,662,662,,,c555eab45d08845ae9f10d452a99bfcb06f74a50b988fe7e48dd323789b88ee3,c555eab45d08845ae9f10d452a99bfcb06f74a50b988fe7e48dd323789b88ee3,1,1,Nintendo LZ10,Nintendo LZ10
"포켓몬스터 하트골드 (Korea, IPKK, header ROM version 0)","포켓몬스터 소울실버 (Korea, IPGK, header ROM version 0)",/a/0/0/5,equal,663,663,,,c555eab45d08845ae9f10d452a99bfcb06f74a50b988fe7e48dd323789b88ee3,c555eab45d08845ae9f10d452a99bfcb06f74a50b988fe7e48dd323789b88ee3,1,1,Nintendo LZ10,Nintendo LZ10
"포켓몬스터 하트골드 (Korea, IPKK, header ROM version 0)","포켓몬스터 소울실버 (Korea, IPGK, header ROM version 0)",/a/0/0/5,equal,664,664,,,e52d9c508c502347344d8c07ad91cbd6068afc75ff6292f062a09ca381c89e71,e52d9c508c502347344d8c07ad91cbd6068afc75ff6292f062a09ca381c89e71,1,1,,
"포켓몬스터 하트골드 (Korea, IPKK, header ROM version 0)","포켓몬스터 소울실버 (Korea, IPGK, header ROM version 0)",/a/0/0/5,equal,665,665,,,e52d9c508c502347344d8c07ad91cbd6068afc75ff6292f062a09ca381c89e71,e52d9c508c502347344d8c07ad91cbd6068afc75ff6292f062a09ca381c89e71,1,1,,
"포켓몬스터 하트골드 (Korea, IPKK, header ROM version 0)","포켓몬스터 소울실버 (Korea, IPGK, header ROM version 0)",/a/0/0/5,equal,666,666,,,e7cf46a078fed4fafd0b5e3aff144802b853f8ae459a4f0c14add3314b7cc3a6,e7cf46a078fed4fafd0b5e3aff144802b853f8ae459a4f0c14add3314b7cc3a6,1,1,,
"포켓몬스터 하트골드 (Korea, IPKK, header ROM version 0)","포켓몬스터 소울실버 (Korea, IPGK, header ROM version 0)",/a/0/0/5,equal,667,667,,,e7cf46a078fed4fafd0b5e3aff144802b853f8ae459a4f0c14add3314b7cc3a6,e7cf46a078fed4fafd0b5e3aff144802b853f8ae459a4f0c14add3314b7cc3a6,1,1,,
"포켓몬스터 하트골드 (Korea, IPKK, header ROM version 0)","포켓몬스터 소울실버 (Korea, IPGK, header ROM version 0)",/a/0/0/5,equal,668,668,,,7cb7c4547cf2653590d7a9ace60cc623d25148adfbc88a89aeb0ef88da7839ba,7cb7c4547cf2653590d7a9ace60cc623d25148adfbc88a89aeb0ef88da7839ba,1,1,,
"포켓몬스터 하트골드 (Korea, IPKK, header ROM version 0)","포켓몬스터 소울실버 (Korea, IPGK, header ROM version 0)",/a/0/0/5,equal,669,669,,,7cb7c4547cf2653590d7a9ace60cc623d25148adfbc88a89aeb0ef88da7839ba,7cb7c4547cf2653590d7a9ace60cc623d25148adfbc88a89aeb0ef88da7839ba,1,1,,
"포켓몬스터 하트골드 (Korea, IPKK, header ROM version 0)","포켓몬스터 소울실버 (Korea, IPGK, header ROM version 0)",/a/0/0/5,equal,670,670,,,58f7b0780592032e4d8602a3e8690fb2c701b2e1dd546e703445aabd6469734d,58f7b0780592032e4d8602a3e8690fb2c701b2e1dd546e703445aabd6469734d,1,1,,
"포켓몬스터 하트골드 (Korea, IPKK, header ROM version 0)","포켓몬스터 소울실버 (Korea, IPGK, header ROM version 0)",/a/0/0/5,equal,671,671,,,58f7b0780592032e4d8602a3e8690fb2c701b2e1dd546e703445aabd6469734d,58f7b0780592032e4d8602a3e8690fb2c701b2e1dd546e703445aabd6469734d,1,1,,
"포켓몬스터 하트골드 (Korea, IPKK, header ROM version 0)","포켓몬스터 소울실버 (Korea, IPGK, header ROM version 0)",/a/0/0/5,equal,672,672,,,e7cf46a078fed4fafd0b5e3aff144802b853f8ae459a4f0c14add3314b7cc3a6,e7cf46a078fed4fafd0b5e3aff144802b853f8ae459a4f0c14add3314b7cc3a6,1,1,,
"포켓몬스터 하트골드 (Korea, IPKK, header ROM version 0)","포켓몬스터 소울실버 (Korea, IPGK, header ROM version 0)",/a/0/0/5,equal,673,673,,,e7cf46a078fed4fafd0b5e3aff144802b853f8ae459a4f0c14add3314b7cc3a6,e7cf46a078fed4fafd0b5e3aff144802b853f8ae459a4f0c14add3314b7cc3a6,1,1,,
"포켓몬스터 하트골드 (Korea, IPKK, header ROM version 0)","포켓몬스터 소울실버 (Korea, IPGK, header ROM version 0)",/a/0/0/5,equal,674,674,,,c555eab45d08845ae9f10d452a99bfcb06f74a50b988fe7e48dd323789b88ee3,c555eab45d08845ae9f10d452a99bfcb06f74a50b988fe7e48dd323789b88ee3,1,1,Nintendo LZ10,Nintendo LZ10
"포켓몬스터 하트골드 (Korea, IPKK, header ROM version 0)","포켓몬스터 소울실버 (Korea, IPGK, header ROM version 0)",/a/0/0/5,equal,675,675,,,c555eab45d08845ae9f10d452a99bfcb06f74a50b988fe7e48dd323789b88ee3,c555eab45d08845ae9f10d452a99bfcb06f74a50b988fe7e48dd323789b88ee3,1,1,Nintendo LZ10,Nintendo LZ10
"포켓몬스터 하트골드 (Korea, IPKK, header ROM version 0)","포켓몬스터 소울실버 (Korea, IPGK, header ROM version 0)",/a/0/0/5,equal,676,676,,,4bf5122f344554c53bde2ebb8cd2b7e3d1600ad631c385a5d7cce23c7785459a,4bf5122f344554c53bde2ebb8cd2b7e3d1600ad631c385a5d7cce23c7785459a,1,1,,
"포켓몬스터 하트골드 (Korea, IPKK, header ROM version 0)","포켓몬스터 소울실버 (Korea, IPGK, header ROM version 0)",/a/0/0/5,equal,677,677,,,4bf5122f344554c53bde2ebb8cd2b7e3d1600ad631c385a5d7cce23c7785459a,4bf5122f344554c53bde2ebb8cd2b7e3d1600ad631c385a5d7cce23c7785459a,1,1,,
"포켓몬스터 하트골드 (Korea, IPKK, header ROM version 0)","포켓몬스터 소울실버 (Korea, IPGK, header ROM version 0)",/a/0/0/5,equal,678,678,,,beead77994cf573341ec17b58bbf7eb34d2711c993c1d976b128b3188dc1829a,beead77994cf573341ec17b58bbf7eb34d2711c993c1d976b128b3188dc1829a,1,1,,
"포켓몬스터 하트골드 (Korea, IPKK, header ROM version 0)","포켓몬스터 소울실버 (Korea, IPGK, header ROM version 0)",/a/0/0/5,equal,679,679,,,beead77994cf573341ec17b58bbf7eb34d2711c993c1d976b128b3188dc1829a,beead77994cf573341ec17b58bbf7eb34d2711c993c1d976b128b3188dc1829a,1,1,,
"포켓몬스터 하트골드 (Korea, IPKK, header ROM version 0)","포켓몬스터 소울실버 (Korea, IPGK, header ROM version 0)",/a/0/0/5,equal,680,680,,,4d7b3ef7300acf70c892d8327db8272f54434adbc61a4e130a563cb59a0d0f47,4d7b3ef7300acf70c892d8327db8272f54434adbc61a4e130a563cb59a0d0f47,1,1,,
"포켓몬스터 하트골드 (Korea, IPKK, header ROM version 0)","포켓몬스터 소울실버 (Korea, IPGK, header ROM version 0)",/a/0/0/5,equal,681,681,,,4d7b3ef7300acf70c892d8327db8272f54434adbc61a4e130a563cb59a0d0f47,4d7b3ef7300acf70c892d8327db8272f54434adbc61a4e130a563cb59a0d0f47,1,1,,
"포켓몬스터 하트골드 (Korea, IPKK, header ROM version 0)","포켓몬스터 소울실버 (Korea, IPGK, header ROM version 0)",/a/0/0/5,equal,682,682,,,ab897fbdedfa502b2d839b6a56100887dccdc507555c282e59589e06300a62e2,ab897fbdedfa502b2d839b6a56100887dccdc507555c282e59589e06300a62e2,1,1,,
"포켓몬스터 하트골드 (Korea, IPKK, header ROM version 0)","포켓몬스터 소울실버 (Korea, IPGK, header ROM version 0)",/a/0/0/5,equal,683,683,,,ab897fbdedfa502b2d839b6a56100887dccdc507555c282e59589e06300a62e2,ab897fbdedfa502b2d839b6a56100887dccdc507555c282e59589e06300a62e2,1,1,,
"포켓몬스터 하트골드 (Korea, IPKK, header ROM version 0)","포켓몬스터 소울실버 (Korea, IPGK, header ROM version 0)",/a/0/0/5,equal,684,684,,,beead77994cf573341ec17b58bbf7eb34d2711c993c1d976b128b3188dc1829a,beead77994cf573341ec17b58bbf7eb34d2711c993c1d976b128b3188dc1829a,1,1,,
"포켓몬스터 하트골드 (Korea, IPKK, header ROM version 0)","포켓몬스터 소울실버 (Korea, IPGK, header ROM version 0)",/a/0/0/5,equal,685,685,,,beead77994cf573341ec17b58bbf7eb34d2711c993c1d976b128b3188dc1829a,beead77994cf573341ec17b58bbf7eb34d2711c993c1d976b128b3188dc1829a,1,1,,
"포켓몬스터 하트골드 (Korea, IPKK, header ROM version 0)","포켓몬스터 소울실버 (Korea, IPGK, header ROM version 0)",/a/0/0/5,equal,686,686,,,c555eab45d08845ae9f10d452a99bfcb06f74a50b988fe7e48dd323789b88ee3,c555eab45d08845ae9f10d452a99bfcb06f74a50b988fe7e48dd323789b88ee3,1,1,Nintendo LZ10,Nintendo LZ10
"포켓몬스터 하트골드 (Korea, IPKK, header ROM version 0)","포켓몬스터 소울실버 (Korea, IPGK, header ROM version 0)",/a/0/0/5,equal,687,687,,,c555eab45d08845ae9f10d452a99bfcb06f74a50b988fe7e48dd323789b88ee3,c555eab45d08845ae9f10d452a99bfcb06f74a50b988fe7e48dd323789b88ee3,1,1,Nintendo LZ10,Nintendo LZ10
"포켓몬스터 하트골드 (Korea, IPKK, header ROM version 0)","포켓몬스터 소울실버 (Korea, IPGK, header ROM version 0)",/a/0/0/5,equal,688,688,,,beead77994cf573341ec17b58bbf7eb34d2711c993c1d976b128b3188dc1829a,beead77994cf573341ec17b58bbf7eb34d2711c993c1d976b128b3188dc1829a,1,1,,
"포켓몬스터 하트골드 (Korea, IPKK, header ROM version 0)","포켓몬스터 소울실버 (Korea, IPGK, header ROM version 0)",/a/0/0/5,equal,689,689,,,beead77994cf573341ec17b58bbf7eb34d2711c993c1d976b128b3188dc1829a,beead77994cf573341ec17b58bbf7eb34d2711c993c1d976b128b3188dc1829a,1,1,,
"포켓몬스터 하트골드 (Korea, IPKK, header ROM version 0)","포켓몬스터 소울실버 (Korea, IPGK, header ROM version 0)",/a/0/0/5,equal,690,690,,,7cb7c4547cf2653590d7a9ace60cc623d25148adfbc88a89aeb0ef88da7839ba,7cb7c4547cf2653590d7a9ace60cc623d25148adfbc88a89aeb0ef88da7839ba,1,1,,
"포켓몬스터 하트골드 (Korea, IPKK, header ROM version 0)","포켓몬스터 소울실버 (Korea, IPGK, header ROM version 0)",/a/0/0/5,equal,691,691,,,7cb7c4547cf2653590d7a9ace60cc623d25148adfbc88a89aeb0ef88da7839ba,7cb7c4547cf2653590d7a9ace60cc623d25148adfbc88a89aeb0ef88da7839ba,1,1,,
"포켓몬스터 하트골드 (Korea, IPKK, header ROM version 0)","포켓몬스터 소울실버 (Korea, IPGK, header ROM version 0)",/a/0/0/5,equal,692,692,,,01ba4719c80b6fe911b091a7c05124b64eeece964e09c058ef8f9805daca546b,01ba4719c80b6fe911b091a7c05124b64eeece964e09c058ef8f9805daca546b,1,1,,
"포켓몬스터 하트골드 (Korea, IPKK, header ROM version 0)","포켓몬스터 소울실버 (Korea, IPGK, header ROM version 0)",/a/0/0/5,equal,693,693,,,01ba4719c80b6fe911b091a7c05124b64eeece964e09c058ef8f9805daca546b,01ba4719c80b6fe911b091a7c05124b64eeece964e09c058ef8f9805daca546b,1,1,,
"포켓몬스터 하트골드 (Korea, IPKK, header ROM version 0)","포켓몬스터 소울실버 (Korea, IPGK, header ROM version 0)",/a/0/0/5,equal,694,694,,,77adfc95029e73b173f60e556f915b0cd8850848111358b1c370fb7c154e61fd,77adfc95029e73b173f60e556f915b0cd8850848111358b1c370fb7c154e61fd,1,1,,
"포켓몬스터 하트골드 (Korea, IPKK, header ROM version 0)","포켓몬스터 소울실버 (Korea, IPGK, header ROM version 0)",/a/0/0/5,equal,695,695,,,77adfc95029e73b173f60e556f915b0cd8850848111358b1c370fb7c154e61fd,77adfc95029e73b173f60e556f915b0cd8850848111358b1c370fb7c154e61fd,1,1,,
"포켓몬스터 하트골드 (Korea, IPKK, header ROM version 0)","포켓몬스터 소울실버 (Korea, IPGK, header ROM version 0)",/a/0/0/5,equal,696,696,,,c555eab45d08845ae9f10d452a99bfcb06f74a50b988fe7e48dd323789b88ee3,c555eab45d08845ae9f10d452a99bfcb06f74a50b988fe7e48dd323789b88ee3,1,1,Nintendo LZ10,Nintendo LZ10
"포켓몬스터 하트골드 (Korea, IPKK, header ROM version 0)","포켓몬스터 소울실버 (Korea, IPGK, header ROM version 0)",/a/0/0/5,equal,697,697,,,c555eab45d08845ae9f10d452a99bfcb06f74a50b988fe7e48dd323789b88ee3,c555eab45d08845ae9f10d452a99bfcb06f74a50b988fe7e48dd323789b88ee3,1,1,Nintendo LZ10,Nintendo LZ10
"포켓몬스터 하트골드 (Korea, IPKK, header ROM version 0)","포켓몬스터 소울실버 (Korea, IPGK, header ROM version 0)",/a/0/0/5,equal,698,698,,,68aa2e2ee5dff96e3355e6c7ee373e3d6a4e17f75f9518d843709c0c9bc3e3d4,68aa2e2ee5dff96e3355e6c7ee373e3d6a4e17f75f9518d843709c0c9bc3e3d4,1,1,,
"포켓몬스터 하트골드 (Korea, IPKK, header ROM version 0)","포켓몬스터 소울실버 (Korea, IPGK, header ROM version 0)",/a/0/0/5,equal,699,699,,,68aa2e2ee5dff96e3355e6c7ee373e3d6a4e17f75f9518d843709c0c9bc3e3d4,68aa2e2ee5dff96e3355e6c7ee373e3d6a4e17f75f9518d843709c0c9bc3e3d4,1,1,,
"포켓몬스터 하트골드 (Korea, IPKK, header ROM version 0)","포켓몬스터 소울실버 (Korea, IPGK, header ROM version 0)",/a/0/0/5,equal,700,700,,,c555eab45d08845ae9f10d452a99bfcb06f74a50b988fe7e48dd323789b88ee3,c555eab45d08845ae9f10d452a99bfcb06f74a50b988fe7e48dd323789b88ee3,1,1,Nintendo LZ10,Nintendo LZ10
"포켓몬스터 하트골드 (Korea, IPKK, header ROM version 0)","포켓몬스터 소울실버 (Korea, IPGK, header ROM version 0)",/a/0/0/5,equal,701,701,,,c555eab45d08845ae9f10d452a99bfcb06f74a50b988fe7e48dd323789b88ee3,c555eab45d08845ae9f10d452a99bfcb06f74a50b988fe7e48dd323789b88ee3,1,1,Nintendo LZ10,Nintendo LZ10
"포켓몬스터 하트골드 (Korea, IPKK, header ROM version 0)","포켓몬스터 소울실버 (Korea, IPGK, header ROM version 0)",/a/0/0/5,equal,702,702,,,bd4fc42a21f1f860a1030e6eba23d53ecab71bd19297ab6c074381d4ecee0018,bd4fc42a21f1f860a1030e6eba23d53ecab71bd19297ab6c074381d4ecee0018,1,1,,
"포켓몬스터 하트골드 (Korea, IPKK, header ROM version 0)","포켓몬스터 소울실버 (Korea, IPGK, header ROM version 0)",/a/0/0/5,equal,703,703,,,bd4fc42a21f1f860a1030e6eba23d53ecab71bd19297ab6c074381d4ecee0018,bd4fc42a21f1f860a1030e6eba23d53ecab71bd19297ab6c074381d4ecee0018,1,1,,
"포켓몬스터 하트골드 (Korea, IPKK, header ROM version 0)","포켓몬스터 소울실버 (Korea, IPGK, header ROM version 0)",/a/0/0/5,equal,704,704,,,beead77994cf573341ec17b58bbf7eb34d2711c993c1d976b128b3188dc1829a,beead77994cf573341ec17b58bbf7eb34d2711c993c1d976b128b3188dc1829a,1,1,,
"포켓몬스터 하트골드 (Korea, IPKK, header ROM version 0)","포켓몬스터 소울실버 (Korea, IPGK, header ROM version 0)",/a/0/0/5,equal,705,705,,,beead77994cf573341ec17b58bbf7eb34d2711c993c1d976b128b3188dc1829a,beead77994cf573341ec17b58bbf7eb34d2711c993c1d976b128b3188dc1829a,1,1,,
"포켓몬스터 하트골드 (Korea, IPKK, header ROM version 0)","포켓몬스터 소울실버 (Korea, IPGK, header ROM version 0)",/a/0/0/5,equal,706,706,,,ab897fbdedfa502b2d839b6a56100887dccdc507555c282e59589e06300a62e2,ab897fbdedfa502b2d839b6a56100887dccdc507555c282e59589e06300a62e2,1,1,,
"포켓몬스터 하트골드 (Korea, IPKK, header ROM version 0)","포켓몬스터 소울실버 (Korea, IPGK, header ROM version 0)",/a/0/0/5,equal,707,707,,,ab897fbdedfa502b2d839b6a56100887dccdc507555c282e59589e06300a62e2,ab897fbdedfa502b2d839b6a56100887dccdc507555c282e59589e06300a62e2,1,1,,
"포켓몬스터 하트골드 (Korea, IPKK, header ROM version 0)","포켓몬스터 소울실버 (Korea, IPGK, header ROM version 0)",/a/0/0/5,equal,708,708,,,ab897fbdedfa502b2d839b6a56100887dccdc507555c282e59589e06300a62e2,ab897fbdedfa502b2d839b6a56100887dccdc507555c282e59589e06300a62e2,1,1,,
"포켓몬스터 하트골드 (Korea, IPKK, header ROM version 0)","포켓몬스터 소울실버 (Korea, IPGK, header ROM version 0)",/a/0/0/5,equal,709,709,,,ab897fbdedfa502b2d839b6a56100887dccdc507555c282e59589e06300a62e2,ab897fbdedfa502b2d839b6a56100887dccdc507555c282e59589e06300a62e2,1,1,,
"포켓몬스터 하트골드 (Korea, IPKK, header ROM version 0)","포켓몬스터 소울실버 (Korea, IPGK, header ROM version 0)",/a/0/0/5,equal,710,710,,,58f7b0780592032e4d8602a3e8690fb2c701b2e1dd546e703445aabd6469734d,58f7b0780592032e4d8602a3e8690fb2c701b2e1dd546e703445aabd6469734d,1,1,,
"포켓몬스터 하트골드 (Korea, IPKK, header ROM version 0)","포켓몬스터 소울실버 (Korea, IPGK, header ROM version 0)",/a/0/0/5,equal,711,711,,,58f7b0780592032e4d8602a3e8690fb2c701b2e1dd546e703445aabd6469734d,58f7b0780592032e4d8602a3e8690fb2c701b2e1dd546e703445aabd6469734d,1,1,,
"포켓몬스터 하트골드 (Korea, IPKK, header ROM version 0)","포켓몬스터 소울실버 (Korea, IPGK, header ROM version 0)",/a/0/0/5,equal,712,712,,,beead77994cf573341ec17b58bbf7eb34d2711c993c1d976b128b3188dc1829a,beead77994cf573341ec17b58bbf7eb34d2711c993c1d976b128b3188dc1829a,1,1,,
"포켓몬스터 하트골드 (Korea, IPKK, header ROM version 0)","포켓몬스터 소울실버 (Korea, IPGK, header ROM version 0)",/a/0/0/5,equal,713,713,,,beead77994cf573341ec17b58bbf7eb34d2711c993c1d976b128b3188dc1829a,beead77994cf573341ec17b58bbf7eb34d2711c993c1d976b128b3188dc1829a,1,1,,
"포켓몬스터 하트골드 (Korea, IPKK, header ROM version 0)","포켓몬스터 소울실버 (Korea, IPGK, header ROM version 0)",/a/0/0/5,equal,714,714,,,ef6cbd2161eaea7943ce8693b9824d23d1793ffb1c0fca05b600d3899b44c977,ef6cbd2161eaea7943ce8693b9824d23d1793ffb1c0fca05b600d3899b44c977,1,1,,
"포켓몬스터 하트골드 (Korea, IPKK, header ROM version 0)","포켓몬스터 소울실버 (Korea, IPGK, header ROM version 0)",/a/0/0/5,equal,715,715,,,ef6cbd2161eaea7943ce8693b9824d23d1793ffb1c0fca05b600d3899b44c977,ef6cbd2161eaea7943ce8693b9824d23d1793ffb1c0fca05b600d3899b44c977,1,1,,
"포켓몬스터 하트골드 (Korea, IPKK, header ROM version 0)","포켓몬스터 소울실버 (Korea, IPGK, header ROM version 0)",/a/0/0/5,equal,716,716,,,ca358758f6d27e6cf45272937977a748fd88391db679ceda7dc7bf1f005ee879,ca358758f6d27e6cf45272937977a748fd88391db679ceda7dc7bf1f005ee879,1,1,,
"포켓몬스터 하트골드 (Korea, IPKK, header ROM version 0)","포켓몬스터 소울실버 (Korea, IPGK, header ROM version 0)",/a/0/0/5,equal,717,717,,,ca358758f6d27e6cf45272937977a748fd88391db679ceda7dc7bf1f005ee879,ca358758f6d27e6cf45272937977a748fd88391db679ceda7dc7bf1f005ee879,1,1,,
"포켓몬스터 하트골드 (Korea, IPKK, header ROM version 0)","포켓몬스터 소울실버 (Korea, IPGK, header ROM version 0)",/a/0/0/5,equal,718,718,,,ab897fbdedfa502b2d839b6a56100887dccdc507555c282e59589e06300a62e2,ab897fbdedfa502b2d839b6a56100887dccdc507555c282e59589e06300a62e2,1,1,,
"포켓몬스터 하트골드 (Korea, IPKK, header ROM version 0)","포켓몬스터 소울실버 (Korea, IPGK, header ROM version 0)",/a/0/0/5,equal,719,719,,,ab897fbdedfa502b2d839b6a56100887dccdc507555c282e59589e06300a62e2,ab897fbdedfa502b2d839b6a56100887dccdc507555c282e59589e06300a62e2,1,1,,
"포켓몬스터 하트골드 (Korea, IPKK, header ROM version 0)","포켓몬스터 소울실버 (Korea, IPGK, header ROM version 0)",/a/0/0/5,equal,720,720,,,2b4c342f5433ebe591a1da77e013d1b72475562d48578dca8b84bac6651c3cb9,2b4c342f5433ebe591a1da77e013d1b72475562d48578dca8b84bac6651c3cb9,1,1,,
"포켓몬스터 하트골드 (Korea, IPKK, header ROM version 0)","포켓몬스터 소울실버 (Korea, IPGK, header ROM version 0)",/a/0/0/5,equal,721,721,,,2b4c342f5433ebe591a1da77e013d1b72475562d48578dca8b84bac6651c3cb9,2b4c342f5433ebe591a1da77e013d1b72475562d48578dca8b84bac6651c3cb9,1,1,,
"포켓몬스터 하트골드 (Korea, IPKK, header ROM version 0)","포켓몬스터 소울실버 (Korea, IPGK, header ROM version 0)",/a/0/0/5,equal,722,722,,,ab897fbdedfa502b2d839b6a56100887dccdc507555c282e59589e06300a62e2,ab897fbdedfa502b2d839b6a56100887dccdc507555c282e59589e06300a62e2,1,1,,
"포켓몬스터 하트골드 (Korea, IPKK, header ROM version 0)","포켓몬스터 소울실버 (Korea, IPGK, header ROM version 0)",/a/0/0/5,equal,723,723,,,ab897fbdedfa502b2d839b6a56100887dccdc507555c282e59589e06300a62e2,ab897fbdedfa502b2d839b6a56100887dccdc507555c282e59589e06300a62e2,1,1,,
"포켓몬스터 하트골드 (Korea, IPKK, header ROM version 0)","포켓몬스터 소울실버 (Korea, IPGK, header ROM version 0)",/a/0/0/5,equal,724,724,,,e52d9c508c502347344d8c07ad91cbd6068afc75ff6292f062a09ca381c89e71,e52d9c508c502347344d8c07ad91cbd6068afc75ff6292f062a09ca381c89e71,1,1,,
"포켓몬스터 하트골드 (Korea, IPKK, header ROM version 0)","포켓몬스터 소울실버 (Korea, IPGK, header ROM version 0)",/a/0/0/5,equal,725,725,,,e52d9c508c502347344d8c07ad91cbd6068afc75ff6292f062a09ca381c89e71,e52d9c508c502347344d8c07ad91cbd6068afc75ff6292f062a09ca381c89e71,1,1,,
"포켓몬스터 하트골드 (Korea, IPKK, header ROM version 0)","포켓몬스터 소울실버 (Korea, IPGK, header ROM version 0)",/a/0/0/5,equal,726,726,,,beead77994cf573341ec17b58bbf7eb34d2711c993c1d976b128b3188dc1829a,beead77994cf573341ec17b58bbf7eb34d2711c993c1d976b128b3188dc1829a,1,1,,
"포켓몬스터 하트골드 (Korea, IPKK, header ROM version 0)","포켓몬스터 소울실버 (Korea, IPGK, header ROM version 0)",/a/0/0/5,equal,727,727,,,beead77994cf573341ec17b58bbf7eb34d2711c993c1d976b128b3188dc1829a,beead77994cf573341ec17b58bbf7eb34d2711c993c1d976b128b3188dc1829a,1,1,,
"포켓몬스터 하트골드 (Korea, IPKK, header ROM version 0)","포켓몬스터 소울실버 (Korea, IPGK, header ROM version 0)",/a/0/0/5,equal,728,728,,,dc0e9c3658a1a3ed1ec94274d8b19925c93e1abb7ddba294923ad9bde30f8cb8,dc0e9c3658a1a3ed1ec94274d8b19925c93e1abb7ddba294923ad9bde30f8cb8,1,1,,
"포켓몬스터 하트골드 (Korea, IPKK, header ROM version 0)","포켓몬스터 소울실버 (Korea, IPGK, header ROM version 0)",/a/0/0/5,equal,729,729,,,dc0e9c3658a1a3ed1ec94274d8b19925c93e1abb7ddba294923ad9bde30f8cb8,dc0e9c3658a1a3ed1ec94274d8b19925c93e1abb7ddba294923ad9bde30f8cb8,1,1,,
"포켓몬스터 하트골드 (Korea, IPKK, header ROM version 0)","포켓몬스터 소울실버 (Korea, IPGK, header ROM version 0)",/a/0/0/5,equal,730,730,,,7cb7c4547cf2653590d7a9ace60cc623d25148adfbc88a89aeb0ef88da7839ba,7cb7c4547cf2653590d7a9ace60cc623d25148adfbc88a89aeb0ef88da7839ba,1,1,,
"포켓몬스터 하트골드 (Korea, IPKK, header ROM version 0)","포켓몬스터 소울실버 (Korea, IPGK, header ROM version 0)",/a/0/0/5,equal,731,731,,,7cb7c4547cf2653590d7a9ace60cc623d25148adfbc88a89aeb0ef88da7839ba,7cb7c4547cf2653590d7a9ace60cc623d25148adfbc88a89aeb0ef88da7839ba,1,1,,
"포켓몬스터 하트골드 (Korea, IPKK, header ROM version 0)","포켓몬스터 소울실버 (Korea, IPGK, header ROM version 0)",/a/0/0/5,equal,732,732,,,c555eab45d08845ae9f10d452a99bfcb06f74a50b988fe7e48dd323789b88ee3,c555eab45d08845ae9f10d452a99bfcb06f74a50b988fe7e48dd323789b88ee3,1,1,Nintendo LZ10,Nintendo LZ10
"포켓몬스터 하트골드 (Korea, IPKK, header ROM version 0)","포켓몬스터 소울실버 (Korea, IPGK, header ROM version 0)",/a/0/0/5,equal,733,733,,,c555eab45d08845ae9f10d452a99bfcb06f74a50b988fe7e48dd323789b88ee3,c555eab45d08845ae9f10d452a99bfcb06f74a50b988fe7e48dd323789b88ee3,1,1,Nintendo LZ10,Nintendo LZ10
"포켓몬스터 하트골드 (Korea, IPKK, header ROM version 0)","포켓몬스터 소울실버 (Korea, IPGK, header ROM version 0)",/a/0/0/5,equal,734,734,,,8f11b05da785e43e713d03774c6bd3405d99cd3024af334ffd68db663aa37034,8f11b05da785e43e713d03774c6bd3405d99cd3024af334ffd68db663aa37034,1,1,,
"포켓몬스터 하트골드 (Korea, IPKK, header ROM version 0)","포켓몬스터 소울실버 (Korea, IPGK, header ROM version 0)",/a/0/0/5,equal,735,735,,,8f11b05da785e43e713d03774c6bd3405d99cd3024af334ffd68db663aa37034,8f11b05da785e43e713d03774c6bd3405d99cd3024af334ffd68db663aa37034,1,1,,
"포켓몬스터 하트골드 (Korea, IPKK, header ROM version 0)","포켓몬스터 소울실버 (Korea, IPGK, header ROM version 0)",/a/0/0/5,equal,736,736,,,6e340b9cffb37a989ca544e6bb780a2c78901d3fb33738768511a30617afa01d,6e340b9cffb37a989ca544e6bb780a2c78901d3fb33738768511a30617afa01d,1,1,,
"포켓몬스터 하트골드 (Korea, IPKK, header ROM version 0)","포켓몬스터 소울실버 (Korea, IPGK, header ROM version 0)",/a/0/0/5,equal,737,737,,,6e340b9cffb37a989ca544e6bb780a2c78901d3fb33738768511a30617afa01d,6e340b9cffb37a989ca544e6bb780a2c78901d3fb33738768511a30617afa01d,1,1,,
"포켓몬스터 하트골드 (Korea, IPKK, header ROM version 0)","포켓몬스터 소울실버 (Korea, IPGK, header ROM version 0)",/a/0/0/5,equal,738,738,,,e7cf46a078fed4fafd0b5e3aff144802b853f8ae459a4f0c14add3314b7cc3a6,e7cf46a078fed4fafd0b5e3aff144802b853f8ae459a4f0c14add3314b7cc3a6,1,1,,
"포켓몬스터 하트골드 (Korea, IPKK, header ROM version 0)","포켓몬스터 소울실버 (Korea, IPGK, header ROM version 0)",/a/0/0/5,equal,739,739,,,e7cf46a078fed4fafd0b5e3aff144802b853f8ae459a4f0c14add3314b7cc3a6,e7cf46a078fed4fafd0b5e3aff144802b853f8ae459a4f0c14add3314b7cc3a6,1,1,,
"포켓몬스터 하트골드 (Korea, IPKK, header ROM version 0)","포켓몬스터 소울실버 (Korea, IPGK, header ROM version 0)",/a/0/0/5,equal,740,740,,,67586e98fad27da0b9968bc039a1ef34c939b9b8e523a8bef89d478608c5ecf6,67586e98fad27da0b9968bc039a1ef34c939b9b8e523a8bef89d478608c5ecf6,1,1,,
"포켓몬스터 하트골드 (Korea, IPKK, header ROM version 0)","포켓몬스터 소울실버 (Korea, IPGK, header ROM version 0)",/a/0/0/5,equal,741,741,,,67586e98fad27da0b9968bc039a1ef34c939b9b8e523a8bef89d478608c5ecf6,67586e98fad27da0b9968bc039a1ef34c939b9b8e523a8bef89d478608c5ecf6,1,1,,
"포켓몬스터 하트골드 (Korea, IPKK, header ROM version 0)","포켓몬스터 소울실버 (Korea, IPGK, header ROM version 0)",/a/0/0/5,equal,742,742,,,dc0e9c3658a1a3ed1ec94274d8b19925c93e1abb7ddba294923ad9bde30f8cb8,dc0e9c3658a1a3ed1ec94274d8b19925c93e1abb7ddba294923ad9bde30f8cb8,1,1,,
"포켓몬스터 하트골드 (Korea, IPKK, header ROM version 0)","포켓몬스터 소울실버 (Korea, IPGK, header ROM version 0)",/a/0/0/5,equal,743,743,,,dc0e9c3658a1a3ed1ec94274d8b19925c93e1abb7ddba294923ad9bde30f8cb8,dc0e9c3658a1a3ed1ec94274d8b19925c93e1abb7ddba294923ad9bde30f8cb8,1,1,,
"포켓몬스터 하트골드 (Korea, IPKK, header ROM version 0)","포켓몬스터 소울실버 (Korea, IPGK, header ROM version 0)",/a/0/0/5,equal,744,744,,,67586e98fad27da0b9968bc039a1ef34c939b9b8e523a8bef89d478608c5ecf6,67586e98fad27da0b9968bc039a1ef34c939b9b8e523a8bef89d478608c5ecf6,1,1,,
"포켓몬스터 하트골드 (Korea, IPKK, header ROM version 0)","포켓몬스터 소울실버 (Korea, IPGK, header ROM version 0)",/a/0/0/5,equal,745,745,,,67586e98fad27da0b9968bc039a1ef34c939b9b8e523a8bef89d478608c5ecf6,67586e98fad27da0b9968bc039a1ef34c939b9b8e523a8bef89d478608c5ecf6,1,1,,
"포켓몬스터 하트골드 (Korea, IPKK, header ROM version 0)","포켓몬스터 소울실버 (Korea, IPGK, header ROM version 0)",/a/0/0/5,equal,746,746,,,ef6cbd2161eaea7943ce8693b9824d23d1793ffb1c0fca05b600d3899b44c977,ef6cbd2161eaea7943ce8693b9824d23d1793ffb1c0fca05b600d3899b44c977,1,1,,
"포켓몬스터 하트골드 (Korea, IPKK, header ROM version 0)","포켓몬스터 소울실버 (Korea, IPGK, header ROM version 0)",/a/0/0/5,equal,747,747,,,ef6cbd2161eaea7943ce8693b9824d23d1793ffb1c0fca05b600d3899b44c977,ef6cbd2161eaea7943ce8693b9824d23d1793ffb1c0fca05b600d3899b44c977,1,1,,
"포켓몬스터 하트골드 (Korea, IPKK, header ROM version 0)","포켓몬스터 소울실버 (Korea, IPGK, header ROM version 0)",/a/0/0/5,equal,748,748,,,01ba4719c80b6fe911b091a7c05124b64eeece964e09c058ef8f9805daca546b,01ba4719c80b6fe911b091a7c05124b64eeece964e09c058ef8f9805daca546b,1,1,,
"포켓몬스터 하트골드 (Korea, IPKK, header ROM version 0)","포켓몬스터 소울실버 (Korea, IPGK, header ROM version 0)",/a/0/0/5,equal,749,749,,,01ba4719c80b6fe911b091a7c05124b64eeece964e09c058ef8f9805daca546b,01ba4719c80b6fe911b091a7c05124b64eeece964e09c058ef8f9805daca546b,1,1,,
"포켓몬스터 하트골드 (Korea, IPKK, header ROM version 0)","포켓몬스터 소울실버 (Korea, IPGK, header ROM version 0)",/a/0/0/5,equal,750,750,,,f299791cddd3d6664f6670842812ef6053eb6501bd6282a476bbbf3ee91e750c,f299791cddd3d6664f6670842812ef6053eb6501bd6282a476bbbf3ee91e750c,1,1,,
"포켓몬스터 하트골드 (Korea, IPKK, header ROM version 0)","포켓몬스터 소울실버 (Korea, IPGK, header ROM version 0)",/a/0/0/5,equal,751,751,,,f299791cddd3d6664f6670842812ef6053eb6501bd6282a476bbbf3ee91e750c,f299791cddd3d6664f6670842812ef6053eb6501bd6282a476bbbf3ee91e750c,1,1,,
"포켓몬스터 하트골드 (Korea, IPKK, header ROM version 0)","포켓몬스터 소울실버 (Korea, IPGK, header ROM version 0)",/a/0/0/5,equal,752,752,,,e52d9c508c502347344d8c07ad91cbd6068afc75ff6292f062a09ca381c89e71,e52d9c508c502347344d8c07ad91cbd6068afc75ff6292f062a09ca381c89e71,1,1,,
"포켓몬스터 하트골드 (Korea, IPKK, header ROM version 0)","포켓몬스터 소울실버 (Korea, IPGK, header ROM version 0)",/a/0/0/5,equal,753,753,,,e52d9c508c502347344d8c07ad91cbd6068afc75ff6292f062a09ca381c89e71,e52d9c508c502347344d8c07ad91cbd6068afc75ff6292f062a09ca381c89e71,1,1,,
"포켓몬스터 하트골드 (Korea, IPKK, header ROM version 0)","포켓몬스터 소울실버 (Korea, IPGK, header ROM version 0)",/a/0/0/5,equal,754,754,,,452ba1ddef80246c48be7690193c76c1d61185906be9401014fe14f1be64b74f,452ba1ddef80246c48be7690193c76c1d61185906be9401014fe14f1be64b74f,1,1,,
"포켓몬스터 하트골드 (Korea, IPKK, header ROM version 0)","포켓몬스터 소울실버 (Korea, IPGK, header ROM version 0)",/a/0/0/5,equal,755,755,,,452ba1ddef80246c48be7690193c76c1d61185906be9401014fe14f1be64b74f,452ba1ddef80246c48be7690193c76c1d61185906be9401014fe14f1be64b74f,1,1,,
"포켓몬스터 하트골드 (Korea, IPKK, header ROM version 0)","포켓몬스터 소울실버 (Korea, IPGK, header ROM version 0)",/a/0/0/5,equal,756,756,,,e52d9c508c502347344d8c07ad91cbd6068afc75ff6292f062a09ca381c89e71,e52d9c508c502347344d8c07ad91cbd6068afc75ff6292f062a09ca381c89e71,1,1,,
"포켓몬스터 하트골드 (Korea, IPKK, header ROM version 0)","포켓몬스터 소울실버 (Korea, IPGK, header ROM version 0)",/a/0/0/5,equal,757,757,,,e52d9c508c502347344d8c07ad91cbd6068afc75ff6292f062a09ca381c89e71,e52d9c508c502347344d8c07ad91cbd6068afc75ff6292f062a09ca381c89e71,1,1,,
"포켓몬스터 하트골드 (Korea, IPKK, header ROM version 0)","포켓몬스터 소울실버 (Korea, IPGK, header ROM version 0)",/a/0/0/5,equal,758,758,,,9d1e0e2d9459d06523ad13e28a4093c2316baafe7aec5b25f30eba2e113599c4,9d1e0e2d9459d06523ad13e28a4093c2316baafe7aec5b25f30eba2e113599c4,1,1,,
"포켓몬스터 하트골드 (Korea, IPKK, header ROM version 0)","포켓몬스터 소울실버 (Korea, IPGK, header ROM version 0)",/a/0/0/5,equal,759,759,,,9d1e0e2d9459d06523ad13e28a4093c2316baafe7aec5b25f30eba2e113599c4,9d1e0e2d9459d06523ad13e28a4093c2316baafe7aec5b25f30eba2e113599c4,1,1,,
"포켓몬스터 하트골드 (Korea, IPKK, header ROM version 0)","포켓몬스터 소울실버 (Korea, IPGK, header ROM version 0)",/a/0/0/5,equal,760,760,,,e52d9c508c502347344d8c07ad91cbd6068afc75ff6292f062a09ca381c89e71,e52d9c508c502347344d8c07ad91cbd6068afc75ff6292f062a09ca381c89e71,1,1,,
"포켓몬스터 하트골드 (Korea, IPKK, header ROM version 0)","포켓몬스터 소울실버 (Korea, IPGK, header ROM version 0)",/a/0/0/5,equal,761,761,,,e52d9c508c502347344d8c07ad91cbd6068afc75ff6292f062a09ca381c89e71,e52d9c508c502347344d8c07ad91cbd6068afc75ff6292f062a09ca381c89e71,1,1,,
"포켓몬스터 하트골드 (Korea, IPKK, header ROM version 0)","포켓몬스터 소울실버 (Korea, IPGK, header ROM version 0)",/a/0/0/5,equal,762,762,,,ef6cbd2161eaea7943ce8693b9824d23d1793ffb1c0fca05b600d3899b44c977,ef6cbd2161eaea7943ce8693b9824d23d1793ffb1c0fca05b600d3899b44c977,1,1,,
"포켓몬스터 하트골드 (Korea, IPKK, header ROM version 0)","포켓몬스터 소울실버 (Korea, IPGK, header ROM version 0)",/a/0/0/5,equal,763,763,,,ef6cbd2161eaea7943ce8693b9824d23d1793ffb1c0fca05b600d3899b44c977,ef6cbd2161eaea7943ce8693b9824d23d1793ffb1c0fca05b600d3899b44c977,1,1,,
"포켓몬스터 하트골드 (Korea, IPKK, header ROM version 0)","포켓몬스터 소울실버 (Korea, IPGK, header ROM version 0)",/a/0/0/5,equal,764,764,,,9d1e0e2d9459d06523ad13e28a4093c2316baafe7aec5b25f30eba2e113599c4,9d1e0e2d9459d06523ad13e28a4093c2316baafe7aec5b25f30eba2e113599c4,1,1,,
"포켓몬스터 하트골드 (Korea, IPKK, header ROM version 0)","포켓몬스터 소울실버 (Korea, IPGK, header ROM version 0)",/a/0/0/5,equal,765,765,,,9d1e0e2d9459d06523ad13e28a4093c2316baafe7aec5b25f30eba2e113599c4,9d1e0e2d9459d06523ad13e28a4093c2316baafe7aec5b25f30eba2e113599c4,1,1,,
"포켓몬스터 하트골드 (Korea, IPKK, header ROM version 0)","포켓몬스터 소울실버 (Korea, IPGK, header ROM version 0)",/a/0/0/5,equal,766,766,,,452ba1ddef80246c48be7690193c76c1d61185906be9401014fe14f1be64b74f,452ba1ddef80246c48be7690193c76c1d61185906be9401014fe14f1be64b74f,1,1,,
"포켓몬스터 하트골드 (Korea, IPKK, header ROM version 0)","포켓몬스터 소울실버 (Korea, IPGK, header ROM version 0)",/a/0/0/5,equal,767,767,,,452ba1ddef80246c48be7690193c76c1d61185906be9401014fe14f1be64b74f,452ba1ddef80246c48be7690193c76c1d61185906be9401014fe14f1be64b74f,1,1,,
"포켓몬스터 하트골드 (Korea, IPKK, header ROM version 0)","포켓몬스터 소울실버 (Korea, IPGK, header ROM version 0)",/a/0/0/5,equal,768,768,,,2b4c342f5433ebe591a1da77e013d1b72475562d48578dca8b84bac6651c3cb9,2b4c342f5433ebe591a1da77e013d1b72475562d48578dca8b84bac6651c3cb9,1,1,,
"포켓몬스터 하트골드 (Korea, IPKK, header ROM version 0)","포켓몬스터 소울실버 (Korea, IPGK, header ROM version 0)",/a/0/0/5,equal,769,769,,,2b4c342f5433ebe591a1da77e013d1b72475562d48578dca8b84bac6651c3cb9,2b4c342f5433ebe591a1da77e013d1b72475562d48578dca8b84bac6651c3cb9,1,1,,
"포켓몬스터 하트골드 (Korea, IPKK, header ROM version 0)","포켓몬스터 소울실버 (Korea, IPGK, header ROM version 0)",/a/0/0/5,equal,770,770,,,c555eab45d08845ae9f10d452a99bfcb06f74a50b988fe7e48dd323789b88ee3,c555eab45d08845ae9f10d452a99bfcb06f74a50b988fe7e48dd323789b88ee3,1,1,Nintendo LZ10,Nintendo LZ10
"포켓몬스터 하트골드 (Korea, IPKK, header ROM version 0)","포켓몬스터 소울실버 (Korea, IPGK, header ROM version 0)",/a/0/0/5,equal,771,771,,,c555eab45d08845ae9f10d452a99bfcb06f74a50b988fe7e48dd323789b88ee3,c555eab45d08845ae9f10d452a99bfcb06f74a50b988fe7e48dd323789b88ee3,1,1,Nintendo LZ10,Nintendo LZ10
"포켓몬스터 하트골드 (Korea, IPKK, header ROM version 0)","포켓몬스터 소울실버 (Korea, IPGK, header ROM version 0)",/a/0/0/5,equal,772,772,,,6e340b9cffb37a989ca544e6bb780a2c78901d3fb33738768511a30617afa01d,6e340b9cffb37a989ca544e6bb780a2c78901d3fb33738768511a30617afa01d,1,1,,
"포켓몬스터 하트골드 (Korea, IPKK, header ROM version 0)","포켓몬스터 소울실버 (Korea, IPGK, header ROM version 0)",/a/0/0/5,equal,773,773,,,6e340b9cffb37a989ca544e6bb780a2c78901d3fb33738768511a30617afa01d,6e340b9cffb37a989ca544e6bb780a2c78901d3fb33738768511a30617afa01d,1,1,,
"포켓몬스터 하트골드 (Korea, IPKK, header ROM version 0)","포켓몬스터 소울실버 (Korea, IPGK, header ROM version 0)",/a/0/0/5,equal,774,774,,,ab897fbdedfa502b2d839b6a56100887dccdc507555c282e59589e06300a62e2,ab897fbdedfa502b2d839b6a56100887dccdc507555c282e59589e06300a62e2,1,1,,
"포켓몬스터 하트골드 (Korea, IPKK, header ROM version 0)","포켓몬스터 소울실버 (Korea, IPGK, header ROM version 0)",/a/0/0/5,equal,775,775,,,ab897fbdedfa502b2d839b6a56100887dccdc507555c282e59589e06300a62e2,ab897fbdedfa502b2d839b6a56100887dccdc507555c282e59589e06300a62e2,1,1,,
"포켓몬스터 하트골드 (Korea, IPKK, header ROM version 0)","포켓몬스터 소울실버 (Korea, IPGK, header ROM version 0)",/a/0/0/5,equal,776,776,,,c555eab45d08845ae9f10d452a99bfcb06f74a50b988fe7e48dd323789b88ee3,c555eab45d08845ae9f10d452a99bfcb06f74a50b988fe7e48dd323789b88ee3,1,1,Nintendo LZ10,Nintendo LZ10
"포켓몬스터 하트골드 (Korea, IPKK, header ROM version 0)","포켓몬스터 소울실버 (Korea, IPGK, header ROM version 0)",/a/0/0/5,equal,777,777,,,c555eab45d08845ae9f10d452a99bfcb06f74a50b988fe7e48dd323789b88ee3,c555eab45d08845ae9f10d452a99bfcb06f74a50b988fe7e48dd323789b88ee3,1,1,Nintendo LZ10,Nintendo LZ10
"포켓몬스터 하트골드 (Korea, IPKK, header ROM version 0)","포켓몬스터 소울실버 (Korea, IPGK, header ROM version 0)",/a/0/0/5,equal,778,778,,,68aa2e2ee5dff96e3355e6c7ee373e3d6a4e17f75f9518d843709c0c9bc3e3d4,68aa2e2ee5dff96e3355e6c7ee373e3d6a4e17f75f9518d843709c0c9bc3e3d4,1,1,,
"포켓몬스터 하트골드 (Korea, IPKK, header ROM version 0)","포켓몬스터 소울실버 (Korea, IPGK, header ROM version 0)",/a/0/0/5,equal,779,779,,,68aa2e2ee5dff96e3355e6c7ee373e3d6a4e17f75f9518d843709c0c9bc3e3d4,68aa2e2ee5dff96e3355e6c7ee373e3d6a4e17f75f9518d843709c0c9bc3e3d4,1,1,,
"포켓몬스터 하트골드 (Korea, IPKK, header ROM version 0)","포켓몬스터 소울실버 (Korea, IPGK, header ROM version 0)",/a/0/0/5,equal,780,780,,,67586e98fad27da0b9968bc039a1ef34c939b9b8e523a8bef89d478608c5ecf6,67586e98fad27da0b9968bc039a1ef34c939b9b8e523a8bef89d478608c5ecf6,1,1,,
"포켓몬스터 하트골드 (Korea, IPKK, header ROM version 0)","포켓몬스터 소울실버 (Korea, IPGK, header ROM version 0)",/a/0/0/5,equal,781,781,,,67586e98fad27da0b9968bc039a1ef34c939b9b8e523a8bef89d478608c5ecf6,67586e98fad27da0b9968bc039a1ef34c939b9b8e523a8bef89d478608c5ecf6,1,1,,
"포켓몬스터 하트골드 (Korea, IPKK, header ROM version 0)","포켓몬스터 소울실버 (Korea, IPGK, header ROM version 0)",/a/0/0/5,equal,782,782,,,4d7b3ef7300acf70c892d8327db8272f54434adbc61a4e130a563cb59a0d0f47,4d7b3ef7300acf70c892d8327db8272f54434adbc61a4e130a563cb59a0d0f47,1,1,,
"포켓몬스터 하트골드 (Korea, IPKK, header ROM version 0)","포켓몬스터 소울실버 (Korea, IPGK, header ROM version 0)",/a/0/0/5,equal,783,783,,,4d7b3ef7300acf70c892d8327db8272f54434adbc61a4e130a563cb59a0d0f47,4d7b3ef7300acf70c892d8327db8272f54434adbc61a4e130a563cb59a0d0f47,1,1,,
"포켓몬스터 하트골드 (Korea, IPKK, header ROM version 0)","포켓몬스터 소울실버 (Korea, IPGK, header ROM version 0)",/a/0/0/5,equal,784,784,,,beead77994cf573341ec17b58bbf7eb34d2711c993c1d976b128b3188dc1829a,beead77994cf573341ec17b58bbf7eb34d2711c993c1d976b128b3188dc1829a,1,1,,
"포켓몬스터 하트골드 (Korea, IPKK, header ROM version 0)","포켓몬스터 소울실버 (Korea, IPGK, header ROM version 0)",/a/0/0/5,equal,785,785,,,beead77994cf573341ec17b58bbf7eb34d2711c993c1d976b128b3188dc1829a,beead77994cf573341ec17b58bbf7eb34d2711c993c1d976b128b3188dc1829a,1,1,,
"포켓몬스터 하트골드 (Korea, IPKK, header ROM version 0)","포켓몬스터 소울실버 (Korea, IPGK, header ROM version 0)",/a/0/0/5,equal,786,786,,,9d1e0e2d9459d06523ad13e28a4093c2316baafe7aec5b25f30eba2e113599c4,9d1e0e2d9459d06523ad13e28a4093c2316baafe7aec5b25f30eba2e113599c4,1,1,,
"포켓몬스터 하트골드 (Korea, IPKK, header ROM version 0)","포켓몬스터 소울실버 (Korea, IPGK, header ROM version 0)",/a/0/0/5,equal,787,787,,,9d1e0e2d9459d06523ad13e28a4093c2316baafe7aec5b25f30eba2e113599c4,9d1e0e2d9459d06523ad13e28a4093c2316baafe7aec5b25f30eba2e113599c4,1,1,,
"포켓몬스터 하트골드 (Korea, IPKK, header ROM version 0)","포켓몬스터 소울실버 (Korea, IPGK, header ROM version 0)",/a/0/0/5,equal,788,788,,,084fed08b978af4d7d196a7446a86b58009e636b611db16211b65a9aadff29c5,084fed08b978af4d7d196a7446a86b58009e636b611db16211b65a9aadff29c5,1,1,,
"포켓몬스터 하트골드 (Korea, IPKK, header ROM version 0)","포켓몬스터 소울실버 (Korea, IPGK, header ROM version 0)",/a/0/0/5,equal,789,789,,,084fed08b978af4d7d196a7446a86b58009e636b611db16211b65a9aadff29c5,084fed08b978af4d7d196a7446a86b58009e636b611db16211b65a9aadff29c5,1,1,,
"포켓몬스터 하트골드 (Korea, IPKK, header ROM version 0)","포켓몬스터 소울실버 (Korea, IPGK, header ROM version 0)",/a/0/0/5,equal,790,790,,,dc0e9c3658a1a3ed1ec94274d8b19925c93e1abb7ddba294923ad9bde30f8cb8,dc0e9c3658a1a3ed1ec94274d8b19925c93e1abb7ddba294923ad9bde30f8cb8,1,1,,
"포켓몬스터 하트골드 (Korea, IPKK, header ROM version 0)","포켓몬스터 소울실버 (Korea, IPGK, header ROM version 0)",/a/0/0/5,equal,791,791,,,dc0e9c3658a1a3ed1ec94274d8b19925c93e1abb7ddba294923ad9bde30f8cb8,dc0e9c3658a1a3ed1ec94274d8b19925c93e1abb7ddba294923ad9bde30f8cb8,1,1,,
"포켓몬스터 하트골드 (Korea, IPKK, header ROM version 0)","포켓몬스터 소울실버 (Korea, IPGK, header ROM version 0)",/a/0/0/5,equal,792,792,,,ef6cbd2161eaea7943ce8693b9824d23d1793ffb1c0fca05b600d3899b44c977,ef6cbd2161eaea7943ce8693b9824d23d1793ffb1c0fca05b600d3899b44c977,1,1,,
"포켓몬스터 하트골드 (Korea, IPKK, header ROM version 0)","포켓몬스터 소울실버 (Korea, IPGK, header ROM version 0)",/a/0/0/5,equal,793,793,,,ef6cbd2161eaea7943ce8693b9824d23d1793ffb1c0fca05b600d3899b44c977,ef6cbd2161eaea7943ce8693b9824d23d1793ffb1c0fca05b600d3899b44c977,1,1,,
"포켓몬스터 하트골드 (Korea, IPKK, header ROM version 0)","포켓몬스터 소울실버 (Korea, IPGK, header ROM version 0)",/a/0/0/5,equal,794,794,,,83891d7fe85c33e52c8b4e5814c92fb6a3b9467299200538a6babaa8b452d879,83891d7fe85c33e52c8b4e5814c92fb6a3b9467299200538a6babaa8b452d879,1,1,,
"포켓몬스터 하트골드 (Korea, IPKK, header ROM version 0)","포켓몬스터 소울실버 (Korea, IPGK, header ROM version 0)",/a/0/0/5,equal,795,795,,,83891d7fe85c33e52c8b4e5814c92fb6a3b9467299200538a6babaa8b452d879,83891d7fe85c33e52c8b4e5814c92fb6a3b9467299200538a6babaa8b452d879,1,1,,
"포켓몬스터 하트골드 (Korea, IPKK, header ROM version 0)","포켓몬스터 소울실버 (Korea, IPGK, header ROM version 0)",/a/0/0/5,equal,796,796,,,e52d9c508c502347344d8c07ad91cbd6068afc75ff6292f062a09ca381c89e71,e52d9c508c502347344d8c07ad91cbd6068afc75ff6292f062a09ca381c89e71,1,1,,
"포켓몬스터 하트골드 (Korea, IPKK, header ROM version 0)","포켓몬스터 소울실버 (Korea, IPGK, header ROM version 0)",/a/0/0/5,equal,797,797,,,e52d9c508c502347344d8c07ad91cbd6068afc75ff6292f062a09ca381c89e71,e52d9c508c502347344d8c07ad91cbd6068afc75ff6292f062a09ca381c89e71,1,1,,
"포켓몬스터 하트골드 (Korea, IPKK, header ROM version 0)","포켓몬스터 소울실버 (Korea, IPGK, header ROM version 0)",/a/0/0/5,equal,798,798,,,67586e98fad27da0b9968bc039a1ef34c939b9b8e523a8bef89d478608c5ecf6,67586e98fad27da0b9968bc039a1ef34c939b9b8e523a8bef89d478608c5ecf6,1,1,,
"포켓몬스터 하트골드 (Korea, IPKK, header ROM version 0)","포켓몬스터 소울실버 (Korea, IPGK, header ROM version 0)",/a/0/0/5,equal,799,799,,,67586e98fad27da0b9968bc039a1ef34c939b9b8e523a8bef89d478608c5ecf6,67586e98fad27da0b9968bc039a1ef34c939b9b8e523a8bef89d478608c5ecf6,1,1,,
"포켓몬스터 하트골드 (Korea, IPKK, header ROM version 0)","포켓몬스터 소울실버 (Korea, IPGK, header ROM version 0)",/a/0/0/5,equal,800,800,,,e7cf46a078fed4fafd0b5e3aff144802b853f8ae459a4f0c14add3314b7cc3a6,e7cf46a078fed4fafd0b5e3aff144802b853f8ae459a4f0c14add3314b7cc3a6,1,1,,
"포켓몬스터 하트골드 (Korea, IPKK, header ROM version 0)","포켓몬스터 소울실버 (Korea, IPGK, header ROM version 0)",/a/0/0/5,equal,801,801,,,e7cf46a078fed4fafd0b5e3aff144802b853f8ae459a4f0c14add3314b7cc3a6,e7cf46a078fed4fafd0b5e3aff144802b853f8ae459a4f0c14add3314b7cc3a6,1,1,,
"포켓몬스터 하트골드 (Korea, IPKK, header ROM version 0)","포켓몬스터 소울실버 (Korea, IPGK, header ROM version 0)",/a/0/0/5,equal,802,802,,,f299791cddd3d6664f6670842812ef6053eb6501bd6282a476bbbf3ee91e750c,f299791cddd3d6664f6670842812ef6053eb6501bd6282a476bbbf3ee91e750c,1,1,,
"포켓몬스터 하트골드 (Korea, IPKK, header ROM version 0)","포켓몬스터 소울실버 (Korea, IPGK, header ROM version 0)",/a/0/0/5,equal,803,803,,,f299791cddd3d6664f6670842812ef6053eb6501bd6282a476bbbf3ee91e750c,f299791cddd3d6664f6670842812ef6053eb6501bd6282a476bbbf3ee91e750c,1,1,,
"포켓몬스터 하트골드 (Korea, IPKK, header ROM version 0)","포켓몬스터 소울실버 (Korea, IPGK, header ROM version 0)",/a/0/0/5,equal,804,804,,,e3b0c44298fc1c149afbf4c8996fb92427ae41e4649b934ca495991b7852b855,e3b0c44298fc1c149afbf4c8996fb92427ae41e4649b934ca495991b7852b855,0,0,,
"포켓몬스터 하트골드 (Korea, IPKK, header ROM version 0)","포켓몬스터 소울실버 (Korea, IPGK, header ROM version 0)",/a/0/0/5,equal,805,805,,,c555eab45d08845ae9f10d452a99bfcb06f74a50b988fe7e48dd323789b88ee3,c555eab45d08845ae9f10d452a99bfcb06f74a50b988fe7e48dd323789b88ee3,1,1,Nintendo LZ10,Nintendo LZ10
"포켓몬스터 하트골드 (Korea, IPKK, header ROM version 0)","포켓몬스터 소울실버 (Korea, IPGK, header ROM version 0)",/a/0/0/5,equal,806,806,,,e3b0c44298fc1c149afbf4c8996fb92427ae41e4649b934ca495991b7852b855,e3b0c44298fc1c149afbf4c8996fb92427ae41e4649b934ca495991b7852b855,0,0,,
"포켓몬스터 하트골드 (Korea, IPKK, header ROM version 0)","포켓몬스터 소울실버 (Korea, IPGK, header ROM version 0)",/a/0/0/5,equal,807,807,,,8f11b05da785e43e713d03774c6bd3405d99cd3024af334ffd68db663aa37034,8f11b05da785e43e713d03774c6bd3405d99cd3024af334ffd68db663aa37034,1,1,,
"포켓몬스터 하트골드 (Korea, IPKK, header ROM version 0)","포켓몬스터 소울실버 (Korea, IPGK, header ROM version 0)",/a/0/0/5,equal,808,808,,,ef6cbd2161eaea7943ce8693b9824d23d1793ffb1c0fca05b600d3899b44c977,ef6cbd2161eaea7943ce8693b9824d23d1793ffb1c0fca05b600d3899b44c977,1,1,,
"포켓몬스터 하트골드 (Korea, IPKK, header ROM version 0)","포켓몬스터 소울실버 (Korea, IPGK, header ROM version 0)",/a/0/0/5,equal,809,809,,,ef6cbd2161eaea7943ce8693b9824d23d1793ffb1c0fca05b600d3899b44c977,ef6cbd2161eaea7943ce8693b9824d23d1793ffb1c0fca05b600d3899b44c977,1,1,,
"포켓몬스터 하트골드 (Korea, IPKK, header ROM version 0)","포켓몬스터 소울실버 (Korea, IPGK, header ROM version 0)",/a/0/0/5,equal,810,810,,,ef6cbd2161eaea7943ce8693b9824d23d1793ffb1c0fca05b600d3899b44c977,ef6cbd2161eaea7943ce8693b9824d23d1793ffb1c0fca05b600d3899b44c977,1,1,,
"포켓몬스터 하트골드 (Korea, IPKK, header ROM version 0)","포켓몬스터 소울실버 (Korea, IPGK, header ROM version 0)",/a/0/0/5,equal,811,811,,,ef6cbd2161eaea7943ce8693b9824d23d1793ffb1c0fca05b600d3899b44c977,ef6cbd2161eaea7943ce8693b9824d23d1793ffb1c0fca05b600d3899b44c977,1,1,,
"포켓몬스터 하트골드 (Korea, IPKK, header ROM version 0)","포켓몬스터 소울실버 (Korea, IPGK, header ROM version 0)",/a/0/0/5,equal,812,812,,,4bf5122f344554c53bde2ebb8cd2b7e3d1600ad631c385a5d7cce23c7785459a,4bf5122f344554c53bde2ebb8cd2b7e3d1600ad631c385a5d7cce23c7785459a,1,1,,
"포켓몬스터 하트골드 (Korea, IPKK, header ROM version 0)","포켓몬스터 소울실버 (Korea, IPGK, header ROM version 0)",/a/0/0/5,equal,813,813,,,4bf5122f344554c53bde2ebb8cd2b7e3d1600ad631c385a5d7cce23c7785459a,4bf5122f344554c53bde2ebb8cd2b7e3d1600ad631c385a5d7cce23c7785459a,1,1,,
"포켓몬스터 하트골드 (Korea, IPKK, header ROM version 0)","포켓몬스터 소울실버 (Korea, IPGK, header ROM version 0)",/a/0/0/5,equal,814,814,,,ca358758f6d27e6cf45272937977a748fd88391db679ceda7dc7bf1f005ee879,ca358758f6d27e6cf45272937977a748fd88391db679ceda7dc7bf1f005ee879,1,1,,
"포켓몬스터 하트골드 (Korea, IPKK, header ROM version 0)","포켓몬스터 소울실버 (Korea, IPGK, header ROM version 0)",/a/0/0/5,equal,815,815,,,ca358758f6d27e6cf45272937977a748fd88391db679ceda7dc7bf1f005ee879,ca358758f6d27e6cf45272937977a748fd88391db679ceda7dc7bf1f005ee879,1,1,,
"포켓몬스터 하트골드 (Korea, IPKK, header ROM version 0)","포켓몬스터 소울실버 (Korea, IPGK, header ROM version 0)",/a/0/0/5,equal,816,816,,,c555eab45d08845ae9f10d452a99bfcb06f74a50b988fe7e48dd323789b88ee3,c555eab45d08845ae9f10d452a99bfcb06f74a50b988fe7e48dd323789b88ee3,1,1,Nintendo LZ10,Nintendo LZ10
"포켓몬스터 하트골드 (Korea, IPKK, header ROM version 0)","포켓몬스터 소울실버 (Korea, IPGK, header ROM version 0)",/a/0/0/5,equal,817,817,,,c555eab45d08845ae9f10d452a99bfcb06f74a50b988fe7e48dd323789b88ee3,c555eab45d08845ae9f10d452a99bfcb06f74a50b988fe7e48dd323789b88ee3,1,1,Nintendo LZ10,Nintendo LZ10
"포켓몬스터 하트골드 (Korea, IPKK, header ROM version 0)","포켓몬스터 소울실버 (Korea, IPGK, header ROM version 0)",/a/0/0/5,equal,818,818,,,83891d7fe85c33e52c8b4e5814c92fb6a3b9467299200538a6babaa8b452d879,83891d7fe85c33e52c8b4e5814c92fb6a3b9467299200538a6babaa8b452d879,1,1,,
"포켓몬스터 하트골드 (Korea, IPKK, header ROM version 0)","포켓몬스터 소울실버 (Korea, IPGK, header ROM version 0)",/a/0/0/5,equal,819,819,,,83891d7fe85c33e52c8b4e5814c92fb6a3b9467299200538a6babaa8b452d879,83891d7fe85c33e52c8b4e5814c92fb6a3b9467299200538a6babaa8b452d879,1,1,,
"포켓몬스터 하트골드 (Korea, IPKK, header ROM version 0)","포켓몬스터 소울실버 (Korea, IPGK, header ROM version 0)",/a/0/0/5,equal,820,820,,,83891d7fe85c33e52c8b4e5814c92fb6a3b9467299200538a6babaa8b452d879,83891d7fe85c33e52c8b4e5814c92fb6a3b9467299200538a6babaa8b452d879,1,1,,
"포켓몬스터 하트골드 (Korea, IPKK, header ROM version 0)","포켓몬스터 소울실버 (Korea, IPGK, header ROM version 0)",/a/0/0/5,equal,821,821,,,83891d7fe85c33e52c8b4e5814c92fb6a3b9467299200538a6babaa8b452d879,83891d7fe85c33e52c8b4e5814c92fb6a3b9467299200538a6babaa8b452d879,1,1,,
"포켓몬스터 하트골드 (Korea, IPKK, header ROM version 0)","포켓몬스터 소울실버 (Korea, IPGK, header ROM version 0)",/a/0/0/5,equal,822,822,,,4a64a107f0cb32536e5bce6c98c393db21cca7f4ea187ba8c4dca8b51d4ea80a,4a64a107f0cb32536e5bce6c98c393db21cca7f4ea187ba8c4dca8b51d4ea80a,1,1,Nintendo LZ11,Nintendo LZ11
"포켓몬스터 하트골드 (Korea, IPKK, header ROM version 0)","포켓몬스터 소울실버 (Korea, IPGK, header ROM version 0)",/a/0/0/5,equal,823,823,,,4a64a107f0cb32536e5bce6c98c393db21cca7f4ea187ba8c4dca8b51d4ea80a,4a64a107f0cb32536e5bce6c98c393db21cca7f4ea187ba8c4dca8b51d4ea80a,1,1,Nintendo LZ11,Nintendo LZ11
"포켓몬스터 하트골드 (Korea, IPKK, header ROM version 0)","포켓몬스터 소울실버 (Korea, IPGK, header ROM version 0)",/a/0/0/5,equal,824,824,,,2f0fd1e89b8de1d57292742ec380ea47066e307ad645f5bc3adad8a06ff58608,2f0fd1e89b8de1d57292742ec380ea47066e307ad645f5bc3adad8a06ff58608,1,1,,
"포켓몬스터 하트골드 (Korea, IPKK, header ROM version 0)","포켓몬스터 소울실버 (Korea, IPGK, header ROM version 0)",/a/0/0/5,equal,825,825,,,2f0fd1e89b8de1d57292742ec380ea47066e307ad645f5bc3adad8a06ff58608,2f0fd1e89b8de1d57292742ec380ea47066e307ad645f5bc3adad8a06ff58608,1,1,,
"포켓몬스터 하트골드 (Korea, IPKK, header ROM version 0)","포켓몬스터 소울실버 (Korea, IPGK, header ROM version 0)",/a/0/0/5,equal,826,826,,,f299791cddd3d6664f6670842812ef6053eb6501bd6282a476bbbf3ee91e750c,f299791cddd3d6664f6670842812ef6053eb6501bd6282a476bbbf3ee91e750c,1,1,,
"포켓몬스터 하트골드 (Korea, IPKK, header ROM version 0)","포켓몬스터 소울실버 (Korea, IPGK, header ROM version 0)",/a/0/0/5,equal,827,827,,,f299791cddd3d6664f6670842812ef6053eb6501bd6282a476bbbf3ee91e750c,f299791cddd3d6664f6670842812ef6053eb6501bd6282a476bbbf3ee91e750c,1,1,,
"포켓몬스터 하트골드 (Korea, IPKK, header ROM version 0)","포켓몬스터 소울실버 (Korea, IPGK, header ROM version 0)",/a/0/0/5,equal,828,828,,,6e340b9cffb37a989ca544e6bb780a2c78901d3fb33738768511a30617afa01d,6e340b9cffb37a989ca544e6bb780a2c78901d3fb33738768511a30617afa01d,1,1,,
"포켓몬스터 하트골드 (Korea, IPKK, header ROM version 0)","포켓몬스터 소울실버 (Korea, IPGK, header ROM version 0)",/a/0/0/5,equal,829,829,,,6e340b9cffb37a989ca544e6bb780a2c78901d3fb33738768511a30617afa01d,6e340b9cffb37a989ca544e6bb780a2c78901d3fb33738768511a30617afa01d,1,1,,
"포켓몬스터 하트골드 (Korea, IPKK, header ROM version 0)","포켓몬스터 소울실버 (Korea, IPGK, header ROM version 0)",/a/0/0/5,equal,830,830,,,beead77994cf573341ec17b58bbf7eb34d2711c993c1d976b128b3188dc1829a,beead77994cf573341ec17b58bbf7eb34d2711c993c1d976b128b3188dc1829a,1,1,,
"포켓몬스터 하트골드 (Korea, IPKK, header ROM version 0)","포켓몬스터 소울실버 (Korea, IPGK, header ROM version 0)",/a/0/0/5,equal,831,831,,,ca358758f6d27e6cf45272937977a748fd88391db679ceda7dc7bf1f005ee879,ca358758f6d27e6cf45272937977a748fd88391db679ceda7dc7bf1f005ee879,1,1,,
"포켓몬스터 하트골드 (Korea, IPKK, header ROM version 0)","포켓몬스터 소울실버 (Korea, IPGK, header ROM version 0)",/a/0/0/5,equal,832,832,,,6e340b9cffb37a989ca544e6bb780a2c78901d3fb33738768511a30617afa01d,6e340b9cffb37a989ca544e6bb780a2c78901d3fb33738768511a30617afa01d,1,1,,
"포켓몬스터 하트골드 (Korea, IPKK, header ROM version 0)","포켓몬스터 소울실버 (Korea, IPGK, header ROM version 0)",/a/0/0/5,equal,833,833,,,6e340b9cffb37a989ca544e6bb780a2c78901d3fb33738768511a30617afa01d,6e340b9cffb37a989ca544e6bb780a2c78901d3fb33738768511a30617afa01d,1,1,,
"포켓몬스터 하트골드 (Korea, IPKK, header ROM version 0)","포켓몬스터 소울실버 (Korea, IPGK, header ROM version 0)",/a/0/0/5,equal,834,834,,,dbc1b4c900ffe48d575b5da5c638040125f65db0fe3e24494b76ea986457d986,dbc1b4c900ffe48d575b5da5c638040125f65db0fe3e24494b76ea986457d986,1,1,,
"포켓몬스터 하트골드 (Korea, IPKK, header ROM version 0)","포켓몬스터 소울실버 (Korea, IPGK, header ROM version 0)",/a/0/0/5,equal,835,835,,,dbc1b4c900ffe48d575b5da5c638040125f65db0fe3e24494b76ea986457d986,dbc1b4c900ffe48d575b5da5c638040125f65db0fe3e24494b76ea986457d986,1,1,,
"포켓몬스터 하트골드 (Korea, IPKK, header ROM version 0)","포켓몬스터 소울실버 (Korea, IPGK, header ROM version 0)",/a/0/0/5,equal,836,836,,,4a64a107f0cb32536e5bce6c98c393db21cca7f4ea187ba8c4dca8b51d4ea80a,4a64a107f0cb32536e5bce6c98c393db21cca7f4ea187ba8c4dca8b51d4ea80a,1,1,Nintendo LZ11,Nintendo LZ11
"포켓몬스터 하트골드 (Korea, IPKK, header ROM version 0)","포켓몬스터 소울실버 (Korea, IPGK, header ROM version 0)",/a/0/0/5,equal,837,837,,,4a64a107f0cb32536e5bce6c98c393db21cca7f4ea187ba8c4dca8b51d4ea80a,4a64a107f0cb32536e5bce6c98c393db21cca7f4ea187ba8c4dca8b51d4ea80a,1,1,Nintendo LZ11,Nintendo LZ11
"포켓몬스터 하트골드 (Korea, IPKK, header ROM version 0)","포켓몬스터 소울실버 (Korea, IPGK, header ROM version 0)",/a/0/0/5,equal,838,838,,,2f0fd1e89b8de1d57292742ec380ea47066e307ad645f5bc3adad8a06ff58608,2f0fd1e89b8de1d57292742ec380ea47066e307ad645f5bc3adad8a06ff58608,1,1,,
"포켓몬스터 하트골드 (Korea, IPKK, header ROM version 0)","포켓몬스터 소울실버 (Korea, IPGK, header ROM version 0)",/a/0/0/5,equal,839,839,,,2f0fd1e89b8de1d57292742ec380ea47066e307ad645f5bc3adad8a06ff58608,2f0fd1e89b8de1d57292742ec380ea47066e307ad645f5bc3adad8a06ff58608,1,1,,
"포켓몬스터 하트골드 (Korea, IPKK, header ROM version 0)","포켓몬스터 소울실버 (Korea, IPGK, header ROM version 0)",/a/0/0/5,equal,840,840,,,01ba4719c80b6fe911b091a7c05124b64eeece964e09c058ef8f9805daca546b,01ba4719c80b6fe911b091a7c05124b64eeece964e09c058ef8f9805daca546b,1,1,,
"포켓몬스터 하트골드 (Korea, IPKK, header ROM version 0)","포켓몬스터 소울실버 (Korea, IPGK, header ROM version 0)",/a/0/0/5,equal,841,841,,,01ba4719c80b6fe911b091a7c05124b64eeece964e09c058ef8f9805daca546b,01ba4719c80b6fe911b091a7c05124b64eeece964e09c058ef8f9805daca546b,1,1,,
"포켓몬스터 하트골드 (Korea, IPKK, header ROM version 0)","포켓몬스터 소울실버 (Korea, IPGK, header ROM version 0)",/a/0/0/5,equal,842,842,,,9d1e0e2d9459d06523ad13e28a4093c2316baafe7aec5b25f30eba2e113599c4,9d1e0e2d9459d06523ad13e28a4093c2316baafe7aec5b25f30eba2e113599c4,1,1,,
"포켓몬스터 하트골드 (Korea, IPKK, header ROM version 0)","포켓몬스터 소울실버 (Korea, IPGK, header ROM version 0)",/a/0/0/5,equal,843,843,,,9d1e0e2d9459d06523ad13e28a4093c2316baafe7aec5b25f30eba2e113599c4,9d1e0e2d9459d06523ad13e28a4093c2316baafe7aec5b25f30eba2e113599c4,1,1,,
"포켓몬스터 하트골드 (Korea, IPKK, header ROM version 0)","포켓몬스터 소울실버 (Korea, IPGK, header ROM version 0)",/a/0/0/5,equal,844,844,,,beead77994cf573341ec17b58bbf7eb34d2711c993c1d976b128b3188dc1829a,beead77994cf573341ec17b58bbf7eb34d2711c993c1d976b128b3188dc1829a,1,1,,
"포켓몬스터 하트골드 (Korea, IPKK, header ROM version 0)","포켓몬스터 소울실버 (Korea, IPGK, header ROM version 0)",/a/0/0/5,equal,845,845,,,beead77994cf573341ec17b58bbf7eb34d2711c993c1d976b128b3188dc1829a,beead77994cf573341ec17b58bbf7eb34d2711c993c1d976b128b3188dc1829a,1,1,,
"포켓몬스터 하트골드 (Korea, IPKK, header ROM version 0)","포켓몬스터 소울실버 (Korea, IPGK, header ROM version 0)",/a/0/0/5,equal,846,846,,,452ba1ddef80246c48be7690193c76c1d61185906be9401014fe14f1be64b74f,452ba1ddef80246c48be7690193c76c1d61185906be9401014fe14f1be64b74f,1,1,,
"포켓몬스터 하트골드 (Korea, IPKK, header ROM version 0)","포켓몬스터 소울실버 (Korea, IPGK, header ROM version 0)",/a/0/0/5,equal,847,847,,,452ba1ddef80246c48be7690193c76c1d61185906be9401014fe14f1be64b74f,452ba1ddef80246c48be7690193c76c1d61185906be9401014fe14f1be64b74f,1,1,,
"포켓몬스터 하트골드 (Korea, IPKK, header ROM version 0)","포켓몬스터 소울실버 (Korea, IPGK, header ROM version 0)",/a/0/0/5,equal,848,848,,,67586e98fad27da0b9968bc039a1ef34c939b9b8e523a8bef89d478608c5ecf6,67586e98fad27da0b9968bc039a1ef34c939b9b8e523a8bef89d478608c5ecf6,1,1,,
"포켓몬스터 하트골드 (Korea, IPKK, header ROM version 0)","포켓몬스터 소울실버 (Korea, IPGK, header ROM version 0)",/a/0/0/5,equal,849,849,,,67586e98fad27da0b9968bc039a1ef34c939b9b8e523a8bef89d478608c5ecf6,67586e98fad27da0b9968bc039a1ef34c939b9b8e523a8bef89d478608c5ecf6,1,1,,
"포켓몬스터 하트골드 (Korea, IPKK, header ROM version 0)","포켓몬스터 소울실버 (Korea, IPGK, header ROM version 0)",/a/0/0/5,equal,850,850,,,e7cf46a078fed4fafd0b5e3aff144802b853f8ae459a4f0c14add3314b7cc3a6,e7cf46a078fed4fafd0b5e3aff144802b853f8ae459a4f0c14add3314b7cc3a6,1,1,,
"포켓몬스터 하트골드 (Korea, IPKK, header ROM version 0)","포켓몬스터 소울실버 (Korea, IPGK, header ROM version 0)",/a/0/0/5,equal,851,851,,,e7cf46a078fed4fafd0b5e3aff144802b853f8ae459a4f0c14add3314b7cc3a6,e7cf46a078fed4fafd0b5e3aff144802b853f8ae459a4f0c14add3314b7cc3a6,1,1,,
"포켓몬스터 하트골드 (Korea, IPKK, header ROM version 0)","포켓몬스터 소울실버 (Korea, IPGK, header ROM version 0)",/a/0/0/5,equal,852,852,,,4d7b3ef7300acf70c892d8327db8272f54434adbc61a4e130a563cb59a0d0f47,4d7b3ef7300acf70c892d8327db8272f54434adbc61a4e130a563cb59a0d0f47,1,1,,
"포켓몬스터 하트골드 (Korea, IPKK, header ROM version 0)","포켓몬스터 소울실버 (Korea, IPGK, header ROM version 0)",/a/0/0/5,equal,853,853,,,4d7b3ef7300acf70c892d8327db8272f54434adbc61a4e130a563cb59a0d0f47,4d7b3ef7300acf70c892d8327db8272f54434adbc61a4e130a563cb59a0d0f47,1,1,,
"포켓몬스터 하트골드 (Korea, IPKK, header ROM version 0)","포켓몬스터 소울실버 (Korea, IPGK, header ROM version 0)",/a/0/0/5,equal,854,854,,,f299791cddd3d6664f6670842812ef6053eb6501bd6282a476bbbf3ee91e750c,f299791cddd3d6664f6670842812ef6053eb6501bd6282a476bbbf3ee91e750c,1,1,,
"포켓몬스터 하트골드 (Korea, IPKK, header ROM version 0)","포켓몬스터 소울실버 (Korea, IPGK, header ROM version 0)",/a/0/0/5,equal,855,855,,,f299791cddd3d6664f6670842812ef6053eb6501bd6282a476bbbf3ee91e750c,f299791cddd3d6664f6670842812ef6053eb6501bd6282a476bbbf3ee91e750c,1,1,,
"포켓몬스터 하트골드 (Korea, IPKK, header ROM version 0)","포켓몬스터 소울실버 (Korea, IPGK, header ROM version 0)",/a/0/0/5,equal,856,856,,,084fed08b978af4d7d196a7446a86b58009e636b611db16211b65a9aadff29c5,084fed08b978af4d7d196a7446a86b58009e636b611db16211b65a9aadff29c5,1,1,,
"포켓몬스터 하트골드 (Korea, IPKK, header ROM version 0)","포켓몬스터 소울실버 (Korea, IPGK, header ROM version 0)",/a/0/0/5,equal,857,857,,,084fed08b978af4d7d196a7446a86b58009e636b611db16211b65a9aadff29c5,084fed08b978af4d7d196a7446a86b58009e636b611db16211b65a9aadff29c5,1,1,,
"포켓몬스터 하트골드 (Korea, IPKK, header ROM version 0)","포켓몬스터 소울실버 (Korea, IPGK, header ROM version 0)",/a/0/0/5,equal,858,858,,,beead77994cf573341ec17b58bbf7eb34d2711c993c1d976b128b3188dc1829a,beead77994cf573341ec17b58bbf7eb34d2711c993c1d976b128b3188dc1829a,1,1,,
"포켓몬스터 하트골드 (Korea, IPKK, header ROM version 0)","포켓몬스터 소울실버 (Korea, IPGK, header ROM version 0)",/a/0/0/5,equal,859,859,,,beead77994cf573341ec17b58bbf7eb34d2711c993c1d976b128b3188dc1829a,beead77994cf573341ec17b58bbf7eb34d2711c993c1d976b128b3188dc1829a,1,1,,
"포켓몬스터 하트골드 (Korea, IPKK, header ROM version 0)","포켓몬스터 소울실버 (Korea, IPGK, header ROM version 0)",/a/0/0/5,equal,860,860,,,084fed08b978af4d7d196a7446a86b58009e636b611db16211b65a9aadff29c5,084fed08b978af4d7d196a7446a86b58009e636b611db16211b65a9aadff29c5,1,1,,
"포켓몬스터 하트골드 (Korea, IPKK, header ROM version 0)","포켓몬스터 소울실버 (Korea, IPGK, header ROM version 0)",/a/0/0/5,equal,861,861,,,084fed08b978af4d7d196a7446a86b58009e636b611db16211b65a9aadff29c5,084fed08b978af4d7d196a7446a86b58009e636b611db16211b65a9aadff29c5,1,1,,
"포켓몬스터 하트골드 (Korea, IPKK, header ROM version 0)","포켓몬스터 소울실버 (Korea, IPGK, header ROM version 0)",/a/0/0/5,equal,862,862,,,c555eab45d08845ae9f10d452a99bfcb06f74a50b988fe7e48dd323789b88ee3,c555eab45d08845ae9f10d452a99bfcb06f74a50b988fe7e48dd323789b88ee3,1,1,Nintendo LZ10,Nintendo LZ10
"포켓몬스터 하트골드 (Korea, IPKK, header ROM version 0)","포켓몬스터 소울실버 (Korea, IPGK, header ROM version 0)",/a/0/0/5,equal,863,863,,,c555eab45d08845ae9f10d452a99bfcb06f74a50b988fe7e48dd323789b88ee3,c555eab45d08845ae9f10d452a99bfcb06f74a50b988fe7e48dd323789b88ee3,1,1,Nintendo LZ10,Nintendo LZ10
"포켓몬스터 하트골드 (Korea, IPKK, header ROM version 0)","포켓몬스터 소울실버 (Korea, IPGK, header ROM version 0)",/a/0/0/5,equal,864,864,,,e7cf46a078fed4fafd0b5e3aff144802b853f8ae459a4f0c14add3314b7cc3a6,e7cf46a078fed4fafd0b5e3aff144802b853f8ae459a4f0c14add3314b7cc3a6,1,1,,
"포켓몬스터 하트골드 (Korea, IPKK, header ROM version 0)","포켓몬스터 소울실버 (Korea, IPGK, header ROM version 0)",/a/0/0/5,equal,865,865,,,e7cf46a078fed4fafd0b5e3aff144802b853f8ae459a4f0c14add3314b7cc3a6,e7cf46a078fed4fafd0b5e3aff144802b853f8ae459a4f0c14add3314b7cc3a6,1,1,,
"포켓몬스터 하트골드 (Korea, IPKK, header ROM version 0)","포켓몬스터 소울실버 (Korea, IPGK, header ROM version 0)",/a/0/0/5,equal,866,866,,,2f0fd1e89b8de1d57292742ec380ea47066e307ad645f5bc3adad8a06ff58608,2f0fd1e89b8de1d57292742ec380ea47066e307ad645f5bc3adad8a06ff58608,1,1,,
"포켓몬스터 하트골드 (Korea, IPKK, header ROM version 0)","포켓몬스터 소울실버 (Korea, IPGK, header ROM version 0)",/a/0/0/5,equal,867,867,,,2f0fd1e89b8de1d57292742ec380ea47066e307ad645f5bc3adad8a06ff58608,2f0fd1e89b8de1d57292742ec380ea47066e307ad645f5bc3adad8a06ff58608,1,1,,
"포켓몬스터 하트골드 (Korea, IPKK, header ROM version 0)","포켓몬스터 소울실버 (Korea, IPGK, header ROM version 0)",/a/0/0/5,equal,868,868,,,084fed08b978af4d7d196a7446a86b58009e636b611db16211b65a9aadff29c5,084fed08b978af4d7d196a7446a86b58009e636b611db16211b65a9aadff29c5,1,1,,
"포켓몬스터 하트골드 (Korea, IPKK, header ROM version 0)","포켓몬스터 소울실버 (Korea, IPGK, header ROM version 0)",/a/0/0/5,equal,869,869,,,084fed08b978af4d7d196a7446a86b58009e636b611db16211b65a9aadff29c5,084fed08b978af4d7d196a7446a86b58009e636b611db16211b65a9aadff29c5,1,1,,
"포켓몬스터 하트골드 (Korea, IPKK, header ROM version 0)","포켓몬스터 소울실버 (Korea, IPGK, header ROM version 0)",/a/0/0/5,equal,870,870,,,67586e98fad27da0b9968bc039a1ef34c939b9b8e523a8bef89d478608c5ecf6,67586e98fad27da0b9968bc039a1ef34c939b9b8e523a8bef89d478608c5ecf6,1,1,,
"포켓몬스터 하트골드 (Korea, IPKK, header ROM version 0)","포켓몬스터 소울실버 (Korea, IPGK, header ROM version 0)",/a/0/0/5,equal,871,871,,,67586e98fad27da0b9968bc039a1ef34c939b9b8e523a8bef89d478608c5ecf6,67586e98fad27da0b9968bc039a1ef34c939b9b8e523a8bef89d478608c5ecf6,1,1,,
"포켓몬스터 하트골드 (Korea, IPKK, header ROM version 0)","포켓몬스터 소울실버 (Korea, IPGK, header ROM version 0)",/a/0/0/5,equal,872,872,,,beead77994cf573341ec17b58bbf7eb34d2711c993c1d976b128b3188dc1829a,beead77994cf573341ec17b58bbf7eb34d2711c993c1d976b128b3188dc1829a,1,1,,
"포켓몬스터 하트골드 (Korea, IPKK, header ROM version 0)","포켓몬스터 소울실버 (Korea, IPGK, header ROM version 0)",/a/0/0/5,equal,873,873,,,beead77994cf573341ec17b58bbf7eb34d2711c993c1d976b128b3188dc1829a,beead77994cf573341ec17b58bbf7eb34d2711c993c1d976b128b3188dc1829a,1,1,,
"포켓몬스터 하트골드 (Korea, IPKK, header ROM version 0)","포켓몬스터 소울실버 (Korea, IPGK, header ROM version 0)",/a/0/0/5,equal,874,874,,,83891d7fe85c33e52c8b4e5814c92fb6a3b9467299200538a6babaa8b452d879,83891d7fe85c33e52c8b4e5814c92fb6a3b9467299200538a6babaa8b452d879,1,1,,
"포켓몬스터 하트골드 (Korea, IPKK, header ROM version 0)","포켓몬스터 소울실버 (Korea, IPGK, header ROM version 0)",/a/0/0/5,equal,875,875,,,83891d7fe85c33e52c8b4e5814c92fb6a3b9467299200538a6babaa8b452d879,83891d7fe85c33e52c8b4e5814c92fb6a3b9467299200538a6babaa8b452d879,1,1,,
"포켓몬스터 하트골드 (Korea, IPKK, header ROM version 0)","포켓몬스터 소울실버 (Korea, IPGK, header ROM version 0)",/a/0/0/5,equal,876,876,,,2b4c342f5433ebe591a1da77e013d1b72475562d48578dca8b84bac6651c3cb9,2b4c342f5433ebe591a1da77e013d1b72475562d48578dca8b84bac6651c3cb9,1,1,,
"포켓몬스터 하트골드 (Korea, IPKK, header ROM version 0)","포켓몬스터 소울실버 (Korea, IPGK, header ROM version 0)",/a/0/0/5,equal,877,877,,,2b4c342f5433ebe591a1da77e013d1b72475562d48578dca8b84bac6651c3cb9,2b4c342f5433ebe591a1da77e013d1b72475562d48578dca8b84bac6651c3cb9,1,1,,
"포켓몬스터 하트골드 (Korea, IPKK, header ROM version 0)","포켓몬스터 소울실버 (Korea, IPGK, header ROM version 0)",/a/0/0/5,equal,878,878,,,ef6cbd2161eaea7943ce8693b9824d23d1793ffb1c0fca05b600d3899b44c977,ef6cbd2161eaea7943ce8693b9824d23d1793ffb1c0fca05b600d3899b44c977,1,1,,
"포켓몬스터 하트골드 (Korea, IPKK, header ROM version 0)","포켓몬스터 소울실버 (Korea, IPGK, header ROM version 0)",/a/0/0/5,equal,879,879,,,ef6cbd2161eaea7943ce8693b9824d23d1793ffb1c0fca05b600d3899b44c977,ef6cbd2161eaea7943ce8693b9824d23d1793ffb1c0fca05b600d3899b44c977,1,1,,
"포켓몬스터 하트골드 (Korea, IPKK, header ROM version 0)","포켓몬스터 소울실버 (Korea, IPGK, header ROM version 0)",/a/0/0/5,equal,880,880,,,8f11b05da785e43e713d03774c6bd3405d99cd3024af334ffd68db663aa37034,8f11b05da785e43e713d03774c6bd3405d99cd3024af334ffd68db663aa37034,1,1,,
"포켓몬스터 하트골드 (Korea, IPKK, header ROM version 0)","포켓몬스터 소울실버 (Korea, IPGK, header ROM version 0)",/a/0/0/5,equal,881,881,,,8f11b05da785e43e713d03774c6bd3405d99cd3024af334ffd68db663aa37034,8f11b05da785e43e713d03774c6bd3405d99cd3024af334ffd68db663aa37034,1,1,,
"포켓몬스터 하트골드 (Korea, IPKK, header ROM version 0)","포켓몬스터 소울실버 (Korea, IPGK, header ROM version 0)",/a/0/0/5,equal,882,882,,,1f18d650d205d71d934c3646ff5fac1c096ba52eba4cf758b865364f4167d3cd,1f18d650d205d71d934c3646ff5fac1c096ba52eba4cf758b865364f4167d3cd,1,1,,
"포켓몬스터 하트골드 (Korea, IPKK, header ROM version 0)","포켓몬스터 소울실버 (Korea, IPGK, header ROM version 0)",/a/0/0/5,equal,883,883,,,1f18d650d205d71d934c3646ff5fac1c096ba52eba4cf758b865364f4167d3cd,1f18d650d205d71d934c3646ff5fac1c096ba52eba4cf758b865364f4167d3cd,1,1,,
"포켓몬스터 하트골드 (Korea, IPKK, header ROM version 0)","포켓몬스터 소울실버 (Korea, IPGK, header ROM version 0)",/a/0/0/5,equal,884,884,,,01ba4719c80b6fe911b091a7c05124b64eeece964e09c058ef8f9805daca546b,01ba4719c80b6fe911b091a7c05124b64eeece964e09c058ef8f9805daca546b,1,1,,
"포켓몬스터 하트골드 (Korea, IPKK, header ROM version 0)","포켓몬스터 소울실버 (Korea, IPGK, header ROM version 0)",/a/0/0/5,equal,885,885,,,01ba4719c80b6fe911b091a7c05124b64eeece964e09c058ef8f9805daca546b,01ba4719c80b6fe911b091a7c05124b64eeece964e09c058ef8f9805daca546b,1,1,,
"포켓몬스터 하트골드 (Korea, IPKK, header ROM version 0)","포켓몬스터 소울실버 (Korea, IPGK, header ROM version 0)",/a/0/0/5,equal,886,886,,,9d1e0e2d9459d06523ad13e28a4093c2316baafe7aec5b25f30eba2e113599c4,9d1e0e2d9459d06523ad13e28a4093c2316baafe7aec5b25f30eba2e113599c4,1,1,,
"포켓몬스터 하트골드 (Korea, IPKK, header ROM version 0)","포켓몬스터 소울실버 (Korea, IPGK, header ROM version 0)",/a/0/0/5,equal,887,887,,,9d1e0e2d9459d06523ad13e28a4093c2316baafe7aec5b25f30eba2e113599c4,9d1e0e2d9459d06523ad13e28a4093c2316baafe7aec5b25f30eba2e113599c4,1,1,,
"포켓몬스터 하트골드 (Korea, IPKK, header ROM version 0)","포켓몬스터 소울실버 (Korea, IPGK, header ROM version 0)",/a/0/0/5,equal,888,888,,,01ba4719c80b6fe911b091a7c05124b64eeece964e09c058ef8f9805daca546b,01ba4719c80b6fe911b091a7c05124b64eeece964e09c058ef8f9805daca546b,1,1,,
"포켓몬스터 하트골드 (Korea, IPKK, header ROM version 0)","포켓몬스터 소울실버 (Korea, IPGK, header ROM version 0)",/a/0/0/5,equal,889,889,,,01ba4719c80b6fe911b091a7c05124b64eeece964e09c058ef8f9805daca546b,01ba4719c80b6fe911b091a7c05124b64eeece964e09c058ef8f9805daca546b,1,1,,
"포켓몬스터 하트골드 (Korea, IPKK, header ROM version 0)","포켓몬스터 소울실버 (Korea, IPGK, header ROM version 0)",/a/0/0/5,equal,890,890,,,83891d7fe85c33e52c8b4e5814c92fb6a3b9467299200538a6babaa8b452d879,83891d7fe85c33e52c8b4e5814c92fb6a3b9467299200538a6babaa8b452d879,1,1,,
"포켓몬스터 하트골드 (Korea, IPKK, header ROM version 0)","포켓몬스터 소울실버 (Korea, IPGK, header ROM version 0)",/a/0/0/5,equal,891,891,,,83891d7fe85c33e52c8b4e5814c92fb6a3b9467299200538a6babaa8b452d879,83891d7fe85c33e52c8b4e5814c92fb6a3b9467299200538a6babaa8b452d879,1,1,,
"포켓몬스터 하트골드 (Korea, IPKK, header ROM version 0)","포켓몬스터 소울실버 (Korea, IPGK, header ROM version 0)",/a/0/0/5,equal,892,892,,,dc0e9c3658a1a3ed1ec94274d8b19925c93e1abb7ddba294923ad9bde30f8cb8,dc0e9c3658a1a3ed1ec94274d8b19925c93e1abb7ddba294923ad9bde30f8cb8,1,1,,
"포켓몬스터 하트골드 (Korea, IPKK, header ROM version 0)","포켓몬스터 소울실버 (Korea, IPGK, header ROM version 0)",/a/0/0/5,equal,893,893,,,dc0e9c3658a1a3ed1ec94274d8b19925c93e1abb7ddba294923ad9bde30f8cb8,dc0e9c3658a1a3ed1ec94274d8b19925c93e1abb7ddba294923ad9bde30f8cb8,1,1,,
"포켓몬스터 하트골드 (Korea, IPKK, header ROM version 0)","포켓몬스터 소울실버 (Korea, IPGK, header ROM version 0)",/a/0/0/5,equal,894,894,,,7cb7c4547cf2653590d7a9ace60cc623d25148adfbc88a89aeb0ef88da7839ba,7cb7c4547cf2653590d7a9ace60cc623d25148adfbc88a89aeb0ef88da7839ba,1,1,,
"포켓몬스터 하트골드 (Korea, IPKK, header ROM version 0)","포켓몬스터 소울실버 (Korea, IPGK, header ROM version 0)",/a/0/0/5,equal,895,895,,,7cb7c4547cf2653590d7a9ace60cc623d25148adfbc88a89aeb0ef88da7839ba,7cb7c4547cf2653590d7a9ace60cc623d25148adfbc88a89aeb0ef88da7839ba,1,1,,
"포켓몬스터 하트골드 (Korea, IPKK, header ROM version 0)","포켓몬스터 소울실버 (Korea, IPGK, header ROM version 0)",/a/0/0/5,equal,896,896,,,01ba4719c80b6fe911b091a7c05124b64eeece964e09c058ef8f9805daca546b,01ba4719c80b6fe911b091a7c05124b64eeece964e09c058ef8f9805daca546b,1,1,,
"포켓몬스터 하트골드 (Korea, IPKK, header ROM version 0)","포켓몬스터 소울실버 (Korea, IPGK, header ROM version 0)",/a/0/0/5,equal,897,897,,,2b4c342f5433ebe591a1da77e013d1b72475562d48578dca8b84bac6651c3cb9,2b4c342f5433ebe591a1da77e013d1b72475562d48578dca8b84bac6651c3cb9,1,1,,
"포켓몬스터 하트골드 (Korea, IPKK, header ROM version 0)","포켓몬스터 소울실버 (Korea, IPGK, header ROM version 0)",/a/0/0/5,equal,898,898,,,4a64a107f0cb32536e5bce6c98c393db21cca7f4ea187ba8c4dca8b51d4ea80a,4a64a107f0cb32536e5bce6c98c393db21cca7f4ea187ba8c4dca8b51d4ea80a,1,1,Nintendo LZ11,Nintendo LZ11
"포켓몬스터 하트골드 (Korea, IPKK, header ROM version 0)","포켓몬스터 소울실버 (Korea, IPGK, header ROM version 0)",/a/0/0/5,equal,899,899,,,4a64a107f0cb32536e5bce6c98c393db21cca7f4ea187ba8c4dca8b51d4ea80a,4a64a107f0cb32536e5bce6c98c393db21cca7f4ea187ba8c4dca8b51d4ea80a,1,1,Nintendo LZ11,Nintendo LZ11
"포켓몬스터 하트골드 (Korea, IPKK, header ROM version 0)","포켓몬스터 소울실버 (Korea, IPGK, header ROM version 0)",/a/0/0/5,equal,900,900,,,01ba4719c80b6fe911b091a7c05124b64eeece964e09c058ef8f9805daca546b,01ba4719c80b6fe911b091a7c05124b64eeece964e09c058ef8f9805daca546b,1,1,,
"포켓몬스터 하트골드 (Korea, IPKK, header ROM version 0)","포켓몬스터 소울실버 (Korea, IPGK, header ROM version 0)",/a/0/0/5,equal,901,901,,,01ba4719c80b6fe911b091a7c05124b64eeece964e09c058ef8f9805daca546b,01ba4719c80b6fe911b091a7c05124b64eeece964e09c058ef8f9805daca546b,1,1,,
"포켓몬스터 하트골드 (Korea, IPKK, header ROM version 0)","포켓몬스터 소울실버 (Korea, IPGK, header ROM version 0)",/a/0/0/5,equal,902,902,,,dc0e9c3658a1a3ed1ec94274d8b19925c93e1abb7ddba294923ad9bde30f8cb8,dc0e9c3658a1a3ed1ec94274d8b19925c93e1abb7ddba294923ad9bde30f8cb8,1,1,,
"포켓몬스터 하트골드 (Korea, IPKK, header ROM version 0)","포켓몬스터 소울실버 (Korea, IPGK, header ROM version 0)",/a/0/0/5,equal,903,903,,,dc0e9c3658a1a3ed1ec94274d8b19925c93e1abb7ddba294923ad9bde30f8cb8,dc0e9c3658a1a3ed1ec94274d8b19925c93e1abb7ddba294923ad9bde30f8cb8,1,1,,
"포켓몬스터 하트골드 (Korea, IPKK, header ROM version 0)","포켓몬스터 소울실버 (Korea, IPGK, header ROM version 0)",/a/0/0/5,equal,904,904,,,67586e98fad27da0b9968bc039a1ef34c939b9b8e523a8bef89d478608c5ecf6,67586e98fad27da0b9968bc039a1ef34c939b9b8e523a8bef89d478608c5ecf6,1,1,,
"포켓몬스터 하트골드 (Korea, IPKK, header ROM version 0)","포켓몬스터 소울실버 (Korea, IPGK, header ROM version 0)",/a/0/0/5,equal,905,905,,,67586e98fad27da0b9968bc039a1ef34c939b9b8e523a8bef89d478608c5ecf6,67586e98fad27da0b9968bc039a1ef34c939b9b8e523a8bef89d478608c5ecf6,1,1,,
"포켓몬스터 하트골드 (Korea, IPKK, header ROM version 0)","포켓몬스터 소울실버 (Korea, IPGK, header ROM version 0)",/a/0/0/5,equal,906,906,,,e7cf46a078fed4fafd0b5e3aff144802b853f8ae459a4f0c14add3314b7cc3a6,e7cf46a078fed4fafd0b5e3aff144802b853f8ae459a4f0c14add3314b7cc3a6,1,1,,
"포켓몬스터 하트골드 (Korea, IPKK, header ROM version 0)","포켓몬스터 소울실버 (Korea, IPGK, header ROM version 0)",/a/0/0/5,equal,907,907,,,e7cf46a078fed4fafd0b5e3aff144802b853f8ae459a4f0c14add3314b7cc3a6,e7cf46a078fed4fafd0b5e3aff144802b853f8ae459a4f0c14add3314b7cc3a6,1,1,,
"포켓몬스터 하트골드 (Korea, IPKK, header ROM version 0)","포켓몬스터 소울실버 (Korea, IPGK, header ROM version 0)",/a/0/0/5,equal,908,908,,,4bf5122f344554c53bde2ebb8cd2b7e3d1600ad631c385a5d7cce23c7785459a,4bf5122f344554c53bde2ebb8cd2b7e3d1600ad631c385a5d7cce23c7785459a,1,1,,
"포켓몬스터 하트골드 (Korea, IPKK, header ROM version 0)","포켓몬스터 소울실버 (Korea, IPGK, header ROM version 0)",/a/0/0/5,equal,909,909,,,4bf5122f344554c53bde2ebb8cd2b7e3d1600ad631c385a5d7cce23c7785459a,4bf5122f344554c53bde2ebb8cd2b7e3d1600ad631c385a5d7cce23c7785459a,1,1,,
"포켓몬스터 하트골드 (Korea, IPKK, header ROM version 0)","포켓몬스터 소울실버 (Korea, IPGK, header ROM version 0)",/a/0/0/5,equal,910,910,,,67586e98fad27da0b9968bc039a1ef34c939b9b8e523a8bef89d478608c5ecf6,67586e98fad27da0b9968bc039a1ef34c939b9b8e523a8bef89d478608c5ecf6,1,1,,
"포켓몬스터 하트골드 (Korea, IPKK, header ROM version 0)","포켓몬스터 소울실버 (Korea, IPGK, header ROM version 0)",/a/0/0/5,equal,911,911,,,67586e98fad27da0b9968bc039a1ef34c939b9b8e523a8bef89d478608c5ecf6,67586e98fad27da0b9968bc039a1ef34c939b9b8e523a8bef89d478608c5ecf6,1,1,,
"포켓몬스터 하트골드 (Korea, IPKK, header ROM version 0)","포켓몬스터 소울실버 (Korea, IPGK, header ROM version 0)",/a/0/0/5,equal,912,912,,,ef6cbd2161eaea7943ce8693b9824d23d1793ffb1c0fca05b600d3899b44c977,ef6cbd2161eaea7943ce8693b9824d23d1793ffb1c0fca05b600d3899b44c977,1,1,,
"포켓몬스터 하트골드 (Korea, IPKK, header ROM version 0)","포켓몬스터 소울실버 (Korea, IPGK, header ROM version 0)",/a/0/0/5,equal,913,913,,,ef6cbd2161eaea7943ce8693b9824d23d1793ffb1c0fca05b600d3899b44c977,ef6cbd2161eaea7943ce8693b9824d23d1793ffb1c0fca05b600d3899b44c977,1,1,,
"포켓몬스터 하트골드 (Korea, IPKK, header ROM version 0)","포켓몬스터 소울실버 (Korea, IPGK, header ROM version 0)",/a/0/0/5,equal,914,914,,,f299791cddd3d6664f6670842812ef6053eb6501bd6282a476bbbf3ee91e750c,f299791cddd3d6664f6670842812ef6053eb6501bd6282a476bbbf3ee91e750c,1,1,,
"포켓몬스터 하트골드 (Korea, IPKK, header ROM version 0)","포켓몬스터 소울실버 (Korea, IPGK, header ROM version 0)",/a/0/0/5,equal,915,915,,,f299791cddd3d6664f6670842812ef6053eb6501bd6282a476bbbf3ee91e750c,f299791cddd3d6664f6670842812ef6053eb6501bd6282a476bbbf3ee91e750c,1,1,,
"포켓몬스터 하트골드 (Korea, IPKK, header ROM version 0)","포켓몬스터 소울실버 (Korea, IPGK, header ROM version 0)",/a/0/0/5,equal,916,916,,,beead77994cf573341ec17b58bbf7eb34d2711c993c1d976b128b3188dc1829a,beead77994cf573341ec17b58bbf7eb34d2711c993c1d976b128b3188dc1829a,1,1,,
"포켓몬스터 하트골드 (Korea, IPKK, header ROM version 0)","포켓몬스터 소울실버 (Korea, IPGK, header ROM version 0)",/a/0/0/5,equal,917,917,,,beead77994cf573341ec17b58bbf7eb34d2711c993c1d976b128b3188dc1829a,beead77994cf573341ec17b58bbf7eb34d2711c993c1d976b128b3188dc1829a,1,1,,
"포켓몬스터 하트골드 (Korea, IPKK, header ROM version 0)","포켓몬스터 소울실버 (Korea, IPGK, header ROM version 0)",/a/0/0/5,equal,918,918,,,beead77994cf573341ec17b58bbf7eb34d2711c993c1d976b128b3188dc1829a,beead77994cf573341ec17b58bbf7eb34d2711c993c1d976b128b3188dc1829a,1,1,,
"포켓몬스터 하트골드 (Korea, IPKK, header ROM version 0)","포켓몬스터 소울실버 (Korea, IPGK, header ROM version 0)",/a/0/0/5,equal,919,919,,,beead77994cf573341ec17b58bbf7eb34d2711c993c1d976b128b3188dc1829a,beead77994cf573341ec17b58bbf7eb34d2711c993c1d976b128b3188dc1829a,1,1,,
"포켓몬스터 하트골드 (Korea, IPKK, header ROM version 0)","포켓몬스터 소울실버 (Korea, IPGK, header ROM version 0)",/a/0/0/5,equal,920,920,,,ca358758f6d27e6cf45272937977a748fd88391db679ceda7dc7bf1f005ee879,ca358758f6d27e6cf45272937977a748fd88391db679ceda7dc7bf1f005ee879,1,1,,
"포켓몬스터 하트골드 (Korea, IPKK, header ROM version 0)","포켓몬스터 소울실버 (Korea, IPGK, header ROM version 0)",/a/0/0/5,equal,921,921,,,ca358758f6d27e6cf45272937977a748fd88391db679ceda7dc7bf1f005ee879,ca358758f6d27e6cf45272937977a748fd88391db679ceda7dc7bf1f005ee879,1,1,,
"포켓몬스터 하트골드 (Korea, IPKK, header ROM version 0)","포켓몬스터 소울실버 (Korea, IPGK, header ROM version 0)",/a/0/0/5,equal,922,922,,,beead77994cf573341ec17b58bbf7eb34d2711c993c1d976b128b3188dc1829a,beead77994cf573341ec17b58bbf7eb34d2711c993c1d976b128b3188dc1829a,1,1,,
"포켓몬스터 하트골드 (Korea, IPKK, header ROM version 0)","포켓몬스터 소울실버 (Korea, IPGK, header ROM version 0)",/a/0/0/5,equal,923,923,,,beead77994cf573341ec17b58bbf7eb34d2711c993c1d976b128b3188dc1829a,beead77994cf573341ec17b58bbf7eb34d2711c993c1d976b128b3188dc1829a,1,1,,
"포켓몬스터 하트골드 (Korea, IPKK, header ROM version 0)","포켓몬스터 소울실버 (Korea, IPGK, header ROM version 0)",/a/0/0/5,equal,924,924,,,c555eab45d08845ae9f10d452a99bfcb06f74a50b988fe7e48dd323789b88ee3,c555eab45d08845ae9f10d452a99bfcb06f74a50b988fe7e48dd323789b88ee3,1,1,Nintendo LZ10,Nintendo LZ10
"포켓몬스터 하트골드 (Korea, IPKK, header ROM version 0)","포켓몬스터 소울실버 (Korea, IPGK, header ROM version 0)",/a/0/0/5,equal,925,925,,,c555eab45d08845ae9f10d452a99bfcb06f74a50b988fe7e48dd323789b88ee3,c555eab45d08845ae9f10d452a99bfcb06f74a50b988fe7e48dd323789b88ee3,1,1,Nintendo LZ10,Nintendo LZ10
"포켓몬스터 하트골드 (Korea, IPKK, header ROM version 0)","포켓몬스터 소울실버 (Korea, IPGK, header ROM version 0)",/a/0/0/5,equal,926,926,,,8f11b05da785e43e713d03774c6bd3405d99cd3024af334ffd68db663aa37034,8f11b05da785e43e713d03774c6bd3405d99cd3024af334ffd68db663aa37034,1,1,,
"포켓몬스터 하트골드 (Korea, IPKK, header ROM version 0)","포켓몬스터 소울실버 (Korea, IPGK, header ROM version 0)",/a/0/0/5,equal,927,927,,,8f11b05da785e43e713d03774c6bd3405d99cd3024af334ffd68db663aa37034,8f11b05da785e43e713d03774c6bd3405d99cd3024af334ffd68db663aa37034,1,1,,
"포켓몬스터 하트골드 (Korea, IPKK, header ROM version 0)","포켓몬스터 소울실버 (Korea, IPGK, header ROM version 0)",/a/0/0/5,equal,928,928,,,ef6cbd2161eaea7943ce8693b9824d23d1793ffb1c0fca05b600d3899b44c977,ef6cbd2161eaea7943ce8693b9824d23d1793ffb1c0fca05b600d3899b44c977,1,1,,
"포켓몬스터 하트골드 (Korea, IPKK, header ROM version 0)","포켓몬스터 소울실버 (Korea, IPGK, header ROM version 0)",/a/0/0/5,equal,929,929,,,ef6cbd2161eaea7943ce8693b9824d23d1793ffb1c0fca05b600d3899b44c977,ef6cbd2161eaea7943ce8693b9824d23d1793ffb1c0fca05b600d3899b44c977,1,1,,
"포켓몬스터 하트골드 (Korea, IPKK, header ROM version 0)","포켓몬스터 소울실버 (Korea, IPGK, header ROM version 0)",/a/0/0/5,equal,930,930,,,c555eab45d08845ae9f10d452a99bfcb06f74a50b988fe7e48dd323789b88ee3,c555eab45d08845ae9f10d452a99bfcb06f74a50b988fe7e48dd323789b88ee3,1,1,Nintendo LZ10,Nintendo LZ10
"포켓몬스터 하트골드 (Korea, IPKK, header ROM version 0)","포켓몬스터 소울실버 (Korea, IPGK, header ROM version 0)",/a/0/0/5,equal,931,931,,,c555eab45d08845ae9f10d452a99bfcb06f74a50b988fe7e48dd323789b88ee3,c555eab45d08845ae9f10d452a99bfcb06f74a50b988fe7e48dd323789b88ee3,1,1,Nintendo LZ10,Nintendo LZ10
"포켓몬스터 하트골드 (Korea, IPKK, header ROM version 0)","포켓몬스터 소울실버 (Korea, IPGK, header ROM version 0)",/a/0/0/5,equal,932,932,,,e3b0c44298fc1c149afbf4c8996fb92427ae41e4649b934ca495991b7852b855,e3b0c44298fc1c149afbf4c8996fb92427ae41e4649b934ca495991b7852b855,0,0,,
"포켓몬스터 하트골드 (Korea, IPKK, header ROM version 0)","포켓몬스터 소울실버 (Korea, IPGK, header ROM version 0)",/a/0/0/5,equal,933,933,,,4d7b3ef7300acf70c892d8327db8272f54434adbc61a4e130a563cb59a0d0f47,4d7b3ef7300acf70c892d8327db8272f54434adbc61a4e130a563cb59a0d0f47,1,1,,
"포켓몬스터 하트골드 (Korea, IPKK, header ROM version 0)","포켓몬스터 소울실버 (Korea, IPGK, header ROM version 0)",/a/0/0/5,equal,934,934,,,e3b0c44298fc1c149afbf4c8996fb92427ae41e4649b934ca495991b7852b855,e3b0c44298fc1c149afbf4c8996fb92427ae41e4649b934ca495991b7852b855,0,0,,
"포켓몬스터 하트골드 (Korea, IPKK, header ROM version 0)","포켓몬스터 소울실버 (Korea, IPGK, header ROM version 0)",/a/0/0/5,equal,935,935,,,8f11b05da785e43e713d03774c6bd3405d99cd3024af334ffd68db663aa37034,8f11b05da785e43e713d03774c6bd3405d99cd3024af334ffd68db663aa37034,1,1,,
"포켓몬스터 하트골드 (Korea, IPKK, header ROM version 0)","포켓몬스터 소울실버 (Korea, IPGK, header ROM version 0)",/a/0/0/5,equal,936,936,,,4bf5122f344554c53bde2ebb8cd2b7e3d1600ad631c385a5d7cce23c7785459a,4bf5122f344554c53bde2ebb8cd2b7e3d1600ad631c385a5d7cce23c7785459a,1,1,,
"포켓몬스터 하트골드 (Korea, IPKK, header ROM version 0)","포켓몬스터 소울실버 (Korea, IPGK, header ROM version 0)",/a/0/0/5,equal,937,937,,,4bf5122f344554c53bde2ebb8cd2b7e3d1600ad631c385a5d7cce23c7785459a,4bf5122f344554c53bde2ebb8cd2b7e3d1600ad631c385a5d7cce23c7785459a,1,1,,
"포켓몬스터 하트골드 (Korea, IPKK, header ROM version 0)","포켓몬스터 소울실버 (Korea, IPGK, header ROM version 0)",/a/0/0/5,equal,938,938,,,e52d9c508c502347344d8c07ad91cbd6068afc75ff6292f062a09ca381c89e71,e52d9c508c502347344d8c07ad91cbd6068afc75ff6292f062a09ca381c89e71,1,1,,
"포켓몬스터 하트골드 (Korea, IPKK, header ROM version 0)","포켓몬스터 소울실버 (Korea, IPGK, header ROM version 0)",/a/0/0/5,equal,939,939,,,e52d9c508c502347344d8c07ad91cbd6068afc75ff6292f062a09ca381c89e71,e52d9c508c502347344d8c07ad91cbd6068afc75ff6292f062a09ca381c89e71,1,1,,
"포켓몬스터 하트골드 (Korea, IPKK, header ROM version 0)","포켓몬스터 소울실버 (Korea, IPGK, header ROM version 0)",/a/0/0/5,equal,940,940,,,e7cf46a078fed4fafd0b5e3aff144802b853f8ae459a4f0c14add3314b7cc3a6,e7cf46a078fed4fafd0b5e3aff144802b853f8ae459a4f0c14add3314b7cc3a6,1,1,,
"포켓몬스터 하트골드 (Korea, IPKK, header ROM version 0)","포켓몬스터 소울실버 (Korea, IPGK, header ROM version 0)",/a/0/0/5,equal,941,941,,,e7cf46a078fed4fafd0b5e3aff144802b853f8ae459a4f0c14add3314b7cc3a6,e7cf46a078fed4fafd0b5e3aff144802b853f8ae459a4f0c14add3314b7cc3a6,1,1,,
"포켓몬스터 하트골드 (Korea, IPKK, header ROM version 0)","포켓몬스터 소울실버 (Korea, IPGK, header ROM version 0)",/a/0/0/5,equal,942,942,,,c555eab45d08845ae9f10d452a99bfcb06f74a50b988fe7e48dd323789b88ee3,c555eab45d08845ae9f10d452a99bfcb06f74a50b988fe7e48dd323789b88ee3,1,1,Nintendo LZ10,Nintendo LZ10
"포켓몬스터 하트골드 (Korea, IPKK, header ROM version 0)","포켓몬스터 소울실버 (Korea, IPGK, header ROM version 0)",/a/0/0/5,equal,943,943,,,c555eab45d08845ae9f10d452a99bfcb06f74a50b988fe7e48dd323789b88ee3,c555eab45d08845ae9f10d452a99bfcb06f74a50b988fe7e48dd323789b88ee3,1,1,Nintendo LZ10,Nintendo LZ10
"포켓몬스터 하트골드 (Korea, IPKK, header ROM version 0)","포켓몬스터 소울실버 (Korea, IPGK, header ROM version 0)",/a/0/0/5,equal,944,944,,,e3b0c44298fc1c149afbf4c8996fb92427ae41e4649b934ca495991b7852b855,e3b0c44298fc1c149afbf4c8996fb92427ae41e4649b934ca495991b7852b855,0,0,,
"포켓몬스터 하트골드 (Korea, IPKK, header ROM version 0)","포켓몬스터 소울실버 (Korea, IPGK, header ROM version 0)",/a/0/0/5,equal,945,945,,,ef6cbd2161eaea7943ce8693b9824d23d1793ffb1c0fca05b600d3899b44c977,ef6cbd2161eaea7943ce8693b9824d23d1793ffb1c0fca05b600d3899b44c977,1,1,,
"포켓몬스터 하트골드 (Korea, IPKK, header ROM version 0)","포켓몬스터 소울실버 (Korea, IPGK, header ROM version 0)",/a/0/0/5,equal,946,946,,,e3b0c44298fc1c149afbf4c8996fb92427ae41e4649b934ca495991b7852b855,e3b0c44298fc1c149afbf4c8996fb92427ae41e4649b934ca495991b7852b855,0,0,,
"포켓몬스터 하트골드 (Korea, IPKK, header ROM version 0)","포켓몬스터 소울실버 (Korea, IPGK, header ROM version 0)",/a/0/0/5,equal,947,947,,,4a64a107f0cb32536e5bce6c98c393db21cca7f4ea187ba8c4dca8b51d4ea80a,4a64a107f0cb32536e5bce6c98c393db21cca7f4ea187ba8c4dca8b51d4ea80a,1,1,Nintendo LZ11,Nintendo LZ11
"포켓몬스터 하트골드 (Korea, IPKK, header ROM version 0)","포켓몬스터 소울실버 (Korea, IPGK, header ROM version 0)",/a/0/0/5,equal,948,948,,,e3b0c44298fc1c149afbf4c8996fb92427ae41e4649b934ca495991b7852b855,e3b0c44298fc1c149afbf4c8996fb92427ae41e4649b934ca495991b7852b855,0,0,,
"포켓몬스터 하트골드 (Korea, IPKK, header ROM version 0)","포켓몬스터 소울실버 (Korea, IPGK, header ROM version 0)",/a/0/0/5,equal,949,949,,,ca358758f6d27e6cf45272937977a748fd88391db679ceda7dc7bf1f005ee879,ca358758f6d27e6cf45272937977a748fd88391db679ceda7dc7bf1f005ee879,1,1,,
"포켓몬스터 하트골드 (Korea, IPKK, header ROM version 0)","포켓몬스터 소울실버 (Korea, IPGK, header ROM version 0)",/a/0/0/5,equal,950,950,,,e3b0c44298fc1c149afbf4c8996fb92427ae41e4649b934ca495991b7852b855,e3b0c44298fc1c149afbf4c8996fb92427ae41e4649b934ca495991b7852b855,0,0,,
"포켓몬스터 하트골드 (Korea, IPKK, header ROM version 0)","포켓몬스터 소울실버 (Korea, IPGK, header ROM version 0)",/a/0/0/5,equal,951,951,,,dc0e9c3658a1a3ed1ec94274d8b19925c93e1abb7ddba294923ad9bde30f8cb8,dc0e9c3658a1a3ed1ec94274d8b19925c93e1abb7ddba294923ad9bde30f8cb8,1,1,,
"포켓몬스터 하트골드 (Korea, IPKK, header ROM version 0)","포켓몬스터 소울실버 (Korea, IPGK, header ROM version 0)",/a/0/0/5,equal,952,952,,,e7cf46a078fed4fafd0b5e3aff144802b853f8ae459a4f0c14add3314b7cc3a6,e7cf46a078fed4fafd0b5e3aff144802b853f8ae459a4f0c14add3314b7cc3a6,1,1,,
"포켓몬스터 하트골드 (Korea, IPKK, header ROM version 0)","포켓몬스터 소울실버 (Korea, IPGK, header ROM version 0)",/a/0/0/5,equal,953,953,,,e3b0c44298fc1c149afbf4c8996fb92427ae41e4649b934ca495991b7852b855,e3b0c44298fc1c149afbf4c8996fb92427ae41e4649b934ca495991b7852b855,0,0,,
"포켓몬스터 하트골드 (Korea, IPKK, header ROM version 0)","포켓몬스터 소울실버 (Korea, IPGK, header ROM version 0)",/a/0/0/5,equal,954,954,,,2f0fd1e89b8de1d57292742ec380ea47066e307ad645f5bc3adad8a06ff58608,2f0fd1e89b8de1d57292742ec380ea47066e307ad645f5bc3adad8a06ff58608,1,1,,
"포켓몬스터 하트골드 (Korea, IPKK, header ROM version 0)","포켓몬스터 소울실버 (Korea, IPGK, header ROM version 0)",/a/0/0/5,equal,955,955,,,e3b0c44298fc1c149afbf4c8996fb92427ae41e4649b934ca495991b7852b855,e3b0c44298fc1c149afbf4c8996fb92427ae41e4649b934ca495991b7852b855,0,0,,
"포켓몬스터 하트골드 (Korea, IPKK, header ROM version 0)","포켓몬스터 소울실버 (Korea, IPGK, header ROM version 0)",/a/0/0/5,equal,956,956,,,9d1e0e2d9459d06523ad13e28a4093c2316baafe7aec5b25f30eba2e113599c4,9d1e0e2d9459d06523ad13e28a4093c2316baafe7aec5b25f30eba2e113599c4,1,1,,
"포켓몬스터 하트골드 (Korea, IPKK, header ROM version 0)","포켓몬스터 소울실버 (Korea, IPGK, header ROM version 0)",/a/0/0/5,equal,957,957,,,9d1e0e2d9459d06523ad13e28a4093c2316baafe7aec5b25f30eba2e113599c4,9d1e0e2d9459d06523ad13e28a4093c2316baafe7aec5b25f30eba2e113599c4,1,1,,
"포켓몬스터 하트골드 (Korea, IPKK, header ROM version 0)","포켓몬스터 소울실버 (Korea, IPGK, header ROM version 0)",/a/0/0/5,equal,958,958,,,83891d7fe85c33e52c8b4e5814c92fb6a3b9467299200538a6babaa8b452d879,83891d7fe85c33e52c8b4e5814c92fb6a3b9467299200538a6babaa8b452d879,1,1,,
"포켓몬스터 하트골드 (Korea, IPKK, header ROM version 0)","포켓몬스터 소울실버 (Korea, IPGK, header ROM version 0)",/a/0/0/5,equal,959,959,,,83891d7fe85c33e52c8b4e5814c92fb6a3b9467299200538a6babaa8b452d879,83891d7fe85c33e52c8b4e5814c92fb6a3b9467299200538a6babaa8b452d879,1,1,,
"포켓몬스터 하트골드 (Korea, IPKK, header ROM version 0)","포켓몬스터 소울실버 (Korea, IPGK, header ROM version 0)",/a/0/0/5,equal,960,960,,,9d1e0e2d9459d06523ad13e28a4093c2316baafe7aec5b25f30eba2e113599c4,9d1e0e2d9459d06523ad13e28a4093c2316baafe7aec5b25f30eba2e113599c4,1,1,,
"포켓몬스터 하트골드 (Korea, IPKK, header ROM version 0)","포켓몬스터 소울실버 (Korea, IPGK, header ROM version 0)",/a/0/0/5,equal,961,961,,,9d1e0e2d9459d06523ad13e28a4093c2316baafe7aec5b25f30eba2e113599c4,9d1e0e2d9459d06523ad13e28a4093c2316baafe7aec5b25f30eba2e113599c4,1,1,,
"포켓몬스터 하트골드 (Korea, IPKK, header ROM version 0)","포켓몬스터 소울실버 (Korea, IPGK, header ROM version 0)",/a/0/0/5,equal,962,962,,,83891d7fe85c33e52c8b4e5814c92fb6a3b9467299200538a6babaa8b452d879,83891d7fe85c33e52c8b4e5814c92fb6a3b9467299200538a6babaa8b452d879,1,1,,
"포켓몬스터 하트골드 (Korea, IPKK, header ROM version 0)","포켓몬스터 소울실버 (Korea, IPGK, header ROM version 0)",/a/0/0/5,equal,963,963,,,83891d7fe85c33e52c8b4e5814c92fb6a3b9467299200538a6babaa8b452d879,83891d7fe85c33e52c8b4e5814c92fb6a3b9467299200538a6babaa8b452d879,1,1,,
"포켓몬스터 하트골드 (Korea, IPKK, header ROM version 0)","포켓몬스터 소울실버 (Korea, IPGK, header ROM version 0)",/a/0/0/5,equal,964,964,,,ca358758f6d27e6cf45272937977a748fd88391db679ceda7dc7bf1f005ee879,ca358758f6d27e6cf45272937977a748fd88391db679ceda7dc7bf1f005ee879,1,1,,
"포켓몬스터 하트골드 (Korea, IPKK, header ROM version 0)","포켓몬스터 소울실버 (Korea, IPGK, header ROM version 0)",/a/0/0/5,equal,965,965,,,e3b0c44298fc1c149afbf4c8996fb92427ae41e4649b934ca495991b7852b855,e3b0c44298fc1c149afbf4c8996fb92427ae41e4649b934ca495991b7852b855,0,0,,
"포켓몬스터 하트골드 (Korea, IPKK, header ROM version 0)","포켓몬스터 소울실버 (Korea, IPGK, header ROM version 0)",/a/0/0/5,equal,966,966,,,c555eab45d08845ae9f10d452a99bfcb06f74a50b988fe7e48dd323789b88ee3,c555eab45d08845ae9f10d452a99bfcb06f74a50b988fe7e48dd323789b88ee3,1,1,Nintendo LZ10,Nintendo LZ10
"포켓몬스터 하트골드 (Korea, IPKK, header ROM version 0)","포켓몬스터 소울실버 (Korea, IPGK, header ROM version 0)",/a/0/0/5,equal,967,967,,,e3b0c44298fc1c149afbf4c8996fb92427ae41e4649b934ca495991b7852b855,e3b0c44298fc1c149afbf4c8996fb92427ae41e4649b934ca495991b7852b855,0,0,,
"포켓몬스터 하트골드 (Korea, IPKK, header ROM version 0)","포켓몬스터 소울실버 (Korea, IPGK, header ROM version 0)",/a/0/0/5,equal,968,968,,,83891d7fe85c33e52c8b4e5814c92fb6a3b9467299200538a6babaa8b452d879,83891d7fe85c33e52c8b4e5814c92fb6a3b9467299200538a6babaa8b452d879,1,1,,
"포켓몬스터 하트골드 (Korea, IPKK, header ROM version 0)","포켓몬스터 소울실버 (Korea, IPGK, header ROM version 0)",/a/0/0/5,equal,969,969,,,e3b0c44298fc1c149afbf4c8996fb92427ae41e4649b934ca495991b7852b855,e3b0c44298fc1c149afbf4c8996fb92427ae41e4649b934ca495991b7852b855,0,0,,
"포켓몬스터 하트골드 (Korea, IPKK, header ROM version 0)","포켓몬스터 소울실버 (Korea, IPGK, header ROM version 0)",/a/0/0/5,equal,970,970,,,e7cf46a078fed4fafd0b5e3aff144802b853f8ae459a4f0c14add3314b7cc3a6,e7cf46a078fed4fafd0b5e3aff144802b853f8ae459a4f0c14add3314b7cc3a6,1,1,,
"포켓몬스터 하트골드 (Korea, IPKK, header ROM version 0)","포켓몬스터 소울실버 (Korea, IPGK, header ROM version 0)",/a/0/0/5,equal,971,971,,,e3b0c44298fc1c149afbf4c8996fb92427ae41e4649b934ca495991b7852b855,e3b0c44298fc1c149afbf4c8996fb92427ae41e4649b934ca495991b7852b855,0,0,,
"포켓몬스터 하트골드 (Korea, IPKK, header ROM version 0)","포켓몬스터 소울실버 (Korea, IPGK, header ROM version 0)",/a/0/0/5,equal,972,972,,,e3b0c44298fc1c149afbf4c8996fb92427ae41e4649b934ca495991b7852b855,e3b0c44298fc1c149afbf4c8996fb92427ae41e4649b934ca495991b7852b855,0,0,,
"포켓몬스터 하트골드 (Korea, IPKK, header ROM version 0)","포켓몬스터 소울실버 (Korea, IPGK, header ROM version 0)",/a/0/0/5,equal,973,973,,,beead77994cf573341ec17b58bbf7eb34d2711c993c1d976b128b3188dc1829a,beead77994cf573341ec17b58bbf7eb34d2711c993c1d976b128b3188dc1829a,1,1,,
"포켓몬스터 하트골드 (Korea, IPKK, header ROM version 0)","포켓몬스터 소울실버 (Korea, IPGK, header ROM version 0)",/a/0/0/5,equal,974,974,,,e3b0c44298fc1c149afbf4c8996fb92427ae41e4649b934ca495991b7852b855,e3b0c44298fc1c149afbf4c8996fb92427ae41e4649b934ca495991b7852b855,0,0,,
"포켓몬스터 하트골드 (Korea, IPKK, header ROM version 0)","포켓몬스터 소울실버 (Korea, IPGK, header ROM version 0)",/a/0/0/5,equal,975,975,,,2b4c342f5433ebe591a1da77e013d1b72475562d48578dca8b84bac6651c3cb9,2b4c342f5433ebe591a1da77e013d1b72475562d48578dca8b84bac6651c3cb9,1,1,,
"포켓몬스터 하트골드 (Korea, IPKK, header ROM version 0)","포켓몬스터 소울실버 (Korea, IPGK, header ROM version 0)",/a/0/0/5,equal,976,976,,,e3b0c44298fc1c149afbf4c8996fb92427ae41e4649b934ca495991b7852b855,e3b0c44298fc1c149afbf4c8996fb92427ae41e4649b934ca495991b7852b855,0,0,,
"포켓몬스터 하트골드 (Korea, IPKK, header ROM version 0)","포켓몬스터 소울실버 (Korea, IPGK, header ROM version 0)",/a/0/0/5,equal,977,977,,,9d1e0e2d9459d06523ad13e28a4093c2316baafe7aec5b25f30eba2e113599c4,9d1e0e2d9459d06523ad13e28a4093c2316baafe7aec5b25f30eba2e113599c4,1,1,,
"포켓몬스터 하트골드 (Korea, IPKK, header ROM version 0)","포켓몬스터 소울실버 (Korea, IPGK, header ROM version 0)",/a/0/0/5,equal,978,978,,,e3b0c44298fc1c149afbf4c8996fb92427ae41e4649b934ca495991b7852b855,e3b0c44298fc1c149afbf4c8996fb92427ae41e4649b934ca495991b7852b855,0,0,,
"포켓몬스터 하트골드 (Korea, IPKK, header ROM version 0)","포켓몬스터 소울실버 (Korea, IPGK, header ROM version 0)",/a/0/0/5,equal,979,979,,,e77b9a9ae9e30b0dbdb6f510a264ef9de781501d7b6b92ae89eb059c5ab743db,e77b9a9ae9e30b0dbdb6f510a264ef9de781501d7b6b92ae89eb059c5ab743db,1,1,,
"포켓몬스터 하트골드 (Korea, IPKK, header ROM version 0)","포켓몬스터 소울실버 (Korea, IPGK, header ROM version 0)",/a/0/0/5,equal,980,980,,,e3b0c44298fc1c149afbf4c8996fb92427ae41e4649b934ca495991b7852b855,e3b0c44298fc1c149afbf4c8996fb92427ae41e4649b934ca495991b7852b855,0,0,,
"포켓몬스터 하트골드 (Korea, IPKK, header ROM version 0)","포켓몬스터 소울실버 (Korea, IPGK, header ROM version 0)",/a/0/0/5,equal,981,981,,,6e340b9cffb37a989ca544e6bb780a2c78901d3fb33738768511a30617afa01d,6e340b9cffb37a989ca544e6bb780a2c78901d3fb33738768511a30617afa01d,1,1,,
"포켓몬스터 하트골드 (Korea, IPKK, header ROM version 0)","포켓몬스터 소울실버 (Korea, IPGK, header ROM version 0)",/a/0/0/5,equal,982,982,,,e3b0c44298fc1c149afbf4c8996fb92427ae41e4649b934ca495991b7852b855,e3b0c44298fc1c149afbf4c8996fb92427ae41e4649b934ca495991b7852b855,0,0,,
"포켓몬스터 하트골드 (Korea, IPKK, header ROM version 0)","포켓몬스터 소울실버 (Korea, IPGK, header ROM version 0)",/a/0/0/5,equal,983,983,,,67586e98fad27da0b9968bc039a1ef34c939b9b8e523a8bef89d478608c5ecf6,67586e98fad27da0b9968bc039a1ef34c939b9b8e523a8bef89d478608c5ecf6,1,1,,
"포켓몬스터 하트골드 (Korea, IPKK, header ROM version 0)","포켓몬스터 소울실버 (Korea, IPGK, header ROM version 0)",/a/0/0/5,equal,984,984,,,ca358758f6d27e6cf45272937977a748fd88391db679ceda7dc7bf1f005ee879,ca358758f6d27e6cf45272937977a748fd88391db679ceda7dc7bf1f005ee879,1,1,,
"포켓몬스터 하트골드 (Korea, IPKK, header ROM version 0)","포켓몬스터 소울실버 (Korea, IPGK, header ROM version 0)",/a/0/0/5,equal,985,985,,,ca358758f6d27e6cf45272937977a748fd88391db679ceda7dc7bf1f005ee879,ca358758f6d27e6cf45272937977a748fd88391db679ceda7dc7bf1f005ee879,1,1,,
"포켓몬스터 하트골드 (Korea, IPKK, header ROM version 0)","포켓몬스터 소울실버 (Korea, IPGK, header ROM version 0)",/a/0/0/5,equal,986,986,,,f299791cddd3d6664f6670842812ef6053eb6501bd6282a476bbbf3ee91e750c,f299791cddd3d6664f6670842812ef6053eb6501bd6282a476bbbf3ee91e750c,1,1,,
"포켓몬스터 하트골드 (Korea, IPKK, header ROM version 0)","포켓몬스터 소울실버 (Korea, IPGK, header ROM version 0)",/a/0/0/5,equal,987,987,,,f299791cddd3d6664f6670842812ef6053eb6501bd6282a476bbbf3ee91e750c,f299791cddd3d6664f6670842812ef6053eb6501bd6282a476bbbf3ee91e750c,1,1,,
"포켓몬스터 하트골드 (Korea, IPKK, header ROM version 0)","포켓몬스터 소울실버 (Korea, IPGK, header ROM version 0)",/a/0/0/5,equal,988,988,,,2b4c342f5433ebe591a1da77e013d1b72475562d48578dca8b84bac6651c3cb9,2b4c342f5433ebe591a1da77e013d1b72475562d48578dca8b84bac6651c3cb9,1,1,,
"포켓몬스터 하트골드 (Korea, IPKK, header ROM version 0)","포켓몬스터 소울실버 (Korea, IPGK, header ROM version 0)",/a/0/0/5,equal,989,989,,,2b4c342f5433ebe591a1da77e013d1b72475562d48578dca8b84bac6651c3cb9,2b4c342f5433ebe591a1da77e013d1b72475562d48578dca8b84bac6651c3cb9,1,1,,
"포켓몬스터 하트골드 (Korea, IPKK, header ROM version 0)","포켓몬스터 소울실버 (Korea, IPGK, header ROM version 0)",/a/0/0/5,equal,990,990,,,f299791cddd3d6664f6670842812ef6053eb6501bd6282a476bbbf3ee91e750c,f299791cddd3d6664f6670842812ef6053eb6501bd6282a476bbbf3ee91e750c,1,1,,
"포켓몬스터 하트골드 (Korea, IPKK, header ROM version 0)","포켓몬스터 소울실버 (Korea, IPGK, header ROM version 0)",/a/0/0/5,equal,991,991,,,f299791cddd3d6664f6670842812ef6053eb6501bd6282a476bbbf3ee91e750c,f299791cddd3d6664f6670842812ef6053eb6501bd6282a476bbbf3ee91e750c,1,1,,
"포켓몬스터 하트골드 (Korea, IPKK, header ROM version 0)","포켓몬스터 소울실버 (Korea, IPGK, header ROM version 0)",/a/0/0/5,equal,992,992,,,dbc1b4c900ffe48d575b5da5c638040125f65db0fe3e24494b76ea986457d986,dbc1b4c900ffe48d575b5da5c638040125f65db0fe3e24494b76ea986457d986,1,1,,
"포켓몬스터 하트골드 (Korea, IPKK, header ROM version 0)","포켓몬스터 소울실버 (Korea, IPGK, header ROM version 0)",/a/0/0/5,equal,993,993,,,dbc1b4c900ffe48d575b5da5c638040125f65db0fe3e24494b76ea986457d986,dbc1b4c900ffe48d575b5da5c638040125f65db0fe3e24494b76ea986457d986,1,1,,
"포켓몬스터 하트골드 (Korea, IPKK, header ROM version 0)","포켓몬스터 소울실버 (Korea, IPGK, header ROM version 0)",/a/0/0/5,equal,994,994,,,e77b9a9ae9e30b0dbdb6f510a264ef9de781501d7b6b92ae89eb059c5ab743db,e77b9a9ae9e30b0dbdb6f510a264ef9de781501d7b6b92ae89eb059c5ab743db,1,1,,
"포켓몬스터 하트골드 (Korea, IPKK, header ROM version 0)","포켓몬스터 소울실버 (Korea, IPGK, header ROM version 0)",/a/0/0/5,equal,995,995,,,e77b9a9ae9e30b0dbdb6f510a264ef9de781501d7b6b92ae89eb059c5ab743db,e77b9a9ae9e30b0dbdb6f510a264ef9de781501d7b6b92ae89eb059c5ab743db,1,1,,
"포켓몬스터 하트골드 (Korea, IPKK, header ROM version 0)","포켓몬스터 소울실버 (Korea, IPGK, header ROM version 0)",/a/0/0/5,equal,996,996,,,e3b0c44298fc1c149afbf4c8996fb92427ae41e4649b934ca495991b7852b855,e3b0c44298fc1c149afbf4c8996fb92427ae41e4649b934ca495991b7852b855,0,0,,
"포켓몬스터 하트골드 (Korea, IPKK, header ROM version 0)","포켓몬스터 소울실버 (Korea, IPGK, header ROM version 0)",/a/0/0/5,equal,997,997,,,6e340b9cffb37a989ca544e6bb780a2c78901d3fb33738768511a30617afa01d,6e340b9cffb37a989ca544e6bb780a2c78901d3fb33738768511a30617afa01d,1,1,,
"포켓몬스터 하트골드 (Korea, IPKK, header ROM version 0)","포켓몬스터 소울실버 (Korea, IPGK, header ROM version 0)",/a/0/0/5,equal,998,998,,,e3b0c44298fc1c149afbf4c8996fb92427ae41e4649b934ca495991b7852b855,e3b0c44298fc1c149afbf4c8996fb92427ae41e4649b934ca495991b7852b855,0,0,,
"포켓몬스터 하트골드 (Korea, IPKK, header ROM version 0)","포켓몬스터 소울실버 (Korea, IPGK, header ROM version 0)",/a/0/0/5,equal,999,999,,,084fed08b978af4d7d196a7446a86b58009e636b611db16211b65a9aadff29c5,084fed08b978af4d7d196a7446a86b58009e636b611db16211b65a9aadff29c5,1,1,,
"포켓몬스터 하트골드 (Korea, IPKK, header ROM version 0)","포켓몬스터 소울실버 (Korea, IPGK, header ROM version 0)",/a/0/0/5,equal,1000,1000,,,e3b0c44298fc1c149afbf4c8996fb92427ae41e4649b934ca495991b7852b855,e3b0c44298fc1c149afbf4c8996fb92427ae41e4649b934ca495991b7852b855,0,0,,
"포켓몬스터 하트골드 (Korea, IPKK, header ROM version 0)","포켓몬스터 소울실버 (Korea, IPGK, header ROM version 0)",/a/0/0/5,equal,1001,1001,,,dbc1b4c900ffe48d575b5da5c638040125f65db0fe3e24494b76ea986457d986,dbc1b4c900ffe48d575b5da5c638040125f65db0fe3e24494b76ea986457d986,1,1,,
"포켓몬스터 하트골드 (Korea, IPKK, header ROM version 0)","포켓몬스터 소울실버 (Korea, IPGK, header ROM version 0)",/a/0/0/5,equal,1002,1002,,,e3b0c44298fc1c149afbf4c8996fb92427ae41e4649b934ca495991b7852b855,e3b0c44298fc1c149afbf4c8996fb92427ae41e4649b934ca495991b7852b855,0,0,,
"포켓몬스터 하트골드 (Korea, IPKK, header ROM version 0)","포켓몬스터 소울실버 (Korea, IPGK, header ROM version 0)",/a/0/0/5,equal,1003,1003,,,6e340b9cffb37a989ca544e6bb780a2c78901d3fb33738768511a30617afa01d,6e340b9cffb37a989ca544e6bb780a2c78901d3fb33738768511a30617afa01d,1,1,,
"포켓몬스터 하트골드 (Korea, IPKK, header ROM version 0)","포켓몬스터 소울실버 (Korea, IPGK, header ROM version 0)",/a/0/0/5,equal,1004,1004,,,e3b0c44298fc1c149afbf4c8996fb92427ae41e4649b934ca495991b7852b855,e3b0c44298fc1c149afbf4c8996fb92427ae41e4649b934ca495991b7852b855,0,0,,
"포켓몬스터 하트골드 (Korea, IPKK, header ROM version 0)","포켓몬스터 소울실버 (Korea, IPGK, header ROM version 0)",/a/0/0/5,equal,1005,1005,,,2b4c342f5433ebe591a1da77e013d1b72475562d48578dca8b84bac6651c3cb9,2b4c342f5433ebe591a1da77e013d1b72475562d48578dca8b84bac6651c3cb9,1,1,,
"포켓몬스터 하트골드 (Korea, IPKK, header ROM version 0)","포켓몬스터 소울실버 (Korea, IPGK, header ROM version 0)",/a/0/0/5,equal,1006,1006,,,e3b0c44298fc1c149afbf4c8996fb92427ae41e4649b934ca495991b7852b855,e3b0c44298fc1c149afbf4c8996fb92427ae41e4649b934ca495991b7852b855,0,0,,
"포켓몬스터 하트골드 (Korea, IPKK, header ROM version 0)","포켓몬스터 소울실버 (Korea, IPGK, header ROM version 0)",/a/0/0/5,equal,1007,1007,,,83891d7fe85c33e52c8b4e5814c92fb6a3b9467299200538a6babaa8b452d879,83891d7fe85c33e52c8b4e5814c92fb6a3b9467299200538a6babaa8b452d879,1,1,,
"포켓몬스터 하트골드 (Korea, IPKK, header ROM version 0)","포켓몬스터 소울실버 (Korea, IPGK, header ROM version 0)",/a/0/0/5,equal,1008,1008,,,ef6cbd2161eaea7943ce8693b9824d23d1793ffb1c0fca05b600d3899b44c977,ef6cbd2161eaea7943ce8693b9824d23d1793ffb1c0fca05b600d3899b44c977,1,1,,
"포켓몬스터 하트골드 (Korea, IPKK, header ROM version 0)","포켓몬스터 소울실버 (Korea, IPGK, header ROM version 0)",/a/0/0/5,equal,1009,1009,,,ef6cbd2161eaea7943ce8693b9824d23d1793ffb1c0fca05b600d3899b44c977,ef6cbd2161eaea7943ce8693b9824d23d1793ffb1c0fca05b600d3899b44c977,1,1,,
"포켓몬스터 하트골드 (Korea, IPKK, header ROM version 0)","포켓몬스터 소울실버 (Korea, IPGK, header ROM version 0)",/a/0/0/5,equal,1010,1010,,,dc0e9c3658a1a3ed1ec94274d8b19925c93e1abb7ddba294923ad9bde30f8cb8,dc0e9c3658a1a3ed1ec94274d8b19925c93e1abb7ddba294923ad9bde30f8cb8,1,1,,
"포켓몬스터 하트골드 (Korea, IPKK, header ROM version 0)","포켓몬스터 소울실버 (Korea, IPGK, header ROM version 0)",/a/0/0/5,equal,1011,1011,,,dc0e9c3658a1a3ed1ec94274d8b19925c93e1abb7ddba294923ad9bde30f8cb8,dc0e9c3658a1a3ed1ec94274d8b19925c93e1abb7ddba294923ad9bde30f8cb8,1,1,,
"포켓몬스터 하트골드 (Korea, IPKK, header ROM version 0)","포켓몬스터 소울실버 (Korea, IPGK, header ROM version 0)",/a/0/0/5,equal,1012,1012,,,beead77994cf573341ec17b58bbf7eb34d2711c993c1d976b128b3188dc1829a,beead77994cf573341ec17b58bbf7eb34d2711c993c1d976b128b3188dc1829a,1,1,,
"포켓몬스터 하트골드 (Korea, IPKK, header ROM version 0)","포켓몬스터 소울실버 (Korea, IPGK, header ROM version 0)",/a/0/0/5,equal,1013,1013,,,beead77994cf573341ec17b58bbf7eb34d2711c993c1d976b128b3188dc1829a,beead77994cf573341ec17b58bbf7eb34d2711c993c1d976b128b3188dc1829a,1,1,,
"포켓몬스터 하트골드 (Korea, IPKK, header ROM version 0)","포켓몬스터 소울실버 (Korea, IPGK, header ROM version 0)",/a/0/0/5,equal,1014,1014,,,e7cf46a078fed4fafd0b5e3aff144802b853f8ae459a4f0c14add3314b7cc3a6,e7cf46a078fed4fafd0b5e3aff144802b853f8ae459a4f0c14add3314b7cc3a6,1,1,,
"포켓몬스터 하트골드 (Korea, IPKK, header ROM version 0)","포켓몬스터 소울실버 (Korea, IPGK, header ROM version 0)",/a/0/0/5,equal,1015,1015,,,e7cf46a078fed4fafd0b5e3aff144802b853f8ae459a4f0c14add3314b7cc3a6,e7cf46a078fed4fafd0b5e3aff144802b853f8ae459a4f0c14add3314b7cc3a6,1,1,,
"포켓몬스터 하트골드 (Korea, IPKK, header ROM version 0)","포켓몬스터 소울실버 (Korea, IPGK, header ROM version 0)",/a/0/0/5,equal,1016,1016,,,beead77994cf573341ec17b58bbf7eb34d2711c993c1d976b128b3188dc1829a,beead77994cf573341ec17b58bbf7eb34d2711c993c1d976b128b3188dc1829a,1,1,,
"포켓몬스터 하트골드 (Korea, IPKK, header ROM version 0)","포켓몬스터 소울실버 (Korea, IPGK, header ROM version 0)",/a/0/0/5,equal,1017,1017,,,beead77994cf573341ec17b58bbf7eb34d2711c993c1d976b128b3188dc1829a,beead77994cf573341ec17b58bbf7eb34d2711c993c1d976b128b3188dc1829a,1,1,,
"포켓몬스터 하트골드 (Korea, IPKK, header ROM version 0)","포켓몬스터 소울실버 (Korea, IPGK, header ROM version 0)",/a/0/0/5,equal,1018,1018,,,ca358758f6d27e6cf45272937977a748fd88391db679ceda7dc7bf1f005ee879,ca358758f6d27e6cf45272937977a748fd88391db679ceda7dc7bf1f005ee879,1,1,,
"포켓몬스터 하트골드 (Korea, IPKK, header ROM version 0)","포켓몬스터 소울실버 (Korea, IPGK, header ROM version 0)",/a/0/0/5,equal,1019,1019,,,ca358758f6d27e6cf45272937977a748fd88391db679ceda7dc7bf1f005ee879,ca358758f6d27e6cf45272937977a748fd88391db679ceda7dc7bf1f005ee879,1,1,,
"포켓몬스터 하트골드 (Korea, IPKK, header ROM version 0)","포켓몬스터 소울실버 (Korea, IPGK, header ROM version 0)",/a/0/0/5,equal,1020,1020,,,9d1e0e2d9459d06523ad13e28a4093c2316baafe7aec5b25f30eba2e113599c4,9d1e0e2d9459d06523ad13e28a4093c2316baafe7aec5b25f30eba2e113599c4,1,1,,
"포켓몬스터 하트골드 (Korea, IPKK, header ROM version 0)","포켓몬스터 소울실버 (Korea, IPGK, header ROM version 0)",/a/0/0/5,equal,1021,1021,,,9d1e0e2d9459d06523ad13e28a4093c2316baafe7aec5b25f30eba2e113599c4,9d1e0e2d9459d06523ad13e28a4093c2316baafe7aec5b25f30eba2e113599c4,1,1,,
"포켓몬스터 하트골드 (Korea, IPKK, header ROM version 0)","포켓몬스터 소울실버 (Korea, IPGK, header ROM version 0)",/a/0/0/5,equal,1022,1022,,,f299791cddd3d6664f6670842812ef6053eb6501bd6282a476bbbf3ee91e750c,f299791cddd3d6664f6670842812ef6053eb6501bd6282a476bbbf3ee91e750c,1,1,,
"포켓몬스터 하트골드 (Korea, IPKK, header ROM version 0)","포켓몬스터 소울실버 (Korea, IPGK, header ROM version 0)",/a/0/0/5,equal,1023,1023,,,f299791cddd3d6664f6670842812ef6053eb6501bd6282a476bbbf3ee91e750c,f299791cddd3d6664f6670842812ef6053eb6501bd6282a476bbbf3ee91e750c,1,1,,
"포켓몬스터 하트골드 (Korea, IPKK, header ROM version 0)","포켓몬스터 소울실버 (Korea, IPGK, header ROM version 0)",/a/0/0/5,equal,1024,1024,,,6e340b9cffb37a989ca544e6bb780a2c78901d3fb33738768511a30617afa01d,6e340b9cffb37a989ca544e6bb780a2c78901d3fb33738768511a30617afa01d,1,1,,
"포켓몬스터 하트골드 (Korea, IPKK, header ROM version 0)","포켓몬스터 소울실버 (Korea, IPGK, header ROM version 0)",/a/0/0/5,equal,1025,1025,,,6e340b9cffb37a989ca544e6bb780a2c78901d3fb33738768511a30617afa01d,6e340b9cffb37a989ca544e6bb780a2c78901d3fb33738768511a30617afa01d,1,1,,
"포켓몬스터 하트골드 (Korea, IPKK, header ROM version 0)","포켓몬스터 소울실버 (Korea, IPGK, header ROM version 0)",/a/0/0/5,equal,1026,1026,,,e7cf46a078fed4fafd0b5e3aff144802b853f8ae459a4f0c14add3314b7cc3a6,e7cf46a078fed4fafd0b5e3aff144802b853f8ae459a4f0c14add3314b7cc3a6,1,1,,
"포켓몬스터 하트골드 (Korea, IPKK, header ROM version 0)","포켓몬스터 소울실버 (Korea, IPGK, header ROM version 0)",/a/0/0/5,equal,1027,1027,,,2b4c342f5433ebe591a1da77e013d1b72475562d48578dca8b84bac6651c3cb9,2b4c342f5433ebe591a1da77e013d1b72475562d48578dca8b84bac6651c3cb9,1,1,,
"포켓몬스터 하트골드 (Korea, IPKK, header ROM version 0)","포켓몬스터 소울실버 (Korea, IPGK, header ROM version 0)",/a/0/0/5,equal,1028,1028,,,6e340b9cffb37a989ca544e6bb780a2c78901d3fb33738768511a30617afa01d,6e340b9cffb37a989ca544e6bb780a2c78901d3fb33738768511a30617afa01d,1,1,,
"포켓몬스터 하트골드 (Korea, IPKK, header ROM version 0)","포켓몬스터 소울실버 (Korea, IPGK, header ROM version 0)",/a/0/0/5,equal,1029,1029,,,6e340b9cffb37a989ca544e6bb780a2c78901d3fb33738768511a30617afa01d,6e340b9cffb37a989ca544e6bb780a2c78901d3fb33738768511a30617afa01d,1,1,,
"포켓몬스터 하트골드 (Korea, IPKK, header ROM version 0)","포켓몬스터 소울실버 (Korea, IPGK, header ROM version 0)",/a/0/0/5,equal,1030,1030,,,e77b9a9ae9e30b0dbdb6f510a264ef9de781501d7b6b92ae89eb059c5ab743db,e77b9a9ae9e30b0dbdb6f510a264ef9de781501d7b6b92ae89eb059c5ab743db,1,1,,
"포켓몬스터 하트골드 (Korea, IPKK, header ROM version 0)","포켓몬스터 소울실버 (Korea, IPGK, header ROM version 0)",/a/0/0/5,equal,1031,1031,,,e52d9c508c502347344d8c07ad91cbd6068afc75ff6292f062a09ca381c89e71,e52d9c508c502347344d8c07ad91cbd6068afc75ff6292f062a09ca381c89e71,1,1,,
"포켓몬스터 하트골드 (Korea, IPKK, header ROM version 0)","포켓몬스터 소울실버 (Korea, IPGK, header ROM version 0)",/a/0/0/5,equal,1032,1032,,,9d1e0e2d9459d06523ad13e28a4093c2316baafe7aec5b25f30eba2e113599c4,9d1e0e2d9459d06523ad13e28a4093c2316baafe7aec5b25f30eba2e113599c4,1,1,,
"포켓몬스터 하트골드 (Korea, IPKK, header ROM version 0)","포켓몬스터 소울실버 (Korea, IPGK, header ROM version 0)",/a/0/0/5,equal,1033,1033,,,9d1e0e2d9459d06523ad13e28a4093c2316baafe7aec5b25f30eba2e113599c4,9d1e0e2d9459d06523ad13e28a4093c2316baafe7aec5b25f30eba2e113599c4,1,1,,
"포켓몬스터 하트골드 (Korea, IPKK, header ROM version 0)","포켓몬스터 소울실버 (Korea, IPGK, header ROM version 0)",/a/0/0/5,equal,1034,1034,,,83891d7fe85c33e52c8b4e5814c92fb6a3b9467299200538a6babaa8b452d879,83891d7fe85c33e52c8b4e5814c92fb6a3b9467299200538a6babaa8b452d879,1,1,,
"포켓몬스터 하트골드 (Korea, IPKK, header ROM version 0)","포켓몬스터 소울실버 (Korea, IPGK, header ROM version 0)",/a/0/0/5,equal,1035,1035,,,83891d7fe85c33e52c8b4e5814c92fb6a3b9467299200538a6babaa8b452d879,83891d7fe85c33e52c8b4e5814c92fb6a3b9467299200538a6babaa8b452d879,1,1,,
"포켓몬스터 하트골드 (Korea, IPKK, header ROM version 0)","포켓몬스터 소울실버 (Korea, IPGK, header ROM version 0)",/a/0/0/5,equal,1036,1036,,,6e340b9cffb37a989ca544e6bb780a2c78901d3fb33738768511a30617afa01d,6e340b9cffb37a989ca544e6bb780a2c78901d3fb33738768511a30617afa01d,1,1,,
"포켓몬스터 하트골드 (Korea, IPKK, header ROM version 0)","포켓몬스터 소울실버 (Korea, IPGK, header ROM version 0)",/a/0/0/5,equal,1037,1037,,,6e340b9cffb37a989ca544e6bb780a2c78901d3fb33738768511a30617afa01d,6e340b9cffb37a989ca544e6bb780a2c78901d3fb33738768511a30617afa01d,1,1,,
"포켓몬스터 하트골드 (Korea, IPKK, header ROM version 0)","포켓몬스터 소울실버 (Korea, IPGK, header ROM version 0)",/a/0/0/5,equal,1038,1038,,,4d7b3ef7300acf70c892d8327db8272f54434adbc61a4e130a563cb59a0d0f47,4d7b3ef7300acf70c892d8327db8272f54434adbc61a4e130a563cb59a0d0f47,1,1,,
"포켓몬스터 하트골드 (Korea, IPKK, header ROM version 0)","포켓몬스터 소울실버 (Korea, IPGK, header ROM version 0)",/a/0/0/5,equal,1039,1039,,,4d7b3ef7300acf70c892d8327db8272f54434adbc61a4e130a563cb59a0d0f47,4d7b3ef7300acf70c892d8327db8272f54434adbc61a4e130a563cb59a0d0f47,1,1,,
"포켓몬스터 하트골드 (Korea, IPKK, header ROM version 0)","포켓몬스터 소울실버 (Korea, IPGK, header ROM version 0)",/a/0/0/5,equal,1040,1040,,,beead77994cf573341ec17b58bbf7eb34d2711c993c1d976b128b3188dc1829a,beead77994cf573341ec17b58bbf7eb34d2711c993c1d976b128b3188dc1829a,1,1,,
"포켓몬스터 하트골드 (Korea, IPKK, header ROM version 0)","포켓몬스터 소울실버 (Korea, IPGK, header ROM version 0)",/a/0/0/5,equal,1041,1041,,,beead77994cf573341ec17b58bbf7eb34d2711c993c1d976b128b3188dc1829a,beead77994cf573341ec17b58bbf7eb34d2711c993c1d976b128b3188dc1829a,1,1,,
"포켓몬스터 하트골드 (Korea, IPKK, header ROM version 0)","포켓몬스터 소울실버 (Korea, IPGK, header ROM version 0)",/a/0/0/5,equal,1042,1042,,,beead77994cf573341ec17b58bbf7eb34d2711c993c1d976b128b3188dc1829a,beead77994cf573341ec17b58bbf7eb34d2711c993c1d976b128b3188dc1829a,1,1,,
"포켓몬스터 하트골드 (Korea, IPKK, header ROM version 0)","포켓몬스터 소울실버 (Korea, IPGK, header ROM version 0)",/a/0/0/5,equal,1043,1043,,,beead77994cf573341ec17b58bbf7eb34d2711c993c1d976b128b3188dc1829a,beead77994cf573341ec17b58bbf7eb34d2711c993c1d976b128b3188dc1829a,1,1,,
"포켓몬스터 하트골드 (Korea, IPKK, header ROM version 0)","포켓몬스터 소울실버 (Korea, IPGK, header ROM version 0)",/a/0/0/5,equal,1044,1044,,,6e340b9cffb37a989ca544e6bb780a2c78901d3fb33738768511a30617afa01d,6e340b9cffb37a989ca544e6bb780a2c78901d3fb33738768511a30617afa01d,1,1,,
"포켓몬스터 하트골드 (Korea, IPKK, header ROM version 0)","포켓몬스터 소울실버 (Korea, IPGK, header ROM version 0)",/a/0/0/5,equal,1045,1045,,,6e340b9cffb37a989ca544e6bb780a2c78901d3fb33738768511a30617afa01d,6e340b9cffb37a989ca544e6bb780a2c78901d3fb33738768511a30617afa01d,1,1,,
"포켓몬스터 하트골드 (Korea, IPKK, header ROM version 0)","포켓몬스터 소울실버 (Korea, IPGK, header ROM version 0)",/a/0/0/5,equal,1046,1046,,,83891d7fe85c33e52c8b4e5814c92fb6a3b9467299200538a6babaa8b452d879,83891d7fe85c33e52c8b4e5814c92fb6a3b9467299200538a6babaa8b452d879,1,1,,
"포켓몬스터 하트골드 (Korea, IPKK, header ROM version 0)","포켓몬스터 소울실버 (Korea, IPGK, header ROM version 0)",/a/0/0/5,equal,1047,1047,,,83891d7fe85c33e52c8b4e5814c92fb6a3b9467299200538a6babaa8b452d879,83891d7fe85c33e52c8b4e5814c92fb6a3b9467299200538a6babaa8b452d879,1,1,,
"포켓몬스터 하트골드 (Korea, IPKK, header ROM version 0)","포켓몬스터 소울실버 (Korea, IPGK, header ROM version 0)",/a/0/0/5,equal,1048,1048,,,6e340b9cffb37a989ca544e6bb780a2c78901d3fb33738768511a30617afa01d,6e340b9cffb37a989ca544e6bb780a2c78901d3fb33738768511a30617afa01d,1,1,,
"포켓몬스터 하트골드 (Korea, IPKK, header ROM version 0)","포켓몬스터 소울실버 (Korea, IPGK, header ROM version 0)",/a/0/0/5,equal,1049,1049,,,6e340b9cffb37a989ca544e6bb780a2c78901d3fb33738768511a30617afa01d,6e340b9cffb37a989ca544e6bb780a2c78901d3fb33738768511a30617afa01d,1,1,,
"포켓몬스터 하트골드 (Korea, IPKK, header ROM version 0)","포켓몬스터 소울실버 (Korea, IPGK, header ROM version 0)",/a/0/0/5,equal,1050,1050,,,e7cf46a078fed4fafd0b5e3aff144802b853f8ae459a4f0c14add3314b7cc3a6,e7cf46a078fed4fafd0b5e3aff144802b853f8ae459a4f0c14add3314b7cc3a6,1,1,,
"포켓몬스터 하트골드 (Korea, IPKK, header ROM version 0)","포켓몬스터 소울실버 (Korea, IPGK, header ROM version 0)",/a/0/0/5,equal,1051,1051,,,e7cf46a078fed4fafd0b5e3aff144802b853f8ae459a4f0c14add3314b7cc3a6,e7cf46a078fed4fafd0b5e3aff144802b853f8ae459a4f0c14add3314b7cc3a6,1,1,,
"포켓몬스터 하트골드 (Korea, IPKK, header ROM version 0)","포켓몬스터 소울실버 (Korea, IPGK, header ROM version 0)",/a/0/0/5,equal,1052,1052,,,beead77994cf573341ec17b58bbf7eb34d2711c993c1d976b128b3188dc1829a,beead77994cf573341ec17b58bbf7eb34d2711c993c1d976b128b3188dc1829a,1,1,,
"포켓몬스터 하트골드 (Korea, IPKK, header ROM version 0)","포켓몬스터 소울실버 (Korea, IPGK, header ROM version 0)",/a/0/0/5,equal,1053,1053,,,beead77994cf573341ec17b58bbf7eb34d2711c993c1d976b128b3188dc1829a,beead77994cf573341ec17b58bbf7eb34d2711c993c1d976b128b3188dc1829a,1,1,,
"포켓몬스터 하트골드 (Korea, IPKK, header ROM version 0)","포켓몬스터 소울실버 (Korea, IPGK, header ROM version 0)",/a/0/0/5,equal,1054,1054,,,ab897fbdedfa502b2d839b6a56100887dccdc507555c282e59589e06300a62e2,ab897fbdedfa502b2d839b6a56100887dccdc507555c282e59589e06300a62e2,1,1,,
"포켓몬스터 하트골드 (Korea, IPKK, header ROM version 0)","포켓몬스터 소울실버 (Korea, IPGK, header ROM version 0)",/a/0/0/5,equal,1055,1055,,,ab897fbdedfa502b2d839b6a56100887dccdc507555c282e59589e06300a62e2,ab897fbdedfa502b2d839b6a56100887dccdc507555c282e59589e06300a62e2,1,1,,
"포켓몬스터 하트골드 (Korea, IPKK, header ROM version 0)","포켓몬스터 소울실버 (Korea, IPGK, header ROM version 0)",/a/0/0/5,equal,1056,1056,,,beead77994cf573341ec17b58bbf7eb34d2711c993c1d976b128b3188dc1829a,beead77994cf573341ec17b58bbf7eb34d2711c993c1d976b128b3188dc1829a,1,1,,
"포켓몬스터 하트골드 (Korea, IPKK, header ROM version 0)","포켓몬스터 소울실버 (Korea, IPGK, header ROM version 0)",/a/0/0/5,equal,1057,1057,,,beead77994cf573341ec17b58bbf7eb34d2711c993c1d976b128b3188dc1829a,beead77994cf573341ec17b58bbf7eb34d2711c993c1d976b128b3188dc1829a,1,1,,
"포켓몬스터 하트골드 (Korea, IPKK, header ROM version 0)","포켓몬스터 소울실버 (Korea, IPGK, header ROM version 0)",/a/0/0/5,equal,1058,1058,,,01ba4719c80b6fe911b091a7c05124b64eeece964e09c058ef8f9805daca546b,01ba4719c80b6fe911b091a7c05124b64eeece964e09c058ef8f9805daca546b,1,1,,
"포켓몬스터 하트골드 (Korea, IPKK, header ROM version 0)","포켓몬스터 소울실버 (Korea, IPGK, header ROM version 0)",/a/0/0/5,equal,1059,1059,,,01ba4719c80b6fe911b091a7c05124b64eeece964e09c058ef8f9805daca546b,01ba4719c80b6fe911b091a7c05124b64eeece964e09c058ef8f9805daca546b,1,1,,
"포켓몬스터 하트골드 (Korea, IPKK, header ROM version 0)","포켓몬스터 소울실버 (Korea, IPGK, header ROM version 0)",/a/0/0/5,equal,1060,1060,,,beead77994cf573341ec17b58bbf7eb34d2711c993c1d976b128b3188dc1829a,beead77994cf573341ec17b58bbf7eb34d2711c993c1d976b128b3188dc1829a,1,1,,
"포켓몬스터 하트골드 (Korea, IPKK, header ROM version 0)","포켓몬스터 소울실버 (Korea, IPGK, header ROM version 0)",/a/0/0/5,equal,1061,1061,,,beead77994cf573341ec17b58bbf7eb34d2711c993c1d976b128b3188dc1829a,beead77994cf573341ec17b58bbf7eb34d2711c993c1d976b128b3188dc1829a,1,1,,
"포켓몬스터 하트골드 (Korea, IPKK, header ROM version 0)","포켓몬스터 소울실버 (Korea, IPGK, header ROM version 0)",/a/0/0/5,equal,1062,1062,,,8f11b05da785e43e713d03774c6bd3405d99cd3024af334ffd68db663aa37034,8f11b05da785e43e713d03774c6bd3405d99cd3024af334ffd68db663aa37034,1,1,,
"포켓몬스터 하트골드 (Korea, IPKK, header ROM version 0)","포켓몬스터 소울실버 (Korea, IPGK, header ROM version 0)",/a/0/0/5,equal,1063,1063,,,8f11b05da785e43e713d03774c6bd3405d99cd3024af334ffd68db663aa37034,8f11b05da785e43e713d03774c6bd3405d99cd3024af334ffd68db663aa37034,1,1,,
"포켓몬스터 하트골드 (Korea, IPKK, header ROM version 0)","포켓몬스터 소울실버 (Korea, IPGK, header ROM version 0)",/a/0/0/5,equal,1064,1064,,,c555eab45d08845ae9f10d452a99bfcb06f74a50b988fe7e48dd323789b88ee3,c555eab45d08845ae9f10d452a99bfcb06f74a50b988fe7e48dd323789b88ee3,1,1,Nintendo LZ10,Nintendo LZ10
"포켓몬스터 하트골드 (Korea, IPKK, header ROM version 0)","포켓몬스터 소울실버 (Korea, IPGK, header ROM version 0)",/a/0/0/5,equal,1065,1065,,,c555eab45d08845ae9f10d452a99bfcb06f74a50b988fe7e48dd323789b88ee3,c555eab45d08845ae9f10d452a99bfcb06f74a50b988fe7e48dd323789b88ee3,1,1,Nintendo LZ10,Nintendo LZ10
"포켓몬스터 하트골드 (Korea, IPKK, header ROM version 0)","포켓몬스터 소울실버 (Korea, IPGK, header ROM version 0)",/a/0/0/5,equal,1066,1066,,,2f0fd1e89b8de1d57292742ec380ea47066e307ad645f5bc3adad8a06ff58608,2f0fd1e89b8de1d57292742ec380ea47066e307ad645f5bc3adad8a06ff58608,1,1,,
"포켓몬스터 하트골드 (Korea, IPKK, header ROM version 0)","포켓몬스터 소울실버 (Korea, IPGK, header ROM version 0)",/a/0/0/5,equal,1067,1067,,,2f0fd1e89b8de1d57292742ec380ea47066e307ad645f5bc3adad8a06ff58608,2f0fd1e89b8de1d57292742ec380ea47066e307ad645f5bc3adad8a06ff58608,1,1,,
"포켓몬스터 하트골드 (Korea, IPKK, header ROM version 0)","포켓몬스터 소울실버 (Korea, IPGK, header ROM version 0)",/a/0/0/5,equal,1068,1068,,,6e340b9cffb37a989ca544e6bb780a2c78901d3fb33738768511a30617afa01d,6e340b9cffb37a989ca544e6bb780a2c78901d3fb33738768511a30617afa01d,1,1,,
"포켓몬스터 하트골드 (Korea, IPKK, header ROM version 0)","포켓몬스터 소울실버 (Korea, IPGK, header ROM version 0)",/a/0/0/5,equal,1069,1069,,,6e340b9cffb37a989ca544e6bb780a2c78901d3fb33738768511a30617afa01d,6e340b9cffb37a989ca544e6bb780a2c78901d3fb33738768511a30617afa01d,1,1,,
"포켓몬스터 하트골드 (Korea, IPKK, header ROM version 0)","포켓몬스터 소울실버 (Korea, IPGK, header ROM version 0)",/a/0/0/5,equal,1070,1070,,,4a64a107f0cb32536e5bce6c98c393db21cca7f4ea187ba8c4dca8b51d4ea80a,4a64a107f0cb32536e5bce6c98c393db21cca7f4ea187ba8c4dca8b51d4ea80a,1,1,Nintendo LZ11,Nintendo LZ11
"포켓몬스터 하트골드 (Korea, IPKK, header ROM version 0)","포켓몬스터 소울실버 (Korea, IPGK, header ROM version 0)",/a/0/0/5,equal,1071,1071,,,4a64a107f0cb32536e5bce6c98c393db21cca7f4ea187ba8c4dca8b51d4ea80a,4a64a107f0cb32536e5bce6c98c393db21cca7f4ea187ba8c4dca8b51d4ea80a,1,1,Nintendo LZ11,Nintendo LZ11
"포켓몬스터 하트골드 (Korea, IPKK, header ROM version 0)","포켓몬스터 소울실버 (Korea, IPGK, header ROM version 0)",/a/0/0/5,equal,1072,1072,,,beead77994cf573341ec17b58bbf7eb34d2711c993c1d976b128b3188dc1829a,beead77994cf573341ec17b58bbf7eb34d2711c993c1d976b128b3188dc1829a,1,1,,
"포켓몬스터 하트골드 (Korea, IPKK, header ROM version 0)","포켓몬스터 소울실버 (Korea, IPGK, header ROM version 0)",/a/0/0/5,equal,1073,1073,,,beead77994cf573341ec17b58bbf7eb34d2711c993c1d976b128b3188dc1829a,beead77994cf573341ec17b58bbf7eb34d2711c993c1d976b128b3188dc1829a,1,1,,
"포켓몬스터 하트골드 (Korea, IPKK, header ROM version 0)","포켓몬스터 소울실버 (Korea, IPGK, header ROM version 0)",/a/0/0/5,equal,1074,1074,,,f299791cddd3d6664f6670842812ef6053eb6501bd6282a476bbbf3ee91e750c,f299791cddd3d6664f6670842812ef6053eb6501bd6282a476bbbf3ee91e750c,1,1,,
"포켓몬스터 하트골드 (Korea, IPKK, header ROM version 0)","포켓몬스터 소울실버 (Korea, IPGK, header ROM version 0)",/a/0/0/5,equal,1075,1075,,,f299791cddd3d6664f6670842812ef6053eb6501bd6282a476bbbf3ee91e750c,f299791cddd3d6664f6670842812ef6053eb6501bd6282a476bbbf3ee91e750c,1,1,,
"포켓몬스터 하트골드 (Korea, IPKK, header ROM version 0)","포켓몬스터 소울실버 (Korea, IPGK, header ROM version 0)",/a/0/0/5,equal,1076,1076,,,6e340b9cffb37a989ca544e6bb780a2c78901d3fb33738768511a30617afa01d,6e340b9cffb37a989ca544e6bb780a2c78901d3fb33738768511a30617afa01d,1,1,,
"포켓몬스터 하트골드 (Korea, IPKK, header ROM version 0)","포켓몬스터 소울실버 (Korea, IPGK, header ROM version 0)",/a/0/0/5,equal,1077,1077,,,6e340b9cffb37a989ca544e6bb780a2c78901d3fb33738768511a30617afa01d,6e340b9cffb37a989ca544e6bb780a2c78901d3fb33738768511a30617afa01d,1,1,,
"포켓몬스터 하트골드 (Korea, IPKK, header ROM version 0)","포켓몬스터 소울실버 (Korea, IPGK, header ROM version 0)",/a/0/0/5,equal,1078,1078,,,4a64a107f0cb32536e5bce6c98c393db21cca7f4ea187ba8c4dca8b51d4ea80a,4a64a107f0cb32536e5bce6c98c393db21cca7f4ea187ba8c4dca8b51d4ea80a,1,1,Nintendo LZ11,Nintendo LZ11
"포켓몬스터 하트골드 (Korea, IPKK, header ROM version 0)","포켓몬스터 소울실버 (Korea, IPGK, header ROM version 0)",/a/0/0/5,equal,1079,1079,,,4a64a107f0cb32536e5bce6c98c393db21cca7f4ea187ba8c4dca8b51d4ea80a,4a64a107f0cb32536e5bce6c98c393db21cca7f4ea187ba8c4dca8b51d4ea80a,1,1,Nintendo LZ11,Nintendo LZ11
"포켓몬스터 하트골드 (Korea, IPKK, header ROM version 0)","포켓몬스터 소울실버 (Korea, IPGK, header ROM version 0)",/a/0/0/5,equal,1080,1080,,,c555eab45d08845ae9f10d452a99bfcb06f74a50b988fe7e48dd323789b88ee3,c555eab45d08845ae9f10d452a99bfcb06f74a50b988fe7e48dd323789b88ee3,1,1,Nintendo LZ10,Nintendo LZ10
"포켓몬스터 하트골드 (Korea, IPKK, header ROM version 0)","포켓몬스터 소울실버 (Korea, IPGK, header ROM version 0)",/a/0/0/5,equal,1081,1081,,,c555eab45d08845ae9f10d452a99bfcb06f74a50b988fe7e48dd323789b88ee3,c555eab45d08845ae9f10d452a99bfcb06f74a50b988fe7e48dd323789b88ee3,1,1,Nintendo LZ10,Nintendo LZ10
"포켓몬스터 하트골드 (Korea, IPKK, header ROM version 0)","포켓몬스터 소울실버 (Korea, IPGK, header ROM version 0)",/a/0/0/5,equal,1082,1082,,,68aa2e2ee5dff96e3355e6c7ee373e3d6a4e17f75f9518d843709c0c9bc3e3d4,68aa2e2ee5dff96e3355e6c7ee373e3d6a4e17f75f9518d843709c0c9bc3e3d4,1,1,,
"포켓몬스터 하트골드 (Korea, IPKK, header ROM version 0)","포켓몬스터 소울실버 (Korea, IPGK, header ROM version 0)",/a/0/0/5,equal,1083,1083,,,68aa2e2ee5dff96e3355e6c7ee373e3d6a4e17f75f9518d843709c0c9bc3e3d4,68aa2e2ee5dff96e3355e6c7ee373e3d6a4e17f75f9518d843709c0c9bc3e3d4,1,1,,
"포켓몬스터 하트골드 (Korea, IPKK, header ROM version 0)","포켓몬스터 소울실버 (Korea, IPGK, header ROM version 0)",/a/0/0/5,equal,1084,1084,,,beead77994cf573341ec17b58bbf7eb34d2711c993c1d976b128b3188dc1829a,beead77994cf573341ec17b58bbf7eb34d2711c993c1d976b128b3188dc1829a,1,1,,
"포켓몬스터 하트골드 (Korea, IPKK, header ROM version 0)","포켓몬스터 소울실버 (Korea, IPGK, header ROM version 0)",/a/0/0/5,equal,1085,1085,,,beead77994cf573341ec17b58bbf7eb34d2711c993c1d976b128b3188dc1829a,beead77994cf573341ec17b58bbf7eb34d2711c993c1d976b128b3188dc1829a,1,1,,
"포켓몬스터 하트골드 (Korea, IPKK, header ROM version 0)","포켓몬스터 소울실버 (Korea, IPGK, header ROM version 0)",/a/0/0/5,equal,1086,1086,,,ab897fbdedfa502b2d839b6a56100887dccdc507555c282e59589e06300a62e2,ab897fbdedfa502b2d839b6a56100887dccdc507555c282e59589e06300a62e2,1,1,,
"포켓몬스터 하트골드 (Korea, IPKK, header ROM version 0)","포켓몬스터 소울실버 (Korea, IPGK, header ROM version 0)",/a/0/0/5,equal,1087,1087,,,ab897fbdedfa502b2d839b6a56100887dccdc507555c282e59589e06300a62e2,ab897fbdedfa502b2d839b6a56100887dccdc507555c282e59589e06300a62e2,1,1,,
"포켓몬스터 하트골드 (Korea, IPKK, header ROM version 0)","포켓몬스터 소울실버 (Korea, IPGK, header ROM version 0)",/a/0/0/5,equal,1088,1088,,,beead77994cf573341ec17b58bbf7eb34d2711c993c1d976b128b3188dc1829a,beead77994cf573341ec17b58bbf7eb34d2711c993c1d976b128b3188dc1829a,1,1,,
"포켓몬스터 하트골드 (Korea, IPKK, header ROM version 0)","포켓몬스터 소울실버 (Korea, IPGK, header ROM version 0)",/a/0/0/5,equal,1089,1089,,,beead77994cf573341ec17b58bbf7eb34d2711c993c1d976b128b3188dc1829a,beead77994cf573341ec17b58bbf7eb34d2711c993c1d976b128b3188dc1829a,1,1,,
"포켓몬스터 하트골드 (Korea, IPKK, header ROM version 0)","포켓몬스터 소울실버 (Korea, IPGK, header ROM version 0)",/a/0/0/5,equal,1090,1090,,,ca358758f6d27e6cf45272937977a748fd88391db679ceda7dc7bf1f005ee879,ca358758f6d27e6cf45272937977a748fd88391db679ceda7dc7bf1f005ee879,1,1,,
"포켓몬스터 하트골드 (Korea, IPKK, header ROM version 0)","포켓몬스터 소울실버 (Korea, IPGK, header ROM version 0)",/a/0/0/5,equal,1091,1091,,,ca358758f6d27e6cf45272937977a748fd88391db679ceda7dc7bf1f005ee879,ca358758f6d27e6cf45272937977a748fd88391db679ceda7dc7bf1f005ee879,1,1,,
"포켓몬스터 하트골드 (Korea, IPKK, header ROM version 0)","포켓몬스터 소울실버 (Korea, IPGK, header ROM version 0)",/a/0/0/5,equal,1092,1092,,,beead77994cf573341ec17b58bbf7eb34d2711c993c1d976b128b3188dc1829a,beead77994cf573341ec17b58bbf7eb34d2711c993c1d976b128b3188dc1829a,1,1,,
"포켓몬스터 하트골드 (Korea, IPKK, header ROM version 0)","포켓몬스터 소울실버 (Korea, IPGK, header ROM version 0)",/a/0/0/5,equal,1093,1093,,,beead77994cf573341ec17b58bbf7eb34d2711c993c1d976b128b3188dc1829a,beead77994cf573341ec17b58bbf7eb34d2711c993c1d976b128b3188dc1829a,1,1,,
"포켓몬스터 하트골드 (Korea, IPKK, header ROM version 0)","포켓몬스터 소울실버 (Korea, IPGK, header ROM version 0)",/a/0/0/5,equal,1094,1094,,,7cb7c4547cf2653590d7a9ace60cc623d25148adfbc88a89aeb0ef88da7839ba,7cb7c4547cf2653590d7a9ace60cc623d25148adfbc88a89aeb0ef88da7839ba,1,1,,
"포켓몬스터 하트골드 (Korea, IPKK, header ROM version 0)","포켓몬스터 소울실버 (Korea, IPGK, header ROM version 0)",/a/0/0/5,equal,1095,1095,,,7cb7c4547cf2653590d7a9ace60cc623d25148adfbc88a89aeb0ef88da7839ba,7cb7c4547cf2653590d7a9ace60cc623d25148adfbc88a89aeb0ef88da7839ba,1,1,,
"포켓몬스터 하트골드 (Korea, IPKK, header ROM version 0)","포켓몬스터 소울실버 (Korea, IPGK, header ROM version 0)",/a/0/0/5,equal,1096,1096,,,beead77994cf573341ec17b58bbf7eb34d2711c993c1d976b128b3188dc1829a,beead77994cf573341ec17b58bbf7eb34d2711c993c1d976b128b3188dc1829a,1,1,,
"포켓몬스터 하트골드 (Korea, IPKK, header ROM version 0)","포켓몬스터 소울실버 (Korea, IPGK, header ROM version 0)",/a/0/0/5,equal,1097,1097,,,beead77994cf573341ec17b58bbf7eb34d2711c993c1d976b128b3188dc1829a,beead77994cf573341ec17b58bbf7eb34d2711c993c1d976b128b3188dc1829a,1,1,,
"포켓몬스터 하트골드 (Korea, IPKK, header ROM version 0)","포켓몬스터 소울실버 (Korea, IPGK, header ROM version 0)",/a/0/0/5,equal,1098,1098,,,c555eab45d08845ae9f10d452a99bfcb06f74a50b988fe7e48dd323789b88ee3,c555eab45d08845ae9f10d452a99bfcb06f74a50b988fe7e48dd323789b88ee3,1,1,Nintendo LZ10,Nintendo LZ10
"포켓몬스터 하트골드 (Korea, IPKK, header ROM version 0)","포켓몬스터 소울실버 (Korea, IPGK, header ROM version 0)",/a/0/0/5,equal,1099,1099,,,c555eab45d08845ae9f10d452a99bfcb06f74a50b988fe7e48dd323789b88ee3,c555eab45d08845ae9f10d452a99bfcb06f74a50b988fe7e48dd323789b88ee3,1,1,Nintendo LZ10,Nintendo LZ10
"포켓몬스터 하트골드 (Korea, IPKK, header ROM version 0)","포켓몬스터 소울실버 (Korea, IPGK, header ROM version 0)",/a/0/0/5,equal,1100,1100,,,dbc1b4c900ffe48d575b5da5c638040125f65db0fe3e24494b76ea986457d986,dbc1b4c900ffe48d575b5da5c638040125f65db0fe3e24494b76ea986457d986,1,1,,
"포켓몬스터 하트골드 (Korea, IPKK, header ROM version 0)","포켓몬스터 소울실버 (Korea, IPGK, header ROM version 0)",/a/0/0/5,equal,1101,1101,,,dbc1b4c900ffe48d575b5da5c638040125f65db0fe3e24494b76ea986457d986,dbc1b4c900ffe48d575b5da5c638040125f65db0fe3e24494b76ea986457d986,1,1,,
"포켓몬스터 하트골드 (Korea, IPKK, header ROM version 0)","포켓몬스터 소울실버 (Korea, IPGK, header ROM version 0)",/a/0/0/5,equal,1102,1102,,,01ba4719c80b6fe911b091a7c05124b64eeece964e09c058ef8f9805daca546b,01ba4719c80b6fe911b091a7c05124b64eeece964e09c058ef8f9805daca546b,1,1,,
"포켓몬스터 하트골드 (Korea, IPKK, header ROM version 0)","포켓몬스터 소울실버 (Korea, IPGK, header ROM version 0)",/a/0/0/5,equal,1103,1103,,,01ba4719c80b6fe911b091a7c05124b64eeece964e09c058ef8f9805daca546b,01ba4719c80b6fe911b091a7c05124b64eeece964e09c058ef8f9805daca546b,1,1,,
"포켓몬스터 하트골드 (Korea, IPKK, header ROM version 0)","포켓몬스터 소울실버 (Korea, IPGK, header ROM version 0)",/a/0/0/5,equal,1104,1104,,,c555eab45d08845ae9f10d452a99bfcb06f74a50b988fe7e48dd323789b88ee3,c555eab45d08845ae9f10d452a99bfcb06f74a50b988fe7e48dd323789b88ee3,1,1,Nintendo LZ10,Nintendo LZ10
"포켓몬스터 하트골드 (Korea, IPKK, header ROM version 0)","포켓몬스터 소울실버 (Korea, IPGK, header ROM version 0)",/a/0/0/5,equal,1105,1105,,,c555eab45d08845ae9f10d452a99bfcb06f74a50b988fe7e48dd323789b88ee3,c555eab45d08845ae9f10d452a99bfcb06f74a50b988fe7e48dd323789b88ee3,1,1,Nintendo LZ10,Nintendo LZ10
"포켓몬스터 하트골드 (Korea, IPKK, header ROM version 0)","포켓몬스터 소울실버 (Korea, IPGK, header ROM version 0)",/a/0/0/5,equal,1106,1106,,,452ba1ddef80246c48be7690193c76c1d61185906be9401014fe14f1be64b74f,452ba1ddef80246c48be7690193c76c1d61185906be9401014fe14f1be64b74f,1,1,,
"포켓몬스터 하트골드 (Korea, IPKK, header ROM version 0)","포켓몬스터 소울실버 (Korea, IPGK, header ROM version 0)",/a/0/0/5,equal,1107,1107,,,452ba1ddef80246c48be7690193c76c1d61185906be9401014fe14f1be64b74f,452ba1ddef80246c48be7690193c76c1d61185906be9401014fe14f1be64b74f,1,1,,
"포켓몬스터 하트골드 (Korea, IPKK, header ROM version 0)","포켓몬스터 소울실버 (Korea, IPGK, header ROM version 0)",/a/0/0/5,equal,1108,1108,,,beead77994cf573341ec17b58bbf7eb34d2711c993c1d976b128b3188dc1829a,beead77994cf573341ec17b58bbf7eb34d2711c993c1d976b128b3188dc1829a,1,1,,
"포켓몬스터 하트골드 (Korea, IPKK, header ROM version 0)","포켓몬스터 소울실버 (Korea, IPGK, header ROM version 0)",/a/0/0/5,equal,1109,1109,,,beead77994cf573341ec17b58bbf7eb34d2711c993c1d976b128b3188dc1829a,beead77994cf573341ec17b58bbf7eb34d2711c993c1d976b128b3188dc1829a,1,1,,
"포켓몬스터 하트골드 (Korea, IPKK, header ROM version 0)","포켓몬스터 소울실버 (Korea, IPGK, header ROM version 0)",/a/0/0/5,equal,1110,1110,,,beead77994cf573341ec17b58bbf7eb34d2711c993c1d976b128b3188dc1829a,beead77994cf573341ec17b58bbf7eb34d2711c993c1d976b128b3188dc1829a,1,1,,
"포켓몬스터 하트골드 (Korea, IPKK, header ROM version 0)","포켓몬스터 소울실버 (Korea, IPGK, header ROM version 0)",/a/0/0/5,equal,1111,1111,,,beead77994cf573341ec17b58bbf7eb34d2711c993c1d976b128b3188dc1829a,beead77994cf573341ec17b58bbf7eb34d2711c993c1d976b128b3188dc1829a,1,1,,
"포켓몬스터 하트골드 (Korea, IPKK, header ROM version 0)","포켓몬스터 소울실버 (Korea, IPGK, header ROM version 0)",/a/0/0/5,equal,1112,1112,,,c555eab45d08845ae9f10d452a99bfcb06f74a50b988fe7e48dd323789b88ee3,c555eab45d08845ae9f10d452a99bfcb06f74a50b988fe7e48dd323789b88ee3,1,1,Nintendo LZ10,Nintendo LZ10
"포켓몬스터 하트골드 (Korea, IPKK, header ROM version 0)","포켓몬스터 소울실버 (Korea, IPGK, header ROM version 0)",/a/0/0/5,equal,1113,1113,,,c555eab45d08845ae9f10d452a99bfcb06f74a50b988fe7e48dd323789b88ee3,c555eab45d08845ae9f10d452a99bfcb06f74a50b988fe7e48dd323789b88ee3,1,1,Nintendo LZ10,Nintendo LZ10
"포켓몬스터 하트골드 (Korea, IPKK, header ROM version 0)","포켓몬스터 소울실버 (Korea, IPGK, header ROM version 0)",/a/0/0/5,equal,1114,1114,,,dc0e9c3658a1a3ed1ec94274d8b19925c93e1abb7ddba294923ad9bde30f8cb8,dc0e9c3658a1a3ed1ec94274d8b19925c93e1abb7ddba294923ad9bde30f8cb8,1,1,,
"포켓몬스터 하트골드 (Korea, IPKK, header ROM version 0)","포켓몬스터 소울실버 (Korea, IPGK, header ROM version 0)",/a/0/0/5,equal,1115,1115,,,dc0e9c3658a1a3ed1ec94274d8b19925c93e1abb7ddba294923ad9bde30f8cb8,dc0e9c3658a1a3ed1ec94274d8b19925c93e1abb7ddba294923ad9bde30f8cb8,1,1,,
"포켓몬스터 하트골드 (Korea, IPKK, header ROM version 0)","포켓몬스터 소울실버 (Korea, IPGK, header ROM version 0)",/a/0/0/5,equal,1116,1116,,,ca358758f6d27e6cf45272937977a748fd88391db679ceda7dc7bf1f005ee879,ca358758f6d27e6cf45272937977a748fd88391db679ceda7dc7bf1f005ee879,1,1,,
"포켓몬스터 하트골드 (Korea, IPKK, header ROM version 0)","포켓몬스터 소울실버 (Korea, IPGK, header ROM version 0)",/a/0/0/5,equal,1117,1117,,,ca358758f6d27e6cf45272937977a748fd88391db679ceda7dc7bf1f005ee879,ca358758f6d27e6cf45272937977a748fd88391db679ceda7dc7bf1f005ee879,1,1,,
"포켓몬스터 하트골드 (Korea, IPKK, header ROM version 0)","포켓몬스터 소울실버 (Korea, IPGK, header ROM version 0)",/a/0/0/5,equal,1118,1118,,,e77b9a9ae9e30b0dbdb6f510a264ef9de781501d7b6b92ae89eb059c5ab743db,e77b9a9ae9e30b0dbdb6f510a264ef9de781501d7b6b92ae89eb059c5ab743db,1,1,,
"포켓몬스터 하트골드 (Korea, IPKK, header ROM version 0)","포켓몬스터 소울실버 (Korea, IPGK, header ROM version 0)",/a/0/0/5,equal,1119,1119,,,e77b9a9ae9e30b0dbdb6f510a264ef9de781501d7b6b92ae89eb059c5ab743db,e77b9a9ae9e30b0dbdb6f510a264ef9de781501d7b6b92ae89eb059c5ab743db,1,1,,
"포켓몬스터 하트골드 (Korea, IPKK, header ROM version 0)","포켓몬스터 소울실버 (Korea, IPGK, header ROM version 0)",/a/0/0/5,equal,1120,1120,,,c555eab45d08845ae9f10d452a99bfcb06f74a50b988fe7e48dd323789b88ee3,c555eab45d08845ae9f10d452a99bfcb06f74a50b988fe7e48dd323789b88ee3,1,1,Nintendo LZ10,Nintendo LZ10
"포켓몬스터 하트골드 (Korea, IPKK, header ROM version 0)","포켓몬스터 소울실버 (Korea, IPGK, header ROM version 0)",/a/0/0/5,equal,1121,1121,,,c555eab45d08845ae9f10d452a99bfcb06f74a50b988fe7e48dd323789b88ee3,c555eab45d08845ae9f10d452a99bfcb06f74a50b988fe7e48dd323789b88ee3,1,1,Nintendo LZ10,Nintendo LZ10
"포켓몬스터 하트골드 (Korea, IPKK, header ROM version 0)","포켓몬스터 소울실버 (Korea, IPGK, header ROM version 0)",/a/0/0/5,equal,1122,1122,,,2f0fd1e89b8de1d57292742ec380ea47066e307ad645f5bc3adad8a06ff58608,2f0fd1e89b8de1d57292742ec380ea47066e307ad645f5bc3adad8a06ff58608,1,1,,
"포켓몬스터 하트골드 (Korea, IPKK, header ROM version 0)","포켓몬스터 소울실버 (Korea, IPGK, header ROM version 0)",/a/0/0/5,equal,1123,1123,,,2f0fd1e89b8de1d57292742ec380ea47066e307ad645f5bc3adad8a06ff58608,2f0fd1e89b8de1d57292742ec380ea47066e307ad645f5bc3adad8a06ff58608,1,1,,
"포켓몬스터 하트골드 (Korea, IPKK, header ROM version 0)","포켓몬스터 소울실버 (Korea, IPGK, header ROM version 0)",/a/0/0/5,equal,1124,1124,,,ca358758f6d27e6cf45272937977a748fd88391db679ceda7dc7bf1f005ee879,ca358758f6d27e6cf45272937977a748fd88391db679ceda7dc7bf1f005ee879,1,1,,
"포켓몬스터 하트골드 (Korea, IPKK, header ROM version 0)","포켓몬스터 소울실버 (Korea, IPGK, header ROM version 0)",/a/0/0/5,equal,1125,1125,,,ca358758f6d27e6cf45272937977a748fd88391db679ceda7dc7bf1f005ee879,ca358758f6d27e6cf45272937977a748fd88391db679ceda7dc7bf1f005ee879,1,1,,
"포켓몬스터 하트골드 (Korea, IPKK, header ROM version 0)","포켓몬스터 소울실버 (Korea, IPGK, header ROM version 0)",/a/0/0/5,equal,1126,1126,,,4d7b3ef7300acf70c892d8327db8272f54434adbc61a4e130a563cb59a0d0f47,4d7b3ef7300acf70c892d8327db8272f54434adbc61a4e130a563cb59a0d0f47,1,1,,
"포켓몬스터 하트골드 (Korea, IPKK, header ROM version 0)","포켓몬스터 소울실버 (Korea, IPGK, header ROM version 0)",/a/0/0/5,equal,1127,1127,,,4d7b3ef7300acf70c892d8327db8272f54434adbc61a4e130a563cb59a0d0f47,4d7b3ef7300acf70c892d8327db8272f54434adbc61a4e130a563cb59a0d0f47,1,1,,
"포켓몬스터 하트골드 (Korea, IPKK, header ROM version 0)","포켓몬스터 소울실버 (Korea, IPGK, header ROM version 0)",/a/0/0/5,equal,1128,1128,,,ca358758f6d27e6cf45272937977a748fd88391db679ceda7dc7bf1f005ee879,ca358758f6d27e6cf45272937977a748fd88391db679ceda7dc7bf1f005ee879,1,1,,
"포켓몬스터 하트골드 (Korea, IPKK, header ROM version 0)","포켓몬스터 소울실버 (Korea, IPGK, header ROM version 0)",/a/0/0/5,equal,1129,1129,,,ca358758f6d27e6cf45272937977a748fd88391db679ceda7dc7bf1f005ee879,ca358758f6d27e6cf45272937977a748fd88391db679ceda7dc7bf1f005ee879,1,1,,
"포켓몬스터 하트골드 (Korea, IPKK, header ROM version 0)","포켓몬스터 소울실버 (Korea, IPGK, header ROM version 0)",/a/0/0/5,equal,1130,1130,,,084fed08b978af4d7d196a7446a86b58009e636b611db16211b65a9aadff29c5,084fed08b978af4d7d196a7446a86b58009e636b611db16211b65a9aadff29c5,1,1,,
"포켓몬스터 하트골드 (Korea, IPKK, header ROM version 0)","포켓몬스터 소울실버 (Korea, IPGK, header ROM version 0)",/a/0/0/5,equal,1131,1131,,,084fed08b978af4d7d196a7446a86b58009e636b611db16211b65a9aadff29c5,084fed08b978af4d7d196a7446a86b58009e636b611db16211b65a9aadff29c5,1,1,,
"포켓몬스터 하트골드 (Korea, IPKK, header ROM version 0)","포켓몬스터 소울실버 (Korea, IPGK, header ROM version 0)",/a/0/0/5,equal,1132,1132,,,2b4c342f5433ebe591a1da77e013d1b72475562d48578dca8b84bac6651c3cb9,2b4c342f5433ebe591a1da77e013d1b72475562d48578dca8b84bac6651c3cb9,1,1,,
"포켓몬스터 하트골드 (Korea, IPKK, header ROM version 0)","포켓몬스터 소울실버 (Korea, IPGK, header ROM version 0)",/a/0/0/5,equal,1133,1133,,,2b4c342f5433ebe591a1da77e013d1b72475562d48578dca8b84bac6651c3cb9,2b4c342f5433ebe591a1da77e013d1b72475562d48578dca8b84bac6651c3cb9,1,1,,
"포켓몬스터 하트골드 (Korea, IPKK, header ROM version 0)","포켓몬스터 소울실버 (Korea, IPGK, header ROM version 0)",/a/0/0/5,equal,1134,1134,,,83891d7fe85c33e52c8b4e5814c92fb6a3b9467299200538a6babaa8b452d879,83891d7fe85c33e52c8b4e5814c92fb6a3b9467299200538a6babaa8b452d879,1,1,,
"포켓몬스터 하트골드 (Korea, IPKK, header ROM version 0)","포켓몬스터 소울실버 (Korea, IPGK, header ROM version 0)",/a/0/0/5,equal,1135,1135,,,83891d7fe85c33e52c8b4e5814c92fb6a3b9467299200538a6babaa8b452d879,83891d7fe85c33e52c8b4e5814c92fb6a3b9467299200538a6babaa8b452d879,1,1,,
"포켓몬스터 하트골드 (Korea, IPKK, header ROM version 0)","포켓몬스터 소울실버 (Korea, IPGK, header ROM version 0)",/a/0/0/5,equal,1136,1136,,,6e340b9cffb37a989ca544e6bb780a2c78901d3fb33738768511a30617afa01d,6e340b9cffb37a989ca544e6bb780a2c78901d3fb33738768511a30617afa01d,1,1,,
"포켓몬스터 하트골드 (Korea, IPKK, header ROM version 0)","포켓몬스터 소울실버 (Korea, IPGK, header ROM version 0)",/a/0/0/5,equal,1137,1137,,,6e340b9cffb37a989ca544e6bb780a2c78901d3fb33738768511a30617afa01d,6e340b9cffb37a989ca544e6bb780a2c78901d3fb33738768511a30617afa01d,1,1,,
"포켓몬스터 하트골드 (Korea, IPKK, header ROM version 0)","포켓몬스터 소울실버 (Korea, IPGK, header ROM version 0)",/a/0/0/5,equal,1138,1138,,,e77b9a9ae9e30b0dbdb6f510a264ef9de781501d7b6b92ae89eb059c5ab743db,e77b9a9ae9e30b0dbdb6f510a264ef9de781501d7b6b92ae89eb059c5ab743db,1,1,,
"포켓몬스터 하트골드 (Korea, IPKK, header ROM version 0)","포켓몬스터 소울실버 (Korea, IPGK, header ROM version 0)",/a/0/0/5,equal,1139,1139,,,e77b9a9ae9e30b0dbdb6f510a264ef9de781501d7b6b92ae89eb059c5ab743db,e77b9a9ae9e30b0dbdb6f510a264ef9de781501d7b6b92ae89eb059c5ab743db,1,1,,
"포켓몬스터 하트골드 (Korea, IPKK, header ROM version 0)","포켓몬스터 소울실버 (Korea, IPGK, header ROM version 0)",/a/0/0/5,equal,1140,1140,,,6e340b9cffb37a989ca544e6bb780a2c78901d3fb33738768511a30617afa01d,6e340b9cffb37a989ca544e6bb780a2c78901d3fb33738768511a30617afa01d,1,1,,
"포켓몬스터 하트골드 (Korea, IPKK, header ROM version 0)","포켓몬스터 소울실버 (Korea, IPGK, header ROM version 0)",/a/0/0/5,equal,1141,1141,,,6e340b9cffb37a989ca544e6bb780a2c78901d3fb33738768511a30617afa01d,6e340b9cffb37a989ca544e6bb780a2c78901d3fb33738768511a30617afa01d,1,1,,
"포켓몬스터 하트골드 (Korea, IPKK, header ROM version 0)","포켓몬스터 소울실버 (Korea, IPGK, header ROM version 0)",/a/0/0/5,equal,1142,1142,,,452ba1ddef80246c48be7690193c76c1d61185906be9401014fe14f1be64b74f,452ba1ddef80246c48be7690193c76c1d61185906be9401014fe14f1be64b74f,1,1,,
"포켓몬스터 하트골드 (Korea, IPKK, header ROM version 0)","포켓몬스터 소울실버 (Korea, IPGK, header ROM version 0)",/a/0/0/5,equal,1143,1143,,,452ba1ddef80246c48be7690193c76c1d61185906be9401014fe14f1be64b74f,452ba1ddef80246c48be7690193c76c1d61185906be9401014fe14f1be64b74f,1,1,,
"포켓몬스터 하트골드 (Korea, IPKK, header ROM version 0)","포켓몬스터 소울실버 (Korea, IPGK, header ROM version 0)",/a/0/0/5,equal,1144,1144,,,beead77994cf573341ec17b58bbf7eb34d2711c993c1d976b128b3188dc1829a,beead77994cf573341ec17b58bbf7eb34d2711c993c1d976b128b3188dc1829a,1,1,,
"포켓몬스터 하트골드 (Korea, IPKK, header ROM version 0)","포켓몬스터 소울실버 (Korea, IPGK, header ROM version 0)",/a/0/0/5,equal,1145,1145,,,beead77994cf573341ec17b58bbf7eb34d2711c993c1d976b128b3188dc1829a,beead77994cf573341ec17b58bbf7eb34d2711c993c1d976b128b3188dc1829a,1,1,,
"포켓몬스터 하트골드 (Korea, IPKK, header ROM version 0)","포켓몬스터 소울실버 (Korea, IPGK, header ROM version 0)",/a/0/0/5,equal,1146,1146,,,2b4c342f5433ebe591a1da77e013d1b72475562d48578dca8b84bac6651c3cb9,2b4c342f5433ebe591a1da77e013d1b72475562d48578dca8b84bac6651c3cb9,1,1,,
"포켓몬스터 하트골드 (Korea, IPKK, header ROM version 0)","포켓몬스터 소울실버 (Korea, IPGK, header ROM version 0)",/a/0/0/5,equal,1147,1147,,,2b4c342f5433ebe591a1da77e013d1b72475562d48578dca8b84bac6651c3cb9,2b4c342f5433ebe591a1da77e013d1b72475562d48578dca8b84bac6651c3cb9,1,1,,
"포켓몬스터 하트골드 (Korea, IPKK, header ROM version 0)","포켓몬스터 소울실버 (Korea, IPGK, header ROM version 0)",/a/0/0/5,equal,1148,1148,,,c555eab45d08845ae9f10d452a99bfcb06f74a50b988fe7e48dd323789b88ee3,c555eab45d08845ae9f10d452a99bfcb06f74a50b988fe7e48dd323789b88ee3,1,1,Nintendo LZ10,Nintendo LZ10
"포켓몬스터 하트골드 (Korea, IPKK, header ROM version 0)","포켓몬스터 소울실버 (Korea, IPGK, header ROM version 0)",/a/0/0/5,equal,1149,1149,,,c555eab45d08845ae9f10d452a99bfcb06f74a50b988fe7e48dd323789b88ee3,c555eab45d08845ae9f10d452a99bfcb06f74a50b988fe7e48dd323789b88ee3,1,1,Nintendo LZ10,Nintendo LZ10
"포켓몬스터 하트골드 (Korea, IPKK, header ROM version 0)","포켓몬스터 소울실버 (Korea, IPGK, header ROM version 0)",/a/0/0/5,equal,1150,1150,,,68aa2e2ee5dff96e3355e6c7ee373e3d6a4e17f75f9518d843709c0c9bc3e3d4,68aa2e2ee5dff96e3355e6c7ee373e3d6a4e17f75f9518d843709c0c9bc3e3d4,1,1,,
"포켓몬스터 하트골드 (Korea, IPKK, header ROM version 0)","포켓몬스터 소울실버 (Korea, IPGK, header ROM version 0)",/a/0/0/5,equal,1151,1151,,,68aa2e2ee5dff96e3355e6c7ee373e3d6a4e17f75f9518d843709c0c9bc3e3d4,68aa2e2ee5dff96e3355e6c7ee373e3d6a4e17f75f9518d843709c0c9bc3e3d4,1,1,,
"포켓몬스터 하트골드 (Korea, IPKK, header ROM version 0)","포켓몬스터 소울실버 (Korea, IPGK, header ROM version 0)",/a/0/0/5,equal,1152,1152,,,6e340b9cffb37a989ca544e6bb780a2c78901d3fb33738768511a30617afa01d,6e340b9cffb37a989ca544e6bb780a2c78901d3fb33738768511a30617afa01d,1,1,,
"포켓몬스터 하트골드 (Korea, IPKK, header ROM version 0)","포켓몬스터 소울실버 (Korea, IPGK, header ROM version 0)",/a/0/0/5,equal,1153,1153,,,6e340b9cffb37a989ca544e6bb780a2c78901d3fb33738768511a30617afa01d,6e340b9cffb37a989ca544e6bb780a2c78901d3fb33738768511a30617afa01d,1,1,,
"포켓몬스터 하트골드 (Korea, IPKK, header ROM version 0)","포켓몬스터 소울실버 (Korea, IPGK, header ROM version 0)",/a/0/0/5,equal,1154,1154,,,ca358758f6d27e6cf45272937977a748fd88391db679ceda7dc7bf1f005ee879,ca358758f6d27e6cf45272937977a748fd88391db679ceda7dc7bf1f005ee879,1,1,,
"포켓몬스터 하트골드 (Korea, IPKK, header ROM version 0)","포켓몬스터 소울실버 (Korea, IPGK, header ROM version 0)",/a/0/0/5,equal,1155,1155,,,ca358758f6d27e6cf45272937977a748fd88391db679ceda7dc7bf1f005ee879,ca358758f6d27e6cf45272937977a748fd88391db679ceda7dc7bf1f005ee879,1,1,,
"포켓몬스터 하트골드 (Korea, IPKK, header ROM version 0)","포켓몬스터 소울실버 (Korea, IPGK, header ROM version 0)",/a/0/0/5,equal,1156,1156,,,beead77994cf573341ec17b58bbf7eb34d2711c993c1d976b128b3188dc1829a,beead77994cf573341ec17b58bbf7eb34d2711c993c1d976b128b3188dc1829a,1,1,,
"포켓몬스터 하트골드 (Korea, IPKK, header ROM version 0)","포켓몬스터 소울실버 (Korea, IPGK, header ROM version 0)",/a/0/0/5,equal,1157,1157,,,beead77994cf573341ec17b58bbf7eb34d2711c993c1d976b128b3188dc1829a,beead77994cf573341ec17b58bbf7eb34d2711c993c1d976b128b3188dc1829a,1,1,,
"포켓몬스터 하트골드 (Korea, IPKK, header ROM version 0)","포켓몬스터 소울실버 (Korea, IPGK, header ROM version 0)",/a/0/0/5,equal,1158,1158,,,2b4c342f5433ebe591a1da77e013d1b72475562d48578dca8b84bac6651c3cb9,2b4c342f5433ebe591a1da77e013d1b72475562d48578dca8b84bac6651c3cb9,1,1,,
"포켓몬스터 하트골드 (Korea, IPKK, header ROM version 0)","포켓몬스터 소울실버 (Korea, IPGK, header ROM version 0)",/a/0/0/5,equal,1159,1159,,,2b4c342f5433ebe591a1da77e013d1b72475562d48578dca8b84bac6651c3cb9,2b4c342f5433ebe591a1da77e013d1b72475562d48578dca8b84bac6651c3cb9,1,1,,
"포켓몬스터 하트골드 (Korea, IPKK, header ROM version 0)","포켓몬스터 소울실버 (Korea, IPGK, header ROM version 0)",/a/0/0/5,equal,1160,1160,,,c555eab45d08845ae9f10d452a99bfcb06f74a50b988fe7e48dd323789b88ee3,c555eab45d08845ae9f10d452a99bfcb06f74a50b988fe7e48dd323789b88ee3,1,1,Nintendo LZ10,Nintendo LZ10
"포켓몬스터 하트골드 (Korea, IPKK, header ROM version 0)","포켓몬스터 소울실버 (Korea, IPGK, header ROM version 0)",/a/0/0/5,equal,1161,1161,,,c555eab45d08845ae9f10d452a99bfcb06f74a50b988fe7e48dd323789b88ee3,c555eab45d08845ae9f10d452a99bfcb06f74a50b988fe7e48dd323789b88ee3,1,1,Nintendo LZ10,Nintendo LZ10
"포켓몬스터 하트골드 (Korea, IPKK, header ROM version 0)","포켓몬스터 소울실버 (Korea, IPGK, header ROM version 0)",/a/0/0/5,equal,1162,1162,,,77adfc95029e73b173f60e556f915b0cd8850848111358b1c370fb7c154e61fd,77adfc95029e73b173f60e556f915b0cd8850848111358b1c370fb7c154e61fd,1,1,,
"포켓몬스터 하트골드 (Korea, IPKK, header ROM version 0)","포켓몬스터 소울실버 (Korea, IPGK, header ROM version 0)",/a/0/0/5,equal,1163,1163,,,77adfc95029e73b173f60e556f915b0cd8850848111358b1c370fb7c154e61fd,77adfc95029e73b173f60e556f915b0cd8850848111358b1c370fb7c154e61fd,1,1,,
"포켓몬스터 하트골드 (Korea, IPKK, header ROM version 0)","포켓몬스터 소울실버 (Korea, IPGK, header ROM version 0)",/a/0/0/5,equal,1164,1164,,,c555eab45d08845ae9f10d452a99bfcb06f74a50b988fe7e48dd323789b88ee3,c555eab45d08845ae9f10d452a99bfcb06f74a50b988fe7e48dd323789b88ee3,1,1,Nintendo LZ10,Nintendo LZ10
"포켓몬스터 하트골드 (Korea, IPKK, header ROM version 0)","포켓몬스터 소울실버 (Korea, IPGK, header ROM version 0)",/a/0/0/5,equal,1165,1165,,,c555eab45d08845ae9f10d452a99bfcb06f74a50b988fe7e48dd323789b88ee3,c555eab45d08845ae9f10d452a99bfcb06f74a50b988fe7e48dd323789b88ee3,1,1,Nintendo LZ10,Nintendo LZ10
"포켓몬스터 하트골드 (Korea, IPKK, header ROM version 0)","포켓몬스터 소울실버 (Korea, IPGK, header ROM version 0)",/a/0/0/5,equal,1166,1166,,,ab897fbdedfa502b2d839b6a56100887dccdc507555c282e59589e06300a62e2,ab897fbdedfa502b2d839b6a56100887dccdc507555c282e59589e06300a62e2,1,1,,
"포켓몬스터 하트골드 (Korea, IPKK, header ROM version 0)","포켓몬스터 소울실버 (Korea, IPGK, header ROM version 0)",/a/0/0/5,equal,1167,1167,,,ab897fbdedfa502b2d839b6a56100887dccdc507555c282e59589e06300a62e2,ab897fbdedfa502b2d839b6a56100887dccdc507555c282e59589e06300a62e2,1,1,,
"포켓몬스터 하트골드 (Korea, IPKK, header ROM version 0)","포켓몬스터 소울실버 (Korea, IPGK, header ROM version 0)",/a/0/0/5,equal,1168,1168,,,e3b0c44298fc1c149afbf4c8996fb92427ae41e4649b934ca495991b7852b855,e3b0c44298fc1c149afbf4c8996fb92427ae41e4649b934ca495991b7852b855,0,0,,
"포켓몬스터 하트골드 (Korea, IPKK, header ROM version 0)","포켓몬스터 소울실버 (Korea, IPGK, header ROM version 0)",/a/0/0/5,equal,1169,1169,,,beead77994cf573341ec17b58bbf7eb34d2711c993c1d976b128b3188dc1829a,beead77994cf573341ec17b58bbf7eb34d2711c993c1d976b128b3188dc1829a,1,1,,
"포켓몬스터 하트골드 (Korea, IPKK, header ROM version 0)","포켓몬스터 소울실버 (Korea, IPGK, header ROM version 0)",/a/0/0/5,equal,1170,1170,,,e3b0c44298fc1c149afbf4c8996fb92427ae41e4649b934ca495991b7852b855,e3b0c44298fc1c149afbf4c8996fb92427ae41e4649b934ca495991b7852b855,0,0,,
"포켓몬스터 하트골드 (Korea, IPKK, header ROM version 0)","포켓몬스터 소울실버 (Korea, IPGK, header ROM version 0)",/a/0/0/5,equal,1171,1171,,,f299791cddd3d6664f6670842812ef6053eb6501bd6282a476bbbf3ee91e750c,f299791cddd3d6664f6670842812ef6053eb6501bd6282a476bbbf3ee91e750c,1,1,,
"포켓몬스터 하트골드 (Korea, IPKK, header ROM version 0)","포켓몬스터 소울실버 (Korea, IPGK, header ROM version 0)",/a/0/0/5,equal,1172,1172,,,beead77994cf573341ec17b58bbf7eb34d2711c993c1d976b128b3188dc1829a,beead77994cf573341ec17b58bbf7eb34d2711c993c1d976b128b3188dc1829a,1,1,,
"포켓몬스터 하트골드 (Korea, IPKK, header ROM version 0)","포켓몬스터 소울실버 (Korea, IPGK, header ROM version 0)",/a/0/0/5,equal,1173,1173,,,beead77994cf573341ec17b58bbf7eb34d2711c993c1d976b128b3188dc1829a,beead77994cf573341ec17b58bbf7eb34d2711c993c1d976b128b3188dc1829a,1,1,,
"포켓몬스터 하트골드 (Korea, IPKK, header ROM version 0)","포켓몬스터 소울실버 (Korea, IPGK, header ROM version 0)",/a/0/0/5,equal,1174,1174,,,2f0fd1e89b8de1d57292742ec380ea47066e307ad645f5bc3adad8a06ff58608,2f0fd1e89b8de1d57292742ec380ea47066e307ad645f5bc3adad8a06ff58608,1,1,,
"포켓몬스터 하트골드 (Korea, IPKK, header ROM version 0)","포켓몬스터 소울실버 (Korea, IPGK, header ROM version 0)",/a/0/0/5,equal,1175,1175,,,2f0fd1e89b8de1d57292742ec380ea47066e307ad645f5bc3adad8a06ff58608,2f0fd1e89b8de1d57292742ec380ea47066e307ad645f5bc3adad8a06ff58608,1,1,,
"포켓몬스터 하트골드 (Korea, IPKK, header ROM version 0)","포켓몬스터 소울실버 (Korea, IPGK, header ROM version 0)",/a/0/0/5,equal,1176,1176,,,beead77994cf573341ec17b58bbf7eb34d2711c993c1d976b128b3188dc1829a,beead77994cf573341ec17b58bbf7eb34d2711c993c1d976b128b3188dc1829a,1,1,,
"포켓몬스터 하트골드 (Korea, IPKK, header ROM version 0)","포켓몬스터 소울실버 (Korea, IPGK, header ROM version 0)",/a/0/0/5,equal,1177,1177,,,beead77994cf573341ec17b58bbf7eb34d2711c993c1d976b128b3188dc1829a,beead77994cf573341ec17b58bbf7eb34d2711c993c1d976b128b3188dc1829a,1,1,,
"포켓몬스터 하트골드 (Korea, IPKK, header ROM version 0)","포켓몬스터 소울실버 (Korea, IPGK, header ROM version 0)",/a/0/0/5,equal,1178,1178,,,2b4c342f5433ebe591a1da77e013d1b72475562d48578dca8b84bac6651c3cb9,2b4c342f5433ebe591a1da77e013d1b72475562d48578dca8b84bac6651c3cb9,1,1,,
"포켓몬스터 하트골드 (Korea, IPKK, header ROM version 0)","포켓몬스터 소울실버 (Korea, IPGK, header ROM version 0)",/a/0/0/5,equal,1179,1179,,,2b4c342f5433ebe591a1da77e013d1b72475562d48578dca8b84bac6651c3cb9,2b4c342f5433ebe591a1da77e013d1b72475562d48578dca8b84bac6651c3cb9,1,1,,
"포켓몬스터 하트골드 (Korea, IPKK, header ROM version 0)","포켓몬스터 소울실버 (Korea, IPGK, header ROM version 0)",/a/0/0/5,equal,1180,1180,,,6e340b9cffb37a989ca544e6bb780a2c78901d3fb33738768511a30617afa01d,6e340b9cffb37a989ca544e6bb780a2c78901d3fb33738768511a30617afa01d,1,1,,
"포켓몬스터 하트골드 (Korea, IPKK, header ROM version 0)","포켓몬스터 소울실버 (Korea, IPGK, header ROM version 0)",/a/0/0/5,equal,1181,1181,,,6e340b9cffb37a989ca544e6bb780a2c78901d3fb33738768511a30617afa01d,6e340b9cffb37a989ca544e6bb780a2c78901d3fb33738768511a30617afa01d,1,1,,
"포켓몬스터 하트골드 (Korea, IPKK, header ROM version 0)","포켓몬스터 소울실버 (Korea, IPGK, header ROM version 0)",/a/0/0/5,equal,1182,1182,,,beead77994cf573341ec17b58bbf7eb34d2711c993c1d976b128b3188dc1829a,beead77994cf573341ec17b58bbf7eb34d2711c993c1d976b128b3188dc1829a,1,1,,
"포켓몬스터 하트골드 (Korea, IPKK, header ROM version 0)","포켓몬스터 소울실버 (Korea, IPGK, header ROM version 0)",/a/0/0/5,equal,1183,1183,,,beead77994cf573341ec17b58bbf7eb34d2711c993c1d976b128b3188dc1829a,beead77994cf573341ec17b58bbf7eb34d2711c993c1d976b128b3188dc1829a,1,1,,
"포켓몬스터 하트골드 (Korea, IPKK, header ROM version 0)","포켓몬스터 소울실버 (Korea, IPGK, header ROM version 0)",/a/0/0/5,equal,1184,1184,,,beead77994cf573341ec17b58bbf7eb34d2711c993c1d976b128b3188dc1829a,beead77994cf573341ec17b58bbf7eb34d2711c993c1d976b128b3188dc1829a,1,1,,
"포켓몬스터 하트골드 (Korea, IPKK, header ROM version 0)","포켓몬스터 소울실버 (Korea, IPGK, header ROM version 0)",/a/0/0/5,equal,1185,1185,,,beead77994cf573341ec17b58bbf7eb34d2711c993c1d976b128b3188dc1829a,beead77994cf573341ec17b58bbf7eb34d2711c993c1d976b128b3188dc1829a,1,1,,
"포켓몬스터 하트골드 (Korea, IPKK, header ROM version 0)","포켓몬스터 소울실버 (Korea, IPGK, header ROM version 0)",/a/0/0/5,equal,1186,1186,,,c555eab45d08845ae9f10d452a99bfcb06f74a50b988fe7e48dd323789b88ee3,c555eab45d08845ae9f10d452a99bfcb06f74a50b988fe7e48dd323789b88ee3,1,1,Nintendo LZ10,Nintendo LZ10
"포켓몬스터 하트골드 (Korea, IPKK, header ROM version 0)","포켓몬스터 소울실버 (Korea, IPGK, header ROM version 0)",/a/0/0/5,equal,1187,1187,,,c555eab45d08845ae9f10d452a99bfcb06f74a50b988fe7e48dd323789b88ee3,c555eab45d08845ae9f10d452a99bfcb06f74a50b988fe7e48dd323789b88ee3,1,1,Nintendo LZ10,Nintendo LZ10
"포켓몬스터 하트골드 (Korea, IPKK, header ROM version 0)","포켓몬스터 소울실버 (Korea, IPGK, header ROM version 0)",/a/0/0/5,equal,1188,1188,,,beead77994cf573341ec17b58bbf7eb34d2711c993c1d976b128b3188dc1829a,beead77994cf573341ec17b58bbf7eb34d2711c993c1d976b128b3188dc1829a,1,1,,
"포켓몬스터 하트골드 (Korea, IPKK, header ROM version 0)","포켓몬스터 소울실버 (Korea, IPGK, header ROM version 0)",/a/0/0/5,equal,1189,1189,,,beead77994cf573341ec17b58bbf7eb34d2711c993c1d976b128b3188dc1829a,beead77994cf573341ec17b58bbf7eb34d2711c993c1d976b128b3188dc1829a,1,1,,
"포켓몬스터 하트골드 (Korea, IPKK, header ROM version 0)","포켓몬스터 소울실버 (Korea, IPGK, header ROM version 0)",/a/0/0/5,equal,1190,1190,,,67586e98fad27da0b9968bc039a1ef34c939b9b8e523a8bef89d478608c5ecf6,67586e98fad27da0b9968bc039a1ef34c939b9b8e523a8bef89d478608c5ecf6,1,1,,
"포켓몬스터 하트골드 (Korea, IPKK, header ROM version 0)","포켓몬스터 소울실버 (Korea, IPGK, header ROM version 0)",/a/0/0/5,equal,1191,1191,,,67586e98fad27da0b9968bc039a1ef34c939b9b8e523a8bef89d478608c5ecf6,67586e98fad27da0b9968bc039a1ef34c939b9b8e523a8bef89d478608c5ecf6,1,1,,
"포켓몬스터 하트골드 (Korea, IPKK, header ROM version 0)","포켓몬스터 소울실버 (Korea, IPGK, header ROM version 0)",/a/0/0/5,equal,1192,1192,,,beead77994cf573341ec17b58bbf7eb34d2711c993c1d976b128b3188dc1829a,beead77994cf573341ec17b58bbf7eb34d2711c993c1d976b128b3188dc1829a,1,1,,
"포켓몬스터 하트골드 (Korea, IPKK, header ROM version 0)","포켓몬스터 소울실버 (Korea, IPGK, header ROM version 0)",/a/0/0/5,equal,1193,1193,,,beead77994cf573341ec17b58bbf7eb34d2711c993c1d976b128b3188dc1829a,beead77994cf573341ec17b58bbf7eb34d2711c993c1d976b128b3188dc1829a,1,1,,
"포켓몬스터 하트골드 (Korea, IPKK, header ROM version 0)","포켓몬스터 소울실버 (Korea, IPGK, header ROM version 0)",/a/0/0/5,equal,1194,1194,,,83891d7fe85c33e52c8b4e5814c92fb6a3b9467299200538a6babaa8b452d879,83891d7fe85c33e52c8b4e5814c92fb6a3b9467299200538a6babaa8b452d879,1,1,,
"포켓몬스터 하트골드 (Korea, IPKK, header ROM version 0)","포켓몬스터 소울실버 (Korea, IPGK, header ROM version 0)",/a/0/0/5,equal,1195,1195,,,83891d7fe85c33e52c8b4e5814c92fb6a3b9467299200538a6babaa8b452d879,83891d7fe85c33e52c8b4e5814c92fb6a3b9467299200538a6babaa8b452d879,1,1,,
"포켓몬스터 하트골드 (Korea, IPKK, header ROM version 0)","포켓몬스터 소울실버 (Korea, IPGK, header ROM version 0)",/a/0/0/5,equal,1196,1196,,,beead77994cf573341ec17b58bbf7eb34d2711c993c1d976b128b3188dc1829a,beead77994cf573341ec17b58bbf7eb34d2711c993c1d976b128b3188dc1829a,1,1,,
"포켓몬스터 하트골드 (Korea, IPKK, header ROM version 0)","포켓몬스터 소울실버 (Korea, IPGK, header ROM version 0)",/a/0/0/5,equal,1197,1197,,,beead77994cf573341ec17b58bbf7eb34d2711c993c1d976b128b3188dc1829a,beead77994cf573341ec17b58bbf7eb34d2711c993c1d976b128b3188dc1829a,1,1,,
"포켓몬스터 하트골드 (Korea, IPKK, header ROM version 0)","포켓몬스터 소울실버 (Korea, IPGK, header ROM version 0)",/a/0/0/5,equal,1198,1198,,,c555eab45d08845ae9f10d452a99bfcb06f74a50b988fe7e48dd323789b88ee3,c555eab45d08845ae9f10d452a99bfcb06f74a50b988fe7e48dd323789b88ee3,1,1,Nintendo LZ10,Nintendo LZ10
"포켓몬스터 하트골드 (Korea, IPKK, header ROM version 0)","포켓몬스터 소울실버 (Korea, IPGK, header ROM version 0)",/a/0/0/5,equal,1199,1199,,,c555eab45d08845ae9f10d452a99bfcb06f74a50b988fe7e48dd323789b88ee3,c555eab45d08845ae9f10d452a99bfcb06f74a50b988fe7e48dd323789b88ee3,1,1,Nintendo LZ10,Nintendo LZ10
"포켓몬스터 하트골드 (Korea, IPKK, header ROM version 0)","포켓몬스터 소울실버 (Korea, IPGK, header ROM version 0)",/a/0/0/5,equal,1200,1200,,,ca358758f6d27e6cf45272937977a748fd88391db679ceda7dc7bf1f005ee879,ca358758f6d27e6cf45272937977a748fd88391db679ceda7dc7bf1f005ee879,1,1,,
"포켓몬스터 하트골드 (Korea, IPKK, header ROM version 0)","포켓몬스터 소울실버 (Korea, IPGK, header ROM version 0)",/a/0/0/5,equal,1201,1201,,,ca358758f6d27e6cf45272937977a748fd88391db679ceda7dc7bf1f005ee879,ca358758f6d27e6cf45272937977a748fd88391db679ceda7dc7bf1f005ee879,1,1,,
"포켓몬스터 하트골드 (Korea, IPKK, header ROM version 0)","포켓몬스터 소울실버 (Korea, IPGK, header ROM version 0)",/a/0/0/5,equal,1202,1202,,,83891d7fe85c33e52c8b4e5814c92fb6a3b9467299200538a6babaa8b452d879,83891d7fe85c33e52c8b4e5814c92fb6a3b9467299200538a6babaa8b452d879,1,1,,
"포켓몬스터 하트골드 (Korea, IPKK, header ROM version 0)","포켓몬스터 소울실버 (Korea, IPGK, header ROM version 0)",/a/0/0/5,equal,1203,1203,,,83891d7fe85c33e52c8b4e5814c92fb6a3b9467299200538a6babaa8b452d879,83891d7fe85c33e52c8b4e5814c92fb6a3b9467299200538a6babaa8b452d879,1,1,,
"포켓몬스터 하트골드 (Korea, IPKK, header ROM version 0)","포켓몬스터 소울실버 (Korea, IPGK, header ROM version 0)",/a/0/0/5,equal,1204,1204,,,6e340b9cffb37a989ca544e6bb780a2c78901d3fb33738768511a30617afa01d,6e340b9cffb37a989ca544e6bb780a2c78901d3fb33738768511a30617afa01d,1,1,,
"포켓몬스터 하트골드 (Korea, IPKK, header ROM version 0)","포켓몬스터 소울실버 (Korea, IPGK, header ROM version 0)",/a/0/0/5,equal,1205,1205,,,6e340b9cffb37a989ca544e6bb780a2c78901d3fb33738768511a30617afa01d,6e340b9cffb37a989ca544e6bb780a2c78901d3fb33738768511a30617afa01d,1,1,,
"포켓몬스터 하트골드 (Korea, IPKK, header ROM version 0)","포켓몬스터 소울실버 (Korea, IPGK, header ROM version 0)",/a/0/0/5,equal,1206,1206,,,ef6cbd2161eaea7943ce8693b9824d23d1793ffb1c0fca05b600d3899b44c977,ef6cbd2161eaea7943ce8693b9824d23d1793ffb1c0fca05b600d3899b44c977,1,1,,
"포켓몬스터 하트골드 (Korea, IPKK, header ROM version 0)","포켓몬스터 소울실버 (Korea, IPGK, header ROM version 0)",/a/0/0/5,equal,1207,1207,,,ef6cbd2161eaea7943ce8693b9824d23d1793ffb1c0fca05b600d3899b44c977,ef6cbd2161eaea7943ce8693b9824d23d1793ffb1c0fca05b600d3899b44c977,1,1,,
"포켓몬스터 하트골드 (Korea, IPKK, header ROM version 0)","포켓몬스터 소울실버 (Korea, IPGK, header ROM version 0)",/a/0/0/5,equal,1208,1208,,,c555eab45d08845ae9f10d452a99bfcb06f74a50b988fe7e48dd323789b88ee3,c555eab45d08845ae9f10d452a99bfcb06f74a50b988fe7e48dd323789b88ee3,1,1,Nintendo LZ10,Nintendo LZ10
"포켓몬스터 하트골드 (Korea, IPKK, header ROM version 0)","포켓몬스터 소울실버 (Korea, IPGK, header ROM version 0)",/a/0/0/5,equal,1209,1209,,,c555eab45d08845ae9f10d452a99bfcb06f74a50b988fe7e48dd323789b88ee3,c555eab45d08845ae9f10d452a99bfcb06f74a50b988fe7e48dd323789b88ee3,1,1,Nintendo LZ10,Nintendo LZ10
"포켓몬스터 하트골드 (Korea, IPKK, header ROM version 0)","포켓몬스터 소울실버 (Korea, IPGK, header ROM version 0)",/a/0/0/5,equal,1210,1210,,,f299791cddd3d6664f6670842812ef6053eb6501bd6282a476bbbf3ee91e750c,f299791cddd3d6664f6670842812ef6053eb6501bd6282a476bbbf3ee91e750c,1,1,,
"포켓몬스터 하트골드 (Korea, IPKK, header ROM version 0)","포켓몬스터 소울실버 (Korea, IPGK, header ROM version 0)",/a/0/0/5,equal,1211,1211,,,f299791cddd3d6664f6670842812ef6053eb6501bd6282a476bbbf3ee91e750c,f299791cddd3d6664f6670842812ef6053eb6501bd6282a476bbbf3ee91e750c,1,1,,
"포켓몬스터 하트골드 (Korea, IPKK, header ROM version 0)","포켓몬스터 소울실버 (Korea, IPGK, header ROM version 0)",/a/0/0/5,equal,1212,1212,,,beead77994cf573341ec17b58bbf7eb34d2711c993c1d976b128b3188dc1829a,beead77994cf573341ec17b58bbf7eb34d2711c993c1d976b128b3188dc1829a,1,1,,
"포켓몬스터 하트골드 (Korea, IPKK, header ROM version 0)","포켓몬스터 소울실버 (Korea, IPGK, header ROM version 0)",/a/0/0/5,equal,1213,1213,,,beead77994cf573341ec17b58bbf7eb34d2711c993c1d976b128b3188dc1829a,beead77994cf573341ec17b58bbf7eb34d2711c993c1d976b128b3188dc1829a,1,1,,
"포켓몬스터 하트골드 (Korea, IPKK, header ROM version 0)","포켓몬스터 소울실버 (Korea, IPGK, header ROM version 0)",/a/0/0/5,equal,1214,1214,,,4a64a107f0cb32536e5bce6c98c393db21cca7f4ea187ba8c4dca8b51d4ea80a,4a64a107f0cb32536e5bce6c98c393db21cca7f4ea187ba8c4dca8b51d4ea80a,1,1,Nintendo LZ11,Nintendo LZ11
"포켓몬스터 하트골드 (Korea, IPKK, header ROM version 0)","포켓몬스터 소울실버 (Korea, IPGK, header ROM version 0)",/a/0/0/5,equal,1215,1215,,,4a64a107f0cb32536e5bce6c98c393db21cca7f4ea187ba8c4dca8b51d4ea80a,4a64a107f0cb32536e5bce6c98c393db21cca7f4ea187ba8c4dca8b51d4ea80a,1,1,Nintendo LZ11,Nintendo LZ11
"포켓몬스터 하트골드 (Korea, IPKK, header ROM version 0)","포켓몬스터 소울실버 (Korea, IPGK, header ROM version 0)",/a/0/0/5,equal,1216,1216,,,beead77994cf573341ec17b58bbf7eb34d2711c993c1d976b128b3188dc1829a,beead77994cf573341ec17b58bbf7eb34d2711c993c1d976b128b3188dc1829a,1,1,,
"포켓몬스터 하트골드 (Korea, IPKK, header ROM version 0)","포켓몬스터 소울실버 (Korea, IPGK, header ROM version 0)",/a/0/0/5,equal,1217,1217,,,beead77994cf573341ec17b58bbf7eb34d2711c993c1d976b128b3188dc1829a,beead77994cf573341ec17b58bbf7eb34d2711c993c1d976b128b3188dc1829a,1,1,,
"포켓몬스터 하트골드 (Korea, IPKK, header ROM version 0)","포켓몬스터 소울실버 (Korea, IPGK, header ROM version 0)",/a/0/0/5,equal,1218,1218,,,68aa2e2ee5dff96e3355e6c7ee373e3d6a4e17f75f9518d843709c0c9bc3e3d4,68aa2e2ee5dff96e3355e6c7ee373e3d6a4e17f75f9518d843709c0c9bc3e3d4,1,1,,
"포켓몬스터 하트골드 (Korea, IPKK, header ROM version 0)","포켓몬스터 소울실버 (Korea, IPGK, header ROM version 0)",/a/0/0/5,equal,1219,1219,,,68aa2e2ee5dff96e3355e6c7ee373e3d6a4e17f75f9518d843709c0c9bc3e3d4,68aa2e2ee5dff96e3355e6c7ee373e3d6a4e17f75f9518d843709c0c9bc3e3d4,1,1,,
"포켓몬스터 하트골드 (Korea, IPKK, header ROM version 0)","포켓몬스터 소울실버 (Korea, IPGK, header ROM version 0)",/a/0/0/5,equal,1220,1220,,,beead77994cf573341ec17b58bbf7eb34d2711c993c1d976b128b3188dc1829a,beead77994cf573341ec17b58bbf7eb34d2711c993c1d976b128b3188dc1829a,1,1,,
"포켓몬스터 하트골드 (Korea, IPKK, header ROM version 0)","포켓몬스터 소울실버 (Korea, IPGK, header ROM version 0)",/a/0/0/5,equal,1221,1221,,,beead77994cf573341ec17b58bbf7eb34d2711c993c1d976b128b3188dc1829a,beead77994cf573341ec17b58bbf7eb34d2711c993c1d976b128b3188dc1829a,1,1,,
"포켓몬스터 하트골드 (Korea, IPKK, header ROM version 0)","포켓몬스터 소울실버 (Korea, IPGK, header ROM version 0)",/a/0/0/5,equal,1222,1222,,,f299791cddd3d6664f6670842812ef6053eb6501bd6282a476bbbf3ee91e750c,f299791cddd3d6664f6670842812ef6053eb6501bd6282a476bbbf3ee91e750c,1,1,,
"포켓몬스터 하트골드 (Korea, IPKK, header ROM version 0)","포켓몬스터 소울실버 (Korea, IPGK, header ROM version 0)",/a/0/0/5,equal,1223,1223,,,f299791cddd3d6664f6670842812ef6053eb6501bd6282a476bbbf3ee91e750c,f299791cddd3d6664f6670842812ef6053eb6501bd6282a476bbbf3ee91e750c,1,1,,
"포켓몬스터 하트골드 (Korea, IPKK, header ROM version 0)","포켓몬스터 소울실버 (Korea, IPGK, header ROM version 0)",/a/0/0/5,equal,1224,1224,,,beead77994cf573341ec17b58bbf7eb34d2711c993c1d976b128b3188dc1829a,beead77994cf573341ec17b58bbf7eb34d2711c993c1d976b128b3188dc1829a,1,1,,
"포켓몬스터 하트골드 (Korea, IPKK, header ROM version 0)","포켓몬스터 소울실버 (Korea, IPGK, header ROM version 0)",/a/0/0/5,equal,1225,1225,,,beead77994cf573341ec17b58bbf7eb34d2711c993c1d976b128b3188dc1829a,beead77994cf573341ec17b58bbf7eb34d2711c993c1d976b128b3188dc1829a,1,1,,
"포켓몬스터 하트골드 (Korea, IPKK, header ROM version 0)","포켓몬스터 소울실버 (Korea, IPGK, header ROM version 0)",/a/0/0/5,equal,1226,1226,,,67586e98fad27da0b9968bc039a1ef34c939b9b8e523a8bef89d478608c5ecf6,67586e98fad27da0b9968bc039a1ef34c939b9b8e523a8bef89d478608c5ecf6,1,1,,
"포켓몬스터 하트골드 (Korea, IPKK, header ROM version 0)","포켓몬스터 소울실버 (Korea, IPGK, header ROM version 0)",/a/0/0/5,equal,1227,1227,,,67586e98fad27da0b9968bc039a1ef34c939b9b8e523a8bef89d478608c5ecf6,67586e98fad27da0b9968bc039a1ef34c939b9b8e523a8bef89d478608c5ecf6,1,1,,
"포켓몬스터 하트골드 (Korea, IPKK, header ROM version 0)","포켓몬스터 소울실버 (Korea, IPGK, header ROM version 0)",/a/0/0/5,equal,1228,1228,,,beead77994cf573341ec17b58bbf7eb34d2711c993c1d976b128b3188dc1829a,beead77994cf573341ec17b58bbf7eb34d2711c993c1d976b128b3188dc1829a,1,1,,
"포켓몬스터 하트골드 (Korea, IPKK, header ROM version 0)","포켓몬스터 소울실버 (Korea, IPGK, header ROM version 0)",/a/0/0/5,equal,1229,1229,,,beead77994cf573341ec17b58bbf7eb34d2711c993c1d976b128b3188dc1829a,beead77994cf573341ec17b58bbf7eb34d2711c993c1d976b128b3188dc1829a,1,1,,
"포켓몬스터 하트골드 (Korea, IPKK, header ROM version 0)","포켓몬스터 소울실버 (Korea, IPGK, header ROM version 0)",/a/0/0/5,equal,1230,1230,,,83891d7fe85c33e52c8b4e5814c92fb6a3b9467299200538a6babaa8b452d879,83891d7fe85c33e52c8b4e5814c92fb6a3b9467299200538a6babaa8b452d879,1,1,,
"포켓몬스터 하트골드 (Korea, IPKK, header ROM version 0)","포켓몬스터 소울실버 (Korea, IPGK, header ROM version 0)",/a/0/0/5,equal,1231,1231,,,83891d7fe85c33e52c8b4e5814c92fb6a3b9467299200538a6babaa8b452d879,83891d7fe85c33e52c8b4e5814c92fb6a3b9467299200538a6babaa8b452d879,1,1,,
"포켓몬스터 하트골드 (Korea, IPKK, header ROM version 0)","포켓몬스터 소울실버 (Korea, IPGK, header ROM version 0)",/a/0/0/5,equal,1232,1232,,,6e340b9cffb37a989ca544e6bb780a2c78901d3fb33738768511a30617afa01d,6e340b9cffb37a989ca544e6bb780a2c78901d3fb33738768511a30617afa01d,1,1,,
"포켓몬스터 하트골드 (Korea, IPKK, header ROM version 0)","포켓몬스터 소울실버 (Korea, IPGK, header ROM version 0)",/a/0/0/5,equal,1233,1233,,,6e340b9cffb37a989ca544e6bb780a2c78901d3fb33738768511a30617afa01d,6e340b9cffb37a989ca544e6bb780a2c78901d3fb33738768511a30617afa01d,1,1,,
"포켓몬스터 하트골드 (Korea, IPKK, header ROM version 0)","포켓몬스터 소울실버 (Korea, IPGK, header ROM version 0)",/a/0/0/5,equal,1234,1234,,,ca358758f6d27e6cf45272937977a748fd88391db679ceda7dc7bf1f005ee879,ca358758f6d27e6cf45272937977a748fd88391db679ceda7dc7bf1f005ee879,1,1,,
"포켓몬스터 하트골드 (Korea, IPKK, header ROM version 0)","포켓몬스터 소울실버 (Korea, IPGK, header ROM version 0)",/a/0/0/5,equal,1235,1235,,,ca358758f6d27e6cf45272937977a748fd88391db679ceda7dc7bf1f005ee879,ca358758f6d27e6cf45272937977a748fd88391db679ceda7dc7bf1f005ee879,1,1,,
"포켓몬스터 하트골드 (Korea, IPKK, header ROM version 0)","포켓몬스터 소울실버 (Korea, IPGK, header ROM version 0)",/a/0/0/5,equal,1236,1236,,,c555eab45d08845ae9f10d452a99bfcb06f74a50b988fe7e48dd323789b88ee3,c555eab45d08845ae9f10d452a99bfcb06f74a50b988fe7e48dd323789b88ee3,1,1,Nintendo LZ10,Nintendo LZ10
"포켓몬스터 하트골드 (Korea, IPKK, header ROM version 0)","포켓몬스터 소울실버 (Korea, IPGK, header ROM version 0)",/a/0/0/5,equal,1237,1237,,,c555eab45d08845ae9f10d452a99bfcb06f74a50b988fe7e48dd323789b88ee3,c555eab45d08845ae9f10d452a99bfcb06f74a50b988fe7e48dd323789b88ee3,1,1,Nintendo LZ10,Nintendo LZ10
"포켓몬스터 하트골드 (Korea, IPKK, header ROM version 0)","포켓몬스터 소울실버 (Korea, IPGK, header ROM version 0)",/a/0/0/5,equal,1238,1238,,,8f11b05da785e43e713d03774c6bd3405d99cd3024af334ffd68db663aa37034,8f11b05da785e43e713d03774c6bd3405d99cd3024af334ffd68db663aa37034,1,1,,
"포켓몬스터 하트골드 (Korea, IPKK, header ROM version 0)","포켓몬스터 소울실버 (Korea, IPGK, header ROM version 0)",/a/0/0/5,equal,1239,1239,,,8f11b05da785e43e713d03774c6bd3405d99cd3024af334ffd68db663aa37034,8f11b05da785e43e713d03774c6bd3405d99cd3024af334ffd68db663aa37034,1,1,,
"포켓몬스터 하트골드 (Korea, IPKK, header ROM version 0)","포켓몬스터 소울실버 (Korea, IPGK, header ROM version 0)",/a/0/0/5,equal,1240,1240,,,6e340b9cffb37a989ca544e6bb780a2c78901d3fb33738768511a30617afa01d,6e340b9cffb37a989ca544e6bb780a2c78901d3fb33738768511a30617afa01d,1,1,,
"포켓몬스터 하트골드 (Korea, IPKK, header ROM version 0)","포켓몬스터 소울실버 (Korea, IPGK, header ROM version 0)",/a/0/0/5,equal,1241,1241,,,6e340b9cffb37a989ca544e6bb780a2c78901d3fb33738768511a30617afa01d,6e340b9cffb37a989ca544e6bb780a2c78901d3fb33738768511a30617afa01d,1,1,,
"포켓몬스터 하트골드 (Korea, IPKK, header ROM version 0)","포켓몬스터 소울실버 (Korea, IPGK, header ROM version 0)",/a/0/0/5,equal,1242,1242,,,beead77994cf573341ec17b58bbf7eb34d2711c993c1d976b128b3188dc1829a,beead77994cf573341ec17b58bbf7eb34d2711c993c1d976b128b3188dc1829a,1,1,,
"포켓몬스터 하트골드 (Korea, IPKK, header ROM version 0)","포켓몬스터 소울실버 (Korea, IPGK, header ROM version 0)",/a/0/0/5,equal,1243,1243,,,beead77994cf573341ec17b58bbf7eb34d2711c993c1d976b128b3188dc1829a,beead77994cf573341ec17b58bbf7eb34d2711c993c1d976b128b3188dc1829a,1,1,,
"포켓몬스터 하트골드 (Korea, IPKK, header ROM version 0)","포켓몬스터 소울실버 (Korea, IPGK, header ROM version 0)",/a/0/0/5,equal,1244,1244,,,67586e98fad27da0b9968bc039a1ef34c939b9b8e523a8bef89d478608c5ecf6,67586e98fad27da0b9968bc039a1ef34c939b9b8e523a8bef89d478608c5ecf6,1,1,,
"포켓몬스터 하트골드 (Korea, IPKK, header ROM version 0)","포켓몬스터 소울실버 (Korea, IPGK, header ROM version 0)",/a/0/0/5,equal,1245,1245,,,67586e98fad27da0b9968bc039a1ef34c939b9b8e523a8bef89d478608c5ecf6,67586e98fad27da0b9968bc039a1ef34c939b9b8e523a8bef89d478608c5ecf6,1,1,,
"포켓몬스터 하트골드 (Korea, IPKK, header ROM version 0)","포켓몬스터 소울실버 (Korea, IPGK, header ROM version 0)",/a/0/0/5,equal,1246,1246,,,83891d7fe85c33e52c8b4e5814c92fb6a3b9467299200538a6babaa8b452d879,83891d7fe85c33e52c8b4e5814c92fb6a3b9467299200538a6babaa8b452d879,1,1,,
"포켓몬스터 하트골드 (Korea, IPKK, header ROM version 0)","포켓몬스터 소울실버 (Korea, IPGK, header ROM version 0)",/a/0/0/5,equal,1247,1247,,,83891d7fe85c33e52c8b4e5814c92fb6a3b9467299200538a6babaa8b452d879,83891d7fe85c33e52c8b4e5814c92fb6a3b9467299200538a6babaa8b452d879,1,1,,
"포켓몬스터 하트골드 (Korea, IPKK, header ROM version 0)","포켓몬스터 소울실버 (Korea, IPGK, header ROM version 0)",/a/0/0/5,equal,1248,1248,,,e77b9a9ae9e30b0dbdb6f510a264ef9de781501d7b6b92ae89eb059c5ab743db,e77b9a9ae9e30b0dbdb6f510a264ef9de781501d7b6b92ae89eb059c5ab743db,1,1,,
"포켓몬스터 하트골드 (Korea, IPKK, header ROM version 0)","포켓몬스터 소울실버 (Korea, IPGK, header ROM version 0)",/a/0/0/5,equal,1249,1249,,,e77b9a9ae9e30b0dbdb6f510a264ef9de781501d7b6b92ae89eb059c5ab743db,e77b9a9ae9e30b0dbdb6f510a264ef9de781501d7b6b92ae89eb059c5ab743db,1,1,,
"포켓몬스터 하트골드 (Korea, IPKK, header ROM version 0)","포켓몬스터 소울실버 (Korea, IPGK, header ROM version 0)",/a/0/0/5,equal,1250,1250,,,83891d7fe85c33e52c8b4e5814c92fb6a3b9467299200538a6babaa8b452d879,83891d7fe85c33e52c8b4e5814c92fb6a3b9467299200538a6babaa8b452d879,1,1,,
"포켓몬스터 하트골드 (Korea, IPKK, header ROM version 0)","포켓몬스터 소울실버 (Korea, IPGK, header ROM version 0)",/a/0/0/5,equal,1251,1251,,,83891d7fe85c33e52c8b4e5814c92fb6a3b9467299200538a6babaa8b452d879,83891d7fe85c33e52c8b4e5814c92fb6a3b9467299200538a6babaa8b452d879,1,1,,
"포켓몬스터 하트골드 (Korea, IPKK, header ROM version 0)","포켓몬스터 소울실버 (Korea, IPGK, header ROM version 0)",/a/0/0/5,equal,1252,1252,,,e3b0c44298fc1c149afbf4c8996fb92427ae41e4649b934ca495991b7852b855,e3b0c44298fc1c149afbf4c8996fb92427ae41e4649b934ca495991b7852b855,0,0,,
"포켓몬스터 하트골드 (Korea, IPKK, header ROM version 0)","포켓몬스터 소울실버 (Korea, IPGK, header ROM version 0)",/a/0/0/5,equal,1253,1253,,,e52d9c508c502347344d8c07ad91cbd6068afc75ff6292f062a09ca381c89e71,e52d9c508c502347344d8c07ad91cbd6068afc75ff6292f062a09ca381c89e71,1,1,,
"포켓몬스터 하트골드 (Korea, IPKK, header ROM version 0)","포켓몬스터 소울실버 (Korea, IPGK, header ROM version 0)",/a/0/0/5,equal,1254,1254,,,e3b0c44298fc1c149afbf4c8996fb92427ae41e4649b934ca495991b7852b855,e3b0c44298fc1c149afbf4c8996fb92427ae41e4649b934ca495991b7852b855,0,0,,
"포켓몬스터 하트골드 (Korea, IPKK, header ROM version 0)","포켓몬스터 소울실버 (Korea, IPGK, header ROM version 0)",/a/0/0/5,equal,1255,1255,,,4a64a107f0cb32536e5bce6c98c393db21cca7f4ea187ba8c4dca8b51d4ea80a,4a64a107f0cb32536e5bce6c98c393db21cca7f4ea187ba8c4dca8b51d4ea80a,1,1,Nintendo LZ11,Nintendo LZ11
"포켓몬스터 하트골드 (Korea, IPKK, header ROM version 0)","포켓몬스터 소울실버 (Korea, IPGK, header ROM version 0)",/a/0/0/5,equal,1256,1256,,,01ba4719c80b6fe911b091a7c05124b64eeece964e09c058ef8f9805daca546b,01ba4719c80b6fe911b091a7c05124b64eeece964e09c058ef8f9805daca546b,1,1,,
"포켓몬스터 하트골드 (Korea, IPKK, header ROM version 0)","포켓몬스터 소울실버 (Korea, IPGK, header ROM version 0)",/a/0/0/5,equal,1257,1257,,,e3b0c44298fc1c149afbf4c8996fb92427ae41e4649b934ca495991b7852b855,e3b0c44298fc1c149afbf4c8996fb92427ae41e4649b934ca495991b7852b855,0,0,,
"포켓몬스터 하트골드 (Korea, IPKK, header ROM version 0)","포켓몬스터 소울실버 (Korea, IPGK, header ROM version 0)",/a/0/0/5,equal,1258,1258,,,f299791cddd3d6664f6670842812ef6053eb6501bd6282a476bbbf3ee91e750c,f299791cddd3d6664f6670842812ef6053eb6501bd6282a476bbbf3ee91e750c,1,1,,
"포켓몬스터 하트골드 (Korea, IPKK, header ROM version 0)","포켓몬스터 소울실버 (Korea, IPGK, header ROM version 0)",/a/0/0/5,equal,1259,1259,,,e3b0c44298fc1c149afbf4c8996fb92427ae41e4649b934ca495991b7852b855,e3b0c44298fc1c149afbf4c8996fb92427ae41e4649b934ca495991b7852b855,0,0,,
"포켓몬스터 하트골드 (Korea, IPKK, header ROM version 0)","포켓몬스터 소울실버 (Korea, IPGK, header ROM version 0)",/a/0/0/5,equal,1260,1260,,,beead77994cf573341ec17b58bbf7eb34d2711c993c1d976b128b3188dc1829a,beead77994cf573341ec17b58bbf7eb34d2711c993c1d976b128b3188dc1829a,1,1,,
"포켓몬스터 하트골드 (Korea, IPKK, header ROM version 0)","포켓몬스터 소울실버 (Korea, IPGK, header ROM version 0)",/a/0/0/5,equal,1261,1261,,,beead77994cf573341ec17b58bbf7eb34d2711c993c1d976b128b3188dc1829a,beead77994cf573341ec17b58bbf7eb34d2711c993c1d976b128b3188dc1829a,1,1,,
"포켓몬스터 하트골드 (Korea, IPKK, header ROM version 0)","포켓몬스터 소울실버 (Korea, IPGK, header ROM version 0)",/a/0/0/5,equal,1262,1262,,,f299791cddd3d6664f6670842812ef6053eb6501bd6282a476bbbf3ee91e750c,f299791cddd3d6664f6670842812ef6053eb6501bd6282a476bbbf3ee91e750c,1,1,,
"포켓몬스터 하트골드 (Korea, IPKK, header ROM version 0)","포켓몬스터 소울실버 (Korea, IPGK, header ROM version 0)",/a/0/0/5,equal,1263,1263,,,f299791cddd3d6664f6670842812ef6053eb6501bd6282a476bbbf3ee91e750c,f299791cddd3d6664f6670842812ef6053eb6501bd6282a476bbbf3ee91e750c,1,1,,
"포켓몬스터 하트골드 (Korea, IPKK, header ROM version 0)","포켓몬스터 소울실버 (Korea, IPGK, header ROM version 0)",/a/0/0/5,equal,1264,1264,,,beead77994cf573341ec17b58bbf7eb34d2711c993c1d976b128b3188dc1829a,beead77994cf573341ec17b58bbf7eb34d2711c993c1d976b128b3188dc1829a,1,1,,
"포켓몬스터 하트골드 (Korea, IPKK, header ROM version 0)","포켓몬스터 소울실버 (Korea, IPGK, header ROM version 0)",/a/0/0/5,equal,1265,1265,,,beead77994cf573341ec17b58bbf7eb34d2711c993c1d976b128b3188dc1829a,beead77994cf573341ec17b58bbf7eb34d2711c993c1d976b128b3188dc1829a,1,1,,
"포켓몬스터 하트골드 (Korea, IPKK, header ROM version 0)","포켓몬스터 소울실버 (Korea, IPGK, header ROM version 0)",/a/0/0/5,equal,1266,1266,,,452ba1ddef80246c48be7690193c76c1d61185906be9401014fe14f1be64b74f,452ba1ddef80246c48be7690193c76c1d61185906be9401014fe14f1be64b74f,1,1,,
"포켓몬스터 하트골드 (Korea, IPKK, header ROM version 0)","포켓몬스터 소울실버 (Korea, IPGK, header ROM version 0)",/a/0/0/5,equal,1267,1267,,,452ba1ddef80246c48be7690193c76c1d61185906be9401014fe14f1be64b74f,452ba1ddef80246c48be7690193c76c1d61185906be9401014fe14f1be64b74f,1,1,,
"포켓몬스터 하트골드 (Korea, IPKK, header ROM version 0)","포켓몬스터 소울실버 (Korea, IPGK, header ROM version 0)",/a/0/0/5,equal,1268,1268,,,e77b9a9ae9e30b0dbdb6f510a264ef9de781501d7b6b92ae89eb059c5ab743db,e77b9a9ae9e30b0dbdb6f510a264ef9de781501d7b6b92ae89eb059c5ab743db,1,1,,
"포켓몬스터 하트골드 (Korea, IPKK, header ROM version 0)","포켓몬스터 소울실버 (Korea, IPGK, header ROM version 0)",/a/0/0/5,equal,1269,1269,,,e77b9a9ae9e30b0dbdb6f510a264ef9de781501d7b6b92ae89eb059c5ab743db,e77b9a9ae9e30b0dbdb6f510a264ef9de781501d7b6b92ae89eb059c5ab743db,1,1,,
"포켓몬스터 하트골드 (Korea, IPKK, header ROM version 0)","포켓몬스터 소울실버 (Korea, IPGK, header ROM version 0)",/a/0/0/5,equal,1270,1270,,,ef6cbd2161eaea7943ce8693b9824d23d1793ffb1c0fca05b600d3899b44c977,ef6cbd2161eaea7943ce8693b9824d23d1793ffb1c0fca05b600d3899b44c977,1,1,,
"포켓몬스터 하트골드 (Korea, IPKK, header ROM version 0)","포켓몬스터 소울실버 (Korea, IPGK, header ROM version 0)",/a/0/0/5,equal,1271,1271,,,ef6cbd2161eaea7943ce8693b9824d23d1793ffb1c0fca05b600d3899b44c977,ef6cbd2161eaea7943ce8693b9824d23d1793ffb1c0fca05b600d3899b44c977,1,1,,
"포켓몬스터 하트골드 (Korea, IPKK, header ROM version 0)","포켓몬스터 소울실버 (Korea, IPGK, header ROM version 0)",/a/0/0/5,equal,1272,1272,,,9d1e0e2d9459d06523ad13e28a4093c2316baafe7aec5b25f30eba2e113599c4,9d1e0e2d9459d06523ad13e28a4093c2316baafe7aec5b25f30eba2e113599c4,1,1,,
"포켓몬스터 하트골드 (Korea, IPKK, header ROM version 0)","포켓몬스터 소울실버 (Korea, IPGK, header ROM version 0)",/a/0/0/5,equal,1273,1273,,,9d1e0e2d9459d06523ad13e28a4093c2316baafe7aec5b25f30eba2e113599c4,9d1e0e2d9459d06523ad13e28a4093c2316baafe7aec5b25f30eba2e113599c4,1,1,,
"포켓몬스터 하트골드 (Korea, IPKK, header ROM version 0)","포켓몬스터 소울실버 (Korea, IPGK, header ROM version 0)",/a/0/0/5,equal,1274,1274,,,dc0e9c3658a1a3ed1ec94274d8b19925c93e1abb7ddba294923ad9bde30f8cb8,dc0e9c3658a1a3ed1ec94274d8b19925c93e1abb7ddba294923ad9bde30f8cb8,1,1,,
"포켓몬스터 하트골드 (Korea, IPKK, header ROM version 0)","포켓몬스터 소울실버 (Korea, IPGK, header ROM version 0)",/a/0/0/5,equal,1275,1275,,,dc0e9c3658a1a3ed1ec94274d8b19925c93e1abb7ddba294923ad9bde30f8cb8,dc0e9c3658a1a3ed1ec94274d8b19925c93e1abb7ddba294923ad9bde30f8cb8,1,1,,
"포켓몬스터 하트골드 (Korea, IPKK, header ROM version 0)","포켓몬스터 소울실버 (Korea, IPGK, header ROM version 0)",/a/0/0/5,equal,1276,1276,,,e52d9c508c502347344d8c07ad91cbd6068afc75ff6292f062a09ca381c89e71,e52d9c508c502347344d8c07ad91cbd6068afc75ff6292f062a09ca381c89e71,1,1,,
"포켓몬스터 하트골드 (Korea, IPKK, header ROM version 0)","포켓몬스터 소울실버 (Korea, IPGK, header ROM version 0)",/a/0/0/5,equal,1277,1277,,,e52d9c508c502347344d8c07ad91cbd6068afc75ff6292f062a09ca381c89e71,e52d9c508c502347344d8c07ad91cbd6068afc75ff6292f062a09ca381c89e71,1,1,,
"포켓몬스터 하트골드 (Korea, IPKK, header ROM version 0)","포켓몬스터 소울실버 (Korea, IPGK, header ROM version 0)",/a/0/0/5,equal,1278,1278,,,e77b9a9ae9e30b0dbdb6f510a264ef9de781501d7b6b92ae89eb059c5ab743db,e77b9a9ae9e30b0dbdb6f510a264ef9de781501d7b6b92ae89eb059c5ab743db,1,1,,
"포켓몬스터 하트골드 (Korea, IPKK, header ROM version 0)","포켓몬스터 소울실버 (Korea, IPGK, header ROM version 0)",/a/0/0/5,equal,1279,1279,,,e77b9a9ae9e30b0dbdb6f510a264ef9de781501d7b6b92ae89eb059c5ab743db,e77b9a9ae9e30b0dbdb6f510a264ef9de781501d7b6b92ae89eb059c5ab743db,1,1,,
"포켓몬스터 하트골드 (Korea, IPKK, header ROM version 0)","포켓몬스터 소울실버 (Korea, IPGK, header ROM version 0)",/a/0/0/5,equal,1280,1280,,,beead77994cf573341ec17b58bbf7eb34d2711c993c1d976b128b3188dc1829a,beead77994cf573341ec17b58bbf7eb34d2711c993c1d976b128b3188dc1829a,1,1,,
"포켓몬스터 하트골드 (Korea, IPKK, header ROM version 0)","포켓몬스터 소울실버 (Korea, IPGK, header ROM version 0)",/a/0/0/5,equal,1281,1281,,,beead77994cf573341ec17b58bbf7eb34d2711c993c1d976b128b3188dc1829a,beead77994cf573341ec17b58bbf7eb34d2711c993c1d976b128b3188dc1829a,1,1,,
"포켓몬스터 하트골드 (Korea, IPKK, header ROM version 0)","포켓몬스터 소울실버 (Korea, IPGK, header ROM version 0)",/a/0/0/5,equal,1282,1282,,,2f0fd1e89b8de1d57292742ec380ea47066e307ad645f5bc3adad8a06ff58608,2f0fd1e89b8de1d57292742ec380ea47066e307ad645f5bc3adad8a06ff58608,1,1,,
"포켓몬스터 하트골드 (Korea, IPKK, header ROM version 0)","포켓몬스터 소울실버 (Korea, IPGK, header ROM version 0)",/a/0/0/5,equal,1283,1283,,,2f0fd1e89b8de1d57292742ec380ea47066e307ad645f5bc3adad8a06ff58608,2f0fd1e89b8de1d57292742ec380ea47066e307ad645f5bc3adad8a06ff58608,1,1,,
"포켓몬스터 하트골드 (Korea, IPKK, header ROM version 0)","포켓몬스터 소울실버 (Korea, IPGK, header ROM version 0)",/a/0/0/5,equal,1284,1284,,,bd4fc42a21f1f860a1030e6eba23d53ecab71bd19297ab6c074381d4ecee0018,bd4fc42a21f1f860a1030e6eba23d53ecab71bd19297ab6c074381d4ecee0018,1,1,,
"포켓몬스터 하트골드 (Korea, IPKK, header ROM version 0)","포켓몬스터 소울실버 (Korea, IPGK, header ROM version 0)",/a/0/0/5,equal,1285,1285,,,bd4fc42a21f1f860a1030e6eba23d53ecab71bd19297ab6c074381d4ecee0018,bd4fc42a21f1f860a1030e6eba23d53ecab71bd19297ab6c074381d4ecee0018,1,1,,
"포켓몬스터 하트골드 (Korea, IPKK, header ROM version 0)","포켓몬스터 소울실버 (Korea, IPGK, header ROM version 0)",/a/0/0/5,equal,1286,1286,,,67586e98fad27da0b9968bc039a1ef34c939b9b8e523a8bef89d478608c5ecf6,67586e98fad27da0b9968bc039a1ef34c939b9b8e523a8bef89d478608c5ecf6,1,1,,
"포켓몬스터 하트골드 (Korea, IPKK, header ROM version 0)","포켓몬스터 소울실버 (Korea, IPGK, header ROM version 0)",/a/0/0/5,equal,1287,1287,,,67586e98fad27da0b9968bc039a1ef34c939b9b8e523a8bef89d478608c5ecf6,67586e98fad27da0b9968bc039a1ef34c939b9b8e523a8bef89d478608c5ecf6,1,1,,
"포켓몬스터 하트골드 (Korea, IPKK, header ROM version 0)","포켓몬스터 소울실버 (Korea, IPGK, header ROM version 0)",/a/0/0/5,equal,1288,1288,,,beead77994cf573341ec17b58bbf7eb34d2711c993c1d976b128b3188dc1829a,beead77994cf573341ec17b58bbf7eb34d2711c993c1d976b128b3188dc1829a,1,1,,
"포켓몬스터 하트골드 (Korea, IPKK, header ROM version 0)","포켓몬스터 소울실버 (Korea, IPGK, header ROM version 0)",/a/0/0/5,equal,1289,1289,,,beead77994cf573341ec17b58bbf7eb34d2711c993c1d976b128b3188dc1829a,beead77994cf573341ec17b58bbf7eb34d2711c993c1d976b128b3188dc1829a,1,1,,
"포켓몬스터 하트골드 (Korea, IPKK, header ROM version 0)","포켓몬스터 소울실버 (Korea, IPGK, header ROM version 0)",/a/0/0/5,equal,1290,1290,,,4a64a107f0cb32536e5bce6c98c393db21cca7f4ea187ba8c4dca8b51d4ea80a,4a64a107f0cb32536e5bce6c98c393db21cca7f4ea187ba8c4dca8b51d4ea80a,1,1,Nintendo LZ11,Nintendo LZ11
"포켓몬스터 하트골드 (Korea, IPKK, header ROM version 0)","포켓몬스터 소울실버 (Korea, IPGK, header ROM version 0)",/a/0/0/5,equal,1291,1291,,,4a64a107f0cb32536e5bce6c98c393db21cca7f4ea187ba8c4dca8b51d4ea80a,4a64a107f0cb32536e5bce6c98c393db21cca7f4ea187ba8c4dca8b51d4ea80a,1,1,Nintendo LZ11,Nintendo LZ11
"포켓몬스터 하트골드 (Korea, IPKK, header ROM version 0)","포켓몬스터 소울실버 (Korea, IPGK, header ROM version 0)",/a/0/0/5,equal,1292,1292,,,c555eab45d08845ae9f10d452a99bfcb06f74a50b988fe7e48dd323789b88ee3,c555eab45d08845ae9f10d452a99bfcb06f74a50b988fe7e48dd323789b88ee3,1,1,Nintendo LZ10,Nintendo LZ10
"포켓몬스터 하트골드 (Korea, IPKK, header ROM version 0)","포켓몬스터 소울실버 (Korea, IPGK, header ROM version 0)",/a/0/0/5,equal,1293,1293,,,c555eab45d08845ae9f10d452a99bfcb06f74a50b988fe7e48dd323789b88ee3,c555eab45d08845ae9f10d452a99bfcb06f74a50b988fe7e48dd323789b88ee3,1,1,Nintendo LZ10,Nintendo LZ10
"포켓몬스터 하트골드 (Korea, IPKK, header ROM version 0)","포켓몬스터 소울실버 (Korea, IPGK, header ROM version 0)",/a/0/0/5,equal,1294,1294,,,01ba4719c80b6fe911b091a7c05124b64eeece964e09c058ef8f9805daca546b,01ba4719c80b6fe911b091a7c05124b64eeece964e09c058ef8f9805daca546b,1,1,,
"포켓몬스터 하트골드 (Korea, IPKK, header ROM version 0)","포켓몬스터 소울실버 (Korea, IPGK, header ROM version 0)",/a/0/0/5,equal,1295,1295,,,e7cf46a078fed4fafd0b5e3aff144802b853f8ae459a4f0c14add3314b7cc3a6,e7cf46a078fed4fafd0b5e3aff144802b853f8ae459a4f0c14add3314b7cc3a6,1,1,,
"포켓몬스터 하트골드 (Korea, IPKK, header ROM version 0)","포켓몬스터 소울실버 (Korea, IPGK, header ROM version 0)",/a/0/0/5,equal,1296,1296,,,01ba4719c80b6fe911b091a7c05124b64eeece964e09c058ef8f9805daca546b,01ba4719c80b6fe911b091a7c05124b64eeece964e09c058ef8f9805daca546b,1,1,,
"포켓몬스터 하트골드 (Korea, IPKK, header ROM version 0)","포켓몬스터 소울실버 (Korea, IPGK, header ROM version 0)",/a/0/0/5,equal,1297,1297,,,01ba4719c80b6fe911b091a7c05124b64eeece964e09c058ef8f9805daca546b,01ba4719c80b6fe911b091a7c05124b64eeece964e09c058ef8f9805daca546b,1,1,,
"포켓몬스터 하트골드 (Korea, IPKK, header ROM version 0)","포켓몬스터 소울실버 (Korea, IPGK, header ROM version 0)",/a/0/0/5,equal,1298,1298,,,01ba4719c80b6fe911b091a7c05124b64eeece964e09c058ef8f9805daca546b,01ba4719c80b6fe911b091a7c05124b64eeece964e09c058ef8f9805daca546b,1,1,,
"포켓몬스터 하트골드 (Korea, IPKK, header ROM version 0)","포켓몬스터 소울실버 (Korea, IPGK, header ROM version 0)",/a/0/0/5,equal,1299,1299,,,01ba4719c80b6fe911b091a7c05124b64eeece964e09c058ef8f9805daca546b,01ba4719c80b6fe911b091a7c05124b64eeece964e09c058ef8f9805daca546b,1,1,,
"포켓몬스터 하트골드 (Korea, IPKK, header ROM version 0)","포켓몬스터 소울실버 (Korea, IPGK, header ROM version 0)",/a/0/0/5,equal,1300,1300,,,e52d9c508c502347344d8c07ad91cbd6068afc75ff6292f062a09ca381c89e71,e52d9c508c502347344d8c07ad91cbd6068afc75ff6292f062a09ca381c89e71,1,1,,
"포켓몬스터 하트골드 (Korea, IPKK, header ROM version 0)","포켓몬스터 소울실버 (Korea, IPGK, header ROM version 0)",/a/0/0/5,equal,1301,1301,,,e52d9c508c502347344d8c07ad91cbd6068afc75ff6292f062a09ca381c89e71,e52d9c508c502347344d8c07ad91cbd6068afc75ff6292f062a09ca381c89e71,1,1,,
"포켓몬스터 하트골드 (Korea, IPKK, header ROM version 0)","포켓몬스터 소울실버 (Korea, IPGK, header ROM version 0)",/a/0/0/5,equal,1302,1302,,,c555eab45d08845ae9f10d452a99bfcb06f74a50b988fe7e48dd323789b88ee3,c555eab45d08845ae9f10d452a99bfcb06f74a50b988fe7e48dd323789b88ee3,1,1,Nintendo LZ10,Nintendo LZ10
"포켓몬스터 하트골드 (Korea, IPKK, header ROM version 0)","포켓몬스터 소울실버 (Korea, IPGK, header ROM version 0)",/a/0/0/5,equal,1303,1303,,,c555eab45d08845ae9f10d452a99bfcb06f74a50b988fe7e48dd323789b88ee3,c555eab45d08845ae9f10d452a99bfcb06f74a50b988fe7e48dd323789b88ee3,1,1,Nintendo LZ10,Nintendo LZ10
"포켓몬스터 하트골드 (Korea, IPKK, header ROM version 0)","포켓몬스터 소울실버 (Korea, IPGK, header ROM version 0)",/a/0/0/5,equal,1304,1304,,,084fed08b978af4d7d196a7446a86b58009e636b611db16211b65a9aadff29c5,084fed08b978af4d7d196a7446a86b58009e636b611db16211b65a9aadff29c5,1,1,,
"포켓몬스터 하트골드 (Korea, IPKK, header ROM version 0)","포켓몬스터 소울실버 (Korea, IPGK, header ROM version 0)",/a/0/0/5,equal,1305,1305,,,084fed08b978af4d7d196a7446a86b58009e636b611db16211b65a9aadff29c5,084fed08b978af4d7d196a7446a86b58009e636b611db16211b65a9aadff29c5,1,1,,
"포켓몬스터 하트골드 (Korea, IPKK, header ROM version 0)","포켓몬스터 소울실버 (Korea, IPGK, header ROM version 0)",/a/0/0/5,equal,1306,1306,,,e7cf46a078fed4fafd0b5e3aff144802b853f8ae459a4f0c14add3314b7cc3a6,e7cf46a078fed4fafd0b5e3aff144802b853f8ae459a4f0c14add3314b7cc3a6,1,1,,
"포켓몬스터 하트골드 (Korea, IPKK, header ROM version 0)","포켓몬스터 소울실버 (Korea, IPGK, header ROM version 0)",/a/0/0/5,equal,1307,1307,,,e7cf46a078fed4fafd0b5e3aff144802b853f8ae459a4f0c14add3314b7cc3a6,e7cf46a078fed4fafd0b5e3aff144802b853f8ae459a4f0c14add3314b7cc3a6,1,1,,
"포켓몬스터 하트골드 (Korea, IPKK, header ROM version 0)","포켓몬스터 소울실버 (Korea, IPGK, header ROM version 0)",/a/0/0/5,equal,1308,1308,,,beead77994cf573341ec17b58bbf7eb34d2711c993c1d976b128b3188dc1829a,beead77994cf573341ec17b58bbf7eb34d2711c993c1d976b128b3188dc1829a,1,1,,
"포켓몬스터 하트골드 (Korea, IPKK, header ROM version 0)","포켓몬스터 소울실버 (Korea, IPGK, header ROM version 0)",/a/0/0/5,equal,1309,1309,,,beead77994cf573341ec17b58bbf7eb34d2711c993c1d976b128b3188dc1829a,beead77994cf573341ec17b58bbf7eb34d2711c993c1d976b128b3188dc1829a,1,1,,
"포켓몬스터 하트골드 (Korea, IPKK, header ROM version 0)","포켓몬스터 소울실버 (Korea, IPGK, header ROM version 0)",/a/0/0/5,equal,1310,1310,,,dc0e9c3658a1a3ed1ec94274d8b19925c93e1abb7ddba294923ad9bde30f8cb8,dc0e9c3658a1a3ed1ec94274d8b19925c93e1abb7ddba294923ad9bde30f8cb8,1,1,,
"포켓몬스터 하트골드 (Korea, IPKK, header ROM version 0)","포켓몬스터 소울실버 (Korea, IPGK, header ROM version 0)",/a/0/0/5,equal,1311,1311,,,dc0e9c3658a1a3ed1ec94274d8b19925c93e1abb7ddba294923ad9bde30f8cb8,dc0e9c3658a1a3ed1ec94274d8b19925c93e1abb7ddba294923ad9bde30f8cb8,1,1,,
"포켓몬스터 하트골드 (Korea, IPKK, header ROM version 0)","포켓몬스터 소울실버 (Korea, IPGK, header ROM version 0)",/a/0/0/5,equal,1312,1312,,,9d1e0e2d9459d06523ad13e28a4093c2316baafe7aec5b25f30eba2e113599c4,9d1e0e2d9459d06523ad13e28a4093c2316baafe7aec5b25f30eba2e113599c4,1,1,,
"포켓몬스터 하트골드 (Korea, IPKK, header ROM version 0)","포켓몬스터 소울실버 (Korea, IPGK, header ROM version 0)",/a/0/0/5,equal,1313,1313,,,9d1e0e2d9459d06523ad13e28a4093c2316baafe7aec5b25f30eba2e113599c4,9d1e0e2d9459d06523ad13e28a4093c2316baafe7aec5b25f30eba2e113599c4,1,1,,
"포켓몬스터 하트골드 (Korea, IPKK, header ROM version 0)","포켓몬스터 소울실버 (Korea, IPGK, header ROM version 0)",/a/0/0/5,equal,1314,1314,,,8f11b05da785e43e713d03774c6bd3405d99cd3024af334ffd68db663aa37034,8f11b05da785e43e713d03774c6bd3405d99cd3024af334ffd68db663aa37034,1,1,,
"포켓몬스터 하트골드 (Korea, IPKK, header ROM version 0)","포켓몬스터 소울실버 (Korea, IPGK, header ROM version 0)",/a/0/0/5,equal,1315,1315,,,8f11b05da785e43e713d03774c6bd3405d99cd3024af334ffd68db663aa37034,8f11b05da785e43e713d03774c6bd3405d99cd3024af334ffd68db663aa37034,1,1,,
"포켓몬스터 하트골드 (Korea, IPKK, header ROM version 0)","포켓몬스터 소울실버 (Korea, IPGK, header ROM version 0)",/a/0/0/5,equal,1316,1316,,,c555eab45d08845ae9f10d452a99bfcb06f74a50b988fe7e48dd323789b88ee3,c555eab45d08845ae9f10d452a99bfcb06f74a50b988fe7e48dd323789b88ee3,1,1,Nintendo LZ10,Nintendo LZ10
"포켓몬스터 하트골드 (Korea, IPKK, header ROM version 0)","포켓몬스터 소울실버 (Korea, IPGK, header ROM version 0)",/a/0/0/5,equal,1317,1317,,,c555eab45d08845ae9f10d452a99bfcb06f74a50b988fe7e48dd323789b88ee3,c555eab45d08845ae9f10d452a99bfcb06f74a50b988fe7e48dd323789b88ee3,1,1,Nintendo LZ10,Nintendo LZ10
"포켓몬스터 하트골드 (Korea, IPKK, header ROM version 0)","포켓몬스터 소울실버 (Korea, IPGK, header ROM version 0)",/a/0/0/5,equal,1318,1318,,,c555eab45d08845ae9f10d452a99bfcb06f74a50b988fe7e48dd323789b88ee3,c555eab45d08845ae9f10d452a99bfcb06f74a50b988fe7e48dd323789b88ee3,1,1,Nintendo LZ10,Nintendo LZ10
"포켓몬스터 하트골드 (Korea, IPKK, header ROM version 0)","포켓몬스터 소울실버 (Korea, IPGK, header ROM version 0)",/a/0/0/5,equal,1319,1319,,,c555eab45d08845ae9f10d452a99bfcb06f74a50b988fe7e48dd323789b88ee3,c555eab45d08845ae9f10d452a99bfcb06f74a50b988fe7e48dd323789b88ee3,1,1,Nintendo LZ10,Nintendo LZ10
"포켓몬스터 하트골드 (Korea, IPKK, header ROM version 0)","포켓몬스터 소울실버 (Korea, IPGK, header ROM version 0)",/a/0/0/5,equal,1320,1320,,,e52d9c508c502347344d8c07ad91cbd6068afc75ff6292f062a09ca381c89e71,e52d9c508c502347344d8c07ad91cbd6068afc75ff6292f062a09ca381c89e71,1,1,,
"포켓몬스터 하트골드 (Korea, IPKK, header ROM version 0)","포켓몬스터 소울실버 (Korea, IPGK, header ROM version 0)",/a/0/0/5,equal,1321,1321,,,e52d9c508c502347344d8c07ad91cbd6068afc75ff6292f062a09ca381c89e71,e52d9c508c502347344d8c07ad91cbd6068afc75ff6292f062a09ca381c89e71,1,1,,
"포켓몬스터 하트골드 (Korea, IPKK, header ROM version 0)","포켓몬스터 소울실버 (Korea, IPGK, header ROM version 0)",/a/0/0/5,equal,1322,1322,,,67586e98fad27da0b9968bc039a1ef34c939b9b8e523a8bef89d478608c5ecf6,67586e98fad27da0b9968bc039a1ef34c939b9b8e523a8bef89d478608c5ecf6,1,1,,
"포켓몬스터 하트골드 (Korea, IPKK, header ROM version 0)","포켓몬스터 소울실버 (Korea, IPGK, header ROM version 0)",/a/0/0/5,equal,1323,1323,,,67586e98fad27da0b9968bc039a1ef34c939b9b8e523a8bef89d478608c5ecf6,67586e98fad27da0b9968bc039a1ef34c939b9b8e523a8bef89d478608c5ecf6,1,1,,
"포켓몬스터 하트골드 (Korea, IPKK, header ROM version 0)","포켓몬스터 소울실버 (Korea, IPGK, header ROM version 0)",/a/0/0/5,equal,1324,1324,,,c555eab45d08845ae9f10d452a99bfcb06f74a50b988fe7e48dd323789b88ee3,c555eab45d08845ae9f10d452a99bfcb06f74a50b988fe7e48dd323789b88ee3,1,1,Nintendo LZ10,Nintendo LZ10
"포켓몬스터 하트골드 (Korea, IPKK, header ROM version 0)","포켓몬스터 소울실버 (Korea, IPGK, header ROM version 0)",/a/0/0/5,equal,1325,1325,,,c555eab45d08845ae9f10d452a99bfcb06f74a50b988fe7e48dd323789b88ee3,c555eab45d08845ae9f10d452a99bfcb06f74a50b988fe7e48dd323789b88ee3,1,1,Nintendo LZ10,Nintendo LZ10
"포켓몬스터 하트골드 (Korea, IPKK, header ROM version 0)","포켓몬스터 소울실버 (Korea, IPGK, header ROM version 0)",/a/0/0/5,equal,1326,1326,,,8f11b05da785e43e713d03774c6bd3405d99cd3024af334ffd68db663aa37034,8f11b05da785e43e713d03774c6bd3405d99cd3024af334ffd68db663aa37034,1,1,,
"포켓몬스터 하트골드 (Korea, IPKK, header ROM version 0)","포켓몬스터 소울실버 (Korea, IPGK, header ROM version 0)",/a/0/0/5,equal,1327,1327,,,8f11b05da785e43e713d03774c6bd3405d99cd3024af334ffd68db663aa37034,8f11b05da785e43e713d03774c6bd3405d99cd3024af334ffd68db663aa37034,1,1,,
"포켓몬스터 하트골드 (Korea, IPKK, header ROM version 0)","포켓몬스터 소울실버 (Korea, IPGK, header ROM version 0)",/a/0/0/5,equal,1328,1328,,,6e340b9cffb37a989ca544e6bb780a2c78901d3fb33738768511a30617afa01d,6e340b9cffb37a989ca544e6bb780a2c78901d3fb33738768511a30617afa01d,1,1,,
"포켓몬스터 하트골드 (Korea, IPKK, header ROM version 0)","포켓몬스터 소울실버 (Korea, IPGK, header ROM version 0)",/a/0/0/5,equal,1329,1329,,,6e340b9cffb37a989ca544e6bb780a2c78901d3fb33738768511a30617afa01d,6e340b9cffb37a989ca544e6bb780a2c78901d3fb33738768511a30617afa01d,1,1,,
"포켓몬스터 하트골드 (Korea, IPKK, header ROM version 0)","포켓몬스터 소울실버 (Korea, IPGK, header ROM version 0)",/a/0/0/5,equal,1330,1330,,,e77b9a9ae9e30b0dbdb6f510a264ef9de781501d7b6b92ae89eb059c5ab743db,e77b9a9ae9e30b0dbdb6f510a264ef9de781501d7b6b92ae89eb059c5ab743db,1,1,,
"포켓몬스터 하트골드 (Korea, IPKK, header ROM version 0)","포켓몬스터 소울실버 (Korea, IPGK, header ROM version 0)",/a/0/0/5,equal,1331,1331,,,e77b9a9ae9e30b0dbdb6f510a264ef9de781501d7b6b92ae89eb059c5ab743db,e77b9a9ae9e30b0dbdb6f510a264ef9de781501d7b6b92ae89eb059c5ab743db,1,1,,
"포켓몬스터 하트골드 (Korea, IPKK, header ROM version 0)","포켓몬스터 소울실버 (Korea, IPGK, header ROM version 0)",/a/0/0/5,equal,1332,1332,,,4d7b3ef7300acf70c892d8327db8272f54434adbc61a4e130a563cb59a0d0f47,4d7b3ef7300acf70c892d8327db8272f54434adbc61a4e130a563cb59a0d0f47,1,1,,
"포켓몬스터 하트골드 (Korea, IPKK, header ROM version 0)","포켓몬스터 소울실버 (Korea, IPGK, header ROM version 0)",/a/0/0/5,equal,1333,1333,,,4d7b3ef7300acf70c892d8327db8272f54434adbc61a4e130a563cb59a0d0f47,4d7b3ef7300acf70c892d8327db8272f54434adbc61a4e130a563cb59a0d0f47,1,1,,
"포켓몬스터 하트골드 (Korea, IPKK, header ROM version 0)","포켓몬스터 소울실버 (Korea, IPGK, header ROM version 0)",/a/0/0/5,equal,1334,1334,,,68aa2e2ee5dff96e3355e6c7ee373e3d6a4e17f75f9518d843709c0c9bc3e3d4,68aa2e2ee5dff96e3355e6c7ee373e3d6a4e17f75f9518d843709c0c9bc3e3d4,1,1,,
"포켓몬스터 하트골드 (Korea, IPKK, header ROM version 0)","포켓몬스터 소울실버 (Korea, IPGK, header ROM version 0)",/a/0/0/5,equal,1335,1335,,,68aa2e2ee5dff96e3355e6c7ee373e3d6a4e17f75f9518d843709c0c9bc3e3d4,68aa2e2ee5dff96e3355e6c7ee373e3d6a4e17f75f9518d843709c0c9bc3e3d4,1,1,,
"포켓몬스터 하트골드 (Korea, IPKK, header ROM version 0)","포켓몬스터 소울실버 (Korea, IPGK, header ROM version 0)",/a/0/0/5,equal,1336,1336,,,9d1e0e2d9459d06523ad13e28a4093c2316baafe7aec5b25f30eba2e113599c4,9d1e0e2d9459d06523ad13e28a4093c2316baafe7aec5b25f30eba2e113599c4,1,1,,
"포켓몬스터 하트골드 (Korea, IPKK, header ROM version 0)","포켓몬스터 소울실버 (Korea, IPGK, header ROM version 0)",/a/0/0/5,equal,1337,1337,,,9d1e0e2d9459d06523ad13e28a4093c2316baafe7aec5b25f30eba2e113599c4,9d1e0e2d9459d06523ad13e28a4093c2316baafe7aec5b25f30eba2e113599c4,1,1,,
"포켓몬스터 하트골드 (Korea, IPKK, header ROM version 0)","포켓몬스터 소울실버 (Korea, IPGK, header ROM version 0)",/a/0/0/5,equal,1338,1338,,,ef6cbd2161eaea7943ce8693b9824d23d1793ffb1c0fca05b600d3899b44c977,ef6cbd2161eaea7943ce8693b9824d23d1793ffb1c0fca05b600d3899b44c977,1,1,,
"포켓몬스터 하트골드 (Korea, IPKK, header ROM version 0)","포켓몬스터 소울실버 (Korea, IPGK, header ROM version 0)",/a/0/0/5,equal,1339,1339,,,ef6cbd2161eaea7943ce8693b9824d23d1793ffb1c0fca05b600d3899b44c977,ef6cbd2161eaea7943ce8693b9824d23d1793ffb1c0fca05b600d3899b44c977,1,1,,
"포켓몬스터 하트골드 (Korea, IPKK, header ROM version 0)","포켓몬스터 소울실버 (Korea, IPGK, header ROM version 0)",/a/0/0/5,equal,1340,1340,,,beead77994cf573341ec17b58bbf7eb34d2711c993c1d976b128b3188dc1829a,beead77994cf573341ec17b58bbf7eb34d2711c993c1d976b128b3188dc1829a,1,1,,
"포켓몬스터 하트골드 (Korea, IPKK, header ROM version 0)","포켓몬스터 소울실버 (Korea, IPGK, header ROM version 0)",/a/0/0/5,equal,1341,1341,,,beead77994cf573341ec17b58bbf7eb34d2711c993c1d976b128b3188dc1829a,beead77994cf573341ec17b58bbf7eb34d2711c993c1d976b128b3188dc1829a,1,1,,
"포켓몬스터 하트골드 (Korea, IPKK, header ROM version 0)","포켓몬스터 소울실버 (Korea, IPGK, header ROM version 0)",/a/0/0/5,equal,1342,1342,,,2b4c342f5433ebe591a1da77e013d1b72475562d48578dca8b84bac6651c3cb9,2b4c342f5433ebe591a1da77e013d1b72475562d48578dca8b84bac6651c3cb9,1,1,,
"포켓몬스터 하트골드 (Korea, IPKK, header ROM version 0)","포켓몬스터 소울실버 (Korea, IPGK, header ROM version 0)",/a/0/0/5,equal,1343,1343,,,2b4c342f5433ebe591a1da77e013d1b72475562d48578dca8b84bac6651c3cb9,2b4c342f5433ebe591a1da77e013d1b72475562d48578dca8b84bac6651c3cb9,1,1,,
"포켓몬스터 하트골드 (Korea, IPKK, header ROM version 0)","포켓몬스터 소울실버 (Korea, IPGK, header ROM version 0)",/a/0/0/5,equal,1344,1344,,,6e340b9cffb37a989ca544e6bb780a2c78901d3fb33738768511a30617afa01d,6e340b9cffb37a989ca544e6bb780a2c78901d3fb33738768511a30617afa01d,1,1,,
"포켓몬스터 하트골드 (Korea, IPKK, header ROM version 0)","포켓몬스터 소울실버 (Korea, IPGK, header ROM version 0)",/a/0/0/5,equal,1345,1345,,,6e340b9cffb37a989ca544e6bb780a2c78901d3fb33738768511a30617afa01d,6e340b9cffb37a989ca544e6bb780a2c78901d3fb33738768511a30617afa01d,1,1,,
"포켓몬스터 하트골드 (Korea, IPKK, header ROM version 0)","포켓몬스터 소울실버 (Korea, IPGK, header ROM version 0)",/a/0/0/5,equal,1346,1346,,,beead77994cf573341ec17b58bbf7eb34d2711c993c1d976b128b3188dc1829a,beead77994cf573341ec17b58bbf7eb34d2711c993c1d976b128b3188dc1829a,1,1,,
"포켓몬스터 하트골드 (Korea, IPKK, header ROM version 0)","포켓몬스터 소울실버 (Korea, IPGK, header ROM version 0)",/a/0/0/5,equal,1347,1347,,,beead77994cf573341ec17b58bbf7eb34d2711c993c1d976b128b3188dc1829a,beead77994cf573341ec17b58bbf7eb34d2711c993c1d976b128b3188dc1829a,1,1,,
"포켓몬스터 하트골드 (Korea, IPKK, header ROM version 0)","포켓몬스터 소울실버 (Korea, IPGK, header ROM version 0)",/a/0/0/5,equal,1348,1348,,,e3b0c44298fc1c149afbf4c8996fb92427ae41e4649b934ca495991b7852b855,e3b0c44298fc1c149afbf4c8996fb92427ae41e4649b934ca495991b7852b855,0,0,,
"포켓몬스터 하트골드 (Korea, IPKK, header ROM version 0)","포켓몬스터 소울실버 (Korea, IPGK, header ROM version 0)",/a/0/0/5,equal,1349,1349,,,beead77994cf573341ec17b58bbf7eb34d2711c993c1d976b128b3188dc1829a,beead77994cf573341ec17b58bbf7eb34d2711c993c1d976b128b3188dc1829a,1,1,,
"포켓몬스터 하트골드 (Korea, IPKK, header ROM version 0)","포켓몬스터 소울실버 (Korea, IPGK, header ROM version 0)",/a/0/0/5,equal,1350,1350,,,e3b0c44298fc1c149afbf4c8996fb92427ae41e4649b934ca495991b7852b855,e3b0c44298fc1c149afbf4c8996fb92427ae41e4649b934ca495991b7852b855,0,0,,
"포켓몬스터 하트골드 (Korea, IPKK, header ROM version 0)","포켓몬스터 소울실버 (Korea, IPGK, header ROM version 0)",/a/0/0/5,equal,1351,1351,,,4a64a107f0cb32536e5bce6c98c393db21cca7f4ea187ba8c4dca8b51d4ea80a,4a64a107f0cb32536e5bce6c98c393db21cca7f4ea187ba8c4dca8b51d4ea80a,1,1,Nintendo LZ11,Nintendo LZ11
"포켓몬스터 하트골드 (Korea, IPKK, header ROM version 0)","포켓몬스터 소울실버 (Korea, IPGK, header ROM version 0)",/a/0/0/5,equal,1352,1352,,,e3b0c44298fc1c149afbf4c8996fb92427ae41e4649b934ca495991b7852b855,e3b0c44298fc1c149afbf4c8996fb92427ae41e4649b934ca495991b7852b855,0,0,,
"포켓몬스터 하트골드 (Korea, IPKK, header ROM version 0)","포켓몬스터 소울실버 (Korea, IPGK, header ROM version 0)",/a/0/0/5,equal,1353,1353,,,084fed08b978af4d7d196a7446a86b58009e636b611db16211b65a9aadff29c5,084fed08b978af4d7d196a7446a86b58009e636b611db16211b65a9aadff29c5,1,1,,
"포켓몬스터 하트골드 (Korea, IPKK, header ROM version 0)","포켓몬스터 소울실버 (Korea, IPGK, header ROM version 0)",/a/0/0/5,equal,1354,1354,,,e3b0c44298fc1c149afbf4c8996fb92427ae41e4649b934ca495991b7852b855,e3b0c44298fc1c149afbf4c8996fb92427ae41e4649b934ca495991b7852b855,0,0,,
"포켓몬스터 하트골드 (Korea, IPKK, header ROM version 0)","포켓몬스터 소울실버 (Korea, IPGK, header ROM version 0)",/a/0/0/5,equal,1355,1355,,,ca358758f6d27e6cf45272937977a748fd88391db679ceda7dc7bf1f005ee879,ca358758f6d27e6cf45272937977a748fd88391db679ceda7dc7bf1f005ee879,1,1,,
"포켓몬스터 하트골드 (Korea, IPKK, header ROM version 0)","포켓몬스터 소울실버 (Korea, IPGK, header ROM version 0)",/a/0/0/5,equal,1356,1356,,,e7cf46a078fed4fafd0b5e3aff144802b853f8ae459a4f0c14add3314b7cc3a6,e7cf46a078fed4fafd0b5e3aff144802b853f8ae459a4f0c14add3314b7cc3a6,1,1,,
"포켓몬스터 하트골드 (Korea, IPKK, header ROM version 0)","포켓몬스터 소울실버 (Korea, IPGK, header ROM version 0)",/a/0/0/5,equal,1357,1357,,,e7cf46a078fed4fafd0b5e3aff144802b853f8ae459a4f0c14add3314b7cc3a6,e7cf46a078fed4fafd0b5e3aff144802b853f8ae459a4f0c14add3314b7cc3a6,1,1,,
"포켓몬스터 하트골드 (Korea, IPKK, header ROM version 0)","포켓몬스터 소울실버 (Korea, IPGK, header ROM version 0)",/a/0/0/5,equal,1358,1358,,,452ba1ddef80246c48be7690193c76c1d61185906be9401014fe14f1be64b74f,452ba1ddef80246c48be7690193c76c1d61185906be9401014fe14f1be64b74f,1,1,,
"포켓몬스터 하트골드 (Korea, IPKK, header ROM version 0)","포켓몬스터 소울실버 (Korea, IPGK, header ROM version 0)",/a/0/0/5,equal,1359,1359,,,452ba1ddef80246c48be7690193c76c1d61185906be9401014fe14f1be64b74f,452ba1ddef80246c48be7690193c76c1d61185906be9401014fe14f1be64b74f,1,1,,
"포켓몬스터 하트골드 (Korea, IPKK, header ROM version 0)","포켓몬스터 소울실버 (Korea, IPGK, header ROM version 0)",/a/0/0/5,equal,1360,1360,,,4d7b3ef7300acf70c892d8327db8272f54434adbc61a4e130a563cb59a0d0f47,4d7b3ef7300acf70c892d8327db8272f54434adbc61a4e130a563cb59a0d0f47,1,1,,
"포켓몬스터 하트골드 (Korea, IPKK, header ROM version 0)","포켓몬스터 소울실버 (Korea, IPGK, header ROM version 0)",/a/0/0/5,equal,1361,1361,,,4d7b3ef7300acf70c892d8327db8272f54434adbc61a4e130a563cb59a0d0f47,4d7b3ef7300acf70c892d8327db8272f54434adbc61a4e130a563cb59a0d0f47,1,1,,
"포켓몬스터 하트골드 (Korea, IPKK, header ROM version 0)","포켓몬스터 소울실버 (Korea, IPGK, header ROM version 0)",/a/0/0/5,equal,1362,1362,,,83891d7fe85c33e52c8b4e5814c92fb6a3b9467299200538a6babaa8b452d879,83891d7fe85c33e52c8b4e5814c92fb6a3b9467299200538a6babaa8b452d879,1,1,,
"포켓몬스터 하트골드 (Korea, IPKK, header ROM version 0)","포켓몬스터 소울실버 (Korea, IPGK, header ROM version 0)",/a/0/0/5,equal,1363,1363,,,83891d7fe85c33e52c8b4e5814c92fb6a3b9467299200538a6babaa8b452d879,83891d7fe85c33e52c8b4e5814c92fb6a3b9467299200538a6babaa8b452d879,1,1,,
"포켓몬스터 하트골드 (Korea, IPKK, header ROM version 0)","포켓몬스터 소울실버 (Korea, IPGK, header ROM version 0)",/a/0/0/5,equal,1364,1364,,,2b4c342f5433ebe591a1da77e013d1b72475562d48578dca8b84bac6651c3cb9,2b4c342f5433ebe591a1da77e013d1b72475562d48578dca8b84bac6651c3cb9,1,1,,
"포켓몬스터 하트골드 (Korea, IPKK, header ROM version 0)","포켓몬스터 소울실버 (Korea, IPGK, header ROM version 0)",/a/0/0/5,equal,1365,1365,,,2b4c342f5433ebe591a1da77e013d1b72475562d48578dca8b84bac6651c3cb9,2b4c342f5433ebe591a1da77e013d1b72475562d48578dca8b84bac6651c3cb9,1,1,,
"포켓몬스터 하트골드 (Korea, IPKK, header ROM version 0)","포켓몬스터 소울실버 (Korea, IPGK, header ROM version 0)",/a/0/0/5,equal,1366,1366,,,f299791cddd3d6664f6670842812ef6053eb6501bd6282a476bbbf3ee91e750c,f299791cddd3d6664f6670842812ef6053eb6501bd6282a476bbbf3ee91e750c,1,1,,
"포켓몬스터 하트골드 (Korea, IPKK, header ROM version 0)","포켓몬스터 소울실버 (Korea, IPGK, header ROM version 0)",/a/0/0/5,equal,1367,1367,,,f299791cddd3d6664f6670842812ef6053eb6501bd6282a476bbbf3ee91e750c,f299791cddd3d6664f6670842812ef6053eb6501bd6282a476bbbf3ee91e750c,1,1,,
"포켓몬스터 하트골드 (Korea, IPKK, header ROM version 0)","포켓몬스터 소울실버 (Korea, IPGK, header ROM version 0)",/a/0/0/5,equal,1368,1368,,,ca358758f6d27e6cf45272937977a748fd88391db679ceda7dc7bf1f005ee879,ca358758f6d27e6cf45272937977a748fd88391db679ceda7dc7bf1f005ee879,1,1,,
"포켓몬스터 하트골드 (Korea, IPKK, header ROM version 0)","포켓몬스터 소울실버 (Korea, IPGK, header ROM version 0)",/a/0/0/5,equal,1369,1369,,,ca358758f6d27e6cf45272937977a748fd88391db679ceda7dc7bf1f005ee879,ca358758f6d27e6cf45272937977a748fd88391db679ceda7dc7bf1f005ee879,1,1,,
"포켓몬스터 하트골드 (Korea, IPKK, header ROM version 0)","포켓몬스터 소울실버 (Korea, IPGK, header ROM version 0)",/a/0/0/5,equal,1370,1370,,,01ba4719c80b6fe911b091a7c05124b64eeece964e09c058ef8f9805daca546b,01ba4719c80b6fe911b091a7c05124b64eeece964e09c058ef8f9805daca546b,1,1,,
"포켓몬스터 하트골드 (Korea, IPKK, header ROM version 0)","포켓몬스터 소울실버 (Korea, IPGK, header ROM version 0)",/a/0/0/5,equal,1371,1371,,,01ba4719c80b6fe911b091a7c05124b64eeece964e09c058ef8f9805daca546b,01ba4719c80b6fe911b091a7c05124b64eeece964e09c058ef8f9805daca546b,1,1,,
"포켓몬스터 하트골드 (Korea, IPKK, header ROM version 0)","포켓몬스터 소울실버 (Korea, IPGK, header ROM version 0)",/a/0/0/5,equal,1372,1372,,,e3b0c44298fc1c149afbf4c8996fb92427ae41e4649b934ca495991b7852b855,e3b0c44298fc1c149afbf4c8996fb92427ae41e4649b934ca495991b7852b855,0,0,,
"포켓몬스터 하트골드 (Korea, IPKK, header ROM version 0)","포켓몬스터 소울실버 (Korea, IPGK, header ROM version 0)",/a/0/0/5,equal,1373,1373,,,ef6cbd2161eaea7943ce8693b9824d23d1793ffb1c0fca05b600d3899b44c977,ef6cbd2161eaea7943ce8693b9824d23d1793ffb1c0fca05b600d3899b44c977,1,1,,
"포켓몬스터 하트골드 (Korea, IPKK, header ROM version 0)","포켓몬스터 소울실버 (Korea, IPGK, header ROM version 0)",/a/0/0/5,equal,1374,1374,,,e3b0c44298fc1c149afbf4c8996fb92427ae41e4649b934ca495991b7852b855,e3b0c44298fc1c149afbf4c8996fb92427ae41e4649b934ca495991b7852b855,0,0,,
"포켓몬스터 하트골드 (Korea, IPKK, header ROM version 0)","포켓몬스터 소울실버 (Korea, IPGK, header ROM version 0)",/a/0/0/5,equal,1375,1375,,,8f11b05da785e43e713d03774c6bd3405d99cd3024af334ffd68db663aa37034,8f11b05da785e43e713d03774c6bd3405d99cd3024af334ffd68db663aa37034,1,1,,
"포켓몬스터 하트골드 (Korea, IPKK, header ROM version 0)","포켓몬스터 소울실버 (Korea, IPGK, header ROM version 0)",/a/0/0/5,equal,1376,1376,,,e3b0c44298fc1c149afbf4c8996fb92427ae41e4649b934ca495991b7852b855,e3b0c44298fc1c149afbf4c8996fb92427ae41e4649b934ca495991b7852b855,0,0,,
"포켓몬스터 하트골드 (Korea, IPKK, header ROM version 0)","포켓몬스터 소울실버 (Korea, IPGK, header ROM version 0)",/a/0/0/5,equal,1377,1377,,,beead77994cf573341ec17b58bbf7eb34d2711c993c1d976b128b3188dc1829a,beead77994cf573341ec17b58bbf7eb34d2711c993c1d976b128b3188dc1829a,1,1,,
"포켓몬스터 하트골드 (Korea, IPKK, header ROM version 0)","포켓몬스터 소울실버 (Korea, IPGK, header ROM version 0)",/a/0/0/5,equal,1378,1378,,,e3b0c44298fc1c149afbf4c8996fb92427ae41e4649b934ca495991b7852b855,e3b0c44298fc1c149afbf4c8996fb92427ae41e4649b934ca495991b7852b855,0,0,,
"포켓몬스터 하트골드 (Korea, IPKK, header ROM version 0)","포켓몬스터 소울실버 (Korea, IPGK, header ROM version 0)",/a/0/0/5,equal,1379,1379,,,01ba4719c80b6fe911b091a7c05124b64eeece964e09c058ef8f9805daca546b,01ba4719c80b6fe911b091a7c05124b64eeece964e09c058ef8f9805daca546b,1,1,,
"포켓몬스터 하트골드 (Korea, IPKK, header ROM version 0)","포켓몬스터 소울실버 (Korea, IPGK, header ROM version 0)",/a/0/0/5,equal,1380,1380,,,e7cf46a078fed4fafd0b5e3aff144802b853f8ae459a4f0c14add3314b7cc3a6,e7cf46a078fed4fafd0b5e3aff144802b853f8ae459a4f0c14add3314b7cc3a6,1,1,,
"포켓몬스터 하트골드 (Korea, IPKK, header ROM version 0)","포켓몬스터 소울실버 (Korea, IPGK, header ROM version 0)",/a/0/0/5,equal,1381,1381,,,e7cf46a078fed4fafd0b5e3aff144802b853f8ae459a4f0c14add3314b7cc3a6,e7cf46a078fed4fafd0b5e3aff144802b853f8ae459a4f0c14add3314b7cc3a6,1,1,,
"포켓몬스터 하트골드 (Korea, IPKK, header ROM version 0)","포켓몬스터 소울실버 (Korea, IPGK, header ROM version 0)",/a/0/0/5,equal,1382,1382,,,c555eab45d08845ae9f10d452a99bfcb06f74a50b988fe7e48dd323789b88ee3,c555eab45d08845ae9f10d452a99bfcb06f74a50b988fe7e48dd323789b88ee3,1,1,Nintendo LZ10,Nintendo LZ10
"포켓몬스터 하트골드 (Korea, IPKK, header ROM version 0)","포켓몬스터 소울실버 (Korea, IPGK, header ROM version 0)",/a/0/0/5,equal,1383,1383,,,c555eab45d08845ae9f10d452a99bfcb06f74a50b988fe7e48dd323789b88ee3,c555eab45d08845ae9f10d452a99bfcb06f74a50b988fe7e48dd323789b88ee3,1,1,Nintendo LZ10,Nintendo LZ10
"포켓몬스터 하트골드 (Korea, IPKK, header ROM version 0)","포켓몬스터 소울실버 (Korea, IPGK, header ROM version 0)",/a/0/0/5,equal,1384,1384,,,6e340b9cffb37a989ca544e6bb780a2c78901d3fb33738768511a30617afa01d,6e340b9cffb37a989ca544e6bb780a2c78901d3fb33738768511a30617afa01d,1,1,,
"포켓몬스터 하트골드 (Korea, IPKK, header ROM version 0)","포켓몬스터 소울실버 (Korea, IPGK, header ROM version 0)",/a/0/0/5,equal,1385,1385,,,6e340b9cffb37a989ca544e6bb780a2c78901d3fb33738768511a30617afa01d,6e340b9cffb37a989ca544e6bb780a2c78901d3fb33738768511a30617afa01d,1,1,,
"포켓몬스터 하트골드 (Korea, IPKK, header ROM version 0)","포켓몬스터 소울실버 (Korea, IPGK, header ROM version 0)",/a/0/0/5,equal,1386,1386,,,67586e98fad27da0b9968bc039a1ef34c939b9b8e523a8bef89d478608c5ecf6,67586e98fad27da0b9968bc039a1ef34c939b9b8e523a8bef89d478608c5ecf6,1,1,,
"포켓몬스터 하트골드 (Korea, IPKK, header ROM version 0)","포켓몬스터 소울실버 (Korea, IPGK, header ROM version 0)",/a/0/0/5,equal,1387,1387,,,67586e98fad27da0b9968bc039a1ef34c939b9b8e523a8bef89d478608c5ecf6,67586e98fad27da0b9968bc039a1ef34c939b9b8e523a8bef89d478608c5ecf6,1,1,,
"포켓몬스터 하트골드 (Korea, IPKK, header ROM version 0)","포켓몬스터 소울실버 (Korea, IPGK, header ROM version 0)",/a/0/0/5,equal,1388,1388,,,452ba1ddef80246c48be7690193c76c1d61185906be9401014fe14f1be64b74f,452ba1ddef80246c48be7690193c76c1d61185906be9401014fe14f1be64b74f,1,1,,
"포켓몬스터 하트골드 (Korea, IPKK, header ROM version 0)","포켓몬스터 소울실버 (Korea, IPGK, header ROM version 0)",/a/0/0/5,equal,1389,1389,,,452ba1ddef80246c48be7690193c76c1d61185906be9401014fe14f1be64b74f,452ba1ddef80246c48be7690193c76c1d61185906be9401014fe14f1be64b74f,1,1,,
"포켓몬스터 하트골드 (Korea, IPKK, header ROM version 0)","포켓몬스터 소울실버 (Korea, IPGK, header ROM version 0)",/a/0/0/5,equal,1390,1390,,,c555eab45d08845ae9f10d452a99bfcb06f74a50b988fe7e48dd323789b88ee3,c555eab45d08845ae9f10d452a99bfcb06f74a50b988fe7e48dd323789b88ee3,1,1,Nintendo LZ10,Nintendo LZ10
"포켓몬스터 하트골드 (Korea, IPKK, header ROM version 0)","포켓몬스터 소울실버 (Korea, IPGK, header ROM version 0)",/a/0/0/5,equal,1391,1391,,,c555eab45d08845ae9f10d452a99bfcb06f74a50b988fe7e48dd323789b88ee3,c555eab45d08845ae9f10d452a99bfcb06f74a50b988fe7e48dd323789b88ee3,1,1,Nintendo LZ10,Nintendo LZ10
"포켓몬스터 하트골드 (Korea, IPKK, header ROM version 0)","포켓몬스터 소울실버 (Korea, IPGK, header ROM version 0)",/a/0/0/5,equal,1392,1392,,,e77b9a9ae9e30b0dbdb6f510a264ef9de781501d7b6b92ae89eb059c5ab743db,e77b9a9ae9e30b0dbdb6f510a264ef9de781501d7b6b92ae89eb059c5ab743db,1,1,,
"포켓몬스터 하트골드 (Korea, IPKK, header ROM version 0)","포켓몬스터 소울실버 (Korea, IPGK, header ROM version 0)",/a/0/0/5,equal,1393,1393,,,e77b9a9ae9e30b0dbdb6f510a264ef9de781501d7b6b92ae89eb059c5ab743db,e77b9a9ae9e30b0dbdb6f510a264ef9de781501d7b6b92ae89eb059c5ab743db,1,1,,
"포켓몬스터 하트골드 (Korea, IPKK, header ROM version 0)","포켓몬스터 소울실버 (Korea, IPGK, header ROM version 0)",/a/0/0/5,equal,1394,1394,,,beead77994cf573341ec17b58bbf7eb34d2711c993c1d976b128b3188dc1829a,beead77994cf573341ec17b58bbf7eb34d2711c993c1d976b128b3188dc1829a,1,1,,
"포켓몬스터 하트골드 (Korea, IPKK, header ROM version 0)","포켓몬스터 소울실버 (Korea, IPGK, header ROM version 0)",/a/0/0/5,equal,1395,1395,,,beead77994cf573341ec17b58bbf7eb34d2711c993c1d976b128b3188dc1829a,beead77994cf573341ec17b58bbf7eb34d2711c993c1d976b128b3188dc1829a,1,1,,
"포켓몬스터 하트골드 (Korea, IPKK, header ROM version 0)","포켓몬스터 소울실버 (Korea, IPGK, header ROM version 0)",/a/0/0/5,equal,1396,1396,,,beead77994cf573341ec17b58bbf7eb34d2711c993c1d976b128b3188dc1829a,beead77994cf573341ec17b58bbf7eb34d2711c993c1d976b128b3188dc1829a,1,1,,
"포켓몬스터 하트골드 (Korea, IPKK, header ROM version 0)","포켓몬스터 소울실버 (Korea, IPGK, header ROM version 0)",/a/0/0/5,equal,1397,1397,,,beead77994cf573341ec17b58bbf7eb34d2711c993c1d976b128b3188dc1829a,beead77994cf573341ec17b58bbf7eb34d2711c993c1d976b128b3188dc1829a,1,1,,
"포켓몬스터 하트골드 (Korea, IPKK, header ROM version 0)","포켓몬스터 소울실버 (Korea, IPGK, header ROM version 0)",/a/0/0/5,equal,1398,1398,,,ab897fbdedfa502b2d839b6a56100887dccdc507555c282e59589e06300a62e2,ab897fbdedfa502b2d839b6a56100887dccdc507555c282e59589e06300a62e2,1,1,,
"포켓몬스터 하트골드 (Korea, IPKK, header ROM version 0)","포켓몬스터 소울실버 (Korea, IPGK, header ROM version 0)",/a/0/0/5,equal,1399,1399,,,ab897fbdedfa502b2d839b6a56100887dccdc507555c282e59589e06300a62e2,ab897fbdedfa502b2d839b6a56100887dccdc507555c282e59589e06300a62e2,1,1,,
"포켓몬스터 하트골드 (Korea, IPKK, header ROM version 0)","포켓몬스터 소울실버 (Korea, IPGK, header ROM version 0)",/a/0/0/5,equal,1400,1400,,,6e340b9cffb37a989ca544e6bb780a2c78901d3fb33738768511a30617afa01d,6e340b9cffb37a989ca544e6bb780a2c78901d3fb33738768511a30617afa01d,1,1,,
"포켓몬스터 하트골드 (Korea, IPKK, header ROM version 0)","포켓몬스터 소울실버 (Korea, IPGK, header ROM version 0)",/a/0/0/5,equal,1401,1401,,,6e340b9cffb37a989ca544e6bb780a2c78901d3fb33738768511a30617afa01d,6e340b9cffb37a989ca544e6bb780a2c78901d3fb33738768511a30617afa01d,1,1,,
"포켓몬스터 하트골드 (Korea, IPKK, header ROM version 0)","포켓몬스터 소울실버 (Korea, IPGK, header ROM version 0)",/a/0/0/5,equal,1402,1402,,,ca358758f6d27e6cf45272937977a748fd88391db679ceda7dc7bf1f005ee879,ca358758f6d27e6cf45272937977a748fd88391db679ceda7dc7bf1f005ee879,1,1,,
"포켓몬스터 하트골드 (Korea, IPKK, header ROM version 0)","포켓몬스터 소울실버 (Korea, IPGK, header ROM version 0)",/a/0/0/5,equal,1403,1403,,,ca358758f6d27e6cf45272937977a748fd88391db679ceda7dc7bf1f005ee879,ca358758f6d27e6cf45272937977a748fd88391db679ceda7dc7bf1f005ee879,1,1,,
"포켓몬스터 하트골드 (Korea, IPKK, header ROM version 0)","포켓몬스터 소울실버 (Korea, IPGK, header ROM version 0)",/a/0/0/5,equal,1404,1404,,,beead77994cf573341ec17b58bbf7eb34d2711c993c1d976b128b3188dc1829a,beead77994cf573341ec17b58bbf7eb34d2711c993c1d976b128b3188dc1829a,1,1,,
"포켓몬스터 하트골드 (Korea, IPKK, header ROM version 0)","포켓몬스터 소울실버 (Korea, IPGK, header ROM version 0)",/a/0/0/5,equal,1405,1405,,,beead77994cf573341ec17b58bbf7eb34d2711c993c1d976b128b3188dc1829a,beead77994cf573341ec17b58bbf7eb34d2711c993c1d976b128b3188dc1829a,1,1,,
"포켓몬스터 하트골드 (Korea, IPKK, header ROM version 0)","포켓몬스터 소울실버 (Korea, IPGK, header ROM version 0)",/a/0/0/5,equal,1406,1406,,,68aa2e2ee5dff96e3355e6c7ee373e3d6a4e17f75f9518d843709c0c9bc3e3d4,68aa2e2ee5dff96e3355e6c7ee373e3d6a4e17f75f9518d843709c0c9bc3e3d4,1,1,,
"포켓몬스터 하트골드 (Korea, IPKK, header ROM version 0)","포켓몬스터 소울실버 (Korea, IPGK, header ROM version 0)",/a/0/0/5,equal,1407,1407,,,68aa2e2ee5dff96e3355e6c7ee373e3d6a4e17f75f9518d843709c0c9bc3e3d4,68aa2e2ee5dff96e3355e6c7ee373e3d6a4e17f75f9518d843709c0c9bc3e3d4,1,1,,
"포켓몬스터 하트골드 (Korea, IPKK, header ROM version 0)","포켓몬스터 소울실버 (Korea, IPGK, header ROM version 0)",/a/0/0/5,equal,1408,1408,,,beead77994cf573341ec17b58bbf7eb34d2711c993c1d976b128b3188dc1829a,beead77994cf573341ec17b58bbf7eb34d2711c993c1d976b128b3188dc1829a,1,1,,
"포켓몬스터 하트골드 (Korea, IPKK, header ROM version 0)","포켓몬스터 소울실버 (Korea, IPGK, header ROM version 0)",/a/0/0/5,equal,1409,1409,,,beead77994cf573341ec17b58bbf7eb34d2711c993c1d976b128b3188dc1829a,beead77994cf573341ec17b58bbf7eb34d2711c993c1d976b128b3188dc1829a,1,1,,
"포켓몬스터 하트골드 (Korea, IPKK, header ROM version 0)","포켓몬스터 소울실버 (Korea, IPGK, header ROM version 0)",/a/0/0/5,equal,1410,1410,,,dc0e9c3658a1a3ed1ec94274d8b19925c93e1abb7ddba294923ad9bde30f8cb8,dc0e9c3658a1a3ed1ec94274d8b19925c93e1abb7ddba294923ad9bde30f8cb8,1,1,,
"포켓몬스터 하트골드 (Korea, IPKK, header ROM version 0)","포켓몬스터 소울실버 (Korea, IPGK, header ROM version 0)",/a/0/0/5,equal,1411,1411,,,dc0e9c3658a1a3ed1ec94274d8b19925c93e1abb7ddba294923ad9bde30f8cb8,dc0e9c3658a1a3ed1ec94274d8b19925c93e1abb7ddba294923ad9bde30f8cb8,1,1,,
"포켓몬스터 하트골드 (Korea, IPKK, header ROM version 0)","포켓몬스터 소울실버 (Korea, IPGK, header ROM version 0)",/a/0/0/5,equal,1412,1412,,,01ba4719c80b6fe911b091a7c05124b64eeece964e09c058ef8f9805daca546b,01ba4719c80b6fe911b091a7c05124b64eeece964e09c058ef8f9805daca546b,1,1,,
"포켓몬스터 하트골드 (Korea, IPKK, header ROM version 0)","포켓몬스터 소울실버 (Korea, IPGK, header ROM version 0)",/a/0/0/5,equal,1413,1413,,,01ba4719c80b6fe911b091a7c05124b64eeece964e09c058ef8f9805daca546b,01ba4719c80b6fe911b091a7c05124b64eeece964e09c058ef8f9805daca546b,1,1,,
"포켓몬스터 하트골드 (Korea, IPKK, header ROM version 0)","포켓몬스터 소울실버 (Korea, IPGK, header ROM version 0)",/a/0/0/5,equal,1414,1414,,,2f0fd1e89b8de1d57292742ec380ea47066e307ad645f5bc3adad8a06ff58608,2f0fd1e89b8de1d57292742ec380ea47066e307ad645f5bc3adad8a06ff58608,1,1,,
"포켓몬스터 하트골드 (Korea, IPKK, header ROM version 0)","포켓몬스터 소울실버 (Korea, IPGK, header ROM version 0)",/a/0/0/5,equal,1415,1415,,,2f0fd1e89b8de1d57292742ec380ea47066e307ad645f5bc3adad8a06ff58608,2f0fd1e89b8de1d57292742ec380ea47066e307ad645f5bc3adad8a06ff58608,1,1,,
"포켓몬스터 하트골드 (Korea, IPKK, header ROM version 0)","포켓몬스터 소울실버 (Korea, IPGK, header ROM version 0)",/a/0/0/5,equal,1416,1416,,,e52d9c508c502347344d8c07ad91cbd6068afc75ff6292f062a09ca381c89e71,e52d9c508c502347344d8c07ad91cbd6068afc75ff6292f062a09ca381c89e71,1,1,,
"포켓몬스터 하트골드 (Korea, IPKK, header ROM version 0)","포켓몬스터 소울실버 (Korea, IPGK, header ROM version 0)",/a/0/0/5,equal,1417,1417,,,e52d9c508c502347344d8c07ad91cbd6068afc75ff6292f062a09ca381c89e71,e52d9c508c502347344d8c07ad91cbd6068afc75ff6292f062a09ca381c89e71,1,1,,
"포켓몬스터 하트골드 (Korea, IPKK, header ROM version 0)","포켓몬스터 소울실버 (Korea, IPGK, header ROM version 0)",/a/0/0/5,equal,1418,1418,,,4d7b3ef7300acf70c892d8327db8272f54434adbc61a4e130a563cb59a0d0f47,4d7b3ef7300acf70c892d8327db8272f54434adbc61a4e130a563cb59a0d0f47,1,1,,
"포켓몬스터 하트골드 (Korea, IPKK, header ROM version 0)","포켓몬스터 소울실버 (Korea, IPGK, header ROM version 0)",/a/0/0/5,equal,1419,1419,,,4d7b3ef7300acf70c892d8327db8272f54434adbc61a4e130a563cb59a0d0f47,4d7b3ef7300acf70c892d8327db8272f54434adbc61a4e130a563cb59a0d0f47,1,1,,
"포켓몬스터 하트골드 (Korea, IPKK, header ROM version 0)","포켓몬스터 소울실버 (Korea, IPGK, header ROM version 0)",/a/0/0/5,equal,1420,1420,,,beead77994cf573341ec17b58bbf7eb34d2711c993c1d976b128b3188dc1829a,beead77994cf573341ec17b58bbf7eb34d2711c993c1d976b128b3188dc1829a,1,1,,
"포켓몬스터 하트골드 (Korea, IPKK, header ROM version 0)","포켓몬스터 소울실버 (Korea, IPGK, header ROM version 0)",/a/0/0/5,equal,1421,1421,,,beead77994cf573341ec17b58bbf7eb34d2711c993c1d976b128b3188dc1829a,beead77994cf573341ec17b58bbf7eb34d2711c993c1d976b128b3188dc1829a,1,1,,
"포켓몬스터 하트골드 (Korea, IPKK, header ROM version 0)","포켓몬스터 소울실버 (Korea, IPGK, header ROM version 0)",/a/0/0/5,equal,1422,1422,,,452ba1ddef80246c48be7690193c76c1d61185906be9401014fe14f1be64b74f,452ba1ddef80246c48be7690193c76c1d61185906be9401014fe14f1be64b74f,1,1,,
"포켓몬스터 하트골드 (Korea, IPKK, header ROM version 0)","포켓몬스터 소울실버 (Korea, IPGK, header ROM version 0)",/a/0/0/5,equal,1423,1423,,,452ba1ddef80246c48be7690193c76c1d61185906be9401014fe14f1be64b74f,452ba1ddef80246c48be7690193c76c1d61185906be9401014fe14f1be64b74f,1,1,,
"포켓몬스터 하트골드 (Korea, IPKK, header ROM version 0)","포켓몬스터 소울실버 (Korea, IPGK, header ROM version 0)",/a/0/0/5,equal,1424,1424,,,084fed08b978af4d7d196a7446a86b58009e636b611db16211b65a9aadff29c5,084fed08b978af4d7d196a7446a86b58009e636b611db16211b65a9aadff29c5,1,1,,
"포켓몬스터 하트골드 (Korea, IPKK, header ROM version 0)","포켓몬스터 소울실버 (Korea, IPGK, header ROM version 0)",/a/0/0/5,equal,1425,1425,,,084fed08b978af4d7d196a7446a86b58009e636b611db16211b65a9aadff29c5,084fed08b978af4d7d196a7446a86b58009e636b611db16211b65a9aadff29c5,1,1,,
"포켓몬스터 하트골드 (Korea, IPKK, header ROM version 0)","포켓몬스터 소울실버 (Korea, IPGK, header ROM version 0)",/a/0/0/5,equal,1426,1426,,,e77b9a9ae9e30b0dbdb6f510a264ef9de781501d7b6b92ae89eb059c5ab743db,e77b9a9ae9e30b0dbdb6f510a264ef9de781501d7b6b92ae89eb059c5ab743db,1,1,,
"포켓몬스터 하트골드 (Korea, IPKK, header ROM version 0)","포켓몬스터 소울실버 (Korea, IPGK, header ROM version 0)",/a/0/0/5,equal,1427,1427,,,e77b9a9ae9e30b0dbdb6f510a264ef9de781501d7b6b92ae89eb059c5ab743db,e77b9a9ae9e30b0dbdb6f510a264ef9de781501d7b6b92ae89eb059c5ab743db,1,1,,
"포켓몬스터 하트골드 (Korea, IPKK, header ROM version 0)","포켓몬스터 소울실버 (Korea, IPGK, header ROM version 0)",/a/0/0/5,equal,1428,1428,,,6e340b9cffb37a989ca544e6bb780a2c78901d3fb33738768511a30617afa01d,6e340b9cffb37a989ca544e6bb780a2c78901d3fb33738768511a30617afa01d,1,1,,
"포켓몬스터 하트골드 (Korea, IPKK, header ROM version 0)","포켓몬스터 소울실버 (Korea, IPGK, header ROM version 0)",/a/0/0/5,equal,1429,1429,,,6e340b9cffb37a989ca544e6bb780a2c78901d3fb33738768511a30617afa01d,6e340b9cffb37a989ca544e6bb780a2c78901d3fb33738768511a30617afa01d,1,1,,
"포켓몬스터 하트골드 (Korea, IPKK, header ROM version 0)","포켓몬스터 소울실버 (Korea, IPGK, header ROM version 0)",/a/0/0/5,equal,1430,1430,,,6e340b9cffb37a989ca544e6bb780a2c78901d3fb33738768511a30617afa01d,6e340b9cffb37a989ca544e6bb780a2c78901d3fb33738768511a30617afa01d,1,1,,
"포켓몬스터 하트골드 (Korea, IPKK, header ROM version 0)","포켓몬스터 소울실버 (Korea, IPGK, header ROM version 0)",/a/0/0/5,equal,1431,1431,,,6e340b9cffb37a989ca544e6bb780a2c78901d3fb33738768511a30617afa01d,6e340b9cffb37a989ca544e6bb780a2c78901d3fb33738768511a30617afa01d,1,1,,
"포켓몬스터 하트골드 (Korea, IPKK, header ROM version 0)","포켓몬스터 소울실버 (Korea, IPGK, header ROM version 0)",/a/0/0/5,equal,1432,1432,,,beead77994cf573341ec17b58bbf7eb34d2711c993c1d976b128b3188dc1829a,beead77994cf573341ec17b58bbf7eb34d2711c993c1d976b128b3188dc1829a,1,1,,
"포켓몬스터 하트골드 (Korea, IPKK, header ROM version 0)","포켓몬스터 소울실버 (Korea, IPGK, header ROM version 0)",/a/0/0/5,equal,1433,1433,,,beead77994cf573341ec17b58bbf7eb34d2711c993c1d976b128b3188dc1829a,beead77994cf573341ec17b58bbf7eb34d2711c993c1d976b128b3188dc1829a,1,1,,
"포켓몬스터 하트골드 (Korea, IPKK, header ROM version 0)","포켓몬스터 소울실버 (Korea, IPGK, header ROM version 0)",/a/0/0/5,equal,1434,1434,,,ef6cbd2161eaea7943ce8693b9824d23d1793ffb1c0fca05b600d3899b44c977,ef6cbd2161eaea7943ce8693b9824d23d1793ffb1c0fca05b600d3899b44c977,1,1,,
"포켓몬스터 하트골드 (Korea, IPKK, header ROM version 0)","포켓몬스터 소울실버 (Korea, IPGK, header ROM version 0)",/a/0/0/5,equal,1435,1435,,,ef6cbd2161eaea7943ce8693b9824d23d1793ffb1c0fca05b600d3899b44c977,ef6cbd2161eaea7943ce8693b9824d23d1793ffb1c0fca05b600d3899b44c977,1,1,,
"포켓몬스터 하트골드 (Korea, IPKK, header ROM version 0)","포켓몬스터 소울실버 (Korea, IPGK, header ROM version 0)",/a/0/0/5,equal,1436,1436,,,e52d9c508c502347344d8c07ad91cbd6068afc75ff6292f062a09ca381c89e71,e52d9c508c502347344d8c07ad91cbd6068afc75ff6292f062a09ca381c89e71,1,1,,
"포켓몬스터 하트골드 (Korea, IPKK, header ROM version 0)","포켓몬스터 소울실버 (Korea, IPGK, header ROM version 0)",/a/0/0/5,equal,1437,1437,,,e52d9c508c502347344d8c07ad91cbd6068afc75ff6292f062a09ca381c89e71,e52d9c508c502347344d8c07ad91cbd6068afc75ff6292f062a09ca381c89e71,1,1,,
"포켓몬스터 하트골드 (Korea, IPKK, header ROM version 0)","포켓몬스터 소울실버 (Korea, IPGK, header ROM version 0)",/a/0/0/5,equal,1438,1438,,,ef6cbd2161eaea7943ce8693b9824d23d1793ffb1c0fca05b600d3899b44c977,ef6cbd2161eaea7943ce8693b9824d23d1793ffb1c0fca05b600d3899b44c977,1,1,,
"포켓몬스터 하트골드 (Korea, IPKK, header ROM version 0)","포켓몬스터 소울실버 (Korea, IPGK, header ROM version 0)",/a/0/0/5,equal,1439,1439,,,ef6cbd2161eaea7943ce8693b9824d23d1793ffb1c0fca05b600d3899b44c977,ef6cbd2161eaea7943ce8693b9824d23d1793ffb1c0fca05b600d3899b44c977,1,1,,
"포켓몬스터 하트골드 (Korea, IPKK, header ROM version 0)","포켓몬스터 소울실버 (Korea, IPGK, header ROM version 0)",/a/0/0/5,equal,1440,1440,,,dc0e9c3658a1a3ed1ec94274d8b19925c93e1abb7ddba294923ad9bde30f8cb8,dc0e9c3658a1a3ed1ec94274d8b19925c93e1abb7ddba294923ad9bde30f8cb8,1,1,,
"포켓몬스터 하트골드 (Korea, IPKK, header ROM version 0)","포켓몬스터 소울실버 (Korea, IPGK, header ROM version 0)",/a/0/0/5,equal,1441,1441,,,dc0e9c3658a1a3ed1ec94274d8b19925c93e1abb7ddba294923ad9bde30f8cb8,dc0e9c3658a1a3ed1ec94274d8b19925c93e1abb7ddba294923ad9bde30f8cb8,1,1,,
"포켓몬스터 하트골드 (Korea, IPKK, header ROM version 0)","포켓몬스터 소울실버 (Korea, IPGK, header ROM version 0)",/a/0/0/5,equal,1442,1442,,,2f0fd1e89b8de1d57292742ec380ea47066e307ad645f5bc3adad8a06ff58608,2f0fd1e89b8de1d57292742ec380ea47066e307ad645f5bc3adad8a06ff58608,1,1,,
"포켓몬스터 하트골드 (Korea, IPKK, header ROM version 0)","포켓몬스터 소울실버 (Korea, IPGK, header ROM version 0)",/a/0/0/5,equal,1443,1443,,,2f0fd1e89b8de1d57292742ec380ea47066e307ad645f5bc3adad8a06ff58608,2f0fd1e89b8de1d57292742ec380ea47066e307ad645f5bc3adad8a06ff58608,1,1,,
"포켓몬스터 하트골드 (Korea, IPKK, header ROM version 0)","포켓몬스터 소울실버 (Korea, IPGK, header ROM version 0)",/a/0/0/5,equal,1444,1444,,,9d1e0e2d9459d06523ad13e28a4093c2316baafe7aec5b25f30eba2e113599c4,9d1e0e2d9459d06523ad13e28a4093c2316baafe7aec5b25f30eba2e113599c4,1,1,,
"포켓몬스터 하트골드 (Korea, IPKK, header ROM version 0)","포켓몬스터 소울실버 (Korea, IPGK, header ROM version 0)",/a/0/0/5,equal,1445,1445,,,9d1e0e2d9459d06523ad13e28a4093c2316baafe7aec5b25f30eba2e113599c4,9d1e0e2d9459d06523ad13e28a4093c2316baafe7aec5b25f30eba2e113599c4,1,1,,
"포켓몬스터 하트골드 (Korea, IPKK, header ROM version 0)","포켓몬스터 소울실버 (Korea, IPGK, header ROM version 0)",/a/0/0/5,equal,1446,1446,,,ab897fbdedfa502b2d839b6a56100887dccdc507555c282e59589e06300a62e2,ab897fbdedfa502b2d839b6a56100887dccdc507555c282e59589e06300a62e2,1,1,,
"포켓몬스터 하트골드 (Korea, IPKK, header ROM version 0)","포켓몬스터 소울실버 (Korea, IPGK, header ROM version 0)",/a/0/0/5,equal,1447,1447,,,ab897fbdedfa502b2d839b6a56100887dccdc507555c282e59589e06300a62e2,ab897fbdedfa502b2d839b6a56100887dccdc507555c282e59589e06300a62e2,1,1,,
"포켓몬스터 하트골드 (Korea, IPKK, header ROM version 0)","포켓몬스터 소울실버 (Korea, IPGK, header ROM version 0)",/a/0/0/5,equal,1448,1448,,,9d1e0e2d9459d06523ad13e28a4093c2316baafe7aec5b25f30eba2e113599c4,9d1e0e2d9459d06523ad13e28a4093c2316baafe7aec5b25f30eba2e113599c4,1,1,,
"포켓몬스터 하트골드 (Korea, IPKK, header ROM version 0)","포켓몬스터 소울실버 (Korea, IPGK, header ROM version 0)",/a/0/0/5,equal,1449,1449,,,9d1e0e2d9459d06523ad13e28a4093c2316baafe7aec5b25f30eba2e113599c4,9d1e0e2d9459d06523ad13e28a4093c2316baafe7aec5b25f30eba2e113599c4,1,1,,
"포켓몬스터 하트골드 (Korea, IPKK, header ROM version 0)","포켓몬스터 소울실버 (Korea, IPGK, header ROM version 0)",/a/0/0/5,equal,1450,1450,,,dc0e9c3658a1a3ed1ec94274d8b19925c93e1abb7ddba294923ad9bde30f8cb8,dc0e9c3658a1a3ed1ec94274d8b19925c93e1abb7ddba294923ad9bde30f8cb8,1,1,,
"포켓몬스터 하트골드 (Korea, IPKK, header ROM version 0)","포켓몬스터 소울실버 (Korea, IPGK, header ROM version 0)",/a/0/0/5,equal,1451,1451,,,dc0e9c3658a1a3ed1ec94274d8b19925c93e1abb7ddba294923ad9bde30f8cb8,dc0e9c3658a1a3ed1ec94274d8b19925c93e1abb7ddba294923ad9bde30f8cb8,1,1,,
"포켓몬스터 하트골드 (Korea, IPKK, header ROM version 0)","포켓몬스터 소울실버 (Korea, IPGK, header ROM version 0)",/a/0/0/5,equal,1452,1452,,,2f0fd1e89b8de1d57292742ec380ea47066e307ad645f5bc3adad8a06ff58608,2f0fd1e89b8de1d57292742ec380ea47066e307ad645f5bc3adad8a06ff58608,1,1,,
"포켓몬스터 하트골드 (Korea, IPKK, header ROM version 0)","포켓몬스터 소울실버 (Korea, IPGK, header ROM version 0)",/a/0/0/5,equal,1453,1453,,,2f0fd1e89b8de1d57292742ec380ea47066e307ad645f5bc3adad8a06ff58608,2f0fd1e89b8de1d57292742ec380ea47066e307ad645f5bc3adad8a06ff58608,1,1,,
"포켓몬스터 하트골드 (Korea, IPKK, header ROM version 0)","포켓몬스터 소울실버 (Korea, IPGK, header ROM version 0)",/a/0/0/5,equal,1454,1454,,,7cb7c4547cf2653590d7a9ace60cc623d25148adfbc88a89aeb0ef88da7839ba,7cb7c4547cf2653590d7a9ace60cc623d25148adfbc88a89aeb0ef88da7839ba,1,1,,
"포켓몬스터 하트골드 (Korea, IPKK, header ROM version 0)","포켓몬스터 소울실버 (Korea, IPGK, header ROM version 0)",/a/0/0/5,equal,1455,1455,,,7cb7c4547cf2653590d7a9ace60cc623d25148adfbc88a89aeb0ef88da7839ba,7cb7c4547cf2653590d7a9ace60cc623d25148adfbc88a89aeb0ef88da7839ba,1,1,,
"포켓몬스터 하트골드 (Korea, IPKK, header ROM version 0)","포켓몬스터 소울실버 (Korea, IPGK, header ROM version 0)",/a/0/0/5,equal,1456,1456,,,c555eab45d08845ae9f10d452a99bfcb06f74a50b988fe7e48dd323789b88ee3,c555eab45d08845ae9f10d452a99bfcb06f74a50b988fe7e48dd323789b88ee3,1,1,Nintendo LZ10,Nintendo LZ10
"포켓몬스터 하트골드 (Korea, IPKK, header ROM version 0)","포켓몬스터 소울실버 (Korea, IPGK, header ROM version 0)",/a/0/0/5,equal,1457,1457,,,c555eab45d08845ae9f10d452a99bfcb06f74a50b988fe7e48dd323789b88ee3,c555eab45d08845ae9f10d452a99bfcb06f74a50b988fe7e48dd323789b88ee3,1,1,Nintendo LZ10,Nintendo LZ10
"포켓몬스터 하트골드 (Korea, IPKK, header ROM version 0)","포켓몬스터 소울실버 (Korea, IPGK, header ROM version 0)",/a/0/0/5,equal,1458,1458,,,4a64a107f0cb32536e5bce6c98c393db21cca7f4ea187ba8c4dca8b51d4ea80a,4a64a107f0cb32536e5bce6c98c393db21cca7f4ea187ba8c4dca8b51d4ea80a,1,1,Nintendo LZ11,Nintendo LZ11
"포켓몬스터 하트골드 (Korea, IPKK, header ROM version 0)","포켓몬스터 소울실버 (Korea, IPGK, header ROM version 0)",/a/0/0/5,equal,1459,1459,,,4a64a107f0cb32536e5bce6c98c393db21cca7f4ea187ba8c4dca8b51d4ea80a,4a64a107f0cb32536e5bce6c98c393db21cca7f4ea187ba8c4dca8b51d4ea80a,1,1,Nintendo LZ11,Nintendo LZ11
"포켓몬스터 하트골드 (Korea, IPKK, header ROM version 0)","포켓몬스터 소울실버 (Korea, IPGK, header ROM version 0)",/a/0/0/5,equal,1460,1460,,,6e340b9cffb37a989ca544e6bb780a2c78901d3fb33738768511a30617afa01d,6e340b9cffb37a989ca544e6bb780a2c78901d3fb33738768511a30617afa01d,1,1,,
"포켓몬스터 하트골드 (Korea, IPKK, header ROM version 0)","포켓몬스터 소울실버 (Korea, IPGK, header ROM version 0)",/a/0/0/5,equal,1461,1461,,,6e340b9cffb37a989ca544e6bb780a2c78901d3fb33738768511a30617afa01d,6e340b9cffb37a989ca544e6bb780a2c78901d3fb33738768511a30617afa01d,1,1,,
"포켓몬스터 하트골드 (Korea, IPKK, header ROM version 0)","포켓몬스터 소울실버 (Korea, IPGK, header ROM version 0)",/a/0/0/5,equal,1462,1462,,,2b4c342f5433ebe591a1da77e013d1b72475562d48578dca8b84bac6651c3cb9,2b4c342f5433ebe591a1da77e013d1b72475562d48578dca8b84bac6651c3cb9,1,1,,
"포켓몬스터 하트골드 (Korea, IPKK, header ROM version 0)","포켓몬스터 소울실버 (Korea, IPGK, header ROM version 0)",/a/0/0/5,equal,1463,1463,,,2b4c342f5433ebe591a1da77e013d1b72475562d48578dca8b84bac6651c3cb9,2b4c342f5433ebe591a1da77e013d1b72475562d48578dca8b84bac6651c3cb9,1,1,,
"포켓몬스터 하트골드 (Korea, IPKK, header ROM version 0)","포켓몬스터 소울실버 (Korea, IPGK, header ROM version 0)",/a/0/0/5,equal,1464,1464,,,ab897fbdedfa502b2d839b6a56100887dccdc507555c282e59589e06300a62e2,ab897fbdedfa502b2d839b6a56100887dccdc507555c282e59589e06300a62e2,1,1,,
"포켓몬스터 하트골드 (Korea, IPKK, header ROM version 0)","포켓몬스터 소울실버 (Korea, IPGK, header ROM version 0)",/a/0/0/5,equal,1465,1465,,,ab897fbdedfa502b2d839b6a56100887dccdc507555c282e59589e06300a62e2,ab897fbdedfa502b2d839b6a56100887dccdc507555c282e59589e06300a62e2,1,1,,
"포켓몬스터 하트골드 (Korea, IPKK, header ROM version 0)","포켓몬스터 소울실버 (Korea, IPGK, header ROM version 0)",/a/0/0/5,equal,1466,1466,,,83891d7fe85c33e52c8b4e5814c92fb6a3b9467299200538a6babaa8b452d879,83891d7fe85c33e52c8b4e5814c92fb6a3b9467299200538a6babaa8b452d879,1,1,,
"포켓몬스터 하트골드 (Korea, IPKK, header ROM version 0)","포켓몬스터 소울실버 (Korea, IPGK, header ROM version 0)",/a/0/0/5,equal,1467,1467,,,83891d7fe85c33e52c8b4e5814c92fb6a3b9467299200538a6babaa8b452d879,83891d7fe85c33e52c8b4e5814c92fb6a3b9467299200538a6babaa8b452d879,1,1,,
"포켓몬스터 하트골드 (Korea, IPKK, header ROM version 0)","포켓몬스터 소울실버 (Korea, IPGK, header ROM version 0)",/a/0/0/5,equal,1468,1468,,,e77b9a9ae9e30b0dbdb6f510a264ef9de781501d7b6b92ae89eb059c5ab743db,e77b9a9ae9e30b0dbdb6f510a264ef9de781501d7b6b92ae89eb059c5ab743db,1,1,,
"포켓몬스터 하트골드 (Korea, IPKK, header ROM version 0)","포켓몬스터 소울실버 (Korea, IPGK, header ROM version 0)",/a/0/0/5,equal,1469,1469,,,e77b9a9ae9e30b0dbdb6f510a264ef9de781501d7b6b92ae89eb059c5ab743db,e77b9a9ae9e30b0dbdb6f510a264ef9de781501d7b6b92ae89eb059c5ab743db,1,1,,
"포켓몬스터 하트골드 (Korea, IPKK, header ROM version 0)","포켓몬스터 소울실버 (Korea, IPGK, header ROM version 0)",/a/0/0/5,equal,1470,1470,,,ef6cbd2161eaea7943ce8693b9824d23d1793ffb1c0fca05b600d3899b44c977,ef6cbd2161eaea7943ce8693b9824d23d1793ffb1c0fca05b600d3899b44c977,1,1,,
"포켓몬스터 하트골드 (Korea, IPKK, header ROM version 0)","포켓몬스터 소울실버 (Korea, IPGK, header ROM version 0)",/a/0/0/5,equal,1471,1471,,,ef6cbd2161eaea7943ce8693b9824d23d1793ffb1c0fca05b600d3899b44c977,ef6cbd2161eaea7943ce8693b9824d23d1793ffb1c0fca05b600d3899b44c977,1,1,,
"포켓몬스터 하트골드 (Korea, IPKK, header ROM version 0)","포켓몬스터 소울실버 (Korea, IPGK, header ROM version 0)",/a/0/0/5,equal,1472,1472,,,e7cf46a078fed4fafd0b5e3aff144802b853f8ae459a4f0c14add3314b7cc3a6,e7cf46a078fed4fafd0b5e3aff144802b853f8ae459a4f0c14add3314b7cc3a6,1,1,,
"포켓몬스터 하트골드 (Korea, IPKK, header ROM version 0)","포켓몬스터 소울실버 (Korea, IPGK, header ROM version 0)",/a/0/0/5,equal,1473,1473,,,e7cf46a078fed4fafd0b5e3aff144802b853f8ae459a4f0c14add3314b7cc3a6,e7cf46a078fed4fafd0b5e3aff144802b853f8ae459a4f0c14add3314b7cc3a6,1,1,,
"포켓몬스터 하트골드 (Korea, IPKK, header ROM version 0)","포켓몬스터 소울실버 (Korea, IPGK, header ROM version 0)",/a/0/0/5,equal,1474,1474,,,01ba4719c80b6fe911b091a7c05124b64eeece964e09c058ef8f9805daca546b,01ba4719c80b6fe911b091a7c05124b64eeece964e09c058ef8f9805daca546b,1,1,,
"포켓몬스터 하트골드 (Korea, IPKK, header ROM version 0)","포켓몬스터 소울실버 (Korea, IPGK, header ROM version 0)",/a/0/0/5,equal,1475,1475,,,01ba4719c80b6fe911b091a7c05124b64eeece964e09c058ef8f9805daca546b,01ba4719c80b6fe911b091a7c05124b64eeece964e09c058ef8f9805daca546b,1,1,,
"포켓몬스터 하트골드 (Korea, IPKK, header ROM version 0)","포켓몬스터 소울실버 (Korea, IPGK, header ROM version 0)",/a/0/0/5,equal,1476,1476,,,dc0e9c3658a1a3ed1ec94274d8b19925c93e1abb7ddba294923ad9bde30f8cb8,dc0e9c3658a1a3ed1ec94274d8b19925c93e1abb7ddba294923ad9bde30f8cb8,1,1,,
"포켓몬스터 하트골드 (Korea, IPKK, header ROM version 0)","포켓몬스터 소울실버 (Korea, IPGK, header ROM version 0)",/a/0/0/5,equal,1477,1477,,,dc0e9c3658a1a3ed1ec94274d8b19925c93e1abb7ddba294923ad9bde30f8cb8,dc0e9c3658a1a3ed1ec94274d8b19925c93e1abb7ddba294923ad9bde30f8cb8,1,1,,
"포켓몬스터 하트골드 (Korea, IPKK, header ROM version 0)","포켓몬스터 소울실버 (Korea, IPGK, header ROM version 0)",/a/0/0/5,equal,1478,1478,,,dc0e9c3658a1a3ed1ec94274d8b19925c93e1abb7ddba294923ad9bde30f8cb8,dc0e9c3658a1a3ed1ec94274d8b19925c93e1abb7ddba294923ad9bde30f8cb8,1,1,,
"포켓몬스터 하트골드 (Korea, IPKK, header ROM version 0)","포켓몬스터 소울실버 (Korea, IPGK, header ROM version 0)",/a/0/0/5,equal,1479,1479,,,4d7b3ef7300acf70c892d8327db8272f54434adbc61a4e130a563cb59a0d0f47,4d7b3ef7300acf70c892d8327db8272f54434adbc61a4e130a563cb59a0d0f47,1,1,,
"포켓몬스터 하트골드 (Korea, IPKK, header ROM version 0)","포켓몬스터 소울실버 (Korea, IPGK, header ROM version 0)",/a/0/0/5,equal,1480,1480,,,9d1e0e2d9459d06523ad13e28a4093c2316baafe7aec5b25f30eba2e113599c4,9d1e0e2d9459d06523ad13e28a4093c2316baafe7aec5b25f30eba2e113599c4,1,1,,
"포켓몬스터 하트골드 (Korea, IPKK, header ROM version 0)","포켓몬스터 소울실버 (Korea, IPGK, header ROM version 0)",/a/0/0/5,equal,1481,1481,,,9d1e0e2d9459d06523ad13e28a4093c2316baafe7aec5b25f30eba2e113599c4,9d1e0e2d9459d06523ad13e28a4093c2316baafe7aec5b25f30eba2e113599c4,1,1,,
"포켓몬스터 하트골드 (Korea, IPKK, header ROM version 0)","포켓몬스터 소울실버 (Korea, IPGK, header ROM version 0)",/a/0/0/5,equal,1482,1482,,,8f11b05da785e43e713d03774c6bd3405d99cd3024af334ffd68db663aa37034,8f11b05da785e43e713d03774c6bd3405d99cd3024af334ffd68db663aa37034,1,1,,
"포켓몬스터 하트골드 (Korea, IPKK, header ROM version 0)","포켓몬스터 소울실버 (Korea, IPGK, header ROM version 0)",/a/0/0/5,equal,1483,1483,,,8f11b05da785e43e713d03774c6bd3405d99cd3024af334ffd68db663aa37034,8f11b05da785e43e713d03774c6bd3405d99cd3024af334ffd68db663aa37034,1,1,,
"포켓몬스터 하트골드 (Korea, IPKK, header ROM version 0)","포켓몬스터 소울실버 (Korea, IPGK, header ROM version 0)",/a/0/0/5,equal,1484,1484,,,beead77994cf573341ec17b58bbf7eb34d2711c993c1d976b128b3188dc1829a,beead77994cf573341ec17b58bbf7eb34d2711c993c1d976b128b3188dc1829a,1,1,,
"포켓몬스터 하트골드 (Korea, IPKK, header ROM version 0)","포켓몬스터 소울실버 (Korea, IPGK, header ROM version 0)",/a/0/0/5,equal,1485,1485,,,beead77994cf573341ec17b58bbf7eb34d2711c993c1d976b128b3188dc1829a,beead77994cf573341ec17b58bbf7eb34d2711c993c1d976b128b3188dc1829a,1,1,,
"포켓몬스터 하트골드 (Korea, IPKK, header ROM version 0)","포켓몬스터 소울실버 (Korea, IPGK, header ROM version 0)",/a/0/0/5,equal,1486,1486,,,4a64a107f0cb32536e5bce6c98c393db21cca7f4ea187ba8c4dca8b51d4ea80a,4a64a107f0cb32536e5bce6c98c393db21cca7f4ea187ba8c4dca8b51d4ea80a,1,1,Nintendo LZ11,Nintendo LZ11
"포켓몬스터 하트골드 (Korea, IPKK, header ROM version 0)","포켓몬스터 소울실버 (Korea, IPGK, header ROM version 0)",/a/0/0/5,equal,1487,1487,,,4a64a107f0cb32536e5bce6c98c393db21cca7f4ea187ba8c4dca8b51d4ea80a,4a64a107f0cb32536e5bce6c98c393db21cca7f4ea187ba8c4dca8b51d4ea80a,1,1,Nintendo LZ11,Nintendo LZ11
"포켓몬스터 하트골드 (Korea, IPKK, header ROM version 0)","포켓몬스터 소울실버 (Korea, IPGK, header ROM version 0)",/a/0/0/5,equal,1488,1488,,,4a64a107f0cb32536e5bce6c98c393db21cca7f4ea187ba8c4dca8b51d4ea80a,4a64a107f0cb32536e5bce6c98c393db21cca7f4ea187ba8c4dca8b51d4ea80a,1,1,Nintendo LZ11,Nintendo LZ11
"포켓몬스터 하트골드 (Korea, IPKK, header ROM version 0)","포켓몬스터 소울실버 (Korea, IPGK, header ROM version 0)",/a/0/0/5,equal,1489,1489,,,4a64a107f0cb32536e5bce6c98c393db21cca7f4ea187ba8c4dca8b51d4ea80a,4a64a107f0cb32536e5bce6c98c393db21cca7f4ea187ba8c4dca8b51d4ea80a,1,1,Nintendo LZ11,Nintendo LZ11
"포켓몬스터 하트골드 (Korea, IPKK, header ROM version 0)","포켓몬스터 소울실버 (Korea, IPGK, header ROM version 0)",/a/0/0/5,equal,1490,1490,,,f299791cddd3d6664f6670842812ef6053eb6501bd6282a476bbbf3ee91e750c,f299791cddd3d6664f6670842812ef6053eb6501bd6282a476bbbf3ee91e750c,1,1,,
"포켓몬스터 하트골드 (Korea, IPKK, header ROM version 0)","포켓몬스터 소울실버 (Korea, IPGK, header ROM version 0)",/a/0/0/5,equal,1491,1491,,,f299791cddd3d6664f6670842812ef6053eb6501bd6282a476bbbf3ee91e750c,f299791cddd3d6664f6670842812ef6053eb6501bd6282a476bbbf3ee91e750c,1,1,,
"포켓몬스터 하트골드 (Korea, IPKK, header ROM version 0)","포켓몬스터 소울실버 (Korea, IPGK, header ROM version 0)",/a/0/0/5,equal,1492,1492,,,e52d9c508c502347344d8c07ad91cbd6068afc75ff6292f062a09ca381c89e71,e52d9c508c502347344d8c07ad91cbd6068afc75ff6292f062a09ca381c89e71,1,1,,
"포켓몬스터 하트골드 (Korea, IPKK, header ROM version 0)","포켓몬스터 소울실버 (Korea, IPGK, header ROM version 0)",/a/0/0/5,equal,1493,1493,,,e52d9c508c502347344d8c07ad91cbd6068afc75ff6292f062a09ca381c89e71,e52d9c508c502347344d8c07ad91cbd6068afc75ff6292f062a09ca381c89e71,1,1,,
"포켓몬스터 하트골드 (Korea, IPKK, header ROM version 0)","포켓몬스터 소울실버 (Korea, IPGK, header ROM version 0)",/a/0/0/5,equal,1494,1494,,,e77b9a9ae9e30b0dbdb6f510a264ef9de781501d7b6b92ae89eb059c5ab743db,e77b9a9ae9e30b0dbdb6f510a264ef9de781501d7b6b92ae89eb059c5ab743db,1,1,,
"포켓몬스터 하트골드 (Korea, IPKK, header ROM version 0)","포켓몬스터 소울실버 (Korea, IPGK, header ROM version 0)",/a/0/0/5,equal,1495,1495,,,e77b9a9ae9e30b0dbdb6f510a264ef9de781501d7b6b92ae89eb059c5ab743db,e77b9a9ae9e30b0dbdb6f510a264ef9de781501d7b6b92ae89eb059c5ab743db,1,1,,
"포켓몬스터 하트골드 (Korea, IPKK, header ROM version 0)","포켓몬스터 소울실버 (Korea, IPGK, header ROM version 0)",/a/0/0/5,equal,1496,1496,,,e3b0c44298fc1c149afbf4c8996fb92427ae41e4649b934ca495991b7852b855,e3b0c44298fc1c149afbf4c8996fb92427ae41e4649b934ca495991b7852b855,0,0,,
"포켓몬스터 하트골드 (Korea, IPKK, header ROM version 0)","포켓몬스터 소울실버 (Korea, IPGK, header ROM version 0)",/a/0/0/5,equal,1497,1497,,,9d1e0e2d9459d06523ad13e28a4093c2316baafe7aec5b25f30eba2e113599c4,9d1e0e2d9459d06523ad13e28a4093c2316baafe7aec5b25f30eba2e113599c4,1,1,,
"포켓몬스터 하트골드 (Korea, IPKK, header ROM version 0)","포켓몬스터 소울실버 (Korea, IPGK, header ROM version 0)",/a/0/0/5,equal,1498,1498,,,e3b0c44298fc1c149afbf4c8996fb92427ae41e4649b934ca495991b7852b855,e3b0c44298fc1c149afbf4c8996fb92427ae41e4649b934ca495991b7852b855,0,0,,
"포켓몬스터 하트골드 (Korea, IPKK, header ROM version 0)","포켓몬스터 소울실버 (Korea, IPGK, header ROM version 0)",/a/0/0/5,equal,1499,1499,,,7cb7c4547cf2653590d7a9ace60cc623d25148adfbc88a89aeb0ef88da7839ba,7cb7c4547cf2653590d7a9ace60cc623d25148adfbc88a89aeb0ef88da7839ba,1,1,,
"포켓몬스터 하트골드 (Korea, IPKK, header ROM version 0)","포켓몬스터 소울실버 (Korea, IPGK, header ROM version 0)",/a/0/0/5,equal,1500,1500,,,e3b0c44298fc1c149afbf4c8996fb92427ae41e4649b934ca495991b7852b855,e3b0c44298fc1c149afbf4c8996fb92427ae41e4649b934ca495991b7852b855,0,0,,
"포켓몬스터 하트골드 (Korea, IPKK, header ROM version 0)","포켓몬스터 소울실버 (Korea, IPGK, header ROM version 0)",/a/0/0/5,equal,1501,1501,,,c555eab45d08845ae9f10d452a99bfcb06f74a50b988fe7e48dd323789b88ee3,c555eab45d08845ae9f10d452a99bfcb06f74a50b988fe7e48dd323789b88ee3,1,1,Nintendo LZ10,Nintendo LZ10
"포켓몬스터 하트골드 (Korea, IPKK, header ROM version 0)","포켓몬스터 소울실버 (Korea, IPGK, header ROM version 0)",/a/0/0/5,equal,1502,1502,,,e3b0c44298fc1c149afbf4c8996fb92427ae41e4649b934ca495991b7852b855,e3b0c44298fc1c149afbf4c8996fb92427ae41e4649b934ca495991b7852b855,0,0,,
"포켓몬스터 하트골드 (Korea, IPKK, header ROM version 0)","포켓몬스터 소울실버 (Korea, IPGK, header ROM version 0)",/a/0/0/5,equal,1503,1503,,,4d7b3ef7300acf70c892d8327db8272f54434adbc61a4e130a563cb59a0d0f47,4d7b3ef7300acf70c892d8327db8272f54434adbc61a4e130a563cb59a0d0f47,1,1,,
"포켓몬스터 하트골드 (Korea, IPKK, header ROM version 0)","포켓몬스터 소울실버 (Korea, IPGK, header ROM version 0)",/a/0/0/5,equal,1504,1504,,,e3b0c44298fc1c149afbf4c8996fb92427ae41e4649b934ca495991b7852b855,e3b0c44298fc1c149afbf4c8996fb92427ae41e4649b934ca495991b7852b855,0,0,,
"포켓몬스터 하트골드 (Korea, IPKK, header ROM version 0)","포켓몬스터 소울실버 (Korea, IPGK, header ROM version 0)",/a/0/0/5,equal,1505,1505,,,beead77994cf573341ec17b58bbf7eb34d2711c993c1d976b128b3188dc1829a,beead77994cf573341ec17b58bbf7eb34d2711c993c1d976b128b3188dc1829a,1,1,,
"포켓몬스터 하트골드 (Korea, IPKK, header ROM version 0)","포켓몬스터 소울실버 (Korea, IPGK, header ROM version 0)",/a/0/0/5,equal,1506,1506,,,e3b0c44298fc1c149afbf4c8996fb92427ae41e4649b934ca495991b7852b855,e3b0c44298fc1c149afbf4c8996fb92427ae41e4649b934ca495991b7852b855,0,0,,
"포켓몬스터 하트골드 (Korea, IPKK, header ROM version 0)","포켓몬스터 소울실버 (Korea, IPGK, header ROM version 0)",/a/0/0/5,equal,1507,1507,,,dc0e9c3658a1a3ed1ec94274d8b19925c93e1abb7ddba294923ad9bde30f8cb8,dc0e9c3658a1a3ed1ec94274d8b19925c93e1abb7ddba294923ad9bde30f8cb8,1,1,,
"포켓몬스터 하트골드 (Korea, IPKK, header ROM version 0)","포켓몬스터 소울실버 (Korea, IPGK, header ROM version 0)",/a/0/0/5,equal,1508,1508,,,e3b0c44298fc1c149afbf4c8996fb92427ae41e4649b934ca495991b7852b855,e3b0c44298fc1c149afbf4c8996fb92427ae41e4649b934ca495991b7852b855,0,0,,
"포켓몬스터 하트골드 (Korea, IPKK, header ROM version 0)","포켓몬스터 소울실버 (Korea, IPGK, header ROM version 0)",/a/0/0/5,equal,1509,1509,,,beead77994cf573341ec17b58bbf7eb34d2711c993c1d976b128b3188dc1829a,beead77994cf573341ec17b58bbf7eb34d2711c993c1d976b128b3188dc1829a,1,1,,
"포켓몬스터 하트골드 (Korea, IPKK, header ROM version 0)","포켓몬스터 소울실버 (Korea, IPGK, header ROM version 0)",/a/0/0/5,equal,1510,1510,,,e3b0c44298fc1c149afbf4c8996fb92427ae41e4649b934ca495991b7852b855,e3b0c44298fc1c149afbf4c8996fb92427ae41e4649b934ca495991b7852b855,0,0,,
"포켓몬스터 하트골드 (Korea, IPKK, header ROM version 0)","포켓몬스터 소울실버 (Korea, IPGK, header ROM version 0)",/a/0/0/5,equal,1511,1511,,,ca358758f6d27e6cf45272937977a748fd88391db679ceda7dc7bf1f005ee879,ca358758f6d27e6cf45272937977a748fd88391db679ceda7dc7bf1f005ee879,1,1,,
"포켓몬스터 하트골드 (Korea, IPKK, header ROM version 0)","포켓몬스터 소울실버 (Korea, IPGK, header ROM version 0)",/a/0/0/5,equal,1512,1512,,,e3b0c44298fc1c149afbf4c8996fb92427ae41e4649b934ca495991b7852b855,e3b0c44298fc1c149afbf4c8996fb92427ae41e4649b934ca495991b7852b855,0,0,,
"포켓몬스터 하트골드 (Korea, IPKK, header ROM version 0)","포켓몬스터 소울실버 (Korea, IPGK, header ROM version 0)",/a/0/0/5,equal,1513,1513,,,c555eab45d08845ae9f10d452a99bfcb06f74a50b988fe7e48dd323789b88ee3,c555eab45d08845ae9f10d452a99bfcb06f74a50b988fe7e48dd323789b88ee3,1,1,Nintendo LZ10,Nintendo LZ10
"포켓몬스터 하트골드 (Korea, IPKK, header ROM version 0)","포켓몬스터 소울실버 (Korea, IPGK, header ROM version 0)",/a/0/0/5,equal,1514,1514,,,e3b0c44298fc1c149afbf4c8996fb92427ae41e4649b934ca495991b7852b855,e3b0c44298fc1c149afbf4c8996fb92427ae41e4649b934ca495991b7852b855,0,0,,
"포켓몬스터 하트골드 (Korea, IPKK, header ROM version 0)","포켓몬스터 소울실버 (Korea, IPGK, header ROM version 0)",/a/0/0/5,equal,1515,1515,,,e7cf46a078fed4fafd0b5e3aff144802b853f8ae459a4f0c14add3314b7cc3a6,e7cf46a078fed4fafd0b5e3aff144802b853f8ae459a4f0c14add3314b7cc3a6,1,1,,
"포켓몬스터 하트골드 (Korea, IPKK, header ROM version 0)","포켓몬스터 소울실버 (Korea, IPGK, header ROM version 0)",/a/0/0/5,equal,1516,1516,,,e3b0c44298fc1c149afbf4c8996fb92427ae41e4649b934ca495991b7852b855,e3b0c44298fc1c149afbf4c8996fb92427ae41e4649b934ca495991b7852b855,0,0,,
"포켓몬스터 하트골드 (Korea, IPKK, header ROM version 0)","포켓몬스터 소울실버 (Korea, IPGK, header ROM version 0)",/a/0/0/5,equal,1517,1517,,,4d7b3ef7300acf70c892d8327db8272f54434adbc61a4e130a563cb59a0d0f47,4d7b3ef7300acf70c892d8327db8272f54434adbc61a4e130a563cb59a0d0f47,1,1,,
"포켓몬스터 하트골드 (Korea, IPKK, header ROM version 0)","포켓몬스터 소울실버 (Korea, IPGK, header ROM version 0)",/a/0/0/5,equal,1518,1518,,,e3b0c44298fc1c149afbf4c8996fb92427ae41e4649b934ca495991b7852b855,e3b0c44298fc1c149afbf4c8996fb92427ae41e4649b934ca495991b7852b855,0,0,,
"포켓몬스터 하트골드 (Korea, IPKK, header ROM version 0)","포켓몬스터 소울실버 (Korea, IPGK, header ROM version 0)",/a/0/0/5,equal,1519,1519,,,01ba4719c80b6fe911b091a7c05124b64eeece964e09c058ef8f9805daca546b,01ba4719c80b6fe911b091a7c05124b64eeece964e09c058ef8f9805daca546b,1,1,,
"포켓몬스터 하트골드 (Korea, IPKK, header ROM version 0)","포켓몬스터 소울실버 (Korea, IPGK, header ROM version 0)",/a/0/0/5,equal,1520,1520,,,6e340b9cffb37a989ca544e6bb780a2c78901d3fb33738768511a30617afa01d,6e340b9cffb37a989ca544e6bb780a2c78901d3fb33738768511a30617afa01d,1,1,,
"포켓몬스터 하트골드 (Korea, IPKK, header ROM version 0)","포켓몬스터 소울실버 (Korea, IPGK, header ROM version 0)",/a/0/0/5,equal,1521,1521,,,e3b0c44298fc1c149afbf4c8996fb92427ae41e4649b934ca495991b7852b855,e3b0c44298fc1c149afbf4c8996fb92427ae41e4649b934ca495991b7852b855,0,0,,
"포켓몬스터 하트골드 (Korea, IPKK, header ROM version 0)","포켓몬스터 소울실버 (Korea, IPGK, header ROM version 0)",/a/0/0/5,equal,1522,1522,,,ca358758f6d27e6cf45272937977a748fd88391db679ceda7dc7bf1f005ee879,ca358758f6d27e6cf45272937977a748fd88391db679ceda7dc7bf1f005ee879,1,1,,
"포켓몬스터 하트골드 (Korea, IPKK, header ROM version 0)","포켓몬스터 소울실버 (Korea, IPGK, header ROM version 0)",/a/0/0/5,equal,1523,1523,,,e3b0c44298fc1c149afbf4c8996fb92427ae41e4649b934ca495991b7852b855,e3b0c44298fc1c149afbf4c8996fb92427ae41e4649b934ca495991b7852b855,0,0,,
"포켓몬스터 하트골드 (Korea, IPKK, header ROM version 0)","포켓몬스터 소울실버 (Korea, IPGK, header ROM version 0)",/a/0/0/5,equal,1524,1524,,,e3b0c44298fc1c149afbf4c8996fb92427ae41e4649b934ca495991b7852b855,e3b0c44298fc1c149afbf4c8996fb92427ae41e4649b934ca495991b7852b855,0,0,,
"포켓몬스터 하트골드 (Korea, IPKK, header ROM version 0)","포켓몬스터 소울실버 (Korea, IPGK, header ROM version 0)",/a/0/0/5,equal,1525,1525,,,6e340b9cffb37a989ca544e6bb780a2c78901d3fb33738768511a30617afa01d,6e340b9cffb37a989ca544e6bb780a2c78901d3fb33738768511a30617afa01d,1,1,,
"포켓몬스터 하트골드 (Korea, IPKK, header ROM version 0)","포켓몬스터 소울실버 (Korea, IPGK, header ROM version 0)",/a/0/0/5,equal,1526,1526,,,e3b0c44298fc1c149afbf4c8996fb92427ae41e4649b934ca495991b7852b855,e3b0c44298fc1c149afbf4c8996fb92427ae41e4649b934ca495991b7852b855,0,0,,
"포켓몬스터 하트골드 (Korea, IPKK, header ROM version 0)","포켓몬스터 소울실버 (Korea, IPGK, header ROM version 0)",/a/0/0/5,equal,1527,1527,,,e77b9a9ae9e30b0dbdb6f510a264ef9de781501d7b6b92ae89eb059c5ab743db,e77b9a9ae9e30b0dbdb6f510a264ef9de781501d7b6b92ae89eb059c5ab743db,1,1,,
"포켓몬스터 하트골드 (Korea, IPKK, header ROM version 0)","포켓몬스터 소울실버 (Korea, IPGK, header ROM version 0)",/a/0/0/5,equal,1528,1528,,,e3b0c44298fc1c149afbf4c8996fb92427ae41e4649b934ca495991b7852b855,e3b0c44298fc1c149afbf4c8996fb92427ae41e4649b934ca495991b7852b855,0,0,,
"포켓몬스터 하트골드 (Korea, IPKK, header ROM version 0)","포켓몬스터 소울실버 (Korea, IPGK, header ROM version 0)",/a/0/0/5,equal,1529,1529,,,7cb7c4547cf2653590d7a9ace60cc623d25148adfbc88a89aeb0ef88da7839ba,7cb7c4547cf2653590d7a9ace60cc623d25148adfbc88a89aeb0ef88da7839ba,1,1,,
"포켓몬스터 하트골드 (Korea, IPKK, header ROM version 0)","포켓몬스터 소울실버 (Korea, IPGK, header ROM version 0)",/a/0/0/5,equal,1530,1530,,,e3b0c44298fc1c149afbf4c8996fb92427ae41e4649b934ca495991b7852b855,e3b0c44298fc1c149afbf4c8996fb92427ae41e4649b934ca495991b7852b855,0,0,,
"포켓몬스터 하트골드 (Korea, IPKK, header ROM version 0)","포켓몬스터 소울실버 (Korea, IPGK, header ROM version 0)",/a/0/0/5,equal,1531,1531,,,dbc1b4c900ffe48d575b5da5c638040125f65db0fe3e24494b76ea986457d986,dbc1b4c900ffe48d575b5da5c638040125f65db0fe3e24494b76ea986457d986,1,1,,
"포켓몬스터 하트골드 (Korea, IPKK, header ROM version 0)","포켓몬스터 소울실버 (Korea, IPGK, header ROM version 0)",/a/0/0/5,equal,1532,1532,,,e3b0c44298fc1c149afbf4c8996fb92427ae41e4649b934ca495991b7852b855,e3b0c44298fc1c149afbf4c8996fb92427ae41e4649b934ca495991b7852b855,0,0,,
"포켓몬스터 하트골드 (Korea, IPKK, header ROM version 0)","포켓몬스터 소울실버 (Korea, IPGK, header ROM version 0)",/a/0/0/5,equal,1533,1533,,,01ba4719c80b6fe911b091a7c05124b64eeece964e09c058ef8f9805daca546b,01ba4719c80b6fe911b091a7c05124b64eeece964e09c058ef8f9805daca546b,1,1,,
"포켓몬스터 하트골드 (Korea, IPKK, header ROM version 0)","포켓몬스터 소울실버 (Korea, IPGK, header ROM version 0)",/a/0/0/5,equal,1534,1534,,,e3b0c44298fc1c149afbf4c8996fb92427ae41e4649b934ca495991b7852b855,e3b0c44298fc1c149afbf4c8996fb92427ae41e4649b934ca495991b7852b855,0,0,,
"포켓몬스터 하트골드 (Korea, IPKK, header ROM version 0)","포켓몬스터 소울실버 (Korea, IPGK, header ROM version 0)",/a/0/0/5,equal,1535,1535,,,e52d9c508c502347344d8c07ad91cbd6068afc75ff6292f062a09ca381c89e71,e52d9c508c502347344d8c07ad91cbd6068afc75ff6292f062a09ca381c89e71,1,1,,
"포켓몬스터 하트골드 (Korea, IPKK, header ROM version 0)","포켓몬스터 소울실버 (Korea, IPGK, header ROM version 0)",/a/0/0/5,equal,1536,1536,,,e3b0c44298fc1c149afbf4c8996fb92427ae41e4649b934ca495991b7852b855,e3b0c44298fc1c149afbf4c8996fb92427ae41e4649b934ca495991b7852b855,0,0,,
"포켓몬스터 하트골드 (Korea, IPKK, header ROM version 0)","포켓몬스터 소울실버 (Korea, IPGK, header ROM version 0)",/a/0/0/5,equal,1537,1537,,,6e340b9cffb37a989ca544e6bb780a2c78901d3fb33738768511a30617afa01d,6e340b9cffb37a989ca544e6bb780a2c78901d3fb33738768511a30617afa01d,1,1,,
"포켓몬스터 하트골드 (Korea, IPKK, header ROM version 0)","포켓몬스터 소울실버 (Korea, IPGK, header ROM version 0)",/a/0/0/5,equal,1538,1538,,,e3b0c44298fc1c149afbf4c8996fb92427ae41e4649b934ca495991b7852b855,e3b0c44298fc1c149afbf4c8996fb92427ae41e4649b934ca495991b7852b855,0,0,,
"포켓몬스터 하트골드 (Korea, IPKK, header ROM version 0)","포켓몬스터 소울실버 (Korea, IPGK, header ROM version 0)",/a/0/0/5,equal,1539,1539,,,6e340b9cffb37a989ca544e6bb780a2c78901d3fb33738768511a30617afa01d,6e340b9cffb37a989ca544e6bb780a2c78901d3fb33738768511a30617afa01d,1,1,,
"포켓몬스터 하트골드 (Korea, IPKK, header ROM version 0)","포켓몬스터 소울실버 (Korea, IPGK, header ROM version 0)",/a/0/0/5,equal,1540,1540,,,e3b0c44298fc1c149afbf4c8996fb92427ae41e4649b934ca495991b7852b855,e3b0c44298fc1c149afbf4c8996fb92427ae41e4649b934ca495991b7852b855,0,0,,
"포켓몬스터 하트골드 (Korea, IPKK, header ROM version 0)","포켓몬스터 소울실버 (Korea, IPGK, header ROM version 0)",/a/0/0/5,equal,1541,1541,,,beead77994cf573341ec17b58bbf7eb34d2711c993c1d976b128b3188dc1829a,beead77994cf573341ec17b58bbf7eb34d2711c993c1d976b128b3188dc1829a,1,1,,
"포켓몬스터 하트골드 (Korea, IPKK, header ROM version 0)","포켓몬스터 소울실버 (Korea, IPGK, header ROM version 0)",/a/0/0/5,equal,1542,1542,,,e3b0c44298fc1c149afbf4c8996fb92427ae41e4649b934ca495991b7852b855,e3b0c44298fc1c149afbf4c8996fb92427ae41e4649b934ca495991b7852b855,0,0,,
"포켓몬스터 하트골드 (Korea, IPKK, header ROM version 0)","포켓몬스터 소울실버 (Korea, IPGK, header ROM version 0)",/a/0/0/5,equal,1543,1543,,,83891d7fe85c33e52c8b4e5814c92fb6a3b9467299200538a6babaa8b452d879,83891d7fe85c33e52c8b4e5814c92fb6a3b9467299200538a6babaa8b452d879,1,1,,
"포켓몬스터 하트골드 (Korea, IPKK, header ROM version 0)","포켓몬스터 소울실버 (Korea, IPGK, header ROM version 0)",/a/0/0/5,equal,1544,1544,,,e3b0c44298fc1c149afbf4c8996fb92427ae41e4649b934ca495991b7852b855,e3b0c44298fc1c149afbf4c8996fb92427ae41e4649b934ca495991b7852b855,0,0,,
"포켓몬스터 하트골드 (Korea, IPKK, header ROM version 0)","포켓몬스터 소울실버 (Korea, IPGK, header ROM version 0)",/a/0/0/5,equal,1545,1545,,,beead77994cf573341ec17b58bbf7eb34d2711c993c1d976b128b3188dc1829a,beead77994cf573341ec17b58bbf7eb34d2711c993c1d976b128b3188dc1829a,1,1,,
"포켓몬스터 하트골드 (Korea, IPKK, header ROM version 0)","포켓몬스터 소울실버 (Korea, IPGK, header ROM version 0)",/a/0/0/5,equal,1546,1546,,,e3b0c44298fc1c149afbf4c8996fb92427ae41e4649b934ca495991b7852b855,e3b0c44298fc1c149afbf4c8996fb92427ae41e4649b934ca495991b7852b855,0,0,,
"포켓몬스터 하트골드 (Korea, IPKK, header ROM version 0)","포켓몬스터 소울실버 (Korea, IPGK, header ROM version 0)",/a/0/0/5,equal,1547,1547,,,e52d9c508c502347344d8c07ad91cbd6068afc75ff6292f062a09ca381c89e71,e52d9c508c502347344d8c07ad91cbd6068afc75ff6292f062a09ca381c89e71,1,1,,
"포켓몬스터 하트골드 (Korea, IPKK, header ROM version 0)","포켓몬스터 소울실버 (Korea, IPGK, header ROM version 0)",/a/0/0/5,equal,1548,1548,,,beead77994cf573341ec17b58bbf7eb34d2711c993c1d976b128b3188dc1829a,beead77994cf573341ec17b58bbf7eb34d2711c993c1d976b128b3188dc1829a,1,1,,
"포켓몬스터 하트골드 (Korea, IPKK, header ROM version 0)","포켓몬스터 소울실버 (Korea, IPGK, header ROM version 0)",/a/0/0/5,equal,1549,1549,,,beead77994cf573341ec17b58bbf7eb34d2711c993c1d976b128b3188dc1829a,beead77994cf573341ec17b58bbf7eb34d2711c993c1d976b128b3188dc1829a,1,1,,
"포켓몬스터 하트골드 (Korea, IPKK, header ROM version 0)","포켓몬스터 소울실버 (Korea, IPGK, header ROM version 0)",/a/0/0/5,equal,1550,1550,,,ab897fbdedfa502b2d839b6a56100887dccdc507555c282e59589e06300a62e2,ab897fbdedfa502b2d839b6a56100887dccdc507555c282e59589e06300a62e2,1,1,,
"포켓몬스터 하트골드 (Korea, IPKK, header ROM version 0)","포켓몬스터 소울실버 (Korea, IPGK, header ROM version 0)",/a/0/0/5,equal,1551,1551,,,ab897fbdedfa502b2d839b6a56100887dccdc507555c282e59589e06300a62e2,ab897fbdedfa502b2d839b6a56100887dccdc507555c282e59589e06300a62e2,1,1,,
"포켓몬스터 하트골드 (Korea, IPKK, header ROM version 0)","포켓몬스터 소울실버 (Korea, IPGK, header ROM version 0)",/a/0/0/5,equal,1552,1552,,,9d1e0e2d9459d06523ad13e28a4093c2316baafe7aec5b25f30eba2e113599c4,9d1e0e2d9459d06523ad13e28a4093c2316baafe7aec5b25f30eba2e113599c4,1,1,,
"포켓몬스터 하트골드 (Korea, IPKK, header ROM version 0)","포켓몬스터 소울실버 (Korea, IPGK, header ROM version 0)",/a/0/0/5,equal,1553,1553,,,9d1e0e2d9459d06523ad13e28a4093c2316baafe7aec5b25f30eba2e113599c4,9d1e0e2d9459d06523ad13e28a4093c2316baafe7aec5b25f30eba2e113599c4,1,1,,
"포켓몬스터 하트골드 (Korea, IPKK, header ROM version 0)","포켓몬스터 소울실버 (Korea, IPGK, header ROM version 0)",/a/0/0/5,equal,1554,1554,,,e7cf46a078fed4fafd0b5e3aff144802b853f8ae459a4f0c14add3314b7cc3a6,e7cf46a078fed4fafd0b5e3aff144802b853f8ae459a4f0c14add3314b7cc3a6,1,1,,
"포켓몬스터 하트골드 (Korea, IPKK, header ROM version 0)","포켓몬스터 소울실버 (Korea, IPGK, header ROM version 0)",/a/0/0/5,equal,1555,1555,,,e7cf46a078fed4fafd0b5e3aff144802b853f8ae459a4f0c14add3314b7cc3a6,e7cf46a078fed4fafd0b5e3aff144802b853f8ae459a4f0c14add3314b7cc3a6,1,1,,
"포켓몬스터 하트골드 (Korea, IPKK, header ROM version 0)","포켓몬스터 소울실버 (Korea, IPGK, header ROM version 0)",/a/0/0/5,equal,1556,1556,,,e77b9a9ae9e30b0dbdb6f510a264ef9de781501d7b6b92ae89eb059c5ab743db,e77b9a9ae9e30b0dbdb6f510a264ef9de781501d7b6b92ae89eb059c5ab743db,1,1,,
"포켓몬스터 하트골드 (Korea, IPKK, header ROM version 0)","포켓몬스터 소울실버 (Korea, IPGK, header ROM version 0)",/a/0/0/5,equal,1557,1557,,,e77b9a9ae9e30b0dbdb6f510a264ef9de781501d7b6b92ae89eb059c5ab743db,e77b9a9ae9e30b0dbdb6f510a264ef9de781501d7b6b92ae89eb059c5ab743db,1,1,,
"포켓몬스터 하트골드 (Korea, IPKK, header ROM version 0)","포켓몬스터 소울실버 (Korea, IPGK, header ROM version 0)",/a/0/0/5,equal,1558,1558,,,4bf5122f344554c53bde2ebb8cd2b7e3d1600ad631c385a5d7cce23c7785459a,4bf5122f344554c53bde2ebb8cd2b7e3d1600ad631c385a5d7cce23c7785459a,1,1,,
"포켓몬스터 하트골드 (Korea, IPKK, header ROM version 0)","포켓몬스터 소울실버 (Korea, IPGK, header ROM version 0)",/a/0/0/5,equal,1559,1559,,,4bf5122f344554c53bde2ebb8cd2b7e3d1600ad631c385a5d7cce23c7785459a,4bf5122f344554c53bde2ebb8cd2b7e3d1600ad631c385a5d7cce23c7785459a,1,1,,
"포켓몬스터 하트골드 (Korea, IPKK, header ROM version 0)","포켓몬스터 소울실버 (Korea, IPGK, header ROM version 0)",/a/0/0/5,equal,1560,1560,,,beead77994cf573341ec17b58bbf7eb34d2711c993c1d976b128b3188dc1829a,beead77994cf573341ec17b58bbf7eb34d2711c993c1d976b128b3188dc1829a,1,1,,
"포켓몬스터 하트골드 (Korea, IPKK, header ROM version 0)","포켓몬스터 소울실버 (Korea, IPGK, header ROM version 0)",/a/0/0/5,equal,1561,1561,,,beead77994cf573341ec17b58bbf7eb34d2711c993c1d976b128b3188dc1829a,beead77994cf573341ec17b58bbf7eb34d2711c993c1d976b128b3188dc1829a,1,1,,
"포켓몬스터 하트골드 (Korea, IPKK, header ROM version 0)","포켓몬스터 소울실버 (Korea, IPGK, header ROM version 0)",/a/0/0/5,equal,1562,1562,,,f299791cddd3d6664f6670842812ef6053eb6501bd6282a476bbbf3ee91e750c,f299791cddd3d6664f6670842812ef6053eb6501bd6282a476bbbf3ee91e750c,1,1,,
"포켓몬스터 하트골드 (Korea, IPKK, header ROM version 0)","포켓몬스터 소울실버 (Korea, IPGK, header ROM version 0)",/a/0/0/5,equal,1563,1563,,,f299791cddd3d6664f6670842812ef6053eb6501bd6282a476bbbf3ee91e750c,f299791cddd3d6664f6670842812ef6053eb6501bd6282a476bbbf3ee91e750c,1,1,,
"포켓몬스터 하트골드 (Korea, IPKK, header ROM version 0)","포켓몬스터 소울실버 (Korea, IPGK, header ROM version 0)",/a/0/0/5,equal,1564,1564,,,6e340b9cffb37a989ca544e6bb780a2c78901d3fb33738768511a30617afa01d,6e340b9cffb37a989ca544e6bb780a2c78901d3fb33738768511a30617afa01d,1,1,,
"포켓몬스터 하트골드 (Korea, IPKK, header ROM version 0)","포켓몬스터 소울실버 (Korea, IPGK, header ROM version 0)",/a/0/0/5,equal,1565,1565,,,6e340b9cffb37a989ca544e6bb780a2c78901d3fb33738768511a30617afa01d,6e340b9cffb37a989ca544e6bb780a2c78901d3fb33738768511a30617afa01d,1,1,,
"포켓몬스터 하트골드 (Korea, IPKK, header ROM version 0)","포켓몬스터 소울실버 (Korea, IPGK, header ROM version 0)",/a/0/0/5,equal,1566,1566,,,9d1e0e2d9459d06523ad13e28a4093c2316baafe7aec5b25f30eba2e113599c4,9d1e0e2d9459d06523ad13e28a4093c2316baafe7aec5b25f30eba2e113599c4,1,1,,
"포켓몬스터 하트골드 (Korea, IPKK, header ROM version 0)","포켓몬스터 소울실버 (Korea, IPGK, header ROM version 0)",/a/0/0/5,equal,1567,1567,,,9d1e0e2d9459d06523ad13e28a4093c2316baafe7aec5b25f30eba2e113599c4,9d1e0e2d9459d06523ad13e28a4093c2316baafe7aec5b25f30eba2e113599c4,1,1,,
"포켓몬스터 하트골드 (Korea, IPKK, header ROM version 0)","포켓몬스터 소울실버 (Korea, IPGK, header ROM version 0)",/a/0/0/5,equal,1568,1568,,,6e340b9cffb37a989ca544e6bb780a2c78901d3fb33738768511a30617afa01d,6e340b9cffb37a989ca544e6bb780a2c78901d3fb33738768511a30617afa01d,1,1,,
"포켓몬스터 하트골드 (Korea, IPKK, header ROM version 0)","포켓몬스터 소울실버 (Korea, IPGK, header ROM version 0)",/a/0/0/5,equal,1569,1569,,,6e340b9cffb37a989ca544e6bb780a2c78901d3fb33738768511a30617afa01d,6e340b9cffb37a989ca544e6bb780a2c78901d3fb33738768511a30617afa01d,1,1,,
"포켓몬스터 하트골드 (Korea, IPKK, header ROM version 0)","포켓몬스터 소울실버 (Korea, IPGK, header ROM version 0)",/a/0/0/5,equal,1570,1570,,,2b4c342f5433ebe591a1da77e013d1b72475562d48578dca8b84bac6651c3cb9,2b4c342f5433ebe591a1da77e013d1b72475562d48578dca8b84bac6651c3cb9,1,1,,
"포켓몬스터 하트골드 (Korea, IPKK, header ROM version 0)","포켓몬스터 소울실버 (Korea, IPGK, header ROM version 0)",/a/0/0/5,equal,1571,1571,,,2b4c342f5433ebe591a1da77e013d1b72475562d48578dca8b84bac6651c3cb9,2b4c342f5433ebe591a1da77e013d1b72475562d48578dca8b84bac6651c3cb9,1,1,,
"포켓몬스터 하트골드 (Korea, IPKK, header ROM version 0)","포켓몬스터 소울실버 (Korea, IPGK, header ROM version 0)",/a/0/0/5,equal,1572,1572,,,beead77994cf573341ec17b58bbf7eb34d2711c993c1d976b128b3188dc1829a,beead77994cf573341ec17b58bbf7eb34d2711c993c1d976b128b3188dc1829a,1,1,,
"포켓몬스터 하트골드 (Korea, IPKK, header ROM version 0)","포켓몬스터 소울실버 (Korea, IPGK, header ROM version 0)",/a/0/0/5,equal,1573,1573,,,beead77994cf573341ec17b58bbf7eb34d2711c993c1d976b128b3188dc1829a,beead77994cf573341ec17b58bbf7eb34d2711c993c1d976b128b3188dc1829a,1,1,,
"포켓몬스터 하트골드 (Korea, IPKK, header ROM version 0)","포켓몬스터 소울실버 (Korea, IPGK, header ROM version 0)",/a/0/0/5,equal,1574,1574,,,8f11b05da785e43e713d03774c6bd3405d99cd3024af334ffd68db663aa37034,8f11b05da785e43e713d03774c6bd3405d99cd3024af334ffd68db663aa37034,1,1,,
"포켓몬스터 하트골드 (Korea, IPKK, header ROM version 0)","포켓몬스터 소울실버 (Korea, IPGK, header ROM version 0)",/a/0/0/5,equal,1575,1575,,,8f11b05da785e43e713d03774c6bd3405d99cd3024af334ffd68db663aa37034,8f11b05da785e43e713d03774c6bd3405d99cd3024af334ffd68db663aa37034,1,1,,
"포켓몬스터 하트골드 (Korea, IPKK, header ROM version 0)","포켓몬스터 소울실버 (Korea, IPGK, header ROM version 0)",/a/0/0/5,equal,1576,1576,,,2b4c342f5433ebe591a1da77e013d1b72475562d48578dca8b84bac6651c3cb9,2b4c342f5433ebe591a1da77e013d1b72475562d48578dca8b84bac6651c3cb9,1,1,,
"포켓몬스터 하트골드 (Korea, IPKK, header ROM version 0)","포켓몬스터 소울실버 (Korea, IPGK, header ROM version 0)",/a/0/0/5,equal,1577,1577,,,2b4c342f5433ebe591a1da77e013d1b72475562d48578dca8b84bac6651c3cb9,2b4c342f5433ebe591a1da77e013d1b72475562d48578dca8b84bac6651c3cb9,1,1,,
"포켓몬스터 하트골드 (Korea, IPKK, header ROM version 0)","포켓몬스터 소울실버 (Korea, IPGK, header ROM version 0)",/a/0/0/5,equal,1578,1578,,,e7cf46a078fed4fafd0b5e3aff144802b853f8ae459a4f0c14add3314b7cc3a6,e7cf46a078fed4fafd0b5e3aff144802b853f8ae459a4f0c14add3314b7cc3a6,1,1,,
"포켓몬스터 하트골드 (Korea, IPKK, header ROM version 0)","포켓몬스터 소울실버 (Korea, IPGK, header ROM version 0)",/a/0/0/5,equal,1579,1579,,,e7cf46a078fed4fafd0b5e3aff144802b853f8ae459a4f0c14add3314b7cc3a6,e7cf46a078fed4fafd0b5e3aff144802b853f8ae459a4f0c14add3314b7cc3a6,1,1,,
"포켓몬스터 하트골드 (Korea, IPKK, header ROM version 0)","포켓몬스터 소울실버 (Korea, IPGK, header ROM version 0)",/a/0/0/5,equal,1580,1580,,,6e340b9cffb37a989ca544e6bb780a2c78901d3fb33738768511a30617afa01d,6e340b9cffb37a989ca544e6bb780a2c78901d3fb33738768511a30617afa01d,1,1,,
"포켓몬스터 하트골드 (Korea, IPKK, header ROM version 0)","포켓몬스터 소울실버 (Korea, IPGK, header ROM version 0)",/a/0/0/5,equal,1581,1581,,,6e340b9cffb37a989ca544e6bb780a2c78901d3fb33738768511a30617afa01d,6e340b9cffb37a989ca544e6bb780a2c78901d3fb33738768511a30617afa01d,1,1,,
"포켓몬스터 하트골드 (Korea, IPKK, header ROM version 0)","포켓몬스터 소울실버 (Korea, IPGK, header ROM version 0)",/a/0/0/5,equal,1582,1582,,,dbc1b4c900ffe48d575b5da5c638040125f65db0fe3e24494b76ea986457d986,dbc1b4c900ffe48d575b5da5c638040125f65db0fe3e24494b76ea986457d986,1,1,,
"포켓몬스터 하트골드 (Korea, IPKK, header ROM version 0)","포켓몬스터 소울실버 (Korea, IPGK, header ROM version 0)",/a/0/0/5,equal,1583,1583,,,dbc1b4c900ffe48d575b5da5c638040125f65db0fe3e24494b76ea986457d986,dbc1b4c900ffe48d575b5da5c638040125f65db0fe3e24494b76ea986457d986,1,1,,
"포켓몬스터 하트골드 (Korea, IPKK, header ROM version 0)","포켓몬스터 소울실버 (Korea, IPGK, header ROM version 0)",/a/0/0/5,equal,1584,1584,,,beead77994cf573341ec17b58bbf7eb34d2711c993c1d976b128b3188dc1829a,beead77994cf573341ec17b58bbf7eb34d2711c993c1d976b128b3188dc1829a,1,1,,
"포켓몬스터 하트골드 (Korea, IPKK, header ROM version 0)","포켓몬스터 소울실버 (Korea, IPGK, header ROM version 0)",/a/0/0/5,equal,1585,1585,,,beead77994cf573341ec17b58bbf7eb34d2711c993c1d976b128b3188dc1829a,beead77994cf573341ec17b58bbf7eb34d2711c993c1d976b128b3188dc1829a,1,1,,
"포켓몬스터 하트골드 (Korea, IPKK, header ROM version 0)","포켓몬스터 소울실버 (Korea, IPGK, header ROM version 0)",/a/0/0/5,equal,1586,1586,,,83891d7fe85c33e52c8b4e5814c92fb6a3b9467299200538a6babaa8b452d879,83891d7fe85c33e52c8b4e5814c92fb6a3b9467299200538a6babaa8b452d879,1,1,,
"포켓몬스터 하트골드 (Korea, IPKK, header ROM version 0)","포켓몬스터 소울실버 (Korea, IPGK, header ROM version 0)",/a/0/0/5,equal,1587,1587,,,83891d7fe85c33e52c8b4e5814c92fb6a3b9467299200538a6babaa8b452d879,83891d7fe85c33e52c8b4e5814c92fb6a3b9467299200538a6babaa8b452d879,1,1,,
"포켓몬스터 하트골드 (Korea, IPKK, header ROM version 0)","포켓몬스터 소울실버 (Korea, IPGK, header ROM version 0)",/a/0/0/5,equal,1588,1588,,,beead77994cf573341ec17b58bbf7eb34d2711c993c1d976b128b3188dc1829a,beead77994cf573341ec17b58bbf7eb34d2711c993c1d976b128b3188dc1829a,1,1,,
"포켓몬스터 하트골드 (Korea, IPKK, header ROM version 0)","포켓몬스터 소울실버 (Korea, IPGK, header ROM version 0)",/a/0/0/5,equal,1589,1589,,,beead77994cf573341ec17b58bbf7eb34d2711c993c1d976b128b3188dc1829a,beead77994cf573341ec17b58bbf7eb34d2711c993c1d976b128b3188dc1829a,1,1,,
"포켓몬스터 하트골드 (Korea, IPKK, header ROM version 0)","포켓몬스터 소울실버 (Korea, IPGK, header ROM version 0)",/a/0/0/5,equal,1590,1590,,,4d7b3ef7300acf70c892d8327db8272f54434adbc61a4e130a563cb59a0d0f47,4d7b3ef7300acf70c892d8327db8272f54434adbc61a4e130a563cb59a0d0f47,1,1,,
"포켓몬스터 하트골드 (Korea, IPKK, header ROM version 0)","포켓몬스터 소울실버 (Korea, IPGK, header ROM version 0)",/a/0/0/5,equal,1591,1591,,,4d7b3ef7300acf70c892d8327db8272f54434adbc61a4e130a563cb59a0d0f47,4d7b3ef7300acf70c892d8327db8272f54434adbc61a4e130a563cb59a0d0f47,1,1,,
"포켓몬스터 하트골드 (Korea, IPKK, header ROM version 0)","포켓몬스터 소울실버 (Korea, IPGK, header ROM version 0)",/a/0/0/5,equal,1592,1592,,,6e340b9cffb37a989ca544e6bb780a2c78901d3fb33738768511a30617afa01d,6e340b9cffb37a989ca544e6bb780a2c78901d3fb33738768511a30617afa01d,1,1,,
"포켓몬스터 하트골드 (Korea, IPKK, header ROM version 0)","포켓몬스터 소울실버 (Korea, IPGK, header ROM version 0)",/a/0/0/5,equal,1593,1593,,,6e340b9cffb37a989ca544e6bb780a2c78901d3fb33738768511a30617afa01d,6e340b9cffb37a989ca544e6bb780a2c78901d3fb33738768511a30617afa01d,1,1,,
"포켓몬스터 하트골드 (Korea, IPKK, header ROM version 0)","포켓몬스터 소울실버 (Korea, IPGK, header ROM version 0)",/a/0/0/5,equal,1594,1594,,,beead77994cf573341ec17b58bbf7eb34d2711c993c1d976b128b3188dc1829a,beead77994cf573341ec17b58bbf7eb34d2711c993c1d976b128b3188dc1829a,1,1,,
"포켓몬스터 하트골드 (Korea, IPKK, header ROM version 0)","포켓몬스터 소울실버 (Korea, IPGK, header ROM version 0)",/a/0/0/5,equal,1595,1595,,,beead77994cf573341ec17b58bbf7eb34d2711c993c1d976b128b3188dc1829a,beead77994cf573341ec17b58bbf7eb34d2711c993c1d976b128b3188dc1829a,1,1,,
"포켓몬스터 하트골드 (Korea, IPKK, header ROM version 0)","포켓몬스터 소울실버 (Korea, IPGK, header ROM version 0)",/a/0/0/5,equal,1596,1596,,,c555eab45d08845ae9f10d452a99bfcb06f74a50b988fe7e48dd323789b88ee3,c555eab45d08845ae9f10d452a99bfcb06f74a50b988fe7e48dd323789b88ee3,1,1,Nintendo LZ10,Nintendo LZ10
"포켓몬스터 하트골드 (Korea, IPKK, header ROM version 0)","포켓몬스터 소울실버 (Korea, IPGK, header ROM version 0)",/a/0/0/5,equal,1597,1597,,,c555eab45d08845ae9f10d452a99bfcb06f74a50b988fe7e48dd323789b88ee3,c555eab45d08845ae9f10d452a99bfcb06f74a50b988fe7e48dd323789b88ee3,1,1,Nintendo LZ10,Nintendo LZ10
"포켓몬스터 하트골드 (Korea, IPKK, header ROM version 0)","포켓몬스터 소울실버 (Korea, IPGK, header ROM version 0)",/a/0/0/5,equal,1598,1598,,,83891d7fe85c33e52c8b4e5814c92fb6a3b9467299200538a6babaa8b452d879,83891d7fe85c33e52c8b4e5814c92fb6a3b9467299200538a6babaa8b452d879,1,1,,
"포켓몬스터 하트골드 (Korea, IPKK, header ROM version 0)","포켓몬스터 소울실버 (Korea, IPGK, header ROM version 0)",/a/0/0/5,equal,1599,1599,,,83891d7fe85c33e52c8b4e5814c92fb6a3b9467299200538a6babaa8b452d879,83891d7fe85c33e52c8b4e5814c92fb6a3b9467299200538a6babaa8b452d879,1,1,,
"포켓몬스터 하트골드 (Korea, IPKK, header ROM version 0)","포켓몬스터 소울실버 (Korea, IPGK, header ROM version 0)",/a/0/0/5,equal,1600,1600,,,beead77994cf573341ec17b58bbf7eb34d2711c993c1d976b128b3188dc1829a,beead77994cf573341ec17b58bbf7eb34d2711c993c1d976b128b3188dc1829a,1,1,,
"포켓몬스터 하트골드 (Korea, IPKK, header ROM version 0)","포켓몬스터 소울실버 (Korea, IPGK, header ROM version 0)",/a/0/0/5,equal,1601,1601,,,beead77994cf573341ec17b58bbf7eb34d2711c993c1d976b128b3188dc1829a,beead77994cf573341ec17b58bbf7eb34d2711c993c1d976b128b3188dc1829a,1,1,,
"포켓몬스터 하트골드 (Korea, IPKK, header ROM version 0)","포켓몬스터 소울실버 (Korea, IPGK, header ROM version 0)",/a/0/0/5,equal,1602,1602,,,ef6cbd2161eaea7943ce8693b9824d23d1793ffb1c0fca05b600d3899b44c977,ef6cbd2161eaea7943ce8693b9824d23d1793ffb1c0fca05b600d3899b44c977,1,1,,
"포켓몬스터 하트골드 (Korea, IPKK, header ROM version 0)","포켓몬스터 소울실버 (Korea, IPGK, header ROM version 0)",/a/0/0/5,equal,1603,1603,,,ef6cbd2161eaea7943ce8693b9824d23d1793ffb1c0fca05b600d3899b44c977,ef6cbd2161eaea7943ce8693b9824d23d1793ffb1c0fca05b600d3899b44c977,1,1,,
"포켓몬스터 하트골드 (Korea, IPKK, header ROM version 0)","포켓몬스터 소울실버 (Korea, IPGK, header ROM version 0)",/a/0/0/5,equal,1604,1604,,,beead77994cf573341ec17b58bbf7eb34d2711c993c1d976b128b3188dc1829a,beead77994cf573341ec17b58bbf7eb34d2711c993c1d976b128b3188dc1829a,1,1,,
"포켓몬스터 하트골드 (Korea, IPKK, header ROM version 0)","포켓몬스터 소울실버 (Korea, IPGK, header ROM version 0)",/a/0/0/5,equal,1605,1605,,,beead77994cf573341ec17b58bbf7eb34d2711c993c1d976b128b3188dc1829a,beead77994cf573341ec17b58bbf7eb34d2711c993c1d976b128b3188dc1829a,1,1,,
"포켓몬스터 하트골드 (Korea, IPKK, header ROM version 0)","포켓몬스터 소울실버 (Korea, IPGK, header ROM version 0)",/a/0/0/5,equal,1606,1606,,,4a64a107f0cb32536e5bce6c98c393db21cca7f4ea187ba8c4dca8b51d4ea80a,4a64a107f0cb32536e5bce6c98c393db21cca7f4ea187ba8c4dca8b51d4ea80a,1,1,Nintendo LZ11,Nintendo LZ11
"포켓몬스터 하트골드 (Korea, IPKK, header ROM version 0)","포켓몬스터 소울실버 (Korea, IPGK, header ROM version 0)",/a/0/0/5,equal,1607,1607,,,4a64a107f0cb32536e5bce6c98c393db21cca7f4ea187ba8c4dca8b51d4ea80a,4a64a107f0cb32536e5bce6c98c393db21cca7f4ea187ba8c4dca8b51d4ea80a,1,1,Nintendo LZ11,Nintendo LZ11
"포켓몬스터 하트골드 (Korea, IPKK, header ROM version 0)","포켓몬스터 소울실버 (Korea, IPGK, header ROM version 0)",/a/0/0/5,equal,1608,1608,,,6e340b9cffb37a989ca544e6bb780a2c78901d3fb33738768511a30617afa01d,6e340b9cffb37a989ca544e6bb780a2c78901d3fb33738768511a30617afa01d,1,1,,
"포켓몬스터 하트골드 (Korea, IPKK, header ROM version 0)","포켓몬스터 소울실버 (Korea, IPGK, header ROM version 0)",/a/0/0/5,equal,1609,1609,,,6e340b9cffb37a989ca544e6bb780a2c78901d3fb33738768511a30617afa01d,6e340b9cffb37a989ca544e6bb780a2c78901d3fb33738768511a30617afa01d,1,1,,
"포켓몬스터 하트골드 (Korea, IPKK, header ROM version 0)","포켓몬스터 소울실버 (Korea, IPGK, header ROM version 0)",/a/0/0/5,equal,1610,1610,,,01ba4719c80b6fe911b091a7c05124b64eeece964e09c058ef8f9805daca546b,01ba4719c80b6fe911b091a7c05124b64eeece964e09c058ef8f9805daca546b,1,1,,
"포켓몬스터 하트골드 (Korea, IPKK, header ROM version 0)","포켓몬스터 소울실버 (Korea, IPGK, header ROM version 0)",/a/0/0/5,equal,1611,1611,,,01ba4719c80b6fe911b091a7c05124b64eeece964e09c058ef8f9805daca546b,01ba4719c80b6fe911b091a7c05124b64eeece964e09c058ef8f9805daca546b,1,1,,
"포켓몬스터 하트골드 (Korea, IPKK, header ROM version 0)","포켓몬스터 소울실버 (Korea, IPGK, header ROM version 0)",/a/0/0/5,equal,1612,1612,,,2b4c342f5433ebe591a1da77e013d1b72475562d48578dca8b84bac6651c3cb9,2b4c342f5433ebe591a1da77e013d1b72475562d48578dca8b84bac6651c3cb9,1,1,,
"포켓몬스터 하트골드 (Korea, IPKK, header ROM version 0)","포켓몬스터 소울실버 (Korea, IPGK, header ROM version 0)",/a/0/0/5,equal,1613,1613,,,2b4c342f5433ebe591a1da77e013d1b72475562d48578dca8b84bac6651c3cb9,2b4c342f5433ebe591a1da77e013d1b72475562d48578dca8b84bac6651c3cb9,1,1,,
"포켓몬스터 하트골드 (Korea, IPKK, header ROM version 0)","포켓몬스터 소울실버 (Korea, IPGK, header ROM version 0)",/a/0/0/5,equal,1614,1614,,,7cb7c4547cf2653590d7a9ace60cc623d25148adfbc88a89aeb0ef88da7839ba,7cb7c4547cf2653590d7a9ace60cc623d25148adfbc88a89aeb0ef88da7839ba,1,1,,
"포켓몬스터 하트골드 (Korea, IPKK, header ROM version 0)","포켓몬스터 소울실버 (Korea, IPGK, header ROM version 0)",/a/0/0/5,equal,1615,1615,,,7cb7c4547cf2653590d7a9ace60cc623d25148adfbc88a89aeb0ef88da7839ba,7cb7c4547cf2653590d7a9ace60cc623d25148adfbc88a89aeb0ef88da7839ba,1,1,,
"포켓몬스터 하트골드 (Korea, IPKK, header ROM version 0)","포켓몬스터 소울실버 (Korea, IPGK, header ROM version 0)",/a/0/0/5,equal,1616,1616,,,6e340b9cffb37a989ca544e6bb780a2c78901d3fb33738768511a30617afa01d,6e340b9cffb37a989ca544e6bb780a2c78901d3fb33738768511a30617afa01d,1,1,,
"포켓몬스터 하트골드 (Korea, IPKK, header ROM version 0)","포켓몬스터 소울실버 (Korea, IPGK, header ROM version 0)",/a/0/0/5,equal,1617,1617,,,6e340b9cffb37a989ca544e6bb780a2c78901d3fb33738768511a30617afa01d,6e340b9cffb37a989ca544e6bb780a2c78901d3fb33738768511a30617afa01d,1,1,,
"포켓몬스터 하트골드 (Korea, IPKK, header ROM version 0)","포켓몬스터 소울실버 (Korea, IPGK, header ROM version 0)",/a/0/0/5,equal,1618,1618,,,9d1e0e2d9459d06523ad13e28a4093c2316baafe7aec5b25f30eba2e113599c4,9d1e0e2d9459d06523ad13e28a4093c2316baafe7aec5b25f30eba2e113599c4,1,1,,
"포켓몬스터 하트골드 (Korea, IPKK, header ROM version 0)","포켓몬스터 소울실버 (Korea, IPGK, header ROM version 0)",/a/0/0/5,equal,1619,1619,,,9d1e0e2d9459d06523ad13e28a4093c2316baafe7aec5b25f30eba2e113599c4,9d1e0e2d9459d06523ad13e28a4093c2316baafe7aec5b25f30eba2e113599c4,1,1,,
"포켓몬스터 하트골드 (Korea, IPKK, header ROM version 0)","포켓몬스터 소울실버 (Korea, IPGK, header ROM version 0)",/a/0/0/5,equal,1620,1620,,,6e340b9cffb37a989ca544e6bb780a2c78901d3fb33738768511a30617afa01d,6e340b9cffb37a989ca544e6bb780a2c78901d3fb33738768511a30617afa01d,1,1,,
"포켓몬스터 하트골드 (Korea, IPKK, header ROM version 0)","포켓몬스터 소울실버 (Korea, IPGK, header ROM version 0)",/a/0/0/5,equal,1621,1621,,,6e340b9cffb37a989ca544e6bb780a2c78901d3fb33738768511a30617afa01d,6e340b9cffb37a989ca544e6bb780a2c78901d3fb33738768511a30617afa01d,1,1,,
"포켓몬스터 하트골드 (Korea, IPKK, header ROM version 0)","포켓몬스터 소울실버 (Korea, IPGK, header ROM version 0)",/a/0/0/5,equal,1622,1622,,,2b4c342f5433ebe591a1da77e013d1b72475562d48578dca8b84bac6651c3cb9,2b4c342f5433ebe591a1da77e013d1b72475562d48578dca8b84bac6651c3cb9,1,1,,
"포켓몬스터 하트골드 (Korea, IPKK, header ROM version 0)","포켓몬스터 소울실버 (Korea, IPGK, header ROM version 0)",/a/0/0/5,equal,1623,1623,,,2b4c342f5433ebe591a1da77e013d1b72475562d48578dca8b84bac6651c3cb9,2b4c342f5433ebe591a1da77e013d1b72475562d48578dca8b84bac6651c3cb9,1,1,,
"포켓몬스터 하트골드 (Korea, IPKK, header ROM version 0)","포켓몬스터 소울실버 (Korea, IPGK, header ROM version 0)",/a/0/0/5,equal,1624,1624,,,c555eab45d08845ae9f10d452a99bfcb06f74a50b988fe7e48dd323789b88ee3,c555eab45d08845ae9f10d452a99bfcb06f74a50b988fe7e48dd323789b88ee3,1,1,Nintendo LZ10,Nintendo LZ10
"포켓몬스터 하트골드 (Korea, IPKK, header ROM version 0)","포켓몬스터 소울실버 (Korea, IPGK, header ROM version 0)",/a/0/0/5,equal,1625,1625,,,c555eab45d08845ae9f10d452a99bfcb06f74a50b988fe7e48dd323789b88ee3,c555eab45d08845ae9f10d452a99bfcb06f74a50b988fe7e48dd323789b88ee3,1,1,Nintendo LZ10,Nintendo LZ10
"포켓몬스터 하트골드 (Korea, IPKK, header ROM version 0)","포켓몬스터 소울실버 (Korea, IPGK, header ROM version 0)",/a/0/0/5,equal,1626,1626,,,83891d7fe85c33e52c8b4e5814c92fb6a3b9467299200538a6babaa8b452d879,83891d7fe85c33e52c8b4e5814c92fb6a3b9467299200538a6babaa8b452d879,1,1,,
"포켓몬스터 하트골드 (Korea, IPKK, header ROM version 0)","포켓몬스터 소울실버 (Korea, IPGK, header ROM version 0)",/a/0/0/5,equal,1627,1627,,,83891d7fe85c33e52c8b4e5814c92fb6a3b9467299200538a6babaa8b452d879,83891d7fe85c33e52c8b4e5814c92fb6a3b9467299200538a6babaa8b452d879,1,1,,
"포켓몬스터 하트골드 (Korea, IPKK, header ROM version 0)","포켓몬스터 소울실버 (Korea, IPGK, header ROM version 0)",/a/0/0/5,equal,1628,1628,,,beead77994cf573341ec17b58bbf7eb34d2711c993c1d976b128b3188dc1829a,beead77994cf573341ec17b58bbf7eb34d2711c993c1d976b128b3188dc1829a,1,1,,
"포켓몬스터 하트골드 (Korea, IPKK, header ROM version 0)","포켓몬스터 소울실버 (Korea, IPGK, header ROM version 0)",/a/0/0/5,equal,1629,1629,,,beead77994cf573341ec17b58bbf7eb34d2711c993c1d976b128b3188dc1829a,beead77994cf573341ec17b58bbf7eb34d2711c993c1d976b128b3188dc1829a,1,1,,
"포켓몬스터 하트골드 (Korea, IPKK, header ROM version 0)","포켓몬스터 소울실버 (Korea, IPGK, header ROM version 0)",/a/0/0/5,equal,1630,1630,,,e7cf46a078fed4fafd0b5e3aff144802b853f8ae459a4f0c14add3314b7cc3a6,e7cf46a078fed4fafd0b5e3aff144802b853f8ae459a4f0c14add3314b7cc3a6,1,1,,
"포켓몬스터 하트골드 (Korea, IPKK, header ROM version 0)","포켓몬스터 소울실버 (Korea, IPGK, header ROM version 0)",/a/0/0/5,equal,1631,1631,,,e7cf46a078fed4fafd0b5e3aff144802b853f8ae459a4f0c14add3314b7cc3a6,e7cf46a078fed4fafd0b5e3aff144802b853f8ae459a4f0c14add3314b7cc3a6,1,1,,
"포켓몬스터 하트골드 (Korea, IPKK, header ROM version 0)","포켓몬스터 소울실버 (Korea, IPGK, header ROM version 0)",/a/0/0/5,equal,1632,1632,,,beead77994cf573341ec17b58bbf7eb34d2711c993c1d976b128b3188dc1829a,beead77994cf573341ec17b58bbf7eb34d2711c993c1d976b128b3188dc1829a,1,1,,
"포켓몬스터 하트골드 (Korea, IPKK, header ROM version 0)","포켓몬스터 소울실버 (Korea, IPGK, header ROM version 0)",/a/0/0/5,equal,1633,1633,,,beead77994cf573341ec17b58bbf7eb34d2711c993c1d976b128b3188dc1829a,beead77994cf573341ec17b58bbf7eb34d2711c993c1d976b128b3188dc1829a,1,1,,
"포켓몬스터 하트골드 (Korea, IPKK, header ROM version 0)","포켓몬스터 소울실버 (Korea, IPGK, header ROM version 0)",/a/0/0/5,equal,1634,1634,,,9d1e0e2d9459d06523ad13e28a4093c2316baafe7aec5b25f30eba2e113599c4,9d1e0e2d9459d06523ad13e28a4093c2316baafe7aec5b25f30eba2e113599c4,1,1,,
"포켓몬스터 하트골드 (Korea, IPKK, header ROM version 0)","포켓몬스터 소울실버 (Korea, IPGK, header ROM version 0)",/a/0/0/5,equal,1635,1635,,,9d1e0e2d9459d06523ad13e28a4093c2316baafe7aec5b25f30eba2e113599c4,9d1e0e2d9459d06523ad13e28a4093c2316baafe7aec5b25f30eba2e113599c4,1,1,,
"포켓몬스터 하트골드 (Korea, IPKK, header ROM version 0)","포켓몬스터 소울실버 (Korea, IPGK, header ROM version 0)",/a/0/0/5,equal,1636,1636,,,beead77994cf573341ec17b58bbf7eb34d2711c993c1d976b128b3188dc1829a,beead77994cf573341ec17b58bbf7eb34d2711c993c1d976b128b3188dc1829a,1,1,,
"포켓몬스터 하트골드 (Korea, IPKK, header ROM version 0)","포켓몬스터 소울실버 (Korea, IPGK, header ROM version 0)",/a/0/0/5,equal,1637,1637,,,beead77994cf573341ec17b58bbf7eb34d2711c993c1d976b128b3188dc1829a,beead77994cf573341ec17b58bbf7eb34d2711c993c1d976b128b3188dc1829a,1,1,,
"포켓몬스터 하트골드 (Korea, IPKK, header ROM version 0)","포켓몬스터 소울실버 (Korea, IPGK, header ROM version 0)",/a/0/0/5,equal,1638,1638,,,6e340b9cffb37a989ca544e6bb780a2c78901d3fb33738768511a30617afa01d,6e340b9cffb37a989ca544e6bb780a2c78901d3fb33738768511a30617afa01d,1,1,,
"포켓몬스터 하트골드 (Korea, IPKK, header ROM version 0)","포켓몬스터 소울실버 (Korea, IPGK, header ROM version 0)",/a/0/0/5,equal,1639,1639,,,6e340b9cffb37a989ca544e6bb780a2c78901d3fb33738768511a30617afa01d,6e340b9cffb37a989ca544e6bb780a2c78901d3fb33738768511a30617afa01d,1,1,,
"포켓몬스터 하트골드 (Korea, IPKK, header ROM version 0)","포켓몬스터 소울실버 (Korea, IPGK, header ROM version 0)",/a/0/0/5,equal,1640,1640,,,beead77994cf573341ec17b58bbf7eb34d2711c993c1d976b128b3188dc1829a,beead77994cf573341ec17b58bbf7eb34d2711c993c1d976b128b3188dc1829a,1,1,,
"포켓몬스터 하트골드 (Korea, IPKK, header ROM version 0)","포켓몬스터 소울실버 (Korea, IPGK, header ROM version 0)",/a/0/0/5,equal,1641,1641,,,beead77994cf573341ec17b58bbf7eb34d2711c993c1d976b128b3188dc1829a,beead77994cf573341ec17b58bbf7eb34d2711c993c1d976b128b3188dc1829a,1,1,,
"포켓몬스터 하트골드 (Korea, IPKK, header ROM version 0)","포켓몬스터 소울실버 (Korea, IPGK, header ROM version 0)",/a/0/0/5,equal,1642,1642,,,2f0fd1e89b8de1d57292742ec380ea47066e307ad645f5bc3adad8a06ff58608,2f0fd1e89b8de1d57292742ec380ea47066e307ad645f5bc3adad8a06ff58608,1,1,,
"포켓몬스터 하트골드 (Korea, IPKK, header ROM version 0)","포켓몬스터 소울실버 (Korea, IPGK, header ROM version 0)",/a/0/0/5,equal,1643,1643,,,2f0fd1e89b8de1d57292742ec380ea47066e307ad645f5bc3adad8a06ff58608,2f0fd1e89b8de1d57292742ec380ea47066e307ad645f5bc3adad8a06ff58608,1,1,,
"포켓몬스터 하트골드 (Korea, IPKK, header ROM version 0)","포켓몬스터 소울실버 (Korea, IPGK, header ROM version 0)",/a/0/0/5,equal,1644,1644,,,2b4c342f5433ebe591a1da77e013d1b72475562d48578dca8b84bac6651c3cb9,2b4c342f5433ebe591a1da77e013d1b72475562d48578dca8b84bac6651c3cb9,1,1,,
"포켓몬스터 하트골드 (Korea, IPKK, header ROM version 0)","포켓몬스터 소울실버 (Korea, IPGK, header ROM version 0)",/a/0/0/5,equal,1645,1645,,,2b4c342f5433ebe591a1da77e013d1b72475562d48578dca8b84bac6651c3cb9,2b4c342f5433ebe591a1da77e013d1b72475562d48578dca8b84bac6651c3cb9,1,1,,
"포켓몬스터 하트골드 (Korea, IPKK, header ROM version 0)","포켓몬스터 소울실버 (Korea, IPGK, header ROM version 0)",/a/0/0/5,equal,1646,1646,,,ef6cbd2161eaea7943ce8693b9824d23d1793ffb1c0fca05b600d3899b44c977,ef6cbd2161eaea7943ce8693b9824d23d1793ffb1c0fca05b600d3899b44c977,1,1,,
"포켓몬스터 하트골드 (Korea, IPKK, header ROM version 0)","포켓몬스터 소울실버 (Korea, IPGK, header ROM version 0)",/a/0/0/5,equal,1647,1647,,,ef6cbd2161eaea7943ce8693b9824d23d1793ffb1c0fca05b600d3899b44c977,ef6cbd2161eaea7943ce8693b9824d23d1793ffb1c0fca05b600d3899b44c977,1,1,,
"포켓몬스터 하트골드 (Korea, IPKK, header ROM version 0)","포켓몬스터 소울실버 (Korea, IPGK, header ROM version 0)",/a/0/0/5,equal,1648,1648,,,6e340b9cffb37a989ca544e6bb780a2c78901d3fb33738768511a30617afa01d,6e340b9cffb37a989ca544e6bb780a2c78901d3fb33738768511a30617afa01d,1,1,,
"포켓몬스터 하트골드 (Korea, IPKK, header ROM version 0)","포켓몬스터 소울실버 (Korea, IPGK, header ROM version 0)",/a/0/0/5,equal,1649,1649,,,6e340b9cffb37a989ca544e6bb780a2c78901d3fb33738768511a30617afa01d,6e340b9cffb37a989ca544e6bb780a2c78901d3fb33738768511a30617afa01d,1,1,,
"포켓몬스터 하트골드 (Korea, IPKK, header ROM version 0)","포켓몬스터 소울실버 (Korea, IPGK, header ROM version 0)",/a/0/0/5,equal,1650,1650,,,ab897fbdedfa502b2d839b6a56100887dccdc507555c282e59589e06300a62e2,ab897fbdedfa502b2d839b6a56100887dccdc507555c282e59589e06300a62e2,1,1,,
"포켓몬스터 하트골드 (Korea, IPKK, header ROM version 0)","포켓몬스터 소울실버 (Korea, IPGK, header ROM version 0)",/a/0/0/5,equal,1651,1651,,,ab897fbdedfa502b2d839b6a56100887dccdc507555c282e59589e06300a62e2,ab897fbdedfa502b2d839b6a56100887dccdc507555c282e59589e06300a62e2,1,1,,
"포켓몬스터 하트골드 (Korea, IPKK, header ROM version 0)","포켓몬스터 소울실버 (Korea, IPGK, header ROM version 0)",/a/0/0/5,equal,1652,1652,,,6e340b9cffb37a989ca544e6bb780a2c78901d3fb33738768511a30617afa01d,6e340b9cffb37a989ca544e6bb780a2c78901d3fb33738768511a30617afa01d,1,1,,
"포켓몬스터 하트골드 (Korea, IPKK, header ROM version 0)","포켓몬스터 소울실버 (Korea, IPGK, header ROM version 0)",/a/0/0/5,equal,1653,1653,,,e3b0c44298fc1c149afbf4c8996fb92427ae41e4649b934ca495991b7852b855,e3b0c44298fc1c149afbf4c8996fb92427ae41e4649b934ca495991b7852b855,0,0,,
"포켓몬스터 하트골드 (Korea, IPKK, header ROM version 0)","포켓몬스터 소울실버 (Korea, IPGK, header ROM version 0)",/a/0/0/5,equal,1654,1654,,,dc0e9c3658a1a3ed1ec94274d8b19925c93e1abb7ddba294923ad9bde30f8cb8,dc0e9c3658a1a3ed1ec94274d8b19925c93e1abb7ddba294923ad9bde30f8cb8,1,1,,
"포켓몬스터 하트골드 (Korea, IPKK, header ROM version 0)","포켓몬스터 소울실버 (Korea, IPGK, header ROM version 0)",/a/0/0/5,equal,1655,1655,,,e3b0c44298fc1c149afbf4c8996fb92427ae41e4649b934ca495991b7852b855,e3b0c44298fc1c149afbf4c8996fb92427ae41e4649b934ca495991b7852b855,0,0,,
"포켓몬스터 하트골드 (Korea, IPKK, header ROM version 0)","포켓몬스터 소울실버 (Korea, IPGK, header ROM version 0)",/a/0/0/5,equal,1656,1656,,,e3b0c44298fc1c149afbf4c8996fb92427ae41e4649b934ca495991b7852b855,e3b0c44298fc1c149afbf4c8996fb92427ae41e4649b934ca495991b7852b855,0,0,,
"포켓몬스터 하트골드 (Korea, IPKK, header ROM version 0)","포켓몬스터 소울실버 (Korea, IPGK, header ROM version 0)",/a/0/0/5,equal,1657,1657,,,beead77994cf573341ec17b58bbf7eb34d2711c993c1d976b128b3188dc1829a,beead77994cf573341ec17b58bbf7eb34d2711c993c1d976b128b3188dc1829a,1,1,,
"포켓몬스터 하트골드 (Korea, IPKK, header ROM version 0)","포켓몬스터 소울실버 (Korea, IPGK, header ROM version 0)",/a/0/0/5,equal,1658,1658,,,e3b0c44298fc1c149afbf4c8996fb92427ae41e4649b934ca495991b7852b855,e3b0c44298fc1c149afbf4c8996fb92427ae41e4649b934ca495991b7852b855,0,0,,
"포켓몬스터 하트골드 (Korea, IPKK, header ROM version 0)","포켓몬스터 소울실버 (Korea, IPGK, header ROM version 0)",/a/0/0/5,equal,1659,1659,,,2f0fd1e89b8de1d57292742ec380ea47066e307ad645f5bc3adad8a06ff58608,2f0fd1e89b8de1d57292742ec380ea47066e307ad645f5bc3adad8a06ff58608,1,1,,
"포켓몬스터 하트골드 (Korea, IPKK, header ROM version 0)","포켓몬스터 소울실버 (Korea, IPGK, header ROM version 0)",/a/0/0/5,equal,1660,1660,,,8f11b05da785e43e713d03774c6bd3405d99cd3024af334ffd68db663aa37034,8f11b05da785e43e713d03774c6bd3405d99cd3024af334ffd68db663aa37034,1,1,,
"포켓몬스터 하트골드 (Korea, IPKK, header ROM version 0)","포켓몬스터 소울실버 (Korea, IPGK, header ROM version 0)",/a/0/0/5,equal,1661,1661,,,77adfc95029e73b173f60e556f915b0cd8850848111358b1c370fb7c154e61fd,77adfc95029e73b173f60e556f915b0cd8850848111358b1c370fb7c154e61fd,1,1,,
"포켓몬스터 하트골드 (Korea, IPKK, header ROM version 0)","포켓몬스터 소울실버 (Korea, IPGK, header ROM version 0)",/a/0/0/5,equal,1662,1662,,,58f7b0780592032e4d8602a3e8690fb2c701b2e1dd546e703445aabd6469734d,58f7b0780592032e4d8602a3e8690fb2c701b2e1dd546e703445aabd6469734d,1,1,,
"포켓몬스터 하트골드 (Korea, IPKK, header ROM version 0)","포켓몬스터 소울실버 (Korea, IPGK, header ROM version 0)",/a/0/0/5,equal,1663,1663,,,58f7b0780592032e4d8602a3e8690fb2c701b2e1dd546e703445aabd6469734d,58f7b0780592032e4d8602a3e8690fb2c701b2e1dd546e703445aabd6469734d,1,1,,
"포켓몬스터 하트골드 (Korea, IPKK, header ROM version 0)","포켓몬스터 소울실버 (Korea, IPGK, header ROM version 0)",/a/0/0/5,equal,1664,1664,,,6e340b9cffb37a989ca544e6bb780a2c78901d3fb33738768511a30617afa01d,6e340b9cffb37a989ca544e6bb780a2c78901d3fb33738768511a30617afa01d,1,1,,
"포켓몬스터 하트골드 (Korea, IPKK, header ROM version 0)","포켓몬스터 소울실버 (Korea, IPGK, header ROM version 0)",/a/0/0/5,equal,1665,1665,,,e3b0c44298fc1c149afbf4c8996fb92427ae41e4649b934ca495991b7852b855,e3b0c44298fc1c149afbf4c8996fb92427ae41e4649b934ca495991b7852b855,0,0,,
"포켓몬스터 하트골드 (Korea, IPKK, header ROM version 0)","포켓몬스터 소울실버 (Korea, IPGK, header ROM version 0)",/a/0/0/5,equal,1666,1666,,,4d7b3ef7300acf70c892d8327db8272f54434adbc61a4e130a563cb59a0d0f47,4d7b3ef7300acf70c892d8327db8272f54434adbc61a4e130a563cb59a0d0f47,1,1,,
"포켓몬스터 하트골드 (Korea, IPKK, header ROM version 0)","포켓몬스터 소울실버 (Korea, IPGK, header ROM version 0)",/a/0/0/5,equal,1667,1667,,,e3b0c44298fc1c149afbf4c8996fb92427ae41e4649b934ca495991b7852b855,e3b0c44298fc1c149afbf4c8996fb92427ae41e4649b934ca495991b7852b855,0,0,,
"포켓몬스터 하트골드 (Korea, IPKK, header ROM version 0)","포켓몬스터 소울실버 (Korea, IPGK, header ROM version 0)",/a/0/0/5,equal,1668,1668,,,dbc1b4c900ffe48d575b5da5c638040125f65db0fe3e24494b76ea986457d986,dbc1b4c900ffe48d575b5da5c638040125f65db0fe3e24494b76ea986457d986,1,1,,
"포켓몬스터 하트골드 (Korea, IPKK, header ROM version 0)","포켓몬스터 소울실버 (Korea, IPGK, header ROM version 0)",/a/0/0/5,equal,1669,1669,,,dbc1b4c900ffe48d575b5da5c638040125f65db0fe3e24494b76ea986457d986,dbc1b4c900ffe48d575b5da5c638040125f65db0fe3e24494b76ea986457d986,1,1,,
"포켓몬스터 하트골드 (Korea, IPKK, header ROM version 0)","포켓몬스터 소울실버 (Korea, IPGK, header ROM version 0)",/a/0/0/5,equal,1670,1670,,,dc0e9c3658a1a3ed1ec94274d8b19925c93e1abb7ddba294923ad9bde30f8cb8,dc0e9c3658a1a3ed1ec94274d8b19925c93e1abb7ddba294923ad9bde30f8cb8,1,1,,
"포켓몬스터 하트골드 (Korea, IPKK, header ROM version 0)","포켓몬스터 소울실버 (Korea, IPGK, header ROM version 0)",/a/0/0/5,equal,1671,1671,,,dc0e9c3658a1a3ed1ec94274d8b19925c93e1abb7ddba294923ad9bde30f8cb8,dc0e9c3658a1a3ed1ec94274d8b19925c93e1abb7ddba294923ad9bde30f8cb8,1,1,,
"포켓몬스터 하트골드 (Korea, IPKK, header ROM version 0)","포켓몬스터 소울실버 (Korea, IPGK, header ROM version 0)",/a/0/0/5,equal,1672,1672,,,beead77994cf573341ec17b58bbf7eb34d2711c993c1d976b128b3188dc1829a,beead77994cf573341ec17b58bbf7eb34d2711c993c1d976b128b3188dc1829a,1,1,,
"포켓몬스터 하트골드 (Korea, IPKK, header ROM version 0)","포켓몬스터 소울실버 (Korea, IPGK, header ROM version 0)",/a/0/0/5,equal,1673,1673,,,beead77994cf573341ec17b58bbf7eb34d2711c993c1d976b128b3188dc1829a,beead77994cf573341ec17b58bbf7eb34d2711c993c1d976b128b3188dc1829a,1,1,,
"포켓몬스터 하트골드 (Korea, IPKK, header ROM version 0)","포켓몬스터 소울실버 (Korea, IPGK, header ROM version 0)",/a/0/0/5,equal,1674,1674,,,f299791cddd3d6664f6670842812ef6053eb6501bd6282a476bbbf3ee91e750c,f299791cddd3d6664f6670842812ef6053eb6501bd6282a476bbbf3ee91e750c,1,1,,
"포켓몬스터 하트골드 (Korea, IPKK, header ROM version 0)","포켓몬스터 소울실버 (Korea, IPGK, header ROM version 0)",/a/0/0/5,equal,1675,1675,,,f299791cddd3d6664f6670842812ef6053eb6501bd6282a476bbbf3ee91e750c,f299791cddd3d6664f6670842812ef6053eb6501bd6282a476bbbf3ee91e750c,1,1,,
"포켓몬스터 하트골드 (Korea, IPKK, header ROM version 0)","포켓몬스터 소울실버 (Korea, IPGK, header ROM version 0)",/a/0/0/5,equal,1676,1676,,,beead77994cf573341ec17b58bbf7eb34d2711c993c1d976b128b3188dc1829a,beead77994cf573341ec17b58bbf7eb34d2711c993c1d976b128b3188dc1829a,1,1,,
"포켓몬스터 하트골드 (Korea, IPKK, header ROM version 0)","포켓몬스터 소울실버 (Korea, IPGK, header ROM version 0)",/a/0/0/5,equal,1677,1677,,,beead77994cf573341ec17b58bbf7eb34d2711c993c1d976b128b3188dc1829a,beead77994cf573341ec17b58bbf7eb34d2711c993c1d976b128b3188dc1829a,1,1,,
"포켓몬스터 하트골드 (Korea, IPKK, header ROM version 0)","포켓몬스터 소울실버 (Korea, IPGK, header ROM version 0)",/a/0/0/5,equal,1678,1678,,,084fed08b978af4d7d196a7446a86b58009e636b611db16211b65a9aadff29c5,084fed08b978af4d7d196a7446a86b58009e636b611db16211b65a9aadff29c5,1,1,,
"포켓몬스터 하트골드 (Korea, IPKK, header ROM version 0)","포켓몬스터 소울실버 (Korea, IPGK, header ROM version 0)",/a/0/0/5,equal,1679,1679,,,084fed08b978af4d7d196a7446a86b58009e636b611db16211b65a9aadff29c5,084fed08b978af4d7d196a7446a86b58009e636b611db16211b65a9aadff29c5,1,1,,
"포켓몬스터 하트골드 (Korea, IPKK, header ROM version 0)","포켓몬스터 소울실버 (Korea, IPGK, header ROM version 0)",/a/0/0/5,equal,1680,1680,,,c555eab45d08845ae9f10d452a99bfcb06f74a50b988fe7e48dd323789b88ee3,c555eab45d08845ae9f10d452a99bfcb06f74a50b988fe7e48dd323789b88ee3,1,1,Nintendo LZ10,Nintendo LZ10
"포켓몬스터 하트골드 (Korea, IPKK, header ROM version 0)","포켓몬스터 소울실버 (Korea, IPGK, header ROM version 0)",/a/0/0/5,equal,1681,1681,,,c555eab45d08845ae9f10d452a99bfcb06f74a50b988fe7e48dd323789b88ee3,c555eab45d08845ae9f10d452a99bfcb06f74a50b988fe7e48dd323789b88ee3,1,1,Nintendo LZ10,Nintendo LZ10
"포켓몬스터 하트골드 (Korea, IPKK, header ROM version 0)","포켓몬스터 소울실버 (Korea, IPGK, header ROM version 0)",/a/0/0/5,equal,1682,1682,,,68aa2e2ee5dff96e3355e6c7ee373e3d6a4e17f75f9518d843709c0c9bc3e3d4,68aa2e2ee5dff96e3355e6c7ee373e3d6a4e17f75f9518d843709c0c9bc3e3d4,1,1,,
"포켓몬스터 하트골드 (Korea, IPKK, header ROM version 0)","포켓몬스터 소울실버 (Korea, IPGK, header ROM version 0)",/a/0/0/5,equal,1683,1683,,,68aa2e2ee5dff96e3355e6c7ee373e3d6a4e17f75f9518d843709c0c9bc3e3d4,68aa2e2ee5dff96e3355e6c7ee373e3d6a4e17f75f9518d843709c0c9bc3e3d4,1,1,,
"포켓몬스터 하트골드 (Korea, IPKK, header ROM version 0)","포켓몬스터 소울실버 (Korea, IPGK, header ROM version 0)",/a/0/0/5,equal,1684,1684,,,9d1e0e2d9459d06523ad13e28a4093c2316baafe7aec5b25f30eba2e113599c4,9d1e0e2d9459d06523ad13e28a4093c2316baafe7aec5b25f30eba2e113599c4,1,1,,
"포켓몬스터 하트골드 (Korea, IPKK, header ROM version 0)","포켓몬스터 소울실버 (Korea, IPGK, header ROM version 0)",/a/0/0/5,equal,1685,1685,,,9d1e0e2d9459d06523ad13e28a4093c2316baafe7aec5b25f30eba2e113599c4,9d1e0e2d9459d06523ad13e28a4093c2316baafe7aec5b25f30eba2e113599c4,1,1,,
"포켓몬스터 하트골드 (Korea, IPKK, header ROM version 0)","포켓몬스터 소울실버 (Korea, IPGK, header ROM version 0)",/a/0/0/5,equal,1686,1686,,,2f0fd1e89b8de1d57292742ec380ea47066e307ad645f5bc3adad8a06ff58608,2f0fd1e89b8de1d57292742ec380ea47066e307ad645f5bc3adad8a06ff58608,1,1,,
"포켓몬스터 하트골드 (Korea, IPKK, header ROM version 0)","포켓몬스터 소울실버 (Korea, IPGK, header ROM version 0)",/a/0/0/5,equal,1687,1687,,,2f0fd1e89b8de1d57292742ec380ea47066e307ad645f5bc3adad8a06ff58608,2f0fd1e89b8de1d57292742ec380ea47066e307ad645f5bc3adad8a06ff58608,1,1,,
"포켓몬스터 하트골드 (Korea, IPKK, header ROM version 0)","포켓몬스터 소울실버 (Korea, IPGK, header ROM version 0)",/a/0/0/5,equal,1688,1688,,,6e340b9cffb37a989ca544e6bb780a2c78901d3fb33738768511a30617afa01d,6e340b9cffb37a989ca544e6bb780a2c78901d3fb33738768511a30617afa01d,1,1,,
"포켓몬스터 하트골드 (Korea, IPKK, header ROM version 0)","포켓몬스터 소울실버 (Korea, IPGK, header ROM version 0)",/a/0/0/5,equal,1689,1689,,,6e340b9cffb37a989ca544e6bb780a2c78901d3fb33738768511a30617afa01d,6e340b9cffb37a989ca544e6bb780a2c78901d3fb33738768511a30617afa01d,1,1,,
"포켓몬스터 하트골드 (Korea, IPKK, header ROM version 0)","포켓몬스터 소울실버 (Korea, IPGK, header ROM version 0)",/a/0/0/5,equal,1690,1690,,,4a64a107f0cb32536e5bce6c98c393db21cca7f4ea187ba8c4dca8b51d4ea80a,4a64a107f0cb32536e5bce6c98c393db21cca7f4ea187ba8c4dca8b51d4ea80a,1,1,Nintendo LZ11,Nintendo LZ11
"포켓몬스터 하트골드 (Korea, IPKK, header ROM version 0)","포켓몬스터 소울실버 (Korea, IPGK, header ROM version 0)",/a/0/0/5,equal,1691,1691,,,4a64a107f0cb32536e5bce6c98c393db21cca7f4ea187ba8c4dca8b51d4ea80a,4a64a107f0cb32536e5bce6c98c393db21cca7f4ea187ba8c4dca8b51d4ea80a,1,1,Nintendo LZ11,Nintendo LZ11
"포켓몬스터 하트골드 (Korea, IPKK, header ROM version 0)","포켓몬스터 소울실버 (Korea, IPGK, header ROM version 0)",/a/0/0/5,equal,1692,1692,,,6e340b9cffb37a989ca544e6bb780a2c78901d3fb33738768511a30617afa01d,6e340b9cffb37a989ca544e6bb780a2c78901d3fb33738768511a30617afa01d,1,1,,
"포켓몬스터 하트골드 (Korea, IPKK, header ROM version 0)","포켓몬스터 소울실버 (Korea, IPGK, header ROM version 0)",/a/0/0/5,equal,1693,1693,,,6e340b9cffb37a989ca544e6bb780a2c78901d3fb33738768511a30617afa01d,6e340b9cffb37a989ca544e6bb780a2c78901d3fb33738768511a30617afa01d,1,1,,
"포켓몬스터 하트골드 (Korea, IPKK, header ROM version 0)","포켓몬스터 소울실버 (Korea, IPGK, header ROM version 0)",/a/0/0/5,equal,1694,1694,,,9d1e0e2d9459d06523ad13e28a4093c2316baafe7aec5b25f30eba2e113599c4,9d1e0e2d9459d06523ad13e28a4093c2316baafe7aec5b25f30eba2e113599c4,1,1,,
"포켓몬스터 하트골드 (Korea, IPKK, header ROM version 0)","포켓몬스터 소울실버 (Korea, IPGK, header ROM version 0)",/a/0/0/5,equal,1695,1695,,,9d1e0e2d9459d06523ad13e28a4093c2316baafe7aec5b25f30eba2e113599c4,9d1e0e2d9459d06523ad13e28a4093c2316baafe7aec5b25f30eba2e113599c4,1,1,,
"포켓몬스터 하트골드 (Korea, IPKK, header ROM version 0)","포켓몬스터 소울실버 (Korea, IPGK, header ROM version 0)",/a/0/0/5,equal,1696,1696,,,6e340b9cffb37a989ca544e6bb780a2c78901d3fb33738768511a30617afa01d,6e340b9cffb37a989ca544e6bb780a2c78901d3fb33738768511a30617afa01d,1,1,,
"포켓몬스터 하트골드 (Korea, IPKK, header ROM version 0)","포켓몬스터 소울실버 (Korea, IPGK, header ROM version 0)",/a/0/0/5,equal,1697,1697,,,6e340b9cffb37a989ca544e6bb780a2c78901d3fb33738768511a30617afa01d,6e340b9cffb37a989ca544e6bb780a2c78901d3fb33738768511a30617afa01d,1,1,,
"포켓몬스터 하트골드 (Korea, IPKK, header ROM version 0)","포켓몬스터 소울실버 (Korea, IPGK, header ROM version 0)",/a/0/0/5,equal,1698,1698,,,ca358758f6d27e6cf45272937977a748fd88391db679ceda7dc7bf1f005ee879,ca358758f6d27e6cf45272937977a748fd88391db679ceda7dc7bf1f005ee879,1,1,,
"포켓몬스터 하트골드 (Korea, IPKK, header ROM version 0)","포켓몬스터 소울실버 (Korea, IPGK, header ROM version 0)",/a/0/0/5,equal,1699,1699,,,ca358758f6d27e6cf45272937977a748fd88391db679ceda7dc7bf1f005ee879,ca358758f6d27e6cf45272937977a748fd88391db679ceda7dc7bf1f005ee879,1,1,,
"포켓몬스터 하트골드 (Korea, IPKK, header ROM version 0)","포켓몬스터 소울실버 (Korea, IPGK, header ROM version 0)",/a/0/0/5,equal,1700,1700,,,6e340b9cffb37a989ca544e6bb780a2c78901d3fb33738768511a30617afa01d,6e340b9cffb37a989ca544e6bb780a2c78901d3fb33738768511a30617afa01d,1,1,,
"포켓몬스터 하트골드 (Korea, IPKK, header ROM version 0)","포켓몬스터 소울실버 (Korea, IPGK, header ROM version 0)",/a/0/0/5,equal,1701,1701,,,6e340b9cffb37a989ca544e6bb780a2c78901d3fb33738768511a30617afa01d,6e340b9cffb37a989ca544e6bb780a2c78901d3fb33738768511a30617afa01d,1,1,,
"포켓몬스터 하트골드 (Korea, IPKK, header ROM version 0)","포켓몬스터 소울실버 (Korea, IPGK, header ROM version 0)",/a/0/0/5,equal,1702,1702,,,9d1e0e2d9459d06523ad13e28a4093c2316baafe7aec5b25f30eba2e113599c4,9d1e0e2d9459d06523ad13e28a4093c2316baafe7aec5b25f30eba2e113599c4,1,1,,
"포켓몬스터 하트골드 (Korea, IPKK, header ROM version 0)","포켓몬스터 소울실버 (Korea, IPGK, header ROM version 0)",/a/0/0/5,equal,1703,1703,,,9d1e0e2d9459d06523ad13e28a4093c2316baafe7aec5b25f30eba2e113599c4,9d1e0e2d9459d06523ad13e28a4093c2316baafe7aec5b25f30eba2e113599c4,1,1,,
"포켓몬스터 하트골드 (Korea, IPKK, header ROM version 0)","포켓몬스터 소울실버 (Korea, IPGK, header ROM version 0)",/a/0/0/5,equal,1704,1704,,,beead77994cf573341ec17b58bbf7eb34d2711c993c1d976b128b3188dc1829a,beead77994cf573341ec17b58bbf7eb34d2711c993c1d976b128b3188dc1829a,1,1,,
"포켓몬스터 하트골드 (Korea, IPKK, header ROM version 0)","포켓몬스터 소울실버 (Korea, IPGK, header ROM version 0)",/a/0/0/5,equal,1705,1705,,,beead77994cf573341ec17b58bbf7eb34d2711c993c1d976b128b3188dc1829a,beead77994cf573341ec17b58bbf7eb34d2711c993c1d976b128b3188dc1829a,1,1,,
"포켓몬스터 하트골드 (Korea, IPKK, header ROM version 0)","포켓몬스터 소울실버 (Korea, IPGK, header ROM version 0)",/a/0/0/5,equal,1706,1706,,,4a64a107f0cb32536e5bce6c98c393db21cca7f4ea187ba8c4dca8b51d4ea80a,4a64a107f0cb32536e5bce6c98c393db21cca7f4ea187ba8c4dca8b51d4ea80a,1,1,Nintendo LZ11,Nintendo LZ11
"포켓몬스터 하트골드 (Korea, IPKK, header ROM version 0)","포켓몬스터 소울실버 (Korea, IPGK, header ROM version 0)",/a/0/0/5,equal,1707,1707,,,4a64a107f0cb32536e5bce6c98c393db21cca7f4ea187ba8c4dca8b51d4ea80a,4a64a107f0cb32536e5bce6c98c393db21cca7f4ea187ba8c4dca8b51d4ea80a,1,1,Nintendo LZ11,Nintendo LZ11
"포켓몬스터 하트골드 (Korea, IPKK, header ROM version 0)","포켓몬스터 소울실버 (Korea, IPGK, header ROM version 0)",/a/0/0/5,equal,1708,1708,,,6e340b9cffb37a989ca544e6bb780a2c78901d3fb33738768511a30617afa01d,6e340b9cffb37a989ca544e6bb780a2c78901d3fb33738768511a30617afa01d,1,1,,
"포켓몬스터 하트골드 (Korea, IPKK, header ROM version 0)","포켓몬스터 소울실버 (Korea, IPGK, header ROM version 0)",/a/0/0/5,equal,1709,1709,,,6e340b9cffb37a989ca544e6bb780a2c78901d3fb33738768511a30617afa01d,6e340b9cffb37a989ca544e6bb780a2c78901d3fb33738768511a30617afa01d,1,1,,
"포켓몬스터 하트골드 (Korea, IPKK, header ROM version 0)","포켓몬스터 소울실버 (Korea, IPGK, header ROM version 0)",/a/0/0/5,equal,1710,1710,,,ca358758f6d27e6cf45272937977a748fd88391db679ceda7dc7bf1f005ee879,ca358758f6d27e6cf45272937977a748fd88391db679ceda7dc7bf1f005ee879,1,1,,
"포켓몬스터 하트골드 (Korea, IPKK, header ROM version 0)","포켓몬스터 소울실버 (Korea, IPGK, header ROM version 0)",/a/0/0/5,equal,1711,1711,,,ca358758f6d27e6cf45272937977a748fd88391db679ceda7dc7bf1f005ee879,ca358758f6d27e6cf45272937977a748fd88391db679ceda7dc7bf1f005ee879,1,1,,
"포켓몬스터 하트골드 (Korea, IPKK, header ROM version 0)","포켓몬스터 소울실버 (Korea, IPGK, header ROM version 0)",/a/0/0/5,equal,1712,1712,,,6e340b9cffb37a989ca544e6bb780a2c78901d3fb33738768511a30617afa01d,6e340b9cffb37a989ca544e6bb780a2c78901d3fb33738768511a30617afa01d,1,1,,
"포켓몬스터 하트골드 (Korea, IPKK, header ROM version 0)","포켓몬스터 소울실버 (Korea, IPGK, header ROM version 0)",/a/0/0/5,equal,1713,1713,,,6e340b9cffb37a989ca544e6bb780a2c78901d3fb33738768511a30617afa01d,6e340b9cffb37a989ca544e6bb780a2c78901d3fb33738768511a30617afa01d,1,1,,
"포켓몬스터 하트골드 (Korea, IPKK, header ROM version 0)","포켓몬스터 소울실버 (Korea, IPGK, header ROM version 0)",/a/0/0/5,equal,1714,1714,,,01ba4719c80b6fe911b091a7c05124b64eeece964e09c058ef8f9805daca546b,01ba4719c80b6fe911b091a7c05124b64eeece964e09c058ef8f9805daca546b,1,1,,
"포켓몬스터 하트골드 (Korea, IPKK, header ROM version 0)","포켓몬스터 소울실버 (Korea, IPGK, header ROM version 0)",/a/0/0/5,equal,1715,1715,,,01ba4719c80b6fe911b091a7c05124b64eeece964e09c058ef8f9805daca546b,01ba4719c80b6fe911b091a7c05124b64eeece964e09c058ef8f9805daca546b,1,1,,
"포켓몬스터 하트골드 (Korea, IPKK, header ROM version 0)","포켓몬스터 소울실버 (Korea, IPGK, header ROM version 0)",/a/0/0/5,equal,1716,1716,,,6e340b9cffb37a989ca544e6bb780a2c78901d3fb33738768511a30617afa01d,6e340b9cffb37a989ca544e6bb780a2c78901d3fb33738768511a30617afa01d,1,1,,
"포켓몬스터 하트골드 (Korea, IPKK, header ROM version 0)","포켓몬스터 소울실버 (Korea, IPGK, header ROM version 0)",/a/0/0/5,equal,1717,1717,,,6e340b9cffb37a989ca544e6bb780a2c78901d3fb33738768511a30617afa01d,6e340b9cffb37a989ca544e6bb780a2c78901d3fb33738768511a30617afa01d,1,1,,
"포켓몬스터 하트골드 (Korea, IPKK, header ROM version 0)","포켓몬스터 소울실버 (Korea, IPGK, header ROM version 0)",/a/0/0/5,equal,1718,1718,,,beead77994cf573341ec17b58bbf7eb34d2711c993c1d976b128b3188dc1829a,beead77994cf573341ec17b58bbf7eb34d2711c993c1d976b128b3188dc1829a,1,1,,
"포켓몬스터 하트골드 (Korea, IPKK, header ROM version 0)","포켓몬스터 소울실버 (Korea, IPGK, header ROM version 0)",/a/0/0/5,equal,1719,1719,,,beead77994cf573341ec17b58bbf7eb34d2711c993c1d976b128b3188dc1829a,beead77994cf573341ec17b58bbf7eb34d2711c993c1d976b128b3188dc1829a,1,1,,
"포켓몬스터 하트골드 (Korea, IPKK, header ROM version 0)","포켓몬스터 소울실버 (Korea, IPGK, header ROM version 0)",/a/0/0/5,equal,1720,1720,,,01ba4719c80b6fe911b091a7c05124b64eeece964e09c058ef8f9805daca546b,01ba4719c80b6fe911b091a7c05124b64eeece964e09c058ef8f9805daca546b,1,1,,
"포켓몬스터 하트골드 (Korea, IPKK, header ROM version 0)","포켓몬스터 소울실버 (Korea, IPGK, header ROM version 0)",/a/0/0/5,equal,1721,1721,,,01ba4719c80b6fe911b091a7c05124b64eeece964e09c058ef8f9805daca546b,01ba4719c80b6fe911b091a7c05124b64eeece964e09c058ef8f9805daca546b,1,1,,
"포켓몬스터 하트골드 (Korea, IPKK, header ROM version 0)","포켓몬스터 소울실버 (Korea, IPGK, header ROM version 0)",/a/0/0/5,equal,1722,1722,,,ef6cbd2161eaea7943ce8693b9824d23d1793ffb1c0fca05b600d3899b44c977,ef6cbd2161eaea7943ce8693b9824d23d1793ffb1c0fca05b600d3899b44c977,1,1,,
"포켓몬스터 하트골드 (Korea, IPKK, header ROM version 0)","포켓몬스터 소울실버 (Korea, IPGK, header ROM version 0)",/a/0/0/5,equal,1723,1723,,,ef6cbd2161eaea7943ce8693b9824d23d1793ffb1c0fca05b600d3899b44c977,ef6cbd2161eaea7943ce8693b9824d23d1793ffb1c0fca05b600d3899b44c977,1,1,,
"포켓몬스터 하트골드 (Korea, IPKK, header ROM version 0)","포켓몬스터 소울실버 (Korea, IPGK, header ROM version 0)",/a/0/0/5,equal,1724,1724,,,beead77994cf573341ec17b58bbf7eb34d2711c993c1d976b128b3188dc1829a,beead77994cf573341ec17b58bbf7eb34d2711c993c1d976b128b3188dc1829a,1,1,,
"포켓몬스터 하트골드 (Korea, IPKK, header ROM version 0)","포켓몬스터 소울실버 (Korea, IPGK, header ROM version 0)",/a/0/0/5,equal,1725,1725,,,beead77994cf573341ec17b58bbf7eb34d2711c993c1d976b128b3188dc1829a,beead77994cf573341ec17b58bbf7eb34d2711c993c1d976b128b3188dc1829a,1,1,,
"포켓몬스터 하트골드 (Korea, IPKK, header ROM version 0)","포켓몬스터 소울실버 (Korea, IPGK, header ROM version 0)",/a/0/0/5,equal,1726,1726,,,ef6cbd2161eaea7943ce8693b9824d23d1793ffb1c0fca05b600d3899b44c977,ef6cbd2161eaea7943ce8693b9824d23d1793ffb1c0fca05b600d3899b44c977,1,1,,
"포켓몬스터 하트골드 (Korea, IPKK, header ROM version 0)","포켓몬스터 소울실버 (Korea, IPGK, header ROM version 0)",/a/0/0/5,equal,1727,1727,,,ef6cbd2161eaea7943ce8693b9824d23d1793ffb1c0fca05b600d3899b44c977,ef6cbd2161eaea7943ce8693b9824d23d1793ffb1c0fca05b600d3899b44c977,1,1,,
"포켓몬스터 하트골드 (Korea, IPKK, header ROM version 0)","포켓몬스터 소울실버 (Korea, IPGK, header ROM version 0)",/a/0/0/5,equal,1728,1728,,,6e340b9cffb37a989ca544e6bb780a2c78901d3fb33738768511a30617afa01d,6e340b9cffb37a989ca544e6bb780a2c78901d3fb33738768511a30617afa01d,1,1,,
"포켓몬스터 하트골드 (Korea, IPKK, header ROM version 0)","포켓몬스터 소울실버 (Korea, IPGK, header ROM version 0)",/a/0/0/5,equal,1729,1729,,,6e340b9cffb37a989ca544e6bb780a2c78901d3fb33738768511a30617afa01d,6e340b9cffb37a989ca544e6bb780a2c78901d3fb33738768511a30617afa01d,1,1,,
"포켓몬스터 하트골드 (Korea, IPKK, header ROM version 0)","포켓몬스터 소울실버 (Korea, IPGK, header ROM version 0)",/a/0/0/5,equal,1730,1730,,,e7cf46a078fed4fafd0b5e3aff144802b853f8ae459a4f0c14add3314b7cc3a6,e7cf46a078fed4fafd0b5e3aff144802b853f8ae459a4f0c14add3314b7cc3a6,1,1,,
"포켓몬스터 하트골드 (Korea, IPKK, header ROM version 0)","포켓몬스터 소울실버 (Korea, IPGK, header ROM version 0)",/a/0/0/5,equal,1731,1731,,,e7cf46a078fed4fafd0b5e3aff144802b853f8ae459a4f0c14add3314b7cc3a6,e7cf46a078fed4fafd0b5e3aff144802b853f8ae459a4f0c14add3314b7cc3a6,1,1,,
"포켓몬스터 하트골드 (Korea, IPKK, header ROM version 0)","포켓몬스터 소울실버 (Korea, IPGK, header ROM version 0)",/a/0/0/5,equal,1732,1732,,,beead77994cf573341ec17b58bbf7eb34d2711c993c1d976b128b3188dc1829a,beead77994cf573341ec17b58bbf7eb34d2711c993c1d976b128b3188dc1829a,1,1,,
"포켓몬스터 하트골드 (Korea, IPKK, header ROM version 0)","포켓몬스터 소울실버 (Korea, IPGK, header ROM version 0)",/a/0/0/5,equal,1733,1733,,,beead77994cf573341ec17b58bbf7eb34d2711c993c1d976b128b3188dc1829a,beead77994cf573341ec17b58bbf7eb34d2711c993c1d976b128b3188dc1829a,1,1,,
"포켓몬스터 하트골드 (Korea, IPKK, header ROM version 0)","포켓몬스터 소울실버 (Korea, IPGK, header ROM version 0)",/a/0/0/5,equal,1734,1734,,,f299791cddd3d6664f6670842812ef6053eb6501bd6282a476bbbf3ee91e750c,f299791cddd3d6664f6670842812ef6053eb6501bd6282a476bbbf3ee91e750c,1,1,,
"포켓몬스터 하트골드 (Korea, IPKK, header ROM version 0)","포켓몬스터 소울실버 (Korea, IPGK, header ROM version 0)",/a/0/0/5,equal,1735,1735,,,f299791cddd3d6664f6670842812ef6053eb6501bd6282a476bbbf3ee91e750c,f299791cddd3d6664f6670842812ef6053eb6501bd6282a476bbbf3ee91e750c,1,1,,
"포켓몬스터 하트골드 (Korea, IPKK, header ROM version 0)","포켓몬스터 소울실버 (Korea, IPGK, header ROM version 0)",/a/0/0/5,equal,1736,1736,,,beead77994cf573341ec17b58bbf7eb34d2711c993c1d976b128b3188dc1829a,beead77994cf573341ec17b58bbf7eb34d2711c993c1d976b128b3188dc1829a,1,1,,
"포켓몬스터 하트골드 (Korea, IPKK, header ROM version 0)","포켓몬스터 소울실버 (Korea, IPGK, header ROM version 0)",/a/0/0/5,equal,1737,1737,,,beead77994cf573341ec17b58bbf7eb34d2711c993c1d976b128b3188dc1829a,beead77994cf573341ec17b58bbf7eb34d2711c993c1d976b128b3188dc1829a,1,1,,
"포켓몬스터 하트골드 (Korea, IPKK, header ROM version 0)","포켓몬스터 소울실버 (Korea, IPGK, header ROM version 0)",/a/0/0/5,equal,1738,1738,,,e7cf46a078fed4fafd0b5e3aff144802b853f8ae459a4f0c14add3314b7cc3a6,e7cf46a078fed4fafd0b5e3aff144802b853f8ae459a4f0c14add3314b7cc3a6,1,1,,
"포켓몬스터 하트골드 (Korea, IPKK, header ROM version 0)","포켓몬스터 소울실버 (Korea, IPGK, header ROM version 0)",/a/0/0/5,equal,1739,1739,,,e7cf46a078fed4fafd0b5e3aff144802b853f8ae459a4f0c14add3314b7cc3a6,e7cf46a078fed4fafd0b5e3aff144802b853f8ae459a4f0c14add3314b7cc3a6,1,1,,
"포켓몬스터 하트골드 (Korea, IPKK, header ROM version 0)","포켓몬스터 소울실버 (Korea, IPGK, header ROM version 0)",/a/0/0/5,equal,1740,1740,,,6e340b9cffb37a989ca544e6bb780a2c78901d3fb33738768511a30617afa01d,6e340b9cffb37a989ca544e6bb780a2c78901d3fb33738768511a30617afa01d,1,1,,
"포켓몬스터 하트골드 (Korea, IPKK, header ROM version 0)","포켓몬스터 소울실버 (Korea, IPGK, header ROM version 0)",/a/0/0/5,equal,1741,1741,,,6e340b9cffb37a989ca544e6bb780a2c78901d3fb33738768511a30617afa01d,6e340b9cffb37a989ca544e6bb780a2c78901d3fb33738768511a30617afa01d,1,1,,
"포켓몬스터 하트골드 (Korea, IPKK, header ROM version 0)","포켓몬스터 소울실버 (Korea, IPGK, header ROM version 0)",/a/0/0/5,equal,1742,1742,,,e7cf46a078fed4fafd0b5e3aff144802b853f8ae459a4f0c14add3314b7cc3a6,e7cf46a078fed4fafd0b5e3aff144802b853f8ae459a4f0c14add3314b7cc3a6,1,1,,
"포켓몬스터 하트골드 (Korea, IPKK, header ROM version 0)","포켓몬스터 소울실버 (Korea, IPGK, header ROM version 0)",/a/0/0/5,equal,1743,1743,,,e7cf46a078fed4fafd0b5e3aff144802b853f8ae459a4f0c14add3314b7cc3a6,e7cf46a078fed4fafd0b5e3aff144802b853f8ae459a4f0c14add3314b7cc3a6,1,1,,
"포켓몬스터 하트골드 (Korea, IPKK, header ROM version 0)","포켓몬스터 소울실버 (Korea, IPGK, header ROM version 0)",/a/0/0/5,equal,1744,1744,,,e3b0c44298fc1c149afbf4c8996fb92427ae41e4649b934ca495991b7852b855,e3b0c44298fc1c149afbf4c8996fb92427ae41e4649b934ca495991b7852b855,0,0,,
"포켓몬스터 하트골드 (Korea, IPKK, header ROM version 0)","포켓몬스터 소울실버 (Korea, IPGK, header ROM version 0)",/a/0/0/5,equal,1745,1745,,,ef6cbd2161eaea7943ce8693b9824d23d1793ffb1c0fca05b600d3899b44c977,ef6cbd2161eaea7943ce8693b9824d23d1793ffb1c0fca05b600d3899b44c977,1,1,,
"포켓몬스터 하트골드 (Korea, IPKK, header ROM version 0)","포켓몬스터 소울실버 (Korea, IPGK, header ROM version 0)",/a/0/0/5,equal,1746,1746,,,e3b0c44298fc1c149afbf4c8996fb92427ae41e4649b934ca495991b7852b855,e3b0c44298fc1c149afbf4c8996fb92427ae41e4649b934ca495991b7852b855,0,0,,
"포켓몬스터 하트골드 (Korea, IPKK, header ROM version 0)","포켓몬스터 소울실버 (Korea, IPGK, header ROM version 0)",/a/0/0/5,equal,1747,1747,,,452ba1ddef80246c48be7690193c76c1d61185906be9401014fe14f1be64b74f,452ba1ddef80246c48be7690193c76c1d61185906be9401014fe14f1be64b74f,1,1,,
"포켓몬스터 하트골드 (Korea, IPKK, header ROM version 0)","포켓몬스터 소울실버 (Korea, IPGK, header ROM version 0)",/a/0/0/5,equal,1748,1748,,,e3b0c44298fc1c149afbf4c8996fb92427ae41e4649b934ca495991b7852b855,e3b0c44298fc1c149afbf4c8996fb92427ae41e4649b934ca495991b7852b855,0,0,,
"포켓몬스터 하트골드 (Korea, IPKK, header ROM version 0)","포켓몬스터 소울실버 (Korea, IPGK, header ROM version 0)",/a/0/0/5,equal,1749,1749,,,beead77994cf573341ec17b58bbf7eb34d2711c993c1d976b128b3188dc1829a,beead77994cf573341ec17b58bbf7eb34d2711c993c1d976b128b3188dc1829a,1,1,,
"포켓몬스터 하트골드 (Korea, IPKK, header ROM version 0)","포켓몬스터 소울실버 (Korea, IPGK, header ROM version 0)",/a/0/0/5,equal,1750,1750,,,e3b0c44298fc1c149afbf4c8996fb92427ae41e4649b934ca495991b7852b855,e3b0c44298fc1c149afbf4c8996fb92427ae41e4649b934ca495991b7852b855,0,0,,
"포켓몬스터 하트골드 (Korea, IPKK, header ROM version 0)","포켓몬스터 소울실버 (Korea, IPGK, header ROM version 0)",/a/0/0/5,equal,1751,1751,,,01ba4719c80b6fe911b091a7c05124b64eeece964e09c058ef8f9805daca546b,01ba4719c80b6fe911b091a7c05124b64eeece964e09c058ef8f9805daca546b,1,1,,
"포켓몬스터 하트골드 (Korea, IPKK, header ROM version 0)","포켓몬스터 소울실버 (Korea, IPGK, header ROM version 0)",/a/0/0/5,equal,1752,1752,,,beead77994cf573341ec17b58bbf7eb34d2711c993c1d976b128b3188dc1829a,beead77994cf573341ec17b58bbf7eb34d2711c993c1d976b128b3188dc1829a,1,1,,
"포켓몬스터 하트골드 (Korea, IPKK, header ROM version 0)","포켓몬스터 소울실버 (Korea, IPGK, header ROM version 0)",/a/0/0/5,equal,1753,1753,,,beead77994cf573341ec17b58bbf7eb34d2711c993c1d976b128b3188dc1829a,beead77994cf573341ec17b58bbf7eb34d2711c993c1d976b128b3188dc1829a,1,1,,
"포켓몬스터 하트골드 (Korea, IPKK, header ROM version 0)","포켓몬스터 소울실버 (Korea, IPGK, header ROM version 0)",/a/0/0/5,equal,1754,1754,,,4a64a107f0cb32536e5bce6c98c393db21cca7f4ea187ba8c4dca8b51d4ea80a,4a64a107f0cb32536e5bce6c98c393db21cca7f4ea187ba8c4dca8b51d4ea80a,1,1,Nintendo LZ11,Nintendo LZ11
"포켓몬스터 하트골드 (Korea, IPKK, header ROM version 0)","포켓몬스터 소울실버 (Korea, IPGK, header ROM version 0)",/a/0/0/5,equal,1755,1755,,,4a64a107f0cb32536e5bce6c98c393db21cca7f4ea187ba8c4dca8b51d4ea80a,4a64a107f0cb32536e5bce6c98c393db21cca7f4ea187ba8c4dca8b51d4ea80a,1,1,Nintendo LZ11,Nintendo LZ11
"포켓몬스터 하트골드 (Korea, IPKK, header ROM version 0)","포켓몬스터 소울실버 (Korea, IPGK, header ROM version 0)",/a/0/0/5,equal,1756,1756,,,4bf5122f344554c53bde2ebb8cd2b7e3d1600ad631c385a5d7cce23c7785459a,4bf5122f344554c53bde2ebb8cd2b7e3d1600ad631c385a5d7cce23c7785459a,1,1,,
"포켓몬스터 하트골드 (Korea, IPKK, header ROM version 0)","포켓몬스터 소울실버 (Korea, IPGK, header ROM version 0)",/a/0/0/5,equal,1757,1757,,,4bf5122f344554c53bde2ebb8cd2b7e3d1600ad631c385a5d7cce23c7785459a,4bf5122f344554c53bde2ebb8cd2b7e3d1600ad631c385a5d7cce23c7785459a,1,1,,
"포켓몬스터 하트골드 (Korea, IPKK, header ROM version 0)","포켓몬스터 소울실버 (Korea, IPGK, header ROM version 0)",/a/0/0/5,equal,1758,1758,,,dc0e9c3658a1a3ed1ec94274d8b19925c93e1abb7ddba294923ad9bde30f8cb8,dc0e9c3658a1a3ed1ec94274d8b19925c93e1abb7ddba294923ad9bde30f8cb8,1,1,,
"포켓몬스터 하트골드 (Korea, IPKK, header ROM version 0)","포켓몬스터 소울실버 (Korea, IPGK, header ROM version 0)",/a/0/0/5,equal,1759,1759,,,dc0e9c3658a1a3ed1ec94274d8b19925c93e1abb7ddba294923ad9bde30f8cb8,dc0e9c3658a1a3ed1ec94274d8b19925c93e1abb7ddba294923ad9bde30f8cb8,1,1,,
"포켓몬스터 하트골드 (Korea, IPKK, header ROM version 0)","포켓몬스터 소울실버 (Korea, IPGK, header ROM version 0)",/a/0/0/5,equal,1760,1760,,,beead77994cf573341ec17b58bbf7eb34d2711c993c1d976b128b3188dc1829a,beead77994cf573341ec17b58bbf7eb34d2711c993c1d976b128b3188dc1829a,1,1,,
"포켓몬스터 하트골드 (Korea, IPKK, header ROM version 0)","포켓몬스터 소울실버 (Korea, IPGK, header ROM version 0)",/a/0/0/5,equal,1761,1761,,,e3b0c44298fc1c149afbf4c8996fb92427ae41e4649b934ca495991b7852b855,e3b0c44298fc1c149afbf4c8996fb92427ae41e4649b934ca495991b7852b855,0,0,,
"포켓몬스터 하트골드 (Korea, IPKK, header ROM version 0)","포켓몬스터 소울실버 (Korea, IPGK, header ROM version 0)",/a/0/0/5,equal,1762,1762,,,83891d7fe85c33e52c8b4e5814c92fb6a3b9467299200538a6babaa8b452d879,83891d7fe85c33e52c8b4e5814c92fb6a3b9467299200538a6babaa8b452d879,1,1,,
"포켓몬스터 하트골드 (Korea, IPKK, header ROM version 0)","포켓몬스터 소울실버 (Korea, IPGK, header ROM version 0)",/a/0/0/5,equal,1763,1763,,,e3b0c44298fc1c149afbf4c8996fb92427ae41e4649b934ca495991b7852b855,e3b0c44298fc1c149afbf4c8996fb92427ae41e4649b934ca495991b7852b855,0,0,,
"포켓몬스터 하트골드 (Korea, IPKK, header ROM version 0)","포켓몬스터 소울실버 (Korea, IPGK, header ROM version 0)",/a/0/0/5,equal,1764,1764,,,beead77994cf573341ec17b58bbf7eb34d2711c993c1d976b128b3188dc1829a,beead77994cf573341ec17b58bbf7eb34d2711c993c1d976b128b3188dc1829a,1,1,,
"포켓몬스터 하트골드 (Korea, IPKK, header ROM version 0)","포켓몬스터 소울실버 (Korea, IPGK, header ROM version 0)",/a/0/0/5,equal,1765,1765,,,beead77994cf573341ec17b58bbf7eb34d2711c993c1d976b128b3188dc1829a,beead77994cf573341ec17b58bbf7eb34d2711c993c1d976b128b3188dc1829a,1,1,,
"포켓몬스터 하트골드 (Korea, IPKK, header ROM version 0)","포켓몬스터 소울실버 (Korea, IPGK, header ROM version 0)",/a/0/0/5,equal,1766,1766,,,4d7b3ef7300acf70c892d8327db8272f54434adbc61a4e130a563cb59a0d0f47,4d7b3ef7300acf70c892d8327db8272f54434adbc61a4e130a563cb59a0d0f47,1,1,,
"포켓몬스터 하트골드 (Korea, IPKK, header ROM version 0)","포켓몬스터 소울실버 (Korea, IPGK, header ROM version 0)",/a/0/0/5,equal,1767,1767,,,4d7b3ef7300acf70c892d8327db8272f54434adbc61a4e130a563cb59a0d0f47,4d7b3ef7300acf70c892d8327db8272f54434adbc61a4e130a563cb59a0d0f47,1,1,,
"포켓몬스터 하트골드 (Korea, IPKK, header ROM version 0)","포켓몬스터 소울실버 (Korea, IPGK, header ROM version 0)",/a/0/0/5,equal,1768,1768,,,67586e98fad27da0b9968bc039a1ef34c939b9b8e523a8bef89d478608c5ecf6,67586e98fad27da0b9968bc039a1ef34c939b9b8e523a8bef89d478608c5ecf6,1,1,,
"포켓몬스터 하트골드 (Korea, IPKK, header ROM version 0)","포켓몬스터 소울실버 (Korea, IPGK, header ROM version 0)",/a/0/0/5,equal,1769,1769,,,67586e98fad27da0b9968bc039a1ef34c939b9b8e523a8bef89d478608c5ecf6,67586e98fad27da0b9968bc039a1ef34c939b9b8e523a8bef89d478608c5ecf6,1,1,,
"포켓몬스터 하트골드 (Korea, IPKK, header ROM version 0)","포켓몬스터 소울실버 (Korea, IPGK, header ROM version 0)",/a/0/0/5,equal,1770,1770,,,4d7b3ef7300acf70c892d8327db8272f54434adbc61a4e130a563cb59a0d0f47,4d7b3ef7300acf70c892d8327db8272f54434adbc61a4e130a563cb59a0d0f47,1,1,,
"포켓몬스터 하트골드 (Korea, IPKK, header ROM version 0)","포켓몬스터 소울실버 (Korea, IPGK, header ROM version 0)",/a/0/0/5,equal,1771,1771,,,4d7b3ef7300acf70c892d8327db8272f54434adbc61a4e130a563cb59a0d0f47,4d7b3ef7300acf70c892d8327db8272f54434adbc61a4e130a563cb59a0d0f47,1,1,,
"포켓몬스터 하트골드 (Korea, IPKK, header ROM version 0)","포켓몬스터 소울실버 (Korea, IPGK, header ROM version 0)",/a/0/0/5,equal,1772,1772,,,c555eab45d08845ae9f10d452a99bfcb06f74a50b988fe7e48dd323789b88ee3,c555eab45d08845ae9f10d452a99bfcb06f74a50b988fe7e48dd323789b88ee3,1,1,Nintendo LZ10,Nintendo LZ10
"포켓몬스터 하트골드 (Korea, IPKK, header ROM version 0)","포켓몬스터 소울실버 (Korea, IPGK, header ROM version 0)",/a/0/0/5,equal,1773,1773,,,c555eab45d08845ae9f10d452a99bfcb06f74a50b988fe7e48dd323789b88ee3,c555eab45d08845ae9f10d452a99bfcb06f74a50b988fe7e48dd323789b88ee3,1,1,Nintendo LZ10,Nintendo LZ10
"포켓몬스터 하트골드 (Korea, IPKK, header ROM version 0)","포켓몬스터 소울실버 (Korea, IPGK, header ROM version 0)",/a/0/0/5,equal,1774,1774,,,4a64a107f0cb32536e5bce6c98c393db21cca7f4ea187ba8c4dca8b51d4ea80a,4a64a107f0cb32536e5bce6c98c393db21cca7f4ea187ba8c4dca8b51d4ea80a,1,1,Nintendo LZ11,Nintendo LZ11
"포켓몬스터 하트골드 (Korea, IPKK, header ROM version 0)","포켓몬스터 소울실버 (Korea, IPGK, header ROM version 0)",/a/0/0/5,equal,1775,1775,,,4a64a107f0cb32536e5bce6c98c393db21cca7f4ea187ba8c4dca8b51d4ea80a,4a64a107f0cb32536e5bce6c98c393db21cca7f4ea187ba8c4dca8b51d4ea80a,1,1,Nintendo LZ11,Nintendo LZ11
"포켓몬스터 하트골드 (Korea, IPKK, header ROM version 0)","포켓몬스터 소울실버 (Korea, IPGK, header ROM version 0)",/a/0/0/5,equal,1776,1776,,,6e340b9cffb37a989ca544e6bb780a2c78901d3fb33738768511a30617afa01d,6e340b9cffb37a989ca544e6bb780a2c78901d3fb33738768511a30617afa01d,1,1,,
"포켓몬스터 하트골드 (Korea, IPKK, header ROM version 0)","포켓몬스터 소울실버 (Korea, IPGK, header ROM version 0)",/a/0/0/5,equal,1777,1777,,,6e340b9cffb37a989ca544e6bb780a2c78901d3fb33738768511a30617afa01d,6e340b9cffb37a989ca544e6bb780a2c78901d3fb33738768511a30617afa01d,1,1,,
"포켓몬스터 하트골드 (Korea, IPKK, header ROM version 0)","포켓몬스터 소울실버 (Korea, IPGK, header ROM version 0)",/a/0/0/5,equal,1778,1778,,,beead77994cf573341ec17b58bbf7eb34d2711c993c1d976b128b3188dc1829a,beead77994cf573341ec17b58bbf7eb34d2711c993c1d976b128b3188dc1829a,1,1,,
"포켓몬스터 하트골드 (Korea, IPKK, header ROM version 0)","포켓몬스터 소울실버 (Korea, IPGK, header ROM version 0)",/a/0/0/5,equal,1779,1779,,,beead77994cf573341ec17b58bbf7eb34d2711c993c1d976b128b3188dc1829a,beead77994cf573341ec17b58bbf7eb34d2711c993c1d976b128b3188dc1829a,1,1,,
"포켓몬스터 하트골드 (Korea, IPKK, header ROM version 0)","포켓몬스터 소울실버 (Korea, IPGK, header ROM version 0)",/a/0/0/5,equal,1780,1780,,,6e340b9cffb37a989ca544e6bb780a2c78901d3fb33738768511a30617afa01d,6e340b9cffb37a989ca544e6bb780a2c78901d3fb33738768511a30617afa01d,1,1,,
"포켓몬스터 하트골드 (Korea, IPKK, header ROM version 0)","포켓몬스터 소울실버 (Korea, IPGK, header ROM version 0)",/a/0/0/5,equal,1781,1781,,,6e340b9cffb37a989ca544e6bb780a2c78901d3fb33738768511a30617afa01d,6e340b9cffb37a989ca544e6bb780a2c78901d3fb33738768511a30617afa01d,1,1,,
"포켓몬스터 하트골드 (Korea, IPKK, header ROM version 0)","포켓몬스터 소울실버 (Korea, IPGK, header ROM version 0)",/a/0/0/5,equal,1782,1782,,,6e340b9cffb37a989ca544e6bb780a2c78901d3fb33738768511a30617afa01d,6e340b9cffb37a989ca544e6bb780a2c78901d3fb33738768511a30617afa01d,1,1,,
"포켓몬스터 하트골드 (Korea, IPKK, header ROM version 0)","포켓몬스터 소울실버 (Korea, IPGK, header ROM version 0)",/a/0/0/5,equal,1783,1783,,,6e340b9cffb37a989ca544e6bb780a2c78901d3fb33738768511a30617afa01d,6e340b9cffb37a989ca544e6bb780a2c78901d3fb33738768511a30617afa01d,1,1,,
"포켓몬스터 하트골드 (Korea, IPKK, header ROM version 0)","포켓몬스터 소울실버 (Korea, IPGK, header ROM version 0)",/a/0/0/5,equal,1784,1784,,,2b4c342f5433ebe591a1da77e013d1b72475562d48578dca8b84bac6651c3cb9,2b4c342f5433ebe591a1da77e013d1b72475562d48578dca8b84bac6651c3cb9,1,1,,
"포켓몬스터 하트골드 (Korea, IPKK, header ROM version 0)","포켓몬스터 소울실버 (Korea, IPGK, header ROM version 0)",/a/0/0/5,equal,1785,1785,,,2b4c342f5433ebe591a1da77e013d1b72475562d48578dca8b84bac6651c3cb9,2b4c342f5433ebe591a1da77e013d1b72475562d48578dca8b84bac6651c3cb9,1,1,,
"포켓몬스터 하트골드 (Korea, IPKK, header ROM version 0)","포켓몬스터 소울실버 (Korea, IPGK, header ROM version 0)",/a/0/0/5,equal,1786,1786,,,2f0fd1e89b8de1d57292742ec380ea47066e307ad645f5bc3adad8a06ff58608,2f0fd1e89b8de1d57292742ec380ea47066e307ad645f5bc3adad8a06ff58608,1,1,,
"포켓몬스터 하트골드 (Korea, IPKK, header ROM version 0)","포켓몬스터 소울실버 (Korea, IPGK, header ROM version 0)",/a/0/0/5,equal,1787,1787,,,2f0fd1e89b8de1d57292742ec380ea47066e307ad645f5bc3adad8a06ff58608,2f0fd1e89b8de1d57292742ec380ea47066e307ad645f5bc3adad8a06ff58608,1,1,,
"포켓몬스터 하트골드 (Korea, IPKK, header ROM version 0)","포켓몬스터 소울실버 (Korea, IPGK, header ROM version 0)",/a/0/0/5,equal,1788,1788,,,01ba4719c80b6fe911b091a7c05124b64eeece964e09c058ef8f9805daca546b,01ba4719c80b6fe911b091a7c05124b64eeece964e09c058ef8f9805daca546b,1,1,,
"포켓몬스터 하트골드 (Korea, IPKK, header ROM version 0)","포켓몬스터 소울실버 (Korea, IPGK, header ROM version 0)",/a/0/0/5,equal,1789,1789,,,01ba4719c80b6fe911b091a7c05124b64eeece964e09c058ef8f9805daca546b,01ba4719c80b6fe911b091a7c05124b64eeece964e09c058ef8f9805daca546b,1,1,,
"포켓몬스터 하트골드 (Korea, IPKK, header ROM version 0)","포켓몬스터 소울실버 (Korea, IPGK, header ROM version 0)",/a/0/0/5,equal,1790,1790,,,4a64a107f0cb32536e5bce6c98c393db21cca7f4ea187ba8c4dca8b51d4ea80a,4a64a107f0cb32536e5bce6c98c393db21cca7f4ea187ba8c4dca8b51d4ea80a,1,1,Nintendo LZ11,Nintendo LZ11
"포켓몬스터 하트골드 (Korea, IPKK, header ROM version 0)","포켓몬스터 소울실버 (Korea, IPGK, header ROM version 0)",/a/0/0/5,equal,1791,1791,,,4a64a107f0cb32536e5bce6c98c393db21cca7f4ea187ba8c4dca8b51d4ea80a,4a64a107f0cb32536e5bce6c98c393db21cca7f4ea187ba8c4dca8b51d4ea80a,1,1,Nintendo LZ11,Nintendo LZ11
"포켓몬스터 하트골드 (Korea, IPKK, header ROM version 0)","포켓몬스터 소울실버 (Korea, IPGK, header ROM version 0)",/a/0/0/5,equal,1792,1792,,,6e340b9cffb37a989ca544e6bb780a2c78901d3fb33738768511a30617afa01d,6e340b9cffb37a989ca544e6bb780a2c78901d3fb33738768511a30617afa01d,1,1,,
"포켓몬스터 하트골드 (Korea, IPKK, header ROM version 0)","포켓몬스터 소울실버 (Korea, IPGK, header ROM version 0)",/a/0/0/5,equal,1793,1793,,,6e340b9cffb37a989ca544e6bb780a2c78901d3fb33738768511a30617afa01d,6e340b9cffb37a989ca544e6bb780a2c78901d3fb33738768511a30617afa01d,1,1,,
"포켓몬스터 하트골드 (Korea, IPKK, header ROM version 0)","포켓몬스터 소울실버 (Korea, IPGK, header ROM version 0)",/a/0/0/5,equal,1794,1794,,,01ba4719c80b6fe911b091a7c05124b64eeece964e09c058ef8f9805daca546b,01ba4719c80b6fe911b091a7c05124b64eeece964e09c058ef8f9805daca546b,1,1,,
"포켓몬스터 하트골드 (Korea, IPKK, header ROM version 0)","포켓몬스터 소울실버 (Korea, IPGK, header ROM version 0)",/a/0/0/5,equal,1795,1795,,,01ba4719c80b6fe911b091a7c05124b64eeece964e09c058ef8f9805daca546b,01ba4719c80b6fe911b091a7c05124b64eeece964e09c058ef8f9805daca546b,1,1,,
"포켓몬스터 하트골드 (Korea, IPKK, header ROM version 0)","포켓몬스터 소울실버 (Korea, IPGK, header ROM version 0)",/a/0/0/5,equal,1796,1796,,,beead77994cf573341ec17b58bbf7eb34d2711c993c1d976b128b3188dc1829a,beead77994cf573341ec17b58bbf7eb34d2711c993c1d976b128b3188dc1829a,1,1,,
"포켓몬스터 하트골드 (Korea, IPKK, header ROM version 0)","포켓몬스터 소울실버 (Korea, IPGK, header ROM version 0)",/a/0/0/5,equal,1797,1797,,,beead77994cf573341ec17b58bbf7eb34d2711c993c1d976b128b3188dc1829a,beead77994cf573341ec17b58bbf7eb34d2711c993c1d976b128b3188dc1829a,1,1,,
"포켓몬스터 하트골드 (Korea, IPKK, header ROM version 0)","포켓몬스터 소울실버 (Korea, IPGK, header ROM version 0)",/a/0/0/5,equal,1798,1798,,,f299791cddd3d6664f6670842812ef6053eb6501bd6282a476bbbf3ee91e750c,f299791cddd3d6664f6670842812ef6053eb6501bd6282a476bbbf3ee91e750c,1,1,,
"포켓몬스터 하트골드 (Korea, IPKK, header ROM version 0)","포켓몬스터 소울실버 (Korea, IPGK, header ROM version 0)",/a/0/0/5,equal,1799,1799,,,f299791cddd3d6664f6670842812ef6053eb6501bd6282a476bbbf3ee91e750c,f299791cddd3d6664f6670842812ef6053eb6501bd6282a476bbbf3ee91e750c,1,1,,
"포켓몬스터 하트골드 (Korea, IPKK, header ROM version 0)","포켓몬스터 소울실버 (Korea, IPGK, header ROM version 0)",/a/0/0/5,equal,1800,1800,,,beead77994cf573341ec17b58bbf7eb34d2711c993c1d976b128b3188dc1829a,beead77994cf573341ec17b58bbf7eb34d2711c993c1d976b128b3188dc1829a,1,1,,
"포켓몬스터 하트골드 (Korea, IPKK, header ROM version 0)","포켓몬스터 소울실버 (Korea, IPGK, header ROM version 0)",/a/0/0/5,equal,1801,1801,,,beead77994cf573341ec17b58bbf7eb34d2711c993c1d976b128b3188dc1829a,beead77994cf573341ec17b58bbf7eb34d2711c993c1d976b128b3188dc1829a,1,1,,
"포켓몬스터 하트골드 (Korea, IPKK, header ROM version 0)","포켓몬스터 소울실버 (Korea, IPGK, header ROM version 0)",/a/0/0/5,equal,1802,1802,,,ca358758f6d27e6cf45272937977a748fd88391db679ceda7dc7bf1f005ee879,ca358758f6d27e6cf45272937977a748fd88391db679ceda7dc7bf1f005ee879,1,1,,
"포켓몬스터 하트골드 (Korea, IPKK, header ROM version 0)","포켓몬스터 소울실버 (Korea, IPGK, header ROM version 0)",/a/0/0/5,equal,1803,1803,,,ca358758f6d27e6cf45272937977a748fd88391db679ceda7dc7bf1f005ee879,ca358758f6d27e6cf45272937977a748fd88391db679ceda7dc7bf1f005ee879,1,1,,
"포켓몬스터 하트골드 (Korea, IPKK, header ROM version 0)","포켓몬스터 소울실버 (Korea, IPGK, header ROM version 0)",/a/0/0/5,equal,1804,1804,,,beead77994cf573341ec17b58bbf7eb34d2711c993c1d976b128b3188dc1829a,beead77994cf573341ec17b58bbf7eb34d2711c993c1d976b128b3188dc1829a,1,1,,
"포켓몬스터 하트골드 (Korea, IPKK, header ROM version 0)","포켓몬스터 소울실버 (Korea, IPGK, header ROM version 0)",/a/0/0/5,equal,1805,1805,,,beead77994cf573341ec17b58bbf7eb34d2711c993c1d976b128b3188dc1829a,beead77994cf573341ec17b58bbf7eb34d2711c993c1d976b128b3188dc1829a,1,1,,
"포켓몬스터 하트골드 (Korea, IPKK, header ROM version 0)","포켓몬스터 소울실버 (Korea, IPGK, header ROM version 0)",/a/0/0/5,equal,1806,1806,,,dc0e9c3658a1a3ed1ec94274d8b19925c93e1abb7ddba294923ad9bde30f8cb8,dc0e9c3658a1a3ed1ec94274d8b19925c93e1abb7ddba294923ad9bde30f8cb8,1,1,,
"포켓몬스터 하트골드 (Korea, IPKK, header ROM version 0)","포켓몬스터 소울실버 (Korea, IPGK, header ROM version 0)",/a/0/0/5,equal,1807,1807,,,dc0e9c3658a1a3ed1ec94274d8b19925c93e1abb7ddba294923ad9bde30f8cb8,dc0e9c3658a1a3ed1ec94274d8b19925c93e1abb7ddba294923ad9bde30f8cb8,1,1,,
"포켓몬스터 하트골드 (Korea, IPKK, header ROM version 0)","포켓몬스터 소울실버 (Korea, IPGK, header ROM version 0)",/a/0/0/5,equal,1808,1808,,,beead77994cf573341ec17b58bbf7eb34d2711c993c1d976b128b3188dc1829a,beead77994cf573341ec17b58bbf7eb34d2711c993c1d976b128b3188dc1829a,1,1,,
"포켓몬스터 하트골드 (Korea, IPKK, header ROM version 0)","포켓몬스터 소울실버 (Korea, IPGK, header ROM version 0)",/a/0/0/5,equal,1809,1809,,,beead77994cf573341ec17b58bbf7eb34d2711c993c1d976b128b3188dc1829a,beead77994cf573341ec17b58bbf7eb34d2711c993c1d976b128b3188dc1829a,1,1,,
"포켓몬스터 하트골드 (Korea, IPKK, header ROM version 0)","포켓몬스터 소울실버 (Korea, IPGK, header ROM version 0)",/a/0/0/5,equal,1810,1810,,,e7cf46a078fed4fafd0b5e3aff144802b853f8ae459a4f0c14add3314b7cc3a6,e7cf46a078fed4fafd0b5e3aff144802b853f8ae459a4f0c14add3314b7cc3a6,1,1,,
"포켓몬스터 하트골드 (Korea, IPKK, header ROM version 0)","포켓몬스터 소울실버 (Korea, IPGK, header ROM version 0)",/a/0/0/5,equal,1811,1811,,,e7cf46a078fed4fafd0b5e3aff144802b853f8ae459a4f0c14add3314b7cc3a6,e7cf46a078fed4fafd0b5e3aff144802b853f8ae459a4f0c14add3314b7cc3a6,1,1,,
"포켓몬스터 하트골드 (Korea, IPKK, header ROM version 0)","포켓몬스터 소울실버 (Korea, IPGK, header ROM version 0)",/a/0/0/5,equal,1812,1812,,,beead77994cf573341ec17b58bbf7eb34d2711c993c1d976b128b3188dc1829a,beead77994cf573341ec17b58bbf7eb34d2711c993c1d976b128b3188dc1829a,1,1,,
"포켓몬스터 하트골드 (Korea, IPKK, header ROM version 0)","포켓몬스터 소울실버 (Korea, IPGK, header ROM version 0)",/a/0/0/5,equal,1813,1813,,,beead77994cf573341ec17b58bbf7eb34d2711c993c1d976b128b3188dc1829a,beead77994cf573341ec17b58bbf7eb34d2711c993c1d976b128b3188dc1829a,1,1,,
"포켓몬스터 하트골드 (Korea, IPKK, header ROM version 0)","포켓몬스터 소울실버 (Korea, IPGK, header ROM version 0)",/a/0/0/5,equal,1814,1814,,,ab897fbdedfa502b2d839b6a56100887dccdc507555c282e59589e06300a62e2,ab897fbdedfa502b2d839b6a56100887dccdc507555c282e59589e06300a62e2,1,1,,
"포켓몬스터 하트골드 (Korea, IPKK, header ROM version 0)","포켓몬스터 소울실버 (Korea, IPGK, header ROM version 0)",/a/0/0/5,equal,1815,1815,,,ab897fbdedfa502b2d839b6a56100887dccdc507555c282e59589e06300a62e2,ab897fbdedfa502b2d839b6a56100887dccdc507555c282e59589e06300a62e2,1,1,,
"포켓몬스터 하트골드 (Korea, IPKK, header ROM version 0)","포켓몬스터 소울실버 (Korea, IPGK, header ROM version 0)",/a/0/0/5,equal,1816,1816,,,beead77994cf573341ec17b58bbf7eb34d2711c993c1d976b128b3188dc1829a,beead77994cf573341ec17b58bbf7eb34d2711c993c1d976b128b3188dc1829a,1,1,,
"포켓몬스터 하트골드 (Korea, IPKK, header ROM version 0)","포켓몬스터 소울실버 (Korea, IPGK, header ROM version 0)",/a/0/0/5,equal,1817,1817,,,beead77994cf573341ec17b58bbf7eb34d2711c993c1d976b128b3188dc1829a,beead77994cf573341ec17b58bbf7eb34d2711c993c1d976b128b3188dc1829a,1,1,,
"포켓몬스터 하트골드 (Korea, IPKK, header ROM version 0)","포켓몬스터 소울실버 (Korea, IPGK, header ROM version 0)",/a/0/0/5,equal,1818,1818,,,e7cf46a078fed4fafd0b5e3aff144802b853f8ae459a4f0c14add3314b7cc3a6,e7cf46a078fed4fafd0b5e3aff144802b853f8ae459a4f0c14add3314b7cc3a6,1,1,,
"포켓몬스터 하트골드 (Korea, IPKK, header ROM version 0)","포켓몬스터 소울실버 (Korea, IPGK, header ROM version 0)",/a/0/0/5,equal,1819,1819,,,e7cf46a078fed4fafd0b5e3aff144802b853f8ae459a4f0c14add3314b7cc3a6,e7cf46a078fed4fafd0b5e3aff144802b853f8ae459a4f0c14add3314b7cc3a6,1,1,,
"포켓몬스터 하트골드 (Korea, IPKK, header ROM version 0)","포켓몬스터 소울실버 (Korea, IPGK, header ROM version 0)",/a/0/0/5,equal,1820,1820,,,beead77994cf573341ec17b58bbf7eb34d2711c993c1d976b128b3188dc1829a,beead77994cf573341ec17b58bbf7eb34d2711c993c1d976b128b3188dc1829a,1,1,,
"포켓몬스터 하트골드 (Korea, IPKK, header ROM version 0)","포켓몬스터 소울실버 (Korea, IPGK, header ROM version 0)",/a/0/0/5,equal,1821,1821,,,beead77994cf573341ec17b58bbf7eb34d2711c993c1d976b128b3188dc1829a,beead77994cf573341ec17b58bbf7eb34d2711c993c1d976b128b3188dc1829a,1,1,,
"포켓몬스터 하트골드 (Korea, IPKK, header ROM version 0)","포켓몬스터 소울실버 (Korea, IPGK, header ROM version 0)",/a/0/0/5,equal,1822,1822,,,ef6cbd2161eaea7943ce8693b9824d23d1793ffb1c0fca05b600d3899b44c977,ef6cbd2161eaea7943ce8693b9824d23d1793ffb1c0fca05b600d3899b44c977,1,1,,
"포켓몬스터 하트골드 (Korea, IPKK, header ROM version 0)","포켓몬스터 소울실버 (Korea, IPGK, header ROM version 0)",/a/0/0/5,equal,1823,1823,,,ef6cbd2161eaea7943ce8693b9824d23d1793ffb1c0fca05b600d3899b44c977,ef6cbd2161eaea7943ce8693b9824d23d1793ffb1c0fca05b600d3899b44c977,1,1,,
"포켓몬스터 하트골드 (Korea, IPKK, header ROM version 0)","포켓몬스터 소울실버 (Korea, IPGK, header ROM version 0)",/a/0/0/5,equal,1824,1824,,,c555eab45d08845ae9f10d452a99bfcb06f74a50b988fe7e48dd323789b88ee3,c555eab45d08845ae9f10d452a99bfcb06f74a50b988fe7e48dd323789b88ee3,1,1,Nintendo LZ10,Nintendo LZ10
"포켓몬스터 하트골드 (Korea, IPKK, header ROM version 0)","포켓몬스터 소울실버 (Korea, IPGK, header ROM version 0)",/a/0/0/5,equal,1825,1825,,,c555eab45d08845ae9f10d452a99bfcb06f74a50b988fe7e48dd323789b88ee3,c555eab45d08845ae9f10d452a99bfcb06f74a50b988fe7e48dd323789b88ee3,1,1,Nintendo LZ10,Nintendo LZ10
"포켓몬스터 하트골드 (Korea, IPKK, header ROM version 0)","포켓몬스터 소울실버 (Korea, IPGK, header ROM version 0)",/a/0/0/5,equal,1826,1826,,,2f0fd1e89b8de1d57292742ec380ea47066e307ad645f5bc3adad8a06ff58608,2f0fd1e89b8de1d57292742ec380ea47066e307ad645f5bc3adad8a06ff58608,1,1,,
"포켓몬스터 하트골드 (Korea, IPKK, header ROM version 0)","포켓몬스터 소울실버 (Korea, IPGK, header ROM version 0)",/a/0/0/5,equal,1827,1827,,,2f0fd1e89b8de1d57292742ec380ea47066e307ad645f5bc3adad8a06ff58608,2f0fd1e89b8de1d57292742ec380ea47066e307ad645f5bc3adad8a06ff58608,1,1,,
"포켓몬스터 하트골드 (Korea, IPKK, header ROM version 0)","포켓몬스터 소울실버 (Korea, IPGK, header ROM version 0)",/a/0/0/5,equal,1828,1828,,,6e340b9cffb37a989ca544e6bb780a2c78901d3fb33738768511a30617afa01d,6e340b9cffb37a989ca544e6bb780a2c78901d3fb33738768511a30617afa01d,1,1,,
"포켓몬스터 하트골드 (Korea, IPKK, header ROM version 0)","포켓몬스터 소울실버 (Korea, IPGK, header ROM version 0)",/a/0/0/5,equal,1829,1829,,,6e340b9cffb37a989ca544e6bb780a2c78901d3fb33738768511a30617afa01d,6e340b9cffb37a989ca544e6bb780a2c78901d3fb33738768511a30617afa01d,1,1,,
"포켓몬스터 하트골드 (Korea, IPKK, header ROM version 0)","포켓몬스터 소울실버 (Korea, IPGK, header ROM version 0)",/a/0/0/5,equal,1830,1830,,,e7cf46a078fed4fafd0b5e3aff144802b853f8ae459a4f0c14add3314b7cc3a6,e7cf46a078fed4fafd0b5e3aff144802b853f8ae459a4f0c14add3314b7cc3a6,1,1,,
"포켓몬스터 하트골드 (Korea, IPKK, header ROM version 0)","포켓몬스터 소울실버 (Korea, IPGK, header ROM version 0)",/a/0/0/5,equal,1831,1831,,,e7cf46a078fed4fafd0b5e3aff144802b853f8ae459a4f0c14add3314b7cc3a6,e7cf46a078fed4fafd0b5e3aff144802b853f8ae459a4f0c14add3314b7cc3a6,1,1,,
"포켓몬스터 하트골드 (Korea, IPKK, header ROM version 0)","포켓몬스터 소울실버 (Korea, IPGK, header ROM version 0)",/a/0/0/5,equal,1832,1832,,,beead77994cf573341ec17b58bbf7eb34d2711c993c1d976b128b3188dc1829a,beead77994cf573341ec17b58bbf7eb34d2711c993c1d976b128b3188dc1829a,1,1,,
"포켓몬스터 하트골드 (Korea, IPKK, header ROM version 0)","포켓몬스터 소울실버 (Korea, IPGK, header ROM version 0)",/a/0/0/5,equal,1833,1833,,,beead77994cf573341ec17b58bbf7eb34d2711c993c1d976b128b3188dc1829a,beead77994cf573341ec17b58bbf7eb34d2711c993c1d976b128b3188dc1829a,1,1,,
"포켓몬스터 하트골드 (Korea, IPKK, header ROM version 0)","포켓몬스터 소울실버 (Korea, IPGK, header ROM version 0)",/a/0/0/5,equal,1834,1834,,,ab897fbdedfa502b2d839b6a56100887dccdc507555c282e59589e06300a62e2,ab897fbdedfa502b2d839b6a56100887dccdc507555c282e59589e06300a62e2,1,1,,
"포켓몬스터 하트골드 (Korea, IPKK, header ROM version 0)","포켓몬스터 소울실버 (Korea, IPGK, header ROM version 0)",/a/0/0/5,equal,1835,1835,,,ab897fbdedfa502b2d839b6a56100887dccdc507555c282e59589e06300a62e2,ab897fbdedfa502b2d839b6a56100887dccdc507555c282e59589e06300a62e2,1,1,,
"포켓몬스터 하트골드 (Korea, IPKK, header ROM version 0)","포켓몬스터 소울실버 (Korea, IPGK, header ROM version 0)",/a/0/0/5,equal,1836,1836,,,beead77994cf573341ec17b58bbf7eb34d2711c993c1d976b128b3188dc1829a,beead77994cf573341ec17b58bbf7eb34d2711c993c1d976b128b3188dc1829a,1,1,,
"포켓몬스터 하트골드 (Korea, IPKK, header ROM version 0)","포켓몬스터 소울실버 (Korea, IPGK, header ROM version 0)",/a/0/0/5,equal,1837,1837,,,beead77994cf573341ec17b58bbf7eb34d2711c993c1d976b128b3188dc1829a,beead77994cf573341ec17b58bbf7eb34d2711c993c1d976b128b3188dc1829a,1,1,,
"포켓몬스터 하트골드 (Korea, IPKK, header ROM version 0)","포켓몬스터 소울실버 (Korea, IPGK, header ROM version 0)",/a/0/0/5,equal,1838,1838,,,c555eab45d08845ae9f10d452a99bfcb06f74a50b988fe7e48dd323789b88ee3,c555eab45d08845ae9f10d452a99bfcb06f74a50b988fe7e48dd323789b88ee3,1,1,Nintendo LZ10,Nintendo LZ10
"포켓몬스터 하트골드 (Korea, IPKK, header ROM version 0)","포켓몬스터 소울실버 (Korea, IPGK, header ROM version 0)",/a/0/0/5,equal,1839,1839,,,c555eab45d08845ae9f10d452a99bfcb06f74a50b988fe7e48dd323789b88ee3,c555eab45d08845ae9f10d452a99bfcb06f74a50b988fe7e48dd323789b88ee3,1,1,Nintendo LZ10,Nintendo LZ10
"포켓몬스터 하트골드 (Korea, IPKK, header ROM version 0)","포켓몬스터 소울실버 (Korea, IPGK, header ROM version 0)",/a/0/0/5,equal,1840,1840,,,6e340b9cffb37a989ca544e6bb780a2c78901d3fb33738768511a30617afa01d,6e340b9cffb37a989ca544e6bb780a2c78901d3fb33738768511a30617afa01d,1,1,,
"포켓몬스터 하트골드 (Korea, IPKK, header ROM version 0)","포켓몬스터 소울실버 (Korea, IPGK, header ROM version 0)",/a/0/0/5,equal,1841,1841,,,6e340b9cffb37a989ca544e6bb780a2c78901d3fb33738768511a30617afa01d,6e340b9cffb37a989ca544e6bb780a2c78901d3fb33738768511a30617afa01d,1,1,,
"포켓몬스터 하트골드 (Korea, IPKK, header ROM version 0)","포켓몬스터 소울실버 (Korea, IPGK, header ROM version 0)",/a/0/0/5,equal,1842,1842,,,e77b9a9ae9e30b0dbdb6f510a264ef9de781501d7b6b92ae89eb059c5ab743db,e77b9a9ae9e30b0dbdb6f510a264ef9de781501d7b6b92ae89eb059c5ab743db,1,1,,
"포켓몬스터 하트골드 (Korea, IPKK, header ROM version 0)","포켓몬스터 소울실버 (Korea, IPGK, header ROM version 0)",/a/0/0/5,equal,1843,1843,,,e77b9a9ae9e30b0dbdb6f510a264ef9de781501d7b6b92ae89eb059c5ab743db,e77b9a9ae9e30b0dbdb6f510a264ef9de781501d7b6b92ae89eb059c5ab743db,1,1,,
"포켓몬스터 하트골드 (Korea, IPKK, header ROM version 0)","포켓몬스터 소울실버 (Korea, IPGK, header ROM version 0)",/a/0/0/5,equal,1844,1844,,,beead77994cf573341ec17b58bbf7eb34d2711c993c1d976b128b3188dc1829a,beead77994cf573341ec17b58bbf7eb34d2711c993c1d976b128b3188dc1829a,1,1,,
"포켓몬스터 하트골드 (Korea, IPKK, header ROM version 0)","포켓몬스터 소울실버 (Korea, IPGK, header ROM version 0)",/a/0/0/5,equal,1845,1845,,,beead77994cf573341ec17b58bbf7eb34d2711c993c1d976b128b3188dc1829a,beead77994cf573341ec17b58bbf7eb34d2711c993c1d976b128b3188dc1829a,1,1,,
"포켓몬스터 하트골드 (Korea, IPKK, header ROM version 0)","포켓몬스터 소울실버 (Korea, IPGK, header ROM version 0)",/a/0/0/5,equal,1846,1846,,,2b4c342f5433ebe591a1da77e013d1b72475562d48578dca8b84bac6651c3cb9,2b4c342f5433ebe591a1da77e013d1b72475562d48578dca8b84bac6651c3cb9,1,1,,
"포켓몬스터 하트골드 (Korea, IPKK, header ROM version 0)","포켓몬스터 소울실버 (Korea, IPGK, header ROM version 0)",/a/0/0/5,equal,1847,1847,,,2b4c342f5433ebe591a1da77e013d1b72475562d48578dca8b84bac6651c3cb9,2b4c342f5433ebe591a1da77e013d1b72475562d48578dca8b84bac6651c3cb9,1,1,,
"포켓몬스터 하트골드 (Korea, IPKK, header ROM version 0)","포켓몬스터 소울실버 (Korea, IPGK, header ROM version 0)",/a/0/0/5,equal,1848,1848,,,e3b0c44298fc1c149afbf4c8996fb92427ae41e4649b934ca495991b7852b855,e3b0c44298fc1c149afbf4c8996fb92427ae41e4649b934ca495991b7852b855,0,0,,
"포켓몬스터 하트골드 (Korea, IPKK, header ROM version 0)","포켓몬스터 소울실버 (Korea, IPGK, header ROM version 0)",/a/0/0/5,equal,1849,1849,,,c555eab45d08845ae9f10d452a99bfcb06f74a50b988fe7e48dd323789b88ee3,c555eab45d08845ae9f10d452a99bfcb06f74a50b988fe7e48dd323789b88ee3,1,1,Nintendo LZ10,Nintendo LZ10
"포켓몬스터 하트골드 (Korea, IPKK, header ROM version 0)","포켓몬스터 소울실버 (Korea, IPGK, header ROM version 0)",/a/0/0/5,equal,1850,1850,,,e3b0c44298fc1c149afbf4c8996fb92427ae41e4649b934ca495991b7852b855,e3b0c44298fc1c149afbf4c8996fb92427ae41e4649b934ca495991b7852b855,0,0,,
"포켓몬스터 하트골드 (Korea, IPKK, header ROM version 0)","포켓몬스터 소울실버 (Korea, IPGK, header ROM version 0)",/a/0/0/5,equal,1851,1851,,,2b4c342f5433ebe591a1da77e013d1b72475562d48578dca8b84bac6651c3cb9,2b4c342f5433ebe591a1da77e013d1b72475562d48578dca8b84bac6651c3cb9,1,1,,
"포켓몬스터 하트골드 (Korea, IPKK, header ROM version 0)","포켓몬스터 소울실버 (Korea, IPGK, header ROM version 0)",/a/0/0/5,equal,1852,1852,,,6e340b9cffb37a989ca544e6bb780a2c78901d3fb33738768511a30617afa01d,6e340b9cffb37a989ca544e6bb780a2c78901d3fb33738768511a30617afa01d,1,1,,
"포켓몬스터 하트골드 (Korea, IPKK, header ROM version 0)","포켓몬스터 소울실버 (Korea, IPGK, header ROM version 0)",/a/0/0/5,equal,1853,1853,,,6e340b9cffb37a989ca544e6bb780a2c78901d3fb33738768511a30617afa01d,6e340b9cffb37a989ca544e6bb780a2c78901d3fb33738768511a30617afa01d,1,1,,
"포켓몬스터 하트골드 (Korea, IPKK, header ROM version 0)","포켓몬스터 소울실버 (Korea, IPGK, header ROM version 0)",/a/0/0/5,equal,1854,1854,,,e77b9a9ae9e30b0dbdb6f510a264ef9de781501d7b6b92ae89eb059c5ab743db,e77b9a9ae9e30b0dbdb6f510a264ef9de781501d7b6b92ae89eb059c5ab743db,1,1,,
"포켓몬스터 하트골드 (Korea, IPKK, header ROM version 0)","포켓몬스터 소울실버 (Korea, IPGK, header ROM version 0)",/a/0/0/5,equal,1855,1855,,,e77b9a9ae9e30b0dbdb6f510a264ef9de781501d7b6b92ae89eb059c5ab743db,e77b9a9ae9e30b0dbdb6f510a264ef9de781501d7b6b92ae89eb059c5ab743db,1,1,,
"포켓몬스터 하트골드 (Korea, IPKK, header ROM version 0)","포켓몬스터 소울실버 (Korea, IPGK, header ROM version 0)",/a/0/0/5,equal,1856,1856,,,6e340b9cffb37a989ca544e6bb780a2c78901d3fb33738768511a30617afa01d,6e340b9cffb37a989ca544e6bb780a2c78901d3fb33738768511a30617afa01d,1,1,,
"포켓몬스터 하트골드 (Korea, IPKK, header ROM version 0)","포켓몬스터 소울실버 (Korea, IPGK, header ROM version 0)",/a/0/0/5,equal,1857,1857,,,6e340b9cffb37a989ca544e6bb780a2c78901d3fb33738768511a30617afa01d,6e340b9cffb37a989ca544e6bb780a2c78901d3fb33738768511a30617afa01d,1,1,,
"포켓몬스터 하트골드 (Korea, IPKK, header ROM version 0)","포켓몬스터 소울실버 (Korea, IPGK, header ROM version 0)",/a/0/0/5,equal,1858,1858,,,e52d9c508c502347344d8c07ad91cbd6068afc75ff6292f062a09ca381c89e71,e52d9c508c502347344d8c07ad91cbd6068afc75ff6292f062a09ca381c89e71,1,1,,
"포켓몬스터 하트골드 (Korea, IPKK, header ROM version 0)","포켓몬스터 소울실버 (Korea, IPGK, header ROM version 0)",/a/0/0/5,equal,1859,1859,,,e52d9c508c502347344d8c07ad91cbd6068afc75ff6292f062a09ca381c89e71,e52d9c508c502347344d8c07ad91cbd6068afc75ff6292f062a09ca381c89e71,1,1,,
"포켓몬스터 하트골드 (Korea, IPKK, header ROM version 0)","포켓몬스터 소울실버 (Korea, IPGK, header ROM version 0)",/a/0/0/5,equal,1860,1860,,,beead77994cf573341ec17b58bbf7eb34d2711c993c1d976b128b3188dc1829a,beead77994cf573341ec17b58bbf7eb34d2711c993c1d976b128b3188dc1829a,1,1,,
"포켓몬스터 하트골드 (Korea, IPKK, header ROM version 0)","포켓몬스터 소울실버 (Korea, IPGK, header ROM version 0)",/a/0/0/5,equal,1861,1861,,,beead77994cf573341ec17b58bbf7eb34d2711c993c1d976b128b3188dc1829a,beead77994cf573341ec17b58bbf7eb34d2711c993c1d976b128b3188dc1829a,1,1,,
"포켓몬스터 하트골드 (Korea, IPKK, header ROM version 0)","포켓몬스터 소울실버 (Korea, IPGK, header ROM version 0)",/a/0/0/5,equal,1862,1862,,,e52d9c508c502347344d8c07ad91cbd6068afc75ff6292f062a09ca381c89e71,e52d9c508c502347344d8c07ad91cbd6068afc75ff6292f062a09ca381c89e71,1,1,,
"포켓몬스터 하트골드 (Korea, IPKK, header ROM version 0)","포켓몬스터 소울실버 (Korea, IPGK, header ROM version 0)",/a/0/0/5,equal,1863,1863,,,e52d9c508c502347344d8c07ad91cbd6068afc75ff6292f062a09ca381c89e71,e52d9c508c502347344d8c07ad91cbd6068afc75ff6292f062a09ca381c89e71,1,1,,
"포켓몬스터 하트골드 (Korea, IPKK, header ROM version 0)","포켓몬스터 소울실버 (Korea, IPGK, header ROM version 0)",/a/0/0/5,equal,1864,1864,,,beead77994cf573341ec17b58bbf7eb34d2711c993c1d976b128b3188dc1829a,beead77994cf573341ec17b58bbf7eb34d2711c993c1d976b128b3188dc1829a,1,1,,
"포켓몬스터 하트골드 (Korea, IPKK, header ROM version 0)","포켓몬스터 소울실버 (Korea, IPGK, header ROM version 0)",/a/0/0/5,equal,1865,1865,,,beead77994cf573341ec17b58bbf7eb34d2711c993c1d976b128b3188dc1829a,beead77994cf573341ec17b58bbf7eb34d2711c993c1d976b128b3188dc1829a,1,1,,
"포켓몬스터 하트골드 (Korea, IPKK, header ROM version 0)","포켓몬스터 소울실버 (Korea, IPGK, header ROM version 0)",/a/0/0/5,equal,1866,1866,,,ca358758f6d27e6cf45272937977a748fd88391db679ceda7dc7bf1f005ee879,ca358758f6d27e6cf45272937977a748fd88391db679ceda7dc7bf1f005ee879,1,1,,
"포켓몬스터 하트골드 (Korea, IPKK, header ROM version 0)","포켓몬스터 소울실버 (Korea, IPGK, header ROM version 0)",/a/0/0/5,equal,1867,1867,,,ca358758f6d27e6cf45272937977a748fd88391db679ceda7dc7bf1f005ee879,ca358758f6d27e6cf45272937977a748fd88391db679ceda7dc7bf1f005ee879,1,1,,
"포켓몬스터 하트골드 (Korea, IPKK, header ROM version 0)","포켓몬스터 소울실버 (Korea, IPGK, header ROM version 0)",/a/0/0/5,equal,1868,1868,,,beead77994cf573341ec17b58bbf7eb34d2711c993c1d976b128b3188dc1829a,beead77994cf573341ec17b58bbf7eb34d2711c993c1d976b128b3188dc1829a,1,1,,
"포켓몬스터 하트골드 (Korea, IPKK, header ROM version 0)","포켓몬스터 소울실버 (Korea, IPGK, header ROM version 0)",/a/0/0/5,equal,1869,1869,,,beead77994cf573341ec17b58bbf7eb34d2711c993c1d976b128b3188dc1829a,beead77994cf573341ec17b58bbf7eb34d2711c993c1d976b128b3188dc1829a,1,1,,
"포켓몬스터 하트골드 (Korea, IPKK, header ROM version 0)","포켓몬스터 소울실버 (Korea, IPGK, header ROM version 0)",/a/0/0/5,equal,1870,1870,,,4bf5122f344554c53bde2ebb8cd2b7e3d1600ad631c385a5d7cce23c7785459a,4bf5122f344554c53bde2ebb8cd2b7e3d1600ad631c385a5d7cce23c7785459a,1,1,,
"포켓몬스터 하트골드 (Korea, IPKK, header ROM version 0)","포켓몬스터 소울실버 (Korea, IPGK, header ROM version 0)",/a/0/0/5,equal,1871,1871,,,4bf5122f344554c53bde2ebb8cd2b7e3d1600ad631c385a5d7cce23c7785459a,4bf5122f344554c53bde2ebb8cd2b7e3d1600ad631c385a5d7cce23c7785459a,1,1,,
"포켓몬스터 하트골드 (Korea, IPKK, header ROM version 0)","포켓몬스터 소울실버 (Korea, IPGK, header ROM version 0)",/a/0/0/5,equal,1872,1872,,,ef6cbd2161eaea7943ce8693b9824d23d1793ffb1c0fca05b600d3899b44c977,ef6cbd2161eaea7943ce8693b9824d23d1793ffb1c0fca05b600d3899b44c977,1,1,,
"포켓몬스터 하트골드 (Korea, IPKK, header ROM version 0)","포켓몬스터 소울실버 (Korea, IPGK, header ROM version 0)",/a/0/0/5,equal,1873,1873,,,ef6cbd2161eaea7943ce8693b9824d23d1793ffb1c0fca05b600d3899b44c977,ef6cbd2161eaea7943ce8693b9824d23d1793ffb1c0fca05b600d3899b44c977,1,1,,
"포켓몬스터 하트골드 (Korea, IPKK, header ROM version 0)","포켓몬스터 소울실버 (Korea, IPGK, header ROM version 0)",/a/0/0/5,equal,1874,1874,,,ab897fbdedfa502b2d839b6a56100887dccdc507555c282e59589e06300a62e2,ab897fbdedfa502b2d839b6a56100887dccdc507555c282e59589e06300a62e2,1,1,,
"포켓몬스터 하트골드 (Korea, IPKK, header ROM version 0)","포켓몬스터 소울실버 (Korea, IPGK, header ROM version 0)",/a/0/0/5,equal,1875,1875,,,ab897fbdedfa502b2d839b6a56100887dccdc507555c282e59589e06300a62e2,ab897fbdedfa502b2d839b6a56100887dccdc507555c282e59589e06300a62e2,1,1,,
"포켓몬스터 하트골드 (Korea, IPKK, header ROM version 0)","포켓몬스터 소울실버 (Korea, IPGK, header ROM version 0)",/a/0/0/5,equal,1876,1876,,,beead77994cf573341ec17b58bbf7eb34d2711c993c1d976b128b3188dc1829a,beead77994cf573341ec17b58bbf7eb34d2711c993c1d976b128b3188dc1829a,1,1,,
"포켓몬스터 하트골드 (Korea, IPKK, header ROM version 0)","포켓몬스터 소울실버 (Korea, IPGK, header ROM version 0)",/a/0/0/5,equal,1877,1877,,,beead77994cf573341ec17b58bbf7eb34d2711c993c1d976b128b3188dc1829a,beead77994cf573341ec17b58bbf7eb34d2711c993c1d976b128b3188dc1829a,1,1,,
"포켓몬스터 하트골드 (Korea, IPKK, header ROM version 0)","포켓몬스터 소울실버 (Korea, IPGK, header ROM version 0)",/a/0/0/5,equal,1878,1878,,,e77b9a9ae9e30b0dbdb6f510a264ef9de781501d7b6b92ae89eb059c5ab743db,e77b9a9ae9e30b0dbdb6f510a264ef9de781501d7b6b92ae89eb059c5ab743db,1,1,,
"포켓몬스터 하트골드 (Korea, IPKK, header ROM version 0)","포켓몬스터 소울실버 (Korea, IPGK, header ROM version 0)",/a/0/0/5,equal,1879,1879,,,e77b9a9ae9e30b0dbdb6f510a264ef9de781501d7b6b92ae89eb059c5ab743db,e77b9a9ae9e30b0dbdb6f510a264ef9de781501d7b6b92ae89eb059c5ab743db,1,1,,
"포켓몬스터 하트골드 (Korea, IPKK, header ROM version 0)","포켓몬스터 소울실버 (Korea, IPGK, header ROM version 0)",/a/0/0/5,equal,1880,1880,,,6e340b9cffb37a989ca544e6bb780a2c78901d3fb33738768511a30617afa01d,6e340b9cffb37a989ca544e6bb780a2c78901d3fb33738768511a30617afa01d,1,1,,
"포켓몬스터 하트골드 (Korea, IPKK, header ROM version 0)","포켓몬스터 소울실버 (Korea, IPGK, header ROM version 0)",/a/0/0/5,equal,1881,1881,,,6e340b9cffb37a989ca544e6bb780a2c78901d3fb33738768511a30617afa01d,6e340b9cffb37a989ca544e6bb780a2c78901d3fb33738768511a30617afa01d,1,1,,
"포켓몬스터 하트골드 (Korea, IPKK, header ROM version 0)","포켓몬스터 소울실버 (Korea, IPGK, header ROM version 0)",/a/0/0/5,equal,1882,1882,,,dc0e9c3658a1a3ed1ec94274d8b19925c93e1abb7ddba294923ad9bde30f8cb8,dc0e9c3658a1a3ed1ec94274d8b19925c93e1abb7ddba294923ad9bde30f8cb8,1,1,,
"포켓몬스터 하트골드 (Korea, IPKK, header ROM version 0)","포켓몬스터 소울실버 (Korea, IPGK, header ROM version 0)",/a/0/0/5,equal,1883,1883,,,dc0e9c3658a1a3ed1ec94274d8b19925c93e1abb7ddba294923ad9bde30f8cb8,dc0e9c3658a1a3ed1ec94274d8b19925c93e1abb7ddba294923ad9bde30f8cb8,1,1,,
"포켓몬스터 하트골드 (Korea, IPKK, header ROM version 0)","포켓몬스터 소울실버 (Korea, IPGK, header ROM version 0)",/a/0/0/5,equal,1884,1884,,,beead77994cf573341ec17b58bbf7eb34d2711c993c1d976b128b3188dc1829a,beead77994cf573341ec17b58bbf7eb34d2711c993c1d976b128b3188dc1829a,1,1,,
"포켓몬스터 하트골드 (Korea, IPKK, header ROM version 0)","포켓몬스터 소울실버 (Korea, IPGK, header ROM version 0)",/a/0/0/5,equal,1885,1885,,,beead77994cf573341ec17b58bbf7eb34d2711c993c1d976b128b3188dc1829a,beead77994cf573341ec17b58bbf7eb34d2711c993c1d976b128b3188dc1829a,1,1,,
"포켓몬스터 하트골드 (Korea, IPKK, header ROM version 0)","포켓몬스터 소울실버 (Korea, IPGK, header ROM version 0)",/a/0/0/5,equal,1886,1886,,,4d7b3ef7300acf70c892d8327db8272f54434adbc61a4e130a563cb59a0d0f47,4d7b3ef7300acf70c892d8327db8272f54434adbc61a4e130a563cb59a0d0f47,1,1,,
"포켓몬스터 하트골드 (Korea, IPKK, header ROM version 0)","포켓몬스터 소울실버 (Korea, IPGK, header ROM version 0)",/a/0/0/5,equal,1887,1887,,,4d7b3ef7300acf70c892d8327db8272f54434adbc61a4e130a563cb59a0d0f47,4d7b3ef7300acf70c892d8327db8272f54434adbc61a4e130a563cb59a0d0f47,1,1,,
"포켓몬스터 하트골드 (Korea, IPKK, header ROM version 0)","포켓몬스터 소울실버 (Korea, IPGK, header ROM version 0)",/a/0/0/5,equal,1888,1888,,,9d1e0e2d9459d06523ad13e28a4093c2316baafe7aec5b25f30eba2e113599c4,9d1e0e2d9459d06523ad13e28a4093c2316baafe7aec5b25f30eba2e113599c4,1,1,,
"포켓몬스터 하트골드 (Korea, IPKK, header ROM version 0)","포켓몬스터 소울실버 (Korea, IPGK, header ROM version 0)",/a/0/0/5,equal,1889,1889,,,9d1e0e2d9459d06523ad13e28a4093c2316baafe7aec5b25f30eba2e113599c4,9d1e0e2d9459d06523ad13e28a4093c2316baafe7aec5b25f30eba2e113599c4,1,1,,
"포켓몬스터 하트골드 (Korea, IPKK, header ROM version 0)","포켓몬스터 소울실버 (Korea, IPGK, header ROM version 0)",/a/0/0/5,equal,1890,1890,,,f299791cddd3d6664f6670842812ef6053eb6501bd6282a476bbbf3ee91e750c,f299791cddd3d6664f6670842812ef6053eb6501bd6282a476bbbf3ee91e750c,1,1,,
"포켓몬스터 하트골드 (Korea, IPKK, header ROM version 0)","포켓몬스터 소울실버 (Korea, IPGK, header ROM version 0)",/a/0/0/5,equal,1891,1891,,,f299791cddd3d6664f6670842812ef6053eb6501bd6282a476bbbf3ee91e750c,f299791cddd3d6664f6670842812ef6053eb6501bd6282a476bbbf3ee91e750c,1,1,,
"포켓몬스터 하트골드 (Korea, IPKK, header ROM version 0)","포켓몬스터 소울실버 (Korea, IPGK, header ROM version 0)",/a/0/0/5,equal,1892,1892,,,beead77994cf573341ec17b58bbf7eb34d2711c993c1d976b128b3188dc1829a,beead77994cf573341ec17b58bbf7eb34d2711c993c1d976b128b3188dc1829a,1,1,,
"포켓몬스터 하트골드 (Korea, IPKK, header ROM version 0)","포켓몬스터 소울실버 (Korea, IPGK, header ROM version 0)",/a/0/0/5,equal,1893,1893,,,beead77994cf573341ec17b58bbf7eb34d2711c993c1d976b128b3188dc1829a,beead77994cf573341ec17b58bbf7eb34d2711c993c1d976b128b3188dc1829a,1,1,,
"포켓몬스터 하트골드 (Korea, IPKK, header ROM version 0)","포켓몬스터 소울실버 (Korea, IPGK, header ROM version 0)",/a/0/0/5,equal,1894,1894,,,beead77994cf573341ec17b58bbf7eb34d2711c993c1d976b128b3188dc1829a,beead77994cf573341ec17b58bbf7eb34d2711c993c1d976b128b3188dc1829a,1,1,,
"포켓몬스터 하트골드 (Korea, IPKK, header ROM version 0)","포켓몬스터 소울실버 (Korea, IPGK, header ROM version 0)",/a/0/0/5,equal,1895,1895,,,beead77994cf573341ec17b58bbf7eb34d2711c993c1d976b128b3188dc1829a,beead77994cf573341ec17b58bbf7eb34d2711c993c1d976b128b3188dc1829a,1,1,,
"포켓몬스터 하트골드 (Korea, IPKK, header ROM version 0)","포켓몬스터 소울실버 (Korea, IPGK, header ROM version 0)",/a/0/0/5,equal,1896,1896,,,e3b0c44298fc1c149afbf4c8996fb92427ae41e4649b934ca495991b7852b855,e3b0c44298fc1c149afbf4c8996fb92427ae41e4649b934ca495991b7852b855,0,0,,
"포켓몬스터 하트골드 (Korea, IPKK, header ROM version 0)","포켓몬스터 소울실버 (Korea, IPGK, header ROM version 0)",/a/0/0/5,equal,1897,1897,,,beead77994cf573341ec17b58bbf7eb34d2711c993c1d976b128b3188dc1829a,beead77994cf573341ec17b58bbf7eb34d2711c993c1d976b128b3188dc1829a,1,1,,
"포켓몬스터 하트골드 (Korea, IPKK, header ROM version 0)","포켓몬스터 소울실버 (Korea, IPGK, header ROM version 0)",/a/0/0/5,equal,1898,1898,,,e3b0c44298fc1c149afbf4c8996fb92427ae41e4649b934ca495991b7852b855,e3b0c44298fc1c149afbf4c8996fb92427ae41e4649b934ca495991b7852b855,0,0,,
"포켓몬스터 하트골드 (Korea, IPKK, header ROM version 0)","포켓몬스터 소울실버 (Korea, IPGK, header ROM version 0)",/a/0/0/5,equal,1899,1899,,,4d7b3ef7300acf70c892d8327db8272f54434adbc61a4e130a563cb59a0d0f47,4d7b3ef7300acf70c892d8327db8272f54434adbc61a4e130a563cb59a0d0f47,1,1,,
"포켓몬스터 하트골드 (Korea, IPKK, header ROM version 0)","포켓몬스터 소울실버 (Korea, IPGK, header ROM version 0)",/a/0/0/5,equal,1900,1900,,,e3b0c44298fc1c149afbf4c8996fb92427ae41e4649b934ca495991b7852b855,e3b0c44298fc1c149afbf4c8996fb92427ae41e4649b934ca495991b7852b855,0,0,,
"포켓몬스터 하트골드 (Korea, IPKK, header ROM version 0)","포켓몬스터 소울실버 (Korea, IPGK, header ROM version 0)",/a/0/0/5,equal,1901,1901,,,e52d9c508c502347344d8c07ad91cbd6068afc75ff6292f062a09ca381c89e71,e52d9c508c502347344d8c07ad91cbd6068afc75ff6292f062a09ca381c89e71,1,1,,
"포켓몬스터 하트골드 (Korea, IPKK, header ROM version 0)","포켓몬스터 소울실버 (Korea, IPGK, header ROM version 0)",/a/0/0/5,equal,1902,1902,,,e3b0c44298fc1c149afbf4c8996fb92427ae41e4649b934ca495991b7852b855,e3b0c44298fc1c149afbf4c8996fb92427ae41e4649b934ca495991b7852b855,0,0,,
"포켓몬스터 하트골드 (Korea, IPKK, header ROM version 0)","포켓몬스터 소울실버 (Korea, IPGK, header ROM version 0)",/a/0/0/5,equal,1903,1903,,,e77b9a9ae9e30b0dbdb6f510a264ef9de781501d7b6b92ae89eb059c5ab743db,e77b9a9ae9e30b0dbdb6f510a264ef9de781501d7b6b92ae89eb059c5ab743db,1,1,,
"포켓몬스터 하트골드 (Korea, IPKK, header ROM version 0)","포켓몬스터 소울실버 (Korea, IPGK, header ROM version 0)",/a/0/0/5,equal,1904,1904,,,67586e98fad27da0b9968bc039a1ef34c939b9b8e523a8bef89d478608c5ecf6,67586e98fad27da0b9968bc039a1ef34c939b9b8e523a8bef89d478608c5ecf6,1,1,,
"포켓몬스터 하트골드 (Korea, IPKK, header ROM version 0)","포켓몬스터 소울실버 (Korea, IPGK, header ROM version 0)",/a/0/0/5,equal,1905,1905,,,67586e98fad27da0b9968bc039a1ef34c939b9b8e523a8bef89d478608c5ecf6,67586e98fad27da0b9968bc039a1ef34c939b9b8e523a8bef89d478608c5ecf6,1,1,,
"포켓몬스터 하트골드 (Korea, IPKK, header ROM version 0)","포켓몬스터 소울실버 (Korea, IPGK, header ROM version 0)",/a/0/0/5,equal,1906,1906,,,67586e98fad27da0b9968bc039a1ef34c939b9b8e523a8bef89d478608c5ecf6,67586e98fad27da0b9968bc039a1ef34c939b9b8e523a8bef89d478608c5ecf6,1,1,,
"포켓몬스터 하트골드 (Korea, IPKK, header ROM version 0)","포켓몬스터 소울실버 (Korea, IPGK, header ROM version 0)",/a/0/0/5,equal,1907,1907,,,67586e98fad27da0b9968bc039a1ef34c939b9b8e523a8bef89d478608c5ecf6,67586e98fad27da0b9968bc039a1ef34c939b9b8e523a8bef89d478608c5ecf6,1,1,,
"포켓몬스터 하트골드 (Korea, IPKK, header ROM version 0)","포켓몬스터 소울실버 (Korea, IPGK, header ROM version 0)",/a/0/0/5,equal,1908,1908,,,beead77994cf573341ec17b58bbf7eb34d2711c993c1d976b128b3188dc1829a,beead77994cf573341ec17b58bbf7eb34d2711c993c1d976b128b3188dc1829a,1,1,,
"포켓몬스터 하트골드 (Korea, IPKK, header ROM version 0)","포켓몬스터 소울실버 (Korea, IPGK, header ROM version 0)",/a/0/0/5,equal,1909,1909,,,beead77994cf573341ec17b58bbf7eb34d2711c993c1d976b128b3188dc1829a,beead77994cf573341ec17b58bbf7eb34d2711c993c1d976b128b3188dc1829a,1,1,,
"포켓몬스터 하트골드 (Korea, IPKK, header ROM version 0)","포켓몬스터 소울실버 (Korea, IPGK, header ROM version 0)",/a/0/0/5,equal,1910,1910,,,e7cf46a078fed4fafd0b5e3aff144802b853f8ae459a4f0c14add3314b7cc3a6,e7cf46a078fed4fafd0b5e3aff144802b853f8ae459a4f0c14add3314b7cc3a6,1,1,,
"포켓몬스터 하트골드 (Korea, IPKK, header ROM version 0)","포켓몬스터 소울실버 (Korea, IPGK, header ROM version 0)",/a/0/0/5,equal,1911,1911,,,e7cf46a078fed4fafd0b5e3aff144802b853f8ae459a4f0c14add3314b7cc3a6,e7cf46a078fed4fafd0b5e3aff144802b853f8ae459a4f0c14add3314b7cc3a6,1,1,,
"포켓몬스터 하트골드 (Korea, IPKK, header ROM version 0)","포켓몬스터 소울실버 (Korea, IPGK, header ROM version 0)",/a/0/0/5,equal,1912,1912,,,6e340b9cffb37a989ca544e6bb780a2c78901d3fb33738768511a30617afa01d,6e340b9cffb37a989ca544e6bb780a2c78901d3fb33738768511a30617afa01d,1,1,,
"포켓몬스터 하트골드 (Korea, IPKK, header ROM version 0)","포켓몬스터 소울실버 (Korea, IPGK, header ROM version 0)",/a/0/0/5,equal,1913,1913,,,e3b0c44298fc1c149afbf4c8996fb92427ae41e4649b934ca495991b7852b855,e3b0c44298fc1c149afbf4c8996fb92427ae41e4649b934ca495991b7852b855,0,0,,
"포켓몬스터 하트골드 (Korea, IPKK, header ROM version 0)","포켓몬스터 소울실버 (Korea, IPGK, header ROM version 0)",/a/0/0/5,equal,1914,1914,,,9d1e0e2d9459d06523ad13e28a4093c2316baafe7aec5b25f30eba2e113599c4,9d1e0e2d9459d06523ad13e28a4093c2316baafe7aec5b25f30eba2e113599c4,1,1,,
"포켓몬스터 하트골드 (Korea, IPKK, header ROM version 0)","포켓몬스터 소울실버 (Korea, IPGK, header ROM version 0)",/a/0/0/5,equal,1915,1915,,,e3b0c44298fc1c149afbf4c8996fb92427ae41e4649b934ca495991b7852b855,e3b0c44298fc1c149afbf4c8996fb92427ae41e4649b934ca495991b7852b855,0,0,,
"포켓몬스터 하트골드 (Korea, IPKK, header ROM version 0)","포켓몬스터 소울실버 (Korea, IPGK, header ROM version 0)",/a/0/0/5,equal,1916,1916,,,e3b0c44298fc1c149afbf4c8996fb92427ae41e4649b934ca495991b7852b855,e3b0c44298fc1c149afbf4c8996fb92427ae41e4649b934ca495991b7852b855,0,0,,
"포켓몬스터 하트골드 (Korea, IPKK, header ROM version 0)","포켓몬스터 소울실버 (Korea, IPGK, header ROM version 0)",/a/0/0/5,equal,1917,1917,,,67586e98fad27da0b9968bc039a1ef34c939b9b8e523a8bef89d478608c5ecf6,67586e98fad27da0b9968bc039a1ef34c939b9b8e523a8bef89d478608c5ecf6,1,1,,
"포켓몬스터 하트골드 (Korea, IPKK, header ROM version 0)","포켓몬스터 소울실버 (Korea, IPGK, header ROM version 0)",/a/0/0/5,equal,1918,1918,,,e3b0c44298fc1c149afbf4c8996fb92427ae41e4649b934ca495991b7852b855,e3b0c44298fc1c149afbf4c8996fb92427ae41e4649b934ca495991b7852b855,0,0,,
"포켓몬스터 하트골드 (Korea, IPKK, header ROM version 0)","포켓몬스터 소울실버 (Korea, IPGK, header ROM version 0)",/a/0/0/5,equal,1919,1919,,,dc0e9c3658a1a3ed1ec94274d8b19925c93e1abb7ddba294923ad9bde30f8cb8,dc0e9c3658a1a3ed1ec94274d8b19925c93e1abb7ddba294923ad9bde30f8cb8,1,1,,
"포켓몬스터 하트골드 (Korea, IPKK, header ROM version 0)","포켓몬스터 소울실버 (Korea, IPGK, header ROM version 0)",/a/0/0/5,equal,1920,1920,,,e3b0c44298fc1c149afbf4c8996fb92427ae41e4649b934ca495991b7852b855,e3b0c44298fc1c149afbf4c8996fb92427ae41e4649b934ca495991b7852b855,0,0,,
"포켓몬스터 하트골드 (Korea, IPKK, header ROM version 0)","포켓몬스터 소울실버 (Korea, IPGK, header ROM version 0)",/a/0/0/5,equal,1921,1921,,,beead77994cf573341ec17b58bbf7eb34d2711c993c1d976b128b3188dc1829a,beead77994cf573341ec17b58bbf7eb34d2711c993c1d976b128b3188dc1829a,1,1,,
"포켓몬스터 하트골드 (Korea, IPKK, header ROM version 0)","포켓몬스터 소울실버 (Korea, IPGK, header ROM version 0)",/a/0/0/5,equal,1922,1922,,,e3b0c44298fc1c149afbf4c8996fb92427ae41e4649b934ca495991b7852b855,e3b0c44298fc1c149afbf4c8996fb92427ae41e4649b934ca495991b7852b855,0,0,,
"포켓몬스터 하트골드 (Korea, IPKK, header ROM version 0)","포켓몬스터 소울실버 (Korea, IPGK, header ROM version 0)",/a/0/0/5,equal,1923,1923,,,dc0e9c3658a1a3ed1ec94274d8b19925c93e1abb7ddba294923ad9bde30f8cb8,dc0e9c3658a1a3ed1ec94274d8b19925c93e1abb7ddba294923ad9bde30f8cb8,1,1,,
"포켓몬스터 하트골드 (Korea, IPKK, header ROM version 0)","포켓몬스터 소울실버 (Korea, IPGK, header ROM version 0)",/a/0/0/5,equal,1924,1924,,,e3b0c44298fc1c149afbf4c8996fb92427ae41e4649b934ca495991b7852b855,e3b0c44298fc1c149afbf4c8996fb92427ae41e4649b934ca495991b7852b855,0,0,,
"포켓몬스터 하트골드 (Korea, IPKK, header ROM version 0)","포켓몬스터 소울실버 (Korea, IPGK, header ROM version 0)",/a/0/0/5,equal,1925,1925,,,beead77994cf573341ec17b58bbf7eb34d2711c993c1d976b128b3188dc1829a,beead77994cf573341ec17b58bbf7eb34d2711c993c1d976b128b3188dc1829a,1,1,,
"포켓몬스터 하트골드 (Korea, IPKK, header ROM version 0)","포켓몬스터 소울실버 (Korea, IPGK, header ROM version 0)",/a/0/0/5,equal,1926,1926,,,e3b0c44298fc1c149afbf4c8996fb92427ae41e4649b934ca495991b7852b855,e3b0c44298fc1c149afbf4c8996fb92427ae41e4649b934ca495991b7852b855,0,0,,
"포켓몬스터 하트골드 (Korea, IPKK, header ROM version 0)","포켓몬스터 소울실버 (Korea, IPGK, header ROM version 0)",/a/0/0/5,equal,1927,1927,,,ab897fbdedfa502b2d839b6a56100887dccdc507555c282e59589e06300a62e2,ab897fbdedfa502b2d839b6a56100887dccdc507555c282e59589e06300a62e2,1,1,,
"포켓몬스터 하트골드 (Korea, IPKK, header ROM version 0)","포켓몬스터 소울실버 (Korea, IPGK, header ROM version 0)",/a/0/0/5,equal,1928,1928,,,e3b0c44298fc1c149afbf4c8996fb92427ae41e4649b934ca495991b7852b855,e3b0c44298fc1c149afbf4c8996fb92427ae41e4649b934ca495991b7852b855,0,0,,
"포켓몬스터 하트골드 (Korea, IPKK, header ROM version 0)","포켓몬스터 소울실버 (Korea, IPGK, header ROM version 0)",/a/0/0/5,equal,1929,1929,,,beead77994cf573341ec17b58bbf7eb34d2711c993c1d976b128b3188dc1829a,beead77994cf573341ec17b58bbf7eb34d2711c993c1d976b128b3188dc1829a,1,1,,
"포켓몬스터 하트골드 (Korea, IPKK, header ROM version 0)","포켓몬스터 소울실버 (Korea, IPGK, header ROM version 0)",/a/0/0/5,equal,1930,1930,,,e3b0c44298fc1c149afbf4c8996fb92427ae41e4649b934ca495991b7852b855,e3b0c44298fc1c149afbf4c8996fb92427ae41e4649b934ca495991b7852b855,0,0,,
"포켓몬스터 하트골드 (Korea, IPKK, header ROM version 0)","포켓몬스터 소울실버 (Korea, IPGK, header ROM version 0)",/a/0/0/5,equal,1931,1931,,,084fed08b978af4d7d196a7446a86b58009e636b611db16211b65a9aadff29c5,084fed08b978af4d7d196a7446a86b58009e636b611db16211b65a9aadff29c5,1,1,,
"포켓몬스터 하트골드 (Korea, IPKK, header ROM version 0)","포켓몬스터 소울실버 (Korea, IPGK, header ROM version 0)",/a/0/0/5,equal,1932,1932,,,e3b0c44298fc1c149afbf4c8996fb92427ae41e4649b934ca495991b7852b855,e3b0c44298fc1c149afbf4c8996fb92427ae41e4649b934ca495991b7852b855,0,0,,
"포켓몬스터 하트골드 (Korea, IPKK, header ROM version 0)","포켓몬스터 소울실버 (Korea, IPGK, header ROM version 0)",/a/0/0/5,equal,1933,1933,,,6e340b9cffb37a989ca544e6bb780a2c78901d3fb33738768511a30617afa01d,6e340b9cffb37a989ca544e6bb780a2c78901d3fb33738768511a30617afa01d,1,1,,
"포켓몬스터 하트골드 (Korea, IPKK, header ROM version 0)","포켓몬스터 소울실버 (Korea, IPGK, header ROM version 0)",/a/0/0/5,equal,1934,1934,,,e3b0c44298fc1c149afbf4c8996fb92427ae41e4649b934ca495991b7852b855,e3b0c44298fc1c149afbf4c8996fb92427ae41e4649b934ca495991b7852b855,0,0,,
"포켓몬스터 하트골드 (Korea, IPKK, header ROM version 0)","포켓몬스터 소울실버 (Korea, IPGK, header ROM version 0)",/a/0/0/5,equal,1935,1935,,,6e340b9cffb37a989ca544e6bb780a2c78901d3fb33738768511a30617afa01d,6e340b9cffb37a989ca544e6bb780a2c78901d3fb33738768511a30617afa01d,1,1,,
"포켓몬스터 하트골드 (Korea, IPKK, header ROM version 0)","포켓몬스터 소울실버 (Korea, IPGK, header ROM version 0)",/a/0/0/5,equal,1936,1936,,,e3b0c44298fc1c149afbf4c8996fb92427ae41e4649b934ca495991b7852b855,e3b0c44298fc1c149afbf4c8996fb92427ae41e4649b934ca495991b7852b855,0,0,,
"포켓몬스터 하트골드 (Korea, IPKK, header ROM version 0)","포켓몬스터 소울실버 (Korea, IPGK, header ROM version 0)",/a/0/0/5,equal,1937,1937,,,beead77994cf573341ec17b58bbf7eb34d2711c993c1d976b128b3188dc1829a,beead77994cf573341ec17b58bbf7eb34d2711c993c1d976b128b3188dc1829a,1,1,,
"포켓몬스터 하트골드 (Korea, IPKK, header ROM version 0)","포켓몬스터 소울실버 (Korea, IPGK, header ROM version 0)",/a/0/0/5,equal,1938,1938,,,e3b0c44298fc1c149afbf4c8996fb92427ae41e4649b934ca495991b7852b855,e3b0c44298fc1c149afbf4c8996fb92427ae41e4649b934ca495991b7852b855,0,0,,
"포켓몬스터 하트골드 (Korea, IPKK, header ROM version 0)","포켓몬스터 소울실버 (Korea, IPGK, header ROM version 0)",/a/0/0/5,equal,1939,1939,,,dbc1b4c900ffe48d575b5da5c638040125f65db0fe3e24494b76ea986457d986,dbc1b4c900ffe48d575b5da5c638040125f65db0fe3e24494b76ea986457d986,1,1,,
"포켓몬스터 하트골드 (Korea, IPKK, header ROM version 0)","포켓몬스터 소울실버 (Korea, IPGK, header ROM version 0)",/a/0/0/5,equal,1940,1940,,,beead77994cf573341ec17b58bbf7eb34d2711c993c1d976b128b3188dc1829a,beead77994cf573341ec17b58bbf7eb34d2711c993c1d976b128b3188dc1829a,1,1,,
"포켓몬스터 하트골드 (Korea, IPKK, header ROM version 0)","포켓몬스터 소울실버 (Korea, IPGK, header ROM version 0)",/a/0/0/5,equal,1941,1941,,,beead77994cf573341ec17b58bbf7eb34d2711c993c1d976b128b3188dc1829a,beead77994cf573341ec17b58bbf7eb34d2711c993c1d976b128b3188dc1829a,1,1,,
"포켓몬스터 하트골드 (Korea, IPKK, header ROM version 0)","포켓몬스터 소울실버 (Korea, IPGK, header ROM version 0)",/a/0/0/5,equal,1942,1942,,,ef6cbd2161eaea7943ce8693b9824d23d1793ffb1c0fca05b600d3899b44c977,ef6cbd2161eaea7943ce8693b9824d23d1793ffb1c0fca05b600d3899b44c977,1,1,,
"포켓몬스터 하트골드 (Korea, IPKK, header ROM version 0)","포켓몬스터 소울실버 (Korea, IPGK, header ROM version 0)",/a/0/0/5,equal,1943,1943,,,ef6cbd2161eaea7943ce8693b9824d23d1793ffb1c0fca05b600d3899b44c977,ef6cbd2161eaea7943ce8693b9824d23d1793ffb1c0fca05b600d3899b44c977,1,1,,
"포켓몬스터 하트골드 (Korea, IPKK, header ROM version 0)","포켓몬스터 소울실버 (Korea, IPGK, header ROM version 0)",/a/0/0/5,equal,1944,1944,,,e3b0c44298fc1c149afbf4c8996fb92427ae41e4649b934ca495991b7852b855,e3b0c44298fc1c149afbf4c8996fb92427ae41e4649b934ca495991b7852b855,0,0,,
"포켓몬스터 하트골드 (Korea, IPKK, header ROM version 0)","포켓몬스터 소울실버 (Korea, IPGK, header ROM version 0)",/a/0/0/5,equal,1945,1945,,,6e340b9cffb37a989ca544e6bb780a2c78901d3fb33738768511a30617afa01d,6e340b9cffb37a989ca544e6bb780a2c78901d3fb33738768511a30617afa01d,1,1,,
"포켓몬스터 하트골드 (Korea, IPKK, header ROM version 0)","포켓몬스터 소울실버 (Korea, IPGK, header ROM version 0)",/a/0/0/5,equal,1946,1946,,,e3b0c44298fc1c149afbf4c8996fb92427ae41e4649b934ca495991b7852b855,e3b0c44298fc1c149afbf4c8996fb92427ae41e4649b934ca495991b7852b855,0,0,,
"포켓몬스터 하트골드 (Korea, IPKK, header ROM version 0)","포켓몬스터 소울실버 (Korea, IPGK, header ROM version 0)",/a/0/0/5,equal,1947,1947,,,dbc1b4c900ffe48d575b5da5c638040125f65db0fe3e24494b76ea986457d986,dbc1b4c900ffe48d575b5da5c638040125f65db0fe3e24494b76ea986457d986,1,1,,
"포켓몬스터 하트골드 (Korea, IPKK, header ROM version 0)","포켓몬스터 소울실버 (Korea, IPGK, header ROM version 0)",/a/0/0/5,equal,1948,1948,,,e3b0c44298fc1c149afbf4c8996fb92427ae41e4649b934ca495991b7852b855,e3b0c44298fc1c149afbf4c8996fb92427ae41e4649b934ca495991b7852b855,0,0,,
"포켓몬스터 하트골드 (Korea, IPKK, header ROM version 0)","포켓몬스터 소울실버 (Korea, IPGK, header ROM version 0)",/a/0/0/5,equal,1949,1949,,,6e340b9cffb37a989ca544e6bb780a2c78901d3fb33738768511a30617afa01d,6e340b9cffb37a989ca544e6bb780a2c78901d3fb33738768511a30617afa01d,1,1,,
"포켓몬스터 하트골드 (Korea, IPKK, header ROM version 0)","포켓몬스터 소울실버 (Korea, IPGK, header ROM version 0)",/a/0/0/5,equal,1950,1950,,,e3b0c44298fc1c149afbf4c8996fb92427ae41e4649b934ca495991b7852b855,e3b0c44298fc1c149afbf4c8996fb92427ae41e4649b934ca495991b7852b855,0,0,,
"포켓몬스터 하트골드 (Korea, IPKK, header ROM version 0)","포켓몬스터 소울실버 (Korea, IPGK, header ROM version 0)",/a/0/0/5,equal,1951,1951,,,4bf5122f344554c53bde2ebb8cd2b7e3d1600ad631c385a5d7cce23c7785459a,4bf5122f344554c53bde2ebb8cd2b7e3d1600ad631c385a5d7cce23c7785459a,1,1,,
"포켓몬스터 하트골드 (Korea, IPKK, header ROM version 0)","포켓몬스터 소울실버 (Korea, IPGK, header ROM version 0)",/a/0/0/5,equal,1952,1952,,,6e340b9cffb37a989ca544e6bb780a2c78901d3fb33738768511a30617afa01d,6e340b9cffb37a989ca544e6bb780a2c78901d3fb33738768511a30617afa01d,1,1,,
"포켓몬스터 하트골드 (Korea, IPKK, header ROM version 0)","포켓몬스터 소울실버 (Korea, IPGK, header ROM version 0)",/a/0/0/5,equal,1953,1953,,,e3b0c44298fc1c149afbf4c8996fb92427ae41e4649b934ca495991b7852b855,e3b0c44298fc1c149afbf4c8996fb92427ae41e4649b934ca495991b7852b855,0,0,,
"포켓몬스터 하트골드 (Korea, IPKK, header ROM version 0)","포켓몬스터 소울실버 (Korea, IPGK, header ROM version 0)",/a/0/0/5,equal,1954,1954,,,e7cf46a078fed4fafd0b5e3aff144802b853f8ae459a4f0c14add3314b7cc3a6,e7cf46a078fed4fafd0b5e3aff144802b853f8ae459a4f0c14add3314b7cc3a6,1,1,,
"포켓몬스터 하트골드 (Korea, IPKK, header ROM version 0)","포켓몬스터 소울실버 (Korea, IPGK, header ROM version 0)",/a/0/0/5,equal,1955,1955,,,e3b0c44298fc1c149afbf4c8996fb92427ae41e4649b934ca495991b7852b855,e3b0c44298fc1c149afbf4c8996fb92427ae41e4649b934ca495991b7852b855,0,0,,
"포켓몬스터 하트골드 (Korea, IPKK, header ROM version 0)","포켓몬스터 소울실버 (Korea, IPGK, header ROM version 0)",/a/0/0/5,equal,1956,1956,,,e3b0c44298fc1c149afbf4c8996fb92427ae41e4649b934ca495991b7852b855,e3b0c44298fc1c149afbf4c8996fb92427ae41e4649b934ca495991b7852b855,0,0,,
"포켓몬스터 하트골드 (Korea, IPKK, header ROM version 0)","포켓몬스터 소울실버 (Korea, IPGK, header ROM version 0)",/a/0/0/5,equal,1957,1957,,,e7cf46a078fed4fafd0b5e3aff144802b853f8ae459a4f0c14add3314b7cc3a6,e7cf46a078fed4fafd0b5e3aff144802b853f8ae459a4f0c14add3314b7cc3a6,1,1,,
"포켓몬스터 하트골드 (Korea, IPKK, header ROM version 0)","포켓몬스터 소울실버 (Korea, IPGK, header ROM version 0)",/a/0/0/5,equal,1958,1958,,,e3b0c44298fc1c149afbf4c8996fb92427ae41e4649b934ca495991b7852b855,e3b0c44298fc1c149afbf4c8996fb92427ae41e4649b934ca495991b7852b855,0,0,,
"포켓몬스터 하트골드 (Korea, IPKK, header ROM version 0)","포켓몬스터 소울실버 (Korea, IPGK, header ROM version 0)",/a/0/0/5,equal,1959,1959,,,2f0fd1e89b8de1d57292742ec380ea47066e307ad645f5bc3adad8a06ff58608,2f0fd1e89b8de1d57292742ec380ea47066e307ad645f5bc3adad8a06ff58608,1,1,,
"포켓몬스터 하트골드 (Korea, IPKK, header ROM version 0)","포켓몬스터 소울실버 (Korea, IPGK, header ROM version 0)",/a/0/0/5,equal,1960,1960,,,e3b0c44298fc1c149afbf4c8996fb92427ae41e4649b934ca495991b7852b855,e3b0c44298fc1c149afbf4c8996fb92427ae41e4649b934ca495991b7852b855,0,0,,
"포켓몬스터 하트골드 (Korea, IPKK, header ROM version 0)","포켓몬스터 소울실버 (Korea, IPGK, header ROM version 0)",/a/0/0/5,equal,1961,1961,,,ef6cbd2161eaea7943ce8693b9824d23d1793ffb1c0fca05b600d3899b44c977,ef6cbd2161eaea7943ce8693b9824d23d1793ffb1c0fca05b600d3899b44c977,1,1,,
"포켓몬스터 하트골드 (Korea, IPKK, header ROM version 0)","포켓몬스터 소울실버 (Korea, IPGK, header ROM version 0)",/a/0/0/5,equal,1962,1962,,,e3b0c44298fc1c149afbf4c8996fb92427ae41e4649b934ca495991b7852b855,e3b0c44298fc1c149afbf4c8996fb92427ae41e4649b934ca495991b7852b855,0,0,,
"포켓몬스터 하트골드 (Korea, IPKK, header ROM version 0)","포켓몬스터 소울실버 (Korea, IPGK, header ROM version 0)",/a/0/0/5,equal,1963,1963,,,7cb7c4547cf2653590d7a9ace60cc623d25148adfbc88a89aeb0ef88da7839ba,7cb7c4547cf2653590d7a9ace60cc623d25148adfbc88a89aeb0ef88da7839ba,1,1,,
"포켓몬스터 하트골드 (Korea, IPKK, header ROM version 0)","포켓몬스터 소울실버 (Korea, IPGK, header ROM version 0)",/a/0/0/5,equal,1964,1964,,,e3b0c44298fc1c149afbf4c8996fb92427ae41e4649b934ca495991b7852b855,e3b0c44298fc1c149afbf4c8996fb92427ae41e4649b934ca495991b7852b855,0,0,,
"포켓몬스터 하트골드 (Korea, IPKK, header ROM version 0)","포켓몬스터 소울실버 (Korea, IPGK, header ROM version 0)",/a/0/0/5,equal,1965,1965,,,6e340b9cffb37a989ca544e6bb780a2c78901d3fb33738768511a30617afa01d,6e340b9cffb37a989ca544e6bb780a2c78901d3fb33738768511a30617afa01d,1,1,,
"포켓몬스터 하트골드 (Korea, IPKK, header ROM version 0)","포켓몬스터 소울실버 (Korea, IPGK, header ROM version 0)",/a/0/0/5,equal,1966,1966,,,e3b0c44298fc1c149afbf4c8996fb92427ae41e4649b934ca495991b7852b855,e3b0c44298fc1c149afbf4c8996fb92427ae41e4649b934ca495991b7852b855,0,0,,
"포켓몬스터 하트골드 (Korea, IPKK, header ROM version 0)","포켓몬스터 소울실버 (Korea, IPGK, header ROM version 0)",/a/0/0/5,equal,1967,1967,,,01ba4719c80b6fe911b091a7c05124b64eeece964e09c058ef8f9805daca546b,01ba4719c80b6fe911b091a7c05124b64eeece964e09c058ef8f9805daca546b,1,1,,
"포켓몬스터 하트골드 (Korea, IPKK, header ROM version 0)","포켓몬스터 소울실버 (Korea, IPGK, header ROM version 0)",/a/0/0/5,equal,1968,1968,,,e3b0c44298fc1c149afbf4c8996fb92427ae41e4649b934ca495991b7852b855,e3b0c44298fc1c149afbf4c8996fb92427ae41e4649b934ca495991b7852b855,0,0,,
"포켓몬스터 하트골드 (Korea, IPKK, header ROM version 0)","포켓몬스터 소울실버 (Korea, IPGK, header ROM version 0)",/a/0/0/5,equal,1969,1969,,,beead77994cf573341ec17b58bbf7eb34d2711c993c1d976b128b3188dc1829a,beead77994cf573341ec17b58bbf7eb34d2711c993c1d976b128b3188dc1829a,1,1,,
"포켓몬스터 하트골드 (Korea, IPKK, header ROM version 0)","포켓몬스터 소울실버 (Korea, IPGK, header ROM version 0)",/a/0/0/5,equal,1970,1970,,,e3b0c44298fc1c149afbf4c8996fb92427ae41e4649b934ca495991b7852b855,e3b0c44298fc1c149afbf4c8996fb92427ae41e4649b934ca495991b7852b855,0,0,,
"포켓몬스터 하트골드 (Korea, IPKK, header ROM version 0)","포켓몬스터 소울실버 (Korea, IPGK, header ROM version 0)",/a/0/0/5,equal,1971,1971,,,68aa2e2ee5dff96e3355e6c7ee373e3d6a4e17f75f9518d843709c0c9bc3e3d4,68aa2e2ee5dff96e3355e6c7ee373e3d6a4e17f75f9518d843709c0c9bc3e3d4,1,1,,
"포켓몬스터 하트골드 (Korea, IPKK, header ROM version 0)","포켓몬스터 소울실버 (Korea, IPGK, header ROM version 0)",/a/0/0/5,equal,1972,1972,,,e3b0c44298fc1c149afbf4c8996fb92427ae41e4649b934ca495991b7852b855,e3b0c44298fc1c149afbf4c8996fb92427ae41e4649b934ca495991b7852b855,0,0,,
"포켓몬스터 하트골드 (Korea, IPKK, header ROM version 0)","포켓몬스터 소울실버 (Korea, IPGK, header ROM version 0)",/a/0/0/5,equal,1973,1973,,,6e340b9cffb37a989ca544e6bb780a2c78901d3fb33738768511a30617afa01d,6e340b9cffb37a989ca544e6bb780a2c78901d3fb33738768511a30617afa01d,1,1,,
"포켓몬스터 하트골드 (Korea, IPKK, header ROM version 0)","포켓몬스터 소울실버 (Korea, IPGK, header ROM version 0)",/a/0/0/5,equal,1974,1974,,,e3b0c44298fc1c149afbf4c8996fb92427ae41e4649b934ca495991b7852b855,e3b0c44298fc1c149afbf4c8996fb92427ae41e4649b934ca495991b7852b855,0,0,,
"포켓몬스터 하트골드 (Korea, IPKK, header ROM version 0)","포켓몬스터 소울실버 (Korea, IPGK, header ROM version 0)",/a/0/0/5,equal,1975,1975,,,6e340b9cffb37a989ca544e6bb780a2c78901d3fb33738768511a30617afa01d,6e340b9cffb37a989ca544e6bb780a2c78901d3fb33738768511a30617afa01d,1,1,,
"포켓몬스터 하트골드 (Korea, IPKK, header ROM version 0)","포켓몬스터 소울실버 (Korea, IPGK, header ROM version 0)",/a/0/0/6,equal,0,0,,,562aedbf4ada30cc196ec6261629b2dabd78e1abe370a7374884548424cd1000,562aedbf4ada30cc196ec6261629b2dabd78e1abe370a7374884548424cd1000,25648,25648,NCGR graphics,NCGR graphics
"포켓몬스터 하트골드 (Korea, IPKK, header ROM version 0)","포켓몬스터 소울실버 (Korea, IPGK, header ROM version 0)",/a/0/0/6,equal,1,1,,,258836f57d0349ecb908f89637dfd2fe8981131a05ac7ebd57ab76be21dfaaef,258836f57d0349ecb908f89637dfd2fe8981131a05ac7ebd57ab76be21dfaaef,552,552,NCLR palette,NCLR palette
"포켓몬스터 하트골드 (Korea, IPKK, header ROM version 0)","포켓몬스터 소울실버 (Korea, IPGK, header ROM version 0)",/a/0/0/6,equal,2,2,,,88d1fc9bc0989bc0c0ae56fbf93e9b3bec03bcc788282764bdc202132ebb4c25,88d1fc9bc0989bc0c0ae56fbf93e9b3bec03bcc788282764bdc202132ebb4c25,666,666,NCER cell,NCER cell
"포켓몬스터 하트골드 (Korea, IPKK, header ROM version 0)","포켓몬스터 소울실버 (Korea, IPGK, header ROM version 0)",/a/0/0/6,equal,3,3,,,d6e205159e34851dba12db0e8e2221f4d5fc58c3136e9cc36f4b07008894c607,d6e205159e34851dba12db0e8e2221f4d5fc58c3136e9cc36f4b07008894c607,358,358,NANR animation,NANR animation
"포켓몬스터 하트골드 (Korea, IPKK, header ROM version 0)","포켓몬스터 소울실버 (Korea, IPGK, header ROM version 0)",/a/0/0/6,equal,4,4,,,9b8907a3996d35ccb5003ca1fc328f439fd33dc8cbc506ef44cd797e6dc422c1,9b8907a3996d35ccb5003ca1fc328f439fd33dc8cbc506ef44cd797e6dc422c1,6448,6448,NCGR graphics,NCGR graphics
"포켓몬스터 하트골드 (Korea, IPKK, header ROM version 0)","포켓몬스터 소울실버 (Korea, IPGK, header ROM version 0)",/a/0/0/6,equal,5,5,,,7f1ddfdd1c197824d7e96f5dc4eaf4cb118720e8339c6cea9af04fe93e1328a0,7f1ddfdd1c197824d7e96f5dc4eaf4cb118720e8339c6cea9af04fe93e1328a0,25648,25648,NCGR graphics,NCGR graphics
"포켓몬스터 하트골드 (Korea, IPKK, header ROM version 0)","포켓몬스터 소울실버 (Korea, IPGK, header ROM version 0)",/a/0/0/6,equal,6,6,,,1a334e2c0cf5799358d52a569e85c5e0fdacd076d0e11a84318dae474b46afba,1a334e2c0cf5799358d52a569e85c5e0fdacd076d0e11a84318dae474b46afba,552,552,NCLR palette,NCLR palette
"포켓몬스터 하트골드 (Korea, IPKK, header ROM version 0)","포켓몬스터 소울실버 (Korea, IPGK, header ROM version 0)",/a/0/0/6,equal,7,7,,,0c1d7c92449948226664d76e1a3b5db5996f7241588fe9ae0b77814d8c93b82f,0c1d7c92449948226664d76e1a3b5db5996f7241588fe9ae0b77814d8c93b82f,666,666,NCER cell,NCER cell
"포켓몬스터 하트골드 (Korea, IPKK, header ROM version 0)","포켓몬스터 소울실버 (Korea, IPGK, header ROM version 0)",/a/0/0/6,equal,8,8,,,2bb1debaca37332a5cc7abb7db0c60145f5fb2fdd24a7b29c87c7720da42a200,2bb1debaca37332a5cc7abb7db0c60145f5fb2fdd24a7b29c87c7720da42a200,358,358,NANR animation,NANR animation
"포켓몬스터 하트골드 (Korea, IPKK, header ROM version 0)","포켓몬스터 소울실버 (Korea, IPGK, header ROM version 0)",/a/0/0/6,equal,9,9,,,a805690a4e43a6a6520b263e2b699bf9545bffad2d8a6ae5bb43d33b363359d8,a805690a4e43a6a6520b263e2b699bf9545bffad2d8a6ae5bb43d33b363359d8,6448,6448,NCGR graphics,NCGR graphics
"포켓몬스터 하트골드 (Korea, IPKK, header ROM version 0)","포켓몬스터 소울실버 (Korea, IPGK, header ROM version 0)",/a/0/0/6,equal,10,10,,,1998fc670ebba7e1c05a23060358b7beaef04bb568a3fbae7e3e0c233abab8ad,1998fc670ebba7e1c05a23060358b7beaef04bb568a3fbae7e3e0c233abab8ad,25648,25648,NCGR graphics,NCGR graphics
"포켓몬스터 하트골드 (Korea, IPKK, header ROM version 0)","포켓몬스터 소울실버 (Korea, IPGK, header ROM version 0)",/a/0/0/6,equal,11,11,,,29d58fd1a1c2b6275a8f6b957d29b23732c058f9800611ca80ef206d509aec99,29d58fd1a1c2b6275a8f6b957d29b23732c058f9800611ca80ef206d509aec99,552,552,NCLR palette,NCLR palette
"포켓몬스터 하트골드 (Korea, IPKK, header ROM version 0)","포켓몬스터 소울실버 (Korea, IPGK, header ROM version 0)",/a/0/0/6,equal,12,12,,,5b9a06eeac7b7170ded57234fb9493de7e2fa1ad3cc2763e6ff7b53156674c6a,5b9a06eeac7b7170ded57234fb9493de7e2fa1ad3cc2763e6ff7b53156674c6a,666,666,NCER cell,NCER cell
"포켓몬스터 하트골드 (Korea, IPKK, header ROM version 0)","포켓몬스터 소울실버 (Korea, IPGK, header ROM version 0)",/a/0/0/6,equal,13,13,,,d6e205159e34851dba12db0e8e2221f4d5fc58c3136e9cc36f4b07008894c607,d6e205159e34851dba12db0e8e2221f4d5fc58c3136e9cc36f4b07008894c607,358,358,NANR animation,NANR animation
"포켓몬스터 하트골드 (Korea, IPKK, header ROM version 0)","포켓몬스터 소울실버 (Korea, IPGK, header ROM version 0)",/a/0/0/6,equal,14,14,,,92e26243e05fad1a1847bd678d945e1f115b038512d6984b67ea6d7b1e3f487a,92e26243e05fad1a1847bd678d945e1f115b038512d6984b67ea6d7b1e3f487a,6448,6448,NCGR graphics,NCGR graphics
"포켓몬스터 하트골드 (Korea, IPKK, header ROM version 0)","포켓몬스터 소울실버 (Korea, IPGK, header ROM version 0)",/a/0/0/6,equal,15,15,,,ba0e1d91c5ec7970e6d4aad81acf4927b94992b4e839a4ba398e2e46dac6b3b2,ba0e1d91c5ec7970e6d4aad81acf4927b94992b4e839a4ba398e2e46dac6b3b2,25648,25648,NCGR graphics,NCGR graphics
"포켓몬스터 하트골드 (Korea, IPKK, header ROM version 0)","포켓몬스터 소울실버 (Korea, IPGK, header ROM version 0)",/a/0/0/6,equal,16,16,,,de3452de4febe5db48c63b0a3241a6d44c002fdee5b364411b0abd65331c051e,de3452de4febe5db48c63b0a3241a6d44c002fdee5b364411b0abd65331c051e,552,552,NCLR palette,NCLR palette
"포켓몬스터 하트골드 (Korea, IPKK, header ROM version 0)","포켓몬스터 소울실버 (Korea, IPGK, header ROM version 0)",/a/0/0/6,equal,17,17,,,f5da26b6143bb6c2dbbe66ffa64a27d21a23d3d17feda52bcd7f4ddbf62bf639,f5da26b6143bb6c2dbbe66ffa64a27d21a23d3d17feda52bcd7f4ddbf62bf639,666,666,NCER cell,NCER cell
"포켓몬스터 하트골드 (Korea, IPKK, header ROM version 0)","포켓몬스터 소울실버 (Korea, IPGK, header ROM version 0)",/a/0/0/6,equal,18,18,,,6924b3d76a2144a4ea9830a380ff1d2fe77a458223a3e8e41a264a585d3035f1,6924b3d76a2144a4ea9830a380ff1d2fe77a458223a3e8e41a264a585d3035f1,358,358,NANR animation,NANR animation
"포켓몬스터 하트골드 (Korea, IPKK, header ROM version 0)","포켓몬스터 소울실버 (Korea, IPGK, header ROM version 0)",/a/0/0/6,equal,19,19,,,65258f552a2001a9a8842634236124fe201a6bdc86afd1c13a392c1cb5738971,65258f552a2001a9a8842634236124fe201a6bdc86afd1c13a392c1cb5738971,6448,6448,NCGR graphics,NCGR graphics
"포켓몬스터 하트골드 (Korea, IPKK, header ROM version 0)","포켓몬스터 소울실버 (Korea, IPGK, header ROM version 0)",/a/0/0/6,equal,20,20,,,2b06639523c56d3afd0001fc4a97f767951cfeb344462aafe761b06660800b6f,2b06639523c56d3afd0001fc4a97f767951cfeb344462aafe761b06660800b6f,16048,16048,NCGR graphics,NCGR graphics
"포켓몬스터 하트골드 (Korea, IPKK, header ROM version 0)","포켓몬스터 소울실버 (Korea, IPGK, header ROM version 0)",/a/0/0/6,equal,21,21,,,3d9638ea0d2f1da03c4f16aba303980d2a98269c190b3a8eb31dcf98d6cfb32f,3d9638ea0d2f1da03c4f16aba303980d2a98269c190b3a8eb31dcf98d6cfb32f,552,552,NCLR palette,NCLR palette
"포켓몬스터 하트골드 (Korea, IPKK, header ROM version 0)","포켓몬스터 소울실버 (Korea, IPGK, header ROM version 0)",/a/0/0/6,equal,22,22,,,0ed185bf4ff5006af7f56c1d21ccbaaa7e531fcee400a980639176023e9613d1,0ed185bf4ff5006af7f56c1d21ccbaaa7e531fcee400a980639176023e9613d1,462,462,NCER cell,NCER cell
"포켓몬스터 하트골드 (Korea, IPKK, header ROM version 0)","포켓몬스터 소울실버 (Korea, IPGK, header ROM version 0)",/a/0/0/6,equal,23,23,,,dd84d0d56c3683ea2b771e01432aaf3af9d5f9fddd54175f62c809b3dcd5498d,dd84d0d56c3683ea2b771e01432aaf3af9d5f9fddd54175f62c809b3dcd5498d,302,302,NANR animation,NANR animation
"포켓몬스터 하트골드 (Korea, IPKK, header ROM version 0)","포켓몬스터 소울실버 (Korea, IPGK, header ROM version 0)",/a/0/0/6,equal,24,24,,,a63603d03cd01ce4016b101533faa952691130f1ac91610820f35bfdf904bbc9,a63603d03cd01ce4016b101533faa952691130f1ac91610820f35bfdf904bbc9,6448,6448,NCGR graphics,NCGR graphics
"포켓몬스터 하트골드 (Korea, IPKK, header ROM version 0)","포켓몬스터 소울실버 (Korea, IPGK, header ROM version 0)",/a/0/0/6,equal,25,25,,,c77b27186756266a35488403d8d27fc5497ccf0fb34043d8cef03a9fce103ed0,c77b27186756266a35488403d8d27fc5497ccf0fb34043d8cef03a9fce103ed0,16048,16048,NCGR graphics,NCGR graphics
"포켓몬스터 하트골드 (Korea, IPKK, header ROM version 0)","포켓몬스터 소울실버 (Korea, IPGK, header ROM version 0)",/a/0/0/6,equal,26,26,,,fbef8e28e1d0382bb95b07362318a285c69d6c8e6034c2bf26b743265d4b6466,fbef8e28e1d0382bb95b07362318a285c69d6c8e6034c2bf26b743265d4b6466,552,552,NCLR palette,NCLR palette
"포켓몬스터 하트골드 (Korea, IPKK, header ROM version 0)","포켓몬스터 소울실버 (Korea, IPGK, header ROM version 0)",/a/0/0/6,equal,27,27,,,0ed185bf4ff5006af7f56c1d21ccbaaa7e531fcee400a980639176023e9613d1,0ed185bf4ff5006af7f56c1d21ccbaaa7e531fcee400a980639176023e9613d1,462,462,NCER cell,NCER cell
"포켓몬스터 하트골드 (Korea, IPKK, header ROM version 0)","포켓몬스터 소울실버 (Korea, IPGK, header ROM version 0)",/a/0/0/6,equal,28,28,,,dd84d0d56c3683ea2b771e01432aaf3af9d5f9fddd54175f62c809b3dcd5498d,dd84d0d56c3683ea2b771e01432aaf3af9d5f9fddd54175f62c809b3dcd5498d,302,302,NANR animation,NANR animation
"포켓몬스터 하트골드 (Korea, IPKK, header ROM version 0)","포켓몬스터 소울실버 (Korea, IPGK, header ROM version 0)",/a/0/0/6,equal,29,29,,,034af10275126afa476f2344436b229a9e4ba095554e599cd54514c896fc9486,034af10275126afa476f2344436b229a9e4ba095554e599cd54514c896fc9486,6448,6448,NCGR graphics,NCGR graphics
"포켓몬스터 하트골드 (Korea, IPKK, header ROM version 0)","포켓몬스터 소울실버 (Korea, IPGK, header ROM version 0)",/a/0/0/6,equal,30,30,,,d3cc7b457d6a831e1af5f33b2c3e3f5781329fbed72530c9654063750d99715a,d3cc7b457d6a831e1af5f33b2c3e3f5781329fbed72530c9654063750d99715a,16048,16048,NCGR graphics,NCGR graphics
"포켓몬스터 하트골드 (Korea, IPKK, header ROM version 0)","포켓몬스터 소울실버 (Korea, IPGK, header ROM version 0)",/a/0/0/6,equal,31,31,,,ea3d0de86eef8ac9dbc09f82cd23949ca6f7035ff86e5f4a71af1f771ce4fc71,ea3d0de86eef8ac9dbc09f82cd23949ca6f7035ff86e5f4a71af1f771ce4fc71,552,552,NCLR palette,NCLR palette
"포켓몬스터 하트골드 (Korea, IPKK, header ROM version 0)","포켓몬스터 소울실버 (Korea, IPGK, header ROM version 0)",/a/0/0/6,equal,32,32,,,0ed185bf4ff5006af7f56c1d21ccbaaa7e531fcee400a980639176023e9613d1,0ed185bf4ff5006af7f56c1d21ccbaaa7e531fcee400a980639176023e9613d1,462,462,NCER cell,NCER cell
"포켓몬스터 하트골드 (Korea, IPKK, header ROM version 0)","포켓몬스터 소울실버 (Korea, IPGK, header ROM version 0)",/a/0/0/6,equal,33,33,,,dd84d0d56c3683ea2b771e01432aaf3af9d5f9fddd54175f62c809b3dcd5498d,dd84d0d56c3683ea2b771e01432aaf3af9d5f9fddd54175f62c809b3dcd5498d,302,302,NANR animation,NANR animation
"포켓몬스터 하트골드 (Korea, IPKK, header ROM version 0)","포켓몬스터 소울실버 (Korea, IPGK, header ROM version 0)",/a/0/0/6,equal,34,34,,,c4fbd16c99e7c4a2dfb21a33a5bd9c2c202106df11ca632e489963e051cda113,c4fbd16c99e7c4a2dfb21a33a5bd9c2c202106df11ca632e489963e051cda113,6448,6448,NCGR graphics,NCGR graphics
"포켓몬스터 하트골드 (Korea, IPKK, header ROM version 0)","포켓몬스터 소울실버 (Korea, IPGK, header ROM version 0)",/a/0/0/6,equal,35,35,,,8a31ce6eb5bc08c3de22fb23c483864f89fda8f09138cdbe55bcdeb7dd4422b1,8a31ce6eb5bc08c3de22fb23c483864f89fda8f09138cdbe55bcdeb7dd4422b1,16048,16048,NCGR graphics,NCGR graphics
"포켓몬스터 하트골드 (Korea, IPKK, header ROM version 0)","포켓몬스터 소울실버 (Korea, IPGK, header ROM version 0)",/a/0/0/6,equal,36,36,,,dfc79711bf995ceff6abb6dd3700202cf7ed08dbe530becec264dc3dada250ad,dfc79711bf995ceff6abb6dd3700202cf7ed08dbe530becec264dc3dada250ad,552,552,NCLR palette,NCLR palette
"포켓몬스터 하트골드 (Korea, IPKK, header ROM version 0)","포켓몬스터 소울실버 (Korea, IPGK, header ROM version 0)",/a/0/0/6,equal,37,37,,,0ed185bf4ff5006af7f56c1d21ccbaaa7e531fcee400a980639176023e9613d1,0ed185bf4ff5006af7f56c1d21ccbaaa7e531fcee400a980639176023e9613d1,462,462,NCER cell,NCER cell
"포켓몬스터 하트골드 (Korea, IPKK, header ROM version 0)","포켓몬스터 소울실버 (Korea, IPGK, header ROM version 0)",/a/0/0/6,equal,38,38,,,dd84d0d56c3683ea2b771e01432aaf3af9d5f9fddd54175f62c809b3dcd5498d,dd84d0d56c3683ea2b771e01432aaf3af9d5f9fddd54175f62c809b3dcd5498d,302,302,NANR animation,NANR animation
"포켓몬스터 하트골드 (Korea, IPKK, header ROM version 0)","포켓몬스터 소울실버 (Korea, IPGK, header ROM version 0)",/a/0/0/6,equal,39,39,,,2c093050a27c882bbbd8bc601817727da84bbc17d478ce764a3511ef64d27bb5,2c093050a27c882bbbd8bc601817727da84bbc17d478ce764a3511ef64d27bb5,6448,6448,NCGR graphics,NCGR graphics
"포켓몬스터 하트골드 (Korea, IPKK, header ROM version 0)","포켓몬스터 소울실버 (Korea, IPGK, header ROM version 0)",/a/0/0/6,equal,40,40,,,a026ffe1973601472625d586a92da7891004f2d1717db6739dd3795fef563743,a026ffe1973601472625d586a92da7891004f2d1717db6739dd3795fef563743,16048,16048,NCGR graphics,NCGR graphics
"포켓몬스터 하트골드 (Korea, IPKK, header ROM version 0)","포켓몬스터 소울실버 (Korea, IPGK, header ROM version 0)",/a/0/0/6,equal,41,41,,,1189663d51d715d145efdebc8b422a9f491725fa3554366540a1a562deff5f15,1189663d51d715d145efdebc8b422a9f491725fa3554366540a1a562deff5f15,552,552,NCLR palette,NCLR palette
"포켓몬스터 하트골드 (Korea, IPKK, header ROM version 0)","포켓몬스터 소울실버 (Korea, IPGK, header ROM version 0)",/a/0/0/6,equal,42,42,,,0ed185bf4ff5006af7f56c1d21ccbaaa7e531fcee400a980639176023e9613d1,0ed185bf4ff5006af7f56c1d21ccbaaa7e531fcee400a980639176023e9613d1,462,462,NCER cell,NCER cell
"포켓몬스터 하트골드 (Korea, IPKK, header ROM version 0)","포켓몬스터 소울실버 (Korea, IPGK, header ROM version 0)",/a/0/0/6,equal,43,43,,,dd84d0d56c3683ea2b771e01432aaf3af9d5f9fddd54175f62c809b3dcd5498d,dd84d0d56c3683ea2b771e01432aaf3af9d5f9fddd54175f62c809b3dcd5498d,302,302,NANR animation,NANR animation
"포켓몬스터 하트골드 (Korea, IPKK, header ROM version 0)","포켓몬스터 소울실버 (Korea, IPGK, header ROM version 0)",/a/0/0/6,equal,44,44,,,2747c7c7307e940cc5281520d78a35c68c38305e9a94e2a6ecf74c78f7528607,2747c7c7307e940cc5281520d78a35c68c38305e9a94e2a6ecf74c78f7528607,6448,6448,NCGR graphics,NCGR graphics
"포켓몬스터 하트골드 (Korea, IPKK, header ROM version 0)","포켓몬스터 소울실버 (Korea, IPGK, header ROM version 0)",/a/0/0/6,equal,45,45,,,374886524557851de80a0af7af1149c43ed176235ce54c7f64180d3d74f2abcc,374886524557851de80a0af7af1149c43ed176235ce54c7f64180d3d74f2abcc,25648,25648,NCGR graphics,NCGR graphics
"포켓몬스터 하트골드 (Korea, IPKK, header ROM version 0)","포켓몬스터 소울실버 (Korea, IPGK, header ROM version 0)",/a/0/0/6,equal,46,46,,,258836f57d0349ecb908f89637dfd2fe8981131a05ac7ebd57ab76be21dfaaef,258836f57d0349ecb908f89637dfd2fe8981131a05ac7ebd57ab76be21dfaaef,552,552,NCLR palette,NCLR palette
"포켓몬스터 하트골드 (Korea, IPKK, header ROM version 0)","포켓몬스터 소울실버 (Korea, IPGK, header ROM version 0)",/a/0/0/6,equal,47,47,,,153e5745047442c3dae849e7d58324cb797226b8ffde588a58d2b000c0aafb84,153e5745047442c3dae849e7d58324cb797226b8ffde588a58d2b000c0aafb84,666,666,NCER cell,NCER cell
"포켓몬스터 하트골드 (Korea, IPKK, header ROM version 0)","포켓몬스터 소울실버 (Korea, IPGK, header ROM version 0)",/a/0/0/6,equal,48,48,,,5f415e65f50a42449d97106ff027ab76374824530ec32376f8ba78d2d70a1f85,5f415e65f50a42449d97106ff027ab76374824530ec32376f8ba78d2d70a1f85,358,358,NANR animation,NANR animation
"포켓몬스터 하트골드 (Korea, IPKK, header ROM version 0)","포켓몬스터 소울실버 (Korea, IPGK, header ROM version 0)",/a/0/0/6,equal,49,49,,,51c79638bd12caa8c350f5cd41cb0de0d6913d0d1dfa097deda8afcbc3e5053b,51c79638bd12caa8c350f5cd41cb0de0d6913d0d1dfa097deda8afcbc3e5053b,6448,6448,NCGR graphics,NCGR graphics
"포켓몬스터 하트골드 (Korea, IPKK, header ROM version 0)","포켓몬스터 소울실버 (Korea, IPGK, header ROM version 0)",/a/0/0/6,equal,50,50,,,f61d42b75948043ced8bd39c477b9d47974abfb5bf72e3a640ecdd4ba459a39f,f61d42b75948043ced8bd39c477b9d47974abfb5bf72e3a640ecdd4ba459a39f,25648,25648,NCGR graphics,NCGR graphics
"포켓몬스터 하트골드 (Korea, IPKK, header ROM version 0)","포켓몬스터 소울실버 (Korea, IPGK, header ROM version 0)",/a/0/0/6,equal,51,51,,,aa384e17d5d7f24482d1567801633fee41ce5740c83123664c65fac74f233742,aa384e17d5d7f24482d1567801633fee41ce5740c83123664c65fac74f233742,552,552,NCLR palette,NCLR palette
"포켓몬스터 하트골드 (Korea, IPKK, header ROM version 0)","포켓몬스터 소울실버 (Korea, IPGK, header ROM version 0)",/a/0/0/6,equal,52,52,,,153e5745047442c3dae849e7d58324cb797226b8ffde588a58d2b000c0aafb84,153e5745047442c3dae849e7d58324cb797226b8ffde588a58d2b000c0aafb84,666,666,NCER cell,NCER cell
"포켓몬스터 하트골드 (Korea, IPKK, header ROM version 0)","포켓몬스터 소울실버 (Korea, IPGK, header ROM version 0)",/a/0/0/6,equal,53,53,,,5f415e65f50a42449d97106ff027ab76374824530ec32376f8ba78d2d70a1f85,5f415e65f50a42449d97106ff027ab76374824530ec32376f8ba78d2d70a1f85,358,358,NANR animation,NANR animation
"포켓몬스터 하트골드 (Korea, IPKK, header ROM version 0)","포켓몬스터 소울실버 (Korea, IPGK, header ROM version 0)",/a/0/0/6,equal,54,54,,,b51580a97ad9b90815658f98e878f1a6e616bfa702293581e31bf15f843a9644,b51580a97ad9b90815658f98e878f1a6e616bfa702293581e31bf15f843a9644,6448,6448,NCGR graphics,NCGR graphics
"포켓몬스터 하트골드 (Korea, IPKK, header ROM version 0)","포켓몬스터 소울실버 (Korea, IPGK, header ROM version 0)",/a/0/0/6,equal,55,55,,,6af7f951bd014bfcc7096f4925b632b80cc62cd3ea56647e25aa63c96aec7c88,6af7f951bd014bfcc7096f4925b632b80cc62cd3ea56647e25aa63c96aec7c88,25648,25648,NCGR graphics,NCGR graphics
"포켓몬스터 하트골드 (Korea, IPKK, header ROM version 0)","포켓몬스터 소울실버 (Korea, IPGK, header ROM version 0)",/a/0/0/6,equal,56,56,,,5a66745bf5e10d31dac089037c97468b3ef09ca8f3af0b275f12e019a1aa89ba,5a66745bf5e10d31dac089037c97468b3ef09ca8f3af0b275f12e019a1aa89ba,552,552,NCLR palette,NCLR palette
"포켓몬스터 하트골드 (Korea, IPKK, header ROM version 0)","포켓몬스터 소울실버 (Korea, IPGK, header ROM version 0)",/a/0/0/6,equal,57,57,,,153e5745047442c3dae849e7d58324cb797226b8ffde588a58d2b000c0aafb84,153e5745047442c3dae849e7d58324cb797226b8ffde588a58d2b000c0aafb84,666,666,NCER cell,NCER cell
"포켓몬스터 하트골드 (Korea, IPKK, header ROM version 0)","포켓몬스터 소울실버 (Korea, IPGK, header ROM version 0)",/a/0/0/6,equal,58,58,,,5f415e65f50a42449d97106ff027ab76374824530ec32376f8ba78d2d70a1f85,5f415e65f50a42449d97106ff027ab76374824530ec32376f8ba78d2d70a1f85,358,358,NANR animation,NANR animation
"포켓몬스터 하트골드 (Korea, IPKK, header ROM version 0)","포켓몬스터 소울실버 (Korea, IPGK, header ROM version 0)",/a/0/0/6,equal,59,59,,,778cfbcf6b1197d607997ef8bd9bf6fb7a35224ce328595de4a0b3783539c349,778cfbcf6b1197d607997ef8bd9bf6fb7a35224ce328595de4a0b3783539c349,6448,6448,NCGR graphics,NCGR graphics
"포켓몬스터 하트골드 (Korea, IPKK, header ROM version 0)","포켓몬스터 소울실버 (Korea, IPGK, header ROM version 0)",/a/0/0/6,equal,60,60,,,19751505e65f00588d842c682bd98dd5c29f14bf372c09836325b719c5870a41,19751505e65f00588d842c682bd98dd5c29f14bf372c09836325b719c5870a41,25648,25648,NCGR graphics,NCGR graphics
"포켓몬스터 하트골드 (Korea, IPKK, header ROM version 0)","포켓몬스터 소울실버 (Korea, IPGK, header ROM version 0)",/a/0/0/6,equal,61,61,,,b9a6436618a8a311ab08afd75fc5ff6634c15b75eb2f2773b6883df2ff258eb1,b9a6436618a8a311ab08afd75fc5ff6634c15b75eb2f2773b6883df2ff258eb1,552,552,NCLR palette,NCLR palette
"포켓몬스터 하트골드 (Korea, IPKK, header ROM version 0)","포켓몬스터 소울실버 (Korea, IPGK, header ROM version 0)",/a/0/0/6,equal,62,62,,,153e5745047442c3dae849e7d58324cb797226b8ffde588a58d2b000c0aafb84,153e5745047442c3dae849e7d58324cb797226b8ffde588a58d2b000c0aafb84,666,666,NCER cell,NCER cell
"포켓몬스터 하트골드 (Korea, IPKK, header ROM version 0)","포켓몬스터 소울실버 (Korea, IPGK, header ROM version 0)",/a/0/0/6,equal,63,63,,,5f415e65f50a42449d97106ff027ab76374824530ec32376f8ba78d2d70a1f85,5f415e65f50a42449d97106ff027ab76374824530ec32376f8ba78d2d70a1f85,358,358,NANR animation,NANR animation
"포켓몬스터 하트골드 (Korea, IPKK, header ROM version 0)","포켓몬스터 소울실버 (Korea, IPGK, header ROM version 0)",/a/0/0/6,equal,64,64,,,b5568ab6ae31c8f2d8073319c3028d917c576e77156c6b05ba548b388811b343,b5568ab6ae31c8f2d8073319c3028d917c576e77156c6b05ba548b388811b343,6448,6448,NCGR graphics,NCGR graphics
"포켓몬스터 하트골드 (Korea, IPKK, header ROM version 0)","포켓몬스터 소울실버 (Korea, IPGK, header ROM version 0)",/a/0/0/6,equal,65,65,,,6349bbddf0dfc01b769045d64d14422bbd996584c3ac60fca6d68f72ea52e56f,6349bbddf0dfc01b769045d64d14422bbd996584c3ac60fca6d68f72ea52e56f,25648,25648,NCGR graphics,NCGR graphics
"포켓몬스터 하트골드 (Korea, IPKK, header ROM version 0)","포켓몬스터 소울실버 (Korea, IPGK, header ROM version 0)",/a/0/0/6,equal,66,66,,,2d88f2bd013a29b73e3b0199cb68296699df39bde066316b50b2be6d7c0d7949,2d88f2bd013a29b73e3b0199cb68296699df39bde066316b50b2be6d7c0d7949,552,552,NCLR palette,NCLR palette
"포켓몬스터 하트골드 (Korea, IPKK, header ROM version 0)","포켓몬스터 소울실버 (Korea, IPGK, header ROM version 0)",/a/0/0/6,equal,67,67,,,153e5745047442c3dae849e7d58324cb797226b8ffde588a58d2b000c0aafb84,153e5745047442c3dae849e7d58324cb797226b8ffde588a58d2b000c0aafb84,666,666,NCER cell,NCER cell
"포켓몬스터 하트골드 (Korea, IPKK, header ROM version 0)","포켓몬스터 소울실버 (Korea, IPGK, header ROM version 0)",/a/0/0/6,equal,68,68,,,5f415e65f50a42449d97106ff027ab76374824530ec32376f8ba78d2d70a1f85,5f415e65f50a42449d97106ff027ab76374824530ec32376f8ba78d2d70a1f85,358,358,NANR animation,NANR animation
"포켓몬스터 하트골드 (Korea, IPKK, header ROM version 0)","포켓몬스터 소울실버 (Korea, IPGK, header ROM version 0)",/a/0/0/6,equal,69,69,,,43369623dceab51238362b199cd6320d98ea41e857318123f0dc7fd9aec15312,43369623dceab51238362b199cd6320d98ea41e857318123f0dc7fd9aec15312,6448,6448,NCGR graphics,NCGR graphics
"포켓몬스터 하트골드 (Korea, IPKK, header ROM version 0)","포켓몬스터 소울실버 (Korea, IPGK, header ROM version 0)",/a/0/0/6,equal,70,70,,,a622c8b4e3a280df3ac116a671452c6771c649694cb88e7851cce7af4393eea2,a622c8b4e3a280df3ac116a671452c6771c649694cb88e7851cce7af4393eea2,25648,25648,NCGR graphics,NCGR graphics
"포켓몬스터 하트골드 (Korea, IPKK, header ROM version 0)","포켓몬스터 소울실버 (Korea, IPGK, header ROM version 0)",/a/0/0/6,equal,71,71,,,b3a479ecf665fbbf3c0f49a8cd8234dd3b94d90c21b33f67627d2606a3b697d7,b3a479ecf665fbbf3c0f49a8cd8234dd3b94d90c21b33f67627d2606a3b697d7,552,552,NCLR palette,NCLR palette
"포켓몬스터 하트골드 (Korea, IPKK, header ROM version 0)","포켓몬스터 소울실버 (Korea, IPGK, header ROM version 0)",/a/0/0/6,equal,72,72,,,153e5745047442c3dae849e7d58324cb797226b8ffde588a58d2b000c0aafb84,153e5745047442c3dae849e7d58324cb797226b8ffde588a58d2b000c0aafb84,666,666,NCER cell,NCER cell
"포켓몬스터 하트골드 (Korea, IPKK, header ROM version 0)","포켓몬스터 소울실버 (Korea, IPGK, header ROM version 0)",/a/0/0/6,equal,73,73,,,5f415e65f50a42449d97106ff027ab76374824530ec32376f8ba78d2d70a1f85,5f415e65f50a42449d97106ff027ab76374824530ec32376f8ba78d2d70a1f85,358,358,NANR animation,NANR animation
"포켓몬스터 하트골드 (Korea, IPKK, header ROM version 0)","포켓몬스터 소울실버 (Korea, IPGK, header ROM version 0)",/a/0/0/6,equal,74,74,,,707e6c9988f62f6236e2c30a215b034a6972b2d114e3eefd954bf07329c602ba,707e6c9988f62f6236e2c30a215b034a6972b2d114e3eefd954bf07329c602ba,6448,6448,NCGR graphics,NCGR graphics
"포켓몬스터 하트골드 (Korea, IPKK, header ROM version 0)","포켓몬스터 소울실버 (Korea, IPGK, header ROM version 0)",/a/0/0/6,equal,75,75,,,b811ee6f362ce88e9d3a0ba57675dd32358680050a41ec658b927db2c5ffc748,b811ee6f362ce88e9d3a0ba57675dd32358680050a41ec658b927db2c5ffc748,25648,25648,NCGR graphics,NCGR graphics
"포켓몬스터 하트골드 (Korea, IPKK, header ROM version 0)","포켓몬스터 소울실버 (Korea, IPGK, header ROM version 0)",/a/0/0/6,equal,76,76,,,258836f57d0349ecb908f89637dfd2fe8981131a05ac7ebd57ab76be21dfaaef,258836f57d0349ecb908f89637dfd2fe8981131a05ac7ebd57ab76be21dfaaef,552,552,NCLR palette,NCLR palette
"포켓몬스터 하트골드 (Korea, IPKK, header ROM version 0)","포켓몬스터 소울실버 (Korea, IPGK, header ROM version 0)",/a/0/0/6,equal,77,77,,,f5bc078fd258cd31ac6eead5e8aae74120ee7810ec8bc37f505092309f07907e,f5bc078fd258cd31ac6eead5e8aae74120ee7810ec8bc37f505092309f07907e,666,666,NCER cell,NCER cell
"포켓몬스터 하트골드 (Korea, IPKK, header ROM version 0)","포켓몬스터 소울실버 (Korea, IPGK, header ROM version 0)",/a/0/0/6,equal,78,78,,,6924b3d76a2144a4ea9830a380ff1d2fe77a458223a3e8e41a264a585d3035f1,6924b3d76a2144a4ea9830a380ff1d2fe77a458223a3e8e41a264a585d3035f1,358,358,NANR animation,NANR animation
"포켓몬스터 하트골드 (Korea, IPKK, header ROM version 0)","포켓몬스터 소울실버 (Korea, IPGK, header ROM version 0)",/a/0/0/6,equal,79,79,,,2b33329a3ee0b5af4450519659934cb4a434a8acd629d27f43db2b24a5792798,2b33329a3ee0b5af4450519659934cb4a434a8acd629d27f43db2b24a5792798,6448,6448,NCGR graphics,NCGR graphics
"포켓몬스터 하트골드 (Korea, IPKK, header ROM version 0)","포켓몬스터 소울실버 (Korea, IPGK, header ROM version 0)",/a/0/0/6,equal,80,80,,,f791abcc6d8414edac3085989d781669369ef41adf29e6beaa502cb99529481d,f791abcc6d8414edac3085989d781669369ef41adf29e6beaa502cb99529481d,25648,25648,NCGR graphics,NCGR graphics
"포켓몬스터 하트골드 (Korea, IPKK, header ROM version 0)","포켓몬스터 소울실버 (Korea, IPGK, header ROM version 0)",/a/0/0/6,equal,81,81,,,1a334e2c0cf5799358d52a569e85c5e0fdacd076d0e11a84318dae474b46afba,1a334e2c0cf5799358d52a569e85c5e0fdacd076d0e11a84318dae474b46afba,552,552,NCLR palette,NCLR palette
"포켓몬스터 하트골드 (Korea, IPKK, header ROM version 0)","포켓몬스터 소울실버 (Korea, IPGK, header ROM version 0)",/a/0/0/6,equal,82,82,,,f5bc078fd258cd31ac6eead5e8aae74120ee7810ec8bc37f505092309f07907e,f5bc078fd258cd31ac6eead5e8aae74120ee7810ec8bc37f505092309f07907e,666,666,NCER cell,NCER cell
"포켓몬스터 하트골드 (Korea, IPKK, header ROM version 0)","포켓몬스터 소울실버 (Korea, IPGK, header ROM version 0)",/a/0/0/6,equal,83,83,,,def1fc0192d6d7fe68e645efbdbcb3bcd2f9d9707aa37cba15283d2f07dbd182,def1fc0192d6d7fe68e645efbdbcb3bcd2f9d9707aa37cba15283d2f07dbd182,358,358,NANR animation,NANR animation
"포켓몬스터 하트골드 (Korea, IPKK, header ROM version 0)","포켓몬스터 소울실버 (Korea, IPGK, header ROM version 0)",/a/0/0/6,equal,84,84,,,50027a9613471a683a8d56e5f8a3f2d6f1503f78ceea2c5191854b9fed9ec7ac,50027a9613471a683a8d56e5f8a3f2d6f1503f78ceea2c5191854b9fed9ec7ac,6448,6448,NCGR graphics,NCGR graphics
"포켓몬스터 하트골드 (Korea, IPKK, header ROM version 0)","포켓몬스터 소울실버 (Korea, IPGK, header ROM version 0)",/a/0/0/7,equal,0,0,,,808fc828a23e708ea074a71adbecafd627fdc7d655c918e1fcb79453d6840141,808fc828a23e708ea074a71adbecafd627fdc7d655c918e1fcb79453d6840141,4036,4036,Nintendo LZ10,Nintendo LZ10
"포켓몬스터 하트골드 (Korea, IPKK, header ROM version 0)","포켓몬스터 소울실버 (Korea, IPGK, header ROM version 0)",/a/0/0/7,equal,1,1,,,31493a8cb9b8cdb8f9b2fe227d61c8125e69bb87c4460d212b3a8e4678763da6,31493a8cb9b8cdb8f9b2fe227d61c8125e69bb87c4460d212b3a8e4678763da6,328,328,Nintendo LZ10,Nintendo LZ10
"포켓몬스터 하트골드 (Korea, IPKK, header ROM version 0)","포켓몬스터 소울실버 (Korea, IPGK, header ROM version 0)",/a/0/0/7,equal,2,2,,,6a071fd873e02baee5ee69aaf9dc21276fb0e20a774bc7ce7870c8069ca8b6ac,6a071fd873e02baee5ee69aaf9dc21276fb0e20a774bc7ce7870c8069ca8b6ac,3104,3104,Nintendo LZ10,Nintendo LZ10
"포켓몬스터 하트골드 (Korea, IPKK, header ROM version 0)","포켓몬스터 소울실버 (Korea, IPGK, header ROM version 0)",/a/0/0/7,equal,3,3,,,8dac1abb3e85ffd0d96b558ed432c2cf81b3bdfc46073890533062a1fc3ebcf6,8dac1abb3e85ffd0d96b558ed432c2cf81b3bdfc46073890533062a1fc3ebcf6,11592,11592,Nintendo LZ10,Nintendo LZ10
"포켓몬스터 하트골드 (Korea, IPKK, header ROM version 0)","포켓몬스터 소울실버 (Korea, IPGK, header ROM version 0)",/a/0/0/7,equal,4,4,,,40ee1da69989d833371aef872b4a3d05c4e0015988b01536d7ee3e85792669ec,40ee1da69989d833371aef872b4a3d05c4e0015988b01536d7ee3e85792669ec,12592,12592,Nintendo LZ10,Nintendo LZ10
"포켓몬스터 하트골드 (Korea, IPKK, header ROM version 0)","포켓몬스터 소울실버 (Korea, IPGK, header ROM version 0)",/a/0/0/7,equal,5,5,,,b7777efd28a63ecda6247a8846efa086449f28683eb0658c5509f7db510093be,b7777efd28a63ecda6247a8846efa086449f28683eb0658c5509f7db510093be,18000,18000,Nintendo LZ10,Nintendo LZ10
"포켓몬스터 하트골드 (Korea, IPKK, header ROM version 0)","포켓몬스터 소울실버 (Korea, IPGK, header ROM version 0)",/a/0/0/7,equal,6,6,,,9ec7167d39c94bb8576e087766cd0d1585ee022a419cd3fe348fcfe74932c5a4,9ec7167d39c94bb8576e087766cd0d1585ee022a419cd3fe348fcfe74932c5a4,21172,21172,Nintendo LZ10,Nintendo LZ10
"포켓몬스터 하트골드 (Korea, IPKK, header ROM version 0)","포켓몬스터 소울실버 (Korea, IPGK, header ROM version 0)",/a/0/0/7,equal,7,7,,,4c17126d47eced1f933d4c0faf91bcd0f590e77be32a17387319c55ae8f4e3e0,4c17126d47eced1f933d4c0faf91bcd0f590e77be32a17387319c55ae8f4e3e0,18560,18560,Nintendo LZ10,Nintendo LZ10
"포켓몬스터 하트골드 (Korea, IPKK, header ROM version 0)","포켓몬스터 소울실버 (Korea, IPGK, header ROM version 0)",/a/0/0/7,equal,8,8,,,0f52f61c9277a82acc0950150c20078179652224269d1d5b836723ad093fe94b,0f52f61c9277a82acc0950150c20078179652224269d1d5b836723ad093fe94b,19548,19548,Nintendo LZ10,Nintendo LZ10
"포켓몬스터 하트골드 (Korea, IPKK, header ROM version 0)","포켓몬스터 소울실버 (Korea, IPGK, header ROM version 0)",/a/0/0/7,equal,9,9,,,1eea5294ca35e0b8e530ff9421d9e3a4b8ba255bec3d23fd37a46faafe297a53,1eea5294ca35e0b8e530ff9421d9e3a4b8ba255bec3d23fd37a46faafe297a53,15576,15576,Nintendo LZ10,Nintendo LZ10
"포켓몬스터 하트골드 (Korea, IPKK, header ROM version 0)","포켓몬스터 소울실버 (Korea, IPGK, header ROM version 0)",/a/0/0/7,equal,10,10,,,102590a6d8dc3b3c50ce6271b08350fc8841bbabddf107334b418223384e90cf,102590a6d8dc3b3c50ce6271b08350fc8841bbabddf107334b418223384e90cf,14444,14444,Nintendo LZ10,Nintendo LZ10
"포켓몬스터 하트골드 (Korea, IPKK, header ROM version 0)","포켓몬스터 소울실버 (Korea, IPGK, header ROM version 0)",/a/0/0/7,equal,11,11,,,b97cbf7ee1d80cc69c4d8dcc746c665e3c1c2f7114a76caded4571bfcfcf3ee0,b97cbf7ee1d80cc69c4d8dcc746c665e3c1c2f7114a76caded4571bfcfcf3ee0,17860,17860,Nintendo LZ10,Nintendo LZ10
"포켓몬스터 하트골드 (Korea, IPKK, header ROM version 0)","포켓몬스터 소울실버 (Korea, IPGK, header ROM version 0)",/a/0/0/7,equal,12,12,,,02f597bb609f30d2bfc306c4151934335565862584f35bca47ffa21a998f9b19,02f597bb609f30d2bfc306c4151934335565862584f35bca47ffa21a998f9b19,12412,12412,Nintendo LZ10,Nintendo LZ10
"포켓몬스터 하트골드 (Korea, IPKK, header ROM version 0)","포켓몬스터 소울실버 (Korea, IPGK, header ROM version 0)",/a/0/0/7,equal,13,13,,,9b8c2056c9dadb8062a9c9252807fbc364b143c0283c0341b18d9e9a47424dfe,9b8c2056c9dadb8062a9c9252807fbc364b143c0283c0341b18d9e9a47424dfe,11936,11936,Nintendo LZ10,Nintendo LZ10
"포켓몬스터 하트골드 (Korea, IPKK, header ROM version 0)","포켓몬스터 소울실버 (Korea, IPGK, header ROM version 0)",/a/0/0/7,equal,14,14,,,80f8897ad8af07b4371f9f82e7db587ef6ca516c75e4ef6ef27880326b21dce5,80f8897ad8af07b4371f9f82e7db587ef6ca516c75e4ef6ef27880326b21dce5,9796,9796,Nintendo LZ10,Nintendo LZ10
"포켓몬스터 하트골드 (Korea, IPKK, header ROM version 0)","포켓몬스터 소울실버 (Korea, IPGK, header ROM version 0)",/a/0/0/7,equal,15,15,,,aa8e21251ac729af732a513dd4ba1e69c13fe8cf0966e57502c748ebc99fd99c,aa8e21251ac729af732a513dd4ba1e69c13fe8cf0966e57502c748ebc99fd99c,13768,13768,Nintendo LZ10,Nintendo LZ10
"포켓몬스터 하트골드 (Korea, IPKK, header ROM version 0)","포켓몬스터 소울실버 (Korea, IPGK, header ROM version 0)",/a/0/0/7,equal,16,16,,,aa8e21251ac729af732a513dd4ba1e69c13fe8cf0966e57502c748ebc99fd99c,aa8e21251ac729af732a513dd4ba1e69c13fe8cf0966e57502c748ebc99fd99c,13768,13768,Nintendo LZ10,Nintendo LZ10
"포켓몬스터 하트골드 (Korea, IPKK, header ROM version 0)","포켓몬스터 소울실버 (Korea, IPGK, header ROM version 0)",/a/0/0/7,equal,17,17,,,aa8e21251ac729af732a513dd4ba1e69c13fe8cf0966e57502c748ebc99fd99c,aa8e21251ac729af732a513dd4ba1e69c13fe8cf0966e57502c748ebc99fd99c,13768,13768,Nintendo LZ10,Nintendo LZ10
"포켓몬스터 하트골드 (Korea, IPKK, header ROM version 0)","포켓몬스터 소울실버 (Korea, IPGK, header ROM version 0)",/a/0/0/7,equal,18,18,,,aa8e21251ac729af732a513dd4ba1e69c13fe8cf0966e57502c748ebc99fd99c,aa8e21251ac729af732a513dd4ba1e69c13fe8cf0966e57502c748ebc99fd99c,13768,13768,Nintendo LZ10,Nintendo LZ10
"포켓몬스터 하트골드 (Korea, IPKK, header ROM version 0)","포켓몬스터 소울실버 (Korea, IPGK, header ROM version 0)",/a/0/0/7,equal,19,19,,,d3b9353c7fcc5d58949b6761411e7c1fbd70b488d2e1f036bf077cab553f57b0,d3b9353c7fcc5d58949b6761411e7c1fbd70b488d2e1f036bf077cab553f57b0,15556,15556,Nintendo LZ10,Nintendo LZ10
"포켓몬스터 하트골드 (Korea, IPKK, header ROM version 0)","포켓몬스터 소울실버 (Korea, IPGK, header ROM version 0)",/a/0/0/7,equal,20,20,,,b1aac0a498e9181686bbb379457a0718360c0170a8a4f453035d9317975d1508,b1aac0a498e9181686bbb379457a0718360c0170a8a4f453035d9317975d1508,21372,21372,Nintendo LZ10,Nintendo LZ10
"포켓몬스터 하트골드 (Korea, IPKK, header ROM version 0)","포켓몬스터 소울실버 (Korea, IPGK, header ROM version 0)",/a/0/0/7,equal,21,21,,,102590a6d8dc3b3c50ce6271b08350fc8841bbabddf107334b418223384e90cf,102590a6d8dc3b3c50ce6271b08350fc8841bbabddf107334b418223384e90cf,14444,14444,Nintendo LZ10,Nintendo LZ10
"포켓몬스터 하트골드 (Korea, IPKK, header ROM version 0)","포켓몬스터 소울실버 (Korea, IPGK, header ROM version 0)",/a/0/0/7,equal,22,22,,,b97cbf7ee1d80cc69c4d8dcc746c665e3c1c2f7114a76caded4571bfcfcf3ee0,b97cbf7ee1d80cc69c4d8dcc746c665e3c1c2f7114a76caded4571bfcfcf3ee0,17860,17860,Nintendo LZ10,Nintendo LZ10
"포켓몬스터 하트골드 (Korea, IPKK, header ROM version 0)","포켓몬스터 소울실버 (Korea, IPGK, header ROM version 0)",/a/0/0/7,equal,23,23,,,102590a6d8dc3b3c50ce6271b08350fc8841bbabddf107334b418223384e90cf,102590a6d8dc3b3c50ce6271b08350fc8841bbabddf107334b418223384e90cf,14444,14444,Nintendo LZ10,Nintendo LZ10
"포켓몬스터 하트골드 (Korea, IPKK, header ROM version 0)","포켓몬스터 소울실버 (Korea, IPGK, header ROM version 0)",/a/0/0/7,equal,24,24,,,2317697e04df7bf8b52ffa2f8ca9bfb17ad2d5ef375b2fcc13171aacce56bf0f,2317697e04df7bf8b52ffa2f8ca9bfb17ad2d5ef375b2fcc13171aacce56bf0f,14408,14408,Nintendo LZ10,Nintendo LZ10
"포켓몬스터 하트골드 (Korea, IPKK, header ROM version 0)","포켓몬스터 소울실버 (Korea, IPGK, header ROM version 0)",/a/0/0/7,equal,25,25,,,2317697e04df7bf8b52ffa2f8ca9bfb17ad2d5ef375b2fcc13171aacce56bf0f,2317697e04df7bf8b52ffa2f8ca9bfb17ad2d5ef375b2fcc13171aacce56bf0f,14408,14408,Nintendo LZ10,Nintendo LZ10
"포켓몬스터 하트골드 (Korea, IPKK, header ROM version 0)","포켓몬스터 소울실버 (Korea, IPGK, header ROM version 0)",/a/0/0/7,equal,26,26,,,1c6a4ce42b2505fa1244ae5a2768894075b31802d08c64705d3a809323b83a9c,1c6a4ce42b2505fa1244ae5a2768894075b31802d08c64705d3a809323b83a9c,4688,4688,Nintendo LZ10,Nintendo LZ10
"포켓몬스터 하트골드 (Korea, IPKK, header ROM version 0)","포켓몬스터 소울실버 (Korea, IPGK, header ROM version 0)",/a/0/0/7,equal,27,27,,,dfcf32c20e68f046dd9d317b3933e8c347480bb9a7601b7afdb99b80c07107bd,dfcf32c20e68f046dd9d317b3933e8c347480bb9a7601b7afdb99b80c07107bd,532,532,Nintendo LZ10,Nintendo LZ10
"포켓몬스터 하트골드 (Korea, IPKK, header ROM version 0)","포켓몬스터 소울실버 (Korea, IPGK, header ROM version 0)",/a/0/0/7,equal,28,28,,,84f5d8c16f1635fe696859087350bbb04a6d49a7efa2fdc9b52d181f78f2b1db,84f5d8c16f1635fe696859087350bbb04a6d49a7efa2fdc9b52d181f78f2b1db,5120,5120,Nintendo LZ10,Nintendo LZ10
"포켓몬스터 하트골드 (Korea, IPKK, header ROM version 0)","포켓몬스터 소울실버 (Korea, IPGK, header ROM version 0)",/a/0/0/7,equal,29,29,,,adb95810d1e6992e17de20ff5ab49a980c8303bf1315f0ff81529790ffcf936d,adb95810d1e6992e17de20ff5ab49a980c8303bf1315f0ff81529790ffcf936d,4300,4300,Nintendo LZ10,Nintendo LZ10
"포켓몬스터 하트골드 (Korea, IPKK, header ROM version 0)","포켓몬스터 소울실버 (Korea, IPGK, header ROM version 0)",/a/0/0/7,equal,30,30,,,e5e2e13240a57555a0f09d2b1cdaaec5222639b717a86170cc34611f1c895c17,e5e2e13240a57555a0f09d2b1cdaaec5222639b717a86170cc34611f1c895c17,4244,4244,Nintendo LZ10,Nintendo LZ10
"포켓몬스터 하트골드 (Korea, IPKK, header ROM version 0)","포켓몬스터 소울실버 (Korea, IPGK, header ROM version 0)",/a/0/0/7,equal,31,31,,,f6bfaf144bdba149a9bf74307ff13576a1e1d5154d5d3adaa17c87e656ae5885,f6bfaf144bdba149a9bf74307ff13576a1e1d5154d5d3adaa17c87e656ae5885,4812,4812,Nintendo LZ10,Nintendo LZ10
"포켓몬스터 하트골드 (Korea, IPKK, header ROM version 0)","포켓몬스터 소울실버 (Korea, IPGK, header ROM version 0)",/a/0/0/7,equal,32,32,,,8b1884af69ceaa1dee07ccc504821f3f67492363e42c663b9b04fa4d26627e2a,8b1884af69ceaa1dee07ccc504821f3f67492363e42c663b9b04fa4d26627e2a,5000,5000,Nintendo LZ10,Nintendo LZ10
"포켓몬스터 하트골드 (Korea, IPKK, header ROM version 0)","포켓몬스터 소울실버 (Korea, IPGK, header ROM version 0)",/a/0/0/7,equal,33,33,,,d92593c8ae0616a9db201bbaf3642879487af3fdd23d39781071e800e958019b,d92593c8ae0616a9db201bbaf3642879487af3fdd23d39781071e800e958019b,4300,4300,Nintendo LZ10,Nintendo LZ10
"포켓몬스터 하트골드 (Korea, IPKK, header ROM version 0)","포켓몬스터 소울실버 (Korea, IPGK, header ROM version 0)",/a/0/0/7,equal,34,34,,,2be33cb0bd7eb95032320c5848e85be206c2721fe0ea474bf9949faa1bd4fc51,2be33cb0bd7eb95032320c5848e85be206c2721fe0ea474bf9949faa1bd4fc51,4004,4004,Nintendo LZ10,Nintendo LZ10
"포켓몬스터 하트골드 (Korea, IPKK, header ROM version 0)","포켓몬스터 소울실버 (Korea, IPGK, header ROM version 0)",/a/0/0/7,equal,35,35,,,0e2695bbf33ab3a52f71bd4dfd73c3260278777c00d4246f148f5bf873cb7649,0e2695bbf33ab3a52f71bd4dfd73c3260278777c00d4246f148f5bf873cb7649,316,316,Nintendo LZ10,Nintendo LZ10
"포켓몬스터 하트골드 (Korea, IPKK, header ROM version 0)","포켓몬스터 소울실버 (Korea, IPGK, header ROM version 0)",/a/0/0/7,equal,36,36,,,e408f9d44d2e506f925186cbd53d304438a03a9834344692ce9af632b429ad58,e408f9d44d2e506f925186cbd53d304438a03a9834344692ce9af632b429ad58,584,584,Nintendo LZ10,Nintendo LZ10
"포켓몬스터 하트골드 (Korea, IPKK, header ROM version 0)","포켓몬스터 소울실버 (Korea, IPGK, header ROM version 0)",/a/0/0/7,equal,37,37,,,920c3c29536aa583889454e401743b9c772c944fb93889f80dd5477f1c8cc3cd,920c3c29536aa583889454e401743b9c772c944fb93889f80dd5477f1c8cc3cd,636,636,Nintendo LZ10,Nintendo LZ10
"포켓몬스터 하트골드 (Korea, IPKK, header ROM version 0)","포켓몬스터 소울실버 (Korea, IPGK, header ROM version 0)",/a/0/0/7,equal,38,38,,,de9daba3059c00eb9c6c42d0f12ca8404a4da9ba1a78f49b861eec66e71f7265,de9daba3059c00eb9c6c42d0f12ca8404a4da9ba1a78f49b861eec66e71f7265,644,644,Nintendo LZ10,Nintendo LZ10
"포켓몬스터 하트골드 (Korea, IPKK, header ROM version 0)","포켓몬스터 소울실버 (Korea, IPGK, header ROM version 0)",/a/0/0/7,equal,39,39,,,120239235a0f4aa9159b63ad708e57a3de212a8aad75685242c0ad1846a47abf,120239235a0f4aa9159b63ad708e57a3de212a8aad75685242c0ad1846a47abf,524,524,Nintendo LZ10,Nintendo LZ10
"포켓몬스터 하트골드 (Korea, IPKK, header ROM version 0)","포켓몬스터 소울실버 (Korea, IPGK, header ROM version 0)",/a/0/0/7,equal,40,40,,,33b0c019e4f85e2632f12a558e11ee08613db1c034529bfbecebdd8725d20fe0,33b0c019e4f85e2632f12a558e11ee08613db1c034529bfbecebdd8725d20fe0,344,344,Nintendo LZ10,Nintendo LZ10
"포켓몬스터 하트골드 (Korea, IPKK, header ROM version 0)","포켓몬스터 소울실버 (Korea, IPGK, header ROM version 0)",/a/0/0/7,equal,41,41,,,c7b201221a5c7e4e6cdc39e4821a4f19ec5fa9b9c91773211dd3fc4fb65527ad,c7b201221a5c7e4e6cdc39e4821a4f19ec5fa9b9c91773211dd3fc4fb65527ad,420,420,Nintendo LZ10,Nintendo LZ10
"포켓몬스터 하트골드 (Korea, IPKK, header ROM version 0)","포켓몬스터 소울실버 (Korea, IPGK, header ROM version 0)",/a/0/0/7,equal,42,42,,,61eaea531ef650a0089acd2166f3a3d3abcc65342e0fad033cef785316e7c492,61eaea531ef650a0089acd2166f3a3d3abcc65342e0fad033cef785316e7c492,332,332,Nintendo LZ10,Nintendo LZ10
"포켓몬스터 하트골드 (Korea, IPKK, header ROM version 0)","포켓몬스터 소울실버 (Korea, IPGK, header ROM version 0)",/a/0/0/7,equal,43,43,,,56ec9bac0baed0d8a13403fc5677d362a0c8ec2e60dacafa8e2a1516ce2533b9,56ec9bac0baed0d8a13403fc5677d362a0c8ec2e60dacafa8e2a1516ce2533b9,512,512,Nintendo LZ10,Nintendo LZ10
"포켓몬스터 하트골드 (Korea, IPKK, header ROM version 0)","포켓몬스터 소울실버 (Korea, IPGK, header ROM version 0)",/a/0/0/7,equal,44,44,,,5fd2a47dd86fedb3908f43a31d04f1f14ec1c9ad2173a207d5665cc507f238b1,5fd2a47dd86fedb3908f43a31d04f1f14ec1c9ad2173a207d5665cc507f238b1,984,984,Nintendo LZ10,Nintendo LZ10
"포켓몬스터 하트골드 (Korea, IPKK, header ROM version 0)","포켓몬스터 소울실버 (Korea, IPGK, header ROM version 0)",/a/0/0/7,equal,45,45,,,c671320d53e30a4507e7c6a734be4ae2cd15fb7133d752abe0439b9f2d6c14e7,c671320d53e30a4507e7c6a734be4ae2cd15fb7133d752abe0439b9f2d6c14e7,1096,1096,Nintendo LZ10,Nintendo LZ10
"포켓몬스터 하트골드 (Korea, IPKK, header ROM version 0)","포켓몬스터 소울실버 (Korea, IPGK, header ROM version 0)",/a/0/0/7,equal,46,46,,,6801b55347b80f49de88a4475c4666499e41332faa6358e82ccb9a2da1370efc,6801b55347b80f49de88a4475c4666499e41332faa6358e82ccb9a2da1370efc,2092,2092,Nintendo LZ10,Nintendo LZ10
"포켓몬스터 하트골드 (Korea, IPKK, header ROM version 0)","포켓몬스터 소울실버 (Korea, IPGK, header ROM version 0)",/a/0/0/7,equal,47,47,,,4b3ef8f60118307076bba45948fa48e0d58cc52c2c7cf02b4ab72ab0da3ba765,4b3ef8f60118307076bba45948fa48e0d58cc52c2c7cf02b4ab72ab0da3ba765,748,748,Nintendo LZ10,Nintendo LZ10
"포켓몬스터 하트골드 (Korea, IPKK, header ROM version 0)","포켓몬스터 소울실버 (Korea, IPGK, header ROM version 0)",/a/0/0/7,equal,48,48,,,801d228a3403a521ff8ef25f5ff7ea398c2642308e91f95363198691e447f5b6,801d228a3403a521ff8ef25f5ff7ea398c2642308e91f95363198691e447f5b6,480,480,Nintendo LZ10,Nintendo LZ10
"포켓몬스터 하트골드 (Korea, IPKK, header ROM version 0)","포켓몬스터 소울실버 (Korea, IPGK, header ROM version 0)",/a/0/0/7,equal,49,49,,,978386f4ff2a7094544ac38e12dd3870f629de82de49d6721c8bf01f1e614c62,978386f4ff2a7094544ac38e12dd3870f629de82de49d6721c8bf01f1e614c62,1048,1048,Nintendo LZ10,Nintendo LZ10
"포켓몬스터 하트골드 (Korea, IPKK, header ROM version 0)","포켓몬스터 소울실버 (Korea, IPGK, header ROM version 0)",/a/0/0/7,equal,50,50,,,f6a12c48084ee044c85c6dff095cd3cb507dd602053ed7fa71d1cd7c0a5eb922,f6a12c48084ee044c85c6dff095cd3cb507dd602053ed7fa71d1cd7c0a5eb922,504,504,Nintendo LZ10,Nintendo LZ10
"포켓몬스터 하트골드 (Korea, IPKK, header ROM version 0)","포켓몬스터 소울실버 (Korea, IPGK, header ROM version 0)",/a/0/0/7,equal,51,51,,,76c7befd822cc58efe55f05c4a855c4b4d97a3ef76cf35e0c79d8016c9c8162f,76c7befd822cc58efe55f05c4a855c4b4d97a3ef76cf35e0c79d8016c9c8162f,1084,1084,Nintendo LZ10,Nintendo LZ10
"포켓몬스터 하트골드 (Korea, IPKK, header ROM version 0)","포켓몬스터 소울실버 (Korea, IPGK, header ROM version 0)",/a/0/0/7,equal,52,52,,,8448f12f7f5b21125715efa81b9c2282c512e5180feb7a3ab1a03f7d924f6ad3,8448f12f7f5b21125715efa81b9c2282c512e5180feb7a3ab1a03f7d924f6ad3,408,408,Nintendo LZ10,Nintendo LZ10
"포켓몬스터 하트골드 (Korea, IPKK, header ROM version 0)","포켓몬스터 소울실버 (Korea, IPGK, header ROM version 0)",/a/0/0/7,equal,53,53,,,0ade3662d84ee3f99cbfebf2dd129cc935b844096bff5155a7de8aaac5061a71,0ade3662d84ee3f99cbfebf2dd129cc935b844096bff5155a7de8aaac5061a71,1080,1080,Nintendo LZ10,Nintendo LZ10
"포켓몬스터 하트골드 (Korea, IPKK, header ROM version 0)","포켓몬스터 소울실버 (Korea, IPGK, header ROM version 0)",/a/0/0/7,equal,54,54,,,5fb258642e678aa2d1291456de6fc221d12a57c802efb0315d4a12adbc8be75d,5fb258642e678aa2d1291456de6fc221d12a57c802efb0315d4a12adbc8be75d,472,472,Nintendo LZ10,Nintendo LZ10
"포켓몬스터 하트골드 (Korea, IPKK, header ROM version 0)","포켓몬스터 소울실버 (Korea, IPGK, header ROM version 0)",/a/0/0/7,equal,55,55,,,978386f4ff2a7094544ac38e12dd3870f629de82de49d6721c8bf01f1e614c62,978386f4ff2a7094544ac38e12dd3870f629de82de49d6721c8bf01f1e614c62,1048,1048,Nintendo LZ10,Nintendo LZ10
"포켓몬스터 하트골드 (Korea, IPKK, header ROM version 0)","포켓몬스터 소울실버 (Korea, IPGK, header ROM version 0)",/a/0/0/7,equal,56,56,,,d2998820735bea1c7d8d85c13a640f4a64d0197bd52558613bc61fdd42950aa9,d2998820735bea1c7d8d85c13a640f4a64d0197bd52558613bc61fdd42950aa9,2080,2080,Nintendo LZ10,Nintendo LZ10
"포켓몬스터 하트골드 (Korea, IPKK, header ROM version 0)","포켓몬스터 소울실버 (Korea, IPGK, header ROM version 0)",/a/0/0/7,equal,57,57,,,3d9f8fd76e20925beebf15098d0706426cfe81a51729cc39ce0464c697c34a14,3d9f8fd76e20925beebf15098d0706426cfe81a51729cc39ce0464c697c34a14,2080,2080,Nintendo LZ10,Nintendo LZ10
"포켓몬스터 하트골드 (Korea, IPKK, header ROM version 0)","포켓몬스터 소울실버 (Korea, IPGK, header ROM version 0)",/a/0/0/7,equal,58,58,,,934b3d7d5f2241e2966c0699ed7d18268d5b87d33db1d013ba38f8706009c39d,934b3d7d5f2241e2966c0699ed7d18268d5b87d33db1d013ba38f8706009c39d,1224,1224,Nintendo LZ10,Nintendo LZ10
"포켓몬스터 하트골드 (Korea, IPKK, header ROM version 0)","포켓몬스터 소울실버 (Korea, IPGK, header ROM version 0)",/a/0/0/7,equal,59,59,,,075093aef7723db12fd28b8faa3d4414b82f6b59950b04a0643c415070507165,075093aef7723db12fd28b8faa3d4414b82f6b59950b04a0643c415070507165,4832,4832,Nintendo LZ10,Nintendo LZ10
"포켓몬스터 하트골드 (Korea, IPKK, header ROM version 0)","포켓몬스터 소울실버 (Korea, IPGK, header ROM version 0)",/a/0/0/7,equal,60,60,,,bd95f990da5dcd04fae8116520a2f5c940d38f689a4f83a30dbed83d09fa4f55,bd95f990da5dcd04fae8116520a2f5c940d38f689a4f83a30dbed83d09fa4f55,1696,1696,Nintendo LZ10,Nintendo LZ10
"포켓몬스터 하트골드 (Korea, IPKK, header ROM version 0)","포켓몬스터 소울실버 (Korea, IPGK, header ROM version 0)",/a/0/0/7,equal,61,61,,,93878c6e32b77c121b83b10d1eb61d106c95f3ae0218cb5c6334cddb3ba5a667,93878c6e32b77c121b83b10d1eb61d106c95f3ae0218cb5c6334cddb3ba5a667,1584,1584,Nintendo LZ10,Nintendo LZ10
"포켓몬스터 하트골드 (Korea, IPKK, header ROM version 0)","포켓몬스터 소울실버 (Korea, IPGK, header ROM version 0)",/a/0/0/7,equal,62,62,,,d7ae237050e0d46d9f62b05df947d40e08ec0fb2807ceaee00d9f359bda4131f,d7ae237050e0d46d9f62b05df947d40e08ec0fb2807ceaee00d9f359bda4131f,1688,1688,Nintendo LZ10,Nintendo LZ10
"포켓몬스터 하트골드 (Korea, IPKK, header ROM version 0)","포켓몬스터 소울실버 (Korea, IPGK, header ROM version 0)",/a/0/0/7,equal,63,63,,,1b6a01c901dd1119e07e41e0e72fdbf8211e65cf8201f90d38cb45586313fbff,1b6a01c901dd1119e07e41e0e72fdbf8211e65cf8201f90d38cb45586313fbff,6456,6456,Nintendo LZ10,Nintendo LZ10
"포켓몬스터 하트골드 (Korea, IPKK, header ROM version 0)","포켓몬스터 소울실버 (Korea, IPGK, header ROM version 0)",/a/0/0/7,equal,64,64,,,0690126bcec16236dd5dd490b98ff84835e1df36e26698a0b3a4944ff9eb9d7f,0690126bcec16236dd5dd490b98ff84835e1df36e26698a0b3a4944ff9eb9d7f,5700,5700,Nintendo LZ10,Nintendo LZ10
"포켓몬스터 하트골드 (Korea, IPKK, header ROM version 0)","포켓몬스터 소울실버 (Korea, IPGK, header ROM version 0)",/a/0/0/7,equal,65,65,,,725e4a1bef28cc2a7ea4627c190a99fcbfc75f3a57b384b91541feb308092d56,725e4a1bef28cc2a7ea4627c190a99fcbfc75f3a57b384b91541feb308092d56,1592,1592,Nintendo LZ10,Nintendo LZ10
"포켓몬스터 하트골드 (Korea, IPKK, header ROM version 0)","포켓몬스터 소울실버 (Korea, IPGK, header ROM version 0)",/a/0/0/7,equal,66,66,,,e61e810054558f7bc35d8c8d37b1bad0bb0460d421388a8ccf56d66a7ae8a57d,e61e810054558f7bc35d8c8d37b1bad0bb0460d421388a8ccf56d66a7ae8a57d,1664,1664,Nintendo LZ10,Nintendo LZ10
"포켓몬스터 하트골드 (Korea, IPKK, header ROM version 0)","포켓몬스터 소울실버 (Korea, IPGK, header ROM version 0)",/a/0/0/7,equal,67,67,,,b2837a84831b93e1cddb5fa899e0357120e87fd2086ebb29fecb7b93b04d54bc,b2837a84831b93e1cddb5fa899e0357120e87fd2086ebb29fecb7b93b04d54bc,1536,1536,Nintendo LZ10,Nintendo LZ10
"포켓몬스터 하트골드 (Korea, IPKK, header ROM version 0)","포켓몬스터 소울실버 (Korea, IPGK, header ROM version 0)",/a/0/0/7,equal,68,68,,,7e061906f3cbabe93cab003eaafa36378bada21b7666e2fd07e9d6e7f52827c5,7e061906f3cbabe93cab003eaafa36378bada21b7666e2fd07e9d6e7f52827c5,1532,1532,Nintendo LZ10,Nintendo LZ10
"포켓몬스터 하트골드 (Korea, IPKK, header ROM version 0)","포켓몬스터 소울실버 (Korea, IPGK, header ROM version 0)",/a/0/0/7,equal,69,69,,,26e246656d06f0ab4f63c96183fc27e0d47b57453411f413d4058c3d78f5dd0c,26e246656d06f0ab4f63c96183fc27e0d47b57453411f413d4058c3d78f5dd0c,1536,1536,Nintendo LZ10,Nintendo LZ10
"포켓몬스터 하트골드 (Korea, IPKK, header ROM version 0)","포켓몬스터 소울실버 (Korea, IPGK, header ROM version 0)",/a/0/0/7,equal,70,70,,,79baef7f067304edf8672b888129f687e4bfe039dd3dceecd48b069c087c0912,79baef7f067304edf8672b888129f687e4bfe039dd3dceecd48b069c087c0912,3592,3592,Nintendo LZ10,Nintendo LZ10
"포켓몬스터 하트골드 (Korea, IPKK, header ROM version 0)","포켓몬스터 소울실버 (Korea, IPGK, header ROM version 0)",/a/0/0/7,equal,71,71,,,34549afcc68d8610768f72112c57d10d588844b9591cefed3a0d99954ec99772,34549afcc68d8610768f72112c57d10d588844b9591cefed3a0d99954ec99772,1480,1480,Nintendo LZ10,Nintendo LZ10
"포켓몬스터 하트골드 (Korea, IPKK, header ROM version 0)","포켓몬스터 소울실버 (Korea, IPGK, header ROM version 0)",/a/0/0/7,equal,72,72,,,2d4cdac5994684c9ddb7c83687faa7095fff27611b0bfb96ff23fc262fa3fe31,2d4cdac5994684c9ddb7c83687faa7095fff27611b0bfb96ff23fc262fa3fe31,3648,3648,Nintendo LZ10,Nintendo LZ10
"포켓몬스터 하트골드 (Korea, IPKK, header ROM version 0)","포켓몬스터 소울실버 (Korea, IPGK, header ROM version 0)",/a/0/0/7,equal,73,73,,,f1a464f1450bd27bbec6c2d51af4bcc409162879ffe8785df5e8923588788256,f1a464f1450bd27bbec6c2d51af4bcc409162879ffe8785df5e8923588788256,988,988,Nintendo LZ10,Nintendo LZ10
"포켓몬스터 하트골드 (Korea, IPKK, header ROM version 0)","포켓몬스터 소울실버 (Korea, IPGK, header ROM version 0)",/a/0/0/7,equal,74,74,,,2010c8b87d3dcff2b45bc8b9d47a8999caedb329ac62606b9ef9db66aa2e39de,2010c8b87d3dcff2b45bc8b9d47a8999caedb329ac62606b9ef9db66aa2e39de,1156,1156,Nintendo LZ10,Nintendo LZ10
"포켓몬스터 하트골드 (Korea, IPKK, header ROM version 0)","포켓몬스터 소울실버 (Korea, IPGK, header ROM version 0)",/a/0/0/7,equal,75,75,,,4bcd665117382cac05148aeac500fd7e53a5f99e4f9a40584050445c98752558,4bcd665117382cac05148aeac500fd7e53a5f99e4f9a40584050445c98752558,1688,1688,Nintendo LZ10,Nintendo LZ10
"포켓몬스터 하트골드 (Korea, IPKK, header ROM version 0)","포켓몬스터 소울실버 (Korea, IPGK, header ROM version 0)",/a/0/0/7,equal,76,76,,,7507f08222473fae8c0ffa10ab59350acaf6ac0985c399b01590a9d85548f71f,7507f08222473fae8c0ffa10ab59350acaf6ac0985c399b01590a9d85548f71f,1156,1156,Nintendo LZ10,Nintendo LZ10
"포켓몬스터 하트골드 (Korea, IPKK, header ROM version 0)","포켓몬스터 소울실버 (Korea, IPGK, header ROM version 0)",/a/0/0/7,equal,77,77,,,c6d80ddb0bbbbb3d191a9f180e660c635f940cfbd5c2e01b94c127cbe0356ab5,c6d80ddb0bbbbb3d191a9f180e660c635f940cfbd5c2e01b94c127cbe0356ab5,1328,1328,Nintendo LZ10,Nintendo LZ10
"포켓몬스터 하트골드 (Korea, IPKK, header ROM version 0)","포켓몬스터 소울실버 (Korea, IPGK, header ROM version 0)",/a/0/0/7,equal,78,78,,,282b58f79365012a7e123463d04aef85a18488b4b13f056bc8973caf5e064a46,282b58f79365012a7e123463d04aef85a18488b4b13f056bc8973caf5e064a46,1312,1312,Nintendo LZ10,Nintendo LZ10
"포켓몬스터 하트골드 (Korea, IPKK, header ROM version 0)","포켓몬스터 소울실버 (Korea, IPGK, header ROM version 0)",/a/0/0/7,equal,79,79,,,08065a771a112eac8890a94c8bf145c316818f39c245306fd5c1ef0aced289dd,08065a771a112eac8890a94c8bf145c316818f39c245306fd5c1ef0aced289dd,3292,3292,Nintendo LZ10,Nintendo LZ10
