left,right,container_chain,operation,left_member_index,right_member_index,left_name,right_name,left_sha256,right_sha256,left_size,right_size,left_format,right_format
"Pokémon Diamond Version (USA, ADAE, header ROM version 5)","Pokémon Pearl Version (USA, APAE, header ROM version 5)",/application/custom_ball/data/cb_data.narc,equal,0,0,,,56cebe0323cfe1115a7c3041be0f8cf0bd9fe9ae15fa7999766cda2df6367f33,56cebe0323cfe1115a7c3041be0f8cf0bd9fe9ae15fa7999766cda2df6367f33,92,92,Nintendo LZ10,Nintendo LZ10
"Pokémon Diamond Version (USA, ADAE, header ROM version 5)","Pokémon Pearl Version (USA, APAE, header ROM version 5)",/application/custom_ball/data/cb_data.narc,equal,1,1,,,56cebe0323cfe1115a7c3041be0f8cf0bd9fe9ae15fa7999766cda2df6367f33,56cebe0323cfe1115a7c3041be0f8cf0bd9fe9ae15fa7999766cda2df6367f33,92,92,Nintendo LZ10,Nintendo LZ10
"Pokémon Diamond Version (USA, ADAE, header ROM version 5)","Pokémon Pearl Version (USA, APAE, header ROM version 5)",/application/custom_ball/data/cb_data.narc,equal,2,2,,,56cebe0323cfe1115a7c3041be0f8cf0bd9fe9ae15fa7999766cda2df6367f33,56cebe0323cfe1115a7c3041be0f8cf0bd9fe9ae15fa7999766cda2df6367f33,92,92,Nintendo LZ10,Nintendo LZ10
"Pokémon Diamond Version (USA, ADAE, header ROM version 5)","Pokémon Pearl Version (USA, APAE, header ROM version 5)",/application/custom_ball/data/cb_data.narc,equal,3,3,,,56cebe0323cfe1115a7c3041be0f8cf0bd9fe9ae15fa7999766cda2df6367f33,56cebe0323cfe1115a7c3041be0f8cf0bd9fe9ae15fa7999766cda2df6367f33,92,92,Nintendo LZ10,Nintendo LZ10
"Pokémon Diamond Version (USA, ADAE, header ROM version 5)","Pokémon Pearl Version (USA, APAE, header ROM version 5)",/application/custom_ball/data/cb_data.narc,equal,4,4,,,56cebe0323cfe1115a7c3041be0f8cf0bd9fe9ae15fa7999766cda2df6367f33,56cebe0323cfe1115a7c3041be0f8cf0bd9fe9ae15fa7999766cda2df6367f33,92,92,Nintendo LZ10,Nintendo LZ10
"Pokémon Diamond Version (USA, ADAE, header ROM version 5)","Pokémon Pearl Version (USA, APAE, header ROM version 5)",/application/custom_ball/data/cb_data.narc,equal,5,5,,,56cebe0323cfe1115a7c3041be0f8cf0bd9fe9ae15fa7999766cda2df6367f33,56cebe0323cfe1115a7c3041be0f8cf0bd9fe9ae15fa7999766cda2df6367f33,92,92,Nintendo LZ10,Nintendo LZ10
"Pokémon Diamond Version (USA, ADAE, header ROM version 5)","Pokémon Pearl Version (USA, APAE, header ROM version 5)",/application/custom_ball/data/cb_data.narc,equal,6,6,,,56cebe0323cfe1115a7c3041be0f8cf0bd9fe9ae15fa7999766cda2df6367f33,56cebe0323cfe1115a7c3041be0f8cf0bd9fe9ae15fa7999766cda2df6367f33,92,92,Nintendo LZ10,Nintendo LZ10
"Pokémon Diamond Version (USA, ADAE, header ROM version 5)","Pokémon Pearl Version (USA, APAE, header ROM version 5)",/application/custom_ball/data/cb_data.narc,equal,7,7,,,56cebe0323cfe1115a7c3041be0f8cf0bd9fe9ae15fa7999766cda2df6367f33,56cebe0323cfe1115a7c3041be0f8cf0bd9fe9ae15fa7999766cda2df6367f33,92,92,Nintendo LZ10,Nintendo LZ10
"Pokémon Diamond Version (USA, ADAE, header ROM version 5)","Pokémon Pearl Version (USA, APAE, header ROM version 5)",/application/custom_ball/data/cb_data.narc,equal,8,8,,,56cebe0323cfe1115a7c3041be0f8cf0bd9fe9ae15fa7999766cda2df6367f33,56cebe0323cfe1115a7c3041be0f8cf0bd9fe9ae15fa7999766cda2df6367f33,92,92,Nintendo LZ10,Nintendo LZ10
"Pokémon Diamond Version (USA, ADAE, header ROM version 5)","Pokémon Pearl Version (USA, APAE, header ROM version 5)",/application/custom_ball/data/cb_data.narc,equal,9,9,,,56cebe0323cfe1115a7c3041be0f8cf0bd9fe9ae15fa7999766cda2df6367f33,56cebe0323cfe1115a7c3041be0f8cf0bd9fe9ae15fa7999766cda2df6367f33,92,92,Nintendo LZ10,Nintendo LZ10
"Pokémon Diamond Version (USA, ADAE, header ROM version 5)","Pokémon Pearl Version (USA, APAE, header ROM version 5)",/application/custom_ball/data/cb_data.narc,equal,10,10,,,56cebe0323cfe1115a7c3041be0f8cf0bd9fe9ae15fa7999766cda2df6367f33,56cebe0323cfe1115a7c3041be0f8cf0bd9fe9ae15fa7999766cda2df6367f33,92,92,Nintendo LZ10,Nintendo LZ10
"Pokémon Diamond Version (USA, ADAE, header ROM version 5)","Pokémon Pearl Version (USA, APAE, header ROM version 5)",/application/custom_ball/data/cb_data.narc,equal,11,11,,,56cebe0323cfe1115a7c3041be0f8cf0bd9fe9ae15fa7999766cda2df6367f33,56cebe0323cfe1115a7c3041be0f8cf0bd9fe9ae15fa7999766cda2df6367f33,92,92,Nintendo LZ10,Nintendo LZ10
"Pokémon Diamond Version (USA, ADAE, header ROM version 5)","Pokémon Pearl Version (USA, APAE, header ROM version 5)",/application/custom_ball/data/cb_data.narc,equal,12,12,,,56cebe0323cfe1115a7c3041be0f8cf0bd9fe9ae15fa7999766cda2df6367f33,56cebe0323cfe1115a7c3041be0f8cf0bd9fe9ae15fa7999766cda2df6367f33,92,92,Nintendo LZ10,Nintendo LZ10
"Pokémon Diamond Version (USA, ADAE, header ROM version 5)","Pokémon Pearl Version (USA, APAE, header ROM version 5)",/application/custom_ball/data/cb_data.narc,equal,13,13,,,56cebe0323cfe1115a7c3041be0f8cf0bd9fe9ae15fa7999766cda2df6367f33,56cebe0323cfe1115a7c3041be0f8cf0bd9fe9ae15fa7999766cda2df6367f33,92,92,Nintendo LZ10,Nintendo LZ10
"Pokémon Diamond Version (USA, ADAE, header ROM version 5)","Pokémon Pearl Version (USA, APAE, header ROM version 5)",/application/custom_ball/data/cb_data.narc,equal,14,14,,,56cebe0323cfe1115a7c3041be0f8cf0bd9fe9ae15fa7999766cda2df6367f33,56cebe0323cfe1115a7c3041be0f8cf0bd9fe9ae15fa7999766cda2df6367f33,92,92,Nintendo LZ10,Nintendo LZ10
"Pokémon Diamond Version (USA, ADAE, header ROM version 5)","Pokémon Pearl Version (USA, APAE, header ROM version 5)",/application/custom_ball/data/cb_data.narc,equal,15,15,,,56cebe0323cfe1115a7c3041be0f8cf0bd9fe9ae15fa7999766cda2df6367f33,56cebe0323cfe1115a7c3041be0f8cf0bd9fe9ae15fa7999766cda2df6367f33,92,92,Nintendo LZ10,Nintendo LZ10
"Pokémon Diamond Version (USA, ADAE, header ROM version 5)","Pokémon Pearl Version (USA, APAE, header ROM version 5)",/application/custom_ball/data/cb_data.narc,equal,16,16,,,56cebe0323cfe1115a7c3041be0f8cf0bd9fe9ae15fa7999766cda2df6367f33,56cebe0323cfe1115a7c3041be0f8cf0bd9fe9ae15fa7999766cda2df6367f33,92,92,Nintendo LZ10,Nintendo LZ10
"Pokémon Diamond Version (USA, ADAE, header ROM version 5)","Pokémon Pearl Version (USA, APAE, header ROM version 5)",/application/custom_ball/data/cb_data.narc,equal,17,17,,,56cebe0323cfe1115a7c3041be0f8cf0bd9fe9ae15fa7999766cda2df6367f33,56cebe0323cfe1115a7c3041be0f8cf0bd9fe9ae15fa7999766cda2df6367f33,92,92,Nintendo LZ10,Nintendo LZ10
"Pokémon Diamond Version (USA, ADAE, header ROM version 5)","Pokémon Pearl Version (USA, APAE, header ROM version 5)",/application/custom_ball/data/cb_data.narc,equal,18,18,,,56cebe0323cfe1115a7c3041be0f8cf0bd9fe9ae15fa7999766cda2df6367f33,56cebe0323cfe1115a7c3041be0f8cf0bd9fe9ae15fa7999766cda2df6367f33,92,92,Nintendo LZ10,Nintendo LZ10
"Pokémon Diamond Version (USA, ADAE, header ROM version 5)","Pokémon Pearl Version (USA, APAE, header ROM version 5)",/application/custom_ball/data/cb_data.narc,equal,19,19,,,56cebe0323cfe1115a7c3041be0f8cf0bd9fe9ae15fa7999766cda2df6367f33,56cebe0323cfe1115a7c3041be0f8cf0bd9fe9ae15fa7999766cda2df6367f33,92,92,Nintendo LZ10,Nintendo LZ10
"Pokémon Diamond Version (USA, ADAE, header ROM version 5)","Pokémon Pearl Version (USA, APAE, header ROM version 5)",/application/custom_ball/data/cb_data.narc,equal,20,20,,,56cebe0323cfe1115a7c3041be0f8cf0bd9fe9ae15fa7999766cda2df6367f33,56cebe0323cfe1115a7c3041be0f8cf0bd9fe9ae15fa7999766cda2df6367f33,92,92,Nintendo LZ10,Nintendo LZ10
"Pokémon Diamond Version (USA, ADAE, header ROM version 5)","Pokémon Pearl Version (USA, APAE, header ROM version 5)",/application/custom_ball/data/cb_data.narc,equal,21,21,,,56cebe0323cfe1115a7c3041be0f8cf0bd9fe9ae15fa7999766cda2df6367f33,56cebe0323cfe1115a7c3041be0f8cf0bd9fe9ae15fa7999766cda2df6367f33,92,92,Nintendo LZ10,Nintendo LZ10
"Pokémon Diamond Version (USA, ADAE, header ROM version 5)","Pokémon Pearl Version (USA, APAE, header ROM version 5)",/application/custom_ball/data/cb_data.narc,equal,22,22,,,56cebe0323cfe1115a7c3041be0f8cf0bd9fe9ae15fa7999766cda2df6367f33,56cebe0323cfe1115a7c3041be0f8cf0bd9fe9ae15fa7999766cda2df6367f33,92,92,Nintendo LZ10,Nintendo LZ10
"Pokémon Diamond Version (USA, ADAE, header ROM version 5)","Pokémon Pearl Version (USA, APAE, header ROM version 5)",/application/custom_ball/data/cb_data.narc,equal,23,23,,,56cebe0323cfe1115a7c3041be0f8cf0bd9fe9ae15fa7999766cda2df6367f33,56cebe0323cfe1115a7c3041be0f8cf0bd9fe9ae15fa7999766cda2df6367f33,92,92,Nintendo LZ10,Nintendo LZ10
"Pokémon Diamond Version (USA, ADAE, header ROM version 5)","Pokémon Pearl Version (USA, APAE, header ROM version 5)",/application/custom_ball/data/cb_data.narc,equal,24,24,,,56cebe0323cfe1115a7c3041be0f8cf0bd9fe9ae15fa7999766cda2df6367f33,56cebe0323cfe1115a7c3041be0f8cf0bd9fe9ae15fa7999766cda2df6367f33,92,92,Nintendo LZ10,Nintendo LZ10
"Pokémon Diamond Version (USA, ADAE, header ROM version 5)","Pokémon Pearl Version (USA, APAE, header ROM version 5)",/application/custom_ball/data/cb_data.narc,equal,25,25,,,56cebe0323cfe1115a7c3041be0f8cf0bd9fe9ae15fa7999766cda2df6367f33,56cebe0323cfe1115a7c3041be0f8cf0bd9fe9ae15fa7999766cda2df6367f33,92,92,Nintendo LZ10,Nintendo LZ10
"Pokémon Diamond Version (USA, ADAE, header ROM version 5)","Pokémon Pearl Version (USA, APAE, header ROM version 5)",/application/custom_ball/data/cb_data.narc,equal,26,26,,,56cebe0323cfe1115a7c3041be0f8cf0bd9fe9ae15fa7999766cda2df6367f33,56cebe0323cfe1115a7c3041be0f8cf0bd9fe9ae15fa7999766cda2df6367f33,92,92,Nintendo LZ10,Nintendo LZ10
"Pokémon Diamond Version (USA, ADAE, header ROM version 5)","Pokémon Pearl Version (USA, APAE, header ROM version 5)",/application/custom_ball/data/cb_data.narc,equal,27,27,,,56cebe0323cfe1115a7c3041be0f8cf0bd9fe9ae15fa7999766cda2df6367f33,56cebe0323cfe1115a7c3041be0f8cf0bd9fe9ae15fa7999766cda2df6367f33,92,92,Nintendo LZ10,Nintendo LZ10
"Pokémon Diamond Version (USA, ADAE, header ROM version 5)","Pokémon Pearl Version (USA, APAE, header ROM version 5)",/application/custom_ball/data/cb_data.narc,equal,28,28,,,56cebe0323cfe1115a7c3041be0f8cf0bd9fe9ae15fa7999766cda2df6367f33,56cebe0323cfe1115a7c3041be0f8cf0bd9fe9ae15fa7999766cda2df6367f33,92,92,Nintendo LZ10,Nintendo LZ10
"Pokémon Diamond Version (USA, ADAE, header ROM version 5)","Pokémon Pearl Version (USA, APAE, header ROM version 5)",/application/custom_ball/data/cb_data.narc,equal,29,29,,,56cebe0323cfe1115a7c3041be0f8cf0bd9fe9ae15fa7999766cda2df6367f33,56cebe0323cfe1115a7c3041be0f8cf0bd9fe9ae15fa7999766cda2df6367f33,92,92,Nintendo LZ10,Nintendo LZ10
"Pokémon Diamond Version (USA, ADAE, header ROM version 5)","Pokémon Pearl Version (USA, APAE, header ROM version 5)",/application/custom_ball/data/cb_data.narc,equal,30,30,,,56cebe0323cfe1115a7c3041be0f8cf0bd9fe9ae15fa7999766cda2df6367f33,56cebe0323cfe1115a7c3041be0f8cf0bd9fe9ae15fa7999766cda2df6367f33,92,92,Nintendo LZ10,Nintendo LZ10
"Pokémon Diamond Version (USA, ADAE, header ROM version 5)","Pokémon Pearl Version (USA, APAE, header ROM version 5)",/application/custom_ball/data/cb_data.narc,equal,31,31,,,56cebe0323cfe1115a7c3041be0f8cf0bd9fe9ae15fa7999766cda2df6367f33,56cebe0323cfe1115a7c3041be0f8cf0bd9fe9ae15fa7999766cda2df6367f33,92,92,Nintendo LZ10,Nintendo LZ10
"Pokémon Diamond Version (USA, ADAE, header ROM version 5)","Pokémon Pearl Version (USA, APAE, header ROM version 5)",/application/custom_ball/data/cb_data.narc,equal,32,32,,,56cebe0323cfe1115a7c3041be0f8cf0bd9fe9ae15fa7999766cda2df6367f33,56cebe0323cfe1115a7c3041be0f8cf0bd9fe9ae15fa7999766cda2df6367f33,92,92,Nintendo LZ10,Nintendo LZ10
"Pokémon Diamond Version (USA, ADAE, header ROM version 5)","Pokémon Pearl Version (USA, APAE, header ROM version 5)",/application/custom_ball/data/cb_data.narc,equal,33,33,,,56cebe0323cfe1115a7c3041be0f8cf0bd9fe9ae15fa7999766cda2df6367f33,56cebe0323cfe1115a7c3041be0f8cf0bd9fe9ae15fa7999766cda2df6367f33,92,92,Nintendo LZ10,Nintendo LZ10
"Pokémon Diamond Version (USA, ADAE, header ROM version 5)","Pokémon Pearl Version (USA, APAE, header ROM version 5)",/application/custom_ball/data/cb_data.narc,equal,34,34,,,56cebe0323cfe1115a7c3041be0f8cf0bd9fe9ae15fa7999766cda2df6367f33,56cebe0323cfe1115a7c3041be0f8cf0bd9fe9ae15fa7999766cda2df6367f33,92,92,Nintendo LZ10,Nintendo LZ10
"Pokémon Diamond Version (USA, ADAE, header ROM version 5)","Pokémon Pearl Version (USA, APAE, header ROM version 5)",/application/custom_ball/data/cb_data.narc,equal,35,35,,,56cebe0323cfe1115a7c3041be0f8cf0bd9fe9ae15fa7999766cda2df6367f33,56cebe0323cfe1115a7c3041be0f8cf0bd9fe9ae15fa7999766cda2df6367f33,92,92,Nintendo LZ10,Nintendo LZ10
"Pokémon Diamond Version (USA, ADAE, header ROM version 5)","Pokémon Pearl Version (USA, APAE, header ROM version 5)",/application/custom_ball/data/cb_data.narc,equal,36,36,,,56cebe0323cfe1115a7c3041be0f8cf0bd9fe9ae15fa7999766cda2df6367f33,56cebe0323cfe1115a7c3041be0f8cf0bd9fe9ae15fa7999766cda2df6367f33,92,92,Nintendo LZ10,Nintendo LZ10
"Pokémon Diamond Version (USA, ADAE, header ROM version 5)","Pokémon Pearl Version (USA, APAE, header ROM version 5)",/application/custom_ball/data/cb_data.narc,equal,37,37,,,56cebe0323cfe1115a7c3041be0f8cf0bd9fe9ae15fa7999766cda2df6367f33,56cebe0323cfe1115a7c3041be0f8cf0bd9fe9ae15fa7999766cda2df6367f33,92,92,Nintendo LZ10,Nintendo LZ10
"Pokémon Diamond Version (USA, ADAE, header ROM version 5)","Pokémon Pearl Version (USA, APAE, header ROM version 5)",/application/custom_ball/data/cb_data.narc,equal,38,38,,,56cebe0323cfe1115a7c3041be0f8cf0bd9fe9ae15fa7999766cda2df6367f33,56cebe0323cfe1115a7c3041be0f8cf0bd9fe9ae15fa7999766cda2df6367f33,92,92,Nintendo LZ10,Nintendo LZ10
"Pokémon Diamond Version (USA, ADAE, header ROM version 5)","Pokémon Pearl Version (USA, APAE, header ROM version 5)",/application/custom_ball/data/cb_data.narc,equal,39,39,,,56cebe0323cfe1115a7c3041be0f8cf0bd9fe9ae15fa7999766cda2df6367f33,56cebe0323cfe1115a7c3041be0f8cf0bd9fe9ae15fa7999766cda2df6367f33,92,92,Nintendo LZ10,Nintendo LZ10
"Pokémon Diamond Version (USA, ADAE, header ROM version 5)","Pokémon Pearl Version (USA, APAE, header ROM version 5)",/application/custom_ball/data/cb_data.narc,equal,40,40,,,56cebe0323cfe1115a7c3041be0f8cf0bd9fe9ae15fa7999766cda2df6367f33,56cebe0323cfe1115a7c3041be0f8cf0bd9fe9ae15fa7999766cda2df6367f33,92,92,Nintendo LZ10,Nintendo LZ10
"Pokémon Diamond Version (USA, ADAE, header ROM version 5)","Pokémon Pearl Version (USA, APAE, header ROM version 5)",/application/custom_ball/data/cb_data.narc,equal,41,41,,,56cebe0323cfe1115a7c3041be0f8cf0bd9fe9ae15fa7999766cda2df6367f33,56cebe0323cfe1115a7c3041be0f8cf0bd9fe9ae15fa7999766cda2df6367f33,92,92,Nintendo LZ10,Nintendo LZ10
"Pokémon Diamond Version (USA, ADAE, header ROM version 5)","Pokémon Pearl Version (USA, APAE, header ROM version 5)",/application/custom_ball/data/cb_data.narc,equal,42,42,,,56cebe0323cfe1115a7c3041be0f8cf0bd9fe9ae15fa7999766cda2df6367f33,56cebe0323cfe1115a7c3041be0f8cf0bd9fe9ae15fa7999766cda2df6367f33,92,92,Nintendo LZ10,Nintendo LZ10
"Pokémon Diamond Version (USA, ADAE, header ROM version 5)","Pokémon Pearl Version (USA, APAE, header ROM version 5)",/application/custom_ball/data/cb_data.narc,equal,43,43,,,56cebe0323cfe1115a7c3041be0f8cf0bd9fe9ae15fa7999766cda2df6367f33,56cebe0323cfe1115a7c3041be0f8cf0bd9fe9ae15fa7999766cda2df6367f33,92,92,Nintendo LZ10,Nintendo LZ10
"Pokémon Diamond Version (USA, ADAE, header ROM version 5)","Pokémon Pearl Version (USA, APAE, header ROM version 5)",/application/custom_ball/data/cb_data.narc,equal,44,44,,,56cebe0323cfe1115a7c3041be0f8cf0bd9fe9ae15fa7999766cda2df6367f33,56cebe0323cfe1115a7c3041be0f8cf0bd9fe9ae15fa7999766cda2df6367f33,92,92,Nintendo LZ10,Nintendo LZ10
"Pokémon Diamond Version (USA, ADAE, header ROM version 5)","Pokémon Pearl Version (USA, APAE, header ROM version 5)",/application/custom_ball/data/cb_data.narc,equal,45,45,,,56cebe0323cfe1115a7c3041be0f8cf0bd9fe9ae15fa7999766cda2df6367f33,56cebe0323cfe1115a7c3041be0f8cf0bd9fe9ae15fa7999766cda2df6367f33,92,92,Nintendo LZ10,Nintendo LZ10
"Pokémon Diamond Version (USA, ADAE, header ROM version 5)","Pokémon Pearl Version (USA, APAE, header ROM version 5)",/application/custom_ball/data/cb_data.narc,equal,46,46,,,56cebe0323cfe1115a7c3041be0f8cf0bd9fe9ae15fa7999766cda2df6367f33,56cebe0323cfe1115a7c3041be0f8cf0bd9fe9ae15fa7999766cda2df6367f33,92,92,Nintendo LZ10,Nintendo LZ10
"Pokémon Diamond Version (USA, ADAE, header ROM version 5)","Pokémon Pearl Version (USA, APAE, header ROM version 5)",/application/custom_ball/data/cb_data.narc,equal,47,47,,,56cebe0323cfe1115a7c3041be0f8cf0bd9fe9ae15fa7999766cda2df6367f33,56cebe0323cfe1115a7c3041be0f8cf0bd9fe9ae15fa7999766cda2df6367f33,92,92,Nintendo LZ10,Nintendo LZ10
"Pokémon Diamond Version (USA, ADAE, header ROM version 5)","Pokémon Pearl Version (USA, APAE, header ROM version 5)",/application/custom_ball/data/cb_data.narc,equal,48,48,,,56cebe0323cfe1115a7c3041be0f8cf0bd9fe9ae15fa7999766cda2df6367f33,56cebe0323cfe1115a7c3041be0f8cf0bd9fe9ae15fa7999766cda2df6367f33,92,92,Nintendo LZ10,Nintendo LZ10
"Pokémon Diamond Version (USA, ADAE, header ROM version 5)","Pokémon Pearl Version (USA, APAE, header ROM version 5)",/application/custom_ball/data/cb_data.narc,equal,49,49,,,56cebe0323cfe1115a7c3041be0f8cf0bd9fe9ae15fa7999766cda2df6367f33,56cebe0323cfe1115a7c3041be0f8cf0bd9fe9ae15fa7999766cda2df6367f33,92,92,Nintendo LZ10,Nintendo LZ10
"Pokémon Diamond Version (USA, ADAE, header ROM version 5)","Pokémon Pearl Version (USA, APAE, header ROM version 5)",/application/custom_ball/data/cb_data.narc,equal,50,50,,,56cebe0323cfe1115a7c3041be0f8cf0bd9fe9ae15fa7999766cda2df6367f33,56cebe0323cfe1115a7c3041be0f8cf0bd9fe9ae15fa7999766cda2df6367f33,92,92,Nintendo LZ10,Nintendo LZ10
"Pokémon Diamond Version (USA, ADAE, header ROM version 5)","Pokémon Pearl Version (USA, APAE, header ROM version 5)",/application/custom_ball/data/cb_data.narc,equal,51,51,,,56cebe0323cfe1115a7c3041be0f8cf0bd9fe9ae15fa7999766cda2df6367f33,56cebe0323cfe1115a7c3041be0f8cf0bd9fe9ae15fa7999766cda2df6367f33,92,92,Nintendo LZ10,Nintendo LZ10
"Pokémon Diamond Version (USA, ADAE, header ROM version 5)","Pokémon Pearl Version (USA, APAE, header ROM version 5)",/application/custom_ball/data/cb_data.narc,equal,52,52,,,56cebe0323cfe1115a7c3041be0f8cf0bd9fe9ae15fa7999766cda2df6367f33,56cebe0323cfe1115a7c3041be0f8cf0bd9fe9ae15fa7999766cda2df6367f33,92,92,Nintendo LZ10,Nintendo LZ10
"Pokémon Diamond Version (USA, ADAE, header ROM version 5)","Pokémon Pearl Version (USA, APAE, header ROM version 5)",/application/custom_ball/data/cb_data.narc,equal,53,53,,,56cebe0323cfe1115a7c3041be0f8cf0bd9fe9ae15fa7999766cda2df6367f33,56cebe0323cfe1115a7c3041be0f8cf0bd9fe9ae15fa7999766cda2df6367f33,92,92,Nintendo LZ10,Nintendo LZ10
"Pokémon Diamond Version (USA, ADAE, header ROM version 5)","Pokémon Pearl Version (USA, APAE, header ROM version 5)",/application/custom_ball/data/cb_data.narc,equal,54,54,,,56cebe0323cfe1115a7c3041be0f8cf0bd9fe9ae15fa7999766cda2df6367f33,56cebe0323cfe1115a7c3041be0f8cf0bd9fe9ae15fa7999766cda2df6367f33,92,92,Nintendo LZ10,Nintendo LZ10
"Pokémon Diamond Version (USA, ADAE, header ROM version 5)","Pokémon Pearl Version (USA, APAE, header ROM version 5)",/application/custom_ball/data/cb_data.narc,equal,55,55,,,56cebe0323cfe1115a7c3041be0f8cf0bd9fe9ae15fa7999766cda2df6367f33,56cebe0323cfe1115a7c3041be0f8cf0bd9fe9ae15fa7999766cda2df6367f33,92,92,Nintendo LZ10,Nintendo LZ10
"Pokémon Diamond Version (USA, ADAE, header ROM version 5)","Pokémon Pearl Version (USA, APAE, header ROM version 5)",/application/custom_ball/data/cb_data.narc,equal,56,56,,,56cebe0323cfe1115a7c3041be0f8cf0bd9fe9ae15fa7999766cda2df6367f33,56cebe0323cfe1115a7c3041be0f8cf0bd9fe9ae15fa7999766cda2df6367f33,92,92,Nintendo LZ10,Nintendo LZ10
"Pokémon Diamond Version (USA, ADAE, header ROM version 5)","Pokémon Pearl Version (USA, APAE, header ROM version 5)",/application/custom_ball/data/cb_data.narc,equal,57,57,,,56cebe0323cfe1115a7c3041be0f8cf0bd9fe9ae15fa7999766cda2df6367f33,56cebe0323cfe1115a7c3041be0f8cf0bd9fe9ae15fa7999766cda2df6367f33,92,92,Nintendo LZ10,Nintendo LZ10
"Pokémon Diamond Version (USA, ADAE, header ROM version 5)","Pokémon Pearl Version (USA, APAE, header ROM version 5)",/application/custom_ball/data/cb_data.narc,equal,58,58,,,56cebe0323cfe1115a7c3041be0f8cf0bd9fe9ae15fa7999766cda2df6367f33,56cebe0323cfe1115a7c3041be0f8cf0bd9fe9ae15fa7999766cda2df6367f33,92,92,Nintendo LZ10,Nintendo LZ10
"Pokémon Diamond Version (USA, ADAE, header ROM version 5)","Pokémon Pearl Version (USA, APAE, header ROM version 5)",/application/custom_ball/data/cb_data.narc,equal,59,59,,,56cebe0323cfe1115a7c3041be0f8cf0bd9fe9ae15fa7999766cda2df6367f33,56cebe0323cfe1115a7c3041be0f8cf0bd9fe9ae15fa7999766cda2df6367f33,92,92,Nintendo LZ10,Nintendo LZ10
"Pokémon Diamond Version (USA, ADAE, header ROM version 5)","Pokémon Pearl Version (USA, APAE, header ROM version 5)",/application/custom_ball/data/cb_data.narc,equal,60,60,,,56cebe0323cfe1115a7c3041be0f8cf0bd9fe9ae15fa7999766cda2df6367f33,56cebe0323cfe1115a7c3041be0f8cf0bd9fe9ae15fa7999766cda2df6367f33,92,92,Nintendo LZ10,Nintendo LZ10
"Pokémon Diamond Version (USA, ADAE, header ROM version 5)","Pokémon Pearl Version (USA, APAE, header ROM version 5)",/application/custom_ball/data/cb_data.narc,equal,61,61,,,56cebe0323cfe1115a7c3041be0f8cf0bd9fe9ae15fa7999766cda2df6367f33,56cebe0323cfe1115a7c3041be0f8cf0bd9fe9ae15fa7999766cda2df6367f33,92,92,Nintendo LZ10,Nintendo LZ10
"Pokémon Diamond Version (USA, ADAE, header ROM version 5)","Pokémon Pearl Version (USA, APAE, header ROM version 5)",/application/custom_ball/data/cb_data.narc,equal,62,62,,,56cebe0323cfe1115a7c3041be0f8cf0bd9fe9ae15fa7999766cda2df6367f33,56cebe0323cfe1115a7c3041be0f8cf0bd9fe9ae15fa7999766cda2df6367f33,92,92,Nintendo LZ10,Nintendo LZ10
"Pokémon Diamond Version (USA, ADAE, header ROM version 5)","Pokémon Pearl Version (USA, APAE, header ROM version 5)",/application/custom_ball/data/cb_data.narc,equal,63,63,,,56cebe0323cfe1115a7c3041be0f8cf0bd9fe9ae15fa7999766cda2df6367f33,56cebe0323cfe1115a7c3041be0f8cf0bd9fe9ae15fa7999766cda2df6367f33,92,92,Nintendo LZ10,Nintendo LZ10
"Pokémon Diamond Version (USA, ADAE, header ROM version 5)","Pokémon Pearl Version (USA, APAE, header ROM version 5)",/application/custom_ball/data/cb_data.narc,equal,64,64,,,56cebe0323cfe1115a7c3041be0f8cf0bd9fe9ae15fa7999766cda2df6367f33,56cebe0323cfe1115a7c3041be0f8cf0bd9fe9ae15fa7999766cda2df6367f33,92,92,Nintendo LZ10,Nintendo LZ10
"Pokémon Diamond Version (USA, ADAE, header ROM version 5)","Pokémon Pearl Version (USA, APAE, header ROM version 5)",/application/custom_ball/data/cb_data.narc,equal,65,65,,,56cebe0323cfe1115a7c3041be0f8cf0bd9fe9ae15fa7999766cda2df6367f33,56cebe0323cfe1115a7c3041be0f8cf0bd9fe9ae15fa7999766cda2df6367f33,92,92,Nintendo LZ10,Nintendo LZ10
"Pokémon Diamond Version (USA, ADAE, header ROM version 5)","Pokémon Pearl Version (USA, APAE, header ROM version 5)",/application/custom_ball/data/cb_data.narc,equal,66,66,,,56cebe0323cfe1115a7c3041be0f8cf0bd9fe9ae15fa7999766cda2df6367f33,56cebe0323cfe1115a7c3041be0f8cf0bd9fe9ae15fa7999766cda2df6367f33,92,92,Nintendo LZ10,Nintendo LZ10
"Pokémon Diamond Version (USA, ADAE, header ROM version 5)","Pokémon Pearl Version (USA, APAE, header ROM version 5)",/application/custom_ball/data/cb_data.narc,equal,67,67,,,56cebe0323cfe1115a7c3041be0f8cf0bd9fe9ae15fa7999766cda2df6367f33,56cebe0323cfe1115a7c3041be0f8cf0bd9fe9ae15fa7999766cda2df6367f33,92,92,Nintendo LZ10,Nintendo LZ10
"Pokémon Diamond Version (USA, ADAE, header ROM version 5)","Pokémon Pearl Version (USA, APAE, header ROM version 5)",/application/custom_ball/data/cb_data.narc,equal,68,68,,,56cebe0323cfe1115a7c3041be0f8cf0bd9fe9ae15fa7999766cda2df6367f33,56cebe0323cfe1115a7c3041be0f8cf0bd9fe9ae15fa7999766cda2df6367f33,92,92,Nintendo LZ10,Nintendo LZ10
"Pokémon Diamond Version (USA, ADAE, header ROM version 5)","Pokémon Pearl Version (USA, APAE, header ROM version 5)",/application/custom_ball/data/cb_data.narc,equal,69,69,,,56cebe0323cfe1115a7c3041be0f8cf0bd9fe9ae15fa7999766cda2df6367f33,56cebe0323cfe1115a7c3041be0f8cf0bd9fe9ae15fa7999766cda2df6367f33,92,92,Nintendo LZ10,Nintendo LZ10
"Pokémon Diamond Version (USA, ADAE, header ROM version 5)","Pokémon Pearl Version (USA, APAE, header ROM version 5)",/application/custom_ball/data/cb_data.narc,equal,70,70,,,56cebe0323cfe1115a7c3041be0f8cf0bd9fe9ae15fa7999766cda2df6367f33,56cebe0323cfe1115a7c3041be0f8cf0bd9fe9ae15fa7999766cda2df6367f33,92,92,Nintendo LZ10,Nintendo LZ10
"Pokémon Diamond Version (USA, ADAE, header ROM version 5)","Pokémon Pearl Version (USA, APAE, header ROM version 5)",/application/custom_ball/data/cb_data.narc,equal,71,71,,,56cebe0323cfe1115a7c3041be0f8cf0bd9fe9ae15fa7999766cda2df6367f33,56cebe0323cfe1115a7c3041be0f8cf0bd9fe9ae15fa7999766cda2df6367f33,92,92,Nintendo LZ10,Nintendo LZ10
"Pokémon Diamond Version (USA, ADAE, header ROM version 5)","Pokémon Pearl Version (USA, APAE, header ROM version 5)",/application/custom_ball/data/cb_data.narc,equal,72,72,,,56cebe0323cfe1115a7c3041be0f8cf0bd9fe9ae15fa7999766cda2df6367f33,56cebe0323cfe1115a7c3041be0f8cf0bd9fe9ae15fa7999766cda2df6367f33,92,92,Nintendo LZ10,Nintendo LZ10
"Pokémon Diamond Version (USA, ADAE, header ROM version 5)","Pokémon Pearl Version (USA, APAE, header ROM version 5)",/application/custom_ball/data/cb_data.narc,equal,73,73,,,56cebe0323cfe1115a7c3041be0f8cf0bd9fe9ae15fa7999766cda2df6367f33,56cebe0323cfe1115a7c3041be0f8cf0bd9fe9ae15fa7999766cda2df6367f33,92,92,Nintendo LZ10,Nintendo LZ10
"Pokémon Diamond Version (USA, ADAE, header ROM version 5)","Pokémon Pearl Version (USA, APAE, header ROM version 5)",/application/custom_ball/data/cb_data.narc,equal,74,74,,,56cebe0323cfe1115a7c3041be0f8cf0bd9fe9ae15fa7999766cda2df6367f33,56cebe0323cfe1115a7c3041be0f8cf0bd9fe9ae15fa7999766cda2df6367f33,92,92,Nintendo LZ10,Nintendo LZ10
"Pokémon Diamond Version (USA, ADAE, header ROM version 5)","Pokémon Pearl Version (USA, APAE, header ROM version 5)",/application/custom_ball/data/cb_data.narc,equal,75,75,,,56cebe0323cfe1115a7c3041be0f8cf0bd9fe9ae15fa7999766cda2df6367f33,56cebe0323cfe1115a7c3041be0f8cf0bd9fe9ae15fa7999766cda2df6367f33,92,92,Nintendo LZ10,Nintendo LZ10
"Pokémon Diamond Version (USA, ADAE, header ROM version 5)","Pokémon Pearl Version (USA, APAE, header ROM version 5)",/application/custom_ball/data/cb_data.narc,equal,76,76,,,56cebe0323cfe1115a7c3041be0f8cf0bd9fe9ae15fa7999766cda2df6367f33,56cebe0323cfe1115a7c3041be0f8cf0bd9fe9ae15fa7999766cda2df6367f33,92,92,Nintendo LZ10,Nintendo LZ10
"Pokémon Diamond Version (USA, ADAE, header ROM version 5)","Pokémon Pearl Version (USA, APAE, header ROM version 5)",/application/custom_ball/data/cb_data.narc,equal,77,77,,,56cebe0323cfe1115a7c3041be0f8cf0bd9fe9ae15fa7999766cda2df6367f33,56cebe0323cfe1115a7c3041be0f8cf0bd9fe9ae15fa7999766cda2df6367f33,92,92,Nintendo LZ10,Nintendo LZ10
"Pokémon Diamond Version (USA, ADAE, header ROM version 5)","Pokémon Pearl Version (USA, APAE, header ROM version 5)",/application/custom_ball/data/cb_data.narc,equal,78,78,,,56cebe0323cfe1115a7c3041be0f8cf0bd9fe9ae15fa7999766cda2df6367f33,56cebe0323cfe1115a7c3041be0f8cf0bd9fe9ae15fa7999766cda2df6367f33,92,92,Nintendo LZ10,Nintendo LZ10
"Pokémon Diamond Version (USA, ADAE, header ROM version 5)","Pokémon Pearl Version (USA, APAE, header ROM version 5)",/application/custom_ball/data/cb_data.narc,equal,79,79,,,56cebe0323cfe1115a7c3041be0f8cf0bd9fe9ae15fa7999766cda2df6367f33,56cebe0323cfe1115a7c3041be0f8cf0bd9fe9ae15fa7999766cda2df6367f33,92,92,Nintendo LZ10,Nintendo LZ10
"Pokémon Diamond Version (USA, ADAE, header ROM version 5)","Pokémon Pearl Version (USA, APAE, header ROM version 5)",/application/custom_ball/data/cb_data.narc,equal,80,80,,,56cebe0323cfe1115a7c3041be0f8cf0bd9fe9ae15fa7999766cda2df6367f33,56cebe0323cfe1115a7c3041be0f8cf0bd9fe9ae15fa7999766cda2df6367f33,92,92,Nintendo LZ10,Nintendo LZ10
"Pokémon Diamond Version (USA, ADAE, header ROM version 5)","Pokémon Pearl Version (USA, APAE, header ROM version 5)",/application/custom_ball/data/cb_data.narc,equal,81,81,,,51d9b4ddbd6db641133e950fced8427eebc7450c603b1160207323004ae7c883,51d9b4ddbd6db641133e950fced8427eebc7450c603b1160207323004ae7c883,152,152,Nintendo LZ10,Nintendo LZ10
"Pokémon Diamond Version (USA, ADAE, header ROM version 5)","Pokémon Pearl Version (USA, APAE, header ROM version 5)",/application/custom_ball/data/cb_data.narc,equal,82,82,,,56247b7babef4d310cd7b921ad4f683012dd7591edd6e1883e030a132a62549f,56247b7babef4d310cd7b921ad4f683012dd7591edd6e1883e030a132a62549f,108,108,Nintendo LZ10,Nintendo LZ10
"Pokémon Diamond Version (USA, ADAE, header ROM version 5)","Pokémon Pearl Version (USA, APAE, header ROM version 5)",/application/custom_ball/data/cb_data.narc,equal,83,83,,,2e3a8e2424e356862ff676a89e395e318893a22479b3db4605c696ce56a85c8a,2e3a8e2424e356862ff676a89e395e318893a22479b3db4605c696ce56a85c8a,100,100,Nintendo LZ10,Nintendo LZ10
"Pokémon Diamond Version (USA, ADAE, header ROM version 5)","Pokémon Pearl Version (USA, APAE, header ROM version 5)",/application/custom_ball/data/cb_data.narc,equal,84,84,,,2e3a8e2424e356862ff676a89e395e318893a22479b3db4605c696ce56a85c8a,2e3a8e2424e356862ff676a89e395e318893a22479b3db4605c696ce56a85c8a,100,100,Nintendo LZ10,Nintendo LZ10
"Pokémon Diamond Version (USA, ADAE, header ROM version 5)","Pokémon Pearl Version (USA, APAE, header ROM version 5)",/application/custom_ball/data/cb_data.narc,equal,85,85,,,7972fda7e550c0d040b9dd94b6f53ea8ba59fa4f299af77bc2936fe353184519,7972fda7e550c0d040b9dd94b6f53ea8ba59fa4f299af77bc2936fe353184519,100,100,Nintendo LZ10,Nintendo LZ10
"Pokémon Diamond Version (USA, ADAE, header ROM version 5)","Pokémon Pearl Version (USA, APAE, header ROM version 5)",/application/custom_ball/data/cb_data.narc,equal,86,86,,,7972fda7e550c0d040b9dd94b6f53ea8ba59fa4f299af77bc2936fe353184519,7972fda7e550c0d040b9dd94b6f53ea8ba59fa4f299af77bc2936fe353184519,100,100,Nintendo LZ10,Nintendo LZ10
"Pokémon Diamond Version (USA, ADAE, header ROM version 5)","Pokémon Pearl Version (USA, APAE, header ROM version 5)",/application/custom_ball/data/cb_data.narc,equal,87,87,,,46440c028241b3b814e2b4f606b71036c7d1df73f17a82174fba35b0d9446760,46440c028241b3b814e2b4f606b71036c7d1df73f17a82174fba35b0d9446760,108,108,Nintendo LZ10,Nintendo LZ10
"Pokémon Diamond Version (USA, ADAE, header ROM version 5)","Pokémon Pearl Version (USA, APAE, header ROM version 5)",/application/custom_ball/data/cb_data.narc,equal,88,88,,,56cebe0323cfe1115a7c3041be0f8cf0bd9fe9ae15fa7999766cda2df6367f33,56cebe0323cfe1115a7c3041be0f8cf0bd9fe9ae15fa7999766cda2df6367f33,92,92,Nintendo LZ10,Nintendo LZ10
"Pokémon Diamond Version (USA, ADAE, header ROM version 5)","Pokémon Pearl Version (USA, APAE, header ROM version 5)",/application/custom_ball/data/cb_data.narc,equal,89,89,,,56cebe0323cfe1115a7c3041be0f8cf0bd9fe9ae15fa7999766cda2df6367f33,56cebe0323cfe1115a7c3041be0f8cf0bd9fe9ae15fa7999766cda2df6367f33,92,92,Nintendo LZ10,Nintendo LZ10
"Pokémon Diamond Version (USA, ADAE, header ROM version 5)","Pokémon Pearl Version (USA, APAE, header ROM version 5)",/application/custom_ball/data/cb_data.narc,equal,90,90,,,56cebe0323cfe1115a7c3041be0f8cf0bd9fe9ae15fa7999766cda2df6367f33,56cebe0323cfe1115a7c3041be0f8cf0bd9fe9ae15fa7999766cda2df6367f33,92,92,Nintendo LZ10,Nintendo LZ10
"Pokémon Diamond Version (USA, ADAE, header ROM version 5)","Pokémon Pearl Version (USA, APAE, header ROM version 5)",/application/custom_ball/data/cb_data.narc,equal,91,91,,,56cebe0323cfe1115a7c3041be0f8cf0bd9fe9ae15fa7999766cda2df6367f33,56cebe0323cfe1115a7c3041be0f8cf0bd9fe9ae15fa7999766cda2df6367f33,92,92,Nintendo LZ10,Nintendo LZ10
"Pokémon Diamond Version (USA, ADAE, header ROM version 5)","Pokémon Pearl Version (USA, APAE, header ROM version 5)",/application/custom_ball/data/cb_data.narc,equal,92,92,,,1b435b8bb6e6d28ba1747e11aff3d53ae39595ccbb4a14eae44b4828c36af6ad,1b435b8bb6e6d28ba1747e11aff3d53ae39595ccbb4a14eae44b4828c36af6ad,104,104,Nintendo LZ10,Nintendo LZ10
"Pokémon Diamond Version (USA, ADAE, header ROM version 5)","Pokémon Pearl Version (USA, APAE, header ROM version 5)",/application/custom_ball/data/cb_data.narc,equal,93,93,,,1b435b8bb6e6d28ba1747e11aff3d53ae39595ccbb4a14eae44b4828c36af6ad,1b435b8bb6e6d28ba1747e11aff3d53ae39595ccbb4a14eae44b4828c36af6ad,104,104,Nintendo LZ10,Nintendo LZ10
"Pokémon Diamond Version (USA, ADAE, header ROM version 5)","Pokémon Pearl Version (USA, APAE, header ROM version 5)",/application/custom_ball/data/cb_data.narc,equal,94,94,,,1b435b8bb6e6d28ba1747e11aff3d53ae39595ccbb4a14eae44b4828c36af6ad,1b435b8bb6e6d28ba1747e11aff3d53ae39595ccbb4a14eae44b4828c36af6ad,104,104,Nintendo LZ10,Nintendo LZ10
"Pokémon Diamond Version (USA, ADAE, header ROM version 5)","Pokémon Pearl Version (USA, APAE, header ROM version 5)",/application/custom_ball/data/cb_data.narc,equal,95,95,,,1b435b8bb6e6d28ba1747e11aff3d53ae39595ccbb4a14eae44b4828c36af6ad,1b435b8bb6e6d28ba1747e11aff3d53ae39595ccbb4a14eae44b4828c36af6ad,104,104,Nintendo LZ10,Nintendo LZ10
"Pokémon Diamond Version (USA, ADAE, header ROM version 5)","Pokémon Pearl Version (USA, APAE, header ROM version 5)",/application/custom_ball/data/cb_data.narc,equal,96,96,,,1b435b8bb6e6d28ba1747e11aff3d53ae39595ccbb4a14eae44b4828c36af6ad,1b435b8bb6e6d28ba1747e11aff3d53ae39595ccbb4a14eae44b4828c36af6ad,104,104,Nintendo LZ10,Nintendo LZ10
"Pokémon Diamond Version (USA, ADAE, header ROM version 5)","Pokémon Pearl Version (USA, APAE, header ROM version 5)",/application/custom_ball/data/cb_data.narc,equal,97,97,,,1b435b8bb6e6d28ba1747e11aff3d53ae39595ccbb4a14eae44b4828c36af6ad,1b435b8bb6e6d28ba1747e11aff3d53ae39595ccbb4a14eae44b4828c36af6ad,104,104,Nintendo LZ10,Nintendo LZ10
"Pokémon Diamond Version (USA, ADAE, header ROM version 5)","Pokémon Pearl Version (USA, APAE, header ROM version 5)",/application/custom_ball/data/cb_data.narc,equal,98,98,,,1b435b8bb6e6d28ba1747e11aff3d53ae39595ccbb4a14eae44b4828c36af6ad,1b435b8bb6e6d28ba1747e11aff3d53ae39595ccbb4a14eae44b4828c36af6ad,104,104,Nintendo LZ10,Nintendo LZ10
"Pokémon Diamond Version (USA, ADAE, header ROM version 5)","Pokémon Pearl Version (USA, APAE, header ROM version 5)",/application/custom_ball/data/cb_data.narc,equal,99,99,,,1b435b8bb6e6d28ba1747e11aff3d53ae39595ccbb4a14eae44b4828c36af6ad,1b435b8bb6e6d28ba1747e11aff3d53ae39595ccbb4a14eae44b4828c36af6ad,104,104,Nintendo LZ10,Nintendo LZ10
"Pokémon Diamond Version (USA, ADAE, header ROM version 5)","Pokémon Pearl Version (USA, APAE, header ROM version 5)",/application/custom_ball/data/cb_data.narc,equal,100,100,,,1b435b8bb6e6d28ba1747e11aff3d53ae39595ccbb4a14eae44b4828c36af6ad,1b435b8bb6e6d28ba1747e11aff3d53ae39595ccbb4a14eae44b4828c36af6ad,104,104,Nintendo LZ10,Nintendo LZ10
"Pokémon Diamond Version (USA, ADAE, header ROM version 5)","Pokémon Pearl Version (USA, APAE, header ROM version 5)",/application/custom_ball/data/cb_data.narc,equal,101,101,,,1b435b8bb6e6d28ba1747e11aff3d53ae39595ccbb4a14eae44b4828c36af6ad,1b435b8bb6e6d28ba1747e11aff3d53ae39595ccbb4a14eae44b4828c36af6ad,104,104,Nintendo LZ10,Nintendo LZ10
"Pokémon Diamond Version (USA, ADAE, header ROM version 5)","Pokémon Pearl Version (USA, APAE, header ROM version 5)",/application/custom_ball/data/cb_data.narc,equal,102,102,,,1b435b8bb6e6d28ba1747e11aff3d53ae39595ccbb4a14eae44b4828c36af6ad,1b435b8bb6e6d28ba1747e11aff3d53ae39595ccbb4a14eae44b4828c36af6ad,104,104,Nintendo LZ10,Nintendo LZ10
"Pokémon Diamond Version (USA, ADAE, header ROM version 5)","Pokémon Pearl Version (USA, APAE, header ROM version 5)",/application/custom_ball/data/cb_data.narc,equal,103,103,,,1b435b8bb6e6d28ba1747e11aff3d53ae39595ccbb4a14eae44b4828c36af6ad,1b435b8bb6e6d28ba1747e11aff3d53ae39595ccbb4a14eae44b4828c36af6ad,104,104,Nintendo LZ10,Nintendo LZ10
"Pokémon Diamond Version (USA, ADAE, header ROM version 5)","Pokémon Pearl Version (USA, APAE, header ROM version 5)",/application/custom_ball/data/cb_data.narc,equal,104,104,,,1b435b8bb6e6d28ba1747e11aff3d53ae39595ccbb4a14eae44b4828c36af6ad,1b435b8bb6e6d28ba1747e11aff3d53ae39595ccbb4a14eae44b4828c36af6ad,104,104,Nintendo LZ10,Nintendo LZ10
"Pokémon Diamond Version (USA, ADAE, header ROM version 5)","Pokémon Pearl Version (USA, APAE, header ROM version 5)",/application/custom_ball/data/cb_data.narc,equal,105,105,,,1b435b8bb6e6d28ba1747e11aff3d53ae39595ccbb4a14eae44b4828c36af6ad,1b435b8bb6e6d28ba1747e11aff3d53ae39595ccbb4a14eae44b4828c36af6ad,104,104,Nintendo LZ10,Nintendo LZ10
"Pokémon Diamond Version (USA, ADAE, header ROM version 5)","Pokémon Pearl Version (USA, APAE, header ROM version 5)",/application/custom_ball/data/cb_data.narc,equal,106,106,,,1b435b8bb6e6d28ba1747e11aff3d53ae39595ccbb4a14eae44b4828c36af6ad,1b435b8bb6e6d28ba1747e11aff3d53ae39595ccbb4a14eae44b4828c36af6ad,104,104,Nintendo LZ10,Nintendo LZ10
"Pokémon Diamond Version (USA, ADAE, header ROM version 5)","Pokémon Pearl Version (USA, APAE, header ROM version 5)",/application/custom_ball/data/cb_data.narc,equal,107,107,,,1b435b8bb6e6d28ba1747e11aff3d53ae39595ccbb4a14eae44b4828c36af6ad,1b435b8bb6e6d28ba1747e11aff3d53ae39595ccbb4a14eae44b4828c36af6ad,104,104,Nintendo LZ10,Nintendo LZ10
"Pokémon Diamond Version (USA, ADAE, header ROM version 5)","Pokémon Pearl Version (USA, APAE, header ROM version 5)",/application/custom_ball/data/cb_data.narc,equal,108,108,,,1b435b8bb6e6d28ba1747e11aff3d53ae39595ccbb4a14eae44b4828c36af6ad,1b435b8bb6e6d28ba1747e11aff3d53ae39595ccbb4a14eae44b4828c36af6ad,104,104,Nintendo LZ10,Nintendo LZ10
"Pokémon Diamond Version (USA, ADAE, header ROM version 5)","Pokémon Pearl Version (USA, APAE, header ROM version 5)",/application/custom_ball/data/cb_data.narc,equal,109,109,,,1b435b8bb6e6d28ba1747e11aff3d53ae39595ccbb4a14eae44b4828c36af6ad,1b435b8bb6e6d28ba1747e11aff3d53ae39595ccbb4a14eae44b4828c36af6ad,104,104,Nintendo LZ10,Nintendo LZ10
"Pokémon Diamond Version (USA, ADAE, header ROM version 5)","Pokémon Pearl Version (USA, APAE, header ROM version 5)",/application/custom_ball/data/cb_data.narc,equal,110,110,,,1b435b8bb6e6d28ba1747e11aff3d53ae39595ccbb4a14eae44b4828c36af6ad,1b435b8bb6e6d28ba1747e11aff3d53ae39595ccbb4a14eae44b4828c36af6ad,104,104,Nintendo LZ10,Nintendo LZ10
"Pokémon Diamond Version (USA, ADAE, header ROM version 5)","Pokémon Pearl Version (USA, APAE, header ROM version 5)",/application/custom_ball/data/cb_data.narc,equal,111,111,,,1b435b8bb6e6d28ba1747e11aff3d53ae39595ccbb4a14eae44b4828c36af6ad,1b435b8bb6e6d28ba1747e11aff3d53ae39595ccbb4a14eae44b4828c36af6ad,104,104,Nintendo LZ10,Nintendo LZ10
"Pokémon Diamond Version (USA, ADAE, header ROM version 5)","Pokémon Pearl Version (USA, APAE, header ROM version 5)",/application/custom_ball/data/cb_data.narc,equal,112,112,,,1b435b8bb6e6d28ba1747e11aff3d53ae39595ccbb4a14eae44b4828c36af6ad,1b435b8bb6e6d28ba1747e11aff3d53ae39595ccbb4a14eae44b4828c36af6ad,104,104,Nintendo LZ10,Nintendo LZ10
"Pokémon Diamond Version (USA, ADAE, header ROM version 5)","Pokémon Pearl Version (USA, APAE, header ROM version 5)",/application/custom_ball/data/cb_data.narc,equal,113,113,,,1b435b8bb6e6d28ba1747e11aff3d53ae39595ccbb4a14eae44b4828c36af6ad,1b435b8bb6e6d28ba1747e11aff3d53ae39595ccbb4a14eae44b4828c36af6ad,104,104,Nintendo LZ10,Nintendo LZ10
"Pokémon Diamond Version (USA, ADAE, header ROM version 5)","Pokémon Pearl Version (USA, APAE, header ROM version 5)",/application/custom_ball/data/cb_data.narc,equal,114,114,,,1b435b8bb6e6d28ba1747e11aff3d53ae39595ccbb4a14eae44b4828c36af6ad,1b435b8bb6e6d28ba1747e11aff3d53ae39595ccbb4a14eae44b4828c36af6ad,104,104,Nintendo LZ10,Nintendo LZ10
"Pokémon Diamond Version (USA, ADAE, header ROM version 5)","Pokémon Pearl Version (USA, APAE, header ROM version 5)",/application/custom_ball/data/cb_data.narc,equal,115,115,,,1b435b8bb6e6d28ba1747e11aff3d53ae39595ccbb4a14eae44b4828c36af6ad,1b435b8bb6e6d28ba1747e11aff3d53ae39595ccbb4a14eae44b4828c36af6ad,104,104,Nintendo LZ10,Nintendo LZ10
"Pokémon Diamond Version (USA, ADAE, header ROM version 5)","Pokémon Pearl Version (USA, APAE, header ROM version 5)",/application/custom_ball/data/cb_data.narc,equal,116,116,,,1b435b8bb6e6d28ba1747e11aff3d53ae39595ccbb4a14eae44b4828c36af6ad,1b435b8bb6e6d28ba1747e11aff3d53ae39595ccbb4a14eae44b4828c36af6ad,104,104,Nintendo LZ10,Nintendo LZ10
"Pokémon Diamond Version (USA, ADAE, header ROM version 5)","Pokémon Pearl Version (USA, APAE, header ROM version 5)",/application/custom_ball/data/cb_data.narc,equal,117,117,,,1b435b8bb6e6d28ba1747e11aff3d53ae39595ccbb4a14eae44b4828c36af6ad,1b435b8bb6e6d28ba1747e11aff3d53ae39595ccbb4a14eae44b4828c36af6ad,104,104,Nintendo LZ10,Nintendo LZ10
"Pokémon Diamond Version (USA, ADAE, header ROM version 5)","Pokémon Pearl Version (USA, APAE, header ROM version 5)",/application/custom_ball/data/cb_data.narc,equal,118,118,,,1b435b8bb6e6d28ba1747e11aff3d53ae39595ccbb4a14eae44b4828c36af6ad,1b435b8bb6e6d28ba1747e11aff3d53ae39595ccbb4a14eae44b4828c36af6ad,104,104,Nintendo LZ10,Nintendo LZ10
"Pokémon Diamond Version (USA, ADAE, header ROM version 5)","Pokémon Pearl Version (USA, APAE, header ROM version 5)",/application/custom_ball/data/cb_data.narc,equal,119,119,,,1b435b8bb6e6d28ba1747e11aff3d53ae39595ccbb4a14eae44b4828c36af6ad,1b435b8bb6e6d28ba1747e11aff3d53ae39595ccbb4a14eae44b4828c36af6ad,104,104,Nintendo LZ10,Nintendo LZ10
"Pokémon Diamond Version (USA, ADAE, header ROM version 5)","Pokémon Pearl Version (USA, APAE, header ROM version 5)",/application/custom_ball/data/cb_data.narc,equal,120,120,,,1b435b8bb6e6d28ba1747e11aff3d53ae39595ccbb4a14eae44b4828c36af6ad,1b435b8bb6e6d28ba1747e11aff3d53ae39595ccbb4a14eae44b4828c36af6ad,104,104,Nintendo LZ10,Nintendo LZ10
"Pokémon Diamond Version (USA, ADAE, header ROM version 5)","Pokémon Pearl Version (USA, APAE, header ROM version 5)",/application/custom_ball/data/cb_data.narc,equal,121,121,,,1b435b8bb6e6d28ba1747e11aff3d53ae39595ccbb4a14eae44b4828c36af6ad,1b435b8bb6e6d28ba1747e11aff3d53ae39595ccbb4a14eae44b4828c36af6ad,104,104,Nintendo LZ10,Nintendo LZ10
"Pokémon Diamond Version (USA, ADAE, header ROM version 5)","Pokémon Pearl Version (USA, APAE, header ROM version 5)",/application/custom_ball/data/cb_data.narc,equal,122,122,,,1b435b8bb6e6d28ba1747e11aff3d53ae39595ccbb4a14eae44b4828c36af6ad,1b435b8bb6e6d28ba1747e11aff3d53ae39595ccbb4a14eae44b4828c36af6ad,104,104,Nintendo LZ10,Nintendo LZ10
"Pokémon Diamond Version (USA, ADAE, header ROM version 5)","Pokémon Pearl Version (USA, APAE, header ROM version 5)",/application/custom_ball/data/cb_data.narc,equal,123,123,,,1b435b8bb6e6d28ba1747e11aff3d53ae39595ccbb4a14eae44b4828c36af6ad,1b435b8bb6e6d28ba1747e11aff3d53ae39595ccbb4a14eae44b4828c36af6ad,104,104,Nintendo LZ10,Nintendo LZ10
"Pokémon Diamond Version (USA, ADAE, header ROM version 5)","Pokémon Pearl Version (USA, APAE, header ROM version 5)",/application/custom_ball/data/cb_data.narc,equal,124,124,,,1b435b8bb6e6d28ba1747e11aff3d53ae39595ccbb4a14eae44b4828c36af6ad,1b435b8bb6e6d28ba1747e11aff3d53ae39595ccbb4a14eae44b4828c36af6ad,104,104,Nintendo LZ10,Nintendo LZ10
"Pokémon Diamond Version (USA, ADAE, header ROM version 5)","Pokémon Pearl Version (USA, APAE, header ROM version 5)",/application/custom_ball/data/cb_data.narc,equal,125,125,,,1b435b8bb6e6d28ba1747e11aff3d53ae39595ccbb4a14eae44b4828c36af6ad,1b435b8bb6e6d28ba1747e11aff3d53ae39595ccbb4a14eae44b4828c36af6ad,104,104,Nintendo LZ10,Nintendo LZ10
"Pokémon Diamond Version (USA, ADAE, header ROM version 5)","Pokémon Pearl Version (USA, APAE, header ROM version 5)",/application/custom_ball/data/cb_data.narc,equal,126,126,,,1b435b8bb6e6d28ba1747e11aff3d53ae39595ccbb4a14eae44b4828c36af6ad,1b435b8bb6e6d28ba1747e11aff3d53ae39595ccbb4a14eae44b4828c36af6ad,104,104,Nintendo LZ10,Nintendo LZ10
"Pokémon Diamond Version (USA, ADAE, header ROM version 5)","Pokémon Pearl Version (USA, APAE, header ROM version 5)",/application/custom_ball/data/cb_data.narc,equal,127,127,,,1b435b8bb6e6d28ba1747e11aff3d53ae39595ccbb4a14eae44b4828c36af6ad,1b435b8bb6e6d28ba1747e11aff3d53ae39595ccbb4a14eae44b4828c36af6ad,104,104,Nintendo LZ10,Nintendo LZ10
"Pokémon Diamond Version (USA, ADAE, header ROM version 5)","Pokémon Pearl Version (USA, APAE, header ROM version 5)",/application/custom_ball/data/cb_data.narc,equal,128,128,,,1b435b8bb6e6d28ba1747e11aff3d53ae39595ccbb4a14eae44b4828c36af6ad,1b435b8bb6e6d28ba1747e11aff3d53ae39595ccbb4a14eae44b4828c36af6ad,104,104,Nintendo LZ10,Nintendo LZ10
"Pokémon Diamond Version (USA, ADAE, header ROM version 5)","Pokémon Pearl Version (USA, APAE, header ROM version 5)",/application/custom_ball/data/cb_data.narc,equal,129,129,,,1b435b8bb6e6d28ba1747e11aff3d53ae39595ccbb4a14eae44b4828c36af6ad,1b435b8bb6e6d28ba1747e11aff3d53ae39595ccbb4a14eae44b4828c36af6ad,104,104,Nintendo LZ10,Nintendo LZ10
"Pokémon Diamond Version (USA, ADAE, header ROM version 5)","Pokémon Pearl Version (USA, APAE, header ROM version 5)",/application/custom_ball/data/cb_data.narc,equal,130,130,,,1b435b8bb6e6d28ba1747e11aff3d53ae39595ccbb4a14eae44b4828c36af6ad,1b435b8bb6e6d28ba1747e11aff3d53ae39595ccbb4a14eae44b4828c36af6ad,104,104,Nintendo LZ10,Nintendo LZ10
"Pokémon Diamond Version (USA, ADAE, header ROM version 5)","Pokémon Pearl Version (USA, APAE, header ROM version 5)",/application/custom_ball/data/cb_data.narc,equal,131,131,,,1b435b8bb6e6d28ba1747e11aff3d53ae39595ccbb4a14eae44b4828c36af6ad,1b435b8bb6e6d28ba1747e11aff3d53ae39595ccbb4a14eae44b4828c36af6ad,104,104,Nintendo LZ10,Nintendo LZ10
"Pokémon Diamond Version (USA, ADAE, header ROM version 5)","Pokémon Pearl Version (USA, APAE, header ROM version 5)",/application/custom_ball/data/cb_data.narc,equal,132,132,,,1b435b8bb6e6d28ba1747e11aff3d53ae39595ccbb4a14eae44b4828c36af6ad,1b435b8bb6e6d28ba1747e11aff3d53ae39595ccbb4a14eae44b4828c36af6ad,104,104,Nintendo LZ10,Nintendo LZ10
"Pokémon Diamond Version (USA, ADAE, header ROM version 5)","Pokémon Pearl Version (USA, APAE, header ROM version 5)",/application/custom_ball/data/cb_data.narc,equal,133,133,,,1b435b8bb6e6d28ba1747e11aff3d53ae39595ccbb4a14eae44b4828c36af6ad,1b435b8bb6e6d28ba1747e11aff3d53ae39595ccbb4a14eae44b4828c36af6ad,104,104,Nintendo LZ10,Nintendo LZ10
"Pokémon Diamond Version (USA, ADAE, header ROM version 5)","Pokémon Pearl Version (USA, APAE, header ROM version 5)",/application/custom_ball/data/cb_data.narc,equal,134,134,,,1b435b8bb6e6d28ba1747e11aff3d53ae39595ccbb4a14eae44b4828c36af6ad,1b435b8bb6e6d28ba1747e11aff3d53ae39595ccbb4a14eae44b4828c36af6ad,104,104,Nintendo LZ10,Nintendo LZ10
"Pokémon Diamond Version (USA, ADAE, header ROM version 5)","Pokémon Pearl Version (USA, APAE, header ROM version 5)",/application/custom_ball/data/cb_data.narc,equal,135,135,,,1b435b8bb6e6d28ba1747e11aff3d53ae39595ccbb4a14eae44b4828c36af6ad,1b435b8bb6e6d28ba1747e11aff3d53ae39595ccbb4a14eae44b4828c36af6ad,104,104,Nintendo LZ10,Nintendo LZ10
"Pokémon Diamond Version (USA, ADAE, header ROM version 5)","Pokémon Pearl Version (USA, APAE, header ROM version 5)",/application/custom_ball/data/cb_data.narc,equal,136,136,,,1b435b8bb6e6d28ba1747e11aff3d53ae39595ccbb4a14eae44b4828c36af6ad,1b435b8bb6e6d28ba1747e11aff3d53ae39595ccbb4a14eae44b4828c36af6ad,104,104,Nintendo LZ10,Nintendo LZ10
"Pokémon Diamond Version (USA, ADAE, header ROM version 5)","Pokémon Pearl Version (USA, APAE, header ROM version 5)",/application/custom_ball/data/cb_data.narc,equal,137,137,,,1b435b8bb6e6d28ba1747e11aff3d53ae39595ccbb4a14eae44b4828c36af6ad,1b435b8bb6e6d28ba1747e11aff3d53ae39595ccbb4a14eae44b4828c36af6ad,104,104,Nintendo LZ10,Nintendo LZ10
"Pokémon Diamond Version (USA, ADAE, header ROM version 5)","Pokémon Pearl Version (USA, APAE, header ROM version 5)",/application/custom_ball/data/cb_data.narc,equal,138,138,,,1b435b8bb6e6d28ba1747e11aff3d53ae39595ccbb4a14eae44b4828c36af6ad,1b435b8bb6e6d28ba1747e11aff3d53ae39595ccbb4a14eae44b4828c36af6ad,104,104,Nintendo LZ10,Nintendo LZ10
"Pokémon Diamond Version (USA, ADAE, header ROM version 5)","Pokémon Pearl Version (USA, APAE, header ROM version 5)",/application/custom_ball/data/cb_data.narc,equal,139,139,,,1b435b8bb6e6d28ba1747e11aff3d53ae39595ccbb4a14eae44b4828c36af6ad,1b435b8bb6e6d28ba1747e11aff3d53ae39595ccbb4a14eae44b4828c36af6ad,104,104,Nintendo LZ10,Nintendo LZ10
"Pokémon Diamond Version (USA, ADAE, header ROM version 5)","Pokémon Pearl Version (USA, APAE, header ROM version 5)",/application/custom_ball/data/cb_data.narc,equal,140,140,,,1b435b8bb6e6d28ba1747e11aff3d53ae39595ccbb4a14eae44b4828c36af6ad,1b435b8bb6e6d28ba1747e11aff3d53ae39595ccbb4a14eae44b4828c36af6ad,104,104,Nintendo LZ10,Nintendo LZ10
"Pokémon Diamond Version (USA, ADAE, header ROM version 5)","Pokémon Pearl Version (USA, APAE, header ROM version 5)",/application/custom_ball/data/cb_data.narc,equal,141,141,,,1b435b8bb6e6d28ba1747e11aff3d53ae39595ccbb4a14eae44b4828c36af6ad,1b435b8bb6e6d28ba1747e11aff3d53ae39595ccbb4a14eae44b4828c36af6ad,104,104,Nintendo LZ10,Nintendo LZ10
"Pokémon Diamond Version (USA, ADAE, header ROM version 5)","Pokémon Pearl Version (USA, APAE, header ROM version 5)",/application/custom_ball/data/cb_data.narc,equal,142,142,,,1b435b8bb6e6d28ba1747e11aff3d53ae39595ccbb4a14eae44b4828c36af6ad,1b435b8bb6e6d28ba1747e11aff3d53ae39595ccbb4a14eae44b4828c36af6ad,104,104,Nintendo LZ10,Nintendo LZ10
"Pokémon Diamond Version (USA, ADAE, header ROM version 5)","Pokémon Pearl Version (USA, APAE, header ROM version 5)",/application/custom_ball/data/cb_data.narc,equal,143,143,,,1b435b8bb6e6d28ba1747e11aff3d53ae39595ccbb4a14eae44b4828c36af6ad,1b435b8bb6e6d28ba1747e11aff3d53ae39595ccbb4a14eae44b4828c36af6ad,104,104,Nintendo LZ10,Nintendo LZ10
"Pokémon Diamond Version (USA, ADAE, header ROM version 5)","Pokémon Pearl Version (USA, APAE, header ROM version 5)",/application/custom_ball/data/cb_data.narc,equal,144,144,,,1b435b8bb6e6d28ba1747e11aff3d53ae39595ccbb4a14eae44b4828c36af6ad,1b435b8bb6e6d28ba1747e11aff3d53ae39595ccbb4a14eae44b4828c36af6ad,104,104,Nintendo LZ10,Nintendo LZ10
"Pokémon Diamond Version (USA, ADAE, header ROM version 5)","Pokémon Pearl Version (USA, APAE, header ROM version 5)",/application/custom_ball/data/cb_data.narc,equal,145,145,,,1b435b8bb6e6d28ba1747e11aff3d53ae39595ccbb4a14eae44b4828c36af6ad,1b435b8bb6e6d28ba1747e11aff3d53ae39595ccbb4a14eae44b4828c36af6ad,104,104,Nintendo LZ10,Nintendo LZ10
"Pokémon Diamond Version (USA, ADAE, header ROM version 5)","Pokémon Pearl Version (USA, APAE, header ROM version 5)",/application/custom_ball/data/cb_data.narc,equal,146,146,,,1b435b8bb6e6d28ba1747e11aff3d53ae39595ccbb4a14eae44b4828c36af6ad,1b435b8bb6e6d28ba1747e11aff3d53ae39595ccbb4a14eae44b4828c36af6ad,104,104,Nintendo LZ10,Nintendo LZ10
"Pokémon Diamond Version (USA, ADAE, header ROM version 5)","Pokémon Pearl Version (USA, APAE, header ROM version 5)",/application/custom_ball/data/cb_data.narc,equal,147,147,,,1b435b8bb6e6d28ba1747e11aff3d53ae39595ccbb4a14eae44b4828c36af6ad,1b435b8bb6e6d28ba1747e11aff3d53ae39595ccbb4a14eae44b4828c36af6ad,104,104,Nintendo LZ10,Nintendo LZ10
"Pokémon Diamond Version (USA, ADAE, header ROM version 5)","Pokémon Pearl Version (USA, APAE, header ROM version 5)",/application/custom_ball/data/cb_data.narc,equal,148,148,,,1b435b8bb6e6d28ba1747e11aff3d53ae39595ccbb4a14eae44b4828c36af6ad,1b435b8bb6e6d28ba1747e11aff3d53ae39595ccbb4a14eae44b4828c36af6ad,104,104,Nintendo LZ10,Nintendo LZ10
"Pokémon Diamond Version (USA, ADAE, header ROM version 5)","Pokémon Pearl Version (USA, APAE, header ROM version 5)",/application/custom_ball/data/cb_data.narc,equal,149,149,,,1b435b8bb6e6d28ba1747e11aff3d53ae39595ccbb4a14eae44b4828c36af6ad,1b435b8bb6e6d28ba1747e11aff3d53ae39595ccbb4a14eae44b4828c36af6ad,104,104,Nintendo LZ10,Nintendo LZ10
"Pokémon Diamond Version (USA, ADAE, header ROM version 5)","Pokémon Pearl Version (USA, APAE, header ROM version 5)",/application/custom_ball/data/cb_data.narc,equal,150,150,,,1b435b8bb6e6d28ba1747e11aff3d53ae39595ccbb4a14eae44b4828c36af6ad,1b435b8bb6e6d28ba1747e11aff3d53ae39595ccbb4a14eae44b4828c36af6ad,104,104,Nintendo LZ10,Nintendo LZ10
"Pokémon Diamond Version (USA, ADAE, header ROM version 5)","Pokémon Pearl Version (USA, APAE, header ROM version 5)",/application/custom_ball/data/cb_data.narc,equal,151,151,,,1b435b8bb6e6d28ba1747e11aff3d53ae39595ccbb4a14eae44b4828c36af6ad,1b435b8bb6e6d28ba1747e11aff3d53ae39595ccbb4a14eae44b4828c36af6ad,104,104,Nintendo LZ10,Nintendo LZ10
"Pokémon Diamond Version (USA, ADAE, header ROM version 5)","Pokémon Pearl Version (USA, APAE, header ROM version 5)",/application/custom_ball/data/cb_data.narc,equal,152,152,,,1b435b8bb6e6d28ba1747e11aff3d53ae39595ccbb4a14eae44b4828c36af6ad,1b435b8bb6e6d28ba1747e11aff3d53ae39595ccbb4a14eae44b4828c36af6ad,104,104,Nintendo LZ10,Nintendo LZ10
"Pokémon Diamond Version (USA, ADAE, header ROM version 5)","Pokémon Pearl Version (USA, APAE, header ROM version 5)",/application/custom_ball/data/cb_data.narc,equal,153,153,,,1b435b8bb6e6d28ba1747e11aff3d53ae39595ccbb4a14eae44b4828c36af6ad,1b435b8bb6e6d28ba1747e11aff3d53ae39595ccbb4a14eae44b4828c36af6ad,104,104,Nintendo LZ10,Nintendo LZ10
"Pokémon Diamond Version (USA, ADAE, header ROM version 5)","Pokémon Pearl Version (USA, APAE, header ROM version 5)",/application/custom_ball/data/cb_data.narc,equal,154,154,,,1b435b8bb6e6d28ba1747e11aff3d53ae39595ccbb4a14eae44b4828c36af6ad,1b435b8bb6e6d28ba1747e11aff3d53ae39595ccbb4a14eae44b4828c36af6ad,104,104,Nintendo LZ10,Nintendo LZ10
"Pokémon Diamond Version (USA, ADAE, header ROM version 5)","Pokémon Pearl Version (USA, APAE, header ROM version 5)",/application/custom_ball/data/cb_data.narc,equal,155,155,,,1b435b8bb6e6d28ba1747e11aff3d53ae39595ccbb4a14eae44b4828c36af6ad,1b435b8bb6e6d28ba1747e11aff3d53ae39595ccbb4a14eae44b4828c36af6ad,104,104,Nintendo LZ10,Nintendo LZ10
"Pokémon Diamond Version (USA, ADAE, header ROM version 5)","Pokémon Pearl Version (USA, APAE, header ROM version 5)",/application/custom_ball/data/cb_data.narc,equal,156,156,,,1b435b8bb6e6d28ba1747e11aff3d53ae39595ccbb4a14eae44b4828c36af6ad,1b435b8bb6e6d28ba1747e11aff3d53ae39595ccbb4a14eae44b4828c36af6ad,104,104,Nintendo LZ10,Nintendo LZ10
"Pokémon Diamond Version (USA, ADAE, header ROM version 5)","Pokémon Pearl Version (USA, APAE, header ROM version 5)",/application/custom_ball/data/cb_data.narc,equal,157,157,,,1b435b8bb6e6d28ba1747e11aff3d53ae39595ccbb4a14eae44b4828c36af6ad,1b435b8bb6e6d28ba1747e11aff3d53ae39595ccbb4a14eae44b4828c36af6ad,104,104,Nintendo LZ10,Nintendo LZ10
"Pokémon Diamond Version (USA, ADAE, header ROM version 5)","Pokémon Pearl Version (USA, APAE, header ROM version 5)",/application/custom_ball/data/cb_data.narc,equal,158,158,,,1b435b8bb6e6d28ba1747e11aff3d53ae39595ccbb4a14eae44b4828c36af6ad,1b435b8bb6e6d28ba1747e11aff3d53ae39595ccbb4a14eae44b4828c36af6ad,104,104,Nintendo LZ10,Nintendo LZ10
"Pokémon Diamond Version (USA, ADAE, header ROM version 5)","Pokémon Pearl Version (USA, APAE, header ROM version 5)",/application/custom_ball/data/cb_data.narc,equal,159,159,,,1b435b8bb6e6d28ba1747e11aff3d53ae39595ccbb4a14eae44b4828c36af6ad,1b435b8bb6e6d28ba1747e11aff3d53ae39595ccbb4a14eae44b4828c36af6ad,104,104,Nintendo LZ10,Nintendo LZ10
"Pokémon Diamond Version (USA, ADAE, header ROM version 5)","Pokémon Pearl Version (USA, APAE, header ROM version 5)",/application/custom_ball/data/cb_data.narc,equal,160,160,,,1b435b8bb6e6d28ba1747e11aff3d53ae39595ccbb4a14eae44b4828c36af6ad,1b435b8bb6e6d28ba1747e11aff3d53ae39595ccbb4a14eae44b4828c36af6ad,104,104,Nintendo LZ10,Nintendo LZ10
"Pokémon Diamond Version (USA, ADAE, header ROM version 5)","Pokémon Pearl Version (USA, APAE, header ROM version 5)",/application/custom_ball/data/cb_data.narc,equal,161,161,,,1b435b8bb6e6d28ba1747e11aff3d53ae39595ccbb4a14eae44b4828c36af6ad,1b435b8bb6e6d28ba1747e11aff3d53ae39595ccbb4a14eae44b4828c36af6ad,104,104,Nintendo LZ10,Nintendo LZ10
"Pokémon Diamond Version (USA, ADAE, header ROM version 5)","Pokémon Pearl Version (USA, APAE, header ROM version 5)",/application/custom_ball/data/cb_data.narc,equal,162,162,,,1b435b8bb6e6d28ba1747e11aff3d53ae39595ccbb4a14eae44b4828c36af6ad,1b435b8bb6e6d28ba1747e11aff3d53ae39595ccbb4a14eae44b4828c36af6ad,104,104,Nintendo LZ10,Nintendo LZ10
"Pokémon Diamond Version (USA, ADAE, header ROM version 5)","Pokémon Pearl Version (USA, APAE, header ROM version 5)",/application/custom_ball/data/cb_data.narc,equal,163,163,,,1b435b8bb6e6d28ba1747e11aff3d53ae39595ccbb4a14eae44b4828c36af6ad,1b435b8bb6e6d28ba1747e11aff3d53ae39595ccbb4a14eae44b4828c36af6ad,104,104,Nintendo LZ10,Nintendo LZ10
"Pokémon Diamond Version (USA, ADAE, header ROM version 5)","Pokémon Pearl Version (USA, APAE, header ROM version 5)",/application/custom_ball/data/cb_data.narc,equal,164,164,,,1b435b8bb6e6d28ba1747e11aff3d53ae39595ccbb4a14eae44b4828c36af6ad,1b435b8bb6e6d28ba1747e11aff3d53ae39595ccbb4a14eae44b4828c36af6ad,104,104,Nintendo LZ10,Nintendo LZ10
"Pokémon Diamond Version (USA, ADAE, header ROM version 5)","Pokémon Pearl Version (USA, APAE, header ROM version 5)",/application/custom_ball/data/cb_data.narc,equal,165,165,,,1b435b8bb6e6d28ba1747e11aff3d53ae39595ccbb4a14eae44b4828c36af6ad,1b435b8bb6e6d28ba1747e11aff3d53ae39595ccbb4a14eae44b4828c36af6ad,104,104,Nintendo LZ10,Nintendo LZ10
"Pokémon Diamond Version (USA, ADAE, header ROM version 5)","Pokémon Pearl Version (USA, APAE, header ROM version 5)",/application/custom_ball/data/cb_data.narc,equal,166,166,,,1b435b8bb6e6d28ba1747e11aff3d53ae39595ccbb4a14eae44b4828c36af6ad,1b435b8bb6e6d28ba1747e11aff3d53ae39595ccbb4a14eae44b4828c36af6ad,104,104,Nintendo LZ10,Nintendo LZ10
"Pokémon Diamond Version (USA, ADAE, header ROM version 5)","Pokémon Pearl Version (USA, APAE, header ROM version 5)",/application/custom_ball/data/cb_data.narc,equal,167,167,,,1b435b8bb6e6d28ba1747e11aff3d53ae39595ccbb4a14eae44b4828c36af6ad,1b435b8bb6e6d28ba1747e11aff3d53ae39595ccbb4a14eae44b4828c36af6ad,104,104,Nintendo LZ10,Nintendo LZ10
"Pokémon Diamond Version (USA, ADAE, header ROM version 5)","Pokémon Pearl Version (USA, APAE, header ROM version 5)",/application/custom_ball/data/cb_data.narc,equal,168,168,,,1b435b8bb6e6d28ba1747e11aff3d53ae39595ccbb4a14eae44b4828c36af6ad,1b435b8bb6e6d28ba1747e11aff3d53ae39595ccbb4a14eae44b4828c36af6ad,104,104,Nintendo LZ10,Nintendo LZ10
"Pokémon Diamond Version (USA, ADAE, header ROM version 5)","Pokémon Pearl Version (USA, APAE, header ROM version 5)",/application/custom_ball/data/cb_data.narc,equal,169,169,,,1b435b8bb6e6d28ba1747e11aff3d53ae39595ccbb4a14eae44b4828c36af6ad,1b435b8bb6e6d28ba1747e11aff3d53ae39595ccbb4a14eae44b4828c36af6ad,104,104,Nintendo LZ10,Nintendo LZ10
"Pokémon Diamond Version (USA, ADAE, header ROM version 5)","Pokémon Pearl Version (USA, APAE, header ROM version 5)",/application/custom_ball/data/cb_data.narc,equal,170,170,,,1b435b8bb6e6d28ba1747e11aff3d53ae39595ccbb4a14eae44b4828c36af6ad,1b435b8bb6e6d28ba1747e11aff3d53ae39595ccbb4a14eae44b4828c36af6ad,104,104,Nintendo LZ10,Nintendo LZ10
"Pokémon Diamond Version (USA, ADAE, header ROM version 5)","Pokémon Pearl Version (USA, APAE, header ROM version 5)",/application/custom_ball/data/cb_data.narc,equal,171,171,,,1b435b8bb6e6d28ba1747e11aff3d53ae39595ccbb4a14eae44b4828c36af6ad,1b435b8bb6e6d28ba1747e11aff3d53ae39595ccbb4a14eae44b4828c36af6ad,104,104,Nintendo LZ10,Nintendo LZ10
"Pokémon Diamond Version (USA, ADAE, header ROM version 5)","Pokémon Pearl Version (USA, APAE, header ROM version 5)",/application/custom_ball/data/cb_data.narc,equal,172,172,,,1b435b8bb6e6d28ba1747e11aff3d53ae39595ccbb4a14eae44b4828c36af6ad,1b435b8bb6e6d28ba1747e11aff3d53ae39595ccbb4a14eae44b4828c36af6ad,104,104,Nintendo LZ10,Nintendo LZ10
"Pokémon Diamond Version (USA, ADAE, header ROM version 5)","Pokémon Pearl Version (USA, APAE, header ROM version 5)",/application/custom_ball/data/cb_data.narc,equal,173,173,,,cba94ce036dae5220393269c0e778b0ef2ac869a4361d6c28a2b92dd80462a22,cba94ce036dae5220393269c0e778b0ef2ac869a4361d6c28a2b92dd80462a22,252,252,Nintendo LZ10,Nintendo LZ10
"Pokémon Diamond Version (USA, ADAE, header ROM version 5)","Pokémon Pearl Version (USA, APAE, header ROM version 5)",/application/custom_ball/data/cb_data.narc,equal,174,174,,,fc1e582c6c2590c0aa032104adb55c9a2d24ba0e36b81092f0f4fc2d2d97add9,fc1e582c6c2590c0aa032104adb55c9a2d24ba0e36b81092f0f4fc2d2d97add9,120,120,Nintendo LZ10,Nintendo LZ10
"Pokémon Diamond Version (USA, ADAE, header ROM version 5)","Pokémon Pearl Version (USA, APAE, header ROM version 5)",/application/custom_ball/data/cb_data.narc,equal,175,175,,,7bf7645def32c23dcee9eca8c73af9889a0344fcb47a244819a2c7bfc4937eff,7bf7645def32c23dcee9eca8c73af9889a0344fcb47a244819a2c7bfc4937eff,108,108,Nintendo LZ10,Nintendo LZ10
"Pokémon Diamond Version (USA, ADAE, header ROM version 5)","Pokémon Pearl Version (USA, APAE, header ROM version 5)",/application/custom_ball/data/cb_data.narc,equal,176,176,,,7d0b08dd57deed66832e1964f18fca234247f820cb2803795a75cfa52ad3a45e,7d0b08dd57deed66832e1964f18fca234247f820cb2803795a75cfa52ad3a45e,132,132,Nintendo LZ10,Nintendo LZ10
"Pokémon Diamond Version (USA, ADAE, header ROM version 5)","Pokémon Pearl Version (USA, APAE, header ROM version 5)",/application/custom_ball/data/cb_data.narc,equal,177,177,,,278c7c5ea904e7d8aaa5645d4c8ac4480409ecd040ae9880c069c7916c506551,278c7c5ea904e7d8aaa5645d4c8ac4480409ecd040ae9880c069c7916c506551,148,148,Nintendo LZ10,Nintendo LZ10
"Pokémon Diamond Version (USA, ADAE, header ROM version 5)","Pokémon Pearl Version (USA, APAE, header ROM version 5)",/application/custom_ball/data/cb_data.narc,equal,178,178,,,278c7c5ea904e7d8aaa5645d4c8ac4480409ecd040ae9880c069c7916c506551,278c7c5ea904e7d8aaa5645d4c8ac4480409ecd040ae9880c069c7916c506551,148,148,Nintendo LZ10,Nintendo LZ10
"Pokémon Diamond Version (USA, ADAE, header ROM version 5)","Pokémon Pearl Version (USA, APAE, header ROM version 5)",/application/custom_ball/data/cb_data.narc,equal,179,179,,,cf1b2ca29e65c36072b324fc1268e7f9f768f4ec6e07758dfd25f86e3d31dbfd,cf1b2ca29e65c36072b324fc1268e7f9f768f4ec6e07758dfd25f86e3d31dbfd,112,112,Nintendo LZ10,Nintendo LZ10
"Pokémon Diamond Version (USA, ADAE, header ROM version 5)","Pokémon Pearl Version (USA, APAE, header ROM version 5)",/application/custom_ball/data/cb_data.narc,equal,180,180,,,7ac612342cb0f43f69a08b6c166d82c64fe2608884a792cc3292ef67202a5f19,7ac612342cb0f43f69a08b6c166d82c64fe2608884a792cc3292ef67202a5f19,108,108,Nintendo LZ10,Nintendo LZ10
"Pokémon Diamond Version (USA, ADAE, header ROM version 5)","Pokémon Pearl Version (USA, APAE, header ROM version 5)",/application/custom_ball/data/cb_data.narc,equal,181,181,,,7ac612342cb0f43f69a08b6c166d82c64fe2608884a792cc3292ef67202a5f19,7ac612342cb0f43f69a08b6c166d82c64fe2608884a792cc3292ef67202a5f19,108,108,Nintendo LZ10,Nintendo LZ10
"Pokémon Diamond Version (USA, ADAE, header ROM version 5)","Pokémon Pearl Version (USA, APAE, header ROM version 5)",/application/custom_ball/data/cb_data.narc,equal,182,182,,,1f59981b15a2c0198c06545fc1595f61aedc4198bf2eb0fc8f42672b4998752c,1f59981b15a2c0198c06545fc1595f61aedc4198bf2eb0fc8f42672b4998752c,108,108,Nintendo LZ10,Nintendo LZ10
"Pokémon Diamond Version (USA, ADAE, header ROM version 5)","Pokémon Pearl Version (USA, APAE, header ROM version 5)",/application/custom_ball/data/cb_data.narc,equal,183,183,,,1b435b8bb6e6d28ba1747e11aff3d53ae39595ccbb4a14eae44b4828c36af6ad,1b435b8bb6e6d28ba1747e11aff3d53ae39595ccbb4a14eae44b4828c36af6ad,104,104,Nintendo LZ10,Nintendo LZ10
"Pokémon Diamond Version (USA, ADAE, header ROM version 5)","Pokémon Pearl Version (USA, APAE, header ROM version 5)",/application/custom_ball/data/cb_data.narc,equal,184,184,,,e43b140070b800b1588f837cf369cff35ef6137cbaa48f2a6e75787e0fe7e1e9,e43b140070b800b1588f837cf369cff35ef6137cbaa48f2a6e75787e0fe7e1e9,84,84,Nintendo LZ10,Nintendo LZ10
"Pokémon Diamond Version (USA, ADAE, header ROM version 5)","Pokémon Pearl Version (USA, APAE, header ROM version 5)",/application/custom_ball/data/cb_data.narc,equal,185,185,,,5337b1dc404ac9ae644479f4a407df7bef5bfea3964728eca3f496fde03c21cd,5337b1dc404ac9ae644479f4a407df7bef5bfea3964728eca3f496fde03c21cd,264,264,Nintendo LZ10,Nintendo LZ10
"Pokémon Diamond Version (USA, ADAE, header ROM version 5)","Pokémon Pearl Version (USA, APAE, header ROM version 5)",/application/custom_ball/data/cb_data.narc,equal,186,186,,,6a3a7392d3951af76755367930a60cac6d5b1332f9ae8d41ddf5d39b99fa385c,6a3a7392d3951af76755367930a60cac6d5b1332f9ae8d41ddf5d39b99fa385c,280,280,Nintendo LZ10,Nintendo LZ10
"Pokémon Diamond Version (USA, ADAE, header ROM version 5)","Pokémon Pearl Version (USA, APAE, header ROM version 5)",/application/custom_ball/data/cb_data.narc,equal,187,187,,,1b880e402c28c37ca0ff1bd7dd6ff9c90b7fec0cf9f282699fb307366c8bab04,1b880e402c28c37ca0ff1bd7dd6ff9c90b7fec0cf9f282699fb307366c8bab04,264,264,Nintendo LZ10,Nintendo LZ10
"Pokémon Diamond Version (USA, ADAE, header ROM version 5)","Pokémon Pearl Version (USA, APAE, header ROM version 5)",/application/custom_ball/data/cb_data.narc,equal,188,188,,,5d5cd5a4c1a2221cb0c434928b0babf5f557e427e195b8e9fa382c72c98893fc,5d5cd5a4c1a2221cb0c434928b0babf5f557e427e195b8e9fa382c72c98893fc,284,284,Nintendo LZ10,Nintendo LZ10
"Pokémon Diamond Version (USA, ADAE, header ROM version 5)","Pokémon Pearl Version (USA, APAE, header ROM version 5)",/application/custom_ball/data/cb_data.narc,equal,189,189,,,4ebb00f80fe3c712c4e96e8899b19300f126aa69451aef1c64a874588821e3b9,4ebb00f80fe3c712c4e96e8899b19300f126aa69451aef1c64a874588821e3b9,260,260,Nintendo LZ10,Nintendo LZ10
"Pokémon Diamond Version (USA, ADAE, header ROM version 5)","Pokémon Pearl Version (USA, APAE, header ROM version 5)",/application/custom_ball/data/cb_data.narc,equal,190,190,,,ff950da63436f1183ba1c4f6226cffc25c5b5cbae88addd9e03ca927bc59f45a,ff950da63436f1183ba1c4f6226cffc25c5b5cbae88addd9e03ca927bc59f45a,284,284,Nintendo LZ10,Nintendo LZ10
"Pokémon Diamond Version (USA, ADAE, header ROM version 5)","Pokémon Pearl Version (USA, APAE, header ROM version 5)",/application/custom_ball/data/cb_data.narc,equal,191,191,,,9a2192f91151903dadd6a54a57a73d5a7cf4418d46d5c7e5e1ed2544675f191b,9a2192f91151903dadd6a54a57a73d5a7cf4418d46d5c7e5e1ed2544675f191b,280,280,Nintendo LZ10,Nintendo LZ10
"Pokémon Diamond Version (USA, ADAE, header ROM version 5)","Pokémon Pearl Version (USA, APAE, header ROM version 5)",/application/custom_ball/data/cb_data.narc,equal,192,192,,,192e045fda1bab855419b6fce94e9b7175ed3ac5d8511f013696d8333e55b9b3,192e045fda1bab855419b6fce94e9b7175ed3ac5d8511f013696d8333e55b9b3,268,268,Nintendo LZ10,Nintendo LZ10
"Pokémon Diamond Version (USA, ADAE, header ROM version 5)","Pokémon Pearl Version (USA, APAE, header ROM version 5)",/application/custom_ball/data/cb_data.narc,equal,193,193,,,12061d2e1139849a70d7a8d06f227188803e4e2997edaeb94c663fcfff95c568,12061d2e1139849a70d7a8d06f227188803e4e2997edaeb94c663fcfff95c568,280,280,Nintendo LZ10,Nintendo LZ10
"Pokémon Diamond Version (USA, ADAE, header ROM version 5)","Pokémon Pearl Version (USA, APAE, header ROM version 5)",/application/custom_ball/data/cb_data.narc,equal,194,194,,,696e0b3fdb4a4291a83f33c67104411355f69303093de0da57b2ad10056d7ccb,696e0b3fdb4a4291a83f33c67104411355f69303093de0da57b2ad10056d7ccb,268,268,Nintendo LZ10,Nintendo LZ10
"Pokémon Diamond Version (USA, ADAE, header ROM version 5)","Pokémon Pearl Version (USA, APAE, header ROM version 5)",/application/custom_ball/data/cb_data.narc,equal,195,195,,,64f861f2ce9805930b91773c76ea53ebdaee3d70c59b3717a85e3d3d4a87243d,64f861f2ce9805930b91773c76ea53ebdaee3d70c59b3717a85e3d3d4a87243d,280,280,Nintendo LZ10,Nintendo LZ10
"Pokémon Diamond Version (USA, ADAE, header ROM version 5)","Pokémon Pearl Version (USA, APAE, header ROM version 5)",/application/custom_ball/data/cb_data.narc,equal,196,196,,,4240a91e2f5a302493391fe8601db9c55269cb8c85d4d53a573ecef961161d19,4240a91e2f5a302493391fe8601db9c55269cb8c85d4d53a573ecef961161d19,268,268,Nintendo LZ10,Nintendo LZ10
"Pokémon Diamond Version (USA, ADAE, header ROM version 5)","Pokémon Pearl Version (USA, APAE, header ROM version 5)",/application/custom_ball/data/cb_data.narc,equal,197,197,,,56c49aa4fc165fffdd440e6ec928d31991bcd431094f813563c5fd1230d39c9b,56c49aa4fc165fffdd440e6ec928d31991bcd431094f813563c5fd1230d39c9b,260,260,Nintendo LZ10,Nintendo LZ10
"Pokémon Diamond Version (USA, ADAE, header ROM version 5)","Pokémon Pearl Version (USA, APAE, header ROM version 5)",/application/custom_ball/data/cb_data.narc,equal,198,198,,,88a83403791b824affe533b0a1ca41494fca8f977ade848c2341afc7ace944e3,88a83403791b824affe533b0a1ca41494fca8f977ade848c2341afc7ace944e3,264,264,Nintendo LZ10,Nintendo LZ10
"Pokémon Diamond Version (USA, ADAE, header ROM version 5)","Pokémon Pearl Version (USA, APAE, header ROM version 5)",/application/custom_ball/data/cb_data.narc,equal,199,199,,,54ecb4ad6249aae3f6ab4435f939c67f1b05e6f55bbb3d0a8c24c6ff206656da,54ecb4ad6249aae3f6ab4435f939c67f1b05e6f55bbb3d0a8c24c6ff206656da,264,264,Nintendo LZ10,Nintendo LZ10
"Pokémon Diamond Version (USA, ADAE, header ROM version 5)","Pokémon Pearl Version (USA, APAE, header ROM version 5)",/application/custom_ball/data/cb_data.narc,equal,200,200,,,675a445feb51c374da3eaa6bad79cc492f56ac46ec7fed72048910e05a7fde4c,675a445feb51c374da3eaa6bad79cc492f56ac46ec7fed72048910e05a7fde4c,264,264,Nintendo LZ10,Nintendo LZ10
"Pokémon Diamond Version (USA, ADAE, header ROM version 5)","Pokémon Pearl Version (USA, APAE, header ROM version 5)",/application/custom_ball/data/cb_data.narc,equal,201,201,,,cf35ab03f88b80fa762eff200cc186cd0ff7dd74b6a7c231276cbbf43bd86b37,cf35ab03f88b80fa762eff200cc186cd0ff7dd74b6a7c231276cbbf43bd86b37,252,252,Nintendo LZ10,Nintendo LZ10
"Pokémon Diamond Version (USA, ADAE, header ROM version 5)","Pokémon Pearl Version (USA, APAE, header ROM version 5)",/application/custom_ball/data/cb_data.narc,equal,202,202,,,5ff97822f3b59eb625730c248004e65fc97ffcd51864ce7e319accdb93f47911,5ff97822f3b59eb625730c248004e65fc97ffcd51864ce7e319accdb93f47911,240,240,Nintendo LZ10,Nintendo LZ10
"Pokémon Diamond Version (USA, ADAE, header ROM version 5)","Pokémon Pearl Version (USA, APAE, header ROM version 5)",/application/custom_ball/data/cb_data.narc,equal,203,203,,,572de7df38eea63ab59a710bb28f0e9065271b63af94a5f40d7e9c790bac2097,572de7df38eea63ab59a710bb28f0e9065271b63af94a5f40d7e9c790bac2097,260,260,Nintendo LZ10,Nintendo LZ10
"Pokémon Diamond Version (USA, ADAE, header ROM version 5)","Pokémon Pearl Version (USA, APAE, header ROM version 5)",/application/custom_ball/data/cb_data.narc,equal,204,204,,,c5384589009abd58750628ddc659e8a2c189cbf0173218fb6aa2366d60862684,c5384589009abd58750628ddc659e8a2c189cbf0173218fb6aa2366d60862684,252,252,Nintendo LZ10,Nintendo LZ10
"Pokémon Diamond Version (USA, ADAE, header ROM version 5)","Pokémon Pearl Version (USA, APAE, header ROM version 5)",/application/custom_ball/data/cb_data.narc,equal,205,205,,,bd9bf3c700fbfbc3b8be4b6f841c0f471e161d66a5f12c1ceba1c4a51ad85021,bd9bf3c700fbfbc3b8be4b6f841c0f471e161d66a5f12c1ceba1c4a51ad85021,268,268,Nintendo LZ10,Nintendo LZ10
"Pokémon Diamond Version (USA, ADAE, header ROM version 5)","Pokémon Pearl Version (USA, APAE, header ROM version 5)",/application/custom_ball/data/cb_data.narc,equal,206,206,,,075bb72a5591d4674a45a45923b49396c6bf3122520373059dcf650e312773b1,075bb72a5591d4674a45a45923b49396c6bf3122520373059dcf650e312773b1,272,272,Nintendo LZ10,Nintendo LZ10
"Pokémon Diamond Version (USA, ADAE, header ROM version 5)","Pokémon Pearl Version (USA, APAE, header ROM version 5)",/application/custom_ball/data/cb_data.narc,equal,207,207,,,623540d827ea70a9d4d58c5ba3eafceb917eb55cf22997e106ae628c959dc7ac,623540d827ea70a9d4d58c5ba3eafceb917eb55cf22997e106ae628c959dc7ac,276,276,Nintendo LZ10,Nintendo LZ10
"Pokémon Diamond Version (USA, ADAE, header ROM version 5)","Pokémon Pearl Version (USA, APAE, header ROM version 5)",/application/custom_ball/data/cb_data.narc,equal,208,208,,,d56cd6110d1e0b9801317fcd142554a03525d03771cd28e921c03124dfc33350,d56cd6110d1e0b9801317fcd142554a03525d03771cd28e921c03124dfc33350,276,276,Nintendo LZ10,Nintendo LZ10
"Pokémon Diamond Version (USA, ADAE, header ROM version 5)","Pokémon Pearl Version (USA, APAE, header ROM version 5)",/application/custom_ball/data/cb_data.narc,equal,209,209,,,78c92eb098b62eb907139b1df5c5680c9f3f4073aaa1e6980e3e80ea578b8a2c,78c92eb098b62eb907139b1df5c5680c9f3f4073aaa1e6980e3e80ea578b8a2c,264,264,Nintendo LZ10,Nintendo LZ10
"Pokémon Diamond Version (USA, ADAE, header ROM version 5)","Pokémon Pearl Version (USA, APAE, header ROM version 5)",/application/custom_ball/data/cb_data.narc,equal,210,210,,,520d8383f750adcdd20ca94bd9cb0f5db642c0805fde20dcf67137b312e94b91,520d8383f750adcdd20ca94bd9cb0f5db642c0805fde20dcf67137b312e94b91,276,276,Nintendo LZ10,Nintendo LZ10
"Pokémon Diamond Version (USA, ADAE, header ROM version 5)","Pokémon Pearl Version (USA, APAE, header ROM version 5)",/application/custom_ball/data/cb_data.narc,equal,211,211,,,d43acf95d056b2ee6b001ae5d841a01ab1a30828f94f7e9f2a5e89598875d85b,d43acf95d056b2ee6b001ae5d841a01ab1a30828f94f7e9f2a5e89598875d85b,264,264,Nintendo LZ10,Nintendo LZ10
"Pokémon Diamond Version (USA, ADAE, header ROM version 5)","Pokémon Pearl Version (USA, APAE, header ROM version 5)",/application/custom_ball/data/cb_data.narc,equal,212,212,,,e7f5a62dab07fe5b5f9b96cd2e45baf9d9e91a636a87cba44d3f26225393bae4,e7f5a62dab07fe5b5f9b96cd2e45baf9d9e91a636a87cba44d3f26225393bae4,276,276,Nintendo LZ10,Nintendo LZ10
"Pokémon Diamond Version (USA, ADAE, header ROM version 5)","Pokémon Pearl Version (USA, APAE, header ROM version 5)",/application/custom_ball/data/cb_data.narc,equal,213,213,,,f1c6f05fb3be4b8562478451d8c7e6732191c0b769699161c056aa610ed52f47,f1c6f05fb3be4b8562478451d8c7e6732191c0b769699161c056aa610ed52f47,268,268,Nintendo LZ10,Nintendo LZ10
"Pokémon Diamond Version (USA, ADAE, header ROM version 5)","Pokémon Pearl Version (USA, APAE, header ROM version 5)",/application/custom_ball/data/cb_data.narc,equal,214,214,,,08105a252f836dfff8f65149bf26fced4316a6e3bd347ef9c3f154a7997549e9,08105a252f836dfff8f65149bf26fced4316a6e3bd347ef9c3f154a7997549e9,260,260,Nintendo LZ10,Nintendo LZ10
"Pokémon Diamond Version (USA, ADAE, header ROM version 5)","Pokémon Pearl Version (USA, APAE, header ROM version 5)",/application/custom_ball/data/cb_data.narc,equal,215,215,,,cd926ee6a34c582bffd82b22bbb84c55d3bb29811c01656b894f636c93aa11a6,cd926ee6a34c582bffd82b22bbb84c55d3bb29811c01656b894f636c93aa11a6,268,268,Nintendo LZ10,Nintendo LZ10
"Pokémon Diamond Version (USA, ADAE, header ROM version 5)","Pokémon Pearl Version (USA, APAE, header ROM version 5)",/application/custom_ball/data/cb_data.narc,equal,216,216,,,720f04a2299250bc58ee7a8036a649a8343e7a600ade6d65f77a5fa5a34daac7,720f04a2299250bc58ee7a8036a649a8343e7a600ade6d65f77a5fa5a34daac7,256,256,Nintendo LZ10,Nintendo LZ10
"Pokémon Diamond Version (USA, ADAE, header ROM version 5)","Pokémon Pearl Version (USA, APAE, header ROM version 5)",/application/custom_ball/data/cb_data.narc,equal,217,217,,,5f1fb73ebf5639d0eb022dc2059554ed12e3dcc56bda58fdc2bc39be4c133f71,5f1fb73ebf5639d0eb022dc2059554ed12e3dcc56bda58fdc2bc39be4c133f71,284,284,Nintendo LZ10,Nintendo LZ10
"Pokémon Diamond Version (USA, ADAE, header ROM version 5)","Pokémon Pearl Version (USA, APAE, header ROM version 5)",/application/custom_ball/data/cb_data.narc,equal,218,218,,,66c7db0c68541638f1aca0dbe63fb0938aabf95fb209388f9e6ae8b0f4feac86,66c7db0c68541638f1aca0dbe63fb0938aabf95fb209388f9e6ae8b0f4feac86,280,280,Nintendo LZ10,Nintendo LZ10
"Pokémon Diamond Version (USA, ADAE, header ROM version 5)","Pokémon Pearl Version (USA, APAE, header ROM version 5)",/application/custom_ball/data/cb_data.narc,equal,219,219,,,46984390216bd06a5e5c4a83140a8e9fbd25f724a830c158168a0c3481343b25,46984390216bd06a5e5c4a83140a8e9fbd25f724a830c158168a0c3481343b25,280,280,Nintendo LZ10,Nintendo LZ10
"Pokémon Diamond Version (USA, ADAE, header ROM version 5)","Pokémon Pearl Version (USA, APAE, header ROM version 5)",/application/custom_ball/data/cb_data.narc,equal,220,220,,,9ce0bd87e574be4533cd3415d6bcc210ce65c6c50c9e6abbe820e92274c534f1,9ce0bd87e574be4533cd3415d6bcc210ce65c6c50c9e6abbe820e92274c534f1,280,280,Nintendo LZ10,Nintendo LZ10
"Pokémon Diamond Version (USA, ADAE, header ROM version 5)","Pokémon Pearl Version (USA, APAE, header ROM version 5)",/application/custom_ball/data/cb_data.narc,equal,221,221,,,d22dd5ae2c5dae43bcc365caf89d14e6e8dd376a100f1cde811f29831c081b37,d22dd5ae2c5dae43bcc365caf89d14e6e8dd376a100f1cde811f29831c081b37,260,260,Nintendo LZ10,Nintendo LZ10
"Pokémon Diamond Version (USA, ADAE, header ROM version 5)","Pokémon Pearl Version (USA, APAE, header ROM version 5)",/application/custom_ball/data/cb_data.narc,equal,222,222,,,be7d542b68b937ac10a6f17b7da160a37a9cd2dfdb2deec5398f1737c33dbc02,be7d542b68b937ac10a6f17b7da160a37a9cd2dfdb2deec5398f1737c33dbc02,252,252,Nintendo LZ10,Nintendo LZ10
"Pokémon Diamond Version (USA, ADAE, header ROM version 5)","Pokémon Pearl Version (USA, APAE, header ROM version 5)",/application/custom_ball/data/cb_data.narc,equal,223,223,,,0ecb67bac845efcb7c77a9e3e42d0dbc9b0f81e487500ba75e74e1560a6037df,0ecb67bac845efcb7c77a9e3e42d0dbc9b0f81e487500ba75e74e1560a6037df,260,260,Nintendo LZ10,Nintendo LZ10
"Pokémon Diamond Version (USA, ADAE, header ROM version 5)","Pokémon Pearl Version (USA, APAE, header ROM version 5)",/application/custom_ball/data/cb_data.narc,equal,224,224,,,177a64cef8ce554610c7b45e18b6f23c14d06742ec33baacbfa9388324597f87,177a64cef8ce554610c7b45e18b6f23c14d06742ec33baacbfa9388324597f87,252,252,Nintendo LZ10,Nintendo LZ10
"Pokémon Diamond Version (USA, ADAE, header ROM version 5)","Pokémon Pearl Version (USA, APAE, header ROM version 5)",/application/custom_ball/data/cb_data.narc,equal,225,225,,,541945f8b6a34148009e9e399f695f3f5bff69f0e358ae6bd29768d83f65bc32,541945f8b6a34148009e9e399f695f3f5bff69f0e358ae6bd29768d83f65bc32,260,260,Nintendo LZ10,Nintendo LZ10
"Pokémon Diamond Version (USA, ADAE, header ROM version 5)","Pokémon Pearl Version (USA, APAE, header ROM version 5)",/application/custom_ball/data/cb_data.narc,equal,226,226,,,bdfb0f4e16d3028f65d7ed534a3f25d5ac6665ba9d20fad6bba0b612c54089c7,bdfb0f4e16d3028f65d7ed534a3f25d5ac6665ba9d20fad6bba0b612c54089c7,252,252,Nintendo LZ10,Nintendo LZ10
"Pokémon Diamond Version (USA, ADAE, header ROM version 5)","Pokémon Pearl Version (USA, APAE, header ROM version 5)",/application/custom_ball/data/cb_data.narc,equal,227,227,,,670c3b021d33bb79c3cb8358642e343cfdc4a8b96ada3388f15b14f59a8d108c,670c3b021d33bb79c3cb8358642e343cfdc4a8b96ada3388f15b14f59a8d108c,264,264,Nintendo LZ10,Nintendo LZ10
"Pokémon Diamond Version (USA, ADAE, header ROM version 5)","Pokémon Pearl Version (USA, APAE, header ROM version 5)",/application/custom_ball/data/cb_data.narc,equal,228,228,,,3548dce3c60065cfe9eae1f776181e57da6907dbd9fbaa3f6ff3188b07a9f570,3548dce3c60065cfe9eae1f776181e57da6907dbd9fbaa3f6ff3188b07a9f570,228,228,Nintendo LZ10,Nintendo LZ10
"Pokémon Diamond Version (USA, ADAE, header ROM version 5)","Pokémon Pearl Version (USA, APAE, header ROM version 5)",/application/custom_ball/data/cb_data.narc,equal,229,229,,,49b0aa198a7f66e0f811610286a2425654dc7af7f0feda863d938b136ec86857,49b0aa198a7f66e0f811610286a2425654dc7af7f0feda863d938b136ec86857,232,232,Nintendo LZ10,Nintendo LZ10
"Pokémon Diamond Version (USA, ADAE, header ROM version 5)","Pokémon Pearl Version (USA, APAE, header ROM version 5)",/application/custom_ball/data/cb_data.narc,equal,230,230,,,79889be4191dbdcdbce8bc54ffebd424b3d76fc17f46c1699e978d12704835b3,79889be4191dbdcdbce8bc54ffebd424b3d76fc17f46c1699e978d12704835b3,268,268,Nintendo LZ10,Nintendo LZ10
"Pokémon Diamond Version (USA, ADAE, header ROM version 5)","Pokémon Pearl Version (USA, APAE, header ROM version 5)",/application/custom_ball/data/cb_data.narc,equal,231,231,,,cfefb6e3f849eb2c57021add03290f8d96528113ea1b5c2b67630fe5322a089f,cfefb6e3f849eb2c57021add03290f8d96528113ea1b5c2b67630fe5322a089f,268,268,Nintendo LZ10,Nintendo LZ10
"Pokémon Diamond Version (USA, ADAE, header ROM version 5)","Pokémon Pearl Version (USA, APAE, header ROM version 5)",/application/custom_ball/data/cb_data.narc,equal,232,232,,,bad99d4ca9c8bc6a02884712bc0d7bd7d3e33f4b88addfdf8c175d3401121d22,bad99d4ca9c8bc6a02884712bc0d7bd7d3e33f4b88addfdf8c175d3401121d22,228,228,Nintendo LZ10,Nintendo LZ10
"Pokémon Diamond Version (USA, ADAE, header ROM version 5)","Pokémon Pearl Version (USA, APAE, header ROM version 5)",/application/custom_ball/data/cb_data.narc,equal,233,233,,,41f69290ee9dbc1357fe2bfcd003856a64ac9cec2ced74f7ac6f065ca79106cd,41f69290ee9dbc1357fe2bfcd003856a64ac9cec2ced74f7ac6f065ca79106cd,232,232,Nintendo LZ10,Nintendo LZ10
"Pokémon Diamond Version (USA, ADAE, header ROM version 5)","Pokémon Pearl Version (USA, APAE, header ROM version 5)",/application/custom_ball/data/cb_data.narc,equal,234,234,,,1d8afed2936a3f99c572b6e54394ce6bf29bcc0dbe1baa2875d04bb6c98772ae,1d8afed2936a3f99c572b6e54394ce6bf29bcc0dbe1baa2875d04bb6c98772ae,232,232,Nintendo LZ10,Nintendo LZ10
"Pokémon Diamond Version (USA, ADAE, header ROM version 5)","Pokémon Pearl Version (USA, APAE, header ROM version 5)",/application/custom_ball/data/cb_data.narc,equal,235,235,,,fa6b62986a127e584df9da7a39f84218eae9d94b2a88ab0ca3aac0d55b684021,fa6b62986a127e584df9da7a39f84218eae9d94b2a88ab0ca3aac0d55b684021,188,188,Nintendo LZ10,Nintendo LZ10
"Pokémon Diamond Version (USA, ADAE, header ROM version 5)","Pokémon Pearl Version (USA, APAE, header ROM version 5)",/application/custom_ball/data/cb_data.narc,equal,236,236,,,930ac636be82e8cfb1765163f0475618d1d1400f5cf6e78cbaed2b3858aaa76d,930ac636be82e8cfb1765163f0475618d1d1400f5cf6e78cbaed2b3858aaa76d,236,236,Nintendo LZ10,Nintendo LZ10
"Pokémon Diamond Version (USA, ADAE, header ROM version 5)","Pokémon Pearl Version (USA, APAE, header ROM version 5)",/application/custom_ball/data/cb_data.narc,equal,237,237,,,12a3a1d363ff632b854c29ef732e00fa6e4fee6c6d3f531f39f25e33c4da8f2c,12a3a1d363ff632b854c29ef732e00fa6e4fee6c6d3f531f39f25e33c4da8f2c,212,212,Nintendo LZ10,Nintendo LZ10
"Pokémon Diamond Version (USA, ADAE, header ROM version 5)","Pokémon Pearl Version (USA, APAE, header ROM version 5)",/application/custom_ball/data/cb_data.narc,equal,238,238,,,fbdad97b8189badd39b2a5c92de2ccad78226cd6b04ee6ca71687218074aeacf,fbdad97b8189badd39b2a5c92de2ccad78226cd6b04ee6ca71687218074aeacf,184,184,Nintendo LZ10,Nintendo LZ10
"Pokémon Diamond Version (USA, ADAE, header ROM version 5)","Pokémon Pearl Version (USA, APAE, header ROM version 5)",/application/custom_ball/data/cb_data.narc,equal,239,239,,,dee8db8387cf8c21e01402ee52e187fda82a7683ccef4c42ff1b43abbd6c6b52,dee8db8387cf8c21e01402ee52e187fda82a7683ccef4c42ff1b43abbd6c6b52,184,184,Nintendo LZ10,Nintendo LZ10
"Pokémon Diamond Version (USA, ADAE, header ROM version 5)","Pokémon Pearl Version (USA, APAE, header ROM version 5)",/application/custom_ball/data/cb_data.narc,equal,240,240,,,e85ffc136f789901401ce8d8c67f57fb1da215aa69108bb0af0986ce5adb55f4,e85ffc136f789901401ce8d8c67f57fb1da215aa69108bb0af0986ce5adb55f4,228,228,Nintendo LZ10,Nintendo LZ10
"Pokémon Diamond Version (USA, ADAE, header ROM version 5)","Pokémon Pearl Version (USA, APAE, header ROM version 5)",/application/custom_ball/data/cb_data.narc,equal,241,241,,,d653ffb400bf14e96f5976c59dd5896672cb8a11a0b45b05c0e8f880af9ab2f2,d653ffb400bf14e96f5976c59dd5896672cb8a11a0b45b05c0e8f880af9ab2f2,184,184,Nintendo LZ10,Nintendo LZ10
"Pokémon Diamond Version (USA, ADAE, header ROM version 5)","Pokémon Pearl Version (USA, APAE, header ROM version 5)",/application/custom_ball/data/cb_data.narc,equal,242,242,,,bdde22b06fc6d05da2e6991ae0eda2d169697ddee3e624f86256ee3d9db0a0d8,bdde22b06fc6d05da2e6991ae0eda2d169697ddee3e624f86256ee3d9db0a0d8,128,128,Nintendo LZ10,Nintendo LZ10
"Pokémon Diamond Version (USA, ADAE, header ROM version 5)","Pokémon Pearl Version (USA, APAE, header ROM version 5)",/application/custom_ball/data/cb_data.narc,equal,243,243,,,11a2ec1109aba475c140ebd4b763af3452f6750472a22afc3cb9fd6b08d3dc75,11a2ec1109aba475c140ebd4b763af3452f6750472a22afc3cb9fd6b08d3dc75,192,192,Nintendo LZ10,Nintendo LZ10
"Pokémon Diamond Version (USA, ADAE, header ROM version 5)","Pokémon Pearl Version (USA, APAE, header ROM version 5)",/application/custom_ball/data/cb_data.narc,equal,244,244,,,8c44736b8c3871aa84ce39de986b5e6cf3dcd3be550a9cda8781776a52b1f3ea,8c44736b8c3871aa84ce39de986b5e6cf3dcd3be550a9cda8781776a52b1f3ea,220,220,Nintendo LZ10,Nintendo LZ10
"Pokémon Diamond Version (USA, ADAE, header ROM version 5)","Pokémon Pearl Version (USA, APAE, header ROM version 5)",/application/custom_ball/data/cb_data.narc,equal,245,245,,,1ef16a63cae022d0f2624d89176360b3e1c1b5614ef33a2fce67dfafe79315dc,1ef16a63cae022d0f2624d89176360b3e1c1b5614ef33a2fce67dfafe79315dc,168,168,Nintendo LZ10,Nintendo LZ10
"Pokémon Diamond Version (USA, ADAE, header ROM version 5)","Pokémon Pearl Version (USA, APAE, header ROM version 5)",/application/custom_ball/data/cb_data.narc,equal,246,246,,,68e64e3fc8aeef979e42484455b5ceb7db8f6f6c75c412f3944355a013e0331c,68e64e3fc8aeef979e42484455b5ceb7db8f6f6c75c412f3944355a013e0331c,200,200,Nintendo LZ10,Nintendo LZ10
"Pokémon Diamond Version (USA, ADAE, header ROM version 5)","Pokémon Pearl Version (USA, APAE, header ROM version 5)",/application/custom_ball/data/cb_data.narc,equal,247,247,,,991567b45c684d012279867a6c84bef1a55a2205106826d65db24dfb3e14c37d,991567b45c684d012279867a6c84bef1a55a2205106826d65db24dfb3e14c37d,192,192,Nintendo LZ10,Nintendo LZ10
"Pokémon Diamond Version (USA, ADAE, header ROM version 5)","Pokémon Pearl Version (USA, APAE, header ROM version 5)",/application/custom_ball/data/cb_data.narc,equal,248,248,,,31705c3531ded35018b344722aef3fbcc9e14132b2b3aff4a68d48160124ef1d,31705c3531ded35018b344722aef3fbcc9e14132b2b3aff4a68d48160124ef1d,236,236,Nintendo LZ10,Nintendo LZ10
"Pokémon Diamond Version (USA, ADAE, header ROM version 5)","Pokémon Pearl Version (USA, APAE, header ROM version 5)",/application/custom_ball/data/cb_data.narc,equal,249,249,,,efb06c4f617fc08b88fbc0a0cd3b9933e438e699cb763f915172ed284e7f45fa,efb06c4f617fc08b88fbc0a0cd3b9933e438e699cb763f915172ed284e7f45fa,200,200,Nintendo LZ10,Nintendo LZ10
"Pokémon Diamond Version (USA, ADAE, header ROM version 5)","Pokémon Pearl Version (USA, APAE, header ROM version 5)",/application/custom_ball/data/cb_data.narc,equal,250,250,,,ab7ad1aae573017c82aa2bcf5dc7c76f1dfb25c4f9f3e1b470fce70535df0e46,ab7ad1aae573017c82aa2bcf5dc7c76f1dfb25c4f9f3e1b470fce70535df0e46,232,232,Nintendo LZ10,Nintendo LZ10
"Pokémon Diamond Version (USA, ADAE, header ROM version 5)","Pokémon Pearl Version (USA, APAE, header ROM version 5)",/application/custom_ball/data/cb_data.narc,equal,251,251,,,8c0eb39eeef0cee815a9718df79750708e43bb02d2e5913bd9aa991ea4c2bffb,8c0eb39eeef0cee815a9718df79750708e43bb02d2e5913bd9aa991ea4c2bffb,208,208,Nintendo LZ10,Nintendo LZ10
"Pokémon Diamond Version (USA, ADAE, header ROM version 5)","Pokémon Pearl Version (USA, APAE, header ROM version 5)",/application/custom_ball/data/cb_data.narc,equal,252,252,,,bb0331f5bb12e0a81d8561604e0cd49bd16615ed61625896d70de42f2d13670b,bb0331f5bb12e0a81d8561604e0cd49bd16615ed61625896d70de42f2d13670b,224,224,Nintendo LZ10,Nintendo LZ10
"Pokémon Diamond Version (USA, ADAE, header ROM version 5)","Pokémon Pearl Version (USA, APAE, header ROM version 5)",/application/custom_ball/data/cb_data.narc,equal,253,253,,,42b1f877fad5c3b79e0756dccae0b1ee4431b8a2497199642edf556764b66904,42b1f877fad5c3b79e0756dccae0b1ee4431b8a2497199642edf556764b66904,176,176,Nintendo LZ10,Nintendo LZ10
"Pokémon Diamond Version (USA, ADAE, header ROM version 5)","Pokémon Pearl Version (USA, APAE, header ROM version 5)",/application/custom_ball/data/cb_data.narc,equal,254,254,,,56a7fbe5ea85abb8e618bbb86b4fe3694e3e6941452d79aa363fc182a142ce7c,56a7fbe5ea85abb8e618bbb86b4fe3694e3e6941452d79aa363fc182a142ce7c,208,208,Nintendo LZ10,Nintendo LZ10
"Pokémon Diamond Version (USA, ADAE, header ROM version 5)","Pokémon Pearl Version (USA, APAE, header ROM version 5)",/application/custom_ball/data/cb_data.narc,equal,255,255,,,92e51969f1cc56bd4292a73515a6a9645f5fe69c58a0fc573fc366aa4fc92ebf,92e51969f1cc56bd4292a73515a6a9645f5fe69c58a0fc573fc366aa4fc92ebf,236,236,Nintendo LZ10,Nintendo LZ10
"Pokémon Diamond Version (USA, ADAE, header ROM version 5)","Pokémon Pearl Version (USA, APAE, header ROM version 5)",/application/custom_ball/data/cb_data.narc,equal,256,256,,,6cf693ab7ea09f7aef9710ab6b9129188a8c1a90acf3019b5b41ea6ed4883778,6cf693ab7ea09f7aef9710ab6b9129188a8c1a90acf3019b5b41ea6ed4883778,252,252,Nintendo LZ10,Nintendo LZ10
"Pokémon Diamond Version (USA, ADAE, header ROM version 5)","Pokémon Pearl Version (USA, APAE, header ROM version 5)",/application/custom_ball/data/cb_data.narc,equal,257,257,,,81cae1d40b378433a07e009ce8c55bad38eb3e6d72eadcfca6b4eeefbc1798fa,81cae1d40b378433a07e009ce8c55bad38eb3e6d72eadcfca6b4eeefbc1798fa,240,240,Nintendo LZ10,Nintendo LZ10
"Pokémon Diamond Version (USA, ADAE, header ROM version 5)","Pokémon Pearl Version (USA, APAE, header ROM version 5)",/application/custom_ball/data/cb_data.narc,equal,258,258,,,2fafe645c6a96b0e9d344a9cba2c8687c259fbb6c813aa490e58732276234657,2fafe645c6a96b0e9d344a9cba2c8687c259fbb6c813aa490e58732276234657,216,216,Nintendo LZ10,Nintendo LZ10
"Pokémon Diamond Version (USA, ADAE, header ROM version 5)","Pokémon Pearl Version (USA, APAE, header ROM version 5)",/application/custom_ball/data/cb_data.narc,equal,259,259,,,ff5d1e3aebb21d2c7bcecd6ea906785f1fd49ca0619b10a3266ec2ec7adc77dc,ff5d1e3aebb21d2c7bcecd6ea906785f1fd49ca0619b10a3266ec2ec7adc77dc,192,192,Nintendo LZ10,Nintendo LZ10
"Pokémon Diamond Version (USA, ADAE, header ROM version 5)","Pokémon Pearl Version (USA, APAE, header ROM version 5)",/application/custom_ball/data/cb_data.narc,equal,260,260,,,5050860878779231955b25e4b4d0267b30e82aa84c54074f9ab7cec6c44abcda,5050860878779231955b25e4b4d0267b30e82aa84c54074f9ab7cec6c44abcda,180,180,Nintendo LZ10,Nintendo LZ10
"Pokémon Diamond Version (USA, ADAE, header ROM version 5)","Pokémon Pearl Version (USA, APAE, header ROM version 5)",/application/custom_ball/data/cb_data.narc,equal,261,261,,,ec51d8719c537e1288b1e6f8f056da33cbd654e5469ae200208d02808adea091,ec51d8719c537e1288b1e6f8f056da33cbd654e5469ae200208d02808adea091,212,212,Nintendo LZ10,Nintendo LZ10
"Pokémon Diamond Version (USA, ADAE, header ROM version 5)","Pokémon Pearl Version (USA, APAE, header ROM version 5)",/application/custom_ball/data/cb_data.narc,equal,262,262,,,8c305c2de93a4f97abfdd3ea7258b367d414d8e45ad1cc0a8223f0536de18a80,8c305c2de93a4f97abfdd3ea7258b367d414d8e45ad1cc0a8223f0536de18a80,252,252,Nintendo LZ10,Nintendo LZ10
"Pokémon Diamond Version (USA, ADAE, header ROM version 5)","Pokémon Pearl Version (USA, APAE, header ROM version 5)",/application/custom_ball/data/cb_data.narc,equal,263,263,,,5fb252bc3fe08f594c0b4f343d1d3bcc025b83a70d70f57a097b491dd77cfeb0,5fb252bc3fe08f594c0b4f343d1d3bcc025b83a70d70f57a097b491dd77cfeb0,236,236,Nintendo LZ10,Nintendo LZ10
"Pokémon Diamond Version (USA, ADAE, header ROM version 5)","Pokémon Pearl Version (USA, APAE, header ROM version 5)",/application/custom_ball/data/cb_data.narc,equal,264,264,,,03f81d7b4cf264c11c85389126979ec168e1998a58a7c77f10dff4f162d41fe1,03f81d7b4cf264c11c85389126979ec168e1998a58a7c77f10dff4f162d41fe1,272,272,Nintendo LZ10,Nintendo LZ10
"Pokémon Diamond Version (USA, ADAE, header ROM version 5)","Pokémon Pearl Version (USA, APAE, header ROM version 5)",/application/custom_ball/data/cb_data.narc,equal,265,265,,,b3727c988809bba0b27df5507209a4dfc5df27ad29294bb8828ec761d966d472,b3727c988809bba0b27df5507209a4dfc5df27ad29294bb8828ec761d966d472,244,244,Nintendo LZ10,Nintendo LZ10
"Pokémon Diamond Version (USA, ADAE, header ROM version 5)","Pokémon Pearl Version (USA, APAE, header ROM version 5)",/application/custom_ball/data/cb_data.narc,equal,266,266,,,7da58d81612d0555898e1cd21c577fcbf20ba0f336baf51b9c7a0158917327da,7da58d81612d0555898e1cd21c577fcbf20ba0f336baf51b9c7a0158917327da,796,796,Nintendo LZ10,Nintendo LZ10
"Pokémon Diamond Version (USA, ADAE, header ROM version 5)","Pokémon Pearl Version (USA, APAE, header ROM version 5)",/application/custom_ball/data/cb_data.narc,equal,267,267,,,a4c9bf632cdfff99958f0664d6d34866dbd16ebefd9b5aee9ac0e4b9d5dd6bee,a4c9bf632cdfff99958f0664d6d34866dbd16ebefd9b5aee9ac0e4b9d5dd6bee,1152,1152,Nintendo LZ10,Nintendo LZ10
"Pokémon Diamond Version (USA, ADAE, header ROM version 5)","Pokémon Pearl Version (USA, APAE, header ROM version 5)",/application/custom_ball/data/cb_data.narc,equal,268,268,,,bc1243b3e44c1cd325aebcf302955301c5fe9da0ef8efe7c57d7396cf58f91e8,bc1243b3e44c1cd325aebcf302955301c5fe9da0ef8efe7c57d7396cf58f91e8,7824,7824,Nintendo LZ10,Nintendo LZ10
"Pokémon Diamond Version (USA, ADAE, header ROM version 5)","Pokémon Pearl Version (USA, APAE, header ROM version 5)",/application/custom_ball/data/cb_data.narc,equal,269,269,,,ee5d94cf3aeb1f43b8b5a5ff636f83615148d1a7ecb4fba25621a9d58ab7ff4e,ee5d94cf3aeb1f43b8b5a5ff636f83615148d1a7ecb4fba25621a9d58ab7ff4e,436,436,Nintendo LZ10,Nintendo LZ10
"Pokémon Diamond Version (USA, ADAE, header ROM version 5)","Pokémon Pearl Version (USA, APAE, header ROM version 5)",/application/custom_ball/data/cb_data.narc,equal,270,270,,,3dcecbed4c95a944cbac6378c910de8fc125e335a58e7812da2606c35ccdde8f,3dcecbed4c95a944cbac6378c910de8fc125e335a58e7812da2606c35ccdde8f,584,584,Nintendo LZ10,Nintendo LZ10
"Pokémon Diamond Version (USA, ADAE, header ROM version 5)","Pokémon Pearl Version (USA, APAE, header ROM version 5)",/application/custom_ball/data/cb_data.narc,equal,271,271,,,bef463a240c1085455e4493b188368b077c0093a5b8041fb2a84f45552846052,bef463a240c1085455e4493b188368b077c0093a5b8041fb2a84f45552846052,1000,1000,Nintendo LZ10,Nintendo LZ10
"Pokémon Diamond Version (USA, ADAE, header ROM version 5)","Pokémon Pearl Version (USA, APAE, header ROM version 5)",/application/custom_ball/data/cb_data.narc,equal,272,272,,,a33e3ce0de335bfb571db34489f1346e5b2b37984492cb8575c0671ab45dd6c1,a33e3ce0de335bfb571db34489f1346e5b2b37984492cb8575c0671ab45dd6c1,576,576,Nintendo LZ10,Nintendo LZ10
"Pokémon Diamond Version (USA, ADAE, header ROM version 5)","Pokémon Pearl Version (USA, APAE, header ROM version 5)",/application/custom_ball/data/cb_data.narc,equal,273,273,,,d964004749c883d38b2b30080432589cd823770ed5e4c9422f8de9c463f4b842,d964004749c883d38b2b30080432589cd823770ed5e4c9422f8de9c463f4b842,316,316,Nintendo LZ10,Nintendo LZ10
"Pokémon Diamond Version (USA, ADAE, header ROM version 5)","Pokémon Pearl Version (USA, APAE, header ROM version 5)",/application/custom_ball/data/cb_data.narc,equal,274,274,,,bfcf7766644b913df151af238bf6638efaec3a660cd07f4f321bd760b5fe7fed,bfcf7766644b913df151af238bf6638efaec3a660cd07f4f321bd760b5fe7fed,312,312,Nintendo LZ10,Nintendo LZ10
"Pokémon Diamond Version (USA, ADAE, header ROM version 5)","Pokémon Pearl Version (USA, APAE, header ROM version 5)",/application/custom_ball/data/cb_data.narc,equal,275,275,,,6e2affab9a2f8ee40b952ddb6eb558aa213d3c9fcd96a68fb2e93f37fb970645,6e2affab9a2f8ee40b952ddb6eb558aa213d3c9fcd96a68fb2e93f37fb970645,812,812,Nintendo LZ10,Nintendo LZ10
"Pokémon Diamond Version (USA, ADAE, header ROM version 5)","Pokémon Pearl Version (USA, APAE, header ROM version 5)",/application/custom_ball/data/cb_data.narc,equal,276,276,,,17b31d90be46021e95c43e9ab0ec99e5670e08228533736cef008bea113b581b,17b31d90be46021e95c43e9ab0ec99e5670e08228533736cef008bea113b581b,164,164,Nintendo LZ10,Nintendo LZ10
"Pokémon Diamond Version (USA, ADAE, header ROM version 5)","Pokémon Pearl Version (USA, APAE, header ROM version 5)",/application/custom_ball/data/cb_data.narc,equal,277,277,,,af5749bc3b8a5cdf9b29eeb7058c8887f66ea391581ba9025ceed97f25f4c7bb,af5749bc3b8a5cdf9b29eeb7058c8887f66ea391581ba9025ceed97f25f4c7bb,176,176,Nintendo LZ10,Nintendo LZ10
"Pokémon Diamond Version (USA, ADAE, header ROM version 5)","Pokémon Pearl Version (USA, APAE, header ROM version 5)",/application/custom_ball/data/cb_data.narc,equal,278,278,,,ce5b1f47cac7efdde448a5862129850b65ed355c1e829f6d78a1ac7cc5b994ec,ce5b1f47cac7efdde448a5862129850b65ed355c1e829f6d78a1ac7cc5b994ec,144,144,Nintendo LZ10,Nintendo LZ10
"Pokémon Diamond Version (USA, ADAE, header ROM version 5)","Pokémon Pearl Version (USA, APAE, header ROM version 5)",/application/custom_ball/data/cb_data.narc,equal,279,279,,,92d4dfa18eb6dc1d117efeec4364784a5d3af808f3a58c7a2275366ff78e932f,92d4dfa18eb6dc1d117efeec4364784a5d3af808f3a58c7a2275366ff78e932f,172,172,Nintendo LZ10,Nintendo LZ10
"Pokémon Diamond Version (USA, ADAE, header ROM version 5)","Pokémon Pearl Version (USA, APAE, header ROM version 5)",/application/custom_ball/data/cb_data.narc,equal,280,280,,,2488a832635fe2aae0d889a832a00ec5057fedcdece77a8c53e865fca2cf0d34,2488a832635fe2aae0d889a832a00ec5057fedcdece77a8c53e865fca2cf0d34,192,192,Nintendo LZ10,Nintendo LZ10
"Pokémon Diamond Version (USA, ADAE, header ROM version 5)","Pokémon Pearl Version (USA, APAE, header ROM version 5)",/application/custom_ball/data/cb_data.narc,equal,281,281,,,2488a832635fe2aae0d889a832a00ec5057fedcdece77a8c53e865fca2cf0d34,2488a832635fe2aae0d889a832a00ec5057fedcdece77a8c53e865fca2cf0d34,192,192,Nintendo LZ10,Nintendo LZ10
"Pokémon Diamond Version (USA, ADAE, header ROM version 5)","Pokémon Pearl Version (USA, APAE, header ROM version 5)",/application/custom_ball/data/cb_data.narc,equal,282,282,,,e0c802c66a324a1f4b76c106e4bd686b00745367e437e39fe2f225f568b4c09c,e0c802c66a324a1f4b76c106e4bd686b00745367e437e39fe2f225f568b4c09c,748,748,Nintendo LZ10,Nintendo LZ10
"Pokémon Diamond Version (USA, ADAE, header ROM version 5)","Pokémon Pearl Version (USA, APAE, header ROM version 5)",/application/custom_ball/data/cb_data.narc,equal,283,283,,,41ff838886231f843a8822b5ff78fa0e252bf2dcc7ad9cde9f71cbe91e942a9b,41ff838886231f843a8822b5ff78fa0e252bf2dcc7ad9cde9f71cbe91e942a9b,636,636,Nintendo LZ10,Nintendo LZ10
"Pokémon Diamond Version (USA, ADAE, header ROM version 5)","Pokémon Pearl Version (USA, APAE, header ROM version 5)",/application/custom_ball/data/cb_data.narc,equal,284,284,,,1505d73e23195ac8a2bb31f396224dc2c8ba56499777c9d9320a84e1ef1cae89,1505d73e23195ac8a2bb31f396224dc2c8ba56499777c9d9320a84e1ef1cae89,308,308,Nintendo LZ10,Nintendo LZ10
"Pokémon Diamond Version (USA, ADAE, header ROM version 5)","Pokémon Pearl Version (USA, APAE, header ROM version 5)",/application/custom_ball/data/cb_data.narc,equal,285,285,,,e8ab99113987324b1981aa9edb89ddcb4abf0d367720f5cb0ebb6b19aa7a83c7,e8ab99113987324b1981aa9edb89ddcb4abf0d367720f5cb0ebb6b19aa7a83c7,420,420,Nintendo LZ10,Nintendo LZ10
"Pokémon Diamond Version (USA, ADAE, header ROM version 5)","Pokémon Pearl Version (USA, APAE, header ROM version 5)",/application/custom_ball/data/cb_data.narc,equal,286,286,,,11ea1ca070edc4ebb1cd82d98fe0e838891677a3c692ac33de9795e7fd19cbf2,11ea1ca070edc4ebb1cd82d98fe0e838891677a3c692ac33de9795e7fd19cbf2,552,552,NCLR palette,NCLR palette
"Pokémon Diamond Version (USA, ADAE, header ROM version 5)","Pokémon Pearl Version (USA, APAE, header ROM version 5)",/application/custom_ball/data/cb_data.narc,equal,287,287,,,d9d4ddc291d07f48d5b66068a7267d211736f118b1da9a6743b46d1ef0c5591e,d9d4ddc291d07f48d5b66068a7267d211736f118b1da9a6743b46d1ef0c5591e,552,552,NCLR palette,NCLR palette
"Pokémon Diamond Version (USA, ADAE, header ROM version 5)","Pokémon Pearl Version (USA, APAE, header ROM version 5)",/application/custom_ball/data/cb_data.narc,equal,288,288,,,12d4eb07e10ef509ee53b1c2c5e2ab5491b88b2d52144fbf5c5a6195ecaef3d5,12d4eb07e10ef509ee53b1c2c5e2ab5491b88b2d52144fbf5c5a6195ecaef3d5,124,124,NCLR palette,NCLR palette
"Pokémon Diamond Version (USA, ADAE, header ROM version 5)","Pokémon Pearl Version (USA, APAE, header ROM version 5)",/application/custom_ball/data/cb_data.narc,equal,289,289,,,1ee12aadbe7a600a0d4f193f72f1a4bd2d9a29693119cec4174567a5bd603dc6,1ee12aadbe7a600a0d4f193f72f1a4bd2d9a29693119cec4174567a5bd603dc6,90,90,NCLR palette,NCLR palette
"Pokémon Diamond Version (USA, ADAE, header ROM version 5)","Pokémon Pearl Version (USA, APAE, header ROM version 5)",/application/custom_ball/data/cb_data.narc,equal,290,290,,,be03201a1c55dbafbaf73df7917293db398a05de7b61b05101fb8609772f99b7,be03201a1c55dbafbaf73df7917293db398a05de7b61b05101fb8609772f99b7,552,552,NCLR palette,NCLR palette
"Pokémon Diamond Version (USA, ADAE, header ROM version 5)","Pokémon Pearl Version (USA, APAE, header ROM version 5)",/application/custom_ball/data/cb_data.narc,equal,291,291,,,28256494e711294dd417e0ed8c8ef6c3ab6754cfb486577d77c24ef21f09291c,28256494e711294dd417e0ed8c8ef6c3ab6754cfb486577d77c24ef21f09291c,552,552,NCLR palette,NCLR palette
"Pokémon Diamond Version (USA, ADAE, header ROM version 5)","Pokémon Pearl Version (USA, APAE, header ROM version 5)",/application/custom_ball/data/cb_data.narc,equal,292,292,,,409050cfd98673a5e78bc85038720ef9e4665821562b79cdd7122b6f0ac0c96b,409050cfd98673a5e78bc85038720ef9e4665821562b79cdd7122b6f0ac0c96b,90,90,NCLR palette,NCLR palette
"Pokémon Diamond Version (USA, ADAE, header ROM version 5)","Pokémon Pearl Version (USA, APAE, header ROM version 5)",/application/custom_ball/data/cb_data.narc,equal,293,293,,,ba03c64e8e2adbc253b492db7ace05a73ceb90c96d7376f88ecb1ebdd227a0d9,ba03c64e8e2adbc253b492db7ace05a73ceb90c96d7376f88ecb1ebdd227a0d9,124,124,NCLR palette,NCLR palette
"Pokémon Diamond Version (USA, ADAE, header ROM version 5)","Pokémon Pearl Version (USA, APAE, header ROM version 5)",/application/custom_ball/data/cb_data.narc,equal,294,294,,,b762745e89d44656fd29de294d66a84ba8c7573b4017b8fb6d3be5cbfbe62ac5,b762745e89d44656fd29de294d66a84ba8c7573b4017b8fb6d3be5cbfbe62ac5,552,552,NCLR palette,NCLR palette
"Pokémon Diamond Version (USA, ADAE, header ROM version 5)","Pokémon Pearl Version (USA, APAE, header ROM version 5)",/application/wifi_earth/wifi_earth.narc,equal,0,0,,,3747a1aa133a61e9a4e297b72df420c67a9b1ab36b1cec0a5d72da3eddcf7268,3747a1aa133a61e9a4e297b72df420c67a9b1ab36b1cec0a5d72da3eddcf7268,146564,146564,NSBMD model,NSBMD model
"Pokémon Diamond Version (USA, ADAE, header ROM version 5)","Pokémon Pearl Version (USA, APAE, header ROM version 5)",/application/wifi_earth/wifi_earth.narc,equal,1,1,,,3b8cc193840a711ada728325cbe1805e70254ee64483f564b02241c6b59aa545,3b8cc193840a711ada728325cbe1805e70254ee64483f564b02241c6b59aa545,668,668,NSBMD model,NSBMD model
"Pokémon Diamond Version (USA, ADAE, header ROM version 5)","Pokémon Pearl Version (USA, APAE, header ROM version 5)",/application/wifi_earth/wifi_earth.narc,equal,2,2,,,1359bb997448ea73f36dc371fd81cbe4bc460ba74ccb830e26bb54f5d876e68b,1359bb997448ea73f36dc371fd81cbe4bc460ba74ccb830e26bb54f5d876e68b,668,668,NSBMD model,NSBMD model
"Pokémon Diamond Version (USA, ADAE, header ROM version 5)","Pokémon Pearl Version (USA, APAE, header ROM version 5)",/application/wifi_earth/wifi_earth.narc,equal,3,3,,,866091d66581815b2cdcacab8ac93f7a37d8a86b570b37348018b87eae84f49d,866091d66581815b2cdcacab8ac93f7a37d8a86b570b37348018b87eae84f49d,668,668,NSBMD model,NSBMD model
"Pokémon Diamond Version (USA, ADAE, header ROM version 5)","Pokémon Pearl Version (USA, APAE, header ROM version 5)",/application/wifi_earth/wifi_earth.narc,equal,4,4,,,b8fc108613dd9b3883a22e7a521bb7cadf117946f8a6fc941224d70f6f6619c9,b8fc108613dd9b3883a22e7a521bb7cadf117946f8a6fc941224d70f6f6619c9,668,668,NSBMD model,NSBMD model
"Pokémon Diamond Version (USA, ADAE, header ROM version 5)","Pokémon Pearl Version (USA, APAE, header ROM version 5)",/application/wifi_earth/wifi_earth.narc,equal,5,5,,,880a52095e85bd7458dd4783419780c9fe570e48aad30e2ae3616d5e9786d99d,880a52095e85bd7458dd4783419780c9fe570e48aad30e2ae3616d5e9786d99d,192,192,NCGR graphics,NCGR graphics
"Pokémon Diamond Version (USA, ADAE, header ROM version 5)","Pokémon Pearl Version (USA, APAE, header ROM version 5)",/application/wifi_earth/wifi_earth.narc,equal,6,6,,,003a6ebb112a3951732288e09e2e06c3c4744ac89bb8e171d5e98c2ec34b0eee,003a6ebb112a3951732288e09e2e06c3c4744ac89bb8e171d5e98c2ec34b0eee,552,552,NCLR palette,NCLR palette
"Pokémon Diamond Version (USA, ADAE, header ROM version 5)","Pokémon Pearl Version (USA, APAE, header ROM version 5)",/application/wifi_earth/wifi_earth.narc,equal,7,7,,,1e4208e6752eba1bcf8c31acddee6c539a92eb71206cd63751333d65efd9422a,1e4208e6752eba1bcf8c31acddee6c539a92eb71206cd63751333d65efd9422a,2084,2084,NSCR screen map,NSCR screen map
"Pokémon Diamond Version (USA, ADAE, header ROM version 5)","Pokémon Pearl Version (USA, APAE, header ROM version 5)",/application/wifi_earth/wifi_earth_place.narc,equal,0,0,,,aee038015fa9a51992ca040e5c527c36f2f0df0a525d8ccd5637d634d904f6cd,aee038015fa9a51992ca040e5c527c36f2f0df0a525d8ccd5637d634d904f6cd,100,100,,
"Pokémon Diamond Version (USA, ADAE, header ROM version 5)","Pokémon Pearl Version (USA, APAE, header ROM version 5)",/application/wifi_earth/wifi_earth_place.narc,equal,1,1,,,69c81f416efbc0e83fa869ec81ce6060278a2102465d5d9a7297750b52c70348,69c81f416efbc0e83fa869ec81ce6060278a2102465d5d9a7297750b52c70348,32,32,,
"Pokémon Diamond Version (USA, ADAE, header ROM version 5)","Pokémon Pearl Version (USA, APAE, header ROM version 5)",/application/wifi_earth/wifi_earth_place.narc,equal,2,2,,,f27a97496d4c38dfabf2f241f3d32c96cca5be2308ba8a44edfe2b7cd08b5568,f27a97496d4c38dfabf2f241f3d32c96cca5be2308ba8a44edfe2b7cd08b5568,112,112,,
"Pokémon Diamond Version (USA, ADAE, header ROM version 5)","Pokémon Pearl Version (USA, APAE, header ROM version 5)",/application/wifi_earth/wifi_earth_place.narc,equal,3,3,,,b431288fac1c39915054bb5723690270e877d7c019c7ed7b367ba8b7e6fdfc69,b431288fac1c39915054bb5723690270e877d7c019c7ed7b367ba8b7e6fdfc69,56,56,,
"Pokémon Diamond Version (USA, ADAE, header ROM version 5)","Pokémon Pearl Version (USA, APAE, header ROM version 5)",/application/wifi_earth/wifi_earth_place.narc,equal,4,4,,,6ded0561c68d948fec32119d0f8f76d2a165505ff796a6b4d5e0ef0812628fd5,6ded0561c68d948fec32119d0f8f76d2a165505ff796a6b4d5e0ef0812628fd5,128,128,,
"Pokémon Diamond Version (USA, ADAE, header ROM version 5)","Pokémon Pearl Version (USA, APAE, header ROM version 5)",/application/wifi_earth/wifi_earth_place.narc,equal,5,5,,,e6d0de6a81484d8c7f84175c263173c49480f18b359e66aee222672cdd903adc,e6d0de6a81484d8c7f84175c263173c49480f18b359e66aee222672cdd903adc,68,68,,
"Pokémon Diamond Version (USA, ADAE, header ROM version 5)","Pokémon Pearl Version (USA, APAE, header ROM version 5)",/application/wifi_earth/wifi_earth_place.narc,equal,6,6,,,63e3603c363e28d365832a978c5f68de4d4202b57059f690b6f6f6f14a93011a,63e3603c363e28d365832a978c5f68de4d4202b57059f690b6f6f6f14a93011a,72,72,,
"Pokémon Diamond Version (USA, ADAE, header ROM version 5)","Pokémon Pearl Version (USA, APAE, header ROM version 5)",/application/wifi_earth/wifi_earth_place.narc,equal,7,7,,,7152bf1a1ded8134891ccf982198971413e8cfe3453680a565a71ee993e04d82,7152bf1a1ded8134891ccf982198971413e8cfe3453680a565a71ee993e04d82,28,28,,
"Pokémon Diamond Version (USA, ADAE, header ROM version 5)","Pokémon Pearl Version (USA, APAE, header ROM version 5)",/application/wifi_earth/wifi_earth_place.narc,equal,8,8,,,de59b406f691da1f57db4599721b6e24b6b2457ddb6db71101daa7a539c1d056,de59b406f691da1f57db4599721b6e24b6b2457ddb6db71101daa7a539c1d056,92,92,,
"Pokémon Diamond Version (USA, ADAE, header ROM version 5)","Pokémon Pearl Version (USA, APAE, header ROM version 5)",/application/wifi_earth/wifi_earth_place.narc,equal,9,9,,,fe32b59bb4977c0a61203be0fe4c33321b87d481f5c53c36add40b4fd3c3019c,fe32b59bb4977c0a61203be0fe4c33321b87d481f5c53c36add40b4fd3c3019c,52,52,,
"Pokémon Diamond Version (USA, ADAE, header ROM version 5)","Pokémon Pearl Version (USA, APAE, header ROM version 5)",/application/wifi_earth/wifi_earth_place.narc,equal,10,10,,,0b8e2ac9312a06f9ad1e9abfab0e382fab031ac04495e111aba307e392d95d46,0b8e2ac9312a06f9ad1e9abfab0e382fab031ac04495e111aba307e392d95d46,144,144,,
"Pokémon Diamond Version (USA, ADAE, header ROM version 5)","Pokémon Pearl Version (USA, APAE, header ROM version 5)",/application/wifi_earth/wifi_earth_place.narc,equal,11,11,,,f8bb50f4929f7b1734747a7f9f0093e3a13c0908bc722cdcaf9c1722e599f99c,f8bb50f4929f7b1734747a7f9f0093e3a13c0908bc722cdcaf9c1722e599f99c,84,84,,
"Pokémon Diamond Version (USA, ADAE, header ROM version 5)","Pokémon Pearl Version (USA, APAE, header ROM version 5)",/application/wifi_earth/wifi_earth_place.narc,equal,12,12,,,12cfa9f05c57e890d60317703e74789a40b1cf0e8a024119156ec8b708c5cd45,12cfa9f05c57e890d60317703e74789a40b1cf0e8a024119156ec8b708c5cd45,204,204,,
"Pokémon Diamond Version (USA, ADAE, header ROM version 5)","Pokémon Pearl Version (USA, APAE, header ROM version 5)",/application/wifi_earth/wifi_earth_place.narc,equal,13,13,,,303721b37c8d3b13cdfe525ffd8a78328a09765e17aa340ba52fa7394d25943e,303721b37c8d3b13cdfe525ffd8a78328a09765e17aa340ba52fa7394d25943e,84,84,,
"Pokémon Diamond Version (USA, ADAE, header ROM version 5)","Pokémon Pearl Version (USA, APAE, header ROM version 5)",/application/wifi_earth/wifi_earth_place.narc,equal,14,14,,,189bb88a5883dc0d772a546a0005e1a3e22271fa8b763dae3b78aa41781b64bf,189bb88a5883dc0d772a546a0005e1a3e22271fa8b763dae3b78aa41781b64bf,68,68,,
"Pokémon Diamond Version (USA, ADAE, header ROM version 5)","Pokémon Pearl Version (USA, APAE, header ROM version 5)",/application/wifi_earth/wifi_earth_place.narc,equal,15,15,,,48637abd951a62279e3b52be65ec47064b2921b437691c98bee508f483074c80,48637abd951a62279e3b52be65ec47064b2921b437691c98bee508f483074c80,32,32,,
"Pokémon Diamond Version (USA, ADAE, header ROM version 5)","Pokémon Pearl Version (USA, APAE, header ROM version 5)",/application/wifi_earth/wifi_earth_place.narc,equal,16,16,,,89964b3c32480049ea154bd2280cb384ce6d786c105013b5b64070800beee67b,89964b3c32480049ea154bd2280cb384ce6d786c105013b5b64070800beee67b,100,100,,
"Pokémon Diamond Version (USA, ADAE, header ROM version 5)","Pokémon Pearl Version (USA, APAE, header ROM version 5)",/application/wifi_earth/wifi_earth_place.narc,equal,17,17,,,40b47b208e9747c0a9e10db0f93bf25d793352119856200264996db02a666c39,40b47b208e9747c0a9e10db0f93bf25d793352119856200264996db02a666c39,208,208,,
"Pokémon Diamond Version (USA, ADAE, header ROM version 5)","Pokémon Pearl Version (USA, APAE, header ROM version 5)",/application/wifi_earth/wifi_earth_place.narc,equal,18,18,,,0e9c5d36cc70ae7e1d5d2ed5269565804b9a0ebe100d31122fc0640bd563519c,0e9c5d36cc70ae7e1d5d2ed5269565804b9a0ebe100d31122fc0640bd563519c,1404,1404,,
"Pokémon Diamond Version (USA, ADAE, header ROM version 5)","Pokémon Pearl Version (USA, APAE, header ROM version 5)",/application/zukanlist/zkn_data/zukan_data.narc,equal,0,0,,,b37cfe6069eda5c9164484e1ad3bf1a972f744b46e0a8f49301e387e4634b9f6,b37cfe6069eda5c9164484e1ad3bf1a972f744b46e0a8f49301e387e4634b9f6,1976,1976,,
"Pokémon Diamond Version (USA, ADAE, header ROM version 5)","Pokémon Pearl Version (USA, APAE, header ROM version 5)",/application/zukanlist/zkn_data/zukan_data.narc,equal,1,1,,,ea0de75568563916c53d47ee9a5cdc18de9e7314d3520617d2855f4571775aea,ea0de75568563916c53d47ee9a5cdc18de9e7314d3520617d2855f4571775aea,1976,1976,,
"Pokémon Diamond Version (USA, ADAE, header ROM version 5)","Pokémon Pearl Version (USA, APAE, header ROM version 5)",/application/zukanlist/zkn_data/zukan_data.narc,equal,2,2,,,c05bfa5c5b125e49a5c5332bf97dd8d080f5ef07a4b5994b44485286dfacdd0e,c05bfa5c5b125e49a5c5332bf97dd8d080f5ef07a4b5994b44485286dfacdd0e,494,494,,
"Pokémon Diamond Version (USA, ADAE, header ROM version 5)","Pokémon Pearl Version (USA, APAE, header ROM version 5)",/application/zukanlist/zkn_data/zukan_data.narc,equal,3,3,,,964f59e89bae6ffe84564b31a3e971927d86b4aa92a73c95d388f83f37f0123d,964f59e89bae6ffe84564b31a3e971927d86b4aa92a73c95d388f83f37f0123d,988,988,Nintendo LZ10,Nintendo LZ10
"Pokémon Diamond Version (USA, ADAE, header ROM version 5)","Pokémon Pearl Version (USA, APAE, header ROM version 5)",/application/zukanlist/zkn_data/zukan_data.narc,equal,4,4,,,a9c026ce74b71e737c1b4beec92f44160c6a05b9a625390f961a7cbde3fda46a,a9c026ce74b71e737c1b4beec92f44160c6a05b9a625390f961a7cbde3fda46a,988,988,,
"Pokémon Diamond Version (USA, ADAE, header ROM version 5)","Pokémon Pearl Version (USA, APAE, header ROM version 5)",/application/zukanlist/zkn_data/zukan_data.narc,equal,5,5,,,d22b4e927d5e31c40c5e57c227d6ba34ea7a07718e17b04bdb718bc01646bb7a,d22b4e927d5e31c40c5e57c227d6ba34ea7a07718e17b04bdb718bc01646bb7a,988,988,,
"Pokémon Diamond Version (USA, ADAE, header ROM version 5)","Pokémon Pearl Version (USA, APAE, header ROM version 5)",/application/zukanlist/zkn_data/zukan_data.narc,equal,6,6,,,9fd11b045d38169dd5154ad7c2014e2571184000bd3d35f5928131ba8cf5ff42,9fd11b045d38169dd5154ad7c2014e2571184000bd3d35f5928131ba8cf5ff42,988,988,,
"Pokémon Diamond Version (USA, ADAE, header ROM version 5)","Pokémon Pearl Version (USA, APAE, header ROM version 5)",/application/zukanlist/zkn_data/zukan_data.narc,equal,7,7,,,ac768fa23d43a1659e9e5f39f0d6f1d6af85644059195ed80ec84bdfbc455efc,ac768fa23d43a1659e9e5f39f0d6f1d6af85644059195ed80ec84bdfbc455efc,988,988,,
"Pokémon Diamond Version (USA, ADAE, header ROM version 5)","Pokémon Pearl Version (USA, APAE, header ROM version 5)",/application/zukanlist/zkn_data/zukan_data.narc,equal,8,8,,,bb9d39462cbbf79f19f1c099fa9ed04dbe8da3465893e7a62417a86fae16ac04,bb9d39462cbbf79f19f1c099fa9ed04dbe8da3465893e7a62417a86fae16ac04,988,988,,
"Pokémon Diamond Version (USA, ADAE, header ROM version 5)","Pokémon Pearl Version (USA, APAE, header ROM version 5)",/application/zukanlist/zkn_data/zukan_data.narc,equal,9,9,,,e1f15a077a3a1329993aead6125076e911cea12700da6e5ad20ea50d8e2a5ae4,e1f15a077a3a1329993aead6125076e911cea12700da6e5ad20ea50d8e2a5ae4,988,988,,
"Pokémon Diamond Version (USA, ADAE, header ROM version 5)","Pokémon Pearl Version (USA, APAE, header ROM version 5)",/application/zukanlist/zkn_data/zukan_data.narc,equal,10,10,,,7e580dd233da8a77b6e04072445a62af8cb9e60f497b6fa7011ede4e51ca51fc,7e580dd233da8a77b6e04072445a62af8cb9e60f497b6fa7011ede4e51ca51fc,988,988,,
"Pokémon Diamond Version (USA, ADAE, header ROM version 5)","Pokémon Pearl Version (USA, APAE, header ROM version 5)",/application/zukanlist/zkn_data/zukan_data.narc,equal,11,11,,,536b187463fb994477103cc2f647d4f519eb04e28eb8fac5b2cccf099dcb4244,536b187463fb994477103cc2f647d4f519eb04e28eb8fac5b2cccf099dcb4244,986,986,,
"Pokémon Diamond Version (USA, ADAE, header ROM version 5)","Pokémon Pearl Version (USA, APAE, header ROM version 5)",/application/zukanlist/zkn_data/zukan_data.narc,equal,12,12,,,23079a31a682e78135ddcaf56889a9980dae58ac37cfeebdb10b79d16c107903,23079a31a682e78135ddcaf56889a9980dae58ac37cfeebdb10b79d16c107903,302,302,,
"Pokémon Diamond Version (USA, ADAE, header ROM version 5)","Pokémon Pearl Version (USA, APAE, header ROM version 5)",/application/zukanlist/zkn_data/zukan_data.narc,equal,13,13,,,26e741f06761347795be8f8a127bc2b22ac07585b46b659e0b59cec592a47318,26e741f06761347795be8f8a127bc2b22ac07585b46b659e0b59cec592a47318,986,986,,
"Pokémon Diamond Version (USA, ADAE, header ROM version 5)","Pokémon Pearl Version (USA, APAE, header ROM version 5)",/application/zukanlist/zkn_data/zukan_data.narc,equal,14,14,,,f5e4fec7000ef52109b7262e80405360d9741cfadcf7069d32744681ee9f9a39,f5e4fec7000ef52109b7262e80405360d9741cfadcf7069d32744681ee9f9a39,986,986,,
"Pokémon Diamond Version (USA, ADAE, header ROM version 5)","Pokémon Pearl Version (USA, APAE, header ROM version 5)",/application/zukanlist/zkn_data/zukan_data.narc,equal,15,15,,,5a0093a34345df5099fd0e2d68228f43924fa39c58fd0c77e9b426cad4719449,5a0093a34345df5099fd0e2d68228f43924fa39c58fd0c77e9b426cad4719449,986,986,,
"Pokémon Diamond Version (USA, ADAE, header ROM version 5)","Pokémon Pearl Version (USA, APAE, header ROM version 5)",/application/zukanlist/zkn_data/zukan_data.narc,equal,16,16,,,5f076e814e8ad415691929387aa86599d4c797aa795e3e47d50253d962272457,5f076e814e8ad415691929387aa86599d4c797aa795e3e47d50253d962272457,986,986,,
"Pokémon Diamond Version (USA, ADAE, header ROM version 5)","Pokémon Pearl Version (USA, APAE, header ROM version 5)",/application/zukanlist/zkn_data/zukan_data.narc,equal,17,17,,,bbde9c732a141a9633e11d360e3b4472defb6fecfea2e156dd6d1b02fcbbb113,bbde9c732a141a9633e11d360e3b4472defb6fecfea2e156dd6d1b02fcbbb113,986,986,,
"Pokémon Diamond Version (USA, ADAE, header ROM version 5)","Pokémon Pearl Version (USA, APAE, header ROM version 5)",/application/zukanlist/zkn_data/zukan_data.narc,equal,18,18,,,df66dbe02d1bb406c56a48e386064d0d465e4266b6cfc07dba8873fc606b4c1f,df66dbe02d1bb406c56a48e386064d0d465e4266b6cfc07dba8873fc606b4c1f,174,174,,
"Pokémon Diamond Version (USA, ADAE, header ROM version 5)","Pokémon Pearl Version (USA, APAE, header ROM version 5)",/application/zukanlist/zkn_data/zukan_data.narc,equal,19,19,,,1c7c12cbba2a6bd65bd348700b9f2bc2288312e857aa0b1471439886c6a168db,1c7c12cbba2a6bd65bd348700b9f2bc2288312e857aa0b1471439886c6a168db,98,98,,
"Pokémon Diamond Version (USA, ADAE, header ROM version 5)","Pokémon Pearl Version (USA, APAE, header ROM version 5)",/application/zukanlist/zkn_data/zukan_data.narc,equal,20,20,,,2255e923a09cfdbe92ac546f4066b89296e37c08e23b6e6046886d6f9e9552f8,2255e923a09cfdbe92ac546f4066b89296e37c08e23b6e6046886d6f9e9552f8,110,110,,
"Pokémon Diamond Version (USA, ADAE, header ROM version 5)","Pokémon Pearl Version (USA, APAE, header ROM version 5)",/application/zukanlist/zkn_data/zukan_data.narc,equal,21,21,,,ee7c9baad48b34767d33f415904e293189f3b4e5b5488e2f59ae32bcb4546d11,ee7c9baad48b34767d33f415904e293189f3b4e5b5488e2f59ae32bcb4546d11,88,88,,
"Pokémon Diamond Version (USA, ADAE, header ROM version 5)","Pokémon Pearl Version (USA, APAE, header ROM version 5)",/application/zukanlist/zkn_data/zukan_data.narc,equal,22,22,,,4695bf3a08c8c5c5280a2760ea7399eeadb197a0b49784a35a9349b0a3931c12,4695bf3a08c8c5c5280a2760ea7399eeadb197a0b49784a35a9349b0a3931c12,136,136,,
"Pokémon Diamond Version (USA, ADAE, header ROM version 5)","Pokémon Pearl Version (USA, APAE, header ROM version 5)",/application/zukanlist/zkn_data/zukan_data.narc,equal,23,23,,,80405cf4561d9d8409438be141b875b8fcc490544171a41c3b014d25135f1093,80405cf4561d9d8409438be141b875b8fcc490544171a41c3b014d25135f1093,114,114,,
"Pokémon Diamond Version (USA, ADAE, header ROM version 5)","Pokémon Pearl Version (USA, APAE, header ROM version 5)",/application/zukanlist/zkn_data/zukan_data.narc,equal,24,24,,,a8503ab909e41cbe2c96d38eb93e0cb7284bd4a871c6e91959790150483c5ef4,a8503ab909e41cbe2c96d38eb93e0cb7284bd4a871c6e91959790150483c5ef4,194,194,,
"Pokémon Diamond Version (USA, ADAE, header ROM version 5)","Pokémon Pearl Version (USA, APAE, header ROM version 5)",/application/zukanlist/zkn_data/zukan_data.narc,equal,25,25,,,18231095e9c9e4edbc6e8d868d44c89809af8a51f0b4851c05ebaaff4b8b8e6c,18231095e9c9e4edbc6e8d868d44c89809af8a51f0b4851c05ebaaff4b8b8e6c,60,60,,
"Pokémon Diamond Version (USA, ADAE, header ROM version 5)","Pokémon Pearl Version (USA, APAE, header ROM version 5)",/application/zukanlist/zkn_data/zukan_data.narc,equal,26,26,,,b83161d6460b5d7de3aa63a5907249fe4441f3ca37ad04e50cf9d00a038b6999,b83161d6460b5d7de3aa63a5907249fe4441f3ca37ad04e50cf9d00a038b6999,12,12,,
"Pokémon Diamond Version (USA, ADAE, header ROM version 5)","Pokémon Pearl Version (USA, APAE, header ROM version 5)",/application/zukanlist/zkn_data/zukan_data.narc,equal,27,27,,,9f48c02110dc4f4970a97bd71349deb628b80ecf0bfe39619c6802fd102074c5,9f48c02110dc4f4970a97bd71349deb628b80ecf0bfe39619c6802fd102074c5,160,160,Nintendo LZ10,Nintendo LZ10
"Pokémon Diamond Version (USA, ADAE, header ROM version 5)","Pokémon Pearl Version (USA, APAE, header ROM version 5)",/application/zukanlist/zkn_data/zukan_data.narc,equal,28,28,,,f0db80e5cb2f8d5d9c949d0b54abeadb5cc45c05eada659ad0e52e3629c13877,f0db80e5cb2f8d5d9c949d0b54abeadb5cc45c05eada659ad0e52e3629c13877,50,50,,
"Pokémon Diamond Version (USA, ADAE, header ROM version 5)","Pokémon Pearl Version (USA, APAE, header ROM version 5)",/application/zukanlist/zkn_data/zukan_data.narc,equal,29,29,,,4d4bbf8d3499cd2e3d5eb1d6a8e0ebf95fa34dcb769b72cdffe93fdb96f0d109,4d4bbf8d3499cd2e3d5eb1d6a8e0ebf95fa34dcb769b72cdffe93fdb96f0d109,128,128,,
"Pokémon Diamond Version (USA, ADAE, header ROM version 5)","Pokémon Pearl Version (USA, APAE, header ROM version 5)",/application/zukanlist/zkn_data/zukan_data.narc,equal,30,30,,,9a596f4b74d52abba4339f88e4fd6180d02232b78841673c2313dd9c5c321179,9a596f4b74d52abba4339f88e4fd6180d02232b78841673c2313dd9c5c321179,100,100,,
"Pokémon Diamond Version (USA, ADAE, header ROM version 5)","Pokémon Pearl Version (USA, APAE, header ROM version 5)",/application/zukanlist/zkn_data/zukan_data.narc,equal,31,31,,,0b0d8425bff0971663014bc9b734d8ea5bec7f3ad45f7a4ef33e20131751ba19,0b0d8425bff0971663014bc9b734d8ea5bec7f3ad45f7a4ef33e20131751ba19,94,94,,
"Pokémon Diamond Version (USA, ADAE, header ROM version 5)","Pokémon Pearl Version (USA, APAE, header ROM version 5)",/application/zukanlist/zkn_data/zukan_data.narc,equal,32,32,,,cb395247607f2439914de75f45281b1fcd3366bfdbe0d4e944e437e235f8c35e,cb395247607f2439914de75f45281b1fcd3366bfdbe0d4e944e437e235f8c35e,74,74,,
"Pokémon Diamond Version (USA, ADAE, header ROM version 5)","Pokémon Pearl Version (USA, APAE, header ROM version 5)",/application/zukanlist/zkn_data/zukan_data.narc,equal,33,33,,,9c483def72304f4b7575826679baf030a15cbbc8e1bce54d5a8983d3fb7edfad,9c483def72304f4b7575826679baf030a15cbbc8e1bce54d5a8983d3fb7edfad,90,90,,
"Pokémon Diamond Version (USA, ADAE, header ROM version 5)","Pokémon Pearl Version (USA, APAE, header ROM version 5)",/application/zukanlist/zkn_data/zukan_data.narc,equal,34,34,,,c91568d5d5a98eb1fac313458f63baf2283b7256c7489dd23207eabeb1f1a539,c91568d5d5a98eb1fac313458f63baf2283b7256c7489dd23207eabeb1f1a539,36,36,,
"Pokémon Diamond Version (USA, ADAE, header ROM version 5)","Pokémon Pearl Version (USA, APAE, header ROM version 5)",/application/zukanlist/zkn_data/zukan_data.narc,equal,35,35,,,c49ec48f933f7a5239b17e7708e4146739d5d4c178df697a9e046550ba4f43f1,c49ec48f933f7a5239b17e7708e4146739d5d4c178df697a9e046550ba4f43f1,50,50,,
"Pokémon Diamond Version (USA, ADAE, header ROM version 5)","Pokémon Pearl Version (USA, APAE, header ROM version 5)",/application/zukanlist/zkn_data/zukan_data.narc,equal,36,36,,,05ea9333d119478f6b6f06a47a8ca12cf21ba69949efd8d0c8c8692161a32d92,05ea9333d119478f6b6f06a47a8ca12cf21ba69949efd8d0c8c8692161a32d92,66,66,,
"Pokémon Diamond Version (USA, ADAE, header ROM version 5)","Pokémon Pearl Version (USA, APAE, header ROM version 5)",/application/zukanlist/zkn_data/zukan_data.narc,equal,37,37,,,e83b242349a724d2128480383f6926455cc8ac4d536d74748dee9529c573f034,e83b242349a724d2128480383f6926455cc8ac4d536d74748dee9529c573f034,184,184,,
"Pokémon Diamond Version (USA, ADAE, header ROM version 5)","Pokémon Pearl Version (USA, APAE, header ROM version 5)",/application/zukanlist/zkn_data/zukan_data.narc,equal,38,38,,,1d2f1b7319ac5fc20b6cc82030eda1efe0cb1955e835846cfb4f23715c098cd4,1d2f1b7319ac5fc20b6cc82030eda1efe0cb1955e835846cfb4f23715c098cd4,110,110,,
"Pokémon Diamond Version (USA, ADAE, header ROM version 5)","Pokémon Pearl Version (USA, APAE, header ROM version 5)",/application/zukanlist/zkn_data/zukan_data.narc,equal,39,39,,,9db1499e74a85f24415ee602368d8b5e284c82af68033ab1ce8acb30c7835914,9db1499e74a85f24415ee602368d8b5e284c82af68033ab1ce8acb30c7835914,56,56,,
"Pokémon Diamond Version (USA, ADAE, header ROM version 5)","Pokémon Pearl Version (USA, APAE, header ROM version 5)",/application/zukanlist/zkn_data/zukan_data.narc,equal,40,40,,,d9841029ed316e7fc88fda23a759ffa8fa16c675ff98efd72cea279419576a81,d9841029ed316e7fc88fda23a759ffa8fa16c675ff98efd72cea279419576a81,106,106,,
"Pokémon Diamond Version (USA, ADAE, header ROM version 5)","Pokémon Pearl Version (USA, APAE, header ROM version 5)",/application/zukanlist/zkn_data/zukan_data.narc,equal,41,41,,,07b085254008721221297e316a41c276f1f7ee0609c8247c4d01de408783e432,07b085254008721221297e316a41c276f1f7ee0609c8247c4d01de408783e432,44,44,,
"Pokémon Diamond Version (USA, ADAE, header ROM version 5)","Pokémon Pearl Version (USA, APAE, header ROM version 5)",/application/zukanlist/zkn_data/zukan_data.narc,equal,42,42,,,6fac6d50de8d3f480ef1fa6b0abcc9ea93e80a2c4250c2cac853dcf23e332d94,6fac6d50de8d3f480ef1fa6b0abcc9ea93e80a2c4250c2cac853dcf23e332d94,38,38,,
"Pokémon Diamond Version (USA, ADAE, header ROM version 5)","Pokémon Pearl Version (USA, APAE, header ROM version 5)",/application/zukanlist/zkn_data/zukan_data.narc,equal,43,43,,,6b98d15f2fd134612a566f47882fd99ef30a46847a592c91043e446ea588704a,6b98d15f2fd134612a566f47882fd99ef30a46847a592c91043e446ea588704a,46,46,,
"Pokémon Diamond Version (USA, ADAE, header ROM version 5)","Pokémon Pearl Version (USA, APAE, header ROM version 5)",/application/zukanlist/zkn_data/zukan_data.narc,equal,44,44,,,464c1044931a1ea2263e0d30dd7994a9ee79be57c936257d31b101fad5f016a8,464c1044931a1ea2263e0d30dd7994a9ee79be57c936257d31b101fad5f016a8,184,184,,
"Pokémon Diamond Version (USA, ADAE, header ROM version 5)","Pokémon Pearl Version (USA, APAE, header ROM version 5)",/application/zukanlist/zkn_data/zukan_data.narc,equal,45,45,,,16bc85352959b67d9d30c4f7147d2d9fe193eb4f711da94a0a2a0f12edaae425,16bc85352959b67d9d30c4f7147d2d9fe193eb4f711da94a0a2a0f12edaae425,158,158,,
"Pokémon Diamond Version (USA, ADAE, header ROM version 5)","Pokémon Pearl Version (USA, APAE, header ROM version 5)",/application/zukanlist/zkn_data/zukan_data.narc,equal,46,46,,,3abd88bf052845903fc96c8e112ab7ec255307eb5d7d09a3601f4c82172451ee,3abd88bf052845903fc96c8e112ab7ec255307eb5d7d09a3601f4c82172451ee,216,216,,
"Pokémon Diamond Version (USA, ADAE, header ROM version 5)","Pokémon Pearl Version (USA, APAE, header ROM version 5)",/application/zukanlist/zkn_data/zukan_data.narc,equal,47,47,,,69543f0455de52221a6e2017b434d69169dfb59147d9b05176a4b902241fd59d,69543f0455de52221a6e2017b434d69169dfb59147d9b05176a4b902241fd59d,46,46,,
"Pokémon Diamond Version (USA, ADAE, header ROM version 5)","Pokémon Pearl Version (USA, APAE, header ROM version 5)",/application/zukanlist/zkn_data/zukan_data.narc,equal,48,48,,,9358575ffb25d5cf2e14a0c1041852ea883dcc1a144fa542a34b373cde5079d1,9358575ffb25d5cf2e14a0c1041852ea883dcc1a144fa542a34b373cde5079d1,30,30,,
"Pokémon Diamond Version (USA, ADAE, header ROM version 5)","Pokémon Pearl Version (USA, APAE, header ROM version 5)",/application/zukanlist/zkn_data/zukan_data.narc,equal,49,49,,,b2dd0f36012f9cc3ee34c5c898f4223d774bb4b970b10c2051a5bb18158b8899,b2dd0f36012f9cc3ee34c5c898f4223d774bb4b970b10c2051a5bb18158b8899,86,86,Nintendo LZ10,Nintendo LZ10
"Pokémon Diamond Version (USA, ADAE, header ROM version 5)","Pokémon Pearl Version (USA, APAE, header ROM version 5)",/application/zukanlist/zkn_data/zukan_data.narc,equal,50,50,,,58e0dfbcddb2348e1e08aa28b2c01a8484404f85c0e610b0c6b0de628e6e2622,58e0dfbcddb2348e1e08aa28b2c01a8484404f85c0e610b0c6b0de628e6e2622,42,42,,
"Pokémon Diamond Version (USA, ADAE, header ROM version 5)","Pokémon Pearl Version (USA, APAE, header ROM version 5)",/application/zukanlist/zkn_data/zukan_data.narc,equal,51,51,,,ceac051b0dab342e97e9bd6309ad7b7c569384ac0d8c2a2d3a1e5b6cccdf7095,ceac051b0dab342e97e9bd6309ad7b7c569384ac0d8c2a2d3a1e5b6cccdf7095,28,28,,
"Pokémon Diamond Version (USA, ADAE, header ROM version 5)","Pokémon Pearl Version (USA, APAE, header ROM version 5)",/application/zukanlist/zkn_data/zukan_data.narc,equal,52,52,,,ccb36c2feacf046ac5c386080657924c72c647567e0491974ccbe6d9ae714b19,ccb36c2feacf046ac5c386080657924c72c647567e0491974ccbe6d9ae714b19,42,42,,
"Pokémon Diamond Version (USA, ADAE, header ROM version 5)","Pokémon Pearl Version (USA, APAE, header ROM version 5)",/application/zukanlist/zkn_data/zukan_data.narc,equal,53,53,,,4709d2f43f964c11a052c4f9b343dc84a3764a07653f6be0f9170744186d6fc0,4709d2f43f964c11a052c4f9b343dc84a3764a07653f6be0f9170744186d6fc0,30,30,,
"Pokémon Diamond Version (USA, ADAE, header ROM version 5)","Pokémon Pearl Version (USA, APAE, header ROM version 5)",/application/zukanlist/zkn_data/zukan_data.narc,equal,54,54,,,d78df0dbad77d8a22043129ed1130c882213ae53e6f8d1ed071f930e777af2ee,d78df0dbad77d8a22043129ed1130c882213ae53e6f8d1ed071f930e777af2ee,14,14,,
"Pokémon Diamond Version (USA, ADAE, header ROM version 5)","Pokémon Pearl Version (USA, APAE, header ROM version 5)",/application/zukanlist/zkn_data/zukan_data.narc,equal,55,55,,,46d90c1131bd2b44751b6ca0f17016c8163965379a569d6e188a8fe2d56182a6,46d90c1131bd2b44751b6ca0f17016c8163965379a569d6e188a8fe2d56182a6,48,48,,
"Pokémon Diamond Version (USA, ADAE, header ROM version 5)","Pokémon Pearl Version (USA, APAE, header ROM version 5)",/application/zukanlist/zkn_data/zukan_data.narc,equal,56,56,,,b216bae12f8cf7d7d10c151948bead72698281780150c579e5e6420d70720661,b216bae12f8cf7d7d10c151948bead72698281780150c579e5e6420d70720661,46,46,,
"Pokémon Diamond Version (USA, ADAE, header ROM version 5)","Pokémon Pearl Version (USA, APAE, header ROM version 5)",/application/zukanlist/zkn_data/zukan_data.narc,equal,57,57,,,3529d60ebf5fa40438ecb6602595d8d37b92fe9f0324696c1afe4dfe15cdac83,3529d60ebf5fa40438ecb6602595d8d37b92fe9f0324696c1afe4dfe15cdac83,16,16,,
"Pokémon Diamond Version (USA, ADAE, header ROM version 5)","Pokémon Pearl Version (USA, APAE, header ROM version 5)",/application/zukanlist/zkn_data/zukan_enc_diamond.narc,equal,0,0,,,17a36381371dc26e108e1eb96b46178dbe6f270a8ba6c3ebf197116b03681b1a,17a36381371dc26e108e1eb96b46178dbe6f270a8ba6c3ebf197116b03681b1a,88,88,,
"Pokémon Diamond Version (USA, ADAE, header ROM version 5)","Pokémon Pearl Version (USA, APAE, header ROM version 5)",/application/zukanlist/zkn_data/zukan_enc_diamond.narc,equal,1,1,,,4f7ce35b52151f3ea9d44f6de5ded9c3647b826db0e912a56606dac402b62d70,4f7ce35b52151f3ea9d44f6de5ded9c3647b826db0e912a56606dac402b62d70,88,88,,
"Pokémon Diamond Version (USA, ADAE, header ROM version 5)","Pokémon Pearl Version (USA, APAE, header ROM version 5)",/application/zukanlist/zkn_data/zukan_enc_diamond.narc,equal,2,2,,,40076bba7d28aaac97c0ac748782d2602cfd910f782ec42b8b6f3f5ac667a18a,40076bba7d28aaac97c0ac748782d2602cfd910f782ec42b8b6f3f5ac667a18a,1836,1836,,
"Pokémon Diamond Version (USA, ADAE, header ROM version 5)","Pokémon Pearl Version (USA, APAE, header ROM version 5)",/application/zukanlist/zkn_data/zukan_enc_diamond.narc,equal,3,3,,,f0d3a5b7a502edfef808632089d7207b25d2461ebf38f6c3458a2f9e2925a8dc,f0d3a5b7a502edfef808632089d7207b25d2461ebf38f6c3458a2f9e2925a8dc,204,204,,
"Pokémon Diamond Version (USA, ADAE, header ROM version 5)","Pokémon Pearl Version (USA, APAE, header ROM version 5)",/application/zukanlist/zkn_data/zukan_enc_diamond.narc,equal,4,4,,,28de1ed16fbbb916cd2ea5f89a88d4d8f4fa6467015535e9eab66c1fe9af7866,28de1ed16fbbb916cd2ea5f89a88d4d8f4fa6467015535e9eab66c1fe9af7866,68,68,,
"Pokémon Diamond Version (USA, ADAE, header ROM version 5)","Pokémon Pearl Version (USA, APAE, header ROM version 5)",/application/zukanlist/zkn_data/zukan_enc_diamond.narc,equal,5,5,,,df3f619804a92fdb4057192dc43dd748ea778adc52bc498ce80524c014b81119,df3f619804a92fdb4057192dc43dd748ea778adc52bc498ce80524c014b81119,4,4,,
"Pokémon Diamond Version (USA, ADAE, header ROM version 5)","Pokémon Pearl Version (USA, APAE, header ROM version 5)",/application/zukanlist/zkn_data/zukan_enc_diamond.narc,equal,6,6,,,df3f619804a92fdb4057192dc43dd748ea778adc52bc498ce80524c014b81119,df3f619804a92fdb4057192dc43dd748ea778adc52bc498ce80524c014b81119,4,4,,
"Pokémon Diamond Version (USA, ADAE, header ROM version 5)","Pokémon Pearl Version (USA, APAE, header ROM version 5)",/application/zukanlist/zkn_data/zukan_enc_diamond.narc,equal,7,7,,,df3f619804a92fdb4057192dc43dd748ea778adc52bc498ce80524c014b81119,df3f619804a92fdb4057192dc43dd748ea778adc52bc498ce80524c014b81119,4,4,,
"Pokémon Diamond Version (USA, ADAE, header ROM version 5)","Pokémon Pearl Version (USA, APAE, header ROM version 5)",/application/zukanlist/zkn_data/zukan_enc_diamond.narc,equal,8,8,,,df3f619804a92fdb4057192dc43dd748ea778adc52bc498ce80524c014b81119,df3f619804a92fdb4057192dc43dd748ea778adc52bc498ce80524c014b81119,4,4,,
"Pokémon Diamond Version (USA, ADAE, header ROM version 5)","Pokémon Pearl Version (USA, APAE, header ROM version 5)",/application/zukanlist/zkn_data/zukan_enc_diamond.narc,equal,9,9,,,df3f619804a92fdb4057192dc43dd748ea778adc52bc498ce80524c014b81119,df3f619804a92fdb4057192dc43dd748ea778adc52bc498ce80524c014b81119,4,4,,
"Pokémon Diamond Version (USA, ADAE, header ROM version 5)","Pokémon Pearl Version (USA, APAE, header ROM version 5)",/application/zukanlist/zkn_data/zukan_enc_diamond.narc,equal,10,10,,,df3f619804a92fdb4057192dc43dd748ea778adc52bc498ce80524c014b81119,df3f619804a92fdb4057192dc43dd748ea778adc52bc498ce80524c014b81119,4,4,,
"Pokémon Diamond Version (USA, ADAE, header ROM version 5)","Pokémon Pearl Version (USA, APAE, header ROM version 5)",/application/zukanlist/zkn_data/zukan_enc_diamond.narc,equal,11,11,,,df3f619804a92fdb4057192dc43dd748ea778adc52bc498ce80524c014b81119,df3f619804a92fdb4057192dc43dd748ea778adc52bc498ce80524c014b81119,4,4,,
"Pokémon Diamond Version (USA, ADAE, header ROM version 5)","Pokémon Pearl Version (USA, APAE, header ROM version 5)",/application/zukanlist/zkn_data/zukan_enc_diamond.narc,equal,12,12,,,df3f619804a92fdb4057192dc43dd748ea778adc52bc498ce80524c014b81119,df3f619804a92fdb4057192dc43dd748ea778adc52bc498ce80524c014b81119,4,4,,
"Pokémon Diamond Version (USA, ADAE, header ROM version 5)","Pokémon Pearl Version (USA, APAE, header ROM version 5)",/application/zukanlist/zkn_data/zukan_enc_diamond.narc,equal,13,13,,,df3f619804a92fdb4057192dc43dd748ea778adc52bc498ce80524c014b81119,df3f619804a92fdb4057192dc43dd748ea778adc52bc498ce80524c014b81119,4,4,,
"Pokémon Diamond Version (USA, ADAE, header ROM version 5)","Pokémon Pearl Version (USA, APAE, header ROM version 5)",/application/zukanlist/zkn_data/zukan_enc_diamond.narc,equal,14,14,,,df3f619804a92fdb4057192dc43dd748ea778adc52bc498ce80524c014b81119,df3f619804a92fdb4057192dc43dd748ea778adc52bc498ce80524c014b81119,4,4,,
"Pokémon Diamond Version (USA, ADAE, header ROM version 5)","Pokémon Pearl Version (USA, APAE, header ROM version 5)",/application/zukanlist/zkn_data/zukan_enc_diamond.narc,equal,15,15,,,df3f619804a92fdb4057192dc43dd748ea778adc52bc498ce80524c014b81119,df3f619804a92fdb4057192dc43dd748ea778adc52bc498ce80524c014b81119,4,4,,
"Pokémon Diamond Version (USA, ADAE, header ROM version 5)","Pokémon Pearl Version (USA, APAE, header ROM version 5)",/application/zukanlist/zkn_data/zukan_enc_diamond.narc,equal,16,16,,,df3f619804a92fdb4057192dc43dd748ea778adc52bc498ce80524c014b81119,df3f619804a92fdb4057192dc43dd748ea778adc52bc498ce80524c014b81119,4,4,,
"Pokémon Diamond Version (USA, ADAE, header ROM version 5)","Pokémon Pearl Version (USA, APAE, header ROM version 5)",/application/zukanlist/zkn_data/zukan_enc_diamond.narc,equal,17,17,,,df3f619804a92fdb4057192dc43dd748ea778adc52bc498ce80524c014b81119,df3f619804a92fdb4057192dc43dd748ea778adc52bc498ce80524c014b81119,4,4,,
"Pokémon Diamond Version (USA, ADAE, header ROM version 5)","Pokémon Pearl Version (USA, APAE, header ROM version 5)",/application/zukanlist/zkn_data/zukan_enc_diamond.narc,equal,18,18,,,df3f619804a92fdb4057192dc43dd748ea778adc52bc498ce80524c014b81119,df3f619804a92fdb4057192dc43dd748ea778adc52bc498ce80524c014b81119,4,4,,
"Pokémon Diamond Version (USA, ADAE, header ROM version 5)","Pokémon Pearl Version (USA, APAE, header ROM version 5)",/application/zukanlist/zkn_data/zukan_enc_diamond.narc,equal,19,19,,,df3f619804a92fdb4057192dc43dd748ea778adc52bc498ce80524c014b81119,df3f619804a92fdb4057192dc43dd748ea778adc52bc498ce80524c014b81119,4,4,,
"Pokémon Diamond Version (USA, ADAE, header ROM version 5)","Pokémon Pearl Version (USA, APAE, header ROM version 5)",/application/zukanlist/zkn_data/zukan_enc_diamond.narc,equal,20,20,,,df3f619804a92fdb4057192dc43dd748ea778adc52bc498ce80524c014b81119,df3f619804a92fdb4057192dc43dd748ea778adc52bc498ce80524c014b81119,4,4,,
"Pokémon Diamond Version (USA, ADAE, header ROM version 5)","Pokémon Pearl Version (USA, APAE, header ROM version 5)",/application/zukanlist/zkn_data/zukan_enc_diamond.narc,equal,21,21,,,df3f619804a92fdb4057192dc43dd748ea778adc52bc498ce80524c014b81119,df3f619804a92fdb4057192dc43dd748ea778adc52bc498ce80524c014b81119,4,4,,
"Pokémon Diamond Version (USA, ADAE, header ROM version 5)","Pokémon Pearl Version (USA, APAE, header ROM version 5)",/application/zukanlist/zkn_data/zukan_enc_diamond.narc,equal,22,22,,,df3f619804a92fdb4057192dc43dd748ea778adc52bc498ce80524c014b81119,df3f619804a92fdb4057192dc43dd748ea778adc52bc498ce80524c014b81119,4,4,,
"Pokémon Diamond Version (USA, ADAE, header ROM version 5)","Pokémon Pearl Version (USA, APAE, header ROM version 5)",/application/zukanlist/zkn_data/zukan_enc_diamond.narc,equal,23,23,,,df3f619804a92fdb4057192dc43dd748ea778adc52bc498ce80524c014b81119,df3f619804a92fdb4057192dc43dd748ea778adc52bc498ce80524c014b81119,4,4,,
"Pokémon Diamond Version (USA, ADAE, header ROM version 5)","Pokémon Pearl Version (USA, APAE, header ROM version 5)",/application/zukanlist/zkn_data/zukan_enc_diamond.narc,equal,24,24,,,df3f619804a92fdb4057192dc43dd748ea778adc52bc498ce80524c014b81119,df3f619804a92fdb4057192dc43dd748ea778adc52bc498ce80524c014b81119,4,4,,
"Pokémon Diamond Version (USA, ADAE, header ROM version 5)","Pokémon Pearl Version (USA, APAE, header ROM version 5)",/application/zukanlist/zkn_data/zukan_enc_diamond.narc,equal,25,25,,,df3f619804a92fdb4057192dc43dd748ea778adc52bc498ce80524c014b81119,df3f619804a92fdb4057192dc43dd748ea778adc52bc498ce80524c014b81119,4,4,,
"Pokémon Diamond Version (USA, ADAE, header ROM version 5)","Pokémon Pearl Version (USA, APAE, header ROM version 5)",/application/zukanlist/zkn_data/zukan_enc_diamond.narc,equal,26,26,,,df3f619804a92fdb4057192dc43dd748ea778adc52bc498ce80524c014b81119,df3f619804a92fdb4057192dc43dd748ea778adc52bc498ce80524c014b81119,4,4,,
"Pokémon Diamond Version (USA, ADAE, header ROM version 5)","Pokémon Pearl Version (USA, APAE, header ROM version 5)",/application/zukanlist/zkn_data/zukan_enc_diamond.narc,equal,27,27,,,df3f619804a92fdb4057192dc43dd748ea778adc52bc498ce80524c014b81119,df3f619804a92fdb4057192dc43dd748ea778adc52bc498ce80524c014b81119,4,4,,
"Pokémon Diamond Version (USA, ADAE, header ROM version 5)","Pokémon Pearl Version (USA, APAE, header ROM version 5)",/application/zukanlist/zkn_data/zukan_enc_diamond.narc,equal,28,28,,,df3f619804a92fdb4057192dc43dd748ea778adc52bc498ce80524c014b81119,df3f619804a92fdb4057192dc43dd748ea778adc52bc498ce80524c014b81119,4,4,,
"Pokémon Diamond Version (USA, ADAE, header ROM version 5)","Pokémon Pearl Version (USA, APAE, header ROM version 5)",/application/zukanlist/zkn_data/zukan_enc_diamond.narc,equal,29,29,,,18d8d609947c6b82b9607704ae40d3317038e709238514de750b5c7411ba4c20,18d8d609947c6b82b9607704ae40d3317038e709238514de750b5c7411ba4c20,8,8,,
"Pokémon Diamond Version (USA, ADAE, header ROM version 5)","Pokémon Pearl Version (USA, APAE, header ROM version 5)",/application/zukanlist/zkn_data/zukan_enc_diamond.narc,equal,30,30,,,df3f619804a92fdb4057192dc43dd748ea778adc52bc498ce80524c014b81119,df3f619804a92fdb4057192dc43dd748ea778adc52bc498ce80524c014b81119,4,4,,
"Pokémon Diamond Version (USA, ADAE, header ROM version 5)","Pokémon Pearl Version (USA, APAE, header ROM version 5)",/application/zukanlist/zkn_data/zukan_enc_diamond.narc,equal,31,31,,,df3f619804a92fdb4057192dc43dd748ea778adc52bc498ce80524c014b81119,df3f619804a92fdb4057192dc43dd748ea778adc52bc498ce80524c014b81119,4,4,,
"Pokémon Diamond Version (USA, ADAE, header ROM version 5)","Pokémon Pearl Version (USA, APAE, header ROM version 5)",/application/zukanlist/zkn_data/zukan_enc_diamond.narc,equal,32,32,,,df3f619804a92fdb4057192dc43dd748ea778adc52bc498ce80524c014b81119,df3f619804a92fdb4057192dc43dd748ea778adc52bc498ce80524c014b81119,4,4,,
"Pokémon Diamond Version (USA, ADAE, header ROM version 5)","Pokémon Pearl Version (USA, APAE, header ROM version 5)",/application/zukanlist/zkn_data/zukan_enc_diamond.narc,equal,33,33,,,df3f619804a92fdb4057192dc43dd748ea778adc52bc498ce80524c014b81119,df3f619804a92fdb4057192dc43dd748ea778adc52bc498ce80524c014b81119,4,4,,
"Pokémon Diamond Version (USA, ADAE, header ROM version 5)","Pokémon Pearl Version (USA, APAE, header ROM version 5)",/application/zukanlist/zkn_data/zukan_enc_diamond.narc,equal,34,34,,,df3f619804a92fdb4057192dc43dd748ea778adc52bc498ce80524c014b81119,df3f619804a92fdb4057192dc43dd748ea778adc52bc498ce80524c014b81119,4,4,,
"Pokémon Diamond Version (USA, ADAE, header ROM version 5)","Pokémon Pearl Version (USA, APAE, header ROM version 5)",/application/zukanlist/zkn_data/zukan_enc_diamond.narc,equal,35,35,,,df3f619804a92fdb4057192dc43dd748ea778adc52bc498ce80524c014b81119,df3f619804a92fdb4057192dc43dd748ea778adc52bc498ce80524c014b81119,4,4,,
"Pokémon Diamond Version (USA, ADAE, header ROM version 5)","Pokémon Pearl Version (USA, APAE, header ROM version 5)",/application/zukanlist/zkn_data/zukan_enc_diamond.narc,equal,36,36,,,df3f619804a92fdb4057192dc43dd748ea778adc52bc498ce80524c014b81119,df3f619804a92fdb4057192dc43dd748ea778adc52bc498ce80524c014b81119,4,4,,
"Pokémon Diamond Version (USA, ADAE, header ROM version 5)","Pokémon Pearl Version (USA, APAE, header ROM version 5)",/application/zukanlist/zkn_data/zukan_enc_diamond.narc,equal,37,37,,,df3f619804a92fdb4057192dc43dd748ea778adc52bc498ce80524c014b81119,df3f619804a92fdb4057192dc43dd748ea778adc52bc498ce80524c014b81119,4,4,,
"Pokémon Diamond Version (USA, ADAE, header ROM version 5)","Pokémon Pearl Version (USA, APAE, header ROM version 5)",/application/zukanlist/zkn_data/zukan_enc_diamond.narc,equal,38,38,,,df3f619804a92fdb4057192dc43dd748ea778adc52bc498ce80524c014b81119,df3f619804a92fdb4057192dc43dd748ea778adc52bc498ce80524c014b81119,4,4,,
"Pokémon Diamond Version (USA, ADAE, header ROM version 5)","Pokémon Pearl Version (USA, APAE, header ROM version 5)",/application/zukanlist/zkn_data/zukan_enc_diamond.narc,equal,39,39,,,35be322d094f9d154a8aba4733b8497f180353bd7ae7b0a15f90b586b549f28b,35be322d094f9d154a8aba4733b8497f180353bd7ae7b0a15f90b586b549f28b,8,8,,
"Pokémon Diamond Version (USA, ADAE, header ROM version 5)","Pokémon Pearl Version (USA, APAE, header ROM version 5)",/application/zukanlist/zkn_data/zukan_enc_diamond.narc,equal,40,40,,,df3f619804a92fdb4057192dc43dd748ea778adc52bc498ce80524c014b81119,df3f619804a92fdb4057192dc43dd748ea778adc52bc498ce80524c014b81119,4,4,,
"Pokémon Diamond Version (USA, ADAE, header ROM version 5)","Pokémon Pearl Version (USA, APAE, header ROM version 5)",/application/zukanlist/zkn_data/zukan_enc_diamond.narc,equal,41,41,,,df3f619804a92fdb4057192dc43dd748ea778adc52bc498ce80524c014b81119,df3f619804a92fdb4057192dc43dd748ea778adc52bc498ce80524c014b81119,4,4,,
"Pokémon Diamond Version (USA, ADAE, header ROM version 5)","Pokémon Pearl Version (USA, APAE, header ROM version 5)",/application/zukanlist/zkn_data/zukan_enc_diamond.narc,equal,42,42,,,df3f619804a92fdb4057192dc43dd748ea778adc52bc498ce80524c014b81119,df3f619804a92fdb4057192dc43dd748ea778adc52bc498ce80524c014b81119,4,4,,
"Pokémon Diamond Version (USA, ADAE, header ROM version 5)","Pokémon Pearl Version (USA, APAE, header ROM version 5)",/application/zukanlist/zkn_data/zukan_enc_diamond.narc,equal,43,43,,,df3f619804a92fdb4057192dc43dd748ea778adc52bc498ce80524c014b81119,df3f619804a92fdb4057192dc43dd748ea778adc52bc498ce80524c014b81119,4,4,,
"Pokémon Diamond Version (USA, ADAE, header ROM version 5)","Pokémon Pearl Version (USA, APAE, header ROM version 5)",/application/zukanlist/zkn_data/zukan_enc_diamond.narc,equal,44,44,,,df3f619804a92fdb4057192dc43dd748ea778adc52bc498ce80524c014b81119,df3f619804a92fdb4057192dc43dd748ea778adc52bc498ce80524c014b81119,4,4,,
"Pokémon Diamond Version (USA, ADAE, header ROM version 5)","Pokémon Pearl Version (USA, APAE, header ROM version 5)",/application/zukanlist/zkn_data/zukan_enc_diamond.narc,equal,45,45,,,9d1bf6ea30818af61635ee85e9cc03f02bc80838861066e058f767bf8c5dd239,9d1bf6ea30818af61635ee85e9cc03f02bc80838861066e058f767bf8c5dd239,32,32,,
"Pokémon Diamond Version (USA, ADAE, header ROM version 5)","Pokémon Pearl Version (USA, APAE, header ROM version 5)",/application/zukanlist/zkn_data/zukan_enc_diamond.narc,equal,46,46,,,e3e62d77adad57e0f75f1ebaf5542b3c6276f0805a66aff9491bfaadaa15acc2,e3e62d77adad57e0f75f1ebaf5542b3c6276f0805a66aff9491bfaadaa15acc2,40,40,,
"Pokémon Diamond Version (USA, ADAE, header ROM version 5)","Pokémon Pearl Version (USA, APAE, header ROM version 5)",/application/zukanlist/zkn_data/zukan_enc_diamond.narc,equal,47,47,,,df3f619804a92fdb4057192dc43dd748ea778adc52bc498ce80524c014b81119,df3f619804a92fdb4057192dc43dd748ea778adc52bc498ce80524c014b81119,4,4,,
"Pokémon Diamond Version (USA, ADAE, header ROM version 5)","Pokémon Pearl Version (USA, APAE, header ROM version 5)",/application/zukanlist/zkn_data/zukan_enc_diamond.narc,equal,48,48,,,df3f619804a92fdb4057192dc43dd748ea778adc52bc498ce80524c014b81119,df3f619804a92fdb4057192dc43dd748ea778adc52bc498ce80524c014b81119,4,4,,
"Pokémon Diamond Version (USA, ADAE, header ROM version 5)","Pokémon Pearl Version (USA, APAE, header ROM version 5)",/application/zukanlist/zkn_data/zukan_enc_diamond.narc,equal,49,49,,,df3f619804a92fdb4057192dc43dd748ea778adc52bc498ce80524c014b81119,df3f619804a92fdb4057192dc43dd748ea778adc52bc498ce80524c014b81119,4,4,,
"Pokémon Diamond Version (USA, ADAE, header ROM version 5)","Pokémon Pearl Version (USA, APAE, header ROM version 5)",/application/zukanlist/zkn_data/zukan_enc_diamond.narc,equal,50,50,,,df3f619804a92fdb4057192dc43dd748ea778adc52bc498ce80524c014b81119,df3f619804a92fdb4057192dc43dd748ea778adc52bc498ce80524c014b81119,4,4,,
"Pokémon Diamond Version (USA, ADAE, header ROM version 5)","Pokémon Pearl Version (USA, APAE, header ROM version 5)",/application/zukanlist/zkn_data/zukan_enc_diamond.narc,equal,51,51,,,df3f619804a92fdb4057192dc43dd748ea778adc52bc498ce80524c014b81119,df3f619804a92fdb4057192dc43dd748ea778adc52bc498ce80524c014b81119,4,4,,
"Pokémon Diamond Version (USA, ADAE, header ROM version 5)","Pokémon Pearl Version (USA, APAE, header ROM version 5)",/application/zukanlist/zkn_data/zukan_enc_diamond.narc,equal,52,52,,,df3f619804a92fdb4057192dc43dd748ea778adc52bc498ce80524c014b81119,df3f619804a92fdb4057192dc43dd748ea778adc52bc498ce80524c014b81119,4,4,,
"Pokémon Diamond Version (USA, ADAE, header ROM version 5)","Pokémon Pearl Version (USA, APAE, header ROM version 5)",/application/zukanlist/zkn_data/zukan_enc_diamond.narc,equal,53,53,,,df3f619804a92fdb4057192dc43dd748ea778adc52bc498ce80524c014b81119,df3f619804a92fdb4057192dc43dd748ea778adc52bc498ce80524c014b81119,4,4,,
"Pokémon Diamond Version (USA, ADAE, header ROM version 5)","Pokémon Pearl Version (USA, APAE, header ROM version 5)",/application/zukanlist/zkn_data/zukan_enc_diamond.narc,equal,54,54,,,df3f619804a92fdb4057192dc43dd748ea778adc52bc498ce80524c014b81119,df3f619804a92fdb4057192dc43dd748ea778adc52bc498ce80524c014b81119,4,4,,
"Pokémon Diamond Version (USA, ADAE, header ROM version 5)","Pokémon Pearl Version (USA, APAE, header ROM version 5)",/application/zukanlist/zkn_data/zukan_enc_diamond.narc,equal,55,55,,,df3f619804a92fdb4057192dc43dd748ea778adc52bc498ce80524c014b81119,df3f619804a92fdb4057192dc43dd748ea778adc52bc498ce80524c014b81119,4,4,,
"Pokémon Diamond Version (USA, ADAE, header ROM version 5)","Pokémon Pearl Version (USA, APAE, header ROM version 5)",/application/zukanlist/zkn_data/zukan_enc_diamond.narc,equal,56,56,,,df3f619804a92fdb4057192dc43dd748ea778adc52bc498ce80524c014b81119,df3f619804a92fdb4057192dc43dd748ea778adc52bc498ce80524c014b81119,4,4,,
"Pokémon Diamond Version (USA, ADAE, header ROM version 5)","Pokémon Pearl Version (USA, APAE, header ROM version 5)",/application/zukanlist/zkn_data/zukan_enc_diamond.narc,equal,57,57,,,df3f619804a92fdb4057192dc43dd748ea778adc52bc498ce80524c014b81119,df3f619804a92fdb4057192dc43dd748ea778adc52bc498ce80524c014b81119,4,4,,
"Pokémon Diamond Version (USA, ADAE, header ROM version 5)","Pokémon Pearl Version (USA, APAE, header ROM version 5)",/application/zukanlist/zkn_data/zukan_enc_diamond.narc,equal,58,58,,,b54480d00f9c55c1bc7adf20cf3ef10c1a7d58ff374d67da0ddc6a16c5206146,b54480d00f9c55c1bc7adf20cf3ef10c1a7d58ff374d67da0ddc6a16c5206146,28,28,,
"Pokémon Diamond Version (USA, ADAE, header ROM version 5)","Pokémon Pearl Version (USA, APAE, header ROM version 5)",/application/zukanlist/zkn_data/zukan_enc_diamond.narc,equal,59,59,,,68ec412a605513d1367879b256b5ca515a739c312b99ea790373ca05588fa001,68ec412a605513d1367879b256b5ca515a739c312b99ea790373ca05588fa001,28,28,,
"Pokémon Diamond Version (USA, ADAE, header ROM version 5)","Pokémon Pearl Version (USA, APAE, header ROM version 5)",/application/zukanlist/zkn_data/zukan_enc_diamond.narc,equal,60,60,,,df3f619804a92fdb4057192dc43dd748ea778adc52bc498ce80524c014b81119,df3f619804a92fdb4057192dc43dd748ea778adc52bc498ce80524c014b81119,4,4,,
"Pokémon Diamond Version (USA, ADAE, header ROM version 5)","Pokémon Pearl Version (USA, APAE, header ROM version 5)",/application/zukanlist/zkn_data/zukan_enc_diamond.narc,equal,61,61,,,df3f619804a92fdb4057192dc43dd748ea778adc52bc498ce80524c014b81119,df3f619804a92fdb4057192dc43dd748ea778adc52bc498ce80524c014b81119,4,4,,
"Pokémon Diamond Version (USA, ADAE, header ROM version 5)","Pokémon Pearl Version (USA, APAE, header ROM version 5)",/application/zukanlist/zkn_data/zukan_enc_diamond.narc,equal,62,62,,,df3f619804a92fdb4057192dc43dd748ea778adc52bc498ce80524c014b81119,df3f619804a92fdb4057192dc43dd748ea778adc52bc498ce80524c014b81119,4,4,,
"Pokémon Diamond Version (USA, ADAE, header ROM version 5)","Pokémon Pearl Version (USA, APAE, header ROM version 5)",/application/zukanlist/zkn_data/zukan_enc_diamond.narc,equal,63,63,,,df3f619804a92fdb4057192dc43dd748ea778adc52bc498ce80524c014b81119,df3f619804a92fdb4057192dc43dd748ea778adc52bc498ce80524c014b81119,4,4,,
"Pokémon Diamond Version (USA, ADAE, header ROM version 5)","Pokémon Pearl Version (USA, APAE, header ROM version 5)",/application/zukanlist/zkn_data/zukan_enc_diamond.narc,equal,64,64,,,df3f619804a92fdb4057192dc43dd748ea778adc52bc498ce80524c014b81119,df3f619804a92fdb4057192dc43dd748ea778adc52bc498ce80524c014b81119,4,4,,
"Pokémon Diamond Version (USA, ADAE, header ROM version 5)","Pokémon Pearl Version (USA, APAE, header ROM version 5)",/application/zukanlist/zkn_data/zukan_enc_diamond.narc,equal,65,65,,,df3f619804a92fdb4057192dc43dd748ea778adc52bc498ce80524c014b81119,df3f619804a92fdb4057192dc43dd748ea778adc52bc498ce80524c014b81119,4,4,,
"Pokémon Diamond Version (USA, ADAE, header ROM version 5)","Pokémon Pearl Version (USA, APAE, header ROM version 5)",/application/zukanlist/zkn_data/zukan_enc_diamond.narc,equal,66,66,,,df3f619804a92fdb4057192dc43dd748ea778adc52bc498ce80524c014b81119,df3f619804a92fdb4057192dc43dd748ea778adc52bc498ce80524c014b81119,4,4,,
"Pokémon Diamond Version (USA, ADAE, header ROM version 5)","Pokémon Pearl Version (USA, APAE, header ROM version 5)",/application/zukanlist/zkn_data/zukan_enc_diamond.narc,equal,67,67,,,df3f619804a92fdb4057192dc43dd748ea778adc52bc498ce80524c014b81119,df3f619804a92fdb4057192dc43dd748ea778adc52bc498ce80524c014b81119,4,4,,
"Pokémon Diamond Version (USA, ADAE, header ROM version 5)","Pokémon Pearl Version (USA, APAE, header ROM version 5)",/application/zukanlist/zkn_data/zukan_enc_diamond.narc,equal,68,68,,,23d7f42b1cdc1f0d492ebd756ed0fe8003995dda554d99418d47a81813650207,23d7f42b1cdc1f0d492ebd756ed0fe8003995dda554d99418d47a81813650207,8,8,,
"Pokémon Diamond Version (USA, ADAE, header ROM version 5)","Pokémon Pearl Version (USA, APAE, header ROM version 5)",/application/zukanlist/zkn_data/zukan_enc_diamond.narc,equal,69,69,,,df3f619804a92fdb4057192dc43dd748ea778adc52bc498ce80524c014b81119,df3f619804a92fdb4057192dc43dd748ea778adc52bc498ce80524c014b81119,4,4,,
"Pokémon Diamond Version (USA, ADAE, header ROM version 5)","Pokémon Pearl Version (USA, APAE, header ROM version 5)",/application/zukanlist/zkn_data/zukan_enc_diamond.narc,equal,70,70,,,35be322d094f9d154a8aba4733b8497f180353bd7ae7b0a15f90b586b549f28b,35be322d094f9d154a8aba4733b8497f180353bd7ae7b0a15f90b586b549f28b,8,8,,
"Pokémon Diamond Version (USA, ADAE, header ROM version 5)","Pokémon Pearl Version (USA, APAE, header ROM version 5)",/application/zukanlist/zkn_data/zukan_enc_diamond.narc,equal,71,71,,,d7ceb039d209ff1e1b7193adf72ee39db9d7464403251caf50a44c4d33f7249f,d7ceb039d209ff1e1b7193adf72ee39db9d7464403251caf50a44c4d33f7249f,16,16,,
"Pokémon Diamond Version (USA, ADAE, header ROM version 5)","Pokémon Pearl Version (USA, APAE, header ROM version 5)",/application/zukanlist/zkn_data/zukan_enc_diamond.narc,equal,72,72,,,df3f619804a92fdb4057192dc43dd748ea778adc52bc498ce80524c014b81119,df3f619804a92fdb4057192dc43dd748ea778adc52bc498ce80524c014b81119,4,4,,
"Pokémon Diamond Version (USA, ADAE, header ROM version 5)","Pokémon Pearl Version (USA, APAE, header ROM version 5)",/application/zukanlist/zkn_data/zukan_enc_diamond.narc,equal,73,73,,,df3f619804a92fdb4057192dc43dd748ea778adc52bc498ce80524c014b81119,df3f619804a92fdb4057192dc43dd748ea778adc52bc498ce80524c014b81119,4,4,,
"Pokémon Diamond Version (USA, ADAE, header ROM version 5)","Pokémon Pearl Version (USA, APAE, header ROM version 5)",/application/zukanlist/zkn_data/zukan_enc_diamond.narc,equal,74,74,,,df3f619804a92fdb4057192dc43dd748ea778adc52bc498ce80524c014b81119,df3f619804a92fdb4057192dc43dd748ea778adc52bc498ce80524c014b81119,4,4,,
"Pokémon Diamond Version (USA, ADAE, header ROM version 5)","Pokémon Pearl Version (USA, APAE, header ROM version 5)",/application/zukanlist/zkn_data/zukan_enc_diamond.narc,equal,75,75,,,df3f619804a92fdb4057192dc43dd748ea778adc52bc498ce80524c014b81119,df3f619804a92fdb4057192dc43dd748ea778adc52bc498ce80524c014b81119,4,4,,
"Pokémon Diamond Version (USA, ADAE, header ROM version 5)","Pokémon Pearl Version (USA, APAE, header ROM version 5)",/application/zukanlist/zkn_data/zukan_enc_diamond.narc,equal,76,76,,,df3f619804a92fdb4057192dc43dd748ea778adc52bc498ce80524c014b81119,df3f619804a92fdb4057192dc43dd748ea778adc52bc498ce80524c014b81119,4,4,,
"Pokémon Diamond Version (USA, ADAE, header ROM version 5)","Pokémon Pearl Version (USA, APAE, header ROM version 5)",/application/zukanlist/zkn_data/zukan_enc_diamond.narc,equal,77,77,,,df3f619804a92fdb4057192dc43dd748ea778adc52bc498ce80524c014b81119,df3f619804a92fdb4057192dc43dd748ea778adc52bc498ce80524c014b81119,4,4,,
"Pokémon Diamond Version (USA, ADAE, header ROM version 5)","Pokémon Pearl Version (USA, APAE, header ROM version 5)",/application/zukanlist/zkn_data/zukan_enc_diamond.narc,equal,78,78,,,d4e97f27297ff17dda1d3e0031807f6b7bdc34bfce00c5df09a363eefac6377c,d4e97f27297ff17dda1d3e0031807f6b7bdc34bfce00c5df09a363eefac6377c,36,36,,
"Pokémon Diamond Version (USA, ADAE, header ROM version 5)","Pokémon Pearl Version (USA, APAE, header ROM version 5)",/application/zukanlist/zkn_data/zukan_enc_diamond.narc,equal,79,79,,,e09139623d3341e4d4bae8516a1fc1dd8e4ee9f965701a16a30abdc3956739fd,e09139623d3341e4d4bae8516a1fc1dd8e4ee9f965701a16a30abdc3956739fd,24,24,,
"Pokémon Diamond Version (USA, ADAE, header ROM version 5)","Pokémon Pearl Version (USA, APAE, header ROM version 5)",/application/zukanlist/zkn_data/zukan_enc_diamond.narc,equal,80,80,,,df3f619804a92fdb4057192dc43dd748ea778adc52bc498ce80524c014b81119,df3f619804a92fdb4057192dc43dd748ea778adc52bc498ce80524c014b81119,4,4,,
"Pokémon Diamond Version (USA, ADAE, header ROM version 5)","Pokémon Pearl Version (USA, APAE, header ROM version 5)",/application/zukanlist/zkn_data/zukan_enc_diamond.narc,equal,81,81,,,df3f619804a92fdb4057192dc43dd748ea778adc52bc498ce80524c014b81119,df3f619804a92fdb4057192dc43dd748ea778adc52bc498ce80524c014b81119,4,4,,
"Pokémon Diamond Version (USA, ADAE, header ROM version 5)","Pokémon Pearl Version (USA, APAE, header ROM version 5)",/application/zukanlist/zkn_data/zukan_enc_diamond.narc,equal,82,82,,,df3f619804a92fdb4057192dc43dd748ea778adc52bc498ce80524c014b81119,df3f619804a92fdb4057192dc43dd748ea778adc52bc498ce80524c014b81119,4,4,,
"Pokémon Diamond Version (USA, ADAE, header ROM version 5)","Pokémon Pearl Version (USA, APAE, header ROM version 5)",/application/zukanlist/zkn_data/zukan_enc_diamond.narc,equal,83,83,,,df3f619804a92fdb4057192dc43dd748ea778adc52bc498ce80524c014b81119,df3f619804a92fdb4057192dc43dd748ea778adc52bc498ce80524c014b81119,4,4,,
"Pokémon Diamond Version (USA, ADAE, header ROM version 5)","Pokémon Pearl Version (USA, APAE, header ROM version 5)",/application/zukanlist/zkn_data/zukan_enc_diamond.narc,equal,84,84,,,df3f619804a92fdb4057192dc43dd748ea778adc52bc498ce80524c014b81119,df3f619804a92fdb4057192dc43dd748ea778adc52bc498ce80524c014b81119,4,4,,
"Pokémon Diamond Version (USA, ADAE, header ROM version 5)","Pokémon Pearl Version (USA, APAE, header ROM version 5)",/application/zukanlist/zkn_data/zukan_enc_diamond.narc,equal,85,85,,,df3f619804a92fdb4057192dc43dd748ea778adc52bc498ce80524c014b81119,df3f619804a92fdb4057192dc43dd748ea778adc52bc498ce80524c014b81119,4,4,,
"Pokémon Diamond Version (USA, ADAE, header ROM version 5)","Pokémon Pearl Version (USA, APAE, header ROM version 5)",/application/zukanlist/zkn_data/zukan_enc_diamond.narc,equal,86,86,,,df3f619804a92fdb4057192dc43dd748ea778adc52bc498ce80524c014b81119,df3f619804a92fdb4057192dc43dd748ea778adc52bc498ce80524c014b81119,4,4,,
"Pokémon Diamond Version (USA, ADAE, header ROM version 5)","Pokémon Pearl Version (USA, APAE, header ROM version 5)",/application/zukanlist/zkn_data/zukan_enc_diamond.narc,equal,87,87,,,df3f619804a92fdb4057192dc43dd748ea778adc52bc498ce80524c014b81119,df3f619804a92fdb4057192dc43dd748ea778adc52bc498ce80524c014b81119,4,4,,
"Pokémon Diamond Version (USA, ADAE, header ROM version 5)","Pokémon Pearl Version (USA, APAE, header ROM version 5)",/application/zukanlist/zkn_data/zukan_enc_diamond.narc,equal,88,88,,,df3f619804a92fdb4057192dc43dd748ea778adc52bc498ce80524c014b81119,df3f619804a92fdb4057192dc43dd748ea778adc52bc498ce80524c014b81119,4,4,,
"Pokémon Diamond Version (USA, ADAE, header ROM version 5)","Pokémon Pearl Version (USA, APAE, header ROM version 5)",/application/zukanlist/zkn_data/zukan_enc_diamond.narc,equal,89,89,,,df3f619804a92fdb4057192dc43dd748ea778adc52bc498ce80524c014b81119,df3f619804a92fdb4057192dc43dd748ea778adc52bc498ce80524c014b81119,4,4,,
"Pokémon Diamond Version (USA, ADAE, header ROM version 5)","Pokémon Pearl Version (USA, APAE, header ROM version 5)",/application/zukanlist/zkn_data/zukan_enc_diamond.narc,equal,90,90,,,df3f619804a92fdb4057192dc43dd748ea778adc52bc498ce80524c014b81119,df3f619804a92fdb4057192dc43dd748ea778adc52bc498ce80524c014b81119,4,4,,
"Pokémon Diamond Version (USA, ADAE, header ROM version 5)","Pokémon Pearl Version (USA, APAE, header ROM version 5)",/application/zukanlist/zkn_data/zukan_enc_diamond.narc,equal,91,91,,,df3f619804a92fdb4057192dc43dd748ea778adc52bc498ce80524c014b81119,df3f619804a92fdb4057192dc43dd748ea778adc52bc498ce80524c014b81119,4,4,,
"Pokémon Diamond Version (USA, ADAE, header ROM version 5)","Pokémon Pearl Version (USA, APAE, header ROM version 5)",/application/zukanlist/zkn_data/zukan_enc_diamond.narc,equal,92,92,,,df3f619804a92fdb4057192dc43dd748ea778adc52bc498ce80524c014b81119,df3f619804a92fdb4057192dc43dd748ea778adc52bc498ce80524c014b81119,4,4,,
"Pokémon Diamond Version (USA, ADAE, header ROM version 5)","Pokémon Pearl Version (USA, APAE, header ROM version 5)",/application/zukanlist/zkn_data/zukan_enc_diamond.narc,equal,93,93,,,df3f619804a92fdb4057192dc43dd748ea778adc52bc498ce80524c014b81119,df3f619804a92fdb4057192dc43dd748ea778adc52bc498ce80524c014b81119,4,4,,
"Pokémon Diamond Version (USA, ADAE, header ROM version 5)","Pokémon Pearl Version (USA, APAE, header ROM version 5)",/application/zukanlist/zkn_data/zukan_enc_diamond.narc,equal,94,94,,,df3f619804a92fdb4057192dc43dd748ea778adc52bc498ce80524c014b81119,df3f619804a92fdb4057192dc43dd748ea778adc52bc498ce80524c014b81119,4,4,,
"Pokémon Diamond Version (USA, ADAE, header ROM version 5)","Pokémon Pearl Version (USA, APAE, header ROM version 5)",/application/zukanlist/zkn_data/zukan_enc_diamond.narc,equal,95,95,,,df3f619804a92fdb4057192dc43dd748ea778adc52bc498ce80524c014b81119,df3f619804a92fdb4057192dc43dd748ea778adc52bc498ce80524c014b81119,4,4,,
"Pokémon Diamond Version (USA, ADAE, header ROM version 5)","Pokémon Pearl Version (USA, APAE, header ROM version 5)",/application/zukanlist/zkn_data/zukan_enc_diamond.narc,equal,96,96,,,44b136e5054b93f9253e054a05af9da587a3858a4b4c3712fc7b05f93afbb169,44b136e5054b93f9253e054a05af9da587a3858a4b4c3712fc7b05f93afbb169,12,12,Nintendo LZ10,Nintendo LZ10
"Pokémon Diamond Version (USA, ADAE, header ROM version 5)","Pokémon Pearl Version (USA, APAE, header ROM version 5)",/application/zukanlist/zkn_data/zukan_enc_diamond.narc,equal,97,97,,,a111f275cc2e7588000001d300a31e76336d15b9d314cd1a1d8f3d3556975eed,a111f275cc2e7588000001d300a31e76336d15b9d314cd1a1d8f3d3556975eed,8,8,,
"Pokémon Diamond Version (USA, ADAE, header ROM version 5)","Pokémon Pearl Version (USA, APAE, header ROM version 5)",/application/zukanlist/zkn_data/zukan_enc_diamond.narc,equal,98,98,,,df3f619804a92fdb4057192dc43dd748ea778adc52bc498ce80524c014b81119,df3f619804a92fdb4057192dc43dd748ea778adc52bc498ce80524c014b81119,4,4,,
"Pokémon Diamond Version (USA, ADAE, header ROM version 5)","Pokémon Pearl Version (USA, APAE, header ROM version 5)",/application/zukanlist/zkn_data/zukan_enc_diamond.narc,equal,99,99,,,9c1601a7dbb91702148cffce6293a89a9509169dcb3d8300b1c03e4cae98d3a9,9c1601a7dbb91702148cffce6293a89a9509169dcb3d8300b1c03e4cae98d3a9,24,24,,
"Pokémon Diamond Version (USA, ADAE, header ROM version 5)","Pokémon Pearl Version (USA, APAE, header ROM version 5)",/application/zukanlist/zkn_data/zukan_enc_diamond.narc,equal,100,100,,,df3f619804a92fdb4057192dc43dd748ea778adc52bc498ce80524c014b81119,df3f619804a92fdb4057192dc43dd748ea778adc52bc498ce80524c014b81119,4,4,,
"Pokémon Diamond Version (USA, ADAE, header ROM version 5)","Pokémon Pearl Version (USA, APAE, header ROM version 5)",/application/zukanlist/zkn_data/zukan_enc_diamond.narc,equal,101,101,,,df3f619804a92fdb4057192dc43dd748ea778adc52bc498ce80524c014b81119,df3f619804a92fdb4057192dc43dd748ea778adc52bc498ce80524c014b81119,4,4,,
"Pokémon Diamond Version (USA, ADAE, header ROM version 5)","Pokémon Pearl Version (USA, APAE, header ROM version 5)",/application/zukanlist/zkn_data/zukan_enc_diamond.narc,equal,102,102,,,df3f619804a92fdb4057192dc43dd748ea778adc52bc498ce80524c014b81119,df3f619804a92fdb4057192dc43dd748ea778adc52bc498ce80524c014b81119,4,4,,
"Pokémon Diamond Version (USA, ADAE, header ROM version 5)","Pokémon Pearl Version (USA, APAE, header ROM version 5)",/application/zukanlist/zkn_data/zukan_enc_diamond.narc,equal,103,103,,,df3f619804a92fdb4057192dc43dd748ea778adc52bc498ce80524c014b81119,df3f619804a92fdb4057192dc43dd748ea778adc52bc498ce80524c014b81119,4,4,,
"Pokémon Diamond Version (USA, ADAE, header ROM version 5)","Pokémon Pearl Version (USA, APAE, header ROM version 5)",/application/zukanlist/zkn_data/zukan_enc_diamond.narc,equal,104,104,,,df3f619804a92fdb4057192dc43dd748ea778adc52bc498ce80524c014b81119,df3f619804a92fdb4057192dc43dd748ea778adc52bc498ce80524c014b81119,4,4,,
"Pokémon Diamond Version (USA, ADAE, header ROM version 5)","Pokémon Pearl Version (USA, APAE, header ROM version 5)",/application/zukanlist/zkn_data/zukan_enc_diamond.narc,equal,105,105,,,df3f619804a92fdb4057192dc43dd748ea778adc52bc498ce80524c014b81119,df3f619804a92fdb4057192dc43dd748ea778adc52bc498ce80524c014b81119,4,4,,
"Pokémon Diamond Version (USA, ADAE, header ROM version 5)","Pokémon Pearl Version (USA, APAE, header ROM version 5)",/application/zukanlist/zkn_data/zukan_enc_diamond.narc,equal,106,106,,,df3f619804a92fdb4057192dc43dd748ea778adc52bc498ce80524c014b81119,df3f619804a92fdb4057192dc43dd748ea778adc52bc498ce80524c014b81119,4,4,,
"Pokémon Diamond Version (USA, ADAE, header ROM version 5)","Pokémon Pearl Version (USA, APAE, header ROM version 5)",/application/zukanlist/zkn_data/zukan_enc_diamond.narc,equal,107,107,,,df3f619804a92fdb4057192dc43dd748ea778adc52bc498ce80524c014b81119,df3f619804a92fdb4057192dc43dd748ea778adc52bc498ce80524c014b81119,4,4,,
"Pokémon Diamond Version (USA, ADAE, header ROM version 5)","Pokémon Pearl Version (USA, APAE, header ROM version 5)",/application/zukanlist/zkn_data/zukan_enc_diamond.narc,equal,108,108,,,df3f619804a92fdb4057192dc43dd748ea778adc52bc498ce80524c014b81119,df3f619804a92fdb4057192dc43dd748ea778adc52bc498ce80524c014b81119,4,4,,
"Pokémon Diamond Version (USA, ADAE, header ROM version 5)","Pokémon Pearl Version (USA, APAE, header ROM version 5)",/application/zukanlist/zkn_data/zukan_enc_diamond.narc,equal,109,109,,,df3f619804a92fdb4057192dc43dd748ea778adc52bc498ce80524c014b81119,df3f619804a92fdb4057192dc43dd748ea778adc52bc498ce80524c014b81119,4,4,,
"Pokémon Diamond Version (USA, ADAE, header ROM version 5)","Pokémon Pearl Version (USA, APAE, header ROM version 5)",/application/zukanlist/zkn_data/zukan_enc_diamond.narc,equal,110,110,,,df3f619804a92fdb4057192dc43dd748ea778adc52bc498ce80524c014b81119,df3f619804a92fdb4057192dc43dd748ea778adc52bc498ce80524c014b81119,4,4,,
"Pokémon Diamond Version (USA, ADAE, header ROM version 5)","Pokémon Pearl Version (USA, APAE, header ROM version 5)",/application/zukanlist/zkn_data/zukan_enc_diamond.narc,equal,111,111,,,df3f619804a92fdb4057192dc43dd748ea778adc52bc498ce80524c014b81119,df3f619804a92fdb4057192dc43dd748ea778adc52bc498ce80524c014b81119,4,4,,
"Pokémon Diamond Version (USA, ADAE, header ROM version 5)","Pokémon Pearl Version (USA, APAE, header ROM version 5)",/application/zukanlist/zkn_data/zukan_enc_diamond.narc,equal,112,112,,,df3f619804a92fdb4057192dc43dd748ea778adc52bc498ce80524c014b81119,df3f619804a92fdb4057192dc43dd748ea778adc52bc498ce80524c014b81119,4,4,,
"Pokémon Diamond Version (USA, ADAE, header ROM version 5)","Pokémon Pearl Version (USA, APAE, header ROM version 5)",/application/zukanlist/zkn_data/zukan_enc_diamond.narc,equal,113,113,,,df3f619804a92fdb4057192dc43dd748ea778adc52bc498ce80524c014b81119,df3f619804a92fdb4057192dc43dd748ea778adc52bc498ce80524c014b81119,4,4,,
"Pokémon Diamond Version (USA, ADAE, header ROM version 5)","Pokémon Pearl Version (USA, APAE, header ROM version 5)",/application/zukanlist/zkn_data/zukan_enc_diamond.narc,equal,114,114,,,cbbd5f990c53684d7ae650b40fcb5656e02261b53da5f6a7d8c819c92f2828f8,cbbd5f990c53684d7ae650b40fcb5656e02261b53da5f6a7d8c819c92f2828f8,8,8,,
"Pokémon Diamond Version (USA, ADAE, header ROM version 5)","Pokémon Pearl Version (USA, APAE, header ROM version 5)",/application/zukanlist/zkn_data/zukan_enc_diamond.narc,equal,115,115,,,df3f619804a92fdb4057192dc43dd748ea778adc52bc498ce80524c014b81119,df3f619804a92fdb4057192dc43dd748ea778adc52bc498ce80524c014b81119,4,4,,
"Pokémon Diamond Version (USA, ADAE, header ROM version 5)","Pokémon Pearl Version (USA, APAE, header ROM version 5)",/application/zukanlist/zkn_data/zukan_enc_diamond.narc,equal,116,116,,,df3f619804a92fdb4057192dc43dd748ea778adc52bc498ce80524c014b81119,df3f619804a92fdb4057192dc43dd748ea778adc52bc498ce80524c014b81119,4,4,,
"Pokémon Diamond Version (USA, ADAE, header ROM version 5)","Pokémon Pearl Version (USA, APAE, header ROM version 5)",/application/zukanlist/zkn_data/zukan_enc_diamond.narc,equal,117,117,,,df3f619804a92fdb4057192dc43dd748ea778adc52bc498ce80524c014b81119,df3f619804a92fdb4057192dc43dd748ea778adc52bc498ce80524c014b81119,4,4,,
"Pokémon Diamond Version (USA, ADAE, header ROM version 5)","Pokémon Pearl Version (USA, APAE, header ROM version 5)",/application/zukanlist/zkn_data/zukan_enc_diamond.narc,equal,118,118,,,df3f619804a92fdb4057192dc43dd748ea778adc52bc498ce80524c014b81119,df3f619804a92fdb4057192dc43dd748ea778adc52bc498ce80524c014b81119,4,4,,
"Pokémon Diamond Version (USA, ADAE, header ROM version 5)","Pokémon Pearl Version (USA, APAE, header ROM version 5)",/application/zukanlist/zkn_data/zukan_enc_diamond.narc,equal,119,119,,,df3f619804a92fdb4057192dc43dd748ea778adc52bc498ce80524c014b81119,df3f619804a92fdb4057192dc43dd748ea778adc52bc498ce80524c014b81119,4,4,,
"Pokémon Diamond Version (USA, ADAE, header ROM version 5)","Pokémon Pearl Version (USA, APAE, header ROM version 5)",/application/zukanlist/zkn_data/zukan_enc_diamond.narc,equal,120,120,,,df3f619804a92fdb4057192dc43dd748ea778adc52bc498ce80524c014b81119,df3f619804a92fdb4057192dc43dd748ea778adc52bc498ce80524c014b81119,4,4,,
"Pokémon Diamond Version (USA, ADAE, header ROM version 5)","Pokémon Pearl Version (USA, APAE, header ROM version 5)",/application/zukanlist/zkn_data/zukan_enc_diamond.narc,equal,121,121,,,df3f619804a92fdb4057192dc43dd748ea778adc52bc498ce80524c014b81119,df3f619804a92fdb4057192dc43dd748ea778adc52bc498ce80524c014b81119,4,4,,
"Pokémon Diamond Version (USA, ADAE, header ROM version 5)","Pokémon Pearl Version (USA, APAE, header ROM version 5)",/application/zukanlist/zkn_data/zukan_enc_diamond.narc,equal,122,122,,,458fdbdb6c9234e05d2f35f791716e115f8bb2dee560f026e5ddd95c2877252b,458fdbdb6c9234e05d2f35f791716e115f8bb2dee560f026e5ddd95c2877252b,20,20,,
"Pokémon Diamond Version (USA, ADAE, header ROM version 5)","Pokémon Pearl Version (USA, APAE, header ROM version 5)",/application/zukanlist/zkn_data/zukan_enc_diamond.narc,equal,123,123,,,458fdbdb6c9234e05d2f35f791716e115f8bb2dee560f026e5ddd95c2877252b,458fdbdb6c9234e05d2f35f791716e115f8bb2dee560f026e5ddd95c2877252b,20,20,,
"Pokémon Diamond Version (USA, ADAE, header ROM version 5)","Pokémon Pearl Version (USA, APAE, header ROM version 5)",/application/zukanlist/zkn_data/zukan_enc_diamond.narc,equal,124,124,,,df3f619804a92fdb4057192dc43dd748ea778adc52bc498ce80524c014b81119,df3f619804a92fdb4057192dc43dd748ea778adc52bc498ce80524c014b81119,4,4,,
"Pokémon Diamond Version (USA, ADAE, header ROM version 5)","Pokémon Pearl Version (USA, APAE, header ROM version 5)",/application/zukanlist/zkn_data/zukan_enc_diamond.narc,equal,125,125,,,df3f619804a92fdb4057192dc43dd748ea778adc52bc498ce80524c014b81119,df3f619804a92fdb4057192dc43dd748ea778adc52bc498ce80524c014b81119,4,4,,
"Pokémon Diamond Version (USA, ADAE, header ROM version 5)","Pokémon Pearl Version (USA, APAE, header ROM version 5)",/application/zukanlist/zkn_data/zukan_enc_diamond.narc,equal,126,126,,,df3f619804a92fdb4057192dc43dd748ea778adc52bc498ce80524c014b81119,df3f619804a92fdb4057192dc43dd748ea778adc52bc498ce80524c014b81119,4,4,,
"Pokémon Diamond Version (USA, ADAE, header ROM version 5)","Pokémon Pearl Version (USA, APAE, header ROM version 5)",/application/zukanlist/zkn_data/zukan_enc_diamond.narc,equal,127,127,,,df3f619804a92fdb4057192dc43dd748ea778adc52bc498ce80524c014b81119,df3f619804a92fdb4057192dc43dd748ea778adc52bc498ce80524c014b81119,4,4,,
"Pokémon Diamond Version (USA, ADAE, header ROM version 5)","Pokémon Pearl Version (USA, APAE, header ROM version 5)",/application/zukanlist/zkn_data/zukan_enc_diamond.narc,equal,128,128,,,df3f619804a92fdb4057192dc43dd748ea778adc52bc498ce80524c014b81119,df3f619804a92fdb4057192dc43dd748ea778adc52bc498ce80524c014b81119,4,4,,
"Pokémon Diamond Version (USA, ADAE, header ROM version 5)","Pokémon Pearl Version (USA, APAE, header ROM version 5)",/application/zukanlist/zkn_data/zukan_enc_diamond.narc,equal,129,129,,,df3f619804a92fdb4057192dc43dd748ea778adc52bc498ce80524c014b81119,df3f619804a92fdb4057192dc43dd748ea778adc52bc498ce80524c014b81119,4,4,,
"Pokémon Diamond Version (USA, ADAE, header ROM version 5)","Pokémon Pearl Version (USA, APAE, header ROM version 5)",/application/zukanlist/zkn_data/zukan_enc_diamond.narc,equal,130,130,,,df3f619804a92fdb4057192dc43dd748ea778adc52bc498ce80524c014b81119,df3f619804a92fdb4057192dc43dd748ea778adc52bc498ce80524c014b81119,4,4,,
"Pokémon Diamond Version (USA, ADAE, header ROM version 5)","Pokémon Pearl Version (USA, APAE, header ROM version 5)",/application/zukanlist/zkn_data/zukan_enc_diamond.narc,equal,131,131,,,df3f619804a92fdb4057192dc43dd748ea778adc52bc498ce80524c014b81119,df3f619804a92fdb4057192dc43dd748ea778adc52bc498ce80524c014b81119,4,4,,
"Pokémon Diamond Version (USA, ADAE, header ROM version 5)","Pokémon Pearl Version (USA, APAE, header ROM version 5)",/application/zukanlist/zkn_data/zukan_enc_diamond.narc,equal,132,132,,,df3f619804a92fdb4057192dc43dd748ea778adc52bc498ce80524c014b81119,df3f619804a92fdb4057192dc43dd748ea778adc52bc498ce80524c014b81119,4,4,,
"Pokémon Diamond Version (USA, ADAE, header ROM version 5)","Pokémon Pearl Version (USA, APAE, header ROM version 5)",/application/zukanlist/zkn_data/zukan_enc_diamond.narc,equal,133,133,,,20138fed062a3ea8dfee932a35670b71b93803020accca149269ca0786214f54,20138fed062a3ea8dfee932a35670b71b93803020accca149269ca0786214f54,40,40,,
"Pokémon Diamond Version (USA, ADAE, header ROM version 5)","Pokémon Pearl Version (USA, APAE, header ROM version 5)",/application/zukanlist/zkn_data/zukan_enc_diamond.narc,equal,134,134,,,20138fed062a3ea8dfee932a35670b71b93803020accca149269ca0786214f54,20138fed062a3ea8dfee932a35670b71b93803020accca149269ca0786214f54,40,40,,
"Pokémon Diamond Version (USA, ADAE, header ROM version 5)","Pokémon Pearl Version (USA, APAE, header ROM version 5)",/application/zukanlist/zkn_data/zukan_enc_diamond.narc,equal,135,135,,,23d7f42b1cdc1f0d492ebd756ed0fe8003995dda554d99418d47a81813650207,23d7f42b1cdc1f0d492ebd756ed0fe8003995dda554d99418d47a81813650207,8,8,,
"Pokémon Diamond Version (USA, ADAE, header ROM version 5)","Pokémon Pearl Version (USA, APAE, header ROM version 5)",/application/zukanlist/zkn_data/zukan_enc_diamond.narc,equal,136,136,,,df3f619804a92fdb4057192dc43dd748ea778adc52bc498ce80524c014b81119,df3f619804a92fdb4057192dc43dd748ea778adc52bc498ce80524c014b81119,4,4,,
"Pokémon Diamond Version (USA, ADAE, header ROM version 5)","Pokémon Pearl Version (USA, APAE, header ROM version 5)",/application/zukanlist/zkn_data/zukan_enc_diamond.narc,equal,137,137,,,df3f619804a92fdb4057192dc43dd748ea778adc52bc498ce80524c014b81119,df3f619804a92fdb4057192dc43dd748ea778adc52bc498ce80524c014b81119,4,4,,
"Pokémon Diamond Version (USA, ADAE, header ROM version 5)","Pokémon Pearl Version (USA, APAE, header ROM version 5)",/application/zukanlist/zkn_data/zukan_enc_diamond.narc,equal,138,138,,,df3f619804a92fdb4057192dc43dd748ea778adc52bc498ce80524c014b81119,df3f619804a92fdb4057192dc43dd748ea778adc52bc498ce80524c014b81119,4,4,,
"Pokémon Diamond Version (USA, ADAE, header ROM version 5)","Pokémon Pearl Version (USA, APAE, header ROM version 5)",/application/zukanlist/zkn_data/zukan_enc_diamond.narc,equal,139,139,,,df3f619804a92fdb4057192dc43dd748ea778adc52bc498ce80524c014b81119,df3f619804a92fdb4057192dc43dd748ea778adc52bc498ce80524c014b81119,4,4,,
"Pokémon Diamond Version (USA, ADAE, header ROM version 5)","Pokémon Pearl Version (USA, APAE, header ROM version 5)",/application/zukanlist/zkn_data/zukan_enc_diamond.narc,equal,140,140,,,df3f619804a92fdb4057192dc43dd748ea778adc52bc498ce80524c014b81119,df3f619804a92fdb4057192dc43dd748ea778adc52bc498ce80524c014b81119,4,4,,
"Pokémon Diamond Version (USA, ADAE, header ROM version 5)","Pokémon Pearl Version (USA, APAE, header ROM version 5)",/application/zukanlist/zkn_data/zukan_enc_diamond.narc,equal,141,141,,,df3f619804a92fdb4057192dc43dd748ea778adc52bc498ce80524c014b81119,df3f619804a92fdb4057192dc43dd748ea778adc52bc498ce80524c014b81119,4,4,,
"Pokémon Diamond Version (USA, ADAE, header ROM version 5)","Pokémon Pearl Version (USA, APAE, header ROM version 5)",/application/zukanlist/zkn_data/zukan_enc_diamond.narc,equal,142,142,,,df3f619804a92fdb4057192dc43dd748ea778adc52bc498ce80524c014b81119,df3f619804a92fdb4057192dc43dd748ea778adc52bc498ce80524c014b81119,4,4,,
"Pokémon Diamond Version (USA, ADAE, header ROM version 5)","Pokémon Pearl Version (USA, APAE, header ROM version 5)",/application/zukanlist/zkn_data/zukan_enc_diamond.narc,equal,143,143,,,df3f619804a92fdb4057192dc43dd748ea778adc52bc498ce80524c014b81119,df3f619804a92fdb4057192dc43dd748ea778adc52bc498ce80524c014b81119,4,4,,
"Pokémon Diamond Version (USA, ADAE, header ROM version 5)","Pokémon Pearl Version (USA, APAE, header ROM version 5)",/application/zukanlist/zkn_data/zukan_enc_diamond.narc,equal,144,144,,,df3f619804a92fdb4057192dc43dd748ea778adc52bc498ce80524c014b81119,df3f619804a92fdb4057192dc43dd748ea778adc52bc498ce80524c014b81119,4,4,,
"Pokémon Diamond Version (USA, ADAE, header ROM version 5)","Pokémon Pearl Version (USA, APAE, header ROM version 5)",/application/zukanlist/zkn_data/zukan_enc_diamond.narc,equal,145,145,,,df3f619804a92fdb4057192dc43dd748ea778adc52bc498ce80524c014b81119,df3f619804a92fdb4057192dc43dd748ea778adc52bc498ce80524c014b81119,4,4,,
"Pokémon Diamond Version (USA, ADAE, header ROM version 5)","Pokémon Pearl Version (USA, APAE, header ROM version 5)",/application/zukanlist/zkn_data/zukan_enc_diamond.narc,equal,146,146,,,df3f619804a92fdb4057192dc43dd748ea778adc52bc498ce80524c014b81119,df3f619804a92fdb4057192dc43dd748ea778adc52bc498ce80524c014b81119,4,4,,
"Pokémon Diamond Version (USA, ADAE, header ROM version 5)","Pokémon Pearl Version (USA, APAE, header ROM version 5)",/application/zukanlist/zkn_data/zukan_enc_diamond.narc,equal,147,147,,,df3f619804a92fdb4057192dc43dd748ea778adc52bc498ce80524c014b81119,df3f619804a92fdb4057192dc43dd748ea778adc52bc498ce80524c014b81119,4,4,,
"Pokémon Diamond Version (USA, ADAE, header ROM version 5)","Pokémon Pearl Version (USA, APAE, header ROM version 5)",/application/zukanlist/zkn_data/zukan_enc_diamond.narc,equal,148,148,,,df3f619804a92fdb4057192dc43dd748ea778adc52bc498ce80524c014b81119,df3f619804a92fdb4057192dc43dd748ea778adc52bc498ce80524c014b81119,4,4,,
"Pokémon Diamond Version (USA, ADAE, header ROM version 5)","Pokémon Pearl Version (USA, APAE, header ROM version 5)",/application/zukanlist/zkn_data/zukan_enc_diamond.narc,equal,149,149,,,df3f619804a92fdb4057192dc43dd748ea778adc52bc498ce80524c014b81119,df3f619804a92fdb4057192dc43dd748ea778adc52bc498ce80524c014b81119,4,4,,
"Pokémon Diamond Version (USA, ADAE, header ROM version 5)","Pokémon Pearl Version (USA, APAE, header ROM version 5)",/application/zukanlist/zkn_data/zukan_enc_diamond.narc,equal,150,150,,,df3f619804a92fdb4057192dc43dd748ea778adc52bc498ce80524c014b81119,df3f619804a92fdb4057192dc43dd748ea778adc52bc498ce80524c014b81119,4,4,,
"Pokémon Diamond Version (USA, ADAE, header ROM version 5)","Pokémon Pearl Version (USA, APAE, header ROM version 5)",/application/zukanlist/zkn_data/zukan_enc_diamond.narc,equal,151,151,,,35be322d094f9d154a8aba4733b8497f180353bd7ae7b0a15f90b586b549f28b,35be322d094f9d154a8aba4733b8497f180353bd7ae7b0a15f90b586b549f28b,8,8,,
"Pokémon Diamond Version (USA, ADAE, header ROM version 5)","Pokémon Pearl Version (USA, APAE, header ROM version 5)",/application/zukanlist/zkn_data/zukan_enc_diamond.narc,equal,152,152,,,35be322d094f9d154a8aba4733b8497f180353bd7ae7b0a15f90b586b549f28b,35be322d094f9d154a8aba4733b8497f180353bd7ae7b0a15f90b586b549f28b,8,8,,
"Pokémon Diamond Version (USA, ADAE, header ROM version 5)","Pokémon Pearl Version (USA, APAE, header ROM version 5)",/application/zukanlist/zkn_data/zukan_enc_diamond.narc,equal,153,153,,,df3f619804a92fdb4057192dc43dd748ea778adc52bc498ce80524c014b81119,df3f619804a92fdb4057192dc43dd748ea778adc52bc498ce80524c014b81119,4,4,,
"Pokémon Diamond Version (USA, ADAE, header ROM version 5)","Pokémon Pearl Version (USA, APAE, header ROM version 5)",/application/zukanlist/zkn_data/zukan_enc_diamond.narc,equal,154,154,,,df3f619804a92fdb4057192dc43dd748ea778adc52bc498ce80524c014b81119,df3f619804a92fdb4057192dc43dd748ea778adc52bc498ce80524c014b81119,4,4,,
"Pokémon Diamond Version (USA, ADAE, header ROM version 5)","Pokémon Pearl Version (USA, APAE, header ROM version 5)",/application/zukanlist/zkn_data/zukan_enc_diamond.narc,equal,155,155,,,df3f619804a92fdb4057192dc43dd748ea778adc52bc498ce80524c014b81119,df3f619804a92fdb4057192dc43dd748ea778adc52bc498ce80524c014b81119,4,4,,
"Pokémon Diamond Version (USA, ADAE, header ROM version 5)","Pokémon Pearl Version (USA, APAE, header ROM version 5)",/application/zukanlist/zkn_data/zukan_enc_diamond.narc,equal,156,156,,,df3f619804a92fdb4057192dc43dd748ea778adc52bc498ce80524c014b81119,df3f619804a92fdb4057192dc43dd748ea778adc52bc498ce80524c014b81119,4,4,,
"Pokémon Diamond Version (USA, ADAE, header ROM version 5)","Pokémon Pearl Version (USA, APAE, header ROM version 5)",/application/zukanlist/zkn_data/zukan_enc_diamond.narc,equal,157,157,,,df3f619804a92fdb4057192dc43dd748ea778adc52bc498ce80524c014b81119,df3f619804a92fdb4057192dc43dd748ea778adc52bc498ce80524c014b81119,4,4,,
"Pokémon Diamond Version (USA, ADAE, header ROM version 5)","Pokémon Pearl Version (USA, APAE, header ROM version 5)",/application/zukanlist/zkn_data/zukan_enc_diamond.narc,equal,158,158,,,df3f619804a92fdb4057192dc43dd748ea778adc52bc498ce80524c014b81119,df3f619804a92fdb4057192dc43dd748ea778adc52bc498ce80524c014b81119,4,4,,
"Pokémon Diamond Version (USA, ADAE, header ROM version 5)","Pokémon Pearl Version (USA, APAE, header ROM version 5)",/application/zukanlist/zkn_data/zukan_enc_diamond.narc,equal,159,159,,,df3f619804a92fdb4057192dc43dd748ea778adc52bc498ce80524c014b81119,df3f619804a92fdb4057192dc43dd748ea778adc52bc498ce80524c014b81119,4,4,,
"Pokémon Diamond Version (USA, ADAE, header ROM version 5)","Pokémon Pearl Version (USA, APAE, header ROM version 5)",/application/zukanlist/zkn_data/zukan_enc_diamond.narc,equal,160,160,,,df3f619804a92fdb4057192dc43dd748ea778adc52bc498ce80524c014b81119,df3f619804a92fdb4057192dc43dd748ea778adc52bc498ce80524c014b81119,4,4,,
"Pokémon Diamond Version (USA, ADAE, header ROM version 5)","Pokémon Pearl Version (USA, APAE, header ROM version 5)",/application/zukanlist/zkn_data/zukan_enc_diamond.narc,equal,161,161,,,df3f619804a92fdb4057192dc43dd748ea778adc52bc498ce80524c014b81119,df3f619804a92fdb4057192dc43dd748ea778adc52bc498ce80524c014b81119,4,4,,
"Pokémon Diamond Version (USA, ADAE, header ROM version 5)","Pokémon Pearl Version (USA, APAE, header ROM version 5)",/application/zukanlist/zkn_data/zukan_enc_diamond.narc,equal,162,162,,,df3f619804a92fdb4057192dc43dd748ea778adc52bc498ce80524c014b81119,df3f619804a92fdb4057192dc43dd748ea778adc52bc498ce80524c014b81119,4,4,,
"Pokémon Diamond Version (USA, ADAE, header ROM version 5)","Pokémon Pearl Version (USA, APAE, header ROM version 5)",/application/zukanlist/zkn_data/zukan_enc_diamond.narc,equal,163,163,,,df3f619804a92fdb4057192dc43dd748ea778adc52bc498ce80524c014b81119,df3f619804a92fdb4057192dc43dd748ea778adc52bc498ce80524c014b81119,4,4,,
"Pokémon Diamond Version (USA, ADAE, header ROM version 5)","Pokémon Pearl Version (USA, APAE, header ROM version 5)",/application/zukanlist/zkn_data/zukan_enc_diamond.narc,equal,164,164,,,df3f619804a92fdb4057192dc43dd748ea778adc52bc498ce80524c014b81119,df3f619804a92fdb4057192dc43dd748ea778adc52bc498ce80524c014b81119,4,4,,
"Pokémon Diamond Version (USA, ADAE, header ROM version 5)","Pokémon Pearl Version (USA, APAE, header ROM version 5)",/application/zukanlist/zkn_data/zukan_enc_diamond.narc,equal,165,165,,,df3f619804a92fdb4057192dc43dd748ea778adc52bc498ce80524c014b81119,df3f619804a92fdb4057192dc43dd748ea778adc52bc498ce80524c014b81119,4,4,,
"Pokémon Diamond Version (USA, ADAE, header ROM version 5)","Pokémon Pearl Version (USA, APAE, header ROM version 5)",/application/zukanlist/zkn_data/zukan_enc_diamond.narc,equal,166,166,,,df3f619804a92fdb4057192dc43dd748ea778adc52bc498ce80524c014b81119,df3f619804a92fdb4057192dc43dd748ea778adc52bc498ce80524c014b81119,4,4,,
"Pokémon Diamond Version (USA, ADAE, header ROM version 5)","Pokémon Pearl Version (USA, APAE, header ROM version 5)",/application/zukanlist/zkn_data/zukan_enc_diamond.narc,equal,167,167,,,df3f619804a92fdb4057192dc43dd748ea778adc52bc498ce80524c014b81119,df3f619804a92fdb4057192dc43dd748ea778adc52bc498ce80524c014b81119,4,4,,
"Pokémon Diamond Version (USA, ADAE, header ROM version 5)","Pokémon Pearl Version (USA, APAE, header ROM version 5)",/application/zukanlist/zkn_data/zukan_enc_diamond.narc,equal,168,168,,,df3f619804a92fdb4057192dc43dd748ea778adc52bc498ce80524c014b81119,df3f619804a92fdb4057192dc43dd748ea778adc52bc498ce80524c014b81119,4,4,,
"Pokémon Diamond Version (USA, ADAE, header ROM version 5)","Pokémon Pearl Version (USA, APAE, header ROM version 5)",/application/zukanlist/zkn_data/zukan_enc_diamond.narc,equal,169,169,,,df3f619804a92fdb4057192dc43dd748ea778adc52bc498ce80524c014b81119,df3f619804a92fdb4057192dc43dd748ea778adc52bc498ce80524c014b81119,4,4,,
"Pokémon Diamond Version (USA, ADAE, header ROM version 5)","Pokémon Pearl Version (USA, APAE, header ROM version 5)",/application/zukanlist/zkn_data/zukan_enc_diamond.narc,equal,170,170,,,df3f619804a92fdb4057192dc43dd748ea778adc52bc498ce80524c014b81119,df3f619804a92fdb4057192dc43dd748ea778adc52bc498ce80524c014b81119,4,4,,
"Pokémon Diamond Version (USA, ADAE, header ROM version 5)","Pokémon Pearl Version (USA, APAE, header ROM version 5)",/application/zukanlist/zkn_data/zukan_enc_diamond.narc,equal,171,171,,,df3f619804a92fdb4057192dc43dd748ea778adc52bc498ce80524c014b81119,df3f619804a92fdb4057192dc43dd748ea778adc52bc498ce80524c014b81119,4,4,,
"Pokémon Diamond Version (USA, ADAE, header ROM version 5)","Pokémon Pearl Version (USA, APAE, header ROM version 5)",/application/zukanlist/zkn_data/zukan_enc_diamond.narc,equal,172,172,,,df3f619804a92fdb4057192dc43dd748ea778adc52bc498ce80524c014b81119,df3f619804a92fdb4057192dc43dd748ea778adc52bc498ce80524c014b81119,4,4,,
"Pokémon Diamond Version (USA, ADAE, header ROM version 5)","Pokémon Pearl Version (USA, APAE, header ROM version 5)",/application/zukanlist/zkn_data/zukan_enc_diamond.narc,equal,173,173,,,df3f619804a92fdb4057192dc43dd748ea778adc52bc498ce80524c014b81119,df3f619804a92fdb4057192dc43dd748ea778adc52bc498ce80524c014b81119,4,4,,
"Pokémon Diamond Version (USA, ADAE, header ROM version 5)","Pokémon Pearl Version (USA, APAE, header ROM version 5)",/application/zukanlist/zkn_data/zukan_enc_diamond.narc,equal,174,174,,,df3f619804a92fdb4057192dc43dd748ea778adc52bc498ce80524c014b81119,df3f619804a92fdb4057192dc43dd748ea778adc52bc498ce80524c014b81119,4,4,,
"Pokémon Diamond Version (USA, ADAE, header ROM version 5)","Pokémon Pearl Version (USA, APAE, header ROM version 5)",/application/zukanlist/zkn_data/zukan_enc_diamond.narc,equal,175,175,,,df3f619804a92fdb4057192dc43dd748ea778adc52bc498ce80524c014b81119,df3f619804a92fdb4057192dc43dd748ea778adc52bc498ce80524c014b81119,4,4,,
"Pokémon Diamond Version (USA, ADAE, header ROM version 5)","Pokémon Pearl Version (USA, APAE, header ROM version 5)",/application/zukanlist/zkn_data/zukan_enc_diamond.narc,equal,176,176,,,18d8d609947c6b82b9607704ae40d3317038e709238514de750b5c7411ba4c20,18d8d609947c6b82b9607704ae40d3317038e709238514de750b5c7411ba4c20,8,8,,
"Pokémon Diamond Version (USA, ADAE, header ROM version 5)","Pokémon Pearl Version (USA, APAE, header ROM version 5)",/application/zukanlist/zkn_data/zukan_enc_diamond.narc,equal,177,177,,,35be322d094f9d154a8aba4733b8497f180353bd7ae7b0a15f90b586b549f28b,35be322d094f9d154a8aba4733b8497f180353bd7ae7b0a15f90b586b549f28b,8,8,,
"Pokémon Diamond Version (USA, ADAE, header ROM version 5)","Pokémon Pearl Version (USA, APAE, header ROM version 5)",/application/zukanlist/zkn_data/zukan_enc_diamond.narc,equal,178,178,,,df3f619804a92fdb4057192dc43dd748ea778adc52bc498ce80524c014b81119,df3f619804a92fdb4057192dc43dd748ea778adc52bc498ce80524c014b81119,4,4,,
"Pokémon Diamond Version (USA, ADAE, header ROM version 5)","Pokémon Pearl Version (USA, APAE, header ROM version 5)",/application/zukanlist/zkn_data/zukan_enc_diamond.narc,equal,179,179,,,df3f619804a92fdb4057192dc43dd748ea778adc52bc498ce80524c014b81119,df3f619804a92fdb4057192dc43dd748ea778adc52bc498ce80524c014b81119,4,4,,
"Pokémon Diamond Version (USA, ADAE, header ROM version 5)","Pokémon Pearl Version (USA, APAE, header ROM version 5)",/application/zukanlist/zkn_data/zukan_enc_diamond.narc,equal,180,180,,,df3f619804a92fdb4057192dc43dd748ea778adc52bc498ce80524c014b81119,df3f619804a92fdb4057192dc43dd748ea778adc52bc498ce80524c014b81119,4,4,,
"Pokémon Diamond Version (USA, ADAE, header ROM version 5)","Pokémon Pearl Version (USA, APAE, header ROM version 5)",/application/zukanlist/zkn_data/zukan_enc_diamond.narc,equal,181,181,,,df3f619804a92fdb4057192dc43dd748ea778adc52bc498ce80524c014b81119,df3f619804a92fdb4057192dc43dd748ea778adc52bc498ce80524c014b81119,4,4,,
"Pokémon Diamond Version (USA, ADAE, header ROM version 5)","Pokémon Pearl Version (USA, APAE, header ROM version 5)",/application/zukanlist/zkn_data/zukan_enc_diamond.narc,equal,182,182,,,df3f619804a92fdb4057192dc43dd748ea778adc52bc498ce80524c014b81119,df3f619804a92fdb4057192dc43dd748ea778adc52bc498ce80524c014b81119,4,4,,
"Pokémon Diamond Version (USA, ADAE, header ROM version 5)","Pokémon Pearl Version (USA, APAE, header ROM version 5)",/application/zukanlist/zkn_data/zukan_enc_diamond.narc,equal,183,183,,,df3f619804a92fdb4057192dc43dd748ea778adc52bc498ce80524c014b81119,df3f619804a92fdb4057192dc43dd748ea778adc52bc498ce80524c014b81119,4,4,,
"Pokémon Diamond Version (USA, ADAE, header ROM version 5)","Pokémon Pearl Version (USA, APAE, header ROM version 5)",/application/zukanlist/zkn_data/zukan_enc_diamond.narc,equal,184,184,,,df3f619804a92fdb4057192dc43dd748ea778adc52bc498ce80524c014b81119,df3f619804a92fdb4057192dc43dd748ea778adc52bc498ce80524c014b81119,4,4,,
"Pokémon Diamond Version (USA, ADAE, header ROM version 5)","Pokémon Pearl Version (USA, APAE, header ROM version 5)",/application/zukanlist/zkn_data/zukan_enc_diamond.narc,equal,185,185,,,df3f619804a92fdb4057192dc43dd748ea778adc52bc498ce80524c014b81119,df3f619804a92fdb4057192dc43dd748ea778adc52bc498ce80524c014b81119,4,4,,
"Pokémon Diamond Version (USA, ADAE, header ROM version 5)","Pokémon Pearl Version (USA, APAE, header ROM version 5)",/application/zukanlist/zkn_data/zukan_enc_diamond.narc,equal,186,186,,,df3f619804a92fdb4057192dc43dd748ea778adc52bc498ce80524c014b81119,df3f619804a92fdb4057192dc43dd748ea778adc52bc498ce80524c014b81119,4,4,,
"Pokémon Diamond Version (USA, ADAE, header ROM version 5)","Pokémon Pearl Version (USA, APAE, header ROM version 5)",/application/zukanlist/zkn_data/zukan_enc_diamond.narc,equal,187,187,,,f0a0278e4372459cca6159cd5e71cfee638302a7b9ca9b05c34181ac0a65ac5d,f0a0278e4372459cca6159cd5e71cfee638302a7b9ca9b05c34181ac0a65ac5d,8,8,,
"Pokémon Diamond Version (USA, ADAE, header ROM version 5)","Pokémon Pearl Version (USA, APAE, header ROM version 5)",/application/zukanlist/zkn_data/zukan_enc_diamond.narc,equal,188,188,,,df3f619804a92fdb4057192dc43dd748ea778adc52bc498ce80524c014b81119,df3f619804a92fdb4057192dc43dd748ea778adc52bc498ce80524c014b81119,4,4,,
"Pokémon Diamond Version (USA, ADAE, header ROM version 5)","Pokémon Pearl Version (USA, APAE, header ROM version 5)",/application/zukanlist/zkn_data/zukan_enc_diamond.narc,equal,189,189,,,df3f619804a92fdb4057192dc43dd748ea778adc52bc498ce80524c014b81119,df3f619804a92fdb4057192dc43dd748ea778adc52bc498ce80524c014b81119,4,4,,
"Pokémon Diamond Version (USA, ADAE, header ROM version 5)","Pokémon Pearl Version (USA, APAE, header ROM version 5)",/application/zukanlist/zkn_data/zukan_enc_diamond.narc,equal,190,190,,,df3f619804a92fdb4057192dc43dd748ea778adc52bc498ce80524c014b81119,df3f619804a92fdb4057192dc43dd748ea778adc52bc498ce80524c014b81119,4,4,,
"Pokémon Diamond Version (USA, ADAE, header ROM version 5)","Pokémon Pearl Version (USA, APAE, header ROM version 5)",/application/zukanlist/zkn_data/zukan_enc_diamond.narc,equal,191,191,,,df3f619804a92fdb4057192dc43dd748ea778adc52bc498ce80524c014b81119,df3f619804a92fdb4057192dc43dd748ea778adc52bc498ce80524c014b81119,4,4,,
"Pokémon Diamond Version (USA, ADAE, header ROM version 5)","Pokémon Pearl Version (USA, APAE, header ROM version 5)",/application/zukanlist/zkn_data/zukan_enc_diamond.narc,equal,192,192,,,df3f619804a92fdb4057192dc43dd748ea778adc52bc498ce80524c014b81119,df3f619804a92fdb4057192dc43dd748ea778adc52bc498ce80524c014b81119,4,4,,
"Pokémon Diamond Version (USA, ADAE, header ROM version 5)","Pokémon Pearl Version (USA, APAE, header ROM version 5)",/application/zukanlist/zkn_data/zukan_enc_diamond.narc,equal,193,193,,,df3f619804a92fdb4057192dc43dd748ea778adc52bc498ce80524c014b81119,df3f619804a92fdb4057192dc43dd748ea778adc52bc498ce80524c014b81119,4,4,,
"Pokémon Diamond Version (USA, ADAE, header ROM version 5)","Pokémon Pearl Version (USA, APAE, header ROM version 5)",/application/zukanlist/zkn_data/zukan_enc_diamond.narc,equal,194,194,,,df3f619804a92fdb4057192dc43dd748ea778adc52bc498ce80524c014b81119,df3f619804a92fdb4057192dc43dd748ea778adc52bc498ce80524c014b81119,4,4,,
"Pokémon Diamond Version (USA, ADAE, header ROM version 5)","Pokémon Pearl Version (USA, APAE, header ROM version 5)",/application/zukanlist/zkn_data/zukan_enc_diamond.narc,equal,195,195,,,df3f619804a92fdb4057192dc43dd748ea778adc52bc498ce80524c014b81119,df3f619804a92fdb4057192dc43dd748ea778adc52bc498ce80524c014b81119,4,4,,
"Pokémon Diamond Version (USA, ADAE, header ROM version 5)","Pokémon Pearl Version (USA, APAE, header ROM version 5)",/application/zukanlist/zkn_data/zukan_enc_diamond.narc,equal,196,196,,,df3f619804a92fdb4057192dc43dd748ea778adc52bc498ce80524c014b81119,df3f619804a92fdb4057192dc43dd748ea778adc52bc498ce80524c014b81119,4,4,,
"Pokémon Diamond Version (USA, ADAE, header ROM version 5)","Pokémon Pearl Version (USA, APAE, header ROM version 5)",/application/zukanlist/zkn_data/zukan_enc_diamond.narc,equal,197,197,,,df3f619804a92fdb4057192dc43dd748ea778adc52bc498ce80524c014b81119,df3f619804a92fdb4057192dc43dd748ea778adc52bc498ce80524c014b81119,4,4,,
"Pokémon Diamond Version (USA, ADAE, header ROM version 5)","Pokémon Pearl Version (USA, APAE, header ROM version 5)",/application/zukanlist/zkn_data/zukan_enc_diamond.narc,equal,198,198,,,f0a0278e4372459cca6159cd5e71cfee638302a7b9ca9b05c34181ac0a65ac5d,f0a0278e4372459cca6159cd5e71cfee638302a7b9ca9b05c34181ac0a65ac5d,8,8,,
"Pokémon Diamond Version (USA, ADAE, header ROM version 5)","Pokémon Pearl Version (USA, APAE, header ROM version 5)",/application/zukanlist/zkn_data/zukan_enc_diamond.narc,equal,199,199,,,f0a0278e4372459cca6159cd5e71cfee638302a7b9ca9b05c34181ac0a65ac5d,f0a0278e4372459cca6159cd5e71cfee638302a7b9ca9b05c34181ac0a65ac5d,8,8,,
"Pokémon Diamond Version (USA, ADAE, header ROM version 5)","Pokémon Pearl Version (USA, APAE, header ROM version 5)",/application/zukanlist/zkn_data/zukan_enc_diamond.narc,equal,200,200,,,df3f619804a92fdb4057192dc43dd748ea778adc52bc498ce80524c014b81119,df3f619804a92fdb4057192dc43dd748ea778adc52bc498ce80524c014b81119,4,4,,
"Pokémon Diamond Version (USA, ADAE, header ROM version 5)","Pokémon Pearl Version (USA, APAE, header ROM version 5)",/application/zukanlist/zkn_data/zukan_enc_diamond.narc,equal,201,201,,,df3f619804a92fdb4057192dc43dd748ea778adc52bc498ce80524c014b81119,df3f619804a92fdb4057192dc43dd748ea778adc52bc498ce80524c014b81119,4,4,,
"Pokémon Diamond Version (USA, ADAE, header ROM version 5)","Pokémon Pearl Version (USA, APAE, header ROM version 5)",/application/zukanlist/zkn_data/zukan_enc_diamond.narc,equal,202,202,,,df3f619804a92fdb4057192dc43dd748ea778adc52bc498ce80524c014b81119,df3f619804a92fdb4057192dc43dd748ea778adc52bc498ce80524c014b81119,4,4,,
"Pokémon Diamond Version (USA, ADAE, header ROM version 5)","Pokémon Pearl Version (USA, APAE, header ROM version 5)",/application/zukanlist/zkn_data/zukan_enc_diamond.narc,equal,203,203,,,df3f619804a92fdb4057192dc43dd748ea778adc52bc498ce80524c014b81119,df3f619804a92fdb4057192dc43dd748ea778adc52bc498ce80524c014b81119,4,4,,
"Pokémon Diamond Version (USA, ADAE, header ROM version 5)","Pokémon Pearl Version (USA, APAE, header ROM version 5)",/application/zukanlist/zkn_data/zukan_enc_diamond.narc,equal,204,204,,,df3f619804a92fdb4057192dc43dd748ea778adc52bc498ce80524c014b81119,df3f619804a92fdb4057192dc43dd748ea778adc52bc498ce80524c014b81119,4,4,,
"Pokémon Diamond Version (USA, ADAE, header ROM version 5)","Pokémon Pearl Version (USA, APAE, header ROM version 5)",/application/zukanlist/zkn_data/zukan_enc_diamond.narc,equal,205,205,,,f13ee6ed54ea2aae9fc49a9faeb5da6e8ddef0e12ed5d30d35a624ae813e0485,f13ee6ed54ea2aae9fc49a9faeb5da6e8ddef0e12ed5d30d35a624ae813e0485,8,8,,
"Pokémon Diamond Version (USA, ADAE, header ROM version 5)","Pokémon Pearl Version (USA, APAE, header ROM version 5)",/application/zukanlist/zkn_data/zukan_enc_diamond.narc,equal,206,206,,,df3f619804a92fdb4057192dc43dd748ea778adc52bc498ce80524c014b81119,df3f619804a92fdb4057192dc43dd748ea778adc52bc498ce80524c014b81119,4,4,,
"Pokémon Diamond Version (USA, ADAE, header ROM version 5)","Pokémon Pearl Version (USA, APAE, header ROM version 5)",/application/zukanlist/zkn_data/zukan_enc_diamond.narc,equal,207,207,,,df3f619804a92fdb4057192dc43dd748ea778adc52bc498ce80524c014b81119,df3f619804a92fdb4057192dc43dd748ea778adc52bc498ce80524c014b81119,4,4,,
"Pokémon Diamond Version (USA, ADAE, header ROM version 5)","Pokémon Pearl Version (USA, APAE, header ROM version 5)",/application/zukanlist/zkn_data/zukan_enc_diamond.narc,equal,208,208,,,df3f619804a92fdb4057192dc43dd748ea778adc52bc498ce80524c014b81119,df3f619804a92fdb4057192dc43dd748ea778adc52bc498ce80524c014b81119,4,4,,
"Pokémon Diamond Version (USA, ADAE, header ROM version 5)","Pokémon Pearl Version (USA, APAE, header ROM version 5)",/application/zukanlist/zkn_data/zukan_enc_diamond.narc,equal,209,209,,,df3f619804a92fdb4057192dc43dd748ea778adc52bc498ce80524c014b81119,df3f619804a92fdb4057192dc43dd748ea778adc52bc498ce80524c014b81119,4,4,,
"Pokémon Diamond Version (USA, ADAE, header ROM version 5)","Pokémon Pearl Version (USA, APAE, header ROM version 5)",/application/zukanlist/zkn_data/zukan_enc_diamond.narc,equal,210,210,,,df3f619804a92fdb4057192dc43dd748ea778adc52bc498ce80524c014b81119,df3f619804a92fdb4057192dc43dd748ea778adc52bc498ce80524c014b81119,4,4,,
"Pokémon Diamond Version (USA, ADAE, header ROM version 5)","Pokémon Pearl Version (USA, APAE, header ROM version 5)",/application/zukanlist/zkn_data/zukan_enc_diamond.narc,equal,211,211,,,df3f619804a92fdb4057192dc43dd748ea778adc52bc498ce80524c014b81119,df3f619804a92fdb4057192dc43dd748ea778adc52bc498ce80524c014b81119,4,4,,
"Pokémon Diamond Version (USA, ADAE, header ROM version 5)","Pokémon Pearl Version (USA, APAE, header ROM version 5)",/application/zukanlist/zkn_data/zukan_enc_diamond.narc,equal,212,212,,,9f1f5cc4a086b19e5217e4ac08a2351b1a02bef2d62585be236055e14064bb86,9f1f5cc4a086b19e5217e4ac08a2351b1a02bef2d62585be236055e14064bb86,16,16,,
"Pokémon Diamond Version (USA, ADAE, header ROM version 5)","Pokémon Pearl Version (USA, APAE, header ROM version 5)",/application/zukanlist/zkn_data/zukan_enc_diamond.narc,equal,213,213,,,df3f619804a92fdb4057192dc43dd748ea778adc52bc498ce80524c014b81119,df3f619804a92fdb4057192dc43dd748ea778adc52bc498ce80524c014b81119,4,4,,
"Pokémon Diamond Version (USA, ADAE, header ROM version 5)","Pokémon Pearl Version (USA, APAE, header ROM version 5)",/application/zukanlist/zkn_data/zukan_enc_diamond.narc,equal,214,214,,,df3f619804a92fdb4057192dc43dd748ea778adc52bc498ce80524c014b81119,df3f619804a92fdb4057192dc43dd748ea778adc52bc498ce80524c014b81119,4,4,,
"Pokémon Diamond Version (USA, ADAE, header ROM version 5)","Pokémon Pearl Version (USA, APAE, header ROM version 5)",/application/zukanlist/zkn_data/zukan_enc_diamond.narc,equal,215,215,,,df3f619804a92fdb4057192dc43dd748ea778adc52bc498ce80524c014b81119,df3f619804a92fdb4057192dc43dd748ea778adc52bc498ce80524c014b81119,4,4,,
"Pokémon Diamond Version (USA, ADAE, header ROM version 5)","Pokémon Pearl Version (USA, APAE, header ROM version 5)",/application/zukanlist/zkn_data/zukan_enc_diamond.narc,equal,216,216,,,df3f619804a92fdb4057192dc43dd748ea778adc52bc498ce80524c014b81119,df3f619804a92fdb4057192dc43dd748ea778adc52bc498ce80524c014b81119,4,4,,
"Pokémon Diamond Version (USA, ADAE, header ROM version 5)","Pokémon Pearl Version (USA, APAE, header ROM version 5)",/application/zukanlist/zkn_data/zukan_enc_diamond.narc,equal,217,217,,,df3f619804a92fdb4057192dc43dd748ea778adc52bc498ce80524c014b81119,df3f619804a92fdb4057192dc43dd748ea778adc52bc498ce80524c014b81119,4,4,,
"Pokémon Diamond Version (USA, ADAE, header ROM version 5)","Pokémon Pearl Version (USA, APAE, header ROM version 5)",/application/zukanlist/zkn_data/zukan_enc_diamond.narc,equal,218,218,,,df3f619804a92fdb4057192dc43dd748ea778adc52bc498ce80524c014b81119,df3f619804a92fdb4057192dc43dd748ea778adc52bc498ce80524c014b81119,4,4,,
"Pokémon Diamond Version (USA, ADAE, header ROM version 5)","Pokémon Pearl Version (USA, APAE, header ROM version 5)",/application/zukanlist/zkn_data/zukan_enc_diamond.narc,equal,219,219,,,70a843665ee27a264898c82c86bbb3489574321bc16c89a0e50275c369746374,70a843665ee27a264898c82c86bbb3489574321bc16c89a0e50275c369746374,12,12,,
"Pokémon Diamond Version (USA, ADAE, header ROM version 5)","Pokémon Pearl Version (USA, APAE, header ROM version 5)",/application/zukanlist/zkn_data/zukan_enc_diamond.narc,equal,220,220,,,df3f619804a92fdb4057192dc43dd748ea778adc52bc498ce80524c014b81119,df3f619804a92fdb4057192dc43dd748ea778adc52bc498ce80524c014b81119,4,4,,
"Pokémon Diamond Version (USA, ADAE, header ROM version 5)","Pokémon Pearl Version (USA, APAE, header ROM version 5)",/application/zukanlist/zkn_data/zukan_enc_diamond.narc,equal,221,221,,,df3f619804a92fdb4057192dc43dd748ea778adc52bc498ce80524c014b81119,df3f619804a92fdb4057192dc43dd748ea778adc52bc498ce80524c014b81119,4,4,,
"Pokémon Diamond Version (USA, ADAE, header ROM version 5)","Pokémon Pearl Version (USA, APAE, header ROM version 5)",/application/zukanlist/zkn_data/zukan_enc_diamond.narc,equal,222,222,,,cbbd5f990c53684d7ae650b40fcb5656e02261b53da5f6a7d8c819c92f2828f8,cbbd5f990c53684d7ae650b40fcb5656e02261b53da5f6a7d8c819c92f2828f8,8,8,,
"Pokémon Diamond Version (USA, ADAE, header ROM version 5)","Pokémon Pearl Version (USA, APAE, header ROM version 5)",/application/zukanlist/zkn_data/zukan_enc_diamond.narc,equal,223,223,,,cbbd5f990c53684d7ae650b40fcb5656e02261b53da5f6a7d8c819c92f2828f8,cbbd5f990c53684d7ae650b40fcb5656e02261b53da5f6a7d8c819c92f2828f8,8,8,,
"Pokémon Diamond Version (USA, ADAE, header ROM version 5)","Pokémon Pearl Version (USA, APAE, header ROM version 5)",/application/zukanlist/zkn_data/zukan_enc_diamond.narc,equal,224,224,,,df3f619804a92fdb4057192dc43dd748ea778adc52bc498ce80524c014b81119,df3f619804a92fdb4057192dc43dd748ea778adc52bc498ce80524c014b81119,4,4,,
"Pokémon Diamond Version (USA, ADAE, header ROM version 5)","Pokémon Pearl Version (USA, APAE, header ROM version 5)",/application/zukanlist/zkn_data/zukan_enc_diamond.narc,equal,225,225,,,df3f619804a92fdb4057192dc43dd748ea778adc52bc498ce80524c014b81119,df3f619804a92fdb4057192dc43dd748ea778adc52bc498ce80524c014b81119,4,4,,
"Pokémon Diamond Version (USA, ADAE, header ROM version 5)","Pokémon Pearl Version (USA, APAE, header ROM version 5)",/application/zukanlist/zkn_data/zukan_enc_diamond.narc,equal,226,226,,,df3f619804a92fdb4057192dc43dd748ea778adc52bc498ce80524c014b81119,df3f619804a92fdb4057192dc43dd748ea778adc52bc498ce80524c014b81119,4,4,,
"Pokémon Diamond Version (USA, ADAE, header ROM version 5)","Pokémon Pearl Version (USA, APAE, header ROM version 5)",/application/zukanlist/zkn_data/zukan_enc_diamond.narc,equal,227,227,,,df3f619804a92fdb4057192dc43dd748ea778adc52bc498ce80524c014b81119,df3f619804a92fdb4057192dc43dd748ea778adc52bc498ce80524c014b81119,4,4,,
"Pokémon Diamond Version (USA, ADAE, header ROM version 5)","Pokémon Pearl Version (USA, APAE, header ROM version 5)",/application/zukanlist/zkn_data/zukan_enc_diamond.narc,equal,228,228,,,df3f619804a92fdb4057192dc43dd748ea778adc52bc498ce80524c014b81119,df3f619804a92fdb4057192dc43dd748ea778adc52bc498ce80524c014b81119,4,4,,
"Pokémon Diamond Version (USA, ADAE, header ROM version 5)","Pokémon Pearl Version (USA, APAE, header ROM version 5)",/application/zukanlist/zkn_data/zukan_enc_diamond.narc,equal,229,229,,,df3f619804a92fdb4057192dc43dd748ea778adc52bc498ce80524c014b81119,df3f619804a92fdb4057192dc43dd748ea778adc52bc498ce80524c014b81119,4,4,,
"Pokémon Diamond Version (USA, ADAE, header ROM version 5)","Pokémon Pearl Version (USA, APAE, header ROM version 5)",/application/zukanlist/zkn_data/zukan_enc_diamond.narc,equal,230,230,,,df3f619804a92fdb4057192dc43dd748ea778adc52bc498ce80524c014b81119,df3f619804a92fdb4057192dc43dd748ea778adc52bc498ce80524c014b81119,4,4,,
"Pokémon Diamond Version (USA, ADAE, header ROM version 5)","Pokémon Pearl Version (USA, APAE, header ROM version 5)",/application/zukanlist/zkn_data/zukan_enc_diamond.narc,equal,231,231,,,df3f619804a92fdb4057192dc43dd748ea778adc52bc498ce80524c014b81119,df3f619804a92fdb4057192dc43dd748ea778adc52bc498ce80524c014b81119,4,4,,
"Pokémon Diamond Version (USA, ADAE, header ROM version 5)","Pokémon Pearl Version (USA, APAE, header ROM version 5)",/application/zukanlist/zkn_data/zukan_enc_diamond.narc,equal,232,232,,,df3f619804a92fdb4057192dc43dd748ea778adc52bc498ce80524c014b81119,df3f619804a92fdb4057192dc43dd748ea778adc52bc498ce80524c014b81119,4,4,,
"Pokémon Diamond Version (USA, ADAE, header ROM version 5)","Pokémon Pearl Version (USA, APAE, header ROM version 5)",/application/zukanlist/zkn_data/zukan_enc_diamond.narc,equal,233,233,,,df3f619804a92fdb4057192dc43dd748ea778adc52bc498ce80524c014b81119,df3f619804a92fdb4057192dc43dd748ea778adc52bc498ce80524c014b81119,4,4,,
"Pokémon Diamond Version (USA, ADAE, header ROM version 5)","Pokémon Pearl Version (USA, APAE, header ROM version 5)",/application/zukanlist/zkn_data/zukan_enc_diamond.narc,equal,234,234,,,df3f619804a92fdb4057192dc43dd748ea778adc52bc498ce80524c014b81119,df3f619804a92fdb4057192dc43dd748ea778adc52bc498ce80524c014b81119,4,4,,
"Pokémon Diamond Version (USA, ADAE, header ROM version 5)","Pokémon Pearl Version (USA, APAE, header ROM version 5)",/application/zukanlist/zkn_data/zukan_enc_diamond.narc,equal,235,235,,,df3f619804a92fdb4057192dc43dd748ea778adc52bc498ce80524c014b81119,df3f619804a92fdb4057192dc43dd748ea778adc52bc498ce80524c014b81119,4,4,,
"Pokémon Diamond Version (USA, ADAE, header ROM version 5)","Pokémon Pearl Version (USA, APAE, header ROM version 5)",/application/zukanlist/zkn_data/zukan_enc_diamond.narc,equal,236,236,,,df3f619804a92fdb4057192dc43dd748ea778adc52bc498ce80524c014b81119,df3f619804a92fdb4057192dc43dd748ea778adc52bc498ce80524c014b81119,4,4,,
"Pokémon Diamond Version (USA, ADAE, header ROM version 5)","Pokémon Pearl Version (USA, APAE, header ROM version 5)",/application/zukanlist/zkn_data/zukan_enc_diamond.narc,equal,237,237,,,df3f619804a92fdb4057192dc43dd748ea778adc52bc498ce80524c014b81119,df3f619804a92fdb4057192dc43dd748ea778adc52bc498ce80524c014b81119,4,4,,
"Pokémon Diamond Version (USA, ADAE, header ROM version 5)","Pokémon Pearl Version (USA, APAE, header ROM version 5)",/application/zukanlist/zkn_data/zukan_enc_diamond.narc,equal,238,238,,,df3f619804a92fdb4057192dc43dd748ea778adc52bc498ce80524c014b81119,df3f619804a92fdb4057192dc43dd748ea778adc52bc498ce80524c014b81119,4,4,,
"Pokémon Diamond Version (USA, ADAE, header ROM version 5)","Pokémon Pearl Version (USA, APAE, header ROM version 5)",/application/zukanlist/zkn_data/zukan_enc_diamond.narc,equal,239,239,,,df3f619804a92fdb4057192dc43dd748ea778adc52bc498ce80524c014b81119,df3f619804a92fdb4057192dc43dd748ea778adc52bc498ce80524c014b81119,4,4,,
"Pokémon Diamond Version (USA, ADAE, header ROM version 5)","Pokémon Pearl Version (USA, APAE, header ROM version 5)",/application/zukanlist/zkn_data/zukan_enc_diamond.narc,equal,240,240,,,df3f619804a92fdb4057192dc43dd748ea778adc52bc498ce80524c014b81119,df3f619804a92fdb4057192dc43dd748ea778adc52bc498ce80524c014b81119,4,4,,
"Pokémon Diamond Version (USA, ADAE, header ROM version 5)","Pokémon Pearl Version (USA, APAE, header ROM version 5)",/application/zukanlist/zkn_data/zukan_enc_diamond.narc,equal,241,241,,,df3f619804a92fdb4057192dc43dd748ea778adc52bc498ce80524c014b81119,df3f619804a92fdb4057192dc43dd748ea778adc52bc498ce80524c014b81119,4,4,,
"Pokémon Diamond Version (USA, ADAE, header ROM version 5)","Pokémon Pearl Version (USA, APAE, header ROM version 5)",/application/zukanlist/zkn_data/zukan_enc_diamond.narc,equal,242,242,,,df3f619804a92fdb4057192dc43dd748ea778adc52bc498ce80524c014b81119,df3f619804a92fdb4057192dc43dd748ea778adc52bc498ce80524c014b81119,4,4,,
"Pokémon Diamond Version (USA, ADAE, header ROM version 5)","Pokémon Pearl Version (USA, APAE, header ROM version 5)",/application/zukanlist/zkn_data/zukan_enc_diamond.narc,equal,243,243,,,df3f619804a92fdb4057192dc43dd748ea778adc52bc498ce80524c014b81119,df3f619804a92fdb4057192dc43dd748ea778adc52bc498ce80524c014b81119,4,4,,
"Pokémon Diamond Version (USA, ADAE, header ROM version 5)","Pokémon Pearl Version (USA, APAE, header ROM version 5)",/application/zukanlist/zkn_data/zukan_enc_diamond.narc,equal,244,244,,,df3f619804a92fdb4057192dc43dd748ea778adc52bc498ce80524c014b81119,df3f619804a92fdb4057192dc43dd748ea778adc52bc498ce80524c014b81119,4,4,,
"Pokémon Diamond Version (USA, ADAE, header ROM version 5)","Pokémon Pearl Version (USA, APAE, header ROM version 5)",/application/zukanlist/zkn_data/zukan_enc_diamond.narc,equal,245,245,,,df3f619804a92fdb4057192dc43dd748ea778adc52bc498ce80524c014b81119,df3f619804a92fdb4057192dc43dd748ea778adc52bc498ce80524c014b81119,4,4,,
"Pokémon Diamond Version (USA, ADAE, header ROM version 5)","Pokémon Pearl Version (USA, APAE, header ROM version 5)",/application/zukanlist/zkn_data/zukan_enc_diamond.narc,equal,246,246,,,df3f619804a92fdb4057192dc43dd748ea778adc52bc498ce80524c014b81119,df3f619804a92fdb4057192dc43dd748ea778adc52bc498ce80524c014b81119,4,4,,
"Pokémon Diamond Version (USA, ADAE, header ROM version 5)","Pokémon Pearl Version (USA, APAE, header ROM version 5)",/application/zukanlist/zkn_data/zukan_enc_diamond.narc,equal,247,247,,,df3f619804a92fdb4057192dc43dd748ea778adc52bc498ce80524c014b81119,df3f619804a92fdb4057192dc43dd748ea778adc52bc498ce80524c014b81119,4,4,,
"Pokémon Diamond Version (USA, ADAE, header ROM version 5)","Pokémon Pearl Version (USA, APAE, header ROM version 5)",/application/zukanlist/zkn_data/zukan_enc_diamond.narc,equal,248,248,,,df3f619804a92fdb4057192dc43dd748ea778adc52bc498ce80524c014b81119,df3f619804a92fdb4057192dc43dd748ea778adc52bc498ce80524c014b81119,4,4,,
"Pokémon Diamond Version (USA, ADAE, header ROM version 5)","Pokémon Pearl Version (USA, APAE, header ROM version 5)",/application/zukanlist/zkn_data/zukan_enc_diamond.narc,equal,249,249,,,df3f619804a92fdb4057192dc43dd748ea778adc52bc498ce80524c014b81119,df3f619804a92fdb4057192dc43dd748ea778adc52bc498ce80524c014b81119,4,4,,
"Pokémon Diamond Version (USA, ADAE, header ROM version 5)","Pokémon Pearl Version (USA, APAE, header ROM version 5)",/application/zukanlist/zkn_data/zukan_enc_diamond.narc,equal,250,250,,,df3f619804a92fdb4057192dc43dd748ea778adc52bc498ce80524c014b81119,df3f619804a92fdb4057192dc43dd748ea778adc52bc498ce80524c014b81119,4,4,,
"Pokémon Diamond Version (USA, ADAE, header ROM version 5)","Pokémon Pearl Version (USA, APAE, header ROM version 5)",/application/zukanlist/zkn_data/zukan_enc_diamond.narc,equal,251,251,,,df3f619804a92fdb4057192dc43dd748ea778adc52bc498ce80524c014b81119,df3f619804a92fdb4057192dc43dd748ea778adc52bc498ce80524c014b81119,4,4,,
"Pokémon Diamond Version (USA, ADAE, header ROM version 5)","Pokémon Pearl Version (USA, APAE, header ROM version 5)",/application/zukanlist/zkn_data/zukan_enc_diamond.narc,equal,252,252,,,df3f619804a92fdb4057192dc43dd748ea778adc52bc498ce80524c014b81119,df3f619804a92fdb4057192dc43dd748ea778adc52bc498ce80524c014b81119,4,4,,
"Pokémon Diamond Version (USA, ADAE, header ROM version 5)","Pokémon Pearl Version (USA, APAE, header ROM version 5)",/application/zukanlist/zkn_data/zukan_enc_diamond.narc,equal,253,253,,,df3f619804a92fdb4057192dc43dd748ea778adc52bc498ce80524c014b81119,df3f619804a92fdb4057192dc43dd748ea778adc52bc498ce80524c014b81119,4,4,,
"Pokémon Diamond Version (USA, ADAE, header ROM version 5)","Pokémon Pearl Version (USA, APAE, header ROM version 5)",/application/zukanlist/zkn_data/zukan_enc_diamond.narc,equal,254,254,,,df3f619804a92fdb4057192dc43dd748ea778adc52bc498ce80524c014b81119,df3f619804a92fdb4057192dc43dd748ea778adc52bc498ce80524c014b81119,4,4,,
"Pokémon Diamond Version (USA, ADAE, header ROM version 5)","Pokémon Pearl Version (USA, APAE, header ROM version 5)",/application/zukanlist/zkn_data/zukan_enc_diamond.narc,equal,255,255,,,df3f619804a92fdb4057192dc43dd748ea778adc52bc498ce80524c014b81119,df3f619804a92fdb4057192dc43dd748ea778adc52bc498ce80524c014b81119,4,4,,
"Pokémon Diamond Version (USA, ADAE, header ROM version 5)","Pokémon Pearl Version (USA, APAE, header ROM version 5)",/application/zukanlist/zkn_data/zukan_enc_diamond.narc,equal,256,256,,,df3f619804a92fdb4057192dc43dd748ea778adc52bc498ce80524c014b81119,df3f619804a92fdb4057192dc43dd748ea778adc52bc498ce80524c014b81119,4,4,,
"Pokémon Diamond Version (USA, ADAE, header ROM version 5)","Pokémon Pearl Version (USA, APAE, header ROM version 5)",/application/zukanlist/zkn_data/zukan_enc_diamond.narc,equal,257,257,,,df3f619804a92fdb4057192dc43dd748ea778adc52bc498ce80524c014b81119,df3f619804a92fdb4057192dc43dd748ea778adc52bc498ce80524c014b81119,4,4,,
"Pokémon Diamond Version (USA, ADAE, header ROM version 5)","Pokémon Pearl Version (USA, APAE, header ROM version 5)",/application/zukanlist/zkn_data/zukan_enc_diamond.narc,equal,258,258,,,df3f619804a92fdb4057192dc43dd748ea778adc52bc498ce80524c014b81119,df3f619804a92fdb4057192dc43dd748ea778adc52bc498ce80524c014b81119,4,4,,
"Pokémon Diamond Version (USA, ADAE, header ROM version 5)","Pokémon Pearl Version (USA, APAE, header ROM version 5)",/application/zukanlist/zkn_data/zukan_enc_diamond.narc,equal,259,259,,,df3f619804a92fdb4057192dc43dd748ea778adc52bc498ce80524c014b81119,df3f619804a92fdb4057192dc43dd748ea778adc52bc498ce80524c014b81119,4,4,,
"Pokémon Diamond Version (USA, ADAE, header ROM version 5)","Pokémon Pearl Version (USA, APAE, header ROM version 5)",/application/zukanlist/zkn_data/zukan_enc_diamond.narc,equal,260,260,,,df3f619804a92fdb4057192dc43dd748ea778adc52bc498ce80524c014b81119,df3f619804a92fdb4057192dc43dd748ea778adc52bc498ce80524c014b81119,4,4,,
"Pokémon Diamond Version (USA, ADAE, header ROM version 5)","Pokémon Pearl Version (USA, APAE, header ROM version 5)",/application/zukanlist/zkn_data/zukan_enc_diamond.narc,equal,261,261,,,df3f619804a92fdb4057192dc43dd748ea778adc52bc498ce80524c014b81119,df3f619804a92fdb4057192dc43dd748ea778adc52bc498ce80524c014b81119,4,4,,
"Pokémon Diamond Version (USA, ADAE, header ROM version 5)","Pokémon Pearl Version (USA, APAE, header ROM version 5)",/application/zukanlist/zkn_data/zukan_enc_diamond.narc,equal,262,262,,,df3f619804a92fdb4057192dc43dd748ea778adc52bc498ce80524c014b81119,df3f619804a92fdb4057192dc43dd748ea778adc52bc498ce80524c014b81119,4,4,,
"Pokémon Diamond Version (USA, ADAE, header ROM version 5)","Pokémon Pearl Version (USA, APAE, header ROM version 5)",/application/zukanlist/zkn_data/zukan_enc_diamond.narc,equal,263,263,,,df3f619804a92fdb4057192dc43dd748ea778adc52bc498ce80524c014b81119,df3f619804a92fdb4057192dc43dd748ea778adc52bc498ce80524c014b81119,4,4,,
"Pokémon Diamond Version (USA, ADAE, header ROM version 5)","Pokémon Pearl Version (USA, APAE, header ROM version 5)",/application/zukanlist/zkn_data/zukan_enc_diamond.narc,equal,264,264,,,df3f619804a92fdb4057192dc43dd748ea778adc52bc498ce80524c014b81119,df3f619804a92fdb4057192dc43dd748ea778adc52bc498ce80524c014b81119,4,4,,
"Pokémon Diamond Version (USA, ADAE, header ROM version 5)","Pokémon Pearl Version (USA, APAE, header ROM version 5)",/application/zukanlist/zkn_data/zukan_enc_diamond.narc,equal,265,265,,,df3f619804a92fdb4057192dc43dd748ea778adc52bc498ce80524c014b81119,df3f619804a92fdb4057192dc43dd748ea778adc52bc498ce80524c014b81119,4,4,,
"Pokémon Diamond Version (USA, ADAE, header ROM version 5)","Pokémon Pearl Version (USA, APAE, header ROM version 5)",/application/zukanlist/zkn_data/zukan_enc_diamond.narc,equal,266,266,,,df3f619804a92fdb4057192dc43dd748ea778adc52bc498ce80524c014b81119,df3f619804a92fdb4057192dc43dd748ea778adc52bc498ce80524c014b81119,4,4,,
"Pokémon Diamond Version (USA, ADAE, header ROM version 5)","Pokémon Pearl Version (USA, APAE, header ROM version 5)",/application/zukanlist/zkn_data/zukan_enc_diamond.narc,equal,267,267,,,df3f619804a92fdb4057192dc43dd748ea778adc52bc498ce80524c014b81119,df3f619804a92fdb4057192dc43dd748ea778adc52bc498ce80524c014b81119,4,4,,
"Pokémon Diamond Version (USA, ADAE, header ROM version 5)","Pokémon Pearl Version (USA, APAE, header ROM version 5)",/application/zukanlist/zkn_data/zukan_enc_diamond.narc,equal,268,268,,,df3f619804a92fdb4057192dc43dd748ea778adc52bc498ce80524c014b81119,df3f619804a92fdb4057192dc43dd748ea778adc52bc498ce80524c014b81119,4,4,,
"Pokémon Diamond Version (USA, ADAE, header ROM version 5)","Pokémon Pearl Version (USA, APAE, header ROM version 5)",/application/zukanlist/zkn_data/zukan_enc_diamond.narc,equal,269,269,,,d86e8112f3c4c4442126f8e9f44f16867da487f29052bf91b810457db34209a4,d86e8112f3c4c4442126f8e9f44f16867da487f29052bf91b810457db34209a4,8,8,,
"Pokémon Diamond Version (USA, ADAE, header ROM version 5)","Pokémon Pearl Version (USA, APAE, header ROM version 5)",/application/zukanlist/zkn_data/zukan_enc_diamond.narc,equal,270,270,,,d86e8112f3c4c4442126f8e9f44f16867da487f29052bf91b810457db34209a4,d86e8112f3c4c4442126f8e9f44f16867da487f29052bf91b810457db34209a4,8,8,,
"Pokémon Diamond Version (USA, ADAE, header ROM version 5)","Pokémon Pearl Version (USA, APAE, header ROM version 5)",/application/zukanlist/zkn_data/zukan_enc_diamond.narc,equal,271,271,,,d86e8112f3c4c4442126f8e9f44f16867da487f29052bf91b810457db34209a4,d86e8112f3c4c4442126f8e9f44f16867da487f29052bf91b810457db34209a4,8,8,,
"Pokémon Diamond Version (USA, ADAE, header ROM version 5)","Pokémon Pearl Version (USA, APAE, header ROM version 5)",/application/zukanlist/zkn_data/zukan_enc_diamond.narc,equal,272,272,,,df3f619804a92fdb4057192dc43dd748ea778adc52bc498ce80524c014b81119,df3f619804a92fdb4057192dc43dd748ea778adc52bc498ce80524c014b81119,4,4,,
"Pokémon Diamond Version (USA, ADAE, header ROM version 5)","Pokémon Pearl Version (USA, APAE, header ROM version 5)",/application/zukanlist/zkn_data/zukan_enc_diamond.narc,equal,273,273,,,df3f619804a92fdb4057192dc43dd748ea778adc52bc498ce80524c014b81119,df3f619804a92fdb4057192dc43dd748ea778adc52bc498ce80524c014b81119,4,4,,
"Pokémon Diamond Version (USA, ADAE, header ROM version 5)","Pokémon Pearl Version (USA, APAE, header ROM version 5)",/application/zukanlist/zkn_data/zukan_enc_diamond.narc,equal,274,274,,,df3f619804a92fdb4057192dc43dd748ea778adc52bc498ce80524c014b81119,df3f619804a92fdb4057192dc43dd748ea778adc52bc498ce80524c014b81119,4,4,,
"Pokémon Diamond Version (USA, ADAE, header ROM version 5)","Pokémon Pearl Version (USA, APAE, header ROM version 5)",/application/zukanlist/zkn_data/zukan_enc_diamond.narc,equal,275,275,,,df3f619804a92fdb4057192dc43dd748ea778adc52bc498ce80524c014b81119,df3f619804a92fdb4057192dc43dd748ea778adc52bc498ce80524c014b81119,4,4,,
"Pokémon Diamond Version (USA, ADAE, header ROM version 5)","Pokémon Pearl Version (USA, APAE, header ROM version 5)",/application/zukanlist/zkn_data/zukan_enc_diamond.narc,equal,276,276,,,df3f619804a92fdb4057192dc43dd748ea778adc52bc498ce80524c014b81119,df3f619804a92fdb4057192dc43dd748ea778adc52bc498ce80524c014b81119,4,4,,
"Pokémon Diamond Version (USA, ADAE, header ROM version 5)","Pokémon Pearl Version (USA, APAE, header ROM version 5)",/application/zukanlist/zkn_data/zukan_enc_diamond.narc,equal,277,277,,,df3f619804a92fdb4057192dc43dd748ea778adc52bc498ce80524c014b81119,df3f619804a92fdb4057192dc43dd748ea778adc52bc498ce80524c014b81119,4,4,,
"Pokémon Diamond Version (USA, ADAE, header ROM version 5)","Pokémon Pearl Version (USA, APAE, header ROM version 5)",/application/zukanlist/zkn_data/zukan_enc_diamond.narc,equal,278,278,,,df3f619804a92fdb4057192dc43dd748ea778adc52bc498ce80524c014b81119,df3f619804a92fdb4057192dc43dd748ea778adc52bc498ce80524c014b81119,4,4,,
"Pokémon Diamond Version (USA, ADAE, header ROM version 5)","Pokémon Pearl Version (USA, APAE, header ROM version 5)",/application/zukanlist/zkn_data/zukan_enc_diamond.narc,equal,279,279,,,df3f619804a92fdb4057192dc43dd748ea778adc52bc498ce80524c014b81119,df3f619804a92fdb4057192dc43dd748ea778adc52bc498ce80524c014b81119,4,4,,
"Pokémon Diamond Version (USA, ADAE, header ROM version 5)","Pokémon Pearl Version (USA, APAE, header ROM version 5)",/application/zukanlist/zkn_data/zukan_enc_diamond.narc,equal,280,280,,,df3f619804a92fdb4057192dc43dd748ea778adc52bc498ce80524c014b81119,df3f619804a92fdb4057192dc43dd748ea778adc52bc498ce80524c014b81119,4,4,,
"Pokémon Diamond Version (USA, ADAE, header ROM version 5)","Pokémon Pearl Version (USA, APAE, header ROM version 5)",/application/zukanlist/zkn_data/zukan_enc_diamond.narc,equal,281,281,,,df3f619804a92fdb4057192dc43dd748ea778adc52bc498ce80524c014b81119,df3f619804a92fdb4057192dc43dd748ea778adc52bc498ce80524c014b81119,4,4,,
"Pokémon Diamond Version (USA, ADAE, header ROM version 5)","Pokémon Pearl Version (USA, APAE, header ROM version 5)",/application/zukanlist/zkn_data/zukan_enc_diamond.narc,equal,282,282,,,df3f619804a92fdb4057192dc43dd748ea778adc52bc498ce80524c014b81119,df3f619804a92fdb4057192dc43dd748ea778adc52bc498ce80524c014b81119,4,4,,
"Pokémon Diamond Version (USA, ADAE, header ROM version 5)","Pokémon Pearl Version (USA, APAE, header ROM version 5)",/application/zukanlist/zkn_data/zukan_enc_diamond.narc,equal,283,283,,,df3f619804a92fdb4057192dc43dd748ea778adc52bc498ce80524c014b81119,df3f619804a92fdb4057192dc43dd748ea778adc52bc498ce80524c014b81119,4,4,,
"Pokémon Diamond Version (USA, ADAE, header ROM version 5)","Pokémon Pearl Version (USA, APAE, header ROM version 5)",/application/zukanlist/zkn_data/zukan_enc_diamond.narc,equal,284,284,,,df3f619804a92fdb4057192dc43dd748ea778adc52bc498ce80524c014b81119,df3f619804a92fdb4057192dc43dd748ea778adc52bc498ce80524c014b81119,4,4,,
"Pokémon Diamond Version (USA, ADAE, header ROM version 5)","Pokémon Pearl Version (USA, APAE, header ROM version 5)",/application/zukanlist/zkn_data/zukan_enc_diamond.narc,equal,285,285,,,df3f619804a92fdb4057192dc43dd748ea778adc52bc498ce80524c014b81119,df3f619804a92fdb4057192dc43dd748ea778adc52bc498ce80524c014b81119,4,4,,
"Pokémon Diamond Version (USA, ADAE, header ROM version 5)","Pokémon Pearl Version (USA, APAE, header ROM version 5)",/application/zukanlist/zkn_data/zukan_enc_diamond.narc,equal,286,286,,,df3f619804a92fdb4057192dc43dd748ea778adc52bc498ce80524c014b81119,df3f619804a92fdb4057192dc43dd748ea778adc52bc498ce80524c014b81119,4,4,,
"Pokémon Diamond Version (USA, ADAE, header ROM version 5)","Pokémon Pearl Version (USA, APAE, header ROM version 5)",/application/zukanlist/zkn_data/zukan_enc_diamond.narc,equal,287,287,,,df3f619804a92fdb4057192dc43dd748ea778adc52bc498ce80524c014b81119,df3f619804a92fdb4057192dc43dd748ea778adc52bc498ce80524c014b81119,4,4,,
"Pokémon Diamond Version (USA, ADAE, header ROM version 5)","Pokémon Pearl Version (USA, APAE, header ROM version 5)",/application/zukanlist/zkn_data/zukan_enc_diamond.narc,equal,288,288,,,df3f619804a92fdb4057192dc43dd748ea778adc52bc498ce80524c014b81119,df3f619804a92fdb4057192dc43dd748ea778adc52bc498ce80524c014b81119,4,4,,
"Pokémon Diamond Version (USA, ADAE, header ROM version 5)","Pokémon Pearl Version (USA, APAE, header ROM version 5)",/application/zukanlist/zkn_data/zukan_enc_diamond.narc,equal,289,289,,,df3f619804a92fdb4057192dc43dd748ea778adc52bc498ce80524c014b81119,df3f619804a92fdb4057192dc43dd748ea778adc52bc498ce80524c014b81119,4,4,,
"Pokémon Diamond Version (USA, ADAE, header ROM version 5)","Pokémon Pearl Version (USA, APAE, header ROM version 5)",/application/zukanlist/zkn_data/zukan_enc_diamond.narc,equal,290,290,,,df3f619804a92fdb4057192dc43dd748ea778adc52bc498ce80524c014b81119,df3f619804a92fdb4057192dc43dd748ea778adc52bc498ce80524c014b81119,4,4,,
"Pokémon Diamond Version (USA, ADAE, header ROM version 5)","Pokémon Pearl Version (USA, APAE, header ROM version 5)",/application/zukanlist/zkn_data/zukan_enc_diamond.narc,equal,291,291,,,df3f619804a92fdb4057192dc43dd748ea778adc52bc498ce80524c014b81119,df3f619804a92fdb4057192dc43dd748ea778adc52bc498ce80524c014b81119,4,4,,
"Pokémon Diamond Version (USA, ADAE, header ROM version 5)","Pokémon Pearl Version (USA, APAE, header ROM version 5)",/application/zukanlist/zkn_data/zukan_enc_diamond.narc,equal,292,292,,,df3f619804a92fdb4057192dc43dd748ea778adc52bc498ce80524c014b81119,df3f619804a92fdb4057192dc43dd748ea778adc52bc498ce80524c014b81119,4,4,,
"Pokémon Diamond Version (USA, ADAE, header ROM version 5)","Pokémon Pearl Version (USA, APAE, header ROM version 5)",/application/zukanlist/zkn_data/zukan_enc_diamond.narc,equal,293,293,,,df3f619804a92fdb4057192dc43dd748ea778adc52bc498ce80524c014b81119,df3f619804a92fdb4057192dc43dd748ea778adc52bc498ce80524c014b81119,4,4,,
"Pokémon Diamond Version (USA, ADAE, header ROM version 5)","Pokémon Pearl Version (USA, APAE, header ROM version 5)",/application/zukanlist/zkn_data/zukan_enc_diamond.narc,equal,294,294,,,df3f619804a92fdb4057192dc43dd748ea778adc52bc498ce80524c014b81119,df3f619804a92fdb4057192dc43dd748ea778adc52bc498ce80524c014b81119,4,4,,
"Pokémon Diamond Version (USA, ADAE, header ROM version 5)","Pokémon Pearl Version (USA, APAE, header ROM version 5)",/application/zukanlist/zkn_data/zukan_enc_diamond.narc,equal,295,295,,,df3f619804a92fdb4057192dc43dd748ea778adc52bc498ce80524c014b81119,df3f619804a92fdb4057192dc43dd748ea778adc52bc498ce80524c014b81119,4,4,,
"Pokémon Diamond Version (USA, ADAE, header ROM version 5)","Pokémon Pearl Version (USA, APAE, header ROM version 5)",/application/zukanlist/zkn_data/zukan_enc_diamond.narc,equal,296,296,,,df3f619804a92fdb4057192dc43dd748ea778adc52bc498ce80524c014b81119,df3f619804a92fdb4057192dc43dd748ea778adc52bc498ce80524c014b81119,4,4,,
"Pokémon Diamond Version (USA, ADAE, header ROM version 5)","Pokémon Pearl Version (USA, APAE, header ROM version 5)",/application/zukanlist/zkn_data/zukan_enc_diamond.narc,equal,297,297,,,df3f619804a92fdb4057192dc43dd748ea778adc52bc498ce80524c014b81119,df3f619804a92fdb4057192dc43dd748ea778adc52bc498ce80524c014b81119,4,4,,
"Pokémon Diamond Version (USA, ADAE, header ROM version 5)","Pokémon Pearl Version (USA, APAE, header ROM version 5)",/application/zukanlist/zkn_data/zukan_enc_diamond.narc,equal,298,298,,,df3f619804a92fdb4057192dc43dd748ea778adc52bc498ce80524c014b81119,df3f619804a92fdb4057192dc43dd748ea778adc52bc498ce80524c014b81119,4,4,,
"Pokémon Diamond Version (USA, ADAE, header ROM version 5)","Pokémon Pearl Version (USA, APAE, header ROM version 5)",/application/zukanlist/zkn_data/zukan_enc_diamond.narc,equal,299,299,,,df3f619804a92fdb4057192dc43dd748ea778adc52bc498ce80524c014b81119,df3f619804a92fdb4057192dc43dd748ea778adc52bc498ce80524c014b81119,4,4,,
"Pokémon Diamond Version (USA, ADAE, header ROM version 5)","Pokémon Pearl Version (USA, APAE, header ROM version 5)",/application/zukanlist/zkn_data/zukan_enc_diamond.narc,equal,300,300,,,df3f619804a92fdb4057192dc43dd748ea778adc52bc498ce80524c014b81119,df3f619804a92fdb4057192dc43dd748ea778adc52bc498ce80524c014b81119,4,4,,
"Pokémon Diamond Version (USA, ADAE, header ROM version 5)","Pokémon Pearl Version (USA, APAE, header ROM version 5)",/application/zukanlist/zkn_data/zukan_enc_diamond.narc,equal,301,301,,,df3f619804a92fdb4057192dc43dd748ea778adc52bc498ce80524c014b81119,df3f619804a92fdb4057192dc43dd748ea778adc52bc498ce80524c014b81119,4,4,,
"Pokémon Diamond Version (USA, ADAE, header ROM version 5)","Pokémon Pearl Version (USA, APAE, header ROM version 5)",/application/zukanlist/zkn_data/zukan_enc_diamond.narc,equal,302,302,,,f0a0278e4372459cca6159cd5e71cfee638302a7b9ca9b05c34181ac0a65ac5d,f0a0278e4372459cca6159cd5e71cfee638302a7b9ca9b05c34181ac0a65ac5d,8,8,,
"Pokémon Diamond Version (USA, ADAE, header ROM version 5)","Pokémon Pearl Version (USA, APAE, header ROM version 5)",/application/zukanlist/zkn_data/zukan_enc_diamond.narc,equal,303,303,,,df3f619804a92fdb4057192dc43dd748ea778adc52bc498ce80524c014b81119,df3f619804a92fdb4057192dc43dd748ea778adc52bc498ce80524c014b81119,4,4,,
"Pokémon Diamond Version (USA, ADAE, header ROM version 5)","Pokémon Pearl Version (USA, APAE, header ROM version 5)",/application/zukanlist/zkn_data/zukan_enc_diamond.narc,equal,304,304,,,df3f619804a92fdb4057192dc43dd748ea778adc52bc498ce80524c014b81119,df3f619804a92fdb4057192dc43dd748ea778adc52bc498ce80524c014b81119,4,4,,
"Pokémon Diamond Version (USA, ADAE, header ROM version 5)","Pokémon Pearl Version (USA, APAE, header ROM version 5)",/application/zukanlist/zkn_data/zukan_enc_diamond.narc,equal,305,305,,,df3f619804a92fdb4057192dc43dd748ea778adc52bc498ce80524c014b81119,df3f619804a92fdb4057192dc43dd748ea778adc52bc498ce80524c014b81119,4,4,,
"Pokémon Diamond Version (USA, ADAE, header ROM version 5)","Pokémon Pearl Version (USA, APAE, header ROM version 5)",/application/zukanlist/zkn_data/zukan_enc_diamond.narc,equal,306,306,,,df3f619804a92fdb4057192dc43dd748ea778adc52bc498ce80524c014b81119,df3f619804a92fdb4057192dc43dd748ea778adc52bc498ce80524c014b81119,4,4,,
"Pokémon Diamond Version (USA, ADAE, header ROM version 5)","Pokémon Pearl Version (USA, APAE, header ROM version 5)",/application/zukanlist/zkn_data/zukan_enc_diamond.narc,equal,307,307,,,df3f619804a92fdb4057192dc43dd748ea778adc52bc498ce80524c014b81119,df3f619804a92fdb4057192dc43dd748ea778adc52bc498ce80524c014b81119,4,4,,
"Pokémon Diamond Version (USA, ADAE, header ROM version 5)","Pokémon Pearl Version (USA, APAE, header ROM version 5)",/application/zukanlist/zkn_data/zukan_enc_diamond.narc,equal,308,308,,,df3f619804a92fdb4057192dc43dd748ea778adc52bc498ce80524c014b81119,df3f619804a92fdb4057192dc43dd748ea778adc52bc498ce80524c014b81119,4,4,,
"Pokémon Diamond Version (USA, ADAE, header ROM version 5)","Pokémon Pearl Version (USA, APAE, header ROM version 5)",/application/zukanlist/zkn_data/zukan_enc_diamond.narc,equal,309,309,,,df3f619804a92fdb4057192dc43dd748ea778adc52bc498ce80524c014b81119,df3f619804a92fdb4057192dc43dd748ea778adc52bc498ce80524c014b81119,4,4,,
"Pokémon Diamond Version (USA, ADAE, header ROM version 5)","Pokémon Pearl Version (USA, APAE, header ROM version 5)",/application/zukanlist/zkn_data/zukan_enc_diamond.narc,equal,310,310,,,df3f619804a92fdb4057192dc43dd748ea778adc52bc498ce80524c014b81119,df3f619804a92fdb4057192dc43dd748ea778adc52bc498ce80524c014b81119,4,4,,
"Pokémon Diamond Version (USA, ADAE, header ROM version 5)","Pokémon Pearl Version (USA, APAE, header ROM version 5)",/application/zukanlist/zkn_data/zukan_enc_diamond.narc,equal,311,311,,,35be322d094f9d154a8aba4733b8497f180353bd7ae7b0a15f90b586b549f28b,35be322d094f9d154a8aba4733b8497f180353bd7ae7b0a15f90b586b549f28b,8,8,,
"Pokémon Diamond Version (USA, ADAE, header ROM version 5)","Pokémon Pearl Version (USA, APAE, header ROM version 5)",/application/zukanlist/zkn_data/zukan_enc_diamond.narc,equal,312,312,,,656d161f98e952a376323ae2ff86c6a8af5b3c9f93c7901cda817d6dde464270,656d161f98e952a376323ae2ff86c6a8af5b3c9f93c7901cda817d6dde464270,12,12,,
"Pokémon Diamond Version (USA, ADAE, header ROM version 5)","Pokémon Pearl Version (USA, APAE, header ROM version 5)",/application/zukanlist/zkn_data/zukan_enc_diamond.narc,equal,313,313,,,df3f619804a92fdb4057192dc43dd748ea778adc52bc498ce80524c014b81119,df3f619804a92fdb4057192dc43dd748ea778adc52bc498ce80524c014b81119,4,4,,
"Pokémon Diamond Version (USA, ADAE, header ROM version 5)","Pokémon Pearl Version (USA, APAE, header ROM version 5)",/application/zukanlist/zkn_data/zukan_enc_diamond.narc,equal,314,314,,,df3f619804a92fdb4057192dc43dd748ea778adc52bc498ce80524c014b81119,df3f619804a92fdb4057192dc43dd748ea778adc52bc498ce80524c014b81119,4,4,,
"Pokémon Diamond Version (USA, ADAE, header ROM version 5)","Pokémon Pearl Version (USA, APAE, header ROM version 5)",/application/zukanlist/zkn_data/zukan_enc_diamond.narc,equal,315,315,,,df3f619804a92fdb4057192dc43dd748ea778adc52bc498ce80524c014b81119,df3f619804a92fdb4057192dc43dd748ea778adc52bc498ce80524c014b81119,4,4,,
"Pokémon Diamond Version (USA, ADAE, header ROM version 5)","Pokémon Pearl Version (USA, APAE, header ROM version 5)",/application/zukanlist/zkn_data/zukan_enc_diamond.narc,equal,316,316,,,df3f619804a92fdb4057192dc43dd748ea778adc52bc498ce80524c014b81119,df3f619804a92fdb4057192dc43dd748ea778adc52bc498ce80524c014b81119,4,4,,
"Pokémon Diamond Version (USA, ADAE, header ROM version 5)","Pokémon Pearl Version (USA, APAE, header ROM version 5)",/application/zukanlist/zkn_data/zukan_enc_diamond.narc,equal,317,317,,,df3f619804a92fdb4057192dc43dd748ea778adc52bc498ce80524c014b81119,df3f619804a92fdb4057192dc43dd748ea778adc52bc498ce80524c014b81119,4,4,,
"Pokémon Diamond Version (USA, ADAE, header ROM version 5)","Pokémon Pearl Version (USA, APAE, header ROM version 5)",/application/zukanlist/zkn_data/zukan_enc_diamond.narc,equal,318,318,,,df3f619804a92fdb4057192dc43dd748ea778adc52bc498ce80524c014b81119,df3f619804a92fdb4057192dc43dd748ea778adc52bc498ce80524c014b81119,4,4,,
"Pokémon Diamond Version (USA, ADAE, header ROM version 5)","Pokémon Pearl Version (USA, APAE, header ROM version 5)",/application/zukanlist/zkn_data/zukan_enc_diamond.narc,equal,319,319,,,18d8d609947c6b82b9607704ae40d3317038e709238514de750b5c7411ba4c20,18d8d609947c6b82b9607704ae40d3317038e709238514de750b5c7411ba4c20,8,8,,
"Pokémon Diamond Version (USA, ADAE, header ROM version 5)","Pokémon Pearl Version (USA, APAE, header ROM version 5)",/application/zukanlist/zkn_data/zukan_enc_diamond.narc,equal,320,320,,,df3f619804a92fdb4057192dc43dd748ea778adc52bc498ce80524c014b81119,df3f619804a92fdb4057192dc43dd748ea778adc52bc498ce80524c014b81119,4,4,,
"Pokémon Diamond Version (USA, ADAE, header ROM version 5)","Pokémon Pearl Version (USA, APAE, header ROM version 5)",/application/zukanlist/zkn_data/zukan_enc_diamond.narc,equal,321,321,,,df3f619804a92fdb4057192dc43dd748ea778adc52bc498ce80524c014b81119,df3f619804a92fdb4057192dc43dd748ea778adc52bc498ce80524c014b81119,4,4,,
"Pokémon Diamond Version (USA, ADAE, header ROM version 5)","Pokémon Pearl Version (USA, APAE, header ROM version 5)",/application/zukanlist/zkn_data/zukan_enc_diamond.narc,equal,322,322,,,f0a0278e4372459cca6159cd5e71cfee638302a7b9ca9b05c34181ac0a65ac5d,f0a0278e4372459cca6159cd5e71cfee638302a7b9ca9b05c34181ac0a65ac5d,8,8,,
"Pokémon Diamond Version (USA, ADAE, header ROM version 5)","Pokémon Pearl Version (USA, APAE, header ROM version 5)",/application/zukanlist/zkn_data/zukan_enc_diamond.narc,equal,323,323,,,df3f619804a92fdb4057192dc43dd748ea778adc52bc498ce80524c014b81119,df3f619804a92fdb4057192dc43dd748ea778adc52bc498ce80524c014b81119,4,4,,
"Pokémon Diamond Version (USA, ADAE, header ROM version 5)","Pokémon Pearl Version (USA, APAE, header ROM version 5)",/application/zukanlist/zkn_data/zukan_enc_diamond.narc,equal,324,324,,,df3f619804a92fdb4057192dc43dd748ea778adc52bc498ce80524c014b81119,df3f619804a92fdb4057192dc43dd748ea778adc52bc498ce80524c014b81119,4,4,,
"Pokémon Diamond Version (USA, ADAE, header ROM version 5)","Pokémon Pearl Version (USA, APAE, header ROM version 5)",/application/zukanlist/zkn_data/zukan_enc_diamond.narc,equal,325,325,,,df3f619804a92fdb4057192dc43dd748ea778adc52bc498ce80524c014b81119,df3f619804a92fdb4057192dc43dd748ea778adc52bc498ce80524c014b81119,4,4,,
"Pokémon Diamond Version (USA, ADAE, header ROM version 5)","Pokémon Pearl Version (USA, APAE, header ROM version 5)",/application/zukanlist/zkn_data/zukan_enc_diamond.narc,equal,326,326,,,df3f619804a92fdb4057192dc43dd748ea778adc52bc498ce80524c014b81119,df3f619804a92fdb4057192dc43dd748ea778adc52bc498ce80524c014b81119,4,4,,
"Pokémon Diamond Version (USA, ADAE, header ROM version 5)","Pokémon Pearl Version (USA, APAE, header ROM version 5)",/application/zukanlist/zkn_data/zukan_enc_diamond.narc,equal,327,327,,,cbbd5f990c53684d7ae650b40fcb5656e02261b53da5f6a7d8c819c92f2828f8,cbbd5f990c53684d7ae650b40fcb5656e02261b53da5f6a7d8c819c92f2828f8,8,8,,
"Pokémon Diamond Version (USA, ADAE, header ROM version 5)","Pokémon Pearl Version (USA, APAE, header ROM version 5)",/application/zukanlist/zkn_data/zukan_enc_diamond.narc,equal,328,328,,,df3f619804a92fdb4057192dc43dd748ea778adc52bc498ce80524c014b81119,df3f619804a92fdb4057192dc43dd748ea778adc52bc498ce80524c014b81119,4,4,,
"Pokémon Diamond Version (USA, ADAE, header ROM version 5)","Pokémon Pearl Version (USA, APAE, header ROM version 5)",/application/zukanlist/zkn_data/zukan_enc_diamond.narc,equal,329,329,,,df3f619804a92fdb4057192dc43dd748ea778adc52bc498ce80524c014b81119,df3f619804a92fdb4057192dc43dd748ea778adc52bc498ce80524c014b81119,4,4,,
"Pokémon Diamond Version (USA, ADAE, header ROM version 5)","Pokémon Pearl Version (USA, APAE, header ROM version 5)",/application/zukanlist/zkn_data/zukan_enc_diamond.narc,equal,330,330,,,df3f619804a92fdb4057192dc43dd748ea778adc52bc498ce80524c014b81119,df3f619804a92fdb4057192dc43dd748ea778adc52bc498ce80524c014b81119,4,4,,
"Pokémon Diamond Version (USA, ADAE, header ROM version 5)","Pokémon Pearl Version (USA, APAE, header ROM version 5)",/application/zukanlist/zkn_data/zukan_enc_diamond.narc,equal,331,331,,,df3f619804a92fdb4057192dc43dd748ea778adc52bc498ce80524c014b81119,df3f619804a92fdb4057192dc43dd748ea778adc52bc498ce80524c014b81119,4,4,,
"Pokémon Diamond Version (USA, ADAE, header ROM version 5)","Pokémon Pearl Version (USA, APAE, header ROM version 5)",/application/zukanlist/zkn_data/zukan_enc_diamond.narc,equal,332,332,,,df3f619804a92fdb4057192dc43dd748ea778adc52bc498ce80524c014b81119,df3f619804a92fdb4057192dc43dd748ea778adc52bc498ce80524c014b81119,4,4,,
"Pokémon Diamond Version (USA, ADAE, header ROM version 5)","Pokémon Pearl Version (USA, APAE, header ROM version 5)",/application/zukanlist/zkn_data/zukan_enc_diamond.narc,equal,333,333,,,df3f619804a92fdb4057192dc43dd748ea778adc52bc498ce80524c014b81119,df3f619804a92fdb4057192dc43dd748ea778adc52bc498ce80524c014b81119,4,4,,
"Pokémon Diamond Version (USA, ADAE, header ROM version 5)","Pokémon Pearl Version (USA, APAE, header ROM version 5)",/application/zukanlist/zkn_data/zukan_enc_diamond.narc,equal,334,334,,,df3f619804a92fdb4057192dc43dd748ea778adc52bc498ce80524c014b81119,df3f619804a92fdb4057192dc43dd748ea778adc52bc498ce80524c014b81119,4,4,,
"Pokémon Diamond Version (USA, ADAE, header ROM version 5)","Pokémon Pearl Version (USA, APAE, header ROM version 5)",/application/zukanlist/zkn_data/zukan_enc_diamond.narc,equal,335,335,,,df3f619804a92fdb4057192dc43dd748ea778adc52bc498ce80524c014b81119,df3f619804a92fdb4057192dc43dd748ea778adc52bc498ce80524c014b81119,4,4,,
"Pokémon Diamond Version (USA, ADAE, header ROM version 5)","Pokémon Pearl Version (USA, APAE, header ROM version 5)",/application/zukanlist/zkn_data/zukan_enc_diamond.narc,equal,336,336,,,df3f619804a92fdb4057192dc43dd748ea778adc52bc498ce80524c014b81119,df3f619804a92fdb4057192dc43dd748ea778adc52bc498ce80524c014b81119,4,4,,
"Pokémon Diamond Version (USA, ADAE, header ROM version 5)","Pokémon Pearl Version (USA, APAE, header ROM version 5)",/application/zukanlist/zkn_data/zukan_enc_diamond.narc,equal,337,337,,,df3f619804a92fdb4057192dc43dd748ea778adc52bc498ce80524c014b81119,df3f619804a92fdb4057192dc43dd748ea778adc52bc498ce80524c014b81119,4,4,,
"Pokémon Diamond Version (USA, ADAE, header ROM version 5)","Pokémon Pearl Version (USA, APAE, header ROM version 5)",/application/zukanlist/zkn_data/zukan_enc_diamond.narc,equal,338,338,,,df3f619804a92fdb4057192dc43dd748ea778adc52bc498ce80524c014b81119,df3f619804a92fdb4057192dc43dd748ea778adc52bc498ce80524c014b81119,4,4,,
"Pokémon Diamond Version (USA, ADAE, header ROM version 5)","Pokémon Pearl Version (USA, APAE, header ROM version 5)",/application/zukanlist/zkn_data/zukan_enc_diamond.narc,equal,339,339,,,df3f619804a92fdb4057192dc43dd748ea778adc52bc498ce80524c014b81119,df3f619804a92fdb4057192dc43dd748ea778adc52bc498ce80524c014b81119,4,4,,
"Pokémon Diamond Version (USA, ADAE, header ROM version 5)","Pokémon Pearl Version (USA, APAE, header ROM version 5)",/application/zukanlist/zkn_data/zukan_enc_diamond.narc,equal,340,340,,,df3f619804a92fdb4057192dc43dd748ea778adc52bc498ce80524c014b81119,df3f619804a92fdb4057192dc43dd748ea778adc52bc498ce80524c014b81119,4,4,,
"Pokémon Diamond Version (USA, ADAE, header ROM version 5)","Pokémon Pearl Version (USA, APAE, header ROM version 5)",/application/zukanlist/zkn_data/zukan_enc_diamond.narc,equal,341,341,,,df3f619804a92fdb4057192dc43dd748ea778adc52bc498ce80524c014b81119,df3f619804a92fdb4057192dc43dd748ea778adc52bc498ce80524c014b81119,4,4,,
"Pokémon Diamond Version (USA, ADAE, header ROM version 5)","Pokémon Pearl Version (USA, APAE, header ROM version 5)",/application/zukanlist/zkn_data/zukan_enc_diamond.narc,equal,342,342,,,df3f619804a92fdb4057192dc43dd748ea778adc52bc498ce80524c014b81119,df3f619804a92fdb4057192dc43dd748ea778adc52bc498ce80524c014b81119,4,4,,
"Pokémon Diamond Version (USA, ADAE, header ROM version 5)","Pokémon Pearl Version (USA, APAE, header ROM version 5)",/application/zukanlist/zkn_data/zukan_enc_diamond.narc,equal,343,343,,,a41bcdb761629020cb1abfc43862e94170140e3564387f3ed5f7a436395041c9,a41bcdb761629020cb1abfc43862e94170140e3564387f3ed5f7a436395041c9,20,20,,
"Pokémon Diamond Version (USA, ADAE, header ROM version 5)","Pokémon Pearl Version (USA, APAE, header ROM version 5)",/application/zukanlist/zkn_data/zukan_enc_diamond.narc,equal,344,344,,,a41bcdb761629020cb1abfc43862e94170140e3564387f3ed5f7a436395041c9,a41bcdb761629020cb1abfc43862e94170140e3564387f3ed5f7a436395041c9,20,20,,
"Pokémon Diamond Version (USA, ADAE, header ROM version 5)","Pokémon Pearl Version (USA, APAE, header ROM version 5)",/application/zukanlist/zkn_data/zukan_enc_diamond.narc,equal,345,345,,,df3f619804a92fdb4057192dc43dd748ea778adc52bc498ce80524c014b81119,df3f619804a92fdb4057192dc43dd748ea778adc52bc498ce80524c014b81119,4,4,,
"Pokémon Diamond Version (USA, ADAE, header ROM version 5)","Pokémon Pearl Version (USA, APAE, header ROM version 5)",/application/zukanlist/zkn_data/zukan_enc_diamond.narc,equal,346,346,,,df3f619804a92fdb4057192dc43dd748ea778adc52bc498ce80524c014b81119,df3f619804a92fdb4057192dc43dd748ea778adc52bc498ce80524c014b81119,4,4,,
"Pokémon Diamond Version (USA, ADAE, header ROM version 5)","Pokémon Pearl Version (USA, APAE, header ROM version 5)",/application/zukanlist/zkn_data/zukan_enc_diamond.narc,equal,347,347,,,df3f619804a92fdb4057192dc43dd748ea778adc52bc498ce80524c014b81119,df3f619804a92fdb4057192dc43dd748ea778adc52bc498ce80524c014b81119,4,4,,
"Pokémon Diamond Version (USA, ADAE, header ROM version 5)","Pokémon Pearl Version (USA, APAE, header ROM version 5)",/application/zukanlist/zkn_data/zukan_enc_diamond.narc,equal,348,348,,,df3f619804a92fdb4057192dc43dd748ea778adc52bc498ce80524c014b81119,df3f619804a92fdb4057192dc43dd748ea778adc52bc498ce80524c014b81119,4,4,,
"Pokémon Diamond Version (USA, ADAE, header ROM version 5)","Pokémon Pearl Version (USA, APAE, header ROM version 5)",/application/zukanlist/zkn_data/zukan_enc_diamond.narc,equal,349,349,,,df3f619804a92fdb4057192dc43dd748ea778adc52bc498ce80524c014b81119,df3f619804a92fdb4057192dc43dd748ea778adc52bc498ce80524c014b81119,4,4,,
"Pokémon Diamond Version (USA, ADAE, header ROM version 5)","Pokémon Pearl Version (USA, APAE, header ROM version 5)",/application/zukanlist/zkn_data/zukan_enc_diamond.narc,equal,350,350,,,df3f619804a92fdb4057192dc43dd748ea778adc52bc498ce80524c014b81119,df3f619804a92fdb4057192dc43dd748ea778adc52bc498ce80524c014b81119,4,4,,
"Pokémon Diamond Version (USA, ADAE, header ROM version 5)","Pokémon Pearl Version (USA, APAE, header ROM version 5)",/application/zukanlist/zkn_data/zukan_enc_diamond.narc,equal,351,351,,,df3f619804a92fdb4057192dc43dd748ea778adc52bc498ce80524c014b81119,df3f619804a92fdb4057192dc43dd748ea778adc52bc498ce80524c014b81119,4,4,,
"Pokémon Diamond Version (USA, ADAE, header ROM version 5)","Pokémon Pearl Version (USA, APAE, header ROM version 5)",/application/zukanlist/zkn_data/zukan_enc_diamond.narc,equal,352,352,,,df3f619804a92fdb4057192dc43dd748ea778adc52bc498ce80524c014b81119,df3f619804a92fdb4057192dc43dd748ea778adc52bc498ce80524c014b81119,4,4,,
"Pokémon Diamond Version (USA, ADAE, header ROM version 5)","Pokémon Pearl Version (USA, APAE, header ROM version 5)",/application/zukanlist/zkn_data/zukan_enc_diamond.narc,equal,353,353,,,df3f619804a92fdb4057192dc43dd748ea778adc52bc498ce80524c014b81119,df3f619804a92fdb4057192dc43dd748ea778adc52bc498ce80524c014b81119,4,4,,
"Pokémon Diamond Version (USA, ADAE, header ROM version 5)","Pokémon Pearl Version (USA, APAE, header ROM version 5)",/application/zukanlist/zkn_data/zukan_enc_diamond.narc,equal,354,354,,,df3f619804a92fdb4057192dc43dd748ea778adc52bc498ce80524c014b81119,df3f619804a92fdb4057192dc43dd748ea778adc52bc498ce80524c014b81119,4,4,,
"Pokémon Diamond Version (USA, ADAE, header ROM version 5)","Pokémon Pearl Version (USA, APAE, header ROM version 5)",/application/zukanlist/zkn_data/zukan_enc_diamond.narc,equal,355,355,,,df3f619804a92fdb4057192dc43dd748ea778adc52bc498ce80524c014b81119,df3f619804a92fdb4057192dc43dd748ea778adc52bc498ce80524c014b81119,4,4,,
"Pokémon Diamond Version (USA, ADAE, header ROM version 5)","Pokémon Pearl Version (USA, APAE, header ROM version 5)",/application/zukanlist/zkn_data/zukan_enc_diamond.narc,equal,356,356,,,df3f619804a92fdb4057192dc43dd748ea778adc52bc498ce80524c014b81119,df3f619804a92fdb4057192dc43dd748ea778adc52bc498ce80524c014b81119,4,4,,
"Pokémon Diamond Version (USA, ADAE, header ROM version 5)","Pokémon Pearl Version (USA, APAE, header ROM version 5)",/application/zukanlist/zkn_data/zukan_enc_diamond.narc,equal,357,357,,,df3f619804a92fdb4057192dc43dd748ea778adc52bc498ce80524c014b81119,df3f619804a92fdb4057192dc43dd748ea778adc52bc498ce80524c014b81119,4,4,,
"Pokémon Diamond Version (USA, ADAE, header ROM version 5)","Pokémon Pearl Version (USA, APAE, header ROM version 5)",/application/zukanlist/zkn_data/zukan_enc_diamond.narc,equal,358,358,,,df3f619804a92fdb4057192dc43dd748ea778adc52bc498ce80524c014b81119,df3f619804a92fdb4057192dc43dd748ea778adc52bc498ce80524c014b81119,4,4,,
"Pokémon Diamond Version (USA, ADAE, header ROM version 5)","Pokémon Pearl Version (USA, APAE, header ROM version 5)",/application/zukanlist/zkn_data/zukan_enc_diamond.narc,equal,359,359,,,df3f619804a92fdb4057192dc43dd748ea778adc52bc498ce80524c014b81119,df3f619804a92fdb4057192dc43dd748ea778adc52bc498ce80524c014b81119,4,4,,
"Pokémon Diamond Version (USA, ADAE, header ROM version 5)","Pokémon Pearl Version (USA, APAE, header ROM version 5)",/application/zukanlist/zkn_data/zukan_enc_diamond.narc,equal,360,360,,,df3f619804a92fdb4057192dc43dd748ea778adc52bc498ce80524c014b81119,df3f619804a92fdb4057192dc43dd748ea778adc52bc498ce80524c014b81119,4,4,,
"Pokémon Diamond Version (USA, ADAE, header ROM version 5)","Pokémon Pearl Version (USA, APAE, header ROM version 5)",/application/zukanlist/zkn_data/zukan_enc_diamond.narc,equal,361,361,,,df3f619804a92fdb4057192dc43dd748ea778adc52bc498ce80524c014b81119,df3f619804a92fdb4057192dc43dd748ea778adc52bc498ce80524c014b81119,4,4,,
"Pokémon Diamond Version (USA, ADAE, header ROM version 5)","Pokémon Pearl Version (USA, APAE, header ROM version 5)",/application/zukanlist/zkn_data/zukan_enc_diamond.narc,equal,362,362,,,7c16f5631b09eef6cfc2ecdfb0d5336adbaa187c45cf7b6c5e37c4b6dc98158d,7c16f5631b09eef6cfc2ecdfb0d5336adbaa187c45cf7b6c5e37c4b6dc98158d,12,12,,
"Pokémon Diamond Version (USA, ADAE, header ROM version 5)","Pokémon Pearl Version (USA, APAE, header ROM version 5)",/application/zukanlist/zkn_data/zukan_enc_diamond.narc,equal,363,363,,,df3f619804a92fdb4057192dc43dd748ea778adc52bc498ce80524c014b81119,df3f619804a92fdb4057192dc43dd748ea778adc52bc498ce80524c014b81119,4,4,,
"Pokémon Diamond Version (USA, ADAE, header ROM version 5)","Pokémon Pearl Version (USA, APAE, header ROM version 5)",/application/zukanlist/zkn_data/zukan_enc_diamond.narc,equal,364,364,,,df3f619804a92fdb4057192dc43dd748ea778adc52bc498ce80524c014b81119,df3f619804a92fdb4057192dc43dd748ea778adc52bc498ce80524c014b81119,4,4,,
"Pokémon Diamond Version (USA, ADAE, header ROM version 5)","Pokémon Pearl Version (USA, APAE, header ROM version 5)",/application/zukanlist/zkn_data/zukan_enc_diamond.narc,equal,365,365,,,df3f619804a92fdb4057192dc43dd748ea778adc52bc498ce80524c014b81119,df3f619804a92fdb4057192dc43dd748ea778adc52bc498ce80524c014b81119,4,4,,
"Pokémon Diamond Version (USA, ADAE, header ROM version 5)","Pokémon Pearl Version (USA, APAE, header ROM version 5)",/application/zukanlist/zkn_data/zukan_enc_diamond.narc,equal,366,366,,,df3f619804a92fdb4057192dc43dd748ea778adc52bc498ce80524c014b81119,df3f619804a92fdb4057192dc43dd748ea778adc52bc498ce80524c014b81119,4,4,,
"Pokémon Diamond Version (USA, ADAE, header ROM version 5)","Pokémon Pearl Version (USA, APAE, header ROM version 5)",/application/zukanlist/zkn_data/zukan_enc_diamond.narc,equal,367,367,,,df3f619804a92fdb4057192dc43dd748ea778adc52bc498ce80524c014b81119,df3f619804a92fdb4057192dc43dd748ea778adc52bc498ce80524c014b81119,4,4,,
"Pokémon Diamond Version (USA, ADAE, header ROM version 5)","Pokémon Pearl Version (USA, APAE, header ROM version 5)",/application/zukanlist/zkn_data/zukan_enc_diamond.narc,equal,368,368,,,df3f619804a92fdb4057192dc43dd748ea778adc52bc498ce80524c014b81119,df3f619804a92fdb4057192dc43dd748ea778adc52bc498ce80524c014b81119,4,4,,
"Pokémon Diamond Version (USA, ADAE, header ROM version 5)","Pokémon Pearl Version (USA, APAE, header ROM version 5)",/application/zukanlist/zkn_data/zukan_enc_diamond.narc,equal,369,369,,,df3f619804a92fdb4057192dc43dd748ea778adc52bc498ce80524c014b81119,df3f619804a92fdb4057192dc43dd748ea778adc52bc498ce80524c014b81119,4,4,,
"Pokémon Diamond Version (USA, ADAE, header ROM version 5)","Pokémon Pearl Version (USA, APAE, header ROM version 5)",/application/zukanlist/zkn_data/zukan_enc_diamond.narc,equal,370,370,,,df3f619804a92fdb4057192dc43dd748ea778adc52bc498ce80524c014b81119,df3f619804a92fdb4057192dc43dd748ea778adc52bc498ce80524c014b81119,4,4,,
"Pokémon Diamond Version (USA, ADAE, header ROM version 5)","Pokémon Pearl Version (USA, APAE, header ROM version 5)",/application/zukanlist/zkn_data/zukan_enc_diamond.narc,equal,371,371,,,df3f619804a92fdb4057192dc43dd748ea778adc52bc498ce80524c014b81119,df3f619804a92fdb4057192dc43dd748ea778adc52bc498ce80524c014b81119,4,4,,
"Pokémon Diamond Version (USA, ADAE, header ROM version 5)","Pokémon Pearl Version (USA, APAE, header ROM version 5)",/application/zukanlist/zkn_data/zukan_enc_diamond.narc,equal,372,372,,,df3f619804a92fdb4057192dc43dd748ea778adc52bc498ce80524c014b81119,df3f619804a92fdb4057192dc43dd748ea778adc52bc498ce80524c014b81119,4,4,,
"Pokémon Diamond Version (USA, ADAE, header ROM version 5)","Pokémon Pearl Version (USA, APAE, header ROM version 5)",/application/zukanlist/zkn_data/zukan_enc_diamond.narc,equal,373,373,,,df3f619804a92fdb4057192dc43dd748ea778adc52bc498ce80524c014b81119,df3f619804a92fdb4057192dc43dd748ea778adc52bc498ce80524c014b81119,4,4,,
"Pokémon Diamond Version (USA, ADAE, header ROM version 5)","Pokémon Pearl Version (USA, APAE, header ROM version 5)",/application/zukanlist/zkn_data/zukan_enc_diamond.narc,equal,374,374,,,df3f619804a92fdb4057192dc43dd748ea778adc52bc498ce80524c014b81119,df3f619804a92fdb4057192dc43dd748ea778adc52bc498ce80524c014b81119,4,4,,
"Pokémon Diamond Version (USA, ADAE, header ROM version 5)","Pokémon Pearl Version (USA, APAE, header ROM version 5)",/application/zukanlist/zkn_data/zukan_enc_diamond.narc,equal,375,375,,,df3f619804a92fdb4057192dc43dd748ea778adc52bc498ce80524c014b81119,df3f619804a92fdb4057192dc43dd748ea778adc52bc498ce80524c014b81119,4,4,,
"Pokémon Diamond Version (USA, ADAE, header ROM version 5)","Pokémon Pearl Version (USA, APAE, header ROM version 5)",/application/zukanlist/zkn_data/zukan_enc_diamond.narc,equal,376,376,,,df3f619804a92fdb4057192dc43dd748ea778adc52bc498ce80524c014b81119,df3f619804a92fdb4057192dc43dd748ea778adc52bc498ce80524c014b81119,4,4,,
"Pokémon Diamond Version (USA, ADAE, header ROM version 5)","Pokémon Pearl Version (USA, APAE, header ROM version 5)",/application/zukanlist/zkn_data/zukan_enc_diamond.narc,equal,377,377,,,df3f619804a92fdb4057192dc43dd748ea778adc52bc498ce80524c014b81119,df3f619804a92fdb4057192dc43dd748ea778adc52bc498ce80524c014b81119,4,4,,
"Pokémon Diamond Version (USA, ADAE, header ROM version 5)","Pokémon Pearl Version (USA, APAE, header ROM version 5)",/application/zukanlist/zkn_data/zukan_enc_diamond.narc,equal,378,378,,,df3f619804a92fdb4057192dc43dd748ea778adc52bc498ce80524c014b81119,df3f619804a92fdb4057192dc43dd748ea778adc52bc498ce80524c014b81119,4,4,,
"Pokémon Diamond Version (USA, ADAE, header ROM version 5)","Pokémon Pearl Version (USA, APAE, header ROM version 5)",/application/zukanlist/zkn_data/zukan_enc_diamond.narc,equal,379,379,,,df3f619804a92fdb4057192dc43dd748ea778adc52bc498ce80524c014b81119,df3f619804a92fdb4057192dc43dd748ea778adc52bc498ce80524c014b81119,4,4,,
"Pokémon Diamond Version (USA, ADAE, header ROM version 5)","Pokémon Pearl Version (USA, APAE, header ROM version 5)",/application/zukanlist/zkn_data/zukan_enc_diamond.narc,equal,380,380,,,df3f619804a92fdb4057192dc43dd748ea778adc52bc498ce80524c014b81119,df3f619804a92fdb4057192dc43dd748ea778adc52bc498ce80524c014b81119,4,4,,
"Pokémon Diamond Version (USA, ADAE, header ROM version 5)","Pokémon Pearl Version (USA, APAE, header ROM version 5)",/application/zukanlist/zkn_data/zukan_enc_diamond.narc,equal,381,381,,,df3f619804a92fdb4057192dc43dd748ea778adc52bc498ce80524c014b81119,df3f619804a92fdb4057192dc43dd748ea778adc52bc498ce80524c014b81119,4,4,,
"Pokémon Diamond Version (USA, ADAE, header ROM version 5)","Pokémon Pearl Version (USA, APAE, header ROM version 5)",/application/zukanlist/zkn_data/zukan_enc_diamond.narc,equal,382,382,,,df3f619804a92fdb4057192dc43dd748ea778adc52bc498ce80524c014b81119,df3f619804a92fdb4057192dc43dd748ea778adc52bc498ce80524c014b81119,4,4,,
"Pokémon Diamond Version (USA, ADAE, header ROM version 5)","Pokémon Pearl Version (USA, APAE, header ROM version 5)",/application/zukanlist/zkn_data/zukan_enc_diamond.narc,equal,383,383,,,df3f619804a92fdb4057192dc43dd748ea778adc52bc498ce80524c014b81119,df3f619804a92fdb4057192dc43dd748ea778adc52bc498ce80524c014b81119,4,4,,
"Pokémon Diamond Version (USA, ADAE, header ROM version 5)","Pokémon Pearl Version (USA, APAE, header ROM version 5)",/application/zukanlist/zkn_data/zukan_enc_diamond.narc,equal,384,384,,,df3f619804a92fdb4057192dc43dd748ea778adc52bc498ce80524c014b81119,df3f619804a92fdb4057192dc43dd748ea778adc52bc498ce80524c014b81119,4,4,,
"Pokémon Diamond Version (USA, ADAE, header ROM version 5)","Pokémon Pearl Version (USA, APAE, header ROM version 5)",/application/zukanlist/zkn_data/zukan_enc_diamond.narc,equal,385,385,,,df3f619804a92fdb4057192dc43dd748ea778adc52bc498ce80524c014b81119,df3f619804a92fdb4057192dc43dd748ea778adc52bc498ce80524c014b81119,4,4,,
"Pokémon Diamond Version (USA, ADAE, header ROM version 5)","Pokémon Pearl Version (USA, APAE, header ROM version 5)",/application/zukanlist/zkn_data/zukan_enc_diamond.narc,equal,386,386,,,df3f619804a92fdb4057192dc43dd748ea778adc52bc498ce80524c014b81119,df3f619804a92fdb4057192dc43dd748ea778adc52bc498ce80524c014b81119,4,4,,
"Pokémon Diamond Version (USA, ADAE, header ROM version 5)","Pokémon Pearl Version (USA, APAE, header ROM version 5)",/application/zukanlist/zkn_data/zukan_enc_diamond.narc,equal,387,387,,,df3f619804a92fdb4057192dc43dd748ea778adc52bc498ce80524c014b81119,df3f619804a92fdb4057192dc43dd748ea778adc52bc498ce80524c014b81119,4,4,,
"Pokémon Diamond Version (USA, ADAE, header ROM version 5)","Pokémon Pearl Version (USA, APAE, header ROM version 5)",/application/zukanlist/zkn_data/zukan_enc_diamond.narc,equal,388,388,,,df3f619804a92fdb4057192dc43dd748ea778adc52bc498ce80524c014b81119,df3f619804a92fdb4057192dc43dd748ea778adc52bc498ce80524c014b81119,4,4,,
"Pokémon Diamond Version (USA, ADAE, header ROM version 5)","Pokémon Pearl Version (USA, APAE, header ROM version 5)",/application/zukanlist/zkn_data/zukan_enc_diamond.narc,equal,389,389,,,df3f619804a92fdb4057192dc43dd748ea778adc52bc498ce80524c014b81119,df3f619804a92fdb4057192dc43dd748ea778adc52bc498ce80524c014b81119,4,4,,
"Pokémon Diamond Version (USA, ADAE, header ROM version 5)","Pokémon Pearl Version (USA, APAE, header ROM version 5)",/application/zukanlist/zkn_data/zukan_enc_diamond.narc,equal,390,390,,,df3f619804a92fdb4057192dc43dd748ea778adc52bc498ce80524c014b81119,df3f619804a92fdb4057192dc43dd748ea778adc52bc498ce80524c014b81119,4,4,,
"Pokémon Diamond Version (USA, ADAE, header ROM version 5)","Pokémon Pearl Version (USA, APAE, header ROM version 5)",/application/zukanlist/zkn_data/zukan_enc_diamond.narc,equal,391,391,,,df3f619804a92fdb4057192dc43dd748ea778adc52bc498ce80524c014b81119,df3f619804a92fdb4057192dc43dd748ea778adc52bc498ce80524c014b81119,4,4,,
"Pokémon Diamond Version (USA, ADAE, header ROM version 5)","Pokémon Pearl Version (USA, APAE, header ROM version 5)",/application/zukanlist/zkn_data/zukan_enc_diamond.narc,equal,392,392,,,df3f619804a92fdb4057192dc43dd748ea778adc52bc498ce80524c014b81119,df3f619804a92fdb4057192dc43dd748ea778adc52bc498ce80524c014b81119,4,4,,
"Pokémon Diamond Version (USA, ADAE, header ROM version 5)","Pokémon Pearl Version (USA, APAE, header ROM version 5)",/application/zukanlist/zkn_data/zukan_enc_diamond.narc,equal,393,393,,,df3f619804a92fdb4057192dc43dd748ea778adc52bc498ce80524c014b81119,df3f619804a92fdb4057192dc43dd748ea778adc52bc498ce80524c014b81119,4,4,,
"Pokémon Diamond Version (USA, ADAE, header ROM version 5)","Pokémon Pearl Version (USA, APAE, header ROM version 5)",/application/zukanlist/zkn_data/zukan_enc_diamond.narc,equal,394,394,,,df3f619804a92fdb4057192dc43dd748ea778adc52bc498ce80524c014b81119,df3f619804a92fdb4057192dc43dd748ea778adc52bc498ce80524c014b81119,4,4,,
"Pokémon Diamond Version (USA, ADAE, header ROM version 5)","Pokémon Pearl Version (USA, APAE, header ROM version 5)",/application/zukanlist/zkn_data/zukan_enc_diamond.narc,equal,395,395,,,df3f619804a92fdb4057192dc43dd748ea778adc52bc498ce80524c014b81119,df3f619804a92fdb4057192dc43dd748ea778adc52bc498ce80524c014b81119,4,4,,
"Pokémon Diamond Version (USA, ADAE, header ROM version 5)","Pokémon Pearl Version (USA, APAE, header ROM version 5)",/application/zukanlist/zkn_data/zukan_enc_diamond.narc,equal,396,396,,,df3f619804a92fdb4057192dc43dd748ea778adc52bc498ce80524c014b81119,df3f619804a92fdb4057192dc43dd748ea778adc52bc498ce80524c014b81119,4,4,,
"Pokémon Diamond Version (USA, ADAE, header ROM version 5)","Pokémon Pearl Version (USA, APAE, header ROM version 5)",/application/zukanlist/zkn_data/zukan_enc_diamond.narc,equal,397,397,,,df3f619804a92fdb4057192dc43dd748ea778adc52bc498ce80524c014b81119,df3f619804a92fdb4057192dc43dd748ea778adc52bc498ce80524c014b81119,4,4,,
"Pokémon Diamond Version (USA, ADAE, header ROM version 5)","Pokémon Pearl Version (USA, APAE, header ROM version 5)",/application/zukanlist/zkn_data/zukan_enc_diamond.narc,equal,398,398,,,df3f619804a92fdb4057192dc43dd748ea778adc52bc498ce80524c014b81119,df3f619804a92fdb4057192dc43dd748ea778adc52bc498ce80524c014b81119,4,4,,
"Pokémon Diamond Version (USA, ADAE, header ROM version 5)","Pokémon Pearl Version (USA, APAE, header ROM version 5)",/application/zukanlist/zkn_data/zukan_enc_diamond.narc,equal,399,399,,,df3f619804a92fdb4057192dc43dd748ea778adc52bc498ce80524c014b81119,df3f619804a92fdb4057192dc43dd748ea778adc52bc498ce80524c014b81119,4,4,,
"Pokémon Diamond Version (USA, ADAE, header ROM version 5)","Pokémon Pearl Version (USA, APAE, header ROM version 5)",/application/zukanlist/zkn_data/zukan_enc_diamond.narc,equal,400,400,,,4ae41a7d3b8eb6000c35c3f23ef567d44446f7f7dfacf752fe70fc54a238d15f,4ae41a7d3b8eb6000c35c3f23ef567d44446f7f7dfacf752fe70fc54a238d15f,12,12,,
"Pokémon Diamond Version (USA, ADAE, header ROM version 5)","Pokémon Pearl Version (USA, APAE, header ROM version 5)",/application/zukanlist/zkn_data/zukan_enc_diamond.narc,equal,401,401,,,a91616fc03087082872307781ff4174f4efc9ca1bb94d7435fec23ca6a72a258,a91616fc03087082872307781ff4174f4efc9ca1bb94d7435fec23ca6a72a258,16,16,,
"Pokémon Diamond Version (USA, ADAE, header ROM version 5)","Pokémon Pearl Version (USA, APAE, header ROM version 5)",/application/zukanlist/zkn_data/zukan_enc_diamond.narc,equal,402,402,,,df3f619804a92fdb4057192dc43dd748ea778adc52bc498ce80524c014b81119,df3f619804a92fdb4057192dc43dd748ea778adc52bc498ce80524c014b81119,4,4,,
"Pokémon Diamond Version (USA, ADAE, header ROM version 5)","Pokémon Pearl Version (USA, APAE, header ROM version 5)",/application/zukanlist/zkn_data/zukan_enc_diamond.narc,equal,403,403,,,4ae41a7d3b8eb6000c35c3f23ef567d44446f7f7dfacf752fe70fc54a238d15f,4ae41a7d3b8eb6000c35c3f23ef567d44446f7f7dfacf752fe70fc54a238d15f,12,12,,
"Pokémon Diamond Version (USA, ADAE, header ROM version 5)","Pokémon Pearl Version (USA, APAE, header ROM version 5)",/application/zukanlist/zkn_data/zukan_enc_diamond.narc,equal,404,404,,,955abbad874361154d05754adea303d7ccd90d9c6e3acb6cf4bf0f07701b0b43,955abbad874361154d05754adea303d7ccd90d9c6e3acb6cf4bf0f07701b0b43,20,20,,
"Pokémon Diamond Version (USA, ADAE, header ROM version 5)","Pokémon Pearl Version (USA, APAE, header ROM version 5)",/application/zukanlist/zkn_data/zukan_enc_diamond.narc,equal,405,405,,,df3f619804a92fdb4057192dc43dd748ea778adc52bc498ce80524c014b81119,df3f619804a92fdb4057192dc43dd748ea778adc52bc498ce80524c014b81119,4,4,,
"Pokémon Diamond Version (USA, ADAE, header ROM version 5)","Pokémon Pearl Version (USA, APAE, header ROM version 5)",/application/zukanlist/zkn_data/zukan_enc_diamond.narc,equal,406,406,,,18d8d609947c6b82b9607704ae40d3317038e709238514de750b5c7411ba4c20,18d8d609947c6b82b9607704ae40d3317038e709238514de750b5c7411ba4c20,8,8,,
"Pokémon Diamond Version (USA, ADAE, header ROM version 5)","Pokémon Pearl Version (USA, APAE, header ROM version 5)",/application/zukanlist/zkn_data/zukan_enc_diamond.narc,equal,407,407,,,df3f619804a92fdb4057192dc43dd748ea778adc52bc498ce80524c014b81119,df3f619804a92fdb4057192dc43dd748ea778adc52bc498ce80524c014b81119,4,4,,
"Pokémon Diamond Version (USA, ADAE, header ROM version 5)","Pokémon Pearl Version (USA, APAE, header ROM version 5)",/application/zukanlist/zkn_data/zukan_enc_diamond.narc,equal,408,408,,,df3f619804a92fdb4057192dc43dd748ea778adc52bc498ce80524c014b81119,df3f619804a92fdb4057192dc43dd748ea778adc52bc498ce80524c014b81119,4,4,,
"Pokémon Diamond Version (USA, ADAE, header ROM version 5)","Pokémon Pearl Version (USA, APAE, header ROM version 5)",/application/zukanlist/zkn_data/zukan_enc_diamond.narc,equal,409,409,,,df3f619804a92fdb4057192dc43dd748ea778adc52bc498ce80524c014b81119,df3f619804a92fdb4057192dc43dd748ea778adc52bc498ce80524c014b81119,4,4,,
"Pokémon Diamond Version (USA, ADAE, header ROM version 5)","Pokémon Pearl Version (USA, APAE, header ROM version 5)",/application/zukanlist/zkn_data/zukan_enc_diamond.narc,equal,410,410,,,fab2f21b55393f7661e50e32c7f9d02fc91ea7a9b44df9af88da8635f794ac5e,fab2f21b55393f7661e50e32c7f9d02fc91ea7a9b44df9af88da8635f794ac5e,12,12,,
"Pokémon Diamond Version (USA, ADAE, header ROM version 5)","Pokémon Pearl Version (USA, APAE, header ROM version 5)",/application/zukanlist/zkn_data/zukan_enc_diamond.narc,equal,411,411,,,df3f619804a92fdb4057192dc43dd748ea778adc52bc498ce80524c014b81119,df3f619804a92fdb4057192dc43dd748ea778adc52bc498ce80524c014b81119,4,4,,
"Pokémon Diamond Version (USA, ADAE, header ROM version 5)","Pokémon Pearl Version (USA, APAE, header ROM version 5)",/application/zukanlist/zkn_data/zukan_enc_diamond.narc,equal,412,412,,,df3f619804a92fdb4057192dc43dd748ea778adc52bc498ce80524c014b81119,df3f619804a92fdb4057192dc43dd748ea778adc52bc498ce80524c014b81119,4,4,,
"Pokémon Diamond Version (USA, ADAE, header ROM version 5)","Pokémon Pearl Version (USA, APAE, header ROM version 5)",/application/zukanlist/zkn_data/zukan_enc_diamond.narc,equal,413,413,,,df3f619804a92fdb4057192dc43dd748ea778adc52bc498ce80524c014b81119,df3f619804a92fdb4057192dc43dd748ea778adc52bc498ce80524c014b81119,4,4,,
"Pokémon Diamond Version (USA, ADAE, header ROM version 5)","Pokémon Pearl Version (USA, APAE, header ROM version 5)",/application/zukanlist/zkn_data/zukan_enc_diamond.narc,equal,414,414,,,df3f619804a92fdb4057192dc43dd748ea778adc52bc498ce80524c014b81119,df3f619804a92fdb4057192dc43dd748ea778adc52bc498ce80524c014b81119,4,4,,
"Pokémon Diamond Version (USA, ADAE, header ROM version 5)","Pokémon Pearl Version (USA, APAE, header ROM version 5)",/application/zukanlist/zkn_data/zukan_enc_diamond.narc,equal,415,415,,,df3f619804a92fdb4057192dc43dd748ea778adc52bc498ce80524c014b81119,df3f619804a92fdb4057192dc43dd748ea778adc52bc498ce80524c014b81119,4,4,,
"Pokémon Diamond Version (USA, ADAE, header ROM version 5)","Pokémon Pearl Version (USA, APAE, header ROM version 5)",/application/zukanlist/zkn_data/zukan_enc_diamond.narc,equal,416,416,,,df3f619804a92fdb4057192dc43dd748ea778adc52bc498ce80524c014b81119,df3f619804a92fdb4057192dc43dd748ea778adc52bc498ce80524c014b81119,4,4,,
"Pokémon Diamond Version (USA, ADAE, header ROM version 5)","Pokémon Pearl Version (USA, APAE, header ROM version 5)",/application/zukanlist/zkn_data/zukan_enc_diamond.narc,equal,417,417,,,df3f619804a92fdb4057192dc43dd748ea778adc52bc498ce80524c014b81119,df3f619804a92fdb4057192dc43dd748ea778adc52bc498ce80524c014b81119,4,4,,
"Pokémon Diamond Version (USA, ADAE, header ROM version 5)","Pokémon Pearl Version (USA, APAE, header ROM version 5)",/application/zukanlist/zkn_data/zukan_enc_diamond.narc,equal,418,418,,,df3f619804a92fdb4057192dc43dd748ea778adc52bc498ce80524c014b81119,df3f619804a92fdb4057192dc43dd748ea778adc52bc498ce80524c014b81119,4,4,,
"Pokémon Diamond Version (USA, ADAE, header ROM version 5)","Pokémon Pearl Version (USA, APAE, header ROM version 5)",/application/zukanlist/zkn_data/zukan_enc_diamond.narc,equal,419,419,,,df3f619804a92fdb4057192dc43dd748ea778adc52bc498ce80524c014b81119,df3f619804a92fdb4057192dc43dd748ea778adc52bc498ce80524c014b81119,4,4,,
"Pokémon Diamond Version (USA, ADAE, header ROM version 5)","Pokémon Pearl Version (USA, APAE, header ROM version 5)",/application/zukanlist/zkn_data/zukan_enc_diamond.narc,equal,420,420,,,df3f619804a92fdb4057192dc43dd748ea778adc52bc498ce80524c014b81119,df3f619804a92fdb4057192dc43dd748ea778adc52bc498ce80524c014b81119,4,4,,
"Pokémon Diamond Version (USA, ADAE, header ROM version 5)","Pokémon Pearl Version (USA, APAE, header ROM version 5)",/application/zukanlist/zkn_data/zukan_enc_diamond.narc,equal,421,421,,,df3f619804a92fdb4057192dc43dd748ea778adc52bc498ce80524c014b81119,df3f619804a92fdb4057192dc43dd748ea778adc52bc498ce80524c014b81119,4,4,,
"Pokémon Diamond Version (USA, ADAE, header ROM version 5)","Pokémon Pearl Version (USA, APAE, header ROM version 5)",/application/zukanlist/zkn_data/zukan_enc_diamond.narc,equal,422,422,,,df3f619804a92fdb4057192dc43dd748ea778adc52bc498ce80524c014b81119,df3f619804a92fdb4057192dc43dd748ea778adc52bc498ce80524c014b81119,4,4,,
"Pokémon Diamond Version (USA, ADAE, header ROM version 5)","Pokémon Pearl Version (USA, APAE, header ROM version 5)",/application/zukanlist/zkn_data/zukan_enc_diamond.narc,equal,423,423,,,23d7f42b1cdc1f0d492ebd756ed0fe8003995dda554d99418d47a81813650207,23d7f42b1cdc1f0d492ebd756ed0fe8003995dda554d99418d47a81813650207,8,8,,
"Pokémon Diamond Version (USA, ADAE, header ROM version 5)","Pokémon Pearl Version (USA, APAE, header ROM version 5)",/application/zukanlist/zkn_data/zukan_enc_diamond.narc,equal,424,424,,,df3f619804a92fdb4057192dc43dd748ea778adc52bc498ce80524c014b81119,df3f619804a92fdb4057192dc43dd748ea778adc52bc498ce80524c014b81119,4,4,,
"Pokémon Diamond Version (USA, ADAE, header ROM version 5)","Pokémon Pearl Version (USA, APAE, header ROM version 5)",/application/zukanlist/zkn_data/zukan_enc_diamond.narc,equal,425,425,,,df3f619804a92fdb4057192dc43dd748ea778adc52bc498ce80524c014b81119,df3f619804a92fdb4057192dc43dd748ea778adc52bc498ce80524c014b81119,4,4,,
"Pokémon Diamond Version (USA, ADAE, header ROM version 5)","Pokémon Pearl Version (USA, APAE, header ROM version 5)",/application/zukanlist/zkn_data/zukan_enc_diamond.narc,equal,426,426,,,df3f619804a92fdb4057192dc43dd748ea778adc52bc498ce80524c014b81119,df3f619804a92fdb4057192dc43dd748ea778adc52bc498ce80524c014b81119,4,4,,
"Pokémon Diamond Version (USA, ADAE, header ROM version 5)","Pokémon Pearl Version (USA, APAE, header ROM version 5)",/application/zukanlist/zkn_data/zukan_enc_diamond.narc,equal,427,427,,,df3f619804a92fdb4057192dc43dd748ea778adc52bc498ce80524c014b81119,df3f619804a92fdb4057192dc43dd748ea778adc52bc498ce80524c014b81119,4,4,,
"Pokémon Diamond Version (USA, ADAE, header ROM version 5)","Pokémon Pearl Version (USA, APAE, header ROM version 5)",/application/zukanlist/zkn_data/zukan_enc_diamond.narc,equal,428,428,,,df3f619804a92fdb4057192dc43dd748ea778adc52bc498ce80524c014b81119,df3f619804a92fdb4057192dc43dd748ea778adc52bc498ce80524c014b81119,4,4,,
"Pokémon Diamond Version (USA, ADAE, header ROM version 5)","Pokémon Pearl Version (USA, APAE, header ROM version 5)",/application/zukanlist/zkn_data/zukan_enc_diamond.narc,equal,429,429,,,df3f619804a92fdb4057192dc43dd748ea778adc52bc498ce80524c014b81119,df3f619804a92fdb4057192dc43dd748ea778adc52bc498ce80524c014b81119,4,4,,
"Pokémon Diamond Version (USA, ADAE, header ROM version 5)","Pokémon Pearl Version (USA, APAE, header ROM version 5)",/application/zukanlist/zkn_data/zukan_enc_diamond.narc,equal,430,430,,,df3f619804a92fdb4057192dc43dd748ea778adc52bc498ce80524c014b81119,df3f619804a92fdb4057192dc43dd748ea778adc52bc498ce80524c014b81119,4,4,,
"Pokémon Diamond Version (USA, ADAE, header ROM version 5)","Pokémon Pearl Version (USA, APAE, header ROM version 5)",/application/zukanlist/zkn_data/zukan_enc_diamond.narc,equal,431,431,,,d86e8112f3c4c4442126f8e9f44f16867da487f29052bf91b810457db34209a4,d86e8112f3c4c4442126f8e9f44f16867da487f29052bf91b810457db34209a4,8,8,,
"Pokémon Diamond Version (USA, ADAE, header ROM version 5)","Pokémon Pearl Version (USA, APAE, header ROM version 5)",/application/zukanlist/zkn_data/zukan_enc_diamond.narc,equal,432,432,,,df3f619804a92fdb4057192dc43dd748ea778adc52bc498ce80524c014b81119,df3f619804a92fdb4057192dc43dd748ea778adc52bc498ce80524c014b81119,4,4,,
"Pokémon Diamond Version (USA, ADAE, header ROM version 5)","Pokémon Pearl Version (USA, APAE, header ROM version 5)",/application/zukanlist/zkn_data/zukan_enc_diamond.narc,equal,433,433,,,df3f619804a92fdb4057192dc43dd748ea778adc52bc498ce80524c014b81119,df3f619804a92fdb4057192dc43dd748ea778adc52bc498ce80524c014b81119,4,4,,
"Pokémon Diamond Version (USA, ADAE, header ROM version 5)","Pokémon Pearl Version (USA, APAE, header ROM version 5)",/application/zukanlist/zkn_data/zukan_enc_diamond.narc,equal,434,434,,,df3f619804a92fdb4057192dc43dd748ea778adc52bc498ce80524c014b81119,df3f619804a92fdb4057192dc43dd748ea778adc52bc498ce80524c014b81119,4,4,,
"Pokémon Diamond Version (USA, ADAE, header ROM version 5)","Pokémon Pearl Version (USA, APAE, header ROM version 5)",/application/zukanlist/zkn_data/zukan_enc_diamond.narc,equal,435,435,,,df3f619804a92fdb4057192dc43dd748ea778adc52bc498ce80524c014b81119,df3f619804a92fdb4057192dc43dd748ea778adc52bc498ce80524c014b81119,4,4,,
"Pokémon Diamond Version (USA, ADAE, header ROM version 5)","Pokémon Pearl Version (USA, APAE, header ROM version 5)",/application/zukanlist/zkn_data/zukan_enc_diamond.narc,equal,436,436,,,df3f619804a92fdb4057192dc43dd748ea778adc52bc498ce80524c014b81119,df3f619804a92fdb4057192dc43dd748ea778adc52bc498ce80524c014b81119,4,4,,
"Pokémon Diamond Version (USA, ADAE, header ROM version 5)","Pokémon Pearl Version (USA, APAE, header ROM version 5)",/application/zukanlist/zkn_data/zukan_enc_diamond.narc,equal,437,437,,,74d4ed015cee317d0913f6398390f3e5a5051e24e041264a927239468edc63dc,74d4ed015cee317d0913f6398390f3e5a5051e24e041264a927239468edc63dc,16,16,,
"Pokémon Diamond Version (USA, ADAE, header ROM version 5)","Pokémon Pearl Version (USA, APAE, header ROM version 5)",/application/zukanlist/zkn_data/zukan_enc_diamond.narc,equal,438,438,,,df3f619804a92fdb4057192dc43dd748ea778adc52bc498ce80524c014b81119,df3f619804a92fdb4057192dc43dd748ea778adc52bc498ce80524c014b81119,4,4,,
"Pokémon Diamond Version (USA, ADAE, header ROM version 5)","Pokémon Pearl Version (USA, APAE, header ROM version 5)",/application/zukanlist/zkn_data/zukan_enc_diamond.narc,equal,439,439,,,df3f619804a92fdb4057192dc43dd748ea778adc52bc498ce80524c014b81119,df3f619804a92fdb4057192dc43dd748ea778adc52bc498ce80524c014b81119,4,4,,
"Pokémon Diamond Version (USA, ADAE, header ROM version 5)","Pokémon Pearl Version (USA, APAE, header ROM version 5)",/application/zukanlist/zkn_data/zukan_enc_diamond.narc,equal,440,440,,,a5507ccd6d5f1fdd31538bd736ba6ac1394f6a9592c0bebdf6c58dc518ded264,a5507ccd6d5f1fdd31538bd736ba6ac1394f6a9592c0bebdf6c58dc518ded264,16,16,,
"Pokémon Diamond Version (USA, ADAE, header ROM version 5)","Pokémon Pearl Version (USA, APAE, header ROM version 5)",/application/zukanlist/zkn_data/zukan_enc_diamond.narc,equal,441,441,,,7c16f5631b09eef6cfc2ecdfb0d5336adbaa187c45cf7b6c5e37c4b6dc98158d,7c16f5631b09eef6cfc2ecdfb0d5336adbaa187c45cf7b6c5e37c4b6dc98158d,12,12,,
"Pokémon Diamond Version (USA, ADAE, header ROM version 5)","Pokémon Pearl Version (USA, APAE, header ROM version 5)",/application/zukanlist/zkn_data/zukan_enc_diamond.narc,equal,442,442,,,df3f619804a92fdb4057192dc43dd748ea778adc52bc498ce80524c014b81119,df3f619804a92fdb4057192dc43dd748ea778adc52bc498ce80524c014b81119,4,4,,
"Pokémon Diamond Version (USA, ADAE, header ROM version 5)","Pokémon Pearl Version (USA, APAE, header ROM version 5)",/application/zukanlist/zkn_data/zukan_enc_diamond.narc,equal,443,443,,,df3f619804a92fdb4057192dc43dd748ea778adc52bc498ce80524c014b81119,df3f619804a92fdb4057192dc43dd748ea778adc52bc498ce80524c014b81119,4,4,,
"Pokémon Diamond Version (USA, ADAE, header ROM version 5)","Pokémon Pearl Version (USA, APAE, header ROM version 5)",/application/zukanlist/zkn_data/zukan_enc_diamond.narc,equal,444,444,,,df3f619804a92fdb4057192dc43dd748ea778adc52bc498ce80524c014b81119,df3f619804a92fdb4057192dc43dd748ea778adc52bc498ce80524c014b81119,4,4,,
"Pokémon Diamond Version (USA, ADAE, header ROM version 5)","Pokémon Pearl Version (USA, APAE, header ROM version 5)",/application/zukanlist/zkn_data/zukan_enc_diamond.narc,equal,445,445,,,df3f619804a92fdb4057192dc43dd748ea778adc52bc498ce80524c014b81119,df3f619804a92fdb4057192dc43dd748ea778adc52bc498ce80524c014b81119,4,4,,
"Pokémon Diamond Version (USA, ADAE, header ROM version 5)","Pokémon Pearl Version (USA, APAE, header ROM version 5)",/application/zukanlist/zkn_data/zukan_enc_diamond.narc,equal,446,446,,,df3f619804a92fdb4057192dc43dd748ea778adc52bc498ce80524c014b81119,df3f619804a92fdb4057192dc43dd748ea778adc52bc498ce80524c014b81119,4,4,,
"Pokémon Diamond Version (USA, ADAE, header ROM version 5)","Pokémon Pearl Version (USA, APAE, header ROM version 5)",/application/zukanlist/zkn_data/zukan_enc_diamond.narc,equal,447,447,,,220dde27afee4d537cac96d85d6546f825153b90e828931b74e103807541bc42,220dde27afee4d537cac96d85d6546f825153b90e828931b74e103807541bc42,8,8,,
"Pokémon Diamond Version (USA, ADAE, header ROM version 5)","Pokémon Pearl Version (USA, APAE, header ROM version 5)",/application/zukanlist/zkn_data/zukan_enc_diamond.narc,equal,448,448,,,df3f619804a92fdb4057192dc43dd748ea778adc52bc498ce80524c014b81119,df3f619804a92fdb4057192dc43dd748ea778adc52bc498ce80524c014b81119,4,4,,
"Pokémon Diamond Version (USA, ADAE, header ROM version 5)","Pokémon Pearl Version (USA, APAE, header ROM version 5)",/application/zukanlist/zkn_data/zukan_enc_diamond.narc,equal,449,449,,,df3f619804a92fdb4057192dc43dd748ea778adc52bc498ce80524c014b81119,df3f619804a92fdb4057192dc43dd748ea778adc52bc498ce80524c014b81119,4,4,,
"Pokémon Diamond Version (USA, ADAE, header ROM version 5)","Pokémon Pearl Version (USA, APAE, header ROM version 5)",/application/zukanlist/zkn_data/zukan_enc_diamond.narc,equal,450,450,,,df3f619804a92fdb4057192dc43dd748ea778adc52bc498ce80524c014b81119,df3f619804a92fdb4057192dc43dd748ea778adc52bc498ce80524c014b81119,4,4,,
"Pokémon Diamond Version (USA, ADAE, header ROM version 5)","Pokémon Pearl Version (USA, APAE, header ROM version 5)",/application/zukanlist/zkn_data/zukan_enc_diamond.narc,equal,451,451,,,df3f619804a92fdb4057192dc43dd748ea778adc52bc498ce80524c014b81119,df3f619804a92fdb4057192dc43dd748ea778adc52bc498ce80524c014b81119,4,4,,
"Pokémon Diamond Version (USA, ADAE, header ROM version 5)","Pokémon Pearl Version (USA, APAE, header ROM version 5)",/application/zukanlist/zkn_data/zukan_enc_diamond.narc,equal,452,452,,,df3f619804a92fdb4057192dc43dd748ea778adc52bc498ce80524c014b81119,df3f619804a92fdb4057192dc43dd748ea778adc52bc498ce80524c014b81119,4,4,,
"Pokémon Diamond Version (USA, ADAE, header ROM version 5)","Pokémon Pearl Version (USA, APAE, header ROM version 5)",/application/zukanlist/zkn_data/zukan_enc_diamond.narc,equal,453,453,,,b0bd73e6922c0d2496dbcb99eac08eb5870090e59f6e06b1eb477d540002a5cd,b0bd73e6922c0d2496dbcb99eac08eb5870090e59f6e06b1eb477d540002a5cd,8,8,,
"Pokémon Diamond Version (USA, ADAE, header ROM version 5)","Pokémon Pearl Version (USA, APAE, header ROM version 5)",/application/zukanlist/zkn_data/zukan_enc_diamond.narc,equal,454,454,,,df3f619804a92fdb4057192dc43dd748ea778adc52bc498ce80524c014b81119,df3f619804a92fdb4057192dc43dd748ea778adc52bc498ce80524c014b81119,4,4,,
"Pokémon Diamond Version (USA, ADAE, header ROM version 5)","Pokémon Pearl Version (USA, APAE, header ROM version 5)",/application/zukanlist/zkn_data/zukan_enc_diamond.narc,equal,455,455,,,df3f619804a92fdb4057192dc43dd748ea778adc52bc498ce80524c014b81119,df3f619804a92fdb4057192dc43dd748ea778adc52bc498ce80524c014b81119,4,4,,
"Pokémon Diamond Version (USA, ADAE, header ROM version 5)","Pokémon Pearl Version (USA, APAE, header ROM version 5)",/application/zukanlist/zkn_data/zukan_enc_diamond.narc,equal,456,456,,,df3f619804a92fdb4057192dc43dd748ea778adc52bc498ce80524c014b81119,df3f619804a92fdb4057192dc43dd748ea778adc52bc498ce80524c014b81119,4,4,,
"Pokémon Diamond Version (USA, ADAE, header ROM version 5)","Pokémon Pearl Version (USA, APAE, header ROM version 5)",/application/zukanlist/zkn_data/zukan_enc_diamond.narc,equal,457,457,,,df3f619804a92fdb4057192dc43dd748ea778adc52bc498ce80524c014b81119,df3f619804a92fdb4057192dc43dd748ea778adc52bc498ce80524c014b81119,4,4,,
"Pokémon Diamond Version (USA, ADAE, header ROM version 5)","Pokémon Pearl Version (USA, APAE, header ROM version 5)",/application/zukanlist/zkn_data/zukan_enc_diamond.narc,equal,458,458,,,df3f619804a92fdb4057192dc43dd748ea778adc52bc498ce80524c014b81119,df3f619804a92fdb4057192dc43dd748ea778adc52bc498ce80524c014b81119,4,4,,
"Pokémon Diamond Version (USA, ADAE, header ROM version 5)","Pokémon Pearl Version (USA, APAE, header ROM version 5)",/application/zukanlist/zkn_data/zukan_enc_diamond.narc,equal,459,459,,,df3f619804a92fdb4057192dc43dd748ea778adc52bc498ce80524c014b81119,df3f619804a92fdb4057192dc43dd748ea778adc52bc498ce80524c014b81119,4,4,,
"Pokémon Diamond Version (USA, ADAE, header ROM version 5)","Pokémon Pearl Version (USA, APAE, header ROM version 5)",/application/zukanlist/zkn_data/zukan_enc_diamond.narc,equal,460,460,,,df3f619804a92fdb4057192dc43dd748ea778adc52bc498ce80524c014b81119,df3f619804a92fdb4057192dc43dd748ea778adc52bc498ce80524c014b81119,4,4,,
"Pokémon Diamond Version (USA, ADAE, header ROM version 5)","Pokémon Pearl Version (USA, APAE, header ROM version 5)",/application/zukanlist/zkn_data/zukan_enc_diamond.narc,equal,461,461,,,df3f619804a92fdb4057192dc43dd748ea778adc52bc498ce80524c014b81119,df3f619804a92fdb4057192dc43dd748ea778adc52bc498ce80524c014b81119,4,4,,
"Pokémon Diamond Version (USA, ADAE, header ROM version 5)","Pokémon Pearl Version (USA, APAE, header ROM version 5)",/application/zukanlist/zkn_data/zukan_enc_diamond.narc,equal,462,462,,,df3f619804a92fdb4057192dc43dd748ea778adc52bc498ce80524c014b81119,df3f619804a92fdb4057192dc43dd748ea778adc52bc498ce80524c014b81119,4,4,,
"Pokémon Diamond Version (USA, ADAE, header ROM version 5)","Pokémon Pearl Version (USA, APAE, header ROM version 5)",/application/zukanlist/zkn_data/zukan_enc_diamond.narc,equal,463,463,,,35be322d094f9d154a8aba4733b8497f180353bd7ae7b0a15f90b586b549f28b,35be322d094f9d154a8aba4733b8497f180353bd7ae7b0a15f90b586b549f28b,8,8,,
"Pokémon Diamond Version (USA, ADAE, header ROM version 5)","Pokémon Pearl Version (USA, APAE, header ROM version 5)",/application/zukanlist/zkn_data/zukan_enc_diamond.narc,equal,464,464,,,35be322d094f9d154a8aba4733b8497f180353bd7ae7b0a15f90b586b549f28b,35be322d094f9d154a8aba4733b8497f180353bd7ae7b0a15f90b586b549f28b,8,8,,
"Pokémon Diamond Version (USA, ADAE, header ROM version 5)","Pokémon Pearl Version (USA, APAE, header ROM version 5)",/application/zukanlist/zkn_data/zukan_enc_diamond.narc,equal,465,465,,,df3f619804a92fdb4057192dc43dd748ea778adc52bc498ce80524c014b81119,df3f619804a92fdb4057192dc43dd748ea778adc52bc498ce80524c014b81119,4,4,,
"Pokémon Diamond Version (USA, ADAE, header ROM version 5)","Pokémon Pearl Version (USA, APAE, header ROM version 5)",/application/zukanlist/zkn_data/zukan_enc_diamond.narc,equal,466,466,,,df3f619804a92fdb4057192dc43dd748ea778adc52bc498ce80524c014b81119,df3f619804a92fdb4057192dc43dd748ea778adc52bc498ce80524c014b81119,4,4,,
"Pokémon Diamond Version (USA, ADAE, header ROM version 5)","Pokémon Pearl Version (USA, APAE, header ROM version 5)",/application/zukanlist/zkn_data/zukan_enc_diamond.narc,equal,467,467,,,df3f619804a92fdb4057192dc43dd748ea778adc52bc498ce80524c014b81119,df3f619804a92fdb4057192dc43dd748ea778adc52bc498ce80524c014b81119,4,4,,
"Pokémon Diamond Version (USA, ADAE, header ROM version 5)","Pokémon Pearl Version (USA, APAE, header ROM version 5)",/application/zukanlist/zkn_data/zukan_enc_diamond.narc,equal,468,468,,,df3f619804a92fdb4057192dc43dd748ea778adc52bc498ce80524c014b81119,df3f619804a92fdb4057192dc43dd748ea778adc52bc498ce80524c014b81119,4,4,,
"Pokémon Diamond Version (USA, ADAE, header ROM version 5)","Pokémon Pearl Version (USA, APAE, header ROM version 5)",/application/zukanlist/zkn_data/zukan_enc_diamond.narc,equal,469,469,,,df3f619804a92fdb4057192dc43dd748ea778adc52bc498ce80524c014b81119,df3f619804a92fdb4057192dc43dd748ea778adc52bc498ce80524c014b81119,4,4,,
"Pokémon Diamond Version (USA, ADAE, header ROM version 5)","Pokémon Pearl Version (USA, APAE, header ROM version 5)",/application/zukanlist/zkn_data/zukan_enc_diamond.narc,equal,470,470,,,df3f619804a92fdb4057192dc43dd748ea778adc52bc498ce80524c014b81119,df3f619804a92fdb4057192dc43dd748ea778adc52bc498ce80524c014b81119,4,4,,
"Pokémon Diamond Version (USA, ADAE, header ROM version 5)","Pokémon Pearl Version (USA, APAE, header ROM version 5)",/application/zukanlist/zkn_data/zukan_enc_diamond.narc,equal,471,471,,,df3f619804a92fdb4057192dc43dd748ea778adc52bc498ce80524c014b81119,df3f619804a92fdb4057192dc43dd748ea778adc52bc498ce80524c014b81119,4,4,,
"Pokémon Diamond Version (USA, ADAE, header ROM version 5)","Pokémon Pearl Version (USA, APAE, header ROM version 5)",/application/zukanlist/zkn_data/zukan_enc_diamond.narc,equal,472,472,,,df3f619804a92fdb4057192dc43dd748ea778adc52bc498ce80524c014b81119,df3f619804a92fdb4057192dc43dd748ea778adc52bc498ce80524c014b81119,4,4,,
"Pokémon Diamond Version (USA, ADAE, header ROM version 5)","Pokémon Pearl Version (USA, APAE, header ROM version 5)",/application/zukanlist/zkn_data/zukan_enc_diamond.narc,equal,473,473,,,df3f619804a92fdb4057192dc43dd748ea778adc52bc498ce80524c014b81119,df3f619804a92fdb4057192dc43dd748ea778adc52bc498ce80524c014b81119,4,4,,
"Pokémon Diamond Version (USA, ADAE, header ROM version 5)","Pokémon Pearl Version (USA, APAE, header ROM version 5)",/application/zukanlist/zkn_data/zukan_enc_diamond.narc,equal,474,474,,,df3f619804a92fdb4057192dc43dd748ea778adc52bc498ce80524c014b81119,df3f619804a92fdb4057192dc43dd748ea778adc52bc498ce80524c014b81119,4,4,,
"Pokémon Diamond Version (USA, ADAE, header ROM version 5)","Pokémon Pearl Version (USA, APAE, header ROM version 5)",/application/zukanlist/zkn_data/zukan_enc_diamond.narc,equal,475,475,,,df3f619804a92fdb4057192dc43dd748ea778adc52bc498ce80524c014b81119,df3f619804a92fdb4057192dc43dd748ea778adc52bc498ce80524c014b81119,4,4,,
"Pokémon Diamond Version (USA, ADAE, header ROM version 5)","Pokémon Pearl Version (USA, APAE, header ROM version 5)",/application/zukanlist/zkn_data/zukan_enc_diamond.narc,equal,476,476,,,df3f619804a92fdb4057192dc43dd748ea778adc52bc498ce80524c014b81119,df3f619804a92fdb4057192dc43dd748ea778adc52bc498ce80524c014b81119,4,4,,
"Pokémon Diamond Version (USA, ADAE, header ROM version 5)","Pokémon Pearl Version (USA, APAE, header ROM version 5)",/application/zukanlist/zkn_data/zukan_enc_diamond.narc,equal,477,477,,,df3f619804a92fdb4057192dc43dd748ea778adc52bc498ce80524c014b81119,df3f619804a92fdb4057192dc43dd748ea778adc52bc498ce80524c014b81119,4,4,,
"Pokémon Diamond Version (USA, ADAE, header ROM version 5)","Pokémon Pearl Version (USA, APAE, header ROM version 5)",/application/zukanlist/zkn_data/zukan_enc_diamond.narc,equal,478,478,,,df3f619804a92fdb4057192dc43dd748ea778adc52bc498ce80524c014b81119,df3f619804a92fdb4057192dc43dd748ea778adc52bc498ce80524c014b81119,4,4,,
"Pokémon Diamond Version (USA, ADAE, header ROM version 5)","Pokémon Pearl Version (USA, APAE, header ROM version 5)",/application/zukanlist/zkn_data/zukan_enc_diamond.narc,equal,479,479,,,df3f619804a92fdb4057192dc43dd748ea778adc52bc498ce80524c014b81119,df3f619804a92fdb4057192dc43dd748ea778adc52bc498ce80524c014b81119,4,4,,
"Pokémon Diamond Version (USA, ADAE, header ROM version 5)","Pokémon Pearl Version (USA, APAE, header ROM version 5)",/application/zukanlist/zkn_data/zukan_enc_diamond.narc,equal,480,480,,,df3f619804a92fdb4057192dc43dd748ea778adc52bc498ce80524c014b81119,df3f619804a92fdb4057192dc43dd748ea778adc52bc498ce80524c014b81119,4,4,,
"Pokémon Diamond Version (USA, ADAE, header ROM version 5)","Pokémon Pearl Version (USA, APAE, header ROM version 5)",/application/zukanlist/zkn_data/zukan_enc_diamond.narc,equal,481,481,,,df3f619804a92fdb4057192dc43dd748ea778adc52bc498ce80524c014b81119,df3f619804a92fdb4057192dc43dd748ea778adc52bc498ce80524c014b81119,4,4,,
"Pokémon Diamond Version (USA, ADAE, header ROM version 5)","Pokémon Pearl Version (USA, APAE, header ROM version 5)",/application/zukanlist/zkn_data/zukan_enc_diamond.narc,equal,482,482,,,df3f619804a92fdb4057192dc43dd748ea778adc52bc498ce80524c014b81119,df3f619804a92fdb4057192dc43dd748ea778adc52bc498ce80524c014b81119,4,4,,
"Pokémon Diamond Version (USA, ADAE, header ROM version 5)","Pokémon Pearl Version (USA, APAE, header ROM version 5)",/application/zukanlist/zkn_data/zukan_enc_diamond.narc,equal,483,483,,,df3f619804a92fdb4057192dc43dd748ea778adc52bc498ce80524c014b81119,df3f619804a92fdb4057192dc43dd748ea778adc52bc498ce80524c014b81119,4,4,,
"Pokémon Diamond Version (USA, ADAE, header ROM version 5)","Pokémon Pearl Version (USA, APAE, header ROM version 5)",/application/zukanlist/zkn_data/zukan_enc_diamond.narc,equal,484,484,,,df3f619804a92fdb4057192dc43dd748ea778adc52bc498ce80524c014b81119,df3f619804a92fdb4057192dc43dd748ea778adc52bc498ce80524c014b81119,4,4,,
"Pokémon Diamond Version (USA, ADAE, header ROM version 5)","Pokémon Pearl Version (USA, APAE, header ROM version 5)",/application/zukanlist/zkn_data/zukan_enc_diamond.narc,equal,485,485,,,df3f619804a92fdb4057192dc43dd748ea778adc52bc498ce80524c014b81119,df3f619804a92fdb4057192dc43dd748ea778adc52bc498ce80524c014b81119,4,4,,
"Pokémon Diamond Version (USA, ADAE, header ROM version 5)","Pokémon Pearl Version (USA, APAE, header ROM version 5)",/application/zukanlist/zkn_data/zukan_enc_diamond.narc,equal,486,486,,,df3f619804a92fdb4057192dc43dd748ea778adc52bc498ce80524c014b81119,df3f619804a92fdb4057192dc43dd748ea778adc52bc498ce80524c014b81119,4,4,,
"Pokémon Diamond Version (USA, ADAE, header ROM version 5)","Pokémon Pearl Version (USA, APAE, header ROM version 5)",/application/zukanlist/zkn_data/zukan_enc_diamond.narc,equal,487,487,,,df3f619804a92fdb4057192dc43dd748ea778adc52bc498ce80524c014b81119,df3f619804a92fdb4057192dc43dd748ea778adc52bc498ce80524c014b81119,4,4,,
"Pokémon Diamond Version (USA, ADAE, header ROM version 5)","Pokémon Pearl Version (USA, APAE, header ROM version 5)",/application/zukanlist/zkn_data/zukan_enc_diamond.narc,equal,488,488,,,df3f619804a92fdb4057192dc43dd748ea778adc52bc498ce80524c014b81119,df3f619804a92fdb4057192dc43dd748ea778adc52bc498ce80524c014b81119,4,4,,
"Pokémon Diamond Version (USA, ADAE, header ROM version 5)","Pokémon Pearl Version (USA, APAE, header ROM version 5)",/application/zukanlist/zkn_data/zukan_enc_diamond.narc,equal,489,489,,,df3f619804a92fdb4057192dc43dd748ea778adc52bc498ce80524c014b81119,df3f619804a92fdb4057192dc43dd748ea778adc52bc498ce80524c014b81119,4,4,,
"Pokémon Diamond Version (USA, ADAE, header ROM version 5)","Pokémon Pearl Version (USA, APAE, header ROM version 5)",/application/zukanlist/zkn_data/zukan_enc_diamond.narc,equal,490,490,,,df3f619804a92fdb4057192dc43dd748ea778adc52bc498ce80524c014b81119,df3f619804a92fdb4057192dc43dd748ea778adc52bc498ce80524c014b81119,4,4,,
"Pokémon Diamond Version (USA, ADAE, header ROM version 5)","Pokémon Pearl Version (USA, APAE, header ROM version 5)",/application/zukanlist/zkn_data/zukan_enc_diamond.narc,equal,491,491,,,df3f619804a92fdb4057192dc43dd748ea778adc52bc498ce80524c014b81119,df3f619804a92fdb4057192dc43dd748ea778adc52bc498ce80524c014b81119,4,4,,
"Pokémon Diamond Version (USA, ADAE, header ROM version 5)","Pokémon Pearl Version (USA, APAE, header ROM version 5)",/application/zukanlist/zkn_data/zukan_enc_diamond.narc,equal,492,492,,,df3f619804a92fdb4057192dc43dd748ea778adc52bc498ce80524c014b81119,df3f619804a92fdb4057192dc43dd748ea778adc52bc498ce80524c014b81119,4,4,,
"Pokémon Diamond Version (USA, ADAE, header ROM version 5)","Pokémon Pearl Version (USA, APAE, header ROM version 5)",/application/zukanlist/zkn_data/zukan_enc_diamond.narc,equal,493,493,,,df3f619804a92fdb4057192dc43dd748ea778adc52bc498ce80524c014b81119,df3f619804a92fdb4057192dc43dd748ea778adc52bc498ce80524c014b81119,4,4,,
"Pokémon Diamond Version (USA, ADAE, header ROM version 5)","Pokémon Pearl Version (USA, APAE, header ROM version 5)",/application/zukanlist/zkn_data/zukan_enc_diamond.narc,equal,494,494,,,df3f619804a92fdb4057192dc43dd748ea778adc52bc498ce80524c014b81119,df3f619804a92fdb4057192dc43dd748ea778adc52bc498ce80524c014b81119,4,4,,
"Pokémon Diamond Version (USA, ADAE, header ROM version 5)","Pokémon Pearl Version (USA, APAE, header ROM version 5)",/application/zukanlist/zkn_data/zukan_enc_diamond.narc,equal,495,495,,,df3f619804a92fdb4057192dc43dd748ea778adc52bc498ce80524c014b81119,df3f619804a92fdb4057192dc43dd748ea778adc52bc498ce80524c014b81119,4,4,,
"Pokémon Diamond Version (USA, ADAE, header ROM version 5)","Pokémon Pearl Version (USA, APAE, header ROM version 5)",/application/zukanlist/zkn_data/zukan_enc_diamond.narc,equal,496,496,,,df3f619804a92fdb4057192dc43dd748ea778adc52bc498ce80524c014b81119,df3f619804a92fdb4057192dc43dd748ea778adc52bc498ce80524c014b81119,4,4,,
"Pokémon Diamond Version (USA, ADAE, header ROM version 5)","Pokémon Pearl Version (USA, APAE, header ROM version 5)",/application/zukanlist/zkn_data/zukan_enc_diamond.narc,equal,497,497,,,df3f619804a92fdb4057192dc43dd748ea778adc52bc498ce80524c014b81119,df3f619804a92fdb4057192dc43dd748ea778adc52bc498ce80524c014b81119,4,4,,
"Pokémon Diamond Version (USA, ADAE, header ROM version 5)","Pokémon Pearl Version (USA, APAE, header ROM version 5)",/application/zukanlist/zkn_data/zukan_enc_diamond.narc,equal,498,498,,,df3f619804a92fdb4057192dc43dd748ea778adc52bc498ce80524c014b81119,df3f619804a92fdb4057192dc43dd748ea778adc52bc498ce80524c014b81119,4,4,,
"Pokémon Diamond Version (USA, ADAE, header ROM version 5)","Pokémon Pearl Version (USA, APAE, header ROM version 5)",/application/zukanlist/zkn_data/zukan_enc_diamond.narc,equal,499,499,,,28de1ed16fbbb916cd2ea5f89a88d4d8f4fa6467015535e9eab66c1fe9af7866,28de1ed16fbbb916cd2ea5f89a88d4d8f4fa6467015535e9eab66c1fe9af7866,68,68,,
"Pokémon Diamond Version (USA, ADAE, header ROM version 5)","Pokémon Pearl Version (USA, APAE, header ROM version 5)",/application/zukanlist/zkn_data/zukan_enc_diamond.narc,equal,500,500,,,df3f619804a92fdb4057192dc43dd748ea778adc52bc498ce80524c014b81119,df3f619804a92fdb4057192dc43dd748ea778adc52bc498ce80524c014b81119,4,4,,
"Pokémon Diamond Version (USA, ADAE, header ROM version 5)","Pokémon Pearl Version (USA, APAE, header ROM version 5)",/application/zukanlist/zkn_data/zukan_enc_diamond.narc,equal,501,501,,,df3f619804a92fdb4057192dc43dd748ea778adc52bc498ce80524c014b81119,df3f619804a92fdb4057192dc43dd748ea778adc52bc498ce80524c014b81119,4,4,,
"Pokémon Diamond Version (USA, ADAE, header ROM version 5)","Pokémon Pearl Version (USA, APAE, header ROM version 5)",/application/zukanlist/zkn_data/zukan_enc_diamond.narc,equal,502,502,,,df3f619804a92fdb4057192dc43dd748ea778adc52bc498ce80524c014b81119,df3f619804a92fdb4057192dc43dd748ea778adc52bc498ce80524c014b81119,4,4,,
"Pokémon Diamond Version (USA, ADAE, header ROM version 5)","Pokémon Pearl Version (USA, APAE, header ROM version 5)",/application/zukanlist/zkn_data/zukan_enc_diamond.narc,equal,503,503,,,df3f619804a92fdb4057192dc43dd748ea778adc52bc498ce80524c014b81119,df3f619804a92fdb4057192dc43dd748ea778adc52bc498ce80524c014b81119,4,4,,
"Pokémon Diamond Version (USA, ADAE, header ROM version 5)","Pokémon Pearl Version (USA, APAE, header ROM version 5)",/application/zukanlist/zkn_data/zukan_enc_diamond.narc,equal,504,504,,,df3f619804a92fdb4057192dc43dd748ea778adc52bc498ce80524c014b81119,df3f619804a92fdb4057192dc43dd748ea778adc52bc498ce80524c014b81119,4,4,,
"Pokémon Diamond Version (USA, ADAE, header ROM version 5)","Pokémon Pearl Version (USA, APAE, header ROM version 5)",/application/zukanlist/zkn_data/zukan_enc_diamond.narc,equal,505,505,,,df3f619804a92fdb4057192dc43dd748ea778adc52bc498ce80524c014b81119,df3f619804a92fdb4057192dc43dd748ea778adc52bc498ce80524c014b81119,4,4,,
"Pokémon Diamond Version (USA, ADAE, header ROM version 5)","Pokémon Pearl Version (USA, APAE, header ROM version 5)",/application/zukanlist/zkn_data/zukan_enc_diamond.narc,equal,506,506,,,df3f619804a92fdb4057192dc43dd748ea778adc52bc498ce80524c014b81119,df3f619804a92fdb4057192dc43dd748ea778adc52bc498ce80524c014b81119,4,4,,
"Pokémon Diamond Version (USA, ADAE, header ROM version 5)","Pokémon Pearl Version (USA, APAE, header ROM version 5)",/application/zukanlist/zkn_data/zukan_enc_diamond.narc,equal,507,507,,,df3f619804a92fdb4057192dc43dd748ea778adc52bc498ce80524c014b81119,df3f619804a92fdb4057192dc43dd748ea778adc52bc498ce80524c014b81119,4,4,,
"Pokémon Diamond Version (USA, ADAE, header ROM version 5)","Pokémon Pearl Version (USA, APAE, header ROM version 5)",/application/zukanlist/zkn_data/zukan_enc_diamond.narc,equal,508,508,,,df3f619804a92fdb4057192dc43dd748ea778adc52bc498ce80524c014b81119,df3f619804a92fdb4057192dc43dd748ea778adc52bc498ce80524c014b81119,4,4,,
"Pokémon Diamond Version (USA, ADAE, header ROM version 5)","Pokémon Pearl Version (USA, APAE, header ROM version 5)",/application/zukanlist/zkn_data/zukan_enc_diamond.narc,equal,509,509,,,df3f619804a92fdb4057192dc43dd748ea778adc52bc498ce80524c014b81119,df3f619804a92fdb4057192dc43dd748ea778adc52bc498ce80524c014b81119,4,4,,
"Pokémon Diamond Version (USA, ADAE, header ROM version 5)","Pokémon Pearl Version (USA, APAE, header ROM version 5)",/application/zukanlist/zkn_data/zukan_enc_diamond.narc,equal,510,510,,,df3f619804a92fdb4057192dc43dd748ea778adc52bc498ce80524c014b81119,df3f619804a92fdb4057192dc43dd748ea778adc52bc498ce80524c014b81119,4,4,,
"Pokémon Diamond Version (USA, ADAE, header ROM version 5)","Pokémon Pearl Version (USA, APAE, header ROM version 5)",/application/zukanlist/zkn_data/zukan_enc_diamond.narc,equal,511,511,,,df3f619804a92fdb4057192dc43dd748ea778adc52bc498ce80524c014b81119,df3f619804a92fdb4057192dc43dd748ea778adc52bc498ce80524c014b81119,4,4,,
"Pokémon Diamond Version (USA, ADAE, header ROM version 5)","Pokémon Pearl Version (USA, APAE, header ROM version 5)",/application/zukanlist/zkn_data/zukan_enc_diamond.narc,equal,512,512,,,df3f619804a92fdb4057192dc43dd748ea778adc52bc498ce80524c014b81119,df3f619804a92fdb4057192dc43dd748ea778adc52bc498ce80524c014b81119,4,4,,
"Pokémon Diamond Version (USA, ADAE, header ROM version 5)","Pokémon Pearl Version (USA, APAE, header ROM version 5)",/application/zukanlist/zkn_data/zukan_enc_diamond.narc,equal,513,513,,,df3f619804a92fdb4057192dc43dd748ea778adc52bc498ce80524c014b81119,df3f619804a92fdb4057192dc43dd748ea778adc52bc498ce80524c014b81119,4,4,,
"Pokémon Diamond Version (USA, ADAE, header ROM version 5)","Pokémon Pearl Version (USA, APAE, header ROM version 5)",/application/zukanlist/zkn_data/zukan_enc_diamond.narc,equal,514,514,,,df3f619804a92fdb4057192dc43dd748ea778adc52bc498ce80524c014b81119,df3f619804a92fdb4057192dc43dd748ea778adc52bc498ce80524c014b81119,4,4,,
"Pokémon Diamond Version (USA, ADAE, header ROM version 5)","Pokémon Pearl Version (USA, APAE, header ROM version 5)",/application/zukanlist/zkn_data/zukan_enc_diamond.narc,equal,515,515,,,df3f619804a92fdb4057192dc43dd748ea778adc52bc498ce80524c014b81119,df3f619804a92fdb4057192dc43dd748ea778adc52bc498ce80524c014b81119,4,4,,
"Pokémon Diamond Version (USA, ADAE, header ROM version 5)","Pokémon Pearl Version (USA, APAE, header ROM version 5)",/application/zukanlist/zkn_data/zukan_enc_diamond.narc,equal,516,516,,,df3f619804a92fdb4057192dc43dd748ea778adc52bc498ce80524c014b81119,df3f619804a92fdb4057192dc43dd748ea778adc52bc498ce80524c014b81119,4,4,,
"Pokémon Diamond Version (USA, ADAE, header ROM version 5)","Pokémon Pearl Version (USA, APAE, header ROM version 5)",/application/zukanlist/zkn_data/zukan_enc_diamond.narc,equal,517,517,,,df3f619804a92fdb4057192dc43dd748ea778adc52bc498ce80524c014b81119,df3f619804a92fdb4057192dc43dd748ea778adc52bc498ce80524c014b81119,4,4,,
"Pokémon Diamond Version (USA, ADAE, header ROM version 5)","Pokémon Pearl Version (USA, APAE, header ROM version 5)",/application/zukanlist/zkn_data/zukan_enc_diamond.narc,equal,518,518,,,df3f619804a92fdb4057192dc43dd748ea778adc52bc498ce80524c014b81119,df3f619804a92fdb4057192dc43dd748ea778adc52bc498ce80524c014b81119,4,4,,
"Pokémon Diamond Version (USA, ADAE, header ROM version 5)","Pokémon Pearl Version (USA, APAE, header ROM version 5)",/application/zukanlist/zkn_data/zukan_enc_diamond.narc,equal,519,519,,,df3f619804a92fdb4057192dc43dd748ea778adc52bc498ce80524c014b81119,df3f619804a92fdb4057192dc43dd748ea778adc52bc498ce80524c014b81119,4,4,,
"Pokémon Diamond Version (USA, ADAE, header ROM version 5)","Pokémon Pearl Version (USA, APAE, header ROM version 5)",/application/zukanlist/zkn_data/zukan_enc_diamond.narc,equal,520,520,,,df3f619804a92fdb4057192dc43dd748ea778adc52bc498ce80524c014b81119,df3f619804a92fdb4057192dc43dd748ea778adc52bc498ce80524c014b81119,4,4,,
"Pokémon Diamond Version (USA, ADAE, header ROM version 5)","Pokémon Pearl Version (USA, APAE, header ROM version 5)",/application/zukanlist/zkn_data/zukan_enc_diamond.narc,equal,521,521,,,df3f619804a92fdb4057192dc43dd748ea778adc52bc498ce80524c014b81119,df3f619804a92fdb4057192dc43dd748ea778adc52bc498ce80524c014b81119,4,4,,
"Pokémon Diamond Version (USA, ADAE, header ROM version 5)","Pokémon Pearl Version (USA, APAE, header ROM version 5)",/application/zukanlist/zkn_data/zukan_enc_diamond.narc,equal,522,522,,,df3f619804a92fdb4057192dc43dd748ea778adc52bc498ce80524c014b81119,df3f619804a92fdb4057192dc43dd748ea778adc52bc498ce80524c014b81119,4,4,,
"Pokémon Diamond Version (USA, ADAE, header ROM version 5)","Pokémon Pearl Version (USA, APAE, header ROM version 5)",/application/zukanlist/zkn_data/zukan_enc_diamond.narc,equal,523,523,,,df3f619804a92fdb4057192dc43dd748ea778adc52bc498ce80524c014b81119,df3f619804a92fdb4057192dc43dd748ea778adc52bc498ce80524c014b81119,4,4,,
"Pokémon Diamond Version (USA, ADAE, header ROM version 5)","Pokémon Pearl Version (USA, APAE, header ROM version 5)",/application/zukanlist/zkn_data/zukan_enc_diamond.narc,equal,524,524,,,18d8d609947c6b82b9607704ae40d3317038e709238514de750b5c7411ba4c20,18d8d609947c6b82b9607704ae40d3317038e709238514de750b5c7411ba4c20,8,8,,
"Pokémon Diamond Version (USA, ADAE, header ROM version 5)","Pokémon Pearl Version (USA, APAE, header ROM version 5)",/application/zukanlist/zkn_data/zukan_enc_diamond.narc,equal,525,525,,,df3f619804a92fdb4057192dc43dd748ea778adc52bc498ce80524c014b81119,df3f619804a92fdb4057192dc43dd748ea778adc52bc498ce80524c014b81119,4,4,,
"Pokémon Diamond Version (USA, ADAE, header ROM version 5)","Pokémon Pearl Version (USA, APAE, header ROM version 5)",/application/zukanlist/zkn_data/zukan_enc_diamond.narc,equal,526,526,,,df3f619804a92fdb4057192dc43dd748ea778adc52bc498ce80524c014b81119,df3f619804a92fdb4057192dc43dd748ea778adc52bc498ce80524c014b81119,4,4,,
"Pokémon Diamond Version (USA, ADAE, header ROM version 5)","Pokémon Pearl Version (USA, APAE, header ROM version 5)",/application/zukanlist/zkn_data/zukan_enc_diamond.narc,equal,527,527,,,df3f619804a92fdb4057192dc43dd748ea778adc52bc498ce80524c014b81119,df3f619804a92fdb4057192dc43dd748ea778adc52bc498ce80524c014b81119,4,4,,
"Pokémon Diamond Version (USA, ADAE, header ROM version 5)","Pokémon Pearl Version (USA, APAE, header ROM version 5)",/application/zukanlist/zkn_data/zukan_enc_diamond.narc,equal,528,528,,,df3f619804a92fdb4057192dc43dd748ea778adc52bc498ce80524c014b81119,df3f619804a92fdb4057192dc43dd748ea778adc52bc498ce80524c014b81119,4,4,,
"Pokémon Diamond Version (USA, ADAE, header ROM version 5)","Pokémon Pearl Version (USA, APAE, header ROM version 5)",/application/zukanlist/zkn_data/zukan_enc_diamond.narc,equal,529,529,,,df3f619804a92fdb4057192dc43dd748ea778adc52bc498ce80524c014b81119,df3f619804a92fdb4057192dc43dd748ea778adc52bc498ce80524c014b81119,4,4,,
"Pokémon Diamond Version (USA, ADAE, header ROM version 5)","Pokémon Pearl Version (USA, APAE, header ROM version 5)",/application/zukanlist/zkn_data/zukan_enc_diamond.narc,equal,530,530,,,df3f619804a92fdb4057192dc43dd748ea778adc52bc498ce80524c014b81119,df3f619804a92fdb4057192dc43dd748ea778adc52bc498ce80524c014b81119,4,4,,
"Pokémon Diamond Version (USA, ADAE, header ROM version 5)","Pokémon Pearl Version (USA, APAE, header ROM version 5)",/application/zukanlist/zkn_data/zukan_enc_diamond.narc,equal,531,531,,,df3f619804a92fdb4057192dc43dd748ea778adc52bc498ce80524c014b81119,df3f619804a92fdb4057192dc43dd748ea778adc52bc498ce80524c014b81119,4,4,,
"Pokémon Diamond Version (USA, ADAE, header ROM version 5)","Pokémon Pearl Version (USA, APAE, header ROM version 5)",/application/zukanlist/zkn_data/zukan_enc_diamond.narc,equal,532,532,,,df3f619804a92fdb4057192dc43dd748ea778adc52bc498ce80524c014b81119,df3f619804a92fdb4057192dc43dd748ea778adc52bc498ce80524c014b81119,4,4,,
"Pokémon Diamond Version (USA, ADAE, header ROM version 5)","Pokémon Pearl Version (USA, APAE, header ROM version 5)",/application/zukanlist/zkn_data/zukan_enc_diamond.narc,equal,533,533,,,df3f619804a92fdb4057192dc43dd748ea778adc52bc498ce80524c014b81119,df3f619804a92fdb4057192dc43dd748ea778adc52bc498ce80524c014b81119,4,4,,
"Pokémon Diamond Version (USA, ADAE, header ROM version 5)","Pokémon Pearl Version (USA, APAE, header ROM version 5)",/application/zukanlist/zkn_data/zukan_enc_diamond.narc,equal,534,534,,,35be322d094f9d154a8aba4733b8497f180353bd7ae7b0a15f90b586b549f28b,35be322d094f9d154a8aba4733b8497f180353bd7ae7b0a15f90b586b549f28b,8,8,,
"Pokémon Diamond Version (USA, ADAE, header ROM version 5)","Pokémon Pearl Version (USA, APAE, header ROM version 5)",/application/zukanlist/zkn_data/zukan_enc_diamond.narc,equal,535,535,,,df3f619804a92fdb4057192dc43dd748ea778adc52bc498ce80524c014b81119,df3f619804a92fdb4057192dc43dd748ea778adc52bc498ce80524c014b81119,4,4,,
"Pokémon Diamond Version (USA, ADAE, header ROM version 5)","Pokémon Pearl Version (USA, APAE, header ROM version 5)",/application/zukanlist/zkn_data/zukan_enc_diamond.narc,equal,536,536,,,df3f619804a92fdb4057192dc43dd748ea778adc52bc498ce80524c014b81119,df3f619804a92fdb4057192dc43dd748ea778adc52bc498ce80524c014b81119,4,4,,
"Pokémon Diamond Version (USA, ADAE, header ROM version 5)","Pokémon Pearl Version (USA, APAE, header ROM version 5)",/application/zukanlist/zkn_data/zukan_enc_diamond.narc,equal,537,537,,,df3f619804a92fdb4057192dc43dd748ea778adc52bc498ce80524c014b81119,df3f619804a92fdb4057192dc43dd748ea778adc52bc498ce80524c014b81119,4,4,,
"Pokémon Diamond Version (USA, ADAE, header ROM version 5)","Pokémon Pearl Version (USA, APAE, header ROM version 5)",/application/zukanlist/zkn_data/zukan_enc_diamond.narc,equal,538,538,,,df3f619804a92fdb4057192dc43dd748ea778adc52bc498ce80524c014b81119,df3f619804a92fdb4057192dc43dd748ea778adc52bc498ce80524c014b81119,4,4,,
"Pokémon Diamond Version (USA, ADAE, header ROM version 5)","Pokémon Pearl Version (USA, APAE, header ROM version 5)",/application/zukanlist/zkn_data/zukan_enc_diamond.narc,equal,539,539,,,df3f619804a92fdb4057192dc43dd748ea778adc52bc498ce80524c014b81119,df3f619804a92fdb4057192dc43dd748ea778adc52bc498ce80524c014b81119,4,4,,
"Pokémon Diamond Version (USA, ADAE, header ROM version 5)","Pokémon Pearl Version (USA, APAE, header ROM version 5)",/application/zukanlist/zkn_data/zukan_enc_diamond.narc,equal,540,540,,,9d1bf6ea30818af61635ee85e9cc03f02bc80838861066e058f767bf8c5dd239,9d1bf6ea30818af61635ee85e9cc03f02bc80838861066e058f767bf8c5dd239,32,32,,
"Pokémon Diamond Version (USA, ADAE, header ROM version 5)","Pokémon Pearl Version (USA, APAE, header ROM version 5)",/application/zukanlist/zkn_data/zukan_enc_diamond.narc,equal,541,541,,,e3e62d77adad57e0f75f1ebaf5542b3c6276f0805a66aff9491bfaadaa15acc2,e3e62d77adad57e0f75f1ebaf5542b3c6276f0805a66aff9491bfaadaa15acc2,40,40,,
"Pokémon Diamond Version (USA, ADAE, header ROM version 5)","Pokémon Pearl Version (USA, APAE, header ROM version 5)",/application/zukanlist/zkn_data/zukan_enc_diamond.narc,equal,542,542,,,df3f619804a92fdb4057192dc43dd748ea778adc52bc498ce80524c014b81119,df3f619804a92fdb4057192dc43dd748ea778adc52bc498ce80524c014b81119,4,4,,
"Pokémon Diamond Version (USA, ADAE, header ROM version 5)","Pokémon Pearl Version (USA, APAE, header ROM version 5)",/application/zukanlist/zkn_data/zukan_enc_diamond.narc,equal,543,543,,,df3f619804a92fdb4057192dc43dd748ea778adc52bc498ce80524c014b81119,df3f619804a92fdb4057192dc43dd748ea778adc52bc498ce80524c014b81119,4,4,,
"Pokémon Diamond Version (USA, ADAE, header ROM version 5)","Pokémon Pearl Version (USA, APAE, header ROM version 5)",/application/zukanlist/zkn_data/zukan_enc_diamond.narc,equal,544,544,,,df3f619804a92fdb4057192dc43dd748ea778adc52bc498ce80524c014b81119,df3f619804a92fdb4057192dc43dd748ea778adc52bc498ce80524c014b81119,4,4,,
"Pokémon Diamond Version (USA, ADAE, header ROM version 5)","Pokémon Pearl Version (USA, APAE, header ROM version 5)",/application/zukanlist/zkn_data/zukan_enc_diamond.narc,equal,545,545,,,df3f619804a92fdb4057192dc43dd748ea778adc52bc498ce80524c014b81119,df3f619804a92fdb4057192dc43dd748ea778adc52bc498ce80524c014b81119,4,4,,
"Pokémon Diamond Version (USA, ADAE, header ROM version 5)","Pokémon Pearl Version (USA, APAE, header ROM version 5)",/application/zukanlist/zkn_data/zukan_enc_diamond.narc,equal,546,546,,,df3f619804a92fdb4057192dc43dd748ea778adc52bc498ce80524c014b81119,df3f619804a92fdb4057192dc43dd748ea778adc52bc498ce80524c014b81119,4,4,,
"Pokémon Diamond Version (USA, ADAE, header ROM version 5)","Pokémon Pearl Version (USA, APAE, header ROM version 5)",/application/zukanlist/zkn_data/zukan_enc_diamond.narc,equal,547,547,,,df3f619804a92fdb4057192dc43dd748ea778adc52bc498ce80524c014b81119,df3f619804a92fdb4057192dc43dd748ea778adc52bc498ce80524c014b81119,4,4,,
"Pokémon Diamond Version (USA, ADAE, header ROM version 5)","Pokémon Pearl Version (USA, APAE, header ROM version 5)",/application/zukanlist/zkn_data/zukan_enc_diamond.narc,equal,548,548,,,df3f619804a92fdb4057192dc43dd748ea778adc52bc498ce80524c014b81119,df3f619804a92fdb4057192dc43dd748ea778adc52bc498ce80524c014b81119,4,4,,
"Pokémon Diamond Version (USA, ADAE, header ROM version 5)","Pokémon Pearl Version (USA, APAE, header ROM version 5)",/application/zukanlist/zkn_data/zukan_enc_diamond.narc,equal,549,549,,,df3f619804a92fdb4057192dc43dd748ea778adc52bc498ce80524c014b81119,df3f619804a92fdb4057192dc43dd748ea778adc52bc498ce80524c014b81119,4,4,,
"Pokémon Diamond Version (USA, ADAE, header ROM version 5)","Pokémon Pearl Version (USA, APAE, header ROM version 5)",/application/zukanlist/zkn_data/zukan_enc_diamond.narc,equal,550,550,,,df3f619804a92fdb4057192dc43dd748ea778adc52bc498ce80524c014b81119,df3f619804a92fdb4057192dc43dd748ea778adc52bc498ce80524c014b81119,4,4,,
"Pokémon Diamond Version (USA, ADAE, header ROM version 5)","Pokémon Pearl Version (USA, APAE, header ROM version 5)",/application/zukanlist/zkn_data/zukan_enc_diamond.narc,equal,551,551,,,df3f619804a92fdb4057192dc43dd748ea778adc52bc498ce80524c014b81119,df3f619804a92fdb4057192dc43dd748ea778adc52bc498ce80524c014b81119,4,4,,
"Pokémon Diamond Version (USA, ADAE, header ROM version 5)","Pokémon Pearl Version (USA, APAE, header ROM version 5)",/application/zukanlist/zkn_data/zukan_enc_diamond.narc,equal,552,552,,,df3f619804a92fdb4057192dc43dd748ea778adc52bc498ce80524c014b81119,df3f619804a92fdb4057192dc43dd748ea778adc52bc498ce80524c014b81119,4,4,,
"Pokémon Diamond Version (USA, ADAE, header ROM version 5)","Pokémon Pearl Version (USA, APAE, header ROM version 5)",/application/zukanlist/zkn_data/zukan_enc_diamond.narc,equal,553,553,,,b54480d00f9c55c1bc7adf20cf3ef10c1a7d58ff374d67da0ddc6a16c5206146,b54480d00f9c55c1bc7adf20cf3ef10c1a7d58ff374d67da0ddc6a16c5206146,28,28,,
"Pokémon Diamond Version (USA, ADAE, header ROM version 5)","Pokémon Pearl Version (USA, APAE, header ROM version 5)",/application/zukanlist/zkn_data/zukan_enc_diamond.narc,equal,554,554,,,68ec412a605513d1367879b256b5ca515a739c312b99ea790373ca05588fa001,68ec412a605513d1367879b256b5ca515a739c312b99ea790373ca05588fa001,28,28,,
"Pokémon Diamond Version (USA, ADAE, header ROM version 5)","Pokémon Pearl Version (USA, APAE, header ROM version 5)",/application/zukanlist/zkn_data/zukan_enc_diamond.narc,equal,555,555,,,df3f619804a92fdb4057192dc43dd748ea778adc52bc498ce80524c014b81119,df3f619804a92fdb4057192dc43dd748ea778adc52bc498ce80524c014b81119,4,4,,
"Pokémon Diamond Version (USA, ADAE, header ROM version 5)","Pokémon Pearl Version (USA, APAE, header ROM version 5)",/application/zukanlist/zkn_data/zukan_enc_diamond.narc,equal,556,556,,,df3f619804a92fdb4057192dc43dd748ea778adc52bc498ce80524c014b81119,df3f619804a92fdb4057192dc43dd748ea778adc52bc498ce80524c014b81119,4,4,,
"Pokémon Diamond Version (USA, ADAE, header ROM version 5)","Pokémon Pearl Version (USA, APAE, header ROM version 5)",/application/zukanlist/zkn_data/zukan_enc_diamond.narc,equal,557,557,,,df3f619804a92fdb4057192dc43dd748ea778adc52bc498ce80524c014b81119,df3f619804a92fdb4057192dc43dd748ea778adc52bc498ce80524c014b81119,4,4,,
"Pokémon Diamond Version (USA, ADAE, header ROM version 5)","Pokémon Pearl Version (USA, APAE, header ROM version 5)",/application/zukanlist/zkn_data/zukan_enc_diamond.narc,equal,558,558,,,df3f619804a92fdb4057192dc43dd748ea778adc52bc498ce80524c014b81119,df3f619804a92fdb4057192dc43dd748ea778adc52bc498ce80524c014b81119,4,4,,
"Pokémon Diamond Version (USA, ADAE, header ROM version 5)","Pokémon Pearl Version (USA, APAE, header ROM version 5)",/application/zukanlist/zkn_data/zukan_enc_diamond.narc,equal,559,559,,,df3f619804a92fdb4057192dc43dd748ea778adc52bc498ce80524c014b81119,df3f619804a92fdb4057192dc43dd748ea778adc52bc498ce80524c014b81119,4,4,,
"Pokémon Diamond Version (USA, ADAE, header ROM version 5)","Pokémon Pearl Version (USA, APAE, header ROM version 5)",/application/zukanlist/zkn_data/zukan_enc_diamond.narc,equal,560,560,,,df3f619804a92fdb4057192dc43dd748ea778adc52bc498ce80524c014b81119,df3f619804a92fdb4057192dc43dd748ea778adc52bc498ce80524c014b81119,4,4,,
"Pokémon Diamond Version (USA, ADAE, header ROM version 5)","Pokémon Pearl Version (USA, APAE, header ROM version 5)",/application/zukanlist/zkn_data/zukan_enc_diamond.narc,equal,561,561,,,df3f619804a92fdb4057192dc43dd748ea778adc52bc498ce80524c014b81119,df3f619804a92fdb4057192dc43dd748ea778adc52bc498ce80524c014b81119,4,4,,
"Pokémon Diamond Version (USA, ADAE, header ROM version 5)","Pokémon Pearl Version (USA, APAE, header ROM version 5)",/application/zukanlist/zkn_data/zukan_enc_diamond.narc,equal,562,562,,,df3f619804a92fdb4057192dc43dd748ea778adc52bc498ce80524c014b81119,df3f619804a92fdb4057192dc43dd748ea778adc52bc498ce80524c014b81119,4,4,,
"Pokémon Diamond Version (USA, ADAE, header ROM version 5)","Pokémon Pearl Version (USA, APAE, header ROM version 5)",/application/zukanlist/zkn_data/zukan_enc_diamond.narc,equal,563,563,,,23d7f42b1cdc1f0d492ebd756ed0fe8003995dda554d99418d47a81813650207,23d7f42b1cdc1f0d492ebd756ed0fe8003995dda554d99418d47a81813650207,8,8,,
"Pokémon Diamond Version (USA, ADAE, header ROM version 5)","Pokémon Pearl Version (USA, APAE, header ROM version 5)",/application/zukanlist/zkn_data/zukan_enc_diamond.narc,equal,564,564,,,df3f619804a92fdb4057192dc43dd748ea778adc52bc498ce80524c014b81119,df3f619804a92fdb4057192dc43dd748ea778adc52bc498ce80524c014b81119,4,4,,
"Pokémon Diamond Version (USA, ADAE, header ROM version 5)","Pokémon Pearl Version (USA, APAE, header ROM version 5)",/application/zukanlist/zkn_data/zukan_enc_diamond.narc,equal,565,565,,,35be322d094f9d154a8aba4733b8497f180353bd7ae7b0a15f90b586b549f28b,35be322d094f9d154a8aba4733b8497f180353bd7ae7b0a15f90b586b549f28b,8,8,,
"Pokémon Diamond Version (USA, ADAE, header ROM version 5)","Pokémon Pearl Version (USA, APAE, header ROM version 5)",/application/zukanlist/zkn_data/zukan_enc_diamond.narc,equal,566,566,,,d7ceb039d209ff1e1b7193adf72ee39db9d7464403251caf50a44c4d33f7249f,d7ceb039d209ff1e1b7193adf72ee39db9d7464403251caf50a44c4d33f7249f,16,16,,
"Pokémon Diamond Version (USA, ADAE, header ROM version 5)","Pokémon Pearl Version (USA, APAE, header ROM version 5)",/application/zukanlist/zkn_data/zukan_enc_diamond.narc,equal,567,567,,,df3f619804a92fdb4057192dc43dd748ea778adc52bc498ce80524c014b81119,df3f619804a92fdb4057192dc43dd748ea778adc52bc498ce80524c014b81119,4,4,,
"Pokémon Diamond Version (USA, ADAE, header ROM version 5)","Pokémon Pearl Version (USA, APAE, header ROM version 5)",/application/zukanlist/zkn_data/zukan_enc_diamond.narc,equal,568,568,,,df3f619804a92fdb4057192dc43dd748ea778adc52bc498ce80524c014b81119,df3f619804a92fdb4057192dc43dd748ea778adc52bc498ce80524c014b81119,4,4,,
"Pokémon Diamond Version (USA, ADAE, header ROM version 5)","Pokémon Pearl Version (USA, APAE, header ROM version 5)",/application/zukanlist/zkn_data/zukan_enc_diamond.narc,equal,569,569,,,df3f619804a92fdb4057192dc43dd748ea778adc52bc498ce80524c014b81119,df3f619804a92fdb4057192dc43dd748ea778adc52bc498ce80524c014b81119,4,4,,
"Pokémon Diamond Version (USA, ADAE, header ROM version 5)","Pokémon Pearl Version (USA, APAE, header ROM version 5)",/application/zukanlist/zkn_data/zukan_enc_diamond.narc,equal,570,570,,,df3f619804a92fdb4057192dc43dd748ea778adc52bc498ce80524c014b81119,df3f619804a92fdb4057192dc43dd748ea778adc52bc498ce80524c014b81119,4,4,,
"Pokémon Diamond Version (USA, ADAE, header ROM version 5)","Pokémon Pearl Version (USA, APAE, header ROM version 5)",/application/zukanlist/zkn_data/zukan_enc_diamond.narc,equal,571,571,,,df3f619804a92fdb4057192dc43dd748ea778adc52bc498ce80524c014b81119,df3f619804a92fdb4057192dc43dd748ea778adc52bc498ce80524c014b81119,4,4,,
"Pokémon Diamond Version (USA, ADAE, header ROM version 5)","Pokémon Pearl Version (USA, APAE, header ROM version 5)",/application/zukanlist/zkn_data/zukan_enc_diamond.narc,equal,572,572,,,df3f619804a92fdb4057192dc43dd748ea778adc52bc498ce80524c014b81119,df3f619804a92fdb4057192dc43dd748ea778adc52bc498ce80524c014b81119,4,4,,
"Pokémon Diamond Version (USA, ADAE, header ROM version 5)","Pokémon Pearl Version (USA, APAE, header ROM version 5)",/application/zukanlist/zkn_data/zukan_enc_diamond.narc,equal,573,573,,,d4e97f27297ff17dda1d3e0031807f6b7bdc34bfce00c5df09a363eefac6377c,d4e97f27297ff17dda1d3e0031807f6b7bdc34bfce00c5df09a363eefac6377c,36,36,,
"Pokémon Diamond Version (USA, ADAE, header ROM version 5)","Pokémon Pearl Version (USA, APAE, header ROM version 5)",/application/zukanlist/zkn_data/zukan_enc_diamond.narc,equal,574,574,,,e09139623d3341e4d4bae8516a1fc1dd8e4ee9f965701a16a30abdc3956739fd,e09139623d3341e4d4bae8516a1fc1dd8e4ee9f965701a16a30abdc3956739fd,24,24,,
"Pokémon Diamond Version (USA, ADAE, header ROM version 5)","Pokémon Pearl Version (USA, APAE, header ROM version 5)",/application/zukanlist/zkn_data/zukan_enc_diamond.narc,equal,575,575,,,df3f619804a92fdb4057192dc43dd748ea778adc52bc498ce80524c014b81119,df3f619804a92fdb4057192dc43dd748ea778adc52bc498ce80524c014b81119,4,4,,
"Pokémon Diamond Version (USA, ADAE, header ROM version 5)","Pokémon Pearl Version (USA, APAE, header ROM version 5)",/application/zukanlist/zkn_data/zukan_enc_diamond.narc,equal,576,576,,,df3f619804a92fdb4057192dc43dd748ea778adc52bc498ce80524c014b81119,df3f619804a92fdb4057192dc43dd748ea778adc52bc498ce80524c014b81119,4,4,,
"Pokémon Diamond Version (USA, ADAE, header ROM version 5)","Pokémon Pearl Version (USA, APAE, header ROM version 5)",/application/zukanlist/zkn_data/zukan_enc_diamond.narc,equal,577,577,,,df3f619804a92fdb4057192dc43dd748ea778adc52bc498ce80524c014b81119,df3f619804a92fdb4057192dc43dd748ea778adc52bc498ce80524c014b81119,4,4,,
"Pokémon Diamond Version (USA, ADAE, header ROM version 5)","Pokémon Pearl Version (USA, APAE, header ROM version 5)",/application/zukanlist/zkn_data/zukan_enc_diamond.narc,equal,578,578,,,df3f619804a92fdb4057192dc43dd748ea778adc52bc498ce80524c014b81119,df3f619804a92fdb4057192dc43dd748ea778adc52bc498ce80524c014b81119,4,4,,
"Pokémon Diamond Version (USA, ADAE, header ROM version 5)","Pokémon Pearl Version (USA, APAE, header ROM version 5)",/application/zukanlist/zkn_data/zukan_enc_diamond.narc,equal,579,579,,,df3f619804a92fdb4057192dc43dd748ea778adc52bc498ce80524c014b81119,df3f619804a92fdb4057192dc43dd748ea778adc52bc498ce80524c014b81119,4,4,,
"Pokémon Diamond Version (USA, ADAE, header ROM version 5)","Pokémon Pearl Version (USA, APAE, header ROM version 5)",/application/zukanlist/zkn_data/zukan_enc_diamond.narc,equal,580,580,,,df3f619804a92fdb4057192dc43dd748ea778adc52bc498ce80524c014b81119,df3f619804a92fdb4057192dc43dd748ea778adc52bc498ce80524c014b81119,4,4,,
"Pokémon Diamond Version (USA, ADAE, header ROM version 5)","Pokémon Pearl Version (USA, APAE, header ROM version 5)",/application/zukanlist/zkn_data/zukan_enc_diamond.narc,equal,581,581,,,df3f619804a92fdb4057192dc43dd748ea778adc52bc498ce80524c014b81119,df3f619804a92fdb4057192dc43dd748ea778adc52bc498ce80524c014b81119,4,4,,
"Pokémon Diamond Version (USA, ADAE, header ROM version 5)","Pokémon Pearl Version (USA, APAE, header ROM version 5)",/application/zukanlist/zkn_data/zukan_enc_diamond.narc,equal,582,582,,,df3f619804a92fdb4057192dc43dd748ea778adc52bc498ce80524c014b81119,df3f619804a92fdb4057192dc43dd748ea778adc52bc498ce80524c014b81119,4,4,,
"Pokémon Diamond Version (USA, ADAE, header ROM version 5)","Pokémon Pearl Version (USA, APAE, header ROM version 5)",/application/zukanlist/zkn_data/zukan_enc_diamond.narc,equal,583,583,,,df3f619804a92fdb4057192dc43dd748ea778adc52bc498ce80524c014b81119,df3f619804a92fdb4057192dc43dd748ea778adc52bc498ce80524c014b81119,4,4,,
"Pokémon Diamond Version (USA, ADAE, header ROM version 5)","Pokémon Pearl Version (USA, APAE, header ROM version 5)",/application/zukanlist/zkn_data/zukan_enc_diamond.narc,equal,584,584,,,df3f619804a92fdb4057192dc43dd748ea778adc52bc498ce80524c014b81119,df3f619804a92fdb4057192dc43dd748ea778adc52bc498ce80524c014b81119,4,4,,
"Pokémon Diamond Version (USA, ADAE, header ROM version 5)","Pokémon Pearl Version (USA, APAE, header ROM version 5)",/application/zukanlist/zkn_data/zukan_enc_diamond.narc,equal,585,585,,,df3f619804a92fdb4057192dc43dd748ea778adc52bc498ce80524c014b81119,df3f619804a92fdb4057192dc43dd748ea778adc52bc498ce80524c014b81119,4,4,,
"Pokémon Diamond Version (USA, ADAE, header ROM version 5)","Pokémon Pearl Version (USA, APAE, header ROM version 5)",/application/zukanlist/zkn_data/zukan_enc_diamond.narc,equal,586,586,,,df3f619804a92fdb4057192dc43dd748ea778adc52bc498ce80524c014b81119,df3f619804a92fdb4057192dc43dd748ea778adc52bc498ce80524c014b81119,4,4,,
"Pokémon Diamond Version (USA, ADAE, header ROM version 5)","Pokémon Pearl Version (USA, APAE, header ROM version 5)",/application/zukanlist/zkn_data/zukan_enc_diamond.narc,equal,587,587,,,df3f619804a92fdb4057192dc43dd748ea778adc52bc498ce80524c014b81119,df3f619804a92fdb4057192dc43dd748ea778adc52bc498ce80524c014b81119,4,4,,
"Pokémon Diamond Version (USA, ADAE, header ROM version 5)","Pokémon Pearl Version (USA, APAE, header ROM version 5)",/application/zukanlist/zkn_data/zukan_enc_diamond.narc,equal,588,588,,,df3f619804a92fdb4057192dc43dd748ea778adc52bc498ce80524c014b81119,df3f619804a92fdb4057192dc43dd748ea778adc52bc498ce80524c014b81119,4,4,,
"Pokémon Diamond Version (USA, ADAE, header ROM version 5)","Pokémon Pearl Version (USA, APAE, header ROM version 5)",/application/zukanlist/zkn_data/zukan_enc_diamond.narc,equal,589,589,,,df3f619804a92fdb4057192dc43dd748ea778adc52bc498ce80524c014b81119,df3f619804a92fdb4057192dc43dd748ea778adc52bc498ce80524c014b81119,4,4,,
"Pokémon Diamond Version (USA, ADAE, header ROM version 5)","Pokémon Pearl Version (USA, APAE, header ROM version 5)",/application/zukanlist/zkn_data/zukan_enc_diamond.narc,equal,590,590,,,df3f619804a92fdb4057192dc43dd748ea778adc52bc498ce80524c014b81119,df3f619804a92fdb4057192dc43dd748ea778adc52bc498ce80524c014b81119,4,4,,
"Pokémon Diamond Version (USA, ADAE, header ROM version 5)","Pokémon Pearl Version (USA, APAE, header ROM version 5)",/application/zukanlist/zkn_data/zukan_enc_diamond.narc,equal,591,591,,,44b136e5054b93f9253e054a05af9da587a3858a4b4c3712fc7b05f93afbb169,44b136e5054b93f9253e054a05af9da587a3858a4b4c3712fc7b05f93afbb169,12,12,Nintendo LZ10,Nintendo LZ10
"Pokémon Diamond Version (USA, ADAE, header ROM version 5)","Pokémon Pearl Version (USA, APAE, header ROM version 5)",/application/zukanlist/zkn_data/zukan_enc_diamond.narc,equal,592,592,,,a111f275cc2e7588000001d300a31e76336d15b9d314cd1a1d8f3d3556975eed,a111f275cc2e7588000001d300a31e76336d15b9d314cd1a1d8f3d3556975eed,8,8,,
"Pokémon Diamond Version (USA, ADAE, header ROM version 5)","Pokémon Pearl Version (USA, APAE, header ROM version 5)",/application/zukanlist/zkn_data/zukan_enc_diamond.narc,equal,593,593,,,df3f619804a92fdb4057192dc43dd748ea778adc52bc498ce80524c014b81119,df3f619804a92fdb4057192dc43dd748ea778adc52bc498ce80524c014b81119,4,4,,
"Pokémon Diamond Version (USA, ADAE, header ROM version 5)","Pokémon Pearl Version (USA, APAE, header ROM version 5)",/application/zukanlist/zkn_data/zukan_enc_diamond.narc,equal,594,594,,,9c1601a7dbb91702148cffce6293a89a9509169dcb3d8300b1c03e4cae98d3a9,9c1601a7dbb91702148cffce6293a89a9509169dcb3d8300b1c03e4cae98d3a9,24,24,,
"Pokémon Diamond Version (USA, ADAE, header ROM version 5)","Pokémon Pearl Version (USA, APAE, header ROM version 5)",/application/zukanlist/zkn_data/zukan_enc_diamond.narc,equal,595,595,,,df3f619804a92fdb4057192dc43dd748ea778adc52bc498ce80524c014b81119,df3f619804a92fdb4057192dc43dd748ea778adc52bc498ce80524c014b81119,4,4,,
"Pokémon Diamond Version (USA, ADAE, header ROM version 5)","Pokémon Pearl Version (USA, APAE, header ROM version 5)",/application/zukanlist/zkn_data/zukan_enc_diamond.narc,equal,596,596,,,df3f619804a92fdb4057192dc43dd748ea778adc52bc498ce80524c014b81119,df3f619804a92fdb4057192dc43dd748ea778adc52bc498ce80524c014b81119,4,4,,
"Pokémon Diamond Version (USA, ADAE, header ROM version 5)","Pokémon Pearl Version (USA, APAE, header ROM version 5)",/application/zukanlist/zkn_data/zukan_enc_diamond.narc,equal,597,597,,,df3f619804a92fdb4057192dc43dd748ea778adc52bc498ce80524c014b81119,df3f619804a92fdb4057192dc43dd748ea778adc52bc498ce80524c014b81119,4,4,,
"Pokémon Diamond Version (USA, ADAE, header ROM version 5)","Pokémon Pearl Version (USA, APAE, header ROM version 5)",/application/zukanlist/zkn_data/zukan_enc_diamond.narc,equal,598,598,,,df3f619804a92fdb4057192dc43dd748ea778adc52bc498ce80524c014b81119,df3f619804a92fdb4057192dc43dd748ea778adc52bc498ce80524c014b81119,4,4,,
"Pokémon Diamond Version (USA, ADAE, header ROM version 5)","Pokémon Pearl Version (USA, APAE, header ROM version 5)",/application/zukanlist/zkn_data/zukan_enc_diamond.narc,equal,599,599,,,df3f619804a92fdb4057192dc43dd748ea778adc52bc498ce80524c014b81119,df3f619804a92fdb4057192dc43dd748ea778adc52bc498ce80524c014b81119,4,4,,
"Pokémon Diamond Version (USA, ADAE, header ROM version 5)","Pokémon Pearl Version (USA, APAE, header ROM version 5)",/application/zukanlist/zkn_data/zukan_enc_diamond.narc,equal,600,600,,,df3f619804a92fdb4057192dc43dd748ea778adc52bc498ce80524c014b81119,df3f619804a92fdb4057192dc43dd748ea778adc52bc498ce80524c014b81119,4,4,,
"Pokémon Diamond Version (USA, ADAE, header ROM version 5)","Pokémon Pearl Version (USA, APAE, header ROM version 5)",/application/zukanlist/zkn_data/zukan_enc_diamond.narc,equal,601,601,,,df3f619804a92fdb4057192dc43dd748ea778adc52bc498ce80524c014b81119,df3f619804a92fdb4057192dc43dd748ea778adc52bc498ce80524c014b81119,4,4,,
"Pokémon Diamond Version (USA, ADAE, header ROM version 5)","Pokémon Pearl Version (USA, APAE, header ROM version 5)",/application/zukanlist/zkn_data/zukan_enc_diamond.narc,equal,602,602,,,df3f619804a92fdb4057192dc43dd748ea778adc52bc498ce80524c014b81119,df3f619804a92fdb4057192dc43dd748ea778adc52bc498ce80524c014b81119,4,4,,
"Pokémon Diamond Version (USA, ADAE, header ROM version 5)","Pokémon Pearl Version (USA, APAE, header ROM version 5)",/application/zukanlist/zkn_data/zukan_enc_diamond.narc,equal,603,603,,,df3f619804a92fdb4057192dc43dd748ea778adc52bc498ce80524c014b81119,df3f619804a92fdb4057192dc43dd748ea778adc52bc498ce80524c014b81119,4,4,,
"Pokémon Diamond Version (USA, ADAE, header ROM version 5)","Pokémon Pearl Version (USA, APAE, header ROM version 5)",/application/zukanlist/zkn_data/zukan_enc_diamond.narc,equal,604,604,,,df3f619804a92fdb4057192dc43dd748ea778adc52bc498ce80524c014b81119,df3f619804a92fdb4057192dc43dd748ea778adc52bc498ce80524c014b81119,4,4,,
"Pokémon Diamond Version (USA, ADAE, header ROM version 5)","Pokémon Pearl Version (USA, APAE, header ROM version 5)",/application/zukanlist/zkn_data/zukan_enc_diamond.narc,equal,605,605,,,df3f619804a92fdb4057192dc43dd748ea778adc52bc498ce80524c014b81119,df3f619804a92fdb4057192dc43dd748ea778adc52bc498ce80524c014b81119,4,4,,
"Pokémon Diamond Version (USA, ADAE, header ROM version 5)","Pokémon Pearl Version (USA, APAE, header ROM version 5)",/application/zukanlist/zkn_data/zukan_enc_diamond.narc,equal,606,606,,,df3f619804a92fdb4057192dc43dd748ea778adc52bc498ce80524c014b81119,df3f619804a92fdb4057192dc43dd748ea778adc52bc498ce80524c014b81119,4,4,,
"Pokémon Diamond Version (USA, ADAE, header ROM version 5)","Pokémon Pearl Version (USA, APAE, header ROM version 5)",/application/zukanlist/zkn_data/zukan_enc_diamond.narc,equal,607,607,,,df3f619804a92fdb4057192dc43dd748ea778adc52bc498ce80524c014b81119,df3f619804a92fdb4057192dc43dd748ea778adc52bc498ce80524c014b81119,4,4,,
"Pokémon Diamond Version (USA, ADAE, header ROM version 5)","Pokémon Pearl Version (USA, APAE, header ROM version 5)",/application/zukanlist/zkn_data/zukan_enc_diamond.narc,equal,608,608,,,df3f619804a92fdb4057192dc43dd748ea778adc52bc498ce80524c014b81119,df3f619804a92fdb4057192dc43dd748ea778adc52bc498ce80524c014b81119,4,4,,
"Pokémon Diamond Version (USA, ADAE, header ROM version 5)","Pokémon Pearl Version (USA, APAE, header ROM version 5)",/application/zukanlist/zkn_data/zukan_enc_diamond.narc,equal,609,609,,,cbbd5f990c53684d7ae650b40fcb5656e02261b53da5f6a7d8c819c92f2828f8,cbbd5f990c53684d7ae650b40fcb5656e02261b53da5f6a7d8c819c92f2828f8,8,8,,
"Pokémon Diamond Version (USA, ADAE, header ROM version 5)","Pokémon Pearl Version (USA, APAE, header ROM version 5)",/application/zukanlist/zkn_data/zukan_enc_diamond.narc,equal,610,610,,,df3f619804a92fdb4057192dc43dd748ea778adc52bc498ce80524c014b81119,df3f619804a92fdb4057192dc43dd748ea778adc52bc498ce80524c014b81119,4,4,,
"Pokémon Diamond Version (USA, ADAE, header ROM version 5)","Pokémon Pearl Version (USA, APAE, header ROM version 5)",/application/zukanlist/zkn_data/zukan_enc_diamond.narc,equal,611,611,,,df3f619804a92fdb4057192dc43dd748ea778adc52bc498ce80524c014b81119,df3f619804a92fdb4057192dc43dd748ea778adc52bc498ce80524c014b81119,4,4,,
"Pokémon Diamond Version (USA, ADAE, header ROM version 5)","Pokémon Pearl Version (USA, APAE, header ROM version 5)",/application/zukanlist/zkn_data/zukan_enc_diamond.narc,equal,612,612,,,df3f619804a92fdb4057192dc43dd748ea778adc52bc498ce80524c014b81119,df3f619804a92fdb4057192dc43dd748ea778adc52bc498ce80524c014b81119,4,4,,
"Pokémon Diamond Version (USA, ADAE, header ROM version 5)","Pokémon Pearl Version (USA, APAE, header ROM version 5)",/application/zukanlist/zkn_data/zukan_enc_diamond.narc,equal,613,613,,,df3f619804a92fdb4057192dc43dd748ea778adc52bc498ce80524c014b81119,df3f619804a92fdb4057192dc43dd748ea778adc52bc498ce80524c014b81119,4,4,,
"Pokémon Diamond Version (USA, ADAE, header ROM version 5)","Pokémon Pearl Version (USA, APAE, header ROM version 5)",/application/zukanlist/zkn_data/zukan_enc_diamond.narc,equal,614,614,,,df3f619804a92fdb4057192dc43dd748ea778adc52bc498ce80524c014b81119,df3f619804a92fdb4057192dc43dd748ea778adc52bc498ce80524c014b81119,4,4,,
"Pokémon Diamond Version (USA, ADAE, header ROM version 5)","Pokémon Pearl Version (USA, APAE, header ROM version 5)",/application/zukanlist/zkn_data/zukan_enc_diamond.narc,equal,615,615,,,df3f619804a92fdb4057192dc43dd748ea778adc52bc498ce80524c014b81119,df3f619804a92fdb4057192dc43dd748ea778adc52bc498ce80524c014b81119,4,4,,
"Pokémon Diamond Version (USA, ADAE, header ROM version 5)","Pokémon Pearl Version (USA, APAE, header ROM version 5)",/application/zukanlist/zkn_data/zukan_enc_diamond.narc,equal,616,616,,,df3f619804a92fdb4057192dc43dd748ea778adc52bc498ce80524c014b81119,df3f619804a92fdb4057192dc43dd748ea778adc52bc498ce80524c014b81119,4,4,,
"Pokémon Diamond Version (USA, ADAE, header ROM version 5)","Pokémon Pearl Version (USA, APAE, header ROM version 5)",/application/zukanlist/zkn_data/zukan_enc_diamond.narc,equal,617,617,,,458fdbdb6c9234e05d2f35f791716e115f8bb2dee560f026e5ddd95c2877252b,458fdbdb6c9234e05d2f35f791716e115f8bb2dee560f026e5ddd95c2877252b,20,20,,
"Pokémon Diamond Version (USA, ADAE, header ROM version 5)","Pokémon Pearl Version (USA, APAE, header ROM version 5)",/application/zukanlist/zkn_data/zukan_enc_diamond.narc,equal,618,618,,,458fdbdb6c9234e05d2f35f791716e115f8bb2dee560f026e5ddd95c2877252b,458fdbdb6c9234e05d2f35f791716e115f8bb2dee560f026e5ddd95c2877252b,20,20,,
"Pokémon Diamond Version (USA, ADAE, header ROM version 5)","Pokémon Pearl Version (USA, APAE, header ROM version 5)",/application/zukanlist/zkn_data/zukan_enc_diamond.narc,equal,619,619,,,df3f619804a92fdb4057192dc43dd748ea778adc52bc498ce80524c014b81119,df3f619804a92fdb4057192dc43dd748ea778adc52bc498ce80524c014b81119,4,4,,
"Pokémon Diamond Version (USA, ADAE, header ROM version 5)","Pokémon Pearl Version (USA, APAE, header ROM version 5)",/application/zukanlist/zkn_data/zukan_enc_diamond.narc,equal,620,620,,,df3f619804a92fdb4057192dc43dd748ea778adc52bc498ce80524c014b81119,df3f619804a92fdb4057192dc43dd748ea778adc52bc498ce80524c014b81119,4,4,,
"Pokémon Diamond Version (USA, ADAE, header ROM version 5)","Pokémon Pearl Version (USA, APAE, header ROM version 5)",/application/zukanlist/zkn_data/zukan_enc_diamond.narc,equal,621,621,,,df3f619804a92fdb4057192dc43dd748ea778adc52bc498ce80524c014b81119,df3f619804a92fdb4057192dc43dd748ea778adc52bc498ce80524c014b81119,4,4,,
"Pokémon Diamond Version (USA, ADAE, header ROM version 5)","Pokémon Pearl Version (USA, APAE, header ROM version 5)",/application/zukanlist/zkn_data/zukan_enc_diamond.narc,equal,622,622,,,df3f619804a92fdb4057192dc43dd748ea778adc52bc498ce80524c014b81119,df3f619804a92fdb4057192dc43dd748ea778adc52bc498ce80524c014b81119,4,4,,
"Pokémon Diamond Version (USA, ADAE, header ROM version 5)","Pokémon Pearl Version (USA, APAE, header ROM version 5)",/application/zukanlist/zkn_data/zukan_enc_diamond.narc,equal,623,623,,,df3f619804a92fdb4057192dc43dd748ea778adc52bc498ce80524c014b81119,df3f619804a92fdb4057192dc43dd748ea778adc52bc498ce80524c014b81119,4,4,,
"Pokémon Diamond Version (USA, ADAE, header ROM version 5)","Pokémon Pearl Version (USA, APAE, header ROM version 5)",/application/zukanlist/zkn_data/zukan_enc_diamond.narc,equal,624,624,,,df3f619804a92fdb4057192dc43dd748ea778adc52bc498ce80524c014b81119,df3f619804a92fdb4057192dc43dd748ea778adc52bc498ce80524c014b81119,4,4,,
"Pokémon Diamond Version (USA, ADAE, header ROM version 5)","Pokémon Pearl Version (USA, APAE, header ROM version 5)",/application/zukanlist/zkn_data/zukan_enc_diamond.narc,equal,625,625,,,df3f619804a92fdb4057192dc43dd748ea778adc52bc498ce80524c014b81119,df3f619804a92fdb4057192dc43dd748ea778adc52bc498ce80524c014b81119,4,4,,
"Pokémon Diamond Version (USA, ADAE, header ROM version 5)","Pokémon Pearl Version (USA, APAE, header ROM version 5)",/application/zukanlist/zkn_data/zukan_enc_diamond.narc,equal,626,626,,,df3f619804a92fdb4057192dc43dd748ea778adc52bc498ce80524c014b81119,df3f619804a92fdb4057192dc43dd748ea778adc52bc498ce80524c014b81119,4,4,,
"Pokémon Diamond Version (USA, ADAE, header ROM version 5)","Pokémon Pearl Version (USA, APAE, header ROM version 5)",/application/zukanlist/zkn_data/zukan_enc_diamond.narc,equal,627,627,,,df3f619804a92fdb4057192dc43dd748ea778adc52bc498ce80524c014b81119,df3f619804a92fdb4057192dc43dd748ea778adc52bc498ce80524c014b81119,4,4,,
"Pokémon Diamond Version (USA, ADAE, header ROM version 5)","Pokémon Pearl Version (USA, APAE, header ROM version 5)",/application/zukanlist/zkn_data/zukan_enc_diamond.narc,equal,628,628,,,20138fed062a3ea8dfee932a35670b71b93803020accca149269ca0786214f54,20138fed062a3ea8dfee932a35670b71b93803020accca149269ca0786214f54,40,40,,
"Pokémon Diamond Version (USA, ADAE, header ROM version 5)","Pokémon Pearl Version (USA, APAE, header ROM version 5)",/application/zukanlist/zkn_data/zukan_enc_diamond.narc,equal,629,629,,,20138fed062a3ea8dfee932a35670b71b93803020accca149269ca0786214f54,20138fed062a3ea8dfee932a35670b71b93803020accca149269ca0786214f54,40,40,,
"Pokémon Diamond Version (USA, ADAE, header ROM version 5)","Pokémon Pearl Version (USA, APAE, header ROM version 5)",/application/zukanlist/zkn_data/zukan_enc_diamond.narc,equal,630,630,,,23d7f42b1cdc1f0d492ebd756ed0fe8003995dda554d99418d47a81813650207,23d7f42b1cdc1f0d492ebd756ed0fe8003995dda554d99418d47a81813650207,8,8,,
"Pokémon Diamond Version (USA, ADAE, header ROM version 5)","Pokémon Pearl Version (USA, APAE, header ROM version 5)",/application/zukanlist/zkn_data/zukan_enc_diamond.narc,equal,631,631,,,df3f619804a92fdb4057192dc43dd748ea778adc52bc498ce80524c014b81119,df3f619804a92fdb4057192dc43dd748ea778adc52bc498ce80524c014b81119,4,4,,
"Pokémon Diamond Version (USA, ADAE, header ROM version 5)","Pokémon Pearl Version (USA, APAE, header ROM version 5)",/application/zukanlist/zkn_data/zukan_enc_diamond.narc,equal,632,632,,,df3f619804a92fdb4057192dc43dd748ea778adc52bc498ce80524c014b81119,df3f619804a92fdb4057192dc43dd748ea778adc52bc498ce80524c014b81119,4,4,,
"Pokémon Diamond Version (USA, ADAE, header ROM version 5)","Pokémon Pearl Version (USA, APAE, header ROM version 5)",/application/zukanlist/zkn_data/zukan_enc_diamond.narc,equal,633,633,,,df3f619804a92fdb4057192dc43dd748ea778adc52bc498ce80524c014b81119,df3f619804a92fdb4057192dc43dd748ea778adc52bc498ce80524c014b81119,4,4,,
"Pokémon Diamond Version (USA, ADAE, header ROM version 5)","Pokémon Pearl Version (USA, APAE, header ROM version 5)",/application/zukanlist/zkn_data/zukan_enc_diamond.narc,equal,634,634,,,df3f619804a92fdb4057192dc43dd748ea778adc52bc498ce80524c014b81119,df3f619804a92fdb4057192dc43dd748ea778adc52bc498ce80524c014b81119,4,4,,
"Pokémon Diamond Version (USA, ADAE, header ROM version 5)","Pokémon Pearl Version (USA, APAE, header ROM version 5)",/application/zukanlist/zkn_data/zukan_enc_diamond.narc,equal,635,635,,,df3f619804a92fdb4057192dc43dd748ea778adc52bc498ce80524c014b81119,df3f619804a92fdb4057192dc43dd748ea778adc52bc498ce80524c014b81119,4,4,,
"Pokémon Diamond Version (USA, ADAE, header ROM version 5)","Pokémon Pearl Version (USA, APAE, header ROM version 5)",/application/zukanlist/zkn_data/zukan_enc_diamond.narc,equal,636,636,,,df3f619804a92fdb4057192dc43dd748ea778adc52bc498ce80524c014b81119,df3f619804a92fdb4057192dc43dd748ea778adc52bc498ce80524c014b81119,4,4,,
"Pokémon Diamond Version (USA, ADAE, header ROM version 5)","Pokémon Pearl Version (USA, APAE, header ROM version 5)",/application/zukanlist/zkn_data/zukan_enc_diamond.narc,equal,637,637,,,df3f619804a92fdb4057192dc43dd748ea778adc52bc498ce80524c014b81119,df3f619804a92fdb4057192dc43dd748ea778adc52bc498ce80524c014b81119,4,4,,
"Pokémon Diamond Version (USA, ADAE, header ROM version 5)","Pokémon Pearl Version (USA, APAE, header ROM version 5)",/application/zukanlist/zkn_data/zukan_enc_diamond.narc,equal,638,638,,,df3f619804a92fdb4057192dc43dd748ea778adc52bc498ce80524c014b81119,df3f619804a92fdb4057192dc43dd748ea778adc52bc498ce80524c014b81119,4,4,,
"Pokémon Diamond Version (USA, ADAE, header ROM version 5)","Pokémon Pearl Version (USA, APAE, header ROM version 5)",/application/zukanlist/zkn_data/zukan_enc_diamond.narc,equal,639,639,,,df3f619804a92fdb4057192dc43dd748ea778adc52bc498ce80524c014b81119,df3f619804a92fdb4057192dc43dd748ea778adc52bc498ce80524c014b81119,4,4,,
"Pokémon Diamond Version (USA, ADAE, header ROM version 5)","Pokémon Pearl Version (USA, APAE, header ROM version 5)",/application/zukanlist/zkn_data/zukan_enc_diamond.narc,equal,640,640,,,df3f619804a92fdb4057192dc43dd748ea778adc52bc498ce80524c014b81119,df3f619804a92fdb4057192dc43dd748ea778adc52bc498ce80524c014b81119,4,4,,
"Pokémon Diamond Version (USA, ADAE, header ROM version 5)","Pokémon Pearl Version (USA, APAE, header ROM version 5)",/application/zukanlist/zkn_data/zukan_enc_diamond.narc,equal,641,641,,,df3f619804a92fdb4057192dc43dd748ea778adc52bc498ce80524c014b81119,df3f619804a92fdb4057192dc43dd748ea778adc52bc498ce80524c014b81119,4,4,,
"Pokémon Diamond Version (USA, ADAE, header ROM version 5)","Pokémon Pearl Version (USA, APAE, header ROM version 5)",/application/zukanlist/zkn_data/zukan_enc_diamond.narc,equal,642,642,,,df3f619804a92fdb4057192dc43dd748ea778adc52bc498ce80524c014b81119,df3f619804a92fdb4057192dc43dd748ea778adc52bc498ce80524c014b81119,4,4,,
"Pokémon Diamond Version (USA, ADAE, header ROM version 5)","Pokémon Pearl Version (USA, APAE, header ROM version 5)",/application/zukanlist/zkn_data/zukan_enc_diamond.narc,equal,643,643,,,df3f619804a92fdb4057192dc43dd748ea778adc52bc498ce80524c014b81119,df3f619804a92fdb4057192dc43dd748ea778adc52bc498ce80524c014b81119,4,4,,
"Pokémon Diamond Version (USA, ADAE, header ROM version 5)","Pokémon Pearl Version (USA, APAE, header ROM version 5)",/application/zukanlist/zkn_data/zukan_enc_diamond.narc,equal,644,644,,,df3f619804a92fdb4057192dc43dd748ea778adc52bc498ce80524c014b81119,df3f619804a92fdb4057192dc43dd748ea778adc52bc498ce80524c014b81119,4,4,,
"Pokémon Diamond Version (USA, ADAE, header ROM version 5)","Pokémon Pearl Version (USA, APAE, header ROM version 5)",/application/zukanlist/zkn_data/zukan_enc_diamond.narc,equal,645,645,,,df3f619804a92fdb4057192dc43dd748ea778adc52bc498ce80524c014b81119,df3f619804a92fdb4057192dc43dd748ea778adc52bc498ce80524c014b81119,4,4,,
"Pokémon Diamond Version (USA, ADAE, header ROM version 5)","Pokémon Pearl Version (USA, APAE, header ROM version 5)",/application/zukanlist/zkn_data/zukan_enc_diamond.narc,equal,646,646,,,35be322d094f9d154a8aba4733b8497f180353bd7ae7b0a15f90b586b549f28b,35be322d094f9d154a8aba4733b8497f180353bd7ae7b0a15f90b586b549f28b,8,8,,
"Pokémon Diamond Version (USA, ADAE, header ROM version 5)","Pokémon Pearl Version (USA, APAE, header ROM version 5)",/application/zukanlist/zkn_data/zukan_enc_diamond.narc,equal,647,647,,,35be322d094f9d154a8aba4733b8497f180353bd7ae7b0a15f90b586b549f28b,35be322d094f9d154a8aba4733b8497f180353bd7ae7b0a15f90b586b549f28b,8,8,,
"Pokémon Diamond Version (USA, ADAE, header ROM version 5)","Pokémon Pearl Version (USA, APAE, header ROM version 5)",/application/zukanlist/zkn_data/zukan_enc_diamond.narc,equal,648,648,,,df3f619804a92fdb4057192dc43dd748ea778adc52bc498ce80524c014b81119,df3f619804a92fdb4057192dc43dd748ea778adc52bc498ce80524c014b81119,4,4,,
"Pokémon Diamond Version (USA, ADAE, header ROM version 5)","Pokémon Pearl Version (USA, APAE, header ROM version 5)",/application/zukanlist/zkn_data/zukan_enc_diamond.narc,equal,649,649,,,df3f619804a92fdb4057192dc43dd748ea778adc52bc498ce80524c014b81119,df3f619804a92fdb4057192dc43dd748ea778adc52bc498ce80524c014b81119,4,4,,
"Pokémon Diamond Version (USA, ADAE, header ROM version 5)","Pokémon Pearl Version (USA, APAE, header ROM version 5)",/application/zukanlist/zkn_data/zukan_enc_diamond.narc,equal,650,650,,,df3f619804a92fdb4057192dc43dd748ea778adc52bc498ce80524c014b81119,df3f619804a92fdb4057192dc43dd748ea778adc52bc498ce80524c014b81119,4,4,,
"Pokémon Diamond Version (USA, ADAE, header ROM version 5)","Pokémon Pearl Version (USA, APAE, header ROM version 5)",/application/zukanlist/zkn_data/zukan_enc_diamond.narc,equal,651,651,,,df3f619804a92fdb4057192dc43dd748ea778adc52bc498ce80524c014b81119,df3f619804a92fdb4057192dc43dd748ea778adc52bc498ce80524c014b81119,4,4,,
"Pokémon Diamond Version (USA, ADAE, header ROM version 5)","Pokémon Pearl Version (USA, APAE, header ROM version 5)",/application/zukanlist/zkn_data/zukan_enc_diamond.narc,equal,652,652,,,df3f619804a92fdb4057192dc43dd748ea778adc52bc498ce80524c014b81119,df3f619804a92fdb4057192dc43dd748ea778adc52bc498ce80524c014b81119,4,4,,
"Pokémon Diamond Version (USA, ADAE, header ROM version 5)","Pokémon Pearl Version (USA, APAE, header ROM version 5)",/application/zukanlist/zkn_data/zukan_enc_diamond.narc,equal,653,653,,,df3f619804a92fdb4057192dc43dd748ea778adc52bc498ce80524c014b81119,df3f619804a92fdb4057192dc43dd748ea778adc52bc498ce80524c014b81119,4,4,,
"Pokémon Diamond Version (USA, ADAE, header ROM version 5)","Pokémon Pearl Version (USA, APAE, header ROM version 5)",/application/zukanlist/zkn_data/zukan_enc_diamond.narc,equal,654,654,,,df3f619804a92fdb4057192dc43dd748ea778adc52bc498ce80524c014b81119,df3f619804a92fdb4057192dc43dd748ea778adc52bc498ce80524c014b81119,4,4,,
"Pokémon Diamond Version (USA, ADAE, header ROM version 5)","Pokémon Pearl Version (USA, APAE, header ROM version 5)",/application/zukanlist/zkn_data/zukan_enc_diamond.narc,equal,655,655,,,df3f619804a92fdb4057192dc43dd748ea778adc52bc498ce80524c014b81119,df3f619804a92fdb4057192dc43dd748ea778adc52bc498ce80524c014b81119,4,4,,
"Pokémon Diamond Version (USA, ADAE, header ROM version 5)","Pokémon Pearl Version (USA, APAE, header ROM version 5)",/application/zukanlist/zkn_data/zukan_enc_diamond.narc,equal,656,656,,,df3f619804a92fdb4057192dc43dd748ea778adc52bc498ce80524c014b81119,df3f619804a92fdb4057192dc43dd748ea778adc52bc498ce80524c014b81119,4,4,,
"Pokémon Diamond Version (USA, ADAE, header ROM version 5)","Pokémon Pearl Version (USA, APAE, header ROM version 5)",/application/zukanlist/zkn_data/zukan_enc_diamond.narc,equal,657,657,,,df3f619804a92fdb4057192dc43dd748ea778adc52bc498ce80524c014b81119,df3f619804a92fdb4057192dc43dd748ea778adc52bc498ce80524c014b81119,4,4,,
"Pokémon Diamond Version (USA, ADAE, header ROM version 5)","Pokémon Pearl Version (USA, APAE, header ROM version 5)",/application/zukanlist/zkn_data/zukan_enc_diamond.narc,equal,658,658,,,df3f619804a92fdb4057192dc43dd748ea778adc52bc498ce80524c014b81119,df3f619804a92fdb4057192dc43dd748ea778adc52bc498ce80524c014b81119,4,4,,
"Pokémon Diamond Version (USA, ADAE, header ROM version 5)","Pokémon Pearl Version (USA, APAE, header ROM version 5)",/application/zukanlist/zkn_data/zukan_enc_diamond.narc,equal,659,659,,,df3f619804a92fdb4057192dc43dd748ea778adc52bc498ce80524c014b81119,df3f619804a92fdb4057192dc43dd748ea778adc52bc498ce80524c014b81119,4,4,,
"Pokémon Diamond Version (USA, ADAE, header ROM version 5)","Pokémon Pearl Version (USA, APAE, header ROM version 5)",/application/zukanlist/zkn_data/zukan_enc_diamond.narc,equal,660,660,,,df3f619804a92fdb4057192dc43dd748ea778adc52bc498ce80524c014b81119,df3f619804a92fdb4057192dc43dd748ea778adc52bc498ce80524c014b81119,4,4,,
"Pokémon Diamond Version (USA, ADAE, header ROM version 5)","Pokémon Pearl Version (USA, APAE, header ROM version 5)",/application/zukanlist/zkn_data/zukan_enc_diamond.narc,equal,661,661,,,df3f619804a92fdb4057192dc43dd748ea778adc52bc498ce80524c014b81119,df3f619804a92fdb4057192dc43dd748ea778adc52bc498ce80524c014b81119,4,4,,
"Pokémon Diamond Version (USA, ADAE, header ROM version 5)","Pokémon Pearl Version (USA, APAE, header ROM version 5)",/application/zukanlist/zkn_data/zukan_enc_diamond.narc,equal,662,662,,,df3f619804a92fdb4057192dc43dd748ea778adc52bc498ce80524c014b81119,df3f619804a92fdb4057192dc43dd748ea778adc52bc498ce80524c014b81119,4,4,,
"Pokémon Diamond Version (USA, ADAE, header ROM version 5)","Pokémon Pearl Version (USA, APAE, header ROM version 5)",/application/zukanlist/zkn_data/zukan_enc_diamond.narc,equal,663,663,,,df3f619804a92fdb4057192dc43dd748ea778adc52bc498ce80524c014b81119,df3f619804a92fdb4057192dc43dd748ea778adc52bc498ce80524c014b81119,4,4,,
"Pokémon Diamond Version (USA, ADAE, header ROM version 5)","Pokémon Pearl Version (USA, APAE, header ROM version 5)",/application/zukanlist/zkn_data/zukan_enc_diamond.narc,equal,664,664,,,df3f619804a92fdb4057192dc43dd748ea778adc52bc498ce80524c014b81119,df3f619804a92fdb4057192dc43dd748ea778adc52bc498ce80524c014b81119,4,4,,
"Pokémon Diamond Version (USA, ADAE, header ROM version 5)","Pokémon Pearl Version (USA, APAE, header ROM version 5)",/application/zukanlist/zkn_data/zukan_enc_diamond.narc,equal,665,665,,,df3f619804a92fdb4057192dc43dd748ea778adc52bc498ce80524c014b81119,df3f619804a92fdb4057192dc43dd748ea778adc52bc498ce80524c014b81119,4,4,,
"Pokémon Diamond Version (USA, ADAE, header ROM version 5)","Pokémon Pearl Version (USA, APAE, header ROM version 5)",/application/zukanlist/zkn_data/zukan_enc_diamond.narc,equal,666,666,,,df3f619804a92fdb4057192dc43dd748ea778adc52bc498ce80524c014b81119,df3f619804a92fdb4057192dc43dd748ea778adc52bc498ce80524c014b81119,4,4,,
"Pokémon Diamond Version (USA, ADAE, header ROM version 5)","Pokémon Pearl Version (USA, APAE, header ROM version 5)",/application/zukanlist/zkn_data/zukan_enc_diamond.narc,equal,667,667,,,df3f619804a92fdb4057192dc43dd748ea778adc52bc498ce80524c014b81119,df3f619804a92fdb4057192dc43dd748ea778adc52bc498ce80524c014b81119,4,4,,
"Pokémon Diamond Version (USA, ADAE, header ROM version 5)","Pokémon Pearl Version (USA, APAE, header ROM version 5)",/application/zukanlist/zkn_data/zukan_enc_diamond.narc,equal,668,668,,,df3f619804a92fdb4057192dc43dd748ea778adc52bc498ce80524c014b81119,df3f619804a92fdb4057192dc43dd748ea778adc52bc498ce80524c014b81119,4,4,,
"Pokémon Diamond Version (USA, ADAE, header ROM version 5)","Pokémon Pearl Version (USA, APAE, header ROM version 5)",/application/zukanlist/zkn_data/zukan_enc_diamond.narc,equal,669,669,,,df3f619804a92fdb4057192dc43dd748ea778adc52bc498ce80524c014b81119,df3f619804a92fdb4057192dc43dd748ea778adc52bc498ce80524c014b81119,4,4,,
"Pokémon Diamond Version (USA, ADAE, header ROM version 5)","Pokémon Pearl Version (USA, APAE, header ROM version 5)",/application/zukanlist/zkn_data/zukan_enc_diamond.narc,equal,670,670,,,df3f619804a92fdb4057192dc43dd748ea778adc52bc498ce80524c014b81119,df3f619804a92fdb4057192dc43dd748ea778adc52bc498ce80524c014b81119,4,4,,
"Pokémon Diamond Version (USA, ADAE, header ROM version 5)","Pokémon Pearl Version (USA, APAE, header ROM version 5)",/application/zukanlist/zkn_data/zukan_enc_diamond.narc,equal,671,671,,,18d8d609947c6b82b9607704ae40d3317038e709238514de750b5c7411ba4c20,18d8d609947c6b82b9607704ae40d3317038e709238514de750b5c7411ba4c20,8,8,,
"Pokémon Diamond Version (USA, ADAE, header ROM version 5)","Pokémon Pearl Version (USA, APAE, header ROM version 5)",/application/zukanlist/zkn_data/zukan_enc_diamond.narc,equal,672,672,,,35be322d094f9d154a8aba4733b8497f180353bd7ae7b0a15f90b586b549f28b,35be322d094f9d154a8aba4733b8497f180353bd7ae7b0a15f90b586b549f28b,8,8,,
"Pokémon Diamond Version (USA, ADAE, header ROM version 5)","Pokémon Pearl Version (USA, APAE, header ROM version 5)",/application/zukanlist/zkn_data/zukan_enc_diamond.narc,equal,673,673,,,df3f619804a92fdb4057192dc43dd748ea778adc52bc498ce80524c014b81119,df3f619804a92fdb4057192dc43dd748ea778adc52bc498ce80524c014b81119,4,4,,
"Pokémon Diamond Version (USA, ADAE, header ROM version 5)","Pokémon Pearl Version (USA, APAE, header ROM version 5)",/application/zukanlist/zkn_data/zukan_enc_diamond.narc,equal,674,674,,,df3f619804a92fdb4057192dc43dd748ea778adc52bc498ce80524c014b81119,df3f619804a92fdb4057192dc43dd748ea778adc52bc498ce80524c014b81119,4,4,,
"Pokémon Diamond Version (USA, ADAE, header ROM version 5)","Pokémon Pearl Version (USA, APAE, header ROM version 5)",/application/zukanlist/zkn_data/zukan_enc_diamond.narc,equal,675,675,,,df3f619804a92fdb4057192dc43dd748ea778adc52bc498ce80524c014b81119,df3f619804a92fdb4057192dc43dd748ea778adc52bc498ce80524c014b81119,4,4,,
"Pokémon Diamond Version (USA, ADAE, header ROM version 5)","Pokémon Pearl Version (USA, APAE, header ROM version 5)",/application/zukanlist/zkn_data/zukan_enc_diamond.narc,equal,676,676,,,df3f619804a92fdb4057192dc43dd748ea778adc52bc498ce80524c014b81119,df3f619804a92fdb4057192dc43dd748ea778adc52bc498ce80524c014b81119,4,4,,
"Pokémon Diamond Version (USA, ADAE, header ROM version 5)","Pokémon Pearl Version (USA, APAE, header ROM version 5)",/application/zukanlist/zkn_data/zukan_enc_diamond.narc,equal,677,677,,,df3f619804a92fdb4057192dc43dd748ea778adc52bc498ce80524c014b81119,df3f619804a92fdb4057192dc43dd748ea778adc52bc498ce80524c014b81119,4,4,,
"Pokémon Diamond Version (USA, ADAE, header ROM version 5)","Pokémon Pearl Version (USA, APAE, header ROM version 5)",/application/zukanlist/zkn_data/zukan_enc_diamond.narc,equal,678,678,,,df3f619804a92fdb4057192dc43dd748ea778adc52bc498ce80524c014b81119,df3f619804a92fdb4057192dc43dd748ea778adc52bc498ce80524c014b81119,4,4,,
"Pokémon Diamond Version (USA, ADAE, header ROM version 5)","Pokémon Pearl Version (USA, APAE, header ROM version 5)",/application/zukanlist/zkn_data/zukan_enc_diamond.narc,equal,679,679,,,df3f619804a92fdb4057192dc43dd748ea778adc52bc498ce80524c014b81119,df3f619804a92fdb4057192dc43dd748ea778adc52bc498ce80524c014b81119,4,4,,
"Pokémon Diamond Version (USA, ADAE, header ROM version 5)","Pokémon Pearl Version (USA, APAE, header ROM version 5)",/application/zukanlist/zkn_data/zukan_enc_diamond.narc,equal,680,680,,,df3f619804a92fdb4057192dc43dd748ea778adc52bc498ce80524c014b81119,df3f619804a92fdb4057192dc43dd748ea778adc52bc498ce80524c014b81119,4,4,,
"Pokémon Diamond Version (USA, ADAE, header ROM version 5)","Pokémon Pearl Version (USA, APAE, header ROM version 5)",/application/zukanlist/zkn_data/zukan_enc_diamond.narc,equal,681,681,,,df3f619804a92fdb4057192dc43dd748ea778adc52bc498ce80524c014b81119,df3f619804a92fdb4057192dc43dd748ea778adc52bc498ce80524c014b81119,4,4,,
"Pokémon Diamond Version (USA, ADAE, header ROM version 5)","Pokémon Pearl Version (USA, APAE, header ROM version 5)",/application/zukanlist/zkn_data/zukan_enc_diamond.narc,equal,682,682,,,f0a0278e4372459cca6159cd5e71cfee638302a7b9ca9b05c34181ac0a65ac5d,f0a0278e4372459cca6159cd5e71cfee638302a7b9ca9b05c34181ac0a65ac5d,8,8,,
"Pokémon Diamond Version (USA, ADAE, header ROM version 5)","Pokémon Pearl Version (USA, APAE, header ROM version 5)",/application/zukanlist/zkn_data/zukan_enc_diamond.narc,equal,683,683,,,df3f619804a92fdb4057192dc43dd748ea778adc52bc498ce80524c014b81119,df3f619804a92fdb4057192dc43dd748ea778adc52bc498ce80524c014b81119,4,4,,
"Pokémon Diamond Version (USA, ADAE, header ROM version 5)","Pokémon Pearl Version (USA, APAE, header ROM version 5)",/application/zukanlist/zkn_data/zukan_enc_diamond.narc,equal,684,684,,,df3f619804a92fdb4057192dc43dd748ea778adc52bc498ce80524c014b81119,df3f619804a92fdb4057192dc43dd748ea778adc52bc498ce80524c014b81119,4,4,,
"Pokémon Diamond Version (USA, ADAE, header ROM version 5)","Pokémon Pearl Version (USA, APAE, header ROM version 5)",/application/zukanlist/zkn_data/zukan_enc_diamond.narc,equal,685,685,,,df3f619804a92fdb4057192dc43dd748ea778adc52bc498ce80524c014b81119,df3f619804a92fdb4057192dc43dd748ea778adc52bc498ce80524c014b81119,4,4,,
"Pokémon Diamond Version (USA, ADAE, header ROM version 5)","Pokémon Pearl Version (USA, APAE, header ROM version 5)",/application/zukanlist/zkn_data/zukan_enc_diamond.narc,equal,686,686,,,df3f619804a92fdb4057192dc43dd748ea778adc52bc498ce80524c014b81119,df3f619804a92fdb4057192dc43dd748ea778adc52bc498ce80524c014b81119,4,4,,
"Pokémon Diamond Version (USA, ADAE, header ROM version 5)","Pokémon Pearl Version (USA, APAE, header ROM version 5)",/application/zukanlist/zkn_data/zukan_enc_diamond.narc,equal,687,687,,,df3f619804a92fdb4057192dc43dd748ea778adc52bc498ce80524c014b81119,df3f619804a92fdb4057192dc43dd748ea778adc52bc498ce80524c014b81119,4,4,,
"Pokémon Diamond Version (USA, ADAE, header ROM version 5)","Pokémon Pearl Version (USA, APAE, header ROM version 5)",/application/zukanlist/zkn_data/zukan_enc_diamond.narc,equal,688,688,,,df3f619804a92fdb4057192dc43dd748ea778adc52bc498ce80524c014b81119,df3f619804a92fdb4057192dc43dd748ea778adc52bc498ce80524c014b81119,4,4,,
"Pokémon Diamond Version (USA, ADAE, header ROM version 5)","Pokémon Pearl Version (USA, APAE, header ROM version 5)",/application/zukanlist/zkn_data/zukan_enc_diamond.narc,equal,689,689,,,df3f619804a92fdb4057192dc43dd748ea778adc52bc498ce80524c014b81119,df3f619804a92fdb4057192dc43dd748ea778adc52bc498ce80524c014b81119,4,4,,
"Pokémon Diamond Version (USA, ADAE, header ROM version 5)","Pokémon Pearl Version (USA, APAE, header ROM version 5)",/application/zukanlist/zkn_data/zukan_enc_diamond.narc,equal,690,690,,,df3f619804a92fdb4057192dc43dd748ea778adc52bc498ce80524c014b81119,df3f619804a92fdb4057192dc43dd748ea778adc52bc498ce80524c014b81119,4,4,,
"Pokémon Diamond Version (USA, ADAE, header ROM version 5)","Pokémon Pearl Version (USA, APAE, header ROM version 5)",/application/zukanlist/zkn_data/zukan_enc_diamond.narc,equal,691,691,,,df3f619804a92fdb4057192dc43dd748ea778adc52bc498ce80524c014b81119,df3f619804a92fdb4057192dc43dd748ea778adc52bc498ce80524c014b81119,4,4,,
"Pokémon Diamond Version (USA, ADAE, header ROM version 5)","Pokémon Pearl Version (USA, APAE, header ROM version 5)",/application/zukanlist/zkn_data/zukan_enc_diamond.narc,equal,692,692,,,df3f619804a92fdb4057192dc43dd748ea778adc52bc498ce80524c014b81119,df3f619804a92fdb4057192dc43dd748ea778adc52bc498ce80524c014b81119,4,4,,
"Pokémon Diamond Version (USA, ADAE, header ROM version 5)","Pokémon Pearl Version (USA, APAE, header ROM version 5)",/application/zukanlist/zkn_data/zukan_enc_diamond.narc,equal,693,693,,,f0a0278e4372459cca6159cd5e71cfee638302a7b9ca9b05c34181ac0a65ac5d,f0a0278e4372459cca6159cd5e71cfee638302a7b9ca9b05c34181ac0a65ac5d,8,8,,
"Pokémon Diamond Version (USA, ADAE, header ROM version 5)","Pokémon Pearl Version (USA, APAE, header ROM version 5)",/application/zukanlist/zkn_data/zukan_enc_diamond.narc,equal,694,694,,,f0a0278e4372459cca6159cd5e71cfee638302a7b9ca9b05c34181ac0a65ac5d,f0a0278e4372459cca6159cd5e71cfee638302a7b9ca9b05c34181ac0a65ac5d,8,8,,
"Pokémon Diamond Version (USA, ADAE, header ROM version 5)","Pokémon Pearl Version (USA, APAE, header ROM version 5)",/application/zukanlist/zkn_data/zukan_enc_diamond.narc,equal,695,695,,,df3f619804a92fdb4057192dc43dd748ea778adc52bc498ce80524c014b81119,df3f619804a92fdb4057192dc43dd748ea778adc52bc498ce80524c014b81119,4,4,,
"Pokémon Diamond Version (USA, ADAE, header ROM version 5)","Pokémon Pearl Version (USA, APAE, header ROM version 5)",/application/zukanlist/zkn_data/zukan_enc_diamond.narc,equal,696,696,,,df3f619804a92fdb4057192dc43dd748ea778adc52bc498ce80524c014b81119,df3f619804a92fdb4057192dc43dd748ea778adc52bc498ce80524c014b81119,4,4,,
"Pokémon Diamond Version (USA, ADAE, header ROM version 5)","Pokémon Pearl Version (USA, APAE, header ROM version 5)",/application/zukanlist/zkn_data/zukan_enc_diamond.narc,equal,697,697,,,df3f619804a92fdb4057192dc43dd748ea778adc52bc498ce80524c014b81119,df3f619804a92fdb4057192dc43dd748ea778adc52bc498ce80524c014b81119,4,4,,
"Pokémon Diamond Version (USA, ADAE, header ROM version 5)","Pokémon Pearl Version (USA, APAE, header ROM version 5)",/application/zukanlist/zkn_data/zukan_enc_diamond.narc,equal,698,698,,,df3f619804a92fdb4057192dc43dd748ea778adc52bc498ce80524c014b81119,df3f619804a92fdb4057192dc43dd748ea778adc52bc498ce80524c014b81119,4,4,,
"Pokémon Diamond Version (USA, ADAE, header ROM version 5)","Pokémon Pearl Version (USA, APAE, header ROM version 5)",/application/zukanlist/zkn_data/zukan_enc_diamond.narc,equal,699,699,,,df3f619804a92fdb4057192dc43dd748ea778adc52bc498ce80524c014b81119,df3f619804a92fdb4057192dc43dd748ea778adc52bc498ce80524c014b81119,4,4,,
"Pokémon Diamond Version (USA, ADAE, header ROM version 5)","Pokémon Pearl Version (USA, APAE, header ROM version 5)",/application/zukanlist/zkn_data/zukan_enc_diamond.narc,equal,700,700,,,f13ee6ed54ea2aae9fc49a9faeb5da6e8ddef0e12ed5d30d35a624ae813e0485,f13ee6ed54ea2aae9fc49a9faeb5da6e8ddef0e12ed5d30d35a624ae813e0485,8,8,,
"Pokémon Diamond Version (USA, ADAE, header ROM version 5)","Pokémon Pearl Version (USA, APAE, header ROM version 5)",/application/zukanlist/zkn_data/zukan_enc_diamond.narc,equal,701,701,,,df3f619804a92fdb4057192dc43dd748ea778adc52bc498ce80524c014b81119,df3f619804a92fdb4057192dc43dd748ea778adc52bc498ce80524c014b81119,4,4,,
"Pokémon Diamond Version (USA, ADAE, header ROM version 5)","Pokémon Pearl Version (USA, APAE, header ROM version 5)",/application/zukanlist/zkn_data/zukan_enc_diamond.narc,equal,702,702,,,df3f619804a92fdb4057192dc43dd748ea778adc52bc498ce80524c014b81119,df3f619804a92fdb4057192dc43dd748ea778adc52bc498ce80524c014b81119,4,4,,
"Pokémon Diamond Version (USA, ADAE, header ROM version 5)","Pokémon Pearl Version (USA, APAE, header ROM version 5)",/application/zukanlist/zkn_data/zukan_enc_diamond.narc,equal,703,703,,,df3f619804a92fdb4057192dc43dd748ea778adc52bc498ce80524c014b81119,df3f619804a92fdb4057192dc43dd748ea778adc52bc498ce80524c014b81119,4,4,,
"Pokémon Diamond Version (USA, ADAE, header ROM version 5)","Pokémon Pearl Version (USA, APAE, header ROM version 5)",/application/zukanlist/zkn_data/zukan_enc_diamond.narc,equal,704,704,,,df3f619804a92fdb4057192dc43dd748ea778adc52bc498ce80524c014b81119,df3f619804a92fdb4057192dc43dd748ea778adc52bc498ce80524c014b81119,4,4,,
"Pokémon Diamond Version (USA, ADAE, header ROM version 5)","Pokémon Pearl Version (USA, APAE, header ROM version 5)",/application/zukanlist/zkn_data/zukan_enc_diamond.narc,equal,705,705,,,df3f619804a92fdb4057192dc43dd748ea778adc52bc498ce80524c014b81119,df3f619804a92fdb4057192dc43dd748ea778adc52bc498ce80524c014b81119,4,4,,
"Pokémon Diamond Version (USA, ADAE, header ROM version 5)","Pokémon Pearl Version (USA, APAE, header ROM version 5)",/application/zukanlist/zkn_data/zukan_enc_diamond.narc,equal,706,706,,,df3f619804a92fdb4057192dc43dd748ea778adc52bc498ce80524c014b81119,df3f619804a92fdb4057192dc43dd748ea778adc52bc498ce80524c014b81119,4,4,,
"Pokémon Diamond Version (USA, ADAE, header ROM version 5)","Pokémon Pearl Version (USA, APAE, header ROM version 5)",/application/zukanlist/zkn_data/zukan_enc_diamond.narc,equal,707,707,,,9f1f5cc4a086b19e5217e4ac08a2351b1a02bef2d62585be236055e14064bb86,9f1f5cc4a086b19e5217e4ac08a2351b1a02bef2d62585be236055e14064bb86,16,16,,
"Pokémon Diamond Version (USA, ADAE, header ROM version 5)","Pokémon Pearl Version (USA, APAE, header ROM version 5)",/application/zukanlist/zkn_data/zukan_enc_diamond.narc,equal,708,708,,,df3f619804a92fdb4057192dc43dd748ea778adc52bc498ce80524c014b81119,df3f619804a92fdb4057192dc43dd748ea778adc52bc498ce80524c014b81119,4,4,,
"Pokémon Diamond Version (USA, ADAE, header ROM version 5)","Pokémon Pearl Version (USA, APAE, header ROM version 5)",/application/zukanlist/zkn_data/zukan_enc_diamond.narc,equal,709,709,,,df3f619804a92fdb4057192dc43dd748ea778adc52bc498ce80524c014b81119,df3f619804a92fdb4057192dc43dd748ea778adc52bc498ce80524c014b81119,4,4,,
"Pokémon Diamond Version (USA, ADAE, header ROM version 5)","Pokémon Pearl Version (USA, APAE, header ROM version 5)",/application/zukanlist/zkn_data/zukan_enc_diamond.narc,equal,710,710,,,df3f619804a92fdb4057192dc43dd748ea778adc52bc498ce80524c014b81119,df3f619804a92fdb4057192dc43dd748ea778adc52bc498ce80524c014b81119,4,4,,
"Pokémon Diamond Version (USA, ADAE, header ROM version 5)","Pokémon Pearl Version (USA, APAE, header ROM version 5)",/application/zukanlist/zkn_data/zukan_enc_diamond.narc,equal,711,711,,,df3f619804a92fdb4057192dc43dd748ea778adc52bc498ce80524c014b81119,df3f619804a92fdb4057192dc43dd748ea778adc52bc498ce80524c014b81119,4,4,,
"Pokémon Diamond Version (USA, ADAE, header ROM version 5)","Pokémon Pearl Version (USA, APAE, header ROM version 5)",/application/zukanlist/zkn_data/zukan_enc_diamond.narc,equal,712,712,,,df3f619804a92fdb4057192dc43dd748ea778adc52bc498ce80524c014b81119,df3f619804a92fdb4057192dc43dd748ea778adc52bc498ce80524c014b81119,4,4,,
"Pokémon Diamond Version (USA, ADAE, header ROM version 5)","Pokémon Pearl Version (USA, APAE, header ROM version 5)",/application/zukanlist/zkn_data/zukan_enc_diamond.narc,equal,713,713,,,df3f619804a92fdb4057192dc43dd748ea778adc52bc498ce80524c014b81119,df3f619804a92fdb4057192dc43dd748ea778adc52bc498ce80524c014b81119,4,4,,
"Pokémon Diamond Version (USA, ADAE, header ROM version 5)","Pokémon Pearl Version (USA, APAE, header ROM version 5)",/application/zukanlist/zkn_data/zukan_enc_diamond.narc,equal,714,714,,,70a843665ee27a264898c82c86bbb3489574321bc16c89a0e50275c369746374,70a843665ee27a264898c82c86bbb3489574321bc16c89a0e50275c369746374,12,12,,
"Pokémon Diamond Version (USA, ADAE, header ROM version 5)","Pokémon Pearl Version (USA, APAE, header ROM version 5)",/application/zukanlist/zkn_data/zukan_enc_diamond.narc,equal,715,715,,,df3f619804a92fdb4057192dc43dd748ea778adc52bc498ce80524c014b81119,df3f619804a92fdb4057192dc43dd748ea778adc52bc498ce80524c014b81119,4,4,,
"Pokémon Diamond Version (USA, ADAE, header ROM version 5)","Pokémon Pearl Version (USA, APAE, header ROM version 5)",/application/zukanlist/zkn_data/zukan_enc_diamond.narc,equal,716,716,,,df3f619804a92fdb4057192dc43dd748ea778adc52bc498ce80524c014b81119,df3f619804a92fdb4057192dc43dd748ea778adc52bc498ce80524c014b81119,4,4,,
"Pokémon Diamond Version (USA, ADAE, header ROM version 5)","Pokémon Pearl Version (USA, APAE, header ROM version 5)",/application/zukanlist/zkn_data/zukan_enc_diamond.narc,equal,717,717,,,cbbd5f990c53684d7ae650b40fcb5656e02261b53da5f6a7d8c819c92f2828f8,cbbd5f990c53684d7ae650b40fcb5656e02261b53da5f6a7d8c819c92f2828f8,8,8,,
"Pokémon Diamond Version (USA, ADAE, header ROM version 5)","Pokémon Pearl Version (USA, APAE, header ROM version 5)",/application/zukanlist/zkn_data/zukan_enc_diamond.narc,equal,718,718,,,cbbd5f990c53684d7ae650b40fcb5656e02261b53da5f6a7d8c819c92f2828f8,cbbd5f990c53684d7ae650b40fcb5656e02261b53da5f6a7d8c819c92f2828f8,8,8,,
"Pokémon Diamond Version (USA, ADAE, header ROM version 5)","Pokémon Pearl Version (USA, APAE, header ROM version 5)",/application/zukanlist/zkn_data/zukan_enc_diamond.narc,equal,719,719,,,df3f619804a92fdb4057192dc43dd748ea778adc52bc498ce80524c014b81119,df3f619804a92fdb4057192dc43dd748ea778adc52bc498ce80524c014b81119,4,4,,
"Pokémon Diamond Version (USA, ADAE, header ROM version 5)","Pokémon Pearl Version (USA, APAE, header ROM version 5)",/application/zukanlist/zkn_data/zukan_enc_diamond.narc,equal,720,720,,,df3f619804a92fdb4057192dc43dd748ea778adc52bc498ce80524c014b81119,df3f619804a92fdb4057192dc43dd748ea778adc52bc498ce80524c014b81119,4,4,,
"Pokémon Diamond Version (USA, ADAE, header ROM version 5)","Pokémon Pearl Version (USA, APAE, header ROM version 5)",/application/zukanlist/zkn_data/zukan_enc_diamond.narc,equal,721,721,,,df3f619804a92fdb4057192dc43dd748ea778adc52bc498ce80524c014b81119,df3f619804a92fdb4057192dc43dd748ea778adc52bc498ce80524c014b81119,4,4,,
"Pokémon Diamond Version (USA, ADAE, header ROM version 5)","Pokémon Pearl Version (USA, APAE, header ROM version 5)",/application/zukanlist/zkn_data/zukan_enc_diamond.narc,equal,722,722,,,df3f619804a92fdb4057192dc43dd748ea778adc52bc498ce80524c014b81119,df3f619804a92fdb4057192dc43dd748ea778adc52bc498ce80524c014b81119,4,4,,
"Pokémon Diamond Version (USA, ADAE, header ROM version 5)","Pokémon Pearl Version (USA, APAE, header ROM version 5)",/application/zukanlist/zkn_data/zukan_enc_diamond.narc,equal,723,723,,,df3f619804a92fdb4057192dc43dd748ea778adc52bc498ce80524c014b81119,df3f619804a92fdb4057192dc43dd748ea778adc52bc498ce80524c014b81119,4,4,,
"Pokémon Diamond Version (USA, ADAE, header ROM version 5)","Pokémon Pearl Version (USA, APAE, header ROM version 5)",/application/zukanlist/zkn_data/zukan_enc_diamond.narc,equal,724,724,,,df3f619804a92fdb4057192dc43dd748ea778adc52bc498ce80524c014b81119,df3f619804a92fdb4057192dc43dd748ea778adc52bc498ce80524c014b81119,4,4,,
"Pokémon Diamond Version (USA, ADAE, header ROM version 5)","Pokémon Pearl Version (USA, APAE, header ROM version 5)",/application/zukanlist/zkn_data/zukan_enc_diamond.narc,equal,725,725,,,df3f619804a92fdb4057192dc43dd748ea778adc52bc498ce80524c014b81119,df3f619804a92fdb4057192dc43dd748ea778adc52bc498ce80524c014b81119,4,4,,
"Pokémon Diamond Version (USA, ADAE, header ROM version 5)","Pokémon Pearl Version (USA, APAE, header ROM version 5)",/application/zukanlist/zkn_data/zukan_enc_diamond.narc,equal,726,726,,,df3f619804a92fdb4057192dc43dd748ea778adc52bc498ce80524c014b81119,df3f619804a92fdb4057192dc43dd748ea778adc52bc498ce80524c014b81119,4,4,,
"Pokémon Diamond Version (USA, ADAE, header ROM version 5)","Pokémon Pearl Version (USA, APAE, header ROM version 5)",/application/zukanlist/zkn_data/zukan_enc_diamond.narc,equal,727,727,,,df3f619804a92fdb4057192dc43dd748ea778adc52bc498ce80524c014b81119,df3f619804a92fdb4057192dc43dd748ea778adc52bc498ce80524c014b81119,4,4,,
"Pokémon Diamond Version (USA, ADAE, header ROM version 5)","Pokémon Pearl Version (USA, APAE, header ROM version 5)",/application/zukanlist/zkn_data/zukan_enc_diamond.narc,equal,728,728,,,df3f619804a92fdb4057192dc43dd748ea778adc52bc498ce80524c014b81119,df3f619804a92fdb4057192dc43dd748ea778adc52bc498ce80524c014b81119,4,4,,
"Pokémon Diamond Version (USA, ADAE, header ROM version 5)","Pokémon Pearl Version (USA, APAE, header ROM version 5)",/application/zukanlist/zkn_data/zukan_enc_diamond.narc,equal,729,729,,,df3f619804a92fdb4057192dc43dd748ea778adc52bc498ce80524c014b81119,df3f619804a92fdb4057192dc43dd748ea778adc52bc498ce80524c014b81119,4,4,,
"Pokémon Diamond Version (USA, ADAE, header ROM version 5)","Pokémon Pearl Version (USA, APAE, header ROM version 5)",/application/zukanlist/zkn_data/zukan_enc_diamond.narc,equal,730,730,,,df3f619804a92fdb4057192dc43dd748ea778adc52bc498ce80524c014b81119,df3f619804a92fdb4057192dc43dd748ea778adc52bc498ce80524c014b81119,4,4,,
"Pokémon Diamond Version (USA, ADAE, header ROM version 5)","Pokémon Pearl Version (USA, APAE, header ROM version 5)",/application/zukanlist/zkn_data/zukan_enc_diamond.narc,equal,731,731,,,df3f619804a92fdb4057192dc43dd748ea778adc52bc498ce80524c014b81119,df3f619804a92fdb4057192dc43dd748ea778adc52bc498ce80524c014b81119,4,4,,
"Pokémon Diamond Version (USA, ADAE, header ROM version 5)","Pokémon Pearl Version (USA, APAE, header ROM version 5)",/application/zukanlist/zkn_data/zukan_enc_diamond.narc,equal,732,732,,,df3f619804a92fdb4057192dc43dd748ea778adc52bc498ce80524c014b81119,df3f619804a92fdb4057192dc43dd748ea778adc52bc498ce80524c014b81119,4,4,,
"Pokémon Diamond Version (USA, ADAE, header ROM version 5)","Pokémon Pearl Version (USA, APAE, header ROM version 5)",/application/zukanlist/zkn_data/zukan_enc_diamond.narc,equal,733,733,,,df3f619804a92fdb4057192dc43dd748ea778adc52bc498ce80524c014b81119,df3f619804a92fdb4057192dc43dd748ea778adc52bc498ce80524c014b81119,4,4,,
"Pokémon Diamond Version (USA, ADAE, header ROM version 5)","Pokémon Pearl Version (USA, APAE, header ROM version 5)",/application/zukanlist/zkn_data/zukan_enc_diamond.narc,equal,734,734,,,df3f619804a92fdb4057192dc43dd748ea778adc52bc498ce80524c014b81119,df3f619804a92fdb4057192dc43dd748ea778adc52bc498ce80524c014b81119,4,4,,
"Pokémon Diamond Version (USA, ADAE, header ROM version 5)","Pokémon Pearl Version (USA, APAE, header ROM version 5)",/application/zukanlist/zkn_data/zukan_enc_diamond.narc,equal,735,735,,,df3f619804a92fdb4057192dc43dd748ea778adc52bc498ce80524c014b81119,df3f619804a92fdb4057192dc43dd748ea778adc52bc498ce80524c014b81119,4,4,,
"Pokémon Diamond Version (USA, ADAE, header ROM version 5)","Pokémon Pearl Version (USA, APAE, header ROM version 5)",/application/zukanlist/zkn_data/zukan_enc_diamond.narc,equal,736,736,,,df3f619804a92fdb4057192dc43dd748ea778adc52bc498ce80524c014b81119,df3f619804a92fdb4057192dc43dd748ea778adc52bc498ce80524c014b81119,4,4,,
"Pokémon Diamond Version (USA, ADAE, header ROM version 5)","Pokémon Pearl Version (USA, APAE, header ROM version 5)",/application/zukanlist/zkn_data/zukan_enc_diamond.narc,equal,737,737,,,df3f619804a92fdb4057192dc43dd748ea778adc52bc498ce80524c014b81119,df3f619804a92fdb4057192dc43dd748ea778adc52bc498ce80524c014b81119,4,4,,
"Pokémon Diamond Version (USA, ADAE, header ROM version 5)","Pokémon Pearl Version (USA, APAE, header ROM version 5)",/application/zukanlist/zkn_data/zukan_enc_diamond.narc,equal,738,738,,,df3f619804a92fdb4057192dc43dd748ea778adc52bc498ce80524c014b81119,df3f619804a92fdb4057192dc43dd748ea778adc52bc498ce80524c014b81119,4,4,,
"Pokémon Diamond Version (USA, ADAE, header ROM version 5)","Pokémon Pearl Version (USA, APAE, header ROM version 5)",/application/zukanlist/zkn_data/zukan_enc_diamond.narc,equal,739,739,,,df3f619804a92fdb4057192dc43dd748ea778adc52bc498ce80524c014b81119,df3f619804a92fdb4057192dc43dd748ea778adc52bc498ce80524c014b81119,4,4,,
"Pokémon Diamond Version (USA, ADAE, header ROM version 5)","Pokémon Pearl Version (USA, APAE, header ROM version 5)",/application/zukanlist/zkn_data/zukan_enc_diamond.narc,equal,740,740,,,df3f619804a92fdb4057192dc43dd748ea778adc52bc498ce80524c014b81119,df3f619804a92fdb4057192dc43dd748ea778adc52bc498ce80524c014b81119,4,4,,
"Pokémon Diamond Version (USA, ADAE, header ROM version 5)","Pokémon Pearl Version (USA, APAE, header ROM version 5)",/application/zukanlist/zkn_data/zukan_enc_diamond.narc,equal,741,741,,,df3f619804a92fdb4057192dc43dd748ea778adc52bc498ce80524c014b81119,df3f619804a92fdb4057192dc43dd748ea778adc52bc498ce80524c014b81119,4,4,,
"Pokémon Diamond Version (USA, ADAE, header ROM version 5)","Pokémon Pearl Version (USA, APAE, header ROM version 5)",/application/zukanlist/zkn_data/zukan_enc_diamond.narc,equal,742,742,,,df3f619804a92fdb4057192dc43dd748ea778adc52bc498ce80524c014b81119,df3f619804a92fdb4057192dc43dd748ea778adc52bc498ce80524c014b81119,4,4,,
"Pokémon Diamond Version (USA, ADAE, header ROM version 5)","Pokémon Pearl Version (USA, APAE, header ROM version 5)",/application/zukanlist/zkn_data/zukan_enc_diamond.narc,equal,743,743,,,df3f619804a92fdb4057192dc43dd748ea778adc52bc498ce80524c014b81119,df3f619804a92fdb4057192dc43dd748ea778adc52bc498ce80524c014b81119,4,4,,
"Pokémon Diamond Version (USA, ADAE, header ROM version 5)","Pokémon Pearl Version (USA, APAE, header ROM version 5)",/application/zukanlist/zkn_data/zukan_enc_diamond.narc,equal,744,744,,,df3f619804a92fdb4057192dc43dd748ea778adc52bc498ce80524c014b81119,df3f619804a92fdb4057192dc43dd748ea778adc52bc498ce80524c014b81119,4,4,,
"Pokémon Diamond Version (USA, ADAE, header ROM version 5)","Pokémon Pearl Version (USA, APAE, header ROM version 5)",/application/zukanlist/zkn_data/zukan_enc_diamond.narc,equal,745,745,,,df3f619804a92fdb4057192dc43dd748ea778adc52bc498ce80524c014b81119,df3f619804a92fdb4057192dc43dd748ea778adc52bc498ce80524c014b81119,4,4,,
"Pokémon Diamond Version (USA, ADAE, header ROM version 5)","Pokémon Pearl Version (USA, APAE, header ROM version 5)",/application/zukanlist/zkn_data/zukan_enc_diamond.narc,equal,746,746,,,df3f619804a92fdb4057192dc43dd748ea778adc52bc498ce80524c014b81119,df3f619804a92fdb4057192dc43dd748ea778adc52bc498ce80524c014b81119,4,4,,
"Pokémon Diamond Version (USA, ADAE, header ROM version 5)","Pokémon Pearl Version (USA, APAE, header ROM version 5)",/application/zukanlist/zkn_data/zukan_enc_diamond.narc,equal,747,747,,,df3f619804a92fdb4057192dc43dd748ea778adc52bc498ce80524c014b81119,df3f619804a92fdb4057192dc43dd748ea778adc52bc498ce80524c014b81119,4,4,,
"Pokémon Diamond Version (USA, ADAE, header ROM version 5)","Pokémon Pearl Version (USA, APAE, header ROM version 5)",/application/zukanlist/zkn_data/zukan_enc_diamond.narc,equal,748,748,,,df3f619804a92fdb4057192dc43dd748ea778adc52bc498ce80524c014b81119,df3f619804a92fdb4057192dc43dd748ea778adc52bc498ce80524c014b81119,4,4,,
"Pokémon Diamond Version (USA, ADAE, header ROM version 5)","Pokémon Pearl Version (USA, APAE, header ROM version 5)",/application/zukanlist/zkn_data/zukan_enc_diamond.narc,equal,749,749,,,df3f619804a92fdb4057192dc43dd748ea778adc52bc498ce80524c014b81119,df3f619804a92fdb4057192dc43dd748ea778adc52bc498ce80524c014b81119,4,4,,
"Pokémon Diamond Version (USA, ADAE, header ROM version 5)","Pokémon Pearl Version (USA, APAE, header ROM version 5)",/application/zukanlist/zkn_data/zukan_enc_diamond.narc,equal,750,750,,,df3f619804a92fdb4057192dc43dd748ea778adc52bc498ce80524c014b81119,df3f619804a92fdb4057192dc43dd748ea778adc52bc498ce80524c014b81119,4,4,,
"Pokémon Diamond Version (USA, ADAE, header ROM version 5)","Pokémon Pearl Version (USA, APAE, header ROM version 5)",/application/zukanlist/zkn_data/zukan_enc_diamond.narc,equal,751,751,,,df3f619804a92fdb4057192dc43dd748ea778adc52bc498ce80524c014b81119,df3f619804a92fdb4057192dc43dd748ea778adc52bc498ce80524c014b81119,4,4,,
"Pokémon Diamond Version (USA, ADAE, header ROM version 5)","Pokémon Pearl Version (USA, APAE, header ROM version 5)",/application/zukanlist/zkn_data/zukan_enc_diamond.narc,equal,752,752,,,df3f619804a92fdb4057192dc43dd748ea778adc52bc498ce80524c014b81119,df3f619804a92fdb4057192dc43dd748ea778adc52bc498ce80524c014b81119,4,4,,
"Pokémon Diamond Version (USA, ADAE, header ROM version 5)","Pokémon Pearl Version (USA, APAE, header ROM version 5)",/application/zukanlist/zkn_data/zukan_enc_diamond.narc,equal,753,753,,,df3f619804a92fdb4057192dc43dd748ea778adc52bc498ce80524c014b81119,df3f619804a92fdb4057192dc43dd748ea778adc52bc498ce80524c014b81119,4,4,,
"Pokémon Diamond Version (USA, ADAE, header ROM version 5)","Pokémon Pearl Version (USA, APAE, header ROM version 5)",/application/zukanlist/zkn_data/zukan_enc_diamond.narc,equal,754,754,,,df3f619804a92fdb4057192dc43dd748ea778adc52bc498ce80524c014b81119,df3f619804a92fdb4057192dc43dd748ea778adc52bc498ce80524c014b81119,4,4,,
"Pokémon Diamond Version (USA, ADAE, header ROM version 5)","Pokémon Pearl Version (USA, APAE, header ROM version 5)",/application/zukanlist/zkn_data/zukan_enc_diamond.narc,equal,755,755,,,df3f619804a92fdb4057192dc43dd748ea778adc52bc498ce80524c014b81119,df3f619804a92fdb4057192dc43dd748ea778adc52bc498ce80524c014b81119,4,4,,
"Pokémon Diamond Version (USA, ADAE, header ROM version 5)","Pokémon Pearl Version (USA, APAE, header ROM version 5)",/application/zukanlist/zkn_data/zukan_enc_diamond.narc,equal,756,756,,,df3f619804a92fdb4057192dc43dd748ea778adc52bc498ce80524c014b81119,df3f619804a92fdb4057192dc43dd748ea778adc52bc498ce80524c014b81119,4,4,,
"Pokémon Diamond Version (USA, ADAE, header ROM version 5)","Pokémon Pearl Version (USA, APAE, header ROM version 5)",/application/zukanlist/zkn_data/zukan_enc_diamond.narc,equal,757,757,,,df3f619804a92fdb4057192dc43dd748ea778adc52bc498ce80524c014b81119,df3f619804a92fdb4057192dc43dd748ea778adc52bc498ce80524c014b81119,4,4,,
"Pokémon Diamond Version (USA, ADAE, header ROM version 5)","Pokémon Pearl Version (USA, APAE, header ROM version 5)",/application/zukanlist/zkn_data/zukan_enc_diamond.narc,equal,758,758,,,df3f619804a92fdb4057192dc43dd748ea778adc52bc498ce80524c014b81119,df3f619804a92fdb4057192dc43dd748ea778adc52bc498ce80524c014b81119,4,4,,
"Pokémon Diamond Version (USA, ADAE, header ROM version 5)","Pokémon Pearl Version (USA, APAE, header ROM version 5)",/application/zukanlist/zkn_data/zukan_enc_diamond.narc,equal,759,759,,,df3f619804a92fdb4057192dc43dd748ea778adc52bc498ce80524c014b81119,df3f619804a92fdb4057192dc43dd748ea778adc52bc498ce80524c014b81119,4,4,,
"Pokémon Diamond Version (USA, ADAE, header ROM version 5)","Pokémon Pearl Version (USA, APAE, header ROM version 5)",/application/zukanlist/zkn_data/zukan_enc_diamond.narc,equal,760,760,,,df3f619804a92fdb4057192dc43dd748ea778adc52bc498ce80524c014b81119,df3f619804a92fdb4057192dc43dd748ea778adc52bc498ce80524c014b81119,4,4,,
"Pokémon Diamond Version (USA, ADAE, header ROM version 5)","Pokémon Pearl Version (USA, APAE, header ROM version 5)",/application/zukanlist/zkn_data/zukan_enc_diamond.narc,equal,761,761,,,df3f619804a92fdb4057192dc43dd748ea778adc52bc498ce80524c014b81119,df3f619804a92fdb4057192dc43dd748ea778adc52bc498ce80524c014b81119,4,4,,
"Pokémon Diamond Version (USA, ADAE, header ROM version 5)","Pokémon Pearl Version (USA, APAE, header ROM version 5)",/application/zukanlist/zkn_data/zukan_enc_diamond.narc,equal,762,762,,,df3f619804a92fdb4057192dc43dd748ea778adc52bc498ce80524c014b81119,df3f619804a92fdb4057192dc43dd748ea778adc52bc498ce80524c014b81119,4,4,,
"Pokémon Diamond Version (USA, ADAE, header ROM version 5)","Pokémon Pearl Version (USA, APAE, header ROM version 5)",/application/zukanlist/zkn_data/zukan_enc_diamond.narc,equal,763,763,,,df3f619804a92fdb4057192dc43dd748ea778adc52bc498ce80524c014b81119,df3f619804a92fdb4057192dc43dd748ea778adc52bc498ce80524c014b81119,4,4,,
"Pokémon Diamond Version (USA, ADAE, header ROM version 5)","Pokémon Pearl Version (USA, APAE, header ROM version 5)",/application/zukanlist/zkn_data/zukan_enc_diamond.narc,equal,764,764,,,d86e8112f3c4c4442126f8e9f44f16867da487f29052bf91b810457db34209a4,d86e8112f3c4c4442126f8e9f44f16867da487f29052bf91b810457db34209a4,8,8,,
"Pokémon Diamond Version (USA, ADAE, header ROM version 5)","Pokémon Pearl Version (USA, APAE, header ROM version 5)",/application/zukanlist/zkn_data/zukan_enc_diamond.narc,equal,765,765,,,d86e8112f3c4c4442126f8e9f44f16867da487f29052bf91b810457db34209a4,d86e8112f3c4c4442126f8e9f44f16867da487f29052bf91b810457db34209a4,8,8,,
"Pokémon Diamond Version (USA, ADAE, header ROM version 5)","Pokémon Pearl Version (USA, APAE, header ROM version 5)",/application/zukanlist/zkn_data/zukan_enc_diamond.narc,equal,766,766,,,d86e8112f3c4c4442126f8e9f44f16867da487f29052bf91b810457db34209a4,d86e8112f3c4c4442126f8e9f44f16867da487f29052bf91b810457db34209a4,8,8,,
"Pokémon Diamond Version (USA, ADAE, header ROM version 5)","Pokémon Pearl Version (USA, APAE, header ROM version 5)",/application/zukanlist/zkn_data/zukan_enc_diamond.narc,equal,767,767,,,df3f619804a92fdb4057192dc43dd748ea778adc52bc498ce80524c014b81119,df3f619804a92fdb4057192dc43dd748ea778adc52bc498ce80524c014b81119,4,4,,
"Pokémon Diamond Version (USA, ADAE, header ROM version 5)","Pokémon Pearl Version (USA, APAE, header ROM version 5)",/application/zukanlist/zkn_data/zukan_enc_diamond.narc,equal,768,768,,,df3f619804a92fdb4057192dc43dd748ea778adc52bc498ce80524c014b81119,df3f619804a92fdb4057192dc43dd748ea778adc52bc498ce80524c014b81119,4,4,,
"Pokémon Diamond Version (USA, ADAE, header ROM version 5)","Pokémon Pearl Version (USA, APAE, header ROM version 5)",/application/zukanlist/zkn_data/zukan_enc_diamond.narc,equal,769,769,,,df3f619804a92fdb4057192dc43dd748ea778adc52bc498ce80524c014b81119,df3f619804a92fdb4057192dc43dd748ea778adc52bc498ce80524c014b81119,4,4,,
"Pokémon Diamond Version (USA, ADAE, header ROM version 5)","Pokémon Pearl Version (USA, APAE, header ROM version 5)",/application/zukanlist/zkn_data/zukan_enc_diamond.narc,equal,770,770,,,df3f619804a92fdb4057192dc43dd748ea778adc52bc498ce80524c014b81119,df3f619804a92fdb4057192dc43dd748ea778adc52bc498ce80524c014b81119,4,4,,
"Pokémon Diamond Version (USA, ADAE, header ROM version 5)","Pokémon Pearl Version (USA, APAE, header ROM version 5)",/application/zukanlist/zkn_data/zukan_enc_diamond.narc,equal,771,771,,,df3f619804a92fdb4057192dc43dd748ea778adc52bc498ce80524c014b81119,df3f619804a92fdb4057192dc43dd748ea778adc52bc498ce80524c014b81119,4,4,,
"Pokémon Diamond Version (USA, ADAE, header ROM version 5)","Pokémon Pearl Version (USA, APAE, header ROM version 5)",/application/zukanlist/zkn_data/zukan_enc_diamond.narc,equal,772,772,,,df3f619804a92fdb4057192dc43dd748ea778adc52bc498ce80524c014b81119,df3f619804a92fdb4057192dc43dd748ea778adc52bc498ce80524c014b81119,4,4,,
"Pokémon Diamond Version (USA, ADAE, header ROM version 5)","Pokémon Pearl Version (USA, APAE, header ROM version 5)",/application/zukanlist/zkn_data/zukan_enc_diamond.narc,equal,773,773,,,df3f619804a92fdb4057192dc43dd748ea778adc52bc498ce80524c014b81119,df3f619804a92fdb4057192dc43dd748ea778adc52bc498ce80524c014b81119,4,4,,
"Pokémon Diamond Version (USA, ADAE, header ROM version 5)","Pokémon Pearl Version (USA, APAE, header ROM version 5)",/application/zukanlist/zkn_data/zukan_enc_diamond.narc,equal,774,774,,,df3f619804a92fdb4057192dc43dd748ea778adc52bc498ce80524c014b81119,df3f619804a92fdb4057192dc43dd748ea778adc52bc498ce80524c014b81119,4,4,,
"Pokémon Diamond Version (USA, ADAE, header ROM version 5)","Pokémon Pearl Version (USA, APAE, header ROM version 5)",/application/zukanlist/zkn_data/zukan_enc_diamond.narc,equal,775,775,,,df3f619804a92fdb4057192dc43dd748ea778adc52bc498ce80524c014b81119,df3f619804a92fdb4057192dc43dd748ea778adc52bc498ce80524c014b81119,4,4,,
"Pokémon Diamond Version (USA, ADAE, header ROM version 5)","Pokémon Pearl Version (USA, APAE, header ROM version 5)",/application/zukanlist/zkn_data/zukan_enc_diamond.narc,equal,776,776,,,df3f619804a92fdb4057192dc43dd748ea778adc52bc498ce80524c014b81119,df3f619804a92fdb4057192dc43dd748ea778adc52bc498ce80524c014b81119,4,4,,
"Pokémon Diamond Version (USA, ADAE, header ROM version 5)","Pokémon Pearl Version (USA, APAE, header ROM version 5)",/application/zukanlist/zkn_data/zukan_enc_diamond.narc,equal,777,777,,,df3f619804a92fdb4057192dc43dd748ea778adc52bc498ce80524c014b81119,df3f619804a92fdb4057192dc43dd748ea778adc52bc498ce80524c014b81119,4,4,,
"Pokémon Diamond Version (USA, ADAE, header ROM version 5)","Pokémon Pearl Version (USA, APAE, header ROM version 5)",/application/zukanlist/zkn_data/zukan_enc_diamond.narc,equal,778,778,,,df3f619804a92fdb4057192dc43dd748ea778adc52bc498ce80524c014b81119,df3f619804a92fdb4057192dc43dd748ea778adc52bc498ce80524c014b81119,4,4,,
"Pokémon Diamond Version (USA, ADAE, header ROM version 5)","Pokémon Pearl Version (USA, APAE, header ROM version 5)",/application/zukanlist/zkn_data/zukan_enc_diamond.narc,equal,779,779,,,df3f619804a92fdb4057192dc43dd748ea778adc52bc498ce80524c014b81119,df3f619804a92fdb4057192dc43dd748ea778adc52bc498ce80524c014b81119,4,4,,
"Pokémon Diamond Version (USA, ADAE, header ROM version 5)","Pokémon Pearl Version (USA, APAE, header ROM version 5)",/application/zukanlist/zkn_data/zukan_enc_diamond.narc,equal,780,780,,,df3f619804a92fdb4057192dc43dd748ea778adc52bc498ce80524c014b81119,df3f619804a92fdb4057192dc43dd748ea778adc52bc498ce80524c014b81119,4,4,,
"Pokémon Diamond Version (USA, ADAE, header ROM version 5)","Pokémon Pearl Version (USA, APAE, header ROM version 5)",/application/zukanlist/zkn_data/zukan_enc_diamond.narc,equal,781,781,,,df3f619804a92fdb4057192dc43dd748ea778adc52bc498ce80524c014b81119,df3f619804a92fdb4057192dc43dd748ea778adc52bc498ce80524c014b81119,4,4,,
"Pokémon Diamond Version (USA, ADAE, header ROM version 5)","Pokémon Pearl Version (USA, APAE, header ROM version 5)",/application/zukanlist/zkn_data/zukan_enc_diamond.narc,equal,782,782,,,df3f619804a92fdb4057192dc43dd748ea778adc52bc498ce80524c014b81119,df3f619804a92fdb4057192dc43dd748ea778adc52bc498ce80524c014b81119,4,4,,
"Pokémon Diamond Version (USA, ADAE, header ROM version 5)","Pokémon Pearl Version (USA, APAE, header ROM version 5)",/application/zukanlist/zkn_data/zukan_enc_diamond.narc,equal,783,783,,,df3f619804a92fdb4057192dc43dd748ea778adc52bc498ce80524c014b81119,df3f619804a92fdb4057192dc43dd748ea778adc52bc498ce80524c014b81119,4,4,,
"Pokémon Diamond Version (USA, ADAE, header ROM version 5)","Pokémon Pearl Version (USA, APAE, header ROM version 5)",/application/zukanlist/zkn_data/zukan_enc_diamond.narc,equal,784,784,,,df3f619804a92fdb4057192dc43dd748ea778adc52bc498ce80524c014b81119,df3f619804a92fdb4057192dc43dd748ea778adc52bc498ce80524c014b81119,4,4,,
"Pokémon Diamond Version (USA, ADAE, header ROM version 5)","Pokémon Pearl Version (USA, APAE, header ROM version 5)",/application/zukanlist/zkn_data/zukan_enc_diamond.narc,equal,785,785,,,df3f619804a92fdb4057192dc43dd748ea778adc52bc498ce80524c014b81119,df3f619804a92fdb4057192dc43dd748ea778adc52bc498ce80524c014b81119,4,4,,
"Pokémon Diamond Version (USA, ADAE, header ROM version 5)","Pokémon Pearl Version (USA, APAE, header ROM version 5)",/application/zukanlist/zkn_data/zukan_enc_diamond.narc,equal,786,786,,,df3f619804a92fdb4057192dc43dd748ea778adc52bc498ce80524c014b81119,df3f619804a92fdb4057192dc43dd748ea778adc52bc498ce80524c014b81119,4,4,,
"Pokémon Diamond Version (USA, ADAE, header ROM version 5)","Pokémon Pearl Version (USA, APAE, header ROM version 5)",/application/zukanlist/zkn_data/zukan_enc_diamond.narc,equal,787,787,,,df3f619804a92fdb4057192dc43dd748ea778adc52bc498ce80524c014b81119,df3f619804a92fdb4057192dc43dd748ea778adc52bc498ce80524c014b81119,4,4,,
"Pokémon Diamond Version (USA, ADAE, header ROM version 5)","Pokémon Pearl Version (USA, APAE, header ROM version 5)",/application/zukanlist/zkn_data/zukan_enc_diamond.narc,equal,788,788,,,df3f619804a92fdb4057192dc43dd748ea778adc52bc498ce80524c014b81119,df3f619804a92fdb4057192dc43dd748ea778adc52bc498ce80524c014b81119,4,4,,
"Pokémon Diamond Version (USA, ADAE, header ROM version 5)","Pokémon Pearl Version (USA, APAE, header ROM version 5)",/application/zukanlist/zkn_data/zukan_enc_diamond.narc,equal,789,789,,,df3f619804a92fdb4057192dc43dd748ea778adc52bc498ce80524c014b81119,df3f619804a92fdb4057192dc43dd748ea778adc52bc498ce80524c014b81119,4,4,,
"Pokémon Diamond Version (USA, ADAE, header ROM version 5)","Pokémon Pearl Version (USA, APAE, header ROM version 5)",/application/zukanlist/zkn_data/zukan_enc_diamond.narc,equal,790,790,,,df3f619804a92fdb4057192dc43dd748ea778adc52bc498ce80524c014b81119,df3f619804a92fdb4057192dc43dd748ea778adc52bc498ce80524c014b81119,4,4,,
"Pokémon Diamond Version (USA, ADAE, header ROM version 5)","Pokémon Pearl Version (USA, APAE, header ROM version 5)",/application/zukanlist/zkn_data/zukan_enc_diamond.narc,equal,791,791,,,df3f619804a92fdb4057192dc43dd748ea778adc52bc498ce80524c014b81119,df3f619804a92fdb4057192dc43dd748ea778adc52bc498ce80524c014b81119,4,4,,
"Pokémon Diamond Version (USA, ADAE, header ROM version 5)","Pokémon Pearl Version (USA, APAE, header ROM version 5)",/application/zukanlist/zkn_data/zukan_enc_diamond.narc,equal,792,792,,,df3f619804a92fdb4057192dc43dd748ea778adc52bc498ce80524c014b81119,df3f619804a92fdb4057192dc43dd748ea778adc52bc498ce80524c014b81119,4,4,,
"Pokémon Diamond Version (USA, ADAE, header ROM version 5)","Pokémon Pearl Version (USA, APAE, header ROM version 5)",/application/zukanlist/zkn_data/zukan_enc_diamond.narc,equal,793,793,,,df3f619804a92fdb4057192dc43dd748ea778adc52bc498ce80524c014b81119,df3f619804a92fdb4057192dc43dd748ea778adc52bc498ce80524c014b81119,4,4,,
"Pokémon Diamond Version (USA, ADAE, header ROM version 5)","Pokémon Pearl Version (USA, APAE, header ROM version 5)",/application/zukanlist/zkn_data/zukan_enc_diamond.narc,equal,794,794,,,df3f619804a92fdb4057192dc43dd748ea778adc52bc498ce80524c014b81119,df3f619804a92fdb4057192dc43dd748ea778adc52bc498ce80524c014b81119,4,4,,
"Pokémon Diamond Version (USA, ADAE, header ROM version 5)","Pokémon Pearl Version (USA, APAE, header ROM version 5)",/application/zukanlist/zkn_data/zukan_enc_diamond.narc,equal,795,795,,,df3f619804a92fdb4057192dc43dd748ea778adc52bc498ce80524c014b81119,df3f619804a92fdb4057192dc43dd748ea778adc52bc498ce80524c014b81119,4,4,,
"Pokémon Diamond Version (USA, ADAE, header ROM version 5)","Pokémon Pearl Version (USA, APAE, header ROM version 5)",/application/zukanlist/zkn_data/zukan_enc_diamond.narc,equal,796,796,,,df3f619804a92fdb4057192dc43dd748ea778adc52bc498ce80524c014b81119,df3f619804a92fdb4057192dc43dd748ea778adc52bc498ce80524c014b81119,4,4,,
"Pokémon Diamond Version (USA, ADAE, header ROM version 5)","Pokémon Pearl Version (USA, APAE, header ROM version 5)",/application/zukanlist/zkn_data/zukan_enc_diamond.narc,equal,797,797,,,f0a0278e4372459cca6159cd5e71cfee638302a7b9ca9b05c34181ac0a65ac5d,f0a0278e4372459cca6159cd5e71cfee638302a7b9ca9b05c34181ac0a65ac5d,8,8,,
"Pokémon Diamond Version (USA, ADAE, header ROM version 5)","Pokémon Pearl Version (USA, APAE, header ROM version 5)",/application/zukanlist/zkn_data/zukan_enc_diamond.narc,equal,798,798,,,df3f619804a92fdb4057192dc43dd748ea778adc52bc498ce80524c014b81119,df3f619804a92fdb4057192dc43dd748ea778adc52bc498ce80524c014b81119,4,4,,
"Pokémon Diamond Version (USA, ADAE, header ROM version 5)","Pokémon Pearl Version (USA, APAE, header ROM version 5)",/application/zukanlist/zkn_data/zukan_enc_diamond.narc,equal,799,799,,,df3f619804a92fdb4057192dc43dd748ea778adc52bc498ce80524c014b81119,df3f619804a92fdb4057192dc43dd748ea778adc52bc498ce80524c014b81119,4,4,,
"Pokémon Diamond Version (USA, ADAE, header ROM version 5)","Pokémon Pearl Version (USA, APAE, header ROM version 5)",/application/zukanlist/zkn_data/zukan_enc_diamond.narc,equal,800,800,,,df3f619804a92fdb4057192dc43dd748ea778adc52bc498ce80524c014b81119,df3f619804a92fdb4057192dc43dd748ea778adc52bc498ce80524c014b81119,4,4,,
"Pokémon Diamond Version (USA, ADAE, header ROM version 5)","Pokémon Pearl Version (USA, APAE, header ROM version 5)",/application/zukanlist/zkn_data/zukan_enc_diamond.narc,equal,801,801,,,df3f619804a92fdb4057192dc43dd748ea778adc52bc498ce80524c014b81119,df3f619804a92fdb4057192dc43dd748ea778adc52bc498ce80524c014b81119,4,4,,
"Pokémon Diamond Version (USA, ADAE, header ROM version 5)","Pokémon Pearl Version (USA, APAE, header ROM version 5)",/application/zukanlist/zkn_data/zukan_enc_diamond.narc,equal,802,802,,,df3f619804a92fdb4057192dc43dd748ea778adc52bc498ce80524c014b81119,df3f619804a92fdb4057192dc43dd748ea778adc52bc498ce80524c014b81119,4,4,,
"Pokémon Diamond Version (USA, ADAE, header ROM version 5)","Pokémon Pearl Version (USA, APAE, header ROM version 5)",/application/zukanlist/zkn_data/zukan_enc_diamond.narc,equal,803,803,,,df3f619804a92fdb4057192dc43dd748ea778adc52bc498ce80524c014b81119,df3f619804a92fdb4057192dc43dd748ea778adc52bc498ce80524c014b81119,4,4,,
"Pokémon Diamond Version (USA, ADAE, header ROM version 5)","Pokémon Pearl Version (USA, APAE, header ROM version 5)",/application/zukanlist/zkn_data/zukan_enc_diamond.narc,equal,804,804,,,df3f619804a92fdb4057192dc43dd748ea778adc52bc498ce80524c014b81119,df3f619804a92fdb4057192dc43dd748ea778adc52bc498ce80524c014b81119,4,4,,
"Pokémon Diamond Version (USA, ADAE, header ROM version 5)","Pokémon Pearl Version (USA, APAE, header ROM version 5)",/application/zukanlist/zkn_data/zukan_enc_diamond.narc,equal,805,805,,,df3f619804a92fdb4057192dc43dd748ea778adc52bc498ce80524c014b81119,df3f619804a92fdb4057192dc43dd748ea778adc52bc498ce80524c014b81119,4,4,,
"Pokémon Diamond Version (USA, ADAE, header ROM version 5)","Pokémon Pearl Version (USA, APAE, header ROM version 5)",/application/zukanlist/zkn_data/zukan_enc_diamond.narc,equal,806,806,,,35be322d094f9d154a8aba4733b8497f180353bd7ae7b0a15f90b586b549f28b,35be322d094f9d154a8aba4733b8497f180353bd7ae7b0a15f90b586b549f28b,8,8,,
"Pokémon Diamond Version (USA, ADAE, header ROM version 5)","Pokémon Pearl Version (USA, APAE, header ROM version 5)",/application/zukanlist/zkn_data/zukan_enc_diamond.narc,equal,807,807,,,656d161f98e952a376323ae2ff86c6a8af5b3c9f93c7901cda817d6dde464270,656d161f98e952a376323ae2ff86c6a8af5b3c9f93c7901cda817d6dde464270,12,12,,
"Pokémon Diamond Version (USA, ADAE, header ROM version 5)","Pokémon Pearl Version (USA, APAE, header ROM version 5)",/application/zukanlist/zkn_data/zukan_enc_diamond.narc,equal,808,808,,,df3f619804a92fdb4057192dc43dd748ea778adc52bc498ce80524c014b81119,df3f619804a92fdb4057192dc43dd748ea778adc52bc498ce80524c014b81119,4,4,,
"Pokémon Diamond Version (USA, ADAE, header ROM version 5)","Pokémon Pearl Version (USA, APAE, header ROM version 5)",/application/zukanlist/zkn_data/zukan_enc_diamond.narc,equal,809,809,,,df3f619804a92fdb4057192dc43dd748ea778adc52bc498ce80524c014b81119,df3f619804a92fdb4057192dc43dd748ea778adc52bc498ce80524c014b81119,4,4,,
"Pokémon Diamond Version (USA, ADAE, header ROM version 5)","Pokémon Pearl Version (USA, APAE, header ROM version 5)",/application/zukanlist/zkn_data/zukan_enc_diamond.narc,equal,810,810,,,df3f619804a92fdb4057192dc43dd748ea778adc52bc498ce80524c014b81119,df3f619804a92fdb4057192dc43dd748ea778adc52bc498ce80524c014b81119,4,4,,
"Pokémon Diamond Version (USA, ADAE, header ROM version 5)","Pokémon Pearl Version (USA, APAE, header ROM version 5)",/application/zukanlist/zkn_data/zukan_enc_diamond.narc,equal,811,811,,,df3f619804a92fdb4057192dc43dd748ea778adc52bc498ce80524c014b81119,df3f619804a92fdb4057192dc43dd748ea778adc52bc498ce80524c014b81119,4,4,,
"Pokémon Diamond Version (USA, ADAE, header ROM version 5)","Pokémon Pearl Version (USA, APAE, header ROM version 5)",/application/zukanlist/zkn_data/zukan_enc_diamond.narc,equal,812,812,,,df3f619804a92fdb4057192dc43dd748ea778adc52bc498ce80524c014b81119,df3f619804a92fdb4057192dc43dd748ea778adc52bc498ce80524c014b81119,4,4,,
"Pokémon Diamond Version (USA, ADAE, header ROM version 5)","Pokémon Pearl Version (USA, APAE, header ROM version 5)",/application/zukanlist/zkn_data/zukan_enc_diamond.narc,equal,813,813,,,df3f619804a92fdb4057192dc43dd748ea778adc52bc498ce80524c014b81119,df3f619804a92fdb4057192dc43dd748ea778adc52bc498ce80524c014b81119,4,4,,
"Pokémon Diamond Version (USA, ADAE, header ROM version 5)","Pokémon Pearl Version (USA, APAE, header ROM version 5)",/application/zukanlist/zkn_data/zukan_enc_diamond.narc,equal,814,814,,,18d8d609947c6b82b9607704ae40d3317038e709238514de750b5c7411ba4c20,18d8d609947c6b82b9607704ae40d3317038e709238514de750b5c7411ba4c20,8,8,,
"Pokémon Diamond Version (USA, ADAE, header ROM version 5)","Pokémon Pearl Version (USA, APAE, header ROM version 5)",/application/zukanlist/zkn_data/zukan_enc_diamond.narc,equal,815,815,,,df3f619804a92fdb4057192dc43dd748ea778adc52bc498ce80524c014b81119,df3f619804a92fdb4057192dc43dd748ea778adc52bc498ce80524c014b81119,4,4,,
"Pokémon Diamond Version (USA, ADAE, header ROM version 5)","Pokémon Pearl Version (USA, APAE, header ROM version 5)",/application/zukanlist/zkn_data/zukan_enc_diamond.narc,equal,816,816,,,df3f619804a92fdb4057192dc43dd748ea778adc52bc498ce80524c014b81119,df3f619804a92fdb4057192dc43dd748ea778adc52bc498ce80524c014b81119,4,4,,
"Pokémon Diamond Version (USA, ADAE, header ROM version 5)","Pokémon Pearl Version (USA, APAE, header ROM version 5)",/application/zukanlist/zkn_data/zukan_enc_diamond.narc,equal,817,817,,,f0a0278e4372459cca6159cd5e71cfee638302a7b9ca9b05c34181ac0a65ac5d,f0a0278e4372459cca6159cd5e71cfee638302a7b9ca9b05c34181ac0a65ac5d,8,8,,
"Pokémon Diamond Version (USA, ADAE, header ROM version 5)","Pokémon Pearl Version (USA, APAE, header ROM version 5)",/application/zukanlist/zkn_data/zukan_enc_diamond.narc,equal,818,818,,,df3f619804a92fdb4057192dc43dd748ea778adc52bc498ce80524c014b81119,df3f619804a92fdb4057192dc43dd748ea778adc52bc498ce80524c014b81119,4,4,,
"Pokémon Diamond Version (USA, ADAE, header ROM version 5)","Pokémon Pearl Version (USA, APAE, header ROM version 5)",/application/zukanlist/zkn_data/zukan_enc_diamond.narc,equal,819,819,,,df3f619804a92fdb4057192dc43dd748ea778adc52bc498ce80524c014b81119,df3f619804a92fdb4057192dc43dd748ea778adc52bc498ce80524c014b81119,4,4,,
"Pokémon Diamond Version (USA, ADAE, header ROM version 5)","Pokémon Pearl Version (USA, APAE, header ROM version 5)",/application/zukanlist/zkn_data/zukan_enc_diamond.narc,equal,820,820,,,df3f619804a92fdb4057192dc43dd748ea778adc52bc498ce80524c014b81119,df3f619804a92fdb4057192dc43dd748ea778adc52bc498ce80524c014b81119,4,4,,
"Pokémon Diamond Version (USA, ADAE, header ROM version 5)","Pokémon Pearl Version (USA, APAE, header ROM version 5)",/application/zukanlist/zkn_data/zukan_enc_diamond.narc,equal,821,821,,,df3f619804a92fdb4057192dc43dd748ea778adc52bc498ce80524c014b81119,df3f619804a92fdb4057192dc43dd748ea778adc52bc498ce80524c014b81119,4,4,,
"Pokémon Diamond Version (USA, ADAE, header ROM version 5)","Pokémon Pearl Version (USA, APAE, header ROM version 5)",/application/zukanlist/zkn_data/zukan_enc_diamond.narc,equal,822,822,,,cbbd5f990c53684d7ae650b40fcb5656e02261b53da5f6a7d8c819c92f2828f8,cbbd5f990c53684d7ae650b40fcb5656e02261b53da5f6a7d8c819c92f2828f8,8,8,,
"Pokémon Diamond Version (USA, ADAE, header ROM version 5)","Pokémon Pearl Version (USA, APAE, header ROM version 5)",/application/zukanlist/zkn_data/zukan_enc_diamond.narc,equal,823,823,,,df3f619804a92fdb4057192dc43dd748ea778adc52bc498ce80524c014b81119,df3f619804a92fdb4057192dc43dd748ea778adc52bc498ce80524c014b81119,4,4,,
"Pokémon Diamond Version (USA, ADAE, header ROM version 5)","Pokémon Pearl Version (USA, APAE, header ROM version 5)",/application/zukanlist/zkn_data/zukan_enc_diamond.narc,equal,824,824,,,df3f619804a92fdb4057192dc43dd748ea778adc52bc498ce80524c014b81119,df3f619804a92fdb4057192dc43dd748ea778adc52bc498ce80524c014b81119,4,4,,
"Pokémon Diamond Version (USA, ADAE, header ROM version 5)","Pokémon Pearl Version (USA, APAE, header ROM version 5)",/application/zukanlist/zkn_data/zukan_enc_diamond.narc,equal,825,825,,,df3f619804a92fdb4057192dc43dd748ea778adc52bc498ce80524c014b81119,df3f619804a92fdb4057192dc43dd748ea778adc52bc498ce80524c014b81119,4,4,,
"Pokémon Diamond Version (USA, ADAE, header ROM version 5)","Pokémon Pearl Version (USA, APAE, header ROM version 5)",/application/zukanlist/zkn_data/zukan_enc_diamond.narc,equal,826,826,,,df3f619804a92fdb4057192dc43dd748ea778adc52bc498ce80524c014b81119,df3f619804a92fdb4057192dc43dd748ea778adc52bc498ce80524c014b81119,4,4,,
"Pokémon Diamond Version (USA, ADAE, header ROM version 5)","Pokémon Pearl Version (USA, APAE, header ROM version 5)",/application/zukanlist/zkn_data/zukan_enc_diamond.narc,equal,827,827,,,df3f619804a92fdb4057192dc43dd748ea778adc52bc498ce80524c014b81119,df3f619804a92fdb4057192dc43dd748ea778adc52bc498ce80524c014b81119,4,4,,
"Pokémon Diamond Version (USA, ADAE, header ROM version 5)","Pokémon Pearl Version (USA, APAE, header ROM version 5)",/application/zukanlist/zkn_data/zukan_enc_diamond.narc,equal,828,828,,,df3f619804a92fdb4057192dc43dd748ea778adc52bc498ce80524c014b81119,df3f619804a92fdb4057192dc43dd748ea778adc52bc498ce80524c014b81119,4,4,,
"Pokémon Diamond Version (USA, ADAE, header ROM version 5)","Pokémon Pearl Version (USA, APAE, header ROM version 5)",/application/zukanlist/zkn_data/zukan_enc_diamond.narc,equal,829,829,,,df3f619804a92fdb4057192dc43dd748ea778adc52bc498ce80524c014b81119,df3f619804a92fdb4057192dc43dd748ea778adc52bc498ce80524c014b81119,4,4,,
"Pokémon Diamond Version (USA, ADAE, header ROM version 5)","Pokémon Pearl Version (USA, APAE, header ROM version 5)",/application/zukanlist/zkn_data/zukan_enc_diamond.narc,equal,830,830,,,df3f619804a92fdb4057192dc43dd748ea778adc52bc498ce80524c014b81119,df3f619804a92fdb4057192dc43dd748ea778adc52bc498ce80524c014b81119,4,4,,
"Pokémon Diamond Version (USA, ADAE, header ROM version 5)","Pokémon Pearl Version (USA, APAE, header ROM version 5)",/application/zukanlist/zkn_data/zukan_enc_diamond.narc,equal,831,831,,,df3f619804a92fdb4057192dc43dd748ea778adc52bc498ce80524c014b81119,df3f619804a92fdb4057192dc43dd748ea778adc52bc498ce80524c014b81119,4,4,,
"Pokémon Diamond Version (USA, ADAE, header ROM version 5)","Pokémon Pearl Version (USA, APAE, header ROM version 5)",/application/zukanlist/zkn_data/zukan_enc_diamond.narc,equal,832,832,,,df3f619804a92fdb4057192dc43dd748ea778adc52bc498ce80524c014b81119,df3f619804a92fdb4057192dc43dd748ea778adc52bc498ce80524c014b81119,4,4,,
"Pokémon Diamond Version (USA, ADAE, header ROM version 5)","Pokémon Pearl Version (USA, APAE, header ROM version 5)",/application/zukanlist/zkn_data/zukan_enc_diamond.narc,equal,833,833,,,df3f619804a92fdb4057192dc43dd748ea778adc52bc498ce80524c014b81119,df3f619804a92fdb4057192dc43dd748ea778adc52bc498ce80524c014b81119,4,4,,
"Pokémon Diamond Version (USA, ADAE, header ROM version 5)","Pokémon Pearl Version (USA, APAE, header ROM version 5)",/application/zukanlist/zkn_data/zukan_enc_diamond.narc,equal,834,834,,,df3f619804a92fdb4057192dc43dd748ea778adc52bc498ce80524c014b81119,df3f619804a92fdb4057192dc43dd748ea778adc52bc498ce80524c014b81119,4,4,,
"Pokémon Diamond Version (USA, ADAE, header ROM version 5)","Pokémon Pearl Version (USA, APAE, header ROM version 5)",/application/zukanlist/zkn_data/zukan_enc_diamond.narc,equal,835,835,,,df3f619804a92fdb4057192dc43dd748ea778adc52bc498ce80524c014b81119,df3f619804a92fdb4057192dc43dd748ea778adc52bc498ce80524c014b81119,4,4,,
"Pokémon Diamond Version (USA, ADAE, header ROM version 5)","Pokémon Pearl Version (USA, APAE, header ROM version 5)",/application/zukanlist/zkn_data/zukan_enc_diamond.narc,equal,836,836,,,df3f619804a92fdb4057192dc43dd748ea778adc52bc498ce80524c014b81119,df3f619804a92fdb4057192dc43dd748ea778adc52bc498ce80524c014b81119,4,4,,
"Pokémon Diamond Version (USA, ADAE, header ROM version 5)","Pokémon Pearl Version (USA, APAE, header ROM version 5)",/application/zukanlist/zkn_data/zukan_enc_diamond.narc,equal,837,837,,,df3f619804a92fdb4057192dc43dd748ea778adc52bc498ce80524c014b81119,df3f619804a92fdb4057192dc43dd748ea778adc52bc498ce80524c014b81119,4,4,,
"Pokémon Diamond Version (USA, ADAE, header ROM version 5)","Pokémon Pearl Version (USA, APAE, header ROM version 5)",/application/zukanlist/zkn_data/zukan_enc_diamond.narc,equal,838,838,,,a41bcdb761629020cb1abfc43862e94170140e3564387f3ed5f7a436395041c9,a41bcdb761629020cb1abfc43862e94170140e3564387f3ed5f7a436395041c9,20,20,,
"Pokémon Diamond Version (USA, ADAE, header ROM version 5)","Pokémon Pearl Version (USA, APAE, header ROM version 5)",/application/zukanlist/zkn_data/zukan_enc_diamond.narc,equal,839,839,,,a41bcdb761629020cb1abfc43862e94170140e3564387f3ed5f7a436395041c9,a41bcdb761629020cb1abfc43862e94170140e3564387f3ed5f7a436395041c9,20,20,,
"Pokémon Diamond Version (USA, ADAE, header ROM version 5)","Pokémon Pearl Version (USA, APAE, header ROM version 5)",/application/zukanlist/zkn_data/zukan_enc_diamond.narc,equal,840,840,,,df3f619804a92fdb4057192dc43dd748ea778adc52bc498ce80524c014b81119,df3f619804a92fdb4057192dc43dd748ea778adc52bc498ce80524c014b81119,4,4,,
"Pokémon Diamond Version (USA, ADAE, header ROM version 5)","Pokémon Pearl Version (USA, APAE, header ROM version 5)",/application/zukanlist/zkn_data/zukan_enc_diamond.narc,equal,841,841,,,df3f619804a92fdb4057192dc43dd748ea778adc52bc498ce80524c014b81119,df3f619804a92fdb4057192dc43dd748ea778adc52bc498ce80524c014b81119,4,4,,
"Pokémon Diamond Version (USA, ADAE, header ROM version 5)","Pokémon Pearl Version (USA, APAE, header ROM version 5)",/application/zukanlist/zkn_data/zukan_enc_diamond.narc,equal,842,842,,,df3f619804a92fdb4057192dc43dd748ea778adc52bc498ce80524c014b81119,df3f619804a92fdb4057192dc43dd748ea778adc52bc498ce80524c014b81119,4,4,,
"Pokémon Diamond Version (USA, ADAE, header ROM version 5)","Pokémon Pearl Version (USA, APAE, header ROM version 5)",/application/zukanlist/zkn_data/zukan_enc_diamond.narc,equal,843,843,,,df3f619804a92fdb4057192dc43dd748ea778adc52bc498ce80524c014b81119,df3f619804a92fdb4057192dc43dd748ea778adc52bc498ce80524c014b81119,4,4,,
"Pokémon Diamond Version (USA, ADAE, header ROM version 5)","Pokémon Pearl Version (USA, APAE, header ROM version 5)",/application/zukanlist/zkn_data/zukan_enc_diamond.narc,equal,844,844,,,df3f619804a92fdb4057192dc43dd748ea778adc52bc498ce80524c014b81119,df3f619804a92fdb4057192dc43dd748ea778adc52bc498ce80524c014b81119,4,4,,
"Pokémon Diamond Version (USA, ADAE, header ROM version 5)","Pokémon Pearl Version (USA, APAE, header ROM version 5)",/application/zukanlist/zkn_data/zukan_enc_diamond.narc,equal,845,845,,,df3f619804a92fdb4057192dc43dd748ea778adc52bc498ce80524c014b81119,df3f619804a92fdb4057192dc43dd748ea778adc52bc498ce80524c014b81119,4,4,,
"Pokémon Diamond Version (USA, ADAE, header ROM version 5)","Pokémon Pearl Version (USA, APAE, header ROM version 5)",/application/zukanlist/zkn_data/zukan_enc_diamond.narc,equal,846,846,,,df3f619804a92fdb4057192dc43dd748ea778adc52bc498ce80524c014b81119,df3f619804a92fdb4057192dc43dd748ea778adc52bc498ce80524c014b81119,4,4,,
"Pokémon Diamond Version (USA, ADAE, header ROM version 5)","Pokémon Pearl Version (USA, APAE, header ROM version 5)",/application/zukanlist/zkn_data/zukan_enc_diamond.narc,equal,847,847,,,df3f619804a92fdb4057192dc43dd748ea778adc52bc498ce80524c014b81119,df3f619804a92fdb4057192dc43dd748ea778adc52bc498ce80524c014b81119,4,4,,
"Pokémon Diamond Version (USA, ADAE, header ROM version 5)","Pokémon Pearl Version (USA, APAE, header ROM version 5)",/application/zukanlist/zkn_data/zukan_enc_diamond.narc,equal,848,848,,,df3f619804a92fdb4057192dc43dd748ea778adc52bc498ce80524c014b81119,df3f619804a92fdb4057192dc43dd748ea778adc52bc498ce80524c014b81119,4,4,,
"Pokémon Diamond Version (USA, ADAE, header ROM version 5)","Pokémon Pearl Version (USA, APAE, header ROM version 5)",/application/zukanlist/zkn_data/zukan_enc_diamond.narc,equal,849,849,,,df3f619804a92fdb4057192dc43dd748ea778adc52bc498ce80524c014b81119,df3f619804a92fdb4057192dc43dd748ea778adc52bc498ce80524c014b81119,4,4,,
"Pokémon Diamond Version (USA, ADAE, header ROM version 5)","Pokémon Pearl Version (USA, APAE, header ROM version 5)",/application/zukanlist/zkn_data/zukan_enc_diamond.narc,equal,850,850,,,df3f619804a92fdb4057192dc43dd748ea778adc52bc498ce80524c014b81119,df3f619804a92fdb4057192dc43dd748ea778adc52bc498ce80524c014b81119,4,4,,
"Pokémon Diamond Version (USA, ADAE, header ROM version 5)","Pokémon Pearl Version (USA, APAE, header ROM version 5)",/application/zukanlist/zkn_data/zukan_enc_diamond.narc,equal,851,851,,,df3f619804a92fdb4057192dc43dd748ea778adc52bc498ce80524c014b81119,df3f619804a92fdb4057192dc43dd748ea778adc52bc498ce80524c014b81119,4,4,,
"Pokémon Diamond Version (USA, ADAE, header ROM version 5)","Pokémon Pearl Version (USA, APAE, header ROM version 5)",/application/zukanlist/zkn_data/zukan_enc_diamond.narc,equal,852,852,,,df3f619804a92fdb4057192dc43dd748ea778adc52bc498ce80524c014b81119,df3f619804a92fdb4057192dc43dd748ea778adc52bc498ce80524c014b81119,4,4,,
"Pokémon Diamond Version (USA, ADAE, header ROM version 5)","Pokémon Pearl Version (USA, APAE, header ROM version 5)",/application/zukanlist/zkn_data/zukan_enc_diamond.narc,equal,853,853,,,df3f619804a92fdb4057192dc43dd748ea778adc52bc498ce80524c014b81119,df3f619804a92fdb4057192dc43dd748ea778adc52bc498ce80524c014b81119,4,4,,
"Pokémon Diamond Version (USA, ADAE, header ROM version 5)","Pokémon Pearl Version (USA, APAE, header ROM version 5)",/application/zukanlist/zkn_data/zukan_enc_diamond.narc,equal,854,854,,,df3f619804a92fdb4057192dc43dd748ea778adc52bc498ce80524c014b81119,df3f619804a92fdb4057192dc43dd748ea778adc52bc498ce80524c014b81119,4,4,,
"Pokémon Diamond Version (USA, ADAE, header ROM version 5)","Pokémon Pearl Version (USA, APAE, header ROM version 5)",/application/zukanlist/zkn_data/zukan_enc_diamond.narc,equal,855,855,,,df3f619804a92fdb4057192dc43dd748ea778adc52bc498ce80524c014b81119,df3f619804a92fdb4057192dc43dd748ea778adc52bc498ce80524c014b81119,4,4,,
"Pokémon Diamond Version (USA, ADAE, header ROM version 5)","Pokémon Pearl Version (USA, APAE, header ROM version 5)",/application/zukanlist/zkn_data/zukan_enc_diamond.narc,equal,856,856,,,df3f619804a92fdb4057192dc43dd748ea778adc52bc498ce80524c014b81119,df3f619804a92fdb4057192dc43dd748ea778adc52bc498ce80524c014b81119,4,4,,
"Pokémon Diamond Version (USA, ADAE, header ROM version 5)","Pokémon Pearl Version (USA, APAE, header ROM version 5)",/application/zukanlist/zkn_data/zukan_enc_diamond.narc,equal,857,857,,,7c16f5631b09eef6cfc2ecdfb0d5336adbaa187c45cf7b6c5e37c4b6dc98158d,7c16f5631b09eef6cfc2ecdfb0d5336adbaa187c45cf7b6c5e37c4b6dc98158d,12,12,,
"Pokémon Diamond Version (USA, ADAE, header ROM version 5)","Pokémon Pearl Version (USA, APAE, header ROM version 5)",/application/zukanlist/zkn_data/zukan_enc_diamond.narc,equal,858,858,,,df3f619804a92fdb4057192dc43dd748ea778adc52bc498ce80524c014b81119,df3f619804a92fdb4057192dc43dd748ea778adc52bc498ce80524c014b81119,4,4,,
"Pokémon Diamond Version (USA, ADAE, header ROM version 5)","Pokémon Pearl Version (USA, APAE, header ROM version 5)",/application/zukanlist/zkn_data/zukan_enc_diamond.narc,equal,859,859,,,df3f619804a92fdb4057192dc43dd748ea778adc52bc498ce80524c014b81119,df3f619804a92fdb4057192dc43dd748ea778adc52bc498ce80524c014b81119,4,4,,
"Pokémon Diamond Version (USA, ADAE, header ROM version 5)","Pokémon Pearl Version (USA, APAE, header ROM version 5)",/application/zukanlist/zkn_data/zukan_enc_diamond.narc,equal,860,860,,,df3f619804a92fdb4057192dc43dd748ea778adc52bc498ce80524c014b81119,df3f619804a92fdb4057192dc43dd748ea778adc52bc498ce80524c014b81119,4,4,,
"Pokémon Diamond Version (USA, ADAE, header ROM version 5)","Pokémon Pearl Version (USA, APAE, header ROM version 5)",/application/zukanlist/zkn_data/zukan_enc_diamond.narc,equal,861,861,,,df3f619804a92fdb4057192dc43dd748ea778adc52bc498ce80524c014b81119,df3f619804a92fdb4057192dc43dd748ea778adc52bc498ce80524c014b81119,4,4,,
"Pokémon Diamond Version (USA, ADAE, header ROM version 5)","Pokémon Pearl Version (USA, APAE, header ROM version 5)",/application/zukanlist/zkn_data/zukan_enc_diamond.narc,equal,862,862,,,df3f619804a92fdb4057192dc43dd748ea778adc52bc498ce80524c014b81119,df3f619804a92fdb4057192dc43dd748ea778adc52bc498ce80524c014b81119,4,4,,
"Pokémon Diamond Version (USA, ADAE, header ROM version 5)","Pokémon Pearl Version (USA, APAE, header ROM version 5)",/application/zukanlist/zkn_data/zukan_enc_diamond.narc,equal,863,863,,,df3f619804a92fdb4057192dc43dd748ea778adc52bc498ce80524c014b81119,df3f619804a92fdb4057192dc43dd748ea778adc52bc498ce80524c014b81119,4,4,,
"Pokémon Diamond Version (USA, ADAE, header ROM version 5)","Pokémon Pearl Version (USA, APAE, header ROM version 5)",/application/zukanlist/zkn_data/zukan_enc_diamond.narc,equal,864,864,,,df3f619804a92fdb4057192dc43dd748ea778adc52bc498ce80524c014b81119,df3f619804a92fdb4057192dc43dd748ea778adc52bc498ce80524c014b81119,4,4,,
"Pokémon Diamond Version (USA, ADAE, header ROM version 5)","Pokémon Pearl Version (USA, APAE, header ROM version 5)",/application/zukanlist/zkn_data/zukan_enc_diamond.narc,equal,865,865,,,df3f619804a92fdb4057192dc43dd748ea778adc52bc498ce80524c014b81119,df3f619804a92fdb4057192dc43dd748ea778adc52bc498ce80524c014b81119,4,4,,
"Pokémon Diamond Version (USA, ADAE, header ROM version 5)","Pokémon Pearl Version (USA, APAE, header ROM version 5)",/application/zukanlist/zkn_data/zukan_enc_diamond.narc,equal,866,866,,,df3f619804a92fdb4057192dc43dd748ea778adc52bc498ce80524c014b81119,df3f619804a92fdb4057192dc43dd748ea778adc52bc498ce80524c014b81119,4,4,,
"Pokémon Diamond Version (USA, ADAE, header ROM version 5)","Pokémon Pearl Version (USA, APAE, header ROM version 5)",/application/zukanlist/zkn_data/zukan_enc_diamond.narc,equal,867,867,,,df3f619804a92fdb4057192dc43dd748ea778adc52bc498ce80524c014b81119,df3f619804a92fdb4057192dc43dd748ea778adc52bc498ce80524c014b81119,4,4,,
"Pokémon Diamond Version (USA, ADAE, header ROM version 5)","Pokémon Pearl Version (USA, APAE, header ROM version 5)",/application/zukanlist/zkn_data/zukan_enc_diamond.narc,equal,868,868,,,df3f619804a92fdb4057192dc43dd748ea778adc52bc498ce80524c014b81119,df3f619804a92fdb4057192dc43dd748ea778adc52bc498ce80524c014b81119,4,4,,
"Pokémon Diamond Version (USA, ADAE, header ROM version 5)","Pokémon Pearl Version (USA, APAE, header ROM version 5)",/application/zukanlist/zkn_data/zukan_enc_diamond.narc,equal,869,869,,,df3f619804a92fdb4057192dc43dd748ea778adc52bc498ce80524c014b81119,df3f619804a92fdb4057192dc43dd748ea778adc52bc498ce80524c014b81119,4,4,,
"Pokémon Diamond Version (USA, ADAE, header ROM version 5)","Pokémon Pearl Version (USA, APAE, header ROM version 5)",/application/zukanlist/zkn_data/zukan_enc_diamond.narc,equal,870,870,,,df3f619804a92fdb4057192dc43dd748ea778adc52bc498ce80524c014b81119,df3f619804a92fdb4057192dc43dd748ea778adc52bc498ce80524c014b81119,4,4,,
"Pokémon Diamond Version (USA, ADAE, header ROM version 5)","Pokémon Pearl Version (USA, APAE, header ROM version 5)",/application/zukanlist/zkn_data/zukan_enc_diamond.narc,equal,871,871,,,df3f619804a92fdb4057192dc43dd748ea778adc52bc498ce80524c014b81119,df3f619804a92fdb4057192dc43dd748ea778adc52bc498ce80524c014b81119,4,4,,
"Pokémon Diamond Version (USA, ADAE, header ROM version 5)","Pokémon Pearl Version (USA, APAE, header ROM version 5)",/application/zukanlist/zkn_data/zukan_enc_diamond.narc,equal,872,872,,,df3f619804a92fdb4057192dc43dd748ea778adc52bc498ce80524c014b81119,df3f619804a92fdb4057192dc43dd748ea778adc52bc498ce80524c014b81119,4,4,,
"Pokémon Diamond Version (USA, ADAE, header ROM version 5)","Pokémon Pearl Version (USA, APAE, header ROM version 5)",/application/zukanlist/zkn_data/zukan_enc_diamond.narc,equal,873,873,,,df3f619804a92fdb4057192dc43dd748ea778adc52bc498ce80524c014b81119,df3f619804a92fdb4057192dc43dd748ea778adc52bc498ce80524c014b81119,4,4,,
"Pokémon Diamond Version (USA, ADAE, header ROM version 5)","Pokémon Pearl Version (USA, APAE, header ROM version 5)",/application/zukanlist/zkn_data/zukan_enc_diamond.narc,equal,874,874,,,df3f619804a92fdb4057192dc43dd748ea778adc52bc498ce80524c014b81119,df3f619804a92fdb4057192dc43dd748ea778adc52bc498ce80524c014b81119,4,4,,
"Pokémon Diamond Version (USA, ADAE, header ROM version 5)","Pokémon Pearl Version (USA, APAE, header ROM version 5)",/application/zukanlist/zkn_data/zukan_enc_diamond.narc,equal,875,875,,,df3f619804a92fdb4057192dc43dd748ea778adc52bc498ce80524c014b81119,df3f619804a92fdb4057192dc43dd748ea778adc52bc498ce80524c014b81119,4,4,,
"Pokémon Diamond Version (USA, ADAE, header ROM version 5)","Pokémon Pearl Version (USA, APAE, header ROM version 5)",/application/zukanlist/zkn_data/zukan_enc_diamond.narc,equal,876,876,,,df3f619804a92fdb4057192dc43dd748ea778adc52bc498ce80524c014b81119,df3f619804a92fdb4057192dc43dd748ea778adc52bc498ce80524c014b81119,4,4,,
"Pokémon Diamond Version (USA, ADAE, header ROM version 5)","Pokémon Pearl Version (USA, APAE, header ROM version 5)",/application/zukanlist/zkn_data/zukan_enc_diamond.narc,equal,877,877,,,df3f619804a92fdb4057192dc43dd748ea778adc52bc498ce80524c014b81119,df3f619804a92fdb4057192dc43dd748ea778adc52bc498ce80524c014b81119,4,4,,
"Pokémon Diamond Version (USA, ADAE, header ROM version 5)","Pokémon Pearl Version (USA, APAE, header ROM version 5)",/application/zukanlist/zkn_data/zukan_enc_diamond.narc,equal,878,878,,,df3f619804a92fdb4057192dc43dd748ea778adc52bc498ce80524c014b81119,df3f619804a92fdb4057192dc43dd748ea778adc52bc498ce80524c014b81119,4,4,,
"Pokémon Diamond Version (USA, ADAE, header ROM version 5)","Pokémon Pearl Version (USA, APAE, header ROM version 5)",/application/zukanlist/zkn_data/zukan_enc_diamond.narc,equal,879,879,,,df3f619804a92fdb4057192dc43dd748ea778adc52bc498ce80524c014b81119,df3f619804a92fdb4057192dc43dd748ea778adc52bc498ce80524c014b81119,4,4,,
"Pokémon Diamond Version (USA, ADAE, header ROM version 5)","Pokémon Pearl Version (USA, APAE, header ROM version 5)",/application/zukanlist/zkn_data/zukan_enc_diamond.narc,equal,880,880,,,df3f619804a92fdb4057192dc43dd748ea778adc52bc498ce80524c014b81119,df3f619804a92fdb4057192dc43dd748ea778adc52bc498ce80524c014b81119,4,4,,
"Pokémon Diamond Version (USA, ADAE, header ROM version 5)","Pokémon Pearl Version (USA, APAE, header ROM version 5)",/application/zukanlist/zkn_data/zukan_enc_diamond.narc,equal,881,881,,,df3f619804a92fdb4057192dc43dd748ea778adc52bc498ce80524c014b81119,df3f619804a92fdb4057192dc43dd748ea778adc52bc498ce80524c014b81119,4,4,,
"Pokémon Diamond Version (USA, ADAE, header ROM version 5)","Pokémon Pearl Version (USA, APAE, header ROM version 5)",/application/zukanlist/zkn_data/zukan_enc_diamond.narc,equal,882,882,,,df3f619804a92fdb4057192dc43dd748ea778adc52bc498ce80524c014b81119,df3f619804a92fdb4057192dc43dd748ea778adc52bc498ce80524c014b81119,4,4,,
"Pokémon Diamond Version (USA, ADAE, header ROM version 5)","Pokémon Pearl Version (USA, APAE, header ROM version 5)",/application/zukanlist/zkn_data/zukan_enc_diamond.narc,equal,883,883,,,df3f619804a92fdb4057192dc43dd748ea778adc52bc498ce80524c014b81119,df3f619804a92fdb4057192dc43dd748ea778adc52bc498ce80524c014b81119,4,4,,
"Pokémon Diamond Version (USA, ADAE, header ROM version 5)","Pokémon Pearl Version (USA, APAE, header ROM version 5)",/application/zukanlist/zkn_data/zukan_enc_diamond.narc,equal,884,884,,,df3f619804a92fdb4057192dc43dd748ea778adc52bc498ce80524c014b81119,df3f619804a92fdb4057192dc43dd748ea778adc52bc498ce80524c014b81119,4,4,,
"Pokémon Diamond Version (USA, ADAE, header ROM version 5)","Pokémon Pearl Version (USA, APAE, header ROM version 5)",/application/zukanlist/zkn_data/zukan_enc_diamond.narc,equal,885,885,,,df3f619804a92fdb4057192dc43dd748ea778adc52bc498ce80524c014b81119,df3f619804a92fdb4057192dc43dd748ea778adc52bc498ce80524c014b81119,4,4,,
"Pokémon Diamond Version (USA, ADAE, header ROM version 5)","Pokémon Pearl Version (USA, APAE, header ROM version 5)",/application/zukanlist/zkn_data/zukan_enc_diamond.narc,equal,886,886,,,df3f619804a92fdb4057192dc43dd748ea778adc52bc498ce80524c014b81119,df3f619804a92fdb4057192dc43dd748ea778adc52bc498ce80524c014b81119,4,4,,
"Pokémon Diamond Version (USA, ADAE, header ROM version 5)","Pokémon Pearl Version (USA, APAE, header ROM version 5)",/application/zukanlist/zkn_data/zukan_enc_diamond.narc,equal,887,887,,,df3f619804a92fdb4057192dc43dd748ea778adc52bc498ce80524c014b81119,df3f619804a92fdb4057192dc43dd748ea778adc52bc498ce80524c014b81119,4,4,,
"Pokémon Diamond Version (USA, ADAE, header ROM version 5)","Pokémon Pearl Version (USA, APAE, header ROM version 5)",/application/zukanlist/zkn_data/zukan_enc_diamond.narc,equal,888,888,,,df3f619804a92fdb4057192dc43dd748ea778adc52bc498ce80524c014b81119,df3f619804a92fdb4057192dc43dd748ea778adc52bc498ce80524c014b81119,4,4,,
"Pokémon Diamond Version (USA, ADAE, header ROM version 5)","Pokémon Pearl Version (USA, APAE, header ROM version 5)",/application/zukanlist/zkn_data/zukan_enc_diamond.narc,equal,889,889,,,df3f619804a92fdb4057192dc43dd748ea778adc52bc498ce80524c014b81119,df3f619804a92fdb4057192dc43dd748ea778adc52bc498ce80524c014b81119,4,4,,
"Pokémon Diamond Version (USA, ADAE, header ROM version 5)","Pokémon Pearl Version (USA, APAE, header ROM version 5)",/application/zukanlist/zkn_data/zukan_enc_diamond.narc,equal,890,890,,,df3f619804a92fdb4057192dc43dd748ea778adc52bc498ce80524c014b81119,df3f619804a92fdb4057192dc43dd748ea778adc52bc498ce80524c014b81119,4,4,,
"Pokémon Diamond Version (USA, ADAE, header ROM version 5)","Pokémon Pearl Version (USA, APAE, header ROM version 5)",/application/zukanlist/zkn_data/zukan_enc_diamond.narc,equal,891,891,,,df3f619804a92fdb4057192dc43dd748ea778adc52bc498ce80524c014b81119,df3f619804a92fdb4057192dc43dd748ea778adc52bc498ce80524c014b81119,4,4,,
"Pokémon Diamond Version (USA, ADAE, header ROM version 5)","Pokémon Pearl Version (USA, APAE, header ROM version 5)",/application/zukanlist/zkn_data/zukan_enc_diamond.narc,equal,892,892,,,df3f619804a92fdb4057192dc43dd748ea778adc52bc498ce80524c014b81119,df3f619804a92fdb4057192dc43dd748ea778adc52bc498ce80524c014b81119,4,4,,
"Pokémon Diamond Version (USA, ADAE, header ROM version 5)","Pokémon Pearl Version (USA, APAE, header ROM version 5)",/application/zukanlist/zkn_data/zukan_enc_diamond.narc,equal,893,893,,,df3f619804a92fdb4057192dc43dd748ea778adc52bc498ce80524c014b81119,df3f619804a92fdb4057192dc43dd748ea778adc52bc498ce80524c014b81119,4,4,,
"Pokémon Diamond Version (USA, ADAE, header ROM version 5)","Pokémon Pearl Version (USA, APAE, header ROM version 5)",/application/zukanlist/zkn_data/zukan_enc_diamond.narc,equal,894,894,,,df3f619804a92fdb4057192dc43dd748ea778adc52bc498ce80524c014b81119,df3f619804a92fdb4057192dc43dd748ea778adc52bc498ce80524c014b81119,4,4,,
"Pokémon Diamond Version (USA, ADAE, header ROM version 5)","Pokémon Pearl Version (USA, APAE, header ROM version 5)",/application/zukanlist/zkn_data/zukan_enc_diamond.narc,equal,895,895,,,4ae41a7d3b8eb6000c35c3f23ef567d44446f7f7dfacf752fe70fc54a238d15f,4ae41a7d3b8eb6000c35c3f23ef567d44446f7f7dfacf752fe70fc54a238d15f,12,12,,
"Pokémon Diamond Version (USA, ADAE, header ROM version 5)","Pokémon Pearl Version (USA, APAE, header ROM version 5)",/application/zukanlist/zkn_data/zukan_enc_diamond.narc,equal,896,896,,,a91616fc03087082872307781ff4174f4efc9ca1bb94d7435fec23ca6a72a258,a91616fc03087082872307781ff4174f4efc9ca1bb94d7435fec23ca6a72a258,16,16,,
"Pokémon Diamond Version (USA, ADAE, header ROM version 5)","Pokémon Pearl Version (USA, APAE, header ROM version 5)",/application/zukanlist/zkn_data/zukan_enc_diamond.narc,equal,897,897,,,df3f619804a92fdb4057192dc43dd748ea778adc52bc498ce80524c014b81119,df3f619804a92fdb4057192dc43dd748ea778adc52bc498ce80524c014b81119,4,4,,
"Pokémon Diamond Version (USA, ADAE, header ROM version 5)","Pokémon Pearl Version (USA, APAE, header ROM version 5)",/application/zukanlist/zkn_data/zukan_enc_diamond.narc,equal,898,898,,,4ae41a7d3b8eb6000c35c3f23ef567d44446f7f7dfacf752fe70fc54a238d15f,4ae41a7d3b8eb6000c35c3f23ef567d44446f7f7dfacf752fe70fc54a238d15f,12,12,,
"Pokémon Diamond Version (USA, ADAE, header ROM version 5)","Pokémon Pearl Version (USA, APAE, header ROM version 5)",/application/zukanlist/zkn_data/zukan_enc_diamond.narc,equal,899,899,,,955abbad874361154d05754adea303d7ccd90d9c6e3acb6cf4bf0f07701b0b43,955abbad874361154d05754adea303d7ccd90d9c6e3acb6cf4bf0f07701b0b43,20,20,,
"Pokémon Diamond Version (USA, ADAE, header ROM version 5)","Pokémon Pearl Version (USA, APAE, header ROM version 5)",/application/zukanlist/zkn_data/zukan_enc_diamond.narc,equal,900,900,,,df3f619804a92fdb4057192dc43dd748ea778adc52bc498ce80524c014b81119,df3f619804a92fdb4057192dc43dd748ea778adc52bc498ce80524c014b81119,4,4,,
"Pokémon Diamond Version (USA, ADAE, header ROM version 5)","Pokémon Pearl Version (USA, APAE, header ROM version 5)",/application/zukanlist/zkn_data/zukan_enc_diamond.narc,equal,901,901,,,18d8d609947c6b82b9607704ae40d3317038e709238514de750b5c7411ba4c20,18d8d609947c6b82b9607704ae40d3317038e709238514de750b5c7411ba4c20,8,8,,
"Pokémon Diamond Version (USA, ADAE, header ROM version 5)","Pokémon Pearl Version (USA, APAE, header ROM version 5)",/application/zukanlist/zkn_data/zukan_enc_diamond.narc,equal,902,902,,,df3f619804a92fdb4057192dc43dd748ea778adc52bc498ce80524c014b81119,df3f619804a92fdb4057192dc43dd748ea778adc52bc498ce80524c014b81119,4,4,,
"Pokémon Diamond Version (USA, ADAE, header ROM version 5)","Pokémon Pearl Version (USA, APAE, header ROM version 5)",/application/zukanlist/zkn_data/zukan_enc_diamond.narc,equal,903,903,,,df3f619804a92fdb4057192dc43dd748ea778adc52bc498ce80524c014b81119,df3f619804a92fdb4057192dc43dd748ea778adc52bc498ce80524c014b81119,4,4,,
"Pokémon Diamond Version (USA, ADAE, header ROM version 5)","Pokémon Pearl Version (USA, APAE, header ROM version 5)",/application/zukanlist/zkn_data/zukan_enc_diamond.narc,equal,904,904,,,df3f619804a92fdb4057192dc43dd748ea778adc52bc498ce80524c014b81119,df3f619804a92fdb4057192dc43dd748ea778adc52bc498ce80524c014b81119,4,4,,
"Pokémon Diamond Version (USA, ADAE, header ROM version 5)","Pokémon Pearl Version (USA, APAE, header ROM version 5)",/application/zukanlist/zkn_data/zukan_enc_diamond.narc,equal,905,905,,,fab2f21b55393f7661e50e32c7f9d02fc91ea7a9b44df9af88da8635f794ac5e,fab2f21b55393f7661e50e32c7f9d02fc91ea7a9b44df9af88da8635f794ac5e,12,12,,
"Pokémon Diamond Version (USA, ADAE, header ROM version 5)","Pokémon Pearl Version (USA, APAE, header ROM version 5)",/application/zukanlist/zkn_data/zukan_enc_diamond.narc,equal,906,906,,,df3f619804a92fdb4057192dc43dd748ea778adc52bc498ce80524c014b81119,df3f619804a92fdb4057192dc43dd748ea778adc52bc498ce80524c014b81119,4,4,,
"Pokémon Diamond Version (USA, ADAE, header ROM version 5)","Pokémon Pearl Version (USA, APAE, header ROM version 5)",/application/zukanlist/zkn_data/zukan_enc_diamond.narc,equal,907,907,,,df3f619804a92fdb4057192dc43dd748ea778adc52bc498ce80524c014b81119,df3f619804a92fdb4057192dc43dd748ea778adc52bc498ce80524c014b81119,4,4,,
"Pokémon Diamond Version (USA, ADAE, header ROM version 5)","Pokémon Pearl Version (USA, APAE, header ROM version 5)",/application/zukanlist/zkn_data/zukan_enc_diamond.narc,equal,908,908,,,df3f619804a92fdb4057192dc43dd748ea778adc52bc498ce80524c014b81119,df3f619804a92fdb4057192dc43dd748ea778adc52bc498ce80524c014b81119,4,4,,
"Pokémon Diamond Version (USA, ADAE, header ROM version 5)","Pokémon Pearl Version (USA, APAE, header ROM version 5)",/application/zukanlist/zkn_data/zukan_enc_diamond.narc,equal,909,909,,,df3f619804a92fdb4057192dc43dd748ea778adc52bc498ce80524c014b81119,df3f619804a92fdb4057192dc43dd748ea778adc52bc498ce80524c014b81119,4,4,,
"Pokémon Diamond Version (USA, ADAE, header ROM version 5)","Pokémon Pearl Version (USA, APAE, header ROM version 5)",/application/zukanlist/zkn_data/zukan_enc_diamond.narc,equal,910,910,,,df3f619804a92fdb4057192dc43dd748ea778adc52bc498ce80524c014b81119,df3f619804a92fdb4057192dc43dd748ea778adc52bc498ce80524c014b81119,4,4,,
"Pokémon Diamond Version (USA, ADAE, header ROM version 5)","Pokémon Pearl Version (USA, APAE, header ROM version 5)",/application/zukanlist/zkn_data/zukan_enc_diamond.narc,equal,911,911,,,df3f619804a92fdb4057192dc43dd748ea778adc52bc498ce80524c014b81119,df3f619804a92fdb4057192dc43dd748ea778adc52bc498ce80524c014b81119,4,4,,
"Pokémon Diamond Version (USA, ADAE, header ROM version 5)","Pokémon Pearl Version (USA, APAE, header ROM version 5)",/application/zukanlist/zkn_data/zukan_enc_diamond.narc,equal,912,912,,,df3f619804a92fdb4057192dc43dd748ea778adc52bc498ce80524c014b81119,df3f619804a92fdb4057192dc43dd748ea778adc52bc498ce80524c014b81119,4,4,,
"Pokémon Diamond Version (USA, ADAE, header ROM version 5)","Pokémon Pearl Version (USA, APAE, header ROM version 5)",/application/zukanlist/zkn_data/zukan_enc_diamond.narc,equal,913,913,,,df3f619804a92fdb4057192dc43dd748ea778adc52bc498ce80524c014b81119,df3f619804a92fdb4057192dc43dd748ea778adc52bc498ce80524c014b81119,4,4,,
"Pokémon Diamond Version (USA, ADAE, header ROM version 5)","Pokémon Pearl Version (USA, APAE, header ROM version 5)",/application/zukanlist/zkn_data/zukan_enc_diamond.narc,equal,914,914,,,df3f619804a92fdb4057192dc43dd748ea778adc52bc498ce80524c014b81119,df3f619804a92fdb4057192dc43dd748ea778adc52bc498ce80524c014b81119,4,4,,
"Pokémon Diamond Version (USA, ADAE, header ROM version 5)","Pokémon Pearl Version (USA, APAE, header ROM version 5)",/application/zukanlist/zkn_data/zukan_enc_diamond.narc,equal,915,915,,,df3f619804a92fdb4057192dc43dd748ea778adc52bc498ce80524c014b81119,df3f619804a92fdb4057192dc43dd748ea778adc52bc498ce80524c014b81119,4,4,,
"Pokémon Diamond Version (USA, ADAE, header ROM version 5)","Pokémon Pearl Version (USA, APAE, header ROM version 5)",/application/zukanlist/zkn_data/zukan_enc_diamond.narc,equal,916,916,,,df3f619804a92fdb4057192dc43dd748ea778adc52bc498ce80524c014b81119,df3f619804a92fdb4057192dc43dd748ea778adc52bc498ce80524c014b81119,4,4,,
"Pokémon Diamond Version (USA, ADAE, header ROM version 5)","Pokémon Pearl Version (USA, APAE, header ROM version 5)",/application/zukanlist/zkn_data/zukan_enc_diamond.narc,equal,917,917,,,df3f619804a92fdb4057192dc43dd748ea778adc52bc498ce80524c014b81119,df3f619804a92fdb4057192dc43dd748ea778adc52bc498ce80524c014b81119,4,4,,
"Pokémon Diamond Version (USA, ADAE, header ROM version 5)","Pokémon Pearl Version (USA, APAE, header ROM version 5)",/application/zukanlist/zkn_data/zukan_enc_diamond.narc,equal,918,918,,,23d7f42b1cdc1f0d492ebd756ed0fe8003995dda554d99418d47a81813650207,23d7f42b1cdc1f0d492ebd756ed0fe8003995dda554d99418d47a81813650207,8,8,,
"Pokémon Diamond Version (USA, ADAE, header ROM version 5)","Pokémon Pearl Version (USA, APAE, header ROM version 5)",/application/zukanlist/zkn_data/zukan_enc_diamond.narc,equal,919,919,,,df3f619804a92fdb4057192dc43dd748ea778adc52bc498ce80524c014b81119,df3f619804a92fdb4057192dc43dd748ea778adc52bc498ce80524c014b81119,4,4,,
"Pokémon Diamond Version (USA, ADAE, header ROM version 5)","Pokémon Pearl Version (USA, APAE, header ROM version 5)",/application/zukanlist/zkn_data/zukan_enc_diamond.narc,equal,920,920,,,df3f619804a92fdb4057192dc43dd748ea778adc52bc498ce80524c014b81119,df3f619804a92fdb4057192dc43dd748ea778adc52bc498ce80524c014b81119,4,4,,
"Pokémon Diamond Version (USA, ADAE, header ROM version 5)","Pokémon Pearl Version (USA, APAE, header ROM version 5)",/application/zukanlist/zkn_data/zukan_enc_diamond.narc,equal,921,921,,,df3f619804a92fdb4057192dc43dd748ea778adc52bc498ce80524c014b81119,df3f619804a92fdb4057192dc43dd748ea778adc52bc498ce80524c014b81119,4,4,,
"Pokémon Diamond Version (USA, ADAE, header ROM version 5)","Pokémon Pearl Version (USA, APAE, header ROM version 5)",/application/zukanlist/zkn_data/zukan_enc_diamond.narc,equal,922,922,,,df3f619804a92fdb4057192dc43dd748ea778adc52bc498ce80524c014b81119,df3f619804a92fdb4057192dc43dd748ea778adc52bc498ce80524c014b81119,4,4,,
"Pokémon Diamond Version (USA, ADAE, header ROM version 5)","Pokémon Pearl Version (USA, APAE, header ROM version 5)",/application/zukanlist/zkn_data/zukan_enc_diamond.narc,equal,923,923,,,df3f619804a92fdb4057192dc43dd748ea778adc52bc498ce80524c014b81119,df3f619804a92fdb4057192dc43dd748ea778adc52bc498ce80524c014b81119,4,4,,
"Pokémon Diamond Version (USA, ADAE, header ROM version 5)","Pokémon Pearl Version (USA, APAE, header ROM version 5)",/application/zukanlist/zkn_data/zukan_enc_diamond.narc,equal,924,924,,,df3f619804a92fdb4057192dc43dd748ea778adc52bc498ce80524c014b81119,df3f619804a92fdb4057192dc43dd748ea778adc52bc498ce80524c014b81119,4,4,,
"Pokémon Diamond Version (USA, ADAE, header ROM version 5)","Pokémon Pearl Version (USA, APAE, header ROM version 5)",/application/zukanlist/zkn_data/zukan_enc_diamond.narc,equal,925,925,,,df3f619804a92fdb4057192dc43dd748ea778adc52bc498ce80524c014b81119,df3f619804a92fdb4057192dc43dd748ea778adc52bc498ce80524c014b81119,4,4,,
"Pokémon Diamond Version (USA, ADAE, header ROM version 5)","Pokémon Pearl Version (USA, APAE, header ROM version 5)",/application/zukanlist/zkn_data/zukan_enc_diamond.narc,equal,926,926,,,d86e8112f3c4c4442126f8e9f44f16867da487f29052bf91b810457db34209a4,d86e8112f3c4c4442126f8e9f44f16867da487f29052bf91b810457db34209a4,8,8,,
"Pokémon Diamond Version (USA, ADAE, header ROM version 5)","Pokémon Pearl Version (USA, APAE, header ROM version 5)",/application/zukanlist/zkn_data/zukan_enc_diamond.narc,equal,927,927,,,df3f619804a92fdb4057192dc43dd748ea778adc52bc498ce80524c014b81119,df3f619804a92fdb4057192dc43dd748ea778adc52bc498ce80524c014b81119,4,4,,
"Pokémon Diamond Version (USA, ADAE, header ROM version 5)","Pokémon Pearl Version (USA, APAE, header ROM version 5)",/application/zukanlist/zkn_data/zukan_enc_diamond.narc,equal,928,928,,,df3f619804a92fdb4057192dc43dd748ea778adc52bc498ce80524c014b81119,df3f619804a92fdb4057192dc43dd748ea778adc52bc498ce80524c014b81119,4,4,,
"Pokémon Diamond Version (USA, ADAE, header ROM version 5)","Pokémon Pearl Version (USA, APAE, header ROM version 5)",/application/zukanlist/zkn_data/zukan_enc_diamond.narc,equal,929,929,,,df3f619804a92fdb4057192dc43dd748ea778adc52bc498ce80524c014b81119,df3f619804a92fdb4057192dc43dd748ea778adc52bc498ce80524c014b81119,4,4,,
"Pokémon Diamond Version (USA, ADAE, header ROM version 5)","Pokémon Pearl Version (USA, APAE, header ROM version 5)",/application/zukanlist/zkn_data/zukan_enc_diamond.narc,equal,930,930,,,df3f619804a92fdb4057192dc43dd748ea778adc52bc498ce80524c014b81119,df3f619804a92fdb4057192dc43dd748ea778adc52bc498ce80524c014b81119,4,4,,
"Pokémon Diamond Version (USA, ADAE, header ROM version 5)","Pokémon Pearl Version (USA, APAE, header ROM version 5)",/application/zukanlist/zkn_data/zukan_enc_diamond.narc,equal,931,931,,,df3f619804a92fdb4057192dc43dd748ea778adc52bc498ce80524c014b81119,df3f619804a92fdb4057192dc43dd748ea778adc52bc498ce80524c014b81119,4,4,,
"Pokémon Diamond Version (USA, ADAE, header ROM version 5)","Pokémon Pearl Version (USA, APAE, header ROM version 5)",/application/zukanlist/zkn_data/zukan_enc_diamond.narc,equal,932,932,,,74d4ed015cee317d0913f6398390f3e5a5051e24e041264a927239468edc63dc,74d4ed015cee317d0913f6398390f3e5a5051e24e041264a927239468edc63dc,16,16,,
"Pokémon Diamond Version (USA, ADAE, header ROM version 5)","Pokémon Pearl Version (USA, APAE, header ROM version 5)",/application/zukanlist/zkn_data/zukan_enc_diamond.narc,equal,933,933,,,df3f619804a92fdb4057192dc43dd748ea778adc52bc498ce80524c014b81119,df3f619804a92fdb4057192dc43dd748ea778adc52bc498ce80524c014b81119,4,4,,
"Pokémon Diamond Version (USA, ADAE, header ROM version 5)","Pokémon Pearl Version (USA, APAE, header ROM version 5)",/application/zukanlist/zkn_data/zukan_enc_diamond.narc,equal,934,934,,,df3f619804a92fdb4057192dc43dd748ea778adc52bc498ce80524c014b81119,df3f619804a92fdb4057192dc43dd748ea778adc52bc498ce80524c014b81119,4,4,,
"Pokémon Diamond Version (USA, ADAE, header ROM version 5)","Pokémon Pearl Version (USA, APAE, header ROM version 5)",/application/zukanlist/zkn_data/zukan_enc_diamond.narc,equal,935,935,,,a5507ccd6d5f1fdd31538bd736ba6ac1394f6a9592c0bebdf6c58dc518ded264,a5507ccd6d5f1fdd31538bd736ba6ac1394f6a9592c0bebdf6c58dc518ded264,16,16,,
"Pokémon Diamond Version (USA, ADAE, header ROM version 5)","Pokémon Pearl Version (USA, APAE, header ROM version 5)",/application/zukanlist/zkn_data/zukan_enc_diamond.narc,equal,936,936,,,7c16f5631b09eef6cfc2ecdfb0d5336adbaa187c45cf7b6c5e37c4b6dc98158d,7c16f5631b09eef6cfc2ecdfb0d5336adbaa187c45cf7b6c5e37c4b6dc98158d,12,12,,
"Pokémon Diamond Version (USA, ADAE, header ROM version 5)","Pokémon Pearl Version (USA, APAE, header ROM version 5)",/application/zukanlist/zkn_data/zukan_enc_diamond.narc,equal,937,937,,,df3f619804a92fdb4057192dc43dd748ea778adc52bc498ce80524c014b81119,df3f619804a92fdb4057192dc43dd748ea778adc52bc498ce80524c014b81119,4,4,,
"Pokémon Diamond Version (USA, ADAE, header ROM version 5)","Pokémon Pearl Version (USA, APAE, header ROM version 5)",/application/zukanlist/zkn_data/zukan_enc_diamond.narc,equal,938,938,,,df3f619804a92fdb4057192dc43dd748ea778adc52bc498ce80524c014b81119,df3f619804a92fdb4057192dc43dd748ea778adc52bc498ce80524c014b81119,4,4,,
"Pokémon Diamond Version (USA, ADAE, header ROM version 5)","Pokémon Pearl Version (USA, APAE, header ROM version 5)",/application/zukanlist/zkn_data/zukan_enc_diamond.narc,equal,939,939,,,df3f619804a92fdb4057192dc43dd748ea778adc52bc498ce80524c014b81119,df3f619804a92fdb4057192dc43dd748ea778adc52bc498ce80524c014b81119,4,4,,
"Pokémon Diamond Version (USA, ADAE, header ROM version 5)","Pokémon Pearl Version (USA, APAE, header ROM version 5)",/application/zukanlist/zkn_data/zukan_enc_diamond.narc,equal,940,940,,,df3f619804a92fdb4057192dc43dd748ea778adc52bc498ce80524c014b81119,df3f619804a92fdb4057192dc43dd748ea778adc52bc498ce80524c014b81119,4,4,,
"Pokémon Diamond Version (USA, ADAE, header ROM version 5)","Pokémon Pearl Version (USA, APAE, header ROM version 5)",/application/zukanlist/zkn_data/zukan_enc_diamond.narc,equal,941,941,,,df3f619804a92fdb4057192dc43dd748ea778adc52bc498ce80524c014b81119,df3f619804a92fdb4057192dc43dd748ea778adc52bc498ce80524c014b81119,4,4,,
"Pokémon Diamond Version (USA, ADAE, header ROM version 5)","Pokémon Pearl Version (USA, APAE, header ROM version 5)",/application/zukanlist/zkn_data/zukan_enc_diamond.narc,equal,942,942,,,220dde27afee4d537cac96d85d6546f825153b90e828931b74e103807541bc42,220dde27afee4d537cac96d85d6546f825153b90e828931b74e103807541bc42,8,8,,
"Pokémon Diamond Version (USA, ADAE, header ROM version 5)","Pokémon Pearl Version (USA, APAE, header ROM version 5)",/application/zukanlist/zkn_data/zukan_enc_diamond.narc,equal,943,943,,,df3f619804a92fdb4057192dc43dd748ea778adc52bc498ce80524c014b81119,df3f619804a92fdb4057192dc43dd748ea778adc52bc498ce80524c014b81119,4,4,,
"Pokémon Diamond Version (USA, ADAE, header ROM version 5)","Pokémon Pearl Version (USA, APAE, header ROM version 5)",/application/zukanlist/zkn_data/zukan_enc_diamond.narc,equal,944,944,,,df3f619804a92fdb4057192dc43dd748ea778adc52bc498ce80524c014b81119,df3f619804a92fdb4057192dc43dd748ea778adc52bc498ce80524c014b81119,4,4,,
"Pokémon Diamond Version (USA, ADAE, header ROM version 5)","Pokémon Pearl Version (USA, APAE, header ROM version 5)",/application/zukanlist/zkn_data/zukan_enc_diamond.narc,equal,945,945,,,df3f619804a92fdb4057192dc43dd748ea778adc52bc498ce80524c014b81119,df3f619804a92fdb4057192dc43dd748ea778adc52bc498ce80524c014b81119,4,4,,
"Pokémon Diamond Version (USA, ADAE, header ROM version 5)","Pokémon Pearl Version (USA, APAE, header ROM version 5)",/application/zukanlist/zkn_data/zukan_enc_diamond.narc,equal,946,946,,,df3f619804a92fdb4057192dc43dd748ea778adc52bc498ce80524c014b81119,df3f619804a92fdb4057192dc43dd748ea778adc52bc498ce80524c014b81119,4,4,,
"Pokémon Diamond Version (USA, ADAE, header ROM version 5)","Pokémon Pearl Version (USA, APAE, header ROM version 5)",/application/zukanlist/zkn_data/zukan_enc_diamond.narc,equal,947,947,,,df3f619804a92fdb4057192dc43dd748ea778adc52bc498ce80524c014b81119,df3f619804a92fdb4057192dc43dd748ea778adc52bc498ce80524c014b81119,4,4,,
"Pokémon Diamond Version (USA, ADAE, header ROM version 5)","Pokémon Pearl Version (USA, APAE, header ROM version 5)",/application/zukanlist/zkn_data/zukan_enc_diamond.narc,equal,948,948,,,b0bd73e6922c0d2496dbcb99eac08eb5870090e59f6e06b1eb477d540002a5cd,b0bd73e6922c0d2496dbcb99eac08eb5870090e59f6e06b1eb477d540002a5cd,8,8,,
"Pokémon Diamond Version (USA, ADAE, header ROM version 5)","Pokémon Pearl Version (USA, APAE, header ROM version 5)",/application/zukanlist/zkn_data/zukan_enc_diamond.narc,equal,949,949,,,df3f619804a92fdb4057192dc43dd748ea778adc52bc498ce80524c014b81119,df3f619804a92fdb4057192dc43dd748ea778adc52bc498ce80524c014b81119,4,4,,
"Pokémon Diamond Version (USA, ADAE, header ROM version 5)","Pokémon Pearl Version (USA, APAE, header ROM version 5)",/application/zukanlist/zkn_data/zukan_enc_diamond.narc,equal,950,950,,,df3f619804a92fdb4057192dc43dd748ea778adc52bc498ce80524c014b81119,df3f619804a92fdb4057192dc43dd748ea778adc52bc498ce80524c014b81119,4,4,,
"Pokémon Diamond Version (USA, ADAE, header ROM version 5)","Pokémon Pearl Version (USA, APAE, header ROM version 5)",/application/zukanlist/zkn_data/zukan_enc_diamond.narc,equal,951,951,,,df3f619804a92fdb4057192dc43dd748ea778adc52bc498ce80524c014b81119,df3f619804a92fdb4057192dc43dd748ea778adc52bc498ce80524c014b81119,4,4,,
"Pokémon Diamond Version (USA, ADAE, header ROM version 5)","Pokémon Pearl Version (USA, APAE, header ROM version 5)",/application/zukanlist/zkn_data/zukan_enc_diamond.narc,equal,952,952,,,df3f619804a92fdb4057192dc43dd748ea778adc52bc498ce80524c014b81119,df3f619804a92fdb4057192dc43dd748ea778adc52bc498ce80524c014b81119,4,4,,
"Pokémon Diamond Version (USA, ADAE, header ROM version 5)","Pokémon Pearl Version (USA, APAE, header ROM version 5)",/application/zukanlist/zkn_data/zukan_enc_diamond.narc,equal,953,953,,,df3f619804a92fdb4057192dc43dd748ea778adc52bc498ce80524c014b81119,df3f619804a92fdb4057192dc43dd748ea778adc52bc498ce80524c014b81119,4,4,,
"Pokémon Diamond Version (USA, ADAE, header ROM version 5)","Pokémon Pearl Version (USA, APAE, header ROM version 5)",/application/zukanlist/zkn_data/zukan_enc_diamond.narc,equal,954,954,,,df3f619804a92fdb4057192dc43dd748ea778adc52bc498ce80524c014b81119,df3f619804a92fdb4057192dc43dd748ea778adc52bc498ce80524c014b81119,4,4,,
"Pokémon Diamond Version (USA, ADAE, header ROM version 5)","Pokémon Pearl Version (USA, APAE, header ROM version 5)",/application/zukanlist/zkn_data/zukan_enc_diamond.narc,equal,955,955,,,df3f619804a92fdb4057192dc43dd748ea778adc52bc498ce80524c014b81119,df3f619804a92fdb4057192dc43dd748ea778adc52bc498ce80524c014b81119,4,4,,
"Pokémon Diamond Version (USA, ADAE, header ROM version 5)","Pokémon Pearl Version (USA, APAE, header ROM version 5)",/application/zukanlist/zkn_data/zukan_enc_diamond.narc,equal,956,956,,,df3f619804a92fdb4057192dc43dd748ea778adc52bc498ce80524c014b81119,df3f619804a92fdb4057192dc43dd748ea778adc52bc498ce80524c014b81119,4,4,,
"Pokémon Diamond Version (USA, ADAE, header ROM version 5)","Pokémon Pearl Version (USA, APAE, header ROM version 5)",/application/zukanlist/zkn_data/zukan_enc_diamond.narc,equal,957,957,,,df3f619804a92fdb4057192dc43dd748ea778adc52bc498ce80524c014b81119,df3f619804a92fdb4057192dc43dd748ea778adc52bc498ce80524c014b81119,4,4,,
"Pokémon Diamond Version (USA, ADAE, header ROM version 5)","Pokémon Pearl Version (USA, APAE, header ROM version 5)",/application/zukanlist/zkn_data/zukan_enc_diamond.narc,equal,958,958,,,35be322d094f9d154a8aba4733b8497f180353bd7ae7b0a15f90b586b549f28b,35be322d094f9d154a8aba4733b8497f180353bd7ae7b0a15f90b586b549f28b,8,8,,
"Pokémon Diamond Version (USA, ADAE, header ROM version 5)","Pokémon Pearl Version (USA, APAE, header ROM version 5)",/application/zukanlist/zkn_data/zukan_enc_diamond.narc,equal,959,959,,,35be322d094f9d154a8aba4733b8497f180353bd7ae7b0a15f90b586b549f28b,35be322d094f9d154a8aba4733b8497f180353bd7ae7b0a15f90b586b549f28b,8,8,,
"Pokémon Diamond Version (USA, ADAE, header ROM version 5)","Pokémon Pearl Version (USA, APAE, header ROM version 5)",/application/zukanlist/zkn_data/zukan_enc_diamond.narc,equal,960,960,,,df3f619804a92fdb4057192dc43dd748ea778adc52bc498ce80524c014b81119,df3f619804a92fdb4057192dc43dd748ea778adc52bc498ce80524c014b81119,4,4,,
"Pokémon Diamond Version (USA, ADAE, header ROM version 5)","Pokémon Pearl Version (USA, APAE, header ROM version 5)",/application/zukanlist/zkn_data/zukan_enc_diamond.narc,equal,961,961,,,df3f619804a92fdb4057192dc43dd748ea778adc52bc498ce80524c014b81119,df3f619804a92fdb4057192dc43dd748ea778adc52bc498ce80524c014b81119,4,4,,
"Pokémon Diamond Version (USA, ADAE, header ROM version 5)","Pokémon Pearl Version (USA, APAE, header ROM version 5)",/application/zukanlist/zkn_data/zukan_enc_diamond.narc,equal,962,962,,,df3f619804a92fdb4057192dc43dd748ea778adc52bc498ce80524c014b81119,df3f619804a92fdb4057192dc43dd748ea778adc52bc498ce80524c014b81119,4,4,,
"Pokémon Diamond Version (USA, ADAE, header ROM version 5)","Pokémon Pearl Version (USA, APAE, header ROM version 5)",/application/zukanlist/zkn_data/zukan_enc_diamond.narc,equal,963,963,,,df3f619804a92fdb4057192dc43dd748ea778adc52bc498ce80524c014b81119,df3f619804a92fdb4057192dc43dd748ea778adc52bc498ce80524c014b81119,4,4,,
"Pokémon Diamond Version (USA, ADAE, header ROM version 5)","Pokémon Pearl Version (USA, APAE, header ROM version 5)",/application/zukanlist/zkn_data/zukan_enc_diamond.narc,equal,964,964,,,df3f619804a92fdb4057192dc43dd748ea778adc52bc498ce80524c014b81119,df3f619804a92fdb4057192dc43dd748ea778adc52bc498ce80524c014b81119,4,4,,
"Pokémon Diamond Version (USA, ADAE, header ROM version 5)","Pokémon Pearl Version (USA, APAE, header ROM version 5)",/application/zukanlist/zkn_data/zukan_enc_diamond.narc,equal,965,965,,,df3f619804a92fdb4057192dc43dd748ea778adc52bc498ce80524c014b81119,df3f619804a92fdb4057192dc43dd748ea778adc52bc498ce80524c014b81119,4,4,,
"Pokémon Diamond Version (USA, ADAE, header ROM version 5)","Pokémon Pearl Version (USA, APAE, header ROM version 5)",/application/zukanlist/zkn_data/zukan_enc_diamond.narc,equal,966,966,,,df3f619804a92fdb4057192dc43dd748ea778adc52bc498ce80524c014b81119,df3f619804a92fdb4057192dc43dd748ea778adc52bc498ce80524c014b81119,4,4,,
"Pokémon Diamond Version (USA, ADAE, header ROM version 5)","Pokémon Pearl Version (USA, APAE, header ROM version 5)",/application/zukanlist/zkn_data/zukan_enc_diamond.narc,equal,967,967,,,df3f619804a92fdb4057192dc43dd748ea778adc52bc498ce80524c014b81119,df3f619804a92fdb4057192dc43dd748ea778adc52bc498ce80524c014b81119,4,4,,
"Pokémon Diamond Version (USA, ADAE, header ROM version 5)","Pokémon Pearl Version (USA, APAE, header ROM version 5)",/application/zukanlist/zkn_data/zukan_enc_diamond.narc,equal,968,968,,,df3f619804a92fdb4057192dc43dd748ea778adc52bc498ce80524c014b81119,df3f619804a92fdb4057192dc43dd748ea778adc52bc498ce80524c014b81119,4,4,,
"Pokémon Diamond Version (USA, ADAE, header ROM version 5)","Pokémon Pearl Version (USA, APAE, header ROM version 5)",/application/zukanlist/zkn_data/zukan_enc_diamond.narc,equal,969,969,,,df3f619804a92fdb4057192dc43dd748ea778adc52bc498ce80524c014b81119,df3f619804a92fdb4057192dc43dd748ea778adc52bc498ce80524c014b81119,4,4,,
"Pokémon Diamond Version (USA, ADAE, header ROM version 5)","Pokémon Pearl Version (USA, APAE, header ROM version 5)",/application/zukanlist/zkn_data/zukan_enc_diamond.narc,equal,970,970,,,df3f619804a92fdb4057192dc43dd748ea778adc52bc498ce80524c014b81119,df3f619804a92fdb4057192dc43dd748ea778adc52bc498ce80524c014b81119,4,4,,
"Pokémon Diamond Version (USA, ADAE, header ROM version 5)","Pokémon Pearl Version (USA, APAE, header ROM version 5)",/application/zukanlist/zkn_data/zukan_enc_diamond.narc,equal,971,971,,,df3f619804a92fdb4057192dc43dd748ea778adc52bc498ce80524c014b81119,df3f619804a92fdb4057192dc43dd748ea778adc52bc498ce80524c014b81119,4,4,,
"Pokémon Diamond Version (USA, ADAE, header ROM version 5)","Pokémon Pearl Version (USA, APAE, header ROM version 5)",/application/zukanlist/zkn_data/zukan_enc_diamond.narc,equal,972,972,,,df3f619804a92fdb4057192dc43dd748ea778adc52bc498ce80524c014b81119,df3f619804a92fdb4057192dc43dd748ea778adc52bc498ce80524c014b81119,4,4,,
"Pokémon Diamond Version (USA, ADAE, header ROM version 5)","Pokémon Pearl Version (USA, APAE, header ROM version 5)",/application/zukanlist/zkn_data/zukan_enc_diamond.narc,equal,973,973,,,df3f619804a92fdb4057192dc43dd748ea778adc52bc498ce80524c014b81119,df3f619804a92fdb4057192dc43dd748ea778adc52bc498ce80524c014b81119,4,4,,
"Pokémon Diamond Version (USA, ADAE, header ROM version 5)","Pokémon Pearl Version (USA, APAE, header ROM version 5)",/application/zukanlist/zkn_data/zukan_enc_diamond.narc,equal,974,974,,,df3f619804a92fdb4057192dc43dd748ea778adc52bc498ce80524c014b81119,df3f619804a92fdb4057192dc43dd748ea778adc52bc498ce80524c014b81119,4,4,,
"Pokémon Diamond Version (USA, ADAE, header ROM version 5)","Pokémon Pearl Version (USA, APAE, header ROM version 5)",/application/zukanlist/zkn_data/zukan_enc_diamond.narc,equal,975,975,,,df3f619804a92fdb4057192dc43dd748ea778adc52bc498ce80524c014b81119,df3f619804a92fdb4057192dc43dd748ea778adc52bc498ce80524c014b81119,4,4,,
"Pokémon Diamond Version (USA, ADAE, header ROM version 5)","Pokémon Pearl Version (USA, APAE, header ROM version 5)",/application/zukanlist/zkn_data/zukan_enc_diamond.narc,equal,976,976,,,df3f619804a92fdb4057192dc43dd748ea778adc52bc498ce80524c014b81119,df3f619804a92fdb4057192dc43dd748ea778adc52bc498ce80524c014b81119,4,4,,
"Pokémon Diamond Version (USA, ADAE, header ROM version 5)","Pokémon Pearl Version (USA, APAE, header ROM version 5)",/application/zukanlist/zkn_data/zukan_enc_diamond.narc,equal,977,977,,,df3f619804a92fdb4057192dc43dd748ea778adc52bc498ce80524c014b81119,df3f619804a92fdb4057192dc43dd748ea778adc52bc498ce80524c014b81119,4,4,,
"Pokémon Diamond Version (USA, ADAE, header ROM version 5)","Pokémon Pearl Version (USA, APAE, header ROM version 5)",/application/zukanlist/zkn_data/zukan_enc_diamond.narc,equal,978,978,,,df3f619804a92fdb4057192dc43dd748ea778adc52bc498ce80524c014b81119,df3f619804a92fdb4057192dc43dd748ea778adc52bc498ce80524c014b81119,4,4,,
"Pokémon Diamond Version (USA, ADAE, header ROM version 5)","Pokémon Pearl Version (USA, APAE, header ROM version 5)",/application/zukanlist/zkn_data/zukan_enc_diamond.narc,equal,979,979,,,df3f619804a92fdb4057192dc43dd748ea778adc52bc498ce80524c014b81119,df3f619804a92fdb4057192dc43dd748ea778adc52bc498ce80524c014b81119,4,4,,
"Pokémon Diamond Version (USA, ADAE, header ROM version 5)","Pokémon Pearl Version (USA, APAE, header ROM version 5)",/application/zukanlist/zkn_data/zukan_enc_diamond.narc,equal,980,980,,,df3f619804a92fdb4057192dc43dd748ea778adc52bc498ce80524c014b81119,df3f619804a92fdb4057192dc43dd748ea778adc52bc498ce80524c014b81119,4,4,,
"Pokémon Diamond Version (USA, ADAE, header ROM version 5)","Pokémon Pearl Version (USA, APAE, header ROM version 5)",/application/zukanlist/zkn_data/zukan_enc_diamond.narc,equal,981,981,,,df3f619804a92fdb4057192dc43dd748ea778adc52bc498ce80524c014b81119,df3f619804a92fdb4057192dc43dd748ea778adc52bc498ce80524c014b81119,4,4,,
"Pokémon Diamond Version (USA, ADAE, header ROM version 5)","Pokémon Pearl Version (USA, APAE, header ROM version 5)",/application/zukanlist/zkn_data/zukan_enc_diamond.narc,equal,982,982,,,df3f619804a92fdb4057192dc43dd748ea778adc52bc498ce80524c014b81119,df3f619804a92fdb4057192dc43dd748ea778adc52bc498ce80524c014b81119,4,4,,
"Pokémon Diamond Version (USA, ADAE, header ROM version 5)","Pokémon Pearl Version (USA, APAE, header ROM version 5)",/application/zukanlist/zkn_data/zukan_enc_diamond.narc,equal,983,983,,,df3f619804a92fdb4057192dc43dd748ea778adc52bc498ce80524c014b81119,df3f619804a92fdb4057192dc43dd748ea778adc52bc498ce80524c014b81119,4,4,,
"Pokémon Diamond Version (USA, ADAE, header ROM version 5)","Pokémon Pearl Version (USA, APAE, header ROM version 5)",/application/zukanlist/zkn_data/zukan_enc_diamond.narc,equal,984,984,,,df3f619804a92fdb4057192dc43dd748ea778adc52bc498ce80524c014b81119,df3f619804a92fdb4057192dc43dd748ea778adc52bc498ce80524c014b81119,4,4,,
"Pokémon Diamond Version (USA, ADAE, header ROM version 5)","Pokémon Pearl Version (USA, APAE, header ROM version 5)",/application/zukanlist/zkn_data/zukan_enc_diamond.narc,equal,985,985,,,df3f619804a92fdb4057192dc43dd748ea778adc52bc498ce80524c014b81119,df3f619804a92fdb4057192dc43dd748ea778adc52bc498ce80524c014b81119,4,4,,
"Pokémon Diamond Version (USA, ADAE, header ROM version 5)","Pokémon Pearl Version (USA, APAE, header ROM version 5)",/application/zukanlist/zkn_data/zukan_enc_diamond.narc,equal,986,986,,,df3f619804a92fdb4057192dc43dd748ea778adc52bc498ce80524c014b81119,df3f619804a92fdb4057192dc43dd748ea778adc52bc498ce80524c014b81119,4,4,,
"Pokémon Diamond Version (USA, ADAE, header ROM version 5)","Pokémon Pearl Version (USA, APAE, header ROM version 5)",/application/zukanlist/zkn_data/zukan_enc_diamond.narc,equal,987,987,,,df3f619804a92fdb4057192dc43dd748ea778adc52bc498ce80524c014b81119,df3f619804a92fdb4057192dc43dd748ea778adc52bc498ce80524c014b81119,4,4,,
"Pokémon Diamond Version (USA, ADAE, header ROM version 5)","Pokémon Pearl Version (USA, APAE, header ROM version 5)",/application/zukanlist/zkn_data/zukan_enc_diamond.narc,equal,988,988,,,df3f619804a92fdb4057192dc43dd748ea778adc52bc498ce80524c014b81119,df3f619804a92fdb4057192dc43dd748ea778adc52bc498ce80524c014b81119,4,4,,
"Pokémon Diamond Version (USA, ADAE, header ROM version 5)","Pokémon Pearl Version (USA, APAE, header ROM version 5)",/application/zukanlist/zkn_data/zukan_enc_diamond.narc,equal,989,989,,,df3f619804a92fdb4057192dc43dd748ea778adc52bc498ce80524c014b81119,df3f619804a92fdb4057192dc43dd748ea778adc52bc498ce80524c014b81119,4,4,,
"Pokémon Diamond Version (USA, ADAE, header ROM version 5)","Pokémon Pearl Version (USA, APAE, header ROM version 5)",/application/zukanlist/zkn_data/zukan_enc_diamond.narc,equal,990,990,,,df3f619804a92fdb4057192dc43dd748ea778adc52bc498ce80524c014b81119,df3f619804a92fdb4057192dc43dd748ea778adc52bc498ce80524c014b81119,4,4,,
"Pokémon Diamond Version (USA, ADAE, header ROM version 5)","Pokémon Pearl Version (USA, APAE, header ROM version 5)",/application/zukanlist/zkn_data/zukan_enc_diamond.narc,equal,991,991,,,df3f619804a92fdb4057192dc43dd748ea778adc52bc498ce80524c014b81119,df3f619804a92fdb4057192dc43dd748ea778adc52bc498ce80524c014b81119,4,4,,
"Pokémon Diamond Version (USA, ADAE, header ROM version 5)","Pokémon Pearl Version (USA, APAE, header ROM version 5)",/application/zukanlist/zkn_data/zukan_enc_diamond.narc,equal,992,992,,,df3f619804a92fdb4057192dc43dd748ea778adc52bc498ce80524c014b81119,df3f619804a92fdb4057192dc43dd748ea778adc52bc498ce80524c014b81119,4,4,,
"Pokémon Diamond Version (USA, ADAE, header ROM version 5)","Pokémon Pearl Version (USA, APAE, header ROM version 5)",/application/zukanlist/zkn_data/zukan_enc_diamond.narc,equal,993,993,,,df3f619804a92fdb4057192dc43dd748ea778adc52bc498ce80524c014b81119,df3f619804a92fdb4057192dc43dd748ea778adc52bc498ce80524c014b81119,4,4,,
"Pokémon Diamond Version (USA, ADAE, header ROM version 5)","Pokémon Pearl Version (USA, APAE, header ROM version 5)",/application/zukanlist/zkn_data/zukan_enc_diamond.narc,equal,994,994,,,28de1ed16fbbb916cd2ea5f89a88d4d8f4fa6467015535e9eab66c1fe9af7866,28de1ed16fbbb916cd2ea5f89a88d4d8f4fa6467015535e9eab66c1fe9af7866,68,68,,
"Pokémon Diamond Version (USA, ADAE, header ROM version 5)","Pokémon Pearl Version (USA, APAE, header ROM version 5)",/application/zukanlist/zkn_data/zukan_enc_diamond.narc,equal,995,995,,,df3f619804a92fdb4057192dc43dd748ea778adc52bc498ce80524c014b81119,df3f619804a92fdb4057192dc43dd748ea778adc52bc498ce80524c014b81119,4,4,,
"Pokémon Diamond Version (USA, ADAE, header ROM version 5)","Pokémon Pearl Version (USA, APAE, header ROM version 5)",/application/zukanlist/zkn_data/zukan_enc_diamond.narc,equal,996,996,,,df3f619804a92fdb4057192dc43dd748ea778adc52bc498ce80524c014b81119,df3f619804a92fdb4057192dc43dd748ea778adc52bc498ce80524c014b81119,4,4,,
"Pokémon Diamond Version (USA, ADAE, header ROM version 5)","Pokémon Pearl Version (USA, APAE, header ROM version 5)",/application/zukanlist/zkn_data/zukan_enc_diamond.narc,equal,997,997,,,df3f619804a92fdb4057192dc43dd748ea778adc52bc498ce80524c014b81119,df3f619804a92fdb4057192dc43dd748ea778adc52bc498ce80524c014b81119,4,4,,
"Pokémon Diamond Version (USA, ADAE, header ROM version 5)","Pokémon Pearl Version (USA, APAE, header ROM version 5)",/application/zukanlist/zkn_data/zukan_enc_diamond.narc,equal,998,998,,,df3f619804a92fdb4057192dc43dd748ea778adc52bc498ce80524c014b81119,df3f619804a92fdb4057192dc43dd748ea778adc52bc498ce80524c014b81119,4,4,,
"Pokémon Diamond Version (USA, ADAE, header ROM version 5)","Pokémon Pearl Version (USA, APAE, header ROM version 5)",/application/zukanlist/zkn_data/zukan_enc_diamond.narc,equal,999,999,,,df3f619804a92fdb4057192dc43dd748ea778adc52bc498ce80524c014b81119,df3f619804a92fdb4057192dc43dd748ea778adc52bc498ce80524c014b81119,4,4,,
"Pokémon Diamond Version (USA, ADAE, header ROM version 5)","Pokémon Pearl Version (USA, APAE, header ROM version 5)",/application/zukanlist/zkn_data/zukan_enc_diamond.narc,equal,1000,1000,,,df3f619804a92fdb4057192dc43dd748ea778adc52bc498ce80524c014b81119,df3f619804a92fdb4057192dc43dd748ea778adc52bc498ce80524c014b81119,4,4,,
"Pokémon Diamond Version (USA, ADAE, header ROM version 5)","Pokémon Pearl Version (USA, APAE, header ROM version 5)",/application/zukanlist/zkn_data/zukan_enc_diamond.narc,equal,1001,1001,,,df3f619804a92fdb4057192dc43dd748ea778adc52bc498ce80524c014b81119,df3f619804a92fdb4057192dc43dd748ea778adc52bc498ce80524c014b81119,4,4,,
"Pokémon Diamond Version (USA, ADAE, header ROM version 5)","Pokémon Pearl Version (USA, APAE, header ROM version 5)",/application/zukanlist/zkn_data/zukan_enc_diamond.narc,equal,1002,1002,,,df3f619804a92fdb4057192dc43dd748ea778adc52bc498ce80524c014b81119,df3f619804a92fdb4057192dc43dd748ea778adc52bc498ce80524c014b81119,4,4,,
"Pokémon Diamond Version (USA, ADAE, header ROM version 5)","Pokémon Pearl Version (USA, APAE, header ROM version 5)",/application/zukanlist/zkn_data/zukan_enc_diamond.narc,equal,1003,1003,,,df3f619804a92fdb4057192dc43dd748ea778adc52bc498ce80524c014b81119,df3f619804a92fdb4057192dc43dd748ea778adc52bc498ce80524c014b81119,4,4,,
"Pokémon Diamond Version (USA, ADAE, header ROM version 5)","Pokémon Pearl Version (USA, APAE, header ROM version 5)",/application/zukanlist/zkn_data/zukan_enc_diamond.narc,equal,1004,1004,,,df3f619804a92fdb4057192dc43dd748ea778adc52bc498ce80524c014b81119,df3f619804a92fdb4057192dc43dd748ea778adc52bc498ce80524c014b81119,4,4,,
"Pokémon Diamond Version (USA, ADAE, header ROM version 5)","Pokémon Pearl Version (USA, APAE, header ROM version 5)",/application/zukanlist/zkn_data/zukan_enc_diamond.narc,equal,1005,1005,,,df3f619804a92fdb4057192dc43dd748ea778adc52bc498ce80524c014b81119,df3f619804a92fdb4057192dc43dd748ea778adc52bc498ce80524c014b81119,4,4,,
"Pokémon Diamond Version (USA, ADAE, header ROM version 5)","Pokémon Pearl Version (USA, APAE, header ROM version 5)",/application/zukanlist/zkn_data/zukan_enc_diamond.narc,equal,1006,1006,,,df3f619804a92fdb4057192dc43dd748ea778adc52bc498ce80524c014b81119,df3f619804a92fdb4057192dc43dd748ea778adc52bc498ce80524c014b81119,4,4,,
"Pokémon Diamond Version (USA, ADAE, header ROM version 5)","Pokémon Pearl Version (USA, APAE, header ROM version 5)",/application/zukanlist/zkn_data/zukan_enc_diamond.narc,equal,1007,1007,,,df3f619804a92fdb4057192dc43dd748ea778adc52bc498ce80524c014b81119,df3f619804a92fdb4057192dc43dd748ea778adc52bc498ce80524c014b81119,4,4,,
"Pokémon Diamond Version (USA, ADAE, header ROM version 5)","Pokémon Pearl Version (USA, APAE, header ROM version 5)",/application/zukanlist/zkn_data/zukan_enc_diamond.narc,equal,1008,1008,,,df3f619804a92fdb4057192dc43dd748ea778adc52bc498ce80524c014b81119,df3f619804a92fdb4057192dc43dd748ea778adc52bc498ce80524c014b81119,4,4,,
"Pokémon Diamond Version (USA, ADAE, header ROM version 5)","Pokémon Pearl Version (USA, APAE, header ROM version 5)",/application/zukanlist/zkn_data/zukan_enc_diamond.narc,equal,1009,1009,,,df3f619804a92fdb4057192dc43dd748ea778adc52bc498ce80524c014b81119,df3f619804a92fdb4057192dc43dd748ea778adc52bc498ce80524c014b81119,4,4,,
"Pokémon Diamond Version (USA, ADAE, header ROM version 5)","Pokémon Pearl Version (USA, APAE, header ROM version 5)",/application/zukanlist/zkn_data/zukan_enc_diamond.narc,equal,1010,1010,,,df3f619804a92fdb4057192dc43dd748ea778adc52bc498ce80524c014b81119,df3f619804a92fdb4057192dc43dd748ea778adc52bc498ce80524c014b81119,4,4,,
"Pokémon Diamond Version (USA, ADAE, header ROM version 5)","Pokémon Pearl Version (USA, APAE, header ROM version 5)",/application/zukanlist/zkn_data/zukan_enc_diamond.narc,equal,1011,1011,,,df3f619804a92fdb4057192dc43dd748ea778adc52bc498ce80524c014b81119,df3f619804a92fdb4057192dc43dd748ea778adc52bc498ce80524c014b81119,4,4,,
"Pokémon Diamond Version (USA, ADAE, header ROM version 5)","Pokémon Pearl Version (USA, APAE, header ROM version 5)",/application/zukanlist/zkn_data/zukan_enc_diamond.narc,equal,1012,1012,,,df3f619804a92fdb4057192dc43dd748ea778adc52bc498ce80524c014b81119,df3f619804a92fdb4057192dc43dd748ea778adc52bc498ce80524c014b81119,4,4,,
"Pokémon Diamond Version (USA, ADAE, header ROM version 5)","Pokémon Pearl Version (USA, APAE, header ROM version 5)",/application/zukanlist/zkn_data/zukan_enc_diamond.narc,equal,1013,1013,,,df3f619804a92fdb4057192dc43dd748ea778adc52bc498ce80524c014b81119,df3f619804a92fdb4057192dc43dd748ea778adc52bc498ce80524c014b81119,4,4,,
"Pokémon Diamond Version (USA, ADAE, header ROM version 5)","Pokémon Pearl Version (USA, APAE, header ROM version 5)",/application/zukanlist/zkn_data/zukan_enc_diamond.narc,equal,1014,1014,,,df3f619804a92fdb4057192dc43dd748ea778adc52bc498ce80524c014b81119,df3f619804a92fdb4057192dc43dd748ea778adc52bc498ce80524c014b81119,4,4,,
"Pokémon Diamond Version (USA, ADAE, header ROM version 5)","Pokémon Pearl Version (USA, APAE, header ROM version 5)",/application/zukanlist/zkn_data/zukan_enc_diamond.narc,equal,1015,1015,,,df3f619804a92fdb4057192dc43dd748ea778adc52bc498ce80524c014b81119,df3f619804a92fdb4057192dc43dd748ea778adc52bc498ce80524c014b81119,4,4,,
"Pokémon Diamond Version (USA, ADAE, header ROM version 5)","Pokémon Pearl Version (USA, APAE, header ROM version 5)",/application/zukanlist/zkn_data/zukan_enc_diamond.narc,equal,1016,1016,,,df3f619804a92fdb4057192dc43dd748ea778adc52bc498ce80524c014b81119,df3f619804a92fdb4057192dc43dd748ea778adc52bc498ce80524c014b81119,4,4,,
"Pokémon Diamond Version (USA, ADAE, header ROM version 5)","Pokémon Pearl Version (USA, APAE, header ROM version 5)",/application/zukanlist/zkn_data/zukan_enc_diamond.narc,equal,1017,1017,,,df3f619804a92fdb4057192dc43dd748ea778adc52bc498ce80524c014b81119,df3f619804a92fdb4057192dc43dd748ea778adc52bc498ce80524c014b81119,4,4,,
"Pokémon Diamond Version (USA, ADAE, header ROM version 5)","Pokémon Pearl Version (USA, APAE, header ROM version 5)",/application/zukanlist/zkn_data/zukan_enc_diamond.narc,equal,1018,1018,,,df3f619804a92fdb4057192dc43dd748ea778adc52bc498ce80524c014b81119,df3f619804a92fdb4057192dc43dd748ea778adc52bc498ce80524c014b81119,4,4,,
"Pokémon Diamond Version (USA, ADAE, header ROM version 5)","Pokémon Pearl Version (USA, APAE, header ROM version 5)",/application/zukanlist/zkn_data/zukan_enc_diamond.narc,equal,1019,1019,,,18d8d609947c6b82b9607704ae40d3317038e709238514de750b5c7411ba4c20,18d8d609947c6b82b9607704ae40d3317038e709238514de750b5c7411ba4c20,8,8,,
"Pokémon Diamond Version (USA, ADAE, header ROM version 5)","Pokémon Pearl Version (USA, APAE, header ROM version 5)",/application/zukanlist/zkn_data/zukan_enc_diamond.narc,equal,1020,1020,,,df3f619804a92fdb4057192dc43dd748ea778adc52bc498ce80524c014b81119,df3f619804a92fdb4057192dc43dd748ea778adc52bc498ce80524c014b81119,4,4,,
"Pokémon Diamond Version (USA, ADAE, header ROM version 5)","Pokémon Pearl Version (USA, APAE, header ROM version 5)",/application/zukanlist/zkn_data/zukan_enc_diamond.narc,equal,1021,1021,,,df3f619804a92fdb4057192dc43dd748ea778adc52bc498ce80524c014b81119,df3f619804a92fdb4057192dc43dd748ea778adc52bc498ce80524c014b81119,4,4,,
"Pokémon Diamond Version (USA, ADAE, header ROM version 5)","Pokémon Pearl Version (USA, APAE, header ROM version 5)",/application/zukanlist/zkn_data/zukan_enc_diamond.narc,equal,1022,1022,,,df3f619804a92fdb4057192dc43dd748ea778adc52bc498ce80524c014b81119,df3f619804a92fdb4057192dc43dd748ea778adc52bc498ce80524c014b81119,4,4,,
"Pokémon Diamond Version (USA, ADAE, header ROM version 5)","Pokémon Pearl Version (USA, APAE, header ROM version 5)",/application/zukanlist/zkn_data/zukan_enc_diamond.narc,equal,1023,1023,,,df3f619804a92fdb4057192dc43dd748ea778adc52bc498ce80524c014b81119,df3f619804a92fdb4057192dc43dd748ea778adc52bc498ce80524c014b81119,4,4,,
"Pokémon Diamond Version (USA, ADAE, header ROM version 5)","Pokémon Pearl Version (USA, APAE, header ROM version 5)",/application/zukanlist/zkn_data/zukan_enc_diamond.narc,equal,1024,1024,,,df3f619804a92fdb4057192dc43dd748ea778adc52bc498ce80524c014b81119,df3f619804a92fdb4057192dc43dd748ea778adc52bc498ce80524c014b81119,4,4,,
"Pokémon Diamond Version (USA, ADAE, header ROM version 5)","Pokémon Pearl Version (USA, APAE, header ROM version 5)",/application/zukanlist/zkn_data/zukan_enc_diamond.narc,equal,1025,1025,,,df3f619804a92fdb4057192dc43dd748ea778adc52bc498ce80524c014b81119,df3f619804a92fdb4057192dc43dd748ea778adc52bc498ce80524c014b81119,4,4,,
"Pokémon Diamond Version (USA, ADAE, header ROM version 5)","Pokémon Pearl Version (USA, APAE, header ROM version 5)",/application/zukanlist/zkn_data/zukan_enc_diamond.narc,equal,1026,1026,,,df3f619804a92fdb4057192dc43dd748ea778adc52bc498ce80524c014b81119,df3f619804a92fdb4057192dc43dd748ea778adc52bc498ce80524c014b81119,4,4,,
"Pokémon Diamond Version (USA, ADAE, header ROM version 5)","Pokémon Pearl Version (USA, APAE, header ROM version 5)",/application/zukanlist/zkn_data/zukan_enc_diamond.narc,equal,1027,1027,,,df3f619804a92fdb4057192dc43dd748ea778adc52bc498ce80524c014b81119,df3f619804a92fdb4057192dc43dd748ea778adc52bc498ce80524c014b81119,4,4,,
"Pokémon Diamond Version (USA, ADAE, header ROM version 5)","Pokémon Pearl Version (USA, APAE, header ROM version 5)",/application/zukanlist/zkn_data/zukan_enc_diamond.narc,equal,1028,1028,,,df3f619804a92fdb4057192dc43dd748ea778adc52bc498ce80524c014b81119,df3f619804a92fdb4057192dc43dd748ea778adc52bc498ce80524c014b81119,4,4,,
"Pokémon Diamond Version (USA, ADAE, header ROM version 5)","Pokémon Pearl Version (USA, APAE, header ROM version 5)",/application/zukanlist/zkn_data/zukan_enc_diamond.narc,equal,1029,1029,,,35be322d094f9d154a8aba4733b8497f180353bd7ae7b0a15f90b586b549f28b,35be322d094f9d154a8aba4733b8497f180353bd7ae7b0a15f90b586b549f28b,8,8,,
"Pokémon Diamond Version (USA, ADAE, header ROM version 5)","Pokémon Pearl Version (USA, APAE, header ROM version 5)",/application/zukanlist/zkn_data/zukan_enc_diamond.narc,equal,1030,1030,,,df3f619804a92fdb4057192dc43dd748ea778adc52bc498ce80524c014b81119,df3f619804a92fdb4057192dc43dd748ea778adc52bc498ce80524c014b81119,4,4,,
"Pokémon Diamond Version (USA, ADAE, header ROM version 5)","Pokémon Pearl Version (USA, APAE, header ROM version 5)",/application/zukanlist/zkn_data/zukan_enc_diamond.narc,equal,1031,1031,,,df3f619804a92fdb4057192dc43dd748ea778adc52bc498ce80524c014b81119,df3f619804a92fdb4057192dc43dd748ea778adc52bc498ce80524c014b81119,4,4,,
"Pokémon Diamond Version (USA, ADAE, header ROM version 5)","Pokémon Pearl Version (USA, APAE, header ROM version 5)",/application/zukanlist/zkn_data/zukan_enc_diamond.narc,equal,1032,1032,,,df3f619804a92fdb4057192dc43dd748ea778adc52bc498ce80524c014b81119,df3f619804a92fdb4057192dc43dd748ea778adc52bc498ce80524c014b81119,4,4,,
"Pokémon Diamond Version (USA, ADAE, header ROM version 5)","Pokémon Pearl Version (USA, APAE, header ROM version 5)",/application/zukanlist/zkn_data/zukan_enc_diamond.narc,equal,1033,1033,,,df3f619804a92fdb4057192dc43dd748ea778adc52bc498ce80524c014b81119,df3f619804a92fdb4057192dc43dd748ea778adc52bc498ce80524c014b81119,4,4,,
"Pokémon Diamond Version (USA, ADAE, header ROM version 5)","Pokémon Pearl Version (USA, APAE, header ROM version 5)",/application/zukanlist/zkn_data/zukan_enc_diamond.narc,equal,1034,1034,,,df3f619804a92fdb4057192dc43dd748ea778adc52bc498ce80524c014b81119,df3f619804a92fdb4057192dc43dd748ea778adc52bc498ce80524c014b81119,4,4,,
"Pokémon Diamond Version (USA, ADAE, header ROM version 5)","Pokémon Pearl Version (USA, APAE, header ROM version 5)",/application/zukanlist/zkn_data/zukan_enc_diamond.narc,equal,1035,1035,,,9d1bf6ea30818af61635ee85e9cc03f02bc80838861066e058f767bf8c5dd239,9d1bf6ea30818af61635ee85e9cc03f02bc80838861066e058f767bf8c5dd239,32,32,,
"Pokémon Diamond Version (USA, ADAE, header ROM version 5)","Pokémon Pearl Version (USA, APAE, header ROM version 5)",/application/zukanlist/zkn_data/zukan_enc_diamond.narc,equal,1036,1036,,,e3e62d77adad57e0f75f1ebaf5542b3c6276f0805a66aff9491bfaadaa15acc2,e3e62d77adad57e0f75f1ebaf5542b3c6276f0805a66aff9491bfaadaa15acc2,40,40,,
"Pokémon Diamond Version (USA, ADAE, header ROM version 5)","Pokémon Pearl Version (USA, APAE, header ROM version 5)",/application/zukanlist/zkn_data/zukan_enc_diamond.narc,equal,1037,1037,,,df3f619804a92fdb4057192dc43dd748ea778adc52bc498ce80524c014b81119,df3f619804a92fdb4057192dc43dd748ea778adc52bc498ce80524c014b81119,4,4,,
"Pokémon Diamond Version (USA, ADAE, header ROM version 5)","Pokémon Pearl Version (USA, APAE, header ROM version 5)",/application/zukanlist/zkn_data/zukan_enc_diamond.narc,equal,1038,1038,,,df3f619804a92fdb4057192dc43dd748ea778adc52bc498ce80524c014b81119,df3f619804a92fdb4057192dc43dd748ea778adc52bc498ce80524c014b81119,4,4,,
"Pokémon Diamond Version (USA, ADAE, header ROM version 5)","Pokémon Pearl Version (USA, APAE, header ROM version 5)",/application/zukanlist/zkn_data/zukan_enc_diamond.narc,equal,1039,1039,,,df3f619804a92fdb4057192dc43dd748ea778adc52bc498ce80524c014b81119,df3f619804a92fdb4057192dc43dd748ea778adc52bc498ce80524c014b81119,4,4,,
"Pokémon Diamond Version (USA, ADAE, header ROM version 5)","Pokémon Pearl Version (USA, APAE, header ROM version 5)",/application/zukanlist/zkn_data/zukan_enc_diamond.narc,equal,1040,1040,,,df3f619804a92fdb4057192dc43dd748ea778adc52bc498ce80524c014b81119,df3f619804a92fdb4057192dc43dd748ea778adc52bc498ce80524c014b81119,4,4,,
"Pokémon Diamond Version (USA, ADAE, header ROM version 5)","Pokémon Pearl Version (USA, APAE, header ROM version 5)",/application/zukanlist/zkn_data/zukan_enc_diamond.narc,equal,1041,1041,,,df3f619804a92fdb4057192dc43dd748ea778adc52bc498ce80524c014b81119,df3f619804a92fdb4057192dc43dd748ea778adc52bc498ce80524c014b81119,4,4,,
"Pokémon Diamond Version (USA, ADAE, header ROM version 5)","Pokémon Pearl Version (USA, APAE, header ROM version 5)",/application/zukanlist/zkn_data/zukan_enc_diamond.narc,equal,1042,1042,,,df3f619804a92fdb4057192dc43dd748ea778adc52bc498ce80524c014b81119,df3f619804a92fdb4057192dc43dd748ea778adc52bc498ce80524c014b81119,4,4,,
"Pokémon Diamond Version (USA, ADAE, header ROM version 5)","Pokémon Pearl Version (USA, APAE, header ROM version 5)",/application/zukanlist/zkn_data/zukan_enc_diamond.narc,equal,1043,1043,,,df3f619804a92fdb4057192dc43dd748ea778adc52bc498ce80524c014b81119,df3f619804a92fdb4057192dc43dd748ea778adc52bc498ce80524c014b81119,4,4,,
"Pokémon Diamond Version (USA, ADAE, header ROM version 5)","Pokémon Pearl Version (USA, APAE, header ROM version 5)",/application/zukanlist/zkn_data/zukan_enc_diamond.narc,equal,1044,1044,,,df3f619804a92fdb4057192dc43dd748ea778adc52bc498ce80524c014b81119,df3f619804a92fdb4057192dc43dd748ea778adc52bc498ce80524c014b81119,4,4,,
"Pokémon Diamond Version (USA, ADAE, header ROM version 5)","Pokémon Pearl Version (USA, APAE, header ROM version 5)",/application/zukanlist/zkn_data/zukan_enc_diamond.narc,equal,1045,1045,,,df3f619804a92fdb4057192dc43dd748ea778adc52bc498ce80524c014b81119,df3f619804a92fdb4057192dc43dd748ea778adc52bc498ce80524c014b81119,4,4,,
"Pokémon Diamond Version (USA, ADAE, header ROM version 5)","Pokémon Pearl Version (USA, APAE, header ROM version 5)",/application/zukanlist/zkn_data/zukan_enc_diamond.narc,equal,1046,1046,,,df3f619804a92fdb4057192dc43dd748ea778adc52bc498ce80524c014b81119,df3f619804a92fdb4057192dc43dd748ea778adc52bc498ce80524c014b81119,4,4,,
"Pokémon Diamond Version (USA, ADAE, header ROM version 5)","Pokémon Pearl Version (USA, APAE, header ROM version 5)",/application/zukanlist/zkn_data/zukan_enc_diamond.narc,equal,1047,1047,,,df3f619804a92fdb4057192dc43dd748ea778adc52bc498ce80524c014b81119,df3f619804a92fdb4057192dc43dd748ea778adc52bc498ce80524c014b81119,4,4,,
"Pokémon Diamond Version (USA, ADAE, header ROM version 5)","Pokémon Pearl Version (USA, APAE, header ROM version 5)",/application/zukanlist/zkn_data/zukan_enc_diamond.narc,equal,1048,1048,,,b54480d00f9c55c1bc7adf20cf3ef10c1a7d58ff374d67da0ddc6a16c5206146,b54480d00f9c55c1bc7adf20cf3ef10c1a7d58ff374d67da0ddc6a16c5206146,28,28,,
"Pokémon Diamond Version (USA, ADAE, header ROM version 5)","Pokémon Pearl Version (USA, APAE, header ROM version 5)",/application/zukanlist/zkn_data/zukan_enc_diamond.narc,equal,1049,1049,,,68ec412a605513d1367879b256b5ca515a739c312b99ea790373ca05588fa001,68ec412a605513d1367879b256b5ca515a739c312b99ea790373ca05588fa001,28,28,,
"Pokémon Diamond Version (USA, ADAE, header ROM version 5)","Pokémon Pearl Version (USA, APAE, header ROM version 5)",/application/zukanlist/zkn_data/zukan_enc_diamond.narc,equal,1050,1050,,,df3f619804a92fdb4057192dc43dd748ea778adc52bc498ce80524c014b81119,df3f619804a92fdb4057192dc43dd748ea778adc52bc498ce80524c014b81119,4,4,,
"Pokémon Diamond Version (USA, ADAE, header ROM version 5)","Pokémon Pearl Version (USA, APAE, header ROM version 5)",/application/zukanlist/zkn_data/zukan_enc_diamond.narc,equal,1051,1051,,,df3f619804a92fdb4057192dc43dd748ea778adc52bc498ce80524c014b81119,df3f619804a92fdb4057192dc43dd748ea778adc52bc498ce80524c014b81119,4,4,,
"Pokémon Diamond Version (USA, ADAE, header ROM version 5)","Pokémon Pearl Version (USA, APAE, header ROM version 5)",/application/zukanlist/zkn_data/zukan_enc_diamond.narc,equal,1052,1052,,,df3f619804a92fdb4057192dc43dd748ea778adc52bc498ce80524c014b81119,df3f619804a92fdb4057192dc43dd748ea778adc52bc498ce80524c014b81119,4,4,,
"Pokémon Diamond Version (USA, ADAE, header ROM version 5)","Pokémon Pearl Version (USA, APAE, header ROM version 5)",/application/zukanlist/zkn_data/zukan_enc_diamond.narc,equal,1053,1053,,,df3f619804a92fdb4057192dc43dd748ea778adc52bc498ce80524c014b81119,df3f619804a92fdb4057192dc43dd748ea778adc52bc498ce80524c014b81119,4,4,,
"Pokémon Diamond Version (USA, ADAE, header ROM version 5)","Pokémon Pearl Version (USA, APAE, header ROM version 5)",/application/zukanlist/zkn_data/zukan_enc_diamond.narc,equal,1054,1054,,,df3f619804a92fdb4057192dc43dd748ea778adc52bc498ce80524c014b81119,df3f619804a92fdb4057192dc43dd748ea778adc52bc498ce80524c014b81119,4,4,,
"Pokémon Diamond Version (USA, ADAE, header ROM version 5)","Pokémon Pearl Version (USA, APAE, header ROM version 5)",/application/zukanlist/zkn_data/zukan_enc_diamond.narc,equal,1055,1055,,,df3f619804a92fdb4057192dc43dd748ea778adc52bc498ce80524c014b81119,df3f619804a92fdb4057192dc43dd748ea778adc52bc498ce80524c014b81119,4,4,,
"Pokémon Diamond Version (USA, ADAE, header ROM version 5)","Pokémon Pearl Version (USA, APAE, header ROM version 5)",/application/zukanlist/zkn_data/zukan_enc_diamond.narc,equal,1056,1056,,,df3f619804a92fdb4057192dc43dd748ea778adc52bc498ce80524c014b81119,df3f619804a92fdb4057192dc43dd748ea778adc52bc498ce80524c014b81119,4,4,,
"Pokémon Diamond Version (USA, ADAE, header ROM version 5)","Pokémon Pearl Version (USA, APAE, header ROM version 5)",/application/zukanlist/zkn_data/zukan_enc_diamond.narc,equal,1057,1057,,,df3f619804a92fdb4057192dc43dd748ea778adc52bc498ce80524c014b81119,df3f619804a92fdb4057192dc43dd748ea778adc52bc498ce80524c014b81119,4,4,,
"Pokémon Diamond Version (USA, ADAE, header ROM version 5)","Pokémon Pearl Version (USA, APAE, header ROM version 5)",/application/zukanlist/zkn_data/zukan_enc_diamond.narc,equal,1058,1058,,,23d7f42b1cdc1f0d492ebd756ed0fe8003995dda554d99418d47a81813650207,23d7f42b1cdc1f0d492ebd756ed0fe8003995dda554d99418d47a81813650207,8,8,,
"Pokémon Diamond Version (USA, ADAE, header ROM version 5)","Pokémon Pearl Version (USA, APAE, header ROM version 5)",/application/zukanlist/zkn_data/zukan_enc_diamond.narc,equal,1059,1059,,,df3f619804a92fdb4057192dc43dd748ea778adc52bc498ce80524c014b81119,df3f619804a92fdb4057192dc43dd748ea778adc52bc498ce80524c014b81119,4,4,,
"Pokémon Diamond Version (USA, ADAE, header ROM version 5)","Pokémon Pearl Version (USA, APAE, header ROM version 5)",/application/zukanlist/zkn_data/zukan_enc_diamond.narc,equal,1060,1060,,,35be322d094f9d154a8aba4733b8497f180353bd7ae7b0a15f90b586b549f28b,35be322d094f9d154a8aba4733b8497f180353bd7ae7b0a15f90b586b549f28b,8,8,,
"Pokémon Diamond Version (USA, ADAE, header ROM version 5)","Pokémon Pearl Version (USA, APAE, header ROM version 5)",/application/zukanlist/zkn_data/zukan_enc_diamond.narc,equal,1061,1061,,,d7ceb039d209ff1e1b7193adf72ee39db9d7464403251caf50a44c4d33f7249f,d7ceb039d209ff1e1b7193adf72ee39db9d7464403251caf50a44c4d33f7249f,16,16,,
"Pokémon Diamond Version (USA, ADAE, header ROM version 5)","Pokémon Pearl Version (USA, APAE, header ROM version 5)",/application/zukanlist/zkn_data/zukan_enc_diamond.narc,equal,1062,1062,,,df3f619804a92fdb4057192dc43dd748ea778adc52bc498ce80524c014b81119,df3f619804a92fdb4057192dc43dd748ea778adc52bc498ce80524c014b81119,4,4,,
"Pokémon Diamond Version (USA, ADAE, header ROM version 5)","Pokémon Pearl Version (USA, APAE, header ROM version 5)",/application/zukanlist/zkn_data/zukan_enc_diamond.narc,equal,1063,1063,,,df3f619804a92fdb4057192dc43dd748ea778adc52bc498ce80524c014b81119,df3f619804a92fdb4057192dc43dd748ea778adc52bc498ce80524c014b81119,4,4,,
"Pokémon Diamond Version (USA, ADAE, header ROM version 5)","Pokémon Pearl Version (USA, APAE, header ROM version 5)",/application/zukanlist/zkn_data/zukan_enc_diamond.narc,equal,1064,1064,,,df3f619804a92fdb4057192dc43dd748ea778adc52bc498ce80524c014b81119,df3f619804a92fdb4057192dc43dd748ea778adc52bc498ce80524c014b81119,4,4,,
"Pokémon Diamond Version (USA, ADAE, header ROM version 5)","Pokémon Pearl Version (USA, APAE, header ROM version 5)",/application/zukanlist/zkn_data/zukan_enc_diamond.narc,equal,1065,1065,,,df3f619804a92fdb4057192dc43dd748ea778adc52bc498ce80524c014b81119,df3f619804a92fdb4057192dc43dd748ea778adc52bc498ce80524c014b81119,4,4,,
"Pokémon Diamond Version (USA, ADAE, header ROM version 5)","Pokémon Pearl Version (USA, APAE, header ROM version 5)",/application/zukanlist/zkn_data/zukan_enc_diamond.narc,equal,1066,1066,,,df3f619804a92fdb4057192dc43dd748ea778adc52bc498ce80524c014b81119,df3f619804a92fdb4057192dc43dd748ea778adc52bc498ce80524c014b81119,4,4,,
"Pokémon Diamond Version (USA, ADAE, header ROM version 5)","Pokémon Pearl Version (USA, APAE, header ROM version 5)",/application/zukanlist/zkn_data/zukan_enc_diamond.narc,equal,1067,1067,,,df3f619804a92fdb4057192dc43dd748ea778adc52bc498ce80524c014b81119,df3f619804a92fdb4057192dc43dd748ea778adc52bc498ce80524c014b81119,4,4,,
"Pokémon Diamond Version (USA, ADAE, header ROM version 5)","Pokémon Pearl Version (USA, APAE, header ROM version 5)",/application/zukanlist/zkn_data/zukan_enc_diamond.narc,equal,1068,1068,,,d4e97f27297ff17dda1d3e0031807f6b7bdc34bfce00c5df09a363eefac6377c,d4e97f27297ff17dda1d3e0031807f6b7bdc34bfce00c5df09a363eefac6377c,36,36,,
"Pokémon Diamond Version (USA, ADAE, header ROM version 5)","Pokémon Pearl Version (USA, APAE, header ROM version 5)",/application/zukanlist/zkn_data/zukan_enc_diamond.narc,equal,1069,1069,,,e09139623d3341e4d4bae8516a1fc1dd8e4ee9f965701a16a30abdc3956739fd,e09139623d3341e4d4bae8516a1fc1dd8e4ee9f965701a16a30abdc3956739fd,24,24,,
"Pokémon Diamond Version (USA, ADAE, header ROM version 5)","Pokémon Pearl Version (USA, APAE, header ROM version 5)",/application/zukanlist/zkn_data/zukan_enc_diamond.narc,equal,1070,1070,,,df3f619804a92fdb4057192dc43dd748ea778adc52bc498ce80524c014b81119,df3f619804a92fdb4057192dc43dd748ea778adc52bc498ce80524c014b81119,4,4,,
"Pokémon Diamond Version (USA, ADAE, header ROM version 5)","Pokémon Pearl Version (USA, APAE, header ROM version 5)",/application/zukanlist/zkn_data/zukan_enc_diamond.narc,equal,1071,1071,,,df3f619804a92fdb4057192dc43dd748ea778adc52bc498ce80524c014b81119,df3f619804a92fdb4057192dc43dd748ea778adc52bc498ce80524c014b81119,4,4,,
"Pokémon Diamond Version (USA, ADAE, header ROM version 5)","Pokémon Pearl Version (USA, APAE, header ROM version 5)",/application/zukanlist/zkn_data/zukan_enc_diamond.narc,equal,1072,1072,,,df3f619804a92fdb4057192dc43dd748ea778adc52bc498ce80524c014b81119,df3f619804a92fdb4057192dc43dd748ea778adc52bc498ce80524c014b81119,4,4,,
"Pokémon Diamond Version (USA, ADAE, header ROM version 5)","Pokémon Pearl Version (USA, APAE, header ROM version 5)",/application/zukanlist/zkn_data/zukan_enc_diamond.narc,equal,1073,1073,,,df3f619804a92fdb4057192dc43dd748ea778adc52bc498ce80524c014b81119,df3f619804a92fdb4057192dc43dd748ea778adc52bc498ce80524c014b81119,4,4,,
"Pokémon Diamond Version (USA, ADAE, header ROM version 5)","Pokémon Pearl Version (USA, APAE, header ROM version 5)",/application/zukanlist/zkn_data/zukan_enc_diamond.narc,equal,1074,1074,,,df3f619804a92fdb4057192dc43dd748ea778adc52bc498ce80524c014b81119,df3f619804a92fdb4057192dc43dd748ea778adc52bc498ce80524c014b81119,4,4,,
"Pokémon Diamond Version (USA, ADAE, header ROM version 5)","Pokémon Pearl Version (USA, APAE, header ROM version 5)",/application/zukanlist/zkn_data/zukan_enc_diamond.narc,equal,1075,1075,,,df3f619804a92fdb4057192dc43dd748ea778adc52bc498ce80524c014b81119,df3f619804a92fdb4057192dc43dd748ea778adc52bc498ce80524c014b81119,4,4,,
"Pokémon Diamond Version (USA, ADAE, header ROM version 5)","Pokémon Pearl Version (USA, APAE, header ROM version 5)",/application/zukanlist/zkn_data/zukan_enc_diamond.narc,equal,1076,1076,,,df3f619804a92fdb4057192dc43dd748ea778adc52bc498ce80524c014b81119,df3f619804a92fdb4057192dc43dd748ea778adc52bc498ce80524c014b81119,4,4,,
"Pokémon Diamond Version (USA, ADAE, header ROM version 5)","Pokémon Pearl Version (USA, APAE, header ROM version 5)",/application/zukanlist/zkn_data/zukan_enc_diamond.narc,equal,1077,1077,,,df3f619804a92fdb4057192dc43dd748ea778adc52bc498ce80524c014b81119,df3f619804a92fdb4057192dc43dd748ea778adc52bc498ce80524c014b81119,4,4,,
"Pokémon Diamond Version (USA, ADAE, header ROM version 5)","Pokémon Pearl Version (USA, APAE, header ROM version 5)",/application/zukanlist/zkn_data/zukan_enc_diamond.narc,equal,1078,1078,,,df3f619804a92fdb4057192dc43dd748ea778adc52bc498ce80524c014b81119,df3f619804a92fdb4057192dc43dd748ea778adc52bc498ce80524c014b81119,4,4,,
"Pokémon Diamond Version (USA, ADAE, header ROM version 5)","Pokémon Pearl Version (USA, APAE, header ROM version 5)",/application/zukanlist/zkn_data/zukan_enc_diamond.narc,equal,1079,1079,,,df3f619804a92fdb4057192dc43dd748ea778adc52bc498ce80524c014b81119,df3f619804a92fdb4057192dc43dd748ea778adc52bc498ce80524c014b81119,4,4,,
"Pokémon Diamond Version (USA, ADAE, header ROM version 5)","Pokémon Pearl Version (USA, APAE, header ROM version 5)",/application/zukanlist/zkn_data/zukan_enc_diamond.narc,equal,1080,1080,,,df3f619804a92fdb4057192dc43dd748ea778adc52bc498ce80524c014b81119,df3f619804a92fdb4057192dc43dd748ea778adc52bc498ce80524c014b81119,4,4,,
"Pokémon Diamond Version (USA, ADAE, header ROM version 5)","Pokémon Pearl Version (USA, APAE, header ROM version 5)",/application/zukanlist/zkn_data/zukan_enc_diamond.narc,equal,1081,1081,,,df3f619804a92fdb4057192dc43dd748ea778adc52bc498ce80524c014b81119,df3f619804a92fdb4057192dc43dd748ea778adc52bc498ce80524c014b81119,4,4,,
"Pokémon Diamond Version (USA, ADAE, header ROM version 5)","Pokémon Pearl Version (USA, APAE, header ROM version 5)",/application/zukanlist/zkn_data/zukan_enc_diamond.narc,equal,1082,1082,,,df3f619804a92fdb4057192dc43dd748ea778adc52bc498ce80524c014b81119,df3f619804a92fdb4057192dc43dd748ea778adc52bc498ce80524c014b81119,4,4,,
"Pokémon Diamond Version (USA, ADAE, header ROM version 5)","Pokémon Pearl Version (USA, APAE, header ROM version 5)",/application/zukanlist/zkn_data/zukan_enc_diamond.narc,equal,1083,1083,,,df3f619804a92fdb4057192dc43dd748ea778adc52bc498ce80524c014b81119,df3f619804a92fdb4057192dc43dd748ea778adc52bc498ce80524c014b81119,4,4,,
"Pokémon Diamond Version (USA, ADAE, header ROM version 5)","Pokémon Pearl Version (USA, APAE, header ROM version 5)",/application/zukanlist/zkn_data/zukan_enc_diamond.narc,equal,1084,1084,,,df3f619804a92fdb4057192dc43dd748ea778adc52bc498ce80524c014b81119,df3f619804a92fdb4057192dc43dd748ea778adc52bc498ce80524c014b81119,4,4,,
"Pokémon Diamond Version (USA, ADAE, header ROM version 5)","Pokémon Pearl Version (USA, APAE, header ROM version 5)",/application/zukanlist/zkn_data/zukan_enc_diamond.narc,equal,1085,1085,,,df3f619804a92fdb4057192dc43dd748ea778adc52bc498ce80524c014b81119,df3f619804a92fdb4057192dc43dd748ea778adc52bc498ce80524c014b81119,4,4,,
"Pokémon Diamond Version (USA, ADAE, header ROM version 5)","Pokémon Pearl Version (USA, APAE, header ROM version 5)",/application/zukanlist/zkn_data/zukan_enc_diamond.narc,equal,1086,1086,,,44b136e5054b93f9253e054a05af9da587a3858a4b4c3712fc7b05f93afbb169,44b136e5054b93f9253e054a05af9da587a3858a4b4c3712fc7b05f93afbb169,12,12,Nintendo LZ10,Nintendo LZ10
"Pokémon Diamond Version (USA, ADAE, header ROM version 5)","Pokémon Pearl Version (USA, APAE, header ROM version 5)",/application/zukanlist/zkn_data/zukan_enc_diamond.narc,equal,1087,1087,,,a111f275cc2e7588000001d300a31e76336d15b9d314cd1a1d8f3d3556975eed,a111f275cc2e7588000001d300a31e76336d15b9d314cd1a1d8f3d3556975eed,8,8,,
"Pokémon Diamond Version (USA, ADAE, header ROM version 5)","Pokémon Pearl Version (USA, APAE, header ROM version 5)",/application/zukanlist/zkn_data/zukan_enc_diamond.narc,equal,1088,1088,,,df3f619804a92fdb4057192dc43dd748ea778adc52bc498ce80524c014b81119,df3f619804a92fdb4057192dc43dd748ea778adc52bc498ce80524c014b81119,4,4,,
"Pokémon Diamond Version (USA, ADAE, header ROM version 5)","Pokémon Pearl Version (USA, APAE, header ROM version 5)",/application/zukanlist/zkn_data/zukan_enc_diamond.narc,equal,1089,1089,,,9c1601a7dbb91702148cffce6293a89a9509169dcb3d8300b1c03e4cae98d3a9,9c1601a7dbb91702148cffce6293a89a9509169dcb3d8300b1c03e4cae98d3a9,24,24,,
"Pokémon Diamond Version (USA, ADAE, header ROM version 5)","Pokémon Pearl Version (USA, APAE, header ROM version 5)",/application/zukanlist/zkn_data/zukan_enc_diamond.narc,equal,1090,1090,,,df3f619804a92fdb4057192dc43dd748ea778adc52bc498ce80524c014b81119,df3f619804a92fdb4057192dc43dd748ea778adc52bc498ce80524c014b81119,4,4,,
"Pokémon Diamond Version (USA, ADAE, header ROM version 5)","Pokémon Pearl Version (USA, APAE, header ROM version 5)",/application/zukanlist/zkn_data/zukan_enc_diamond.narc,equal,1091,1091,,,df3f619804a92fdb4057192dc43dd748ea778adc52bc498ce80524c014b81119,df3f619804a92fdb4057192dc43dd748ea778adc52bc498ce80524c014b81119,4,4,,
"Pokémon Diamond Version (USA, ADAE, header ROM version 5)","Pokémon Pearl Version (USA, APAE, header ROM version 5)",/application/zukanlist/zkn_data/zukan_enc_diamond.narc,equal,1092,1092,,,df3f619804a92fdb4057192dc43dd748ea778adc52bc498ce80524c014b81119,df3f619804a92fdb4057192dc43dd748ea778adc52bc498ce80524c014b81119,4,4,,
"Pokémon Diamond Version (USA, ADAE, header ROM version 5)","Pokémon Pearl Version (USA, APAE, header ROM version 5)",/application/zukanlist/zkn_data/zukan_enc_diamond.narc,equal,1093,1093,,,df3f619804a92fdb4057192dc43dd748ea778adc52bc498ce80524c014b81119,df3f619804a92fdb4057192dc43dd748ea778adc52bc498ce80524c014b81119,4,4,,
"Pokémon Diamond Version (USA, ADAE, header ROM version 5)","Pokémon Pearl Version (USA, APAE, header ROM version 5)",/application/zukanlist/zkn_data/zukan_enc_diamond.narc,equal,1094,1094,,,df3f619804a92fdb4057192dc43dd748ea778adc52bc498ce80524c014b81119,df3f619804a92fdb4057192dc43dd748ea778adc52bc498ce80524c014b81119,4,4,,
"Pokémon Diamond Version (USA, ADAE, header ROM version 5)","Pokémon Pearl Version (USA, APAE, header ROM version 5)",/application/zukanlist/zkn_data/zukan_enc_diamond.narc,equal,1095,1095,,,df3f619804a92fdb4057192dc43dd748ea778adc52bc498ce80524c014b81119,df3f619804a92fdb4057192dc43dd748ea778adc52bc498ce80524c014b81119,4,4,,
"Pokémon Diamond Version (USA, ADAE, header ROM version 5)","Pokémon Pearl Version (USA, APAE, header ROM version 5)",/application/zukanlist/zkn_data/zukan_enc_diamond.narc,equal,1096,1096,,,df3f619804a92fdb4057192dc43dd748ea778adc52bc498ce80524c014b81119,df3f619804a92fdb4057192dc43dd748ea778adc52bc498ce80524c014b81119,4,4,,
"Pokémon Diamond Version (USA, ADAE, header ROM version 5)","Pokémon Pearl Version (USA, APAE, header ROM version 5)",/application/zukanlist/zkn_data/zukan_enc_diamond.narc,equal,1097,1097,,,df3f619804a92fdb4057192dc43dd748ea778adc52bc498ce80524c014b81119,df3f619804a92fdb4057192dc43dd748ea778adc52bc498ce80524c014b81119,4,4,,
"Pokémon Diamond Version (USA, ADAE, header ROM version 5)","Pokémon Pearl Version (USA, APAE, header ROM version 5)",/application/zukanlist/zkn_data/zukan_enc_diamond.narc,equal,1098,1098,,,df3f619804a92fdb4057192dc43dd748ea778adc52bc498ce80524c014b81119,df3f619804a92fdb4057192dc43dd748ea778adc52bc498ce80524c014b81119,4,4,,
"Pokémon Diamond Version (USA, ADAE, header ROM version 5)","Pokémon Pearl Version (USA, APAE, header ROM version 5)",/application/zukanlist/zkn_data/zukan_enc_diamond.narc,equal,1099,1099,,,df3f619804a92fdb4057192dc43dd748ea778adc52bc498ce80524c014b81119,df3f619804a92fdb4057192dc43dd748ea778adc52bc498ce80524c014b81119,4,4,,
"Pokémon Diamond Version (USA, ADAE, header ROM version 5)","Pokémon Pearl Version (USA, APAE, header ROM version 5)",/application/zukanlist/zkn_data/zukan_enc_diamond.narc,equal,1100,1100,,,df3f619804a92fdb4057192dc43dd748ea778adc52bc498ce80524c014b81119,df3f619804a92fdb4057192dc43dd748ea778adc52bc498ce80524c014b81119,4,4,,
"Pokémon Diamond Version (USA, ADAE, header ROM version 5)","Pokémon Pearl Version (USA, APAE, header ROM version 5)",/application/zukanlist/zkn_data/zukan_enc_diamond.narc,equal,1101,1101,,,df3f619804a92fdb4057192dc43dd748ea778adc52bc498ce80524c014b81119,df3f619804a92fdb4057192dc43dd748ea778adc52bc498ce80524c014b81119,4,4,,
"Pokémon Diamond Version (USA, ADAE, header ROM version 5)","Pokémon Pearl Version (USA, APAE, header ROM version 5)",/application/zukanlist/zkn_data/zukan_enc_diamond.narc,equal,1102,1102,,,df3f619804a92fdb4057192dc43dd748ea778adc52bc498ce80524c014b81119,df3f619804a92fdb4057192dc43dd748ea778adc52bc498ce80524c014b81119,4,4,,
"Pokémon Diamond Version (USA, ADAE, header ROM version 5)","Pokémon Pearl Version (USA, APAE, header ROM version 5)",/application/zukanlist/zkn_data/zukan_enc_diamond.narc,equal,1103,1103,,,df3f619804a92fdb4057192dc43dd748ea778adc52bc498ce80524c014b81119,df3f619804a92fdb4057192dc43dd748ea778adc52bc498ce80524c014b81119,4,4,,
"Pokémon Diamond Version (USA, ADAE, header ROM version 5)","Pokémon Pearl Version (USA, APAE, header ROM version 5)",/application/zukanlist/zkn_data/zukan_enc_diamond.narc,equal,1104,1104,,,cbbd5f990c53684d7ae650b40fcb5656e02261b53da5f6a7d8c819c92f2828f8,cbbd5f990c53684d7ae650b40fcb5656e02261b53da5f6a7d8c819c92f2828f8,8,8,,
"Pokémon Diamond Version (USA, ADAE, header ROM version 5)","Pokémon Pearl Version (USA, APAE, header ROM version 5)",/application/zukanlist/zkn_data/zukan_enc_diamond.narc,equal,1105,1105,,,df3f619804a92fdb4057192dc43dd748ea778adc52bc498ce80524c014b81119,df3f619804a92fdb4057192dc43dd748ea778adc52bc498ce80524c014b81119,4,4,,
"Pokémon Diamond Version (USA, ADAE, header ROM version 5)","Pokémon Pearl Version (USA, APAE, header ROM version 5)",/application/zukanlist/zkn_data/zukan_enc_diamond.narc,equal,1106,1106,,,df3f619804a92fdb4057192dc43dd748ea778adc52bc498ce80524c014b81119,df3f619804a92fdb4057192dc43dd748ea778adc52bc498ce80524c014b81119,4,4,,
"Pokémon Diamond Version (USA, ADAE, header ROM version 5)","Pokémon Pearl Version (USA, APAE, header ROM version 5)",/application/zukanlist/zkn_data/zukan_enc_diamond.narc,equal,1107,1107,,,df3f619804a92fdb4057192dc43dd748ea778adc52bc498ce80524c014b81119,df3f619804a92fdb4057192dc43dd748ea778adc52bc498ce80524c014b81119,4,4,,
"Pokémon Diamond Version (USA, ADAE, header ROM version 5)","Pokémon Pearl Version (USA, APAE, header ROM version 5)",/application/zukanlist/zkn_data/zukan_enc_diamond.narc,equal,1108,1108,,,df3f619804a92fdb4057192dc43dd748ea778adc52bc498ce80524c014b81119,df3f619804a92fdb4057192dc43dd748ea778adc52bc498ce80524c014b81119,4,4,,
"Pokémon Diamond Version (USA, ADAE, header ROM version 5)","Pokémon Pearl Version (USA, APAE, header ROM version 5)",/application/zukanlist/zkn_data/zukan_enc_diamond.narc,equal,1109,1109,,,df3f619804a92fdb4057192dc43dd748ea778adc52bc498ce80524c014b81119,df3f619804a92fdb4057192dc43dd748ea778adc52bc498ce80524c014b81119,4,4,,
"Pokémon Diamond Version (USA, ADAE, header ROM version 5)","Pokémon Pearl Version (USA, APAE, header ROM version 5)",/application/zukanlist/zkn_data/zukan_enc_diamond.narc,equal,1110,1110,,,df3f619804a92fdb4057192dc43dd748ea778adc52bc498ce80524c014b81119,df3f619804a92fdb4057192dc43dd748ea778adc52bc498ce80524c014b81119,4,4,,
"Pokémon Diamond Version (USA, ADAE, header ROM version 5)","Pokémon Pearl Version (USA, APAE, header ROM version 5)",/application/zukanlist/zkn_data/zukan_enc_diamond.narc,equal,1111,1111,,,df3f619804a92fdb4057192dc43dd748ea778adc52bc498ce80524c014b81119,df3f619804a92fdb4057192dc43dd748ea778adc52bc498ce80524c014b81119,4,4,,
"Pokémon Diamond Version (USA, ADAE, header ROM version 5)","Pokémon Pearl Version (USA, APAE, header ROM version 5)",/application/zukanlist/zkn_data/zukan_enc_diamond.narc,equal,1112,1112,,,458fdbdb6c9234e05d2f35f791716e115f8bb2dee560f026e5ddd95c2877252b,458fdbdb6c9234e05d2f35f791716e115f8bb2dee560f026e5ddd95c2877252b,20,20,,
"Pokémon Diamond Version (USA, ADAE, header ROM version 5)","Pokémon Pearl Version (USA, APAE, header ROM version 5)",/application/zukanlist/zkn_data/zukan_enc_diamond.narc,equal,1113,1113,,,458fdbdb6c9234e05d2f35f791716e115f8bb2dee560f026e5ddd95c2877252b,458fdbdb6c9234e05d2f35f791716e115f8bb2dee560f026e5ddd95c2877252b,20,20,,
"Pokémon Diamond Version (USA, ADAE, header ROM version 5)","Pokémon Pearl Version (USA, APAE, header ROM version 5)",/application/zukanlist/zkn_data/zukan_enc_diamond.narc,equal,1114,1114,,,df3f619804a92fdb4057192dc43dd748ea778adc52bc498ce80524c014b81119,df3f619804a92fdb4057192dc43dd748ea778adc52bc498ce80524c014b81119,4,4,,
"Pokémon Diamond Version (USA, ADAE, header ROM version 5)","Pokémon Pearl Version (USA, APAE, header ROM version 5)",/application/zukanlist/zkn_data/zukan_enc_diamond.narc,equal,1115,1115,,,df3f619804a92fdb4057192dc43dd748ea778adc52bc498ce80524c014b81119,df3f619804a92fdb4057192dc43dd748ea778adc52bc498ce80524c014b81119,4,4,,
"Pokémon Diamond Version (USA, ADAE, header ROM version 5)","Pokémon Pearl Version (USA, APAE, header ROM version 5)",/application/zukanlist/zkn_data/zukan_enc_diamond.narc,equal,1116,1116,,,df3f619804a92fdb4057192dc43dd748ea778adc52bc498ce80524c014b81119,df3f619804a92fdb4057192dc43dd748ea778adc52bc498ce80524c014b81119,4,4,,
"Pokémon Diamond Version (USA, ADAE, header ROM version 5)","Pokémon Pearl Version (USA, APAE, header ROM version 5)",/application/zukanlist/zkn_data/zukan_enc_diamond.narc,equal,1117,1117,,,df3f619804a92fdb4057192dc43dd748ea778adc52bc498ce80524c014b81119,df3f619804a92fdb4057192dc43dd748ea778adc52bc498ce80524c014b81119,4,4,,
"Pokémon Diamond Version (USA, ADAE, header ROM version 5)","Pokémon Pearl Version (USA, APAE, header ROM version 5)",/application/zukanlist/zkn_data/zukan_enc_diamond.narc,equal,1118,1118,,,df3f619804a92fdb4057192dc43dd748ea778adc52bc498ce80524c014b81119,df3f619804a92fdb4057192dc43dd748ea778adc52bc498ce80524c014b81119,4,4,,
"Pokémon Diamond Version (USA, ADAE, header ROM version 5)","Pokémon Pearl Version (USA, APAE, header ROM version 5)",/application/zukanlist/zkn_data/zukan_enc_diamond.narc,equal,1119,1119,,,df3f619804a92fdb4057192dc43dd748ea778adc52bc498ce80524c014b81119,df3f619804a92fdb4057192dc43dd748ea778adc52bc498ce80524c014b81119,4,4,,
"Pokémon Diamond Version (USA, ADAE, header ROM version 5)","Pokémon Pearl Version (USA, APAE, header ROM version 5)",/application/zukanlist/zkn_data/zukan_enc_diamond.narc,equal,1120,1120,,,df3f619804a92fdb4057192dc43dd748ea778adc52bc498ce80524c014b81119,df3f619804a92fdb4057192dc43dd748ea778adc52bc498ce80524c014b81119,4,4,,
"Pokémon Diamond Version (USA, ADAE, header ROM version 5)","Pokémon Pearl Version (USA, APAE, header ROM version 5)",/application/zukanlist/zkn_data/zukan_enc_diamond.narc,equal,1121,1121,,,df3f619804a92fdb4057192dc43dd748ea778adc52bc498ce80524c014b81119,df3f619804a92fdb4057192dc43dd748ea778adc52bc498ce80524c014b81119,4,4,,
"Pokémon Diamond Version (USA, ADAE, header ROM version 5)","Pokémon Pearl Version (USA, APAE, header ROM version 5)",/application/zukanlist/zkn_data/zukan_enc_diamond.narc,equal,1122,1122,,,df3f619804a92fdb4057192dc43dd748ea778adc52bc498ce80524c014b81119,df3f619804a92fdb4057192dc43dd748ea778adc52bc498ce80524c014b81119,4,4,,
"Pokémon Diamond Version (USA, ADAE, header ROM version 5)","Pokémon Pearl Version (USA, APAE, header ROM version 5)",/application/zukanlist/zkn_data/zukan_enc_diamond.narc,equal,1123,1123,,,20138fed062a3ea8dfee932a35670b71b93803020accca149269ca0786214f54,20138fed062a3ea8dfee932a35670b71b93803020accca149269ca0786214f54,40,40,,
"Pokémon Diamond Version (USA, ADAE, header ROM version 5)","Pokémon Pearl Version (USA, APAE, header ROM version 5)",/application/zukanlist/zkn_data/zukan_enc_diamond.narc,equal,1124,1124,,,20138fed062a3ea8dfee932a35670b71b93803020accca149269ca0786214f54,20138fed062a3ea8dfee932a35670b71b93803020accca149269ca0786214f54,40,40,,
"Pokémon Diamond Version (USA, ADAE, header ROM version 5)","Pokémon Pearl Version (USA, APAE, header ROM version 5)",/application/zukanlist/zkn_data/zukan_enc_diamond.narc,equal,1125,1125,,,23d7f42b1cdc1f0d492ebd756ed0fe8003995dda554d99418d47a81813650207,23d7f42b1cdc1f0d492ebd756ed0fe8003995dda554d99418d47a81813650207,8,8,,
"Pokémon Diamond Version (USA, ADAE, header ROM version 5)","Pokémon Pearl Version (USA, APAE, header ROM version 5)",/application/zukanlist/zkn_data/zukan_enc_diamond.narc,equal,1126,1126,,,df3f619804a92fdb4057192dc43dd748ea778adc52bc498ce80524c014b81119,df3f619804a92fdb4057192dc43dd748ea778adc52bc498ce80524c014b81119,4,4,,
"Pokémon Diamond Version (USA, ADAE, header ROM version 5)","Pokémon Pearl Version (USA, APAE, header ROM version 5)",/application/zukanlist/zkn_data/zukan_enc_diamond.narc,equal,1127,1127,,,df3f619804a92fdb4057192dc43dd748ea778adc52bc498ce80524c014b81119,df3f619804a92fdb4057192dc43dd748ea778adc52bc498ce80524c014b81119,4,4,,
"Pokémon Diamond Version (USA, ADAE, header ROM version 5)","Pokémon Pearl Version (USA, APAE, header ROM version 5)",/application/zukanlist/zkn_data/zukan_enc_diamond.narc,equal,1128,1128,,,df3f619804a92fdb4057192dc43dd748ea778adc52bc498ce80524c014b81119,df3f619804a92fdb4057192dc43dd748ea778adc52bc498ce80524c014b81119,4,4,,
"Pokémon Diamond Version (USA, ADAE, header ROM version 5)","Pokémon Pearl Version (USA, APAE, header ROM version 5)",/application/zukanlist/zkn_data/zukan_enc_diamond.narc,equal,1129,1129,,,df3f619804a92fdb4057192dc43dd748ea778adc52bc498ce80524c014b81119,df3f619804a92fdb4057192dc43dd748ea778adc52bc498ce80524c014b81119,4,4,,
"Pokémon Diamond Version (USA, ADAE, header ROM version 5)","Pokémon Pearl Version (USA, APAE, header ROM version 5)",/application/zukanlist/zkn_data/zukan_enc_diamond.narc,equal,1130,1130,,,df3f619804a92fdb4057192dc43dd748ea778adc52bc498ce80524c014b81119,df3f619804a92fdb4057192dc43dd748ea778adc52bc498ce80524c014b81119,4,4,,
"Pokémon Diamond Version (USA, ADAE, header ROM version 5)","Pokémon Pearl Version (USA, APAE, header ROM version 5)",/application/zukanlist/zkn_data/zukan_enc_diamond.narc,equal,1131,1131,,,df3f619804a92fdb4057192dc43dd748ea778adc52bc498ce80524c014b81119,df3f619804a92fdb4057192dc43dd748ea778adc52bc498ce80524c014b81119,4,4,,
"Pokémon Diamond Version (USA, ADAE, header ROM version 5)","Pokémon Pearl Version (USA, APAE, header ROM version 5)",/application/zukanlist/zkn_data/zukan_enc_diamond.narc,equal,1132,1132,,,df3f619804a92fdb4057192dc43dd748ea778adc52bc498ce80524c014b81119,df3f619804a92fdb4057192dc43dd748ea778adc52bc498ce80524c014b81119,4,4,,
"Pokémon Diamond Version (USA, ADAE, header ROM version 5)","Pokémon Pearl Version (USA, APAE, header ROM version 5)",/application/zukanlist/zkn_data/zukan_enc_diamond.narc,equal,1133,1133,,,df3f619804a92fdb4057192dc43dd748ea778adc52bc498ce80524c014b81119,df3f619804a92fdb4057192dc43dd748ea778adc52bc498ce80524c014b81119,4,4,,
"Pokémon Diamond Version (USA, ADAE, header ROM version 5)","Pokémon Pearl Version (USA, APAE, header ROM version 5)",/application/zukanlist/zkn_data/zukan_enc_diamond.narc,equal,1134,1134,,,df3f619804a92fdb4057192dc43dd748ea778adc52bc498ce80524c014b81119,df3f619804a92fdb4057192dc43dd748ea778adc52bc498ce80524c014b81119,4,4,,
"Pokémon Diamond Version (USA, ADAE, header ROM version 5)","Pokémon Pearl Version (USA, APAE, header ROM version 5)",/application/zukanlist/zkn_data/zukan_enc_diamond.narc,equal,1135,1135,,,df3f619804a92fdb4057192dc43dd748ea778adc52bc498ce80524c014b81119,df3f619804a92fdb4057192dc43dd748ea778adc52bc498ce80524c014b81119,4,4,,
"Pokémon Diamond Version (USA, ADAE, header ROM version 5)","Pokémon Pearl Version (USA, APAE, header ROM version 5)",/application/zukanlist/zkn_data/zukan_enc_diamond.narc,equal,1136,1136,,,df3f619804a92fdb4057192dc43dd748ea778adc52bc498ce80524c014b81119,df3f619804a92fdb4057192dc43dd748ea778adc52bc498ce80524c014b81119,4,4,,
"Pokémon Diamond Version (USA, ADAE, header ROM version 5)","Pokémon Pearl Version (USA, APAE, header ROM version 5)",/application/zukanlist/zkn_data/zukan_enc_diamond.narc,equal,1137,1137,,,df3f619804a92fdb4057192dc43dd748ea778adc52bc498ce80524c014b81119,df3f619804a92fdb4057192dc43dd748ea778adc52bc498ce80524c014b81119,4,4,,
"Pokémon Diamond Version (USA, ADAE, header ROM version 5)","Pokémon Pearl Version (USA, APAE, header ROM version 5)",/application/zukanlist/zkn_data/zukan_enc_diamond.narc,equal,1138,1138,,,df3f619804a92fdb4057192dc43dd748ea778adc52bc498ce80524c014b81119,df3f619804a92fdb4057192dc43dd748ea778adc52bc498ce80524c014b81119,4,4,,
"Pokémon Diamond Version (USA, ADAE, header ROM version 5)","Pokémon Pearl Version (USA, APAE, header ROM version 5)",/application/zukanlist/zkn_data/zukan_enc_diamond.narc,equal,1139,1139,,,df3f619804a92fdb4057192dc43dd748ea778adc52bc498ce80524c014b81119,df3f619804a92fdb4057192dc43dd748ea778adc52bc498ce80524c014b81119,4,4,,
"Pokémon Diamond Version (USA, ADAE, header ROM version 5)","Pokémon Pearl Version (USA, APAE, header ROM version 5)",/application/zukanlist/zkn_data/zukan_enc_diamond.narc,equal,1140,1140,,,df3f619804a92fdb4057192dc43dd748ea778adc52bc498ce80524c014b81119,df3f619804a92fdb4057192dc43dd748ea778adc52bc498ce80524c014b81119,4,4,,
"Pokémon Diamond Version (USA, ADAE, header ROM version 5)","Pokémon Pearl Version (USA, APAE, header ROM version 5)",/application/zukanlist/zkn_data/zukan_enc_diamond.narc,equal,1141,1141,,,35be322d094f9d154a8aba4733b8497f180353bd7ae7b0a15f90b586b549f28b,35be322d094f9d154a8aba4733b8497f180353bd7ae7b0a15f90b586b549f28b,8,8,,
"Pokémon Diamond Version (USA, ADAE, header ROM version 5)","Pokémon Pearl Version (USA, APAE, header ROM version 5)",/application/zukanlist/zkn_data/zukan_enc_diamond.narc,equal,1142,1142,,,35be322d094f9d154a8aba4733b8497f180353bd7ae7b0a15f90b586b549f28b,35be322d094f9d154a8aba4733b8497f180353bd7ae7b0a15f90b586b549f28b,8,8,,
"Pokémon Diamond Version (USA, ADAE, header ROM version 5)","Pokémon Pearl Version (USA, APAE, header ROM version 5)",/application/zukanlist/zkn_data/zukan_enc_diamond.narc,equal,1143,1143,,,df3f619804a92fdb4057192dc43dd748ea778adc52bc498ce80524c014b81119,df3f619804a92fdb4057192dc43dd748ea778adc52bc498ce80524c014b81119,4,4,,
"Pokémon Diamond Version (USA, ADAE, header ROM version 5)","Pokémon Pearl Version (USA, APAE, header ROM version 5)",/application/zukanlist/zkn_data/zukan_enc_diamond.narc,equal,1144,1144,,,df3f619804a92fdb4057192dc43dd748ea778adc52bc498ce80524c014b81119,df3f619804a92fdb4057192dc43dd748ea778adc52bc498ce80524c014b81119,4,4,,
"Pokémon Diamond Version (USA, ADAE, header ROM version 5)","Pokémon Pearl Version (USA, APAE, header ROM version 5)",/application/zukanlist/zkn_data/zukan_enc_diamond.narc,equal,1145,1145,,,df3f619804a92fdb4057192dc43dd748ea778adc52bc498ce80524c014b81119,df3f619804a92fdb4057192dc43dd748ea778adc52bc498ce80524c014b81119,4,4,,
"Pokémon Diamond Version (USA, ADAE, header ROM version 5)","Pokémon Pearl Version (USA, APAE, header ROM version 5)",/application/zukanlist/zkn_data/zukan_enc_diamond.narc,equal,1146,1146,,,df3f619804a92fdb4057192dc43dd748ea778adc52bc498ce80524c014b81119,df3f619804a92fdb4057192dc43dd748ea778adc52bc498ce80524c014b81119,4,4,,
"Pokémon Diamond Version (USA, ADAE, header ROM version 5)","Pokémon Pearl Version (USA, APAE, header ROM version 5)",/application/zukanlist/zkn_data/zukan_enc_diamond.narc,equal,1147,1147,,,df3f619804a92fdb4057192dc43dd748ea778adc52bc498ce80524c014b81119,df3f619804a92fdb4057192dc43dd748ea778adc52bc498ce80524c014b81119,4,4,,
"Pokémon Diamond Version (USA, ADAE, header ROM version 5)","Pokémon Pearl Version (USA, APAE, header ROM version 5)",/application/zukanlist/zkn_data/zukan_enc_diamond.narc,equal,1148,1148,,,df3f619804a92fdb4057192dc43dd748ea778adc52bc498ce80524c014b81119,df3f619804a92fdb4057192dc43dd748ea778adc52bc498ce80524c014b81119,4,4,,
"Pokémon Diamond Version (USA, ADAE, header ROM version 5)","Pokémon Pearl Version (USA, APAE, header ROM version 5)",/application/zukanlist/zkn_data/zukan_enc_diamond.narc,equal,1149,1149,,,df3f619804a92fdb4057192dc43dd748ea778adc52bc498ce80524c014b81119,df3f619804a92fdb4057192dc43dd748ea778adc52bc498ce80524c014b81119,4,4,,
"Pokémon Diamond Version (USA, ADAE, header ROM version 5)","Pokémon Pearl Version (USA, APAE, header ROM version 5)",/application/zukanlist/zkn_data/zukan_enc_diamond.narc,equal,1150,1150,,,df3f619804a92fdb4057192dc43dd748ea778adc52bc498ce80524c014b81119,df3f619804a92fdb4057192dc43dd748ea778adc52bc498ce80524c014b81119,4,4,,
"Pokémon Diamond Version (USA, ADAE, header ROM version 5)","Pokémon Pearl Version (USA, APAE, header ROM version 5)",/application/zukanlist/zkn_data/zukan_enc_diamond.narc,equal,1151,1151,,,df3f619804a92fdb4057192dc43dd748ea778adc52bc498ce80524c014b81119,df3f619804a92fdb4057192dc43dd748ea778adc52bc498ce80524c014b81119,4,4,,
"Pokémon Diamond Version (USA, ADAE, header ROM version 5)","Pokémon Pearl Version (USA, APAE, header ROM version 5)",/application/zukanlist/zkn_data/zukan_enc_diamond.narc,equal,1152,1152,,,df3f619804a92fdb4057192dc43dd748ea778adc52bc498ce80524c014b81119,df3f619804a92fdb4057192dc43dd748ea778adc52bc498ce80524c014b81119,4,4,,
"Pokémon Diamond Version (USA, ADAE, header ROM version 5)","Pokémon Pearl Version (USA, APAE, header ROM version 5)",/application/zukanlist/zkn_data/zukan_enc_diamond.narc,equal,1153,1153,,,df3f619804a92fdb4057192dc43dd748ea778adc52bc498ce80524c014b81119,df3f619804a92fdb4057192dc43dd748ea778adc52bc498ce80524c014b81119,4,4,,
"Pokémon Diamond Version (USA, ADAE, header ROM version 5)","Pokémon Pearl Version (USA, APAE, header ROM version 5)",/application/zukanlist/zkn_data/zukan_enc_diamond.narc,equal,1154,1154,,,df3f619804a92fdb4057192dc43dd748ea778adc52bc498ce80524c014b81119,df3f619804a92fdb4057192dc43dd748ea778adc52bc498ce80524c014b81119,4,4,,
"Pokémon Diamond Version (USA, ADAE, header ROM version 5)","Pokémon Pearl Version (USA, APAE, header ROM version 5)",/application/zukanlist/zkn_data/zukan_enc_diamond.narc,equal,1155,1155,,,df3f619804a92fdb4057192dc43dd748ea778adc52bc498ce80524c014b81119,df3f619804a92fdb4057192dc43dd748ea778adc52bc498ce80524c014b81119,4,4,,
"Pokémon Diamond Version (USA, ADAE, header ROM version 5)","Pokémon Pearl Version (USA, APAE, header ROM version 5)",/application/zukanlist/zkn_data/zukan_enc_diamond.narc,equal,1156,1156,,,df3f619804a92fdb4057192dc43dd748ea778adc52bc498ce80524c014b81119,df3f619804a92fdb4057192dc43dd748ea778adc52bc498ce80524c014b81119,4,4,,
"Pokémon Diamond Version (USA, ADAE, header ROM version 5)","Pokémon Pearl Version (USA, APAE, header ROM version 5)",/application/zukanlist/zkn_data/zukan_enc_diamond.narc,equal,1157,1157,,,f0a0278e4372459cca6159cd5e71cfee638302a7b9ca9b05c34181ac0a65ac5d,f0a0278e4372459cca6159cd5e71cfee638302a7b9ca9b05c34181ac0a65ac5d,8,8,,
"Pokémon Diamond Version (USA, ADAE, header ROM version 5)","Pokémon Pearl Version (USA, APAE, header ROM version 5)",/application/zukanlist/zkn_data/zukan_enc_diamond.narc,equal,1158,1158,,,d526b83e1d4a13b89324eb6eaeda3be70c121621f1f5b9622971d85b5b3363e5,d526b83e1d4a13b89324eb6eaeda3be70c121621f1f5b9622971d85b5b3363e5,24,24,,
"Pokémon Diamond Version (USA, ADAE, header ROM version 5)","Pokémon Pearl Version (USA, APAE, header ROM version 5)",/application/zukanlist/zkn_data/zukan_enc_diamond.narc,equal,1159,1159,,,df3f619804a92fdb4057192dc43dd748ea778adc52bc498ce80524c014b81119,df3f619804a92fdb4057192dc43dd748ea778adc52bc498ce80524c014b81119,4,4,,
"Pokémon Diamond Version (USA, ADAE, header ROM version 5)","Pokémon Pearl Version (USA, APAE, header ROM version 5)",/application/zukanlist/zkn_data/zukan_enc_diamond.narc,equal,1160,1160,,,df3f619804a92fdb4057192dc43dd748ea778adc52bc498ce80524c014b81119,df3f619804a92fdb4057192dc43dd748ea778adc52bc498ce80524c014b81119,4,4,,
"Pokémon Diamond Version (USA, ADAE, header ROM version 5)","Pokémon Pearl Version (USA, APAE, header ROM version 5)",/application/zukanlist/zkn_data/zukan_enc_diamond.narc,equal,1161,1161,,,df3f619804a92fdb4057192dc43dd748ea778adc52bc498ce80524c014b81119,df3f619804a92fdb4057192dc43dd748ea778adc52bc498ce80524c014b81119,4,4,,
"Pokémon Diamond Version (USA, ADAE, header ROM version 5)","Pokémon Pearl Version (USA, APAE, header ROM version 5)",/application/zukanlist/zkn_data/zukan_enc_diamond.narc,equal,1162,1162,,,df3f619804a92fdb4057192dc43dd748ea778adc52bc498ce80524c014b81119,df3f619804a92fdb4057192dc43dd748ea778adc52bc498ce80524c014b81119,4,4,,
"Pokémon Diamond Version (USA, ADAE, header ROM version 5)","Pokémon Pearl Version (USA, APAE, header ROM version 5)",/application/zukanlist/zkn_data/zukan_enc_diamond.narc,equal,1163,1163,,,df3f619804a92fdb4057192dc43dd748ea778adc52bc498ce80524c014b81119,df3f619804a92fdb4057192dc43dd748ea778adc52bc498ce80524c014b81119,4,4,,
"Pokémon Diamond Version (USA, ADAE, header ROM version 5)","Pokémon Pearl Version (USA, APAE, header ROM version 5)",/application/zukanlist/zkn_data/zukan_enc_diamond.narc,equal,1164,1164,,,df3f619804a92fdb4057192dc43dd748ea778adc52bc498ce80524c014b81119,df3f619804a92fdb4057192dc43dd748ea778adc52bc498ce80524c014b81119,4,4,,
"Pokémon Diamond Version (USA, ADAE, header ROM version 5)","Pokémon Pearl Version (USA, APAE, header ROM version 5)",/application/zukanlist/zkn_data/zukan_enc_diamond.narc,equal,1165,1165,,,df3f619804a92fdb4057192dc43dd748ea778adc52bc498ce80524c014b81119,df3f619804a92fdb4057192dc43dd748ea778adc52bc498ce80524c014b81119,4,4,,
"Pokémon Diamond Version (USA, ADAE, header ROM version 5)","Pokémon Pearl Version (USA, APAE, header ROM version 5)",/application/zukanlist/zkn_data/zukan_enc_diamond.narc,equal,1166,1166,,,18d8d609947c6b82b9607704ae40d3317038e709238514de750b5c7411ba4c20,18d8d609947c6b82b9607704ae40d3317038e709238514de750b5c7411ba4c20,8,8,,
"Pokémon Diamond Version (USA, ADAE, header ROM version 5)","Pokémon Pearl Version (USA, APAE, header ROM version 5)",/application/zukanlist/zkn_data/zukan_enc_diamond.narc,equal,1167,1167,,,35be322d094f9d154a8aba4733b8497f180353bd7ae7b0a15f90b586b549f28b,35be322d094f9d154a8aba4733b8497f180353bd7ae7b0a15f90b586b549f28b,8,8,,
"Pokémon Diamond Version (USA, ADAE, header ROM version 5)","Pokémon Pearl Version (USA, APAE, header ROM version 5)",/application/zukanlist/zkn_data/zukan_enc_diamond.narc,equal,1168,1168,,,df3f619804a92fdb4057192dc43dd748ea778adc52bc498ce80524c014b81119,df3f619804a92fdb4057192dc43dd748ea778adc52bc498ce80524c014b81119,4,4,,
"Pokémon Diamond Version (USA, ADAE, header ROM version 5)","Pokémon Pearl Version (USA, APAE, header ROM version 5)",/application/zukanlist/zkn_data/zukan_enc_diamond.narc,equal,1169,1169,,,df3f619804a92fdb4057192dc43dd748ea778adc52bc498ce80524c014b81119,df3f619804a92fdb4057192dc43dd748ea778adc52bc498ce80524c014b81119,4,4,,
"Pokémon Diamond Version (USA, ADAE, header ROM version 5)","Pokémon Pearl Version (USA, APAE, header ROM version 5)",/application/zukanlist/zkn_data/zukan_enc_diamond.narc,equal,1170,1170,,,df3f619804a92fdb4057192dc43dd748ea778adc52bc498ce80524c014b81119,df3f619804a92fdb4057192dc43dd748ea778adc52bc498ce80524c014b81119,4,4,,
"Pokémon Diamond Version (USA, ADAE, header ROM version 5)","Pokémon Pearl Version (USA, APAE, header ROM version 5)",/application/zukanlist/zkn_data/zukan_enc_diamond.narc,equal,1171,1171,,,df3f619804a92fdb4057192dc43dd748ea778adc52bc498ce80524c014b81119,df3f619804a92fdb4057192dc43dd748ea778adc52bc498ce80524c014b81119,4,4,,
"Pokémon Diamond Version (USA, ADAE, header ROM version 5)","Pokémon Pearl Version (USA, APAE, header ROM version 5)",/application/zukanlist/zkn_data/zukan_enc_diamond.narc,equal,1172,1172,,,df3f619804a92fdb4057192dc43dd748ea778adc52bc498ce80524c014b81119,df3f619804a92fdb4057192dc43dd748ea778adc52bc498ce80524c014b81119,4,4,,
"Pokémon Diamond Version (USA, ADAE, header ROM version 5)","Pokémon Pearl Version (USA, APAE, header ROM version 5)",/application/zukanlist/zkn_data/zukan_enc_diamond.narc,equal,1173,1173,,,df3f619804a92fdb4057192dc43dd748ea778adc52bc498ce80524c014b81119,df3f619804a92fdb4057192dc43dd748ea778adc52bc498ce80524c014b81119,4,4,,
"Pokémon Diamond Version (USA, ADAE, header ROM version 5)","Pokémon Pearl Version (USA, APAE, header ROM version 5)",/application/zukanlist/zkn_data/zukan_enc_diamond.narc,equal,1174,1174,,,df3f619804a92fdb4057192dc43dd748ea778adc52bc498ce80524c014b81119,df3f619804a92fdb4057192dc43dd748ea778adc52bc498ce80524c014b81119,4,4,,
"Pokémon Diamond Version (USA, ADAE, header ROM version 5)","Pokémon Pearl Version (USA, APAE, header ROM version 5)",/application/zukanlist/zkn_data/zukan_enc_diamond.narc,equal,1175,1175,,,df3f619804a92fdb4057192dc43dd748ea778adc52bc498ce80524c014b81119,df3f619804a92fdb4057192dc43dd748ea778adc52bc498ce80524c014b81119,4,4,,
"Pokémon Diamond Version (USA, ADAE, header ROM version 5)","Pokémon Pearl Version (USA, APAE, header ROM version 5)",/application/zukanlist/zkn_data/zukan_enc_diamond.narc,equal,1176,1176,,,df3f619804a92fdb4057192dc43dd748ea778adc52bc498ce80524c014b81119,df3f619804a92fdb4057192dc43dd748ea778adc52bc498ce80524c014b81119,4,4,,
"Pokémon Diamond Version (USA, ADAE, header ROM version 5)","Pokémon Pearl Version (USA, APAE, header ROM version 5)",/application/zukanlist/zkn_data/zukan_enc_diamond.narc,equal,1177,1177,,,f0a0278e4372459cca6159cd5e71cfee638302a7b9ca9b05c34181ac0a65ac5d,f0a0278e4372459cca6159cd5e71cfee638302a7b9ca9b05c34181ac0a65ac5d,8,8,,
"Pokémon Diamond Version (USA, ADAE, header ROM version 5)","Pokémon Pearl Version (USA, APAE, header ROM version 5)",/application/zukanlist/zkn_data/zukan_enc_diamond.narc,equal,1178,1178,,,df3f619804a92fdb4057192dc43dd748ea778adc52bc498ce80524c014b81119,df3f619804a92fdb4057192dc43dd748ea778adc52bc498ce80524c014b81119,4,4,,
"Pokémon Diamond Version (USA, ADAE, header ROM version 5)","Pokémon Pearl Version (USA, APAE, header ROM version 5)",/application/zukanlist/zkn_data/zukan_enc_diamond.narc,equal,1179,1179,,,df3f619804a92fdb4057192dc43dd748ea778adc52bc498ce80524c014b81119,df3f619804a92fdb4057192dc43dd748ea778adc52bc498ce80524c014b81119,4,4,,
"Pokémon Diamond Version (USA, ADAE, header ROM version 5)","Pokémon Pearl Version (USA, APAE, header ROM version 5)",/application/zukanlist/zkn_data/zukan_enc_diamond.narc,equal,1180,1180,,,df3f619804a92fdb4057192dc43dd748ea778adc52bc498ce80524c014b81119,df3f619804a92fdb4057192dc43dd748ea778adc52bc498ce80524c014b81119,4,4,,
"Pokémon Diamond Version (USA, ADAE, header ROM version 5)","Pokémon Pearl Version (USA, APAE, header ROM version 5)",/application/zukanlist/zkn_data/zukan_enc_diamond.narc,equal,1181,1181,,,df3f619804a92fdb4057192dc43dd748ea778adc52bc498ce80524c014b81119,df3f619804a92fdb4057192dc43dd748ea778adc52bc498ce80524c014b81119,4,4,,
"Pokémon Diamond Version (USA, ADAE, header ROM version 5)","Pokémon Pearl Version (USA, APAE, header ROM version 5)",/application/zukanlist/zkn_data/zukan_enc_diamond.narc,equal,1182,1182,,,df3f619804a92fdb4057192dc43dd748ea778adc52bc498ce80524c014b81119,df3f619804a92fdb4057192dc43dd748ea778adc52bc498ce80524c014b81119,4,4,,
"Pokémon Diamond Version (USA, ADAE, header ROM version 5)","Pokémon Pearl Version (USA, APAE, header ROM version 5)",/application/zukanlist/zkn_data/zukan_enc_diamond.narc,equal,1183,1183,,,df3f619804a92fdb4057192dc43dd748ea778adc52bc498ce80524c014b81119,df3f619804a92fdb4057192dc43dd748ea778adc52bc498ce80524c014b81119,4,4,,
"Pokémon Diamond Version (USA, ADAE, header ROM version 5)","Pokémon Pearl Version (USA, APAE, header ROM version 5)",/application/zukanlist/zkn_data/zukan_enc_diamond.narc,equal,1184,1184,,,df3f619804a92fdb4057192dc43dd748ea778adc52bc498ce80524c014b81119,df3f619804a92fdb4057192dc43dd748ea778adc52bc498ce80524c014b81119,4,4,,
"Pokémon Diamond Version (USA, ADAE, header ROM version 5)","Pokémon Pearl Version (USA, APAE, header ROM version 5)",/application/zukanlist/zkn_data/zukan_enc_diamond.narc,equal,1185,1185,,,df3f619804a92fdb4057192dc43dd748ea778adc52bc498ce80524c014b81119,df3f619804a92fdb4057192dc43dd748ea778adc52bc498ce80524c014b81119,4,4,,
"Pokémon Diamond Version (USA, ADAE, header ROM version 5)","Pokémon Pearl Version (USA, APAE, header ROM version 5)",/application/zukanlist/zkn_data/zukan_enc_diamond.narc,equal,1186,1186,,,df3f619804a92fdb4057192dc43dd748ea778adc52bc498ce80524c014b81119,df3f619804a92fdb4057192dc43dd748ea778adc52bc498ce80524c014b81119,4,4,,
"Pokémon Diamond Version (USA, ADAE, header ROM version 5)","Pokémon Pearl Version (USA, APAE, header ROM version 5)",/application/zukanlist/zkn_data/zukan_enc_diamond.narc,equal,1187,1187,,,df3f619804a92fdb4057192dc43dd748ea778adc52bc498ce80524c014b81119,df3f619804a92fdb4057192dc43dd748ea778adc52bc498ce80524c014b81119,4,4,,
"Pokémon Diamond Version (USA, ADAE, header ROM version 5)","Pokémon Pearl Version (USA, APAE, header ROM version 5)",/application/zukanlist/zkn_data/zukan_enc_diamond.narc,equal,1188,1188,,,f0a0278e4372459cca6159cd5e71cfee638302a7b9ca9b05c34181ac0a65ac5d,f0a0278e4372459cca6159cd5e71cfee638302a7b9ca9b05c34181ac0a65ac5d,8,8,,
"Pokémon Diamond Version (USA, ADAE, header ROM version 5)","Pokémon Pearl Version (USA, APAE, header ROM version 5)",/application/zukanlist/zkn_data/zukan_enc_diamond.narc,equal,1189,1189,,,f0a0278e4372459cca6159cd5e71cfee638302a7b9ca9b05c34181ac0a65ac5d,f0a0278e4372459cca6159cd5e71cfee638302a7b9ca9b05c34181ac0a65ac5d,8,8,,
"Pokémon Diamond Version (USA, ADAE, header ROM version 5)","Pokémon Pearl Version (USA, APAE, header ROM version 5)",/application/zukanlist/zkn_data/zukan_enc_diamond.narc,equal,1190,1190,,,df3f619804a92fdb4057192dc43dd748ea778adc52bc498ce80524c014b81119,df3f619804a92fdb4057192dc43dd748ea778adc52bc498ce80524c014b81119,4,4,,
"Pokémon Diamond Version (USA, ADAE, header ROM version 5)","Pokémon Pearl Version (USA, APAE, header ROM version 5)",/application/zukanlist/zkn_data/zukan_enc_diamond.narc,equal,1191,1191,,,df3f619804a92fdb4057192dc43dd748ea778adc52bc498ce80524c014b81119,df3f619804a92fdb4057192dc43dd748ea778adc52bc498ce80524c014b81119,4,4,,
"Pokémon Diamond Version (USA, ADAE, header ROM version 5)","Pokémon Pearl Version (USA, APAE, header ROM version 5)",/application/zukanlist/zkn_data/zukan_enc_diamond.narc,equal,1192,1192,,,c1575c19b3e415c7b8eddffad0e332ac4248c8ad95b893170bfc2f8ce98e046d,c1575c19b3e415c7b8eddffad0e332ac4248c8ad95b893170bfc2f8ce98e046d,12,12,,
"Pokémon Diamond Version (USA, ADAE, header ROM version 5)","Pokémon Pearl Version (USA, APAE, header ROM version 5)",/application/zukanlist/zkn_data/zukan_enc_diamond.narc,equal,1193,1193,,,df3f619804a92fdb4057192dc43dd748ea778adc52bc498ce80524c014b81119,df3f619804a92fdb4057192dc43dd748ea778adc52bc498ce80524c014b81119,4,4,,
"Pokémon Diamond Version (USA, ADAE, header ROM version 5)","Pokémon Pearl Version (USA, APAE, header ROM version 5)",/application/zukanlist/zkn_data/zukan_enc_diamond.narc,equal,1194,1194,,,df3f619804a92fdb4057192dc43dd748ea778adc52bc498ce80524c014b81119,df3f619804a92fdb4057192dc43dd748ea778adc52bc498ce80524c014b81119,4,4,,
"Pokémon Diamond Version (USA, ADAE, header ROM version 5)","Pokémon Pearl Version (USA, APAE, header ROM version 5)",/application/zukanlist/zkn_data/zukan_enc_diamond.narc,equal,1195,1195,,,f13ee6ed54ea2aae9fc49a9faeb5da6e8ddef0e12ed5d30d35a624ae813e0485,f13ee6ed54ea2aae9fc49a9faeb5da6e8ddef0e12ed5d30d35a624ae813e0485,8,8,,
"Pokémon Diamond Version (USA, ADAE, header ROM version 5)","Pokémon Pearl Version (USA, APAE, header ROM version 5)",/application/zukanlist/zkn_data/zukan_enc_diamond.narc,equal,1196,1196,,,df3f619804a92fdb4057192dc43dd748ea778adc52bc498ce80524c014b81119,df3f619804a92fdb4057192dc43dd748ea778adc52bc498ce80524c014b81119,4,4,,
"Pokémon Diamond Version (USA, ADAE, header ROM version 5)","Pokémon Pearl Version (USA, APAE, header ROM version 5)",/application/zukanlist/zkn_data/zukan_enc_diamond.narc,equal,1197,1197,,,df3f619804a92fdb4057192dc43dd748ea778adc52bc498ce80524c014b81119,df3f619804a92fdb4057192dc43dd748ea778adc52bc498ce80524c014b81119,4,4,,
"Pokémon Diamond Version (USA, ADAE, header ROM version 5)","Pokémon Pearl Version (USA, APAE, header ROM version 5)",/application/zukanlist/zkn_data/zukan_enc_diamond.narc,equal,1198,1198,,,df3f619804a92fdb4057192dc43dd748ea778adc52bc498ce80524c014b81119,df3f619804a92fdb4057192dc43dd748ea778adc52bc498ce80524c014b81119,4,4,,
"Pokémon Diamond Version (USA, ADAE, header ROM version 5)","Pokémon Pearl Version (USA, APAE, header ROM version 5)",/application/zukanlist/zkn_data/zukan_enc_diamond.narc,equal,1199,1199,,,df3f619804a92fdb4057192dc43dd748ea778adc52bc498ce80524c014b81119,df3f619804a92fdb4057192dc43dd748ea778adc52bc498ce80524c014b81119,4,4,,
"Pokémon Diamond Version (USA, ADAE, header ROM version 5)","Pokémon Pearl Version (USA, APAE, header ROM version 5)",/application/zukanlist/zkn_data/zukan_enc_diamond.narc,equal,1200,1200,,,df3f619804a92fdb4057192dc43dd748ea778adc52bc498ce80524c014b81119,df3f619804a92fdb4057192dc43dd748ea778adc52bc498ce80524c014b81119,4,4,,
"Pokémon Diamond Version (USA, ADAE, header ROM version 5)","Pokémon Pearl Version (USA, APAE, header ROM version 5)",/application/zukanlist/zkn_data/zukan_enc_diamond.narc,equal,1201,1201,,,df3f619804a92fdb4057192dc43dd748ea778adc52bc498ce80524c014b81119,df3f619804a92fdb4057192dc43dd748ea778adc52bc498ce80524c014b81119,4,4,,
"Pokémon Diamond Version (USA, ADAE, header ROM version 5)","Pokémon Pearl Version (USA, APAE, header ROM version 5)",/application/zukanlist/zkn_data/zukan_enc_diamond.narc,equal,1202,1202,,,9f1f5cc4a086b19e5217e4ac08a2351b1a02bef2d62585be236055e14064bb86,9f1f5cc4a086b19e5217e4ac08a2351b1a02bef2d62585be236055e14064bb86,16,16,,
"Pokémon Diamond Version (USA, ADAE, header ROM version 5)","Pokémon Pearl Version (USA, APAE, header ROM version 5)",/application/zukanlist/zkn_data/zukan_enc_diamond.narc,equal,1203,1203,,,df3f619804a92fdb4057192dc43dd748ea778adc52bc498ce80524c014b81119,df3f619804a92fdb4057192dc43dd748ea778adc52bc498ce80524c014b81119,4,4,,
"Pokémon Diamond Version (USA, ADAE, header ROM version 5)","Pokémon Pearl Version (USA, APAE, header ROM version 5)",/application/zukanlist/zkn_data/zukan_enc_diamond.narc,equal,1204,1204,,,df3f619804a92fdb4057192dc43dd748ea778adc52bc498ce80524c014b81119,df3f619804a92fdb4057192dc43dd748ea778adc52bc498ce80524c014b81119,4,4,,
"Pokémon Diamond Version (USA, ADAE, header ROM version 5)","Pokémon Pearl Version (USA, APAE, header ROM version 5)",/application/zukanlist/zkn_data/zukan_enc_diamond.narc,equal,1205,1205,,,df3f619804a92fdb4057192dc43dd748ea778adc52bc498ce80524c014b81119,df3f619804a92fdb4057192dc43dd748ea778adc52bc498ce80524c014b81119,4,4,,
"Pokémon Diamond Version (USA, ADAE, header ROM version 5)","Pokémon Pearl Version (USA, APAE, header ROM version 5)",/application/zukanlist/zkn_data/zukan_enc_diamond.narc,equal,1206,1206,,,df3f619804a92fdb4057192dc43dd748ea778adc52bc498ce80524c014b81119,df3f619804a92fdb4057192dc43dd748ea778adc52bc498ce80524c014b81119,4,4,,
"Pokémon Diamond Version (USA, ADAE, header ROM version 5)","Pokémon Pearl Version (USA, APAE, header ROM version 5)",/application/zukanlist/zkn_data/zukan_enc_diamond.narc,equal,1207,1207,,,df3f619804a92fdb4057192dc43dd748ea778adc52bc498ce80524c014b81119,df3f619804a92fdb4057192dc43dd748ea778adc52bc498ce80524c014b81119,4,4,,
"Pokémon Diamond Version (USA, ADAE, header ROM version 5)","Pokémon Pearl Version (USA, APAE, header ROM version 5)",/application/zukanlist/zkn_data/zukan_enc_diamond.narc,equal,1208,1208,,,df3f619804a92fdb4057192dc43dd748ea778adc52bc498ce80524c014b81119,df3f619804a92fdb4057192dc43dd748ea778adc52bc498ce80524c014b81119,4,4,,
"Pokémon Diamond Version (USA, ADAE, header ROM version 5)","Pokémon Pearl Version (USA, APAE, header ROM version 5)",/application/zukanlist/zkn_data/zukan_enc_diamond.narc,equal,1209,1209,,,70a843665ee27a264898c82c86bbb3489574321bc16c89a0e50275c369746374,70a843665ee27a264898c82c86bbb3489574321bc16c89a0e50275c369746374,12,12,,
"Pokémon Diamond Version (USA, ADAE, header ROM version 5)","Pokémon Pearl Version (USA, APAE, header ROM version 5)",/application/zukanlist/zkn_data/zukan_enc_diamond.narc,equal,1210,1210,,,df3f619804a92fdb4057192dc43dd748ea778adc52bc498ce80524c014b81119,df3f619804a92fdb4057192dc43dd748ea778adc52bc498ce80524c014b81119,4,4,,
"Pokémon Diamond Version (USA, ADAE, header ROM version 5)","Pokémon Pearl Version (USA, APAE, header ROM version 5)",/application/zukanlist/zkn_data/zukan_enc_diamond.narc,equal,1211,1211,,,df3f619804a92fdb4057192dc43dd748ea778adc52bc498ce80524c014b81119,df3f619804a92fdb4057192dc43dd748ea778adc52bc498ce80524c014b81119,4,4,,
"Pokémon Diamond Version (USA, ADAE, header ROM version 5)","Pokémon Pearl Version (USA, APAE, header ROM version 5)",/application/zukanlist/zkn_data/zukan_enc_diamond.narc,equal,1212,1212,,,cbbd5f990c53684d7ae650b40fcb5656e02261b53da5f6a7d8c819c92f2828f8,cbbd5f990c53684d7ae650b40fcb5656e02261b53da5f6a7d8c819c92f2828f8,8,8,,
"Pokémon Diamond Version (USA, ADAE, header ROM version 5)","Pokémon Pearl Version (USA, APAE, header ROM version 5)",/application/zukanlist/zkn_data/zukan_enc_diamond.narc,equal,1213,1213,,,cbbd5f990c53684d7ae650b40fcb5656e02261b53da5f6a7d8c819c92f2828f8,cbbd5f990c53684d7ae650b40fcb5656e02261b53da5f6a7d8c819c92f2828f8,8,8,,
"Pokémon Diamond Version (USA, ADAE, header ROM version 5)","Pokémon Pearl Version (USA, APAE, header ROM version 5)",/application/zukanlist/zkn_data/zukan_enc_diamond.narc,equal,1214,1214,,,df3f619804a92fdb4057192dc43dd748ea778adc52bc498ce80524c014b81119,df3f619804a92fdb4057192dc43dd748ea778adc52bc498ce80524c014b81119,4,4,,
"Pokémon Diamond Version (USA, ADAE, header ROM version 5)","Pokémon Pearl Version (USA, APAE, header ROM version 5)",/application/zukanlist/zkn_data/zukan_enc_diamond.narc,equal,1215,1215,,,df3f619804a92fdb4057192dc43dd748ea778adc52bc498ce80524c014b81119,df3f619804a92fdb4057192dc43dd748ea778adc52bc498ce80524c014b81119,4,4,,
"Pokémon Diamond Version (USA, ADAE, header ROM version 5)","Pokémon Pearl Version (USA, APAE, header ROM version 5)",/application/zukanlist/zkn_data/zukan_enc_diamond.narc,equal,1216,1216,,,df3f619804a92fdb4057192dc43dd748ea778adc52bc498ce80524c014b81119,df3f619804a92fdb4057192dc43dd748ea778adc52bc498ce80524c014b81119,4,4,,
"Pokémon Diamond Version (USA, ADAE, header ROM version 5)","Pokémon Pearl Version (USA, APAE, header ROM version 5)",/application/zukanlist/zkn_data/zukan_enc_diamond.narc,equal,1217,1217,,,df3f619804a92fdb4057192dc43dd748ea778adc52bc498ce80524c014b81119,df3f619804a92fdb4057192dc43dd748ea778adc52bc498ce80524c014b81119,4,4,,
"Pokémon Diamond Version (USA, ADAE, header ROM version 5)","Pokémon Pearl Version (USA, APAE, header ROM version 5)",/application/zukanlist/zkn_data/zukan_enc_diamond.narc,equal,1218,1218,,,df3f619804a92fdb4057192dc43dd748ea778adc52bc498ce80524c014b81119,df3f619804a92fdb4057192dc43dd748ea778adc52bc498ce80524c014b81119,4,4,,
"Pokémon Diamond Version (USA, ADAE, header ROM version 5)","Pokémon Pearl Version (USA, APAE, header ROM version 5)",/application/zukanlist/zkn_data/zukan_enc_diamond.narc,equal,1219,1219,,,df3f619804a92fdb4057192dc43dd748ea778adc52bc498ce80524c014b81119,df3f619804a92fdb4057192dc43dd748ea778adc52bc498ce80524c014b81119,4,4,,
"Pokémon Diamond Version (USA, ADAE, header ROM version 5)","Pokémon Pearl Version (USA, APAE, header ROM version 5)",/application/zukanlist/zkn_data/zukan_enc_diamond.narc,equal,1220,1220,,,df3f619804a92fdb4057192dc43dd748ea778adc52bc498ce80524c014b81119,df3f619804a92fdb4057192dc43dd748ea778adc52bc498ce80524c014b81119,4,4,,
"Pokémon Diamond Version (USA, ADAE, header ROM version 5)","Pokémon Pearl Version (USA, APAE, header ROM version 5)",/application/zukanlist/zkn_data/zukan_enc_diamond.narc,equal,1221,1221,,,df3f619804a92fdb4057192dc43dd748ea778adc52bc498ce80524c014b81119,df3f619804a92fdb4057192dc43dd748ea778adc52bc498ce80524c014b81119,4,4,,
"Pokémon Diamond Version (USA, ADAE, header ROM version 5)","Pokémon Pearl Version (USA, APAE, header ROM version 5)",/application/zukanlist/zkn_data/zukan_enc_diamond.narc,equal,1222,1222,,,df3f619804a92fdb4057192dc43dd748ea778adc52bc498ce80524c014b81119,df3f619804a92fdb4057192dc43dd748ea778adc52bc498ce80524c014b81119,4,4,,
"Pokémon Diamond Version (USA, ADAE, header ROM version 5)","Pokémon Pearl Version (USA, APAE, header ROM version 5)",/application/zukanlist/zkn_data/zukan_enc_diamond.narc,equal,1223,1223,,,df3f619804a92fdb4057192dc43dd748ea778adc52bc498ce80524c014b81119,df3f619804a92fdb4057192dc43dd748ea778adc52bc498ce80524c014b81119,4,4,,
"Pokémon Diamond Version (USA, ADAE, header ROM version 5)","Pokémon Pearl Version (USA, APAE, header ROM version 5)",/application/zukanlist/zkn_data/zukan_enc_diamond.narc,equal,1224,1224,,,df3f619804a92fdb4057192dc43dd748ea778adc52bc498ce80524c014b81119,df3f619804a92fdb4057192dc43dd748ea778adc52bc498ce80524c014b81119,4,4,,
"Pokémon Diamond Version (USA, ADAE, header ROM version 5)","Pokémon Pearl Version (USA, APAE, header ROM version 5)",/application/zukanlist/zkn_data/zukan_enc_diamond.narc,equal,1225,1225,,,df3f619804a92fdb4057192dc43dd748ea778adc52bc498ce80524c014b81119,df3f619804a92fdb4057192dc43dd748ea778adc52bc498ce80524c014b81119,4,4,,
"Pokémon Diamond Version (USA, ADAE, header ROM version 5)","Pokémon Pearl Version (USA, APAE, header ROM version 5)",/application/zukanlist/zkn_data/zukan_enc_diamond.narc,equal,1226,1226,,,df3f619804a92fdb4057192dc43dd748ea778adc52bc498ce80524c014b81119,df3f619804a92fdb4057192dc43dd748ea778adc52bc498ce80524c014b81119,4,4,,
"Pokémon Diamond Version (USA, ADAE, header ROM version 5)","Pokémon Pearl Version (USA, APAE, header ROM version 5)",/application/zukanlist/zkn_data/zukan_enc_diamond.narc,equal,1227,1227,,,df3f619804a92fdb4057192dc43dd748ea778adc52bc498ce80524c014b81119,df3f619804a92fdb4057192dc43dd748ea778adc52bc498ce80524c014b81119,4,4,,
"Pokémon Diamond Version (USA, ADAE, header ROM version 5)","Pokémon Pearl Version (USA, APAE, header ROM version 5)",/application/zukanlist/zkn_data/zukan_enc_diamond.narc,equal,1228,1228,,,df3f619804a92fdb4057192dc43dd748ea778adc52bc498ce80524c014b81119,df3f619804a92fdb4057192dc43dd748ea778adc52bc498ce80524c014b81119,4,4,,
"Pokémon Diamond Version (USA, ADAE, header ROM version 5)","Pokémon Pearl Version (USA, APAE, header ROM version 5)",/application/zukanlist/zkn_data/zukan_enc_diamond.narc,equal,1229,1229,,,df3f619804a92fdb4057192dc43dd748ea778adc52bc498ce80524c014b81119,df3f619804a92fdb4057192dc43dd748ea778adc52bc498ce80524c014b81119,4,4,,
"Pokémon Diamond Version (USA, ADAE, header ROM version 5)","Pokémon Pearl Version (USA, APAE, header ROM version 5)",/application/zukanlist/zkn_data/zukan_enc_diamond.narc,equal,1230,1230,,,df3f619804a92fdb4057192dc43dd748ea778adc52bc498ce80524c014b81119,df3f619804a92fdb4057192dc43dd748ea778adc52bc498ce80524c014b81119,4,4,,
"Pokémon Diamond Version (USA, ADAE, header ROM version 5)","Pokémon Pearl Version (USA, APAE, header ROM version 5)",/application/zukanlist/zkn_data/zukan_enc_diamond.narc,equal,1231,1231,,,df3f619804a92fdb4057192dc43dd748ea778adc52bc498ce80524c014b81119,df3f619804a92fdb4057192dc43dd748ea778adc52bc498ce80524c014b81119,4,4,,
"Pokémon Diamond Version (USA, ADAE, header ROM version 5)","Pokémon Pearl Version (USA, APAE, header ROM version 5)",/application/zukanlist/zkn_data/zukan_enc_diamond.narc,equal,1232,1232,,,df3f619804a92fdb4057192dc43dd748ea778adc52bc498ce80524c014b81119,df3f619804a92fdb4057192dc43dd748ea778adc52bc498ce80524c014b81119,4,4,,
"Pokémon Diamond Version (USA, ADAE, header ROM version 5)","Pokémon Pearl Version (USA, APAE, header ROM version 5)",/application/zukanlist/zkn_data/zukan_enc_diamond.narc,equal,1233,1233,,,df3f619804a92fdb4057192dc43dd748ea778adc52bc498ce80524c014b81119,df3f619804a92fdb4057192dc43dd748ea778adc52bc498ce80524c014b81119,4,4,,
"Pokémon Diamond Version (USA, ADAE, header ROM version 5)","Pokémon Pearl Version (USA, APAE, header ROM version 5)",/application/zukanlist/zkn_data/zukan_enc_diamond.narc,equal,1234,1234,,,df3f619804a92fdb4057192dc43dd748ea778adc52bc498ce80524c014b81119,df3f619804a92fdb4057192dc43dd748ea778adc52bc498ce80524c014b81119,4,4,,
"Pokémon Diamond Version (USA, ADAE, header ROM version 5)","Pokémon Pearl Version (USA, APAE, header ROM version 5)",/application/zukanlist/zkn_data/zukan_enc_diamond.narc,equal,1235,1235,,,df3f619804a92fdb4057192dc43dd748ea778adc52bc498ce80524c014b81119,df3f619804a92fdb4057192dc43dd748ea778adc52bc498ce80524c014b81119,4,4,,
"Pokémon Diamond Version (USA, ADAE, header ROM version 5)","Pokémon Pearl Version (USA, APAE, header ROM version 5)",/application/zukanlist/zkn_data/zukan_enc_diamond.narc,equal,1236,1236,,,df3f619804a92fdb4057192dc43dd748ea778adc52bc498ce80524c014b81119,df3f619804a92fdb4057192dc43dd748ea778adc52bc498ce80524c014b81119,4,4,,
"Pokémon Diamond Version (USA, ADAE, header ROM version 5)","Pokémon Pearl Version (USA, APAE, header ROM version 5)",/application/zukanlist/zkn_data/zukan_enc_diamond.narc,equal,1237,1237,,,df3f619804a92fdb4057192dc43dd748ea778adc52bc498ce80524c014b81119,df3f619804a92fdb4057192dc43dd748ea778adc52bc498ce80524c014b81119,4,4,,
"Pokémon Diamond Version (USA, ADAE, header ROM version 5)","Pokémon Pearl Version (USA, APAE, header ROM version 5)",/application/zukanlist/zkn_data/zukan_enc_diamond.narc,equal,1238,1238,,,df3f619804a92fdb4057192dc43dd748ea778adc52bc498ce80524c014b81119,df3f619804a92fdb4057192dc43dd748ea778adc52bc498ce80524c014b81119,4,4,,
"Pokémon Diamond Version (USA, ADAE, header ROM version 5)","Pokémon Pearl Version (USA, APAE, header ROM version 5)",/application/zukanlist/zkn_data/zukan_enc_diamond.narc,equal,1239,1239,,,df3f619804a92fdb4057192dc43dd748ea778adc52bc498ce80524c014b81119,df3f619804a92fdb4057192dc43dd748ea778adc52bc498ce80524c014b81119,4,4,,
"Pokémon Diamond Version (USA, ADAE, header ROM version 5)","Pokémon Pearl Version (USA, APAE, header ROM version 5)",/application/zukanlist/zkn_data/zukan_enc_diamond.narc,equal,1240,1240,,,df3f619804a92fdb4057192dc43dd748ea778adc52bc498ce80524c014b81119,df3f619804a92fdb4057192dc43dd748ea778adc52bc498ce80524c014b81119,4,4,,
"Pokémon Diamond Version (USA, ADAE, header ROM version 5)","Pokémon Pearl Version (USA, APAE, header ROM version 5)",/application/zukanlist/zkn_data/zukan_enc_diamond.narc,equal,1241,1241,,,df3f619804a92fdb4057192dc43dd748ea778adc52bc498ce80524c014b81119,df3f619804a92fdb4057192dc43dd748ea778adc52bc498ce80524c014b81119,4,4,,
"Pokémon Diamond Version (USA, ADAE, header ROM version 5)","Pokémon Pearl Version (USA, APAE, header ROM version 5)",/application/zukanlist/zkn_data/zukan_enc_diamond.narc,equal,1242,1242,,,df3f619804a92fdb4057192dc43dd748ea778adc52bc498ce80524c014b81119,df3f619804a92fdb4057192dc43dd748ea778adc52bc498ce80524c014b81119,4,4,,
"Pokémon Diamond Version (USA, ADAE, header ROM version 5)","Pokémon Pearl Version (USA, APAE, header ROM version 5)",/application/zukanlist/zkn_data/zukan_enc_diamond.narc,equal,1243,1243,,,df3f619804a92fdb4057192dc43dd748ea778adc52bc498ce80524c014b81119,df3f619804a92fdb4057192dc43dd748ea778adc52bc498ce80524c014b81119,4,4,,
"Pokémon Diamond Version (USA, ADAE, header ROM version 5)","Pokémon Pearl Version (USA, APAE, header ROM version 5)",/application/zukanlist/zkn_data/zukan_enc_diamond.narc,equal,1244,1244,,,df3f619804a92fdb4057192dc43dd748ea778adc52bc498ce80524c014b81119,df3f619804a92fdb4057192dc43dd748ea778adc52bc498ce80524c014b81119,4,4,,
"Pokémon Diamond Version (USA, ADAE, header ROM version 5)","Pokémon Pearl Version (USA, APAE, header ROM version 5)",/application/zukanlist/zkn_data/zukan_enc_diamond.narc,equal,1245,1245,,,df3f619804a92fdb4057192dc43dd748ea778adc52bc498ce80524c014b81119,df3f619804a92fdb4057192dc43dd748ea778adc52bc498ce80524c014b81119,4,4,,
"Pokémon Diamond Version (USA, ADAE, header ROM version 5)","Pokémon Pearl Version (USA, APAE, header ROM version 5)",/application/zukanlist/zkn_data/zukan_enc_diamond.narc,equal,1246,1246,,,df3f619804a92fdb4057192dc43dd748ea778adc52bc498ce80524c014b81119,df3f619804a92fdb4057192dc43dd748ea778adc52bc498ce80524c014b81119,4,4,,
"Pokémon Diamond Version (USA, ADAE, header ROM version 5)","Pokémon Pearl Version (USA, APAE, header ROM version 5)",/application/zukanlist/zkn_data/zukan_enc_diamond.narc,equal,1247,1247,,,df3f619804a92fdb4057192dc43dd748ea778adc52bc498ce80524c014b81119,df3f619804a92fdb4057192dc43dd748ea778adc52bc498ce80524c014b81119,4,4,,
"Pokémon Diamond Version (USA, ADAE, header ROM version 5)","Pokémon Pearl Version (USA, APAE, header ROM version 5)",/application/zukanlist/zkn_data/zukan_enc_diamond.narc,equal,1248,1248,,,df3f619804a92fdb4057192dc43dd748ea778adc52bc498ce80524c014b81119,df3f619804a92fdb4057192dc43dd748ea778adc52bc498ce80524c014b81119,4,4,,
"Pokémon Diamond Version (USA, ADAE, header ROM version 5)","Pokémon Pearl Version (USA, APAE, header ROM version 5)",/application/zukanlist/zkn_data/zukan_enc_diamond.narc,equal,1249,1249,,,df3f619804a92fdb4057192dc43dd748ea778adc52bc498ce80524c014b81119,df3f619804a92fdb4057192dc43dd748ea778adc52bc498ce80524c014b81119,4,4,,
"Pokémon Diamond Version (USA, ADAE, header ROM version 5)","Pokémon Pearl Version (USA, APAE, header ROM version 5)",/application/zukanlist/zkn_data/zukan_enc_diamond.narc,equal,1250,1250,,,df3f619804a92fdb4057192dc43dd748ea778adc52bc498ce80524c014b81119,df3f619804a92fdb4057192dc43dd748ea778adc52bc498ce80524c014b81119,4,4,,
"Pokémon Diamond Version (USA, ADAE, header ROM version 5)","Pokémon Pearl Version (USA, APAE, header ROM version 5)",/application/zukanlist/zkn_data/zukan_enc_diamond.narc,equal,1251,1251,,,df3f619804a92fdb4057192dc43dd748ea778adc52bc498ce80524c014b81119,df3f619804a92fdb4057192dc43dd748ea778adc52bc498ce80524c014b81119,4,4,,
"Pokémon Diamond Version (USA, ADAE, header ROM version 5)","Pokémon Pearl Version (USA, APAE, header ROM version 5)",/application/zukanlist/zkn_data/zukan_enc_diamond.narc,equal,1252,1252,,,df3f619804a92fdb4057192dc43dd748ea778adc52bc498ce80524c014b81119,df3f619804a92fdb4057192dc43dd748ea778adc52bc498ce80524c014b81119,4,4,,
"Pokémon Diamond Version (USA, ADAE, header ROM version 5)","Pokémon Pearl Version (USA, APAE, header ROM version 5)",/application/zukanlist/zkn_data/zukan_enc_diamond.narc,equal,1253,1253,,,df3f619804a92fdb4057192dc43dd748ea778adc52bc498ce80524c014b81119,df3f619804a92fdb4057192dc43dd748ea778adc52bc498ce80524c014b81119,4,4,,
"Pokémon Diamond Version (USA, ADAE, header ROM version 5)","Pokémon Pearl Version (USA, APAE, header ROM version 5)",/application/zukanlist/zkn_data/zukan_enc_diamond.narc,equal,1254,1254,,,df3f619804a92fdb4057192dc43dd748ea778adc52bc498ce80524c014b81119,df3f619804a92fdb4057192dc43dd748ea778adc52bc498ce80524c014b81119,4,4,,
"Pokémon Diamond Version (USA, ADAE, header ROM version 5)","Pokémon Pearl Version (USA, APAE, header ROM version 5)",/application/zukanlist/zkn_data/zukan_enc_diamond.narc,equal,1255,1255,,,df3f619804a92fdb4057192dc43dd748ea778adc52bc498ce80524c014b81119,df3f619804a92fdb4057192dc43dd748ea778adc52bc498ce80524c014b81119,4,4,,
"Pokémon Diamond Version (USA, ADAE, header ROM version 5)","Pokémon Pearl Version (USA, APAE, header ROM version 5)",/application/zukanlist/zkn_data/zukan_enc_diamond.narc,equal,1256,1256,,,df3f619804a92fdb4057192dc43dd748ea778adc52bc498ce80524c014b81119,df3f619804a92fdb4057192dc43dd748ea778adc52bc498ce80524c014b81119,4,4,,
"Pokémon Diamond Version (USA, ADAE, header ROM version 5)","Pokémon Pearl Version (USA, APAE, header ROM version 5)",/application/zukanlist/zkn_data/zukan_enc_diamond.narc,equal,1257,1257,,,df3f619804a92fdb4057192dc43dd748ea778adc52bc498ce80524c014b81119,df3f619804a92fdb4057192dc43dd748ea778adc52bc498ce80524c014b81119,4,4,,
"Pokémon Diamond Version (USA, ADAE, header ROM version 5)","Pokémon Pearl Version (USA, APAE, header ROM version 5)",/application/zukanlist/zkn_data/zukan_enc_diamond.narc,equal,1258,1258,,,df3f619804a92fdb4057192dc43dd748ea778adc52bc498ce80524c014b81119,df3f619804a92fdb4057192dc43dd748ea778adc52bc498ce80524c014b81119,4,4,,
"Pokémon Diamond Version (USA, ADAE, header ROM version 5)","Pokémon Pearl Version (USA, APAE, header ROM version 5)",/application/zukanlist/zkn_data/zukan_enc_diamond.narc,equal,1259,1259,,,d86e8112f3c4c4442126f8e9f44f16867da487f29052bf91b810457db34209a4,d86e8112f3c4c4442126f8e9f44f16867da487f29052bf91b810457db34209a4,8,8,,
"Pokémon Diamond Version (USA, ADAE, header ROM version 5)","Pokémon Pearl Version (USA, APAE, header ROM version 5)",/application/zukanlist/zkn_data/zukan_enc_diamond.narc,equal,1260,1260,,,d86e8112f3c4c4442126f8e9f44f16867da487f29052bf91b810457db34209a4,d86e8112f3c4c4442126f8e9f44f16867da487f29052bf91b810457db34209a4,8,8,,
"Pokémon Diamond Version (USA, ADAE, header ROM version 5)","Pokémon Pearl Version (USA, APAE, header ROM version 5)",/application/zukanlist/zkn_data/zukan_enc_diamond.narc,equal,1261,1261,,,d86e8112f3c4c4442126f8e9f44f16867da487f29052bf91b810457db34209a4,d86e8112f3c4c4442126f8e9f44f16867da487f29052bf91b810457db34209a4,8,8,,
"Pokémon Diamond Version (USA, ADAE, header ROM version 5)","Pokémon Pearl Version (USA, APAE, header ROM version 5)",/application/zukanlist/zkn_data/zukan_enc_diamond.narc,equal,1262,1262,,,df3f619804a92fdb4057192dc43dd748ea778adc52bc498ce80524c014b81119,df3f619804a92fdb4057192dc43dd748ea778adc52bc498ce80524c014b81119,4,4,,
"Pokémon Diamond Version (USA, ADAE, header ROM version 5)","Pokémon Pearl Version (USA, APAE, header ROM version 5)",/application/zukanlist/zkn_data/zukan_enc_diamond.narc,equal,1263,1263,,,df3f619804a92fdb4057192dc43dd748ea778adc52bc498ce80524c014b81119,df3f619804a92fdb4057192dc43dd748ea778adc52bc498ce80524c014b81119,4,4,,
"Pokémon Diamond Version (USA, ADAE, header ROM version 5)","Pokémon Pearl Version (USA, APAE, header ROM version 5)",/application/zukanlist/zkn_data/zukan_enc_diamond.narc,equal,1264,1264,,,df3f619804a92fdb4057192dc43dd748ea778adc52bc498ce80524c014b81119,df3f619804a92fdb4057192dc43dd748ea778adc52bc498ce80524c014b81119,4,4,,
"Pokémon Diamond Version (USA, ADAE, header ROM version 5)","Pokémon Pearl Version (USA, APAE, header ROM version 5)",/application/zukanlist/zkn_data/zukan_enc_diamond.narc,equal,1265,1265,,,df3f619804a92fdb4057192dc43dd748ea778adc52bc498ce80524c014b81119,df3f619804a92fdb4057192dc43dd748ea778adc52bc498ce80524c014b81119,4,4,,
"Pokémon Diamond Version (USA, ADAE, header ROM version 5)","Pokémon Pearl Version (USA, APAE, header ROM version 5)",/application/zukanlist/zkn_data/zukan_enc_diamond.narc,equal,1266,1266,,,df3f619804a92fdb4057192dc43dd748ea778adc52bc498ce80524c014b81119,df3f619804a92fdb4057192dc43dd748ea778adc52bc498ce80524c014b81119,4,4,,
"Pokémon Diamond Version (USA, ADAE, header ROM version 5)","Pokémon Pearl Version (USA, APAE, header ROM version 5)",/application/zukanlist/zkn_data/zukan_enc_diamond.narc,equal,1267,1267,,,df3f619804a92fdb4057192dc43dd748ea778adc52bc498ce80524c014b81119,df3f619804a92fdb4057192dc43dd748ea778adc52bc498ce80524c014b81119,4,4,,
"Pokémon Diamond Version (USA, ADAE, header ROM version 5)","Pokémon Pearl Version (USA, APAE, header ROM version 5)",/application/zukanlist/zkn_data/zukan_enc_diamond.narc,equal,1268,1268,,,df3f619804a92fdb4057192dc43dd748ea778adc52bc498ce80524c014b81119,df3f619804a92fdb4057192dc43dd748ea778adc52bc498ce80524c014b81119,4,4,,
"Pokémon Diamond Version (USA, ADAE, header ROM version 5)","Pokémon Pearl Version (USA, APAE, header ROM version 5)",/application/zukanlist/zkn_data/zukan_enc_diamond.narc,equal,1269,1269,,,df3f619804a92fdb4057192dc43dd748ea778adc52bc498ce80524c014b81119,df3f619804a92fdb4057192dc43dd748ea778adc52bc498ce80524c014b81119,4,4,,
"Pokémon Diamond Version (USA, ADAE, header ROM version 5)","Pokémon Pearl Version (USA, APAE, header ROM version 5)",/application/zukanlist/zkn_data/zukan_enc_diamond.narc,equal,1270,1270,,,df3f619804a92fdb4057192dc43dd748ea778adc52bc498ce80524c014b81119,df3f619804a92fdb4057192dc43dd748ea778adc52bc498ce80524c014b81119,4,4,,
"Pokémon Diamond Version (USA, ADAE, header ROM version 5)","Pokémon Pearl Version (USA, APAE, header ROM version 5)",/application/zukanlist/zkn_data/zukan_enc_diamond.narc,equal,1271,1271,,,df3f619804a92fdb4057192dc43dd748ea778adc52bc498ce80524c014b81119,df3f619804a92fdb4057192dc43dd748ea778adc52bc498ce80524c014b81119,4,4,,
"Pokémon Diamond Version (USA, ADAE, header ROM version 5)","Pokémon Pearl Version (USA, APAE, header ROM version 5)",/application/zukanlist/zkn_data/zukan_enc_diamond.narc,equal,1272,1272,,,df3f619804a92fdb4057192dc43dd748ea778adc52bc498ce80524c014b81119,df3f619804a92fdb4057192dc43dd748ea778adc52bc498ce80524c014b81119,4,4,,
"Pokémon Diamond Version (USA, ADAE, header ROM version 5)","Pokémon Pearl Version (USA, APAE, header ROM version 5)",/application/zukanlist/zkn_data/zukan_enc_diamond.narc,equal,1273,1273,,,df3f619804a92fdb4057192dc43dd748ea778adc52bc498ce80524c014b81119,df3f619804a92fdb4057192dc43dd748ea778adc52bc498ce80524c014b81119,4,4,,
"Pokémon Diamond Version (USA, ADAE, header ROM version 5)","Pokémon Pearl Version (USA, APAE, header ROM version 5)",/application/zukanlist/zkn_data/zukan_enc_diamond.narc,equal,1274,1274,,,df3f619804a92fdb4057192dc43dd748ea778adc52bc498ce80524c014b81119,df3f619804a92fdb4057192dc43dd748ea778adc52bc498ce80524c014b81119,4,4,,
"Pokémon Diamond Version (USA, ADAE, header ROM version 5)","Pokémon Pearl Version (USA, APAE, header ROM version 5)",/application/zukanlist/zkn_data/zukan_enc_diamond.narc,equal,1275,1275,,,df3f619804a92fdb4057192dc43dd748ea778adc52bc498ce80524c014b81119,df3f619804a92fdb4057192dc43dd748ea778adc52bc498ce80524c014b81119,4,4,,
"Pokémon Diamond Version (USA, ADAE, header ROM version 5)","Pokémon Pearl Version (USA, APAE, header ROM version 5)",/application/zukanlist/zkn_data/zukan_enc_diamond.narc,equal,1276,1276,,,df3f619804a92fdb4057192dc43dd748ea778adc52bc498ce80524c014b81119,df3f619804a92fdb4057192dc43dd748ea778adc52bc498ce80524c014b81119,4,4,,
"Pokémon Diamond Version (USA, ADAE, header ROM version 5)","Pokémon Pearl Version (USA, APAE, header ROM version 5)",/application/zukanlist/zkn_data/zukan_enc_diamond.narc,equal,1277,1277,,,df3f619804a92fdb4057192dc43dd748ea778adc52bc498ce80524c014b81119,df3f619804a92fdb4057192dc43dd748ea778adc52bc498ce80524c014b81119,4,4,,
"Pokémon Diamond Version (USA, ADAE, header ROM version 5)","Pokémon Pearl Version (USA, APAE, header ROM version 5)",/application/zukanlist/zkn_data/zukan_enc_diamond.narc,equal,1278,1278,,,df3f619804a92fdb4057192dc43dd748ea778adc52bc498ce80524c014b81119,df3f619804a92fdb4057192dc43dd748ea778adc52bc498ce80524c014b81119,4,4,,
"Pokémon Diamond Version (USA, ADAE, header ROM version 5)","Pokémon Pearl Version (USA, APAE, header ROM version 5)",/application/zukanlist/zkn_data/zukan_enc_diamond.narc,equal,1279,1279,,,df3f619804a92fdb4057192dc43dd748ea778adc52bc498ce80524c014b81119,df3f619804a92fdb4057192dc43dd748ea778adc52bc498ce80524c014b81119,4,4,,
"Pokémon Diamond Version (USA, ADAE, header ROM version 5)","Pokémon Pearl Version (USA, APAE, header ROM version 5)",/application/zukanlist/zkn_data/zukan_enc_diamond.narc,equal,1280,1280,,,df3f619804a92fdb4057192dc43dd748ea778adc52bc498ce80524c014b81119,df3f619804a92fdb4057192dc43dd748ea778adc52bc498ce80524c014b81119,4,4,,
"Pokémon Diamond Version (USA, ADAE, header ROM version 5)","Pokémon Pearl Version (USA, APAE, header ROM version 5)",/application/zukanlist/zkn_data/zukan_enc_diamond.narc,equal,1281,1281,,,df3f619804a92fdb4057192dc43dd748ea778adc52bc498ce80524c014b81119,df3f619804a92fdb4057192dc43dd748ea778adc52bc498ce80524c014b81119,4,4,,
"Pokémon Diamond Version (USA, ADAE, header ROM version 5)","Pokémon Pearl Version (USA, APAE, header ROM version 5)",/application/zukanlist/zkn_data/zukan_enc_diamond.narc,equal,1282,1282,,,df3f619804a92fdb4057192dc43dd748ea778adc52bc498ce80524c014b81119,df3f619804a92fdb4057192dc43dd748ea778adc52bc498ce80524c014b81119,4,4,,
"Pokémon Diamond Version (USA, ADAE, header ROM version 5)","Pokémon Pearl Version (USA, APAE, header ROM version 5)",/application/zukanlist/zkn_data/zukan_enc_diamond.narc,equal,1283,1283,,,df3f619804a92fdb4057192dc43dd748ea778adc52bc498ce80524c014b81119,df3f619804a92fdb4057192dc43dd748ea778adc52bc498ce80524c014b81119,4,4,,
"Pokémon Diamond Version (USA, ADAE, header ROM version 5)","Pokémon Pearl Version (USA, APAE, header ROM version 5)",/application/zukanlist/zkn_data/zukan_enc_diamond.narc,equal,1284,1284,,,df3f619804a92fdb4057192dc43dd748ea778adc52bc498ce80524c014b81119,df3f619804a92fdb4057192dc43dd748ea778adc52bc498ce80524c014b81119,4,4,,
"Pokémon Diamond Version (USA, ADAE, header ROM version 5)","Pokémon Pearl Version (USA, APAE, header ROM version 5)",/application/zukanlist/zkn_data/zukan_enc_diamond.narc,equal,1285,1285,,,df3f619804a92fdb4057192dc43dd748ea778adc52bc498ce80524c014b81119,df3f619804a92fdb4057192dc43dd748ea778adc52bc498ce80524c014b81119,4,4,,
"Pokémon Diamond Version (USA, ADAE, header ROM version 5)","Pokémon Pearl Version (USA, APAE, header ROM version 5)",/application/zukanlist/zkn_data/zukan_enc_diamond.narc,equal,1286,1286,,,df3f619804a92fdb4057192dc43dd748ea778adc52bc498ce80524c014b81119,df3f619804a92fdb4057192dc43dd748ea778adc52bc498ce80524c014b81119,4,4,,
"Pokémon Diamond Version (USA, ADAE, header ROM version 5)","Pokémon Pearl Version (USA, APAE, header ROM version 5)",/application/zukanlist/zkn_data/zukan_enc_diamond.narc,equal,1287,1287,,,df3f619804a92fdb4057192dc43dd748ea778adc52bc498ce80524c014b81119,df3f619804a92fdb4057192dc43dd748ea778adc52bc498ce80524c014b81119,4,4,,
"Pokémon Diamond Version (USA, ADAE, header ROM version 5)","Pokémon Pearl Version (USA, APAE, header ROM version 5)",/application/zukanlist/zkn_data/zukan_enc_diamond.narc,equal,1288,1288,,,df3f619804a92fdb4057192dc43dd748ea778adc52bc498ce80524c014b81119,df3f619804a92fdb4057192dc43dd748ea778adc52bc498ce80524c014b81119,4,4,,
"Pokémon Diamond Version (USA, ADAE, header ROM version 5)","Pokémon Pearl Version (USA, APAE, header ROM version 5)",/application/zukanlist/zkn_data/zukan_enc_diamond.narc,equal,1289,1289,,,df3f619804a92fdb4057192dc43dd748ea778adc52bc498ce80524c014b81119,df3f619804a92fdb4057192dc43dd748ea778adc52bc498ce80524c014b81119,4,4,,
"Pokémon Diamond Version (USA, ADAE, header ROM version 5)","Pokémon Pearl Version (USA, APAE, header ROM version 5)",/application/zukanlist/zkn_data/zukan_enc_diamond.narc,equal,1290,1290,,,df3f619804a92fdb4057192dc43dd748ea778adc52bc498ce80524c014b81119,df3f619804a92fdb4057192dc43dd748ea778adc52bc498ce80524c014b81119,4,4,,
"Pokémon Diamond Version (USA, ADAE, header ROM version 5)","Pokémon Pearl Version (USA, APAE, header ROM version 5)",/application/zukanlist/zkn_data/zukan_enc_diamond.narc,equal,1291,1291,,,df3f619804a92fdb4057192dc43dd748ea778adc52bc498ce80524c014b81119,df3f619804a92fdb4057192dc43dd748ea778adc52bc498ce80524c014b81119,4,4,,
"Pokémon Diamond Version (USA, ADAE, header ROM version 5)","Pokémon Pearl Version (USA, APAE, header ROM version 5)",/application/zukanlist/zkn_data/zukan_enc_diamond.narc,equal,1292,1292,,,f0a0278e4372459cca6159cd5e71cfee638302a7b9ca9b05c34181ac0a65ac5d,f0a0278e4372459cca6159cd5e71cfee638302a7b9ca9b05c34181ac0a65ac5d,8,8,,
"Pokémon Diamond Version (USA, ADAE, header ROM version 5)","Pokémon Pearl Version (USA, APAE, header ROM version 5)",/application/zukanlist/zkn_data/zukan_enc_diamond.narc,equal,1293,1293,,,df3f619804a92fdb4057192dc43dd748ea778adc52bc498ce80524c014b81119,df3f619804a92fdb4057192dc43dd748ea778adc52bc498ce80524c014b81119,4,4,,
"Pokémon Diamond Version (USA, ADAE, header ROM version 5)","Pokémon Pearl Version (USA, APAE, header ROM version 5)",/application/zukanlist/zkn_data/zukan_enc_diamond.narc,equal,1294,1294,,,df3f619804a92fdb4057192dc43dd748ea778adc52bc498ce80524c014b81119,df3f619804a92fdb4057192dc43dd748ea778adc52bc498ce80524c014b81119,4,4,,
"Pokémon Diamond Version (USA, ADAE, header ROM version 5)","Pokémon Pearl Version (USA, APAE, header ROM version 5)",/application/zukanlist/zkn_data/zukan_enc_diamond.narc,equal,1295,1295,,,df3f619804a92fdb4057192dc43dd748ea778adc52bc498ce80524c014b81119,df3f619804a92fdb4057192dc43dd748ea778adc52bc498ce80524c014b81119,4,4,,
"Pokémon Diamond Version (USA, ADAE, header ROM version 5)","Pokémon Pearl Version (USA, APAE, header ROM version 5)",/application/zukanlist/zkn_data/zukan_enc_diamond.narc,equal,1296,1296,,,df3f619804a92fdb4057192dc43dd748ea778adc52bc498ce80524c014b81119,df3f619804a92fdb4057192dc43dd748ea778adc52bc498ce80524c014b81119,4,4,,
"Pokémon Diamond Version (USA, ADAE, header ROM version 5)","Pokémon Pearl Version (USA, APAE, header ROM version 5)",/application/zukanlist/zkn_data/zukan_enc_diamond.narc,equal,1297,1297,,,df3f619804a92fdb4057192dc43dd748ea778adc52bc498ce80524c014b81119,df3f619804a92fdb4057192dc43dd748ea778adc52bc498ce80524c014b81119,4,4,,
"Pokémon Diamond Version (USA, ADAE, header ROM version 5)","Pokémon Pearl Version (USA, APAE, header ROM version 5)",/application/zukanlist/zkn_data/zukan_enc_diamond.narc,equal,1298,1298,,,df3f619804a92fdb4057192dc43dd748ea778adc52bc498ce80524c014b81119,df3f619804a92fdb4057192dc43dd748ea778adc52bc498ce80524c014b81119,4,4,,
"Pokémon Diamond Version (USA, ADAE, header ROM version 5)","Pokémon Pearl Version (USA, APAE, header ROM version 5)",/application/zukanlist/zkn_data/zukan_enc_diamond.narc,equal,1299,1299,,,df3f619804a92fdb4057192dc43dd748ea778adc52bc498ce80524c014b81119,df3f619804a92fdb4057192dc43dd748ea778adc52bc498ce80524c014b81119,4,4,,
"Pokémon Diamond Version (USA, ADAE, header ROM version 5)","Pokémon Pearl Version (USA, APAE, header ROM version 5)",/application/zukanlist/zkn_data/zukan_enc_diamond.narc,equal,1300,1300,,,df3f619804a92fdb4057192dc43dd748ea778adc52bc498ce80524c014b81119,df3f619804a92fdb4057192dc43dd748ea778adc52bc498ce80524c014b81119,4,4,,
"Pokémon Diamond Version (USA, ADAE, header ROM version 5)","Pokémon Pearl Version (USA, APAE, header ROM version 5)",/application/zukanlist/zkn_data/zukan_enc_diamond.narc,equal,1301,1301,,,35be322d094f9d154a8aba4733b8497f180353bd7ae7b0a15f90b586b549f28b,35be322d094f9d154a8aba4733b8497f180353bd7ae7b0a15f90b586b549f28b,8,8,,
"Pokémon Diamond Version (USA, ADAE, header ROM version 5)","Pokémon Pearl Version (USA, APAE, header ROM version 5)",/application/zukanlist/zkn_data/zukan_enc_diamond.narc,equal,1302,1302,,,656d161f98e952a376323ae2ff86c6a8af5b3c9f93c7901cda817d6dde464270,656d161f98e952a376323ae2ff86c6a8af5b3c9f93c7901cda817d6dde464270,12,12,,
"Pokémon Diamond Version (USA, ADAE, header ROM version 5)","Pokémon Pearl Version (USA, APAE, header ROM version 5)",/application/zukanlist/zkn_data/zukan_enc_diamond.narc,equal,1303,1303,,,df3f619804a92fdb4057192dc43dd748ea778adc52bc498ce80524c014b81119,df3f619804a92fdb4057192dc43dd748ea778adc52bc498ce80524c014b81119,4,4,,
"Pokémon Diamond Version (USA, ADAE, header ROM version 5)","Pokémon Pearl Version (USA, APAE, header ROM version 5)",/application/zukanlist/zkn_data/zukan_enc_diamond.narc,equal,1304,1304,,,df3f619804a92fdb4057192dc43dd748ea778adc52bc498ce80524c014b81119,df3f619804a92fdb4057192dc43dd748ea778adc52bc498ce80524c014b81119,4,4,,
"Pokémon Diamond Version (USA, ADAE, header ROM version 5)","Pokémon Pearl Version (USA, APAE, header ROM version 5)",/application/zukanlist/zkn_data/zukan_enc_diamond.narc,equal,1305,1305,,,df3f619804a92fdb4057192dc43dd748ea778adc52bc498ce80524c014b81119,df3f619804a92fdb4057192dc43dd748ea778adc52bc498ce80524c014b81119,4,4,,
"Pokémon Diamond Version (USA, ADAE, header ROM version 5)","Pokémon Pearl Version (USA, APAE, header ROM version 5)",/application/zukanlist/zkn_data/zukan_enc_diamond.narc,equal,1306,1306,,,df3f619804a92fdb4057192dc43dd748ea778adc52bc498ce80524c014b81119,df3f619804a92fdb4057192dc43dd748ea778adc52bc498ce80524c014b81119,4,4,,
"Pokémon Diamond Version (USA, ADAE, header ROM version 5)","Pokémon Pearl Version (USA, APAE, header ROM version 5)",/application/zukanlist/zkn_data/zukan_enc_diamond.narc,equal,1307,1307,,,df3f619804a92fdb4057192dc43dd748ea778adc52bc498ce80524c014b81119,df3f619804a92fdb4057192dc43dd748ea778adc52bc498ce80524c014b81119,4,4,,
"Pokémon Diamond Version (USA, ADAE, header ROM version 5)","Pokémon Pearl Version (USA, APAE, header ROM version 5)",/application/zukanlist/zkn_data/zukan_enc_diamond.narc,equal,1308,1308,,,df3f619804a92fdb4057192dc43dd748ea778adc52bc498ce80524c014b81119,df3f619804a92fdb4057192dc43dd748ea778adc52bc498ce80524c014b81119,4,4,,
"Pokémon Diamond Version (USA, ADAE, header ROM version 5)","Pokémon Pearl Version (USA, APAE, header ROM version 5)",/application/zukanlist/zkn_data/zukan_enc_diamond.narc,equal,1309,1309,,,18d8d609947c6b82b9607704ae40d3317038e709238514de750b5c7411ba4c20,18d8d609947c6b82b9607704ae40d3317038e709238514de750b5c7411ba4c20,8,8,,
"Pokémon Diamond Version (USA, ADAE, header ROM version 5)","Pokémon Pearl Version (USA, APAE, header ROM version 5)",/application/zukanlist/zkn_data/zukan_enc_diamond.narc,equal,1310,1310,,,df3f619804a92fdb4057192dc43dd748ea778adc52bc498ce80524c014b81119,df3f619804a92fdb4057192dc43dd748ea778adc52bc498ce80524c014b81119,4,4,,
"Pokémon Diamond Version (USA, ADAE, header ROM version 5)","Pokémon Pearl Version (USA, APAE, header ROM version 5)",/application/zukanlist/zkn_data/zukan_enc_diamond.narc,equal,1311,1311,,,df3f619804a92fdb4057192dc43dd748ea778adc52bc498ce80524c014b81119,df3f619804a92fdb4057192dc43dd748ea778adc52bc498ce80524c014b81119,4,4,,
"Pokémon Diamond Version (USA, ADAE, header ROM version 5)","Pokémon Pearl Version (USA, APAE, header ROM version 5)",/application/zukanlist/zkn_data/zukan_enc_diamond.narc,equal,1312,1312,,,f0a0278e4372459cca6159cd5e71cfee638302a7b9ca9b05c34181ac0a65ac5d,f0a0278e4372459cca6159cd5e71cfee638302a7b9ca9b05c34181ac0a65ac5d,8,8,,
"Pokémon Diamond Version (USA, ADAE, header ROM version 5)","Pokémon Pearl Version (USA, APAE, header ROM version 5)",/application/zukanlist/zkn_data/zukan_enc_diamond.narc,equal,1313,1313,,,df3f619804a92fdb4057192dc43dd748ea778adc52bc498ce80524c014b81119,df3f619804a92fdb4057192dc43dd748ea778adc52bc498ce80524c014b81119,4,4,,
"Pokémon Diamond Version (USA, ADAE, header ROM version 5)","Pokémon Pearl Version (USA, APAE, header ROM version 5)",/application/zukanlist/zkn_data/zukan_enc_diamond.narc,equal,1314,1314,,,df3f619804a92fdb4057192dc43dd748ea778adc52bc498ce80524c014b81119,df3f619804a92fdb4057192dc43dd748ea778adc52bc498ce80524c014b81119,4,4,,
"Pokémon Diamond Version (USA, ADAE, header ROM version 5)","Pokémon Pearl Version (USA, APAE, header ROM version 5)",/application/zukanlist/zkn_data/zukan_enc_diamond.narc,equal,1315,1315,,,df3f619804a92fdb4057192dc43dd748ea778adc52bc498ce80524c014b81119,df3f619804a92fdb4057192dc43dd748ea778adc52bc498ce80524c014b81119,4,4,,
"Pokémon Diamond Version (USA, ADAE, header ROM version 5)","Pokémon Pearl Version (USA, APAE, header ROM version 5)",/application/zukanlist/zkn_data/zukan_enc_diamond.narc,equal,1316,1316,,,df3f619804a92fdb4057192dc43dd748ea778adc52bc498ce80524c014b81119,df3f619804a92fdb4057192dc43dd748ea778adc52bc498ce80524c014b81119,4,4,,
"Pokémon Diamond Version (USA, ADAE, header ROM version 5)","Pokémon Pearl Version (USA, APAE, header ROM version 5)",/application/zukanlist/zkn_data/zukan_enc_diamond.narc,equal,1317,1317,,,cbbd5f990c53684d7ae650b40fcb5656e02261b53da5f6a7d8c819c92f2828f8,cbbd5f990c53684d7ae650b40fcb5656e02261b53da5f6a7d8c819c92f2828f8,8,8,,
"Pokémon Diamond Version (USA, ADAE, header ROM version 5)","Pokémon Pearl Version (USA, APAE, header ROM version 5)",/application/zukanlist/zkn_data/zukan_enc_diamond.narc,equal,1318,1318,,,df3f619804a92fdb4057192dc43dd748ea778adc52bc498ce80524c014b81119,df3f619804a92fdb4057192dc43dd748ea778adc52bc498ce80524c014b81119,4,4,,
"Pokémon Diamond Version (USA, ADAE, header ROM version 5)","Pokémon Pearl Version (USA, APAE, header ROM version 5)",/application/zukanlist/zkn_data/zukan_enc_diamond.narc,equal,1319,1319,,,df3f619804a92fdb4057192dc43dd748ea778adc52bc498ce80524c014b81119,df3f619804a92fdb4057192dc43dd748ea778adc52bc498ce80524c014b81119,4,4,,
"Pokémon Diamond Version (USA, ADAE, header ROM version 5)","Pokémon Pearl Version (USA, APAE, header ROM version 5)",/application/zukanlist/zkn_data/zukan_enc_diamond.narc,equal,1320,1320,,,df3f619804a92fdb4057192dc43dd748ea778adc52bc498ce80524c014b81119,df3f619804a92fdb4057192dc43dd748ea778adc52bc498ce80524c014b81119,4,4,,
"Pokémon Diamond Version (USA, ADAE, header ROM version 5)","Pokémon Pearl Version (USA, APAE, header ROM version 5)",/application/zukanlist/zkn_data/zukan_enc_diamond.narc,equal,1321,1321,,,df3f619804a92fdb4057192dc43dd748ea778adc52bc498ce80524c014b81119,df3f619804a92fdb4057192dc43dd748ea778adc52bc498ce80524c014b81119,4,4,,
"Pokémon Diamond Version (USA, ADAE, header ROM version 5)","Pokémon Pearl Version (USA, APAE, header ROM version 5)",/application/zukanlist/zkn_data/zukan_enc_diamond.narc,equal,1322,1322,,,df3f619804a92fdb4057192dc43dd748ea778adc52bc498ce80524c014b81119,df3f619804a92fdb4057192dc43dd748ea778adc52bc498ce80524c014b81119,4,4,,
"Pokémon Diamond Version (USA, ADAE, header ROM version 5)","Pokémon Pearl Version (USA, APAE, header ROM version 5)",/application/zukanlist/zkn_data/zukan_enc_diamond.narc,equal,1323,1323,,,df3f619804a92fdb4057192dc43dd748ea778adc52bc498ce80524c014b81119,df3f619804a92fdb4057192dc43dd748ea778adc52bc498ce80524c014b81119,4,4,,
"Pokémon Diamond Version (USA, ADAE, header ROM version 5)","Pokémon Pearl Version (USA, APAE, header ROM version 5)",/application/zukanlist/zkn_data/zukan_enc_diamond.narc,equal,1324,1324,,,df3f619804a92fdb4057192dc43dd748ea778adc52bc498ce80524c014b81119,df3f619804a92fdb4057192dc43dd748ea778adc52bc498ce80524c014b81119,4,4,,
"Pokémon Diamond Version (USA, ADAE, header ROM version 5)","Pokémon Pearl Version (USA, APAE, header ROM version 5)",/application/zukanlist/zkn_data/zukan_enc_diamond.narc,equal,1325,1325,,,df3f619804a92fdb4057192dc43dd748ea778adc52bc498ce80524c014b81119,df3f619804a92fdb4057192dc43dd748ea778adc52bc498ce80524c014b81119,4,4,,
"Pokémon Diamond Version (USA, ADAE, header ROM version 5)","Pokémon Pearl Version (USA, APAE, header ROM version 5)",/application/zukanlist/zkn_data/zukan_enc_diamond.narc,equal,1326,1326,,,df3f619804a92fdb4057192dc43dd748ea778adc52bc498ce80524c014b81119,df3f619804a92fdb4057192dc43dd748ea778adc52bc498ce80524c014b81119,4,4,,
"Pokémon Diamond Version (USA, ADAE, header ROM version 5)","Pokémon Pearl Version (USA, APAE, header ROM version 5)",/application/zukanlist/zkn_data/zukan_enc_diamond.narc,equal,1327,1327,,,df3f619804a92fdb4057192dc43dd748ea778adc52bc498ce80524c014b81119,df3f619804a92fdb4057192dc43dd748ea778adc52bc498ce80524c014b81119,4,4,,
"Pokémon Diamond Version (USA, ADAE, header ROM version 5)","Pokémon Pearl Version (USA, APAE, header ROM version 5)",/application/zukanlist/zkn_data/zukan_enc_diamond.narc,equal,1328,1328,,,df3f619804a92fdb4057192dc43dd748ea778adc52bc498ce80524c014b81119,df3f619804a92fdb4057192dc43dd748ea778adc52bc498ce80524c014b81119,4,4,,
"Pokémon Diamond Version (USA, ADAE, header ROM version 5)","Pokémon Pearl Version (USA, APAE, header ROM version 5)",/application/zukanlist/zkn_data/zukan_enc_diamond.narc,equal,1329,1329,,,df3f619804a92fdb4057192dc43dd748ea778adc52bc498ce80524c014b81119,df3f619804a92fdb4057192dc43dd748ea778adc52bc498ce80524c014b81119,4,4,,
"Pokémon Diamond Version (USA, ADAE, header ROM version 5)","Pokémon Pearl Version (USA, APAE, header ROM version 5)",/application/zukanlist/zkn_data/zukan_enc_diamond.narc,equal,1330,1330,,,df3f619804a92fdb4057192dc43dd748ea778adc52bc498ce80524c014b81119,df3f619804a92fdb4057192dc43dd748ea778adc52bc498ce80524c014b81119,4,4,,
"Pokémon Diamond Version (USA, ADAE, header ROM version 5)","Pokémon Pearl Version (USA, APAE, header ROM version 5)",/application/zukanlist/zkn_data/zukan_enc_diamond.narc,equal,1331,1331,,,df3f619804a92fdb4057192dc43dd748ea778adc52bc498ce80524c014b81119,df3f619804a92fdb4057192dc43dd748ea778adc52bc498ce80524c014b81119,4,4,,
"Pokémon Diamond Version (USA, ADAE, header ROM version 5)","Pokémon Pearl Version (USA, APAE, header ROM version 5)",/application/zukanlist/zkn_data/zukan_enc_diamond.narc,equal,1332,1332,,,df3f619804a92fdb4057192dc43dd748ea778adc52bc498ce80524c014b81119,df3f619804a92fdb4057192dc43dd748ea778adc52bc498ce80524c014b81119,4,4,,
"Pokémon Diamond Version (USA, ADAE, header ROM version 5)","Pokémon Pearl Version (USA, APAE, header ROM version 5)",/application/zukanlist/zkn_data/zukan_enc_diamond.narc,equal,1333,1333,,,a41bcdb761629020cb1abfc43862e94170140e3564387f3ed5f7a436395041c9,a41bcdb761629020cb1abfc43862e94170140e3564387f3ed5f7a436395041c9,20,20,,
"Pokémon Diamond Version (USA, ADAE, header ROM version 5)","Pokémon Pearl Version (USA, APAE, header ROM version 5)",/application/zukanlist/zkn_data/zukan_enc_diamond.narc,equal,1334,1334,,,a41bcdb761629020cb1abfc43862e94170140e3564387f3ed5f7a436395041c9,a41bcdb761629020cb1abfc43862e94170140e3564387f3ed5f7a436395041c9,20,20,,
"Pokémon Diamond Version (USA, ADAE, header ROM version 5)","Pokémon Pearl Version (USA, APAE, header ROM version 5)",/application/zukanlist/zkn_data/zukan_enc_diamond.narc,equal,1335,1335,,,df3f619804a92fdb4057192dc43dd748ea778adc52bc498ce80524c014b81119,df3f619804a92fdb4057192dc43dd748ea778adc52bc498ce80524c014b81119,4,4,,
"Pokémon Diamond Version (USA, ADAE, header ROM version 5)","Pokémon Pearl Version (USA, APAE, header ROM version 5)",/application/zukanlist/zkn_data/zukan_enc_diamond.narc,equal,1336,1336,,,df3f619804a92fdb4057192dc43dd748ea778adc52bc498ce80524c014b81119,df3f619804a92fdb4057192dc43dd748ea778adc52bc498ce80524c014b81119,4,4,,
"Pokémon Diamond Version (USA, ADAE, header ROM version 5)","Pokémon Pearl Version (USA, APAE, header ROM version 5)",/application/zukanlist/zkn_data/zukan_enc_diamond.narc,equal,1337,1337,,,df3f619804a92fdb4057192dc43dd748ea778adc52bc498ce80524c014b81119,df3f619804a92fdb4057192dc43dd748ea778adc52bc498ce80524c014b81119,4,4,,
"Pokémon Diamond Version (USA, ADAE, header ROM version 5)","Pokémon Pearl Version (USA, APAE, header ROM version 5)",/application/zukanlist/zkn_data/zukan_enc_diamond.narc,equal,1338,1338,,,df3f619804a92fdb4057192dc43dd748ea778adc52bc498ce80524c014b81119,df3f619804a92fdb4057192dc43dd748ea778adc52bc498ce80524c014b81119,4,4,,
"Pokémon Diamond Version (USA, ADAE, header ROM version 5)","Pokémon Pearl Version (USA, APAE, header ROM version 5)",/application/zukanlist/zkn_data/zukan_enc_diamond.narc,equal,1339,1339,,,df3f619804a92fdb4057192dc43dd748ea778adc52bc498ce80524c014b81119,df3f619804a92fdb4057192dc43dd748ea778adc52bc498ce80524c014b81119,4,4,,
"Pokémon Diamond Version (USA, ADAE, header ROM version 5)","Pokémon Pearl Version (USA, APAE, header ROM version 5)",/application/zukanlist/zkn_data/zukan_enc_diamond.narc,equal,1340,1340,,,df3f619804a92fdb4057192dc43dd748ea778adc52bc498ce80524c014b81119,df3f619804a92fdb4057192dc43dd748ea778adc52bc498ce80524c014b81119,4,4,,
"Pokémon Diamond Version (USA, ADAE, header ROM version 5)","Pokémon Pearl Version (USA, APAE, header ROM version 5)",/application/zukanlist/zkn_data/zukan_enc_diamond.narc,equal,1341,1341,,,df3f619804a92fdb4057192dc43dd748ea778adc52bc498ce80524c014b81119,df3f619804a92fdb4057192dc43dd748ea778adc52bc498ce80524c014b81119,4,4,,
"Pokémon Diamond Version (USA, ADAE, header ROM version 5)","Pokémon Pearl Version (USA, APAE, header ROM version 5)",/application/zukanlist/zkn_data/zukan_enc_diamond.narc,equal,1342,1342,,,df3f619804a92fdb4057192dc43dd748ea778adc52bc498ce80524c014b81119,df3f619804a92fdb4057192dc43dd748ea778adc52bc498ce80524c014b81119,4,4,,
"Pokémon Diamond Version (USA, ADAE, header ROM version 5)","Pokémon Pearl Version (USA, APAE, header ROM version 5)",/application/zukanlist/zkn_data/zukan_enc_diamond.narc,equal,1343,1343,,,df3f619804a92fdb4057192dc43dd748ea778adc52bc498ce80524c014b81119,df3f619804a92fdb4057192dc43dd748ea778adc52bc498ce80524c014b81119,4,4,,
"Pokémon Diamond Version (USA, ADAE, header ROM version 5)","Pokémon Pearl Version (USA, APAE, header ROM version 5)",/application/zukanlist/zkn_data/zukan_enc_diamond.narc,equal,1344,1344,,,df3f619804a92fdb4057192dc43dd748ea778adc52bc498ce80524c014b81119,df3f619804a92fdb4057192dc43dd748ea778adc52bc498ce80524c014b81119,4,4,,
"Pokémon Diamond Version (USA, ADAE, header ROM version 5)","Pokémon Pearl Version (USA, APAE, header ROM version 5)",/application/zukanlist/zkn_data/zukan_enc_diamond.narc,equal,1345,1345,,,df3f619804a92fdb4057192dc43dd748ea778adc52bc498ce80524c014b81119,df3f619804a92fdb4057192dc43dd748ea778adc52bc498ce80524c014b81119,4,4,,
"Pokémon Diamond Version (USA, ADAE, header ROM version 5)","Pokémon Pearl Version (USA, APAE, header ROM version 5)",/application/zukanlist/zkn_data/zukan_enc_diamond.narc,equal,1346,1346,,,df3f619804a92fdb4057192dc43dd748ea778adc52bc498ce80524c014b81119,df3f619804a92fdb4057192dc43dd748ea778adc52bc498ce80524c014b81119,4,4,,
"Pokémon Diamond Version (USA, ADAE, header ROM version 5)","Pokémon Pearl Version (USA, APAE, header ROM version 5)",/application/zukanlist/zkn_data/zukan_enc_diamond.narc,equal,1347,1347,,,df3f619804a92fdb4057192dc43dd748ea778adc52bc498ce80524c014b81119,df3f619804a92fdb4057192dc43dd748ea778adc52bc498ce80524c014b81119,4,4,,
"Pokémon Diamond Version (USA, ADAE, header ROM version 5)","Pokémon Pearl Version (USA, APAE, header ROM version 5)",/application/zukanlist/zkn_data/zukan_enc_diamond.narc,equal,1348,1348,,,df3f619804a92fdb4057192dc43dd748ea778adc52bc498ce80524c014b81119,df3f619804a92fdb4057192dc43dd748ea778adc52bc498ce80524c014b81119,4,4,,
"Pokémon Diamond Version (USA, ADAE, header ROM version 5)","Pokémon Pearl Version (USA, APAE, header ROM version 5)",/application/zukanlist/zkn_data/zukan_enc_diamond.narc,equal,1349,1349,,,df3f619804a92fdb4057192dc43dd748ea778adc52bc498ce80524c014b81119,df3f619804a92fdb4057192dc43dd748ea778adc52bc498ce80524c014b81119,4,4,,
"Pokémon Diamond Version (USA, ADAE, header ROM version 5)","Pokémon Pearl Version (USA, APAE, header ROM version 5)",/application/zukanlist/zkn_data/zukan_enc_diamond.narc,equal,1350,1350,,,df3f619804a92fdb4057192dc43dd748ea778adc52bc498ce80524c014b81119,df3f619804a92fdb4057192dc43dd748ea778adc52bc498ce80524c014b81119,4,4,,
"Pokémon Diamond Version (USA, ADAE, header ROM version 5)","Pokémon Pearl Version (USA, APAE, header ROM version 5)",/application/zukanlist/zkn_data/zukan_enc_diamond.narc,equal,1351,1351,,,df3f619804a92fdb4057192dc43dd748ea778adc52bc498ce80524c014b81119,df3f619804a92fdb4057192dc43dd748ea778adc52bc498ce80524c014b81119,4,4,,
"Pokémon Diamond Version (USA, ADAE, header ROM version 5)","Pokémon Pearl Version (USA, APAE, header ROM version 5)",/application/zukanlist/zkn_data/zukan_enc_diamond.narc,equal,1352,1352,,,7c16f5631b09eef6cfc2ecdfb0d5336adbaa187c45cf7b6c5e37c4b6dc98158d,7c16f5631b09eef6cfc2ecdfb0d5336adbaa187c45cf7b6c5e37c4b6dc98158d,12,12,,
"Pokémon Diamond Version (USA, ADAE, header ROM version 5)","Pokémon Pearl Version (USA, APAE, header ROM version 5)",/application/zukanlist/zkn_data/zukan_enc_diamond.narc,equal,1353,1353,,,df3f619804a92fdb4057192dc43dd748ea778adc52bc498ce80524c014b81119,df3f619804a92fdb4057192dc43dd748ea778adc52bc498ce80524c014b81119,4,4,,
"Pokémon Diamond Version (USA, ADAE, header ROM version 5)","Pokémon Pearl Version (USA, APAE, header ROM version 5)",/application/zukanlist/zkn_data/zukan_enc_diamond.narc,equal,1354,1354,,,df3f619804a92fdb4057192dc43dd748ea778adc52bc498ce80524c014b81119,df3f619804a92fdb4057192dc43dd748ea778adc52bc498ce80524c014b81119,4,4,,
"Pokémon Diamond Version (USA, ADAE, header ROM version 5)","Pokémon Pearl Version (USA, APAE, header ROM version 5)",/application/zukanlist/zkn_data/zukan_enc_diamond.narc,equal,1355,1355,,,df3f619804a92fdb4057192dc43dd748ea778adc52bc498ce80524c014b81119,df3f619804a92fdb4057192dc43dd748ea778adc52bc498ce80524c014b81119,4,4,,
"Pokémon Diamond Version (USA, ADAE, header ROM version 5)","Pokémon Pearl Version (USA, APAE, header ROM version 5)",/application/zukanlist/zkn_data/zukan_enc_diamond.narc,equal,1356,1356,,,df3f619804a92fdb4057192dc43dd748ea778adc52bc498ce80524c014b81119,df3f619804a92fdb4057192dc43dd748ea778adc52bc498ce80524c014b81119,4,4,,
"Pokémon Diamond Version (USA, ADAE, header ROM version 5)","Pokémon Pearl Version (USA, APAE, header ROM version 5)",/application/zukanlist/zkn_data/zukan_enc_diamond.narc,equal,1357,1357,,,df3f619804a92fdb4057192dc43dd748ea778adc52bc498ce80524c014b81119,df3f619804a92fdb4057192dc43dd748ea778adc52bc498ce80524c014b81119,4,4,,
"Pokémon Diamond Version (USA, ADAE, header ROM version 5)","Pokémon Pearl Version (USA, APAE, header ROM version 5)",/application/zukanlist/zkn_data/zukan_enc_diamond.narc,equal,1358,1358,,,df3f619804a92fdb4057192dc43dd748ea778adc52bc498ce80524c014b81119,df3f619804a92fdb4057192dc43dd748ea778adc52bc498ce80524c014b81119,4,4,,
"Pokémon Diamond Version (USA, ADAE, header ROM version 5)","Pokémon Pearl Version (USA, APAE, header ROM version 5)",/application/zukanlist/zkn_data/zukan_enc_diamond.narc,equal,1359,1359,,,df3f619804a92fdb4057192dc43dd748ea778adc52bc498ce80524c014b81119,df3f619804a92fdb4057192dc43dd748ea778adc52bc498ce80524c014b81119,4,4,,
"Pokémon Diamond Version (USA, ADAE, header ROM version 5)","Pokémon Pearl Version (USA, APAE, header ROM version 5)",/application/zukanlist/zkn_data/zukan_enc_diamond.narc,equal,1360,1360,,,df3f619804a92fdb4057192dc43dd748ea778adc52bc498ce80524c014b81119,df3f619804a92fdb4057192dc43dd748ea778adc52bc498ce80524c014b81119,4,4,,
"Pokémon Diamond Version (USA, ADAE, header ROM version 5)","Pokémon Pearl Version (USA, APAE, header ROM version 5)",/application/zukanlist/zkn_data/zukan_enc_diamond.narc,equal,1361,1361,,,df3f619804a92fdb4057192dc43dd748ea778adc52bc498ce80524c014b81119,df3f619804a92fdb4057192dc43dd748ea778adc52bc498ce80524c014b81119,4,4,,
"Pokémon Diamond Version (USA, ADAE, header ROM version 5)","Pokémon Pearl Version (USA, APAE, header ROM version 5)",/application/zukanlist/zkn_data/zukan_enc_diamond.narc,equal,1362,1362,,,df3f619804a92fdb4057192dc43dd748ea778adc52bc498ce80524c014b81119,df3f619804a92fdb4057192dc43dd748ea778adc52bc498ce80524c014b81119,4,4,,
"Pokémon Diamond Version (USA, ADAE, header ROM version 5)","Pokémon Pearl Version (USA, APAE, header ROM version 5)",/application/zukanlist/zkn_data/zukan_enc_diamond.narc,equal,1363,1363,,,df3f619804a92fdb4057192dc43dd748ea778adc52bc498ce80524c014b81119,df3f619804a92fdb4057192dc43dd748ea778adc52bc498ce80524c014b81119,4,4,,
"Pokémon Diamond Version (USA, ADAE, header ROM version 5)","Pokémon Pearl Version (USA, APAE, header ROM version 5)",/application/zukanlist/zkn_data/zukan_enc_diamond.narc,equal,1364,1364,,,df3f619804a92fdb4057192dc43dd748ea778adc52bc498ce80524c014b81119,df3f619804a92fdb4057192dc43dd748ea778adc52bc498ce80524c014b81119,4,4,,
"Pokémon Diamond Version (USA, ADAE, header ROM version 5)","Pokémon Pearl Version (USA, APAE, header ROM version 5)",/application/zukanlist/zkn_data/zukan_enc_diamond.narc,equal,1365,1365,,,df3f619804a92fdb4057192dc43dd748ea778adc52bc498ce80524c014b81119,df3f619804a92fdb4057192dc43dd748ea778adc52bc498ce80524c014b81119,4,4,,
"Pokémon Diamond Version (USA, ADAE, header ROM version 5)","Pokémon Pearl Version (USA, APAE, header ROM version 5)",/application/zukanlist/zkn_data/zukan_enc_diamond.narc,equal,1366,1366,,,df3f619804a92fdb4057192dc43dd748ea778adc52bc498ce80524c014b81119,df3f619804a92fdb4057192dc43dd748ea778adc52bc498ce80524c014b81119,4,4,,
"Pokémon Diamond Version (USA, ADAE, header ROM version 5)","Pokémon Pearl Version (USA, APAE, header ROM version 5)",/application/zukanlist/zkn_data/zukan_enc_diamond.narc,equal,1367,1367,,,df3f619804a92fdb4057192dc43dd748ea778adc52bc498ce80524c014b81119,df3f619804a92fdb4057192dc43dd748ea778adc52bc498ce80524c014b81119,4,4,,
"Pokémon Diamond Version (USA, ADAE, header ROM version 5)","Pokémon Pearl Version (USA, APAE, header ROM version 5)",/application/zukanlist/zkn_data/zukan_enc_diamond.narc,equal,1368,1368,,,df3f619804a92fdb4057192dc43dd748ea778adc52bc498ce80524c014b81119,df3f619804a92fdb4057192dc43dd748ea778adc52bc498ce80524c014b81119,4,4,,
"Pokémon Diamond Version (USA, ADAE, header ROM version 5)","Pokémon Pearl Version (USA, APAE, header ROM version 5)",/application/zukanlist/zkn_data/zukan_enc_diamond.narc,equal,1369,1369,,,df3f619804a92fdb4057192dc43dd748ea778adc52bc498ce80524c014b81119,df3f619804a92fdb4057192dc43dd748ea778adc52bc498ce80524c014b81119,4,4,,
"Pokémon Diamond Version (USA, ADAE, header ROM version 5)","Pokémon Pearl Version (USA, APAE, header ROM version 5)",/application/zukanlist/zkn_data/zukan_enc_diamond.narc,equal,1370,1370,,,df3f619804a92fdb4057192dc43dd748ea778adc52bc498ce80524c014b81119,df3f619804a92fdb4057192dc43dd748ea778adc52bc498ce80524c014b81119,4,4,,
"Pokémon Diamond Version (USA, ADAE, header ROM version 5)","Pokémon Pearl Version (USA, APAE, header ROM version 5)",/application/zukanlist/zkn_data/zukan_enc_diamond.narc,equal,1371,1371,,,df3f619804a92fdb4057192dc43dd748ea778adc52bc498ce80524c014b81119,df3f619804a92fdb4057192dc43dd748ea778adc52bc498ce80524c014b81119,4,4,,
"Pokémon Diamond Version (USA, ADAE, header ROM version 5)","Pokémon Pearl Version (USA, APAE, header ROM version 5)",/application/zukanlist/zkn_data/zukan_enc_diamond.narc,equal,1372,1372,,,df3f619804a92fdb4057192dc43dd748ea778adc52bc498ce80524c014b81119,df3f619804a92fdb4057192dc43dd748ea778adc52bc498ce80524c014b81119,4,4,,
"Pokémon Diamond Version (USA, ADAE, header ROM version 5)","Pokémon Pearl Version (USA, APAE, header ROM version 5)",/application/zukanlist/zkn_data/zukan_enc_diamond.narc,equal,1373,1373,,,df3f619804a92fdb4057192dc43dd748ea778adc52bc498ce80524c014b81119,df3f619804a92fdb4057192dc43dd748ea778adc52bc498ce80524c014b81119,4,4,,
"Pokémon Diamond Version (USA, ADAE, header ROM version 5)","Pokémon Pearl Version (USA, APAE, header ROM version 5)",/application/zukanlist/zkn_data/zukan_enc_diamond.narc,equal,1374,1374,,,df3f619804a92fdb4057192dc43dd748ea778adc52bc498ce80524c014b81119,df3f619804a92fdb4057192dc43dd748ea778adc52bc498ce80524c014b81119,4,4,,
"Pokémon Diamond Version (USA, ADAE, header ROM version 5)","Pokémon Pearl Version (USA, APAE, header ROM version 5)",/application/zukanlist/zkn_data/zukan_enc_diamond.narc,equal,1375,1375,,,df3f619804a92fdb4057192dc43dd748ea778adc52bc498ce80524c014b81119,df3f619804a92fdb4057192dc43dd748ea778adc52bc498ce80524c014b81119,4,4,,
"Pokémon Diamond Version (USA, ADAE, header ROM version 5)","Pokémon Pearl Version (USA, APAE, header ROM version 5)",/application/zukanlist/zkn_data/zukan_enc_diamond.narc,equal,1376,1376,,,df3f619804a92fdb4057192dc43dd748ea778adc52bc498ce80524c014b81119,df3f619804a92fdb4057192dc43dd748ea778adc52bc498ce80524c014b81119,4,4,,
"Pokémon Diamond Version (USA, ADAE, header ROM version 5)","Pokémon Pearl Version (USA, APAE, header ROM version 5)",/application/zukanlist/zkn_data/zukan_enc_diamond.narc,equal,1377,1377,,,df3f619804a92fdb4057192dc43dd748ea778adc52bc498ce80524c014b81119,df3f619804a92fdb4057192dc43dd748ea778adc52bc498ce80524c014b81119,4,4,,
"Pokémon Diamond Version (USA, ADAE, header ROM version 5)","Pokémon Pearl Version (USA, APAE, header ROM version 5)",/application/zukanlist/zkn_data/zukan_enc_diamond.narc,equal,1378,1378,,,df3f619804a92fdb4057192dc43dd748ea778adc52bc498ce80524c014b81119,df3f619804a92fdb4057192dc43dd748ea778adc52bc498ce80524c014b81119,4,4,,
"Pokémon Diamond Version (USA, ADAE, header ROM version 5)","Pokémon Pearl Version (USA, APAE, header ROM version 5)",/application/zukanlist/zkn_data/zukan_enc_diamond.narc,equal,1379,1379,,,df3f619804a92fdb4057192dc43dd748ea778adc52bc498ce80524c014b81119,df3f619804a92fdb4057192dc43dd748ea778adc52bc498ce80524c014b81119,4,4,,
"Pokémon Diamond Version (USA, ADAE, header ROM version 5)","Pokémon Pearl Version (USA, APAE, header ROM version 5)",/application/zukanlist/zkn_data/zukan_enc_diamond.narc,equal,1380,1380,,,df3f619804a92fdb4057192dc43dd748ea778adc52bc498ce80524c014b81119,df3f619804a92fdb4057192dc43dd748ea778adc52bc498ce80524c014b81119,4,4,,
"Pokémon Diamond Version (USA, ADAE, header ROM version 5)","Pokémon Pearl Version (USA, APAE, header ROM version 5)",/application/zukanlist/zkn_data/zukan_enc_diamond.narc,equal,1381,1381,,,df3f619804a92fdb4057192dc43dd748ea778adc52bc498ce80524c014b81119,df3f619804a92fdb4057192dc43dd748ea778adc52bc498ce80524c014b81119,4,4,,
"Pokémon Diamond Version (USA, ADAE, header ROM version 5)","Pokémon Pearl Version (USA, APAE, header ROM version 5)",/application/zukanlist/zkn_data/zukan_enc_diamond.narc,equal,1382,1382,,,df3f619804a92fdb4057192dc43dd748ea778adc52bc498ce80524c014b81119,df3f619804a92fdb4057192dc43dd748ea778adc52bc498ce80524c014b81119,4,4,,
"Pokémon Diamond Version (USA, ADAE, header ROM version 5)","Pokémon Pearl Version (USA, APAE, header ROM version 5)",/application/zukanlist/zkn_data/zukan_enc_diamond.narc,equal,1383,1383,,,df3f619804a92fdb4057192dc43dd748ea778adc52bc498ce80524c014b81119,df3f619804a92fdb4057192dc43dd748ea778adc52bc498ce80524c014b81119,4,4,,
"Pokémon Diamond Version (USA, ADAE, header ROM version 5)","Pokémon Pearl Version (USA, APAE, header ROM version 5)",/application/zukanlist/zkn_data/zukan_enc_diamond.narc,equal,1384,1384,,,df3f619804a92fdb4057192dc43dd748ea778adc52bc498ce80524c014b81119,df3f619804a92fdb4057192dc43dd748ea778adc52bc498ce80524c014b81119,4,4,,
"Pokémon Diamond Version (USA, ADAE, header ROM version 5)","Pokémon Pearl Version (USA, APAE, header ROM version 5)",/application/zukanlist/zkn_data/zukan_enc_diamond.narc,equal,1385,1385,,,df3f619804a92fdb4057192dc43dd748ea778adc52bc498ce80524c014b81119,df3f619804a92fdb4057192dc43dd748ea778adc52bc498ce80524c014b81119,4,4,,
"Pokémon Diamond Version (USA, ADAE, header ROM version 5)","Pokémon Pearl Version (USA, APAE, header ROM version 5)",/application/zukanlist/zkn_data/zukan_enc_diamond.narc,equal,1386,1386,,,df3f619804a92fdb4057192dc43dd748ea778adc52bc498ce80524c014b81119,df3f619804a92fdb4057192dc43dd748ea778adc52bc498ce80524c014b81119,4,4,,
"Pokémon Diamond Version (USA, ADAE, header ROM version 5)","Pokémon Pearl Version (USA, APAE, header ROM version 5)",/application/zukanlist/zkn_data/zukan_enc_diamond.narc,equal,1387,1387,,,df3f619804a92fdb4057192dc43dd748ea778adc52bc498ce80524c014b81119,df3f619804a92fdb4057192dc43dd748ea778adc52bc498ce80524c014b81119,4,4,,
"Pokémon Diamond Version (USA, ADAE, header ROM version 5)","Pokémon Pearl Version (USA, APAE, header ROM version 5)",/application/zukanlist/zkn_data/zukan_enc_diamond.narc,equal,1388,1388,,,df3f619804a92fdb4057192dc43dd748ea778adc52bc498ce80524c014b81119,df3f619804a92fdb4057192dc43dd748ea778adc52bc498ce80524c014b81119,4,4,,
"Pokémon Diamond Version (USA, ADAE, header ROM version 5)","Pokémon Pearl Version (USA, APAE, header ROM version 5)",/application/zukanlist/zkn_data/zukan_enc_diamond.narc,equal,1389,1389,,,df3f619804a92fdb4057192dc43dd748ea778adc52bc498ce80524c014b81119,df3f619804a92fdb4057192dc43dd748ea778adc52bc498ce80524c014b81119,4,4,,
"Pokémon Diamond Version (USA, ADAE, header ROM version 5)","Pokémon Pearl Version (USA, APAE, header ROM version 5)",/application/zukanlist/zkn_data/zukan_enc_diamond.narc,equal,1390,1390,,,35e3a6176b50da27fcb868bf840f0e76290bd9bf55c40545e67bac66353d0674,35e3a6176b50da27fcb868bf840f0e76290bd9bf55c40545e67bac66353d0674,8,8,Nintendo LZ11,Nintendo LZ11
"Pokémon Diamond Version (USA, ADAE, header ROM version 5)","Pokémon Pearl Version (USA, APAE, header ROM version 5)",/application/zukanlist/zkn_data/zukan_enc_diamond.narc,equal,1391,1391,,,a91616fc03087082872307781ff4174f4efc9ca1bb94d7435fec23ca6a72a258,a91616fc03087082872307781ff4174f4efc9ca1bb94d7435fec23ca6a72a258,16,16,,
"Pokémon Diamond Version (USA, ADAE, header ROM version 5)","Pokémon Pearl Version (USA, APAE, header ROM version 5)",/application/zukanlist/zkn_data/zukan_enc_diamond.narc,equal,1392,1392,,,df3f619804a92fdb4057192dc43dd748ea778adc52bc498ce80524c014b81119,df3f619804a92fdb4057192dc43dd748ea778adc52bc498ce80524c014b81119,4,4,,
"Pokémon Diamond Version (USA, ADAE, header ROM version 5)","Pokémon Pearl Version (USA, APAE, header ROM version 5)",/application/zukanlist/zkn_data/zukan_enc_diamond.narc,equal,1393,1393,,,4ae41a7d3b8eb6000c35c3f23ef567d44446f7f7dfacf752fe70fc54a238d15f,4ae41a7d3b8eb6000c35c3f23ef567d44446f7f7dfacf752fe70fc54a238d15f,12,12,,
"Pokémon Diamond Version (USA, ADAE, header ROM version 5)","Pokémon Pearl Version (USA, APAE, header ROM version 5)",/application/zukanlist/zkn_data/zukan_enc_diamond.narc,equal,1394,1394,,,955abbad874361154d05754adea303d7ccd90d9c6e3acb6cf4bf0f07701b0b43,955abbad874361154d05754adea303d7ccd90d9c6e3acb6cf4bf0f07701b0b43,20,20,,
"Pokémon Diamond Version (USA, ADAE, header ROM version 5)","Pokémon Pearl Version (USA, APAE, header ROM version 5)",/application/zukanlist/zkn_data/zukan_enc_diamond.narc,equal,1395,1395,,,df3f619804a92fdb4057192dc43dd748ea778adc52bc498ce80524c014b81119,df3f619804a92fdb4057192dc43dd748ea778adc52bc498ce80524c014b81119,4,4,,
"Pokémon Diamond Version (USA, ADAE, header ROM version 5)","Pokémon Pearl Version (USA, APAE, header ROM version 5)",/application/zukanlist/zkn_data/zukan_enc_diamond.narc,equal,1396,1396,,,18d8d609947c6b82b9607704ae40d3317038e709238514de750b5c7411ba4c20,18d8d609947c6b82b9607704ae40d3317038e709238514de750b5c7411ba4c20,8,8,,
"Pokémon Diamond Version (USA, ADAE, header ROM version 5)","Pokémon Pearl Version (USA, APAE, header ROM version 5)",/application/zukanlist/zkn_data/zukan_enc_diamond.narc,equal,1397,1397,,,df3f619804a92fdb4057192dc43dd748ea778adc52bc498ce80524c014b81119,df3f619804a92fdb4057192dc43dd748ea778adc52bc498ce80524c014b81119,4,4,,
"Pokémon Diamond Version (USA, ADAE, header ROM version 5)","Pokémon Pearl Version (USA, APAE, header ROM version 5)",/application/zukanlist/zkn_data/zukan_enc_diamond.narc,equal,1398,1398,,,df3f619804a92fdb4057192dc43dd748ea778adc52bc498ce80524c014b81119,df3f619804a92fdb4057192dc43dd748ea778adc52bc498ce80524c014b81119,4,4,,
"Pokémon Diamond Version (USA, ADAE, header ROM version 5)","Pokémon Pearl Version (USA, APAE, header ROM version 5)",/application/zukanlist/zkn_data/zukan_enc_diamond.narc,equal,1399,1399,,,df3f619804a92fdb4057192dc43dd748ea778adc52bc498ce80524c014b81119,df3f619804a92fdb4057192dc43dd748ea778adc52bc498ce80524c014b81119,4,4,,
"Pokémon Diamond Version (USA, ADAE, header ROM version 5)","Pokémon Pearl Version (USA, APAE, header ROM version 5)",/application/zukanlist/zkn_data/zukan_enc_diamond.narc,equal,1400,1400,,,d86e8112f3c4c4442126f8e9f44f16867da487f29052bf91b810457db34209a4,d86e8112f3c4c4442126f8e9f44f16867da487f29052bf91b810457db34209a4,8,8,,
"Pokémon Diamond Version (USA, ADAE, header ROM version 5)","Pokémon Pearl Version (USA, APAE, header ROM version 5)",/application/zukanlist/zkn_data/zukan_enc_diamond.narc,equal,1401,1401,,,df3f619804a92fdb4057192dc43dd748ea778adc52bc498ce80524c014b81119,df3f619804a92fdb4057192dc43dd748ea778adc52bc498ce80524c014b81119,4,4,,
"Pokémon Diamond Version (USA, ADAE, header ROM version 5)","Pokémon Pearl Version (USA, APAE, header ROM version 5)",/application/zukanlist/zkn_data/zukan_enc_diamond.narc,equal,1402,1402,,,df3f619804a92fdb4057192dc43dd748ea778adc52bc498ce80524c014b81119,df3f619804a92fdb4057192dc43dd748ea778adc52bc498ce80524c014b81119,4,4,,
"Pokémon Diamond Version (USA, ADAE, header ROM version 5)","Pokémon Pearl Version (USA, APAE, header ROM version 5)",/application/zukanlist/zkn_data/zukan_enc_diamond.narc,equal,1403,1403,,,df3f619804a92fdb4057192dc43dd748ea778adc52bc498ce80524c014b81119,df3f619804a92fdb4057192dc43dd748ea778adc52bc498ce80524c014b81119,4,4,,
"Pokémon Diamond Version (USA, ADAE, header ROM version 5)","Pokémon Pearl Version (USA, APAE, header ROM version 5)",/application/zukanlist/zkn_data/zukan_enc_diamond.narc,equal,1404,1404,,,df3f619804a92fdb4057192dc43dd748ea778adc52bc498ce80524c014b81119,df3f619804a92fdb4057192dc43dd748ea778adc52bc498ce80524c014b81119,4,4,,
"Pokémon Diamond Version (USA, ADAE, header ROM version 5)","Pokémon Pearl Version (USA, APAE, header ROM version 5)",/application/zukanlist/zkn_data/zukan_enc_diamond.narc,equal,1405,1405,,,df3f619804a92fdb4057192dc43dd748ea778adc52bc498ce80524c014b81119,df3f619804a92fdb4057192dc43dd748ea778adc52bc498ce80524c014b81119,4,4,,
"Pokémon Diamond Version (USA, ADAE, header ROM version 5)","Pokémon Pearl Version (USA, APAE, header ROM version 5)",/application/zukanlist/zkn_data/zukan_enc_diamond.narc,equal,1406,1406,,,df3f619804a92fdb4057192dc43dd748ea778adc52bc498ce80524c014b81119,df3f619804a92fdb4057192dc43dd748ea778adc52bc498ce80524c014b81119,4,4,,
"Pokémon Diamond Version (USA, ADAE, header ROM version 5)","Pokémon Pearl Version (USA, APAE, header ROM version 5)",/application/zukanlist/zkn_data/zukan_enc_diamond.narc,equal,1407,1407,,,df3f619804a92fdb4057192dc43dd748ea778adc52bc498ce80524c014b81119,df3f619804a92fdb4057192dc43dd748ea778adc52bc498ce80524c014b81119,4,4,,
"Pokémon Diamond Version (USA, ADAE, header ROM version 5)","Pokémon Pearl Version (USA, APAE, header ROM version 5)",/application/zukanlist/zkn_data/zukan_enc_diamond.narc,equal,1408,1408,,,df3f619804a92fdb4057192dc43dd748ea778adc52bc498ce80524c014b81119,df3f619804a92fdb4057192dc43dd748ea778adc52bc498ce80524c014b81119,4,4,,
"Pokémon Diamond Version (USA, ADAE, header ROM version 5)","Pokémon Pearl Version (USA, APAE, header ROM version 5)",/application/zukanlist/zkn_data/zukan_enc_diamond.narc,equal,1409,1409,,,df3f619804a92fdb4057192dc43dd748ea778adc52bc498ce80524c014b81119,df3f619804a92fdb4057192dc43dd748ea778adc52bc498ce80524c014b81119,4,4,,
"Pokémon Diamond Version (USA, ADAE, header ROM version 5)","Pokémon Pearl Version (USA, APAE, header ROM version 5)",/application/zukanlist/zkn_data/zukan_enc_diamond.narc,equal,1410,1410,,,df3f619804a92fdb4057192dc43dd748ea778adc52bc498ce80524c014b81119,df3f619804a92fdb4057192dc43dd748ea778adc52bc498ce80524c014b81119,4,4,,
"Pokémon Diamond Version (USA, ADAE, header ROM version 5)","Pokémon Pearl Version (USA, APAE, header ROM version 5)",/application/zukanlist/zkn_data/zukan_enc_diamond.narc,equal,1411,1411,,,df3f619804a92fdb4057192dc43dd748ea778adc52bc498ce80524c014b81119,df3f619804a92fdb4057192dc43dd748ea778adc52bc498ce80524c014b81119,4,4,,
"Pokémon Diamond Version (USA, ADAE, header ROM version 5)","Pokémon Pearl Version (USA, APAE, header ROM version 5)",/application/zukanlist/zkn_data/zukan_enc_diamond.narc,equal,1412,1412,,,df3f619804a92fdb4057192dc43dd748ea778adc52bc498ce80524c014b81119,df3f619804a92fdb4057192dc43dd748ea778adc52bc498ce80524c014b81119,4,4,,
"Pokémon Diamond Version (USA, ADAE, header ROM version 5)","Pokémon Pearl Version (USA, APAE, header ROM version 5)",/application/zukanlist/zkn_data/zukan_enc_diamond.narc,equal,1413,1413,,,23d7f42b1cdc1f0d492ebd756ed0fe8003995dda554d99418d47a81813650207,23d7f42b1cdc1f0d492ebd756ed0fe8003995dda554d99418d47a81813650207,8,8,,
"Pokémon Diamond Version (USA, ADAE, header ROM version 5)","Pokémon Pearl Version (USA, APAE, header ROM version 5)",/application/zukanlist/zkn_data/zukan_enc_diamond.narc,equal,1414,1414,,,df3f619804a92fdb4057192dc43dd748ea778adc52bc498ce80524c014b81119,df3f619804a92fdb4057192dc43dd748ea778adc52bc498ce80524c014b81119,4,4,,
"Pokémon Diamond Version (USA, ADAE, header ROM version 5)","Pokémon Pearl Version (USA, APAE, header ROM version 5)",/application/zukanlist/zkn_data/zukan_enc_diamond.narc,equal,1415,1415,,,df3f619804a92fdb4057192dc43dd748ea778adc52bc498ce80524c014b81119,df3f619804a92fdb4057192dc43dd748ea778adc52bc498ce80524c014b81119,4,4,,
"Pokémon Diamond Version (USA, ADAE, header ROM version 5)","Pokémon Pearl Version (USA, APAE, header ROM version 5)",/application/zukanlist/zkn_data/zukan_enc_diamond.narc,equal,1416,1416,,,df3f619804a92fdb4057192dc43dd748ea778adc52bc498ce80524c014b81119,df3f619804a92fdb4057192dc43dd748ea778adc52bc498ce80524c014b81119,4,4,,
"Pokémon Diamond Version (USA, ADAE, header ROM version 5)","Pokémon Pearl Version (USA, APAE, header ROM version 5)",/application/zukanlist/zkn_data/zukan_enc_diamond.narc,equal,1417,1417,,,df3f619804a92fdb4057192dc43dd748ea778adc52bc498ce80524c014b81119,df3f619804a92fdb4057192dc43dd748ea778adc52bc498ce80524c014b81119,4,4,,
"Pokémon Diamond Version (USA, ADAE, header ROM version 5)","Pokémon Pearl Version (USA, APAE, header ROM version 5)",/application/zukanlist/zkn_data/zukan_enc_diamond.narc,equal,1418,1418,,,df3f619804a92fdb4057192dc43dd748ea778adc52bc498ce80524c014b81119,df3f619804a92fdb4057192dc43dd748ea778adc52bc498ce80524c014b81119,4,4,,
"Pokémon Diamond Version (USA, ADAE, header ROM version 5)","Pokémon Pearl Version (USA, APAE, header ROM version 5)",/application/zukanlist/zkn_data/zukan_enc_diamond.narc,equal,1419,1419,,,df3f619804a92fdb4057192dc43dd748ea778adc52bc498ce80524c014b81119,df3f619804a92fdb4057192dc43dd748ea778adc52bc498ce80524c014b81119,4,4,,
"Pokémon Diamond Version (USA, ADAE, header ROM version 5)","Pokémon Pearl Version (USA, APAE, header ROM version 5)",/application/zukanlist/zkn_data/zukan_enc_diamond.narc,equal,1420,1420,,,df3f619804a92fdb4057192dc43dd748ea778adc52bc498ce80524c014b81119,df3f619804a92fdb4057192dc43dd748ea778adc52bc498ce80524c014b81119,4,4,,
"Pokémon Diamond Version (USA, ADAE, header ROM version 5)","Pokémon Pearl Version (USA, APAE, header ROM version 5)",/application/zukanlist/zkn_data/zukan_enc_diamond.narc,equal,1421,1421,,,d86e8112f3c4c4442126f8e9f44f16867da487f29052bf91b810457db34209a4,d86e8112f3c4c4442126f8e9f44f16867da487f29052bf91b810457db34209a4,8,8,,
"Pokémon Diamond Version (USA, ADAE, header ROM version 5)","Pokémon Pearl Version (USA, APAE, header ROM version 5)",/application/zukanlist/zkn_data/zukan_enc_diamond.narc,equal,1422,1422,,,df3f619804a92fdb4057192dc43dd748ea778adc52bc498ce80524c014b81119,df3f619804a92fdb4057192dc43dd748ea778adc52bc498ce80524c014b81119,4,4,,
"Pokémon Diamond Version (USA, ADAE, header ROM version 5)","Pokémon Pearl Version (USA, APAE, header ROM version 5)",/application/zukanlist/zkn_data/zukan_enc_diamond.narc,equal,1423,1423,,,df3f619804a92fdb4057192dc43dd748ea778adc52bc498ce80524c014b81119,df3f619804a92fdb4057192dc43dd748ea778adc52bc498ce80524c014b81119,4,4,,
"Pokémon Diamond Version (USA, ADAE, header ROM version 5)","Pokémon Pearl Version (USA, APAE, header ROM version 5)",/application/zukanlist/zkn_data/zukan_enc_diamond.narc,equal,1424,1424,,,df3f619804a92fdb4057192dc43dd748ea778adc52bc498ce80524c014b81119,df3f619804a92fdb4057192dc43dd748ea778adc52bc498ce80524c014b81119,4,4,,
"Pokémon Diamond Version (USA, ADAE, header ROM version 5)","Pokémon Pearl Version (USA, APAE, header ROM version 5)",/application/zukanlist/zkn_data/zukan_enc_diamond.narc,equal,1425,1425,,,df3f619804a92fdb4057192dc43dd748ea778adc52bc498ce80524c014b81119,df3f619804a92fdb4057192dc43dd748ea778adc52bc498ce80524c014b81119,4,4,,
"Pokémon Diamond Version (USA, ADAE, header ROM version 5)","Pokémon Pearl Version (USA, APAE, header ROM version 5)",/application/zukanlist/zkn_data/zukan_enc_diamond.narc,equal,1426,1426,,,df3f619804a92fdb4057192dc43dd748ea778adc52bc498ce80524c014b81119,df3f619804a92fdb4057192dc43dd748ea778adc52bc498ce80524c014b81119,4,4,,
"Pokémon Diamond Version (USA, ADAE, header ROM version 5)","Pokémon Pearl Version (USA, APAE, header ROM version 5)",/application/zukanlist/zkn_data/zukan_enc_diamond.narc,equal,1427,1427,,,74d4ed015cee317d0913f6398390f3e5a5051e24e041264a927239468edc63dc,74d4ed015cee317d0913f6398390f3e5a5051e24e041264a927239468edc63dc,16,16,,
"Pokémon Diamond Version (USA, ADAE, header ROM version 5)","Pokémon Pearl Version (USA, APAE, header ROM version 5)",/application/zukanlist/zkn_data/zukan_enc_diamond.narc,equal,1428,1428,,,df3f619804a92fdb4057192dc43dd748ea778adc52bc498ce80524c014b81119,df3f619804a92fdb4057192dc43dd748ea778adc52bc498ce80524c014b81119,4,4,,
"Pokémon Diamond Version (USA, ADAE, header ROM version 5)","Pokémon Pearl Version (USA, APAE, header ROM version 5)",/application/zukanlist/zkn_data/zukan_enc_diamond.narc,equal,1429,1429,,,df3f619804a92fdb4057192dc43dd748ea778adc52bc498ce80524c014b81119,df3f619804a92fdb4057192dc43dd748ea778adc52bc498ce80524c014b81119,4,4,,
"Pokémon Diamond Version (USA, ADAE, header ROM version 5)","Pokémon Pearl Version (USA, APAE, header ROM version 5)",/application/zukanlist/zkn_data/zukan_enc_diamond.narc,equal,1430,1430,,,a5507ccd6d5f1fdd31538bd736ba6ac1394f6a9592c0bebdf6c58dc518ded264,a5507ccd6d5f1fdd31538bd736ba6ac1394f6a9592c0bebdf6c58dc518ded264,16,16,,
"Pokémon Diamond Version (USA, ADAE, header ROM version 5)","Pokémon Pearl Version (USA, APAE, header ROM version 5)",/application/zukanlist/zkn_data/zukan_enc_diamond.narc,equal,1431,1431,,,7c16f5631b09eef6cfc2ecdfb0d5336adbaa187c45cf7b6c5e37c4b6dc98158d,7c16f5631b09eef6cfc2ecdfb0d5336adbaa187c45cf7b6c5e37c4b6dc98158d,12,12,,
"Pokémon Diamond Version (USA, ADAE, header ROM version 5)","Pokémon Pearl Version (USA, APAE, header ROM version 5)",/application/zukanlist/zkn_data/zukan_enc_diamond.narc,equal,1432,1432,,,df3f619804a92fdb4057192dc43dd748ea778adc52bc498ce80524c014b81119,df3f619804a92fdb4057192dc43dd748ea778adc52bc498ce80524c014b81119,4,4,,
"Pokémon Diamond Version (USA, ADAE, header ROM version 5)","Pokémon Pearl Version (USA, APAE, header ROM version 5)",/application/zukanlist/zkn_data/zukan_enc_diamond.narc,equal,1433,1433,,,df3f619804a92fdb4057192dc43dd748ea778adc52bc498ce80524c014b81119,df3f619804a92fdb4057192dc43dd748ea778adc52bc498ce80524c014b81119,4,4,,
"Pokémon Diamond Version (USA, ADAE, header ROM version 5)","Pokémon Pearl Version (USA, APAE, header ROM version 5)",/application/zukanlist/zkn_data/zukan_enc_diamond.narc,equal,1434,1434,,,df3f619804a92fdb4057192dc43dd748ea778adc52bc498ce80524c014b81119,df3f619804a92fdb4057192dc43dd748ea778adc52bc498ce80524c014b81119,4,4,,
"Pokémon Diamond Version (USA, ADAE, header ROM version 5)","Pokémon Pearl Version (USA, APAE, header ROM version 5)",/application/zukanlist/zkn_data/zukan_enc_diamond.narc,equal,1435,1435,,,df3f619804a92fdb4057192dc43dd748ea778adc52bc498ce80524c014b81119,df3f619804a92fdb4057192dc43dd748ea778adc52bc498ce80524c014b81119,4,4,,
"Pokémon Diamond Version (USA, ADAE, header ROM version 5)","Pokémon Pearl Version (USA, APAE, header ROM version 5)",/application/zukanlist/zkn_data/zukan_enc_diamond.narc,equal,1436,1436,,,df3f619804a92fdb4057192dc43dd748ea778adc52bc498ce80524c014b81119,df3f619804a92fdb4057192dc43dd748ea778adc52bc498ce80524c014b81119,4,4,,
"Pokémon Diamond Version (USA, ADAE, header ROM version 5)","Pokémon Pearl Version (USA, APAE, header ROM version 5)",/application/zukanlist/zkn_data/zukan_enc_diamond.narc,equal,1437,1437,,,220dde27afee4d537cac96d85d6546f825153b90e828931b74e103807541bc42,220dde27afee4d537cac96d85d6546f825153b90e828931b74e103807541bc42,8,8,,
"Pokémon Diamond Version (USA, ADAE, header ROM version 5)","Pokémon Pearl Version (USA, APAE, header ROM version 5)",/application/zukanlist/zkn_data/zukan_enc_diamond.narc,equal,1438,1438,,,df3f619804a92fdb4057192dc43dd748ea778adc52bc498ce80524c014b81119,df3f619804a92fdb4057192dc43dd748ea778adc52bc498ce80524c014b81119,4,4,,
"Pokémon Diamond Version (USA, ADAE, header ROM version 5)","Pokémon Pearl Version (USA, APAE, header ROM version 5)",/application/zukanlist/zkn_data/zukan_enc_diamond.narc,equal,1439,1439,,,df3f619804a92fdb4057192dc43dd748ea778adc52bc498ce80524c014b81119,df3f619804a92fdb4057192dc43dd748ea778adc52bc498ce80524c014b81119,4,4,,
"Pokémon Diamond Version (USA, ADAE, header ROM version 5)","Pokémon Pearl Version (USA, APAE, header ROM version 5)",/application/zukanlist/zkn_data/zukan_enc_diamond.narc,equal,1440,1440,,,df3f619804a92fdb4057192dc43dd748ea778adc52bc498ce80524c014b81119,df3f619804a92fdb4057192dc43dd748ea778adc52bc498ce80524c014b81119,4,4,,
"Pokémon Diamond Version (USA, ADAE, header ROM version 5)","Pokémon Pearl Version (USA, APAE, header ROM version 5)",/application/zukanlist/zkn_data/zukan_enc_diamond.narc,equal,1441,1441,,,df3f619804a92fdb4057192dc43dd748ea778adc52bc498ce80524c014b81119,df3f619804a92fdb4057192dc43dd748ea778adc52bc498ce80524c014b81119,4,4,,
"Pokémon Diamond Version (USA, ADAE, header ROM version 5)","Pokémon Pearl Version (USA, APAE, header ROM version 5)",/application/zukanlist/zkn_data/zukan_enc_diamond.narc,equal,1442,1442,,,df3f619804a92fdb4057192dc43dd748ea778adc52bc498ce80524c014b81119,df3f619804a92fdb4057192dc43dd748ea778adc52bc498ce80524c014b81119,4,4,,
"Pokémon Diamond Version (USA, ADAE, header ROM version 5)","Pokémon Pearl Version (USA, APAE, header ROM version 5)",/application/zukanlist/zkn_data/zukan_enc_diamond.narc,equal,1443,1443,,,b0bd73e6922c0d2496dbcb99eac08eb5870090e59f6e06b1eb477d540002a5cd,b0bd73e6922c0d2496dbcb99eac08eb5870090e59f6e06b1eb477d540002a5cd,8,8,,
"Pokémon Diamond Version (USA, ADAE, header ROM version 5)","Pokémon Pearl Version (USA, APAE, header ROM version 5)",/application/zukanlist/zkn_data/zukan_enc_diamond.narc,equal,1444,1444,,,df3f619804a92fdb4057192dc43dd748ea778adc52bc498ce80524c014b81119,df3f619804a92fdb4057192dc43dd748ea778adc52bc498ce80524c014b81119,4,4,,
"Pokémon Diamond Version (USA, ADAE, header ROM version 5)","Pokémon Pearl Version (USA, APAE, header ROM version 5)",/application/zukanlist/zkn_data/zukan_enc_diamond.narc,equal,1445,1445,,,df3f619804a92fdb4057192dc43dd748ea778adc52bc498ce80524c014b81119,df3f619804a92fdb4057192dc43dd748ea778adc52bc498ce80524c014b81119,4,4,,
"Pokémon Diamond Version (USA, ADAE, header ROM version 5)","Pokémon Pearl Version (USA, APAE, header ROM version 5)",/application/zukanlist/zkn_data/zukan_enc_diamond.narc,equal,1446,1446,,,df3f619804a92fdb4057192dc43dd748ea778adc52bc498ce80524c014b81119,df3f619804a92fdb4057192dc43dd748ea778adc52bc498ce80524c014b81119,4,4,,
"Pokémon Diamond Version (USA, ADAE, header ROM version 5)","Pokémon Pearl Version (USA, APAE, header ROM version 5)",/application/zukanlist/zkn_data/zukan_enc_diamond.narc,equal,1447,1447,,,df3f619804a92fdb4057192dc43dd748ea778adc52bc498ce80524c014b81119,df3f619804a92fdb4057192dc43dd748ea778adc52bc498ce80524c014b81119,4,4,,
"Pokémon Diamond Version (USA, ADAE, header ROM version 5)","Pokémon Pearl Version (USA, APAE, header ROM version 5)",/application/zukanlist/zkn_data/zukan_enc_diamond.narc,equal,1448,1448,,,df3f619804a92fdb4057192dc43dd748ea778adc52bc498ce80524c014b81119,df3f619804a92fdb4057192dc43dd748ea778adc52bc498ce80524c014b81119,4,4,,
"Pokémon Diamond Version (USA, ADAE, header ROM version 5)","Pokémon Pearl Version (USA, APAE, header ROM version 5)",/application/zukanlist/zkn_data/zukan_enc_diamond.narc,equal,1449,1449,,,df3f619804a92fdb4057192dc43dd748ea778adc52bc498ce80524c014b81119,df3f619804a92fdb4057192dc43dd748ea778adc52bc498ce80524c014b81119,4,4,,
"Pokémon Diamond Version (USA, ADAE, header ROM version 5)","Pokémon Pearl Version (USA, APAE, header ROM version 5)",/application/zukanlist/zkn_data/zukan_enc_diamond.narc,equal,1450,1450,,,df3f619804a92fdb4057192dc43dd748ea778adc52bc498ce80524c014b81119,df3f619804a92fdb4057192dc43dd748ea778adc52bc498ce80524c014b81119,4,4,,
"Pokémon Diamond Version (USA, ADAE, header ROM version 5)","Pokémon Pearl Version (USA, APAE, header ROM version 5)",/application/zukanlist/zkn_data/zukan_enc_diamond.narc,equal,1451,1451,,,df3f619804a92fdb4057192dc43dd748ea778adc52bc498ce80524c014b81119,df3f619804a92fdb4057192dc43dd748ea778adc52bc498ce80524c014b81119,4,4,,
"Pokémon Diamond Version (USA, ADAE, header ROM version 5)","Pokémon Pearl Version (USA, APAE, header ROM version 5)",/application/zukanlist/zkn_data/zukan_enc_diamond.narc,equal,1452,1452,,,df3f619804a92fdb4057192dc43dd748ea778adc52bc498ce80524c014b81119,df3f619804a92fdb4057192dc43dd748ea778adc52bc498ce80524c014b81119,4,4,,
"Pokémon Diamond Version (USA, ADAE, header ROM version 5)","Pokémon Pearl Version (USA, APAE, header ROM version 5)",/application/zukanlist/zkn_data/zukan_enc_diamond.narc,equal,1453,1453,,,35be322d094f9d154a8aba4733b8497f180353bd7ae7b0a15f90b586b549f28b,35be322d094f9d154a8aba4733b8497f180353bd7ae7b0a15f90b586b549f28b,8,8,,
"Pokémon Diamond Version (USA, ADAE, header ROM version 5)","Pokémon Pearl Version (USA, APAE, header ROM version 5)",/application/zukanlist/zkn_data/zukan_enc_diamond.narc,equal,1454,1454,,,35be322d094f9d154a8aba4733b8497f180353bd7ae7b0a15f90b586b549f28b,35be322d094f9d154a8aba4733b8497f180353bd7ae7b0a15f90b586b549f28b,8,8,,
"Pokémon Diamond Version (USA, ADAE, header ROM version 5)","Pokémon Pearl Version (USA, APAE, header ROM version 5)",/application/zukanlist/zkn_data/zukan_enc_diamond.narc,equal,1455,1455,,,df3f619804a92fdb4057192dc43dd748ea778adc52bc498ce80524c014b81119,df3f619804a92fdb4057192dc43dd748ea778adc52bc498ce80524c014b81119,4,4,,
"Pokémon Diamond Version (USA, ADAE, header ROM version 5)","Pokémon Pearl Version (USA, APAE, header ROM version 5)",/application/zukanlist/zkn_data/zukan_enc_diamond.narc,equal,1456,1456,,,df3f619804a92fdb4057192dc43dd748ea778adc52bc498ce80524c014b81119,df3f619804a92fdb4057192dc43dd748ea778adc52bc498ce80524c014b81119,4,4,,
"Pokémon Diamond Version (USA, ADAE, header ROM version 5)","Pokémon Pearl Version (USA, APAE, header ROM version 5)",/application/zukanlist/zkn_data/zukan_enc_diamond.narc,equal,1457,1457,,,df3f619804a92fdb4057192dc43dd748ea778adc52bc498ce80524c014b81119,df3f619804a92fdb4057192dc43dd748ea778adc52bc498ce80524c014b81119,4,4,,
"Pokémon Diamond Version (USA, ADAE, header ROM version 5)","Pokémon Pearl Version (USA, APAE, header ROM version 5)",/application/zukanlist/zkn_data/zukan_enc_diamond.narc,equal,1458,1458,,,df3f619804a92fdb4057192dc43dd748ea778adc52bc498ce80524c014b81119,df3f619804a92fdb4057192dc43dd748ea778adc52bc498ce80524c014b81119,4,4,,
"Pokémon Diamond Version (USA, ADAE, header ROM version 5)","Pokémon Pearl Version (USA, APAE, header ROM version 5)",/application/zukanlist/zkn_data/zukan_enc_diamond.narc,equal,1459,1459,,,df3f619804a92fdb4057192dc43dd748ea778adc52bc498ce80524c014b81119,df3f619804a92fdb4057192dc43dd748ea778adc52bc498ce80524c014b81119,4,4,,
"Pokémon Diamond Version (USA, ADAE, header ROM version 5)","Pokémon Pearl Version (USA, APAE, header ROM version 5)",/application/zukanlist/zkn_data/zukan_enc_diamond.narc,equal,1460,1460,,,df3f619804a92fdb4057192dc43dd748ea778adc52bc498ce80524c014b81119,df3f619804a92fdb4057192dc43dd748ea778adc52bc498ce80524c014b81119,4,4,,
"Pokémon Diamond Version (USA, ADAE, header ROM version 5)","Pokémon Pearl Version (USA, APAE, header ROM version 5)",/application/zukanlist/zkn_data/zukan_enc_diamond.narc,equal,1461,1461,,,df3f619804a92fdb4057192dc43dd748ea778adc52bc498ce80524c014b81119,df3f619804a92fdb4057192dc43dd748ea778adc52bc498ce80524c014b81119,4,4,,
"Pokémon Diamond Version (USA, ADAE, header ROM version 5)","Pokémon Pearl Version (USA, APAE, header ROM version 5)",/application/zukanlist/zkn_data/zukan_enc_diamond.narc,equal,1462,1462,,,df3f619804a92fdb4057192dc43dd748ea778adc52bc498ce80524c014b81119,df3f619804a92fdb4057192dc43dd748ea778adc52bc498ce80524c014b81119,4,4,,
"Pokémon Diamond Version (USA, ADAE, header ROM version 5)","Pokémon Pearl Version (USA, APAE, header ROM version 5)",/application/zukanlist/zkn_data/zukan_enc_diamond.narc,equal,1463,1463,,,df3f619804a92fdb4057192dc43dd748ea778adc52bc498ce80524c014b81119,df3f619804a92fdb4057192dc43dd748ea778adc52bc498ce80524c014b81119,4,4,,
"Pokémon Diamond Version (USA, ADAE, header ROM version 5)","Pokémon Pearl Version (USA, APAE, header ROM version 5)",/application/zukanlist/zkn_data/zukan_enc_diamond.narc,equal,1464,1464,,,df3f619804a92fdb4057192dc43dd748ea778adc52bc498ce80524c014b81119,df3f619804a92fdb4057192dc43dd748ea778adc52bc498ce80524c014b81119,4,4,,
"Pokémon Diamond Version (USA, ADAE, header ROM version 5)","Pokémon Pearl Version (USA, APAE, header ROM version 5)",/application/zukanlist/zkn_data/zukan_enc_diamond.narc,equal,1465,1465,,,df3f619804a92fdb4057192dc43dd748ea778adc52bc498ce80524c014b81119,df3f619804a92fdb4057192dc43dd748ea778adc52bc498ce80524c014b81119,4,4,,
"Pokémon Diamond Version (USA, ADAE, header ROM version 5)","Pokémon Pearl Version (USA, APAE, header ROM version 5)",/application/zukanlist/zkn_data/zukan_enc_diamond.narc,equal,1466,1466,,,df3f619804a92fdb4057192dc43dd748ea778adc52bc498ce80524c014b81119,df3f619804a92fdb4057192dc43dd748ea778adc52bc498ce80524c014b81119,4,4,,
"Pokémon Diamond Version (USA, ADAE, header ROM version 5)","Pokémon Pearl Version (USA, APAE, header ROM version 5)",/application/zukanlist/zkn_data/zukan_enc_diamond.narc,equal,1467,1467,,,df3f619804a92fdb4057192dc43dd748ea778adc52bc498ce80524c014b81119,df3f619804a92fdb4057192dc43dd748ea778adc52bc498ce80524c014b81119,4,4,,
"Pokémon Diamond Version (USA, ADAE, header ROM version 5)","Pokémon Pearl Version (USA, APAE, header ROM version 5)",/application/zukanlist/zkn_data/zukan_enc_diamond.narc,equal,1468,1468,,,df3f619804a92fdb4057192dc43dd748ea778adc52bc498ce80524c014b81119,df3f619804a92fdb4057192dc43dd748ea778adc52bc498ce80524c014b81119,4,4,,
"Pokémon Diamond Version (USA, ADAE, header ROM version 5)","Pokémon Pearl Version (USA, APAE, header ROM version 5)",/application/zukanlist/zkn_data/zukan_enc_diamond.narc,equal,1469,1469,,,df3f619804a92fdb4057192dc43dd748ea778adc52bc498ce80524c014b81119,df3f619804a92fdb4057192dc43dd748ea778adc52bc498ce80524c014b81119,4,4,,
"Pokémon Diamond Version (USA, ADAE, header ROM version 5)","Pokémon Pearl Version (USA, APAE, header ROM version 5)",/application/zukanlist/zkn_data/zukan_enc_diamond.narc,equal,1470,1470,,,df3f619804a92fdb4057192dc43dd748ea778adc52bc498ce80524c014b81119,df3f619804a92fdb4057192dc43dd748ea778adc52bc498ce80524c014b81119,4,4,,
"Pokémon Diamond Version (USA, ADAE, header ROM version 5)","Pokémon Pearl Version (USA, APAE, header ROM version 5)",/application/zukanlist/zkn_data/zukan_enc_diamond.narc,equal,1471,1471,,,df3f619804a92fdb4057192dc43dd748ea778adc52bc498ce80524c014b81119,df3f619804a92fdb4057192dc43dd748ea778adc52bc498ce80524c014b81119,4,4,,
"Pokémon Diamond Version (USA, ADAE, header ROM version 5)","Pokémon Pearl Version (USA, APAE, header ROM version 5)",/application/zukanlist/zkn_data/zukan_enc_diamond.narc,equal,1472,1472,,,df3f619804a92fdb4057192dc43dd748ea778adc52bc498ce80524c014b81119,df3f619804a92fdb4057192dc43dd748ea778adc52bc498ce80524c014b81119,4,4,,
"Pokémon Diamond Version (USA, ADAE, header ROM version 5)","Pokémon Pearl Version (USA, APAE, header ROM version 5)",/application/zukanlist/zkn_data/zukan_enc_diamond.narc,equal,1473,1473,,,df3f619804a92fdb4057192dc43dd748ea778adc52bc498ce80524c014b81119,df3f619804a92fdb4057192dc43dd748ea778adc52bc498ce80524c014b81119,4,4,,
"Pokémon Diamond Version (USA, ADAE, header ROM version 5)","Pokémon Pearl Version (USA, APAE, header ROM version 5)",/application/zukanlist/zkn_data/zukan_enc_diamond.narc,equal,1474,1474,,,df3f619804a92fdb4057192dc43dd748ea778adc52bc498ce80524c014b81119,df3f619804a92fdb4057192dc43dd748ea778adc52bc498ce80524c014b81119,4,4,,
"Pokémon Diamond Version (USA, ADAE, header ROM version 5)","Pokémon Pearl Version (USA, APAE, header ROM version 5)",/application/zukanlist/zkn_data/zukan_enc_diamond.narc,equal,1475,1475,,,df3f619804a92fdb4057192dc43dd748ea778adc52bc498ce80524c014b81119,df3f619804a92fdb4057192dc43dd748ea778adc52bc498ce80524c014b81119,4,4,,
"Pokémon Diamond Version (USA, ADAE, header ROM version 5)","Pokémon Pearl Version (USA, APAE, header ROM version 5)",/application/zukanlist/zkn_data/zukan_enc_diamond.narc,equal,1476,1476,,,df3f619804a92fdb4057192dc43dd748ea778adc52bc498ce80524c014b81119,df3f619804a92fdb4057192dc43dd748ea778adc52bc498ce80524c014b81119,4,4,,
"Pokémon Diamond Version (USA, ADAE, header ROM version 5)","Pokémon Pearl Version (USA, APAE, header ROM version 5)",/application/zukanlist/zkn_data/zukan_enc_diamond.narc,equal,1477,1477,,,df3f619804a92fdb4057192dc43dd748ea778adc52bc498ce80524c014b81119,df3f619804a92fdb4057192dc43dd748ea778adc52bc498ce80524c014b81119,4,4,,
"Pokémon Diamond Version (USA, ADAE, header ROM version 5)","Pokémon Pearl Version (USA, APAE, header ROM version 5)",/application/zukanlist/zkn_data/zukan_enc_diamond.narc,equal,1478,1478,,,df3f619804a92fdb4057192dc43dd748ea778adc52bc498ce80524c014b81119,df3f619804a92fdb4057192dc43dd748ea778adc52bc498ce80524c014b81119,4,4,,
"Pokémon Diamond Version (USA, ADAE, header ROM version 5)","Pokémon Pearl Version (USA, APAE, header ROM version 5)",/application/zukanlist/zkn_data/zukan_enc_diamond.narc,equal,1479,1479,,,df3f619804a92fdb4057192dc43dd748ea778adc52bc498ce80524c014b81119,df3f619804a92fdb4057192dc43dd748ea778adc52bc498ce80524c014b81119,4,4,,
"Pokémon Diamond Version (USA, ADAE, header ROM version 5)","Pokémon Pearl Version (USA, APAE, header ROM version 5)",/application/zukanlist/zkn_data/zukan_enc_diamond.narc,equal,1480,1480,,,df3f619804a92fdb4057192dc43dd748ea778adc52bc498ce80524c014b81119,df3f619804a92fdb4057192dc43dd748ea778adc52bc498ce80524c014b81119,4,4,,
"Pokémon Diamond Version (USA, ADAE, header ROM version 5)","Pokémon Pearl Version (USA, APAE, header ROM version 5)",/application/zukanlist/zkn_data/zukan_enc_diamond.narc,equal,1481,1481,,,df3f619804a92fdb4057192dc43dd748ea778adc52bc498ce80524c014b81119,df3f619804a92fdb4057192dc43dd748ea778adc52bc498ce80524c014b81119,4,4,,
"Pokémon Diamond Version (USA, ADAE, header ROM version 5)","Pokémon Pearl Version (USA, APAE, header ROM version 5)",/application/zukanlist/zkn_data/zukan_enc_diamond.narc,equal,1482,1482,,,df3f619804a92fdb4057192dc43dd748ea778adc52bc498ce80524c014b81119,df3f619804a92fdb4057192dc43dd748ea778adc52bc498ce80524c014b81119,4,4,,
"Pokémon Diamond Version (USA, ADAE, header ROM version 5)","Pokémon Pearl Version (USA, APAE, header ROM version 5)",/application/zukanlist/zkn_data/zukan_enc_diamond.narc,equal,1483,1483,,,df3f619804a92fdb4057192dc43dd748ea778adc52bc498ce80524c014b81119,df3f619804a92fdb4057192dc43dd748ea778adc52bc498ce80524c014b81119,4,4,,
"Pokémon Diamond Version (USA, ADAE, header ROM version 5)","Pokémon Pearl Version (USA, APAE, header ROM version 5)",/application/zukanlist/zkn_data/zukan_enc_diamond.narc,equal,1484,1484,,,df3f619804a92fdb4057192dc43dd748ea778adc52bc498ce80524c014b81119,df3f619804a92fdb4057192dc43dd748ea778adc52bc498ce80524c014b81119,4,4,,
"Pokémon Diamond Version (USA, ADAE, header ROM version 5)","Pokémon Pearl Version (USA, APAE, header ROM version 5)",/application/zukanlist/zkn_data/zukan_enc_diamond.narc,equal,1485,1485,,,df3f619804a92fdb4057192dc43dd748ea778adc52bc498ce80524c014b81119,df3f619804a92fdb4057192dc43dd748ea778adc52bc498ce80524c014b81119,4,4,,
"Pokémon Diamond Version (USA, ADAE, header ROM version 5)","Pokémon Pearl Version (USA, APAE, header ROM version 5)",/application/zukanlist/zkn_data/zukan_enc_diamond.narc,equal,1486,1486,,,df3f619804a92fdb4057192dc43dd748ea778adc52bc498ce80524c014b81119,df3f619804a92fdb4057192dc43dd748ea778adc52bc498ce80524c014b81119,4,4,,
"Pokémon Diamond Version (USA, ADAE, header ROM version 5)","Pokémon Pearl Version (USA, APAE, header ROM version 5)",/application/zukanlist/zkn_data/zukan_enc_diamond.narc,equal,1487,1487,,,df3f619804a92fdb4057192dc43dd748ea778adc52bc498ce80524c014b81119,df3f619804a92fdb4057192dc43dd748ea778adc52bc498ce80524c014b81119,4,4,,
"Pokémon Diamond Version (USA, ADAE, header ROM version 5)","Pokémon Pearl Version (USA, APAE, header ROM version 5)",/application/zukanlist/zkn_data/zukan_enc_diamond.narc,equal,1488,1488,,,df3f619804a92fdb4057192dc43dd748ea778adc52bc498ce80524c014b81119,df3f619804a92fdb4057192dc43dd748ea778adc52bc498ce80524c014b81119,4,4,,
"Pokémon Diamond Version (USA, ADAE, header ROM version 5)","Pokémon Pearl Version (USA, APAE, header ROM version 5)",/application/zukanlist/zkn_data/zukan_enc_diamond.narc,equal,1489,1489,,,7a5eefb8940ea98b6d9b61c5b21a41181effc2f1199ea4a94dd53048acd9ff98,7a5eefb8940ea98b6d9b61c5b21a41181effc2f1199ea4a94dd53048acd9ff98,84,84,,
"Pokémon Diamond Version (USA, ADAE, header ROM version 5)","Pokémon Pearl Version (USA, APAE, header ROM version 5)",/application/zukanlist/zkn_data/zukan_enc_diamond.narc,equal,1490,1490,,,df3f619804a92fdb4057192dc43dd748ea778adc52bc498ce80524c014b81119,df3f619804a92fdb4057192dc43dd748ea778adc52bc498ce80524c014b81119,4,4,,
"Pokémon Diamond Version (USA, ADAE, header ROM version 5)","Pokémon Pearl Version (USA, APAE, header ROM version 5)",/application/zukanlist/zkn_data/zukan_enc_diamond.narc,equal,1491,1491,,,df3f619804a92fdb4057192dc43dd748ea778adc52bc498ce80524c014b81119,df3f619804a92fdb4057192dc43dd748ea778adc52bc498ce80524c014b81119,4,4,,
"Pokémon Diamond Version (USA, ADAE, header ROM version 5)","Pokémon Pearl Version (USA, APAE, header ROM version 5)",/application/zukanlist/zkn_data/zukan_enc_diamond.narc,equal,1492,1492,,,df3f619804a92fdb4057192dc43dd748ea778adc52bc498ce80524c014b81119,df3f619804a92fdb4057192dc43dd748ea778adc52bc498ce80524c014b81119,4,4,,
"Pokémon Diamond Version (USA, ADAE, header ROM version 5)","Pokémon Pearl Version (USA, APAE, header ROM version 5)",/application/zukanlist/zkn_data/zukan_enc_diamond.narc,equal,1493,1493,,,df3f619804a92fdb4057192dc43dd748ea778adc52bc498ce80524c014b81119,df3f619804a92fdb4057192dc43dd748ea778adc52bc498ce80524c014b81119,4,4,,
"Pokémon Diamond Version (USA, ADAE, header ROM version 5)","Pokémon Pearl Version (USA, APAE, header ROM version 5)",/application/zukanlist/zkn_data/zukan_enc_diamond.narc,equal,1494,1494,,,df3f619804a92fdb4057192dc43dd748ea778adc52bc498ce80524c014b81119,df3f619804a92fdb4057192dc43dd748ea778adc52bc498ce80524c014b81119,4,4,,
"Pokémon Diamond Version (USA, ADAE, header ROM version 5)","Pokémon Pearl Version (USA, APAE, header ROM version 5)",/application/zukanlist/zkn_data/zukan_enc_diamond.narc,equal,1495,1495,,,df3f619804a92fdb4057192dc43dd748ea778adc52bc498ce80524c014b81119,df3f619804a92fdb4057192dc43dd748ea778adc52bc498ce80524c014b81119,4,4,,
"Pokémon Diamond Version (USA, ADAE, header ROM version 5)","Pokémon Pearl Version (USA, APAE, header ROM version 5)",/application/zukanlist/zkn_data/zukan_enc_diamond.narc,equal,1496,1496,,,df3f619804a92fdb4057192dc43dd748ea778adc52bc498ce80524c014b81119,df3f619804a92fdb4057192dc43dd748ea778adc52bc498ce80524c014b81119,4,4,,
"Pokémon Diamond Version (USA, ADAE, header ROM version 5)","Pokémon Pearl Version (USA, APAE, header ROM version 5)",/application/zukanlist/zkn_data/zukan_enc_diamond.narc,equal,1497,1497,,,df3f619804a92fdb4057192dc43dd748ea778adc52bc498ce80524c014b81119,df3f619804a92fdb4057192dc43dd748ea778adc52bc498ce80524c014b81119,4,4,,
"Pokémon Diamond Version (USA, ADAE, header ROM version 5)","Pokémon Pearl Version (USA, APAE, header ROM version 5)",/application/zukanlist/zkn_data/zukan_enc_diamond.narc,equal,1498,1498,,,df3f619804a92fdb4057192dc43dd748ea778adc52bc498ce80524c014b81119,df3f619804a92fdb4057192dc43dd748ea778adc52bc498ce80524c014b81119,4,4,,
"Pokémon Diamond Version (USA, ADAE, header ROM version 5)","Pokémon Pearl Version (USA, APAE, header ROM version 5)",/application/zukanlist/zkn_data/zukan_enc_diamond.narc,equal,1499,1499,,,df3f619804a92fdb4057192dc43dd748ea778adc52bc498ce80524c014b81119,df3f619804a92fdb4057192dc43dd748ea778adc52bc498ce80524c014b81119,4,4,,
"Pokémon Diamond Version (USA, ADAE, header ROM version 5)","Pokémon Pearl Version (USA, APAE, header ROM version 5)",/application/zukanlist/zkn_data/zukan_enc_diamond.narc,equal,1500,1500,,,df3f619804a92fdb4057192dc43dd748ea778adc52bc498ce80524c014b81119,df3f619804a92fdb4057192dc43dd748ea778adc52bc498ce80524c014b81119,4,4,,
"Pokémon Diamond Version (USA, ADAE, header ROM version 5)","Pokémon Pearl Version (USA, APAE, header ROM version 5)",/application/zukanlist/zkn_data/zukan_enc_diamond.narc,equal,1501,1501,,,df3f619804a92fdb4057192dc43dd748ea778adc52bc498ce80524c014b81119,df3f619804a92fdb4057192dc43dd748ea778adc52bc498ce80524c014b81119,4,4,,
"Pokémon Diamond Version (USA, ADAE, header ROM version 5)","Pokémon Pearl Version (USA, APAE, header ROM version 5)",/application/zukanlist/zkn_data/zukan_enc_diamond.narc,equal,1502,1502,,,df3f619804a92fdb4057192dc43dd748ea778adc52bc498ce80524c014b81119,df3f619804a92fdb4057192dc43dd748ea778adc52bc498ce80524c014b81119,4,4,,
"Pokémon Diamond Version (USA, ADAE, header ROM version 5)","Pokémon Pearl Version (USA, APAE, header ROM version 5)",/application/zukanlist/zkn_data/zukan_enc_diamond.narc,equal,1503,1503,,,df3f619804a92fdb4057192dc43dd748ea778adc52bc498ce80524c014b81119,df3f619804a92fdb4057192dc43dd748ea778adc52bc498ce80524c014b81119,4,4,,
"Pokémon Diamond Version (USA, ADAE, header ROM version 5)","Pokémon Pearl Version (USA, APAE, header ROM version 5)",/application/zukanlist/zkn_data/zukan_enc_diamond.narc,equal,1504,1504,,,df3f619804a92fdb4057192dc43dd748ea778adc52bc498ce80524c014b81119,df3f619804a92fdb4057192dc43dd748ea778adc52bc498ce80524c014b81119,4,4,,
"Pokémon Diamond Version (USA, ADAE, header ROM version 5)","Pokémon Pearl Version (USA, APAE, header ROM version 5)",/application/zukanlist/zkn_data/zukan_enc_diamond.narc,equal,1505,1505,,,df3f619804a92fdb4057192dc43dd748ea778adc52bc498ce80524c014b81119,df3f619804a92fdb4057192dc43dd748ea778adc52bc498ce80524c014b81119,4,4,,
"Pokémon Diamond Version (USA, ADAE, header ROM version 5)","Pokémon Pearl Version (USA, APAE, header ROM version 5)",/application/zukanlist/zkn_data/zukan_enc_diamond.narc,equal,1506,1506,,,df3f619804a92fdb4057192dc43dd748ea778adc52bc498ce80524c014b81119,df3f619804a92fdb4057192dc43dd748ea778adc52bc498ce80524c014b81119,4,4,,
"Pokémon Diamond Version (USA, ADAE, header ROM version 5)","Pokémon Pearl Version (USA, APAE, header ROM version 5)",/application/zukanlist/zkn_data/zukan_enc_diamond.narc,equal,1507,1507,,,df3f619804a92fdb4057192dc43dd748ea778adc52bc498ce80524c014b81119,df3f619804a92fdb4057192dc43dd748ea778adc52bc498ce80524c014b81119,4,4,,
"Pokémon Diamond Version (USA, ADAE, header ROM version 5)","Pokémon Pearl Version (USA, APAE, header ROM version 5)",/application/zukanlist/zkn_data/zukan_enc_diamond.narc,equal,1508,1508,,,df3f619804a92fdb4057192dc43dd748ea778adc52bc498ce80524c014b81119,df3f619804a92fdb4057192dc43dd748ea778adc52bc498ce80524c014b81119,4,4,,
"Pokémon Diamond Version (USA, ADAE, header ROM version 5)","Pokémon Pearl Version (USA, APAE, header ROM version 5)",/application/zukanlist/zkn_data/zukan_enc_diamond.narc,equal,1509,1509,,,df3f619804a92fdb4057192dc43dd748ea778adc52bc498ce80524c014b81119,df3f619804a92fdb4057192dc43dd748ea778adc52bc498ce80524c014b81119,4,4,,
"Pokémon Diamond Version (USA, ADAE, header ROM version 5)","Pokémon Pearl Version (USA, APAE, header ROM version 5)",/application/zukanlist/zkn_data/zukan_enc_diamond.narc,equal,1510,1510,,,df3f619804a92fdb4057192dc43dd748ea778adc52bc498ce80524c014b81119,df3f619804a92fdb4057192dc43dd748ea778adc52bc498ce80524c014b81119,4,4,,
"Pokémon Diamond Version (USA, ADAE, header ROM version 5)","Pokémon Pearl Version (USA, APAE, header ROM version 5)",/application/zukanlist/zkn_data/zukan_enc_diamond.narc,equal,1511,1511,,,df3f619804a92fdb4057192dc43dd748ea778adc52bc498ce80524c014b81119,df3f619804a92fdb4057192dc43dd748ea778adc52bc498ce80524c014b81119,4,4,,
"Pokémon Diamond Version (USA, ADAE, header ROM version 5)","Pokémon Pearl Version (USA, APAE, header ROM version 5)",/application/zukanlist/zkn_data/zukan_enc_diamond.narc,equal,1512,1512,,,df3f619804a92fdb4057192dc43dd748ea778adc52bc498ce80524c014b81119,df3f619804a92fdb4057192dc43dd748ea778adc52bc498ce80524c014b81119,4,4,,
"Pokémon Diamond Version (USA, ADAE, header ROM version 5)","Pokémon Pearl Version (USA, APAE, header ROM version 5)",/application/zukanlist/zkn_data/zukan_enc_diamond.narc,equal,1513,1513,,,df3f619804a92fdb4057192dc43dd748ea778adc52bc498ce80524c014b81119,df3f619804a92fdb4057192dc43dd748ea778adc52bc498ce80524c014b81119,4,4,,
"Pokémon Diamond Version (USA, ADAE, header ROM version 5)","Pokémon Pearl Version (USA, APAE, header ROM version 5)",/application/zukanlist/zkn_data/zukan_enc_diamond.narc,equal,1514,1514,,,df3f619804a92fdb4057192dc43dd748ea778adc52bc498ce80524c014b81119,df3f619804a92fdb4057192dc43dd748ea778adc52bc498ce80524c014b81119,4,4,,
"Pokémon Diamond Version (USA, ADAE, header ROM version 5)","Pokémon Pearl Version (USA, APAE, header ROM version 5)",/application/zukanlist/zkn_data/zukan_enc_diamond.narc,equal,1515,1515,,,df3f619804a92fdb4057192dc43dd748ea778adc52bc498ce80524c014b81119,df3f619804a92fdb4057192dc43dd748ea778adc52bc498ce80524c014b81119,4,4,,
"Pokémon Diamond Version (USA, ADAE, header ROM version 5)","Pokémon Pearl Version (USA, APAE, header ROM version 5)",/application/zukanlist/zkn_data/zukan_enc_diamond.narc,equal,1516,1516,,,df3f619804a92fdb4057192dc43dd748ea778adc52bc498ce80524c014b81119,df3f619804a92fdb4057192dc43dd748ea778adc52bc498ce80524c014b81119,4,4,,
"Pokémon Diamond Version (USA, ADAE, header ROM version 5)","Pokémon Pearl Version (USA, APAE, header ROM version 5)",/application/zukanlist/zkn_data/zukan_enc_diamond.narc,equal,1517,1517,,,df3f619804a92fdb4057192dc43dd748ea778adc52bc498ce80524c014b81119,df3f619804a92fdb4057192dc43dd748ea778adc52bc498ce80524c014b81119,4,4,,
"Pokémon Diamond Version (USA, ADAE, header ROM version 5)","Pokémon Pearl Version (USA, APAE, header ROM version 5)",/application/zukanlist/zkn_data/zukan_enc_diamond.narc,equal,1518,1518,,,df3f619804a92fdb4057192dc43dd748ea778adc52bc498ce80524c014b81119,df3f619804a92fdb4057192dc43dd748ea778adc52bc498ce80524c014b81119,4,4,,
"Pokémon Diamond Version (USA, ADAE, header ROM version 5)","Pokémon Pearl Version (USA, APAE, header ROM version 5)",/application/zukanlist/zkn_data/zukan_enc_diamond.narc,equal,1519,1519,,,df3f619804a92fdb4057192dc43dd748ea778adc52bc498ce80524c014b81119,df3f619804a92fdb4057192dc43dd748ea778adc52bc498ce80524c014b81119,4,4,,
"Pokémon Diamond Version (USA, ADAE, header ROM version 5)","Pokémon Pearl Version (USA, APAE, header ROM version 5)",/application/zukanlist/zkn_data/zukan_enc_diamond.narc,equal,1520,1520,,,df3f619804a92fdb4057192dc43dd748ea778adc52bc498ce80524c014b81119,df3f619804a92fdb4057192dc43dd748ea778adc52bc498ce80524c014b81119,4,4,,
"Pokémon Diamond Version (USA, ADAE, header ROM version 5)","Pokémon Pearl Version (USA, APAE, header ROM version 5)",/application/zukanlist/zkn_data/zukan_enc_diamond.narc,equal,1521,1521,,,df3f619804a92fdb4057192dc43dd748ea778adc52bc498ce80524c014b81119,df3f619804a92fdb4057192dc43dd748ea778adc52bc498ce80524c014b81119,4,4,,
"Pokémon Diamond Version (USA, ADAE, header ROM version 5)","Pokémon Pearl Version (USA, APAE, header ROM version 5)",/application/zukanlist/zkn_data/zukan_enc_diamond.narc,equal,1522,1522,,,df3f619804a92fdb4057192dc43dd748ea778adc52bc498ce80524c014b81119,df3f619804a92fdb4057192dc43dd748ea778adc52bc498ce80524c014b81119,4,4,,
"Pokémon Diamond Version (USA, ADAE, header ROM version 5)","Pokémon Pearl Version (USA, APAE, header ROM version 5)",/application/zukanlist/zkn_data/zukan_enc_diamond.narc,equal,1523,1523,,,df3f619804a92fdb4057192dc43dd748ea778adc52bc498ce80524c014b81119,df3f619804a92fdb4057192dc43dd748ea778adc52bc498ce80524c014b81119,4,4,,
"Pokémon Diamond Version (USA, ADAE, header ROM version 5)","Pokémon Pearl Version (USA, APAE, header ROM version 5)",/application/zukanlist/zkn_data/zukan_enc_diamond.narc,equal,1524,1524,,,df3f619804a92fdb4057192dc43dd748ea778adc52bc498ce80524c014b81119,df3f619804a92fdb4057192dc43dd748ea778adc52bc498ce80524c014b81119,4,4,,
"Pokémon Diamond Version (USA, ADAE, header ROM version 5)","Pokémon Pearl Version (USA, APAE, header ROM version 5)",/application/zukanlist/zkn_data/zukan_enc_diamond.narc,equal,1525,1525,,,df3f619804a92fdb4057192dc43dd748ea778adc52bc498ce80524c014b81119,df3f619804a92fdb4057192dc43dd748ea778adc52bc498ce80524c014b81119,4,4,,
"Pokémon Diamond Version (USA, ADAE, header ROM version 5)","Pokémon Pearl Version (USA, APAE, header ROM version 5)",/application/zukanlist/zkn_data/zukan_enc_diamond.narc,equal,1526,1526,,,df3f619804a92fdb4057192dc43dd748ea778adc52bc498ce80524c014b81119,df3f619804a92fdb4057192dc43dd748ea778adc52bc498ce80524c014b81119,4,4,,
"Pokémon Diamond Version (USA, ADAE, header ROM version 5)","Pokémon Pearl Version (USA, APAE, header ROM version 5)",/application/zukanlist/zkn_data/zukan_enc_diamond.narc,equal,1527,1527,,,df3f619804a92fdb4057192dc43dd748ea778adc52bc498ce80524c014b81119,df3f619804a92fdb4057192dc43dd748ea778adc52bc498ce80524c014b81119,4,4,,
"Pokémon Diamond Version (USA, ADAE, header ROM version 5)","Pokémon Pearl Version (USA, APAE, header ROM version 5)",/application/zukanlist/zkn_data/zukan_enc_diamond.narc,equal,1528,1528,,,df3f619804a92fdb4057192dc43dd748ea778adc52bc498ce80524c014b81119,df3f619804a92fdb4057192dc43dd748ea778adc52bc498ce80524c014b81119,4,4,,
"Pokémon Diamond Version (USA, ADAE, header ROM version 5)","Pokémon Pearl Version (USA, APAE, header ROM version 5)",/application/zukanlist/zkn_data/zukan_enc_diamond.narc,equal,1529,1529,,,df3f619804a92fdb4057192dc43dd748ea778adc52bc498ce80524c014b81119,df3f619804a92fdb4057192dc43dd748ea778adc52bc498ce80524c014b81119,4,4,,
"Pokémon Diamond Version (USA, ADAE, header ROM version 5)","Pokémon Pearl Version (USA, APAE, header ROM version 5)",/application/zukanlist/zkn_data/zukan_enc_diamond.narc,equal,1530,1530,,,df3f619804a92fdb4057192dc43dd748ea778adc52bc498ce80524c014b81119,df3f619804a92fdb4057192dc43dd748ea778adc52bc498ce80524c014b81119,4,4,,
"Pokémon Diamond Version (USA, ADAE, header ROM version 5)","Pokémon Pearl Version (USA, APAE, header ROM version 5)",/application/zukanlist/zkn_data/zukan_enc_diamond.narc,equal,1531,1531,,,df3f619804a92fdb4057192dc43dd748ea778adc52bc498ce80524c014b81119,df3f619804a92fdb4057192dc43dd748ea778adc52bc498ce80524c014b81119,4,4,,
"Pokémon Diamond Version (USA, ADAE, header ROM version 5)","Pokémon Pearl Version (USA, APAE, header ROM version 5)",/application/zukanlist/zkn_data/zukan_enc_diamond.narc,equal,1532,1532,,,df3f619804a92fdb4057192dc43dd748ea778adc52bc498ce80524c014b81119,df3f619804a92fdb4057192dc43dd748ea778adc52bc498ce80524c014b81119,4,4,,
"Pokémon Diamond Version (USA, ADAE, header ROM version 5)","Pokémon Pearl Version (USA, APAE, header ROM version 5)",/application/zukanlist/zkn_data/zukan_enc_diamond.narc,equal,1533,1533,,,df3f619804a92fdb4057192dc43dd748ea778adc52bc498ce80524c014b81119,df3f619804a92fdb4057192dc43dd748ea778adc52bc498ce80524c014b81119,4,4,,
"Pokémon Diamond Version (USA, ADAE, header ROM version 5)","Pokémon Pearl Version (USA, APAE, header ROM version 5)",/application/zukanlist/zkn_data/zukan_enc_diamond.narc,equal,1534,1534,,,df3f619804a92fdb4057192dc43dd748ea778adc52bc498ce80524c014b81119,df3f619804a92fdb4057192dc43dd748ea778adc52bc498ce80524c014b81119,4,4,,
"Pokémon Diamond Version (USA, ADAE, header ROM version 5)","Pokémon Pearl Version (USA, APAE, header ROM version 5)",/application/zukanlist/zkn_data/zukan_enc_diamond.narc,equal,1535,1535,,,df3f619804a92fdb4057192dc43dd748ea778adc52bc498ce80524c014b81119,df3f619804a92fdb4057192dc43dd748ea778adc52bc498ce80524c014b81119,4,4,,
"Pokémon Diamond Version (USA, ADAE, header ROM version 5)","Pokémon Pearl Version (USA, APAE, header ROM version 5)",/application/zukanlist/zkn_data/zukan_enc_diamond.narc,equal,1536,1536,,,df3f619804a92fdb4057192dc43dd748ea778adc52bc498ce80524c014b81119,df3f619804a92fdb4057192dc43dd748ea778adc52bc498ce80524c014b81119,4,4,,
"Pokémon Diamond Version (USA, ADAE, header ROM version 5)","Pokémon Pearl Version (USA, APAE, header ROM version 5)",/application/zukanlist/zkn_data/zukan_enc_diamond.narc,equal,1537,1537,,,df3f619804a92fdb4057192dc43dd748ea778adc52bc498ce80524c014b81119,df3f619804a92fdb4057192dc43dd748ea778adc52bc498ce80524c014b81119,4,4,,
"Pokémon Diamond Version (USA, ADAE, header ROM version 5)","Pokémon Pearl Version (USA, APAE, header ROM version 5)",/application/zukanlist/zkn_data/zukan_enc_diamond.narc,equal,1538,1538,,,df3f619804a92fdb4057192dc43dd748ea778adc52bc498ce80524c014b81119,df3f619804a92fdb4057192dc43dd748ea778adc52bc498ce80524c014b81119,4,4,,
"Pokémon Diamond Version (USA, ADAE, header ROM version 5)","Pokémon Pearl Version (USA, APAE, header ROM version 5)",/application/zukanlist/zkn_data/zukan_enc_diamond.narc,equal,1539,1539,,,df3f619804a92fdb4057192dc43dd748ea778adc52bc498ce80524c014b81119,df3f619804a92fdb4057192dc43dd748ea778adc52bc498ce80524c014b81119,4,4,,
"Pokémon Diamond Version (USA, ADAE, header ROM version 5)","Pokémon Pearl Version (USA, APAE, header ROM version 5)",/application/zukanlist/zkn_data/zukan_enc_diamond.narc,equal,1540,1540,,,df3f619804a92fdb4057192dc43dd748ea778adc52bc498ce80524c014b81119,df3f619804a92fdb4057192dc43dd748ea778adc52bc498ce80524c014b81119,4,4,,
"Pokémon Diamond Version (USA, ADAE, header ROM version 5)","Pokémon Pearl Version (USA, APAE, header ROM version 5)",/application/zukanlist/zkn_data/zukan_enc_diamond.narc,equal,1541,1541,,,df3f619804a92fdb4057192dc43dd748ea778adc52bc498ce80524c014b81119,df3f619804a92fdb4057192dc43dd748ea778adc52bc498ce80524c014b81119,4,4,,
"Pokémon Diamond Version (USA, ADAE, header ROM version 5)","Pokémon Pearl Version (USA, APAE, header ROM version 5)",/application/zukanlist/zkn_data/zukan_enc_diamond.narc,equal,1542,1542,,,df3f619804a92fdb4057192dc43dd748ea778adc52bc498ce80524c014b81119,df3f619804a92fdb4057192dc43dd748ea778adc52bc498ce80524c014b81119,4,4,,
"Pokémon Diamond Version (USA, ADAE, header ROM version 5)","Pokémon Pearl Version (USA, APAE, header ROM version 5)",/application/zukanlist/zkn_data/zukan_enc_diamond.narc,equal,1543,1543,,,df3f619804a92fdb4057192dc43dd748ea778adc52bc498ce80524c014b81119,df3f619804a92fdb4057192dc43dd748ea778adc52bc498ce80524c014b81119,4,4,,
"Pokémon Diamond Version (USA, ADAE, header ROM version 5)","Pokémon Pearl Version (USA, APAE, header ROM version 5)",/application/zukanlist/zkn_data/zukan_enc_diamond.narc,equal,1544,1544,,,f0a0278e4372459cca6159cd5e71cfee638302a7b9ca9b05c34181ac0a65ac5d,f0a0278e4372459cca6159cd5e71cfee638302a7b9ca9b05c34181ac0a65ac5d,8,8,,
"Pokémon Diamond Version (USA, ADAE, header ROM version 5)","Pokémon Pearl Version (USA, APAE, header ROM version 5)",/application/zukanlist/zkn_data/zukan_enc_diamond.narc,equal,1545,1545,,,df3f619804a92fdb4057192dc43dd748ea778adc52bc498ce80524c014b81119,df3f619804a92fdb4057192dc43dd748ea778adc52bc498ce80524c014b81119,4,4,,
"Pokémon Diamond Version (USA, ADAE, header ROM version 5)","Pokémon Pearl Version (USA, APAE, header ROM version 5)",/application/zukanlist/zkn_data/zukan_enc_diamond.narc,equal,1546,1546,,,df3f619804a92fdb4057192dc43dd748ea778adc52bc498ce80524c014b81119,df3f619804a92fdb4057192dc43dd748ea778adc52bc498ce80524c014b81119,4,4,,
"Pokémon Diamond Version (USA, ADAE, header ROM version 5)","Pokémon Pearl Version (USA, APAE, header ROM version 5)",/application/zukanlist/zkn_data/zukan_enc_diamond.narc,equal,1547,1547,,,df3f619804a92fdb4057192dc43dd748ea778adc52bc498ce80524c014b81119,df3f619804a92fdb4057192dc43dd748ea778adc52bc498ce80524c014b81119,4,4,,
"Pokémon Diamond Version (USA, ADAE, header ROM version 5)","Pokémon Pearl Version (USA, APAE, header ROM version 5)",/application/zukanlist/zkn_data/zukan_enc_diamond.narc,equal,1548,1548,,,df3f619804a92fdb4057192dc43dd748ea778adc52bc498ce80524c014b81119,df3f619804a92fdb4057192dc43dd748ea778adc52bc498ce80524c014b81119,4,4,,
"Pokémon Diamond Version (USA, ADAE, header ROM version 5)","Pokémon Pearl Version (USA, APAE, header ROM version 5)",/application/zukanlist/zkn_data/zukan_enc_diamond.narc,equal,1549,1549,,,df3f619804a92fdb4057192dc43dd748ea778adc52bc498ce80524c014b81119,df3f619804a92fdb4057192dc43dd748ea778adc52bc498ce80524c014b81119,4,4,,
"Pokémon Diamond Version (USA, ADAE, header ROM version 5)","Pokémon Pearl Version (USA, APAE, header ROM version 5)",/application/zukanlist/zkn_data/zukan_enc_diamond.narc,equal,1550,1550,,,df3f619804a92fdb4057192dc43dd748ea778adc52bc498ce80524c014b81119,df3f619804a92fdb4057192dc43dd748ea778adc52bc498ce80524c014b81119,4,4,,
"Pokémon Diamond Version (USA, ADAE, header ROM version 5)","Pokémon Pearl Version (USA, APAE, header ROM version 5)",/application/zukanlist/zkn_data/zukan_enc_diamond.narc,equal,1551,1551,,,df3f619804a92fdb4057192dc43dd748ea778adc52bc498ce80524c014b81119,df3f619804a92fdb4057192dc43dd748ea778adc52bc498ce80524c014b81119,4,4,,
"Pokémon Diamond Version (USA, ADAE, header ROM version 5)","Pokémon Pearl Version (USA, APAE, header ROM version 5)",/application/zukanlist/zkn_data/zukan_enc_diamond.narc,equal,1552,1552,,,df3f619804a92fdb4057192dc43dd748ea778adc52bc498ce80524c014b81119,df3f619804a92fdb4057192dc43dd748ea778adc52bc498ce80524c014b81119,4,4,,
"Pokémon Diamond Version (USA, ADAE, header ROM version 5)","Pokémon Pearl Version (USA, APAE, header ROM version 5)",/application/zukanlist/zkn_data/zukan_enc_diamond.narc,equal,1553,1553,,,df3f619804a92fdb4057192dc43dd748ea778adc52bc498ce80524c014b81119,df3f619804a92fdb4057192dc43dd748ea778adc52bc498ce80524c014b81119,4,4,,
"Pokémon Diamond Version (USA, ADAE, header ROM version 5)","Pokémon Pearl Version (USA, APAE, header ROM version 5)",/application/zukanlist/zkn_data/zukan_enc_diamond.narc,equal,1554,1554,,,df3f619804a92fdb4057192dc43dd748ea778adc52bc498ce80524c014b81119,df3f619804a92fdb4057192dc43dd748ea778adc52bc498ce80524c014b81119,4,4,,
"Pokémon Diamond Version (USA, ADAE, header ROM version 5)","Pokémon Pearl Version (USA, APAE, header ROM version 5)",/application/zukanlist/zkn_data/zukan_enc_diamond.narc,equal,1555,1555,,,df3f619804a92fdb4057192dc43dd748ea778adc52bc498ce80524c014b81119,df3f619804a92fdb4057192dc43dd748ea778adc52bc498ce80524c014b81119,4,4,,
"Pokémon Diamond Version (USA, ADAE, header ROM version 5)","Pokémon Pearl Version (USA, APAE, header ROM version 5)",/application/zukanlist/zkn_data/zukan_enc_diamond.narc,equal,1556,1556,,,df3f619804a92fdb4057192dc43dd748ea778adc52bc498ce80524c014b81119,df3f619804a92fdb4057192dc43dd748ea778adc52bc498ce80524c014b81119,4,4,,
"Pokémon Diamond Version (USA, ADAE, header ROM version 5)","Pokémon Pearl Version (USA, APAE, header ROM version 5)",/application/zukanlist/zkn_data/zukan_enc_diamond.narc,equal,1557,1557,,,df3f619804a92fdb4057192dc43dd748ea778adc52bc498ce80524c014b81119,df3f619804a92fdb4057192dc43dd748ea778adc52bc498ce80524c014b81119,4,4,,
"Pokémon Diamond Version (USA, ADAE, header ROM version 5)","Pokémon Pearl Version (USA, APAE, header ROM version 5)",/application/zukanlist/zkn_data/zukan_enc_diamond.narc,equal,1558,1558,,,df3f619804a92fdb4057192dc43dd748ea778adc52bc498ce80524c014b81119,df3f619804a92fdb4057192dc43dd748ea778adc52bc498ce80524c014b81119,4,4,,
"Pokémon Diamond Version (USA, ADAE, header ROM version 5)","Pokémon Pearl Version (USA, APAE, header ROM version 5)",/application/zukanlist/zkn_data/zukan_enc_diamond.narc,equal,1559,1559,,,df3f619804a92fdb4057192dc43dd748ea778adc52bc498ce80524c014b81119,df3f619804a92fdb4057192dc43dd748ea778adc52bc498ce80524c014b81119,4,4,,
"Pokémon Diamond Version (USA, ADAE, header ROM version 5)","Pokémon Pearl Version (USA, APAE, header ROM version 5)",/application/zukanlist/zkn_data/zukan_enc_diamond.narc,equal,1560,1560,,,df3f619804a92fdb4057192dc43dd748ea778adc52bc498ce80524c014b81119,df3f619804a92fdb4057192dc43dd748ea778adc52bc498ce80524c014b81119,4,4,,
"Pokémon Diamond Version (USA, ADAE, header ROM version 5)","Pokémon Pearl Version (USA, APAE, header ROM version 5)",/application/zukanlist/zkn_data/zukan_enc_diamond.narc,equal,1561,1561,,,df3f619804a92fdb4057192dc43dd748ea778adc52bc498ce80524c014b81119,df3f619804a92fdb4057192dc43dd748ea778adc52bc498ce80524c014b81119,4,4,,
"Pokémon Diamond Version (USA, ADAE, header ROM version 5)","Pokémon Pearl Version (USA, APAE, header ROM version 5)",/application/zukanlist/zkn_data/zukan_enc_diamond.narc,equal,1562,1562,,,df3f619804a92fdb4057192dc43dd748ea778adc52bc498ce80524c014b81119,df3f619804a92fdb4057192dc43dd748ea778adc52bc498ce80524c014b81119,4,4,,
"Pokémon Diamond Version (USA, ADAE, header ROM version 5)","Pokémon Pearl Version (USA, APAE, header ROM version 5)",/application/zukanlist/zkn_data/zukan_enc_diamond.narc,equal,1563,1563,,,df3f619804a92fdb4057192dc43dd748ea778adc52bc498ce80524c014b81119,df3f619804a92fdb4057192dc43dd748ea778adc52bc498ce80524c014b81119,4,4,,
"Pokémon Diamond Version (USA, ADAE, header ROM version 5)","Pokémon Pearl Version (USA, APAE, header ROM version 5)",/application/zukanlist/zkn_data/zukan_enc_diamond.narc,equal,1564,1564,,,df3f619804a92fdb4057192dc43dd748ea778adc52bc498ce80524c014b81119,df3f619804a92fdb4057192dc43dd748ea778adc52bc498ce80524c014b81119,4,4,,
"Pokémon Diamond Version (USA, ADAE, header ROM version 5)","Pokémon Pearl Version (USA, APAE, header ROM version 5)",/application/zukanlist/zkn_data/zukan_enc_diamond.narc,equal,1565,1565,,,df3f619804a92fdb4057192dc43dd748ea778adc52bc498ce80524c014b81119,df3f619804a92fdb4057192dc43dd748ea778adc52bc498ce80524c014b81119,4,4,,
"Pokémon Diamond Version (USA, ADAE, header ROM version 5)","Pokémon Pearl Version (USA, APAE, header ROM version 5)",/application/zukanlist/zkn_data/zukan_enc_diamond.narc,equal,1566,1566,,,df3f619804a92fdb4057192dc43dd748ea778adc52bc498ce80524c014b81119,df3f619804a92fdb4057192dc43dd748ea778adc52bc498ce80524c014b81119,4,4,,
"Pokémon Diamond Version (USA, ADAE, header ROM version 5)","Pokémon Pearl Version (USA, APAE, header ROM version 5)",/application/zukanlist/zkn_data/zukan_enc_diamond.narc,equal,1567,1567,,,df3f619804a92fdb4057192dc43dd748ea778adc52bc498ce80524c014b81119,df3f619804a92fdb4057192dc43dd748ea778adc52bc498ce80524c014b81119,4,4,,
"Pokémon Diamond Version (USA, ADAE, header ROM version 5)","Pokémon Pearl Version (USA, APAE, header ROM version 5)",/application/zukanlist/zkn_data/zukan_enc_diamond.narc,equal,1568,1568,,,df3f619804a92fdb4057192dc43dd748ea778adc52bc498ce80524c014b81119,df3f619804a92fdb4057192dc43dd748ea778adc52bc498ce80524c014b81119,4,4,,
"Pokémon Diamond Version (USA, ADAE, header ROM version 5)","Pokémon Pearl Version (USA, APAE, header ROM version 5)",/application/zukanlist/zkn_data/zukan_enc_diamond.narc,equal,1569,1569,,,df3f619804a92fdb4057192dc43dd748ea778adc52bc498ce80524c014b81119,df3f619804a92fdb4057192dc43dd748ea778adc52bc498ce80524c014b81119,4,4,,
"Pokémon Diamond Version (USA, ADAE, header ROM version 5)","Pokémon Pearl Version (USA, APAE, header ROM version 5)",/application/zukanlist/zkn_data/zukan_enc_diamond.narc,equal,1570,1570,,,df3f619804a92fdb4057192dc43dd748ea778adc52bc498ce80524c014b81119,df3f619804a92fdb4057192dc43dd748ea778adc52bc498ce80524c014b81119,4,4,,
"Pokémon Diamond Version (USA, ADAE, header ROM version 5)","Pokémon Pearl Version (USA, APAE, header ROM version 5)",/application/zukanlist/zkn_data/zukan_enc_diamond.narc,equal,1571,1571,,,df3f619804a92fdb4057192dc43dd748ea778adc52bc498ce80524c014b81119,df3f619804a92fdb4057192dc43dd748ea778adc52bc498ce80524c014b81119,4,4,,
"Pokémon Diamond Version (USA, ADAE, header ROM version 5)","Pokémon Pearl Version (USA, APAE, header ROM version 5)",/application/zukanlist/zkn_data/zukan_enc_diamond.narc,equal,1572,1572,,,df3f619804a92fdb4057192dc43dd748ea778adc52bc498ce80524c014b81119,df3f619804a92fdb4057192dc43dd748ea778adc52bc498ce80524c014b81119,4,4,,
"Pokémon Diamond Version (USA, ADAE, header ROM version 5)","Pokémon Pearl Version (USA, APAE, header ROM version 5)",/application/zukanlist/zkn_data/zukan_enc_diamond.narc,equal,1573,1573,,,df3f619804a92fdb4057192dc43dd748ea778adc52bc498ce80524c014b81119,df3f619804a92fdb4057192dc43dd748ea778adc52bc498ce80524c014b81119,4,4,,
"Pokémon Diamond Version (USA, ADAE, header ROM version 5)","Pokémon Pearl Version (USA, APAE, header ROM version 5)",/application/zukanlist/zkn_data/zukan_enc_diamond.narc,equal,1574,1574,,,df3f619804a92fdb4057192dc43dd748ea778adc52bc498ce80524c014b81119,df3f619804a92fdb4057192dc43dd748ea778adc52bc498ce80524c014b81119,4,4,,
"Pokémon Diamond Version (USA, ADAE, header ROM version 5)","Pokémon Pearl Version (USA, APAE, header ROM version 5)",/application/zukanlist/zkn_data/zukan_enc_diamond.narc,equal,1575,1575,,,df3f619804a92fdb4057192dc43dd748ea778adc52bc498ce80524c014b81119,df3f619804a92fdb4057192dc43dd748ea778adc52bc498ce80524c014b81119,4,4,,
"Pokémon Diamond Version (USA, ADAE, header ROM version 5)","Pokémon Pearl Version (USA, APAE, header ROM version 5)",/application/zukanlist/zkn_data/zukan_enc_diamond.narc,equal,1576,1576,,,df3f619804a92fdb4057192dc43dd748ea778adc52bc498ce80524c014b81119,df3f619804a92fdb4057192dc43dd748ea778adc52bc498ce80524c014b81119,4,4,,
"Pokémon Diamond Version (USA, ADAE, header ROM version 5)","Pokémon Pearl Version (USA, APAE, header ROM version 5)",/application/zukanlist/zkn_data/zukan_enc_diamond.narc,equal,1577,1577,,,df3f619804a92fdb4057192dc43dd748ea778adc52bc498ce80524c014b81119,df3f619804a92fdb4057192dc43dd748ea778adc52bc498ce80524c014b81119,4,4,,
"Pokémon Diamond Version (USA, ADAE, header ROM version 5)","Pokémon Pearl Version (USA, APAE, header ROM version 5)",/application/zukanlist/zkn_data/zukan_enc_diamond.narc,equal,1578,1578,,,df3f619804a92fdb4057192dc43dd748ea778adc52bc498ce80524c014b81119,df3f619804a92fdb4057192dc43dd748ea778adc52bc498ce80524c014b81119,4,4,,
"Pokémon Diamond Version (USA, ADAE, header ROM version 5)","Pokémon Pearl Version (USA, APAE, header ROM version 5)",/application/zukanlist/zkn_data/zukan_enc_diamond.narc,equal,1579,1579,,,df3f619804a92fdb4057192dc43dd748ea778adc52bc498ce80524c014b81119,df3f619804a92fdb4057192dc43dd748ea778adc52bc498ce80524c014b81119,4,4,,
"Pokémon Diamond Version (USA, ADAE, header ROM version 5)","Pokémon Pearl Version (USA, APAE, header ROM version 5)",/application/zukanlist/zkn_data/zukan_enc_diamond.narc,equal,1580,1580,,,df3f619804a92fdb4057192dc43dd748ea778adc52bc498ce80524c014b81119,df3f619804a92fdb4057192dc43dd748ea778adc52bc498ce80524c014b81119,4,4,,
"Pokémon Diamond Version (USA, ADAE, header ROM version 5)","Pokémon Pearl Version (USA, APAE, header ROM version 5)",/application/zukanlist/zkn_data/zukan_enc_diamond.narc,equal,1581,1581,,,df3f619804a92fdb4057192dc43dd748ea778adc52bc498ce80524c014b81119,df3f619804a92fdb4057192dc43dd748ea778adc52bc498ce80524c014b81119,4,4,,
"Pokémon Diamond Version (USA, ADAE, header ROM version 5)","Pokémon Pearl Version (USA, APAE, header ROM version 5)",/application/zukanlist/zkn_data/zukan_enc_diamond.narc,equal,1582,1582,,,df3f619804a92fdb4057192dc43dd748ea778adc52bc498ce80524c014b81119,df3f619804a92fdb4057192dc43dd748ea778adc52bc498ce80524c014b81119,4,4,,
"Pokémon Diamond Version (USA, ADAE, header ROM version 5)","Pokémon Pearl Version (USA, APAE, header ROM version 5)",/application/zukanlist/zkn_data/zukan_enc_diamond.narc,equal,1583,1583,,,df3f619804a92fdb4057192dc43dd748ea778adc52bc498ce80524c014b81119,df3f619804a92fdb4057192dc43dd748ea778adc52bc498ce80524c014b81119,4,4,,
"Pokémon Diamond Version (USA, ADAE, header ROM version 5)","Pokémon Pearl Version (USA, APAE, header ROM version 5)",/application/zukanlist/zkn_data/zukan_enc_diamond.narc,equal,1584,1584,,,df3f619804a92fdb4057192dc43dd748ea778adc52bc498ce80524c014b81119,df3f619804a92fdb4057192dc43dd748ea778adc52bc498ce80524c014b81119,4,4,,
"Pokémon Diamond Version (USA, ADAE, header ROM version 5)","Pokémon Pearl Version (USA, APAE, header ROM version 5)",/application/zukanlist/zkn_data/zukan_enc_diamond.narc,equal,1585,1585,,,df3f619804a92fdb4057192dc43dd748ea778adc52bc498ce80524c014b81119,df3f619804a92fdb4057192dc43dd748ea778adc52bc498ce80524c014b81119,4,4,,
"Pokémon Diamond Version (USA, ADAE, header ROM version 5)","Pokémon Pearl Version (USA, APAE, header ROM version 5)",/application/zukanlist/zkn_data/zukan_enc_diamond.narc,equal,1586,1586,,,df3f619804a92fdb4057192dc43dd748ea778adc52bc498ce80524c014b81119,df3f619804a92fdb4057192dc43dd748ea778adc52bc498ce80524c014b81119,4,4,,
"Pokémon Diamond Version (USA, ADAE, header ROM version 5)","Pokémon Pearl Version (USA, APAE, header ROM version 5)",/application/zukanlist/zkn_data/zukan_enc_diamond.narc,equal,1587,1587,,,df3f619804a92fdb4057192dc43dd748ea778adc52bc498ce80524c014b81119,df3f619804a92fdb4057192dc43dd748ea778adc52bc498ce80524c014b81119,4,4,,
"Pokémon Diamond Version (USA, ADAE, header ROM version 5)","Pokémon Pearl Version (USA, APAE, header ROM version 5)",/application/zukanlist/zkn_data/zukan_enc_diamond.narc,equal,1588,1588,,,df3f619804a92fdb4057192dc43dd748ea778adc52bc498ce80524c014b81119,df3f619804a92fdb4057192dc43dd748ea778adc52bc498ce80524c014b81119,4,4,,
"Pokémon Diamond Version (USA, ADAE, header ROM version 5)","Pokémon Pearl Version (USA, APAE, header ROM version 5)",/application/zukanlist/zkn_data/zukan_enc_diamond.narc,equal,1589,1589,,,df3f619804a92fdb4057192dc43dd748ea778adc52bc498ce80524c014b81119,df3f619804a92fdb4057192dc43dd748ea778adc52bc498ce80524c014b81119,4,4,,
"Pokémon Diamond Version (USA, ADAE, header ROM version 5)","Pokémon Pearl Version (USA, APAE, header ROM version 5)",/application/zukanlist/zkn_data/zukan_enc_diamond.narc,equal,1590,1590,,,df3f619804a92fdb4057192dc43dd748ea778adc52bc498ce80524c014b81119,df3f619804a92fdb4057192dc43dd748ea778adc52bc498ce80524c014b81119,4,4,,
"Pokémon Diamond Version (USA, ADAE, header ROM version 5)","Pokémon Pearl Version (USA, APAE, header ROM version 5)",/application/zukanlist/zkn_data/zukan_enc_diamond.narc,equal,1591,1591,,,df3f619804a92fdb4057192dc43dd748ea778adc52bc498ce80524c014b81119,df3f619804a92fdb4057192dc43dd748ea778adc52bc498ce80524c014b81119,4,4,,
"Pokémon Diamond Version (USA, ADAE, header ROM version 5)","Pokémon Pearl Version (USA, APAE, header ROM version 5)",/application/zukanlist/zkn_data/zukan_enc_diamond.narc,equal,1592,1592,,,df3f619804a92fdb4057192dc43dd748ea778adc52bc498ce80524c014b81119,df3f619804a92fdb4057192dc43dd748ea778adc52bc498ce80524c014b81119,4,4,,
"Pokémon Diamond Version (USA, ADAE, header ROM version 5)","Pokémon Pearl Version (USA, APAE, header ROM version 5)",/application/zukanlist/zkn_data/zukan_enc_diamond.narc,equal,1593,1593,,,df3f619804a92fdb4057192dc43dd748ea778adc52bc498ce80524c014b81119,df3f619804a92fdb4057192dc43dd748ea778adc52bc498ce80524c014b81119,4,4,,
"Pokémon Diamond Version (USA, ADAE, header ROM version 5)","Pokémon Pearl Version (USA, APAE, header ROM version 5)",/application/zukanlist/zkn_data/zukan_enc_diamond.narc,equal,1594,1594,,,df3f619804a92fdb4057192dc43dd748ea778adc52bc498ce80524c014b81119,df3f619804a92fdb4057192dc43dd748ea778adc52bc498ce80524c014b81119,4,4,,
"Pokémon Diamond Version (USA, ADAE, header ROM version 5)","Pokémon Pearl Version (USA, APAE, header ROM version 5)",/application/zukanlist/zkn_data/zukan_enc_diamond.narc,equal,1595,1595,,,df3f619804a92fdb4057192dc43dd748ea778adc52bc498ce80524c014b81119,df3f619804a92fdb4057192dc43dd748ea778adc52bc498ce80524c014b81119,4,4,,
"Pokémon Diamond Version (USA, ADAE, header ROM version 5)","Pokémon Pearl Version (USA, APAE, header ROM version 5)",/application/zukanlist/zkn_data/zukan_enc_diamond.narc,equal,1596,1596,,,df3f619804a92fdb4057192dc43dd748ea778adc52bc498ce80524c014b81119,df3f619804a92fdb4057192dc43dd748ea778adc52bc498ce80524c014b81119,4,4,,
"Pokémon Diamond Version (USA, ADAE, header ROM version 5)","Pokémon Pearl Version (USA, APAE, header ROM version 5)",/application/zukanlist/zkn_data/zukan_enc_diamond.narc,equal,1597,1597,,,df3f619804a92fdb4057192dc43dd748ea778adc52bc498ce80524c014b81119,df3f619804a92fdb4057192dc43dd748ea778adc52bc498ce80524c014b81119,4,4,,
"Pokémon Diamond Version (USA, ADAE, header ROM version 5)","Pokémon Pearl Version (USA, APAE, header ROM version 5)",/application/zukanlist/zkn_data/zukan_enc_diamond.narc,equal,1598,1598,,,df3f619804a92fdb4057192dc43dd748ea778adc52bc498ce80524c014b81119,df3f619804a92fdb4057192dc43dd748ea778adc52bc498ce80524c014b81119,4,4,,
"Pokémon Diamond Version (USA, ADAE, header ROM version 5)","Pokémon Pearl Version (USA, APAE, header ROM version 5)",/application/zukanlist/zkn_data/zukan_enc_diamond.narc,equal,1599,1599,,,df3f619804a92fdb4057192dc43dd748ea778adc52bc498ce80524c014b81119,df3f619804a92fdb4057192dc43dd748ea778adc52bc498ce80524c014b81119,4,4,,
"Pokémon Diamond Version (USA, ADAE, header ROM version 5)","Pokémon Pearl Version (USA, APAE, header ROM version 5)",/application/zukanlist/zkn_data/zukan_enc_diamond.narc,equal,1600,1600,,,df3f619804a92fdb4057192dc43dd748ea778adc52bc498ce80524c014b81119,df3f619804a92fdb4057192dc43dd748ea778adc52bc498ce80524c014b81119,4,4,,
"Pokémon Diamond Version (USA, ADAE, header ROM version 5)","Pokémon Pearl Version (USA, APAE, header ROM version 5)",/application/zukanlist/zkn_data/zukan_enc_diamond.narc,equal,1601,1601,,,df3f619804a92fdb4057192dc43dd748ea778adc52bc498ce80524c014b81119,df3f619804a92fdb4057192dc43dd748ea778adc52bc498ce80524c014b81119,4,4,,
"Pokémon Diamond Version (USA, ADAE, header ROM version 5)","Pokémon Pearl Version (USA, APAE, header ROM version 5)",/application/zukanlist/zkn_data/zukan_enc_diamond.narc,equal,1602,1602,,,df3f619804a92fdb4057192dc43dd748ea778adc52bc498ce80524c014b81119,df3f619804a92fdb4057192dc43dd748ea778adc52bc498ce80524c014b81119,4,4,,
"Pokémon Diamond Version (USA, ADAE, header ROM version 5)","Pokémon Pearl Version (USA, APAE, header ROM version 5)",/application/zukanlist/zkn_data/zukan_enc_diamond.narc,equal,1603,1603,,,df3f619804a92fdb4057192dc43dd748ea778adc52bc498ce80524c014b81119,df3f619804a92fdb4057192dc43dd748ea778adc52bc498ce80524c014b81119,4,4,,
"Pokémon Diamond Version (USA, ADAE, header ROM version 5)","Pokémon Pearl Version (USA, APAE, header ROM version 5)",/application/zukanlist/zkn_data/zukan_enc_diamond.narc,equal,1604,1604,,,df3f619804a92fdb4057192dc43dd748ea778adc52bc498ce80524c014b81119,df3f619804a92fdb4057192dc43dd748ea778adc52bc498ce80524c014b81119,4,4,,
"Pokémon Diamond Version (USA, ADAE, header ROM version 5)","Pokémon Pearl Version (USA, APAE, header ROM version 5)",/application/zukanlist/zkn_data/zukan_enc_diamond.narc,equal,1605,1605,,,df3f619804a92fdb4057192dc43dd748ea778adc52bc498ce80524c014b81119,df3f619804a92fdb4057192dc43dd748ea778adc52bc498ce80524c014b81119,4,4,,
"Pokémon Diamond Version (USA, ADAE, header ROM version 5)","Pokémon Pearl Version (USA, APAE, header ROM version 5)",/application/zukanlist/zkn_data/zukan_enc_diamond.narc,equal,1606,1606,,,df3f619804a92fdb4057192dc43dd748ea778adc52bc498ce80524c014b81119,df3f619804a92fdb4057192dc43dd748ea778adc52bc498ce80524c014b81119,4,4,,
"Pokémon Diamond Version (USA, ADAE, header ROM version 5)","Pokémon Pearl Version (USA, APAE, header ROM version 5)",/application/zukanlist/zkn_data/zukan_enc_diamond.narc,equal,1607,1607,,,df3f619804a92fdb4057192dc43dd748ea778adc52bc498ce80524c014b81119,df3f619804a92fdb4057192dc43dd748ea778adc52bc498ce80524c014b81119,4,4,,
"Pokémon Diamond Version (USA, ADAE, header ROM version 5)","Pokémon Pearl Version (USA, APAE, header ROM version 5)",/application/zukanlist/zkn_data/zukan_enc_diamond.narc,equal,1608,1608,,,df3f619804a92fdb4057192dc43dd748ea778adc52bc498ce80524c014b81119,df3f619804a92fdb4057192dc43dd748ea778adc52bc498ce80524c014b81119,4,4,,
"Pokémon Diamond Version (USA, ADAE, header ROM version 5)","Pokémon Pearl Version (USA, APAE, header ROM version 5)",/application/zukanlist/zkn_data/zukan_enc_diamond.narc,equal,1609,1609,,,df3f619804a92fdb4057192dc43dd748ea778adc52bc498ce80524c014b81119,df3f619804a92fdb4057192dc43dd748ea778adc52bc498ce80524c014b81119,4,4,,
"Pokémon Diamond Version (USA, ADAE, header ROM version 5)","Pokémon Pearl Version (USA, APAE, header ROM version 5)",/application/zukanlist/zkn_data/zukan_enc_diamond.narc,equal,1610,1610,,,df3f619804a92fdb4057192dc43dd748ea778adc52bc498ce80524c014b81119,df3f619804a92fdb4057192dc43dd748ea778adc52bc498ce80524c014b81119,4,4,,
"Pokémon Diamond Version (USA, ADAE, header ROM version 5)","Pokémon Pearl Version (USA, APAE, header ROM version 5)",/application/zukanlist/zkn_data/zukan_enc_diamond.narc,equal,1611,1611,,,df3f619804a92fdb4057192dc43dd748ea778adc52bc498ce80524c014b81119,df3f619804a92fdb4057192dc43dd748ea778adc52bc498ce80524c014b81119,4,4,,
"Pokémon Diamond Version (USA, ADAE, header ROM version 5)","Pokémon Pearl Version (USA, APAE, header ROM version 5)",/application/zukanlist/zkn_data/zukan_enc_diamond.narc,equal,1612,1612,,,df3f619804a92fdb4057192dc43dd748ea778adc52bc498ce80524c014b81119,df3f619804a92fdb4057192dc43dd748ea778adc52bc498ce80524c014b81119,4,4,,
"Pokémon Diamond Version (USA, ADAE, header ROM version 5)","Pokémon Pearl Version (USA, APAE, header ROM version 5)",/application/zukanlist/zkn_data/zukan_enc_diamond.narc,equal,1613,1613,,,df3f619804a92fdb4057192dc43dd748ea778adc52bc498ce80524c014b81119,df3f619804a92fdb4057192dc43dd748ea778adc52bc498ce80524c014b81119,4,4,,
"Pokémon Diamond Version (USA, ADAE, header ROM version 5)","Pokémon Pearl Version (USA, APAE, header ROM version 5)",/application/zukanlist/zkn_data/zukan_enc_diamond.narc,equal,1614,1614,,,df3f619804a92fdb4057192dc43dd748ea778adc52bc498ce80524c014b81119,df3f619804a92fdb4057192dc43dd748ea778adc52bc498ce80524c014b81119,4,4,,
"Pokémon Diamond Version (USA, ADAE, header ROM version 5)","Pokémon Pearl Version (USA, APAE, header ROM version 5)",/application/zukanlist/zkn_data/zukan_enc_diamond.narc,equal,1615,1615,,,df3f619804a92fdb4057192dc43dd748ea778adc52bc498ce80524c014b81119,df3f619804a92fdb4057192dc43dd748ea778adc52bc498ce80524c014b81119,4,4,,
"Pokémon Diamond Version (USA, ADAE, header ROM version 5)","Pokémon Pearl Version (USA, APAE, header ROM version 5)",/application/zukanlist/zkn_data/zukan_enc_diamond.narc,equal,1616,1616,,,df3f619804a92fdb4057192dc43dd748ea778adc52bc498ce80524c014b81119,df3f619804a92fdb4057192dc43dd748ea778adc52bc498ce80524c014b81119,4,4,,
"Pokémon Diamond Version (USA, ADAE, header ROM version 5)","Pokémon Pearl Version (USA, APAE, header ROM version 5)",/application/zukanlist/zkn_data/zukan_enc_diamond.narc,equal,1617,1617,,,df3f619804a92fdb4057192dc43dd748ea778adc52bc498ce80524c014b81119,df3f619804a92fdb4057192dc43dd748ea778adc52bc498ce80524c014b81119,4,4,,
"Pokémon Diamond Version (USA, ADAE, header ROM version 5)","Pokémon Pearl Version (USA, APAE, header ROM version 5)",/application/zukanlist/zkn_data/zukan_enc_diamond.narc,equal,1618,1618,,,df3f619804a92fdb4057192dc43dd748ea778adc52bc498ce80524c014b81119,df3f619804a92fdb4057192dc43dd748ea778adc52bc498ce80524c014b81119,4,4,,
"Pokémon Diamond Version (USA, ADAE, header ROM version 5)","Pokémon Pearl Version (USA, APAE, header ROM version 5)",/application/zukanlist/zkn_data/zukan_enc_diamond.narc,equal,1619,1619,,,df3f619804a92fdb4057192dc43dd748ea778adc52bc498ce80524c014b81119,df3f619804a92fdb4057192dc43dd748ea778adc52bc498ce80524c014b81119,4,4,,
