left,right,container_chain,operation,left_member_index,right_member_index,left_name,right_name,left_sha256,right_sha256,left_size,right_size,left_format,right_format
"Pokémon Diamond Version (USA, ADAE, header ROM version 5)","Pokémon Pearl Version (USA, APAE, header ROM version 5)",/msgdata/msg.narc,equal,498,498,,,48ebfe3ccd2e701c69b588df3eed609bd322908cdd9da3a7e135842970f90d19,48ebfe3ccd2e701c69b588df3eed609bd322908cdd9da3a7e135842970f90d19,2418,2418,,
"Pokémon Diamond Version (USA, ADAE, header ROM version 5)","Pokémon Pearl Version (USA, APAE, header ROM version 5)",/msgdata/msg.narc,equal,499,499,,,f97d946d867d65820073612ddbb153e1433342678cc4021990ebed4b66ce7b9e,f97d946d867d65820073612ddbb153e1433342678cc4021990ebed4b66ce7b9e,1840,1840,,
"Pokémon Diamond Version (USA, ADAE, header ROM version 5)","Pokémon Pearl Version (USA, APAE, header ROM version 5)",/msgdata/msg.narc,equal,500,500,,,6d42b64347c4d77a9005c3a99392a62d56feec507a5cbc0bc209ffea434bd103,6d42b64347c4d77a9005c3a99392a62d56feec507a5cbc0bc209ffea434bd103,780,780,,
"Pokémon Diamond Version (USA, ADAE, header ROM version 5)","Pokémon Pearl Version (USA, APAE, header ROM version 5)",/msgdata/msg.narc,equal,501,501,,,f2dc4bb951600acc71a3dd406927aaa9b767d405072db7eb6468de5a031ff043,f2dc4bb951600acc71a3dd406927aaa9b767d405072db7eb6468de5a031ff043,9846,9846,,
"Pokémon Diamond Version (USA, ADAE, header ROM version 5)","Pokémon Pearl Version (USA, APAE, header ROM version 5)",/msgdata/msg.narc,equal,502,502,,,309436b7f09b68cb34b9b81ae17734fa1161083469852a80fd79cfe24c0a1a4b,309436b7f09b68cb34b9b81ae17734fa1161083469852a80fd79cfe24c0a1a4b,1246,1246,,
"Pokémon Diamond Version (USA, ADAE, header ROM version 5)","Pokémon Pearl Version (USA, APAE, header ROM version 5)",/msgdata/msg.narc,equal,503,503,,,00f711cf2727632a6aedf5b4675104bae42f15057a7e1df076a7b4095d2bd0e2,00f711cf2727632a6aedf5b4675104bae42f15057a7e1df076a7b4095d2bd0e2,386,386,,
"Pokémon Diamond Version (USA, ADAE, header ROM version 5)","Pokémon Pearl Version (USA, APAE, header ROM version 5)",/msgdata/msg.narc,equal,504,504,,,4e38dfb3b33f7d4f50bc857ec972614b07571e5879c15f88e9126d3807ebbc1c,4e38dfb3b33f7d4f50bc857ec972614b07571e5879c15f88e9126d3807ebbc1c,726,726,,
"Pokémon Diamond Version (USA, ADAE, header ROM version 5)","Pokémon Pearl Version (USA, APAE, header ROM version 5)",/msgdata/msg.narc,equal,505,505,,,8e3f744e80ca682d9aef05dc639092cf6344c135d2c4bec21185f075d50191fd,8e3f744e80ca682d9aef05dc639092cf6344c135d2c4bec21185f075d50191fd,5998,5998,,
"Pokémon Diamond Version (USA, ADAE, header ROM version 5)","Pokémon Pearl Version (USA, APAE, header ROM version 5)",/msgdata/msg.narc,equal,506,506,,,a6286b072cf67a26c644f870449f20e0eeaab22fc5f25b7277de9957241b4b46,a6286b072cf67a26c644f870449f20e0eeaab22fc5f25b7277de9957241b4b46,446,446,,
"Pokémon Diamond Version (USA, ADAE, header ROM version 5)","Pokémon Pearl Version (USA, APAE, header ROM version 5)",/msgdata/msg.narc,equal,507,507,,,0ef20f3f6463e36c7e401edcb22a3a4c4465c12d0d6cf2e1e944ea992f14fa79,0ef20f3f6463e36c7e401edcb22a3a4c4465c12d0d6cf2e1e944ea992f14fa79,740,740,,
"Pokémon Diamond Version (USA, ADAE, header ROM version 5)","Pokémon Pearl Version (USA, APAE, header ROM version 5)",/msgdata/msg.narc,equal,508,508,,,4843d59669451f92d42043aa0ef155390a847387e3720d982de7e11207e5b0a6,4843d59669451f92d42043aa0ef155390a847387e3720d982de7e11207e5b0a6,94,94,,
"Pokémon Diamond Version (USA, ADAE, header ROM version 5)","Pokémon Pearl Version (USA, APAE, header ROM version 5)",/msgdata/msg.narc,equal,509,509,,,38a4986e2d3545c468f135c3f8ee9547d3de1ec2be9dc41e04752f05f487e782,38a4986e2d3545c468f135c3f8ee9547d3de1ec2be9dc41e04752f05f487e782,14676,14676,,
"Pokémon Diamond Version (USA, ADAE, header ROM version 5)","Pokémon Pearl Version (USA, APAE, header ROM version 5)",/msgdata/msg.narc,equal,510,510,,,e6f3bf6b3819b025b6e4bb4f93805fc6ae99b3f527de81a2a7b4429670406a9c,e6f3bf6b3819b025b6e4bb4f93805fc6ae99b3f527de81a2a7b4429670406a9c,2434,2434,,
"Pokémon Diamond Version (USA, ADAE, header ROM version 5)","Pokémon Pearl Version (USA, APAE, header ROM version 5)",/msgdata/msg.narc,equal,511,511,,,b6eb438159e992e4bfcf094d44dc6675ca00ac14af2f564b7dcaae5c27626b5e,b6eb438159e992e4bfcf094d44dc6675ca00ac14af2f564b7dcaae5c27626b5e,402,402,,
"Pokémon Diamond Version (USA, ADAE, header ROM version 5)","Pokémon Pearl Version (USA, APAE, header ROM version 5)",/msgdata/msg.narc,equal,512,512,,,ea8daa3bbd720759b251dfe4fbb3047797e83e25abdb1b8369bf9ea0c297a105,ea8daa3bbd720759b251dfe4fbb3047797e83e25abdb1b8369bf9ea0c297a105,518,518,,
"Pokémon Diamond Version (USA, ADAE, header ROM version 5)","Pokémon Pearl Version (USA, APAE, header ROM version 5)",/msgdata/msg.narc,equal,513,513,,,770cc32f3f7bf7c85bc871bed37558e04da1fe7c42ff99f8744d8fd36c612d0f,770cc32f3f7bf7c85bc871bed37558e04da1fe7c42ff99f8744d8fd36c612d0f,4200,4200,Nintendo LZ11,Nintendo LZ11
"Pokémon Diamond Version (USA, ADAE, header ROM version 5)","Pokémon Pearl Version (USA, APAE, header ROM version 5)",/msgdata/msg.narc,equal,514,514,,,20ad9255f75251e78322a614dc8030b55c9680fa31b7a998fa70608c0635081e,20ad9255f75251e78322a614dc8030b55c9680fa31b7a998fa70608c0635081e,460,460,,
"Pokémon Diamond Version (USA, ADAE, header ROM version 5)","Pokémon Pearl Version (USA, APAE, header ROM version 5)",/msgdata/msg.narc,equal,515,515,,,45caccda40e67b01cf69423b1316b90b2ba85fb529dbb4d971796cdcd32031a9,45caccda40e67b01cf69423b1316b90b2ba85fb529dbb4d971796cdcd32031a9,760,760,,
"Pokémon Diamond Version (USA, ADAE, header ROM version 5)","Pokémon Pearl Version (USA, APAE, header ROM version 5)",/msgdata/msg.narc,equal,516,516,,,332448b627a979541320886a05e65c785e596e1138cf0e4cfc239e55ed7ddfe8,332448b627a979541320886a05e65c785e596e1138cf0e4cfc239e55ed7ddfe8,2014,2014,,
"Pokémon Diamond Version (USA, ADAE, header ROM version 5)","Pokémon Pearl Version (USA, APAE, header ROM version 5)",/msgdata/msg.narc,equal,517,517,,,b69334e8e442257cac3d1c3c4a5110d3aea7196b9ded1e4816ec9d954c5c8c07,b69334e8e442257cac3d1c3c4a5110d3aea7196b9ded1e4816ec9d954c5c8c07,382,382,,
"Pokémon Diamond Version (USA, ADAE, header ROM version 5)","Pokémon Pearl Version (USA, APAE, header ROM version 5)",/msgdata/msg.narc,equal,518,518,,,a4041b87c3303bb5367bac568041e928c583efc99a248a785f2a6825c70fadd9,a4041b87c3303bb5367bac568041e928c583efc99a248a785f2a6825c70fadd9,1252,1252,,
"Pokémon Diamond Version (USA, ADAE, header ROM version 5)","Pokémon Pearl Version (USA, APAE, header ROM version 5)",/msgdata/msg.narc,equal,519,519,,,e4ea3365b8999ec46c80925d65ecae7aa46fa67caa113204cca3e45e83c63290,e4ea3365b8999ec46c80925d65ecae7aa46fa67caa113204cca3e45e83c63290,2374,2374,,
"Pokémon Diamond Version (USA, ADAE, header ROM version 5)","Pokémon Pearl Version (USA, APAE, header ROM version 5)",/msgdata/msg.narc,equal,520,520,,,85a10bbe1ae3e7d64a0d3e6df4fba3a8b9d0c020c9ffca7311de46a0d136339b,85a10bbe1ae3e7d64a0d3e6df4fba3a8b9d0c020c9ffca7311de46a0d136339b,362,362,,
"Pokémon Diamond Version (USA, ADAE, header ROM version 5)","Pokémon Pearl Version (USA, APAE, header ROM version 5)",/msgdata/msg.narc,equal,521,521,,,4cf4a85c6bf08cd80db152009d3353a4f6e346719444102fd537e76da903b40d,4cf4a85c6bf08cd80db152009d3353a4f6e346719444102fd537e76da903b40d,368,368,,
"Pokémon Diamond Version (USA, ADAE, header ROM version 5)","Pokémon Pearl Version (USA, APAE, header ROM version 5)",/msgdata/msg.narc,equal,522,522,,,8215df14d1dc828955d4e7976e8b141a585ea2d4f38b2f66219828875b7c2ccf,8215df14d1dc828955d4e7976e8b141a585ea2d4f38b2f66219828875b7c2ccf,1042,1042,,
"Pokémon Diamond Version (USA, ADAE, header ROM version 5)","Pokémon Pearl Version (USA, APAE, header ROM version 5)",/msgdata/msg.narc,equal,523,523,,,35a264de5ba54af8a8f91d74e5d121bd93b2f28f1680770010ffddd8c6f8f195,35a264de5ba54af8a8f91d74e5d121bd93b2f28f1680770010ffddd8c6f8f195,434,434,,
"Pokémon Diamond Version (USA, ADAE, header ROM version 5)","Pokémon Pearl Version (USA, APAE, header ROM version 5)",/msgdata/msg.narc,equal,524,524,,,757c4d0710024080cf779d62cad9b7a4ce9ab8e5e915fe14452b1afaab09f6f9,757c4d0710024080cf779d62cad9b7a4ce9ab8e5e915fe14452b1afaab09f6f9,5308,5308,Nintendo LZ11,Nintendo LZ11
"Pokémon Diamond Version (USA, ADAE, header ROM version 5)","Pokémon Pearl Version (USA, APAE, header ROM version 5)",/msgdata/msg.narc,equal,525,525,,,d9982b6b55d626f2d2a8265acd7aeeb68d51afb6aabf289cdadec7d46d5ccff4,d9982b6b55d626f2d2a8265acd7aeeb68d51afb6aabf289cdadec7d46d5ccff4,566,566,,
"Pokémon Diamond Version (USA, ADAE, header ROM version 5)","Pokémon Pearl Version (USA, APAE, header ROM version 5)",/msgdata/msg.narc,equal,526,526,,,2988e5467641b55139be06c1a6bbe7ef49d48421df3506a27fad0bc3ba0bc907,2988e5467641b55139be06c1a6bbe7ef49d48421df3506a27fad0bc3ba0bc907,1696,1696,,
"Pokémon Diamond Version (USA, ADAE, header ROM version 5)","Pokémon Pearl Version (USA, APAE, header ROM version 5)",/msgdata/msg.narc,equal,527,527,,,51564a82e9d272641d249ad701af357db055261d9a0736daad836c2315912802,51564a82e9d272641d249ad701af357db055261d9a0736daad836c2315912802,5504,5504,Nintendo LZ11,Nintendo LZ11
"Pokémon Diamond Version (USA, ADAE, header ROM version 5)","Pokémon Pearl Version (USA, APAE, header ROM version 5)",/msgdata/msg.narc,equal,528,528,,,1fdad47fbcaa2a59b17fbfbea7140433dcc287da6212e7d2ddf8dd4279ccecf9,1fdad47fbcaa2a59b17fbfbea7140433dcc287da6212e7d2ddf8dd4279ccecf9,1266,1266,,
"Pokémon Diamond Version (USA, ADAE, header ROM version 5)","Pokémon Pearl Version (USA, APAE, header ROM version 5)",/msgdata/msg.narc,equal,529,529,,,9cc095b0ee00cef0f2fe3d63d18cc8f9f2658645b1d4621a00dcc826661175a1,9cc095b0ee00cef0f2fe3d63d18cc8f9f2658645b1d4621a00dcc826661175a1,3314,3314,,
"Pokémon Diamond Version (USA, ADAE, header ROM version 5)","Pokémon Pearl Version (USA, APAE, header ROM version 5)",/msgdata/msg.narc,equal,530,530,,,9bfaba2aaa4bfd4730442ff5cf76c82bdbd64bdc41338bb8bfab349030983988,9bfaba2aaa4bfd4730442ff5cf76c82bdbd64bdc41338bb8bfab349030983988,1498,1498,,
"Pokémon Diamond Version (USA, ADAE, header ROM version 5)","Pokémon Pearl Version (USA, APAE, header ROM version 5)",/msgdata/msg.narc,equal,531,531,,,1c5a4025157a9401ed27ca540c374fcaf620e43f52f6d73ac3a25511e5e985bc,1c5a4025157a9401ed27ca540c374fcaf620e43f52f6d73ac3a25511e5e985bc,370,370,,
"Pokémon Diamond Version (USA, ADAE, header ROM version 5)","Pokémon Pearl Version (USA, APAE, header ROM version 5)",/msgdata/msg.narc,equal,532,532,,,d2a438890e28c8c9a72825f2dfc83599c1ab302ddd4b2cce51048ea91a3866e0,d2a438890e28c8c9a72825f2dfc83599c1ab302ddd4b2cce51048ea91a3866e0,544,544,,
"Pokémon Diamond Version (USA, ADAE, header ROM version 5)","Pokémon Pearl Version (USA, APAE, header ROM version 5)",/msgdata/msg.narc,equal,533,533,,,05df47e5fbfa51ddd53e63186e503345dce2d57c4403807271d0fc22fb0d34a7,05df47e5fbfa51ddd53e63186e503345dce2d57c4403807271d0fc22fb0d34a7,2350,2350,,
"Pokémon Diamond Version (USA, ADAE, header ROM version 5)","Pokémon Pearl Version (USA, APAE, header ROM version 5)",/msgdata/msg.narc,equal,534,534,,,4689d568799c3d8549615496d53103d742d56fbce873a3ba2a5afd26c3484c3c,4689d568799c3d8549615496d53103d742d56fbce873a3ba2a5afd26c3484c3c,2576,2576,,
"Pokémon Diamond Version (USA, ADAE, header ROM version 5)","Pokémon Pearl Version (USA, APAE, header ROM version 5)",/msgdata/msg.narc,equal,535,535,,,612b2383af17aa1ea5a9550d4dd136fdbf2b3fe0bcc37b8dfc91f5693f7c0f94,612b2383af17aa1ea5a9550d4dd136fdbf2b3fe0bcc37b8dfc91f5693f7c0f94,368,368,,
"Pokémon Diamond Version (USA, ADAE, header ROM version 5)","Pokémon Pearl Version (USA, APAE, header ROM version 5)",/msgdata/msg.narc,equal,536,536,,,b8f141f8de4371d4cbc6632a3cb40c62d28a779025050d1d236527a119d41b41,b8f141f8de4371d4cbc6632a3cb40c62d28a779025050d1d236527a119d41b41,1004,1004,,
"Pokémon Diamond Version (USA, ADAE, header ROM version 5)","Pokémon Pearl Version (USA, APAE, header ROM version 5)",/msgdata/msg.narc,equal,537,537,,,90718b419c3ec2ae008120d1b2a0a1e28d2bb33b46c584521db9e72c4bbcf767,90718b419c3ec2ae008120d1b2a0a1e28d2bb33b46c584521db9e72c4bbcf767,1742,1742,,
"Pokémon Diamond Version (USA, ADAE, header ROM version 5)","Pokémon Pearl Version (USA, APAE, header ROM version 5)",/msgdata/msg.narc,equal,538,538,,,b876af80218ceb8d2133c95a57f13f31525a66265a25d3a623e9cb08beff4746,b876af80218ceb8d2133c95a57f13f31525a66265a25d3a623e9cb08beff4746,566,566,,
"Pokémon Diamond Version (USA, ADAE, header ROM version 5)","Pokémon Pearl Version (USA, APAE, header ROM version 5)",/msgdata/msg.narc,equal,539,539,,,1a39ee4eb5f036b044e329ffd3aaa9ce42e0aee50be9e2c8d57eac7d85b4d689,1a39ee4eb5f036b044e329ffd3aaa9ce42e0aee50be9e2c8d57eac7d85b4d689,268,268,,
"Pokémon Diamond Version (USA, ADAE, header ROM version 5)","Pokémon Pearl Version (USA, APAE, header ROM version 5)",/msgdata/msg.narc,equal,540,540,,,67327c05427c1ac85556721aa101556601aad2acf65000a9cd19a120a0ae4560,67327c05427c1ac85556721aa101556601aad2acf65000a9cd19a120a0ae4560,1202,1202,,
"Pokémon Diamond Version (USA, ADAE, header ROM version 5)","Pokémon Pearl Version (USA, APAE, header ROM version 5)",/msgdata/msg.narc,equal,541,541,,,110ceb03137182919b77e98d84b1ef0a04296e2decf30ea3aef60aad2c7ba7ea,110ceb03137182919b77e98d84b1ef0a04296e2decf30ea3aef60aad2c7ba7ea,50,50,,
"Pokémon Diamond Version (USA, ADAE, header ROM version 5)","Pokémon Pearl Version (USA, APAE, header ROM version 5)",/msgdata/msg.narc,equal,542,542,,,3eddd70b3c9fa6acff23057202c44e0646f076f34a4df59fde63ba379b87e2ce,3eddd70b3c9fa6acff23057202c44e0646f076f34a4df59fde63ba379b87e2ce,572,572,,
"Pokémon Diamond Version (USA, ADAE, header ROM version 5)","Pokémon Pearl Version (USA, APAE, header ROM version 5)",/msgdata/msg.narc,equal,543,543,,,e45deb4464c8f68d9b3adfabeb4ffcc17e4b9bc6d0131b649d68d765daf53ef1,e45deb4464c8f68d9b3adfabeb4ffcc17e4b9bc6d0131b649d68d765daf53ef1,4888,4888,,
"Pokémon Diamond Version (USA, ADAE, header ROM version 5)","Pokémon Pearl Version (USA, APAE, header ROM version 5)",/msgdata/msg.narc,equal,544,544,,,f22bd4d5b01c259e2fb6364ba9a20844d1c7d6832044c24fe96926a92669791f,f22bd4d5b01c259e2fb6364ba9a20844d1c7d6832044c24fe96926a92669791f,1904,1904,,
"Pokémon Diamond Version (USA, ADAE, header ROM version 5)","Pokémon Pearl Version (USA, APAE, header ROM version 5)",/msgdata/msg.narc,equal,545,545,,,0da04070d7f3d3ea62cb5794b8a07e6061dea6dd97d4185a4d0f5880ce29e311,0da04070d7f3d3ea62cb5794b8a07e6061dea6dd97d4185a4d0f5880ce29e311,412,412,,
"Pokémon Diamond Version (USA, ADAE, header ROM version 5)","Pokémon Pearl Version (USA, APAE, header ROM version 5)",/msgdata/msg.narc,equal,546,546,,,7a809682c53bb023424b3e50286c47151393d1b7f6d963f1b34c15f71d673a35,7a809682c53bb023424b3e50286c47151393d1b7f6d963f1b34c15f71d673a35,1186,1186,,
"Pokémon Diamond Version (USA, ADAE, header ROM version 5)","Pokémon Pearl Version (USA, APAE, header ROM version 5)",/msgdata/msg.narc,equal,547,547,,,fc211218365d58e6ea1b1bb815df83e4542ebd9335e1c101c2cd04b6431bd48d,fc211218365d58e6ea1b1bb815df83e4542ebd9335e1c101c2cd04b6431bd48d,796,796,,
"Pokémon Diamond Version (USA, ADAE, header ROM version 5)","Pokémon Pearl Version (USA, APAE, header ROM version 5)",/msgdata/msg.narc,equal,548,548,,,43fd75ab8b4e157f0d5b77e44722008d0991060e96ff7f6ec02e325bb08cbd9f,43fd75ab8b4e157f0d5b77e44722008d0991060e96ff7f6ec02e325bb08cbd9f,140,140,,
"Pokémon Diamond Version (USA, ADAE, header ROM version 5)","Pokémon Pearl Version (USA, APAE, header ROM version 5)",/msgdata/msg.narc,equal,549,549,,,c156640395ff818df3c52419dbc645d34214a2ec63e722676f00a04281370916,c156640395ff818df3c52419dbc645d34214a2ec63e722676f00a04281370916,394,394,,
"Pokémon Diamond Version (USA, ADAE, header ROM version 5)","Pokémon Pearl Version (USA, APAE, header ROM version 5)",/msgdata/msg.narc,equal,550,550,,,dd2c12bc111f87f806faa8a9dfb145e9500c56b558685d4c3b352d5be41becd8,dd2c12bc111f87f806faa8a9dfb145e9500c56b558685d4c3b352d5be41becd8,118,118,,
"Pokémon Diamond Version (USA, ADAE, header ROM version 5)","Pokémon Pearl Version (USA, APAE, header ROM version 5)",/msgdata/msg.narc,equal,551,551,,,5150755657b8b725d59d3b6e50582ebfc3266ba079c866ea9441648010e4d9c4,5150755657b8b725d59d3b6e50582ebfc3266ba079c866ea9441648010e4d9c4,36,36,,
"Pokémon Diamond Version (USA, ADAE, header ROM version 5)","Pokémon Pearl Version (USA, APAE, header ROM version 5)",/msgdata/msg.narc,equal,552,552,,,1fd52a830a8b083863c1ea934a7e2c0e977fa61558344217aa71c53c79315ca5,1fd52a830a8b083863c1ea934a7e2c0e977fa61558344217aa71c53c79315ca5,3512,3512,,
"Pokémon Diamond Version (USA, ADAE, header ROM version 5)","Pokémon Pearl Version (USA, APAE, header ROM version 5)",/msgdata/msg.narc,equal,553,553,,,a229f4647d8eeb820646b4a95540dd674fdb0217627652808502b60e38420e12,a229f4647d8eeb820646b4a95540dd674fdb0217627652808502b60e38420e12,3512,3512,,
"Pokémon Diamond Version (USA, ADAE, header ROM version 5)","Pokémon Pearl Version (USA, APAE, header ROM version 5)",/msgdata/msg.narc,equal,554,554,,,0edfda7ca3369cecf650c8a79704b7e89d67bca261bc19e2f6b223e59deab3ad,0edfda7ca3369cecf650c8a79704b7e89d67bca261bc19e2f6b223e59deab3ad,11336,11336,,
"Pokémon Diamond Version (USA, ADAE, header ROM version 5)","Pokémon Pearl Version (USA, APAE, header ROM version 5)",/msgdata/msg.narc,equal,555,555,,,9ea6d33567230a4698d00d8320a3f982e78cadc1eeed62cdbce37313578f203a,9ea6d33567230a4698d00d8320a3f982e78cadc1eeed62cdbce37313578f203a,76506,76506,,
"Pokémon Diamond Version (USA, ADAE, header ROM version 5)","Pokémon Pearl Version (USA, APAE, header ROM version 5)",/msgdata/msg.narc,equal,556,556,,,01a40e1192e05387454b6446f3ca4df4954686b23dd86d6f4db6264ecbca73f7,01a40e1192e05387454b6446f3ca4df4954686b23dd86d6f4db6264ecbca73f7,23848,23848,,
"Pokémon Diamond Version (USA, ADAE, header ROM version 5)","Pokémon Pearl Version (USA, APAE, header ROM version 5)",/msgdata/msg.narc,equal,557,557,,,fa86bde1ca73a6bb102662426b55c73374371406a7ffd8cd0c66d3e4b17ec685,fa86bde1ca73a6bb102662426b55c73374371406a7ffd8cd0c66d3e4b17ec685,540,540,,
"Pokémon Diamond Version (USA, ADAE, header ROM version 5)","Pokémon Pearl Version (USA, APAE, header ROM version 5)",/msgdata/msg.narc,equal,558,558,,,bd26ae8273e1d694e1cba449526acbb85a2a8d24a006c3658e52787cd8cb8c05,bd26ae8273e1d694e1cba449526acbb85a2a8d24a006c3658e52787cd8cb8c05,296818,296818,,
"Pokémon Diamond Version (USA, ADAE, header ROM version 5)","Pokémon Pearl Version (USA, APAE, header ROM version 5)",/msgdata/msg.narc,equal,559,559,,,03a7be97958431695576fcf768f1a76ef2bc63d6d6d7cf69471fd094b17fd4ed,03a7be97958431695576fcf768f1a76ef2bc63d6d6d7cf69471fd094b17fd4ed,17046,17046,,
"Pokémon Diamond Version (USA, ADAE, header ROM version 5)","Pokémon Pearl Version (USA, APAE, header ROM version 5)",/msgdata/msg.narc,equal,560,560,,,ba56d355fdbdcc71cdb6303405402d985f295f298e8626e3047281766af93a78,ba56d355fdbdcc71cdb6303405402d985f295f298e8626e3047281766af93a78,2624,2624,,
"Pokémon Diamond Version (USA, ADAE, header ROM version 5)","Pokémon Pearl Version (USA, APAE, header ROM version 5)",/msgdata/msg.narc,equal,561,561,,,0a2aebe08873672006c83f7f7aef10bc6e876440a696773e3521d8e47cd53597,0a2aebe08873672006c83f7f7aef10bc6e876440a696773e3521d8e47cd53597,3046,3046,,
"Pokémon Diamond Version (USA, ADAE, header ROM version 5)","Pokémon Pearl Version (USA, APAE, header ROM version 5)",/msgdata/msg.narc,equal,562,562,,,8f547fdf08dbd3af86704b5b7fae253d8887e3b532841bf8a2bad64b4c9e3b56,8f547fdf08dbd3af86704b5b7fae253d8887e3b532841bf8a2bad64b4c9e3b56,3160,3160,,
"Pokémon Diamond Version (USA, ADAE, header ROM version 5)","Pokémon Pearl Version (USA, APAE, header ROM version 5)",/msgdata/msg.narc,equal,563,563,,,650641927501b2ba72541ed87705a501260fd55e5c6de21637a0414db8a41a11,650641927501b2ba72541ed87705a501260fd55e5c6de21637a0414db8a41a11,14056,14056,,
"Pokémon Diamond Version (USA, ADAE, header ROM version 5)","Pokémon Pearl Version (USA, APAE, header ROM version 5)",/msgdata/msg.narc,equal,564,564,,,f509b0b1daf5d0a04be5982100a298d9df395de660b7c4e418043d645d90b3a7,f509b0b1daf5d0a04be5982100a298d9df395de660b7c4e418043d645d90b3a7,5524,5524,,
"Pokémon Diamond Version (USA, ADAE, header ROM version 5)","Pokémon Pearl Version (USA, APAE, header ROM version 5)",/msgdata/msg.narc,equal,565,565,,,4897a9bf68fae5a1662019f34962da1d4f01e21b7614f0d9adf9868f92154927,4897a9bf68fae5a1662019f34962da1d4f01e21b7614f0d9adf9868f92154927,372,372,,
"Pokémon Diamond Version (USA, ADAE, header ROM version 5)","Pokémon Pearl Version (USA, APAE, header ROM version 5)",/msgdata/msg.narc,equal,566,566,,,3540a44133c85ec2c41750a094260a5941407471fb7054164c5e5e977b20b86d,3540a44133c85ec2c41750a094260a5941407471fb7054164c5e5e977b20b86d,578,578,,
"Pokémon Diamond Version (USA, ADAE, header ROM version 5)","Pokémon Pearl Version (USA, APAE, header ROM version 5)",/msgdata/msg.narc,equal,567,567,,,037c7e1be58a8709d9033f985412b00535fb244a00591769f78ce5a6703e051c,037c7e1be58a8709d9033f985412b00535fb244a00591769f78ce5a6703e051c,17718,17718,,
"Pokémon Diamond Version (USA, ADAE, header ROM version 5)","Pokémon Pearl Version (USA, APAE, header ROM version 5)",/msgdata/msg.narc,equal,568,568,,,8efd28b1cad40d5fb8f3b7e584e46c19fc471b7babdaf5c2445e1f7b42d4a68c,8efd28b1cad40d5fb8f3b7e584e46c19fc471b7babdaf5c2445e1f7b42d4a68c,6940,6940,,
"Pokémon Diamond Version (USA, ADAE, header ROM version 5)","Pokémon Pearl Version (USA, APAE, header ROM version 5)",/msgdata/msg.narc,equal,569,569,,,bf27bf56900a32cc46069747d269dcc3f2be0a559d171bb9c83325cc104a5fe9,bf27bf56900a32cc46069747d269dcc3f2be0a559d171bb9c83325cc104a5fe9,9926,9926,,
"Pokémon Diamond Version (USA, ADAE, header ROM version 5)","Pokémon Pearl Version (USA, APAE, header ROM version 5)",/msgdata/msg.narc,equal,570,570,,,b72d876b2107dbd54445d46ae389c278152c266b2fcbe3e22e8d90a41d9d159f,b72d876b2107dbd54445d46ae389c278152c266b2fcbe3e22e8d90a41d9d159f,3082,3082,,
"Pokémon Diamond Version (USA, ADAE, header ROM version 5)","Pokémon Pearl Version (USA, APAE, header ROM version 5)",/msgdata/msg.narc,equal,571,571,,,535827a42abc068f27a5ff9e360169c7bf5f0a7659db45095deb5c04a0483062,535827a42abc068f27a5ff9e360169c7bf5f0a7659db45095deb5c04a0483062,5422,5422,,
"Pokémon Diamond Version (USA, ADAE, header ROM version 5)","Pokémon Pearl Version (USA, APAE, header ROM version 5)",/msgdata/msg.narc,equal,572,572,,,cae3e2f47754dfb41ec6c8d064d9bef9c0b538bbec5a1b616c77b67bd00ac96b,cae3e2f47754dfb41ec6c8d064d9bef9c0b538bbec5a1b616c77b67bd00ac96b,1716,1716,,
"Pokémon Diamond Version (USA, ADAE, header ROM version 5)","Pokémon Pearl Version (USA, APAE, header ROM version 5)",/msgdata/msg.narc,equal,573,573,,,6c6be10c3f24ba0a6985e9ac0880504d1250545a31003330d93948e3bcc71eaa,6c6be10c3f24ba0a6985e9ac0880504d1250545a31003330d93948e3bcc71eaa,1372,1372,,
"Pokémon Diamond Version (USA, ADAE, header ROM version 5)","Pokémon Pearl Version (USA, APAE, header ROM version 5)",/msgdata/msg.narc,equal,574,574,,,6d2f93f78dce8cb27c5f481ba47ed510cc5bce8ede76722810ab98ac6f98ad96,6d2f93f78dce8cb27c5f481ba47ed510cc5bce8ede76722810ab98ac6f98ad96,490,490,,
"Pokémon Diamond Version (USA, ADAE, header ROM version 5)","Pokémon Pearl Version (USA, APAE, header ROM version 5)",/msgdata/msg.narc,equal,575,575,,,6288430b80906d921dda868cd2feec62b7489d3218eea36b3f2d366a3d3cf1ad,6288430b80906d921dda868cd2feec62b7489d3218eea36b3f2d366a3d3cf1ad,13670,13670,,
"Pokémon Diamond Version (USA, ADAE, header ROM version 5)","Pokémon Pearl Version (USA, APAE, header ROM version 5)",/msgdata/msg.narc,equal,576,576,,,24858fb1c1e1cd8c0a538da8be05096dad740e62832b689d0afc540cf895614f,24858fb1c1e1cd8c0a538da8be05096dad740e62832b689d0afc540cf895614f,24304,24304,,
"Pokémon Diamond Version (USA, ADAE, header ROM version 5)","Pokémon Pearl Version (USA, APAE, header ROM version 5)",/msgdata/msg.narc,equal,577,577,,,a009c6538c2d5912b8f8a7a2f49e44a7f804f7dea4c406c1d7c6e5a02969d900,a009c6538c2d5912b8f8a7a2f49e44a7f804f7dea4c406c1d7c6e5a02969d900,6450,6450,,
"Pokémon Diamond Version (USA, ADAE, header ROM version 5)","Pokémon Pearl Version (USA, APAE, header ROM version 5)",/msgdata/msg.narc,equal,578,578,,,b24e7ac2a27e41b997954a1eb06cd37760d07b8f1feb506120e703a3aad71e93,b24e7ac2a27e41b997954a1eb06cd37760d07b8f1feb506120e703a3aad71e93,1760,1760,,
"Pokémon Diamond Version (USA, ADAE, header ROM version 5)","Pokémon Pearl Version (USA, APAE, header ROM version 5)",/msgdata/msg.narc,equal,579,579,,,c19536fbf72d3af779626d412d412632fc09c02b296162a17247dbcec3d82af4,c19536fbf72d3af779626d412d412632fc09c02b296162a17247dbcec3d82af4,2366,2366,,
"Pokémon Diamond Version (USA, ADAE, header ROM version 5)","Pokémon Pearl Version (USA, APAE, header ROM version 5)",/msgdata/msg.narc,equal,580,580,,,1cc05a3314c7fe8e0b03d8c7f2f581fba08646021c53fa8e2007a35f47e50668,1cc05a3314c7fe8e0b03d8c7f2f581fba08646021c53fa8e2007a35f47e50668,4002,4002,,
"Pokémon Diamond Version (USA, ADAE, header ROM version 5)","Pokémon Pearl Version (USA, APAE, header ROM version 5)",/msgdata/msg.narc,equal,581,581,,,b23a08b2eaffe6fa577bb086c4e2bb1d99f2630fb8a3e4d13dd6fdb239996f61,b23a08b2eaffe6fa577bb086c4e2bb1d99f2630fb8a3e4d13dd6fdb239996f61,3272,3272,,
"Pokémon Diamond Version (USA, ADAE, header ROM version 5)","Pokémon Pearl Version (USA, APAE, header ROM version 5)",/msgdata/msg.narc,equal,582,582,,,b16516c058d4fe3d3e564e3b714f4fa96bacef6a0242d7572ef95dfd446dba64,b16516c058d4fe3d3e564e3b714f4fa96bacef6a0242d7572ef95dfd446dba64,414,414,,
"Pokémon Diamond Version (USA, ADAE, header ROM version 5)","Pokémon Pearl Version (USA, APAE, header ROM version 5)",/msgdata/msg.narc,equal,583,583,,,e26fa4df7a528b86accbdd55ebbad98702d5a1323f098bd538ffe7a3bd987b89,e26fa4df7a528b86accbdd55ebbad98702d5a1323f098bd538ffe7a3bd987b89,96,96,,
"Pokémon Diamond Version (USA, ADAE, header ROM version 5)","Pokémon Pearl Version (USA, APAE, header ROM version 5)",/msgdata/msg.narc,equal,584,584,,,57c09cf36953b590d409cd7ff8e5d15e46625112da1a8f09d87539c54cb4e1c7,57c09cf36953b590d409cd7ff8e5d15e46625112da1a8f09d87539c54cb4e1c7,3452,3452,,
"Pokémon Diamond Version (USA, ADAE, header ROM version 5)","Pokémon Pearl Version (USA, APAE, header ROM version 5)",/msgdata/msg.narc,equal,585,585,,,1c48452ce776e6ef383a8b1ad822424d440ec646e996b66156f3f42fe39e6ee4,1c48452ce776e6ef383a8b1ad822424d440ec646e996b66156f3f42fe39e6ee4,844,844,,
"Pokémon Diamond Version (USA, ADAE, header ROM version 5)","Pokémon Pearl Version (USA, APAE, header ROM version 5)",/msgdata/msg.narc,equal,586,586,,,37e0176656dc198ee917ce91909ad5a0e39808e1fed3b9aa22ceea90150bc270,37e0176656dc198ee917ce91909ad5a0e39808e1fed3b9aa22ceea90150bc270,2560,2560,,
"Pokémon Diamond Version (USA, ADAE, header ROM version 5)","Pokémon Pearl Version (USA, APAE, header ROM version 5)",/msgdata/msg.narc,equal,587,587,,,5b9cf095d0f2ac7381ff62b4a0115823f27d1b0e98c4f113070ee3cc60824e7e,5b9cf095d0f2ac7381ff62b4a0115823f27d1b0e98c4f113070ee3cc60824e7e,86114,86114,,
"Pokémon Diamond Version (USA, ADAE, header ROM version 5)","Pokémon Pearl Version (USA, APAE, header ROM version 5)",/msgdata/msg.narc,equal,588,588,,,8f560e528a7c747ed1529e8dd15d31435cf3a06d71a630622accfa950f6839a2,8f560e528a7c747ed1529e8dd15d31435cf3a06d71a630622accfa950f6839a2,13154,13154,,
"Pokémon Diamond Version (USA, ADAE, header ROM version 5)","Pokémon Pearl Version (USA, APAE, header ROM version 5)",/msgdata/msg.narc,equal,589,589,,,d029680eec2580702348066049c030fbf71d34045ae1f49798dba99d416d12ef,d029680eec2580702348066049c030fbf71d34045ae1f49798dba99d416d12ef,13154,13154,,
"Pokémon Diamond Version (USA, ADAE, header ROM version 5)","Pokémon Pearl Version (USA, APAE, header ROM version 5)",/msgdata/msg.narc,equal,590,590,,,be32f4f8fba9f693b817cc8666c71ef54d01d81403479311e99dae6cbe6cba1a,be32f4f8fba9f693b817cc8666c71ef54d01d81403479311e99dae6cbe6cba1a,1670,1670,Nintendo LZ10,Nintendo LZ10
"Pokémon Diamond Version (USA, ADAE, header ROM version 5)","Pokémon Pearl Version (USA, APAE, header ROM version 5)",/msgdata/msg.narc,equal,591,591,,,4d3c255ceed0296f68cad34572b93d3be17d40a25acdd8589f34e608ef90c36d,4d3c255ceed0296f68cad34572b93d3be17d40a25acdd8589f34e608ef90c36d,6406,6406,,
"Pokémon Diamond Version (USA, ADAE, header ROM version 5)","Pokémon Pearl Version (USA, APAE, header ROM version 5)",/msgdata/msg.narc,equal,592,592,,,579c0891d19d5c8e65356679dc81c9f09b640ca3cc304f5bb4a7646debe1c43e,579c0891d19d5c8e65356679dc81c9f09b640ca3cc304f5bb4a7646debe1c43e,4554,4554,,
"Pokémon Diamond Version (USA, ADAE, header ROM version 5)","Pokémon Pearl Version (USA, APAE, header ROM version 5)",/msgdata/msg.narc,equal,593,593,,,a3b8d2c960bccf98d42d1e8cc4eda7907c18ac82e4e95a9611c2ecee53aa13fe,a3b8d2c960bccf98d42d1e8cc4eda7907c18ac82e4e95a9611c2ecee53aa13fe,2194,2194,,
"Pokémon Diamond Version (USA, ADAE, header ROM version 5)","Pokémon Pearl Version (USA, APAE, header ROM version 5)",/msgdata/msg.narc,equal,594,594,,,ddce47ac58ef058f6871aa20a7d245bd51359e4a8948147f7f87a4af755cdbef,ddce47ac58ef058f6871aa20a7d245bd51359e4a8948147f7f87a4af755cdbef,724,724,,
"Pokémon Diamond Version (USA, ADAE, header ROM version 5)","Pokémon Pearl Version (USA, APAE, header ROM version 5)",/msgdata/msg.narc,equal,595,595,,,a364d3b770667c3e2e4f3d0a3c0a71905868bc70549c4feb5301bbb2f0e6f48e,a364d3b770667c3e2e4f3d0a3c0a71905868bc70549c4feb5301bbb2f0e6f48e,248,248,,
"Pokémon Diamond Version (USA, ADAE, header ROM version 5)","Pokémon Pearl Version (USA, APAE, header ROM version 5)",/msgdata/msg.narc,equal,596,596,,,104f03bbe36a1a913e4346f8ebd1a0a0608476b1d512902acba6397b9ec49063,104f03bbe36a1a913e4346f8ebd1a0a0608476b1d512902acba6397b9ec49063,800,800,,
"Pokémon Diamond Version (USA, ADAE, header ROM version 5)","Pokémon Pearl Version (USA, APAE, header ROM version 5)",/msgdata/msg.narc,equal,597,597,,,9c781e5d86c75e4f2fab1247241b2be27b46c4536ad4ab3e01bacd148e3edcc0,9c781e5d86c75e4f2fab1247241b2be27b46c4536ad4ab3e01bacd148e3edcc0,488,488,,
"Pokémon Diamond Version (USA, ADAE, header ROM version 5)","Pokémon Pearl Version (USA, APAE, header ROM version 5)",/msgdata/msg.narc,equal,598,598,,,2a0de8dc0122136dc04b22a6c70ea981d83cf8875f8efb374b6cee34f876cb7a,2a0de8dc0122136dc04b22a6c70ea981d83cf8875f8efb374b6cee34f876cb7a,758,758,Nintendo Huffman,Nintendo Huffman
"Pokémon Diamond Version (USA, ADAE, header ROM version 5)","Pokémon Pearl Version (USA, APAE, header ROM version 5)",/msgdata/msg.narc,equal,599,599,,,276c095ad15bc640d4528df1a7f182d1ee6ab261516ec32654631e2e87d94400,276c095ad15bc640d4528df1a7f182d1ee6ab261516ec32654631e2e87d94400,570,570,Nintendo LZ11,Nintendo LZ11
"Pokémon Diamond Version (USA, ADAE, header ROM version 5)","Pokémon Pearl Version (USA, APAE, header ROM version 5)",/msgdata/msg.narc,equal,600,600,,,6ea309c72cce75cc63c768b2b03cd6622194fc563e066e07448e781170cffa07,6ea309c72cce75cc63c768b2b03cd6622194fc563e066e07448e781170cffa07,544,544,,
"Pokémon Diamond Version (USA, ADAE, header ROM version 5)","Pokémon Pearl Version (USA, APAE, header ROM version 5)",/msgdata/msg.narc,equal,601,601,,,499c408447e88f8f5febdb7839d09561db7f29cb9ea7a32199730065dbd2c78d,499c408447e88f8f5febdb7839d09561db7f29cb9ea7a32199730065dbd2c78d,206,206,,
"Pokémon Diamond Version (USA, ADAE, header ROM version 5)","Pokémon Pearl Version (USA, APAE, header ROM version 5)",/msgdata/msg.narc,equal,602,602,,,070e930251494189a5d82449f7e34806729e07daa71c5c867a4e7c6fd67e6112,070e930251494189a5d82449f7e34806729e07daa71c5c867a4e7c6fd67e6112,720,720,,
"Pokémon Diamond Version (USA, ADAE, header ROM version 5)","Pokémon Pearl Version (USA, APAE, header ROM version 5)",/msgdata/msg.narc,equal,603,603,,,f7446ce9f47c8e5b5667e47bf891ab1615b3b82fe06bfea22fbd5a226f6f30d2,f7446ce9f47c8e5b5667e47bf891ab1615b3b82fe06bfea22fbd5a226f6f30d2,502,502,,
"Pokémon Diamond Version (USA, ADAE, header ROM version 5)","Pokémon Pearl Version (USA, APAE, header ROM version 5)",/msgdata/msg.narc,equal,604,604,,,9cd5a49134011bf848e64d351640db7e1ac2dc519d5e9b39d3d6fccd203b8fd8,9cd5a49134011bf848e64d351640db7e1ac2dc519d5e9b39d3d6fccd203b8fd8,1100,1100,,
"Pokémon Diamond Version (USA, ADAE, header ROM version 5)","Pokémon Pearl Version (USA, APAE, header ROM version 5)",/msgdata/msg.narc,equal,605,605,,,bf513461b8828fac4053411ccc926fb3283720744ba084e5256425ec89f7f1e3,bf513461b8828fac4053411ccc926fb3283720744ba084e5256425ec89f7f1e3,584,584,,
"Pokémon Diamond Version (USA, ADAE, header ROM version 5)","Pokémon Pearl Version (USA, APAE, header ROM version 5)",/msgdata/msg.narc,equal,606,606,,,5642f779f5b573a410a60e778c18da64d317b750def0e16d723ae65cb4aab636,5642f779f5b573a410a60e778c18da64d317b750def0e16d723ae65cb4aab636,1260,1260,,
"Pokémon Diamond Version (USA, ADAE, header ROM version 5)","Pokémon Pearl Version (USA, APAE, header ROM version 5)",/msgdata/msg.narc,equal,607,607,,,4638f198c087a89b0d1aa0234afd5cc09ec823ca12dd68225a4594f4444c6df4,4638f198c087a89b0d1aa0234afd5cc09ec823ca12dd68225a4594f4444c6df4,582,582,,
"Pokémon Diamond Version (USA, ADAE, header ROM version 5)","Pokémon Pearl Version (USA, APAE, header ROM version 5)",/msgdata/msg.narc,equal,608,608,,,9565d3e8998749eb554f761ff15049b119ba8ea343bb060fb9ede7cdbb0532c3,9565d3e8998749eb554f761ff15049b119ba8ea343bb060fb9ede7cdbb0532c3,552,552,Nintendo LZ11,Nintendo LZ11
"Pokémon Diamond Version (USA, ADAE, header ROM version 5)","Pokémon Pearl Version (USA, APAE, header ROM version 5)",/msgdata/msg.narc,equal,609,609,,,61eeda42bdff4e1ec07f0c7f505c42e3fb4bb13391ad45fd9c9d10c6c6691561,61eeda42bdff4e1ec07f0c7f505c42e3fb4bb13391ad45fd9c9d10c6c6691561,448,448,,
"Pokémon Diamond Version (USA, ADAE, header ROM version 5)","Pokémon Pearl Version (USA, APAE, header ROM version 5)",/msgdata/msg.narc,equal,610,610,,,3a3ba84907eebe806c270a5efdb972b3615db0f7ca0e5ce033cf3f7f63949c1d,3a3ba84907eebe806c270a5efdb972b3615db0f7ca0e5ce033cf3f7f63949c1d,724,724,,
"Pokémon Diamond Version (USA, ADAE, header ROM version 5)","Pokémon Pearl Version (USA, APAE, header ROM version 5)",/msgdata/msg.narc,equal,611,611,,,1e2b577ecbceb78774e9c8a95308a36993b660b88ed27423c1592679108f2b2d,1e2b577ecbceb78774e9c8a95308a36993b660b88ed27423c1592679108f2b2d,1406,1406,,
"Pokémon Diamond Version (USA, ADAE, header ROM version 5)","Pokémon Pearl Version (USA, APAE, header ROM version 5)",/msgdata/msg.narc,equal,612,612,,,7dd29b75585cd7260783ecabcab695dcdd29b0e8dec27385915187715624ea26,7dd29b75585cd7260783ecabcab695dcdd29b0e8dec27385915187715624ea26,7040,7040,,
"Pokémon Diamond Version (USA, ADAE, header ROM version 5)","Pokémon Pearl Version (USA, APAE, header ROM version 5)",/msgdata/msg.narc,equal,613,613,,,81977a82b822ecf7064c5485ea555e0015ea422a4e77eb301c54a7d296657ad4,81977a82b822ecf7064c5485ea555e0015ea422a4e77eb301c54a7d296657ad4,6758,6758,,
"Pokémon Diamond Version (USA, ADAE, header ROM version 5)","Pokémon Pearl Version (USA, APAE, header ROM version 5)",/msgdata/msg.narc,equal,614,614,,,abc6e72156f2d2a05fb8d892c4f2b4178f0f4b506f0ba28300c9152c4a82429d,abc6e72156f2d2a05fb8d892c4f2b4178f0f4b506f0ba28300c9152c4a82429d,2972,2972,,
"Pokémon Diamond Version (USA, ADAE, header ROM version 5)","Pokémon Pearl Version (USA, APAE, header ROM version 5)",/msgdata/msg.narc,equal,615,615,,,3cb74e0cd6ec8fcbb629b447e9aa779f1ae3dfa06fd7ed441381df73ddb37c40,3cb74e0cd6ec8fcbb629b447e9aa779f1ae3dfa06fd7ed441381df73ddb37c40,96198,96198,,
"Pokémon Diamond Version (USA, ADAE, header ROM version 5)","Pokémon Pearl Version (USA, APAE, header ROM version 5)",/msgdata/msg.narc,equal,616,616,,,e63793103b3aa82df4290c98495b91fba976fd785c23d95f1ada89f14a0365ca,e63793103b3aa82df4290c98495b91fba976fd785c23d95f1ada89f14a0365ca,96452,96452,,
"Pokémon Diamond Version (USA, ADAE, header ROM version 5)","Pokémon Pearl Version (USA, APAE, header ROM version 5)",/msgdata/msg.narc,equal,617,617,,,bc5bb0a2390f1dbc224678a9d8cb0c4c2b8d3566cd7d3318b7236b9d8220078f,bc5bb0a2390f1dbc224678a9d8cb0c4c2b8d3566cd7d3318b7236b9d8220078f,15584,15584,,
"Pokémon Diamond Version (USA, ADAE, header ROM version 5)","Pokémon Pearl Version (USA, APAE, header ROM version 5)",/msgdata/msg.narc,equal,618,618,,,527049a81de667c5a49ebadbb5f026fed2755bc28a03a397429b301626c36b79,527049a81de667c5a49ebadbb5f026fed2755bc28a03a397429b301626c36b79,4900,4900,,
"Pokémon Diamond Version (USA, ADAE, header ROM version 5)","Pokémon Pearl Version (USA, APAE, header ROM version 5)",/msgdata/msg.narc,equal,619,619,,,6153b1303b2620861ebd6a5c778999f26ee9980fa2d43e8851cc4e3e87726358,6153b1303b2620861ebd6a5c778999f26ee9980fa2d43e8851cc4e3e87726358,15812,15812,,
"Pokémon Diamond Version (USA, ADAE, header ROM version 5)","Pokémon Pearl Version (USA, APAE, header ROM version 5)",/msgdata/msg.narc,equal,620,620,,,c33cbf38334ae91c93e6700ccc7f92cdf543ff147117904a6ecd56cc4e180175,c33cbf38334ae91c93e6700ccc7f92cdf543ff147117904a6ecd56cc4e180175,11860,11860,,
"Pokémon Diamond Version (USA, ADAE, header ROM version 5)","Pokémon Pearl Version (USA, APAE, header ROM version 5)",/msgdata/msg.narc,equal,621,621,,,6c23c14f4f123d76ce56722b5a02cb265cac0b582b2a8632bbb1bdd08c146626,6c23c14f4f123d76ce56722b5a02cb265cac0b582b2a8632bbb1bdd08c146626,19996,19996,,
"Pokémon Diamond Version (USA, ADAE, header ROM version 5)","Pokémon Pearl Version (USA, APAE, header ROM version 5)",/msgdata/msg.narc,equal,622,622,,,e7635fbd6a66110aa24cd64ec6969d00a66a49c08bc294105d5cd5a440912421,e7635fbd6a66110aa24cd64ec6969d00a66a49c08bc294105d5cd5a440912421,2838,2838,,
"Pokémon Diamond Version (USA, ADAE, header ROM version 5)","Pokémon Pearl Version (USA, APAE, header ROM version 5)",/msgdata/msg.narc,equal,623,623,,,6be81ae30b15c81524240a6f989a49684d95e9662436284ebb437109a05e5672,6be81ae30b15c81524240a6f989a49684d95e9662436284ebb437109a05e5672,2940,2940,,
"Pokémon Diamond Version (USA, ADAE, header ROM version 5)","Pokémon Pearl Version (USA, APAE, header ROM version 5)",/msgdata/scenario/scr_msg.narc,equal,0,0,,,fbef739902a46e1a4a3fae63af1d684a8eac34e12fb6753b6268eb77b3dbb5e8,fbef739902a46e1a4a3fae63af1d684a8eac34e12fb6753b6268eb77b3dbb5e8,2208,2208,,
"Pokémon Diamond Version (USA, ADAE, header ROM version 5)","Pokémon Pearl Version (USA, APAE, header ROM version 5)",/msgdata/scenario/scr_msg.narc,equal,1,1,,,b4d9f0fab18b3ec08c7ffc2637830d060d698458c87167628f2da0ad6717dd46,b4d9f0fab18b3ec08c7ffc2637830d060d698458c87167628f2da0ad6717dd46,434,434,,
"Pokémon Diamond Version (USA, ADAE, header ROM version 5)","Pokémon Pearl Version (USA, APAE, header ROM version 5)",/msgdata/scenario/scr_msg.narc,equal,2,2,,,d83c0780b6696006205d05f6fdba253b50a9e17f21177d9021a6ccbada161520,d83c0780b6696006205d05f6fdba253b50a9e17f21177d9021a6ccbada161520,92,92,,
"Pokémon Diamond Version (USA, ADAE, header ROM version 5)","Pokémon Pearl Version (USA, APAE, header ROM version 5)",/msgdata/scenario/scr_msg.narc,equal,3,3,,,8d40a504fbaabfb07d83239f250817838e8a9b540362ce7563e61dde84cf1ecc,8d40a504fbaabfb07d83239f250817838e8a9b540362ce7563e61dde84cf1ecc,604,604,,
"Pokémon Diamond Version (USA, ADAE, header ROM version 5)","Pokémon Pearl Version (USA, APAE, header ROM version 5)",/msgdata/scenario/scr_msg.narc,equal,4,4,,,5f4fc5961889acb785a064e626d9170e93928ef82529e5834fa25c45b9245903,5f4fc5961889acb785a064e626d9170e93928ef82529e5834fa25c45b9245903,264,264,,
"Pokémon Diamond Version (USA, ADAE, header ROM version 5)","Pokémon Pearl Version (USA, APAE, header ROM version 5)",/msgdata/scenario/scr_msg.narc,equal,5,5,,,ec616a1decd88fd8369f19dbc4e43ffc515e7076cf19da825608940018681121,ec616a1decd88fd8369f19dbc4e43ffc515e7076cf19da825608940018681121,226,226,,
"Pokémon Diamond Version (USA, ADAE, header ROM version 5)","Pokémon Pearl Version (USA, APAE, header ROM version 5)",/msgdata/scenario/scr_msg.narc,equal,6,6,,,5add9a84487658658150ba2519d8955e2a499c4cf253c3bfe88129fc6f1b2709,5add9a84487658658150ba2519d8955e2a499c4cf253c3bfe88129fc6f1b2709,142,142,,
"Pokémon Diamond Version (USA, ADAE, header ROM version 5)","Pokémon Pearl Version (USA, APAE, header ROM version 5)",/msgdata/scenario/scr_msg.narc,equal,7,7,,,48ec6cb148e2404620d298785af794a502f2be9a6867ca2e6af3a3e8b4bc6458,48ec6cb148e2404620d298785af794a502f2be9a6867ca2e6af3a3e8b4bc6458,142,142,,
"Pokémon Diamond Version (USA, ADAE, header ROM version 5)","Pokémon Pearl Version (USA, APAE, header ROM version 5)",/msgdata/scenario/scr_msg.narc,equal,8,8,,,e17052ce8ebc4e843de9a1b62cb69032f45ca908aa9d5fc57f9e45dca2f1ed9f,e17052ce8ebc4e843de9a1b62cb69032f45ca908aa9d5fc57f9e45dca2f1ed9f,150,150,,
"Pokémon Diamond Version (USA, ADAE, header ROM version 5)","Pokémon Pearl Version (USA, APAE, header ROM version 5)",/msgdata/scenario/scr_msg.narc,equal,9,9,,,a5bfc9938dc3bb18ef271b0d47c3cf906b0b7d52dbbb557214fd49f4fb05ed27,a5bfc9938dc3bb18ef271b0d47c3cf906b0b7d52dbbb557214fd49f4fb05ed27,152,152,,
"Pokémon Diamond Version (USA, ADAE, header ROM version 5)","Pokémon Pearl Version (USA, APAE, header ROM version 5)",/msgdata/scenario/scr_msg.narc,equal,10,10,,,c40f483426763210bf33f4ba501582b5045cdded55037e3ef023ba63382feb0f,c40f483426763210bf33f4ba501582b5045cdded55037e3ef023ba63382feb0f,340,340,,
"Pokémon Diamond Version (USA, ADAE, header ROM version 5)","Pokémon Pearl Version (USA, APAE, header ROM version 5)",/msgdata/scenario/scr_msg.narc,equal,11,11,,,fba043aed93dff5aa9770e96c99cb1e592a208d2889116df70cbfbc2681b8057,fba043aed93dff5aa9770e96c99cb1e592a208d2889116df70cbfbc2681b8057,138,138,,
"Pokémon Diamond Version (USA, ADAE, header ROM version 5)","Pokémon Pearl Version (USA, APAE, header ROM version 5)",/msgdata/scenario/scr_msg.narc,equal,12,12,,,614f0ffd5a0917258a7407543552b385a6363d38c33e77c95588e237e6a39c08,614f0ffd5a0917258a7407543552b385a6363d38c33e77c95588e237e6a39c08,176,176,,
"Pokémon Diamond Version (USA, ADAE, header ROM version 5)","Pokémon Pearl Version (USA, APAE, header ROM version 5)",/msgdata/scenario/scr_msg.narc,equal,13,13,,,680c82f1f350fa2ebb84e7707863926e51fdf8ee720bcbb799ff65e0946f7e3d,680c82f1f350fa2ebb84e7707863926e51fdf8ee720bcbb799ff65e0946f7e3d,48,48,,
"Pokémon Diamond Version (USA, ADAE, header ROM version 5)","Pokémon Pearl Version (USA, APAE, header ROM version 5)",/msgdata/scenario/scr_msg.narc,equal,14,14,,,c80cf3d756ea319916f901fd9d7fd62c61466b7ce40205b6a90d3414e1d46fa7,c80cf3d756ea319916f901fd9d7fd62c61466b7ce40205b6a90d3414e1d46fa7,220,220,,
"Pokémon Diamond Version (USA, ADAE, header ROM version 5)","Pokémon Pearl Version (USA, APAE, header ROM version 5)",/msgdata/scenario/scr_msg.narc,equal,15,15,,,1b483407c08c855ea715fbbc35aebbc782a1013d9b2a4292d0351577db737c72,1b483407c08c855ea715fbbc35aebbc782a1013d9b2a4292d0351577db737c72,1220,1220,Nintendo LZ10,Nintendo LZ10
"Pokémon Diamond Version (USA, ADAE, header ROM version 5)","Pokémon Pearl Version (USA, APAE, header ROM version 5)",/particledata/particledata.narc,equal,0,0,,,a8872327769e47140cace4061d1de76cc746a440c4ccf75fb45ee23e49d37ef7,a8872327769e47140cace4061d1de76cc746a440c4ccf75fb45ee23e49d37ef7,712,712,Nintendo Huffman,Nintendo Huffman
"Pokémon Diamond Version (USA, ADAE, header ROM version 5)","Pokémon Pearl Version (USA, APAE, header ROM version 5)",/particledata/particledata.narc,equal,1,1,,,c3977ec0429e9d3f69c89d422bc06989a493cd64a304d74262fc1b8ab4bc7e6b,c3977ec0429e9d3f69c89d422bc06989a493cd64a304d74262fc1b8ab4bc7e6b,1220,1220,Nintendo Huffman,Nintendo Huffman
"Pokémon Diamond Version (USA, ADAE, header ROM version 5)","Pokémon Pearl Version (USA, APAE, header ROM version 5)",/particledata/particledata.narc,equal,2,2,,,b0581d89db02710f91f3688b796c558164dc833c70d48c0d0f3be58d85a119fb,b0581d89db02710f91f3688b796c558164dc833c70d48c0d0f3be58d85a119fb,6112,6112,Nintendo Huffman,Nintendo Huffman
"Pokémon Diamond Version (USA, ADAE, header ROM version 5)","Pokémon Pearl Version (USA, APAE, header ROM version 5)",/particledata/particledata.narc,equal,3,3,,,34a13e1ec67e770913ea64b283e2d37d2507f0fc6ce5502a0195f5310aef6b24,34a13e1ec67e770913ea64b283e2d37d2507f0fc6ce5502a0195f5310aef6b24,12904,12904,Nintendo Huffman,Nintendo Huffman
"Pokémon Diamond Version (USA, ADAE, header ROM version 5)","Pokémon Pearl Version (USA, APAE, header ROM version 5)",/particledata/particledata.narc,equal,4,4,,,01a4bbfb5f678d39ba11fe797b86a96ab7710c95c287f791a3db89f79c3aadc9,01a4bbfb5f678d39ba11fe797b86a96ab7710c95c287f791a3db89f79c3aadc9,7892,7892,Nintendo Huffman,Nintendo Huffman
"Pokémon Diamond Version (USA, ADAE, header ROM version 5)","Pokémon Pearl Version (USA, APAE, header ROM version 5)",/particledata/particledata.narc,equal,5,5,,,969d9b40db7906d9c728ba3493e6bfef3305dca7eea430802967841db0a9229b,969d9b40db7906d9c728ba3493e6bfef3305dca7eea430802967841db0a9229b,5360,5360,Nintendo Huffman,Nintendo Huffman
"Pokémon Diamond Version (USA, ADAE, header ROM version 5)","Pokémon Pearl Version (USA, APAE, header ROM version 5)",/pokeanime/poke_anm.narc,equal,0,0,,,6b143942071b4a09711ae8f64ca3717fc2e8b0e56f5928ee9fa20180d7fc1873,6b143942071b4a09711ae8f64ca3717fc2e8b0e56f5928ee9fa20180d7fc1873,132,132,,
"Pokémon Diamond Version (USA, ADAE, header ROM version 5)","Pokémon Pearl Version (USA, APAE, header ROM version 5)",/pokeanime/poke_anm.narc,equal,1,1,,,dbc50d59bb9a28c09e8a49f0de7b31b789a6e286bf85debd913370162c643d55,dbc50d59bb9a28c09e8a49f0de7b31b789a6e286bf85debd913370162c643d55,44,44,,
"Pokémon Diamond Version (USA, ADAE, header ROM version 5)","Pokémon Pearl Version (USA, APAE, header ROM version 5)",/pokeanime/poke_anm.narc,equal,2,2,,,2c9d5d53ae267539c41a60ca53efe78bf5c4a2912dc732119befd14920ea2c6f,2c9d5d53ae267539c41a60ca53efe78bf5c4a2912dc732119befd14920ea2c6f,96,96,,
"Pokémon Diamond Version (USA, ADAE, header ROM version 5)","Pokémon Pearl Version (USA, APAE, header ROM version 5)",/pokeanime/poke_anm.narc,equal,3,3,,,82125b6b1121b8910cca8e621a6a5f986d4308da33917f1a5a2d61364205ec55,82125b6b1121b8910cca8e621a6a5f986d4308da33917f1a5a2d61364205ec55,280,280,,
"Pokémon Diamond Version (USA, ADAE, header ROM version 5)","Pokémon Pearl Version (USA, APAE, header ROM version 5)",/pokeanime/poke_anm.narc,equal,4,4,,,da571814f202aae2b085e33e5813f1cff372c7dc4a550c19197faed56925f7c3,da571814f202aae2b085e33e5813f1cff372c7dc4a550c19197faed56925f7c3,132,132,,
"Pokémon Diamond Version (USA, ADAE, header ROM version 5)","Pokémon Pearl Version (USA, APAE, header ROM version 5)",/pokeanime/poke_anm.narc,equal,5,5,,,08c161287eae41171376ff3c147bd18aeb18b636a73bc4873b2a9b6627d8f213,08c161287eae41171376ff3c147bd18aeb18b636a73bc4873b2a9b6627d8f213,44,44,,
"Pokémon Diamond Version (USA, ADAE, header ROM version 5)","Pokémon Pearl Version (USA, APAE, header ROM version 5)",/pokeanime/poke_anm.narc,equal,6,6,,,21cc97a846057862db1be5c1f6019e96c12c8c8507033655da0736c79c152cb0,21cc97a846057862db1be5c1f6019e96c12c8c8507033655da0736c79c152cb0,96,96,,
"Pokémon Diamond Version (USA, ADAE, header ROM version 5)","Pokémon Pearl Version (USA, APAE, header ROM version 5)",/pokeanime/poke_anm.narc,equal,7,7,,,13366fb628bc4a76c9578b750d84a66d29a4a726c7acb6ab7b94a99a83eb0bad,13366fb628bc4a76c9578b750d84a66d29a4a726c7acb6ab7b94a99a83eb0bad,376,376,,
"Pokémon Diamond Version (USA, ADAE, header ROM version 5)","Pokémon Pearl Version (USA, APAE, header ROM version 5)",/pokeanime/poke_anm.narc,equal,8,8,,,c241deea641d07478bdaffc594cc74dafa38ce3edce543c0255830765ddf6486,c241deea641d07478bdaffc594cc74dafa38ce3edce543c0255830765ddf6486,44,44,,
"Pokémon Diamond Version (USA, ADAE, header ROM version 5)","Pokémon Pearl Version (USA, APAE, header ROM version 5)",/pokeanime/poke_anm.narc,equal,9,9,,,6adb9e38d6d8b6a8ebc512b71ab36d8267941c9cd7cca41866fb0f185decf2f5,6adb9e38d6d8b6a8ebc512b71ab36d8267941c9cd7cca41866fb0f185decf2f5,80,80,,
"Pokémon Diamond Version (USA, ADAE, header ROM version 5)","Pokémon Pearl Version (USA, APAE, header ROM version 5)",/pokeanime/poke_anm.narc,equal,10,10,,,34ab046145a7e3b22d0bc79eb52c78471b2a35f85f9ffeb5973b01a38523ede4,34ab046145a7e3b22d0bc79eb52c78471b2a35f85f9ffeb5973b01a38523ede4,728,728,,
"Pokémon Diamond Version (USA, ADAE, header ROM version 5)","Pokémon Pearl Version (USA, APAE, header ROM version 5)",/pokeanime/poke_anm.narc,equal,11,11,,,7c416d09330c7ccb19e5065b9c99855720b0e2e288e632cb50e877478510299c,7c416d09330c7ccb19e5065b9c99855720b0e2e288e632cb50e877478510299c,392,392,,
"Pokémon Diamond Version (USA, ADAE, header ROM version 5)","Pokémon Pearl Version (USA, APAE, header ROM version 5)",/pokeanime/poke_anm.narc,equal,12,12,,,a051c0d20c7ac05e2d744b2be1ee66c74210dc63ee0631d523d0674b65023d29,a051c0d20c7ac05e2d744b2be1ee66c74210dc63ee0631d523d0674b65023d29,728,728,,
"Pokémon Diamond Version (USA, ADAE, header ROM version 5)","Pokémon Pearl Version (USA, APAE, header ROM version 5)",/pokeanime/poke_anm.narc,equal,13,13,,,6f9114f2ce988b8f8c6e04155f9e32d333178bdc89425fdd1f8dd3b1f83e34b4,6f9114f2ce988b8f8c6e04155f9e32d333178bdc89425fdd1f8dd3b1f83e34b4,80,80,,
"Pokémon Diamond Version (USA, ADAE, header ROM version 5)","Pokémon Pearl Version (USA, APAE, header ROM version 5)",/pokeanime/poke_anm.narc,equal,14,14,,,61f165d8f7afe7660466e2df3a94c2102d98973d5e4daf5a5a57ea2a70f9213e,61f165d8f7afe7660466e2df3a94c2102d98973d5e4daf5a5a57ea2a70f9213e,412,412,,
"Pokémon Diamond Version (USA, ADAE, header ROM version 5)","Pokémon Pearl Version (USA, APAE, header ROM version 5)",/pokeanime/poke_anm.narc,equal,15,15,,,6e17715dc258e621bac927ea66646d5ebc2886532cc333d54021a77e32ce58d6,6e17715dc258e621bac927ea66646d5ebc2886532cc333d54021a77e32ce58d6,148,148,,
"Pokémon Diamond Version (USA, ADAE, header ROM version 5)","Pokémon Pearl Version (USA, APAE, header ROM version 5)",/pokeanime/poke_anm.narc,equal,16,16,,,94bc969842b69ddb422ee819b39ee1d22bade846a3c30f2219145b12fe46d6b2,94bc969842b69ddb422ee819b39ee1d22bade846a3c30f2219145b12fe46d6b2,44,44,,
"Pokémon Diamond Version (USA, ADAE, header ROM version 5)","Pokémon Pearl Version (USA, APAE, header ROM version 5)",/pokeanime/poke_anm.narc,equal,17,17,,,ec3885fb610cf16c704d8eaef1d14c747fb63c5b1c763455bb8ce31eed396f58,ec3885fb610cf16c704d8eaef1d14c747fb63c5b1c763455bb8ce31eed396f58,80,80,,
"Pokémon Diamond Version (USA, ADAE, header ROM version 5)","Pokémon Pearl Version (USA, APAE, header ROM version 5)",/pokeanime/poke_anm.narc,equal,18,18,,,94aabd4325039bd74073621ec75feb2d11b409c9a2ebf72e9f10a3bb7ce31034,94aabd4325039bd74073621ec75feb2d11b409c9a2ebf72e9f10a3bb7ce31034,80,80,,
"Pokémon Diamond Version (USA, ADAE, header ROM version 5)","Pokémon Pearl Version (USA, APAE, header ROM version 5)",/pokeanime/poke_anm.narc,equal,19,19,,,0d5c6217febc5f54905650506b281dea9a09d3aaaa173120e1fde15c6f9b06e9,0d5c6217febc5f54905650506b281dea9a09d3aaaa173120e1fde15c6f9b06e9,192,192,,
"Pokémon Diamond Version (USA, ADAE, header ROM version 5)","Pokémon Pearl Version (USA, APAE, header ROM version 5)",/pokeanime/poke_anm.narc,equal,20,20,,,7288e9fe92585dd30c47996e9f812046507fee8c61527fead96f2eb3c33ce0bd,7288e9fe92585dd30c47996e9f812046507fee8c61527fead96f2eb3c33ce0bd,80,80,,
"Pokémon Diamond Version (USA, ADAE, header ROM version 5)","Pokémon Pearl Version (USA, APAE, header ROM version 5)",/pokeanime/poke_anm.narc,equal,21,21,,,995fe156b9f3148c72b9afe28dfcb3ffbc6bdc051552fe7252567b655ba42863,995fe156b9f3148c72b9afe28dfcb3ffbc6bdc051552fe7252567b655ba42863,96,96,,
"Pokémon Diamond Version (USA, ADAE, header ROM version 5)","Pokémon Pearl Version (USA, APAE, header ROM version 5)",/pokeanime/poke_anm.narc,equal,22,22,,,f445cf5d4ed1baeca12d2377b5ba55772504ef8f5f390fa51d8837a5dce2952f,f445cf5d4ed1baeca12d2377b5ba55772504ef8f5f390fa51d8837a5dce2952f,80,80,,
"Pokémon Diamond Version (USA, ADAE, header ROM version 5)","Pokémon Pearl Version (USA, APAE, header ROM version 5)",/pokeanime/poke_anm.narc,equal,23,23,,,2d08b7b245422c06c7b7dae0f959643d91e024eefc10585a8ff845a3179d6539,2d08b7b245422c06c7b7dae0f959643d91e024eefc10585a8ff845a3179d6539,728,728,,
"Pokémon Diamond Version (USA, ADAE, header ROM version 5)","Pokémon Pearl Version (USA, APAE, header ROM version 5)",/pokeanime/poke_anm.narc,equal,24,24,,,6b143942071b4a09711ae8f64ca3717fc2e8b0e56f5928ee9fa20180d7fc1873,6b143942071b4a09711ae8f64ca3717fc2e8b0e56f5928ee9fa20180d7fc1873,132,132,,
"Pokémon Diamond Version (USA, ADAE, header ROM version 5)","Pokémon Pearl Version (USA, APAE, header ROM version 5)",/pokeanime/poke_anm.narc,equal,25,25,,,6b143942071b4a09711ae8f64ca3717fc2e8b0e56f5928ee9fa20180d7fc1873,6b143942071b4a09711ae8f64ca3717fc2e8b0e56f5928ee9fa20180d7fc1873,132,132,,
"Pokémon Diamond Version (USA, ADAE, header ROM version 5)","Pokémon Pearl Version (USA, APAE, header ROM version 5)",/pokeanime/poke_anm.narc,equal,26,26,,,6b143942071b4a09711ae8f64ca3717fc2e8b0e56f5928ee9fa20180d7fc1873,6b143942071b4a09711ae8f64ca3717fc2e8b0e56f5928ee9fa20180d7fc1873,132,132,,
"Pokémon Diamond Version (USA, ADAE, header ROM version 5)","Pokémon Pearl Version (USA, APAE, header ROM version 5)",/pokeanime/poke_anm.narc,equal,27,27,,,6b143942071b4a09711ae8f64ca3717fc2e8b0e56f5928ee9fa20180d7fc1873,6b143942071b4a09711ae8f64ca3717fc2e8b0e56f5928ee9fa20180d7fc1873,132,132,,
"Pokémon Diamond Version (USA, ADAE, header ROM version 5)","Pokémon Pearl Version (USA, APAE, header ROM version 5)",/pokeanime/poke_anm.narc,equal,28,28,,,6b143942071b4a09711ae8f64ca3717fc2e8b0e56f5928ee9fa20180d7fc1873,6b143942071b4a09711ae8f64ca3717fc2e8b0e56f5928ee9fa20180d7fc1873,132,132,,
"Pokémon Diamond Version (USA, ADAE, header ROM version 5)","Pokémon Pearl Version (USA, APAE, header ROM version 5)",/pokeanime/poke_anm.narc,equal,29,29,,,6b143942071b4a09711ae8f64ca3717fc2e8b0e56f5928ee9fa20180d7fc1873,6b143942071b4a09711ae8f64ca3717fc2e8b0e56f5928ee9fa20180d7fc1873,132,132,,
"Pokémon Diamond Version (USA, ADAE, header ROM version 5)","Pokémon Pearl Version (USA, APAE, header ROM version 5)",/pokeanime/poke_anm.narc,equal,30,30,,,6b143942071b4a09711ae8f64ca3717fc2e8b0e56f5928ee9fa20180d7fc1873,6b143942071b4a09711ae8f64ca3717fc2e8b0e56f5928ee9fa20180d7fc1873,132,132,,
"Pokémon Diamond Version (USA, ADAE, header ROM version 5)","Pokémon Pearl Version (USA, APAE, header ROM version 5)",/pokeanime/poke_anm.narc,equal,31,31,,,6b143942071b4a09711ae8f64ca3717fc2e8b0e56f5928ee9fa20180d7fc1873,6b143942071b4a09711ae8f64ca3717fc2e8b0e56f5928ee9fa20180d7fc1873,132,132,,
"Pokémon Diamond Version (USA, ADAE, header ROM version 5)","Pokémon Pearl Version (USA, APAE, header ROM version 5)",/pokeanime/poke_anm.narc,equal,32,32,,,6b143942071b4a09711ae8f64ca3717fc2e8b0e56f5928ee9fa20180d7fc1873,6b143942071b4a09711ae8f64ca3717fc2e8b0e56f5928ee9fa20180d7fc1873,132,132,,
"Pokémon Diamond Version (USA, ADAE, header ROM version 5)","Pokémon Pearl Version (USA, APAE, header ROM version 5)",/pokeanime/poke_anm.narc,equal,33,33,,,6b143942071b4a09711ae8f64ca3717fc2e8b0e56f5928ee9fa20180d7fc1873,6b143942071b4a09711ae8f64ca3717fc2e8b0e56f5928ee9fa20180d7fc1873,132,132,,
"Pokémon Diamond Version (USA, ADAE, header ROM version 5)","Pokémon Pearl Version (USA, APAE, header ROM version 5)",/pokeanime/poke_anm.narc,equal,34,34,,,6b143942071b4a09711ae8f64ca3717fc2e8b0e56f5928ee9fa20180d7fc1873,6b143942071b4a09711ae8f64ca3717fc2e8b0e56f5928ee9fa20180d7fc1873,132,132,,
"Pokémon Diamond Version (USA, ADAE, header ROM version 5)","Pokémon Pearl Version (USA, APAE, header ROM version 5)",/pokeanime/poke_anm.narc,equal,35,35,,,6b143942071b4a09711ae8f64ca3717fc2e8b0e56f5928ee9fa20180d7fc1873,6b143942071b4a09711ae8f64ca3717fc2e8b0e56f5928ee9fa20180d7fc1873,132,132,,
"Pokémon Diamond Version (USA, ADAE, header ROM version 5)","Pokémon Pearl Version (USA, APAE, header ROM version 5)",/pokeanime/poke_anm.narc,equal,36,36,,,6b143942071b4a09711ae8f64ca3717fc2e8b0e56f5928ee9fa20180d7fc1873,6b143942071b4a09711ae8f64ca3717fc2e8b0e56f5928ee9fa20180d7fc1873,132,132,,
"Pokémon Diamond Version (USA, ADAE, header ROM version 5)","Pokémon Pearl Version (USA, APAE, header ROM version 5)",/pokeanime/poke_anm.narc,equal,37,37,,,6b143942071b4a09711ae8f64ca3717fc2e8b0e56f5928ee9fa20180d7fc1873,6b143942071b4a09711ae8f64ca3717fc2e8b0e56f5928ee9fa20180d7fc1873,132,132,,
"Pokémon Diamond Version (USA, ADAE, header ROM version 5)","Pokémon Pearl Version (USA, APAE, header ROM version 5)",/pokeanime/poke_anm.narc,equal,38,38,,,6b143942071b4a09711ae8f64ca3717fc2e8b0e56f5928ee9fa20180d7fc1873,6b143942071b4a09711ae8f64ca3717fc2e8b0e56f5928ee9fa20180d7fc1873,132,132,,
"Pokémon Diamond Version (USA, ADAE, header ROM version 5)","Pokémon Pearl Version (USA, APAE, header ROM version 5)",/pokeanime/poke_anm.narc,equal,39,39,,,6b143942071b4a09711ae8f64ca3717fc2e8b0e56f5928ee9fa20180d7fc1873,6b143942071b4a09711ae8f64ca3717fc2e8b0e56f5928ee9fa20180d7fc1873,132,132,,
"Pokémon Diamond Version (USA, ADAE, header ROM version 5)","Pokémon Pearl Version (USA, APAE, header ROM version 5)",/pokeanime/poke_anm.narc,equal,40,40,,,6b143942071b4a09711ae8f64ca3717fc2e8b0e56f5928ee9fa20180d7fc1873,6b143942071b4a09711ae8f64ca3717fc2e8b0e56f5928ee9fa20180d7fc1873,132,132,,
"Pokémon Diamond Version (USA, ADAE, header ROM version 5)","Pokémon Pearl Version (USA, APAE, header ROM version 5)",/pokeanime/poke_anm.narc,equal,41,41,,,6b143942071b4a09711ae8f64ca3717fc2e8b0e56f5928ee9fa20180d7fc1873,6b143942071b4a09711ae8f64ca3717fc2e8b0e56f5928ee9fa20180d7fc1873,132,132,,
"Pokémon Diamond Version (USA, ADAE, header ROM version 5)","Pokémon Pearl Version (USA, APAE, header ROM version 5)",/pokeanime/poke_anm.narc,equal,42,42,,,6b143942071b4a09711ae8f64ca3717fc2e8b0e56f5928ee9fa20180d7fc1873,6b143942071b4a09711ae8f64ca3717fc2e8b0e56f5928ee9fa20180d7fc1873,132,132,,
"Pokémon Diamond Version (USA, ADAE, header ROM version 5)","Pokémon Pearl Version (USA, APAE, header ROM version 5)",/pokeanime/poke_anm.narc,equal,43,43,,,6b143942071b4a09711ae8f64ca3717fc2e8b0e56f5928ee9fa20180d7fc1873,6b143942071b4a09711ae8f64ca3717fc2e8b0e56f5928ee9fa20180d7fc1873,132,132,,
"Pokémon Diamond Version (USA, ADAE, header ROM version 5)","Pokémon Pearl Version (USA, APAE, header ROM version 5)",/pokeanime/poke_anm.narc,equal,44,44,,,6b143942071b4a09711ae8f64ca3717fc2e8b0e56f5928ee9fa20180d7fc1873,6b143942071b4a09711ae8f64ca3717fc2e8b0e56f5928ee9fa20180d7fc1873,132,132,,
"Pokémon Diamond Version (USA, ADAE, header ROM version 5)","Pokémon Pearl Version (USA, APAE, header ROM version 5)",/pokeanime/poke_anm.narc,equal,45,45,,,6b143942071b4a09711ae8f64ca3717fc2e8b0e56f5928ee9fa20180d7fc1873,6b143942071b4a09711ae8f64ca3717fc2e8b0e56f5928ee9fa20180d7fc1873,132,132,,
"Pokémon Diamond Version (USA, ADAE, header ROM version 5)","Pokémon Pearl Version (USA, APAE, header ROM version 5)",/pokeanime/poke_anm.narc,equal,46,46,,,6b143942071b4a09711ae8f64ca3717fc2e8b0e56f5928ee9fa20180d7fc1873,6b143942071b4a09711ae8f64ca3717fc2e8b0e56f5928ee9fa20180d7fc1873,132,132,,
"Pokémon Diamond Version (USA, ADAE, header ROM version 5)","Pokémon Pearl Version (USA, APAE, header ROM version 5)",/pokeanime/poke_anm.narc,equal,47,47,,,6b143942071b4a09711ae8f64ca3717fc2e8b0e56f5928ee9fa20180d7fc1873,6b143942071b4a09711ae8f64ca3717fc2e8b0e56f5928ee9fa20180d7fc1873,132,132,,
"Pokémon Diamond Version (USA, ADAE, header ROM version 5)","Pokémon Pearl Version (USA, APAE, header ROM version 5)",/pokeanime/poke_anm.narc,equal,48,48,,,6b143942071b4a09711ae8f64ca3717fc2e8b0e56f5928ee9fa20180d7fc1873,6b143942071b4a09711ae8f64ca3717fc2e8b0e56f5928ee9fa20180d7fc1873,132,132,,
"Pokémon Diamond Version (USA, ADAE, header ROM version 5)","Pokémon Pearl Version (USA, APAE, header ROM version 5)",/pokeanime/poke_anm.narc,equal,49,49,,,6b143942071b4a09711ae8f64ca3717fc2e8b0e56f5928ee9fa20180d7fc1873,6b143942071b4a09711ae8f64ca3717fc2e8b0e56f5928ee9fa20180d7fc1873,132,132,,
"Pokémon Diamond Version (USA, ADAE, header ROM version 5)","Pokémon Pearl Version (USA, APAE, header ROM version 5)",/pokeanime/poke_anm.narc,equal,50,50,,,e183392b998ff6f80653f21ad216de9e89068108fb3e5ec16e4bd460dfbee675,e183392b998ff6f80653f21ad216de9e89068108fb3e5ec16e4bd460dfbee675,148,148,,
"Pokémon Diamond Version (USA, ADAE, header ROM version 5)","Pokémon Pearl Version (USA, APAE, header ROM version 5)",/pokeanime/poke_anm.narc,equal,51,51,,,43907e9d76355f6bb54ddd0ba09efa17eed03279a5a340bd8bd6bde6c40ed068,43907e9d76355f6bb54ddd0ba09efa17eed03279a5a340bd8bd6bde6c40ed068,148,148,,
"Pokémon Diamond Version (USA, ADAE, header ROM version 5)","Pokémon Pearl Version (USA, APAE, header ROM version 5)",/pokeanime/poke_anm.narc,equal,52,52,,,6e17715dc258e621bac927ea66646d5ebc2886532cc333d54021a77e32ce58d6,6e17715dc258e621bac927ea66646d5ebc2886532cc333d54021a77e32ce58d6,148,148,,
"Pokémon Diamond Version (USA, ADAE, header ROM version 5)","Pokémon Pearl Version (USA, APAE, header ROM version 5)",/pokeanime/poke_anm.narc,equal,53,53,,,6dbb56e69f030dbeffdc933d64cf73587050008fc230a244a4430d3d2135c3d9,6dbb56e69f030dbeffdc933d64cf73587050008fc230a244a4430d3d2135c3d9,44,44,,
"Pokémon Diamond Version (USA, ADAE, header ROM version 5)","Pokémon Pearl Version (USA, APAE, header ROM version 5)",/pokeanime/poke_anm.narc,equal,54,54,,,9f76e1cea6d7913dc58a6aac2fcaa9f12362a667419bcae3e04bf76cd9ec9646,9f76e1cea6d7913dc58a6aac2fcaa9f12362a667419bcae3e04bf76cd9ec9646,44,44,,
"Pokémon Diamond Version (USA, ADAE, header ROM version 5)","Pokémon Pearl Version (USA, APAE, header ROM version 5)",/pokeanime/poke_anm.narc,equal,55,55,,,160320ee9a04d3e4d3908c7a233a802dc80cb913c7942c70e42389dd81ec52d8,160320ee9a04d3e4d3908c7a233a802dc80cb913c7942c70e42389dd81ec52d8,44,44,,
"Pokémon Diamond Version (USA, ADAE, header ROM version 5)","Pokémon Pearl Version (USA, APAE, header ROM version 5)",/pokeanime/poke_anm.narc,equal,56,56,,,6f620d3984b93140056ced5ead8cf289eaca52af6281bf116cbe93db2f138d3b,6f620d3984b93140056ced5ead8cf289eaca52af6281bf116cbe93db2f138d3b,44,44,,
"Pokémon Diamond Version (USA, ADAE, header ROM version 5)","Pokémon Pearl Version (USA, APAE, header ROM version 5)",/pokeanime/poke_anm.narc,equal,57,57,,,4fe1f4b442b8d26279acff0ca8ee5442e25eb6c13e70cbc85c205b833a0817ba,4fe1f4b442b8d26279acff0ca8ee5442e25eb6c13e70cbc85c205b833a0817ba,44,44,,
"Pokémon Diamond Version (USA, ADAE, header ROM version 5)","Pokémon Pearl Version (USA, APAE, header ROM version 5)",/pokeanime/poke_anm.narc,equal,58,58,,,2786c66ecd9d6a998a806eca265c1db858ba5909cdc1bc117b3ab2c72e139ecf,2786c66ecd9d6a998a806eca265c1db858ba5909cdc1bc117b3ab2c72e139ecf,44,44,,
"Pokémon Diamond Version (USA, ADAE, header ROM version 5)","Pokémon Pearl Version (USA, APAE, header ROM version 5)",/pokeanime/poke_anm.narc,equal,59,59,,,2011e4604e18371a6bf4ca9a21ed399e4be1982b796fbe0f689efaf2804e16ba,2011e4604e18371a6bf4ca9a21ed399e4be1982b796fbe0f689efaf2804e16ba,44,44,,
"Pokémon Diamond Version (USA, ADAE, header ROM version 5)","Pokémon Pearl Version (USA, APAE, header ROM version 5)",/pokeanime/poke_anm.narc,equal,60,60,,,25ae98100ffd435179e977340c2acba1c0eab3e086305ce0251fae19448f6ee9,25ae98100ffd435179e977340c2acba1c0eab3e086305ce0251fae19448f6ee9,44,44,,
"Pokémon Diamond Version (USA, ADAE, header ROM version 5)","Pokémon Pearl Version (USA, APAE, header ROM version 5)",/pokeanime/poke_anm.narc,equal,61,61,,,4e8520afa99a8144ebae9dc634d45a1f3c85a71ccc8f330fc0de865e9854b761,4e8520afa99a8144ebae9dc634d45a1f3c85a71ccc8f330fc0de865e9854b761,44,44,,
"Pokémon Diamond Version (USA, ADAE, header ROM version 5)","Pokémon Pearl Version (USA, APAE, header ROM version 5)",/pokeanime/poke_anm.narc,equal,62,62,,,8cfdfea5ae9f3954dfd0fbbe1eefe1a59a073542bb6bf74f29df691b8847f1eb,8cfdfea5ae9f3954dfd0fbbe1eefe1a59a073542bb6bf74f29df691b8847f1eb,92,92,,
"Pokémon Diamond Version (USA, ADAE, header ROM version 5)","Pokémon Pearl Version (USA, APAE, header ROM version 5)",/pokeanime/poke_anm.narc,equal,63,63,,,d4527edbe207ec0d1202e43e5295783c06b020bf162b40768cbea30691be5964,d4527edbe207ec0d1202e43e5295783c06b020bf162b40768cbea30691be5964,80,80,,
"Pokémon Diamond Version (USA, ADAE, header ROM version 5)","Pokémon Pearl Version (USA, APAE, header ROM version 5)",/pokeanime/poke_anm.narc,equal,64,64,,,27a39cf1b469ba8e10c9e4c20bbc7b76132ca898f5f24783e78500730be5231f,27a39cf1b469ba8e10c9e4c20bbc7b76132ca898f5f24783e78500730be5231f,80,80,,
"Pokémon Diamond Version (USA, ADAE, header ROM version 5)","Pokémon Pearl Version (USA, APAE, header ROM version 5)",/pokeanime/poke_anm.narc,equal,65,65,,,741da87e2b059825483bdeff965498ca14a8f3e777969f6102c4c5f4bc382fa6,741da87e2b059825483bdeff965498ca14a8f3e777969f6102c4c5f4bc382fa6,92,92,,
"Pokémon Diamond Version (USA, ADAE, header ROM version 5)","Pokémon Pearl Version (USA, APAE, header ROM version 5)",/pokeanime/poke_anm.narc,equal,66,66,,,e5375fa96b7f7265c54b89a8f0802c909c04df2f1ee050feb4f35292c1ad36c9,e5375fa96b7f7265c54b89a8f0802c909c04df2f1ee050feb4f35292c1ad36c9,80,80,,
"Pokémon Diamond Version (USA, ADAE, header ROM version 5)","Pokémon Pearl Version (USA, APAE, header ROM version 5)",/pokeanime/poke_anm.narc,equal,67,67,,,2804ac8149e0210b4134abf0197a098ce645e973c9d2ef7e563a53d7cc89fd23,2804ac8149e0210b4134abf0197a098ce645e973c9d2ef7e563a53d7cc89fd23,80,80,,
"Pokémon Diamond Version (USA, ADAE, header ROM version 5)","Pokémon Pearl Version (USA, APAE, header ROM version 5)",/pokeanime/poke_anm.narc,equal,68,68,,,630fd65ca3b89bcc56486b1f759ba2ca214b042c3d3646b84ea966e80af277e2,630fd65ca3b89bcc56486b1f759ba2ca214b042c3d3646b84ea966e80af277e2,164,164,,
"Pokémon Diamond Version (USA, ADAE, header ROM version 5)","Pokémon Pearl Version (USA, APAE, header ROM version 5)",/pokeanime/poke_anm.narc,equal,69,69,,,9bf1adeeff18b0bebe06a6e6c4e354557195a2a325a338bf3c469c4b13a245a5,9bf1adeeff18b0bebe06a6e6c4e354557195a2a325a338bf3c469c4b13a245a5,152,152,,
"Pokémon Diamond Version (USA, ADAE, header ROM version 5)","Pokémon Pearl Version (USA, APAE, header ROM version 5)",/pokeanime/poke_anm.narc,equal,70,70,,,b1b7b51f707516ce20ae0690324b55360d4ac48acd08e8d008d1ff3b486231ed,b1b7b51f707516ce20ae0690324b55360d4ac48acd08e8d008d1ff3b486231ed,152,152,,
"Pokémon Diamond Version (USA, ADAE, header ROM version 5)","Pokémon Pearl Version (USA, APAE, header ROM version 5)",/pokeanime/poke_anm.narc,equal,71,71,,,95b62d44b065f42552bb40ada917596613ac36edcc079dcb2fdf0a97e2b42f1b,95b62d44b065f42552bb40ada917596613ac36edcc079dcb2fdf0a97e2b42f1b,412,412,,
"Pokémon Diamond Version (USA, ADAE, header ROM version 5)","Pokémon Pearl Version (USA, APAE, header ROM version 5)",/pokeanime/poke_anm.narc,equal,72,72,,,62f8050a1410694028aff94a899aee5520802e137cf258b6bfd6f3c4fe4efd5f,62f8050a1410694028aff94a899aee5520802e137cf258b6bfd6f3c4fe4efd5f,412,412,,
"Pokémon Diamond Version (USA, ADAE, header ROM version 5)","Pokémon Pearl Version (USA, APAE, header ROM version 5)",/pokeanime/poke_anm.narc,equal,73,73,,,dbe7ef18e2d7e9beed3a5b89430beee0a98b7f29d979a9f195845e71e34ae3c1,dbe7ef18e2d7e9beed3a5b89430beee0a98b7f29d979a9f195845e71e34ae3c1,412,412,,
"Pokémon Diamond Version (USA, ADAE, header ROM version 5)","Pokémon Pearl Version (USA, APAE, header ROM version 5)",/pokeanime/poke_anm.narc,equal,74,74,,,72da1ec03b9f5e70b4cf45d76cd5963df92b6081c0fc3bed3818a2fafe7543ae,72da1ec03b9f5e70b4cf45d76cd5963df92b6081c0fc3bed3818a2fafe7543ae,420,420,,
"Pokémon Diamond Version (USA, ADAE, header ROM version 5)","Pokémon Pearl Version (USA, APAE, header ROM version 5)",/pokeanime/poke_anm.narc,equal,75,75,,,41d9c58fa940e50e8c214b3138a312450244f7363e0ff87241306272598c0e94,41d9c58fa940e50e8c214b3138a312450244f7363e0ff87241306272598c0e94,408,408,,
"Pokémon Diamond Version (USA, ADAE, header ROM version 5)","Pokémon Pearl Version (USA, APAE, header ROM version 5)",/pokeanime/poke_anm.narc,equal,76,76,,,6f3e62b6740b204cfc2b71816fe2873ad5a8226af4d8d7f726dc5cd81c2fd5bc,6f3e62b6740b204cfc2b71816fe2873ad5a8226af4d8d7f726dc5cd81c2fd5bc,408,408,,
"Pokémon Diamond Version (USA, ADAE, header ROM version 5)","Pokémon Pearl Version (USA, APAE, header ROM version 5)",/pokeanime/poke_anm.narc,equal,77,77,,,a668836feba7004d2d9d721fb9db42cc7181615c2978c6e2914f28732f34b2e6,a668836feba7004d2d9d721fb9db42cc7181615c2978c6e2914f28732f34b2e6,416,416,,
"Pokémon Diamond Version (USA, ADAE, header ROM version 5)","Pokémon Pearl Version (USA, APAE, header ROM version 5)",/pokeanime/poke_anm.narc,equal,78,78,,,0c5988a38557d4da319311e642efd93c15ec41acef085269d0049a9b57a1ef16,0c5988a38557d4da319311e642efd93c15ec41acef085269d0049a9b57a1ef16,404,404,,
"Pokémon Diamond Version (USA, ADAE, header ROM version 5)","Pokémon Pearl Version (USA, APAE, header ROM version 5)",/pokeanime/poke_anm.narc,equal,79,79,,,7be14d9c9acb92610b2daa02ec2ea96b9be0b5521135da2c2f5fd783b9d151f6,7be14d9c9acb92610b2daa02ec2ea96b9be0b5521135da2c2f5fd783b9d151f6,404,404,,
"Pokémon Diamond Version (USA, ADAE, header ROM version 5)","Pokémon Pearl Version (USA, APAE, header ROM version 5)",/pokeanime/poke_anm.narc,equal,80,80,,,1f752c2021b9afa02d53c1a71e53eed13d4948f08bf34ee647794b9e73ce3161,1f752c2021b9afa02d53c1a71e53eed13d4948f08bf34ee647794b9e73ce3161,416,416,,
"Pokémon Diamond Version (USA, ADAE, header ROM version 5)","Pokémon Pearl Version (USA, APAE, header ROM version 5)",/pokeanime/poke_anm.narc,equal,81,81,,,acc903a074b991baa415be548fc1268513978b1583d838f9cea194a0de9d8bfb,acc903a074b991baa415be548fc1268513978b1583d838f9cea194a0de9d8bfb,404,404,,
"Pokémon Diamond Version (USA, ADAE, header ROM version 5)","Pokémon Pearl Version (USA, APAE, header ROM version 5)",/pokeanime/poke_anm.narc,equal,82,82,,,1549f5a9af06fe20649bdf504567912f34c1ed2b2545dd610d8573b6aef1ee72,1549f5a9af06fe20649bdf504567912f34c1ed2b2545dd610d8573b6aef1ee72,404,404,,
"Pokémon Diamond Version (USA, ADAE, header ROM version 5)","Pokémon Pearl Version (USA, APAE, header ROM version 5)",/pokeanime/poke_anm.narc,equal,83,83,,,70210e210aeb2c6b60339c58ad9f2cb8b95e764738fcaa94a11c80914bf4f93c,70210e210aeb2c6b60339c58ad9f2cb8b95e764738fcaa94a11c80914bf4f93c,460,460,,
"Pokémon Diamond Version (USA, ADAE, header ROM version 5)","Pokémon Pearl Version (USA, APAE, header ROM version 5)",/pokeanime/poke_anm.narc,equal,84,84,,,9b54a035d846960f42c18e7c5f805717104ad7e780c959a7722640005192800b,9b54a035d846960f42c18e7c5f805717104ad7e780c959a7722640005192800b,308,308,,
"Pokémon Diamond Version (USA, ADAE, header ROM version 5)","Pokémon Pearl Version (USA, APAE, header ROM version 5)",/pokeanime/poke_anm.narc,equal,85,85,,,251afb2d92c2e703c0eafd22868aa471f3aaa4fe3e2e4c9b0b60ead0cc3c2824,251afb2d92c2e703c0eafd22868aa471f3aaa4fe3e2e4c9b0b60ead0cc3c2824,308,308,,
"Pokémon Diamond Version (USA, ADAE, header ROM version 5)","Pokémon Pearl Version (USA, APAE, header ROM version 5)",/pokeanime/poke_anm.narc,equal,86,86,,,29fed765545dcca90e353523faa14490a563b1e513a6328afb9225072eb5e32c,29fed765545dcca90e353523faa14490a563b1e513a6328afb9225072eb5e32c,76,76,,
"Pokémon Diamond Version (USA, ADAE, header ROM version 5)","Pokémon Pearl Version (USA, APAE, header ROM version 5)",/pokeanime/poke_anm.narc,equal,87,87,,,3eee0586b892f11c3e5535f8463ed815dcd4b83021cccdb5b78a36147ad6211e,3eee0586b892f11c3e5535f8463ed815dcd4b83021cccdb5b78a36147ad6211e,64,64,,
"Pokémon Diamond Version (USA, ADAE, header ROM version 5)","Pokémon Pearl Version (USA, APAE, header ROM version 5)",/pokeanime/poke_anm.narc,equal,88,88,,,6d956559223b31d935c61adb8ce1c15879826782ea186ad92251050337e71c3c,6d956559223b31d935c61adb8ce1c15879826782ea186ad92251050337e71c3c,64,64,,
"Pokémon Diamond Version (USA, ADAE, header ROM version 5)","Pokémon Pearl Version (USA, APAE, header ROM version 5)",/pokeanime/poke_anm.narc,equal,89,89,,,f6ba96ded35e7abe09d5b56c3b8d210a85404cfc64f3f8c951397355d3b9fe17,f6ba96ded35e7abe09d5b56c3b8d210a85404cfc64f3f8c951397355d3b9fe17,280,280,,
"Pokémon Diamond Version (USA, ADAE, header ROM version 5)","Pokémon Pearl Version (USA, APAE, header ROM version 5)",/pokeanime/poke_anm.narc,equal,90,90,,,2ccbb4ff4c325afd867d15c5c8b55073002a09fb1cf05448824099675925d3a7,2ccbb4ff4c325afd867d15c5c8b55073002a09fb1cf05448824099675925d3a7,280,280,,
"Pokémon Diamond Version (USA, ADAE, header ROM version 5)","Pokémon Pearl Version (USA, APAE, header ROM version 5)",/pokeanime/poke_anm.narc,equal,91,91,,,82125b6b1121b8910cca8e621a6a5f986d4308da33917f1a5a2d61364205ec55,82125b6b1121b8910cca8e621a6a5f986d4308da33917f1a5a2d61364205ec55,280,280,,
"Pokémon Diamond Version (USA, ADAE, header ROM version 5)","Pokémon Pearl Version (USA, APAE, header ROM version 5)",/pokeanime/poke_anm.narc,equal,92,92,,,2e7ecc4ed4a908346d22333858e0b154c8cf9f5b75559616159d137cf99af0b6,2e7ecc4ed4a908346d22333858e0b154c8cf9f5b75559616159d137cf99af0b6,220,220,,
"Pokémon Diamond Version (USA, ADAE, header ROM version 5)","Pokémon Pearl Version (USA, APAE, header ROM version 5)",/pokeanime/poke_anm.narc,equal,93,93,,,13873730b87c1f1d291d83838bf72243e10e3998efdf9d9037497e99a40a60d4,13873730b87c1f1d291d83838bf72243e10e3998efdf9d9037497e99a40a60d4,220,220,,
"Pokémon Diamond Version (USA, ADAE, header ROM version 5)","Pokémon Pearl Version (USA, APAE, header ROM version 5)",/pokeanime/poke_anm.narc,equal,94,94,,,b26c9f0746174a6df6a2a4c3d3a065699ce557c5c2ee3f7530d81cc7a6cd8b2c,b26c9f0746174a6df6a2a4c3d3a065699ce557c5c2ee3f7530d81cc7a6cd8b2c,220,220,,
"Pokémon Diamond Version (USA, ADAE, header ROM version 5)","Pokémon Pearl Version (USA, APAE, header ROM version 5)",/pokeanime/poke_anm.narc,equal,95,95,,,b5c817dafa1cb0990528c82885032ae61c6040f4f01c5c704570a4adb24ca10c,b5c817dafa1cb0990528c82885032ae61c6040f4f01c5c704570a4adb24ca10c,92,92,Nintendo Huffman,Nintendo Huffman
"Pokémon Diamond Version (USA, ADAE, header ROM version 5)","Pokémon Pearl Version (USA, APAE, header ROM version 5)",/pokeanime/poke_anm.narc,equal,96,96,,,27221e4423b51ab9844b04f78af91d33d251e2d0a3ac46f60cd683252fae99d5,27221e4423b51ab9844b04f78af91d33d251e2d0a3ac46f60cd683252fae99d5,92,92,Nintendo Huffman,Nintendo Huffman
"Pokémon Diamond Version (USA, ADAE, header ROM version 5)","Pokémon Pearl Version (USA, APAE, header ROM version 5)",/pokeanime/poke_anm.narc,equal,97,97,,,59f21f7453987ee1a1638ccebcaa9b5edf32f433e7630924e23ea78d813fca2b,59f21f7453987ee1a1638ccebcaa9b5edf32f433e7630924e23ea78d813fca2b,92,92,Nintendo Huffman,Nintendo Huffman
"Pokémon Diamond Version (USA, ADAE, header ROM version 5)","Pokémon Pearl Version (USA, APAE, header ROM version 5)",/pokeanime/poke_anm.narc,equal,98,98,,,79e7aea2c7faa98d20570f291eca87efc0c33f60e7c5f2abcaec864ce4171236,79e7aea2c7faa98d20570f291eca87efc0c33f60e7c5f2abcaec864ce4171236,92,92,Nintendo Huffman,Nintendo Huffman
"Pokémon Diamond Version (USA, ADAE, header ROM version 5)","Pokémon Pearl Version (USA, APAE, header ROM version 5)",/pokeanime/poke_anm.narc,equal,99,99,,,5a6e6f62386b605900ef5559391f91ddf76837b5f56b25ba2a492a215b98c595,5a6e6f62386b605900ef5559391f91ddf76837b5f56b25ba2a492a215b98c595,92,92,Nintendo Huffman,Nintendo Huffman
"Pokémon Diamond Version (USA, ADAE, header ROM version 5)","Pokémon Pearl Version (USA, APAE, header ROM version 5)",/pokeanime/poke_anm.narc,equal,100,100,,,2702c8dbf0c37b6bf5b4cbc484d37fa5436e1c00585cf8d31a0778cdf837f366,2702c8dbf0c37b6bf5b4cbc484d37fa5436e1c00585cf8d31a0778cdf837f366,92,92,Nintendo Huffman,Nintendo Huffman
"Pokémon Diamond Version (USA, ADAE, header ROM version 5)","Pokémon Pearl Version (USA, APAE, header ROM version 5)",/pokeanime/poke_anm.narc,equal,101,101,,,ced1871b5f887f3fefc6c6cdbde893f3f7a81d024a85bab02b0e875d0bbfead8,ced1871b5f887f3fefc6c6cdbde893f3f7a81d024a85bab02b0e875d0bbfead8,92,92,Nintendo Huffman,Nintendo Huffman
"Pokémon Diamond Version (USA, ADAE, header ROM version 5)","Pokémon Pearl Version (USA, APAE, header ROM version 5)",/pokeanime/poke_anm.narc,equal,102,102,,,7e3bad93e698eee063b04d2a795f97797c4f78c28e49ec52b49a2e102d9aae01,7e3bad93e698eee063b04d2a795f97797c4f78c28e49ec52b49a2e102d9aae01,92,92,Nintendo Huffman,Nintendo Huffman
"Pokémon Diamond Version (USA, ADAE, header ROM version 5)","Pokémon Pearl Version (USA, APAE, header ROM version 5)",/pokeanime/poke_anm.narc,equal,103,103,,,ce1f2add6045d17c2bad1ba4fb3cf1812aace136248a68c38674f828ea27dd4c,ce1f2add6045d17c2bad1ba4fb3cf1812aace136248a68c38674f828ea27dd4c,92,92,Nintendo Huffman,Nintendo Huffman
"Pokémon Diamond Version (USA, ADAE, header ROM version 5)","Pokémon Pearl Version (USA, APAE, header ROM version 5)",/pokeanime/poke_anm.narc,equal,104,104,,,8e9dd016ea2aa28943ffd5bb708dd4f32eb9488a87a0e98ddea1f6371eb1a734,8e9dd016ea2aa28943ffd5bb708dd4f32eb9488a87a0e98ddea1f6371eb1a734,516,516,,
"Pokémon Diamond Version (USA, ADAE, header ROM version 5)","Pokémon Pearl Version (USA, APAE, header ROM version 5)",/pokeanime/poke_anm.narc,equal,105,105,,,722f68495b5fff1ba45aafce65ef68c227fcdb4647cf8baf6008cc876ffc7257,722f68495b5fff1ba45aafce65ef68c227fcdb4647cf8baf6008cc876ffc7257,272,272,,
"Pokémon Diamond Version (USA, ADAE, header ROM version 5)","Pokémon Pearl Version (USA, APAE, header ROM version 5)",/pokeanime/poke_anm.narc,equal,106,106,,,67525b354a154324fe737dff27907781a1d06001076cb92e6cbb9d60756a9bcb,67525b354a154324fe737dff27907781a1d06001076cb92e6cbb9d60756a9bcb,624,624,,
"Pokémon Diamond Version (USA, ADAE, header ROM version 5)","Pokémon Pearl Version (USA, APAE, header ROM version 5)",/pokeanime/poke_anm.narc,equal,107,107,,,ea91ee3ae3d7875a5fa8839de05fed5c65840772e410d20d15657f204a596188,ea91ee3ae3d7875a5fa8839de05fed5c65840772e410d20d15657f204a596188,208,208,,
"Pokémon Diamond Version (USA, ADAE, header ROM version 5)","Pokémon Pearl Version (USA, APAE, header ROM version 5)",/pokeanime/poke_anm.narc,equal,108,108,,,fecfcdd5c70cbcc22b7b9dff3f758b8b4e1037152ef7e5b6803adedacbdb9043,fecfcdd5c70cbcc22b7b9dff3f758b8b4e1037152ef7e5b6803adedacbdb9043,196,196,,
"Pokémon Diamond Version (USA, ADAE, header ROM version 5)","Pokémon Pearl Version (USA, APAE, header ROM version 5)",/pokeanime/poke_anm.narc,equal,109,109,,,0febe576840f0df52fa04fd94425d1d81587dd59dc4bb1b408574455490e0300,0febe576840f0df52fa04fd94425d1d81587dd59dc4bb1b408574455490e0300,196,196,,
"Pokémon Diamond Version (USA, ADAE, header ROM version 5)","Pokémon Pearl Version (USA, APAE, header ROM version 5)",/pokeanime/poke_anm.narc,equal,110,110,,,11a433fe8695f203e9503c441f53551ceee57fd40c0c10a2b60c6abe5aa362ad,11a433fe8695f203e9503c441f53551ceee57fd40c0c10a2b60c6abe5aa362ad,104,104,,
"Pokémon Diamond Version (USA, ADAE, header ROM version 5)","Pokémon Pearl Version (USA, APAE, header ROM version 5)",/pokeanime/poke_anm.narc,equal,111,111,,,8a8d31a8e2438bbd9ebe847122e3ee4eeb590b808669421a2f0b90c0348db9ab,8a8d31a8e2438bbd9ebe847122e3ee4eeb590b808669421a2f0b90c0348db9ab,104,104,,
"Pokémon Diamond Version (USA, ADAE, header ROM version 5)","Pokémon Pearl Version (USA, APAE, header ROM version 5)",/pokeanime/poke_anm.narc,equal,112,112,,,634407fe4fa59ed13936dc1789c801f47d345d7eaecf2a928d0f125c7f32eee8,634407fe4fa59ed13936dc1789c801f47d345d7eaecf2a928d0f125c7f32eee8,104,104,,
"Pokémon Diamond Version (USA, ADAE, header ROM version 5)","Pokémon Pearl Version (USA, APAE, header ROM version 5)",/pokeanime/poke_anm.narc,equal,113,113,,,4d18b5c1e0e57c6e91c40d73b9119f9144a12639a552c263923d45e49e7c5a67,4d18b5c1e0e57c6e91c40d73b9119f9144a12639a552c263923d45e49e7c5a67,92,92,,
"Pokémon Diamond Version (USA, ADAE, header ROM version 5)","Pokémon Pearl Version (USA, APAE, header ROM version 5)",/pokeanime/poke_anm.narc,equal,114,114,,,84bd285fad67b040cf13bcc958fd2370c9c4263665ca471f490a62ebad8b66f6,84bd285fad67b040cf13bcc958fd2370c9c4263665ca471f490a62ebad8b66f6,80,80,,
"Pokémon Diamond Version (USA, ADAE, header ROM version 5)","Pokémon Pearl Version (USA, APAE, header ROM version 5)",/pokeanime/poke_anm.narc,equal,115,115,,,2574a4bb2a5d927eb7a830c42887b497fdbdf25b8cd8a501a743a72bd402b3c9,2574a4bb2a5d927eb7a830c42887b497fdbdf25b8cd8a501a743a72bd402b3c9,80,80,,
"Pokémon Diamond Version (USA, ADAE, header ROM version 5)","Pokémon Pearl Version (USA, APAE, header ROM version 5)",/pokeanime/poke_anm.narc,equal,116,116,,,86691a8da289de15a1e91487460e02c742369da8c02d52dc58ad886b037f4e43,86691a8da289de15a1e91487460e02c742369da8c02d52dc58ad886b037f4e43,96,96,,
"Pokémon Diamond Version (USA, ADAE, header ROM version 5)","Pokémon Pearl Version (USA, APAE, header ROM version 5)",/pokeanime/poke_anm.narc,equal,117,117,,,995fe156b9f3148c72b9afe28dfcb3ffbc6bdc051552fe7252567b655ba42863,995fe156b9f3148c72b9afe28dfcb3ffbc6bdc051552fe7252567b655ba42863,96,96,,
"Pokémon Diamond Version (USA, ADAE, header ROM version 5)","Pokémon Pearl Version (USA, APAE, header ROM version 5)",/pokeanime/poke_anm.narc,equal,118,118,,,1ed1a3f96c38acfe6bb66b5e38406792ce52df811f0a9569e64da43d09c7a920,1ed1a3f96c38acfe6bb66b5e38406792ce52df811f0a9569e64da43d09c7a920,96,96,,
"Pokémon Diamond Version (USA, ADAE, header ROM version 5)","Pokémon Pearl Version (USA, APAE, header ROM version 5)",/pokeanime/poke_anm.narc,equal,119,119,,,ab806c1207b7f80d5990f7da970bbd0b5c3bfe6f8c0e96361807735311299975,ab806c1207b7f80d5990f7da970bbd0b5c3bfe6f8c0e96361807735311299975,168,168,,
"Pokémon Diamond Version (USA, ADAE, header ROM version 5)","Pokémon Pearl Version (USA, APAE, header ROM version 5)",/pokeanime/poke_anm.narc,equal,120,120,,,869346e9036948e235e02d108c83795229096fad92f41d939a3f7dd875a9b64c,869346e9036948e235e02d108c83795229096fad92f41d939a3f7dd875a9b64c,156,156,,
"Pokémon Diamond Version (USA, ADAE, header ROM version 5)","Pokémon Pearl Version (USA, APAE, header ROM version 5)",/pokeanime/poke_anm.narc,equal,121,121,,,83b56377ee0086750676726879a326c213c32945cb01f34f82c72ced67fa6ed8,83b56377ee0086750676726879a326c213c32945cb01f34f82c72ced67fa6ed8,156,156,,
"Pokémon Diamond Version (USA, ADAE, header ROM version 5)","Pokémon Pearl Version (USA, APAE, header ROM version 5)",/pokeanime/poke_anm.narc,equal,122,122,,,791f6a01bbfc6af24269e54921351292419a019fa4e50c1233bc9f1ef1d6bf7c,791f6a01bbfc6af24269e54921351292419a019fa4e50c1233bc9f1ef1d6bf7c,320,320,,
"Pokémon Diamond Version (USA, ADAE, header ROM version 5)","Pokémon Pearl Version (USA, APAE, header ROM version 5)",/pokeanime/poke_anm.narc,equal,123,123,,,f02443be1c79280336151fa08de7a83ff269d85964c305b3fb76f105bb35cc76,f02443be1c79280336151fa08de7a83ff269d85964c305b3fb76f105bb35cc76,308,308,,
"Pokémon Diamond Version (USA, ADAE, header ROM version 5)","Pokémon Pearl Version (USA, APAE, header ROM version 5)",/pokeanime/poke_anm.narc,equal,124,124,,,96b16c867f89d900f66bd7294ca62cffdbb92e2087ec34aee3347be55212f834,96b16c867f89d900f66bd7294ca62cffdbb92e2087ec34aee3347be55212f834,308,308,,
"Pokémon Diamond Version (USA, ADAE, header ROM version 5)","Pokémon Pearl Version (USA, APAE, header ROM version 5)",/pokeanime/poke_anm.narc,equal,125,125,,,78bf2af4a5c75e50f36cef07d66d7a520499174ebd00ad20136e11669f523f4e,78bf2af4a5c75e50f36cef07d66d7a520499174ebd00ad20136e11669f523f4e,96,96,,
"Pokémon Diamond Version (USA, ADAE, header ROM version 5)","Pokémon Pearl Version (USA, APAE, header ROM version 5)",/pokeanime/poke_anm.narc,equal,126,126,,,3e3910482a2b1aba6f525eed901fa3f1972ca58d41ec91ff2b37d25c1c3faaf1,3e3910482a2b1aba6f525eed901fa3f1972ca58d41ec91ff2b37d25c1c3faaf1,96,96,,
"Pokémon Diamond Version (USA, ADAE, header ROM version 5)","Pokémon Pearl Version (USA, APAE, header ROM version 5)",/pokeanime/poke_anm.narc,equal,127,127,,,17b774eaba651b7189f12defbb9c1a25722a15c95c8e312b7ebb9f3235505c02,17b774eaba651b7189f12defbb9c1a25722a15c95c8e312b7ebb9f3235505c02,84,84,,
"Pokémon Diamond Version (USA, ADAE, header ROM version 5)","Pokémon Pearl Version (USA, APAE, header ROM version 5)",/pokeanime/poke_anm.narc,equal,128,128,,,cbe2a45171fd394c8615dae57159c42e6b3b640cb4fbe6a2f4df9ffda51ea029,cbe2a45171fd394c8615dae57159c42e6b3b640cb4fbe6a2f4df9ffda51ea029,104,104,,
"Pokémon Diamond Version (USA, ADAE, header ROM version 5)","Pokémon Pearl Version (USA, APAE, header ROM version 5)",/pokeanime/poke_anm.narc,equal,129,129,,,eeb8266ce30d384737a638cc2813959b73613e1ef07d663da6967a6fa05f1891,eeb8266ce30d384737a638cc2813959b73613e1ef07d663da6967a6fa05f1891,104,104,,
"Pokémon Diamond Version (USA, ADAE, header ROM version 5)","Pokémon Pearl Version (USA, APAE, header ROM version 5)",/pokeanime/poke_anm.narc,equal,130,130,,,6a44f30ed6866bb2ef190417ecfb041a76ef8c2c3bf6f5a1ae0a6a4cd20cee6c,6a44f30ed6866bb2ef190417ecfb041a76ef8c2c3bf6f5a1ae0a6a4cd20cee6c,104,104,,
"Pokémon Diamond Version (USA, ADAE, header ROM version 5)","Pokémon Pearl Version (USA, APAE, header ROM version 5)",/pokeanime/poke_anm.narc,equal,131,131,,,2b8cfe529eaf340a750eac368e704f4bcc28ac419cdd081fb2d71ca11eabcbf6,2b8cfe529eaf340a750eac368e704f4bcc28ac419cdd081fb2d71ca11eabcbf6,152,152,,
"Pokémon Diamond Version (USA, ADAE, header ROM version 5)","Pokémon Pearl Version (USA, APAE, header ROM version 5)",/pokeanime/poke_anm.narc,equal,132,132,,,132118d27d93a7c5345e9828c12e91232e396cfd3125db46abf67cf44240bf83,132118d27d93a7c5345e9828c12e91232e396cfd3125db46abf67cf44240bf83,152,152,,
"Pokémon Diamond Version (USA, ADAE, header ROM version 5)","Pokémon Pearl Version (USA, APAE, header ROM version 5)",/pokeanime/poke_anm.narc,equal,133,133,,,bdb3ccaeab98d94c03c7e99ef37e64a1627655d41fe9fb59e2793c28e4875801,bdb3ccaeab98d94c03c7e99ef37e64a1627655d41fe9fb59e2793c28e4875801,152,152,,
"Pokémon Diamond Version (USA, ADAE, header ROM version 5)","Pokémon Pearl Version (USA, APAE, header ROM version 5)",/poketool/icongra/poke_icon.narc,equal,0,0,,,96d45b21044626a1975b92065a9a40115975f4bb53d2a64301dc747553549a84,96d45b21044626a1975b92065a9a40115975f4bb53d2a64301dc747553549a84,552,552,NCLR palette,NCLR palette
"Pokémon Diamond Version (USA, ADAE, header ROM version 5)","Pokémon Pearl Version (USA, APAE, header ROM version 5)",/poketool/icongra/poke_icon.narc,equal,1,1,,,53d8003155752aef909e602429463b97160b13b7f7aaabfcc4e799503e41ab86,53d8003155752aef909e602429463b97160b13b7f7aaabfcc4e799503e41ab86,154,154,NANR animation,NANR animation
"Pokémon Diamond Version (USA, ADAE, header ROM version 5)","Pokémon Pearl Version (USA, APAE, header ROM version 5)",/poketool/icongra/poke_icon.narc,equal,2,2,,,366eee3bf3cdfe80ac3a383ef8600120264d29f5ace77e2acc530e2c0a9cb9e9,366eee3bf3cdfe80ac3a383ef8600120264d29f5ace77e2acc530e2c0a9cb9e9,142,142,NCER cell,NCER cell
"Pokémon Diamond Version (USA, ADAE, header ROM version 5)","Pokémon Pearl Version (USA, APAE, header ROM version 5)",/poketool/icongra/poke_icon.narc,equal,3,3,,,64cc828c3f7b911a2e89ba70922618edb8506b86a61e7bbf8d9f95ae9cba56a4,64cc828c3f7b911a2e89ba70922618edb8506b86a61e7bbf8d9f95ae9cba56a4,382,382,NANR animation,NANR animation
"Pokémon Diamond Version (USA, ADAE, header ROM version 5)","Pokémon Pearl Version (USA, APAE, header ROM version 5)",/poketool/icongra/poke_icon.narc,equal,4,4,,,ae039ecfd3f34e8e64c5eea605befffd106cbd737854267f49e510fd0309614d,ae039ecfd3f34e8e64c5eea605befffd106cbd737854267f49e510fd0309614d,202,202,NCER cell,NCER cell
"Pokémon Diamond Version (USA, ADAE, header ROM version 5)","Pokémon Pearl Version (USA, APAE, header ROM version 5)",/poketool/icongra/poke_icon.narc,equal,5,5,,,64cc828c3f7b911a2e89ba70922618edb8506b86a61e7bbf8d9f95ae9cba56a4,64cc828c3f7b911a2e89ba70922618edb8506b86a61e7bbf8d9f95ae9cba56a4,382,382,NANR animation,NANR animation
"Pokémon Diamond Version (USA, ADAE, header ROM version 5)","Pokémon Pearl Version (USA, APAE, header ROM version 5)",/poketool/icongra/poke_icon.narc,equal,6,6,,,39ac45cf522cd56ea0ea15a6af6ef132b298cdcef4d2f94e27f979bd1d362b65,39ac45cf522cd56ea0ea15a6af6ef132b298cdcef4d2f94e27f979bd1d362b65,202,202,NCER cell,NCER cell
"Pokémon Diamond Version (USA, ADAE, header ROM version 5)","Pokémon Pearl Version (USA, APAE, header ROM version 5)",/poketool/icongra/poke_icon.narc,equal,7,7,,,3242b1ebf8b811c15fcb4926c1562fedc97e2b541fb1e32de237910e29a35b4d,3242b1ebf8b811c15fcb4926c1562fedc97e2b541fb1e32de237910e29a35b4d,1072,1072,NCGR graphics,NCGR graphics
"Pokémon Diamond Version (USA, ADAE, header ROM version 5)","Pokémon Pearl Version (USA, APAE, header ROM version 5)",/poketool/icongra/poke_icon.narc,equal,8,8,,,9e3a88cf0dbc42b29430fe27c11878d126851ba362b11d354fd5ccba6bf1741f,9e3a88cf0dbc42b29430fe27c11878d126851ba362b11d354fd5ccba6bf1741f,1072,1072,NCGR graphics,NCGR graphics
"Pokémon Diamond Version (USA, ADAE, header ROM version 5)","Pokémon Pearl Version (USA, APAE, header ROM version 5)",/poketool/icongra/poke_icon.narc,equal,9,9,,,fa4cee69bfdc2242a77712ff1b3e07eadcf8a2e9cadb541a39d1ffe932dc7720,fa4cee69bfdc2242a77712ff1b3e07eadcf8a2e9cadb541a39d1ffe932dc7720,1072,1072,NCGR graphics,NCGR graphics
"Pokémon Diamond Version (USA, ADAE, header ROM version 5)","Pokémon Pearl Version (USA, APAE, header ROM version 5)",/poketool/icongra/poke_icon.narc,equal,10,10,,,a9049ea90472688b391987100f4c305328d5878a9789b5f36a4735af796e2773,a9049ea90472688b391987100f4c305328d5878a9789b5f36a4735af796e2773,1072,1072,NCGR graphics,NCGR graphics
"Pokémon Diamond Version (USA, ADAE, header ROM version 5)","Pokémon Pearl Version (USA, APAE, header ROM version 5)",/poketool/icongra/poke_icon.narc,equal,11,11,,,757948f64326927e34ce261871457cb2dfa6584d0e1ead4ed25dc338bd1af756,757948f64326927e34ce261871457cb2dfa6584d0e1ead4ed25dc338bd1af756,1072,1072,NCGR graphics,NCGR graphics
"Pokémon Diamond Version (USA, ADAE, header ROM version 5)","Pokémon Pearl Version (USA, APAE, header ROM version 5)",/poketool/icongra/poke_icon.narc,equal,12,12,,,5126a7d626bda77a8fdcc2c398de21f42a28d01bf040f5d53b8aa3bcb53fe4db,5126a7d626bda77a8fdcc2c398de21f42a28d01bf040f5d53b8aa3bcb53fe4db,1072,1072,NCGR graphics,NCGR graphics
"Pokémon Diamond Version (USA, ADAE, header ROM version 5)","Pokémon Pearl Version (USA, APAE, header ROM version 5)",/poketool/icongra/poke_icon.narc,equal,13,13,,,8d18beb68ece88b707a572bd2e4be0c4028a7f13b3fd4cc98ac6789136662a4a,8d18beb68ece88b707a572bd2e4be0c4028a7f13b3fd4cc98ac6789136662a4a,1072,1072,NCGR graphics,NCGR graphics
"Pokémon Diamond Version (USA, ADAE, header ROM version 5)","Pokémon Pearl Version (USA, APAE, header ROM version 5)",/poketool/icongra/poke_icon.narc,equal,14,14,,,baa0d3464de1c3bfd94655712e883e1be544a494fd770caa5d37794a0878ce19,baa0d3464de1c3bfd94655712e883e1be544a494fd770caa5d37794a0878ce19,1072,1072,NCGR graphics,NCGR graphics
"Pokémon Diamond Version (USA, ADAE, header ROM version 5)","Pokémon Pearl Version (USA, APAE, header ROM version 5)",/poketool/icongra/poke_icon.narc,equal,15,15,,,47a7a0fd2e87f28d43d763f0d74d73cd73df09ce37a289e1ce43510aef5121a7,47a7a0fd2e87f28d43d763f0d74d73cd73df09ce37a289e1ce43510aef5121a7,1072,1072,NCGR graphics,NCGR graphics
"Pokémon Diamond Version (USA, ADAE, header ROM version 5)","Pokémon Pearl Version (USA, APAE, header ROM version 5)",/poketool/icongra/poke_icon.narc,equal,16,16,,,c3c187ab072279377c843e8e23b3edcbd26cf7f4757cfd4fc99327b6d5007471,c3c187ab072279377c843e8e23b3edcbd26cf7f4757cfd4fc99327b6d5007471,1072,1072,NCGR graphics,NCGR graphics
"Pokémon Diamond Version (USA, ADAE, header ROM version 5)","Pokémon Pearl Version (USA, APAE, header ROM version 5)",/poketool/icongra/poke_icon.narc,equal,17,17,,,0c22093b08512b6dd3edde955fa7bc36c657b50ac96e829817d3d4640570b782,0c22093b08512b6dd3edde955fa7bc36c657b50ac96e829817d3d4640570b782,1072,1072,NCGR graphics,NCGR graphics
"Pokémon Diamond Version (USA, ADAE, header ROM version 5)","Pokémon Pearl Version (USA, APAE, header ROM version 5)",/poketool/icongra/poke_icon.narc,equal,18,18,,,f58b16f2ea465067cb9385b52d5e26ac56e1566ebf0d4e6123bff2a95ee72ac7,f58b16f2ea465067cb9385b52d5e26ac56e1566ebf0d4e6123bff2a95ee72ac7,1072,1072,NCGR graphics,NCGR graphics
"Pokémon Diamond Version (USA, ADAE, header ROM version 5)","Pokémon Pearl Version (USA, APAE, header ROM version 5)",/poketool/icongra/poke_icon.narc,equal,19,19,,,13c7eba38696f5645af6c46fc590c033e6a1519dae39cd136790c1a50b1ce9e5,13c7eba38696f5645af6c46fc590c033e6a1519dae39cd136790c1a50b1ce9e5,1072,1072,NCGR graphics,NCGR graphics
"Pokémon Diamond Version (USA, ADAE, header ROM version 5)","Pokémon Pearl Version (USA, APAE, header ROM version 5)",/poketool/icongra/poke_icon.narc,equal,20,20,,,90ed7c056baf863915802ac78e0e76c29e7f7ae97949a04db1eb1b3cb81a29ef,90ed7c056baf863915802ac78e0e76c29e7f7ae97949a04db1eb1b3cb81a29ef,1072,1072,NCGR graphics,NCGR graphics
"Pokémon Diamond Version (USA, ADAE, header ROM version 5)","Pokémon Pearl Version (USA, APAE, header ROM version 5)",/poketool/icongra/poke_icon.narc,equal,21,21,,,8cc8b7ac21c2e6a622124d2d3668df9aa28b37eacbb48be484b5cf702b757ded,8cc8b7ac21c2e6a622124d2d3668df9aa28b37eacbb48be484b5cf702b757ded,1072,1072,NCGR graphics,NCGR graphics
"Pokémon Diamond Version (USA, ADAE, header ROM version 5)","Pokémon Pearl Version (USA, APAE, header ROM version 5)",/poketool/icongra/poke_icon.narc,equal,22,22,,,0d55d8f1349c0dbd17a60690ffbfd2effe12a0969eaef83bb2ea5f99f354c496,0d55d8f1349c0dbd17a60690ffbfd2effe12a0969eaef83bb2ea5f99f354c496,1072,1072,NCGR graphics,NCGR graphics
"Pokémon Diamond Version (USA, ADAE, header ROM version 5)","Pokémon Pearl Version (USA, APAE, header ROM version 5)",/poketool/icongra/poke_icon.narc,equal,23,23,,,751a6abe93e72f38fabb955a6b697ca7cf8ad9e1f0cab2c89790de9fe14c3d09,751a6abe93e72f38fabb955a6b697ca7cf8ad9e1f0cab2c89790de9fe14c3d09,1072,1072,NCGR graphics,NCGR graphics
"Pokémon Diamond Version (USA, ADAE, header ROM version 5)","Pokémon Pearl Version (USA, APAE, header ROM version 5)",/poketool/icongra/poke_icon.narc,equal,24,24,,,6268b009475bf2df12a9fbd606124bc5fc97b3826ed49823917c48a127ec1b15,6268b009475bf2df12a9fbd606124bc5fc97b3826ed49823917c48a127ec1b15,1072,1072,NCGR graphics,NCGR graphics
"Pokémon Diamond Version (USA, ADAE, header ROM version 5)","Pokémon Pearl Version (USA, APAE, header ROM version 5)",/poketool/icongra/poke_icon.narc,equal,25,25,,,ecb6a417449721a9e1a13b87142b8007d070898d71add74cc9682be8afc939cc,ecb6a417449721a9e1a13b87142b8007d070898d71add74cc9682be8afc939cc,1072,1072,NCGR graphics,NCGR graphics
"Pokémon Diamond Version (USA, ADAE, header ROM version 5)","Pokémon Pearl Version (USA, APAE, header ROM version 5)",/poketool/icongra/poke_icon.narc,equal,26,26,,,a6ca90feec2754cec1fc2423d0aa55bef87eaedd860128614a9d8052e6b51e82,a6ca90feec2754cec1fc2423d0aa55bef87eaedd860128614a9d8052e6b51e82,1072,1072,NCGR graphics,NCGR graphics
"Pokémon Diamond Version (USA, ADAE, header ROM version 5)","Pokémon Pearl Version (USA, APAE, header ROM version 5)",/poketool/icongra/poke_icon.narc,equal,27,27,,,8708fb773ab125fab6c91821a691ef569325bc22e5d9bb8718f1b33f8206f9d2,8708fb773ab125fab6c91821a691ef569325bc22e5d9bb8718f1b33f8206f9d2,1072,1072,NCGR graphics,NCGR graphics
"Pokémon Diamond Version (USA, ADAE, header ROM version 5)","Pokémon Pearl Version (USA, APAE, header ROM version 5)",/poketool/icongra/poke_icon.narc,equal,28,28,,,0a4f4a2193cd15f6fa8bbf829dc1b0f55e752e536c31d84fed79cd6ecd0e54f5,0a4f4a2193cd15f6fa8bbf829dc1b0f55e752e536c31d84fed79cd6ecd0e54f5,1072,1072,NCGR graphics,NCGR graphics
"Pokémon Diamond Version (USA, ADAE, header ROM version 5)","Pokémon Pearl Version (USA, APAE, header ROM version 5)",/poketool/icongra/poke_icon.narc,equal,29,29,,,840aa8239d3fe69729d8ce5ca5f223ef6e8a0723d5ec1f47824224579e5ebff2,840aa8239d3fe69729d8ce5ca5f223ef6e8a0723d5ec1f47824224579e5ebff2,1072,1072,NCGR graphics,NCGR graphics
"Pokémon Diamond Version (USA, ADAE, header ROM version 5)","Pokémon Pearl Version (USA, APAE, header ROM version 5)",/poketool/icongra/poke_icon.narc,equal,30,30,,,7130f052259c6101fd2357a454a457c96fa3711a36bafb8b1f840ceb8550182e,7130f052259c6101fd2357a454a457c96fa3711a36bafb8b1f840ceb8550182e,1072,1072,NCGR graphics,NCGR graphics
"Pokémon Diamond Version (USA, ADAE, header ROM version 5)","Pokémon Pearl Version (USA, APAE, header ROM version 5)",/poketool/icongra/poke_icon.narc,equal,31,31,,,bca9c50a0258efead6398bb69131bd6f46ffef36b5ee358c97418d0b2d298b5e,bca9c50a0258efead6398bb69131bd6f46ffef36b5ee358c97418d0b2d298b5e,1072,1072,NCGR graphics,NCGR graphics
"Pokémon Diamond Version (USA, ADAE, header ROM version 5)","Pokémon Pearl Version (USA, APAE, header ROM version 5)",/poketool/icongra/poke_icon.narc,equal,32,32,,,be1f5f67ab155fb662e29d7a44f601a72d90044e8594bf4da319a8b587679ae9,be1f5f67ab155fb662e29d7a44f601a72d90044e8594bf4da319a8b587679ae9,1072,1072,NCGR graphics,NCGR graphics
"Pokémon Diamond Version (USA, ADAE, header ROM version 5)","Pokémon Pearl Version (USA, APAE, header ROM version 5)",/poketool/icongra/poke_icon.narc,equal,33,33,,,e0b4e287ec2ad5e1a0655526073dd0c5bb371e1dd03aef8b0088843e7cd07cf4,e0b4e287ec2ad5e1a0655526073dd0c5bb371e1dd03aef8b0088843e7cd07cf4,1072,1072,NCGR graphics,NCGR graphics
"Pokémon Diamond Version (USA, ADAE, header ROM version 5)","Pokémon Pearl Version (USA, APAE, header ROM version 5)",/poketool/icongra/poke_icon.narc,equal,34,34,,,7f3cf29d2b1f84a2ae67ee0dccac638774d446358140dae4c0096bab53a01097,7f3cf29d2b1f84a2ae67ee0dccac638774d446358140dae4c0096bab53a01097,1072,1072,NCGR graphics,NCGR graphics
"Pokémon Diamond Version (USA, ADAE, header ROM version 5)","Pokémon Pearl Version (USA, APAE, header ROM version 5)",/poketool/icongra/poke_icon.narc,equal,35,35,,,0c95e696830a7ecf543117c22b5424251f72c82b43f401fa8dde890b08ffce62,0c95e696830a7ecf543117c22b5424251f72c82b43f401fa8dde890b08ffce62,1072,1072,NCGR graphics,NCGR graphics
"Pokémon Diamond Version (USA, ADAE, header ROM version 5)","Pokémon Pearl Version (USA, APAE, header ROM version 5)",/poketool/icongra/poke_icon.narc,equal,36,36,,,36c9e95ca6e0af1fc6f7c5aa723ce8eed82ce86277c742561d5e8b8075001331,36c9e95ca6e0af1fc6f7c5aa723ce8eed82ce86277c742561d5e8b8075001331,1072,1072,NCGR graphics,NCGR graphics
"Pokémon Diamond Version (USA, ADAE, header ROM version 5)","Pokémon Pearl Version (USA, APAE, header ROM version 5)",/poketool/icongra/poke_icon.narc,equal,37,37,,,11e265b25d28ba39b6406f1fab6312306a30776cd8a90eb0832bade23ab3fdb9,11e265b25d28ba39b6406f1fab6312306a30776cd8a90eb0832bade23ab3fdb9,1072,1072,NCGR graphics,NCGR graphics
"Pokémon Diamond Version (USA, ADAE, header ROM version 5)","Pokémon Pearl Version (USA, APAE, header ROM version 5)",/poketool/icongra/poke_icon.narc,equal,38,38,,,3dbfd374210311d08d6d0354d1b1122132a192891e0bfa664ad69cf95d254405,3dbfd374210311d08d6d0354d1b1122132a192891e0bfa664ad69cf95d254405,1072,1072,NCGR graphics,NCGR graphics
"Pokémon Diamond Version (USA, ADAE, header ROM version 5)","Pokémon Pearl Version (USA, APAE, header ROM version 5)",/poketool/icongra/poke_icon.narc,equal,39,39,,,1923fadb633ac12870b4d07bf2a726708c6e9f8cdbbd12ff9733a16b105dc220,1923fadb633ac12870b4d07bf2a726708c6e9f8cdbbd12ff9733a16b105dc220,1072,1072,NCGR graphics,NCGR graphics
"Pokémon Diamond Version (USA, ADAE, header ROM version 5)","Pokémon Pearl Version (USA, APAE, header ROM version 5)",/poketool/icongra/poke_icon.narc,equal,40,40,,,849357e17831ad1930fe6be74a280ba672e8e1f56c245453c4890afa23bc8150,849357e17831ad1930fe6be74a280ba672e8e1f56c245453c4890afa23bc8150,1072,1072,NCGR graphics,NCGR graphics
"Pokémon Diamond Version (USA, ADAE, header ROM version 5)","Pokémon Pearl Version (USA, APAE, header ROM version 5)",/poketool/icongra/poke_icon.narc,equal,41,41,,,8520a7bc274ba2bfeee7a8a0f86f9444eeb256a44b62c92af4a0b0d25a35210c,8520a7bc274ba2bfeee7a8a0f86f9444eeb256a44b62c92af4a0b0d25a35210c,1072,1072,NCGR graphics,NCGR graphics
"Pokémon Diamond Version (USA, ADAE, header ROM version 5)","Pokémon Pearl Version (USA, APAE, header ROM version 5)",/poketool/icongra/poke_icon.narc,equal,42,42,,,0cc546d8c35b79a78c1832230461f992da34fd3a3e333762a73fb4f9913bdae0,0cc546d8c35b79a78c1832230461f992da34fd3a3e333762a73fb4f9913bdae0,1072,1072,NCGR graphics,NCGR graphics
"Pokémon Diamond Version (USA, ADAE, header ROM version 5)","Pokémon Pearl Version (USA, APAE, header ROM version 5)",/poketool/icongra/poke_icon.narc,equal,43,43,,,d12815b7d585d58f569aab3a78511f7e9c6037d67d9bb847603b6d85e55ea071,d12815b7d585d58f569aab3a78511f7e9c6037d67d9bb847603b6d85e55ea071,1072,1072,NCGR graphics,NCGR graphics
"Pokémon Diamond Version (USA, ADAE, header ROM version 5)","Pokémon Pearl Version (USA, APAE, header ROM version 5)",/poketool/icongra/poke_icon.narc,equal,44,44,,,ba7cd6c2a721ef831ce7e17e88ab86f7e4e003a5fe7c763fb62c4c19ac75426c,ba7cd6c2a721ef831ce7e17e88ab86f7e4e003a5fe7c763fb62c4c19ac75426c,1072,1072,NCGR graphics,NCGR graphics
"Pokémon Diamond Version (USA, ADAE, header ROM version 5)","Pokémon Pearl Version (USA, APAE, header ROM version 5)",/poketool/icongra/poke_icon.narc,equal,45,45,,,3a483890af5b9f8ca1f981f47281b20c13c79d1639e42c69d856d4e448e7c24f,3a483890af5b9f8ca1f981f47281b20c13c79d1639e42c69d856d4e448e7c24f,1072,1072,NCGR graphics,NCGR graphics
"Pokémon Diamond Version (USA, ADAE, header ROM version 5)","Pokémon Pearl Version (USA, APAE, header ROM version 5)",/poketool/icongra/poke_icon.narc,equal,46,46,,,599bb329cdb5a2c11de92d3434b92cde165ac85c82403d12f845d13897c30d83,599bb329cdb5a2c11de92d3434b92cde165ac85c82403d12f845d13897c30d83,1072,1072,NCGR graphics,NCGR graphics
"Pokémon Diamond Version (USA, ADAE, header ROM version 5)","Pokémon Pearl Version (USA, APAE, header ROM version 5)",/poketool/icongra/poke_icon.narc,equal,47,47,,,780d76c267b0dc518d951e3a7863f85522feab122e3b76d9e6d038512151ddae,780d76c267b0dc518d951e3a7863f85522feab122e3b76d9e6d038512151ddae,1072,1072,NCGR graphics,NCGR graphics
"Pokémon Diamond Version (USA, ADAE, header ROM version 5)","Pokémon Pearl Version (USA, APAE, header ROM version 5)",/poketool/icongra/poke_icon.narc,equal,48,48,,,a4abb65bfe9f96b4a8e445eb5fd69ee5b61764aeebbab68dff40771b7cd7ba51,a4abb65bfe9f96b4a8e445eb5fd69ee5b61764aeebbab68dff40771b7cd7ba51,1072,1072,NCGR graphics,NCGR graphics
"Pokémon Diamond Version (USA, ADAE, header ROM version 5)","Pokémon Pearl Version (USA, APAE, header ROM version 5)",/poketool/icongra/poke_icon.narc,equal,49,49,,,3c8bcc2656d3286fbd3115187ea9bbe99646666fe01da07f447d762f1673fde0,3c8bcc2656d3286fbd3115187ea9bbe99646666fe01da07f447d762f1673fde0,1072,1072,NCGR graphics,NCGR graphics
"Pokémon Diamond Version (USA, ADAE, header ROM version 5)","Pokémon Pearl Version (USA, APAE, header ROM version 5)",/poketool/icongra/poke_icon.narc,equal,50,50,,,8a206528c3b3fbfd24a519ec17523e2f3c965ecf439f88336c34e42bde8dcf07,8a206528c3b3fbfd24a519ec17523e2f3c965ecf439f88336c34e42bde8dcf07,1072,1072,NCGR graphics,NCGR graphics
"Pokémon Diamond Version (USA, ADAE, header ROM version 5)","Pokémon Pearl Version (USA, APAE, header ROM version 5)",/poketool/icongra/poke_icon.narc,equal,51,51,,,a9a988ffde0c4d7c6624776b43e122a206c0b645d1d1284435e037497a25d938,a9a988ffde0c4d7c6624776b43e122a206c0b645d1d1284435e037497a25d938,1072,1072,NCGR graphics,NCGR graphics
"Pokémon Diamond Version (USA, ADAE, header ROM version 5)","Pokémon Pearl Version (USA, APAE, header ROM version 5)",/poketool/icongra/poke_icon.narc,equal,52,52,,,80bea62b2f504a65b68f5739748d0254968b80858c5811e91e2f6b15bed3a6e6,80bea62b2f504a65b68f5739748d0254968b80858c5811e91e2f6b15bed3a6e6,1072,1072,NCGR graphics,NCGR graphics
"Pokémon Diamond Version (USA, ADAE, header ROM version 5)","Pokémon Pearl Version (USA, APAE, header ROM version 5)",/poketool/icongra/poke_icon.narc,equal,53,53,,,d85dde90ad980e7484ef20e234dc580d63f489207498e5a0e07d47fc2315048b,d85dde90ad980e7484ef20e234dc580d63f489207498e5a0e07d47fc2315048b,1072,1072,NCGR graphics,NCGR graphics
"Pokémon Diamond Version (USA, ADAE, header ROM version 5)","Pokémon Pearl Version (USA, APAE, header ROM version 5)",/poketool/icongra/poke_icon.narc,equal,54,54,,,9878f1ac339f5bd8cb0dc25e110a8f2bd48021b5b09bbfee441c20b8a3ca93fa,9878f1ac339f5bd8cb0dc25e110a8f2bd48021b5b09bbfee441c20b8a3ca93fa,1072,1072,NCGR graphics,NCGR graphics
"Pokémon Diamond Version (USA, ADAE, header ROM version 5)","Pokémon Pearl Version (USA, APAE, header ROM version 5)",/poketool/icongra/poke_icon.narc,equal,55,55,,,67c8ee8fb12018b44fb3aa5b7d0750bf89dff375867d6309739bcf97a8220473,67c8ee8fb12018b44fb3aa5b7d0750bf89dff375867d6309739bcf97a8220473,1072,1072,NCGR graphics,NCGR graphics
"Pokémon Diamond Version (USA, ADAE, header ROM version 5)","Pokémon Pearl Version (USA, APAE, header ROM version 5)",/poketool/icongra/poke_icon.narc,equal,56,56,,,ea683a86992eba9fc610783e213e971220b5b7e70e39f993263c2743b50687b2,ea683a86992eba9fc610783e213e971220b5b7e70e39f993263c2743b50687b2,1072,1072,NCGR graphics,NCGR graphics
"Pokémon Diamond Version (USA, ADAE, header ROM version 5)","Pokémon Pearl Version (USA, APAE, header ROM version 5)",/poketool/icongra/poke_icon.narc,equal,57,57,,,873419fa9199fb1d90c6e6c145471179fa67a14c07ce2120d14b1b8c4e002b4a,873419fa9199fb1d90c6e6c145471179fa67a14c07ce2120d14b1b8c4e002b4a,1072,1072,NCGR graphics,NCGR graphics
"Pokémon Diamond Version (USA, ADAE, header ROM version 5)","Pokémon Pearl Version (USA, APAE, header ROM version 5)",/poketool/icongra/poke_icon.narc,equal,58,58,,,c1b4b72afda3e5d0971eda81f44c8fd040ee6e04d2d58595905e1d6c205f4334,c1b4b72afda3e5d0971eda81f44c8fd040ee6e04d2d58595905e1d6c205f4334,1072,1072,NCGR graphics,NCGR graphics
"Pokémon Diamond Version (USA, ADAE, header ROM version 5)","Pokémon Pearl Version (USA, APAE, header ROM version 5)",/poketool/icongra/poke_icon.narc,equal,59,59,,,1cd1c2b9935166f676a0df659748fcfc22b1b0c365aa5aeb0302cfe50e71aa36,1cd1c2b9935166f676a0df659748fcfc22b1b0c365aa5aeb0302cfe50e71aa36,1072,1072,NCGR graphics,NCGR graphics
"Pokémon Diamond Version (USA, ADAE, header ROM version 5)","Pokémon Pearl Version (USA, APAE, header ROM version 5)",/poketool/icongra/poke_icon.narc,equal,60,60,,,345843cfe4381d4c18d57add4d2886d263969d44a26c7440e7c9289d53e6a13e,345843cfe4381d4c18d57add4d2886d263969d44a26c7440e7c9289d53e6a13e,1072,1072,NCGR graphics,NCGR graphics
"Pokémon Diamond Version (USA, ADAE, header ROM version 5)","Pokémon Pearl Version (USA, APAE, header ROM version 5)",/poketool/icongra/poke_icon.narc,equal,61,61,,,ef2f45b6a225cd771f7604d2f75e344ecf708c9a73c4dcf6143d5d8d2922c56f,ef2f45b6a225cd771f7604d2f75e344ecf708c9a73c4dcf6143d5d8d2922c56f,1072,1072,NCGR graphics,NCGR graphics
"Pokémon Diamond Version (USA, ADAE, header ROM version 5)","Pokémon Pearl Version (USA, APAE, header ROM version 5)",/poketool/icongra/poke_icon.narc,equal,62,62,,,dcfbcfc6ea33dfd8518ac2cf875b0e82c7934baa576148f97e377727275bd758,dcfbcfc6ea33dfd8518ac2cf875b0e82c7934baa576148f97e377727275bd758,1072,1072,NCGR graphics,NCGR graphics
"Pokémon Diamond Version (USA, ADAE, header ROM version 5)","Pokémon Pearl Version (USA, APAE, header ROM version 5)",/poketool/icongra/poke_icon.narc,equal,63,63,,,b94f87d5f55da1cd6ebf126626cfc659d5b0718dbc8dcaba47e18d76a427c9cc,b94f87d5f55da1cd6ebf126626cfc659d5b0718dbc8dcaba47e18d76a427c9cc,1072,1072,NCGR graphics,NCGR graphics
"Pokémon Diamond Version (USA, ADAE, header ROM version 5)","Pokémon Pearl Version (USA, APAE, header ROM version 5)",/poketool/icongra/poke_icon.narc,equal,64,64,,,8915bc24c463176cd5ff0c052a432c2f9bd6d35165e9dcf0b6555a4d0fa6a067,8915bc24c463176cd5ff0c052a432c2f9bd6d35165e9dcf0b6555a4d0fa6a067,1072,1072,NCGR graphics,NCGR graphics
"Pokémon Diamond Version (USA, ADAE, header ROM version 5)","Pokémon Pearl Version (USA, APAE, header ROM version 5)",/poketool/icongra/poke_icon.narc,equal,65,65,,,fb9e640f98a252d6c20ab6459c3b5dc9ee208a6829bd7858eb1778875f6d01e8,fb9e640f98a252d6c20ab6459c3b5dc9ee208a6829bd7858eb1778875f6d01e8,1072,1072,NCGR graphics,NCGR graphics
"Pokémon Diamond Version (USA, ADAE, header ROM version 5)","Pokémon Pearl Version (USA, APAE, header ROM version 5)",/poketool/icongra/poke_icon.narc,equal,66,66,,,77f8a658978580abceb7086ebbcd817695d6b46c227a228201649f3716634808,77f8a658978580abceb7086ebbcd817695d6b46c227a228201649f3716634808,1072,1072,NCGR graphics,NCGR graphics
"Pokémon Diamond Version (USA, ADAE, header ROM version 5)","Pokémon Pearl Version (USA, APAE, header ROM version 5)",/poketool/icongra/poke_icon.narc,equal,67,67,,,24b96fe6c0a9044e77b27cd2ba1e6bb06543247592948039a6cbceff07a37a02,24b96fe6c0a9044e77b27cd2ba1e6bb06543247592948039a6cbceff07a37a02,1072,1072,NCGR graphics,NCGR graphics
"Pokémon Diamond Version (USA, ADAE, header ROM version 5)","Pokémon Pearl Version (USA, APAE, header ROM version 5)",/poketool/icongra/poke_icon.narc,equal,68,68,,,0fd3dc9c4410166ca7f6498413fbb848c137176cfa1bb1c414d60506d1ebe22d,0fd3dc9c4410166ca7f6498413fbb848c137176cfa1bb1c414d60506d1ebe22d,1072,1072,NCGR graphics,NCGR graphics
"Pokémon Diamond Version (USA, ADAE, header ROM version 5)","Pokémon Pearl Version (USA, APAE, header ROM version 5)",/poketool/icongra/poke_icon.narc,equal,69,69,,,8cc7d4e7805cc756c96800fa3421018735f3b9d04bae1e10532e76c06fcaf477,8cc7d4e7805cc756c96800fa3421018735f3b9d04bae1e10532e76c06fcaf477,1072,1072,NCGR graphics,NCGR graphics
"Pokémon Diamond Version (USA, ADAE, header ROM version 5)","Pokémon Pearl Version (USA, APAE, header ROM version 5)",/poketool/icongra/poke_icon.narc,equal,70,70,,,8469a43e4287dae206106c059ae620ab3a9028faa3828cb64fef0c80505e8d30,8469a43e4287dae206106c059ae620ab3a9028faa3828cb64fef0c80505e8d30,1072,1072,NCGR graphics,NCGR graphics
"Pokémon Diamond Version (USA, ADAE, header ROM version 5)","Pokémon Pearl Version (USA, APAE, header ROM version 5)",/poketool/icongra/poke_icon.narc,equal,71,71,,,601e8b9135b6b9d1580524d244a1ada21c82a3e99321b49f87a5cd7f096ea222,601e8b9135b6b9d1580524d244a1ada21c82a3e99321b49f87a5cd7f096ea222,1072,1072,NCGR graphics,NCGR graphics
"Pokémon Diamond Version (USA, ADAE, header ROM version 5)","Pokémon Pearl Version (USA, APAE, header ROM version 5)",/poketool/icongra/poke_icon.narc,equal,72,72,,,7e42300c20073c7b4556c75eb566eea671e533f31d4a58cf14bb3b37f2ce8fad,7e42300c20073c7b4556c75eb566eea671e533f31d4a58cf14bb3b37f2ce8fad,1072,1072,NCGR graphics,NCGR graphics
"Pokémon Diamond Version (USA, ADAE, header ROM version 5)","Pokémon Pearl Version (USA, APAE, header ROM version 5)",/poketool/icongra/poke_icon.narc,equal,73,73,,,52e2c3192a182d13fc8dfb2efc20b94fa71e9a14844faf926711d4c76c54eb4e,52e2c3192a182d13fc8dfb2efc20b94fa71e9a14844faf926711d4c76c54eb4e,1072,1072,NCGR graphics,NCGR graphics
"Pokémon Diamond Version (USA, ADAE, header ROM version 5)","Pokémon Pearl Version (USA, APAE, header ROM version 5)",/poketool/icongra/poke_icon.narc,equal,74,74,,,c3e90ec0d9a39318b5e97cf2916237bb95f5bd36c0ec24a8bec9f10d41114013,c3e90ec0d9a39318b5e97cf2916237bb95f5bd36c0ec24a8bec9f10d41114013,1072,1072,NCGR graphics,NCGR graphics
"Pokémon Diamond Version (USA, ADAE, header ROM version 5)","Pokémon Pearl Version (USA, APAE, header ROM version 5)",/poketool/icongra/poke_icon.narc,equal,75,75,,,61749d2addda9ac25fad7757eeea3236cbece230d7f98948761dfaf5f4eeb819,61749d2addda9ac25fad7757eeea3236cbece230d7f98948761dfaf5f4eeb819,1072,1072,NCGR graphics,NCGR graphics
"Pokémon Diamond Version (USA, ADAE, header ROM version 5)","Pokémon Pearl Version (USA, APAE, header ROM version 5)",/poketool/icongra/poke_icon.narc,equal,76,76,,,64de76bfe08759ebe42f53ae77821a36ca16e526dd1610db77a54d0db4e2fb1b,64de76bfe08759ebe42f53ae77821a36ca16e526dd1610db77a54d0db4e2fb1b,1072,1072,NCGR graphics,NCGR graphics
"Pokémon Diamond Version (USA, ADAE, header ROM version 5)","Pokémon Pearl Version (USA, APAE, header ROM version 5)",/poketool/icongra/poke_icon.narc,equal,77,77,,,6c7c39dd4d2182ace2d2521a78e5e732fea8e69e9b7f57412d23d9caefcc2a6b,6c7c39dd4d2182ace2d2521a78e5e732fea8e69e9b7f57412d23d9caefcc2a6b,1072,1072,NCGR graphics,NCGR graphics
"Pokémon Diamond Version (USA, ADAE, header ROM version 5)","Pokémon Pearl Version (USA, APAE, header ROM version 5)",/poketool/icongra/poke_icon.narc,equal,78,78,,,c5c7eaa1b4b16b9124bb2e6f561da946a82bbf8d71c2ea6e888f87f0748f8f17,c5c7eaa1b4b16b9124bb2e6f561da946a82bbf8d71c2ea6e888f87f0748f8f17,1072,1072,NCGR graphics,NCGR graphics
"Pokémon Diamond Version (USA, ADAE, header ROM version 5)","Pokémon Pearl Version (USA, APAE, header ROM version 5)",/poketool/icongra/poke_icon.narc,equal,79,79,,,936f54a97b5b264594a684bf653fcf5f439987cd23a3322dd8bf1590a122517f,936f54a97b5b264594a684bf653fcf5f439987cd23a3322dd8bf1590a122517f,1072,1072,NCGR graphics,NCGR graphics
"Pokémon Diamond Version (USA, ADAE, header ROM version 5)","Pokémon Pearl Version (USA, APAE, header ROM version 5)",/poketool/icongra/poke_icon.narc,equal,80,80,,,fdda85508ff3d9bccd8611639b2ae87b22b549ffb81f23175505241f346c9efd,fdda85508ff3d9bccd8611639b2ae87b22b549ffb81f23175505241f346c9efd,1072,1072,NCGR graphics,NCGR graphics
"Pokémon Diamond Version (USA, ADAE, header ROM version 5)","Pokémon Pearl Version (USA, APAE, header ROM version 5)",/poketool/icongra/poke_icon.narc,equal,81,81,,,9fa5f5d0a5b0541ca44680cfd05ebcf49246586c8555848e25769ed1735a504c,9fa5f5d0a5b0541ca44680cfd05ebcf49246586c8555848e25769ed1735a504c,1072,1072,NCGR graphics,NCGR graphics
"Pokémon Diamond Version (USA, ADAE, header ROM version 5)","Pokémon Pearl Version (USA, APAE, header ROM version 5)",/poketool/icongra/poke_icon.narc,equal,82,82,,,8ebfbba92f442fce0646d8d2c685b4f53f9a6178d112f8fcfc7197be252756d0,8ebfbba92f442fce0646d8d2c685b4f53f9a6178d112f8fcfc7197be252756d0,1072,1072,NCGR graphics,NCGR graphics
"Pokémon Diamond Version (USA, ADAE, header ROM version 5)","Pokémon Pearl Version (USA, APAE, header ROM version 5)",/poketool/icongra/poke_icon.narc,equal,83,83,,,09d01f6910df42b869c901583554ed1ddf178eade0c66c2a16811bc5446d01f6,09d01f6910df42b869c901583554ed1ddf178eade0c66c2a16811bc5446d01f6,1072,1072,NCGR graphics,NCGR graphics
"Pokémon Diamond Version (USA, ADAE, header ROM version 5)","Pokémon Pearl Version (USA, APAE, header ROM version 5)",/poketool/icongra/poke_icon.narc,equal,84,84,,,2a6a4d6b7a4c8246ec3dde266ecd37c2f29c9b81bb05d6adef303d5eb1be5d22,2a6a4d6b7a4c8246ec3dde266ecd37c2f29c9b81bb05d6adef303d5eb1be5d22,1072,1072,NCGR graphics,NCGR graphics
"Pokémon Diamond Version (USA, ADAE, header ROM version 5)","Pokémon Pearl Version (USA, APAE, header ROM version 5)",/poketool/icongra/poke_icon.narc,equal,85,85,,,a80119bd793d4dd430b482c16f88d09e8dcc689684ba5345f46796be5e184d49,a80119bd793d4dd430b482c16f88d09e8dcc689684ba5345f46796be5e184d49,1072,1072,NCGR graphics,NCGR graphics
"Pokémon Diamond Version (USA, ADAE, header ROM version 5)","Pokémon Pearl Version (USA, APAE, header ROM version 5)",/poketool/icongra/poke_icon.narc,equal,86,86,,,606ce45cbf4189d2ac91bc5246ccb5f0144257ab88b84c718e004491e8e3cc2a,606ce45cbf4189d2ac91bc5246ccb5f0144257ab88b84c718e004491e8e3cc2a,1072,1072,NCGR graphics,NCGR graphics
"Pokémon Diamond Version (USA, ADAE, header ROM version 5)","Pokémon Pearl Version (USA, APAE, header ROM version 5)",/poketool/icongra/poke_icon.narc,equal,87,87,,,43c19cfa4585486bacf5d37e0b552d72d1f9e656e542968349ae2b2985e151fd,43c19cfa4585486bacf5d37e0b552d72d1f9e656e542968349ae2b2985e151fd,1072,1072,NCGR graphics,NCGR graphics
"Pokémon Diamond Version (USA, ADAE, header ROM version 5)","Pokémon Pearl Version (USA, APAE, header ROM version 5)",/poketool/icongra/poke_icon.narc,equal,88,88,,,f575284f8cfb2f5efbb831a9a1b72ea1df15d4275bd91bae84754186de7b5cb7,f575284f8cfb2f5efbb831a9a1b72ea1df15d4275bd91bae84754186de7b5cb7,1072,1072,NCGR graphics,NCGR graphics
"Pokémon Diamond Version (USA, ADAE, header ROM version 5)","Pokémon Pearl Version (USA, APAE, header ROM version 5)",/poketool/icongra/poke_icon.narc,equal,89,89,,,786a30ac8ee7139a97273d9ba0cfd4d1cb056af231306b92642374af3128a2c8,786a30ac8ee7139a97273d9ba0cfd4d1cb056af231306b92642374af3128a2c8,1072,1072,NCGR graphics,NCGR graphics
"Pokémon Diamond Version (USA, ADAE, header ROM version 5)","Pokémon Pearl Version (USA, APAE, header ROM version 5)",/poketool/icongra/poke_icon.narc,equal,90,90,,,1c88a07b54418516e66dfbc148b13df755af909312b6f8a96e082fd1737e870c,1c88a07b54418516e66dfbc148b13df755af909312b6f8a96e082fd1737e870c,1072,1072,NCGR graphics,NCGR graphics
"Pokémon Diamond Version (USA, ADAE, header ROM version 5)","Pokémon Pearl Version (USA, APAE, header ROM version 5)",/poketool/icongra/poke_icon.narc,equal,91,91,,,0d9249d9323fb0f4cf8ab506d3e24ef8c72ce61045145e6a3594eebfd80e160b,0d9249d9323fb0f4cf8ab506d3e24ef8c72ce61045145e6a3594eebfd80e160b,1072,1072,NCGR graphics,NCGR graphics
"Pokémon Diamond Version (USA, ADAE, header ROM version 5)","Pokémon Pearl Version (USA, APAE, header ROM version 5)",/poketool/icongra/poke_icon.narc,equal,92,92,,,678219d9d0f8c185be82cb863e457bad54132476656bb40fa6066c62d404ec70,678219d9d0f8c185be82cb863e457bad54132476656bb40fa6066c62d404ec70,1072,1072,NCGR graphics,NCGR graphics
"Pokémon Diamond Version (USA, ADAE, header ROM version 5)","Pokémon Pearl Version (USA, APAE, header ROM version 5)",/poketool/icongra/poke_icon.narc,equal,93,93,,,68a23cdfac9ce226a370350288938ca400fe7422b24f4b8e5faee330bd4f18a1,68a23cdfac9ce226a370350288938ca400fe7422b24f4b8e5faee330bd4f18a1,1072,1072,NCGR graphics,NCGR graphics
"Pokémon Diamond Version (USA, ADAE, header ROM version 5)","Pokémon Pearl Version (USA, APAE, header ROM version 5)",/poketool/icongra/poke_icon.narc,equal,94,94,,,652b5c7de5cf47c9242f21b6f78965a4e675b9071192bc2bd9c5b367012d4cda,652b5c7de5cf47c9242f21b6f78965a4e675b9071192bc2bd9c5b367012d4cda,1072,1072,NCGR graphics,NCGR graphics
"Pokémon Diamond Version (USA, ADAE, header ROM version 5)","Pokémon Pearl Version (USA, APAE, header ROM version 5)",/poketool/icongra/poke_icon.narc,equal,95,95,,,45569a3c4fe3eec80431888ec6bc943e5ad9a4d96365acdaf638b93b64f60e61,45569a3c4fe3eec80431888ec6bc943e5ad9a4d96365acdaf638b93b64f60e61,1072,1072,NCGR graphics,NCGR graphics
"Pokémon Diamond Version (USA, ADAE, header ROM version 5)","Pokémon Pearl Version (USA, APAE, header ROM version 5)",/poketool/icongra/poke_icon.narc,equal,96,96,,,2c8353f796456996f01c4c4f55ec19170403e110d0c40cf131a6173d0384000c,2c8353f796456996f01c4c4f55ec19170403e110d0c40cf131a6173d0384000c,1072,1072,NCGR graphics,NCGR graphics
"Pokémon Diamond Version (USA, ADAE, header ROM version 5)","Pokémon Pearl Version (USA, APAE, header ROM version 5)",/poketool/icongra/poke_icon.narc,equal,97,97,,,0418121ba2d47254199792b4721ec619db7604d675b8bc25d35a1869586ebbed,0418121ba2d47254199792b4721ec619db7604d675b8bc25d35a1869586ebbed,1072,1072,NCGR graphics,NCGR graphics
"Pokémon Diamond Version (USA, ADAE, header ROM version 5)","Pokémon Pearl Version (USA, APAE, header ROM version 5)",/poketool/icongra/poke_icon.narc,equal,98,98,,,1a07dcc55997a7d5cfc5a093440834914fbb31562ac7aa535b19bd701251f499,1a07dcc55997a7d5cfc5a093440834914fbb31562ac7aa535b19bd701251f499,1072,1072,NCGR graphics,NCGR graphics
"Pokémon Diamond Version (USA, ADAE, header ROM version 5)","Pokémon Pearl Version (USA, APAE, header ROM version 5)",/poketool/icongra/poke_icon.narc,equal,99,99,,,acea919db084024994b6707e95123821562f5a9e8e5cc775c3a5b1823934c591,acea919db084024994b6707e95123821562f5a9e8e5cc775c3a5b1823934c591,1072,1072,NCGR graphics,NCGR graphics
"Pokémon Diamond Version (USA, ADAE, header ROM version 5)","Pokémon Pearl Version (USA, APAE, header ROM version 5)",/poketool/icongra/poke_icon.narc,equal,100,100,,,48d54ea33a96ebdd87980370e3727c205f538ec58b17354042d09c33253ae17c,48d54ea33a96ebdd87980370e3727c205f538ec58b17354042d09c33253ae17c,1072,1072,NCGR graphics,NCGR graphics
"Pokémon Diamond Version (USA, ADAE, header ROM version 5)","Pokémon Pearl Version (USA, APAE, header ROM version 5)",/poketool/icongra/poke_icon.narc,equal,101,101,,,0f513c9b77db24ea753509ed5c95ce69b5d043241494ca981ae4f72b453df77f,0f513c9b77db24ea753509ed5c95ce69b5d043241494ca981ae4f72b453df77f,1072,1072,NCGR graphics,NCGR graphics
"Pokémon Diamond Version (USA, ADAE, header ROM version 5)","Pokémon Pearl Version (USA, APAE, header ROM version 5)",/poketool/icongra/poke_icon.narc,equal,102,102,,,1834ba49bf134cdb12788db07ba9f246d2d74b33f6afb6a7333b38b47d0b6ca2,1834ba49bf134cdb12788db07ba9f246d2d74b33f6afb6a7333b38b47d0b6ca2,1072,1072,NCGR graphics,NCGR graphics
"Pokémon Diamond Version (USA, ADAE, header ROM version 5)","Pokémon Pearl Version (USA, APAE, header ROM version 5)",/poketool/icongra/poke_icon.narc,equal,103,103,,,3cba0f9f1b6f76dfc998d0ed4be3ca125b3cd9a7f14fff96091e3d9068439408,3cba0f9f1b6f76dfc998d0ed4be3ca125b3cd9a7f14fff96091e3d9068439408,1072,1072,NCGR graphics,NCGR graphics
"Pokémon Diamond Version (USA, ADAE, header ROM version 5)","Pokémon Pearl Version (USA, APAE, header ROM version 5)",/poketool/icongra/poke_icon.narc,equal,104,104,,,10de6c465d425336ac8716bf1cab7e3987c7d91f7b0c0e04b4b10d4d3254f454,10de6c465d425336ac8716bf1cab7e3987c7d91f7b0c0e04b4b10d4d3254f454,1072,1072,NCGR graphics,NCGR graphics
"Pokémon Diamond Version (USA, ADAE, header ROM version 5)","Pokémon Pearl Version (USA, APAE, header ROM version 5)",/poketool/icongra/poke_icon.narc,equal,105,105,,,869c8e631bc75e78e153b202e65a083295c0f42812b15b5f4a2b11b1562ca83b,869c8e631bc75e78e153b202e65a083295c0f42812b15b5f4a2b11b1562ca83b,1072,1072,NCGR graphics,NCGR graphics
"Pokémon Diamond Version (USA, ADAE, header ROM version 5)","Pokémon Pearl Version (USA, APAE, header ROM version 5)",/poketool/icongra/poke_icon.narc,equal,106,106,,,e5206891c72b12026a1eab0d22dc73a9f0a903cc2d535f9067fc920f0684df5f,e5206891c72b12026a1eab0d22dc73a9f0a903cc2d535f9067fc920f0684df5f,1072,1072,NCGR graphics,NCGR graphics
"Pokémon Diamond Version (USA, ADAE, header ROM version 5)","Pokémon Pearl Version (USA, APAE, header ROM version 5)",/poketool/icongra/poke_icon.narc,equal,107,107,,,9897d356219db138722fb12351ebdb67116139c9f296bde2e0ae40858a60f51c,9897d356219db138722fb12351ebdb67116139c9f296bde2e0ae40858a60f51c,1072,1072,NCGR graphics,NCGR graphics
"Pokémon Diamond Version (USA, ADAE, header ROM version 5)","Pokémon Pearl Version (USA, APAE, header ROM version 5)",/poketool/icongra/poke_icon.narc,equal,108,108,,,f90513ec9a2f6f960cfbb361ae36d6e1d9b6da578e90e878a23e350c404ab364,f90513ec9a2f6f960cfbb361ae36d6e1d9b6da578e90e878a23e350c404ab364,1072,1072,NCGR graphics,NCGR graphics
"Pokémon Diamond Version (USA, ADAE, header ROM version 5)","Pokémon Pearl Version (USA, APAE, header ROM version 5)",/poketool/icongra/poke_icon.narc,equal,109,109,,,822b634caf2fa2124a6fdf80c98fd9acaff868cf9c6b38f0ac5adf17f6fa40f7,822b634caf2fa2124a6fdf80c98fd9acaff868cf9c6b38f0ac5adf17f6fa40f7,1072,1072,NCGR graphics,NCGR graphics
"Pokémon Diamond Version (USA, ADAE, header ROM version 5)","Pokémon Pearl Version (USA, APAE, header ROM version 5)",/poketool/icongra/poke_icon.narc,equal,110,110,,,4f7f9723fad7b032d4f3fe86e4c0d5c1a90bcd5ae33694b65fec7db43b02a907,4f7f9723fad7b032d4f3fe86e4c0d5c1a90bcd5ae33694b65fec7db43b02a907,1072,1072,NCGR graphics,NCGR graphics
"Pokémon Diamond Version (USA, ADAE, header ROM version 5)","Pokémon Pearl Version (USA, APAE, header ROM version 5)",/poketool/icongra/poke_icon.narc,equal,111,111,,,a0180541517abe0d0b90a969813ff3b03b13a16a76b52ef20713112de2e17c1b,a0180541517abe0d0b90a969813ff3b03b13a16a76b52ef20713112de2e17c1b,1072,1072,NCGR graphics,NCGR graphics
"Pokémon Diamond Version (USA, ADAE, header ROM version 5)","Pokémon Pearl Version (USA, APAE, header ROM version 5)",/poketool/icongra/poke_icon.narc,equal,112,112,,,9cd1538013d07ede57bebb1847780e3a2a163f758f6e73167ebd3358c5705ecd,9cd1538013d07ede57bebb1847780e3a2a163f758f6e73167ebd3358c5705ecd,1072,1072,NCGR graphics,NCGR graphics
"Pokémon Diamond Version (USA, ADAE, header ROM version 5)","Pokémon Pearl Version (USA, APAE, header ROM version 5)",/poketool/icongra/poke_icon.narc,equal,113,113,,,b2cdf978bd33e3237cf496c14dfca023d452924640df69c52ffc241b25b43a19,b2cdf978bd33e3237cf496c14dfca023d452924640df69c52ffc241b25b43a19,1072,1072,NCGR graphics,NCGR graphics
"Pokémon Diamond Version (USA, ADAE, header ROM version 5)","Pokémon Pearl Version (USA, APAE, header ROM version 5)",/poketool/icongra/poke_icon.narc,equal,114,114,,,31c0559cccf5cd31d9547c1d8ca9e5a13d487ededd39a3a7d1b11c0db2b41212,31c0559cccf5cd31d9547c1d8ca9e5a13d487ededd39a3a7d1b11c0db2b41212,1072,1072,NCGR graphics,NCGR graphics
"Pokémon Diamond Version (USA, ADAE, header ROM version 5)","Pokémon Pearl Version (USA, APAE, header ROM version 5)",/poketool/icongra/poke_icon.narc,equal,115,115,,,c5c50742a57056bbc859e5f5e1d9c6f84fba0cd5b764961d0dd7c0c537f463ac,c5c50742a57056bbc859e5f5e1d9c6f84fba0cd5b764961d0dd7c0c537f463ac,1072,1072,NCGR graphics,NCGR graphics
"Pokémon Diamond Version (USA, ADAE, header ROM version 5)","Pokémon Pearl Version (USA, APAE, header ROM version 5)",/poketool/icongra/poke_icon.narc,equal,116,116,,,75ab684ab4efef56f462929558809adc263feb24ea9e31c86439c6277bb52e39,75ab684ab4efef56f462929558809adc263feb24ea9e31c86439c6277bb52e39,1072,1072,NCGR graphics,NCGR graphics
"Pokémon Diamond Version (USA, ADAE, header ROM version 5)","Pokémon Pearl Version (USA, APAE, header ROM version 5)",/poketool/icongra/poke_icon.narc,equal,117,117,,,623b579f4e47ee5f31129fbb90aa260838f274896cc8a5a79d906e658bc506d2,623b579f4e47ee5f31129fbb90aa260838f274896cc8a5a79d906e658bc506d2,1072,1072,NCGR graphics,NCGR graphics
"Pokémon Diamond Version (USA, ADAE, header ROM version 5)","Pokémon Pearl Version (USA, APAE, header ROM version 5)",/poketool/icongra/poke_icon.narc,equal,118,118,,,fac29577ad1931ff8e11da4de7cc75c3ae471eb34895fd78b0d9172f2a8508e6,fac29577ad1931ff8e11da4de7cc75c3ae471eb34895fd78b0d9172f2a8508e6,1072,1072,NCGR graphics,NCGR graphics
"Pokémon Diamond Version (USA, ADAE, header ROM version 5)","Pokémon Pearl Version (USA, APAE, header ROM version 5)",/poketool/icongra/poke_icon.narc,equal,119,119,,,3f62b09e33bb6e4755ea6259d4878f73b36c7d9b6d68ec671dee21ca9660ba02,3f62b09e33bb6e4755ea6259d4878f73b36c7d9b6d68ec671dee21ca9660ba02,1072,1072,NCGR graphics,NCGR graphics
"Pokémon Diamond Version (USA, ADAE, header ROM version 5)","Pokémon Pearl Version (USA, APAE, header ROM version 5)",/poketool/icongra/poke_icon.narc,equal,120,120,,,b508f04ad2a36c0c83ad246a6aba4695b49c87d4dac3a8d77858134b96d8adf3,b508f04ad2a36c0c83ad246a6aba4695b49c87d4dac3a8d77858134b96d8adf3,1072,1072,NCGR graphics,NCGR graphics
"Pokémon Diamond Version (USA, ADAE, header ROM version 5)","Pokémon Pearl Version (USA, APAE, header ROM version 5)",/poketool/icongra/poke_icon.narc,equal,121,121,,,1775617d53cb85a1929db6dd4e2af0772d3cf27099b567bf1b53acd52a6864c6,1775617d53cb85a1929db6dd4e2af0772d3cf27099b567bf1b53acd52a6864c6,1072,1072,NCGR graphics,NCGR graphics
"Pokémon Diamond Version (USA, ADAE, header ROM version 5)","Pokémon Pearl Version (USA, APAE, header ROM version 5)",/poketool/icongra/poke_icon.narc,equal,122,122,,,cec3c9c99ce8e5948fa12df7200db1da91b007a95877b36b7319cc12e27b4908,cec3c9c99ce8e5948fa12df7200db1da91b007a95877b36b7319cc12e27b4908,1072,1072,NCGR graphics,NCGR graphics
"Pokémon Diamond Version (USA, ADAE, header ROM version 5)","Pokémon Pearl Version (USA, APAE, header ROM version 5)",/poketool/icongra/poke_icon.narc,equal,123,123,,,e7e066f5539ec8dbee56f65ebade89aeabba20f9ac5ed64f69cad8eca41989f1,e7e066f5539ec8dbee56f65ebade89aeabba20f9ac5ed64f69cad8eca41989f1,1072,1072,NCGR graphics,NCGR graphics
"Pokémon Diamond Version (USA, ADAE, header ROM version 5)","Pokémon Pearl Version (USA, APAE, header ROM version 5)",/poketool/icongra/poke_icon.narc,equal,124,124,,,3e8c76fee481b4ad76902f6ae69e72273f0083ba20c0b32b486ba93adbd2667b,3e8c76fee481b4ad76902f6ae69e72273f0083ba20c0b32b486ba93adbd2667b,1072,1072,NCGR graphics,NCGR graphics
"Pokémon Diamond Version (USA, ADAE, header ROM version 5)","Pokémon Pearl Version (USA, APAE, header ROM version 5)",/poketool/icongra/poke_icon.narc,equal,125,125,,,fb631cebc40e22cf384a7d5a155c5eded9f98d0900390fe9649aae7b1c992007,fb631cebc40e22cf384a7d5a155c5eded9f98d0900390fe9649aae7b1c992007,1072,1072,NCGR graphics,NCGR graphics
"Pokémon Diamond Version (USA, ADAE, header ROM version 5)","Pokémon Pearl Version (USA, APAE, header ROM version 5)",/poketool/icongra/poke_icon.narc,equal,126,126,,,ec2c371568f0c72c1a2770f1f698c5edd976d56176902934aff080399b457636,ec2c371568f0c72c1a2770f1f698c5edd976d56176902934aff080399b457636,1072,1072,NCGR graphics,NCGR graphics
"Pokémon Diamond Version (USA, ADAE, header ROM version 5)","Pokémon Pearl Version (USA, APAE, header ROM version 5)",/poketool/icongra/poke_icon.narc,equal,127,127,,,78f5a1eccea3f95e836c212e6e47adf081f5e7da81ecdd8a7cbf9d45cb6d053d,78f5a1eccea3f95e836c212e6e47adf081f5e7da81ecdd8a7cbf9d45cb6d053d,1072,1072,NCGR graphics,NCGR graphics
"Pokémon Diamond Version (USA, ADAE, header ROM version 5)","Pokémon Pearl Version (USA, APAE, header ROM version 5)",/poketool/icongra/poke_icon.narc,equal,128,128,,,110b7d8c8a64b25fec9bf0b3e31e8533919951c67daed3d6706004073351b9f1,110b7d8c8a64b25fec9bf0b3e31e8533919951c67daed3d6706004073351b9f1,1072,1072,NCGR graphics,NCGR graphics
"Pokémon Diamond Version (USA, ADAE, header ROM version 5)","Pokémon Pearl Version (USA, APAE, header ROM version 5)",/poketool/icongra/poke_icon.narc,equal,129,129,,,fa43fd36eab946332cf26bc9d68a9f850dc71e7e096805ddd98ebb34c8da3c1f,fa43fd36eab946332cf26bc9d68a9f850dc71e7e096805ddd98ebb34c8da3c1f,1072,1072,NCGR graphics,NCGR graphics
"Pokémon Diamond Version (USA, ADAE, header ROM version 5)","Pokémon Pearl Version (USA, APAE, header ROM version 5)",/poketool/icongra/poke_icon.narc,equal,130,130,,,7255dfb932fe2621185e51b6ba6366b90be3c70173a3f76754f1fd157e3010a7,7255dfb932fe2621185e51b6ba6366b90be3c70173a3f76754f1fd157e3010a7,1072,1072,NCGR graphics,NCGR graphics
"Pokémon Diamond Version (USA, ADAE, header ROM version 5)","Pokémon Pearl Version (USA, APAE, header ROM version 5)",/poketool/icongra/poke_icon.narc,equal,131,131,,,2f1dfd08d6c837f733cfe2408d920858f6718248d71ad6f6a46250cf76009769,2f1dfd08d6c837f733cfe2408d920858f6718248d71ad6f6a46250cf76009769,1072,1072,NCGR graphics,NCGR graphics
"Pokémon Diamond Version (USA, ADAE, header ROM version 5)","Pokémon Pearl Version (USA, APAE, header ROM version 5)",/poketool/icongra/poke_icon.narc,equal,132,132,,,55455a87ea84c65c6f145606efb0e633e6df120748ade63172c243a0e028bdf5,55455a87ea84c65c6f145606efb0e633e6df120748ade63172c243a0e028bdf5,1072,1072,NCGR graphics,NCGR graphics
"Pokémon Diamond Version (USA, ADAE, header ROM version 5)","Pokémon Pearl Version (USA, APAE, header ROM version 5)",/poketool/icongra/poke_icon.narc,equal,133,133,,,679421de10adbb1aaa9f6f3b8cc4238c41deebe72f4540da77472e0e6c14051b,679421de10adbb1aaa9f6f3b8cc4238c41deebe72f4540da77472e0e6c14051b,1072,1072,NCGR graphics,NCGR graphics
"Pokémon Diamond Version (USA, ADAE, header ROM version 5)","Pokémon Pearl Version (USA, APAE, header ROM version 5)",/poketool/icongra/poke_icon.narc,equal,134,134,,,5da6c1afe33e7539431c01d4156dfa7c0ac6b90dd497d5556d3ecb64bf4e7086,5da6c1afe33e7539431c01d4156dfa7c0ac6b90dd497d5556d3ecb64bf4e7086,1072,1072,NCGR graphics,NCGR graphics
"Pokémon Diamond Version (USA, ADAE, header ROM version 5)","Pokémon Pearl Version (USA, APAE, header ROM version 5)",/poketool/icongra/poke_icon.narc,equal,135,135,,,8b7dd3550cb42325b21297f69bf8a186c73e1137ea3188a9985fea8acc77c927,8b7dd3550cb42325b21297f69bf8a186c73e1137ea3188a9985fea8acc77c927,1072,1072,NCGR graphics,NCGR graphics
"Pokémon Diamond Version (USA, ADAE, header ROM version 5)","Pokémon Pearl Version (USA, APAE, header ROM version 5)",/poketool/icongra/poke_icon.narc,equal,136,136,,,5f8723eb0e0d7927f497bc1d5cc3002843587f2cdd86914a64cf44621bbda190,5f8723eb0e0d7927f497bc1d5cc3002843587f2cdd86914a64cf44621bbda190,1072,1072,NCGR graphics,NCGR graphics
"Pokémon Diamond Version (USA, ADAE, header ROM version 5)","Pokémon Pearl Version (USA, APAE, header ROM version 5)",/poketool/icongra/poke_icon.narc,equal,137,137,,,495cb6337d1edadf70984970ce98f07a624aec86ecdd7a46a1692cafb5e29eea,495cb6337d1edadf70984970ce98f07a624aec86ecdd7a46a1692cafb5e29eea,1072,1072,NCGR graphics,NCGR graphics
"Pokémon Diamond Version (USA, ADAE, header ROM version 5)","Pokémon Pearl Version (USA, APAE, header ROM version 5)",/poketool/icongra/poke_icon.narc,equal,138,138,,,d5704654477b1baaffd07673954ad91709df4b06767ce0a52e5d0bb1bd47163e,d5704654477b1baaffd07673954ad91709df4b06767ce0a52e5d0bb1bd47163e,1072,1072,NCGR graphics,NCGR graphics
"Pokémon Diamond Version (USA, ADAE, header ROM version 5)","Pokémon Pearl Version (USA, APAE, header ROM version 5)",/poketool/icongra/poke_icon.narc,equal,139,139,,,d93b508b71d61a38fce6031fef4a9d7a2a1a8a8b31a16fb3e3baac7445ac5b59,d93b508b71d61a38fce6031fef4a9d7a2a1a8a8b31a16fb3e3baac7445ac5b59,1072,1072,NCGR graphics,NCGR graphics
"Pokémon Diamond Version (USA, ADAE, header ROM version 5)","Pokémon Pearl Version (USA, APAE, header ROM version 5)",/poketool/icongra/poke_icon.narc,equal,140,140,,,7dd07cf27973b49e567932990e3773b8f58b14ca650c3ffc0f76d99ab5d6824c,7dd07cf27973b49e567932990e3773b8f58b14ca650c3ffc0f76d99ab5d6824c,1072,1072,NCGR graphics,NCGR graphics
"Pokémon Diamond Version (USA, ADAE, header ROM version 5)","Pokémon Pearl Version (USA, APAE, header ROM version 5)",/poketool/icongra/poke_icon.narc,equal,141,141,,,ffd2a555cd3778a7dd905f1b475042d34d3e549a1f44af52ef33755f6d11c601,ffd2a555cd3778a7dd905f1b475042d34d3e549a1f44af52ef33755f6d11c601,1072,1072,NCGR graphics,NCGR graphics
"Pokémon Diamond Version (USA, ADAE, header ROM version 5)","Pokémon Pearl Version (USA, APAE, header ROM version 5)",/poketool/icongra/poke_icon.narc,equal,142,142,,,2a072138385eec0be0975653028b60ad8e6bb8a35bd1fe5077b6a8b34fd6c5dd,2a072138385eec0be0975653028b60ad8e6bb8a35bd1fe5077b6a8b34fd6c5dd,1072,1072,NCGR graphics,NCGR graphics
"Pokémon Diamond Version (USA, ADAE, header ROM version 5)","Pokémon Pearl Version (USA, APAE, header ROM version 5)",/poketool/icongra/poke_icon.narc,equal,143,143,,,5092426cae22ff6fe4a8cce76ecb40f08dd8f7ac112f215a70109e831904100a,5092426cae22ff6fe4a8cce76ecb40f08dd8f7ac112f215a70109e831904100a,1072,1072,NCGR graphics,NCGR graphics
"Pokémon Diamond Version (USA, ADAE, header ROM version 5)","Pokémon Pearl Version (USA, APAE, header ROM version 5)",/poketool/icongra/poke_icon.narc,equal,144,144,,,52d638f5d5ec91ae7c74562cd6f7daeabab636d56b157dcb122aafae3793fe35,52d638f5d5ec91ae7c74562cd6f7daeabab636d56b157dcb122aafae3793fe35,1072,1072,NCGR graphics,NCGR graphics
"Pokémon Diamond Version (USA, ADAE, header ROM version 5)","Pokémon Pearl Version (USA, APAE, header ROM version 5)",/poketool/icongra/poke_icon.narc,equal,145,145,,,216203771b2c8cf797b7866a4be51113f480c4417460f76b420ccfeb0ea76c6e,216203771b2c8cf797b7866a4be51113f480c4417460f76b420ccfeb0ea76c6e,1072,1072,NCGR graphics,NCGR graphics
"Pokémon Diamond Version (USA, ADAE, header ROM version 5)","Pokémon Pearl Version (USA, APAE, header ROM version 5)",/poketool/icongra/poke_icon.narc,equal,146,146,,,1b699474ca5c94b2ff82cf9428fdb6488a36f11c43b4fb2103754b9103ac6384,1b699474ca5c94b2ff82cf9428fdb6488a36f11c43b4fb2103754b9103ac6384,1072,1072,NCGR graphics,NCGR graphics
"Pokémon Diamond Version (USA, ADAE, header ROM version 5)","Pokémon Pearl Version (USA, APAE, header ROM version 5)",/poketool/icongra/poke_icon.narc,equal,147,147,,,73bfc9f417846f842b8f6a5a3337bf02f4701501d4c6c33be4a7a8ac53d24672,73bfc9f417846f842b8f6a5a3337bf02f4701501d4c6c33be4a7a8ac53d24672,1072,1072,NCGR graphics,NCGR graphics
"Pokémon Diamond Version (USA, ADAE, header ROM version 5)","Pokémon Pearl Version (USA, APAE, header ROM version 5)",/poketool/icongra/poke_icon.narc,equal,148,148,,,829c6f2f7ea1349be02ede17a529627fc695b4228ec898df14a15097e91f8622,829c6f2f7ea1349be02ede17a529627fc695b4228ec898df14a15097e91f8622,1072,1072,NCGR graphics,NCGR graphics
"Pokémon Diamond Version (USA, ADAE, header ROM version 5)","Pokémon Pearl Version (USA, APAE, header ROM version 5)",/poketool/icongra/poke_icon.narc,equal,149,149,,,a2feaaf865510c4d17a5a0487f72a9adf827ea95915cd16e9119b7c30d9ad5de,a2feaaf865510c4d17a5a0487f72a9adf827ea95915cd16e9119b7c30d9ad5de,1072,1072,NCGR graphics,NCGR graphics
"Pokémon Diamond Version (USA, ADAE, header ROM version 5)","Pokémon Pearl Version (USA, APAE, header ROM version 5)",/poketool/icongra/poke_icon.narc,equal,150,150,,,ee4f264645bb1d68f0ebbc619002d26aaa77a45ce04094c423284f9541a755e6,ee4f264645bb1d68f0ebbc619002d26aaa77a45ce04094c423284f9541a755e6,1072,1072,NCGR graphics,NCGR graphics
"Pokémon Diamond Version (USA, ADAE, header ROM version 5)","Pokémon Pearl Version (USA, APAE, header ROM version 5)",/poketool/icongra/poke_icon.narc,equal,151,151,,,c11f75d67e74a85d65c8c1740f280f21eab6f5155f8786343ee5baabe81057f2,c11f75d67e74a85d65c8c1740f280f21eab6f5155f8786343ee5baabe81057f2,1072,1072,NCGR graphics,NCGR graphics
"Pokémon Diamond Version (USA, ADAE, header ROM version 5)","Pokémon Pearl Version (USA, APAE, header ROM version 5)",/poketool/icongra/poke_icon.narc,equal,152,152,,,bb3901c2d23119bf021dbcfa30ee745461d2464029f911b6bc39a15a72466cc0,bb3901c2d23119bf021dbcfa30ee745461d2464029f911b6bc39a15a72466cc0,1072,1072,NCGR graphics,NCGR graphics
"Pokémon Diamond Version (USA, ADAE, header ROM version 5)","Pokémon Pearl Version (USA, APAE, header ROM version 5)",/poketool/icongra/poke_icon.narc,equal,153,153,,,c1ff4f64c870fc8b9d5df92c1de2a68319fb7397229bd34cac6e19c84c19df03,c1ff4f64c870fc8b9d5df92c1de2a68319fb7397229bd34cac6e19c84c19df03,1072,1072,NCGR graphics,NCGR graphics
"Pokémon Diamond Version (USA, ADAE, header ROM version 5)","Pokémon Pearl Version (USA, APAE, header ROM version 5)",/poketool/icongra/poke_icon.narc,equal,154,154,,,204cade0688b085116ad96a34e913d972371a42352eba3256fa4bdf77336864c,204cade0688b085116ad96a34e913d972371a42352eba3256fa4bdf77336864c,1072,1072,NCGR graphics,NCGR graphics
"Pokémon Diamond Version (USA, ADAE, header ROM version 5)","Pokémon Pearl Version (USA, APAE, header ROM version 5)",/poketool/icongra/poke_icon.narc,equal,155,155,,,0e9f319e3d4537878950573d7a61dc25ec310be391eccbb9748be1c1444abcdb,0e9f319e3d4537878950573d7a61dc25ec310be391eccbb9748be1c1444abcdb,1072,1072,NCGR graphics,NCGR graphics
"Pokémon Diamond Version (USA, ADAE, header ROM version 5)","Pokémon Pearl Version (USA, APAE, header ROM version 5)",/poketool/icongra/poke_icon.narc,equal,156,156,,,d939cc213e3fbf4f2efd031950ef89f40dc1e5cb0153c82ff19ea1c487a7a84b,d939cc213e3fbf4f2efd031950ef89f40dc1e5cb0153c82ff19ea1c487a7a84b,1072,1072,NCGR graphics,NCGR graphics
"Pokémon Diamond Version (USA, ADAE, header ROM version 5)","Pokémon Pearl Version (USA, APAE, header ROM version 5)",/poketool/icongra/poke_icon.narc,equal,157,157,,,902c0045a388744f3c016e852a949be32c5058e9af89ef443cad32f7541485ac,902c0045a388744f3c016e852a949be32c5058e9af89ef443cad32f7541485ac,1072,1072,NCGR graphics,NCGR graphics
"Pokémon Diamond Version (USA, ADAE, header ROM version 5)","Pokémon Pearl Version (USA, APAE, header ROM version 5)",/poketool/icongra/poke_icon.narc,equal,158,158,,,bcd98f1dd61a556b199b34dd3510f7f232c40367785ebcc25f300d3a073f5ba1,bcd98f1dd61a556b199b34dd3510f7f232c40367785ebcc25f300d3a073f5ba1,1072,1072,NCGR graphics,NCGR graphics
"Pokémon Diamond Version (USA, ADAE, header ROM version 5)","Pokémon Pearl Version (USA, APAE, header ROM version 5)",/poketool/icongra/poke_icon.narc,equal,159,159,,,542b5a56d5ffdfb11c853223795c9316671441bbd5084ce17a8fe4f7c4b8ff2f,542b5a56d5ffdfb11c853223795c9316671441bbd5084ce17a8fe4f7c4b8ff2f,1072,1072,NCGR graphics,NCGR graphics
"Pokémon Diamond Version (USA, ADAE, header ROM version 5)","Pokémon Pearl Version (USA, APAE, header ROM version 5)",/poketool/icongra/poke_icon.narc,equal,160,160,,,fd9ebdc7c1d62be95e2929d7ebd54f64d9900fa360c71542f340ac914bca190c,fd9ebdc7c1d62be95e2929d7ebd54f64d9900fa360c71542f340ac914bca190c,1072,1072,NCGR graphics,NCGR graphics
"Pokémon Diamond Version (USA, ADAE, header ROM version 5)","Pokémon Pearl Version (USA, APAE, header ROM version 5)",/poketool/icongra/poke_icon.narc,equal,161,161,,,2b9c30fdff4e410d9d4a8f34271e5f2234536717771e301e29d6278b563c6faf,2b9c30fdff4e410d9d4a8f34271e5f2234536717771e301e29d6278b563c6faf,1072,1072,NCGR graphics,NCGR graphics
"Pokémon Diamond Version (USA, ADAE, header ROM version 5)","Pokémon Pearl Version (USA, APAE, header ROM version 5)",/poketool/icongra/poke_icon.narc,equal,162,162,,,f6f31ed23ab5b78c7dc5ab90a02a18a1d8a625ab57ed9f570533b8204a55c8f2,f6f31ed23ab5b78c7dc5ab90a02a18a1d8a625ab57ed9f570533b8204a55c8f2,1072,1072,NCGR graphics,NCGR graphics
"Pokémon Diamond Version (USA, ADAE, header ROM version 5)","Pokémon Pearl Version (USA, APAE, header ROM version 5)",/poketool/icongra/poke_icon.narc,equal,163,163,,,19187495be797de4b0960f1d3ad6fbfdcac393d4f733316ad1e280766870a6c7,19187495be797de4b0960f1d3ad6fbfdcac393d4f733316ad1e280766870a6c7,1072,1072,NCGR graphics,NCGR graphics
"Pokémon Diamond Version (USA, ADAE, header ROM version 5)","Pokémon Pearl Version (USA, APAE, header ROM version 5)",/poketool/icongra/poke_icon.narc,equal,164,164,,,51bbf386206b0702a631c6675807bc5eb7fafcb3b6bb917537531445fcb2f4a8,51bbf386206b0702a631c6675807bc5eb7fafcb3b6bb917537531445fcb2f4a8,1072,1072,NCGR graphics,NCGR graphics
"Pokémon Diamond Version (USA, ADAE, header ROM version 5)","Pokémon Pearl Version (USA, APAE, header ROM version 5)",/poketool/icongra/poke_icon.narc,equal,165,165,,,05a212e8af14684d92387fd0023b134f674c7b92250ebfb490f156c85052ea46,05a212e8af14684d92387fd0023b134f674c7b92250ebfb490f156c85052ea46,1072,1072,NCGR graphics,NCGR graphics
"Pokémon Diamond Version (USA, ADAE, header ROM version 5)","Pokémon Pearl Version (USA, APAE, header ROM version 5)",/poketool/icongra/poke_icon.narc,equal,166,166,,,13dd7e5a155c45614f7cdb7152e6fc99bac8dcab0a44f0547ff5896136077cdf,13dd7e5a155c45614f7cdb7152e6fc99bac8dcab0a44f0547ff5896136077cdf,1072,1072,NCGR graphics,NCGR graphics
"Pokémon Diamond Version (USA, ADAE, header ROM version 5)","Pokémon Pearl Version (USA, APAE, header ROM version 5)",/poketool/icongra/poke_icon.narc,equal,167,167,,,e1aac021bf2763f301a9e9b50a237bd8ef78c66ecb7e4fa05a666b407ed6a3d6,e1aac021bf2763f301a9e9b50a237bd8ef78c66ecb7e4fa05a666b407ed6a3d6,1072,1072,NCGR graphics,NCGR graphics
"Pokémon Diamond Version (USA, ADAE, header ROM version 5)","Pokémon Pearl Version (USA, APAE, header ROM version 5)",/poketool/icongra/poke_icon.narc,equal,168,168,,,c9bd1a2af5a22176b0153cd20d605229c203376c85da22ab6f0d1f26ebe9fc74,c9bd1a2af5a22176b0153cd20d605229c203376c85da22ab6f0d1f26ebe9fc74,1072,1072,NCGR graphics,NCGR graphics
"Pokémon Diamond Version (USA, ADAE, header ROM version 5)","Pokémon Pearl Version (USA, APAE, header ROM version 5)",/poketool/icongra/poke_icon.narc,equal,169,169,,,03019ecad0d5806df2058527c9298eac339389e31a5463bcc9491e34ffbaa777,03019ecad0d5806df2058527c9298eac339389e31a5463bcc9491e34ffbaa777,1072,1072,NCGR graphics,NCGR graphics
"Pokémon Diamond Version (USA, ADAE, header ROM version 5)","Pokémon Pearl Version (USA, APAE, header ROM version 5)",/poketool/icongra/poke_icon.narc,equal,170,170,,,47dd66948df4d88b2b433a87a20bbad2f8756a8915d2b5714287c5c128076996,47dd66948df4d88b2b433a87a20bbad2f8756a8915d2b5714287c5c128076996,1072,1072,NCGR graphics,NCGR graphics
"Pokémon Diamond Version (USA, ADAE, header ROM version 5)","Pokémon Pearl Version (USA, APAE, header ROM version 5)",/poketool/icongra/poke_icon.narc,equal,171,171,,,df9a05361096ee6411eb89651f7075fcd694f08da53672fba402290b0b88d1c0,df9a05361096ee6411eb89651f7075fcd694f08da53672fba402290b0b88d1c0,1072,1072,NCGR graphics,NCGR graphics
"Pokémon Diamond Version (USA, ADAE, header ROM version 5)","Pokémon Pearl Version (USA, APAE, header ROM version 5)",/poketool/icongra/poke_icon.narc,equal,172,172,,,7cc787847683bcb14fcdac008c7becdf9a95f0d17af1d1dbba530c468d721181,7cc787847683bcb14fcdac008c7becdf9a95f0d17af1d1dbba530c468d721181,1072,1072,NCGR graphics,NCGR graphics
"Pokémon Diamond Version (USA, ADAE, header ROM version 5)","Pokémon Pearl Version (USA, APAE, header ROM version 5)",/poketool/icongra/poke_icon.narc,equal,173,173,,,8610236e416f8633a0c80683d1530b2dab3629a25056e6c21bcfb6664adfe387,8610236e416f8633a0c80683d1530b2dab3629a25056e6c21bcfb6664adfe387,1072,1072,NCGR graphics,NCGR graphics
"Pokémon Diamond Version (USA, ADAE, header ROM version 5)","Pokémon Pearl Version (USA, APAE, header ROM version 5)",/poketool/icongra/poke_icon.narc,equal,174,174,,,19b7a89269190931fe379ecae8130f74f630690658d9feabc328aac66f9de5ba,19b7a89269190931fe379ecae8130f74f630690658d9feabc328aac66f9de5ba,1072,1072,NCGR graphics,NCGR graphics
"Pokémon Diamond Version (USA, ADAE, header ROM version 5)","Pokémon Pearl Version (USA, APAE, header ROM version 5)",/poketool/icongra/poke_icon.narc,equal,175,175,,,38ac51154f0037af7743b93b6f29d7806dbafd1f35072a5a35216596c8668167,38ac51154f0037af7743b93b6f29d7806dbafd1f35072a5a35216596c8668167,1072,1072,NCGR graphics,NCGR graphics
"Pokémon Diamond Version (USA, ADAE, header ROM version 5)","Pokémon Pearl Version (USA, APAE, header ROM version 5)",/poketool/icongra/poke_icon.narc,equal,176,176,,,76cff78cddaee9d9bb9169353757d3effc78a4ec06e36c6158918eb8064af722,76cff78cddaee9d9bb9169353757d3effc78a4ec06e36c6158918eb8064af722,1072,1072,NCGR graphics,NCGR graphics
"Pokémon Diamond Version (USA, ADAE, header ROM version 5)","Pokémon Pearl Version (USA, APAE, header ROM version 5)",/poketool/icongra/poke_icon.narc,equal,177,177,,,21079460f7b854ad815f9c4d6aef745481eed36de68ab573e1ac8ce493544c69,21079460f7b854ad815f9c4d6aef745481eed36de68ab573e1ac8ce493544c69,1072,1072,NCGR graphics,NCGR graphics
"Pokémon Diamond Version (USA, ADAE, header ROM version 5)","Pokémon Pearl Version (USA, APAE, header ROM version 5)",/poketool/icongra/poke_icon.narc,equal,178,178,,,333d9dbe30ae07460ac1ef7c231ac230ab575152949234c010d3d3e288baca96,333d9dbe30ae07460ac1ef7c231ac230ab575152949234c010d3d3e288baca96,1072,1072,NCGR graphics,NCGR graphics
"Pokémon Diamond Version (USA, ADAE, header ROM version 5)","Pokémon Pearl Version (USA, APAE, header ROM version 5)",/poketool/icongra/poke_icon.narc,equal,179,179,,,ebf95ba06c49f9697eb1f5fabc06e4bbf9eb7edfdd85885f5697357cce5ce9cf,ebf95ba06c49f9697eb1f5fabc06e4bbf9eb7edfdd85885f5697357cce5ce9cf,1072,1072,NCGR graphics,NCGR graphics
"Pokémon Diamond Version (USA, ADAE, header ROM version 5)","Pokémon Pearl Version (USA, APAE, header ROM version 5)",/poketool/icongra/poke_icon.narc,equal,180,180,,,4f41aa368636784221a2b9be4f203bb18e2af24a2873aba82b6f00e697ece538,4f41aa368636784221a2b9be4f203bb18e2af24a2873aba82b6f00e697ece538,1072,1072,NCGR graphics,NCGR graphics
"Pokémon Diamond Version (USA, ADAE, header ROM version 5)","Pokémon Pearl Version (USA, APAE, header ROM version 5)",/poketool/icongra/poke_icon.narc,equal,181,181,,,0e863655a3045dbf408975ddedc9626c49bcaf7f7b40afd836de8df59a1c3ddf,0e863655a3045dbf408975ddedc9626c49bcaf7f7b40afd836de8df59a1c3ddf,1072,1072,NCGR graphics,NCGR graphics
"Pokémon Diamond Version (USA, ADAE, header ROM version 5)","Pokémon Pearl Version (USA, APAE, header ROM version 5)",/poketool/icongra/poke_icon.narc,equal,182,182,,,cbc912c5770abbbf9353770a00bb6823ce730d99246c0f8ed7985e139c24ebe3,cbc912c5770abbbf9353770a00bb6823ce730d99246c0f8ed7985e139c24ebe3,1072,1072,NCGR graphics,NCGR graphics
"Pokémon Diamond Version (USA, ADAE, header ROM version 5)","Pokémon Pearl Version (USA, APAE, header ROM version 5)",/poketool/icongra/poke_icon.narc,equal,183,183,,,f7d61bd1749dcd3faaefff220ccd9b67e3e3d615e3ff4b89b55116fae28e29bf,f7d61bd1749dcd3faaefff220ccd9b67e3e3d615e3ff4b89b55116fae28e29bf,1072,1072,NCGR graphics,NCGR graphics
"Pokémon Diamond Version (USA, ADAE, header ROM version 5)","Pokémon Pearl Version (USA, APAE, header ROM version 5)",/poketool/icongra/poke_icon.narc,equal,184,184,,,224ee3273a8326ccc3914a4f89324cd160d8eedf6c46eab2987aca85f4f47060,224ee3273a8326ccc3914a4f89324cd160d8eedf6c46eab2987aca85f4f47060,1072,1072,NCGR graphics,NCGR graphics
"Pokémon Diamond Version (USA, ADAE, header ROM version 5)","Pokémon Pearl Version (USA, APAE, header ROM version 5)",/poketool/icongra/poke_icon.narc,equal,185,185,,,cecbfe2b2efb09d257827bb0b41136b8e1bf6a296115db2cbb13e8caf4e81af9,cecbfe2b2efb09d257827bb0b41136b8e1bf6a296115db2cbb13e8caf4e81af9,1072,1072,NCGR graphics,NCGR graphics
"Pokémon Diamond Version (USA, ADAE, header ROM version 5)","Pokémon Pearl Version (USA, APAE, header ROM version 5)",/poketool/icongra/poke_icon.narc,equal,186,186,,,ddd2aa0e74306cd98d91b599256ef4aa461c234079c15e09623d26fb36c19356,ddd2aa0e74306cd98d91b599256ef4aa461c234079c15e09623d26fb36c19356,1072,1072,NCGR graphics,NCGR graphics
"Pokémon Diamond Version (USA, ADAE, header ROM version 5)","Pokémon Pearl Version (USA, APAE, header ROM version 5)",/poketool/icongra/poke_icon.narc,equal,187,187,,,912fd22b9aa240a5cff9436c62fbec613a6dfe83ad863c8fe494d252de04bd88,912fd22b9aa240a5cff9436c62fbec613a6dfe83ad863c8fe494d252de04bd88,1072,1072,NCGR graphics,NCGR graphics
"Pokémon Diamond Version (USA, ADAE, header ROM version 5)","Pokémon Pearl Version (USA, APAE, header ROM version 5)",/poketool/icongra/poke_icon.narc,equal,188,188,,,8dcd15dab70eaeb1ce704235d888340b42c00492e1f42ca0e1df5ce842d75e74,8dcd15dab70eaeb1ce704235d888340b42c00492e1f42ca0e1df5ce842d75e74,1072,1072,NCGR graphics,NCGR graphics
"Pokémon Diamond Version (USA, ADAE, header ROM version 5)","Pokémon Pearl Version (USA, APAE, header ROM version 5)",/poketool/icongra/poke_icon.narc,equal,189,189,,,0dafe458aad0f4967b985cd0858319ab19750e86fe39b7d3b44af23cc734c9cf,0dafe458aad0f4967b985cd0858319ab19750e86fe39b7d3b44af23cc734c9cf,1072,1072,NCGR graphics,NCGR graphics
"Pokémon Diamond Version (USA, ADAE, header ROM version 5)","Pokémon Pearl Version (USA, APAE, header ROM version 5)",/poketool/icongra/poke_icon.narc,equal,190,190,,,fb68c0e1e71b6d311979ba32d1996d15e3f78904d25f46073397dc401afd1d94,fb68c0e1e71b6d311979ba32d1996d15e3f78904d25f46073397dc401afd1d94,1072,1072,NCGR graphics,NCGR graphics
"Pokémon Diamond Version (USA, ADAE, header ROM version 5)","Pokémon Pearl Version (USA, APAE, header ROM version 5)",/poketool/icongra/poke_icon.narc,equal,191,191,,,1912d56cf0a41115028cbb1effae85d82a654ef5e86744e594d28b7648107efb,1912d56cf0a41115028cbb1effae85d82a654ef5e86744e594d28b7648107efb,1072,1072,NCGR graphics,NCGR graphics
"Pokémon Diamond Version (USA, ADAE, header ROM version 5)","Pokémon Pearl Version (USA, APAE, header ROM version 5)",/poketool/icongra/poke_icon.narc,equal,192,192,,,426fc1f2a1f0b1a934438309f8a9f93b0d645ddbb73f8ee98f869587abbd4628,426fc1f2a1f0b1a934438309f8a9f93b0d645ddbb73f8ee98f869587abbd4628,1072,1072,NCGR graphics,NCGR graphics
"Pokémon Diamond Version (USA, ADAE, header ROM version 5)","Pokémon Pearl Version (USA, APAE, header ROM version 5)",/poketool/icongra/poke_icon.narc,equal,193,193,,,b0a45303e2cf8b1ee4355f29d3817668a0100a9d65301f07a098c2b5dc616e07,b0a45303e2cf8b1ee4355f29d3817668a0100a9d65301f07a098c2b5dc616e07,1072,1072,NCGR graphics,NCGR graphics
"Pokémon Diamond Version (USA, ADAE, header ROM version 5)","Pokémon Pearl Version (USA, APAE, header ROM version 5)",/poketool/icongra/poke_icon.narc,equal,194,194,,,986d32e831564e22ed7c001680a6e008395aa0d861681e034769db2a6bdeb13b,986d32e831564e22ed7c001680a6e008395aa0d861681e034769db2a6bdeb13b,1072,1072,NCGR graphics,NCGR graphics
"Pokémon Diamond Version (USA, ADAE, header ROM version 5)","Pokémon Pearl Version (USA, APAE, header ROM version 5)",/poketool/icongra/poke_icon.narc,equal,195,195,,,8c2fc1d95c5573b7c0592e641613a67e75b1c268e7dee83aa90f047755c22805,8c2fc1d95c5573b7c0592e641613a67e75b1c268e7dee83aa90f047755c22805,1072,1072,NCGR graphics,NCGR graphics
"Pokémon Diamond Version (USA, ADAE, header ROM version 5)","Pokémon Pearl Version (USA, APAE, header ROM version 5)",/poketool/icongra/poke_icon.narc,equal,196,196,,,b95212cc9b7accca15fa37d30b9035111f2dd512fbea214eb7cca00d82ee38c5,b95212cc9b7accca15fa37d30b9035111f2dd512fbea214eb7cca00d82ee38c5,1072,1072,NCGR graphics,NCGR graphics
"Pokémon Diamond Version (USA, ADAE, header ROM version 5)","Pokémon Pearl Version (USA, APAE, header ROM version 5)",/poketool/icongra/poke_icon.narc,equal,197,197,,,6a05eea85b2edd4a7e501deca2f6116501b0e50b4371c0791f82af6be81b3822,6a05eea85b2edd4a7e501deca2f6116501b0e50b4371c0791f82af6be81b3822,1072,1072,NCGR graphics,NCGR graphics
"Pokémon Diamond Version (USA, ADAE, header ROM version 5)","Pokémon Pearl Version (USA, APAE, header ROM version 5)",/poketool/icongra/poke_icon.narc,equal,198,198,,,88e797c10c02d163a7cc55cfe86301f3590d004a4e2a01e50442ee1ac780f73c,88e797c10c02d163a7cc55cfe86301f3590d004a4e2a01e50442ee1ac780f73c,1072,1072,NCGR graphics,NCGR graphics
"Pokémon Diamond Version (USA, ADAE, header ROM version 5)","Pokémon Pearl Version (USA, APAE, header ROM version 5)",/poketool/icongra/poke_icon.narc,equal,199,199,,,9812795fcec316d48ab5ed1245aaf943f1997fe37d2f0731bfda8b0faf8c0904,9812795fcec316d48ab5ed1245aaf943f1997fe37d2f0731bfda8b0faf8c0904,1072,1072,NCGR graphics,NCGR graphics
"Pokémon Diamond Version (USA, ADAE, header ROM version 5)","Pokémon Pearl Version (USA, APAE, header ROM version 5)",/poketool/icongra/poke_icon.narc,equal,200,200,,,3cd253fbb5578a97ac3635d2536b5f7f0ddac0bff388d08fbc69825a82de0ae6,3cd253fbb5578a97ac3635d2536b5f7f0ddac0bff388d08fbc69825a82de0ae6,1072,1072,NCGR graphics,NCGR graphics
"Pokémon Diamond Version (USA, ADAE, header ROM version 5)","Pokémon Pearl Version (USA, APAE, header ROM version 5)",/poketool/icongra/poke_icon.narc,equal,201,201,,,de0aec80b2134f32f5356395f1e6bf85564d036a75a7c17bcd456287b805af5e,de0aec80b2134f32f5356395f1e6bf85564d036a75a7c17bcd456287b805af5e,1072,1072,NCGR graphics,NCGR graphics
"Pokémon Diamond Version (USA, ADAE, header ROM version 5)","Pokémon Pearl Version (USA, APAE, header ROM version 5)",/poketool/icongra/poke_icon.narc,equal,202,202,,,b797ade5d6a6b4e86dffddc0fe2ab9bf76584604794b208dfa2b722f37774f20,b797ade5d6a6b4e86dffddc0fe2ab9bf76584604794b208dfa2b722f37774f20,1072,1072,NCGR graphics,NCGR graphics
"Pokémon Diamond Version (USA, ADAE, header ROM version 5)","Pokémon Pearl Version (USA, APAE, header ROM version 5)",/poketool/icongra/poke_icon.narc,equal,203,203,,,a9c0161c69ee464cd354a575b1869ce24e8db7e4f8251bcc122a43f5f56d37bd,a9c0161c69ee464cd354a575b1869ce24e8db7e4f8251bcc122a43f5f56d37bd,1072,1072,NCGR graphics,NCGR graphics
"Pokémon Diamond Version (USA, ADAE, header ROM version 5)","Pokémon Pearl Version (USA, APAE, header ROM version 5)",/poketool/icongra/poke_icon.narc,equal,204,204,,,8229eb154778a10a5099a043d4b31656588b177d45651ba8baf779baaf6ed2fc,8229eb154778a10a5099a043d4b31656588b177d45651ba8baf779baaf6ed2fc,1072,1072,NCGR graphics,NCGR graphics
"Pokémon Diamond Version (USA, ADAE, header ROM version 5)","Pokémon Pearl Version (USA, APAE, header ROM version 5)",/poketool/icongra/poke_icon.narc,equal,205,205,,,39f69f8d85bf7bc47f2a2d39764014046effe33cd1048288b557052f443eb227,39f69f8d85bf7bc47f2a2d39764014046effe33cd1048288b557052f443eb227,1072,1072,NCGR graphics,NCGR graphics
"Pokémon Diamond Version (USA, ADAE, header ROM version 5)","Pokémon Pearl Version (USA, APAE, header ROM version 5)",/poketool/icongra/poke_icon.narc,equal,206,206,,,ab19aa94b497be85171ca48b8d04990da67b8180e1a129583fbb7f86e47f6261,ab19aa94b497be85171ca48b8d04990da67b8180e1a129583fbb7f86e47f6261,1072,1072,NCGR graphics,NCGR graphics
"Pokémon Diamond Version (USA, ADAE, header ROM version 5)","Pokémon Pearl Version (USA, APAE, header ROM version 5)",/poketool/icongra/poke_icon.narc,equal,207,207,,,8706c7f72580635fb9ec60320025e5425ab066bb5533d574b29c4775fff1c4f4,8706c7f72580635fb9ec60320025e5425ab066bb5533d574b29c4775fff1c4f4,1072,1072,NCGR graphics,NCGR graphics
"Pokémon Diamond Version (USA, ADAE, header ROM version 5)","Pokémon Pearl Version (USA, APAE, header ROM version 5)",/poketool/icongra/poke_icon.narc,equal,208,208,,,8f1853e95351bf343d2181aafbe91d00f2b476d0704674e26c7fc25ce668e853,8f1853e95351bf343d2181aafbe91d00f2b476d0704674e26c7fc25ce668e853,1072,1072,NCGR graphics,NCGR graphics
"Pokémon Diamond Version (USA, ADAE, header ROM version 5)","Pokémon Pearl Version (USA, APAE, header ROM version 5)",/poketool/icongra/poke_icon.narc,equal,209,209,,,ee1416499b84fbfcbbf77e77f27ced4158b335b04d0783ed94356ae18d725d2f,ee1416499b84fbfcbbf77e77f27ced4158b335b04d0783ed94356ae18d725d2f,1072,1072,NCGR graphics,NCGR graphics
"Pokémon Diamond Version (USA, ADAE, header ROM version 5)","Pokémon Pearl Version (USA, APAE, header ROM version 5)",/poketool/icongra/poke_icon.narc,equal,210,210,,,0ccd4c6c3e199526de5b8643647cbc4bb46a5f2f75ea89a4f1627855d3f1db7d,0ccd4c6c3e199526de5b8643647cbc4bb46a5f2f75ea89a4f1627855d3f1db7d,1072,1072,NCGR graphics,NCGR graphics
"Pokémon Diamond Version (USA, ADAE, header ROM version 5)","Pokémon Pearl Version (USA, APAE, header ROM version 5)",/poketool/icongra/poke_icon.narc,equal,211,211,,,f8c614cab4b0456eb3f2011a287ab712d17791f15efa467b624416a6c3993458,f8c614cab4b0456eb3f2011a287ab712d17791f15efa467b624416a6c3993458,1072,1072,NCGR graphics,NCGR graphics
"Pokémon Diamond Version (USA, ADAE, header ROM version 5)","Pokémon Pearl Version (USA, APAE, header ROM version 5)",/poketool/icongra/poke_icon.narc,equal,212,212,,,85fde85741de74d11b6384aa8d819a4b6116086e87954cf0d1aa4275b566addd,85fde85741de74d11b6384aa8d819a4b6116086e87954cf0d1aa4275b566addd,1072,1072,NCGR graphics,NCGR graphics
"Pokémon Diamond Version (USA, ADAE, header ROM version 5)","Pokémon Pearl Version (USA, APAE, header ROM version 5)",/poketool/icongra/poke_icon.narc,equal,213,213,,,1468fa6012cda45f3787519c5651f43dbbdac49fff971b111a5e6d10ba92e940,1468fa6012cda45f3787519c5651f43dbbdac49fff971b111a5e6d10ba92e940,1072,1072,NCGR graphics,NCGR graphics
"Pokémon Diamond Version (USA, ADAE, header ROM version 5)","Pokémon Pearl Version (USA, APAE, header ROM version 5)",/poketool/icongra/poke_icon.narc,equal,214,214,,,ed5f1fe2fe6d953b3343220606413a419b22d76982b1b23eea16dc80b1b707e0,ed5f1fe2fe6d953b3343220606413a419b22d76982b1b23eea16dc80b1b707e0,1072,1072,NCGR graphics,NCGR graphics
"Pokémon Diamond Version (USA, ADAE, header ROM version 5)","Pokémon Pearl Version (USA, APAE, header ROM version 5)",/poketool/icongra/poke_icon.narc,equal,215,215,,,5dce465765165c68ff8098b5ca82f5f780d81c724db91d260fd29972be25af6a,5dce465765165c68ff8098b5ca82f5f780d81c724db91d260fd29972be25af6a,1072,1072,NCGR graphics,NCGR graphics
"Pokémon Diamond Version (USA, ADAE, header ROM version 5)","Pokémon Pearl Version (USA, APAE, header ROM version 5)",/poketool/icongra/poke_icon.narc,equal,216,216,,,b6c9bcff2465b87c67576ae6f65f84d502557c49f135306e3b7c270f4fae7ba8,b6c9bcff2465b87c67576ae6f65f84d502557c49f135306e3b7c270f4fae7ba8,1072,1072,NCGR graphics,NCGR graphics
"Pokémon Diamond Version (USA, ADAE, header ROM version 5)","Pokémon Pearl Version (USA, APAE, header ROM version 5)",/poketool/icongra/poke_icon.narc,equal,217,217,,,a770ed44b40c8fc40b73531ab60ce7b1dda63da9eae50d7e38e2e3614fbb209b,a770ed44b40c8fc40b73531ab60ce7b1dda63da9eae50d7e38e2e3614fbb209b,1072,1072,NCGR graphics,NCGR graphics
"Pokémon Diamond Version (USA, ADAE, header ROM version 5)","Pokémon Pearl Version (USA, APAE, header ROM version 5)",/poketool/icongra/poke_icon.narc,equal,218,218,,,c5ef658fee16a7517b60dc3e555427fd33fbe01ffbfeb5654f33032b6c69e7ed,c5ef658fee16a7517b60dc3e555427fd33fbe01ffbfeb5654f33032b6c69e7ed,1072,1072,NCGR graphics,NCGR graphics
"Pokémon Diamond Version (USA, ADAE, header ROM version 5)","Pokémon Pearl Version (USA, APAE, header ROM version 5)",/poketool/icongra/poke_icon.narc,equal,219,219,,,535ad1c2fa3a58e453a0f49856f4f291da8d317ac60e9e0a0f3ff685037a03cb,535ad1c2fa3a58e453a0f49856f4f291da8d317ac60e9e0a0f3ff685037a03cb,1072,1072,NCGR graphics,NCGR graphics
"Pokémon Diamond Version (USA, ADAE, header ROM version 5)","Pokémon Pearl Version (USA, APAE, header ROM version 5)",/poketool/icongra/poke_icon.narc,equal,220,220,,,0137074c8af547afed06d2d8caa8f295cdcdaf7822e967bb2e5f2c5e7e2767fb,0137074c8af547afed06d2d8caa8f295cdcdaf7822e967bb2e5f2c5e7e2767fb,1072,1072,NCGR graphics,NCGR graphics
"Pokémon Diamond Version (USA, ADAE, header ROM version 5)","Pokémon Pearl Version (USA, APAE, header ROM version 5)",/poketool/icongra/poke_icon.narc,equal,221,221,,,2f9b814210d10f33e50e9d44f22a0f92f05323d2a6caa98380893a8b86a216a7,2f9b814210d10f33e50e9d44f22a0f92f05323d2a6caa98380893a8b86a216a7,1072,1072,NCGR graphics,NCGR graphics
"Pokémon Diamond Version (USA, ADAE, header ROM version 5)","Pokémon Pearl Version (USA, APAE, header ROM version 5)",/poketool/icongra/poke_icon.narc,equal,222,222,,,b902494dcc3daf77b4b21bd3acfe55de9e4a6bb2c834fafd4baff65a93513294,b902494dcc3daf77b4b21bd3acfe55de9e4a6bb2c834fafd4baff65a93513294,1072,1072,NCGR graphics,NCGR graphics
"Pokémon Diamond Version (USA, ADAE, header ROM version 5)","Pokémon Pearl Version (USA, APAE, header ROM version 5)",/poketool/icongra/poke_icon.narc,equal,223,223,,,d6f10101225a96d447268050324f8cd259903c13c95f33606a6a0f6284b9066d,d6f10101225a96d447268050324f8cd259903c13c95f33606a6a0f6284b9066d,1072,1072,NCGR graphics,NCGR graphics
"Pokémon Diamond Version (USA, ADAE, header ROM version 5)","Pokémon Pearl Version (USA, APAE, header ROM version 5)",/poketool/icongra/poke_icon.narc,equal,224,224,,,f83b1eefdba91650eda692f2838a610d0fcbf03b24652aaaf3da9d337352280a,f83b1eefdba91650eda692f2838a610d0fcbf03b24652aaaf3da9d337352280a,1072,1072,NCGR graphics,NCGR graphics
"Pokémon Diamond Version (USA, ADAE, header ROM version 5)","Pokémon Pearl Version (USA, APAE, header ROM version 5)",/poketool/icongra/poke_icon.narc,equal,225,225,,,504f877798782546d2af898b93a6bfd6193eb8ddb8e252887bf217579e2c6ed9,504f877798782546d2af898b93a6bfd6193eb8ddb8e252887bf217579e2c6ed9,1072,1072,NCGR graphics,NCGR graphics
"Pokémon Diamond Version (USA, ADAE, header ROM version 5)","Pokémon Pearl Version (USA, APAE, header ROM version 5)",/poketool/icongra/poke_icon.narc,equal,226,226,,,687e05f0da95df72720cba73ede6a49913a8c29999057e9c6657548b17f65f95,687e05f0da95df72720cba73ede6a49913a8c29999057e9c6657548b17f65f95,1072,1072,NCGR graphics,NCGR graphics
"Pokémon Diamond Version (USA, ADAE, header ROM version 5)","Pokémon Pearl Version (USA, APAE, header ROM version 5)",/poketool/icongra/poke_icon.narc,equal,227,227,,,898c33b33d188c8ec795ee27eb07ea83c563abca7eaf09f06104b6ae791326c4,898c33b33d188c8ec795ee27eb07ea83c563abca7eaf09f06104b6ae791326c4,1072,1072,NCGR graphics,NCGR graphics
"Pokémon Diamond Version (USA, ADAE, header ROM version 5)","Pokémon Pearl Version (USA, APAE, header ROM version 5)",/poketool/icongra/poke_icon.narc,equal,228,228,,,2bc73b0ea24db7f236d0d3b141cc86b48acdb20573af5c85a5cf5c9bbc3b0573,2bc73b0ea24db7f236d0d3b141cc86b48acdb20573af5c85a5cf5c9bbc3b0573,1072,1072,NCGR graphics,NCGR graphics
"Pokémon Diamond Version (USA, ADAE, header ROM version 5)","Pokémon Pearl Version (USA, APAE, header ROM version 5)",/poketool/icongra/poke_icon.narc,equal,229,229,,,69ad528af77770047a891fdb3cc4183fb1e58472267f1731a4c7aa54e1a5bf10,69ad528af77770047a891fdb3cc4183fb1e58472267f1731a4c7aa54e1a5bf10,1072,1072,NCGR graphics,NCGR graphics
"Pokémon Diamond Version (USA, ADAE, header ROM version 5)","Pokémon Pearl Version (USA, APAE, header ROM version 5)",/poketool/icongra/poke_icon.narc,equal,230,230,,,952c3b2a64917501776722ef9a4fa290751783038a1c73be64a70ad27879e389,952c3b2a64917501776722ef9a4fa290751783038a1c73be64a70ad27879e389,1072,1072,NCGR graphics,NCGR graphics
"Pokémon Diamond Version (USA, ADAE, header ROM version 5)","Pokémon Pearl Version (USA, APAE, header ROM version 5)",/poketool/icongra/poke_icon.narc,equal,231,231,,,901255124e17f10b191571580c21f7dc2ffcd39e904f201b41c0e57110ceda97,901255124e17f10b191571580c21f7dc2ffcd39e904f201b41c0e57110ceda97,1072,1072,NCGR graphics,NCGR graphics
"Pokémon Diamond Version (USA, ADAE, header ROM version 5)","Pokémon Pearl Version (USA, APAE, header ROM version 5)",/poketool/icongra/poke_icon.narc,equal,232,232,,,a7c664c12a7095ada69a828c1441568866e68f8416611398afa4cb0a4ba7d2e0,a7c664c12a7095ada69a828c1441568866e68f8416611398afa4cb0a4ba7d2e0,1072,1072,NCGR graphics,NCGR graphics
"Pokémon Diamond Version (USA, ADAE, header ROM version 5)","Pokémon Pearl Version (USA, APAE, header ROM version 5)",/poketool/icongra/poke_icon.narc,equal,233,233,,,ccfd01a87f241a706595471ef34981ab27e04331783309a3df0762d678dd70b7,ccfd01a87f241a706595471ef34981ab27e04331783309a3df0762d678dd70b7,1072,1072,NCGR graphics,NCGR graphics
"Pokémon Diamond Version (USA, ADAE, header ROM version 5)","Pokémon Pearl Version (USA, APAE, header ROM version 5)",/poketool/icongra/poke_icon.narc,equal,234,234,,,425932ff060a6747b04c2c2862df2fbeed21a10fe56bdbf869fbadcb9c8d5791,425932ff060a6747b04c2c2862df2fbeed21a10fe56bdbf869fbadcb9c8d5791,1072,1072,NCGR graphics,NCGR graphics
"Pokémon Diamond Version (USA, ADAE, header ROM version 5)","Pokémon Pearl Version (USA, APAE, header ROM version 5)",/poketool/icongra/poke_icon.narc,equal,235,235,,,43309aa01eb0a7a59d1e0216a3e8e733b45a0667cec8fe098b9de47cf439be7a,43309aa01eb0a7a59d1e0216a3e8e733b45a0667cec8fe098b9de47cf439be7a,1072,1072,NCGR graphics,NCGR graphics
"Pokémon Diamond Version (USA, ADAE, header ROM version 5)","Pokémon Pearl Version (USA, APAE, header ROM version 5)",/poketool/icongra/poke_icon.narc,equal,236,236,,,e03167dcaf6b6150de002e3b951565598367b617748aa465faf1c58bb4e295f3,e03167dcaf6b6150de002e3b951565598367b617748aa465faf1c58bb4e295f3,1072,1072,NCGR graphics,NCGR graphics
"Pokémon Diamond Version (USA, ADAE, header ROM version 5)","Pokémon Pearl Version (USA, APAE, header ROM version 5)",/poketool/icongra/poke_icon.narc,equal,237,237,,,7a5fad359492324df40796ca30f0f763a827109f503e3c2b4830618037cc21dc,7a5fad359492324df40796ca30f0f763a827109f503e3c2b4830618037cc21dc,1072,1072,NCGR graphics,NCGR graphics
"Pokémon Diamond Version (USA, ADAE, header ROM version 5)","Pokémon Pearl Version (USA, APAE, header ROM version 5)",/poketool/icongra/poke_icon.narc,equal,238,238,,,3d9c7b15da03632a79d838d1dd47ec5e14e58895e94073bb324afbf930ec1640,3d9c7b15da03632a79d838d1dd47ec5e14e58895e94073bb324afbf930ec1640,1072,1072,NCGR graphics,NCGR graphics
"Pokémon Diamond Version (USA, ADAE, header ROM version 5)","Pokémon Pearl Version (USA, APAE, header ROM version 5)",/poketool/icongra/poke_icon.narc,equal,239,239,,,c4eb22417920584dcad98fe405198bd74f1bd2e06452a85c6ef113d6d441435e,c4eb22417920584dcad98fe405198bd74f1bd2e06452a85c6ef113d6d441435e,1072,1072,NCGR graphics,NCGR graphics
"Pokémon Diamond Version (USA, ADAE, header ROM version 5)","Pokémon Pearl Version (USA, APAE, header ROM version 5)",/poketool/icongra/poke_icon.narc,equal,240,240,,,8fbbfaf3d2601dde37b9f66071e03f679d4b5236f73b4e1be71d2139f1c0fa22,8fbbfaf3d2601dde37b9f66071e03f679d4b5236f73b4e1be71d2139f1c0fa22,1072,1072,NCGR graphics,NCGR graphics
"Pokémon Diamond Version (USA, ADAE, header ROM version 5)","Pokémon Pearl Version (USA, APAE, header ROM version 5)",/poketool/icongra/poke_icon.narc,equal,241,241,,,9bd9d51b34b05e9b679f458002578d476cdfaa3b1d52f6ce5e9cd0e17ae3f524,9bd9d51b34b05e9b679f458002578d476cdfaa3b1d52f6ce5e9cd0e17ae3f524,1072,1072,NCGR graphics,NCGR graphics
"Pokémon Diamond Version (USA, ADAE, header ROM version 5)","Pokémon Pearl Version (USA, APAE, header ROM version 5)",/poketool/icongra/poke_icon.narc,equal,242,242,,,4494966ebc705475adff52ce92003d217a132de80a0d21c45843b7ce4888bd53,4494966ebc705475adff52ce92003d217a132de80a0d21c45843b7ce4888bd53,1072,1072,NCGR graphics,NCGR graphics
"Pokémon Diamond Version (USA, ADAE, header ROM version 5)","Pokémon Pearl Version (USA, APAE, header ROM version 5)",/poketool/icongra/poke_icon.narc,equal,243,243,,,f5394c4e57b90551f32613829df7d074d6f906c9199768ef1d6ace4d26f06f9e,f5394c4e57b90551f32613829df7d074d6f906c9199768ef1d6ace4d26f06f9e,1072,1072,NCGR graphics,NCGR graphics
"Pokémon Diamond Version (USA, ADAE, header ROM version 5)","Pokémon Pearl Version (USA, APAE, header ROM version 5)",/poketool/icongra/poke_icon.narc,equal,244,244,,,adac300c043cbe983db5135e5bcb913475dfb92485fd7d33d2ffe9fbbada95c0,adac300c043cbe983db5135e5bcb913475dfb92485fd7d33d2ffe9fbbada95c0,1072,1072,NCGR graphics,NCGR graphics
"Pokémon Diamond Version (USA, ADAE, header ROM version 5)","Pokémon Pearl Version (USA, APAE, header ROM version 5)",/poketool/icongra/poke_icon.narc,equal,245,245,,,bceda190a28b5fe2bb4e071124e824b71b74f2172c08cba8acc77fb27c6b7be4,bceda190a28b5fe2bb4e071124e824b71b74f2172c08cba8acc77fb27c6b7be4,1072,1072,NCGR graphics,NCGR graphics
"Pokémon Diamond Version (USA, ADAE, header ROM version 5)","Pokémon Pearl Version (USA, APAE, header ROM version 5)",/poketool/icongra/poke_icon.narc,equal,246,246,,,2a1fad1e3cef953cf1feb4c9b8e12e072dc81a977109565da2aba4a3611d5581,2a1fad1e3cef953cf1feb4c9b8e12e072dc81a977109565da2aba4a3611d5581,1072,1072,NCGR graphics,NCGR graphics
"Pokémon Diamond Version (USA, ADAE, header ROM version 5)","Pokémon Pearl Version (USA, APAE, header ROM version 5)",/poketool/icongra/poke_icon.narc,equal,247,247,,,b6e46caba9d70b0c33a536d8edef0047d46b5cba0c1f80583444e9d3e36403ff,b6e46caba9d70b0c33a536d8edef0047d46b5cba0c1f80583444e9d3e36403ff,1072,1072,NCGR graphics,NCGR graphics
"Pokémon Diamond Version (USA, ADAE, header ROM version 5)","Pokémon Pearl Version (USA, APAE, header ROM version 5)",/poketool/icongra/poke_icon.narc,equal,248,248,,,2bafe224e78fcd1b6a01d60b94279c8c63a65f7a03c4bfcb7ff8e88d2e239da2,2bafe224e78fcd1b6a01d60b94279c8c63a65f7a03c4bfcb7ff8e88d2e239da2,1072,1072,NCGR graphics,NCGR graphics
"Pokémon Diamond Version (USA, ADAE, header ROM version 5)","Pokémon Pearl Version (USA, APAE, header ROM version 5)",/poketool/icongra/poke_icon.narc,equal,249,249,,,122a374a2a2a766c7bcb63fde130087294ceba3a849e0faa7f64cfa9f4188a75,122a374a2a2a766c7bcb63fde130087294ceba3a849e0faa7f64cfa9f4188a75,1072,1072,NCGR graphics,NCGR graphics
"Pokémon Diamond Version (USA, ADAE, header ROM version 5)","Pokémon Pearl Version (USA, APAE, header ROM version 5)",/poketool/icongra/poke_icon.narc,equal,250,250,,,14da0a888bca98d570f6889eeffe40198c426b8e9cdb898e21d78fb5dfccf1d7,14da0a888bca98d570f6889eeffe40198c426b8e9cdb898e21d78fb5dfccf1d7,1072,1072,NCGR graphics,NCGR graphics
"Pokémon Diamond Version (USA, ADAE, header ROM version 5)","Pokémon Pearl Version (USA, APAE, header ROM version 5)",/poketool/icongra/poke_icon.narc,equal,251,251,,,61b50f97dc07f5398e2be35e15f192c0463dea89702a27fdf04c06e79fbf29ce,61b50f97dc07f5398e2be35e15f192c0463dea89702a27fdf04c06e79fbf29ce,1072,1072,NCGR graphics,NCGR graphics
"Pokémon Diamond Version (USA, ADAE, header ROM version 5)","Pokémon Pearl Version (USA, APAE, header ROM version 5)",/poketool/icongra/poke_icon.narc,equal,252,252,,,e5b6c846a5ced300b36193a316724dbc40d4c31888f2bbd4ca359727916b466f,e5b6c846a5ced300b36193a316724dbc40d4c31888f2bbd4ca359727916b466f,1072,1072,NCGR graphics,NCGR graphics
"Pokémon Diamond Version (USA, ADAE, header ROM version 5)","Pokémon Pearl Version (USA, APAE, header ROM version 5)",/poketool/icongra/poke_icon.narc,equal,253,253,,,ccffdcb33a2d08676c21ab50f66e6c3f686d85ab0bfa91104d6551753de2ddee,ccffdcb33a2d08676c21ab50f66e6c3f686d85ab0bfa91104d6551753de2ddee,1072,1072,NCGR graphics,NCGR graphics
"Pokémon Diamond Version (USA, ADAE, header ROM version 5)","Pokémon Pearl Version (USA, APAE, header ROM version 5)",/poketool/icongra/poke_icon.narc,equal,254,254,,,6119dfa3c2f29c9007bc96d5906948cd15d072042ae77c59f2907d0d1d1e5fde,6119dfa3c2f29c9007bc96d5906948cd15d072042ae77c59f2907d0d1d1e5fde,1072,1072,NCGR graphics,NCGR graphics
"Pokémon Diamond Version (USA, ADAE, header ROM version 5)","Pokémon Pearl Version (USA, APAE, header ROM version 5)",/poketool/icongra/poke_icon.narc,equal,255,255,,,4598a70fd7060895cf49a46daea658279aea43f3c7323248963be6521d213a51,4598a70fd7060895cf49a46daea658279aea43f3c7323248963be6521d213a51,1072,1072,NCGR graphics,NCGR graphics
"Pokémon Diamond Version (USA, ADAE, header ROM version 5)","Pokémon Pearl Version (USA, APAE, header ROM version 5)",/poketool/icongra/poke_icon.narc,equal,256,256,,,a7daa7c9860e25f8c972d57ced81f08db4881aa38c21c893db35c4135e008ade,a7daa7c9860e25f8c972d57ced81f08db4881aa38c21c893db35c4135e008ade,1072,1072,NCGR graphics,NCGR graphics
"Pokémon Diamond Version (USA, ADAE, header ROM version 5)","Pokémon Pearl Version (USA, APAE, header ROM version 5)",/poketool/icongra/poke_icon.narc,equal,257,257,,,58d5ade9a508bd709542e1efacd16a70359f755e7474ab63127c1a9df705b816,58d5ade9a508bd709542e1efacd16a70359f755e7474ab63127c1a9df705b816,1072,1072,NCGR graphics,NCGR graphics
"Pokémon Diamond Version (USA, ADAE, header ROM version 5)","Pokémon Pearl Version (USA, APAE, header ROM version 5)",/poketool/icongra/poke_icon.narc,equal,258,258,,,088fd6fd6798a0bff829b28d4b8a39292298882784613cd2c433f7e588e9f838,088fd6fd6798a0bff829b28d4b8a39292298882784613cd2c433f7e588e9f838,1072,1072,NCGR graphics,NCGR graphics
"Pokémon Diamond Version (USA, ADAE, header ROM version 5)","Pokémon Pearl Version (USA, APAE, header ROM version 5)",/poketool/icongra/poke_icon.narc,equal,259,259,,,2825c569642e4bdc29849322e1249485edc5f6e1a7f1cdbf3c29cc55aa98a149,2825c569642e4bdc29849322e1249485edc5f6e1a7f1cdbf3c29cc55aa98a149,1072,1072,NCGR graphics,NCGR graphics
"Pokémon Diamond Version (USA, ADAE, header ROM version 5)","Pokémon Pearl Version (USA, APAE, header ROM version 5)",/poketool/icongra/poke_icon.narc,equal,260,260,,,443e7e2902dd333780c5de43599faa559e25010f3dfa6b40a48469e89d65fe1d,443e7e2902dd333780c5de43599faa559e25010f3dfa6b40a48469e89d65fe1d,1072,1072,NCGR graphics,NCGR graphics
"Pokémon Diamond Version (USA, ADAE, header ROM version 5)","Pokémon Pearl Version (USA, APAE, header ROM version 5)",/poketool/icongra/poke_icon.narc,equal,261,261,,,80c2f651047427fc19b15f5629b4388cd424b944abea78daef4e17c4042a21c8,80c2f651047427fc19b15f5629b4388cd424b944abea78daef4e17c4042a21c8,1072,1072,NCGR graphics,NCGR graphics
"Pokémon Diamond Version (USA, ADAE, header ROM version 5)","Pokémon Pearl Version (USA, APAE, header ROM version 5)",/poketool/icongra/poke_icon.narc,equal,262,262,,,34da7b8693d5e0dea460efa347fc0b0a87abb8fd72aafc7a930885015408ae70,34da7b8693d5e0dea460efa347fc0b0a87abb8fd72aafc7a930885015408ae70,1072,1072,NCGR graphics,NCGR graphics
"Pokémon Diamond Version (USA, ADAE, header ROM version 5)","Pokémon Pearl Version (USA, APAE, header ROM version 5)",/poketool/icongra/poke_icon.narc,equal,263,263,,,2d0eae591fac6a5595df3b8ce440c4d4103a4cd7c5cf7f50dcec09d88703481a,2d0eae591fac6a5595df3b8ce440c4d4103a4cd7c5cf7f50dcec09d88703481a,1072,1072,NCGR graphics,NCGR graphics
"Pokémon Diamond Version (USA, ADAE, header ROM version 5)","Pokémon Pearl Version (USA, APAE, header ROM version 5)",/poketool/icongra/poke_icon.narc,equal,264,264,,,bb9f5f2c3d8e65ed6dd62282990fdc3e00f713b868d70c518222699f2e90ad2f,bb9f5f2c3d8e65ed6dd62282990fdc3e00f713b868d70c518222699f2e90ad2f,1072,1072,NCGR graphics,NCGR graphics
"Pokémon Diamond Version (USA, ADAE, header ROM version 5)","Pokémon Pearl Version (USA, APAE, header ROM version 5)",/poketool/icongra/poke_icon.narc,equal,265,265,,,765dc71961bcd47ab156994056fa451890c8d82caa7faadc5301b30201d6cd40,765dc71961bcd47ab156994056fa451890c8d82caa7faadc5301b30201d6cd40,1072,1072,NCGR graphics,NCGR graphics
"Pokémon Diamond Version (USA, ADAE, header ROM version 5)","Pokémon Pearl Version (USA, APAE, header ROM version 5)",/poketool/icongra/poke_icon.narc,equal,266,266,,,97f127bbff67e76862ff1585d92e6d45b74fa92096137a053ea7f7ef67bb787f,97f127bbff67e76862ff1585d92e6d45b74fa92096137a053ea7f7ef67bb787f,1072,1072,NCGR graphics,NCGR graphics
"Pokémon Diamond Version (USA, ADAE, header ROM version 5)","Pokémon Pearl Version (USA, APAE, header ROM version 5)",/poketool/icongra/poke_icon.narc,equal,267,267,,,49746eb70e04cc171e68e2d633235463be4f1e9e12428c785b62af2bc22e0372,49746eb70e04cc171e68e2d633235463be4f1e9e12428c785b62af2bc22e0372,1072,1072,NCGR graphics,NCGR graphics
"Pokémon Diamond Version (USA, ADAE, header ROM version 5)","Pokémon Pearl Version (USA, APAE, header ROM version 5)",/poketool/icongra/poke_icon.narc,equal,268,268,,,d265bce70566f320e84feabd3e74c6beeb0e537048a46164a188c5aba101007e,d265bce70566f320e84feabd3e74c6beeb0e537048a46164a188c5aba101007e,1072,1072,NCGR graphics,NCGR graphics
"Pokémon Diamond Version (USA, ADAE, header ROM version 5)","Pokémon Pearl Version (USA, APAE, header ROM version 5)",/poketool/icongra/poke_icon.narc,equal,269,269,,,149d40aac2efbacf5109a26157d24fb2bb2ae9c63896a5d15fb21790dca04704,149d40aac2efbacf5109a26157d24fb2bb2ae9c63896a5d15fb21790dca04704,1072,1072,NCGR graphics,NCGR graphics
"Pokémon Diamond Version (USA, ADAE, header ROM version 5)","Pokémon Pearl Version (USA, APAE, header ROM version 5)",/poketool/icongra/poke_icon.narc,equal,270,270,,,2ab6ec68fc6ee8e51f4e12bcf5213226c36906671ab7168a1bb87ba51077ccf2,2ab6ec68fc6ee8e51f4e12bcf5213226c36906671ab7168a1bb87ba51077ccf2,1072,1072,NCGR graphics,NCGR graphics
"Pokémon Diamond Version (USA, ADAE, header ROM version 5)","Pokémon Pearl Version (USA, APAE, header ROM version 5)",/poketool/icongra/poke_icon.narc,equal,271,271,,,455d06a3ea79eb70da9b787ac0f04b7dc2686e9a584922b82d763ba176f54948,455d06a3ea79eb70da9b787ac0f04b7dc2686e9a584922b82d763ba176f54948,1072,1072,NCGR graphics,NCGR graphics
"Pokémon Diamond Version (USA, ADAE, header ROM version 5)","Pokémon Pearl Version (USA, APAE, header ROM version 5)",/poketool/icongra/poke_icon.narc,equal,272,272,,,c4632192e5c050f1e4b146c5ffe828da8d11642cc032327515dab74fa6ae22c4,c4632192e5c050f1e4b146c5ffe828da8d11642cc032327515dab74fa6ae22c4,1072,1072,NCGR graphics,NCGR graphics
"Pokémon Diamond Version (USA, ADAE, header ROM version 5)","Pokémon Pearl Version (USA, APAE, header ROM version 5)",/poketool/icongra/poke_icon.narc,equal,273,273,,,58205c3e4362a0116650986f86d9a0231a6fa23c060074eca654a1c8d0982af4,58205c3e4362a0116650986f86d9a0231a6fa23c060074eca654a1c8d0982af4,1072,1072,NCGR graphics,NCGR graphics
"Pokémon Diamond Version (USA, ADAE, header ROM version 5)","Pokémon Pearl Version (USA, APAE, header ROM version 5)",/poketool/icongra/poke_icon.narc,equal,274,274,,,d64aca96e033358eaeb2f4189ae626dbaca55d52f32522aaee98ea7e73a1c147,d64aca96e033358eaeb2f4189ae626dbaca55d52f32522aaee98ea7e73a1c147,1072,1072,NCGR graphics,NCGR graphics
"Pokémon Diamond Version (USA, ADAE, header ROM version 5)","Pokémon Pearl Version (USA, APAE, header ROM version 5)",/poketool/icongra/poke_icon.narc,equal,275,275,,,10380e7a592c02f87bc1965117bc5fbc9b9ebcc2938c69d20910d5159371f27f,10380e7a592c02f87bc1965117bc5fbc9b9ebcc2938c69d20910d5159371f27f,1072,1072,NCGR graphics,NCGR graphics
"Pokémon Diamond Version (USA, ADAE, header ROM version 5)","Pokémon Pearl Version (USA, APAE, header ROM version 5)",/poketool/icongra/poke_icon.narc,equal,276,276,,,24715a864f93f6aed687355dffcd83d8e455c4e5079d5a3729e871d72872e214,24715a864f93f6aed687355dffcd83d8e455c4e5079d5a3729e871d72872e214,1072,1072,NCGR graphics,NCGR graphics
"Pokémon Diamond Version (USA, ADAE, header ROM version 5)","Pokémon Pearl Version (USA, APAE, header ROM version 5)",/poketool/icongra/poke_icon.narc,equal,277,277,,,1cd7753c14999134a65ffe2b57cc89bd57dc5ddc3e34e389fb208ff47a18cd7a,1cd7753c14999134a65ffe2b57cc89bd57dc5ddc3e34e389fb208ff47a18cd7a,1072,1072,NCGR graphics,NCGR graphics
"Pokémon Diamond Version (USA, ADAE, header ROM version 5)","Pokémon Pearl Version (USA, APAE, header ROM version 5)",/poketool/icongra/poke_icon.narc,equal,278,278,,,f5851038b37c3d591e815dba0665e8cda5d074bf94523d048222633afc5900fd,f5851038b37c3d591e815dba0665e8cda5d074bf94523d048222633afc5900fd,1072,1072,NCGR graphics,NCGR graphics
"Pokémon Diamond Version (USA, ADAE, header ROM version 5)","Pokémon Pearl Version (USA, APAE, header ROM version 5)",/poketool/icongra/poke_icon.narc,equal,279,279,,,e00609f2370e9e4b87daacb82a5ce88ce2f6a42ae62c9a7318ecd77200c65256,e00609f2370e9e4b87daacb82a5ce88ce2f6a42ae62c9a7318ecd77200c65256,1072,1072,NCGR graphics,NCGR graphics
"Pokémon Diamond Version (USA, ADAE, header ROM version 5)","Pokémon Pearl Version (USA, APAE, header ROM version 5)",/poketool/icongra/poke_icon.narc,equal,280,280,,,2f67deb3afcecb5906d3cac5fc7ef4f31d8e916049d662df008bb0e5dd5180b8,2f67deb3afcecb5906d3cac5fc7ef4f31d8e916049d662df008bb0e5dd5180b8,1072,1072,NCGR graphics,NCGR graphics
"Pokémon Diamond Version (USA, ADAE, header ROM version 5)","Pokémon Pearl Version (USA, APAE, header ROM version 5)",/poketool/icongra/poke_icon.narc,equal,281,281,,,f887e0e103c37f7ee8464f85de76fb1ec64501494f7d009de1abdcd9133215a4,f887e0e103c37f7ee8464f85de76fb1ec64501494f7d009de1abdcd9133215a4,1072,1072,NCGR graphics,NCGR graphics
"Pokémon Diamond Version (USA, ADAE, header ROM version 5)","Pokémon Pearl Version (USA, APAE, header ROM version 5)",/poketool/icongra/poke_icon.narc,equal,282,282,,,1989ee3eadb818b4e5fdcf8c4a55a465afece00fcc03a13dde913cb05b1d0b82,1989ee3eadb818b4e5fdcf8c4a55a465afece00fcc03a13dde913cb05b1d0b82,1072,1072,NCGR graphics,NCGR graphics
"Pokémon Diamond Version (USA, ADAE, header ROM version 5)","Pokémon Pearl Version (USA, APAE, header ROM version 5)",/poketool/icongra/poke_icon.narc,equal,283,283,,,d6898c6465f52f3d1f3dbd4ff44f279a10f2baab40669d32027fa99715c34d43,d6898c6465f52f3d1f3dbd4ff44f279a10f2baab40669d32027fa99715c34d43,1072,1072,NCGR graphics,NCGR graphics
"Pokémon Diamond Version (USA, ADAE, header ROM version 5)","Pokémon Pearl Version (USA, APAE, header ROM version 5)",/poketool/icongra/poke_icon.narc,equal,284,284,,,c1e96df9780240b89869db9856a0057cb4c326573b143e044abbd3573ebb6813,c1e96df9780240b89869db9856a0057cb4c326573b143e044abbd3573ebb6813,1072,1072,NCGR graphics,NCGR graphics
"Pokémon Diamond Version (USA, ADAE, header ROM version 5)","Pokémon Pearl Version (USA, APAE, header ROM version 5)",/poketool/icongra/poke_icon.narc,equal,285,285,,,e70b459cc536c0a3c3a152db3917af81f06acb8958ad450c46810feee89962ee,e70b459cc536c0a3c3a152db3917af81f06acb8958ad450c46810feee89962ee,1072,1072,NCGR graphics,NCGR graphics
"Pokémon Diamond Version (USA, ADAE, header ROM version 5)","Pokémon Pearl Version (USA, APAE, header ROM version 5)",/poketool/icongra/poke_icon.narc,equal,286,286,,,b37c9bc0c9cef1f5dcb69bc36c43e2d215164593fcedcbfbdf4c3d8b1ab68574,b37c9bc0c9cef1f5dcb69bc36c43e2d215164593fcedcbfbdf4c3d8b1ab68574,1072,1072,NCGR graphics,NCGR graphics
"Pokémon Diamond Version (USA, ADAE, header ROM version 5)","Pokémon Pearl Version (USA, APAE, header ROM version 5)",/poketool/icongra/poke_icon.narc,equal,287,287,,,0c74638d7aeca5a404060282067789d07bcff348b22fd07eda69aa4d921f3bfb,0c74638d7aeca5a404060282067789d07bcff348b22fd07eda69aa4d921f3bfb,1072,1072,NCGR graphics,NCGR graphics
"Pokémon Diamond Version (USA, ADAE, header ROM version 5)","Pokémon Pearl Version (USA, APAE, header ROM version 5)",/poketool/icongra/poke_icon.narc,equal,288,288,,,080a1ba32b02a04de4abbe5a885d5578e17241fab82b3ce4898344cdb7415de4,080a1ba32b02a04de4abbe5a885d5578e17241fab82b3ce4898344cdb7415de4,1072,1072,NCGR graphics,NCGR graphics
"Pokémon Diamond Version (USA, ADAE, header ROM version 5)","Pokémon Pearl Version (USA, APAE, header ROM version 5)",/poketool/icongra/poke_icon.narc,equal,289,289,,,8e99582417749995c2f8a7a04f73917b82fddcbf4f8584bfb165bd8d12457e2b,8e99582417749995c2f8a7a04f73917b82fddcbf4f8584bfb165bd8d12457e2b,1072,1072,NCGR graphics,NCGR graphics
"Pokémon Diamond Version (USA, ADAE, header ROM version 5)","Pokémon Pearl Version (USA, APAE, header ROM version 5)",/poketool/icongra/poke_icon.narc,equal,290,290,,,2f814b586a703352314e0861051c4d3f383f858a6ff841d846bb14f55f7f45b8,2f814b586a703352314e0861051c4d3f383f858a6ff841d846bb14f55f7f45b8,1072,1072,NCGR graphics,NCGR graphics
"Pokémon Diamond Version (USA, ADAE, header ROM version 5)","Pokémon Pearl Version (USA, APAE, header ROM version 5)",/poketool/icongra/poke_icon.narc,equal,291,291,,,3bfbee0c898698789fc687a7dc493735e332a8ec3524960c41d5182fee87d666,3bfbee0c898698789fc687a7dc493735e332a8ec3524960c41d5182fee87d666,1072,1072,NCGR graphics,NCGR graphics
"Pokémon Diamond Version (USA, ADAE, header ROM version 5)","Pokémon Pearl Version (USA, APAE, header ROM version 5)",/poketool/icongra/poke_icon.narc,equal,292,292,,,735a136fc6ba4e7e9f62b55f30a8dd67f61373c9eeb341383e2b771bb0420cc1,735a136fc6ba4e7e9f62b55f30a8dd67f61373c9eeb341383e2b771bb0420cc1,1072,1072,NCGR graphics,NCGR graphics
"Pokémon Diamond Version (USA, ADAE, header ROM version 5)","Pokémon Pearl Version (USA, APAE, header ROM version 5)",/poketool/icongra/poke_icon.narc,equal,293,293,,,38c4045f897b7fa2d27dee99e8c6cd35195cb7bb434a84a9e9ae53fa125cad27,38c4045f897b7fa2d27dee99e8c6cd35195cb7bb434a84a9e9ae53fa125cad27,1072,1072,NCGR graphics,NCGR graphics
"Pokémon Diamond Version (USA, ADAE, header ROM version 5)","Pokémon Pearl Version (USA, APAE, header ROM version 5)",/poketool/icongra/poke_icon.narc,equal,294,294,,,bfa3e1d2e80cecd4f45bd8e3b1f4f284b40feb92f4f45abb5c5f7a7fcb4e555a,bfa3e1d2e80cecd4f45bd8e3b1f4f284b40feb92f4f45abb5c5f7a7fcb4e555a,1072,1072,NCGR graphics,NCGR graphics
"Pokémon Diamond Version (USA, ADAE, header ROM version 5)","Pokémon Pearl Version (USA, APAE, header ROM version 5)",/poketool/icongra/poke_icon.narc,equal,295,295,,,fbe859cc31d7964772eab797b186340c6dff842e5f43e6be27b569aff9ae158c,fbe859cc31d7964772eab797b186340c6dff842e5f43e6be27b569aff9ae158c,1072,1072,NCGR graphics,NCGR graphics
"Pokémon Diamond Version (USA, ADAE, header ROM version 5)","Pokémon Pearl Version (USA, APAE, header ROM version 5)",/poketool/icongra/poke_icon.narc,equal,296,296,,,8ba06739acf0c50f671f24247e28e1d79a55213dd5e61a85d4297c071196c57d,8ba06739acf0c50f671f24247e28e1d79a55213dd5e61a85d4297c071196c57d,1072,1072,NCGR graphics,NCGR graphics
"Pokémon Diamond Version (USA, ADAE, header ROM version 5)","Pokémon Pearl Version (USA, APAE, header ROM version 5)",/poketool/icongra/poke_icon.narc,equal,297,297,,,a9de10d7c1529c75fe58e651da3c3c50ce71d1566206f563903b15048acf87db,a9de10d7c1529c75fe58e651da3c3c50ce71d1566206f563903b15048acf87db,1072,1072,NCGR graphics,NCGR graphics
"Pokémon Diamond Version (USA, ADAE, header ROM version 5)","Pokémon Pearl Version (USA, APAE, header ROM version 5)",/poketool/icongra/poke_icon.narc,equal,298,298,,,3ec6e7c0c55c5d69bcbc31a0e3d55b2079daaed0d42e1a15f77b337c0f15e032,3ec6e7c0c55c5d69bcbc31a0e3d55b2079daaed0d42e1a15f77b337c0f15e032,1072,1072,NCGR graphics,NCGR graphics
"Pokémon Diamond Version (USA, ADAE, header ROM version 5)","Pokémon Pearl Version (USA, APAE, header ROM version 5)",/poketool/icongra/poke_icon.narc,equal,299,299,,,68ea7d3f8975e173b11f8750568837b6a9d2ca41fba3099d5a2c55a3b9c29d82,68ea7d3f8975e173b11f8750568837b6a9d2ca41fba3099d5a2c55a3b9c29d82,1072,1072,NCGR graphics,NCGR graphics
"Pokémon Diamond Version (USA, ADAE, header ROM version 5)","Pokémon Pearl Version (USA, APAE, header ROM version 5)",/poketool/icongra/poke_icon.narc,equal,300,300,,,f3dcac31010315119bf4c7425c0376a1614fc85183a208d4bf2e1b44d98b87ec,f3dcac31010315119bf4c7425c0376a1614fc85183a208d4bf2e1b44d98b87ec,1072,1072,NCGR graphics,NCGR graphics
"Pokémon Diamond Version (USA, ADAE, header ROM version 5)","Pokémon Pearl Version (USA, APAE, header ROM version 5)",/poketool/icongra/poke_icon.narc,equal,301,301,,,01a78567dd5489dd45138e955b761fb3dfb7faec91bb0c2b3b55c675199ce01b,01a78567dd5489dd45138e955b761fb3dfb7faec91bb0c2b3b55c675199ce01b,1072,1072,NCGR graphics,NCGR graphics
"Pokémon Diamond Version (USA, ADAE, header ROM version 5)","Pokémon Pearl Version (USA, APAE, header ROM version 5)",/poketool/icongra/poke_icon.narc,equal,302,302,,,3e083a20a00f3f52fef9afcfec405e05b137d82dff9eb450e664eff0d899aea3,3e083a20a00f3f52fef9afcfec405e05b137d82dff9eb450e664eff0d899aea3,1072,1072,NCGR graphics,NCGR graphics
"Pokémon Diamond Version (USA, ADAE, header ROM version 5)","Pokémon Pearl Version (USA, APAE, header ROM version 5)",/poketool/icongra/poke_icon.narc,equal,303,303,,,55a480fc65b18a3f9fd43cc18524903a21aa6aba06f823237989cd9f1e5ebd95,55a480fc65b18a3f9fd43cc18524903a21aa6aba06f823237989cd9f1e5ebd95,1072,1072,NCGR graphics,NCGR graphics
"Pokémon Diamond Version (USA, ADAE, header ROM version 5)","Pokémon Pearl Version (USA, APAE, header ROM version 5)",/poketool/icongra/poke_icon.narc,equal,304,304,,,7fead20f70c19b7ffe66b798fafda383863f4ae1cf6f54cbee418fcb5357c71f,7fead20f70c19b7ffe66b798fafda383863f4ae1cf6f54cbee418fcb5357c71f,1072,1072,NCGR graphics,NCGR graphics
"Pokémon Diamond Version (USA, ADAE, header ROM version 5)","Pokémon Pearl Version (USA, APAE, header ROM version 5)",/poketool/icongra/poke_icon.narc,equal,305,305,,,8350fa4c8342d9dbdf8ea112e11535efcbd412a1fa2b01340c60c774992e37a6,8350fa4c8342d9dbdf8ea112e11535efcbd412a1fa2b01340c60c774992e37a6,1072,1072,NCGR graphics,NCGR graphics
"Pokémon Diamond Version (USA, ADAE, header ROM version 5)","Pokémon Pearl Version (USA, APAE, header ROM version 5)",/poketool/icongra/poke_icon.narc,equal,306,306,,,3574a5589f1593c48649cb462c25bc70d52a2bdc1ccf6399f9de6f5cc36cab9c,3574a5589f1593c48649cb462c25bc70d52a2bdc1ccf6399f9de6f5cc36cab9c,1072,1072,NCGR graphics,NCGR graphics
"Pokémon Diamond Version (USA, ADAE, header ROM version 5)","Pokémon Pearl Version (USA, APAE, header ROM version 5)",/poketool/icongra/poke_icon.narc,equal,307,307,,,e126e7d5243f177193a13918e7f6f3fe34a50cccd668375ce039914e347c68b9,e126e7d5243f177193a13918e7f6f3fe34a50cccd668375ce039914e347c68b9,1072,1072,NCGR graphics,NCGR graphics
"Pokémon Diamond Version (USA, ADAE, header ROM version 5)","Pokémon Pearl Version (USA, APAE, header ROM version 5)",/poketool/icongra/poke_icon.narc,equal,308,308,,,9b6bf3138f9840c613969f288713867bccb20ee268b83e2ac479c36ea1f6f458,9b6bf3138f9840c613969f288713867bccb20ee268b83e2ac479c36ea1f6f458,1072,1072,NCGR graphics,NCGR graphics
"Pokémon Diamond Version (USA, ADAE, header ROM version 5)","Pokémon Pearl Version (USA, APAE, header ROM version 5)",/poketool/icongra/poke_icon.narc,equal,309,309,,,e3262373e7d714436d819d7788e261c64eeaa6f87cda720877bc36e3f840f0da,e3262373e7d714436d819d7788e261c64eeaa6f87cda720877bc36e3f840f0da,1072,1072,NCGR graphics,NCGR graphics
"Pokémon Diamond Version (USA, ADAE, header ROM version 5)","Pokémon Pearl Version (USA, APAE, header ROM version 5)",/poketool/icongra/poke_icon.narc,equal,310,310,,,b608890d5832905044b5c3c5f233e16d40d28822bf0e539b2ca66e2556c14251,b608890d5832905044b5c3c5f233e16d40d28822bf0e539b2ca66e2556c14251,1072,1072,NCGR graphics,NCGR graphics
"Pokémon Diamond Version (USA, ADAE, header ROM version 5)","Pokémon Pearl Version (USA, APAE, header ROM version 5)",/poketool/icongra/poke_icon.narc,equal,311,311,,,da85ead6926b441653841f7e51ad65327fc2ec175469aaee6ceefcc31e15a7ee,da85ead6926b441653841f7e51ad65327fc2ec175469aaee6ceefcc31e15a7ee,1072,1072,NCGR graphics,NCGR graphics
"Pokémon Diamond Version (USA, ADAE, header ROM version 5)","Pokémon Pearl Version (USA, APAE, header ROM version 5)",/poketool/icongra/poke_icon.narc,equal,312,312,,,eb68b43b36177fec71c7acdf5637724fa13f3ea5466c09c9f0a2500fe07d869e,eb68b43b36177fec71c7acdf5637724fa13f3ea5466c09c9f0a2500fe07d869e,1072,1072,NCGR graphics,NCGR graphics
"Pokémon Diamond Version (USA, ADAE, header ROM version 5)","Pokémon Pearl Version (USA, APAE, header ROM version 5)",/poketool/icongra/poke_icon.narc,equal,313,313,,,b2db952b47600eb3a24cb3017fb4007d9e90c4313853da0a44bb40d2ac021833,b2db952b47600eb3a24cb3017fb4007d9e90c4313853da0a44bb40d2ac021833,1072,1072,NCGR graphics,NCGR graphics
"Pokémon Diamond Version (USA, ADAE, header ROM version 5)","Pokémon Pearl Version (USA, APAE, header ROM version 5)",/poketool/icongra/poke_icon.narc,equal,314,314,,,60a598a6c13eb7fe24c20aac0d351aa92f575b0cdf32bfd8d711af4b60d5eca3,60a598a6c13eb7fe24c20aac0d351aa92f575b0cdf32bfd8d711af4b60d5eca3,1072,1072,NCGR graphics,NCGR graphics
"Pokémon Diamond Version (USA, ADAE, header ROM version 5)","Pokémon Pearl Version (USA, APAE, header ROM version 5)",/poketool/icongra/poke_icon.narc,equal,315,315,,,121c6d17d4d623bf5c4cb9da54c90236c9ee3a5bd80491a94b5b589cc008440d,121c6d17d4d623bf5c4cb9da54c90236c9ee3a5bd80491a94b5b589cc008440d,1072,1072,NCGR graphics,NCGR graphics
"Pokémon Diamond Version (USA, ADAE, header ROM version 5)","Pokémon Pearl Version (USA, APAE, header ROM version 5)",/poketool/icongra/poke_icon.narc,equal,316,316,,,3abf1780deee3291cead2a79be73d3db2ed574e61740c03b6485dcdcf2dcedc7,3abf1780deee3291cead2a79be73d3db2ed574e61740c03b6485dcdcf2dcedc7,1072,1072,NCGR graphics,NCGR graphics
"Pokémon Diamond Version (USA, ADAE, header ROM version 5)","Pokémon Pearl Version (USA, APAE, header ROM version 5)",/poketool/icongra/poke_icon.narc,equal,317,317,,,fda604440b7d3fb26296429d790e05ec74cc96fc809e82890dec85cd7a9073aa,fda604440b7d3fb26296429d790e05ec74cc96fc809e82890dec85cd7a9073aa,1072,1072,NCGR graphics,NCGR graphics
"Pokémon Diamond Version (USA, ADAE, header ROM version 5)","Pokémon Pearl Version (USA, APAE, header ROM version 5)",/poketool/icongra/poke_icon.narc,equal,318,318,,,e7c1699e0e968abb45c560dd99fd029663d709ec517767d050e1f06ac346f449,e7c1699e0e968abb45c560dd99fd029663d709ec517767d050e1f06ac346f449,1072,1072,NCGR graphics,NCGR graphics
"Pokémon Diamond Version (USA, ADAE, header ROM version 5)","Pokémon Pearl Version (USA, APAE, header ROM version 5)",/poketool/icongra/poke_icon.narc,equal,319,319,,,74b98047f1e9172a754c6203e0cddb83fcf6a7d3e69e5a1930bd16a70c985bbb,74b98047f1e9172a754c6203e0cddb83fcf6a7d3e69e5a1930bd16a70c985bbb,1072,1072,NCGR graphics,NCGR graphics
"Pokémon Diamond Version (USA, ADAE, header ROM version 5)","Pokémon Pearl Version (USA, APAE, header ROM version 5)",/poketool/icongra/poke_icon.narc,equal,320,320,,,922c88f930df3143a186f297b94ef7d8ff34abc1b353d6db3ead0a96f580db92,922c88f930df3143a186f297b94ef7d8ff34abc1b353d6db3ead0a96f580db92,1072,1072,NCGR graphics,NCGR graphics
"Pokémon Diamond Version (USA, ADAE, header ROM version 5)","Pokémon Pearl Version (USA, APAE, header ROM version 5)",/poketool/icongra/poke_icon.narc,equal,321,321,,,abd802ccfae034f9feb1a70eb95bff1da3e94435c835e3a7862bc28ed77de287,abd802ccfae034f9feb1a70eb95bff1da3e94435c835e3a7862bc28ed77de287,1072,1072,NCGR graphics,NCGR graphics
"Pokémon Diamond Version (USA, ADAE, header ROM version 5)","Pokémon Pearl Version (USA, APAE, header ROM version 5)",/poketool/icongra/poke_icon.narc,equal,322,322,,,7ae59c41fc32d0799cf8bab01679ec4142c2fb6eb2853892f5bd814ea7575b32,7ae59c41fc32d0799cf8bab01679ec4142c2fb6eb2853892f5bd814ea7575b32,1072,1072,NCGR graphics,NCGR graphics
"Pokémon Diamond Version (USA, ADAE, header ROM version 5)","Pokémon Pearl Version (USA, APAE, header ROM version 5)",/poketool/icongra/poke_icon.narc,equal,323,323,,,24e7ad4216bf9151a894cbd3de92c5e8100b7b6676caf202983309db391c7a19,24e7ad4216bf9151a894cbd3de92c5e8100b7b6676caf202983309db391c7a19,1072,1072,NCGR graphics,NCGR graphics
"Pokémon Diamond Version (USA, ADAE, header ROM version 5)","Pokémon Pearl Version (USA, APAE, header ROM version 5)",/poketool/icongra/poke_icon.narc,equal,324,324,,,d890e746c23365f05db5118b38383592c2818d6618193c908b068830d343420c,d890e746c23365f05db5118b38383592c2818d6618193c908b068830d343420c,1072,1072,NCGR graphics,NCGR graphics
"Pokémon Diamond Version (USA, ADAE, header ROM version 5)","Pokémon Pearl Version (USA, APAE, header ROM version 5)",/poketool/icongra/poke_icon.narc,equal,325,325,,,4b6b744498173ec3acb1eb88a4f170ef911f3ae62463784ff84e1c08d976f24d,4b6b744498173ec3acb1eb88a4f170ef911f3ae62463784ff84e1c08d976f24d,1072,1072,NCGR graphics,NCGR graphics
"Pokémon Diamond Version (USA, ADAE, header ROM version 5)","Pokémon Pearl Version (USA, APAE, header ROM version 5)",/poketool/icongra/poke_icon.narc,equal,326,326,,,348812cbf571131fd44b3586ca1c548d0b3db5a79c92730b33854e4e3d916967,348812cbf571131fd44b3586ca1c548d0b3db5a79c92730b33854e4e3d916967,1072,1072,NCGR graphics,NCGR graphics
"Pokémon Diamond Version (USA, ADAE, header ROM version 5)","Pokémon Pearl Version (USA, APAE, header ROM version 5)",/poketool/icongra/poke_icon.narc,equal,327,327,,,cdcb84b67af40cd5b8f918f444452b477fdd7f309b86d3eb288ace2c6d4bec99,cdcb84b67af40cd5b8f918f444452b477fdd7f309b86d3eb288ace2c6d4bec99,1072,1072,NCGR graphics,NCGR graphics
"Pokémon Diamond Version (USA, ADAE, header ROM version 5)","Pokémon Pearl Version (USA, APAE, header ROM version 5)",/poketool/icongra/poke_icon.narc,equal,328,328,,,90929ca374b62d9608e606011ca537be1515ba842ae042731a6ad29e22017e98,90929ca374b62d9608e606011ca537be1515ba842ae042731a6ad29e22017e98,1072,1072,NCGR graphics,NCGR graphics
"Pokémon Diamond Version (USA, ADAE, header ROM version 5)","Pokémon Pearl Version (USA, APAE, header ROM version 5)",/poketool/icongra/poke_icon.narc,equal,329,329,,,58eddaba5092281df63d29cb79237c9f210c5ee23450235986b338e4658e89ac,58eddaba5092281df63d29cb79237c9f210c5ee23450235986b338e4658e89ac,1072,1072,NCGR graphics,NCGR graphics
"Pokémon Diamond Version (USA, ADAE, header ROM version 5)","Pokémon Pearl Version (USA, APAE, header ROM version 5)",/poketool/icongra/poke_icon.narc,equal,330,330,,,ffbba2aa0be4e828f96eb1ddd68a71c4bf5cce520eb1fc64c2b383555f5c0732,ffbba2aa0be4e828f96eb1ddd68a71c4bf5cce520eb1fc64c2b383555f5c0732,1072,1072,NCGR graphics,NCGR graphics
"Pokémon Diamond Version (USA, ADAE, header ROM version 5)","Pokémon Pearl Version (USA, APAE, header ROM version 5)",/poketool/icongra/poke_icon.narc,equal,331,331,,,e3fa2e9fac8deca247487d0c1da691a394ccca2b0566316a653dea1e01746256,e3fa2e9fac8deca247487d0c1da691a394ccca2b0566316a653dea1e01746256,1072,1072,NCGR graphics,NCGR graphics
"Pokémon Diamond Version (USA, ADAE, header ROM version 5)","Pokémon Pearl Version (USA, APAE, header ROM version 5)",/poketool/icongra/poke_icon.narc,equal,332,332,,,677ab657da4f84fc6f042e7b59c545b56ccada376db8dc775bef94603e1c4c95,677ab657da4f84fc6f042e7b59c545b56ccada376db8dc775bef94603e1c4c95,1072,1072,NCGR graphics,NCGR graphics
"Pokémon Diamond Version (USA, ADAE, header ROM version 5)","Pokémon Pearl Version (USA, APAE, header ROM version 5)",/poketool/icongra/poke_icon.narc,equal,333,333,,,3395521107e4e36af9b5e39b73f244c0ea14288b7e14bf2d35c5a57585afb97a,3395521107e4e36af9b5e39b73f244c0ea14288b7e14bf2d35c5a57585afb97a,1072,1072,NCGR graphics,NCGR graphics
"Pokémon Diamond Version (USA, ADAE, header ROM version 5)","Pokémon Pearl Version (USA, APAE, header ROM version 5)",/poketool/icongra/poke_icon.narc,equal,334,334,,,3bc5f1293efc9235fe121c004aad1455abedbc2422bab5ea6c2fc60980bac963,3bc5f1293efc9235fe121c004aad1455abedbc2422bab5ea6c2fc60980bac963,1072,1072,NCGR graphics,NCGR graphics
"Pokémon Diamond Version (USA, ADAE, header ROM version 5)","Pokémon Pearl Version (USA, APAE, header ROM version 5)",/poketool/icongra/poke_icon.narc,equal,335,335,,,c7a0993f15539d7be8497ed7f4d9c80dc683e57c9f5c43e9b27633d69a43b17e,c7a0993f15539d7be8497ed7f4d9c80dc683e57c9f5c43e9b27633d69a43b17e,1072,1072,NCGR graphics,NCGR graphics
"Pokémon Diamond Version (USA, ADAE, header ROM version 5)","Pokémon Pearl Version (USA, APAE, header ROM version 5)",/poketool/icongra/poke_icon.narc,equal,336,336,,,1bd72f84d39df165c7e6d3a41df4cc4113bac7bc326563cfb1b11f0b2900dd88,1bd72f84d39df165c7e6d3a41df4cc4113bac7bc326563cfb1b11f0b2900dd88,1072,1072,NCGR graphics,NCGR graphics
"Pokémon Diamond Version (USA, ADAE, header ROM version 5)","Pokémon Pearl Version (USA, APAE, header ROM version 5)",/poketool/icongra/poke_icon.narc,equal,337,337,,,9cd12a4112b954764b70866247bb4c67ddf4608c98f35da4e199e323f24a4625,9cd12a4112b954764b70866247bb4c67ddf4608c98f35da4e199e323f24a4625,1072,1072,NCGR graphics,NCGR graphics
"Pokémon Diamond Version (USA, ADAE, header ROM version 5)","Pokémon Pearl Version (USA, APAE, header ROM version 5)",/poketool/icongra/poke_icon.narc,equal,338,338,,,b9da2b3f13223a63647a65b666216b6ab88e5644d32a9c4b98ab9dfc9687b09d,b9da2b3f13223a63647a65b666216b6ab88e5644d32a9c4b98ab9dfc9687b09d,1072,1072,NCGR graphics,NCGR graphics
"Pokémon Diamond Version (USA, ADAE, header ROM version 5)","Pokémon Pearl Version (USA, APAE, header ROM version 5)",/poketool/icongra/poke_icon.narc,equal,339,339,,,98459c88b78cc73a8e01accf70bb86588a716bd7cbf85bf573aec236c8aeb1d3,98459c88b78cc73a8e01accf70bb86588a716bd7cbf85bf573aec236c8aeb1d3,1072,1072,NCGR graphics,NCGR graphics
"Pokémon Diamond Version (USA, ADAE, header ROM version 5)","Pokémon Pearl Version (USA, APAE, header ROM version 5)",/poketool/icongra/poke_icon.narc,equal,340,340,,,c9b1d023b04e4baad6ddb3f271cbeb1a4b4d24f1b4fb8b8f595b332c83f74e7a,c9b1d023b04e4baad6ddb3f271cbeb1a4b4d24f1b4fb8b8f595b332c83f74e7a,1072,1072,NCGR graphics,NCGR graphics
"Pokémon Diamond Version (USA, ADAE, header ROM version 5)","Pokémon Pearl Version (USA, APAE, header ROM version 5)",/poketool/icongra/poke_icon.narc,equal,341,341,,,f41af0b7fb5b1e0d15eaf2a553d94a2f5ea21b994f3ac2d2e75cf926cc0936a4,f41af0b7fb5b1e0d15eaf2a553d94a2f5ea21b994f3ac2d2e75cf926cc0936a4,1072,1072,NCGR graphics,NCGR graphics
"Pokémon Diamond Version (USA, ADAE, header ROM version 5)","Pokémon Pearl Version (USA, APAE, header ROM version 5)",/poketool/icongra/poke_icon.narc,equal,342,342,,,e845c4ab5f72c5e534374d7603a1e50147c87c398d3ebefbbe692a6af0e2fd61,e845c4ab5f72c5e534374d7603a1e50147c87c398d3ebefbbe692a6af0e2fd61,1072,1072,NCGR graphics,NCGR graphics
"Pokémon Diamond Version (USA, ADAE, header ROM version 5)","Pokémon Pearl Version (USA, APAE, header ROM version 5)",/poketool/icongra/poke_icon.narc,equal,343,343,,,64dd1e916aeef0bf9d066afd8de390736d9920a0faacf5129cbb1bb4e98bc1ec,64dd1e916aeef0bf9d066afd8de390736d9920a0faacf5129cbb1bb4e98bc1ec,1072,1072,NCGR graphics,NCGR graphics
"Pokémon Diamond Version (USA, ADAE, header ROM version 5)","Pokémon Pearl Version (USA, APAE, header ROM version 5)",/poketool/icongra/poke_icon.narc,equal,344,344,,,5d502090cb96b5678da17c07c32419d8b0532b25ad8ff16b470025ee31723385,5d502090cb96b5678da17c07c32419d8b0532b25ad8ff16b470025ee31723385,1072,1072,NCGR graphics,NCGR graphics
"Pokémon Diamond Version (USA, ADAE, header ROM version 5)","Pokémon Pearl Version (USA, APAE, header ROM version 5)",/poketool/icongra/poke_icon.narc,equal,345,345,,,4cdbad5601c0db260f4e07f859e2facf97414bd7862600b321799787bc8c63fe,4cdbad5601c0db260f4e07f859e2facf97414bd7862600b321799787bc8c63fe,1072,1072,NCGR graphics,NCGR graphics
"Pokémon Diamond Version (USA, ADAE, header ROM version 5)","Pokémon Pearl Version (USA, APAE, header ROM version 5)",/poketool/icongra/poke_icon.narc,equal,346,346,,,c08f765fd347bd054c1e3cf75dea80aaa957178f026bf62d552645a5e1d0d9e0,c08f765fd347bd054c1e3cf75dea80aaa957178f026bf62d552645a5e1d0d9e0,1072,1072,NCGR graphics,NCGR graphics
"Pokémon Diamond Version (USA, ADAE, header ROM version 5)","Pokémon Pearl Version (USA, APAE, header ROM version 5)",/poketool/icongra/poke_icon.narc,equal,347,347,,,319f3b60d1ea3fda2bcebe434c284e1113387d6a45d2ff13a339185a1f645378,319f3b60d1ea3fda2bcebe434c284e1113387d6a45d2ff13a339185a1f645378,1072,1072,NCGR graphics,NCGR graphics
"Pokémon Diamond Version (USA, ADAE, header ROM version 5)","Pokémon Pearl Version (USA, APAE, header ROM version 5)",/poketool/icongra/poke_icon.narc,equal,348,348,,,e27775509d584f4e80ca0fa16e8684f2b723f819c54ae406220e9793fd5ff4fa,e27775509d584f4e80ca0fa16e8684f2b723f819c54ae406220e9793fd5ff4fa,1072,1072,NCGR graphics,NCGR graphics
"Pokémon Diamond Version (USA, ADAE, header ROM version 5)","Pokémon Pearl Version (USA, APAE, header ROM version 5)",/poketool/icongra/poke_icon.narc,equal,349,349,,,b2f29af132132c821b1daa4281a641eb77b314b9896c1cf2dd15bb38291c08ef,b2f29af132132c821b1daa4281a641eb77b314b9896c1cf2dd15bb38291c08ef,1072,1072,NCGR graphics,NCGR graphics
"Pokémon Diamond Version (USA, ADAE, header ROM version 5)","Pokémon Pearl Version (USA, APAE, header ROM version 5)",/poketool/icongra/poke_icon.narc,equal,350,350,,,3e0322257af9fe8501e41c223a7cbd3e6b08fe69d4c832cc871b16f712f233d3,3e0322257af9fe8501e41c223a7cbd3e6b08fe69d4c832cc871b16f712f233d3,1072,1072,NCGR graphics,NCGR graphics
"Pokémon Diamond Version (USA, ADAE, header ROM version 5)","Pokémon Pearl Version (USA, APAE, header ROM version 5)",/poketool/icongra/poke_icon.narc,equal,351,351,,,ed2fc37cb330dc1059f6adb54a3ec8d3ecc7fd7fabb20ee39ccffa656e513c7c,ed2fc37cb330dc1059f6adb54a3ec8d3ecc7fd7fabb20ee39ccffa656e513c7c,1072,1072,NCGR graphics,NCGR graphics
"Pokémon Diamond Version (USA, ADAE, header ROM version 5)","Pokémon Pearl Version (USA, APAE, header ROM version 5)",/poketool/icongra/poke_icon.narc,equal,352,352,,,a7f2b9b35310dc8d9fbbcf61a8c062df0deeeb762a49d7298d2f142a269b8179,a7f2b9b35310dc8d9fbbcf61a8c062df0deeeb762a49d7298d2f142a269b8179,1072,1072,NCGR graphics,NCGR graphics
"Pokémon Diamond Version (USA, ADAE, header ROM version 5)","Pokémon Pearl Version (USA, APAE, header ROM version 5)",/poketool/icongra/poke_icon.narc,equal,353,353,,,4dc17d0f814332a1226c4d966d3c767c8af12dfbc4d9867363d49b76fddbcf7f,4dc17d0f814332a1226c4d966d3c767c8af12dfbc4d9867363d49b76fddbcf7f,1072,1072,NCGR graphics,NCGR graphics
"Pokémon Diamond Version (USA, ADAE, header ROM version 5)","Pokémon Pearl Version (USA, APAE, header ROM version 5)",/poketool/icongra/poke_icon.narc,equal,354,354,,,839a7d3aad2fc309a3690f621674ffae5e5d209b995fff301d13bc74dc28e8f5,839a7d3aad2fc309a3690f621674ffae5e5d209b995fff301d13bc74dc28e8f5,1072,1072,NCGR graphics,NCGR graphics
"Pokémon Diamond Version (USA, ADAE, header ROM version 5)","Pokémon Pearl Version (USA, APAE, header ROM version 5)",/poketool/icongra/poke_icon.narc,equal,355,355,,,3dd5e5ee2e04cd6c8590f592f21fc29db800ba8cdd8c45f87ae358c32963c66a,3dd5e5ee2e04cd6c8590f592f21fc29db800ba8cdd8c45f87ae358c32963c66a,1072,1072,NCGR graphics,NCGR graphics
"Pokémon Diamond Version (USA, ADAE, header ROM version 5)","Pokémon Pearl Version (USA, APAE, header ROM version 5)",/poketool/icongra/poke_icon.narc,equal,356,356,,,a2b5dc4b60b956c5d9f4f2eb2d0deeefc0e112ce81cd1340d824ba8cfd53432f,a2b5dc4b60b956c5d9f4f2eb2d0deeefc0e112ce81cd1340d824ba8cfd53432f,1072,1072,NCGR graphics,NCGR graphics
"Pokémon Diamond Version (USA, ADAE, header ROM version 5)","Pokémon Pearl Version (USA, APAE, header ROM version 5)",/poketool/icongra/poke_icon.narc,equal,357,357,,,0878ae982fc25de45376eb7abda3e2ad70858020ebb01b5ea1291199887ebb8a,0878ae982fc25de45376eb7abda3e2ad70858020ebb01b5ea1291199887ebb8a,1072,1072,NCGR graphics,NCGR graphics
"Pokémon Diamond Version (USA, ADAE, header ROM version 5)","Pokémon Pearl Version (USA, APAE, header ROM version 5)",/poketool/icongra/poke_icon.narc,equal,358,358,,,27207180821eed08e9f25a5d028c191ac61a5a87c25b0b44384eccf3d786c068,27207180821eed08e9f25a5d028c191ac61a5a87c25b0b44384eccf3d786c068,1072,1072,NCGR graphics,NCGR graphics
"Pokémon Diamond Version (USA, ADAE, header ROM version 5)","Pokémon Pearl Version (USA, APAE, header ROM version 5)",/poketool/icongra/poke_icon.narc,equal,359,359,,,3fdc1c4f45a314ffef51ba6dcfe6a26826a5ef82827ffc7400f4b5be40ace204,3fdc1c4f45a314ffef51ba6dcfe6a26826a5ef82827ffc7400f4b5be40ace204,1072,1072,NCGR graphics,NCGR graphics
"Pokémon Diamond Version (USA, ADAE, header ROM version 5)","Pokémon Pearl Version (USA, APAE, header ROM version 5)",/poketool/icongra/poke_icon.narc,equal,360,360,,,5cb6eb346753191a76fda9f0392bd897e73c5ce1316d3f9c5b1b867e09c79df8,5cb6eb346753191a76fda9f0392bd897e73c5ce1316d3f9c5b1b867e09c79df8,1072,1072,NCGR graphics,NCGR graphics
"Pokémon Diamond Version (USA, ADAE, header ROM version 5)","Pokémon Pearl Version (USA, APAE, header ROM version 5)",/poketool/icongra/poke_icon.narc,equal,361,361,,,46e457026dea36cf427a3d73e7e42c64fa0e461cd705d14cde3d5ba4f573dae1,46e457026dea36cf427a3d73e7e42c64fa0e461cd705d14cde3d5ba4f573dae1,1072,1072,NCGR graphics,NCGR graphics
"Pokémon Diamond Version (USA, ADAE, header ROM version 5)","Pokémon Pearl Version (USA, APAE, header ROM version 5)",/poketool/icongra/poke_icon.narc,equal,362,362,,,ddd23043b07a379d547c2ee2b7b3eb59993c05168849e101f0ec12c0dea545d2,ddd23043b07a379d547c2ee2b7b3eb59993c05168849e101f0ec12c0dea545d2,1072,1072,NCGR graphics,NCGR graphics
"Pokémon Diamond Version (USA, ADAE, header ROM version 5)","Pokémon Pearl Version (USA, APAE, header ROM version 5)",/poketool/icongra/poke_icon.narc,equal,363,363,,,99bb0dc9ed39295d2967cb37c8c1ad8121048cbb3498e96f45a495f2c07da8cb,99bb0dc9ed39295d2967cb37c8c1ad8121048cbb3498e96f45a495f2c07da8cb,1072,1072,NCGR graphics,NCGR graphics
"Pokémon Diamond Version (USA, ADAE, header ROM version 5)","Pokémon Pearl Version (USA, APAE, header ROM version 5)",/poketool/icongra/poke_icon.narc,equal,364,364,,,dfaea0f7100d606f0fa11802b35a8f08643449e81eab44c3b0c7da2afc5034ae,dfaea0f7100d606f0fa11802b35a8f08643449e81eab44c3b0c7da2afc5034ae,1072,1072,NCGR graphics,NCGR graphics
"Pokémon Diamond Version (USA, ADAE, header ROM version 5)","Pokémon Pearl Version (USA, APAE, header ROM version 5)",/poketool/icongra/poke_icon.narc,equal,365,365,,,6df537f3797163996ebecd5de90e7ba2b9d9318f25cfa4c09e806279f6079d09,6df537f3797163996ebecd5de90e7ba2b9d9318f25cfa4c09e806279f6079d09,1072,1072,NCGR graphics,NCGR graphics
"Pokémon Diamond Version (USA, ADAE, header ROM version 5)","Pokémon Pearl Version (USA, APAE, header ROM version 5)",/poketool/icongra/poke_icon.narc,equal,366,366,,,82ff89cbc66b9dabdc80b766a58d9929aef48e511964e648310df2adcab83117,82ff89cbc66b9dabdc80b766a58d9929aef48e511964e648310df2adcab83117,1072,1072,NCGR graphics,NCGR graphics
"Pokémon Diamond Version (USA, ADAE, header ROM version 5)","Pokémon Pearl Version (USA, APAE, header ROM version 5)",/poketool/icongra/poke_icon.narc,equal,367,367,,,6d441b4eb46d80b24f21ad17b1b0163cb196c90ef904d9758a1130674f091613,6d441b4eb46d80b24f21ad17b1b0163cb196c90ef904d9758a1130674f091613,1072,1072,NCGR graphics,NCGR graphics
"Pokémon Diamond Version (USA, ADAE, header ROM version 5)","Pokémon Pearl Version (USA, APAE, header ROM version 5)",/poketool/icongra/poke_icon.narc,equal,368,368,,,c886bffe8a9f6683703b19a4feb325505e5c17db9a9d8e6e66296b5e352ddd90,c886bffe8a9f6683703b19a4feb325505e5c17db9a9d8e6e66296b5e352ddd90,1072,1072,NCGR graphics,NCGR graphics
"Pokémon Diamond Version (USA, ADAE, header ROM version 5)","Pokémon Pearl Version (USA, APAE, header ROM version 5)",/poketool/icongra/poke_icon.narc,equal,369,369,,,180b8bd16d9ce9227cfc8b1269c00c27638de19c8e0a3c7b710efaad021da4de,180b8bd16d9ce9227cfc8b1269c00c27638de19c8e0a3c7b710efaad021da4de,1072,1072,NCGR graphics,NCGR graphics
"Pokémon Diamond Version (USA, ADAE, header ROM version 5)","Pokémon Pearl Version (USA, APAE, header ROM version 5)",/poketool/icongra/poke_icon.narc,equal,370,370,,,10d72b0a334579a642574a93f6e54986f40326e250db8d892a8862a321a8fce1,10d72b0a334579a642574a93f6e54986f40326e250db8d892a8862a321a8fce1,1072,1072,NCGR graphics,NCGR graphics
"Pokémon Diamond Version (USA, ADAE, header ROM version 5)","Pokémon Pearl Version (USA, APAE, header ROM version 5)",/poketool/icongra/poke_icon.narc,equal,371,371,,,03866d3079837467ae0b32ab7dbe745d4352290bf5496c4be172f9f2e448cf8e,03866d3079837467ae0b32ab7dbe745d4352290bf5496c4be172f9f2e448cf8e,1072,1072,NCGR graphics,NCGR graphics
"Pokémon Diamond Version (USA, ADAE, header ROM version 5)","Pokémon Pearl Version (USA, APAE, header ROM version 5)",/poketool/icongra/poke_icon.narc,equal,372,372,,,4654ac82a8a3018509b4fd4eb238a60d04939e995ada820213d24a6b3ee1c71d,4654ac82a8a3018509b4fd4eb238a60d04939e995ada820213d24a6b3ee1c71d,1072,1072,NCGR graphics,NCGR graphics
"Pokémon Diamond Version (USA, ADAE, header ROM version 5)","Pokémon Pearl Version (USA, APAE, header ROM version 5)",/poketool/icongra/poke_icon.narc,equal,373,373,,,bad854aa3508bec282720cc1c146050815c8fca68397a074fd08adfe71a60c04,bad854aa3508bec282720cc1c146050815c8fca68397a074fd08adfe71a60c04,1072,1072,NCGR graphics,NCGR graphics
"Pokémon Diamond Version (USA, ADAE, header ROM version 5)","Pokémon Pearl Version (USA, APAE, header ROM version 5)",/poketool/icongra/poke_icon.narc,equal,374,374,,,c3af4857d65c60314403ddbfebcb38b392708d3891370767b1af63b077868b6e,c3af4857d65c60314403ddbfebcb38b392708d3891370767b1af63b077868b6e,1072,1072,NCGR graphics,NCGR graphics
"Pokémon Diamond Version (USA, ADAE, header ROM version 5)","Pokémon Pearl Version (USA, APAE, header ROM version 5)",/poketool/icongra/poke_icon.narc,equal,375,375,,,67181e13564b71b371cca4a8aba5a0d7929d47b2233db1d28373877c8ac21887,67181e13564b71b371cca4a8aba5a0d7929d47b2233db1d28373877c8ac21887,1072,1072,NCGR graphics,NCGR graphics
"Pokémon Diamond Version (USA, ADAE, header ROM version 5)","Pokémon Pearl Version (USA, APAE, header ROM version 5)",/poketool/icongra/poke_icon.narc,equal,376,376,,,d776a9b57d49b06cb32790d7dd54740776d3c2a03d15c3c52a648e70e736e490,d776a9b57d49b06cb32790d7dd54740776d3c2a03d15c3c52a648e70e736e490,1072,1072,NCGR graphics,NCGR graphics
"Pokémon Diamond Version (USA, ADAE, header ROM version 5)","Pokémon Pearl Version (USA, APAE, header ROM version 5)",/poketool/icongra/poke_icon.narc,equal,377,377,,,ba70dd244a0635d5462b6b77adccbfd90b7cc5ee5669976d052da47436d8f9f8,ba70dd244a0635d5462b6b77adccbfd90b7cc5ee5669976d052da47436d8f9f8,1072,1072,NCGR graphics,NCGR graphics
"Pokémon Diamond Version (USA, ADAE, header ROM version 5)","Pokémon Pearl Version (USA, APAE, header ROM version 5)",/poketool/icongra/poke_icon.narc,equal,378,378,,,31fe5522e056d6b8e38b7109b5269919d0d7a8e6b1f82f208aaf35cb08daa843,31fe5522e056d6b8e38b7109b5269919d0d7a8e6b1f82f208aaf35cb08daa843,1072,1072,NCGR graphics,NCGR graphics
"Pokémon Diamond Version (USA, ADAE, header ROM version 5)","Pokémon Pearl Version (USA, APAE, header ROM version 5)",/poketool/icongra/poke_icon.narc,equal,379,379,,,0f8e5537c88664c50c8b8a06516cfaa7f86df1aae71aaa145f6e27b4225abc47,0f8e5537c88664c50c8b8a06516cfaa7f86df1aae71aaa145f6e27b4225abc47,1072,1072,NCGR graphics,NCGR graphics
"Pokémon Diamond Version (USA, ADAE, header ROM version 5)","Pokémon Pearl Version (USA, APAE, header ROM version 5)",/poketool/icongra/poke_icon.narc,equal,380,380,,,e6dadf23ab1cb553161ecf745cb200d904a5daeb5b619d6ae57c3984e4a42c15,e6dadf23ab1cb553161ecf745cb200d904a5daeb5b619d6ae57c3984e4a42c15,1072,1072,NCGR graphics,NCGR graphics
"Pokémon Diamond Version (USA, ADAE, header ROM version 5)","Pokémon Pearl Version (USA, APAE, header ROM version 5)",/poketool/icongra/poke_icon.narc,equal,381,381,,,e817961b033f9e4d276b9ca810dcbb7a1e7f5ca48a2df0d9a334d72fe9bed44a,e817961b033f9e4d276b9ca810dcbb7a1e7f5ca48a2df0d9a334d72fe9bed44a,1072,1072,NCGR graphics,NCGR graphics
"Pokémon Diamond Version (USA, ADAE, header ROM version 5)","Pokémon Pearl Version (USA, APAE, header ROM version 5)",/poketool/icongra/poke_icon.narc,equal,382,382,,,c2d02ca2f1c35d062cff1397d06e18038cf63a2dcffffb6e764b2d5bacd5c19a,c2d02ca2f1c35d062cff1397d06e18038cf63a2dcffffb6e764b2d5bacd5c19a,1072,1072,NCGR graphics,NCGR graphics
"Pokémon Diamond Version (USA, ADAE, header ROM version 5)","Pokémon Pearl Version (USA, APAE, header ROM version 5)",/poketool/icongra/poke_icon.narc,equal,383,383,,,d3ba5b3510352163802f583c9c6d93f4e5bfc821fb667b3d4d1f582cf8b9f102,d3ba5b3510352163802f583c9c6d93f4e5bfc821fb667b3d4d1f582cf8b9f102,1072,1072,NCGR graphics,NCGR graphics
"Pokémon Diamond Version (USA, ADAE, header ROM version 5)","Pokémon Pearl Version (USA, APAE, header ROM version 5)",/poketool/icongra/poke_icon.narc,equal,384,384,,,c8b233946cf4dbf462f15a2e1df24d337905797ca85d09bfef19b5b858af710a,c8b233946cf4dbf462f15a2e1df24d337905797ca85d09bfef19b5b858af710a,1072,1072,NCGR graphics,NCGR graphics
"Pokémon Diamond Version (USA, ADAE, header ROM version 5)","Pokémon Pearl Version (USA, APAE, header ROM version 5)",/poketool/icongra/poke_icon.narc,equal,385,385,,,30e1f31b14a99ac65f22b92253b05dca1c9b90648e765348a2e4a54bb2e428f9,30e1f31b14a99ac65f22b92253b05dca1c9b90648e765348a2e4a54bb2e428f9,1072,1072,NCGR graphics,NCGR graphics
"Pokémon Diamond Version (USA, ADAE, header ROM version 5)","Pokémon Pearl Version (USA, APAE, header ROM version 5)",/poketool/icongra/poke_icon.narc,equal,386,386,,,86b02a200318be8231acbaef786c94d5555733e6abc1845870172d1d1a37cb97,86b02a200318be8231acbaef786c94d5555733e6abc1845870172d1d1a37cb97,1072,1072,NCGR graphics,NCGR graphics
"Pokémon Diamond Version (USA, ADAE, header ROM version 5)","Pokémon Pearl Version (USA, APAE, header ROM version 5)",/poketool/icongra/poke_icon.narc,equal,387,387,,,7f4c1831b9e691c11cce827d97e220ff1239eef9d4ae2905a8da0e85d1dafeba,7f4c1831b9e691c11cce827d97e220ff1239eef9d4ae2905a8da0e85d1dafeba,1072,1072,NCGR graphics,NCGR graphics
"Pokémon Diamond Version (USA, ADAE, header ROM version 5)","Pokémon Pearl Version (USA, APAE, header ROM version 5)",/poketool/icongra/poke_icon.narc,equal,388,388,,,fd59253410036d889c76f1749071f3fac48bc45711b55882d181fedf258c5cb9,fd59253410036d889c76f1749071f3fac48bc45711b55882d181fedf258c5cb9,1072,1072,NCGR graphics,NCGR graphics
"Pokémon Diamond Version (USA, ADAE, header ROM version 5)","Pokémon Pearl Version (USA, APAE, header ROM version 5)",/poketool/icongra/poke_icon.narc,equal,389,389,,,9cd5bbca74ecb7f8e6237aea791784192ed5904f13c149c936fd255c67dcfe55,9cd5bbca74ecb7f8e6237aea791784192ed5904f13c149c936fd255c67dcfe55,1072,1072,NCGR graphics,NCGR graphics
"Pokémon Diamond Version (USA, ADAE, header ROM version 5)","Pokémon Pearl Version (USA, APAE, header ROM version 5)",/poketool/icongra/poke_icon.narc,equal,390,390,,,30935770ef3078547eab501cffe0e3ad7f4a46377953f1f065f30381e8c379d2,30935770ef3078547eab501cffe0e3ad7f4a46377953f1f065f30381e8c379d2,1072,1072,NCGR graphics,NCGR graphics
"Pokémon Diamond Version (USA, ADAE, header ROM version 5)","Pokémon Pearl Version (USA, APAE, header ROM version 5)",/poketool/icongra/poke_icon.narc,equal,391,391,,,8998f0830c24eb98721c15187840fd99bfe0855bd6bb3279a3febfe80833cb42,8998f0830c24eb98721c15187840fd99bfe0855bd6bb3279a3febfe80833cb42,1072,1072,NCGR graphics,NCGR graphics
"Pokémon Diamond Version (USA, ADAE, header ROM version 5)","Pokémon Pearl Version (USA, APAE, header ROM version 5)",/poketool/icongra/poke_icon.narc,equal,392,392,,,c9217fe6ece701e3938c6b2f57170b15d3975b112e2ac7e66c7a1336ee1b51ee,c9217fe6ece701e3938c6b2f57170b15d3975b112e2ac7e66c7a1336ee1b51ee,1072,1072,NCGR graphics,NCGR graphics
"Pokémon Diamond Version (USA, ADAE, header ROM version 5)","Pokémon Pearl Version (USA, APAE, header ROM version 5)",/poketool/icongra/poke_icon.narc,equal,393,393,,,3b5505b551036f1b63a6f8413cb444fb8a6111defd5cb58b374d4b6aafdea486,3b5505b551036f1b63a6f8413cb444fb8a6111defd5cb58b374d4b6aafdea486,1072,1072,NCGR graphics,NCGR graphics
"Pokémon Diamond Version (USA, ADAE, header ROM version 5)","Pokémon Pearl Version (USA, APAE, header ROM version 5)",/poketool/icongra/poke_icon.narc,equal,394,394,,,b4417d484b582b80af837ab677697fe41f69eee17aff7c00b7160aad36694f3b,b4417d484b582b80af837ab677697fe41f69eee17aff7c00b7160aad36694f3b,1072,1072,NCGR graphics,NCGR graphics
"Pokémon Diamond Version (USA, ADAE, header ROM version 5)","Pokémon Pearl Version (USA, APAE, header ROM version 5)",/poketool/icongra/poke_icon.narc,equal,395,395,,,a6517f4ba4a0541d875e6675721de1e16f60836e084cc116802e79bff548f6af,a6517f4ba4a0541d875e6675721de1e16f60836e084cc116802e79bff548f6af,1072,1072,NCGR graphics,NCGR graphics
"Pokémon Diamond Version (USA, ADAE, header ROM version 5)","Pokémon Pearl Version (USA, APAE, header ROM version 5)",/poketool/icongra/poke_icon.narc,equal,396,396,,,09ac672ff15fff2842a64beeae57315fc3df08095eb66833b7103a412cef9df4,09ac672ff15fff2842a64beeae57315fc3df08095eb66833b7103a412cef9df4,1072,1072,NCGR graphics,NCGR graphics
"Pokémon Diamond Version (USA, ADAE, header ROM version 5)","Pokémon Pearl Version (USA, APAE, header ROM version 5)",/poketool/icongra/poke_icon.narc,equal,397,397,,,522340506242755c4fcbe4e9694cc59008fae6c791ff2545229effc99d7db78c,522340506242755c4fcbe4e9694cc59008fae6c791ff2545229effc99d7db78c,1072,1072,NCGR graphics,NCGR graphics
"Pokémon Diamond Version (USA, ADAE, header ROM version 5)","Pokémon Pearl Version (USA, APAE, header ROM version 5)",/poketool/icongra/poke_icon.narc,equal,398,398,,,7cf8548a37e3834576160a5a0b63d52545a8b4cf1661f307ec393a2bd27880ab,7cf8548a37e3834576160a5a0b63d52545a8b4cf1661f307ec393a2bd27880ab,1072,1072,NCGR graphics,NCGR graphics
"Pokémon Diamond Version (USA, ADAE, header ROM version 5)","Pokémon Pearl Version (USA, APAE, header ROM version 5)",/poketool/icongra/poke_icon.narc,equal,399,399,,,2450bf095996f3eb33b8fec87e9bb5362ec9e470928ee9e233bc6bd181b177d4,2450bf095996f3eb33b8fec87e9bb5362ec9e470928ee9e233bc6bd181b177d4,1072,1072,NCGR graphics,NCGR graphics
"Pokémon Diamond Version (USA, ADAE, header ROM version 5)","Pokémon Pearl Version (USA, APAE, header ROM version 5)",/poketool/icongra/poke_icon.narc,equal,400,400,,,5e8bde5751cebb140c66ee72e84553654602f4bf18d16099602d0c08b6264223,5e8bde5751cebb140c66ee72e84553654602f4bf18d16099602d0c08b6264223,1072,1072,NCGR graphics,NCGR graphics
"Pokémon Diamond Version (USA, ADAE, header ROM version 5)","Pokémon Pearl Version (USA, APAE, header ROM version 5)",/poketool/icongra/poke_icon.narc,equal,401,401,,,b6edb85e7c8293d1337aac11ceb7d4502c35c108f3561243d267dcd5836984e1,b6edb85e7c8293d1337aac11ceb7d4502c35c108f3561243d267dcd5836984e1,1072,1072,NCGR graphics,NCGR graphics
"Pokémon Diamond Version (USA, ADAE, header ROM version 5)","Pokémon Pearl Version (USA, APAE, header ROM version 5)",/poketool/icongra/poke_icon.narc,equal,402,402,,,75d600883b9687b4e81483361b8b96aea29305aa4f5ea83c376259781124fffe,75d600883b9687b4e81483361b8b96aea29305aa4f5ea83c376259781124fffe,1072,1072,NCGR graphics,NCGR graphics
"Pokémon Diamond Version (USA, ADAE, header ROM version 5)","Pokémon Pearl Version (USA, APAE, header ROM version 5)",/poketool/icongra/poke_icon.narc,equal,403,403,,,62ee1cf35f77d268ac5aa6d090a091198d68ee2057a1c576f1913d0d52661970,62ee1cf35f77d268ac5aa6d090a091198d68ee2057a1c576f1913d0d52661970,1072,1072,NCGR graphics,NCGR graphics
"Pokémon Diamond Version (USA, ADAE, header ROM version 5)","Pokémon Pearl Version (USA, APAE, header ROM version 5)",/poketool/icongra/poke_icon.narc,equal,404,404,,,2ed249bed78304c81fbe0dc37df9db8efa01aed3db954181e579f895de2c7c6f,2ed249bed78304c81fbe0dc37df9db8efa01aed3db954181e579f895de2c7c6f,1072,1072,NCGR graphics,NCGR graphics
"Pokémon Diamond Version (USA, ADAE, header ROM version 5)","Pokémon Pearl Version (USA, APAE, header ROM version 5)",/poketool/icongra/poke_icon.narc,equal,405,405,,,de2cf76a82b8cca2ce2dfb2a1bf145a9e5c0f27ffdac5e2d0b57f9a51799a865,de2cf76a82b8cca2ce2dfb2a1bf145a9e5c0f27ffdac5e2d0b57f9a51799a865,1072,1072,NCGR graphics,NCGR graphics
"Pokémon Diamond Version (USA, ADAE, header ROM version 5)","Pokémon Pearl Version (USA, APAE, header ROM version 5)",/poketool/icongra/poke_icon.narc,equal,406,406,,,9b03ffd7177654c6275c80c2d21a452e1756c4f188178ca0ac57e02e473846a5,9b03ffd7177654c6275c80c2d21a452e1756c4f188178ca0ac57e02e473846a5,1072,1072,NCGR graphics,NCGR graphics
"Pokémon Diamond Version (USA, ADAE, header ROM version 5)","Pokémon Pearl Version (USA, APAE, header ROM version 5)",/poketool/icongra/poke_icon.narc,equal,407,407,,,4758e465700f978881ebcd25888cf5fde391d1c31a917994e8eb320adc2668e5,4758e465700f978881ebcd25888cf5fde391d1c31a917994e8eb320adc2668e5,1072,1072,NCGR graphics,NCGR graphics
"Pokémon Diamond Version (USA, ADAE, header ROM version 5)","Pokémon Pearl Version (USA, APAE, header ROM version 5)",/poketool/icongra/poke_icon.narc,equal,408,408,,,b28873a6dc3158f3504481556f962a4fdb4d5c5322e2638b0279aab361b94eca,b28873a6dc3158f3504481556f962a4fdb4d5c5322e2638b0279aab361b94eca,1072,1072,NCGR graphics,NCGR graphics
"Pokémon Diamond Version (USA, ADAE, header ROM version 5)","Pokémon Pearl Version (USA, APAE, header ROM version 5)",/poketool/icongra/poke_icon.narc,equal,409,409,,,d05bc5195c49c9614640a62db295cfec2c86368c49ad55530bac4352dce8a0f8,d05bc5195c49c9614640a62db295cfec2c86368c49ad55530bac4352dce8a0f8,1072,1072,NCGR graphics,NCGR graphics
"Pokémon Diamond Version (USA, ADAE, header ROM version 5)","Pokémon Pearl Version (USA, APAE, header ROM version 5)",/poketool/icongra/poke_icon.narc,equal,410,410,,,5346376d0ee85a7ec3c243433ed101fdda78001d0d51191902c63670cf9e5893,5346376d0ee85a7ec3c243433ed101fdda78001d0d51191902c63670cf9e5893,1072,1072,NCGR graphics,NCGR graphics
"Pokémon Diamond Version (USA, ADAE, header ROM version 5)","Pokémon Pearl Version (USA, APAE, header ROM version 5)",/poketool/icongra/poke_icon.narc,equal,411,411,,,6435020dccc102558af2a61391750d333b35ef100374536aa7de27cd29b16705,6435020dccc102558af2a61391750d333b35ef100374536aa7de27cd29b16705,1072,1072,NCGR graphics,NCGR graphics
"Pokémon Diamond Version (USA, ADAE, header ROM version 5)","Pokémon Pearl Version (USA, APAE, header ROM version 5)",/poketool/icongra/poke_icon.narc,equal,412,412,,,42073ee7495bc21a2efe00aa056c9baf494f0e57a8278e89661441430b97767f,42073ee7495bc21a2efe00aa056c9baf494f0e57a8278e89661441430b97767f,1072,1072,NCGR graphics,NCGR graphics
"Pokémon Diamond Version (USA, ADAE, header ROM version 5)","Pokémon Pearl Version (USA, APAE, header ROM version 5)",/poketool/icongra/poke_icon.narc,equal,413,413,,,ecad88ad1fff5e2c09d83a7d672bd992f31a947d6168836504ad5ce25d7ed3d2,ecad88ad1fff5e2c09d83a7d672bd992f31a947d6168836504ad5ce25d7ed3d2,1072,1072,NCGR graphics,NCGR graphics
"Pokémon Diamond Version (USA, ADAE, header ROM version 5)","Pokémon Pearl Version (USA, APAE, header ROM version 5)",/poketool/icongra/poke_icon.narc,equal,414,414,,,b6070d674e963c2f7198c849d5359bdf62bd2027d0d79b2292715dcc7c5df3ff,b6070d674e963c2f7198c849d5359bdf62bd2027d0d79b2292715dcc7c5df3ff,1072,1072,NCGR graphics,NCGR graphics
"Pokémon Diamond Version (USA, ADAE, header ROM version 5)","Pokémon Pearl Version (USA, APAE, header ROM version 5)",/poketool/icongra/poke_icon.narc,equal,415,415,,,81b4e2779a059031b4ec1b7cc68d4cc0ebc57627df430751e2e8f37143afba57,81b4e2779a059031b4ec1b7cc68d4cc0ebc57627df430751e2e8f37143afba57,1072,1072,NCGR graphics,NCGR graphics
"Pokémon Diamond Version (USA, ADAE, header ROM version 5)","Pokémon Pearl Version (USA, APAE, header ROM version 5)",/poketool/icongra/poke_icon.narc,equal,416,416,,,9250a17bcb0fef7324fb76d2c46804a2577766686c7a8e41107c13a6441a2105,9250a17bcb0fef7324fb76d2c46804a2577766686c7a8e41107c13a6441a2105,1072,1072,NCGR graphics,NCGR graphics
"Pokémon Diamond Version (USA, ADAE, header ROM version 5)","Pokémon Pearl Version (USA, APAE, header ROM version 5)",/poketool/icongra/poke_icon.narc,equal,417,417,,,ee53314c63c724f58347149a7d89518b26898821bf327262eebff29ad33c44c1,ee53314c63c724f58347149a7d89518b26898821bf327262eebff29ad33c44c1,1072,1072,NCGR graphics,NCGR graphics
"Pokémon Diamond Version (USA, ADAE, header ROM version 5)","Pokémon Pearl Version (USA, APAE, header ROM version 5)",/poketool/icongra/poke_icon.narc,equal,418,418,,,426a8b3964e1bd25cea8671e8afd86d7e6993b5d5447ab10aa4004a3471f7c7c,426a8b3964e1bd25cea8671e8afd86d7e6993b5d5447ab10aa4004a3471f7c7c,1072,1072,NCGR graphics,NCGR graphics
"Pokémon Diamond Version (USA, ADAE, header ROM version 5)","Pokémon Pearl Version (USA, APAE, header ROM version 5)",/poketool/icongra/poke_icon.narc,equal,419,419,,,485e09a4bd3afc1fe063dfe9fc906076bf7c491c5390588816d68b53dd7f045e,485e09a4bd3afc1fe063dfe9fc906076bf7c491c5390588816d68b53dd7f045e,1072,1072,NCGR graphics,NCGR graphics
"Pokémon Diamond Version (USA, ADAE, header ROM version 5)","Pokémon Pearl Version (USA, APAE, header ROM version 5)",/poketool/icongra/poke_icon.narc,equal,420,420,,,30e3d9ce2d7cc0c847a1034acab086bb662c9315abfe7750ba812658d664c783,30e3d9ce2d7cc0c847a1034acab086bb662c9315abfe7750ba812658d664c783,1072,1072,NCGR graphics,NCGR graphics
"Pokémon Diamond Version (USA, ADAE, header ROM version 5)","Pokémon Pearl Version (USA, APAE, header ROM version 5)",/poketool/icongra/poke_icon.narc,equal,421,421,,,d10bbd046b90d4b7430d900234497c107a0629f25dca548ce531c6dbde6ae1dc,d10bbd046b90d4b7430d900234497c107a0629f25dca548ce531c6dbde6ae1dc,1072,1072,NCGR graphics,NCGR graphics
"Pokémon Diamond Version (USA, ADAE, header ROM version 5)","Pokémon Pearl Version (USA, APAE, header ROM version 5)",/poketool/icongra/poke_icon.narc,equal,422,422,,,5d5fe30bd7f97055715a67efafa9389a255756e0b9469482afb19590232c0486,5d5fe30bd7f97055715a67efafa9389a255756e0b9469482afb19590232c0486,1072,1072,NCGR graphics,NCGR graphics
"Pokémon Diamond Version (USA, ADAE, header ROM version 5)","Pokémon Pearl Version (USA, APAE, header ROM version 5)",/poketool/icongra/poke_icon.narc,equal,423,423,,,00eb7847fd0345f9899fdd86da25e4dd30d8475942f731de050185f4d30dfa86,00eb7847fd0345f9899fdd86da25e4dd30d8475942f731de050185f4d30dfa86,1072,1072,NCGR graphics,NCGR graphics
"Pokémon Diamond Version (USA, ADAE, header ROM version 5)","Pokémon Pearl Version (USA, APAE, header ROM version 5)",/poketool/icongra/poke_icon.narc,equal,424,424,,,c932dda5ac00416d5e0c0584eed90b2c703e35e3b66e9eda2697ec22307d119b,c932dda5ac00416d5e0c0584eed90b2c703e35e3b66e9eda2697ec22307d119b,1072,1072,NCGR graphics,NCGR graphics
"Pokémon Diamond Version (USA, ADAE, header ROM version 5)","Pokémon Pearl Version (USA, APAE, header ROM version 5)",/poketool/icongra/poke_icon.narc,equal,425,425,,,4e84f4e54007d67baf70dc033ff2aec90ed053d1016607406dfab9138e7cfeb3,4e84f4e54007d67baf70dc033ff2aec90ed053d1016607406dfab9138e7cfeb3,1072,1072,NCGR graphics,NCGR graphics
"Pokémon Diamond Version (USA, ADAE, header ROM version 5)","Pokémon Pearl Version (USA, APAE, header ROM version 5)",/poketool/icongra/poke_icon.narc,equal,426,426,,,012b3380d1cc3d35cd00a87431ff1a7488402e7ee05de7c346c0c561e9e84e2a,012b3380d1cc3d35cd00a87431ff1a7488402e7ee05de7c346c0c561e9e84e2a,1072,1072,NCGR graphics,NCGR graphics
"Pokémon Diamond Version (USA, ADAE, header ROM version 5)","Pokémon Pearl Version (USA, APAE, header ROM version 5)",/poketool/icongra/poke_icon.narc,equal,427,427,,,bccf424febed93351a9d33e53f515d78f8f4cb2ae9f6be251de9961673fe7a62,bccf424febed93351a9d33e53f515d78f8f4cb2ae9f6be251de9961673fe7a62,1072,1072,NCGR graphics,NCGR graphics
"Pokémon Diamond Version (USA, ADAE, header ROM version 5)","Pokémon Pearl Version (USA, APAE, header ROM version 5)",/poketool/icongra/poke_icon.narc,equal,428,428,,,33c18c81aeb261f82feaf8c3834a99d8fbcce61259c2e67cee1239b0e4b487d2,33c18c81aeb261f82feaf8c3834a99d8fbcce61259c2e67cee1239b0e4b487d2,1072,1072,NCGR graphics,NCGR graphics
"Pokémon Diamond Version (USA, ADAE, header ROM version 5)","Pokémon Pearl Version (USA, APAE, header ROM version 5)",/poketool/icongra/poke_icon.narc,equal,429,429,,,f79673023f5a0011e97fa357a98883480ed482cdf617ae09a0080322b74bb0b7,f79673023f5a0011e97fa357a98883480ed482cdf617ae09a0080322b74bb0b7,1072,1072,NCGR graphics,NCGR graphics
"Pokémon Diamond Version (USA, ADAE, header ROM version 5)","Pokémon Pearl Version (USA, APAE, header ROM version 5)",/poketool/icongra/poke_icon.narc,equal,430,430,,,c9ccb29149d00917e2c8194cec331f8d84e6805e1d195d4dcaf97875595fe49a,c9ccb29149d00917e2c8194cec331f8d84e6805e1d195d4dcaf97875595fe49a,1072,1072,NCGR graphics,NCGR graphics
"Pokémon Diamond Version (USA, ADAE, header ROM version 5)","Pokémon Pearl Version (USA, APAE, header ROM version 5)",/poketool/icongra/poke_icon.narc,equal,431,431,,,18d0ae4392f234ac4476c4a4a7785ac875e844c19f9015645774f21a9b353654,18d0ae4392f234ac4476c4a4a7785ac875e844c19f9015645774f21a9b353654,1072,1072,NCGR graphics,NCGR graphics
"Pokémon Diamond Version (USA, ADAE, header ROM version 5)","Pokémon Pearl Version (USA, APAE, header ROM version 5)",/poketool/icongra/poke_icon.narc,equal,432,432,,,542263cbaa313f9f2190a839fe31c88e9ae5fbf76e9571754755738681cfc1ee,542263cbaa313f9f2190a839fe31c88e9ae5fbf76e9571754755738681cfc1ee,1072,1072,NCGR graphics,NCGR graphics
"Pokémon Diamond Version (USA, ADAE, header ROM version 5)","Pokémon Pearl Version (USA, APAE, header ROM version 5)",/poketool/icongra/poke_icon.narc,equal,433,433,,,41155b0fae6623611fde3f7bd439849d543f91ddf59414158986e56607be3f15,41155b0fae6623611fde3f7bd439849d543f91ddf59414158986e56607be3f15,1072,1072,NCGR graphics,NCGR graphics
"Pokémon Diamond Version (USA, ADAE, header ROM version 5)","Pokémon Pearl Version (USA, APAE, header ROM version 5)",/poketool/icongra/poke_icon.narc,equal,434,434,,,ba5e316227d723d37f6098f17ecb2c5c4415bd6790443e0fc2962deb3286bd0f,ba5e316227d723d37f6098f17ecb2c5c4415bd6790443e0fc2962deb3286bd0f,1072,1072,NCGR graphics,NCGR graphics
"Pokémon Diamond Version (USA, ADAE, header ROM version 5)","Pokémon Pearl Version (USA, APAE, header ROM version 5)",/poketool/icongra/poke_icon.narc,equal,435,435,,,08851565ff52eea0834233112255715a6523b3f86e8e751c67a174acfeed58bd,08851565ff52eea0834233112255715a6523b3f86e8e751c67a174acfeed58bd,1072,1072,NCGR graphics,NCGR graphics
"Pokémon Diamond Version (USA, ADAE, header ROM version 5)","Pokémon Pearl Version (USA, APAE, header ROM version 5)",/poketool/icongra/poke_icon.narc,equal,436,436,,,5fa32a9021dc3f319f7bfae2eb8c0cedfb346ade23e8488e5455259c93e535b4,5fa32a9021dc3f319f7bfae2eb8c0cedfb346ade23e8488e5455259c93e535b4,1072,1072,NCGR graphics,NCGR graphics
"Pokémon Diamond Version (USA, ADAE, header ROM version 5)","Pokémon Pearl Version (USA, APAE, header ROM version 5)",/poketool/icongra/poke_icon.narc,equal,437,437,,,a0b2c2dc4d278c895bbafdca38ba85a2eff7dc507e4fdbc9bc6fd8b41c0a66ca,a0b2c2dc4d278c895bbafdca38ba85a2eff7dc507e4fdbc9bc6fd8b41c0a66ca,1072,1072,NCGR graphics,NCGR graphics
"Pokémon Diamond Version (USA, ADAE, header ROM version 5)","Pokémon Pearl Version (USA, APAE, header ROM version 5)",/poketool/icongra/poke_icon.narc,equal,438,438,,,557a7dd2a8ba097bc5637669622f7b87a5dfb800519f08e006ac0ac0612a65a6,557a7dd2a8ba097bc5637669622f7b87a5dfb800519f08e006ac0ac0612a65a6,1072,1072,NCGR graphics,NCGR graphics
"Pokémon Diamond Version (USA, ADAE, header ROM version 5)","Pokémon Pearl Version (USA, APAE, header ROM version 5)",/poketool/icongra/poke_icon.narc,equal,439,439,,,c0774c9faa02730f67e83f752c74960e676ba0bd038259c14a63f5834afd1ac3,c0774c9faa02730f67e83f752c74960e676ba0bd038259c14a63f5834afd1ac3,1072,1072,NCGR graphics,NCGR graphics
"Pokémon Diamond Version (USA, ADAE, header ROM version 5)","Pokémon Pearl Version (USA, APAE, header ROM version 5)",/poketool/icongra/poke_icon.narc,equal,440,440,,,1a0729cb452f7170b450c7082cd80844dfec8a70a7d0aabd763d235b639ed80d,1a0729cb452f7170b450c7082cd80844dfec8a70a7d0aabd763d235b639ed80d,1072,1072,NCGR graphics,NCGR graphics
"Pokémon Diamond Version (USA, ADAE, header ROM version 5)","Pokémon Pearl Version (USA, APAE, header ROM version 5)",/poketool/icongra/poke_icon.narc,equal,441,441,,,67fb445406b5b5e62281e0e762f7b93d1cb387c7db174c0e8d268dba5857c98a,67fb445406b5b5e62281e0e762f7b93d1cb387c7db174c0e8d268dba5857c98a,1072,1072,NCGR graphics,NCGR graphics
"Pokémon Diamond Version (USA, ADAE, header ROM version 5)","Pokémon Pearl Version (USA, APAE, header ROM version 5)",/poketool/icongra/poke_icon.narc,equal,442,442,,,50cf84b75b91c7762616e6923ee43ef2c55f0b8341e71d76c65ef7580a6c6137,50cf84b75b91c7762616e6923ee43ef2c55f0b8341e71d76c65ef7580a6c6137,1072,1072,NCGR graphics,NCGR graphics
"Pokémon Diamond Version (USA, ADAE, header ROM version 5)","Pokémon Pearl Version (USA, APAE, header ROM version 5)",/poketool/icongra/poke_icon.narc,equal,443,443,,,e35cc0c050fe1578c344501c49b43a85d5644a9fac5fe372d2d6ef86166a615c,e35cc0c050fe1578c344501c49b43a85d5644a9fac5fe372d2d6ef86166a615c,1072,1072,NCGR graphics,NCGR graphics
"Pokémon Diamond Version (USA, ADAE, header ROM version 5)","Pokémon Pearl Version (USA, APAE, header ROM version 5)",/poketool/icongra/poke_icon.narc,equal,444,444,,,dbd6cf909349bd1cff849bc1e69759e16ecfdeb2524e8e84320d7ddeb5a4063d,dbd6cf909349bd1cff849bc1e69759e16ecfdeb2524e8e84320d7ddeb5a4063d,1072,1072,NCGR graphics,NCGR graphics
"Pokémon Diamond Version (USA, ADAE, header ROM version 5)","Pokémon Pearl Version (USA, APAE, header ROM version 5)",/poketool/icongra/poke_icon.narc,equal,445,445,,,3a3b76bb23b14fc630d29723544c74d43ddb571333ca7fe551a622fa644303cf,3a3b76bb23b14fc630d29723544c74d43ddb571333ca7fe551a622fa644303cf,1072,1072,NCGR graphics,NCGR graphics
"Pokémon Diamond Version (USA, ADAE, header ROM version 5)","Pokémon Pearl Version (USA, APAE, header ROM version 5)",/poketool/icongra/poke_icon.narc,equal,446,446,,,997de1db43ea5be11a9dbfa5e353316378dd869392aaa0eaa2f2cfddedd0f946,997de1db43ea5be11a9dbfa5e353316378dd869392aaa0eaa2f2cfddedd0f946,1072,1072,NCGR graphics,NCGR graphics
"Pokémon Diamond Version (USA, ADAE, header ROM version 5)","Pokémon Pearl Version (USA, APAE, header ROM version 5)",/poketool/icongra/poke_icon.narc,equal,447,447,,,9aebfe3d7ed09e44f703c5a55a9d420f0c10b00e96d2f008ebad15a932416e0a,9aebfe3d7ed09e44f703c5a55a9d420f0c10b00e96d2f008ebad15a932416e0a,1072,1072,NCGR graphics,NCGR graphics
"Pokémon Diamond Version (USA, ADAE, header ROM version 5)","Pokémon Pearl Version (USA, APAE, header ROM version 5)",/poketool/icongra/poke_icon.narc,equal,448,448,,,024ff72fc51a094279c3350022681f88f632c452d3c7656c50e88f0ed879b042,024ff72fc51a094279c3350022681f88f632c452d3c7656c50e88f0ed879b042,1072,1072,NCGR graphics,NCGR graphics
"Pokémon Diamond Version (USA, ADAE, header ROM version 5)","Pokémon Pearl Version (USA, APAE, header ROM version 5)",/poketool/icongra/poke_icon.narc,equal,449,449,,,936c8d0d8246308622e2c974a9ed7cce875d97667223aebd19651f7dd1b77055,936c8d0d8246308622e2c974a9ed7cce875d97667223aebd19651f7dd1b77055,1072,1072,NCGR graphics,NCGR graphics
"Pokémon Diamond Version (USA, ADAE, header ROM version 5)","Pokémon Pearl Version (USA, APAE, header ROM version 5)",/poketool/icongra/poke_icon.narc,equal,450,450,,,d0d219a2ea3b783723297e31721e50b4b5ee7228fb41dde5ba41e7a1df2d25a6,d0d219a2ea3b783723297e31721e50b4b5ee7228fb41dde5ba41e7a1df2d25a6,1072,1072,NCGR graphics,NCGR graphics
"Pokémon Diamond Version (USA, ADAE, header ROM version 5)","Pokémon Pearl Version (USA, APAE, header ROM version 5)",/poketool/icongra/poke_icon.narc,equal,451,451,,,aaf4f4562d3861fa03785c0fdf739e3375cc0c02f866032b5226190866969756,aaf4f4562d3861fa03785c0fdf739e3375cc0c02f866032b5226190866969756,1072,1072,NCGR graphics,NCGR graphics
"Pokémon Diamond Version (USA, ADAE, header ROM version 5)","Pokémon Pearl Version (USA, APAE, header ROM version 5)",/poketool/icongra/poke_icon.narc,equal,452,452,,,1ae8be07f107b866eec716e2fb2ffd4513a42ebc25a9d55896bde04a5a98d101,1ae8be07f107b866eec716e2fb2ffd4513a42ebc25a9d55896bde04a5a98d101,1072,1072,NCGR graphics,NCGR graphics
"Pokémon Diamond Version (USA, ADAE, header ROM version 5)","Pokémon Pearl Version (USA, APAE, header ROM version 5)",/poketool/icongra/poke_icon.narc,equal,453,453,,,7dd5feca9deb211e1c5343febc459c739385205966a097175a2e6209364519a5,7dd5feca9deb211e1c5343febc459c739385205966a097175a2e6209364519a5,1072,1072,NCGR graphics,NCGR graphics
"Pokémon Diamond Version (USA, ADAE, header ROM version 5)","Pokémon Pearl Version (USA, APAE, header ROM version 5)",/poketool/icongra/poke_icon.narc,equal,454,454,,,449c4e0328c91ffe6aee47b5481869723073fb2e2245040576c484570b5cb562,449c4e0328c91ffe6aee47b5481869723073fb2e2245040576c484570b5cb562,1072,1072,NCGR graphics,NCGR graphics
"Pokémon Diamond Version (USA, ADAE, header ROM version 5)","Pokémon Pearl Version (USA, APAE, header ROM version 5)",/poketool/icongra/poke_icon.narc,equal,455,455,,,59add86efcde95e230d51373906abdc8b0278990cf79923d0a353c08f3b7b121,59add86efcde95e230d51373906abdc8b0278990cf79923d0a353c08f3b7b121,1072,1072,NCGR graphics,NCGR graphics
"Pokémon Diamond Version (USA, ADAE, header ROM version 5)","Pokémon Pearl Version (USA, APAE, header ROM version 5)",/poketool/icongra/poke_icon.narc,equal,456,456,,,a89ba19d22225d6607122609a1ad9fe0e1c6e2a7f62b68b0c5ab182739637277,a89ba19d22225d6607122609a1ad9fe0e1c6e2a7f62b68b0c5ab182739637277,1072,1072,NCGR graphics,NCGR graphics
"Pokémon Diamond Version (USA, ADAE, header ROM version 5)","Pokémon Pearl Version (USA, APAE, header ROM version 5)",/poketool/icongra/poke_icon.narc,equal,457,457,,,1d2ad36d53d37c39064530876930919740fae246117616fdd9b39160ada7857f,1d2ad36d53d37c39064530876930919740fae246117616fdd9b39160ada7857f,1072,1072,NCGR graphics,NCGR graphics
"Pokémon Diamond Version (USA, ADAE, header ROM version 5)","Pokémon Pearl Version (USA, APAE, header ROM version 5)",/poketool/icongra/poke_icon.narc,equal,458,458,,,69a2c64c2e0e1abf2f281a8b0f4effbda897352754f0f9e46f2f748478859e48,69a2c64c2e0e1abf2f281a8b0f4effbda897352754f0f9e46f2f748478859e48,1072,1072,NCGR graphics,NCGR graphics
"Pokémon Diamond Version (USA, ADAE, header ROM version 5)","Pokémon Pearl Version (USA, APAE, header ROM version 5)",/poketool/icongra/poke_icon.narc,equal,459,459,,,64c78d47c24931b76f6910f015103b36a8170a9f2b82b456dd435cf033910844,64c78d47c24931b76f6910f015103b36a8170a9f2b82b456dd435cf033910844,1072,1072,NCGR graphics,NCGR graphics
"Pokémon Diamond Version (USA, ADAE, header ROM version 5)","Pokémon Pearl Version (USA, APAE, header ROM version 5)",/poketool/icongra/poke_icon.narc,equal,460,460,,,630b0cc98571cac1b54c10ffbaf8b11f233c316254509c822c5fda3618e97283,630b0cc98571cac1b54c10ffbaf8b11f233c316254509c822c5fda3618e97283,1072,1072,NCGR graphics,NCGR graphics
"Pokémon Diamond Version (USA, ADAE, header ROM version 5)","Pokémon Pearl Version (USA, APAE, header ROM version 5)",/poketool/icongra/poke_icon.narc,equal,461,461,,,9e3f75b7cfa5fe170dc6525f73338b18139298bb1c3cac279993e89baac19d52,9e3f75b7cfa5fe170dc6525f73338b18139298bb1c3cac279993e89baac19d52,1072,1072,NCGR graphics,NCGR graphics
"Pokémon Diamond Version (USA, ADAE, header ROM version 5)","Pokémon Pearl Version (USA, APAE, header ROM version 5)",/poketool/icongra/poke_icon.narc,equal,462,462,,,684a27121ae34a070dcc98569b9f5eecbcc1887eeb4669f77c8f9e14b442fa8c,684a27121ae34a070dcc98569b9f5eecbcc1887eeb4669f77c8f9e14b442fa8c,1072,1072,NCGR graphics,NCGR graphics
"Pokémon Diamond Version (USA, ADAE, header ROM version 5)","Pokémon Pearl Version (USA, APAE, header ROM version 5)",/poketool/icongra/poke_icon.narc,equal,463,463,,,1a27f1667a87821033c5997df27866bf089c796325b1582cfd1e612fec189701,1a27f1667a87821033c5997df27866bf089c796325b1582cfd1e612fec189701,1072,1072,NCGR graphics,NCGR graphics
"Pokémon Diamond Version (USA, ADAE, header ROM version 5)","Pokémon Pearl Version (USA, APAE, header ROM version 5)",/poketool/icongra/poke_icon.narc,equal,464,464,,,51da5bb0e9e614681f2a3c80bb735459b93826f9467e170b02cb3f509151fccd,51da5bb0e9e614681f2a3c80bb735459b93826f9467e170b02cb3f509151fccd,1072,1072,NCGR graphics,NCGR graphics
"Pokémon Diamond Version (USA, ADAE, header ROM version 5)","Pokémon Pearl Version (USA, APAE, header ROM version 5)",/poketool/icongra/poke_icon.narc,equal,465,465,,,0c67696851305994c0e0a21db4143675b27e0d32dd80b31904a3362529b0f881,0c67696851305994c0e0a21db4143675b27e0d32dd80b31904a3362529b0f881,1072,1072,NCGR graphics,NCGR graphics
"Pokémon Diamond Version (USA, ADAE, header ROM version 5)","Pokémon Pearl Version (USA, APAE, header ROM version 5)",/poketool/icongra/poke_icon.narc,equal,466,466,,,e0931a799ca115766445ef6c3e6a5437d805385d1723939b03404eaac25a1b37,e0931a799ca115766445ef6c3e6a5437d805385d1723939b03404eaac25a1b37,1072,1072,NCGR graphics,NCGR graphics
"Pokémon Diamond Version (USA, ADAE, header ROM version 5)","Pokémon Pearl Version (USA, APAE, header ROM version 5)",/poketool/icongra/poke_icon.narc,equal,467,467,,,6bc147dbbf02ffc7e10fe72a6bdfeffa156d9bd5204d2cad1904018820b1ffeb,6bc147dbbf02ffc7e10fe72a6bdfeffa156d9bd5204d2cad1904018820b1ffeb,1072,1072,NCGR graphics,NCGR graphics
"Pokémon Diamond Version (USA, ADAE, header ROM version 5)","Pokémon Pearl Version (USA, APAE, header ROM version 5)",/poketool/icongra/poke_icon.narc,equal,468,468,,,63edbeb4b3c90fde50df92251c13003712332ac43ef5177660792f14da574497,63edbeb4b3c90fde50df92251c13003712332ac43ef5177660792f14da574497,1072,1072,NCGR graphics,NCGR graphics
"Pokémon Diamond Version (USA, ADAE, header ROM version 5)","Pokémon Pearl Version (USA, APAE, header ROM version 5)",/poketool/icongra/poke_icon.narc,equal,469,469,,,85feb0e9fd9d671cbad1345318204862b167fc4721898bcfaae178baab467282,85feb0e9fd9d671cbad1345318204862b167fc4721898bcfaae178baab467282,1072,1072,NCGR graphics,NCGR graphics
"Pokémon Diamond Version (USA, ADAE, header ROM version 5)","Pokémon Pearl Version (USA, APAE, header ROM version 5)",/poketool/icongra/poke_icon.narc,equal,470,470,,,2f5d9890d3dd632e319bf757f8419d8d74670fd5b6b1a5c5abf337f9818b0d9d,2f5d9890d3dd632e319bf757f8419d8d74670fd5b6b1a5c5abf337f9818b0d9d,1072,1072,NCGR graphics,NCGR graphics
"Pokémon Diamond Version (USA, ADAE, header ROM version 5)","Pokémon Pearl Version (USA, APAE, header ROM version 5)",/poketool/icongra/poke_icon.narc,equal,471,471,,,78f54bb4cc015c961a5394c345f7b486a1f1e34b19bc2453a180aba1fabcc616,78f54bb4cc015c961a5394c345f7b486a1f1e34b19bc2453a180aba1fabcc616,1072,1072,NCGR graphics,NCGR graphics
"Pokémon Diamond Version (USA, ADAE, header ROM version 5)","Pokémon Pearl Version (USA, APAE, header ROM version 5)",/poketool/icongra/poke_icon.narc,equal,472,472,,,bef061213d08196f59d982422b5461f9e5b9aa8f7e8cbaefdf1d413b699a1181,bef061213d08196f59d982422b5461f9e5b9aa8f7e8cbaefdf1d413b699a1181,1072,1072,NCGR graphics,NCGR graphics
"Pokémon Diamond Version (USA, ADAE, header ROM version 5)","Pokémon Pearl Version (USA, APAE, header ROM version 5)",/poketool/icongra/poke_icon.narc,equal,473,473,,,0d4b290740d9f4658ce9b390580c78cb35978ea7ae867f16e6bd9697abf95523,0d4b290740d9f4658ce9b390580c78cb35978ea7ae867f16e6bd9697abf95523,1072,1072,NCGR graphics,NCGR graphics
"Pokémon Diamond Version (USA, ADAE, header ROM version 5)","Pokémon Pearl Version (USA, APAE, header ROM version 5)",/poketool/icongra/poke_icon.narc,equal,474,474,,,12f2a6d5c9836e1659bff74ce6c78c0b9e7c0dc019a8ad750fc3d518da2ae860,12f2a6d5c9836e1659bff74ce6c78c0b9e7c0dc019a8ad750fc3d518da2ae860,1072,1072,NCGR graphics,NCGR graphics
"Pokémon Diamond Version (USA, ADAE, header ROM version 5)","Pokémon Pearl Version (USA, APAE, header ROM version 5)",/poketool/icongra/poke_icon.narc,equal,475,475,,,6e7d08f824e08ef659d2e7772bbaa006cbe45a4ed334e601225f280b51cabe30,6e7d08f824e08ef659d2e7772bbaa006cbe45a4ed334e601225f280b51cabe30,1072,1072,NCGR graphics,NCGR graphics
"Pokémon Diamond Version (USA, ADAE, header ROM version 5)","Pokémon Pearl Version (USA, APAE, header ROM version 5)",/poketool/icongra/poke_icon.narc,equal,476,476,,,e7e23631710a9a2f1184b03cd9f15351f324713132e2c452f15fbd4f9b78d9af,e7e23631710a9a2f1184b03cd9f15351f324713132e2c452f15fbd4f9b78d9af,1072,1072,NCGR graphics,NCGR graphics
"Pokémon Diamond Version (USA, ADAE, header ROM version 5)","Pokémon Pearl Version (USA, APAE, header ROM version 5)",/poketool/icongra/poke_icon.narc,equal,477,477,,,f26c4cf76daf4e8532bf3548443673d1ae20bd4c5e1bfbe312acbb71ecffe977,f26c4cf76daf4e8532bf3548443673d1ae20bd4c5e1bfbe312acbb71ecffe977,1072,1072,NCGR graphics,NCGR graphics
"Pokémon Diamond Version (USA, ADAE, header ROM version 5)","Pokémon Pearl Version (USA, APAE, header ROM version 5)",/poketool/icongra/poke_icon.narc,equal,478,478,,,53b35f3ca23c20ac2a1a5c61ea0db1a7258c95798a74efdb16f26eb87cddfb3c,53b35f3ca23c20ac2a1a5c61ea0db1a7258c95798a74efdb16f26eb87cddfb3c,1072,1072,NCGR graphics,NCGR graphics
"Pokémon Diamond Version (USA, ADAE, header ROM version 5)","Pokémon Pearl Version (USA, APAE, header ROM version 5)",/poketool/icongra/poke_icon.narc,equal,479,479,,,aab2afd7c81579ccc02564e386e7ba6840f180f3c1f083818260ac2cdb1e3401,aab2afd7c81579ccc02564e386e7ba6840f180f3c1f083818260ac2cdb1e3401,1072,1072,NCGR graphics,NCGR graphics
"Pokémon Diamond Version (USA, ADAE, header ROM version 5)","Pokémon Pearl Version (USA, APAE, header ROM version 5)",/poketool/icongra/poke_icon.narc,equal,480,480,,,1e3e46a3533479050f997e6eb2a14c8bbf6a06263779aed7bcbd4c198c1857c3,1e3e46a3533479050f997e6eb2a14c8bbf6a06263779aed7bcbd4c198c1857c3,1072,1072,NCGR graphics,NCGR graphics
"Pokémon Diamond Version (USA, ADAE, header ROM version 5)","Pokémon Pearl Version (USA, APAE, header ROM version 5)",/poketool/icongra/poke_icon.narc,equal,481,481,,,06fa8e9c47e550ff3d45ce891127a5c7429655da58342fcb86eaa0b9c937649f,06fa8e9c47e550ff3d45ce891127a5c7429655da58342fcb86eaa0b9c937649f,1072,1072,NCGR graphics,NCGR graphics
"Pokémon Diamond Version (USA, ADAE, header ROM version 5)","Pokémon Pearl Version (USA, APAE, header ROM version 5)",/poketool/icongra/poke_icon.narc,equal,482,482,,,3b7aaee91c6f2ba8784951aaa70af33fdbd207a869519d97102728007948563e,3b7aaee91c6f2ba8784951aaa70af33fdbd207a869519d97102728007948563e,1072,1072,NCGR graphics,NCGR graphics
"Pokémon Diamond Version (USA, ADAE, header ROM version 5)","Pokémon Pearl Version (USA, APAE, header ROM version 5)",/poketool/icongra/poke_icon.narc,equal,483,483,,,64b0bd85f1e518e3996e0dc5e60c5d4a487dea3162bd039d0637b35dd10d6572,64b0bd85f1e518e3996e0dc5e60c5d4a487dea3162bd039d0637b35dd10d6572,1072,1072,NCGR graphics,NCGR graphics
"Pokémon Diamond Version (USA, ADAE, header ROM version 5)","Pokémon Pearl Version (USA, APAE, header ROM version 5)",/poketool/icongra/poke_icon.narc,equal,484,484,,,5cc59992e88b2b230f2a8b3e8494b55a4d76106910b5200c5537a55808e5f6bd,5cc59992e88b2b230f2a8b3e8494b55a4d76106910b5200c5537a55808e5f6bd,1072,1072,NCGR graphics,NCGR graphics
"Pokémon Diamond Version (USA, ADAE, header ROM version 5)","Pokémon Pearl Version (USA, APAE, header ROM version 5)",/poketool/icongra/poke_icon.narc,equal,485,485,,,79e88d5bb5e5752abc1cdb7355b4024b92c293ef0898a5442a22c66deeda7e8e,79e88d5bb5e5752abc1cdb7355b4024b92c293ef0898a5442a22c66deeda7e8e,1072,1072,NCGR graphics,NCGR graphics
"Pokémon Diamond Version (USA, ADAE, header ROM version 5)","Pokémon Pearl Version (USA, APAE, header ROM version 5)",/poketool/icongra/poke_icon.narc,equal,486,486,,,42486c85c28ca4eb262cf1b6c7e3f0963864eba2b18986c2a082a7ce1d385530,42486c85c28ca4eb262cf1b6c7e3f0963864eba2b18986c2a082a7ce1d385530,1072,1072,NCGR graphics,NCGR graphics
"Pokémon Diamond Version (USA, ADAE, header ROM version 5)","Pokémon Pearl Version (USA, APAE, header ROM version 5)",/poketool/icongra/poke_icon.narc,equal,487,487,,,5129d0875b12ccbae470edac1d5aefcbb65346a03bd875a614edf172acf8d9d7,5129d0875b12ccbae470edac1d5aefcbb65346a03bd875a614edf172acf8d9d7,1072,1072,NCGR graphics,NCGR graphics
"Pokémon Diamond Version (USA, ADAE, header ROM version 5)","Pokémon Pearl Version (USA, APAE, header ROM version 5)",/poketool/icongra/poke_icon.narc,equal,488,488,,,174ce6839737e6e88452b00be741dd1d50a702bbd3548c5d3344449f60eb35b3,174ce6839737e6e88452b00be741dd1d50a702bbd3548c5d3344449f60eb35b3,1072,1072,NCGR graphics,NCGR graphics
"Pokémon Diamond Version (USA, ADAE, header ROM version 5)","Pokémon Pearl Version (USA, APAE, header ROM version 5)",/poketool/icongra/poke_icon.narc,equal,489,489,,,1df7584047abe949a8d7de297ad22634dee7f676242a24420d90cb01b79250fd,1df7584047abe949a8d7de297ad22634dee7f676242a24420d90cb01b79250fd,1072,1072,NCGR graphics,NCGR graphics
"Pokémon Diamond Version (USA, ADAE, header ROM version 5)","Pokémon Pearl Version (USA, APAE, header ROM version 5)",/poketool/icongra/poke_icon.narc,equal,490,490,,,0f632dc1a347f8ae6deeba815a28a37f0336de76447df670a44ee67640c51c49,0f632dc1a347f8ae6deeba815a28a37f0336de76447df670a44ee67640c51c49,1072,1072,NCGR graphics,NCGR graphics
"Pokémon Diamond Version (USA, ADAE, header ROM version 5)","Pokémon Pearl Version (USA, APAE, header ROM version 5)",/poketool/icongra/poke_icon.narc,equal,491,491,,,3f27576a50a6b02d9e7c4d0334ae1aff6049a94b4e303f79b3dc1f88f6768277,3f27576a50a6b02d9e7c4d0334ae1aff6049a94b4e303f79b3dc1f88f6768277,1072,1072,NCGR graphics,NCGR graphics
"Pokémon Diamond Version (USA, ADAE, header ROM version 5)","Pokémon Pearl Version (USA, APAE, header ROM version 5)",/poketool/icongra/poke_icon.narc,equal,492,492,,,c34235656d2483c0a5840ac5db7738fe9c4d96ae09b11a82f7663e729bdc9f06,c34235656d2483c0a5840ac5db7738fe9c4d96ae09b11a82f7663e729bdc9f06,1072,1072,NCGR graphics,NCGR graphics
"Pokémon Diamond Version (USA, ADAE, header ROM version 5)","Pokémon Pearl Version (USA, APAE, header ROM version 5)",/poketool/icongra/poke_icon.narc,equal,493,493,,,ac4ac06d0115f0c40734dbd66ccb5ce060cdc02c175e1c4f4362219e6fb97f2e,ac4ac06d0115f0c40734dbd66ccb5ce060cdc02c175e1c4f4362219e6fb97f2e,1072,1072,NCGR graphics,NCGR graphics
"Pokémon Diamond Version (USA, ADAE, header ROM version 5)","Pokémon Pearl Version (USA, APAE, header ROM version 5)",/poketool/icongra/poke_icon.narc,equal,494,494,,,8651d5813753be07cd808fafc32564bcc060b1f312d1beb64debf8e5917be93f,8651d5813753be07cd808fafc32564bcc060b1f312d1beb64debf8e5917be93f,1072,1072,NCGR graphics,NCGR graphics
"Pokémon Diamond Version (USA, ADAE, header ROM version 5)","Pokémon Pearl Version (USA, APAE, header ROM version 5)",/poketool/icongra/poke_icon.narc,equal,495,495,,,ae69de62a7129e560cafe84c407d86979357fd8ecfc59cb3e0edb912d8e6b680,ae69de62a7129e560cafe84c407d86979357fd8ecfc59cb3e0edb912d8e6b680,1072,1072,NCGR graphics,NCGR graphics
"Pokémon Diamond Version (USA, ADAE, header ROM version 5)","Pokémon Pearl Version (USA, APAE, header ROM version 5)",/poketool/icongra/poke_icon.narc,equal,496,496,,,d9d2e25db05ab4cb849cbc626cde0a53d9ce7c3fff5d7d2a4476798a3a4d3ff1,d9d2e25db05ab4cb849cbc626cde0a53d9ce7c3fff5d7d2a4476798a3a4d3ff1,1072,1072,NCGR graphics,NCGR graphics
"Pokémon Diamond Version (USA, ADAE, header ROM version 5)","Pokémon Pearl Version (USA, APAE, header ROM version 5)",/poketool/icongra/poke_icon.narc,equal,497,497,,,e08a7b86641bc5042a0d2fe0d72c89c3d581bd3bf4fb449e7d0c2c053bef3bfa,e08a7b86641bc5042a0d2fe0d72c89c3d581bd3bf4fb449e7d0c2c053bef3bfa,1072,1072,NCGR graphics,NCGR graphics
"Pokémon Diamond Version (USA, ADAE, header ROM version 5)","Pokémon Pearl Version (USA, APAE, header ROM version 5)",/poketool/icongra/poke_icon.narc,equal,498,498,,,fd5c9dd55c7e64694cc4292815ebaee01d382a036a6c25e0218a8df7dec4fcca,fd5c9dd55c7e64694cc4292815ebaee01d382a036a6c25e0218a8df7dec4fcca,1072,1072,NCGR graphics,NCGR graphics
"Pokémon Diamond Version (USA, ADAE, header ROM version 5)","Pokémon Pearl Version (USA, APAE, header ROM version 5)",/poketool/icongra/poke_icon.narc,equal,499,499,,,7898ad66b36486020a211678d7dcf1d131c4c4aab1236700e8571ef20a5f42f3,7898ad66b36486020a211678d7dcf1d131c4c4aab1236700e8571ef20a5f42f3,1072,1072,NCGR graphics,NCGR graphics
"Pokémon Diamond Version (USA, ADAE, header ROM version 5)","Pokémon Pearl Version (USA, APAE, header ROM version 5)",/poketool/icongra/poke_icon.narc,equal,500,500,,,d6d22e5c8b6a7b531da78c4f143256c46cba351ff4c2be2fb6d2f9c4db7366c6,d6d22e5c8b6a7b531da78c4f143256c46cba351ff4c2be2fb6d2f9c4db7366c6,1072,1072,NCGR graphics,NCGR graphics
"Pokémon Diamond Version (USA, ADAE, header ROM version 5)","Pokémon Pearl Version (USA, APAE, header ROM version 5)",/poketool/icongra/poke_icon.narc,equal,501,501,,,34476d900326197dac2c8be534b5770feb6ca2e4b288ed76a2976bc69300e57f,34476d900326197dac2c8be534b5770feb6ca2e4b288ed76a2976bc69300e57f,1072,1072,NCGR graphics,NCGR graphics
"Pokémon Diamond Version (USA, ADAE, header ROM version 5)","Pokémon Pearl Version (USA, APAE, header ROM version 5)",/poketool/icongra/poke_icon.narc,equal,502,502,,,d0967ddb77f55bffff0e1b96e94a64202c762ec4a310653fb10d2882341ce366,d0967ddb77f55bffff0e1b96e94a64202c762ec4a310653fb10d2882341ce366,1072,1072,NCGR graphics,NCGR graphics
"Pokémon Diamond Version (USA, ADAE, header ROM version 5)","Pokémon Pearl Version (USA, APAE, header ROM version 5)",/poketool/icongra/poke_icon.narc,equal,503,503,,,c6d05421ce14c304dd5417808cc821352f45f3c685b0f3e1ba394fe591879ede,c6d05421ce14c304dd5417808cc821352f45f3c685b0f3e1ba394fe591879ede,1072,1072,NCGR graphics,NCGR graphics
"Pokémon Diamond Version (USA, ADAE, header ROM version 5)","Pokémon Pearl Version (USA, APAE, header ROM version 5)",/poketool/icongra/poke_icon.narc,equal,504,504,,,1b4f493cfa57467e289cf5ce1dd34adb3a7024fc6f31f1b80879c36ca93d0a22,1b4f493cfa57467e289cf5ce1dd34adb3a7024fc6f31f1b80879c36ca93d0a22,1072,1072,NCGR graphics,NCGR graphics
"Pokémon Diamond Version (USA, ADAE, header ROM version 5)","Pokémon Pearl Version (USA, APAE, header ROM version 5)",/poketool/icongra/poke_icon.narc,equal,505,505,,,5e882f85f7dd499b6b9af29722244a3835be376ff36dfa6a4127e6dde3532478,5e882f85f7dd499b6b9af29722244a3835be376ff36dfa6a4127e6dde3532478,1072,1072,NCGR graphics,NCGR graphics
"Pokémon Diamond Version (USA, ADAE, header ROM version 5)","Pokémon Pearl Version (USA, APAE, header ROM version 5)",/poketool/icongra/poke_icon.narc,equal,506,506,,,8f1853e95351bf343d2181aafbe91d00f2b476d0704674e26c7fc25ce668e853,8f1853e95351bf343d2181aafbe91d00f2b476d0704674e26c7fc25ce668e853,1072,1072,NCGR graphics,NCGR graphics
"Pokémon Diamond Version (USA, ADAE, header ROM version 5)","Pokémon Pearl Version (USA, APAE, header ROM version 5)",/poketool/icongra/poke_icon.narc,equal,507,507,,,3e47b075a3dce9978a3b92400e6743462a5aacc5f1d2d520da327b4bcb075931,3e47b075a3dce9978a3b92400e6743462a5aacc5f1d2d520da327b4bcb075931,1072,1072,NCGR graphics,NCGR graphics
"Pokémon Diamond Version (USA, ADAE, header ROM version 5)","Pokémon Pearl Version (USA, APAE, header ROM version 5)",/poketool/icongra/poke_icon.narc,equal,508,508,,,18301151e34405c053cce9cc2296052e513affc214808395d7a5e2e62dfa8a14,18301151e34405c053cce9cc2296052e513affc214808395d7a5e2e62dfa8a14,1072,1072,NCGR graphics,NCGR graphics
"Pokémon Diamond Version (USA, ADAE, header ROM version 5)","Pokémon Pearl Version (USA, APAE, header ROM version 5)",/poketool/icongra/poke_icon.narc,equal,509,509,,,0f5134c275855f11b35c2034b16346f5b152209317198fa0b9c9fcb2b7a2147a,0f5134c275855f11b35c2034b16346f5b152209317198fa0b9c9fcb2b7a2147a,1072,1072,NCGR graphics,NCGR graphics
"Pokémon Diamond Version (USA, ADAE, header ROM version 5)","Pokémon Pearl Version (USA, APAE, header ROM version 5)",/poketool/icongra/poke_icon.narc,equal,510,510,,,ab6867bc9363c5d20774a59951cc3caa28778b67773c331db49da24dea59bbe4,ab6867bc9363c5d20774a59951cc3caa28778b67773c331db49da24dea59bbe4,1072,1072,NCGR graphics,NCGR graphics
"Pokémon Diamond Version (USA, ADAE, header ROM version 5)","Pokémon Pearl Version (USA, APAE, header ROM version 5)",/poketool/icongra/poke_icon.narc,equal,511,511,,,75b4177f649a79f5149c653f9d8ada97150d7af5353b3585a24061280210debc,75b4177f649a79f5149c653f9d8ada97150d7af5353b3585a24061280210debc,1072,1072,NCGR graphics,NCGR graphics
"Pokémon Diamond Version (USA, ADAE, header ROM version 5)","Pokémon Pearl Version (USA, APAE, header ROM version 5)",/poketool/icongra/poke_icon.narc,equal,512,512,,,ceb5f6d6d0e68d405d4289c192931f93df832b4be251778f993d40dd018cb787,ceb5f6d6d0e68d405d4289c192931f93df832b4be251778f993d40dd018cb787,1072,1072,NCGR graphics,NCGR graphics
"Pokémon Diamond Version (USA, ADAE, header ROM version 5)","Pokémon Pearl Version (USA, APAE, header ROM version 5)",/poketool/icongra/poke_icon.narc,equal,513,513,,,8596dac040a8441aa5402ad377f695826ccfb0c73f647f2a69c213a0b570b000,8596dac040a8441aa5402ad377f695826ccfb0c73f647f2a69c213a0b570b000,1072,1072,NCGR graphics,NCGR graphics
"Pokémon Diamond Version (USA, ADAE, header ROM version 5)","Pokémon Pearl Version (USA, APAE, header ROM version 5)",/poketool/icongra/poke_icon.narc,equal,514,514,,,30cb75a33fb90531d524dfaed0f9837dd8a1092d31024294a0f2a7018122c381,30cb75a33fb90531d524dfaed0f9837dd8a1092d31024294a0f2a7018122c381,1072,1072,NCGR graphics,NCGR graphics
"Pokémon Diamond Version (USA, ADAE, header ROM version 5)","Pokémon Pearl Version (USA, APAE, header ROM version 5)",/poketool/icongra/poke_icon.narc,equal,515,515,,,dabbba831e1aa9ebc4d11efa2f0b80d1ef7e71b5a69f2777829fb364b0d61da7,dabbba831e1aa9ebc4d11efa2f0b80d1ef7e71b5a69f2777829fb364b0d61da7,1072,1072,NCGR graphics,NCGR graphics
"Pokémon Diamond Version (USA, ADAE, header ROM version 5)","Pokémon Pearl Version (USA, APAE, header ROM version 5)",/poketool/icongra/poke_icon.narc,equal,516,516,,,832f9f7ab552a926e35c5bfe1ad0f5fed48b7919fff0b0ad70937e2ea459320a,832f9f7ab552a926e35c5bfe1ad0f5fed48b7919fff0b0ad70937e2ea459320a,1072,1072,NCGR graphics,NCGR graphics
"Pokémon Diamond Version (USA, ADAE, header ROM version 5)","Pokémon Pearl Version (USA, APAE, header ROM version 5)",/poketool/icongra/poke_icon.narc,equal,517,517,,,1b07e2c146a64ddb6c8947433ca174374f2147a16221525d07ee4fdde87f079f,1b07e2c146a64ddb6c8947433ca174374f2147a16221525d07ee4fdde87f079f,1072,1072,NCGR graphics,NCGR graphics
"Pokémon Diamond Version (USA, ADAE, header ROM version 5)","Pokémon Pearl Version (USA, APAE, header ROM version 5)",/poketool/icongra/poke_icon.narc,equal,518,518,,,ee56bbc25be98f4f9b27e996e6788a0e60abbcedb0b3021fcd31c2ad069c5e87,ee56bbc25be98f4f9b27e996e6788a0e60abbcedb0b3021fcd31c2ad069c5e87,1072,1072,NCGR graphics,NCGR graphics
"Pokémon Diamond Version (USA, ADAE, header ROM version 5)","Pokémon Pearl Version (USA, APAE, header ROM version 5)",/poketool/icongra/poke_icon.narc,equal,519,519,,,2f75198700d210a8522a80484984e70feb33cadba40d20ed60fab229c17fe4d0,2f75198700d210a8522a80484984e70feb33cadba40d20ed60fab229c17fe4d0,1072,1072,NCGR graphics,NCGR graphics
"Pokémon Diamond Version (USA, ADAE, header ROM version 5)","Pokémon Pearl Version (USA, APAE, header ROM version 5)",/poketool/icongra/poke_icon.narc,equal,520,520,,,af305d556b09bb8aaeb78986504e9714e7d272ce9e60f33f542fd96e53e952dd,af305d556b09bb8aaeb78986504e9714e7d272ce9e60f33f542fd96e53e952dd,1072,1072,NCGR graphics,NCGR graphics
"Pokémon Diamond Version (USA, ADAE, header ROM version 5)","Pokémon Pearl Version (USA, APAE, header ROM version 5)",/poketool/icongra/poke_icon.narc,equal,521,521,,,be76049d78521ee34acda3698182e381e121ea65cea91154c463bf59e7945bd3,be76049d78521ee34acda3698182e381e121ea65cea91154c463bf59e7945bd3,1072,1072,NCGR graphics,NCGR graphics
"Pokémon Diamond Version (USA, ADAE, header ROM version 5)","Pokémon Pearl Version (USA, APAE, header ROM version 5)",/poketool/icongra/poke_icon.narc,equal,522,522,,,1a021dcc04ee5a01be73bf87175be9f88d95f931c550ee6486ba0e78d16c3838,1a021dcc04ee5a01be73bf87175be9f88d95f931c550ee6486ba0e78d16c3838,1072,1072,NCGR graphics,NCGR graphics
"Pokémon Diamond Version (USA, ADAE, header ROM version 5)","Pokémon Pearl Version (USA, APAE, header ROM version 5)",/poketool/icongra/poke_icon.narc,equal,523,523,,,57e13ff848f98de94b3168a19686eae97faa9eda31a40abf863e1d21d25a3cd1,57e13ff848f98de94b3168a19686eae97faa9eda31a40abf863e1d21d25a3cd1,1072,1072,NCGR graphics,NCGR graphics
"Pokémon Diamond Version (USA, ADAE, header ROM version 5)","Pokémon Pearl Version (USA, APAE, header ROM version 5)",/poketool/icongra/poke_icon.narc,equal,524,524,,,c9200ed6d69a5540c17b83a0c1980a07664ac6e905313e13f1210daf69019439,c9200ed6d69a5540c17b83a0c1980a07664ac6e905313e13f1210daf69019439,1072,1072,NCGR graphics,NCGR graphics
"Pokémon Diamond Version (USA, ADAE, header ROM version 5)","Pokémon Pearl Version (USA, APAE, header ROM version 5)",/poketool/icongra/poke_icon.narc,equal,525,525,,,45a7481c98ceb349faee7aa3f2fae1ea772e70b86c9ae11ad7e619a98d7ecf2c,45a7481c98ceb349faee7aa3f2fae1ea772e70b86c9ae11ad7e619a98d7ecf2c,1072,1072,NCGR graphics,NCGR graphics
"Pokémon Diamond Version (USA, ADAE, header ROM version 5)","Pokémon Pearl Version (USA, APAE, header ROM version 5)",/poketool/icongra/poke_icon.narc,equal,526,526,,,12a363e8f43d3c3af3d341e43b211a79e6d3b58fdfa919875ec85e6ab74a74cf,12a363e8f43d3c3af3d341e43b211a79e6d3b58fdfa919875ec85e6ab74a74cf,1072,1072,NCGR graphics,NCGR graphics
"Pokémon Diamond Version (USA, ADAE, header ROM version 5)","Pokémon Pearl Version (USA, APAE, header ROM version 5)",/poketool/icongra/poke_icon.narc,equal,527,527,,,497725942b63ddc366b46d95e4844f32e59acb30f2113b3b377aad371307dada,497725942b63ddc366b46d95e4844f32e59acb30f2113b3b377aad371307dada,1072,1072,NCGR graphics,NCGR graphics
"Pokémon Diamond Version (USA, ADAE, header ROM version 5)","Pokémon Pearl Version (USA, APAE, header ROM version 5)",/poketool/icongra/poke_icon.narc,equal,528,528,,,10d4e45ee497497b0a99d98f79b2a60cac0e7d907225daa547eed9be5310c79b,10d4e45ee497497b0a99d98f79b2a60cac0e7d907225daa547eed9be5310c79b,1072,1072,NCGR graphics,NCGR graphics
"Pokémon Diamond Version (USA, ADAE, header ROM version 5)","Pokémon Pearl Version (USA, APAE, header ROM version 5)",/poketool/icongra/poke_icon.narc,equal,529,529,,,f853ade2a26e88984f5efc858ab93ed3295ad8ac6b14cbecda795a435ac51ed7,f853ade2a26e88984f5efc858ab93ed3295ad8ac6b14cbecda795a435ac51ed7,1072,1072,NCGR graphics,NCGR graphics
"Pokémon Diamond Version (USA, ADAE, header ROM version 5)","Pokémon Pearl Version (USA, APAE, header ROM version 5)",/poketool/icongra/poke_icon.narc,equal,530,530,,,6eed0d137b2dd9370213a66ede52291e8621bc915cb326a1b9546b8c0a2ee096,6eed0d137b2dd9370213a66ede52291e8621bc915cb326a1b9546b8c0a2ee096,1072,1072,NCGR graphics,NCGR graphics
"Pokémon Diamond Version (USA, ADAE, header ROM version 5)","Pokémon Pearl Version (USA, APAE, header ROM version 5)",/poketool/icongra/poke_icon.narc,equal,531,531,,,f37e810f578c13f0e250141f73bfc06908ee97368bfb4c64c96ed09d5e821f27,f37e810f578c13f0e250141f73bfc06908ee97368bfb4c64c96ed09d5e821f27,1072,1072,NCGR graphics,NCGR graphics
"Pokémon Diamond Version (USA, ADAE, header ROM version 5)","Pokémon Pearl Version (USA, APAE, header ROM version 5)",/poketool/icongra/poke_icon.narc,equal,532,532,,,ed593acdbe652f260c378e43f71a4ef1a8d4be0b74d6c1f58ae0410dde707d8c,ed593acdbe652f260c378e43f71a4ef1a8d4be0b74d6c1f58ae0410dde707d8c,1072,1072,NCGR graphics,NCGR graphics
"Pokémon Diamond Version (USA, ADAE, header ROM version 5)","Pokémon Pearl Version (USA, APAE, header ROM version 5)",/poketool/icongra/poke_icon.narc,equal,533,533,,,52da111a73e4b0a3b61fdebfb7c406328506946100a701a8314c80aae3e81063,52da111a73e4b0a3b61fdebfb7c406328506946100a701a8314c80aae3e81063,1072,1072,NCGR graphics,NCGR graphics
"Pokémon Diamond Version (USA, ADAE, header ROM version 5)","Pokémon Pearl Version (USA, APAE, header ROM version 5)",/poketool/icongra/poke_icon.narc,equal,534,534,,,cd041cee6f32f7a8851e48bc82a0edb4a9fff376f70caca7b50c1e9a86673d5a,cd041cee6f32f7a8851e48bc82a0edb4a9fff376f70caca7b50c1e9a86673d5a,1072,1072,NCGR graphics,NCGR graphics
"Pokémon Diamond Version (USA, ADAE, header ROM version 5)","Pokémon Pearl Version (USA, APAE, header ROM version 5)",/poketool/icongra/poke_icon.narc,equal,535,535,,,14667b133d4cafef62841e6c178827595e22a8ebd72c6bc6785b2ad74ffb0f69,14667b133d4cafef62841e6c178827595e22a8ebd72c6bc6785b2ad74ffb0f69,1072,1072,NCGR graphics,NCGR graphics
"Pokémon Diamond Version (USA, ADAE, header ROM version 5)","Pokémon Pearl Version (USA, APAE, header ROM version 5)",/poketool/icongra/poke_icon.narc,equal,536,536,,,b3dad44b0e916c8f3d93e9e47944b82c3684ab5f5479324a2f0fbe80ce5becc3,b3dad44b0e916c8f3d93e9e47944b82c3684ab5f5479324a2f0fbe80ce5becc3,1072,1072,NCGR graphics,NCGR graphics
"Pokémon Diamond Version (USA, ADAE, header ROM version 5)","Pokémon Pearl Version (USA, APAE, header ROM version 5)",/poketool/icongra/poke_icon.narc,equal,537,537,,,66b07f3e0a42e361f29666b9c8382a6b5fa8346a22c11a17b397b2b95867f57b,66b07f3e0a42e361f29666b9c8382a6b5fa8346a22c11a17b397b2b95867f57b,1072,1072,NCGR graphics,NCGR graphics
"Pokémon Diamond Version (USA, ADAE, header ROM version 5)","Pokémon Pearl Version (USA, APAE, header ROM version 5)",/poketool/icongra/poke_icon.narc,equal,538,538,,,6ca6dec15e0ee8ce3e7afd45f0cfdb77ccf3bf6e944f99711545580fb345f158,6ca6dec15e0ee8ce3e7afd45f0cfdb77ccf3bf6e944f99711545580fb345f158,1072,1072,NCGR graphics,NCGR graphics
"Pokémon Diamond Version (USA, ADAE, header ROM version 5)","Pokémon Pearl Version (USA, APAE, header ROM version 5)",/poketool/icongra/poke_icon.narc,equal,539,539,,,0fae8b157d42bf2914a4b9f1f922d572296a8555e7959ba93246b018900edd9b,0fae8b157d42bf2914a4b9f1f922d572296a8555e7959ba93246b018900edd9b,1072,1072,NCGR graphics,NCGR graphics
"Pokémon Diamond Version (USA, ADAE, header ROM version 5)","Pokémon Pearl Version (USA, APAE, header ROM version 5)",/poketool/personal/evo.narc,equal,0,0,,,85759b3811ff7dc47b03792ac85317be51431a3f9e01dcafce317ed736a391b0,85759b3811ff7dc47b03792ac85317be51431a3f9e01dcafce317ed736a391b0,44,44,,
"Pokémon Diamond Version (USA, ADAE, header ROM version 5)","Pokémon Pearl Version (USA, APAE, header ROM version 5)",/poketool/personal/evo.narc,equal,1,1,,,c72afce64c4141ddadd20a06ae177d1736e79fe7a1c88c4a2a52c2cf112915a6,c72afce64c4141ddadd20a06ae177d1736e79fe7a1c88c4a2a52c2cf112915a6,44,44,,
"Pokémon Diamond Version (USA, ADAE, header ROM version 5)","Pokémon Pearl Version (USA, APAE, header ROM version 5)",/poketool/personal/evo.narc,equal,2,2,,,dcf4958c371eb08c54a3e096b7b2ba2faf4186d89df73f0fffb2d3e47b40a770,dcf4958c371eb08c54a3e096b7b2ba2faf4186d89df73f0fffb2d3e47b40a770,44,44,,
"Pokémon Diamond Version (USA, ADAE, header ROM version 5)","Pokémon Pearl Version (USA, APAE, header ROM version 5)",/poketool/personal/evo.narc,equal,3,3,,,85759b3811ff7dc47b03792ac85317be51431a3f9e01dcafce317ed736a391b0,85759b3811ff7dc47b03792ac85317be51431a3f9e01dcafce317ed736a391b0,44,44,,
"Pokémon Diamond Version (USA, ADAE, header ROM version 5)","Pokémon Pearl Version (USA, APAE, header ROM version 5)",/poketool/personal/evo.narc,equal,4,4,,,c1dd231e878ed8fb60a3f38676d3492678cce6a740b446e54276af5be8535e4b,c1dd231e878ed8fb60a3f38676d3492678cce6a740b446e54276af5be8535e4b,44,44,,
"Pokémon Diamond Version (USA, ADAE, header ROM version 5)","Pokémon Pearl Version (USA, APAE, header ROM version 5)",/poketool/personal/evo.narc,equal,5,5,,,0b64be0cf52707d59a36516a89f0a85c5fec8d288c1bea57597c681041a1e64f,0b64be0cf52707d59a36516a89f0a85c5fec8d288c1bea57597c681041a1e64f,44,44,,
"Pokémon Diamond Version (USA, ADAE, header ROM version 5)","Pokémon Pearl Version (USA, APAE, header ROM version 5)",/poketool/personal/evo.narc,equal,6,6,,,85759b3811ff7dc47b03792ac85317be51431a3f9e01dcafce317ed736a391b0,85759b3811ff7dc47b03792ac85317be51431a3f9e01dcafce317ed736a391b0,44,44,,
"Pokémon Diamond Version (USA, ADAE, header ROM version 5)","Pokémon Pearl Version (USA, APAE, header ROM version 5)",/poketool/personal/evo.narc,equal,7,7,,,267e114ba2bab59e089fcbae1a3668a54f89c538676183e3550ea93b8acbc086,267e114ba2bab59e089fcbae1a3668a54f89c538676183e3550ea93b8acbc086,44,44,,
"Pokémon Diamond Version (USA, ADAE, header ROM version 5)","Pokémon Pearl Version (USA, APAE, header ROM version 5)",/poketool/personal/evo.narc,equal,8,8,,,66d57845b7376c97cf4d1e19fe962578cc9cec42dd740846265d34396ace1af8,66d57845b7376c97cf4d1e19fe962578cc9cec42dd740846265d34396ace1af8,44,44,,
"Pokémon Diamond Version (USA, ADAE, header ROM version 5)","Pokémon Pearl Version (USA, APAE, header ROM version 5)",/poketool/personal/evo.narc,equal,9,9,,,85759b3811ff7dc47b03792ac85317be51431a3f9e01dcafce317ed736a391b0,85759b3811ff7dc47b03792ac85317be51431a3f9e01dcafce317ed736a391b0,44,44,,
"Pokémon Diamond Version (USA, ADAE, header ROM version 5)","Pokémon Pearl Version (USA, APAE, header ROM version 5)",/poketool/personal/evo.narc,equal,10,10,,,54e1a943fbeff87b2db27dbe75528dd7a7053c31e5e930cd257ed58179ef6133,54e1a943fbeff87b2db27dbe75528dd7a7053c31e5e930cd257ed58179ef6133,44,44,,
"Pokémon Diamond Version (USA, ADAE, header ROM version 5)","Pokémon Pearl Version (USA, APAE, header ROM version 5)",/poketool/personal/evo.narc,equal,11,11,,,920388eaf68b19dfe1013ee509f996f939400e6b2eed2549173a4a46344e80fc,920388eaf68b19dfe1013ee509f996f939400e6b2eed2549173a4a46344e80fc,44,44,,
"Pokémon Diamond Version (USA, ADAE, header ROM version 5)","Pokémon Pearl Version (USA, APAE, header ROM version 5)",/poketool/personal/evo.narc,equal,12,12,,,85759b3811ff7dc47b03792ac85317be51431a3f9e01dcafce317ed736a391b0,85759b3811ff7dc47b03792ac85317be51431a3f9e01dcafce317ed736a391b0,44,44,,
"Pokémon Diamond Version (USA, ADAE, header ROM version 5)","Pokémon Pearl Version (USA, APAE, header ROM version 5)",/poketool/personal/evo.narc,equal,13,13,,,e426adce337e5d7d645accb01d12c8807cc9040bab1098dfedcafa908aa37f43,e426adce337e5d7d645accb01d12c8807cc9040bab1098dfedcafa908aa37f43,44,44,,
"Pokémon Diamond Version (USA, ADAE, header ROM version 5)","Pokémon Pearl Version (USA, APAE, header ROM version 5)",/poketool/personal/evo.narc,equal,14,14,,,1c4020fb78211c7c5c9289b3349d0947bc092ad2dafa4d2274c9f2b1d31f2995,1c4020fb78211c7c5c9289b3349d0947bc092ad2dafa4d2274c9f2b1d31f2995,44,44,,
"Pokémon Diamond Version (USA, ADAE, header ROM version 5)","Pokémon Pearl Version (USA, APAE, header ROM version 5)",/poketool/personal/evo.narc,equal,15,15,,,85759b3811ff7dc47b03792ac85317be51431a3f9e01dcafce317ed736a391b0,85759b3811ff7dc47b03792ac85317be51431a3f9e01dcafce317ed736a391b0,44,44,,
"Pokémon Diamond Version (USA, ADAE, header ROM version 5)","Pokémon Pearl Version (USA, APAE, header ROM version 5)",/poketool/personal/evo.narc,equal,16,16,,,dc7fcb42823cbdcf7c99051862b37a10ce99e6966550c8bfedad3b5955491fb1,dc7fcb42823cbdcf7c99051862b37a10ce99e6966550c8bfedad3b5955491fb1,44,44,,
"Pokémon Diamond Version (USA, ADAE, header ROM version 5)","Pokémon Pearl Version (USA, APAE, header ROM version 5)",/poketool/personal/evo.narc,equal,17,17,,,1ed494f307d492c1343379d6da2e3092bd33a576101eb3c9a2dd6b7d72e4a0f4,1ed494f307d492c1343379d6da2e3092bd33a576101eb3c9a2dd6b7d72e4a0f4,44,44,,
"Pokémon Diamond Version (USA, ADAE, header ROM version 5)","Pokémon Pearl Version (USA, APAE, header ROM version 5)",/poketool/personal/evo.narc,equal,18,18,,,85759b3811ff7dc47b03792ac85317be51431a3f9e01dcafce317ed736a391b0,85759b3811ff7dc47b03792ac85317be51431a3f9e01dcafce317ed736a391b0,44,44,,
"Pokémon Diamond Version (USA, ADAE, header ROM version 5)","Pokémon Pearl Version (USA, APAE, header ROM version 5)",/poketool/personal/evo.narc,equal,19,19,,,2e6d74ea08f9f49ece7f194d4f153254f14646119698cb351744f4b92992ee83,2e6d74ea08f9f49ece7f194d4f153254f14646119698cb351744f4b92992ee83,44,44,,
"Pokémon Diamond Version (USA, ADAE, header ROM version 5)","Pokémon Pearl Version (USA, APAE, header ROM version 5)",/poketool/personal/evo.narc,equal,20,20,,,85759b3811ff7dc47b03792ac85317be51431a3f9e01dcafce317ed736a391b0,85759b3811ff7dc47b03792ac85317be51431a3f9e01dcafce317ed736a391b0,44,44,,
"Pokémon Diamond Version (USA, ADAE, header ROM version 5)","Pokémon Pearl Version (USA, APAE, header ROM version 5)",/poketool/personal/evo.narc,equal,21,21,,,2c8fdec994da7a7314659bd5af0a009848bbd1f85fe38fa45993a28206f9d3c4,2c8fdec994da7a7314659bd5af0a009848bbd1f85fe38fa45993a28206f9d3c4,44,44,,
"Pokémon Diamond Version (USA, ADAE, header ROM version 5)","Pokémon Pearl Version (USA, APAE, header ROM version 5)",/poketool/personal/evo.narc,equal,22,22,,,85759b3811ff7dc47b03792ac85317be51431a3f9e01dcafce317ed736a391b0,85759b3811ff7dc47b03792ac85317be51431a3f9e01dcafce317ed736a391b0,44,44,,
"Pokémon Diamond Version (USA, ADAE, header ROM version 5)","Pokémon Pearl Version (USA, APAE, header ROM version 5)",/poketool/personal/evo.narc,equal,23,23,,,808f8b60cb356236788c030a5254ea31c8050f9d5d6494b99c7ec0b5d6f76657,808f8b60cb356236788c030a5254ea31c8050f9d5d6494b99c7ec0b5d6f76657,44,44,,
"Pokémon Diamond Version (USA, ADAE, header ROM version 5)","Pokémon Pearl Version (USA, APAE, header ROM version 5)",/poketool/personal/evo.narc,equal,24,24,,,85759b3811ff7dc47b03792ac85317be51431a3f9e01dcafce317ed736a391b0,85759b3811ff7dc47b03792ac85317be51431a3f9e01dcafce317ed736a391b0,44,44,,
"Pokémon Diamond Version (USA, ADAE, header ROM version 5)","Pokémon Pearl Version (USA, APAE, header ROM version 5)",/poketool/personal/evo.narc,equal,25,25,,,cb749cc98ff0b30bfd8496597c3718a95397e86a378d9b1c81748a951509f0ad,cb749cc98ff0b30bfd8496597c3718a95397e86a378d9b1c81748a951509f0ad,44,44,,
"Pokémon Diamond Version (USA, ADAE, header ROM version 5)","Pokémon Pearl Version (USA, APAE, header ROM version 5)",/poketool/personal/evo.narc,equal,26,26,,,85759b3811ff7dc47b03792ac85317be51431a3f9e01dcafce317ed736a391b0,85759b3811ff7dc47b03792ac85317be51431a3f9e01dcafce317ed736a391b0,44,44,,
"Pokémon Diamond Version (USA, ADAE, header ROM version 5)","Pokémon Pearl Version (USA, APAE, header ROM version 5)",/poketool/personal/evo.narc,equal,27,27,,,a7ec8a759700a327195553d7c62d1dead5ba16fd8f9db2655694d14d4da4f535,a7ec8a759700a327195553d7c62d1dead5ba16fd8f9db2655694d14d4da4f535,44,44,,
"Pokémon Diamond Version (USA, ADAE, header ROM version 5)","Pokémon Pearl Version (USA, APAE, header ROM version 5)",/poketool/personal/evo.narc,equal,28,28,,,85759b3811ff7dc47b03792ac85317be51431a3f9e01dcafce317ed736a391b0,85759b3811ff7dc47b03792ac85317be51431a3f9e01dcafce317ed736a391b0,44,44,,
"Pokémon Diamond Version (USA, ADAE, header ROM version 5)","Pokémon Pearl Version (USA, APAE, header ROM version 5)",/poketool/personal/evo.narc,equal,29,29,,,0b2160803c95b5b6a006fa038aa990ae0d9df6dc6e747fff24abfebebaaefcd4,0b2160803c95b5b6a006fa038aa990ae0d9df6dc6e747fff24abfebebaaefcd4,44,44,,
"Pokémon Diamond Version (USA, ADAE, header ROM version 5)","Pokémon Pearl Version (USA, APAE, header ROM version 5)",/poketool/personal/evo.narc,equal,30,30,,,c1895ed5c3f4b648a93d8e7db65012a97d935adda0a0ecfb5eefd6904c67ff84,c1895ed5c3f4b648a93d8e7db65012a97d935adda0a0ecfb5eefd6904c67ff84,44,44,,
"Pokémon Diamond Version (USA, ADAE, header ROM version 5)","Pokémon Pearl Version (USA, APAE, header ROM version 5)",/poketool/personal/evo.narc,equal,31,31,,,85759b3811ff7dc47b03792ac85317be51431a3f9e01dcafce317ed736a391b0,85759b3811ff7dc47b03792ac85317be51431a3f9e01dcafce317ed736a391b0,44,44,,
"Pokémon Diamond Version (USA, ADAE, header ROM version 5)","Pokémon Pearl Version (USA, APAE, header ROM version 5)",/poketool/personal/evo.narc,equal,32,32,,,cbb71a58f075c565e08267cc0b6883c1f701975df5b7989acdbc403eefdebeca,cbb71a58f075c565e08267cc0b6883c1f701975df5b7989acdbc403eefdebeca,44,44,,
"Pokémon Diamond Version (USA, ADAE, header ROM version 5)","Pokémon Pearl Version (USA, APAE, header ROM version 5)",/poketool/personal/evo.narc,equal,33,33,,,fc80d2db1cb8278c159c034f5eec4a39cc27848c8d6b2232165ea42bb3aa3968,fc80d2db1cb8278c159c034f5eec4a39cc27848c8d6b2232165ea42bb3aa3968,44,44,,
"Pokémon Diamond Version (USA, ADAE, header ROM version 5)","Pokémon Pearl Version (USA, APAE, header ROM version 5)",/poketool/personal/evo.narc,equal,34,34,,,85759b3811ff7dc47b03792ac85317be51431a3f9e01dcafce317ed736a391b0,85759b3811ff7dc47b03792ac85317be51431a3f9e01dcafce317ed736a391b0,44,44,,
"Pokémon Diamond Version (USA, ADAE, header ROM version 5)","Pokémon Pearl Version (USA, APAE, header ROM version 5)",/poketool/personal/evo.narc,equal,35,35,,,2d1971312bc7168b856723d00f770c0a38b57df9eb1609a71ad9e8728721232f,2d1971312bc7168b856723d00f770c0a38b57df9eb1609a71ad9e8728721232f,44,44,,
"Pokémon Diamond Version (USA, ADAE, header ROM version 5)","Pokémon Pearl Version (USA, APAE, header ROM version 5)",/poketool/personal/evo.narc,equal,36,36,,,85759b3811ff7dc47b03792ac85317be51431a3f9e01dcafce317ed736a391b0,85759b3811ff7dc47b03792ac85317be51431a3f9e01dcafce317ed736a391b0,44,44,,
"Pokémon Diamond Version (USA, ADAE, header ROM version 5)","Pokémon Pearl Version (USA, APAE, header ROM version 5)",/poketool/personal/evo.narc,equal,37,37,,,6e9d2c4dfd9b0f73c07210cc2d6e2cd59d29a0bccd92cf2314fb6639064071b1,6e9d2c4dfd9b0f73c07210cc2d6e2cd59d29a0bccd92cf2314fb6639064071b1,44,44,,
"Pokémon Diamond Version (USA, ADAE, header ROM version 5)","Pokémon Pearl Version (USA, APAE, header ROM version 5)",/poketool/personal/evo.narc,equal,38,38,,,85759b3811ff7dc47b03792ac85317be51431a3f9e01dcafce317ed736a391b0,85759b3811ff7dc47b03792ac85317be51431a3f9e01dcafce317ed736a391b0,44,44,,
"Pokémon Diamond Version (USA, ADAE, header ROM version 5)","Pokémon Pearl Version (USA, APAE, header ROM version 5)",/poketool/personal/evo.narc,equal,39,39,,,6f8d9765a9dfa0d753e3b61f6e7c98386fcd469f0bb12f016d883a722d69a18a,6f8d9765a9dfa0d753e3b61f6e7c98386fcd469f0bb12f016d883a722d69a18a,44,44,,
"Pokémon Diamond Version (USA, ADAE, header ROM version 5)","Pokémon Pearl Version (USA, APAE, header ROM version 5)",/poketool/personal/evo.narc,equal,40,40,,,85759b3811ff7dc47b03792ac85317be51431a3f9e01dcafce317ed736a391b0,85759b3811ff7dc47b03792ac85317be51431a3f9e01dcafce317ed736a391b0,44,44,,
"Pokémon Diamond Version (USA, ADAE, header ROM version 5)","Pokémon Pearl Version (USA, APAE, header ROM version 5)",/poketool/personal/evo.narc,equal,41,41,,,bf4f3e85bf97fbead3bf123bbc8811e4e8323d33c323984482df6d3e6242dc3b,bf4f3e85bf97fbead3bf123bbc8811e4e8323d33c323984482df6d3e6242dc3b,44,44,,
"Pokémon Diamond Version (USA, ADAE, header ROM version 5)","Pokémon Pearl Version (USA, APAE, header ROM version 5)",/poketool/personal/evo.narc,equal,42,42,,,6a031b75ffee63ab5cc14b352a810fdce0c438df5c841e0bae51e1b21c490ad5,6a031b75ffee63ab5cc14b352a810fdce0c438df5c841e0bae51e1b21c490ad5,44,44,,
"Pokémon Diamond Version (USA, ADAE, header ROM version 5)","Pokémon Pearl Version (USA, APAE, header ROM version 5)",/poketool/personal/evo.narc,equal,43,43,,,e2653a6b0f317416760aed918e27d3fc7bc282dffab8a240b9a447eade445ddf,e2653a6b0f317416760aed918e27d3fc7bc282dffab8a240b9a447eade445ddf,44,44,,
"Pokémon Diamond Version (USA, ADAE, header ROM version 5)","Pokémon Pearl Version (USA, APAE, header ROM version 5)",/poketool/personal/evo.narc,equal,44,44,,,b53e3a6be578a239aa8dbcca18dff95f2bfdb67245aaf867df382af3ecc09bb1,b53e3a6be578a239aa8dbcca18dff95f2bfdb67245aaf867df382af3ecc09bb1,44,44,,
"Pokémon Diamond Version (USA, ADAE, header ROM version 5)","Pokémon Pearl Version (USA, APAE, header ROM version 5)",/poketool/personal/evo.narc,equal,45,45,,,85759b3811ff7dc47b03792ac85317be51431a3f9e01dcafce317ed736a391b0,85759b3811ff7dc47b03792ac85317be51431a3f9e01dcafce317ed736a391b0,44,44,,
"Pokémon Diamond Version (USA, ADAE, header ROM version 5)","Pokémon Pearl Version (USA, APAE, header ROM version 5)",/poketool/personal/evo.narc,equal,46,46,,,dbd2635936d636d93b40758a974062bf7d85dab2ba8a86c363cdc8ce83119f57,dbd2635936d636d93b40758a974062bf7d85dab2ba8a86c363cdc8ce83119f57,44,44,,
"Pokémon Diamond Version (USA, ADAE, header ROM version 5)","Pokémon Pearl Version (USA, APAE, header ROM version 5)",/poketool/personal/evo.narc,equal,47,47,,,85759b3811ff7dc47b03792ac85317be51431a3f9e01dcafce317ed736a391b0,85759b3811ff7dc47b03792ac85317be51431a3f9e01dcafce317ed736a391b0,44,44,,
"Pokémon Diamond Version (USA, ADAE, header ROM version 5)","Pokémon Pearl Version (USA, APAE, header ROM version 5)",/poketool/personal/evo.narc,equal,48,48,,,acef12003a994eb0fab851ed86258fefd0f54d003807f268c94f49a3e76199a9,acef12003a994eb0fab851ed86258fefd0f54d003807f268c94f49a3e76199a9,44,44,,
"Pokémon Diamond Version (USA, ADAE, header ROM version 5)","Pokémon Pearl Version (USA, APAE, header ROM version 5)",/poketool/personal/evo.narc,equal,49,49,,,85759b3811ff7dc47b03792ac85317be51431a3f9e01dcafce317ed736a391b0,85759b3811ff7dc47b03792ac85317be51431a3f9e01dcafce317ed736a391b0,44,44,,
"Pokémon Diamond Version (USA, ADAE, header ROM version 5)","Pokémon Pearl Version (USA, APAE, header ROM version 5)",/poketool/personal/evo.narc,equal,50,50,,,7fef663a9c55f05148bae0a9b0abd58e09b7780180d4ce49f5ad8ad9ca39cdea,7fef663a9c55f05148bae0a9b0abd58e09b7780180d4ce49f5ad8ad9ca39cdea,44,44,,
"Pokémon Diamond Version (USA, ADAE, header ROM version 5)","Pokémon Pearl Version (USA, APAE, header ROM version 5)",/poketool/personal/evo.narc,equal,51,51,,,85759b3811ff7dc47b03792ac85317be51431a3f9e01dcafce317ed736a391b0,85759b3811ff7dc47b03792ac85317be51431a3f9e01dcafce317ed736a391b0,44,44,,
"Pokémon Diamond Version (USA, ADAE, header ROM version 5)","Pokémon Pearl Version (USA, APAE, header ROM version 5)",/poketool/personal/evo.narc,equal,52,52,,,f495afd7c195f35608a92b04159f818f65600cafbb911788c66d0ff8b33b7d74,f495afd7c195f35608a92b04159f818f65600cafbb911788c66d0ff8b33b7d74,44,44,,
"Pokémon Diamond Version (USA, ADAE, header ROM version 5)","Pokémon Pearl Version (USA, APAE, header ROM version 5)",/poketool/personal/evo.narc,equal,53,53,,,85759b3811ff7dc47b03792ac85317be51431a3f9e01dcafce317ed736a391b0,85759b3811ff7dc47b03792ac85317be51431a3f9e01dcafce317ed736a391b0,44,44,,
"Pokémon Diamond Version (USA, ADAE, header ROM version 5)","Pokémon Pearl Version (USA, APAE, header ROM version 5)",/poketool/personal/evo.narc,equal,54,54,,,b3968abf3f32322aeb40242ff0153f8503577a14074d7958b16cf55cddb56d3e,b3968abf3f32322aeb40242ff0153f8503577a14074d7958b16cf55cddb56d3e,44,44,,
"Pokémon Diamond Version (USA, ADAE, header ROM version 5)","Pokémon Pearl Version (USA, APAE, header ROM version 5)",/poketool/personal/evo.narc,equal,55,55,,,85759b3811ff7dc47b03792ac85317be51431a3f9e01dcafce317ed736a391b0,85759b3811ff7dc47b03792ac85317be51431a3f9e01dcafce317ed736a391b0,44,44,,
"Pokémon Diamond Version (USA, ADAE, header ROM version 5)","Pokémon Pearl Version (USA, APAE, header ROM version 5)",/poketool/personal/evo.narc,equal,56,56,,,bb3edacc1784f94a5012c4cc70dcde9dcaf8334cc42cb183af7a9449cdad01f2,bb3edacc1784f94a5012c4cc70dcde9dcaf8334cc42cb183af7a9449cdad01f2,44,44,,
"Pokémon Diamond Version (USA, ADAE, header ROM version 5)","Pokémon Pearl Version (USA, APAE, header ROM version 5)",/poketool/personal/evo.narc,equal,57,57,,,85759b3811ff7dc47b03792ac85317be51431a3f9e01dcafce317ed736a391b0,85759b3811ff7dc47b03792ac85317be51431a3f9e01dcafce317ed736a391b0,44,44,,
"Pokémon Diamond Version (USA, ADAE, header ROM version 5)","Pokémon Pearl Version (USA, APAE, header ROM version 5)",/poketool/personal/evo.narc,equal,58,58,,,88870d1d21ab8a17f48857d980f7e10ed4045aacd1f0bcd6e91e5ea4c26424bb,88870d1d21ab8a17f48857d980f7e10ed4045aacd1f0bcd6e91e5ea4c26424bb,44,44,,
"Pokémon Diamond Version (USA, ADAE, header ROM version 5)","Pokémon Pearl Version (USA, APAE, header ROM version 5)",/poketool/personal/evo.narc,equal,59,59,,,85759b3811ff7dc47b03792ac85317be51431a3f9e01dcafce317ed736a391b0,85759b3811ff7dc47b03792ac85317be51431a3f9e01dcafce317ed736a391b0,44,44,,
"Pokémon Diamond Version (USA, ADAE, header ROM version 5)","Pokémon Pearl Version (USA, APAE, header ROM version 5)",/poketool/personal/evo.narc,equal,60,60,,,5d8365e2ded9d57c94bf08b8e84f899a4c6a4008065a695d901f9da3ab219c9d,5d8365e2ded9d57c94bf08b8e84f899a4c6a4008065a695d901f9da3ab219c9d,44,44,,
"Pokémon Diamond Version (USA, ADAE, header ROM version 5)","Pokémon Pearl Version (USA, APAE, header ROM version 5)",/poketool/personal/evo.narc,equal,61,61,,,682eba0d5c44aac9bc321a1c8516e6fea7092efcf40f463375b0fa5757cdd8d4,682eba0d5c44aac9bc321a1c8516e6fea7092efcf40f463375b0fa5757cdd8d4,44,44,,
"Pokémon Diamond Version (USA, ADAE, header ROM version 5)","Pokémon Pearl Version (USA, APAE, header ROM version 5)",/poketool/personal/evo.narc,equal,62,62,,,85759b3811ff7dc47b03792ac85317be51431a3f9e01dcafce317ed736a391b0,85759b3811ff7dc47b03792ac85317be51431a3f9e01dcafce317ed736a391b0,44,44,,
"Pokémon Diamond Version (USA, ADAE, header ROM version 5)","Pokémon Pearl Version (USA, APAE, header ROM version 5)",/poketool/personal/evo.narc,equal,63,63,,,634bb0e5158328a47674f3a93be9ef5a888823a61a73d46361e9455bec43e073,634bb0e5158328a47674f3a93be9ef5a888823a61a73d46361e9455bec43e073,44,44,,
"Pokémon Diamond Version (USA, ADAE, header ROM version 5)","Pokémon Pearl Version (USA, APAE, header ROM version 5)",/poketool/personal/evo.narc,equal,64,64,,,f5baf7425130283148f29eb3a74ba5d6fa753510d8c097df3e4f1205a61a7223,f5baf7425130283148f29eb3a74ba5d6fa753510d8c097df3e4f1205a61a7223,44,44,,
"Pokémon Diamond Version (USA, ADAE, header ROM version 5)","Pokémon Pearl Version (USA, APAE, header ROM version 5)",/poketool/personal/evo.narc,equal,65,65,,,85759b3811ff7dc47b03792ac85317be51431a3f9e01dcafce317ed736a391b0,85759b3811ff7dc47b03792ac85317be51431a3f9e01dcafce317ed736a391b0,44,44,,
"Pokémon Diamond Version (USA, ADAE, header ROM version 5)","Pokémon Pearl Version (USA, APAE, header ROM version 5)",/poketool/personal/evo.narc,equal,66,66,,,31244e2612162d02ee3fb694e579c22d6b1173cd2580e252731a60264d07f2ae,31244e2612162d02ee3fb694e579c22d6b1173cd2580e252731a60264d07f2ae,44,44,,
"Pokémon Diamond Version (USA, ADAE, header ROM version 5)","Pokémon Pearl Version (USA, APAE, header ROM version 5)",/poketool/personal/evo.narc,equal,67,67,,,2377757d9bebd60209de3eaa8f40266e254df0f579cb97d1396e5386e94b632b,2377757d9bebd60209de3eaa8f40266e254df0f579cb97d1396e5386e94b632b,44,44,,
"Pokémon Diamond Version (USA, ADAE, header ROM version 5)","Pokémon Pearl Version (USA, APAE, header ROM version 5)",/poketool/personal/evo.narc,equal,68,68,,,85759b3811ff7dc47b03792ac85317be51431a3f9e01dcafce317ed736a391b0,85759b3811ff7dc47b03792ac85317be51431a3f9e01dcafce317ed736a391b0,44,44,,
"Pokémon Diamond Version (USA, ADAE, header ROM version 5)","Pokémon Pearl Version (USA, APAE, header ROM version 5)",/poketool/personal/evo.narc,equal,69,69,,,892283d31eeaf55e44a05f5ecf9a4e7bc7be9d1f6f10ca0b618aa4f5a9654308,892283d31eeaf55e44a05f5ecf9a4e7bc7be9d1f6f10ca0b618aa4f5a9654308,44,44,,
"Pokémon Diamond Version (USA, ADAE, header ROM version 5)","Pokémon Pearl Version (USA, APAE, header ROM version 5)",/poketool/personal/evo.narc,equal,70,70,,,490af392d75373ec90bc32e2d9d60d7ee30effebf0829e1a01bf7979f28c692f,490af392d75373ec90bc32e2d9d60d7ee30effebf0829e1a01bf7979f28c692f,44,44,,
"Pokémon Diamond Version (USA, ADAE, header ROM version 5)","Pokémon Pearl Version (USA, APAE, header ROM version 5)",/poketool/personal/evo.narc,equal,71,71,,,85759b3811ff7dc47b03792ac85317be51431a3f9e01dcafce317ed736a391b0,85759b3811ff7dc47b03792ac85317be51431a3f9e01dcafce317ed736a391b0,44,44,,
"Pokémon Diamond Version (USA, ADAE, header ROM version 5)","Pokémon Pearl Version (USA, APAE, header ROM version 5)",/poketool/personal/evo.narc,equal,72,72,,,074b14fbe40412179216ea6d85775c7606961c65806c4dce8398c350f650ad13,074b14fbe40412179216ea6d85775c7606961c65806c4dce8398c350f650ad13,44,44,,
"Pokémon Diamond Version (USA, ADAE, header ROM version 5)","Pokémon Pearl Version (USA, APAE, header ROM version 5)",/poketool/personal/evo.narc,equal,73,73,,,85759b3811ff7dc47b03792ac85317be51431a3f9e01dcafce317ed736a391b0,85759b3811ff7dc47b03792ac85317be51431a3f9e01dcafce317ed736a391b0,44,44,,
"Pokémon Diamond Version (USA, ADAE, header ROM version 5)","Pokémon Pearl Version (USA, APAE, header ROM version 5)",/poketool/personal/evo.narc,equal,74,74,,,e149705339f182f571ce770090043693f985f506d6def4e64a05316ffdd603f2,e149705339f182f571ce770090043693f985f506d6def4e64a05316ffdd603f2,44,44,,
"Pokémon Diamond Version (USA, ADAE, header ROM version 5)","Pokémon Pearl Version (USA, APAE, header ROM version 5)",/poketool/personal/evo.narc,equal,75,75,,,62e516bc4925a952eaa88abbe047ae454242ec8e4501efb2234a6b8ac3cbf930,62e516bc4925a952eaa88abbe047ae454242ec8e4501efb2234a6b8ac3cbf930,44,44,,
"Pokémon Diamond Version (USA, ADAE, header ROM version 5)","Pokémon Pearl Version (USA, APAE, header ROM version 5)",/poketool/personal/evo.narc,equal,76,76,,,85759b3811ff7dc47b03792ac85317be51431a3f9e01dcafce317ed736a391b0,85759b3811ff7dc47b03792ac85317be51431a3f9e01dcafce317ed736a391b0,44,44,,
"Pokémon Diamond Version (USA, ADAE, header ROM version 5)","Pokémon Pearl Version (USA, APAE, header ROM version 5)",/poketool/personal/evo.narc,equal,77,77,,,981e8f17ea30d3dd480ac64287f605e26962e6252ac76934faa0e099604eec4f,981e8f17ea30d3dd480ac64287f605e26962e6252ac76934faa0e099604eec4f,44,44,,
"Pokémon Diamond Version (USA, ADAE, header ROM version 5)","Pokémon Pearl Version (USA, APAE, header ROM version 5)",/poketool/personal/evo.narc,equal,78,78,,,85759b3811ff7dc47b03792ac85317be51431a3f9e01dcafce317ed736a391b0,85759b3811ff7dc47b03792ac85317be51431a3f9e01dcafce317ed736a391b0,44,44,,
"Pokémon Diamond Version (USA, ADAE, header ROM version 5)","Pokémon Pearl Version (USA, APAE, header ROM version 5)",/poketool/personal/evo.narc,equal,79,79,,,4c99881747182b18aa434fa4d08c23c3a09a66b3dd5719ebf32fbc03e6773031,4c99881747182b18aa434fa4d08c23c3a09a66b3dd5719ebf32fbc03e6773031,44,44,,
"Pokémon Diamond Version (USA, ADAE, header ROM version 5)","Pokémon Pearl Version (USA, APAE, header ROM version 5)",/poketool/personal/evo.narc,equal,80,80,,,85759b3811ff7dc47b03792ac85317be51431a3f9e01dcafce317ed736a391b0,85759b3811ff7dc47b03792ac85317be51431a3f9e01dcafce317ed736a391b0,44,44,,
"Pokémon Diamond Version (USA, ADAE, header ROM version 5)","Pokémon Pearl Version (USA, APAE, header ROM version 5)",/poketool/personal/evo.narc,equal,81,81,,,4172a0ccfa8dc07a6d6608382aec1d1486eec489fe9d676c50712e3e80a81692,4172a0ccfa8dc07a6d6608382aec1d1486eec489fe9d676c50712e3e80a81692,44,44,,
"Pokémon Diamond Version (USA, ADAE, header ROM version 5)","Pokémon Pearl Version (USA, APAE, header ROM version 5)",/poketool/personal/evo.narc,equal,82,82,,,528dc332a20dbcc1613ef18f2f20d2329990d23ca4473899531fafd90c917bf0,528dc332a20dbcc1613ef18f2f20d2329990d23ca4473899531fafd90c917bf0,44,44,,
"Pokémon Diamond Version (USA, ADAE, header ROM version 5)","Pokémon Pearl Version (USA, APAE, header ROM version 5)",/poketool/personal/evo.narc,equal,83,83,,,85759b3811ff7dc47b03792ac85317be51431a3f9e01dcafce317ed736a391b0,85759b3811ff7dc47b03792ac85317be51431a3f9e01dcafce317ed736a391b0,44,44,,
"Pokémon Diamond Version (USA, ADAE, header ROM version 5)","Pokémon Pearl Version (USA, APAE, header ROM version 5)",/poketool/personal/evo.narc,equal,84,84,,,d9487bfe8635ef6a57b78a607eccebcaac863d91eb6144a5876442b12b54fcef,d9487bfe8635ef6a57b78a607eccebcaac863d91eb6144a5876442b12b54fcef,44,44,,
"Pokémon Diamond Version (USA, ADAE, header ROM version 5)","Pokémon Pearl Version (USA, APAE, header ROM version 5)",/poketool/personal/evo.narc,equal,85,85,,,85759b3811ff7dc47b03792ac85317be51431a3f9e01dcafce317ed736a391b0,85759b3811ff7dc47b03792ac85317be51431a3f9e01dcafce317ed736a391b0,44,44,,
"Pokémon Diamond Version (USA, ADAE, header ROM version 5)","Pokémon Pearl Version (USA, APAE, header ROM version 5)",/poketool/personal/evo.narc,equal,86,86,,,a272c6b0a218609210ebf19e5f3b84fd65886d834adc15e52d43a255a0b34483,a272c6b0a218609210ebf19e5f3b84fd65886d834adc15e52d43a255a0b34483,44,44,,
"Pokémon Diamond Version (USA, ADAE, header ROM version 5)","Pokémon Pearl Version (USA, APAE, header ROM version 5)",/poketool/personal/evo.narc,equal,87,87,,,85759b3811ff7dc47b03792ac85317be51431a3f9e01dcafce317ed736a391b0,85759b3811ff7dc47b03792ac85317be51431a3f9e01dcafce317ed736a391b0,44,44,,
"Pokémon Diamond Version (USA, ADAE, header ROM version 5)","Pokémon Pearl Version (USA, APAE, header ROM version 5)",/poketool/personal/evo.narc,equal,88,88,,,7ec6e0cb5ea97f2e8be8f6777a95b93e27a9a987d6f2f340d6255a46864229f7,7ec6e0cb5ea97f2e8be8f6777a95b93e27a9a987d6f2f340d6255a46864229f7,44,44,,
"Pokémon Diamond Version (USA, ADAE, header ROM version 5)","Pokémon Pearl Version (USA, APAE, header ROM version 5)",/poketool/personal/evo.narc,equal,89,89,,,85759b3811ff7dc47b03792ac85317be51431a3f9e01dcafce317ed736a391b0,85759b3811ff7dc47b03792ac85317be51431a3f9e01dcafce317ed736a391b0,44,44,,
"Pokémon Diamond Version (USA, ADAE, header ROM version 5)","Pokémon Pearl Version (USA, APAE, header ROM version 5)",/poketool/personal/evo.narc,equal,90,90,,,ce52dc9460a852aa6606a77aeaf60a5872a5994c01d7c1f2549ad426dcbb126f,ce52dc9460a852aa6606a77aeaf60a5872a5994c01d7c1f2549ad426dcbb126f,44,44,,
"Pokémon Diamond Version (USA, ADAE, header ROM version 5)","Pokémon Pearl Version (USA, APAE, header ROM version 5)",/poketool/personal/evo.narc,equal,91,91,,,85759b3811ff7dc47b03792ac85317be51431a3f9e01dcafce317ed736a391b0,85759b3811ff7dc47b03792ac85317be51431a3f9e01dcafce317ed736a391b0,44,44,,
"Pokémon Diamond Version (USA, ADAE, header ROM version 5)","Pokémon Pearl Version (USA, APAE, header ROM version 5)",/poketool/personal/evo.narc,equal,92,92,,,d9da07ad96fa4a392277f3d127e4248f0fc6171f7321d7cce4c172f9160f4fc5,d9da07ad96fa4a392277f3d127e4248f0fc6171f7321d7cce4c172f9160f4fc5,44,44,,
"Pokémon Diamond Version (USA, ADAE, header ROM version 5)","Pokémon Pearl Version (USA, APAE, header ROM version 5)",/poketool/personal/evo.narc,equal,93,93,,,d227c2c874309c0fc9e371ed126a81bba9a143f9e9e0eed86a23ed854cac8b0d,d227c2c874309c0fc9e371ed126a81bba9a143f9e9e0eed86a23ed854cac8b0d,44,44,,
"Pokémon Diamond Version (USA, ADAE, header ROM version 5)","Pokémon Pearl Version (USA, APAE, header ROM version 5)",/poketool/personal/evo.narc,equal,94,94,,,85759b3811ff7dc47b03792ac85317be51431a3f9e01dcafce317ed736a391b0,85759b3811ff7dc47b03792ac85317be51431a3f9e01dcafce317ed736a391b0,44,44,,
"Pokémon Diamond Version (USA, ADAE, header ROM version 5)","Pokémon Pearl Version (USA, APAE, header ROM version 5)",/poketool/personal/evo.narc,equal,95,95,,,5a56d1f77773917fc99eac8d812df3dc1e285bcca02f0504f75b6147fa2ee683,5a56d1f77773917fc99eac8d812df3dc1e285bcca02f0504f75b6147fa2ee683,44,44,,
"Pokémon Diamond Version (USA, ADAE, header ROM version 5)","Pokémon Pearl Version (USA, APAE, header ROM version 5)",/poketool/personal/evo.narc,equal,96,96,,,897be8b7e31f65e01051bf9df738bf1f882abe56b8bfbe66665e8dafec63842b,897be8b7e31f65e01051bf9df738bf1f882abe56b8bfbe66665e8dafec63842b,44,44,,
"Pokémon Diamond Version (USA, ADAE, header ROM version 5)","Pokémon Pearl Version (USA, APAE, header ROM version 5)",/poketool/personal/evo.narc,equal,97,97,,,85759b3811ff7dc47b03792ac85317be51431a3f9e01dcafce317ed736a391b0,85759b3811ff7dc47b03792ac85317be51431a3f9e01dcafce317ed736a391b0,44,44,,
"Pokémon Diamond Version (USA, ADAE, header ROM version 5)","Pokémon Pearl Version (USA, APAE, header ROM version 5)",/poketool/personal/evo.narc,equal,98,98,,,365925700f68c6eea78e192eb96b85d54f2fdd1b787139882a4e86a01a8760de,365925700f68c6eea78e192eb96b85d54f2fdd1b787139882a4e86a01a8760de,44,44,,
"Pokémon Diamond Version (USA, ADAE, header ROM version 5)","Pokémon Pearl Version (USA, APAE, header ROM version 5)",/poketool/personal/evo.narc,equal,99,99,,,85759b3811ff7dc47b03792ac85317be51431a3f9e01dcafce317ed736a391b0,85759b3811ff7dc47b03792ac85317be51431a3f9e01dcafce317ed736a391b0,44,44,,
"Pokémon Diamond Version (USA, ADAE, header ROM version 5)","Pokémon Pearl Version (USA, APAE, header ROM version 5)",/poketool/personal/evo.narc,equal,100,100,,,29faf7244b48981b0cb64a50cc4c013e0001e2f75711cc11161cc7e5d9771ac4,29faf7244b48981b0cb64a50cc4c013e0001e2f75711cc11161cc7e5d9771ac4,44,44,,
"Pokémon Diamond Version (USA, ADAE, header ROM version 5)","Pokémon Pearl Version (USA, APAE, header ROM version 5)",/poketool/personal/evo.narc,equal,101,101,,,85759b3811ff7dc47b03792ac85317be51431a3f9e01dcafce317ed736a391b0,85759b3811ff7dc47b03792ac85317be51431a3f9e01dcafce317ed736a391b0,44,44,,
"Pokémon Diamond Version (USA, ADAE, header ROM version 5)","Pokémon Pearl Version (USA, APAE, header ROM version 5)",/poketool/personal/evo.narc,equal,102,102,,,c486b5cfacc0f1e9f19ea09a75329cda62ae0442402eb857ebaaf843f1fc6842,c486b5cfacc0f1e9f19ea09a75329cda62ae0442402eb857ebaaf843f1fc6842,44,44,,
"Pokémon Diamond Version (USA, ADAE, header ROM version 5)","Pokémon Pearl Version (USA, APAE, header ROM version 5)",/poketool/personal/evo.narc,equal,103,103,,,85759b3811ff7dc47b03792ac85317be51431a3f9e01dcafce317ed736a391b0,85759b3811ff7dc47b03792ac85317be51431a3f9e01dcafce317ed736a391b0,44,44,,
"Pokémon Diamond Version (USA, ADAE, header ROM version 5)","Pokémon Pearl Version (USA, APAE, header ROM version 5)",/poketool/personal/evo.narc,equal,104,104,,,037a0e0a1c0e6e2b264213d28b63c5f046ee90798d7efe8019a08b55ac8e03b1,037a0e0a1c0e6e2b264213d28b63c5f046ee90798d7efe8019a08b55ac8e03b1,44,44,,
"Pokémon Diamond Version (USA, ADAE, header ROM version 5)","Pokémon Pearl Version (USA, APAE, header ROM version 5)",/poketool/personal/evo.narc,equal,105,105,,,85759b3811ff7dc47b03792ac85317be51431a3f9e01dcafce317ed736a391b0,85759b3811ff7dc47b03792ac85317be51431a3f9e01dcafce317ed736a391b0,44,44,,
"Pokémon Diamond Version (USA, ADAE, header ROM version 5)","Pokémon Pearl Version (USA, APAE, header ROM version 5)",/poketool/personal/evo.narc,equal,106,106,,,85759b3811ff7dc47b03792ac85317be51431a3f9e01dcafce317ed736a391b0,85759b3811ff7dc47b03792ac85317be51431a3f9e01dcafce317ed736a391b0,44,44,,
"Pokémon Diamond Version (USA, ADAE, header ROM version 5)","Pokémon Pearl Version (USA, APAE, header ROM version 5)",/poketool/personal/evo.narc,equal,107,107,,,85759b3811ff7dc47b03792ac85317be51431a3f9e01dcafce317ed736a391b0,85759b3811ff7dc47b03792ac85317be51431a3f9e01dcafce317ed736a391b0,44,44,,
"Pokémon Diamond Version (USA, ADAE, header ROM version 5)","Pokémon Pearl Version (USA, APAE, header ROM version 5)",/poketool/personal/evo.narc,equal,108,108,,,2ecec2172a7a2798f0ed7a4af26fcb4aece9eaa52cb7f33761603fef888cd22f,2ecec2172a7a2798f0ed7a4af26fcb4aece9eaa52cb7f33761603fef888cd22f,44,44,,
"Pokémon Diamond Version (USA, ADAE, header ROM version 5)","Pokémon Pearl Version (USA, APAE, header ROM version 5)",/poketool/personal/evo.narc,equal,109,109,,,2ec35764cfe81b3d04d74aa225d04a84fedf0fea03c39cbf38edba7f4c09e853,2ec35764cfe81b3d04d74aa225d04a84fedf0fea03c39cbf38edba7f4c09e853,44,44,,
"Pokémon Diamond Version (USA, ADAE, header ROM version 5)","Pokémon Pearl Version (USA, APAE, header ROM version 5)",/poketool/personal/evo.narc,equal,110,110,,,85759b3811ff7dc47b03792ac85317be51431a3f9e01dcafce317ed736a391b0,85759b3811ff7dc47b03792ac85317be51431a3f9e01dcafce317ed736a391b0,44,44,,
"Pokémon Diamond Version (USA, ADAE, header ROM version 5)","Pokémon Pearl Version (USA, APAE, header ROM version 5)",/poketool/personal/evo.narc,equal,111,111,,,7efc14b845face0bbd5fa8d4d961d9044ef32a8d26ed6361d053178ff34fe32f,7efc14b845face0bbd5fa8d4d961d9044ef32a8d26ed6361d053178ff34fe32f,44,44,,
"Pokémon Diamond Version (USA, ADAE, header ROM version 5)","Pokémon Pearl Version (USA, APAE, header ROM version 5)",/poketool/personal/evo.narc,equal,112,112,,,5c6dfa9cbbc079e9ef697f9b054ee82141f33b2948385ac64858bf3baa05229d,5c6dfa9cbbc079e9ef697f9b054ee82141f33b2948385ac64858bf3baa05229d,44,44,,
"Pokémon Diamond Version (USA, ADAE, header ROM version 5)","Pokémon Pearl Version (USA, APAE, header ROM version 5)",/poketool/personal/evo.narc,equal,113,113,,,0d7c92cae154fd165d0b2ad4ea071219f0c2e88864d3fa1f9e2b34983d415e3c,0d7c92cae154fd165d0b2ad4ea071219f0c2e88864d3fa1f9e2b34983d415e3c,44,44,,
"Pokémon Diamond Version (USA, ADAE, header ROM version 5)","Pokémon Pearl Version (USA, APAE, header ROM version 5)",/poketool/personal/evo.narc,equal,114,114,,,01cd2a70ab20f25adc1ccb11e12ee83eb2b7958b2b70f9e18be9b2b309b6753e,01cd2a70ab20f25adc1ccb11e12ee83eb2b7958b2b70f9e18be9b2b309b6753e,44,44,,
"Pokémon Diamond Version (USA, ADAE, header ROM version 5)","Pokémon Pearl Version (USA, APAE, header ROM version 5)",/poketool/personal/evo.narc,equal,115,115,,,85759b3811ff7dc47b03792ac85317be51431a3f9e01dcafce317ed736a391b0,85759b3811ff7dc47b03792ac85317be51431a3f9e01dcafce317ed736a391b0,44,44,,
"Pokémon Diamond Version (USA, ADAE, header ROM version 5)","Pokémon Pearl Version (USA, APAE, header ROM version 5)",/poketool/personal/evo.narc,equal,116,116,,,f087f99a52042626904438a8598a343607d191dfcc47a0922e2c9e54b182f96f,f087f99a52042626904438a8598a343607d191dfcc47a0922e2c9e54b182f96f,44,44,,
"Pokémon Diamond Version (USA, ADAE, header ROM version 5)","Pokémon Pearl Version (USA, APAE, header ROM version 5)",/poketool/personal/evo.narc,equal,117,117,,,8557353736f9f12436cd92f952a5cbcfd8928df810223a7ce22d166fefcecbcf,8557353736f9f12436cd92f952a5cbcfd8928df810223a7ce22d166fefcecbcf,44,44,,
"Pokémon Diamond Version (USA, ADAE, header ROM version 5)","Pokémon Pearl Version (USA, APAE, header ROM version 5)",/poketool/personal/evo.narc,equal,118,118,,,1d24deb50f1fdce5040c7113172b31218f7e79a1a03d895e10b6132cc04a3bd2,1d24deb50f1fdce5040c7113172b31218f7e79a1a03d895e10b6132cc04a3bd2,44,44,,
"Pokémon Diamond Version (USA, ADAE, header ROM version 5)","Pokémon Pearl Version (USA, APAE, header ROM version 5)",/poketool/personal/evo.narc,equal,119,119,,,85759b3811ff7dc47b03792ac85317be51431a3f9e01dcafce317ed736a391b0,85759b3811ff7dc47b03792ac85317be51431a3f9e01dcafce317ed736a391b0,44,44,,
"Pokémon Diamond Version (USA, ADAE, header ROM version 5)","Pokémon Pearl Version (USA, APAE, header ROM version 5)",/poketool/personal/evo.narc,equal,120,120,,,38059423e599508581858b614506621b9f3f4df38c06292406a2ae589f62b647,38059423e599508581858b614506621b9f3f4df38c06292406a2ae589f62b647,44,44,,
"Pokémon Diamond Version (USA, ADAE, header ROM version 5)","Pokémon Pearl Version (USA, APAE, header ROM version 5)",/poketool/personal/evo.narc,equal,121,121,,,85759b3811ff7dc47b03792ac85317be51431a3f9e01dcafce317ed736a391b0,85759b3811ff7dc47b03792ac85317be51431a3f9e01dcafce317ed736a391b0,44,44,,
"Pokémon Diamond Version (USA, ADAE, header ROM version 5)","Pokémon Pearl Version (USA, APAE, header ROM version 5)",/poketool/personal/evo.narc,equal,122,122,,,85759b3811ff7dc47b03792ac85317be51431a3f9e01dcafce317ed736a391b0,85759b3811ff7dc47b03792ac85317be51431a3f9e01dcafce317ed736a391b0,44,44,,
"Pokémon Diamond Version (USA, ADAE, header ROM version 5)","Pokémon Pearl Version (USA, APAE, header ROM version 5)",/poketool/personal/evo.narc,equal,123,123,,,d06d783cca782eb2bd0f0ce2e2ac45b5ca00ea2bddbcb3e9630cb68a163cb75f,d06d783cca782eb2bd0f0ce2e2ac45b5ca00ea2bddbcb3e9630cb68a163cb75f,44,44,,
"Pokémon Diamond Version (USA, ADAE, header ROM version 5)","Pokémon Pearl Version (USA, APAE, header ROM version 5)",/poketool/personal/evo.narc,equal,124,124,,,85759b3811ff7dc47b03792ac85317be51431a3f9e01dcafce317ed736a391b0,85759b3811ff7dc47b03792ac85317be51431a3f9e01dcafce317ed736a391b0,44,44,,
"Pokémon Diamond Version (USA, ADAE, header ROM version 5)","Pokémon Pearl Version (USA, APAE, header ROM version 5)",/poketool/personal/evo.narc,equal,125,125,,,5a16fc066f7103b53ca23ee5ba7c897fd99c04ce5dd2242663a14c5f1d9bf6aa,5a16fc066f7103b53ca23ee5ba7c897fd99c04ce5dd2242663a14c5f1d9bf6aa,44,44,,
"Pokémon Diamond Version (USA, ADAE, header ROM version 5)","Pokémon Pearl Version (USA, APAE, header ROM version 5)",/poketool/personal/evo.narc,equal,126,126,,,0fcfeabf274e3d3a2ebf24a3c9d97e450d7b4e6802014f7fbc5fdc237d099091,0fcfeabf274e3d3a2ebf24a3c9d97e450d7b4e6802014f7fbc5fdc237d099091,44,44,,
"Pokémon Diamond Version (USA, ADAE, header ROM version 5)","Pokémon Pearl Version (USA, APAE, header ROM version 5)",/poketool/personal/evo.narc,equal,127,127,,,85759b3811ff7dc47b03792ac85317be51431a3f9e01dcafce317ed736a391b0,85759b3811ff7dc47b03792ac85317be51431a3f9e01dcafce317ed736a391b0,44,44,,
"Pokémon Diamond Version (USA, ADAE, header ROM version 5)","Pokémon Pearl Version (USA, APAE, header ROM version 5)",/poketool/personal/evo.narc,equal,128,128,,,85759b3811ff7dc47b03792ac85317be51431a3f9e01dcafce317ed736a391b0,85759b3811ff7dc47b03792ac85317be51431a3f9e01dcafce317ed736a391b0,44,44,,
"Pokémon Diamond Version (USA, ADAE, header ROM version 5)","Pokémon Pearl Version (USA, APAE, header ROM version 5)",/poketool/personal/evo.narc,equal,129,129,,,bd3090316dd4bc515162df2940e56c30c94a73c20594efecf28f6deb1987a5a1,bd3090316dd4bc515162df2940e56c30c94a73c20594efecf28f6deb1987a5a1,44,44,,
"Pokémon Diamond Version (USA, ADAE, header ROM version 5)","Pokémon Pearl Version (USA, APAE, header ROM version 5)",/poketool/personal/evo.narc,equal,130,130,,,85759b3811ff7dc47b03792ac85317be51431a3f9e01dcafce317ed736a391b0,85759b3811ff7dc47b03792ac85317be51431a3f9e01dcafce317ed736a391b0,44,44,,
"Pokémon Diamond Version (USA, ADAE, header ROM version 5)","Pokémon Pearl Version (USA, APAE, header ROM version 5)",/poketool/personal/evo.narc,equal,131,131,,,85759b3811ff7dc47b03792ac85317be51431a3f9e01dcafce317ed736a391b0,85759b3811ff7dc47b03792ac85317be51431a3f9e01dcafce317ed736a391b0,44,44,,
"Pokémon Diamond Version (USA, ADAE, header ROM version 5)","Pokémon Pearl Version (USA, APAE, header ROM version 5)",/poketool/personal/evo.narc,equal,132,132,,,85759b3811ff7dc47b03792ac85317be51431a3f9e01dcafce317ed736a391b0,85759b3811ff7dc47b03792ac85317be51431a3f9e01dcafce317ed736a391b0,44,44,,
"Pokémon Diamond Version (USA, ADAE, header ROM version 5)","Pokémon Pearl Version (USA, APAE, header ROM version 5)",/poketool/personal/evo.narc,equal,133,133,,,c06df246e561978295e963653fb81ee4a97173b033a588fe3f9b84d7d0829f21,c06df246e561978295e963653fb81ee4a97173b033a588fe3f9b84d7d0829f21,44,44,,
"Pokémon Diamond Version (USA, ADAE, header ROM version 5)","Pokémon Pearl Version (USA, APAE, header ROM version 5)",/poketool/personal/evo.narc,equal,134,134,,,85759b3811ff7dc47b03792ac85317be51431a3f9e01dcafce317ed736a391b0,85759b3811ff7dc47b03792ac85317be51431a3f9e01dcafce317ed736a391b0,44,44,,
"Pokémon Diamond Version (USA, ADAE, header ROM version 5)","Pokémon Pearl Version (USA, APAE, header ROM version 5)",/poketool/personal/evo.narc,equal,135,135,,,85759b3811ff7dc47b03792ac85317be51431a3f9e01dcafce317ed736a391b0,85759b3811ff7dc47b03792ac85317be51431a3f9e01dcafce317ed736a391b0,44,44,,
"Pokémon Diamond Version (USA, ADAE, header ROM version 5)","Pokémon Pearl Version (USA, APAE, header ROM version 5)",/poketool/personal/evo.narc,equal,136,136,,,85759b3811ff7dc47b03792ac85317be51431a3f9e01dcafce317ed736a391b0,85759b3811ff7dc47b03792ac85317be51431a3f9e01dcafce317ed736a391b0,44,44,,
"Pokémon Diamond Version (USA, ADAE, header ROM version 5)","Pokémon Pearl Version (USA, APAE, header ROM version 5)",/poketool/personal/evo.narc,equal,137,137,,,c0570bec960f8e461b60e36319a4ad34dbee03b38a53d663653a0aa37e58816d,c0570bec960f8e461b60e36319a4ad34dbee03b38a53d663653a0aa37e58816d,44,44,,
"Pokémon Diamond Version (USA, ADAE, header ROM version 5)","Pokémon Pearl Version (USA, APAE, header ROM version 5)",/poketool/personal/evo.narc,equal,138,138,,,7a951ce846427e6b1df9b100b9df2fd77f3d1abeec8efd28f8c71e81102f94fc,7a951ce846427e6b1df9b100b9df2fd77f3d1abeec8efd28f8c71e81102f94fc,44,44,,
"Pokémon Diamond Version (USA, ADAE, header ROM version 5)","Pokémon Pearl Version (USA, APAE, header ROM version 5)",/poketool/personal/evo.narc,equal,139,139,,,85759b3811ff7dc47b03792ac85317be51431a3f9e01dcafce317ed736a391b0,85759b3811ff7dc47b03792ac85317be51431a3f9e01dcafce317ed736a391b0,44,44,,
"Pokémon Diamond Version (USA, ADAE, header ROM version 5)","Pokémon Pearl Version (USA, APAE, header ROM version 5)",/poketool/personal/evo.narc,equal,140,140,,,dce578baf2c4f1c1ca75379c6d757f96d37972b0e83cf7bf6521bfbd63670816,dce578baf2c4f1c1ca75379c6d757f96d37972b0e83cf7bf6521bfbd63670816,44,44,,
"Pokémon Diamond Version (USA, ADAE, header ROM version 5)","Pokémon Pearl Version (USA, APAE, header ROM version 5)",/poketool/personal/evo.narc,equal,141,141,,,85759b3811ff7dc47b03792ac85317be51431a3f9e01dcafce317ed736a391b0,85759b3811ff7dc47b03792ac85317be51431a3f9e01dcafce317ed736a391b0,44,44,,
"Pokémon Diamond Version (USA, ADAE, header ROM version 5)","Pokémon Pearl Version (USA, APAE, header ROM version 5)",/poketool/personal/evo.narc,equal,142,142,,,85759b3811ff7dc47b03792ac85317be51431a3f9e01dcafce317ed736a391b0,85759b3811ff7dc47b03792ac85317be51431a3f9e01dcafce317ed736a391b0,44,44,,
"Pokémon Diamond Version (USA, ADAE, header ROM version 5)","Pokémon Pearl Version (USA, APAE, header ROM version 5)",/poketool/personal/evo.narc,equal,143,143,,,85759b3811ff7dc47b03792ac85317be51431a3f9e01dcafce317ed736a391b0,85759b3811ff7dc47b03792ac85317be51431a3f9e01dcafce317ed736a391b0,44,44,,
"Pokémon Diamond Version (USA, ADAE, header ROM version 5)","Pokémon Pearl Version (USA, APAE, header ROM version 5)",/poketool/personal/evo.narc,equal,144,144,,,85759b3811ff7dc47b03792ac85317be51431a3f9e01dcafce317ed736a391b0,85759b3811ff7dc47b03792ac85317be51431a3f9e01dcafce317ed736a391b0,44,44,,
"Pokémon Diamond Version (USA, ADAE, header ROM version 5)","Pokémon Pearl Version (USA, APAE, header ROM version 5)",/poketool/personal/evo.narc,equal,145,145,,,85759b3811ff7dc47b03792ac85317be51431a3f9e01dcafce317ed736a391b0,85759b3811ff7dc47b03792ac85317be51431a3f9e01dcafce317ed736a391b0,44,44,,
"Pokémon Diamond Version (USA, ADAE, header ROM version 5)","Pokémon Pearl Version (USA, APAE, header ROM version 5)",/poketool/personal/evo.narc,equal,146,146,,,85759b3811ff7dc47b03792ac85317be51431a3f9e01dcafce317ed736a391b0,85759b3811ff7dc47b03792ac85317be51431a3f9e01dcafce317ed736a391b0,44,44,,
"Pokémon Diamond Version (USA, ADAE, header ROM version 5)","Pokémon Pearl Version (USA, APAE, header ROM version 5)",/poketool/personal/evo.narc,equal,147,147,,,7abb9daa6ae19487b44e6b515c0b2b1572219e2bd62b10783f3d82b6778bcaef,7abb9daa6ae19487b44e6b515c0b2b1572219e2bd62b10783f3d82b6778bcaef,44,44,,
"Pokémon Diamond Version (USA, ADAE, header ROM version 5)","Pokémon Pearl Version (USA, APAE, header ROM version 5)",/poketool/personal/evo.narc,equal,148,148,,,b919efa37d6d6ae98376daae4109f3a6ac56a79351a29ae2324ba7a542ebdcdc,b919efa37d6d6ae98376daae4109f3a6ac56a79351a29ae2324ba7a542ebdcdc,44,44,,
"Pokémon Diamond Version (USA, ADAE, header ROM version 5)","Pokémon Pearl Version (USA, APAE, header ROM version 5)",/poketool/personal/evo.narc,equal,149,149,,,85759b3811ff7dc47b03792ac85317be51431a3f9e01dcafce317ed736a391b0,85759b3811ff7dc47b03792ac85317be51431a3f9e01dcafce317ed736a391b0,44,44,,
"Pokémon Diamond Version (USA, ADAE, header ROM version 5)","Pokémon Pearl Version (USA, APAE, header ROM version 5)",/poketool/personal/evo.narc,equal,150,150,,,85759b3811ff7dc47b03792ac85317be51431a3f9e01dcafce317ed736a391b0,85759b3811ff7dc47b03792ac85317be51431a3f9e01dcafce317ed736a391b0,44,44,,
"Pokémon Diamond Version (USA, ADAE, header ROM version 5)","Pokémon Pearl Version (USA, APAE, header ROM version 5)",/poketool/personal/evo.narc,equal,151,151,,,85759b3811ff7dc47b03792ac85317be51431a3f9e01dcafce317ed736a391b0,85759b3811ff7dc47b03792ac85317be51431a3f9e01dcafce317ed736a391b0,44,44,,
"Pokémon Diamond Version (USA, ADAE, header ROM version 5)","Pokémon Pearl Version (USA, APAE, header ROM version 5)",/poketool/personal/evo.narc,equal,152,152,,,94ea29ca0dd04a92ac2ed5b3d889ada8ddb1f4b96531144632426eed9f830076,94ea29ca0dd04a92ac2ed5b3d889ada8ddb1f4b96531144632426eed9f830076,44,44,,
"Pokémon Diamond Version (USA, ADAE, header ROM version 5)","Pokémon Pearl Version (USA, APAE, header ROM version 5)",/poketool/personal/evo.narc,equal,153,153,,,fcfd5d81c81c0b29dd4bec21a577dcf0f3b603ef678aaf5d3c7e0491da940da6,fcfd5d81c81c0b29dd4bec21a577dcf0f3b603ef678aaf5d3c7e0491da940da6,44,44,,
"Pokémon Diamond Version (USA, ADAE, header ROM version 5)","Pokémon Pearl Version (USA, APAE, header ROM version 5)",/poketool/personal/evo.narc,equal,154,154,,,85759b3811ff7dc47b03792ac85317be51431a3f9e01dcafce317ed736a391b0,85759b3811ff7dc47b03792ac85317be51431a3f9e01dcafce317ed736a391b0,44,44,,
"Pokémon Diamond Version (USA, ADAE, header ROM version 5)","Pokémon Pearl Version (USA, APAE, header ROM version 5)",/poketool/personal/evo.narc,equal,155,155,,,5f30a6a5895863e8f341be6165f1ee857e9a38ffa0610885d1a4b90f02998227,5f30a6a5895863e8f341be6165f1ee857e9a38ffa0610885d1a4b90f02998227,44,44,,
"Pokémon Diamond Version (USA, ADAE, header ROM version 5)","Pokémon Pearl Version (USA, APAE, header ROM version 5)",/poketool/personal/evo.narc,equal,156,156,,,388e79474c3bd346e6ef2f9c6b757fb0a4c418f0cf2f00fdce85cb3ecfac7d77,388e79474c3bd346e6ef2f9c6b757fb0a4c418f0cf2f00fdce85cb3ecfac7d77,44,44,,
"Pokémon Diamond Version (USA, ADAE, header ROM version 5)","Pokémon Pearl Version (USA, APAE, header ROM version 5)",/poketool/personal/evo.narc,equal,157,157,,,85759b3811ff7dc47b03792ac85317be51431a3f9e01dcafce317ed736a391b0,85759b3811ff7dc47b03792ac85317be51431a3f9e01dcafce317ed736a391b0,44,44,,
"Pokémon Diamond Version (USA, ADAE, header ROM version 5)","Pokémon Pearl Version (USA, APAE, header ROM version 5)",/poketool/personal/evo.narc,equal,158,158,,,aff8d1b4f87e3fadd08c8ef7a1fbb4d58e5db6f764f345e8431ac62b89aaf10b,aff8d1b4f87e3fadd08c8ef7a1fbb4d58e5db6f764f345e8431ac62b89aaf10b,44,44,,
"Pokémon Diamond Version (USA, ADAE, header ROM version 5)","Pokémon Pearl Version (USA, APAE, header ROM version 5)",/poketool/personal/evo.narc,equal,159,159,,,3c1ea09edec93438272e5b0173e5d4b824a52faa485cda8087ea75dc703d0f4c,3c1ea09edec93438272e5b0173e5d4b824a52faa485cda8087ea75dc703d0f4c,44,44,,
"Pokémon Diamond Version (USA, ADAE, header ROM version 5)","Pokémon Pearl Version (USA, APAE, header ROM version 5)",/poketool/personal/evo.narc,equal,160,160,,,85759b3811ff7dc47b03792ac85317be51431a3f9e01dcafce317ed736a391b0,85759b3811ff7dc47b03792ac85317be51431a3f9e01dcafce317ed736a391b0,44,44,,
"Pokémon Diamond Version (USA, ADAE, header ROM version 5)","Pokémon Pearl Version (USA, APAE, header ROM version 5)",/poketool/personal/evo.narc,equal,161,161,,,ab40d1d6d9268d83d06cc3e83e713ea714c080d488db2b610d3b20db6ad50758,ab40d1d6d9268d83d06cc3e83e713ea714c080d488db2b610d3b20db6ad50758,44,44,,
"Pokémon Diamond Version (USA, ADAE, header ROM version 5)","Pokémon Pearl Version (USA, APAE, header ROM version 5)",/poketool/personal/evo.narc,equal,162,162,,,85759b3811ff7dc47b03792ac85317be51431a3f9e01dcafce317ed736a391b0,85759b3811ff7dc47b03792ac85317be51431a3f9e01dcafce317ed736a391b0,44,44,,
"Pokémon Diamond Version (USA, ADAE, header ROM version 5)","Pokémon Pearl Version (USA, APAE, header ROM version 5)",/poketool/personal/evo.narc,equal,163,163,,,72dcb7c3e53358753683fb8035c02dab8024f1d51cba2d6fbbe0c63fd2cf3dd9,72dcb7c3e53358753683fb8035c02dab8024f1d51cba2d6fbbe0c63fd2cf3dd9,44,44,,
"Pokémon Diamond Version (USA, ADAE, header ROM version 5)","Pokémon Pearl Version (USA, APAE, header ROM version 5)",/poketool/personal/evo.narc,equal,164,164,,,85759b3811ff7dc47b03792ac85317be51431a3f9e01dcafce317ed736a391b0,85759b3811ff7dc47b03792ac85317be51431a3f9e01dcafce317ed736a391b0,44,44,,
"Pokémon Diamond Version (USA, ADAE, header ROM version 5)","Pokémon Pearl Version (USA, APAE, header ROM version 5)",/poketool/personal/evo.narc,equal,165,165,,,65cc6d0762f703bc20266ab0f89d4aecbc04e282c6549ee638e99e563cff5451,65cc6d0762f703bc20266ab0f89d4aecbc04e282c6549ee638e99e563cff5451,44,44,,
"Pokémon Diamond Version (USA, ADAE, header ROM version 5)","Pokémon Pearl Version (USA, APAE, header ROM version 5)",/poketool/personal/evo.narc,equal,166,166,,,85759b3811ff7dc47b03792ac85317be51431a3f9e01dcafce317ed736a391b0,85759b3811ff7dc47b03792ac85317be51431a3f9e01dcafce317ed736a391b0,44,44,,
"Pokémon Diamond Version (USA, ADAE, header ROM version 5)","Pokémon Pearl Version (USA, APAE, header ROM version 5)",/poketool/personal/evo.narc,equal,167,167,,,386857630ff89f3c4b83239cc687afc033dff194cb30fd722b72daa52b32a7f6,386857630ff89f3c4b83239cc687afc033dff194cb30fd722b72daa52b32a7f6,44,44,,
"Pokémon Diamond Version (USA, ADAE, header ROM version 5)","Pokémon Pearl Version (USA, APAE, header ROM version 5)",/poketool/personal/evo.narc,equal,168,168,,,85759b3811ff7dc47b03792ac85317be51431a3f9e01dcafce317ed736a391b0,85759b3811ff7dc47b03792ac85317be51431a3f9e01dcafce317ed736a391b0,44,44,,
"Pokémon Diamond Version (USA, ADAE, header ROM version 5)","Pokémon Pearl Version (USA, APAE, header ROM version 5)",/poketool/personal/evo.narc,equal,169,169,,,85759b3811ff7dc47b03792ac85317be51431a3f9e01dcafce317ed736a391b0,85759b3811ff7dc47b03792ac85317be51431a3f9e01dcafce317ed736a391b0,44,44,,
"Pokémon Diamond Version (USA, ADAE, header ROM version 5)","Pokémon Pearl Version (USA, APAE, header ROM version 5)",/poketool/personal/evo.narc,equal,170,170,,,c6f212caefb630b91875cebde1aa63655923087884df9afe6d608ed1ec219fe2,c6f212caefb630b91875cebde1aa63655923087884df9afe6d608ed1ec219fe2,44,44,,
"Pokémon Diamond Version (USA, ADAE, header ROM version 5)","Pokémon Pearl Version (USA, APAE, header ROM version 5)",/poketool/personal/evo.narc,equal,171,171,,,85759b3811ff7dc47b03792ac85317be51431a3f9e01dcafce317ed736a391b0,85759b3811ff7dc47b03792ac85317be51431a3f9e01dcafce317ed736a391b0,44,44,,
"Pokémon Diamond Version (USA, ADAE, header ROM version 5)","Pokémon Pearl Version (USA, APAE, header ROM version 5)",/poketool/personal/evo.narc,equal,172,172,,,563d005d75487128b57618a09ed5ff9f30495a1ba07d45b7bc76d5f8b84ef08d,563d005d75487128b57618a09ed5ff9f30495a1ba07d45b7bc76d5f8b84ef08d,44,44,,
"Pokémon Diamond Version (USA, ADAE, header ROM version 5)","Pokémon Pearl Version (USA, APAE, header ROM version 5)",/poketool/personal/evo.narc,equal,173,173,,,2aabf84cabdf5e673c3cddc9e4de9610dd702493134307e21cb7f90efa6783cb,2aabf84cabdf5e673c3cddc9e4de9610dd702493134307e21cb7f90efa6783cb,44,44,,
"Pokémon Diamond Version (USA, ADAE, header ROM version 5)","Pokémon Pearl Version (USA, APAE, header ROM version 5)",/poketool/personal/evo.narc,equal,174,174,,,cfcbec48c0ec40d2b42f561007504f301f776e43e142d86cd87ec04ce60bbad0,cfcbec48c0ec40d2b42f561007504f301f776e43e142d86cd87ec04ce60bbad0,44,44,,
"Pokémon Diamond Version (USA, ADAE, header ROM version 5)","Pokémon Pearl Version (USA, APAE, header ROM version 5)",/poketool/personal/evo.narc,equal,175,175,,,4053c32f2257c307609ee90c8e30bc8ed8ea666c3c66416480ef9fcccdce7788,4053c32f2257c307609ee90c8e30bc8ed8ea666c3c66416480ef9fcccdce7788,44,44,,
"Pokémon Diamond Version (USA, ADAE, header ROM version 5)","Pokémon Pearl Version (USA, APAE, header ROM version 5)",/poketool/personal/evo.narc,equal,176,176,,,df666e39138fca23605318c3e2fedfd700e6416e56078574c3f6ead6aac029e8,df666e39138fca23605318c3e2fedfd700e6416e56078574c3f6ead6aac029e8,44,44,,
"Pokémon Diamond Version (USA, ADAE, header ROM version 5)","Pokémon Pearl Version (USA, APAE, header ROM version 5)",/poketool/personal/evo.narc,equal,177,177,,,d582266a53df901ba661c1a46049203f3bce02e92cbc7b461b66a867d3e8f837,d582266a53df901ba661c1a46049203f3bce02e92cbc7b461b66a867d3e8f837,44,44,,
"Pokémon Diamond Version (USA, ADAE, header ROM version 5)","Pokémon Pearl Version (USA, APAE, header ROM version 5)",/poketool/personal/evo.narc,equal,178,178,,,85759b3811ff7dc47b03792ac85317be51431a3f9e01dcafce317ed736a391b0,85759b3811ff7dc47b03792ac85317be51431a3f9e01dcafce317ed736a391b0,44,44,,
"Pokémon Diamond Version (USA, ADAE, header ROM version 5)","Pokémon Pearl Version (USA, APAE, header ROM version 5)",/poketool/personal/evo.narc,equal,179,179,,,41bcc19a1d892fe595af78709389edd8a2bceeb4ac50f04334a48a6885e2a11f,41bcc19a1d892fe595af78709389edd8a2bceeb4ac50f04334a48a6885e2a11f,44,44,,
"Pokémon Diamond Version (USA, ADAE, header ROM version 5)","Pokémon Pearl Version (USA, APAE, header ROM version 5)",/poketool/personal/evo.narc,equal,180,180,,,f2e2555bb7187ef0a90e777573a467f06cc75dde1f24fb53a37ed31b077f0537,f2e2555bb7187ef0a90e777573a467f06cc75dde1f24fb53a37ed31b077f0537,44,44,,
"Pokémon Diamond Version (USA, ADAE, header ROM version 5)","Pokémon Pearl Version (USA, APAE, header ROM version 5)",/poketool/personal/evo.narc,equal,181,181,,,85759b3811ff7dc47b03792ac85317be51431a3f9e01dcafce317ed736a391b0,85759b3811ff7dc47b03792ac85317be51431a3f9e01dcafce317ed736a391b0,44,44,,
"Pokémon Diamond Version (USA, ADAE, header ROM version 5)","Pokémon Pearl Version (USA, APAE, header ROM version 5)",/poketool/personal/evo.narc,equal,182,182,,,85759b3811ff7dc47b03792ac85317be51431a3f9e01dcafce317ed736a391b0,85759b3811ff7dc47b03792ac85317be51431a3f9e01dcafce317ed736a391b0,44,44,,
"Pokémon Diamond Version (USA, ADAE, header ROM version 5)","Pokémon Pearl Version (USA, APAE, header ROM version 5)",/poketool/personal/evo.narc,equal,183,183,,,573a13a8602b101f2d78e0e989899244d7df169425d2e757774993c9f0fbdefe,573a13a8602b101f2d78e0e989899244d7df169425d2e757774993c9f0fbdefe,44,44,,
"Pokémon Diamond Version (USA, ADAE, header ROM version 5)","Pokémon Pearl Version (USA, APAE, header ROM version 5)",/poketool/personal/evo.narc,equal,184,184,,,85759b3811ff7dc47b03792ac85317be51431a3f9e01dcafce317ed736a391b0,85759b3811ff7dc47b03792ac85317be51431a3f9e01dcafce317ed736a391b0,44,44,,
"Pokémon Diamond Version (USA, ADAE, header ROM version 5)","Pokémon Pearl Version (USA, APAE, header ROM version 5)",/poketool/personal/evo.narc,equal,185,185,,,85759b3811ff7dc47b03792ac85317be51431a3f9e01dcafce317ed736a391b0,85759b3811ff7dc47b03792ac85317be51431a3f9e01dcafce317ed736a391b0,44,44,,
"Pokémon Diamond Version (USA, ADAE, header ROM version 5)","Pokémon Pearl Version (USA, APAE, header ROM version 5)",/poketool/personal/evo.narc,equal,186,186,,,85759b3811ff7dc47b03792ac85317be51431a3f9e01dcafce317ed736a391b0,85759b3811ff7dc47b03792ac85317be51431a3f9e01dcafce317ed736a391b0,44,44,,
"Pokémon Diamond Version (USA, ADAE, header ROM version 5)","Pokémon Pearl Version (USA, APAE, header ROM version 5)",/poketool/personal/evo.narc,equal,187,187,,,d0d24f2a95dbdd3e8ed8f4b56b3439dc3c1af22f2c8108c54c5f99a259790b86,d0d24f2a95dbdd3e8ed8f4b56b3439dc3c1af22f2c8108c54c5f99a259790b86,44,44,,
"Pokémon Diamond Version (USA, ADAE, header ROM version 5)","Pokémon Pearl Version (USA, APAE, header ROM version 5)",/poketool/personal/evo.narc,equal,188,188,,,5d1a5fb8a6c2eadaee1dcd0ffd7580af64ec1901f602802f31b5a180be0ed82e,5d1a5fb8a6c2eadaee1dcd0ffd7580af64ec1901f602802f31b5a180be0ed82e,44,44,,
"Pokémon Diamond Version (USA, ADAE, header ROM version 5)","Pokémon Pearl Version (USA, APAE, header ROM version 5)",/poketool/personal/evo.narc,equal,189,189,,,85759b3811ff7dc47b03792ac85317be51431a3f9e01dcafce317ed736a391b0,85759b3811ff7dc47b03792ac85317be51431a3f9e01dcafce317ed736a391b0,44,44,,
"Pokémon Diamond Version (USA, ADAE, header ROM version 5)","Pokémon Pearl Version (USA, APAE, header ROM version 5)",/poketool/personal/evo.narc,equal,190,190,,,70d43e313010e1054290e37aca23657e23ce7820d95969988a65019a2bf3f2da,70d43e313010e1054290e37aca23657e23ce7820d95969988a65019a2bf3f2da,44,44,,
"Pokémon Diamond Version (USA, ADAE, header ROM version 5)","Pokémon Pearl Version (USA, APAE, header ROM version 5)",/poketool/personal/evo.narc,equal,191,191,,,36712483ff671c1c0badb0e22a7cdc01f28a7be2ffb820e330e7b2321a1d242a,36712483ff671c1c0badb0e22a7cdc01f28a7be2ffb820e330e7b2321a1d242a,44,44,,
"Pokémon Diamond Version (USA, ADAE, header ROM version 5)","Pokémon Pearl Version (USA, APAE, header ROM version 5)",/poketool/personal/evo.narc,equal,192,192,,,85759b3811ff7dc47b03792ac85317be51431a3f9e01dcafce317ed736a391b0,85759b3811ff7dc47b03792ac85317be51431a3f9e01dcafce317ed736a391b0,44,44,,
"Pokémon Diamond Version (USA, ADAE, header ROM version 5)","Pokémon Pearl Version (USA, APAE, header ROM version 5)",/poketool/personal/evo.narc,equal,193,193,,,209c862100c6495f1e13fd14457dd1aa821810877f567e9851307a08893d3870,209c862100c6495f1e13fd14457dd1aa821810877f567e9851307a08893d3870,44,44,,
"Pokémon Diamond Version (USA, ADAE, header ROM version 5)","Pokémon Pearl Version (USA, APAE, header ROM version 5)",/poketool/personal/evo.narc,equal,194,194,,,12aaebb7d5ec2afa1785c9440c583c776da1dd79c26ff5b9f3662741a585a561,12aaebb7d5ec2afa1785c9440c583c776da1dd79c26ff5b9f3662741a585a561,44,44,,
"Pokémon Diamond Version (USA, ADAE, header ROM version 5)","Pokémon Pearl Version (USA, APAE, header ROM version 5)",/poketool/personal/evo.narc,equal,195,195,,,85759b3811ff7dc47b03792ac85317be51431a3f9e01dcafce317ed736a391b0,85759b3811ff7dc47b03792ac85317be51431a3f9e01dcafce317ed736a391b0,44,44,,
"Pokémon Diamond Version (USA, ADAE, header ROM version 5)","Pokémon Pearl Version (USA, APAE, header ROM version 5)",/poketool/personal/evo.narc,equal,196,196,,,85759b3811ff7dc47b03792ac85317be51431a3f9e01dcafce317ed736a391b0,85759b3811ff7dc47b03792ac85317be51431a3f9e01dcafce317ed736a391b0,44,44,,
"Pokémon Diamond Version (USA, ADAE, header ROM version 5)","Pokémon Pearl Version (USA, APAE, header ROM version 5)",/poketool/personal/evo.narc,equal,197,197,,,85759b3811ff7dc47b03792ac85317be51431a3f9e01dcafce317ed736a391b0,85759b3811ff7dc47b03792ac85317be51431a3f9e01dcafce317ed736a391b0,44,44,,
"Pokémon Diamond Version (USA, ADAE, header ROM version 5)","Pokémon Pearl Version (USA, APAE, header ROM version 5)",/poketool/personal/evo.narc,equal,198,198,,,a6841d0e1fd14d31b777f7d7c5673eed260f7364d74e0b937164b77577b777f8,a6841d0e1fd14d31b777f7d7c5673eed260f7364d74e0b937164b77577b777f8,44,44,,
"Pokémon Diamond Version (USA, ADAE, header ROM version 5)","Pokémon Pearl Version (USA, APAE, header ROM version 5)",/poketool/personal/evo.narc,equal,199,199,,,85759b3811ff7dc47b03792ac85317be51431a3f9e01dcafce317ed736a391b0,85759b3811ff7dc47b03792ac85317be51431a3f9e01dcafce317ed736a391b0,44,44,,
"Pokémon Diamond Version (USA, ADAE, header ROM version 5)","Pokémon Pearl Version (USA, APAE, header ROM version 5)",/poketool/personal/evo.narc,equal,200,200,,,51eba9e975d78ea405e5c019249eae8d619cbc622a9091b6d3270188123a4dd9,51eba9e975d78ea405e5c019249eae8d619cbc622a9091b6d3270188123a4dd9,44,44,,
"Pokémon Diamond Version (USA, ADAE, header ROM version 5)","Pokémon Pearl Version (USA, APAE, header ROM version 5)",/poketool/personal/evo.narc,equal,201,201,,,85759b3811ff7dc47b03792ac85317be51431a3f9e01dcafce317ed736a391b0,85759b3811ff7dc47b03792ac85317be51431a3f9e01dcafce317ed736a391b0,44,44,,
"Pokémon Diamond Version (USA, ADAE, header ROM version 5)","Pokémon Pearl Version (USA, APAE, header ROM version 5)",/poketool/personal/evo.narc,equal,202,202,,,85759b3811ff7dc47b03792ac85317be51431a3f9e01dcafce317ed736a391b0,85759b3811ff7dc47b03792ac85317be51431a3f9e01dcafce317ed736a391b0,44,44,,
"Pokémon Diamond Version (USA, ADAE, header ROM version 5)","Pokémon Pearl Version (USA, APAE, header ROM version 5)",/poketool/personal/evo.narc,equal,203,203,,,85759b3811ff7dc47b03792ac85317be51431a3f9e01dcafce317ed736a391b0,85759b3811ff7dc47b03792ac85317be51431a3f9e01dcafce317ed736a391b0,44,44,,
"Pokémon Diamond Version (USA, ADAE, header ROM version 5)","Pokémon Pearl Version (USA, APAE, header ROM version 5)",/poketool/personal/evo.narc,equal,204,204,,,b53226b03c78cd085b914b35d785b98ce4346577ae779af14b9b244c3bdae401,b53226b03c78cd085b914b35d785b98ce4346577ae779af14b9b244c3bdae401,44,44,,
"Pokémon Diamond Version (USA, ADAE, header ROM version 5)","Pokémon Pearl Version (USA, APAE, header ROM version 5)",/poketool/personal/evo.narc,equal,205,205,,,85759b3811ff7dc47b03792ac85317be51431a3f9e01dcafce317ed736a391b0,85759b3811ff7dc47b03792ac85317be51431a3f9e01dcafce317ed736a391b0,44,44,,
"Pokémon Diamond Version (USA, ADAE, header ROM version 5)","Pokémon Pearl Version (USA, APAE, header ROM version 5)",/poketool/personal/evo.narc,equal,206,206,,,85759b3811ff7dc47b03792ac85317be51431a3f9e01dcafce317ed736a391b0,85759b3811ff7dc47b03792ac85317be51431a3f9e01dcafce317ed736a391b0,44,44,,
"Pokémon Diamond Version (USA, ADAE, header ROM version 5)","Pokémon Pearl Version (USA, APAE, header ROM version 5)",/poketool/personal/evo.narc,equal,207,207,,,d500f6074c0274353e8e530ad2da78802267174a90608ac1e2a9c31b3ffb8d07,d500f6074c0274353e8e530ad2da78802267174a90608ac1e2a9c31b3ffb8d07,44,44,,
"Pokémon Diamond Version (USA, ADAE, header ROM version 5)","Pokémon Pearl Version (USA, APAE, header ROM version 5)",/poketool/personal/evo.narc,equal,208,208,,,85759b3811ff7dc47b03792ac85317be51431a3f9e01dcafce317ed736a391b0,85759b3811ff7dc47b03792ac85317be51431a3f9e01dcafce317ed736a391b0,44,44,,
"Pokémon Diamond Version (USA, ADAE, header ROM version 5)","Pokémon Pearl Version (USA, APAE, header ROM version 5)",/poketool/personal/evo.narc,equal,209,209,,,70ab52a469ae51637a09cbc4819721d8116b28b9c6dfda97df193e650da7df2f,70ab52a469ae51637a09cbc4819721d8116b28b9c6dfda97df193e650da7df2f,44,44,,
"Pokémon Diamond Version (USA, ADAE, header ROM version 5)","Pokémon Pearl Version (USA, APAE, header ROM version 5)",/poketool/personal/evo.narc,equal,210,210,,,85759b3811ff7dc47b03792ac85317be51431a3f9e01dcafce317ed736a391b0,85759b3811ff7dc47b03792ac85317be51431a3f9e01dcafce317ed736a391b0,44,44,,
"Pokémon Diamond Version (USA, ADAE, header ROM version 5)","Pokémon Pearl Version (USA, APAE, header ROM version 5)",/poketool/personal/evo.narc,equal,211,211,,,85759b3811ff7dc47b03792ac85317be51431a3f9e01dcafce317ed736a391b0,85759b3811ff7dc47b03792ac85317be51431a3f9e01dcafce317ed736a391b0,44,44,,
"Pokémon Diamond Version (USA, ADAE, header ROM version 5)","Pokémon Pearl Version (USA, APAE, header ROM version 5)",/poketool/personal/evo.narc,equal,212,212,,,85759b3811ff7dc47b03792ac85317be51431a3f9e01dcafce317ed736a391b0,85759b3811ff7dc47b03792ac85317be51431a3f9e01dcafce317ed736a391b0,44,44,,
"Pokémon Diamond Version (USA, ADAE, header ROM version 5)","Pokémon Pearl Version (USA, APAE, header ROM version 5)",/poketool/personal/evo.narc,equal,213,213,,,85759b3811ff7dc47b03792ac85317be51431a3f9e01dcafce317ed736a391b0,85759b3811ff7dc47b03792ac85317be51431a3f9e01dcafce317ed736a391b0,44,44,,
"Pokémon Diamond Version (USA, ADAE, header ROM version 5)","Pokémon Pearl Version (USA, APAE, header ROM version 5)",/poketool/personal/evo.narc,equal,214,214,,,85759b3811ff7dc47b03792ac85317be51431a3f9e01dcafce317ed736a391b0,85759b3811ff7dc47b03792ac85317be51431a3f9e01dcafce317ed736a391b0,44,44,,
"Pokémon Diamond Version (USA, ADAE, header ROM version 5)","Pokémon Pearl Version (USA, APAE, header ROM version 5)",/poketool/personal/evo.narc,equal,215,215,,,eb1a6169f9099e28e534408a5d3566a755850af93d2b2a3f370c25bd09107f65,eb1a6169f9099e28e534408a5d3566a755850af93d2b2a3f370c25bd09107f65,44,44,,
"Pokémon Diamond Version (USA, ADAE, header ROM version 5)","Pokémon Pearl Version (USA, APAE, header ROM version 5)",/poketool/personal/evo.narc,equal,216,216,,,78f2a65ce1433bb1bf21a3022adad5a4047e7ca412da0f98504e7f0a22eb6a83,78f2a65ce1433bb1bf21a3022adad5a4047e7ca412da0f98504e7f0a22eb6a83,44,44,,
"Pokémon Diamond Version (USA, ADAE, header ROM version 5)","Pokémon Pearl Version (USA, APAE, header ROM version 5)",/poketool/personal/evo.narc,equal,217,217,,,85759b3811ff7dc47b03792ac85317be51431a3f9e01dcafce317ed736a391b0,85759b3811ff7dc47b03792ac85317be51431a3f9e01dcafce317ed736a391b0,44,44,,
"Pokémon Diamond Version (USA, ADAE, header ROM version 5)","Pokémon Pearl Version (USA, APAE, header ROM version 5)",/poketool/personal/evo.narc,equal,218,218,,,4cffb9f85200d312acbd23f3521e18578f97b532110e97a8ea849c6e994ea13a,4cffb9f85200d312acbd23f3521e18578f97b532110e97a8ea849c6e994ea13a,44,44,,
"Pokémon Diamond Version (USA, ADAE, header ROM version 5)","Pokémon Pearl Version (USA, APAE, header ROM version 5)",/poketool/personal/evo.narc,equal,219,219,,,85759b3811ff7dc47b03792ac85317be51431a3f9e01dcafce317ed736a391b0,85759b3811ff7dc47b03792ac85317be51431a3f9e01dcafce317ed736a391b0,44,44,,
"Pokémon Diamond Version (USA, ADAE, header ROM version 5)","Pokémon Pearl Version (USA, APAE, header ROM version 5)",/poketool/personal/evo.narc,equal,220,220,,,95b9554cdbe048b10ecea5a2f53c117bd14d9483c0209c2242d7c21bef16ff9b,95b9554cdbe048b10ecea5a2f53c117bd14d9483c0209c2242d7c21bef16ff9b,44,44,,
"Pokémon Diamond Version (USA, ADAE, header ROM version 5)","Pokémon Pearl Version (USA, APAE, header ROM version 5)",/poketool/personal/evo.narc,equal,221,221,,,5d0b92a268859f946f36cb83e3532c6b08c22282973bdad0bc49c86e3371cb36,5d0b92a268859f946f36cb83e3532c6b08c22282973bdad0bc49c86e3371cb36,44,44,,
"Pokémon Diamond Version (USA, ADAE, header ROM version 5)","Pokémon Pearl Version (USA, APAE, header ROM version 5)",/poketool/personal/evo.narc,equal,222,222,,,85759b3811ff7dc47b03792ac85317be51431a3f9e01dcafce317ed736a391b0,85759b3811ff7dc47b03792ac85317be51431a3f9e01dcafce317ed736a391b0,44,44,,
"Pokémon Diamond Version (USA, ADAE, header ROM version 5)","Pokémon Pearl Version (USA, APAE, header ROM version 5)",/poketool/personal/evo.narc,equal,223,223,,,01501484cc386d1cd7716b750780e6feb42b8630173147b1c986ef2215c0e5fc,01501484cc386d1cd7716b750780e6feb42b8630173147b1c986ef2215c0e5fc,44,44,,
"Pokémon Diamond Version (USA, ADAE, header ROM version 5)","Pokémon Pearl Version (USA, APAE, header ROM version 5)",/poketool/personal/evo.narc,equal,224,224,,,85759b3811ff7dc47b03792ac85317be51431a3f9e01dcafce317ed736a391b0,85759b3811ff7dc47b03792ac85317be51431a3f9e01dcafce317ed736a391b0,44,44,,
"Pokémon Diamond Version (USA, ADAE, header ROM version 5)","Pokémon Pearl Version (USA, APAE, header ROM version 5)",/poketool/personal/evo.narc,equal,225,225,,,85759b3811ff7dc47b03792ac85317be51431a3f9e01dcafce317ed736a391b0,85759b3811ff7dc47b03792ac85317be51431a3f9e01dcafce317ed736a391b0,44,44,,
"Pokémon Diamond Version (USA, ADAE, header ROM version 5)","Pokémon Pearl Version (USA, APAE, header ROM version 5)",/poketool/personal/evo.narc,equal,226,226,,,85759b3811ff7dc47b03792ac85317be51431a3f9e01dcafce317ed736a391b0,85759b3811ff7dc47b03792ac85317be51431a3f9e01dcafce317ed736a391b0,44,44,,
"Pokémon Diamond Version (USA, ADAE, header ROM version 5)","Pokémon Pearl Version (USA, APAE, header ROM version 5)",/poketool/personal/evo.narc,equal,227,227,,,85759b3811ff7dc47b03792ac85317be51431a3f9e01dcafce317ed736a391b0,85759b3811ff7dc47b03792ac85317be51431a3f9e01dcafce317ed736a391b0,44,44,,
"Pokémon Diamond Version (USA, ADAE, header ROM version 5)","Pokémon Pearl Version (USA, APAE, header ROM version 5)",/poketool/personal/evo.narc,equal,228,228,,,44016d4bcaab523ae49adaaccb0c42c197c7bce390851c3694d6549891cdce0c,44016d4bcaab523ae49adaaccb0c42c197c7bce390851c3694d6549891cdce0c,44,44,,
"Pokémon Diamond Version (USA, ADAE, header ROM version 5)","Pokémon Pearl Version (USA, APAE, header ROM version 5)",/poketool/personal/evo.narc,equal,229,229,,,85759b3811ff7dc47b03792ac85317be51431a3f9e01dcafce317ed736a391b0,85759b3811ff7dc47b03792ac85317be51431a3f9e01dcafce317ed736a391b0,44,44,,
"Pokémon Diamond Version (USA, ADAE, header ROM version 5)","Pokémon Pearl Version (USA, APAE, header ROM version 5)",/poketool/personal/evo.narc,equal,230,230,,,85759b3811ff7dc47b03792ac85317be51431a3f9e01dcafce317ed736a391b0,85759b3811ff7dc47b03792ac85317be51431a3f9e01dcafce317ed736a391b0,44,44,,
"Pokémon Diamond Version (USA, ADAE, header ROM version 5)","Pokémon Pearl Version (USA, APAE, header ROM version 5)",/poketool/personal/evo.narc,equal,231,231,,,c80c704d20e5d83d687183796439a0642cd82007bf1fc856ad286731b21bdc1e,c80c704d20e5d83d687183796439a0642cd82007bf1fc856ad286731b21bdc1e,44,44,,
"Pokémon Diamond Version (USA, ADAE, header ROM version 5)","Pokémon Pearl Version (USA, APAE, header ROM version 5)",/poketool/personal/evo.narc,equal,232,232,,,85759b3811ff7dc47b03792ac85317be51431a3f9e01dcafce317ed736a391b0,85759b3811ff7dc47b03792ac85317be51431a3f9e01dcafce317ed736a391b0,44,44,,
"Pokémon Diamond Version (USA, ADAE, header ROM version 5)","Pokémon Pearl Version (USA, APAE, header ROM version 5)",/poketool/personal/evo.narc,equal,233,233,,,d3563ab3b1580309d7d5a63a2d4c198c7d821a4dfc58b0bff23c24ccc505af89,d3563ab3b1580309d7d5a63a2d4c198c7d821a4dfc58b0bff23c24ccc505af89,44,44,,
"Pokémon Diamond Version (USA, ADAE, header ROM version 5)","Pokémon Pearl Version (USA, APAE, header ROM version 5)",/poketool/personal/evo.narc,equal,234,234,,,85759b3811ff7dc47b03792ac85317be51431a3f9e01dcafce317ed736a391b0,85759b3811ff7dc47b03792ac85317be51431a3f9e01dcafce317ed736a391b0,44,44,,
"Pokémon Diamond Version (USA, ADAE, header ROM version 5)","Pokémon Pearl Version (USA, APAE, header ROM version 5)",/poketool/personal/evo.narc,equal,235,235,,,85759b3811ff7dc47b03792ac85317be51431a3f9e01dcafce317ed736a391b0,85759b3811ff7dc47b03792ac85317be51431a3f9e01dcafce317ed736a391b0,44,44,,
"Pokémon Diamond Version (USA, ADAE, header ROM version 5)","Pokémon Pearl Version (USA, APAE, header ROM version 5)",/poketool/personal/evo.narc,equal,236,236,,,f400084bb5a1ca2d650458b4bc05769723bc5204ffe529d884d011b2f03507bd,f400084bb5a1ca2d650458b4bc05769723bc5204ffe529d884d011b2f03507bd,44,44,,
"Pokémon Diamond Version (USA, ADAE, header ROM version 5)","Pokémon Pearl Version (USA, APAE, header ROM version 5)",/poketool/personal/evo.narc,equal,237,237,,,85759b3811ff7dc47b03792ac85317be51431a3f9e01dcafce317ed736a391b0,85759b3811ff7dc47b03792ac85317be51431a3f9e01dcafce317ed736a391b0,44,44,,
"Pokémon Diamond Version (USA, ADAE, header ROM version 5)","Pokémon Pearl Version (USA, APAE, header ROM version 5)",/poketool/personal/evo.narc,equal,238,238,,,1659967d7fd7f54a0f3a7e32b32b02f93e6d9973c9c26566169b55785dab5390,1659967d7fd7f54a0f3a7e32b32b02f93e6d9973c9c26566169b55785dab5390,44,44,,
"Pokémon Diamond Version (USA, ADAE, header ROM version 5)","Pokémon Pearl Version (USA, APAE, header ROM version 5)",/poketool/personal/evo.narc,equal,239,239,,,eceddd0e5e8778e65b7c576457f02d92c915a782953b47f4dde4de6c62191c8a,eceddd0e5e8778e65b7c576457f02d92c915a782953b47f4dde4de6c62191c8a,44,44,,
"Pokémon Diamond Version (USA, ADAE, header ROM version 5)","Pokémon Pearl Version (USA, APAE, header ROM version 5)",/poketool/personal/evo.narc,equal,240,240,,,006aaabce5c470b3518cec334126c2b8dff6021f35a96f23959f34d3b8637847,006aaabce5c470b3518cec334126c2b8dff6021f35a96f23959f34d3b8637847,44,44,,
"Pokémon Diamond Version (USA, ADAE, header ROM version 5)","Pokémon Pearl Version (USA, APAE, header ROM version 5)",/poketool/personal/evo.narc,equal,241,241,,,85759b3811ff7dc47b03792ac85317be51431a3f9e01dcafce317ed736a391b0,85759b3811ff7dc47b03792ac85317be51431a3f9e01dcafce317ed736a391b0,44,44,,
"Pokémon Diamond Version (USA, ADAE, header ROM version 5)","Pokémon Pearl Version (USA, APAE, header ROM version 5)",/poketool/personal/evo.narc,equal,242,242,,,85759b3811ff7dc47b03792ac85317be51431a3f9e01dcafce317ed736a391b0,85759b3811ff7dc47b03792ac85317be51431a3f9e01dcafce317ed736a391b0,44,44,,
"Pokémon Diamond Version (USA, ADAE, header ROM version 5)","Pokémon Pearl Version (USA, APAE, header ROM version 5)",/poketool/personal/evo.narc,equal,243,243,,,85759b3811ff7dc47b03792ac85317be51431a3f9e01dcafce317ed736a391b0,85759b3811ff7dc47b03792ac85317be51431a3f9e01dcafce317ed736a391b0,44,44,,
"Pokémon Diamond Version (USA, ADAE, header ROM version 5)","Pokémon Pearl Version (USA, APAE, header ROM version 5)",/poketool/personal/evo.narc,equal,244,244,,,85759b3811ff7dc47b03792ac85317be51431a3f9e01dcafce317ed736a391b0,85759b3811ff7dc47b03792ac85317be51431a3f9e01dcafce317ed736a391b0,44,44,,
"Pokémon Diamond Version (USA, ADAE, header ROM version 5)","Pokémon Pearl Version (USA, APAE, header ROM version 5)",/poketool/personal/evo.narc,equal,245,245,,,85759b3811ff7dc47b03792ac85317be51431a3f9e01dcafce317ed736a391b0,85759b3811ff7dc47b03792ac85317be51431a3f9e01dcafce317ed736a391b0,44,44,,
"Pokémon Diamond Version (USA, ADAE, header ROM version 5)","Pokémon Pearl Version (USA, APAE, header ROM version 5)",/poketool/personal/evo.narc,equal,246,246,,,5f3b254ea204f9b45ee234042aea34578b0b3ad3032cff16587e79b19d6f5b33,5f3b254ea204f9b45ee234042aea34578b0b3ad3032cff16587e79b19d6f5b33,44,44,,
"Pokémon Diamond Version (USA, ADAE, header ROM version 5)","Pokémon Pearl Version (USA, APAE, header ROM version 5)",/poketool/personal/evo.narc,equal,247,247,,,49de08b890b63f7603e931ff9a3ace7a63ef1b8f5a75746956577914113e245b,49de08b890b63f7603e931ff9a3ace7a63ef1b8f5a75746956577914113e245b,44,44,,
"Pokémon Diamond Version (USA, ADAE, header ROM version 5)","Pokémon Pearl Version (USA, APAE, header ROM version 5)",/poketool/personal/evo.narc,equal,248,248,,,85759b3811ff7dc47b03792ac85317be51431a3f9e01dcafce317ed736a391b0,85759b3811ff7dc47b03792ac85317be51431a3f9e01dcafce317ed736a391b0,44,44,,
"Pokémon Diamond Version (USA, ADAE, header ROM version 5)","Pokémon Pearl Version (USA, APAE, header ROM version 5)",/poketool/personal/evo.narc,equal,249,249,,,85759b3811ff7dc47b03792ac85317be51431a3f9e01dcafce317ed736a391b0,85759b3811ff7dc47b03792ac85317be51431a3f9e01dcafce317ed736a391b0,44,44,,
"Pokémon Diamond Version (USA, ADAE, header ROM version 5)","Pokémon Pearl Version (USA, APAE, header ROM version 5)",/poketool/personal/evo.narc,equal,250,250,,,85759b3811ff7dc47b03792ac85317be51431a3f9e01dcafce317ed736a391b0,85759b3811ff7dc47b03792ac85317be51431a3f9e01dcafce317ed736a391b0,44,44,,
"Pokémon Diamond Version (USA, ADAE, header ROM version 5)","Pokémon Pearl Version (USA, APAE, header ROM version 5)",/poketool/personal/evo.narc,equal,251,251,,,85759b3811ff7dc47b03792ac85317be51431a3f9e01dcafce317ed736a391b0,85759b3811ff7dc47b03792ac85317be51431a3f9e01dcafce317ed736a391b0,44,44,,
"Pokémon Diamond Version (USA, ADAE, header ROM version 5)","Pokémon Pearl Version (USA, APAE, header ROM version 5)",/poketool/personal/evo.narc,equal,252,252,,,a9bc70342047edc01470d52567757e165ceb625aaf6bbd53be817466856d5f44,a9bc70342047edc01470d52567757e165ceb625aaf6bbd53be817466856d5f44,44,44,,
"Pokémon Diamond Version (USA, ADAE, header ROM version 5)","Pokémon Pearl Version (USA, APAE, header ROM version 5)",/poketool/personal/evo.narc,equal,253,253,,,e9d297bdf4ed2a4e3860507be79b310302c59f67eee7d5e23be0d8e397cdafc3,e9d297bdf4ed2a4e3860507be79b310302c59f67eee7d5e23be0d8e397cdafc3,44,44,,
"Pokémon Diamond Version (USA, ADAE, header ROM version 5)","Pokémon Pearl Version (USA, APAE, header ROM version 5)",/poketool/personal/evo.narc,equal,254,254,,,85759b3811ff7dc47b03792ac85317be51431a3f9e01dcafce317ed736a391b0,85759b3811ff7dc47b03792ac85317be51431a3f9e01dcafce317ed736a391b0,44,44,,
"Pokémon Diamond Version (USA, ADAE, header ROM version 5)","Pokémon Pearl Version (USA, APAE, header ROM version 5)",/poketool/personal/evo.narc,equal,255,255,,,efa86558dc2b70eb538b030577d5d6c79d5325884082795af9b5d169806859c3,efa86558dc2b70eb538b030577d5d6c79d5325884082795af9b5d169806859c3,44,44,,
"Pokémon Diamond Version (USA, ADAE, header ROM version 5)","Pokémon Pearl Version (USA, APAE, header ROM version 5)",/poketool/personal/evo.narc,equal,256,256,,,00c0533d4363c28a4782939ff63cd775eaf13ba9c40de8ec73c9bbc1b34274d2,00c0533d4363c28a4782939ff63cd775eaf13ba9c40de8ec73c9bbc1b34274d2,44,44,,
"Pokémon Diamond Version (USA, ADAE, header ROM version 5)","Pokémon Pearl Version (USA, APAE, header ROM version 5)",/poketool/personal/evo.narc,equal,257,257,,,85759b3811ff7dc47b03792ac85317be51431a3f9e01dcafce317ed736a391b0,85759b3811ff7dc47b03792ac85317be51431a3f9e01dcafce317ed736a391b0,44,44,,
"Pokémon Diamond Version (USA, ADAE, header ROM version 5)","Pokémon Pearl Version (USA, APAE, header ROM version 5)",/poketool/personal/evo.narc,equal,258,258,,,fa03f389f6057b4ab80f1defea22824ef04ecd9c2c7044ed1b83409196c89dfc,fa03f389f6057b4ab80f1defea22824ef04ecd9c2c7044ed1b83409196c89dfc,44,44,,
"Pokémon Diamond Version (USA, ADAE, header ROM version 5)","Pokémon Pearl Version (USA, APAE, header ROM version 5)",/poketool/personal/evo.narc,equal,259,259,,,f2303eec47118599a9cd8bde0033f1ee4256ac34dde27b920cbfec9123b6b31c,f2303eec47118599a9cd8bde0033f1ee4256ac34dde27b920cbfec9123b6b31c,44,44,,
"Pokémon Diamond Version (USA, ADAE, header ROM version 5)","Pokémon Pearl Version (USA, APAE, header ROM version 5)",/poketool/personal/evo.narc,equal,260,260,,,85759b3811ff7dc47b03792ac85317be51431a3f9e01dcafce317ed736a391b0,85759b3811ff7dc47b03792ac85317be51431a3f9e01dcafce317ed736a391b0,44,44,,
"Pokémon Diamond Version (USA, ADAE, header ROM version 5)","Pokémon Pearl Version (USA, APAE, header ROM version 5)",/poketool/personal/evo.narc,equal,261,261,,,ff39d29879df13c91617903e62bdbd83e577514050a451d76eab5723e722c8b6,ff39d29879df13c91617903e62bdbd83e577514050a451d76eab5723e722c8b6,44,44,,
"Pokémon Diamond Version (USA, ADAE, header ROM version 5)","Pokémon Pearl Version (USA, APAE, header ROM version 5)",/poketool/personal/evo.narc,equal,262,262,,,85759b3811ff7dc47b03792ac85317be51431a3f9e01dcafce317ed736a391b0,85759b3811ff7dc47b03792ac85317be51431a3f9e01dcafce317ed736a391b0,44,44,,
"Pokémon Diamond Version (USA, ADAE, header ROM version 5)","Pokémon Pearl Version (USA, APAE, header ROM version 5)",/poketool/personal/evo.narc,equal,263,263,,,604f21acdbe3fd7963f26fa3f509aa0c2f2a44e4bc56e547cb4662a31669dd12,604f21acdbe3fd7963f26fa3f509aa0c2f2a44e4bc56e547cb4662a31669dd12,44,44,,
"Pokémon Diamond Version (USA, ADAE, header ROM version 5)","Pokémon Pearl Version (USA, APAE, header ROM version 5)",/poketool/personal/evo.narc,equal,264,264,,,85759b3811ff7dc47b03792ac85317be51431a3f9e01dcafce317ed736a391b0,85759b3811ff7dc47b03792ac85317be51431a3f9e01dcafce317ed736a391b0,44,44,,
"Pokémon Diamond Version (USA, ADAE, header ROM version 5)","Pokémon Pearl Version (USA, APAE, header ROM version 5)",/poketool/personal/evo.narc,equal,265,265,,,070f4f38258cfb61527721fa7fd22741a5a4508e0f85291f2651576729589695,070f4f38258cfb61527721fa7fd22741a5a4508e0f85291f2651576729589695,44,44,,
"Pokémon Diamond Version (USA, ADAE, header ROM version 5)","Pokémon Pearl Version (USA, APAE, header ROM version 5)",/poketool/personal/evo.narc,equal,266,266,,,1d36d64eaeb4a424b7c033ed544b4283ac3677d9cf7bec1e6bd296f7cf55aba1,1d36d64eaeb4a424b7c033ed544b4283ac3677d9cf7bec1e6bd296f7cf55aba1,44,44,,
"Pokémon Diamond Version (USA, ADAE, header ROM version 5)","Pokémon Pearl Version (USA, APAE, header ROM version 5)",/poketool/personal/evo.narc,equal,267,267,,,85759b3811ff7dc47b03792ac85317be51431a3f9e01dcafce317ed736a391b0,85759b3811ff7dc47b03792ac85317be51431a3f9e01dcafce317ed736a391b0,44,44,,
"Pokémon Diamond Version (USA, ADAE, header ROM version 5)","Pokémon Pearl Version (USA, APAE, header ROM version 5)",/poketool/personal/evo.narc,equal,268,268,,,86eb3573019c3fc963e5d6e3b16e3f996e99da53bb4b1eb93a11a206a1140b7c,86eb3573019c3fc963e5d6e3b16e3f996e99da53bb4b1eb93a11a206a1140b7c,44,44,,
"Pokémon Diamond Version (USA, ADAE, header ROM version 5)","Pokémon Pearl Version (USA, APAE, header ROM version 5)",/poketool/personal/evo.narc,equal,269,269,,,85759b3811ff7dc47b03792ac85317be51431a3f9e01dcafce317ed736a391b0,85759b3811ff7dc47b03792ac85317be51431a3f9e01dcafce317ed736a391b0,44,44,,
"Pokémon Diamond Version (USA, ADAE, header ROM version 5)","Pokémon Pearl Version (USA, APAE, header ROM version 5)",/poketool/personal/evo.narc,equal,270,270,,,f44c39ad016a8ad3532b194f32593a748152db6813ea08fff6e482538485f0ce,f44c39ad016a8ad3532b194f32593a748152db6813ea08fff6e482538485f0ce,44,44,,
"Pokémon Diamond Version (USA, ADAE, header ROM version 5)","Pokémon Pearl Version (USA, APAE, header ROM version 5)",/poketool/personal/evo.narc,equal,271,271,,,6aa172529f4243d376fc313a1cf197e8926970eb4f767a880e5b043485aa11af,6aa172529f4243d376fc313a1cf197e8926970eb4f767a880e5b043485aa11af,44,44,,
"Pokémon Diamond Version (USA, ADAE, header ROM version 5)","Pokémon Pearl Version (USA, APAE, header ROM version 5)",/poketool/personal/evo.narc,equal,272,272,,,85759b3811ff7dc47b03792ac85317be51431a3f9e01dcafce317ed736a391b0,85759b3811ff7dc47b03792ac85317be51431a3f9e01dcafce317ed736a391b0,44,44,,
"Pokémon Diamond Version (USA, ADAE, header ROM version 5)","Pokémon Pearl Version (USA, APAE, header ROM version 5)",/poketool/personal/evo.narc,equal,273,273,,,437ca446175e7fad555f3b59aa4df675e0b0575ab18f1baa16109f47f1118cf4,437ca446175e7fad555f3b59aa4df675e0b0575ab18f1baa16109f47f1118cf4,44,44,,
"Pokémon Diamond Version (USA, ADAE, header ROM version 5)","Pokémon Pearl Version (USA, APAE, header ROM version 5)",/poketool/personal/evo.narc,equal,274,274,,,91ce6cb040c52c24f10459e2acc157092427f23d27d67b0fa6491b275f7e855e,91ce6cb040c52c24f10459e2acc157092427f23d27d67b0fa6491b275f7e855e,44,44,,
"Pokémon Diamond Version (USA, ADAE, header ROM version 5)","Pokémon Pearl Version (USA, APAE, header ROM version 5)",/poketool/personal/evo.narc,equal,275,275,,,85759b3811ff7dc47b03792ac85317be51431a3f9e01dcafce317ed736a391b0,85759b3811ff7dc47b03792ac85317be51431a3f9e01dcafce317ed736a391b0,44,44,,
"Pokémon Diamond Version (USA, ADAE, header ROM version 5)","Pokémon Pearl Version (USA, APAE, header ROM version 5)",/poketool/personal/evo.narc,equal,276,276,,,39c892bb61d092459c9c9ae685163266d5610ccdadd0c249e823ad9ec024bf14,39c892bb61d092459c9c9ae685163266d5610ccdadd0c249e823ad9ec024bf14,44,44,,
"Pokémon Diamond Version (USA, ADAE, header ROM version 5)","Pokémon Pearl Version (USA, APAE, header ROM version 5)",/poketool/personal/evo.narc,equal,277,277,,,85759b3811ff7dc47b03792ac85317be51431a3f9e01dcafce317ed736a391b0,85759b3811ff7dc47b03792ac85317be51431a3f9e01dcafce317ed736a391b0,44,44,,
"Pokémon Diamond Version (USA, ADAE, header ROM version 5)","Pokémon Pearl Version (USA, APAE, header ROM version 5)",/poketool/personal/evo.narc,equal,278,278,,,ebaef28b0689d627e47a56b1d840e942546c9fa68984fe023edf287fbbaa9640,ebaef28b0689d627e47a56b1d840e942546c9fa68984fe023edf287fbbaa9640,44,44,,
"Pokémon Diamond Version (USA, ADAE, header ROM version 5)","Pokémon Pearl Version (USA, APAE, header ROM version 5)",/poketool/personal/evo.narc,equal,279,279,,,85759b3811ff7dc47b03792ac85317be51431a3f9e01dcafce317ed736a391b0,85759b3811ff7dc47b03792ac85317be51431a3f9e01dcafce317ed736a391b0,44,44,,
"Pokémon Diamond Version (USA, ADAE, header ROM version 5)","Pokémon Pearl Version (USA, APAE, header ROM version 5)",/poketool/personal/evo.narc,equal,280,280,,,38153cf3a3d5c3019d44e0dc7dc613cf974f691cd45f04c025422e935076697d,38153cf3a3d5c3019d44e0dc7dc613cf974f691cd45f04c025422e935076697d,44,44,,
"Pokémon Diamond Version (USA, ADAE, header ROM version 5)","Pokémon Pearl Version (USA, APAE, header ROM version 5)",/poketool/personal/evo.narc,equal,281,281,,,d97a5ce38d01a78564e834a37fd9e6e64cd8f92ace0bb04423deca47e52ab4e1,d97a5ce38d01a78564e834a37fd9e6e64cd8f92ace0bb04423deca47e52ab4e1,44,44,,
"Pokémon Diamond Version (USA, ADAE, header ROM version 5)","Pokémon Pearl Version (USA, APAE, header ROM version 5)",/poketool/personal/evo.narc,equal,282,282,,,85759b3811ff7dc47b03792ac85317be51431a3f9e01dcafce317ed736a391b0,85759b3811ff7dc47b03792ac85317be51431a3f9e01dcafce317ed736a391b0,44,44,,
"Pokémon Diamond Version (USA, ADAE, header ROM version 5)","Pokémon Pearl Version (USA, APAE, header ROM version 5)",/poketool/personal/evo.narc,equal,283,283,,,a7d0c7b45ccdbc7e665904b3c067369daf88ef0060f0df8cd1497b40ad540152,a7d0c7b45ccdbc7e665904b3c067369daf88ef0060f0df8cd1497b40ad540152,44,44,,
"Pokémon Diamond Version (USA, ADAE, header ROM version 5)","Pokémon Pearl Version (USA, APAE, header ROM version 5)",/poketool/personal/evo.narc,equal,284,284,,,85759b3811ff7dc47b03792ac85317be51431a3f9e01dcafce317ed736a391b0,85759b3811ff7dc47b03792ac85317be51431a3f9e01dcafce317ed736a391b0,44,44,,
"Pokémon Diamond Version (USA, ADAE, header ROM version 5)","Pokémon Pearl Version (USA, APAE, header ROM version 5)",/poketool/personal/evo.narc,equal,285,285,,,113691ba06e84d55e552944c0dca9019faf5a26e65bc36220dc5bc3ce8553fb8,113691ba06e84d55e552944c0dca9019faf5a26e65bc36220dc5bc3ce8553fb8,44,44,,
"Pokémon Diamond Version (USA, ADAE, header ROM version 5)","Pokémon Pearl Version (USA, APAE, header ROM version 5)",/poketool/personal/evo.narc,equal,286,286,,,85759b3811ff7dc47b03792ac85317be51431a3f9e01dcafce317ed736a391b0,85759b3811ff7dc47b03792ac85317be51431a3f9e01dcafce317ed736a391b0,44,44,,
"Pokémon Diamond Version (USA, ADAE, header ROM version 5)","Pokémon Pearl Version (USA, APAE, header ROM version 5)",/poketool/personal/evo.narc,equal,287,287,,,1c74bfdf637b8ed5a7595c192e25546dcb888cc89aa47756825eaab3e299c158,1c74bfdf637b8ed5a7595c192e25546dcb888cc89aa47756825eaab3e299c158,44,44,,
"Pokémon Diamond Version (USA, ADAE, header ROM version 5)","Pokémon Pearl Version (USA, APAE, header ROM version 5)",/poketool/personal/evo.narc,equal,288,288,,,2a0b17692db20c1596f1428d3675d496fb29aa231569f621540c016144900ec5,2a0b17692db20c1596f1428d3675d496fb29aa231569f621540c016144900ec5,44,44,,
"Pokémon Diamond Version (USA, ADAE, header ROM version 5)","Pokémon Pearl Version (USA, APAE, header ROM version 5)",/poketool/personal/evo.narc,equal,289,289,,,85759b3811ff7dc47b03792ac85317be51431a3f9e01dcafce317ed736a391b0,85759b3811ff7dc47b03792ac85317be51431a3f9e01dcafce317ed736a391b0,44,44,,
"Pokémon Diamond Version (USA, ADAE, header ROM version 5)","Pokémon Pearl Version (USA, APAE, header ROM version 5)",/poketool/personal/evo.narc,equal,290,290,,,9b780804d50ba96af3de7790904ec798b0eb95378539f14fc67837b46f30f42d,9b780804d50ba96af3de7790904ec798b0eb95378539f14fc67837b46f30f42d,44,44,,
"Pokémon Diamond Version (USA, ADAE, header ROM version 5)","Pokémon Pearl Version (USA, APAE, header ROM version 5)",/poketool/personal/evo.narc,equal,291,291,,,85759b3811ff7dc47b03792ac85317be51431a3f9e01dcafce317ed736a391b0,85759b3811ff7dc47b03792ac85317be51431a3f9e01dcafce317ed736a391b0,44,44,,
"Pokémon Diamond Version (USA, ADAE, header ROM version 5)","Pokémon Pearl Version (USA, APAE, header ROM version 5)",/poketool/personal/evo.narc,equal,292,292,,,85759b3811ff7dc47b03792ac85317be51431a3f9e01dcafce317ed736a391b0,85759b3811ff7dc47b03792ac85317be51431a3f9e01dcafce317ed736a391b0,44,44,,
"Pokémon Diamond Version (USA, ADAE, header ROM version 5)","Pokémon Pearl Version (USA, APAE, header ROM version 5)",/poketool/personal/evo.narc,equal,293,293,,,b5a3b37b47030938709d36a59d16463d7076599d986e979bdb1710e9fa6cfe9a,b5a3b37b47030938709d36a59d16463d7076599d986e979bdb1710e9fa6cfe9a,44,44,,
"Pokémon Diamond Version (USA, ADAE, header ROM version 5)","Pokémon Pearl Version (USA, APAE, header ROM version 5)",/poketool/personal/evo.narc,equal,294,294,,,5f74fb080f65f845a1e8524223746e421671a747fc0346cae3843cea399b8ba7,5f74fb080f65f845a1e8524223746e421671a747fc0346cae3843cea399b8ba7,44,44,,
"Pokémon Diamond Version (USA, ADAE, header ROM version 5)","Pokémon Pearl Version (USA, APAE, header ROM version 5)",/poketool/personal/evo.narc,equal,295,295,,,85759b3811ff7dc47b03792ac85317be51431a3f9e01dcafce317ed736a391b0,85759b3811ff7dc47b03792ac85317be51431a3f9e01dcafce317ed736a391b0,44,44,,
"Pokémon Diamond Version (USA, ADAE, header ROM version 5)","Pokémon Pearl Version (USA, APAE, header ROM version 5)",/poketool/personal/evo.narc,equal,296,296,,,1c6339bd4394f344488520e73c312a5ada0f2966a9f1a0df2b99fe3517af62b4,1c6339bd4394f344488520e73c312a5ada0f2966a9f1a0df2b99fe3517af62b4,44,44,,
"Pokémon Diamond Version (USA, ADAE, header ROM version 5)","Pokémon Pearl Version (USA, APAE, header ROM version 5)",/poketool/personal/evo.narc,equal,297,297,,,85759b3811ff7dc47b03792ac85317be51431a3f9e01dcafce317ed736a391b0,85759b3811ff7dc47b03792ac85317be51431a3f9e01dcafce317ed736a391b0,44,44,,
"Pokémon Diamond Version (USA, ADAE, header ROM version 5)","Pokémon Pearl Version (USA, APAE, header ROM version 5)",/poketool/personal/evo.narc,equal,298,298,,,4a3468b6edf96147eebbe5ba1ffbafe0e53bcd235b039ef4781cccad58dbc4d6,4a3468b6edf96147eebbe5ba1ffbafe0e53bcd235b039ef4781cccad58dbc4d6,44,44,,
"Pokémon Diamond Version (USA, ADAE, header ROM version 5)","Pokémon Pearl Version (USA, APAE, header ROM version 5)",/poketool/personal/evo.narc,equal,299,299,,,7adc6965403740d0a48621e2e03e9d81c3c23fd882b06a31908f1bf1d33b214e,7adc6965403740d0a48621e2e03e9d81c3c23fd882b06a31908f1bf1d33b214e,44,44,,
"Pokémon Diamond Version (USA, ADAE, header ROM version 5)","Pokémon Pearl Version (USA, APAE, header ROM version 5)",/poketool/personal/evo.narc,equal,300,300,,,ee38892e68740efe85d656d879886bedf96e609b6b4255a8ad156d12795d6cd7,ee38892e68740efe85d656d879886bedf96e609b6b4255a8ad156d12795d6cd7,44,44,,
"Pokémon Diamond Version (USA, ADAE, header ROM version 5)","Pokémon Pearl Version (USA, APAE, header ROM version 5)",/poketool/personal/evo.narc,equal,301,301,,,85759b3811ff7dc47b03792ac85317be51431a3f9e01dcafce317ed736a391b0,85759b3811ff7dc47b03792ac85317be51431a3f9e01dcafce317ed736a391b0,44,44,,
"Pokémon Diamond Version (USA, ADAE, header ROM version 5)","Pokémon Pearl Version (USA, APAE, header ROM version 5)",/poketool/personal/evo.narc,equal,302,302,,,85759b3811ff7dc47b03792ac85317be51431a3f9e01dcafce317ed736a391b0,85759b3811ff7dc47b03792ac85317be51431a3f9e01dcafce317ed736a391b0,44,44,,
"Pokémon Diamond Version (USA, ADAE, header ROM version 5)","Pokémon Pearl Version (USA, APAE, header ROM version 5)",/poketool/personal/evo.narc,equal,303,303,,,85759b3811ff7dc47b03792ac85317be51431a3f9e01dcafce317ed736a391b0,85759b3811ff7dc47b03792ac85317be51431a3f9e01dcafce317ed736a391b0,44,44,,
"Pokémon Diamond Version (USA, ADAE, header ROM version 5)","Pokémon Pearl Version (USA, APAE, header ROM version 5)",/poketool/personal/evo.narc,equal,304,304,,,cd503ab861aad8e6c88902bf243506d95c95227e21e5384707d832a119bb27e4,cd503ab861aad8e6c88902bf243506d95c95227e21e5384707d832a119bb27e4,44,44,,
"Pokémon Diamond Version (USA, ADAE, header ROM version 5)","Pokémon Pearl Version (USA, APAE, header ROM version 5)",/poketool/personal/evo.narc,equal,305,305,,,28d5f7353f181d3c5c200dc27df1883f2b4946d20b203baf18f09fdee1e3870f,28d5f7353f181d3c5c200dc27df1883f2b4946d20b203baf18f09fdee1e3870f,44,44,,
"Pokémon Diamond Version (USA, ADAE, header ROM version 5)","Pokémon Pearl Version (USA, APAE, header ROM version 5)",/poketool/personal/evo.narc,equal,306,306,,,85759b3811ff7dc47b03792ac85317be51431a3f9e01dcafce317ed736a391b0,85759b3811ff7dc47b03792ac85317be51431a3f9e01dcafce317ed736a391b0,44,44,,
"Pokémon Diamond Version (USA, ADAE, header ROM version 5)","Pokémon Pearl Version (USA, APAE, header ROM version 5)",/poketool/personal/evo.narc,equal,307,307,,,c0632a1fdc94dc801b3d9c6eb9d3324380ea7e524bde872e8cce1a1bf901c61d,c0632a1fdc94dc801b3d9c6eb9d3324380ea7e524bde872e8cce1a1bf901c61d,44,44,,
"Pokémon Diamond Version (USA, ADAE, header ROM version 5)","Pokémon Pearl Version (USA, APAE, header ROM version 5)",/poketool/personal/evo.narc,equal,308,308,,,85759b3811ff7dc47b03792ac85317be51431a3f9e01dcafce317ed736a391b0,85759b3811ff7dc47b03792ac85317be51431a3f9e01dcafce317ed736a391b0,44,44,,
"Pokémon Diamond Version (USA, ADAE, header ROM version 5)","Pokémon Pearl Version (USA, APAE, header ROM version 5)",/poketool/personal/evo.narc,equal,309,309,,,89ea1775469a04c13366388bb9a02ad96b5c030748018cb3614a903f906cb7d7,89ea1775469a04c13366388bb9a02ad96b5c030748018cb3614a903f906cb7d7,44,44,,
"Pokémon Diamond Version (USA, ADAE, header ROM version 5)","Pokémon Pearl Version (USA, APAE, header ROM version 5)",/poketool/personal/evo.narc,equal,310,310,,,85759b3811ff7dc47b03792ac85317be51431a3f9e01dcafce317ed736a391b0,85759b3811ff7dc47b03792ac85317be51431a3f9e01dcafce317ed736a391b0,44,44,,
"Pokémon Diamond Version (USA, ADAE, header ROM version 5)","Pokémon Pearl Version (USA, APAE, header ROM version 5)",/poketool/personal/evo.narc,equal,311,311,,,85759b3811ff7dc47b03792ac85317be51431a3f9e01dcafce317ed736a391b0,85759b3811ff7dc47b03792ac85317be51431a3f9e01dcafce317ed736a391b0,44,44,,
"Pokémon Diamond Version (USA, ADAE, header ROM version 5)","Pokémon Pearl Version (USA, APAE, header ROM version 5)",/poketool/personal/evo.narc,equal,312,312,,,85759b3811ff7dc47b03792ac85317be51431a3f9e01dcafce317ed736a391b0,85759b3811ff7dc47b03792ac85317be51431a3f9e01dcafce317ed736a391b0,44,44,,
"Pokémon Diamond Version (USA, ADAE, header ROM version 5)","Pokémon Pearl Version (USA, APAE, header ROM version 5)",/poketool/personal/evo.narc,equal,313,313,,,85759b3811ff7dc47b03792ac85317be51431a3f9e01dcafce317ed736a391b0,85759b3811ff7dc47b03792ac85317be51431a3f9e01dcafce317ed736a391b0,44,44,,
"Pokémon Diamond Version (USA, ADAE, header ROM version 5)","Pokémon Pearl Version (USA, APAE, header ROM version 5)",/poketool/personal/evo.narc,equal,314,314,,,85759b3811ff7dc47b03792ac85317be51431a3f9e01dcafce317ed736a391b0,85759b3811ff7dc47b03792ac85317be51431a3f9e01dcafce317ed736a391b0,44,44,,
"Pokémon Diamond Version (USA, ADAE, header ROM version 5)","Pokémon Pearl Version (USA, APAE, header ROM version 5)",/poketool/personal/evo.narc,equal,315,315,,,03f7a7a1e6546371523959755f44ae8d4d6ed37e8ee48985fcb876b04bbf6b5c,03f7a7a1e6546371523959755f44ae8d4d6ed37e8ee48985fcb876b04bbf6b5c,44,44,,
"Pokémon Diamond Version (USA, ADAE, header ROM version 5)","Pokémon Pearl Version (USA, APAE, header ROM version 5)",/poketool/personal/evo.narc,equal,316,316,,,527f088ae6712771ead74f8fe55cd64746ce433b668d86cc82c2d86235728080,527f088ae6712771ead74f8fe55cd64746ce433b668d86cc82c2d86235728080,44,44,,
"Pokémon Diamond Version (USA, ADAE, header ROM version 5)","Pokémon Pearl Version (USA, APAE, header ROM version 5)",/poketool/personal/evo.narc,equal,317,317,,,85759b3811ff7dc47b03792ac85317be51431a3f9e01dcafce317ed736a391b0,85759b3811ff7dc47b03792ac85317be51431a3f9e01dcafce317ed736a391b0,44,44,,
"Pokémon Diamond Version (USA, ADAE, header ROM version 5)","Pokémon Pearl Version (USA, APAE, header ROM version 5)",/poketool/personal/evo.narc,equal,318,318,,,db1852a20d1151741fc003027a4b7dcf1e366dd1bce117d115b7436c372d2e17,db1852a20d1151741fc003027a4b7dcf1e366dd1bce117d115b7436c372d2e17,44,44,,
"Pokémon Diamond Version (USA, ADAE, header ROM version 5)","Pokémon Pearl Version (USA, APAE, header ROM version 5)",/poketool/personal/evo.narc,equal,319,319,,,85759b3811ff7dc47b03792ac85317be51431a3f9e01dcafce317ed736a391b0,85759b3811ff7dc47b03792ac85317be51431a3f9e01dcafce317ed736a391b0,44,44,,
"Pokémon Diamond Version (USA, ADAE, header ROM version 5)","Pokémon Pearl Version (USA, APAE, header ROM version 5)",/poketool/personal/evo.narc,equal,320,320,,,675a14eefd031b4e863ef714ed8462ea20bc0e7d23f1e5631104d79667d0ea90,675a14eefd031b4e863ef714ed8462ea20bc0e7d23f1e5631104d79667d0ea90,44,44,,
"Pokémon Diamond Version (USA, ADAE, header ROM version 5)","Pokémon Pearl Version (USA, APAE, header ROM version 5)",/poketool/personal/evo.narc,equal,321,321,,,85759b3811ff7dc47b03792ac85317be51431a3f9e01dcafce317ed736a391b0,85759b3811ff7dc47b03792ac85317be51431a3f9e01dcafce317ed736a391b0,44,44,,
"Pokémon Diamond Version (USA, ADAE, header ROM version 5)","Pokémon Pearl Version (USA, APAE, header ROM version 5)",/poketool/personal/evo.narc,equal,322,322,,,fb8dcc661f66cdfd8bc8c90c97cb815c21cb6980b0e20775637cebe5218176a6,fb8dcc661f66cdfd8bc8c90c97cb815c21cb6980b0e20775637cebe5218176a6,44,44,,
"Pokémon Diamond Version (USA, ADAE, header ROM version 5)","Pokémon Pearl Version (USA, APAE, header ROM version 5)",/poketool/personal/evo.narc,equal,323,323,,,85759b3811ff7dc47b03792ac85317be51431a3f9e01dcafce317ed736a391b0,85759b3811ff7dc47b03792ac85317be51431a3f9e01dcafce317ed736a391b0,44,44,,
"Pokémon Diamond Version (USA, ADAE, header ROM version 5)","Pokémon Pearl Version (USA, APAE, header ROM version 5)",/poketool/personal/evo.narc,equal,324,324,,,85759b3811ff7dc47b03792ac85317be51431a3f9e01dcafce317ed736a391b0,85759b3811ff7dc47b03792ac85317be51431a3f9e01dcafce317ed736a391b0,44,44,,
"Pokémon Diamond Version (USA, ADAE, header ROM version 5)","Pokémon Pearl Version (USA, APAE, header ROM version 5)",/poketool/personal/evo.narc,equal,325,325,,,2f82096c93155abc89105b99b9f09080f4e435ef86603282cb45db3b2eb716c8,2f82096c93155abc89105b99b9f09080f4e435ef86603282cb45db3b2eb716c8,44,44,,
"Pokémon Diamond Version (USA, ADAE, header ROM version 5)","Pokémon Pearl Version (USA, APAE, header ROM version 5)",/poketool/personal/evo.narc,equal,326,326,,,85759b3811ff7dc47b03792ac85317be51431a3f9e01dcafce317ed736a391b0,85759b3811ff7dc47b03792ac85317be51431a3f9e01dcafce317ed736a391b0,44,44,,
"Pokémon Diamond Version (USA, ADAE, header ROM version 5)","Pokémon Pearl Version (USA, APAE, header ROM version 5)",/poketool/personal/evo.narc,equal,327,327,,,85759b3811ff7dc47b03792ac85317be51431a3f9e01dcafce317ed736a391b0,85759b3811ff7dc47b03792ac85317be51431a3f9e01dcafce317ed736a391b0,44,44,,
"Pokémon Diamond Version (USA, ADAE, header ROM version 5)","Pokémon Pearl Version (USA, APAE, header ROM version 5)",/poketool/personal/evo.narc,equal,328,328,,,caf03af6b27d0ebe42bce000ae9d8cccc8fe9cb124b4a18d968d1edc1de7c270,caf03af6b27d0ebe42bce000ae9d8cccc8fe9cb124b4a18d968d1edc1de7c270,44,44,,
"Pokémon Diamond Version (USA, ADAE, header ROM version 5)","Pokémon Pearl Version (USA, APAE, header ROM version 5)",/poketool/personal/evo.narc,equal,329,329,,,49ea89bc24f2449553de0b481e4160585cd8969b9108f13d0f5df3e61498d16a,49ea89bc24f2449553de0b481e4160585cd8969b9108f13d0f5df3e61498d16a,44,44,,
"Pokémon Diamond Version (USA, ADAE, header ROM version 5)","Pokémon Pearl Version (USA, APAE, header ROM version 5)",/poketool/personal/evo.narc,equal,330,330,,,85759b3811ff7dc47b03792ac85317be51431a3f9e01dcafce317ed736a391b0,85759b3811ff7dc47b03792ac85317be51431a3f9e01dcafce317ed736a391b0,44,44,,
"Pokémon Diamond Version (USA, ADAE, header ROM version 5)","Pokémon Pearl Version (USA, APAE, header ROM version 5)",/poketool/personal/evo.narc,equal,331,331,,,20cf120d03e180d9755e60e88dff95af056e7d622d971e64c63f27d0988a854c,20cf120d03e180d9755e60e88dff95af056e7d622d971e64c63f27d0988a854c,44,44,,
"Pokémon Diamond Version (USA, ADAE, header ROM version 5)","Pokémon Pearl Version (USA, APAE, header ROM version 5)",/poketool/personal/evo.narc,equal,332,332,,,85759b3811ff7dc47b03792ac85317be51431a3f9e01dcafce317ed736a391b0,85759b3811ff7dc47b03792ac85317be51431a3f9e01dcafce317ed736a391b0,44,44,,
"Pokémon Diamond Version (USA, ADAE, header ROM version 5)","Pokémon Pearl Version (USA, APAE, header ROM version 5)",/poketool/personal/evo.narc,equal,333,333,,,f61a174f9f63994fa8cc63498935cd5aadfbe85c186dc77ec25c3337de22a695,f61a174f9f63994fa8cc63498935cd5aadfbe85c186dc77ec25c3337de22a695,44,44,,
"Pokémon Diamond Version (USA, ADAE, header ROM version 5)","Pokémon Pearl Version (USA, APAE, header ROM version 5)",/poketool/personal/evo.narc,equal,334,334,,,85759b3811ff7dc47b03792ac85317be51431a3f9e01dcafce317ed736a391b0,85759b3811ff7dc47b03792ac85317be51431a3f9e01dcafce317ed736a391b0,44,44,,
"Pokémon Diamond Version (USA, ADAE, header ROM version 5)","Pokémon Pearl Version (USA, APAE, header ROM version 5)",/poketool/personal/evo.narc,equal,335,335,,,85759b3811ff7dc47b03792ac85317be51431a3f9e01dcafce317ed736a391b0,85759b3811ff7dc47b03792ac85317be51431a3f9e01dcafce317ed736a391b0,44,44,,
"Pokémon Diamond Version (USA, ADAE, header ROM version 5)","Pokémon Pearl Version (USA, APAE, header ROM version 5)",/poketool/personal/evo.narc,equal,336,336,,,85759b3811ff7dc47b03792ac85317be51431a3f9e01dcafce317ed736a391b0,85759b3811ff7dc47b03792ac85317be51431a3f9e01dcafce317ed736a391b0,44,44,,
"Pokémon Diamond Version (USA, ADAE, header ROM version 5)","Pokémon Pearl Version (USA, APAE, header ROM version 5)",/poketool/personal/evo.narc,equal,337,337,,,85759b3811ff7dc47b03792ac85317be51431a3f9e01dcafce317ed736a391b0,85759b3811ff7dc47b03792ac85317be51431a3f9e01dcafce317ed736a391b0,44,44,,
"Pokémon Diamond Version (USA, ADAE, header ROM version 5)","Pokémon Pearl Version (USA, APAE, header ROM version 5)",/poketool/personal/evo.narc,equal,338,338,,,85759b3811ff7dc47b03792ac85317be51431a3f9e01dcafce317ed736a391b0,85759b3811ff7dc47b03792ac85317be51431a3f9e01dcafce317ed736a391b0,44,44,,
"Pokémon Diamond Version (USA, ADAE, header ROM version 5)","Pokémon Pearl Version (USA, APAE, header ROM version 5)",/poketool/personal/evo.narc,equal,339,339,,,068e1b1bc44d43a91e78342b80656ee160c129fc2bacb1bcd647ba6ed0cf3e0f,068e1b1bc44d43a91e78342b80656ee160c129fc2bacb1bcd647ba6ed0cf3e0f,44,44,,
"Pokémon Diamond Version (USA, ADAE, header ROM version 5)","Pokémon Pearl Version (USA, APAE, header ROM version 5)",/poketool/personal/evo.narc,equal,340,340,,,85759b3811ff7dc47b03792ac85317be51431a3f9e01dcafce317ed736a391b0,85759b3811ff7dc47b03792ac85317be51431a3f9e01dcafce317ed736a391b0,44,44,,
"Pokémon Diamond Version (USA, ADAE, header ROM version 5)","Pokémon Pearl Version (USA, APAE, header ROM version 5)",/poketool/personal/evo.narc,equal,341,341,,,5bb54d312dfaaeb2ed5aa8ed341aab5ae384545d394341e9629d1e998d44eb3d,5bb54d312dfaaeb2ed5aa8ed341aab5ae384545d394341e9629d1e998d44eb3d,44,44,,
"Pokémon Diamond Version (USA, ADAE, header ROM version 5)","Pokémon Pearl Version (USA, APAE, header ROM version 5)",/poketool/personal/evo.narc,equal,342,342,,,85759b3811ff7dc47b03792ac85317be51431a3f9e01dcafce317ed736a391b0,85759b3811ff7dc47b03792ac85317be51431a3f9e01dcafce317ed736a391b0,44,44,,
"Pokémon Diamond Version (USA, ADAE, header ROM version 5)","Pokémon Pearl Version (USA, APAE, header ROM version 5)",/poketool/personal/evo.narc,equal,343,343,,,e2e015036e185b222e01140e5412efe7084552e04a5b9b7e3aef2e30cbb5ab43,e2e015036e185b222e01140e5412efe7084552e04a5b9b7e3aef2e30cbb5ab43,44,44,,
"Pokémon Diamond Version (USA, ADAE, header ROM version 5)","Pokémon Pearl Version (USA, APAE, header ROM version 5)",/poketool/personal/evo.narc,equal,344,344,,,85759b3811ff7dc47b03792ac85317be51431a3f9e01dcafce317ed736a391b0,85759b3811ff7dc47b03792ac85317be51431a3f9e01dcafce317ed736a391b0,44,44,,
"Pokémon Diamond Version (USA, ADAE, header ROM version 5)","Pokémon Pearl Version (USA, APAE, header ROM version 5)",/poketool/personal/evo.narc,equal,345,345,,,6babe3007147e419adbe83f218f23d0ce49fdd6298753290be296c020b51e469,6babe3007147e419adbe83f218f23d0ce49fdd6298753290be296c020b51e469,44,44,,
"Pokémon Diamond Version (USA, ADAE, header ROM version 5)","Pokémon Pearl Version (USA, APAE, header ROM version 5)",/poketool/personal/evo.narc,equal,346,346,,,85759b3811ff7dc47b03792ac85317be51431a3f9e01dcafce317ed736a391b0,85759b3811ff7dc47b03792ac85317be51431a3f9e01dcafce317ed736a391b0,44,44,,
"Pokémon Diamond Version (USA, ADAE, header ROM version 5)","Pokémon Pearl Version (USA, APAE, header ROM version 5)",/poketool/personal/evo.narc,equal,347,347,,,51d6ffe49d6b2c24547a138a86d077818ff229c3baa0ab087c843bed6e611a79,51d6ffe49d6b2c24547a138a86d077818ff229c3baa0ab087c843bed6e611a79,44,44,,
"Pokémon Diamond Version (USA, ADAE, header ROM version 5)","Pokémon Pearl Version (USA, APAE, header ROM version 5)",/poketool/personal/evo.narc,equal,348,348,,,85759b3811ff7dc47b03792ac85317be51431a3f9e01dcafce317ed736a391b0,85759b3811ff7dc47b03792ac85317be51431a3f9e01dcafce317ed736a391b0,44,44,,
"Pokémon Diamond Version (USA, ADAE, header ROM version 5)","Pokémon Pearl Version (USA, APAE, header ROM version 5)",/poketool/personal/evo.narc,equal,349,349,,,c698513958db0dc0ee678cfb043c30339371bb4a2e869e30543b7a77e90730bc,c698513958db0dc0ee678cfb043c30339371bb4a2e869e30543b7a77e90730bc,44,44,,
"Pokémon Diamond Version (USA, ADAE, header ROM version 5)","Pokémon Pearl Version (USA, APAE, header ROM version 5)",/poketool/personal/evo.narc,equal,350,350,,,85759b3811ff7dc47b03792ac85317be51431a3f9e01dcafce317ed736a391b0,85759b3811ff7dc47b03792ac85317be51431a3f9e01dcafce317ed736a391b0,44,44,,
"Pokémon Diamond Version (USA, ADAE, header ROM version 5)","Pokémon Pearl Version (USA, APAE, header ROM version 5)",/poketool/personal/evo.narc,equal,351,351,,,85759b3811ff7dc47b03792ac85317be51431a3f9e01dcafce317ed736a391b0,85759b3811ff7dc47b03792ac85317be51431a3f9e01dcafce317ed736a391b0,44,44,,
"Pokémon Diamond Version (USA, ADAE, header ROM version 5)","Pokémon Pearl Version (USA, APAE, header ROM version 5)",/poketool/personal/evo.narc,equal,352,352,,,85759b3811ff7dc47b03792ac85317be51431a3f9e01dcafce317ed736a391b0,85759b3811ff7dc47b03792ac85317be51431a3f9e01dcafce317ed736a391b0,44,44,,
"Pokémon Diamond Version (USA, ADAE, header ROM version 5)","Pokémon Pearl Version (USA, APAE, header ROM version 5)",/poketool/personal/evo.narc,equal,353,353,,,e23680b77c02ad8d9caee8080227636067533ad4e8c7af8513dde5730b218791,e23680b77c02ad8d9caee8080227636067533ad4e8c7af8513dde5730b218791,44,44,,
"Pokémon Diamond Version (USA, ADAE, header ROM version 5)","Pokémon Pearl Version (USA, APAE, header ROM version 5)",/poketool/personal/evo.narc,equal,354,354,,,85759b3811ff7dc47b03792ac85317be51431a3f9e01dcafce317ed736a391b0,85759b3811ff7dc47b03792ac85317be51431a3f9e01dcafce317ed736a391b0,44,44,,
"Pokémon Diamond Version (USA, ADAE, header ROM version 5)","Pokémon Pearl Version (USA, APAE, header ROM version 5)",/poketool/personal/evo.narc,equal,355,355,,,8400547297dc5cfc3b2e6372b247bafe8f2eec6c61018fae0d0d2ccfbcd71451,8400547297dc5cfc3b2e6372b247bafe8f2eec6c61018fae0d0d2ccfbcd71451,44,44,,
"Pokémon Diamond Version (USA, ADAE, header ROM version 5)","Pokémon Pearl Version (USA, APAE, header ROM version 5)",/poketool/personal/evo.narc,equal,356,356,,,73f8b5432f11c03ccbf61594ba5f447f30492ed54543d33db743c30f6a976181,73f8b5432f11c03ccbf61594ba5f447f30492ed54543d33db743c30f6a976181,44,44,,
"Pokémon Diamond Version (USA, ADAE, header ROM version 5)","Pokémon Pearl Version (USA, APAE, header ROM version 5)",/poketool/personal/evo.narc,equal,357,357,,,85759b3811ff7dc47b03792ac85317be51431a3f9e01dcafce317ed736a391b0,85759b3811ff7dc47b03792ac85317be51431a3f9e01dcafce317ed736a391b0,44,44,,
"Pokémon Diamond Version (USA, ADAE, header ROM version 5)","Pokémon Pearl Version (USA, APAE, header ROM version 5)",/poketool/personal/evo.narc,equal,358,358,,,85759b3811ff7dc47b03792ac85317be51431a3f9e01dcafce317ed736a391b0,85759b3811ff7dc47b03792ac85317be51431a3f9e01dcafce317ed736a391b0,44,44,,
"Pokémon Diamond Version (USA, ADAE, header ROM version 5)","Pokémon Pearl Version (USA, APAE, header ROM version 5)",/poketool/personal/evo.narc,equal,359,359,,,85759b3811ff7dc47b03792ac85317be51431a3f9e01dcafce317ed736a391b0,85759b3811ff7dc47b03792ac85317be51431a3f9e01dcafce317ed736a391b0,44,44,,
"Pokémon Diamond Version (USA, ADAE, header ROM version 5)","Pokémon Pearl Version (USA, APAE, header ROM version 5)",/poketool/personal/evo.narc,equal,360,360,,,b7a670b66f8878503e8f8a185db45b8c550ba5f69bdb4cb8286ee445fac7dcba,b7a670b66f8878503e8f8a185db45b8c550ba5f69bdb4cb8286ee445fac7dcba,44,44,,
"Pokémon Diamond Version (USA, ADAE, header ROM version 5)","Pokémon Pearl Version (USA, APAE, header ROM version 5)",/poketool/personal/evo.narc,equal,361,361,,,787eef1377e1edd57b74786a5d35596e29d2afcf5cc7441cdb22f1980ff37a19,787eef1377e1edd57b74786a5d35596e29d2afcf5cc7441cdb22f1980ff37a19,44,44,,
"Pokémon Diamond Version (USA, ADAE, header ROM version 5)","Pokémon Pearl Version (USA, APAE, header ROM version 5)",/poketool/personal/evo.narc,equal,362,362,,,85759b3811ff7dc47b03792ac85317be51431a3f9e01dcafce317ed736a391b0,85759b3811ff7dc47b03792ac85317be51431a3f9e01dcafce317ed736a391b0,44,44,,
"Pokémon Diamond Version (USA, ADAE, header ROM version 5)","Pokémon Pearl Version (USA, APAE, header ROM version 5)",/poketool/personal/evo.narc,equal,363,363,,,81eb0c7fbad7555655f10cac510db47e71985ed420ef654790d2b3ac2a7c361d,81eb0c7fbad7555655f10cac510db47e71985ed420ef654790d2b3ac2a7c361d,44,44,,
"Pokémon Diamond Version (USA, ADAE, header ROM version 5)","Pokémon Pearl Version (USA, APAE, header ROM version 5)",/poketool/personal/evo.narc,equal,364,364,,,f788c58c34cfb7cbc2e665dd2618c886aa3de9d6a0ece7559b3109fa9f9ee0f7,f788c58c34cfb7cbc2e665dd2618c886aa3de9d6a0ece7559b3109fa9f9ee0f7,44,44,,
"Pokémon Diamond Version (USA, ADAE, header ROM version 5)","Pokémon Pearl Version (USA, APAE, header ROM version 5)",/poketool/personal/evo.narc,equal,365,365,,,85759b3811ff7dc47b03792ac85317be51431a3f9e01dcafce317ed736a391b0,85759b3811ff7dc47b03792ac85317be51431a3f9e01dcafce317ed736a391b0,44,44,,
"Pokémon Diamond Version (USA, ADAE, header ROM version 5)","Pokémon Pearl Version (USA, APAE, header ROM version 5)",/poketool/personal/evo.narc,equal,366,366,,,6f800073c7de1e18d7703233f7455a54c616930dff4a5c32813822959be484f5,6f800073c7de1e18d7703233f7455a54c616930dff4a5c32813822959be484f5,44,44,,
"Pokémon Diamond Version (USA, ADAE, header ROM version 5)","Pokémon Pearl Version (USA, APAE, header ROM version 5)",/poketool/personal/evo.narc,equal,367,367,,,85759b3811ff7dc47b03792ac85317be51431a3f9e01dcafce317ed736a391b0,85759b3811ff7dc47b03792ac85317be51431a3f9e01dcafce317ed736a391b0,44,44,,
"Pokémon Diamond Version (USA, ADAE, header ROM version 5)","Pokémon Pearl Version (USA, APAE, header ROM version 5)",/poketool/personal/evo.narc,equal,368,368,,,85759b3811ff7dc47b03792ac85317be51431a3f9e01dcafce317ed736a391b0,85759b3811ff7dc47b03792ac85317be51431a3f9e01dcafce317ed736a391b0,44,44,,
"Pokémon Diamond Version (USA, ADAE, header ROM version 5)","Pokémon Pearl Version (USA, APAE, header ROM version 5)",/poketool/personal/evo.narc,equal,369,369,,,85759b3811ff7dc47b03792ac85317be51431a3f9e01dcafce317ed736a391b0,85759b3811ff7dc47b03792ac85317be51431a3f9e01dcafce317ed736a391b0,44,44,,
"Pokémon Diamond Version (USA, ADAE, header ROM version 5)","Pokémon Pearl Version (USA, APAE, header ROM version 5)",/poketool/personal/evo.narc,equal,370,370,,,85759b3811ff7dc47b03792ac85317be51431a3f9e01dcafce317ed736a391b0,85759b3811ff7dc47b03792ac85317be51431a3f9e01dcafce317ed736a391b0,44,44,,
"Pokémon Diamond Version (USA, ADAE, header ROM version 5)","Pokémon Pearl Version (USA, APAE, header ROM version 5)",/poketool/personal/evo.narc,equal,371,371,,,81c1293c0515f2e59be2e5bcf36f08516052693b82a2a25368fbe5351eba1694,81c1293c0515f2e59be2e5bcf36f08516052693b82a2a25368fbe5351eba1694,44,44,,
"Pokémon Diamond Version (USA, ADAE, header ROM version 5)","Pokémon Pearl Version (USA, APAE, header ROM version 5)",/poketool/personal/evo.narc,equal,372,372,,,6c5a4dd75ffd1ffec682029ba7ed0e6a2468dd9f97de7e37941dbd0c7ba3d47e,6c5a4dd75ffd1ffec682029ba7ed0e6a2468dd9f97de7e37941dbd0c7ba3d47e,44,44,,
"Pokémon Diamond Version (USA, ADAE, header ROM version 5)","Pokémon Pearl Version (USA, APAE, header ROM version 5)",/poketool/personal/evo.narc,equal,373,373,,,85759b3811ff7dc47b03792ac85317be51431a3f9e01dcafce317ed736a391b0,85759b3811ff7dc47b03792ac85317be51431a3f9e01dcafce317ed736a391b0,44,44,,
"Pokémon Diamond Version (USA, ADAE, header ROM version 5)","Pokémon Pearl Version (USA, APAE, header ROM version 5)",/poketool/personal/evo.narc,equal,374,374,,,5b8018a806342ca1ecb76c43aa7fed3555f44b9e79b6167d221146ede89c26e4,5b8018a806342ca1ecb76c43aa7fed3555f44b9e79b6167d221146ede89c26e4,44,44,,
"Pokémon Diamond Version (USA, ADAE, header ROM version 5)","Pokémon Pearl Version (USA, APAE, header ROM version 5)",/poketool/personal/evo.narc,equal,375,375,,,6258dd415c1f30d372309210664c7eb6de9dee954443337be8fb7f2027d61160,6258dd415c1f30d372309210664c7eb6de9dee954443337be8fb7f2027d61160,44,44,,
"Pokémon Diamond Version (USA, ADAE, header ROM version 5)","Pokémon Pearl Version (USA, APAE, header ROM version 5)",/poketool/personal/evo.narc,equal,376,376,,,85759b3811ff7dc47b03792ac85317be51431a3f9e01dcafce317ed736a391b0,85759b3811ff7dc47b03792ac85317be51431a3f9e01dcafce317ed736a391b0,44,44,,
"Pokémon Diamond Version (USA, ADAE, header ROM version 5)","Pokémon Pearl Version (USA, APAE, header ROM version 5)",/poketool/personal/evo.narc,equal,377,377,,,85759b3811ff7dc47b03792ac85317be51431a3f9e01dcafce317ed736a391b0,85759b3811ff7dc47b03792ac85317be51431a3f9e01dcafce317ed736a391b0,44,44,,
"Pokémon Diamond Version (USA, ADAE, header ROM version 5)","Pokémon Pearl Version (USA, APAE, header ROM version 5)",/poketool/personal/evo.narc,equal,378,378,,,85759b3811ff7dc47b03792ac85317be51431a3f9e01dcafce317ed736a391b0,85759b3811ff7dc47b03792ac85317be51431a3f9e01dcafce317ed736a391b0,44,44,,
"Pokémon Diamond Version (USA, ADAE, header ROM version 5)","Pokémon Pearl Version (USA, APAE, header ROM version 5)",/poketool/personal/evo.narc,equal,379,379,,,85759b3811ff7dc47b03792ac85317be51431a3f9e01dcafce317ed736a391b0,85759b3811ff7dc47b03792ac85317be51431a3f9e01dcafce317ed736a391b0,44,44,,
"Pokémon Diamond Version (USA, ADAE, header ROM version 5)","Pokémon Pearl Version (USA, APAE, header ROM version 5)",/poketool/personal/evo.narc,equal,380,380,,,85759b3811ff7dc47b03792ac85317be51431a3f9e01dcafce317ed736a391b0,85759b3811ff7dc47b03792ac85317be51431a3f9e01dcafce317ed736a391b0,44,44,,
"Pokémon Diamond Version (USA, ADAE, header ROM version 5)","Pokémon Pearl Version (USA, APAE, header ROM version 5)",/poketool/personal/evo.narc,equal,381,381,,,85759b3811ff7dc47b03792ac85317be51431a3f9e01dcafce317ed736a391b0,85759b3811ff7dc47b03792ac85317be51431a3f9e01dcafce317ed736a391b0,44,44,,
"Pokémon Diamond Version (USA, ADAE, header ROM version 5)","Pokémon Pearl Version (USA, APAE, header ROM version 5)",/poketool/personal/evo.narc,equal,382,382,,,85759b3811ff7dc47b03792ac85317be51431a3f9e01dcafce317ed736a391b0,85759b3811ff7dc47b03792ac85317be51431a3f9e01dcafce317ed736a391b0,44,44,,
"Pokémon Diamond Version (USA, ADAE, header ROM version 5)","Pokémon Pearl Version (USA, APAE, header ROM version 5)",/poketool/personal/evo.narc,equal,383,383,,,85759b3811ff7dc47b03792ac85317be51431a3f9e01dcafce317ed736a391b0,85759b3811ff7dc47b03792ac85317be51431a3f9e01dcafce317ed736a391b0,44,44,,
"Pokémon Diamond Version (USA, ADAE, header ROM version 5)","Pokémon Pearl Version (USA, APAE, header ROM version 5)",/poketool/personal/evo.narc,equal,384,384,,,85759b3811ff7dc47b03792ac85317be51431a3f9e01dcafce317ed736a391b0,85759b3811ff7dc47b03792ac85317be51431a3f9e01dcafce317ed736a391b0,44,44,,
"Pokémon Diamond Version (USA, ADAE, header ROM version 5)","Pokémon Pearl Version (USA, APAE, header ROM version 5)",/poketool/personal/evo.narc,equal,385,385,,,85759b3811ff7dc47b03792ac85317be51431a3f9e01dcafce317ed736a391b0,85759b3811ff7dc47b03792ac85317be51431a3f9e01dcafce317ed736a391b0,44,44,,
"Pokémon Diamond Version (USA, ADAE, header ROM version 5)","Pokémon Pearl Version (USA, APAE, header ROM version 5)",/poketool/personal/evo.narc,equal,386,386,,,85759b3811ff7dc47b03792ac85317be51431a3f9e01dcafce317ed736a391b0,85759b3811ff7dc47b03792ac85317be51431a3f9e01dcafce317ed736a391b0,44,44,,
"Pokémon Diamond Version (USA, ADAE, header ROM version 5)","Pokémon Pearl Version (USA, APAE, header ROM version 5)",/poketool/personal/evo.narc,equal,387,387,,,81c48a0b7e2a2f7a28b04639a87f369c4b061d7866756c4699944a62a4537c1a,81c48a0b7e2a2f7a28b04639a87f369c4b061d7866756c4699944a62a4537c1a,44,44,,
"Pokémon Diamond Version (USA, ADAE, header ROM version 5)","Pokémon Pearl Version (USA, APAE, header ROM version 5)",/poketool/personal/evo.narc,equal,388,388,,,993952b9f115d46935231e94678bb8feb051597a959d7dddbbf45bd3e878b3f6,993952b9f115d46935231e94678bb8feb051597a959d7dddbbf45bd3e878b3f6,44,44,,
"Pokémon Diamond Version (USA, ADAE, header ROM version 5)","Pokémon Pearl Version (USA, APAE, header ROM version 5)",/poketool/personal/evo.narc,equal,389,389,,,85759b3811ff7dc47b03792ac85317be51431a3f9e01dcafce317ed736a391b0,85759b3811ff7dc47b03792ac85317be51431a3f9e01dcafce317ed736a391b0,44,44,,
"Pokémon Diamond Version (USA, ADAE, header ROM version 5)","Pokémon Pearl Version (USA, APAE, header ROM version 5)",/poketool/personal/evo.narc,equal,390,390,,,5fe64f1311db6c3fceaee915b8f8c88e9b8fa6ce1b7fca6ae6960cb1e7fa5c0d,5fe64f1311db6c3fceaee915b8f8c88e9b8fa6ce1b7fca6ae6960cb1e7fa5c0d,44,44,,
"Pokémon Diamond Version (USA, ADAE, header ROM version 5)","Pokémon Pearl Version (USA, APAE, header ROM version 5)",/poketool/personal/evo.narc,equal,391,391,,,f2f9ed2201734021b4b425af2805be24e37eefcdfff5eeb79ddaa373002389b8,f2f9ed2201734021b4b425af2805be24e37eefcdfff5eeb79ddaa373002389b8,44,44,,
"Pokémon Diamond Version (USA, ADAE, header ROM version 5)","Pokémon Pearl Version (USA, APAE, header ROM version 5)",/poketool/personal/evo.narc,equal,392,392,,,85759b3811ff7dc47b03792ac85317be51431a3f9e01dcafce317ed736a391b0,85759b3811ff7dc47b03792ac85317be51431a3f9e01dcafce317ed736a391b0,44,44,,
"Pokémon Diamond Version (USA, ADAE, header ROM version 5)","Pokémon Pearl Version (USA, APAE, header ROM version 5)",/poketool/personal/evo.narc,equal,393,393,,,10bc0b0636471e8ebaf82cf1e16ba1c7c80a060e00b00354053c2ce7c10ecc47,10bc0b0636471e8ebaf82cf1e16ba1c7c80a060e00b00354053c2ce7c10ecc47,44,44,,
"Pokémon Diamond Version (USA, ADAE, header ROM version 5)","Pokémon Pearl Version (USA, APAE, header ROM version 5)",/poketool/personal/evo.narc,equal,394,394,,,82f0edfff8bb9e41ddb043cc27f6d1ab92a87c69a87f3c60d863de85a1bec81c,82f0edfff8bb9e41ddb043cc27f6d1ab92a87c69a87f3c60d863de85a1bec81c,44,44,,
"Pokémon Diamond Version (USA, ADAE, header ROM version 5)","Pokémon Pearl Version (USA, APAE, header ROM version 5)",/poketool/personal/evo.narc,equal,395,395,,,85759b3811ff7dc47b03792ac85317be51431a3f9e01dcafce317ed736a391b0,85759b3811ff7dc47b03792ac85317be51431a3f9e01dcafce317ed736a391b0,44,44,,
"Pokémon Diamond Version (USA, ADAE, header ROM version 5)","Pokémon Pearl Version (USA, APAE, header ROM version 5)",/poketool/personal/evo.narc,equal,396,396,,,f16aeccd4392cf513cc900b6d4528893ee1cbd7a8a80a3a2409d5f9b6b7bdbce,f16aeccd4392cf513cc900b6d4528893ee1cbd7a8a80a3a2409d5f9b6b7bdbce,44,44,,
"Pokémon Diamond Version (USA, ADAE, header ROM version 5)","Pokémon Pearl Version (USA, APAE, header ROM version 5)",/poketool/personal/evo.narc,equal,397,397,,,a4c0a0eff8b971eff04a35e858d63ae01efb2785834225d3c98a5bc75549d2f2,a4c0a0eff8b971eff04a35e858d63ae01efb2785834225d3c98a5bc75549d2f2,44,44,,
"Pokémon Diamond Version (USA, ADAE, header ROM version 5)","Pokémon Pearl Version (USA, APAE, header ROM version 5)",/poketool/personal/evo.narc,equal,398,398,,,85759b3811ff7dc47b03792ac85317be51431a3f9e01dcafce317ed736a391b0,85759b3811ff7dc47b03792ac85317be51431a3f9e01dcafce317ed736a391b0,44,44,,
"Pokémon Diamond Version (USA, ADAE, header ROM version 5)","Pokémon Pearl Version (USA, APAE, header ROM version 5)",/poketool/personal/evo.narc,equal,399,399,,,8a8beced1a3a107f6c92e46601baea876b2dce93c3138b0a6e00598245d90cdc,8a8beced1a3a107f6c92e46601baea876b2dce93c3138b0a6e00598245d90cdc,44,44,,
"Pokémon Diamond Version (USA, ADAE, header ROM version 5)","Pokémon Pearl Version (USA, APAE, header ROM version 5)",/poketool/personal/evo.narc,equal,400,400,,,85759b3811ff7dc47b03792ac85317be51431a3f9e01dcafce317ed736a391b0,85759b3811ff7dc47b03792ac85317be51431a3f9e01dcafce317ed736a391b0,44,44,,
"Pokémon Diamond Version (USA, ADAE, header ROM version 5)","Pokémon Pearl Version (USA, APAE, header ROM version 5)",/poketool/personal/evo.narc,equal,401,401,,,aac46d22e46555cad5b3fe9ed75213e50d32c82c7a3ffc72b8ba59810189b27d,aac46d22e46555cad5b3fe9ed75213e50d32c82c7a3ffc72b8ba59810189b27d,44,44,,
"Pokémon Diamond Version (USA, ADAE, header ROM version 5)","Pokémon Pearl Version (USA, APAE, header ROM version 5)",/poketool/personal/evo.narc,equal,402,402,,,85759b3811ff7dc47b03792ac85317be51431a3f9e01dcafce317ed736a391b0,85759b3811ff7dc47b03792ac85317be51431a3f9e01dcafce317ed736a391b0,44,44,,
"Pokémon Diamond Version (USA, ADAE, header ROM version 5)","Pokémon Pearl Version (USA, APAE, header ROM version 5)",/poketool/personal/evo.narc,equal,403,403,,,d133ad94bac0f5d23ba1d64357be3588be4091d3abacb979827fe57142e6adb6,d133ad94bac0f5d23ba1d64357be3588be4091d3abacb979827fe57142e6adb6,44,44,,
"Pokémon Diamond Version (USA, ADAE, header ROM version 5)","Pokémon Pearl Version (USA, APAE, header ROM version 5)",/poketool/personal/evo.narc,equal,404,404,,,4d88e0a8d0093c85f8d0cb976890c9a834cb3de2cebc8e2fc86d8de32879d2cf,4d88e0a8d0093c85f8d0cb976890c9a834cb3de2cebc8e2fc86d8de32879d2cf,44,44,,
"Pokémon Diamond Version (USA, ADAE, header ROM version 5)","Pokémon Pearl Version (USA, APAE, header ROM version 5)",/poketool/personal/evo.narc,equal,405,405,,,85759b3811ff7dc47b03792ac85317be51431a3f9e01dcafce317ed736a391b0,85759b3811ff7dc47b03792ac85317be51431a3f9e01dcafce317ed736a391b0,44,44,,
"Pokémon Diamond Version (USA, ADAE, header ROM version 5)","Pokémon Pearl Version (USA, APAE, header ROM version 5)",/poketool/personal/evo.narc,equal,406,406,,,f7bc73e05b0fb6bb34c41cc4ab503a9ebca6cb382e464d628537ae970de29e5c,f7bc73e05b0fb6bb34c41cc4ab503a9ebca6cb382e464d628537ae970de29e5c,44,44,,
"Pokémon Diamond Version (USA, ADAE, header ROM version 5)","Pokémon Pearl Version (USA, APAE, header ROM version 5)",/poketool/personal/evo.narc,equal,407,407,,,85759b3811ff7dc47b03792ac85317be51431a3f9e01dcafce317ed736a391b0,85759b3811ff7dc47b03792ac85317be51431a3f9e01dcafce317ed736a391b0,44,44,,
"Pokémon Diamond Version (USA, ADAE, header ROM version 5)","Pokémon Pearl Version (USA, APAE, header ROM version 5)",/poketool/personal/evo.narc,equal,408,408,,,c14cef036bdfb0a86e2e1a7b2a72229aba60ee42548942d96af27686f3775099,c14cef036bdfb0a86e2e1a7b2a72229aba60ee42548942d96af27686f3775099,44,44,,
"Pokémon Diamond Version (USA, ADAE, header ROM version 5)","Pokémon Pearl Version (USA, APAE, header ROM version 5)",/poketool/personal/evo.narc,equal,409,409,,,85759b3811ff7dc47b03792ac85317be51431a3f9e01dcafce317ed736a391b0,85759b3811ff7dc47b03792ac85317be51431a3f9e01dcafce317ed736a391b0,44,44,,
"Pokémon Diamond Version (USA, ADAE, header ROM version 5)","Pokémon Pearl Version (USA, APAE, header ROM version 5)",/poketool/personal/evo.narc,equal,410,410,,,e1ae9defe62f000b879013318cf7f89d3982efede40468aec6887ffcd8f8f69b,e1ae9defe62f000b879013318cf7f89d3982efede40468aec6887ffcd8f8f69b,44,44,,
"Pokémon Diamond Version (USA, ADAE, header ROM version 5)","Pokémon Pearl Version (USA, APAE, header ROM version 5)",/poketool/personal/evo.narc,equal,411,411,,,85759b3811ff7dc47b03792ac85317be51431a3f9e01dcafce317ed736a391b0,85759b3811ff7dc47b03792ac85317be51431a3f9e01dcafce317ed736a391b0,44,44,,
"Pokémon Diamond Version (USA, ADAE, header ROM version 5)","Pokémon Pearl Version (USA, APAE, header ROM version 5)",/poketool/personal/evo.narc,equal,412,412,,,e561912db66035c2440f12e46b25b29d851a909ead90a82083da675c57c993e2,e561912db66035c2440f12e46b25b29d851a909ead90a82083da675c57c993e2,44,44,,
"Pokémon Diamond Version (USA, ADAE, header ROM version 5)","Pokémon Pearl Version (USA, APAE, header ROM version 5)",/poketool/personal/evo.narc,equal,413,413,,,85759b3811ff7dc47b03792ac85317be51431a3f9e01dcafce317ed736a391b0,85759b3811ff7dc47b03792ac85317be51431a3f9e01dcafce317ed736a391b0,44,44,,
"Pokémon Diamond Version (USA, ADAE, header ROM version 5)","Pokémon Pearl Version (USA, APAE, header ROM version 5)",/poketool/personal/evo.narc,equal,414,414,,,85759b3811ff7dc47b03792ac85317be51431a3f9e01dcafce317ed736a391b0,85759b3811ff7dc47b03792ac85317be51431a3f9e01dcafce317ed736a391b0,44,44,,
"Pokémon Diamond Version (USA, ADAE, header ROM version 5)","Pokémon Pearl Version (USA, APAE, header ROM version 5)",/poketool/personal/evo.narc,equal,415,415,,,004cdf4dc0f449708d2298bb1734e2155f14f20c43b19d7320fde3bbec94821a,004cdf4dc0f449708d2298bb1734e2155f14f20c43b19d7320fde3bbec94821a,44,44,,
"Pokémon Diamond Version (USA, ADAE, header ROM version 5)","Pokémon Pearl Version (USA, APAE, header ROM version 5)",/poketool/personal/evo.narc,equal,416,416,,,85759b3811ff7dc47b03792ac85317be51431a3f9e01dcafce317ed736a391b0,85759b3811ff7dc47b03792ac85317be51431a3f9e01dcafce317ed736a391b0,44,44,,
"Pokémon Diamond Version (USA, ADAE, header ROM version 5)","Pokémon Pearl Version (USA, APAE, header ROM version 5)",/poketool/personal/evo.narc,equal,417,417,,,85759b3811ff7dc47b03792ac85317be51431a3f9e01dcafce317ed736a391b0,85759b3811ff7dc47b03792ac85317be51431a3f9e01dcafce317ed736a391b0,44,44,,
"Pokémon Diamond Version (USA, ADAE, header ROM version 5)","Pokémon Pearl Version (USA, APAE, header ROM version 5)",/poketool/personal/evo.narc,equal,418,418,,,cc9851ff65392d891fb74a8c7666426c7649312ba9a7880f4ee5fcb470947094,cc9851ff65392d891fb74a8c7666426c7649312ba9a7880f4ee5fcb470947094,44,44,,
"Pokémon Diamond Version (USA, ADAE, header ROM version 5)","Pokémon Pearl Version (USA, APAE, header ROM version 5)",/poketool/personal/evo.narc,equal,419,419,,,85759b3811ff7dc47b03792ac85317be51431a3f9e01dcafce317ed736a391b0,85759b3811ff7dc47b03792ac85317be51431a3f9e01dcafce317ed736a391b0,44,44,,
"Pokémon Diamond Version (USA, ADAE, header ROM version 5)","Pokémon Pearl Version (USA, APAE, header ROM version 5)",/poketool/personal/evo.narc,equal,420,420,,,5ab3c42ed44465126216da895209ccf49cb7b53abfa56f54109622a469ee1279,5ab3c42ed44465126216da895209ccf49cb7b53abfa56f54109622a469ee1279,44,44,,
"Pokémon Diamond Version (USA, ADAE, header ROM version 5)","Pokémon Pearl Version (USA, APAE, header ROM version 5)",/poketool/personal/evo.narc,equal,421,421,,,85759b3811ff7dc47b03792ac85317be51431a3f9e01dcafce317ed736a391b0,85759b3811ff7dc47b03792ac85317be51431a3f9e01dcafce317ed736a391b0,44,44,,
"Pokémon Diamond Version (USA, ADAE, header ROM version 5)","Pokémon Pearl Version (USA, APAE, header ROM version 5)",/poketool/personal/evo.narc,equal,422,422,,,8d6457bedbb58379d35788f43ee59ab925f95a9edd999070ea4f3e40ea88ff95,8d6457bedbb58379d35788f43ee59ab925f95a9edd999070ea4f3e40ea88ff95,44,44,,
"Pokémon Diamond Version (USA, ADAE, header ROM version 5)","Pokémon Pearl Version (USA, APAE, header ROM version 5)",/poketool/personal/evo.narc,equal,423,423,,,85759b3811ff7dc47b03792ac85317be51431a3f9e01dcafce317ed736a391b0,85759b3811ff7dc47b03792ac85317be51431a3f9e01dcafce317ed736a391b0,44,44,,
"Pokémon Diamond Version (USA, ADAE, header ROM version 5)","Pokémon Pearl Version (USA, APAE, header ROM version 5)",/poketool/personal/evo.narc,equal,424,424,,,85759b3811ff7dc47b03792ac85317be51431a3f9e01dcafce317ed736a391b0,85759b3811ff7dc47b03792ac85317be51431a3f9e01dcafce317ed736a391b0,44,44,,
"Pokémon Diamond Version (USA, ADAE, header ROM version 5)","Pokémon Pearl Version (USA, APAE, header ROM version 5)",/poketool/personal/evo.narc,equal,425,425,,,7a29269146378ec30d761d259dc1becb10a61dab62e5b2cd5b547554bc1c3da5,7a29269146378ec30d761d259dc1becb10a61dab62e5b2cd5b547554bc1c3da5,44,44,,
"Pokémon Diamond Version (USA, ADAE, header ROM version 5)","Pokémon Pearl Version (USA, APAE, header ROM version 5)",/poketool/personal/evo.narc,equal,426,426,,,85759b3811ff7dc47b03792ac85317be51431a3f9e01dcafce317ed736a391b0,85759b3811ff7dc47b03792ac85317be51431a3f9e01dcafce317ed736a391b0,44,44,,
"Pokémon Diamond Version (USA, ADAE, header ROM version 5)","Pokémon Pearl Version (USA, APAE, header ROM version 5)",/poketool/personal/evo.narc,equal,427,427,,,2ed93a2a47490350260afc7d042952620059921dbb10f48459e00e874c12c194,2ed93a2a47490350260afc7d042952620059921dbb10f48459e00e874c12c194,44,44,,
"Pokémon Diamond Version (USA, ADAE, header ROM version 5)","Pokémon Pearl Version (USA, APAE, header ROM version 5)",/poketool/personal/evo.narc,equal,428,428,,,85759b3811ff7dc47b03792ac85317be51431a3f9e01dcafce317ed736a391b0,85759b3811ff7dc47b03792ac85317be51431a3f9e01dcafce317ed736a391b0,44,44,,
"Pokémon Diamond Version (USA, ADAE, header ROM version 5)","Pokémon Pearl Version (USA, APAE, header ROM version 5)",/poketool/personal/evo.narc,equal,429,429,,,85759b3811ff7dc47b03792ac85317be51431a3f9e01dcafce317ed736a391b0,85759b3811ff7dc47b03792ac85317be51431a3f9e01dcafce317ed736a391b0,44,44,,
"Pokémon Diamond Version (USA, ADAE, header ROM version 5)","Pokémon Pearl Version (USA, APAE, header ROM version 5)",/poketool/personal/evo.narc,equal,430,430,,,85759b3811ff7dc47b03792ac85317be51431a3f9e01dcafce317ed736a391b0,85759b3811ff7dc47b03792ac85317be51431a3f9e01dcafce317ed736a391b0,44,44,,
"Pokémon Diamond Version (USA, ADAE, header ROM version 5)","Pokémon Pearl Version (USA, APAE, header ROM version 5)",/poketool/personal/evo.narc,equal,431,431,,,eb059f946b978ffc04c822768319fddba6d03efcd73cd6f166f9bb615a7fab34,eb059f946b978ffc04c822768319fddba6d03efcd73cd6f166f9bb615a7fab34,44,44,,
"Pokémon Diamond Version (USA, ADAE, header ROM version 5)","Pokémon Pearl Version (USA, APAE, header ROM version 5)",/poketool/personal/evo.narc,equal,432,432,,,85759b3811ff7dc47b03792ac85317be51431a3f9e01dcafce317ed736a391b0,85759b3811ff7dc47b03792ac85317be51431a3f9e01dcafce317ed736a391b0,44,44,,
"Pokémon Diamond Version (USA, ADAE, header ROM version 5)","Pokémon Pearl Version (USA, APAE, header ROM version 5)",/poketool/personal/evo.narc,equal,433,433,,,8d1e99fde91ad160a48d5db90fad88b8b4639cc5987283feadfaf47718f1d840,8d1e99fde91ad160a48d5db90fad88b8b4639cc5987283feadfaf47718f1d840,44,44,,
"Pokémon Diamond Version (USA, ADAE, header ROM version 5)","Pokémon Pearl Version (USA, APAE, header ROM version 5)",/poketool/personal/evo.narc,equal,434,434,,,c1137bc23e68a76439b91d75110fbc06e4c87c035aad4f84056f5943db6c8ed5,c1137bc23e68a76439b91d75110fbc06e4c87c035aad4f84056f5943db6c8ed5,44,44,,
"Pokémon Diamond Version (USA, ADAE, header ROM version 5)","Pokémon Pearl Version (USA, APAE, header ROM version 5)",/poketool/personal/evo.narc,equal,435,435,,,85759b3811ff7dc47b03792ac85317be51431a3f9e01dcafce317ed736a391b0,85759b3811ff7dc47b03792ac85317be51431a3f9e01dcafce317ed736a391b0,44,44,,
"Pokémon Diamond Version (USA, ADAE, header ROM version 5)","Pokémon Pearl Version (USA, APAE, header ROM version 5)",/poketool/personal/evo.narc,equal,436,436,,,d57b97e1fe9c2b0903bd4333aee3d623b842edbfc2d7712bbf624f529bc84750,d57b97e1fe9c2b0903bd4333aee3d623b842edbfc2d7712bbf624f529bc84750,44,44,,
"Pokémon Diamond Version (USA, ADAE, header ROM version 5)","Pokémon Pearl Version (USA, APAE, header ROM version 5)",/poketool/personal/evo.narc,equal,437,437,,,85759b3811ff7dc47b03792ac85317be51431a3f9e01dcafce317ed736a391b0,85759b3811ff7dc47b03792ac85317be51431a3f9e01dcafce317ed736a391b0,44,44,,
"Pokémon Diamond Version (USA, ADAE, header ROM version 5)","Pokémon Pearl Version (USA, APAE, header ROM version 5)",/poketool/personal/evo.narc,equal,438,438,,,b0d62f4b569a507b3d17d0da7000fda1b216c34284976bdd4dc559de035e6957,b0d62f4b569a507b3d17d0da7000fda1b216c34284976bdd4dc559de035e6957,44,44,,
"Pokémon Diamond Version (USA, ADAE, header ROM version 5)","Pokémon Pearl Version (USA, APAE, header ROM version 5)",/poketool/personal/evo.narc,equal,439,439,,,d334498fb6190ab65ce7db67b7bba7785ef76368771de7721653848d4fa6a189,d334498fb6190ab65ce7db67b7bba7785ef76368771de7721653848d4fa6a189,44,44,,
"Pokémon Diamond Version (USA, ADAE, header ROM version 5)","Pokémon Pearl Version (USA, APAE, header ROM version 5)",/poketool/personal/evo.narc,equal,440,440,,,d516f6ea8e30781ef3bd246e2327fcb6ee2dce02e819e25afa034c39ea82cfee,d516f6ea8e30781ef3bd246e2327fcb6ee2dce02e819e25afa034c39ea82cfee,44,44,,
"Pokémon Diamond Version (USA, ADAE, header ROM version 5)","Pokémon Pearl Version (USA, APAE, header ROM version 5)",/poketool/personal/evo.narc,equal,441,441,,,85759b3811ff7dc47b03792ac85317be51431a3f9e01dcafce317ed736a391b0,85759b3811ff7dc47b03792ac85317be51431a3f9e01dcafce317ed736a391b0,44,44,,
"Pokémon Diamond Version (USA, ADAE, header ROM version 5)","Pokémon Pearl Version (USA, APAE, header ROM version 5)",/poketool/personal/evo.narc,equal,442,442,,,85759b3811ff7dc47b03792ac85317be51431a3f9e01dcafce317ed736a391b0,85759b3811ff7dc47b03792ac85317be51431a3f9e01dcafce317ed736a391b0,44,44,,
"Pokémon Diamond Version (USA, ADAE, header ROM version 5)","Pokémon Pearl Version (USA, APAE, header ROM version 5)",/poketool/personal/evo.narc,equal,443,443,,,15331860e7463b5e9d1e4c33bead76fd1ce0e787ed68258a60c438235692ddae,15331860e7463b5e9d1e4c33bead76fd1ce0e787ed68258a60c438235692ddae,44,44,,
"Pokémon Diamond Version (USA, ADAE, header ROM version 5)","Pokémon Pearl Version (USA, APAE, header ROM version 5)",/poketool/personal/evo.narc,equal,444,444,,,c801be0df3c967f518a67df1f0824f9dfe66518829e221e1d4707b4c21eb2bd9,c801be0df3c967f518a67df1f0824f9dfe66518829e221e1d4707b4c21eb2bd9,44,44,,
"Pokémon Diamond Version (USA, ADAE, header ROM version 5)","Pokémon Pearl Version (USA, APAE, header ROM version 5)",/poketool/personal/evo.narc,equal,445,445,,,85759b3811ff7dc47b03792ac85317be51431a3f9e01dcafce317ed736a391b0,85759b3811ff7dc47b03792ac85317be51431a3f9e01dcafce317ed736a391b0,44,44,,
"Pokémon Diamond Version (USA, ADAE, header ROM version 5)","Pokémon Pearl Version (USA, APAE, header ROM version 5)",/poketool/personal/evo.narc,equal,446,446,,,3504d53f6fda712062cf9002ac9e9d46b9cf46d7027b4f8f68f7a6193ba7d475,3504d53f6fda712062cf9002ac9e9d46b9cf46d7027b4f8f68f7a6193ba7d475,44,44,,
"Pokémon Diamond Version (USA, ADAE, header ROM version 5)","Pokémon Pearl Version (USA, APAE, header ROM version 5)",/poketool/personal/evo.narc,equal,447,447,,,61ccea93926170a84509b699819316baa45e6623de397b2e1578f92633f910ec,61ccea93926170a84509b699819316baa45e6623de397b2e1578f92633f910ec,44,44,,
"Pokémon Diamond Version (USA, ADAE, header ROM version 5)","Pokémon Pearl Version (USA, APAE, header ROM version 5)",/poketool/personal/evo.narc,equal,448,448,,,85759b3811ff7dc47b03792ac85317be51431a3f9e01dcafce317ed736a391b0,85759b3811ff7dc47b03792ac85317be51431a3f9e01dcafce317ed736a391b0,44,44,,
"Pokémon Diamond Version (USA, ADAE, header ROM version 5)","Pokémon Pearl Version (USA, APAE, header ROM version 5)",/poketool/personal/evo.narc,equal,449,449,,,d2c5852f5fdb21c0c42ade467ded3b321b52882cbffddb6e57c631fd94b691fd,d2c5852f5fdb21c0c42ade467ded3b321b52882cbffddb6e57c631fd94b691fd,44,44,,
"Pokémon Diamond Version (USA, ADAE, header ROM version 5)","Pokémon Pearl Version (USA, APAE, header ROM version 5)",/poketool/personal/evo.narc,equal,450,450,,,85759b3811ff7dc47b03792ac85317be51431a3f9e01dcafce317ed736a391b0,85759b3811ff7dc47b03792ac85317be51431a3f9e01dcafce317ed736a391b0,44,44,,
"Pokémon Diamond Version (USA, ADAE, header ROM version 5)","Pokémon Pearl Version (USA, APAE, header ROM version 5)",/poketool/personal/evo.narc,equal,451,451,,,c728b42ff82d850168ecb9f48c72012f330d8d01044acc5510d736e8ba645518,c728b42ff82d850168ecb9f48c72012f330d8d01044acc5510d736e8ba645518,44,44,,
"Pokémon Diamond Version (USA, ADAE, header ROM version 5)","Pokémon Pearl Version (USA, APAE, header ROM version 5)",/poketool/personal/evo.narc,equal,452,452,,,85759b3811ff7dc47b03792ac85317be51431a3f9e01dcafce317ed736a391b0,85759b3811ff7dc47b03792ac85317be51431a3f9e01dcafce317ed736a391b0,44,44,,
"Pokémon Diamond Version (USA, ADAE, header ROM version 5)","Pokémon Pearl Version (USA, APAE, header ROM version 5)",/poketool/personal/evo.narc,equal,453,453,,,aed5aa23afa7b2f74e4813be5cb19a85473db3cda314cbafe270f07cfd1705eb,aed5aa23afa7b2f74e4813be5cb19a85473db3cda314cbafe270f07cfd1705eb,44,44,,
"Pokémon Diamond Version (USA, ADAE, header ROM version 5)","Pokémon Pearl Version (USA, APAE, header ROM version 5)",/poketool/personal/evo.narc,equal,454,454,,,85759b3811ff7dc47b03792ac85317be51431a3f9e01dcafce317ed736a391b0,85759b3811ff7dc47b03792ac85317be51431a3f9e01dcafce317ed736a391b0,44,44,,
"Pokémon Diamond Version (USA, ADAE, header ROM version 5)","Pokémon Pearl Version (USA, APAE, header ROM version 5)",/poketool/personal/evo.narc,equal,455,455,,,85759b3811ff7dc47b03792ac85317be51431a3f9e01dcafce317ed736a391b0,85759b3811ff7dc47b03792ac85317be51431a3f9e01dcafce317ed736a391b0,44,44,,
"Pokémon Diamond Version (USA, ADAE, header ROM version 5)","Pokémon Pearl Version (USA, APAE, header ROM version 5)",/poketool/personal/evo.narc,equal,456,456,,,e402e893b2bb188e4c62502ee1cc27593918721a978e80c36a90a6f671070eec,e402e893b2bb188e4c62502ee1cc27593918721a978e80c36a90a6f671070eec,44,44,,
"Pokémon Diamond Version (USA, ADAE, header ROM version 5)","Pokémon Pearl Version (USA, APAE, header ROM version 5)",/poketool/personal/evo.narc,equal,457,457,,,85759b3811ff7dc47b03792ac85317be51431a3f9e01dcafce317ed736a391b0,85759b3811ff7dc47b03792ac85317be51431a3f9e01dcafce317ed736a391b0,44,44,,
"Pokémon Diamond Version (USA, ADAE, header ROM version 5)","Pokémon Pearl Version (USA, APAE, header ROM version 5)",/poketool/personal/evo.narc,equal,458,458,,,7f6f85aaa3a5051c537684135f2c899a3532cf227cf5e9cdbfcd0afdf51aeb34,7f6f85aaa3a5051c537684135f2c899a3532cf227cf5e9cdbfcd0afdf51aeb34,44,44,,
"Pokémon Diamond Version (USA, ADAE, header ROM version 5)","Pokémon Pearl Version (USA, APAE, header ROM version 5)",/poketool/personal/evo.narc,equal,459,459,,,f253bfe67e2f386d1e6423b4ff87c39dc5f2256403a95b65d15cadfaa7358abf,f253bfe67e2f386d1e6423b4ff87c39dc5f2256403a95b65d15cadfaa7358abf,44,44,,
"Pokémon Diamond Version (USA, ADAE, header ROM version 5)","Pokémon Pearl Version (USA, APAE, header ROM version 5)",/poketool/personal/evo.narc,equal,460,460,,,85759b3811ff7dc47b03792ac85317be51431a3f9e01dcafce317ed736a391b0,85759b3811ff7dc47b03792ac85317be51431a3f9e01dcafce317ed736a391b0,44,44,,
"Pokémon Diamond Version (USA, ADAE, header ROM version 5)","Pokémon Pearl Version (USA, APAE, header ROM version 5)",/poketool/personal/evo.narc,equal,461,461,,,85759b3811ff7dc47b03792ac85317be51431a3f9e01dcafce317ed736a391b0,85759b3811ff7dc47b03792ac85317be51431a3f9e01dcafce317ed736a391b0,44,44,,
"Pokémon Diamond Version (USA, ADAE, header ROM version 5)","Pokémon Pearl Version (USA, APAE, header ROM version 5)",/poketool/personal/evo.narc,equal,462,462,,,85759b3811ff7dc47b03792ac85317be51431a3f9e01dcafce317ed736a391b0,85759b3811ff7dc47b03792ac85317be51431a3f9e01dcafce317ed736a391b0,44,44,,
"Pokémon Diamond Version (USA, ADAE, header ROM version 5)","Pokémon Pearl Version (USA, APAE, header ROM version 5)",/poketool/personal/evo.narc,equal,463,463,,,85759b3811ff7dc47b03792ac85317be51431a3f9e01dcafce317ed736a391b0,85759b3811ff7dc47b03792ac85317be51431a3f9e01dcafce317ed736a391b0,44,44,,
"Pokémon Diamond Version (USA, ADAE, header ROM version 5)","Pokémon Pearl Version (USA, APAE, header ROM version 5)",/poketool/personal/evo.narc,equal,464,464,,,85759b3811ff7dc47b03792ac85317be51431a3f9e01dcafce317ed736a391b0,85759b3811ff7dc47b03792ac85317be51431a3f9e01dcafce317ed736a391b0,44,44,,
"Pokémon Diamond Version (USA, ADAE, header ROM version 5)","Pokémon Pearl Version (USA, APAE, header ROM version 5)",/poketool/personal/evo.narc,equal,465,465,,,85759b3811ff7dc47b03792ac85317be51431a3f9e01dcafce317ed736a391b0,85759b3811ff7dc47b03792ac85317be51431a3f9e01dcafce317ed736a391b0,44,44,,
"Pokémon Diamond Version (USA, ADAE, header ROM version 5)","Pokémon Pearl Version (USA, APAE, header ROM version 5)",/poketool/personal/evo.narc,equal,466,466,,,85759b3811ff7dc47b03792ac85317be51431a3f9e01dcafce317ed736a391b0,85759b3811ff7dc47b03792ac85317be51431a3f9e01dcafce317ed736a391b0,44,44,,
"Pokémon Diamond Version (USA, ADAE, header ROM version 5)","Pokémon Pearl Version (USA, APAE, header ROM version 5)",/poketool/personal/evo.narc,equal,467,467,,,85759b3811ff7dc47b03792ac85317be51431a3f9e01dcafce317ed736a391b0,85759b3811ff7dc47b03792ac85317be51431a3f9e01dcafce317ed736a391b0,44,44,,
"Pokémon Diamond Version (USA, ADAE, header ROM version 5)","Pokémon Pearl Version (USA, APAE, header ROM version 5)",/poketool/personal/evo.narc,equal,468,468,,,85759b3811ff7dc47b03792ac85317be51431a3f9e01dcafce317ed736a391b0,85759b3811ff7dc47b03792ac85317be51431a3f9e01dcafce317ed736a391b0,44,44,,
"Pokémon Diamond Version (USA, ADAE, header ROM version 5)","Pokémon Pearl Version (USA, APAE, header ROM version 5)",/poketool/personal/evo.narc,equal,469,469,,,85759b3811ff7dc47b03792ac85317be51431a3f9e01dcafce317ed736a391b0,85759b3811ff7dc47b03792ac85317be51431a3f9e01dcafce317ed736a391b0,44,44,,
"Pokémon Diamond Version (USA, ADAE, header ROM version 5)","Pokémon Pearl Version (USA, APAE, header ROM version 5)",/poketool/personal/evo.narc,equal,470,470,,,85759b3811ff7dc47b03792ac85317be51431a3f9e01dcafce317ed736a391b0,85759b3811ff7dc47b03792ac85317be51431a3f9e01dcafce317ed736a391b0,44,44,,
"Pokémon Diamond Version (USA, ADAE, header ROM version 5)","Pokémon Pearl Version (USA, APAE, header ROM version 5)",/poketool/personal/evo.narc,equal,471,471,,,85759b3811ff7dc47b03792ac85317be51431a3f9e01dcafce317ed736a391b0,85759b3811ff7dc47b03792ac85317be51431a3f9e01dcafce317ed736a391b0,44,44,,
"Pokémon Diamond Version (USA, ADAE, header ROM version 5)","Pokémon Pearl Version (USA, APAE, header ROM version 5)",/poketool/personal/evo.narc,equal,472,472,,,85759b3811ff7dc47b03792ac85317be51431a3f9e01dcafce317ed736a391b0,85759b3811ff7dc47b03792ac85317be51431a3f9e01dcafce317ed736a391b0,44,44,,
"Pokémon Diamond Version (USA, ADAE, header ROM version 5)","Pokémon Pearl Version (USA, APAE, header ROM version 5)",/poketool/personal/evo.narc,equal,473,473,,,85759b3811ff7dc47b03792ac85317be51431a3f9e01dcafce317ed736a391b0,85759b3811ff7dc47b03792ac85317be51431a3f9e01dcafce317ed736a391b0,44,44,,
"Pokémon Diamond Version (USA, ADAE, header ROM version 5)","Pokémon Pearl Version (USA, APAE, header ROM version 5)",/poketool/personal/evo.narc,equal,474,474,,,85759b3811ff7dc47b03792ac85317be51431a3f9e01dcafce317ed736a391b0,85759b3811ff7dc47b03792ac85317be51431a3f9e01dcafce317ed736a391b0,44,44,,
"Pokémon Diamond Version (USA, ADAE, header ROM version 5)","Pokémon Pearl Version (USA, APAE, header ROM version 5)",/poketool/personal/evo.narc,equal,475,475,,,85759b3811ff7dc47b03792ac85317be51431a3f9e01dcafce317ed736a391b0,85759b3811ff7dc47b03792ac85317be51431a3f9e01dcafce317ed736a391b0,44,44,,
"Pokémon Diamond Version (USA, ADAE, header ROM version 5)","Pokémon Pearl Version (USA, APAE, header ROM version 5)",/poketool/personal/evo.narc,equal,476,476,,,85759b3811ff7dc47b03792ac85317be51431a3f9e01dcafce317ed736a391b0,85759b3811ff7dc47b03792ac85317be51431a3f9e01dcafce317ed736a391b0,44,44,,
"Pokémon Diamond Version (USA, ADAE, header ROM version 5)","Pokémon Pearl Version (USA, APAE, header ROM version 5)",/poketool/personal/evo.narc,equal,477,477,,,85759b3811ff7dc47b03792ac85317be51431a3f9e01dcafce317ed736a391b0,85759b3811ff7dc47b03792ac85317be51431a3f9e01dcafce317ed736a391b0,44,44,,
"Pokémon Diamond Version (USA, ADAE, header ROM version 5)","Pokémon Pearl Version (USA, APAE, header ROM version 5)",/poketool/personal/evo.narc,equal,478,478,,,85759b3811ff7dc47b03792ac85317be51431a3f9e01dcafce317ed736a391b0,85759b3811ff7dc47b03792ac85317be51431a3f9e01dcafce317ed736a391b0,44,44,,
"Pokémon Diamond Version (USA, ADAE, header ROM version 5)","Pokémon Pearl Version (USA, APAE, header ROM version 5)",/poketool/personal/evo.narc,equal,479,479,,,85759b3811ff7dc47b03792ac85317be51431a3f9e01dcafce317ed736a391b0,85759b3811ff7dc47b03792ac85317be51431a3f9e01dcafce317ed736a391b0,44,44,,
"Pokémon Diamond Version (USA, ADAE, header ROM version 5)","Pokémon Pearl Version (USA, APAE, header ROM version 5)",/poketool/personal/evo.narc,equal,480,480,,,85759b3811ff7dc47b03792ac85317be51431a3f9e01dcafce317ed736a391b0,85759b3811ff7dc47b03792ac85317be51431a3f9e01dcafce317ed736a391b0,44,44,,
"Pokémon Diamond Version (USA, ADAE, header ROM version 5)","Pokémon Pearl Version (USA, APAE, header ROM version 5)",/poketool/personal/evo.narc,equal,481,481,,,85759b3811ff7dc47b03792ac85317be51431a3f9e01dcafce317ed736a391b0,85759b3811ff7dc47b03792ac85317be51431a3f9e01dcafce317ed736a391b0,44,44,,
"Pokémon Diamond Version (USA, ADAE, header ROM version 5)","Pokémon Pearl Version (USA, APAE, header ROM version 5)",/poketool/personal/evo.narc,equal,482,482,,,85759b3811ff7dc47b03792ac85317be51431a3f9e01dcafce317ed736a391b0,85759b3811ff7dc47b03792ac85317be51431a3f9e01dcafce317ed736a391b0,44,44,,
"Pokémon Diamond Version (USA, ADAE, header ROM version 5)","Pokémon Pearl Version (USA, APAE, header ROM version 5)",/poketool/personal/evo.narc,equal,483,483,,,85759b3811ff7dc47b03792ac85317be51431a3f9e01dcafce317ed736a391b0,85759b3811ff7dc47b03792ac85317be51431a3f9e01dcafce317ed736a391b0,44,44,,
"Pokémon Diamond Version (USA, ADAE, header ROM version 5)","Pokémon Pearl Version (USA, APAE, header ROM version 5)",/poketool/personal/evo.narc,equal,484,484,,,85759b3811ff7dc47b03792ac85317be51431a3f9e01dcafce317ed736a391b0,85759b3811ff7dc47b03792ac85317be51431a3f9e01dcafce317ed736a391b0,44,44,,
"Pokémon Diamond Version (USA, ADAE, header ROM version 5)","Pokémon Pearl Version (USA, APAE, header ROM version 5)",/poketool/personal/evo.narc,equal,485,485,,,85759b3811ff7dc47b03792ac85317be51431a3f9e01dcafce317ed736a391b0,85759b3811ff7dc47b03792ac85317be51431a3f9e01dcafce317ed736a391b0,44,44,,
"Pokémon Diamond Version (USA, ADAE, header ROM version 5)","Pokémon Pearl Version (USA, APAE, header ROM version 5)",/poketool/personal/evo.narc,equal,486,486,,,85759b3811ff7dc47b03792ac85317be51431a3f9e01dcafce317ed736a391b0,85759b3811ff7dc47b03792ac85317be51431a3f9e01dcafce317ed736a391b0,44,44,,
"Pokémon Diamond Version (USA, ADAE, header ROM version 5)","Pokémon Pearl Version (USA, APAE, header ROM version 5)",/poketool/personal/evo.narc,equal,487,487,,,85759b3811ff7dc47b03792ac85317be51431a3f9e01dcafce317ed736a391b0,85759b3811ff7dc47b03792ac85317be51431a3f9e01dcafce317ed736a391b0,44,44,,
"Pokémon Diamond Version (USA, ADAE, header ROM version 5)","Pokémon Pearl Version (USA, APAE, header ROM version 5)",/poketool/personal/evo.narc,equal,488,488,,,85759b3811ff7dc47b03792ac85317be51431a3f9e01dcafce317ed736a391b0,85759b3811ff7dc47b03792ac85317be51431a3f9e01dcafce317ed736a391b0,44,44,,
"Pokémon Diamond Version (USA, ADAE, header ROM version 5)","Pokémon Pearl Version (USA, APAE, header ROM version 5)",/poketool/personal/evo.narc,equal,489,489,,,85759b3811ff7dc47b03792ac85317be51431a3f9e01dcafce317ed736a391b0,85759b3811ff7dc47b03792ac85317be51431a3f9e01dcafce317ed736a391b0,44,44,,
"Pokémon Diamond Version (USA, ADAE, header ROM version 5)","Pokémon Pearl Version (USA, APAE, header ROM version 5)",/poketool/personal/evo.narc,equal,490,490,,,85759b3811ff7dc47b03792ac85317be51431a3f9e01dcafce317ed736a391b0,85759b3811ff7dc47b03792ac85317be51431a3f9e01dcafce317ed736a391b0,44,44,,
"Pokémon Diamond Version (USA, ADAE, header ROM version 5)","Pokémon Pearl Version (USA, APAE, header ROM version 5)",/poketool/personal/evo.narc,equal,491,491,,,85759b3811ff7dc47b03792ac85317be51431a3f9e01dcafce317ed736a391b0,85759b3811ff7dc47b03792ac85317be51431a3f9e01dcafce317ed736a391b0,44,44,,
"Pokémon Diamond Version (USA, ADAE, header ROM version 5)","Pokémon Pearl Version (USA, APAE, header ROM version 5)",/poketool/personal/evo.narc,equal,492,492,,,85759b3811ff7dc47b03792ac85317be51431a3f9e01dcafce317ed736a391b0,85759b3811ff7dc47b03792ac85317be51431a3f9e01dcafce317ed736a391b0,44,44,,
"Pokémon Diamond Version (USA, ADAE, header ROM version 5)","Pokémon Pearl Version (USA, APAE, header ROM version 5)",/poketool/personal/evo.narc,equal,493,493,,,85759b3811ff7dc47b03792ac85317be51431a3f9e01dcafce317ed736a391b0,85759b3811ff7dc47b03792ac85317be51431a3f9e01dcafce317ed736a391b0,44,44,,
"Pokémon Diamond Version (USA, ADAE, header ROM version 5)","Pokémon Pearl Version (USA, APAE, header ROM version 5)",/poketool/personal/evo.narc,equal,494,494,,,85759b3811ff7dc47b03792ac85317be51431a3f9e01dcafce317ed736a391b0,85759b3811ff7dc47b03792ac85317be51431a3f9e01dcafce317ed736a391b0,44,44,,
"Pokémon Diamond Version (USA, ADAE, header ROM version 5)","Pokémon Pearl Version (USA, APAE, header ROM version 5)",/poketool/personal/evo.narc,equal,495,495,,,85759b3811ff7dc47b03792ac85317be51431a3f9e01dcafce317ed736a391b0,85759b3811ff7dc47b03792ac85317be51431a3f9e01dcafce317ed736a391b0,44,44,,
"Pokémon Diamond Version (USA, ADAE, header ROM version 5)","Pokémon Pearl Version (USA, APAE, header ROM version 5)",/poketool/personal/evo.narc,equal,496,496,,,85759b3811ff7dc47b03792ac85317be51431a3f9e01dcafce317ed736a391b0,85759b3811ff7dc47b03792ac85317be51431a3f9e01dcafce317ed736a391b0,44,44,,
"Pokémon Diamond Version (USA, ADAE, header ROM version 5)","Pokémon Pearl Version (USA, APAE, header ROM version 5)",/poketool/personal/evo.narc,equal,497,497,,,85759b3811ff7dc47b03792ac85317be51431a3f9e01dcafce317ed736a391b0,85759b3811ff7dc47b03792ac85317be51431a3f9e01dcafce317ed736a391b0,44,44,,
"Pokémon Diamond Version (USA, ADAE, header ROM version 5)","Pokémon Pearl Version (USA, APAE, header ROM version 5)",/poketool/personal/evo.narc,equal,498,498,,,85759b3811ff7dc47b03792ac85317be51431a3f9e01dcafce317ed736a391b0,85759b3811ff7dc47b03792ac85317be51431a3f9e01dcafce317ed736a391b0,44,44,,
"Pokémon Diamond Version (USA, ADAE, header ROM version 5)","Pokémon Pearl Version (USA, APAE, header ROM version 5)",/poketool/personal/evo.narc,equal,499,499,,,85759b3811ff7dc47b03792ac85317be51431a3f9e01dcafce317ed736a391b0,85759b3811ff7dc47b03792ac85317be51431a3f9e01dcafce317ed736a391b0,44,44,,
"Pokémon Diamond Version (USA, ADAE, header ROM version 5)","Pokémon Pearl Version (USA, APAE, header ROM version 5)",/poketool/personal/evo.narc,equal,500,500,,,85759b3811ff7dc47b03792ac85317be51431a3f9e01dcafce317ed736a391b0,85759b3811ff7dc47b03792ac85317be51431a3f9e01dcafce317ed736a391b0,44,44,,
"Pokémon Diamond Version (USA, ADAE, header ROM version 5)","Pokémon Pearl Version (USA, APAE, header ROM version 5)",/poketool/personal/growtbl.narc,equal,0,0,,,a33f5a043396120d4d42a807a240d87d144ca800c4b41cfdd848951c662909b6,a33f5a043396120d4d42a807a240d87d144ca800c4b41cfdd848951c662909b6,404,404,,
"Pokémon Diamond Version (USA, ADAE, header ROM version 5)","Pokémon Pearl Version (USA, APAE, header ROM version 5)",/poketool/personal/growtbl.narc,equal,1,1,,,98781feea113d8d2e3e3f578d98d0a7f76bd0d008e79dd3942cb0ed490ebd7ee,98781feea113d8d2e3e3f578d98d0a7f76bd0d008e79dd3942cb0ed490ebd7ee,404,404,,
"Pokémon Diamond Version (USA, ADAE, header ROM version 5)","Pokémon Pearl Version (USA, APAE, header ROM version 5)",/poketool/personal/growtbl.narc,equal,2,2,,,f3a821d7e60596706c3194766b2f9e87795d45450712432a8a8399b41c5ee1e7,f3a821d7e60596706c3194766b2f9e87795d45450712432a8a8399b41c5ee1e7,404,404,,
"Pokémon Diamond Version (USA, ADAE, header ROM version 5)","Pokémon Pearl Version (USA, APAE, header ROM version 5)",/poketool/personal/growtbl.narc,equal,3,3,,,ce0722560af1b3f820abbc165685ca922edcf99c4e808815f17d05fc20956590,ce0722560af1b3f820abbc165685ca922edcf99c4e808815f17d05fc20956590,404,404,,
"Pokémon Diamond Version (USA, ADAE, header ROM version 5)","Pokémon Pearl Version (USA, APAE, header ROM version 5)",/poketool/personal/growtbl.narc,equal,4,4,,,d57547b2a55109f3b92e6c4214dc79c8f92688205f7460e7fe868c3c363012af,d57547b2a55109f3b92e6c4214dc79c8f92688205f7460e7fe868c3c363012af,404,404,,
"Pokémon Diamond Version (USA, ADAE, header ROM version 5)","Pokémon Pearl Version (USA, APAE, header ROM version 5)",/poketool/personal/growtbl.narc,equal,5,5,,,bfd0fd42601e0c68de3ed54272ae341e207bea9a89c2d8c57efe1ac8a22799f5,bfd0fd42601e0c68de3ed54272ae341e207bea9a89c2d8c57efe1ac8a22799f5,404,404,,
"Pokémon Diamond Version (USA, ADAE, header ROM version 5)","Pokémon Pearl Version (USA, APAE, header ROM version 5)",/poketool/personal/growtbl.narc,equal,6,6,,,a33f5a043396120d4d42a807a240d87d144ca800c4b41cfdd848951c662909b6,a33f5a043396120d4d42a807a240d87d144ca800c4b41cfdd848951c662909b6,404,404,,
"Pokémon Diamond Version (USA, ADAE, header ROM version 5)","Pokémon Pearl Version (USA, APAE, header ROM version 5)",/poketool/personal/growtbl.narc,equal,7,7,,,a33f5a043396120d4d42a807a240d87d144ca800c4b41cfdd848951c662909b6,a33f5a043396120d4d42a807a240d87d144ca800c4b41cfdd848951c662909b6,404,404,,
"Pokémon Diamond Version (USA, ADAE, header ROM version 5)","Pokémon Pearl Version (USA, APAE, header ROM version 5)",/poketool/personal/wotbl.narc,equal,0,0,,,08efea1c0957a5a1fe019e6edb21fdc9fbe5de2213487eab7a05e06eca1c9784,08efea1c0957a5a1fe019e6edb21fdc9fbe5de2213487eab7a05e06eca1c9784,4,4,,
"Pokémon Diamond Version (USA, ADAE, header ROM version 5)","Pokémon Pearl Version (USA, APAE, header ROM version 5)",/poketool/personal/wotbl.narc,equal,1,1,,,38c59b8d49147a95b2551cfbe14ea61801c9b9d2acb9cc5530f0b533c53d8940,38c59b8d49147a95b2551cfbe14ea61801c9b9d2acb9cc5530f0b533c53d8940,32,32,,
"Pokémon Diamond Version (USA, ADAE, header ROM version 5)","Pokémon Pearl Version (USA, APAE, header ROM version 5)",/poketool/personal/wotbl.narc,equal,2,2,,,adcf242eaae56ae833e2b92579a9d5c251e6fd74c18b99abaaee9d9dee3bfdff,adcf242eaae56ae833e2b92579a9d5c251e6fd74c18b99abaaee9d9dee3bfdff,36,36,,
"Pokémon Diamond Version (USA, ADAE, header ROM version 5)","Pokémon Pearl Version (USA, APAE, header ROM version 5)",/poketool/personal/wotbl.narc,equal,3,3,,,494eb0059d0a833f9151c699c70ed9a6f00dd092286a2ed6ec32bd3e6c337ae6,494eb0059d0a833f9151c699c70ed9a6f00dd092286a2ed6ec32bd3e6c337ae6,40,40,,
"Pokémon Diamond Version (USA, ADAE, header ROM version 5)","Pokémon Pearl Version (USA, APAE, header ROM version 5)",/poketool/personal/wotbl.narc,equal,4,4,,,d8d1b9ebd627273dde7cf7340d3ea4abc747b2d023e496af17e62ade5135cfcb,d8d1b9ebd627273dde7cf7340d3ea4abc747b2d023e496af17e62ade5135cfcb,24,24,,
"Pokémon Diamond Version (USA, ADAE, header ROM version 5)","Pokémon Pearl Version (USA, APAE, header ROM version 5)",/poketool/personal/wotbl.narc,equal,5,5,,,ef71b5710dfc1c16916154834634275c4a35f116e92d72356140d5ff2791ea98,ef71b5710dfc1c16916154834634275c4a35f116e92d72356140d5ff2791ea98,24,24,,
"Pokémon Diamond Version (USA, ADAE, header ROM version 5)","Pokémon Pearl Version (USA, APAE, header ROM version 5)",/poketool/personal/wotbl.narc,equal,6,6,,,78d8a55da41c12a302833ef9dbec5de25b6d2e5f99a761cbbb26884c7282fc0c,78d8a55da41c12a302833ef9dbec5de25b6d2e5f99a761cbbb26884c7282fc0c,40,40,,
"Pokémon Diamond Version (USA, ADAE, header ROM version 5)","Pokémon Pearl Version (USA, APAE, header ROM version 5)",/poketool/personal/wotbl.narc,equal,7,7,,,0372f0f472e39536a001c1422e77cb607e3d8935c9dce0da60222a3854e5535b,0372f0f472e39536a001c1422e77cb607e3d8935c9dce0da60222a3854e5535b,28,28,,
"Pokémon Diamond Version (USA, ADAE, header ROM version 5)","Pokémon Pearl Version (USA, APAE, header ROM version 5)",/poketool/personal/wotbl.narc,equal,8,8,,,d86d310728a0050cf1ea9c70ed57e86030ba06c0b3f76ab1c2ef6c73bea4813c,d86d310728a0050cf1ea9c70ed57e86030ba06c0b3f76ab1c2ef6c73bea4813c,32,32,,
"Pokémon Diamond Version (USA, ADAE, header ROM version 5)","Pokémon Pearl Version (USA, APAE, header ROM version 5)",/poketool/personal/wotbl.narc,equal,9,9,,,9c9611671e8f7b0fb64e6c25f895f3ca5f26c3c52fbea8be274ea0bae5c22ccc,9c9611671e8f7b0fb64e6c25f895f3ca5f26c3c52fbea8be274ea0bae5c22ccc,36,36,,
"Pokémon Diamond Version (USA, ADAE, header ROM version 5)","Pokémon Pearl Version (USA, APAE, header ROM version 5)",/poketool/personal/wotbl.narc,equal,10,10,,,4833ff304db7be48aaae67803a6b334e5cb8b08aa17f1d01a66c5a8ba81aeecf,4833ff304db7be48aaae67803a6b334e5cb8b08aa17f1d01a66c5a8ba81aeecf,8,8,,
"Pokémon Diamond Version (USA, ADAE, header ROM version 5)","Pokémon Pearl Version (USA, APAE, header ROM version 5)",/poketool/personal/wotbl.narc,equal,11,11,,,944e66d5bc21cffb4864d644e46dcec4e92a3e1f8bea8605bde40815a97d7355,944e66d5bc21cffb4864d644e46dcec4e92a3e1f8bea8605bde40815a97d7355,8,8,,
"Pokémon Diamond Version (USA, ADAE, header ROM version 5)","Pokémon Pearl Version (USA, APAE, header ROM version 5)",/poketool/personal/wotbl.narc,equal,12,12,,,9774afca91c95a617b86a73f3791a03c7fea8bbf18f1f1c725da92e86cab375d,9774afca91c95a617b86a73f3791a03c7fea8bbf18f1f1c725da92e86cab375d,32,32,,
"Pokémon Diamond Version (USA, ADAE, header ROM version 5)","Pokémon Pearl Version (USA, APAE, header ROM version 5)",/poketool/personal/wotbl.narc,equal,13,13,,,31bd68fd5ca9839949b03fd26ecf7250b8125b9a5969ea3484a70a1512f181c1,31bd68fd5ca9839949b03fd26ecf7250b8125b9a5969ea3484a70a1512f181c1,8,8,,
"Pokémon Diamond Version (USA, ADAE, header ROM version 5)","Pokémon Pearl Version (USA, APAE, header ROM version 5)",/poketool/personal/wotbl.narc,equal,14,14,,,944e66d5bc21cffb4864d644e46dcec4e92a3e1f8bea8605bde40815a97d7355,944e66d5bc21cffb4864d644e46dcec4e92a3e1f8bea8605bde40815a97d7355,8,8,,
"Pokémon Diamond Version (USA, ADAE, header ROM version 5)","Pokémon Pearl Version (USA, APAE, header ROM version 5)",/poketool/personal/wotbl.narc,equal,15,15,,,65da3e752ae7ceff79ff7d5f1cb3fd4479789c9cc5740201f85880d335711624,65da3e752ae7ceff79ff7d5f1cb3fd4479789c9cc5740201f85880d335711624,28,28,,
"Pokémon Diamond Version (USA, ADAE, header ROM version 5)","Pokémon Pearl Version (USA, APAE, header ROM version 5)",/poketool/personal/wotbl.narc,equal,16,16,,,8e31e0bd9705eaff2ecdf6b0e45812c6dfdb486ddba0434b100722cf30849333,8e31e0bd9705eaff2ecdf6b0e45812c6dfdb486ddba0434b100722cf30849333,28,28,,
"Pokémon Diamond Version (USA, ADAE, header ROM version 5)","Pokémon Pearl Version (USA, APAE, header ROM version 5)",/poketool/personal/wotbl.narc,equal,17,17,,,657cb1a68bded0708ff407f7634559ca9243923564a9c674f24f7c7c47856910,657cb1a68bded0708ff407f7634559ca9243923564a9c674f24f7c7c47856910,32,32,,
"Pokémon Diamond Version (USA, ADAE, header ROM version 5)","Pokémon Pearl Version (USA, APAE, header ROM version 5)",/poketool/personal/wotbl.narc,equal,18,18,,,90df405dae4cca0af9dfb6738228d76598282a38d4925ffc888c1e3fcaaaaf92,90df405dae4cca0af9dfb6738228d76598282a38d4925ffc888c1e3fcaaaaf92,36,36,,
"Pokémon Diamond Version (USA, ADAE, header ROM version 5)","Pokémon Pearl Version (USA, APAE, header ROM version 5)",/poketool/personal/wotbl.narc,equal,19,19,,,b0423ef6e2757d0515b7a1a6b977d585b50c79dbbc1162c852fab82eed4e7462,b0423ef6e2757d0515b7a1a6b977d585b50c79dbbc1162c852fab82eed4e7462,28,28,,
"Pokémon Diamond Version (USA, ADAE, header ROM version 5)","Pokémon Pearl Version (USA, APAE, header ROM version 5)",/poketool/personal/wotbl.narc,equal,20,20,,,22a7947be0dd3c36ff6a5ed82decf2aa8716bb70da4ee66a9a7d9f45cb258b63,22a7947be0dd3c36ff6a5ed82decf2aa8716bb70da4ee66a9a7d9f45cb258b63,36,36,,
"Pokémon Diamond Version (USA, ADAE, header ROM version 5)","Pokémon Pearl Version (USA, APAE, header ROM version 5)",/poketool/personal/wotbl.narc,equal,21,21,,,d70cc66e9e9daa0c87b1affa5286eb07de00e87e0d397dfa4cdc2999a605c99f,d70cc66e9e9daa0c87b1affa5286eb07de00e87e0d397dfa4cdc2999a605c99f,24,24,,
"Pokémon Diamond Version (USA, ADAE, header ROM version 5)","Pokémon Pearl Version (USA, APAE, header ROM version 5)",/poketool/personal/wotbl.narc,equal,22,22,,,7f9a3bedc3bcd53f87e57183d41eb1532b8a438ff53bc186ba4297508a24abc5,7f9a3bedc3bcd53f87e57183d41eb1532b8a438ff53bc186ba4297508a24abc5,32,32,,
"Pokémon Diamond Version (USA, ADAE, header ROM version 5)","Pokémon Pearl Version (USA, APAE, header ROM version 5)",/poketool/personal/wotbl.narc,equal,23,23,,,da1acdd54b3a8524e53a9fef2153e97d356e64952805165ce29d8b2198aab368,da1acdd54b3a8524e53a9fef2153e97d356e64952805165ce29d8b2198aab368,32,32,,
"Pokémon Diamond Version (USA, ADAE, header ROM version 5)","Pokémon Pearl Version (USA, APAE, header ROM version 5)",/poketool/personal/wotbl.narc,equal,24,24,,,192d3262faed611b8b885d404e822b1a6cb2371d48f4a86a765cd510a226a621,192d3262faed611b8b885d404e822b1a6cb2371d48f4a86a765cd510a226a621,44,44,,
"Pokémon Diamond Version (USA, ADAE, header ROM version 5)","Pokémon Pearl Version (USA, APAE, header ROM version 5)",/poketool/personal/wotbl.narc,equal,25,25,,,d79893a9f5b5f5035e396e32622a3d512b86a287c9e697aecd3ec99fba3912f5,d79893a9f5b5f5035e396e32622a3d512b86a287c9e697aecd3ec99fba3912f5,28,28,,
"Pokémon Diamond Version (USA, ADAE, header ROM version 5)","Pokémon Pearl Version (USA, APAE, header ROM version 5)",/poketool/personal/wotbl.narc,equal,26,26,,,3061538e851f1a48b9b014fc14c6f9b949ac68d92ed0c73cd6ed39b8c6aff4e6,3061538e851f1a48b9b014fc14c6f9b949ac68d92ed0c73cd6ed39b8c6aff4e6,12,12,,
"Pokémon Diamond Version (USA, ADAE, header ROM version 5)","Pokémon Pearl Version (USA, APAE, header ROM version 5)",/poketool/personal/wotbl.narc,equal,27,27,,,d637a6393db9adf6ac069cfbb0a7d12e9b22fced352d2bddf21a2c2fb0a83c6d,d637a6393db9adf6ac069cfbb0a7d12e9b22fced352d2bddf21a2c2fb0a83c6d,28,28,,
"Pokémon Diamond Version (USA, ADAE, header ROM version 5)","Pokémon Pearl Version (USA, APAE, header ROM version 5)",/poketool/personal/wotbl.narc,equal,28,28,,,449819926c147b34359603131ec521db66d2d86eea99fad0c500bae88113b325,449819926c147b34359603131ec521db66d2d86eea99fad0c500bae88113b325,36,36,,
"Pokémon Diamond Version (USA, ADAE, header ROM version 5)","Pokémon Pearl Version (USA, APAE, header ROM version 5)",/poketool/personal/wotbl.narc,equal,29,29,,,6d96b0284c61f4a8ae714523fa2e2de75a82e3462ebe96ace6ab231d217bd9c5,6d96b0284c61f4a8ae714523fa2e2de75a82e3462ebe96ace6ab231d217bd9c5,28,28,,
"Pokémon Diamond Version (USA, ADAE, header ROM version 5)","Pokémon Pearl Version (USA, APAE, header ROM version 5)",/poketool/personal/wotbl.narc,equal,30,30,,,717fe9f394541b927cc4c401ae01aac81d2c2cc3e27a6ca63be649e851cb1cec,717fe9f394541b927cc4c401ae01aac81d2c2cc3e27a6ca63be649e851cb1cec,28,28,,
"Pokémon Diamond Version (USA, ADAE, header ROM version 5)","Pokémon Pearl Version (USA, APAE, header ROM version 5)",/poketool/personal/wotbl.narc,equal,31,31,,,9aeb11c4f8c91a5af6349a000a23cb0a901fca1cb0dfa1194b88a3e20c00717e,9aeb11c4f8c91a5af6349a000a23cb0a901fca1cb0dfa1194b88a3e20c00717e,16,16,,
"Pokémon Diamond Version (USA, ADAE, header ROM version 5)","Pokémon Pearl Version (USA, APAE, header ROM version 5)",/poketool/personal/wotbl.narc,equal,32,32,,,47dfc26b2721c5da5ba060965cc7c9136b7264138ed839c4a426c40e9e808416,47dfc26b2721c5da5ba060965cc7c9136b7264138ed839c4a426c40e9e808416,28,28,,
"Pokémon Diamond Version (USA, ADAE, header ROM version 5)","Pokémon Pearl Version (USA, APAE, header ROM version 5)",/poketool/personal/wotbl.narc,equal,33,33,,,ab3d9b8fadbfeb15669ad18f01e7a9a75a2b24996427ddfc515eeb9f43c2c898,ab3d9b8fadbfeb15669ad18f01e7a9a75a2b24996427ddfc515eeb9f43c2c898,28,28,,
"Pokémon Diamond Version (USA, ADAE, header ROM version 5)","Pokémon Pearl Version (USA, APAE, header ROM version 5)",/poketool/personal/wotbl.narc,equal,34,34,,,3d8200b2e3d6b1eea766f4df1affb25f6d17da34c6425e4256ae8a16f6d5c6e8,3d8200b2e3d6b1eea766f4df1affb25f6d17da34c6425e4256ae8a16f6d5c6e8,16,16,,
"Pokémon Diamond Version (USA, ADAE, header ROM version 5)","Pokémon Pearl Version (USA, APAE, header ROM version 5)",/poketool/personal/wotbl.narc,equal,35,35,,,998f5b1ad939277c4eb2bf4a2664f972dd6b51799d25c85e8af54f4de8a96029,998f5b1ad939277c4eb2bf4a2664f972dd6b51799d25c85e8af54f4de8a96029,36,36,,
"Pokémon Diamond Version (USA, ADAE, header ROM version 5)","Pokémon Pearl Version (USA, APAE, header ROM version 5)",/poketool/personal/wotbl.narc,equal,36,36,,,8fe1cbedf0a4fdf9fcafc1e63d71d11e5d2e0642f2abbb88a6ecd8d2bc4af2bf,8fe1cbedf0a4fdf9fcafc1e63d71d11e5d2e0642f2abbb88a6ecd8d2bc4af2bf,12,12,,
"Pokémon Diamond Version (USA, ADAE, header ROM version 5)","Pokémon Pearl Version (USA, APAE, header ROM version 5)",/poketool/personal/wotbl.narc,equal,37,37,,,73fa8d0a09de05a29d6af15fca0bf1ddd0f44201d3e4050095a1370e27d5ce9d,73fa8d0a09de05a29d6af15fca0bf1ddd0f44201d3e4050095a1370e27d5ce9d,32,32,,
"Pokémon Diamond Version (USA, ADAE, header ROM version 5)","Pokémon Pearl Version (USA, APAE, header ROM version 5)",/poketool/personal/wotbl.narc,equal,38,38,,,887945324a5750240e6d13e601461308e63add8d67ca5cd16925506ff739e9ee,887945324a5750240e6d13e601461308e63add8d67ca5cd16925506ff739e9ee,12,12,,
"Pokémon Diamond Version (USA, ADAE, header ROM version 5)","Pokémon Pearl Version (USA, APAE, header ROM version 5)",/poketool/personal/wotbl.narc,equal,39,39,,,92a27296c21b8411b5ae7e4fedb7ac649e9517afc2211653c42b7dee6f9415b6,92a27296c21b8411b5ae7e4fedb7ac649e9517afc2211653c42b7dee6f9415b6,28,28,,
"Pokémon Diamond Version (USA, ADAE, header ROM version 5)","Pokémon Pearl Version (USA, APAE, header ROM version 5)",/poketool/personal/wotbl.narc,equal,40,40,,,2c99c8e79905cd0abe2122a7de60a54eed3157abac1ae6dc40aa5e23c826aa1d,2c99c8e79905cd0abe2122a7de60a54eed3157abac1ae6dc40aa5e23c826aa1d,12,12,,
"Pokémon Diamond Version (USA, ADAE, header ROM version 5)","Pokémon Pearl Version (USA, APAE, header ROM version 5)",/poketool/personal/wotbl.narc,equal,41,41,,,cf010a9aaa88da47a181fe7b2d599fe37b96504a2906b616bbb2ea2ec5172e78,cf010a9aaa88da47a181fe7b2d599fe37b96504a2906b616bbb2ea2ec5172e78,24,24,,
"Pokémon Diamond Version (USA, ADAE, header ROM version 5)","Pokémon Pearl Version (USA, APAE, header ROM version 5)",/poketool/personal/wotbl.narc,equal,42,42,,,839473258f78548729ead127f6717ba4c776f34a0f9d67a32b00eea0e507a484,839473258f78548729ead127f6717ba4c776f34a0f9d67a32b00eea0e507a484,32,32,,
"Pokémon Diamond Version (USA, ADAE, header ROM version 5)","Pokémon Pearl Version (USA, APAE, header ROM version 5)",/poketool/personal/wotbl.narc,equal,43,43,,,15f2b53be96d1caf843066a1c330bfe0a7599dd40d22a9811a880727ea488c57,15f2b53be96d1caf843066a1c330bfe0a7599dd40d22a9811a880727ea488c57,28,28,,
"Pokémon Diamond Version (USA, ADAE, header ROM version 5)","Pokémon Pearl Version (USA, APAE, header ROM version 5)",/poketool/personal/wotbl.narc,equal,44,44,,,72ff89db26d682119e07fecfbe18cf1b43850ae8dc3d80c7412e714be8033a01,72ff89db26d682119e07fecfbe18cf1b43850ae8dc3d80c7412e714be8033a01,32,32,,
"Pokémon Diamond Version (USA, ADAE, header ROM version 5)","Pokémon Pearl Version (USA, APAE, header ROM version 5)",/poketool/personal/wotbl.narc,equal,45,45,,,2e0bd959b968301967a4edb4d17d29327ab1fd0a507ec97a21cc5df8fe859634,2e0bd959b968301967a4edb4d17d29327ab1fd0a507ec97a21cc5df8fe859634,16,16,,
"Pokémon Diamond Version (USA, ADAE, header ROM version 5)","Pokémon Pearl Version (USA, APAE, header ROM version 5)",/poketool/personal/wotbl.narc,equal,46,46,,,3c0dff6b4c4fb967adb25a6b0f35a5a1b296153977bd8875bb6e70773b69b1ff,3c0dff6b4c4fb967adb25a6b0f35a5a1b296153977bd8875bb6e70773b69b1ff,24,24,,
"Pokémon Diamond Version (USA, ADAE, header ROM version 5)","Pokémon Pearl Version (USA, APAE, header ROM version 5)",/poketool/personal/wotbl.narc,equal,47,47,,,d19cf3e1c599dc9d7b8a0c864950b530a1d9313fbe177021d60f800b0d26a616,d19cf3e1c599dc9d7b8a0c864950b530a1d9313fbe177021d60f800b0d26a616,32,32,,
"Pokémon Diamond Version (USA, ADAE, header ROM version 5)","Pokémon Pearl Version (USA, APAE, header ROM version 5)",/poketool/personal/wotbl.narc,equal,48,48,,,29d20d47b787bc6faf79c878dfc897c456476d72098472e48d6fb935cad1a184,29d20d47b787bc6faf79c878dfc897c456476d72098472e48d6fb935cad1a184,32,32,,
"Pokémon Diamond Version (USA, ADAE, header ROM version 5)","Pokémon Pearl Version (USA, APAE, header ROM version 5)",/poketool/personal/wotbl.narc,equal,49,49,,,7dd14987ce23a34223882b911112ac411cc1b54ec586df9b53f422b873206f29,7dd14987ce23a34223882b911112ac411cc1b54ec586df9b53f422b873206f29,40,40,,
"Pokémon Diamond Version (USA, ADAE, header ROM version 5)","Pokémon Pearl Version (USA, APAE, header ROM version 5)",/poketool/personal/wotbl.narc,equal,50,50,,,ff2467a7d1cf4f93049c45905c7f1311a63619869a8995535cd47a33eab4ee42,ff2467a7d1cf4f93049c45905c7f1311a63619869a8995535cd47a33eab4ee42,28,28,,
"Pokémon Diamond Version (USA, ADAE, header ROM version 5)","Pokémon Pearl Version (USA, APAE, header ROM version 5)",/poketool/personal/wotbl.narc,equal,51,51,,,42356c633c3100ad7f34ade1c95e6eeaed5c8929314cd84d392a71b90c6fef0d,42356c633c3100ad7f34ade1c95e6eeaed5c8929314cd84d392a71b90c6fef0d,36,36,,
"Pokémon Diamond Version (USA, ADAE, header ROM version 5)","Pokémon Pearl Version (USA, APAE, header ROM version 5)",/poketool/personal/wotbl.narc,equal,52,52,,,caf7a40ade8ab1e6e16c8acf5fe611559a714c70a3464076be46b6aeafee5591,caf7a40ade8ab1e6e16c8acf5fe611559a714c70a3464076be46b6aeafee5591,32,32,,
"Pokémon Diamond Version (USA, ADAE, header ROM version 5)","Pokémon Pearl Version (USA, APAE, header ROM version 5)",/poketool/personal/wotbl.narc,equal,53,53,,,cb91696f4ca0f5e0f5f61210fac6b061e4944111f3d8a70f125f7bbab3cfb8b1,cb91696f4ca0f5e0f5f61210fac6b061e4944111f3d8a70f125f7bbab3cfb8b1,36,36,,
"Pokémon Diamond Version (USA, ADAE, header ROM version 5)","Pokémon Pearl Version (USA, APAE, header ROM version 5)",/poketool/personal/wotbl.narc,equal,54,54,,,bb5844a15aaaef948dce9dc003b9e49d3a80637d66d708ad351e4d426dd92485,bb5844a15aaaef948dce9dc003b9e49d3a80637d66d708ad351e4d426dd92485,28,28,,
"Pokémon Diamond Version (USA, ADAE, header ROM version 5)","Pokémon Pearl Version (USA, APAE, header ROM version 5)",/poketool/personal/wotbl.narc,equal,55,55,,,347d4b68e6debb35a6bbf880fb7093d9854271dcb6f74870b65fbaee8ef46407,347d4b68e6debb35a6bbf880fb7093d9854271dcb6f74870b65fbaee8ef46407,32,32,,
"Pokémon Diamond Version (USA, ADAE, header ROM version 5)","Pokémon Pearl Version (USA, APAE, header ROM version 5)",/poketool/personal/wotbl.narc,equal,56,56,,,ed5ce9754adc0bd9980c28391b512a8beef7c2d84a09b117bbf67e5c2c8afece,ed5ce9754adc0bd9980c28391b512a8beef7c2d84a09b117bbf67e5c2c8afece,32,32,,
"Pokémon Diamond Version (USA, ADAE, header ROM version 5)","Pokémon Pearl Version (USA, APAE, header ROM version 5)",/poketool/personal/wotbl.narc,equal,57,57,,,5262747da128e4662ef54ea16fabbc9034f81f6a2167855da9ec521329fa4880,5262747da128e4662ef54ea16fabbc9034f81f6a2167855da9ec521329fa4880,36,36,,
"Pokémon Diamond Version (USA, ADAE, header ROM version 5)","Pokémon Pearl Version (USA, APAE, header ROM version 5)",/poketool/personal/wotbl.narc,equal,58,58,,,d91352cb0c853c06c8be9e4de7f8efc719176ca41d94545529f963a20ed5c0a6,d91352cb0c853c06c8be9e4de7f8efc719176ca41d94545529f963a20ed5c0a6,32,32,,
"Pokémon Diamond Version (USA, ADAE, header ROM version 5)","Pokémon Pearl Version (USA, APAE, header ROM version 5)",/poketool/personal/wotbl.narc,equal,59,59,,,8e57014216cc2e7252682abcb0e9b80dd6e8a2ba4d863e8039c15d6291cdbf65,8e57014216cc2e7252682abcb0e9b80dd6e8a2ba4d863e8039c15d6291cdbf65,16,16,,
"Pokémon Diamond Version (USA, ADAE, header ROM version 5)","Pokémon Pearl Version (USA, APAE, header ROM version 5)",/poketool/personal/wotbl.narc,equal,60,60,,,992c0b385e87fd077824eca770c16d750eb204c5b8c7a70e50e8162976f69cf5,992c0b385e87fd077824eca770c16d750eb204c5b8c7a70e50e8162976f69cf5,28,28,,
"Pokémon Diamond Version (USA, ADAE, header ROM version 5)","Pokémon Pearl Version (USA, APAE, header ROM version 5)",/poketool/personal/wotbl.narc,equal,61,61,,,95a458f5af13cb3395804f238f47a3f0630110d60106c79c07d6b94fae249886,95a458f5af13cb3395804f238f47a3f0630110d60106c79c07d6b94fae249886,32,32,,
"Pokémon Diamond Version (USA, ADAE, header ROM version 5)","Pokémon Pearl Version (USA, APAE, header ROM version 5)",/poketool/personal/wotbl.narc,equal,62,62,,,7087f2e98bbe142880375043db5e03c0f6de57d1510e189ebe28da0a7d1f6d1c,7087f2e98bbe142880375043db5e03c0f6de57d1510e189ebe28da0a7d1f6d1c,16,16,,
"Pokémon Diamond Version (USA, ADAE, header ROM version 5)","Pokémon Pearl Version (USA, APAE, header ROM version 5)",/poketool/personal/wotbl.narc,equal,63,63,,,d398f99c80107b97119bb3d54ed072ec95b505fe5e9497af105b09d05f2bdca7,d398f99c80107b97119bb3d54ed072ec95b505fe5e9497af105b09d05f2bdca7,4,4,,
"Pokémon Diamond Version (USA, ADAE, header ROM version 5)","Pokémon Pearl Version (USA, APAE, header ROM version 5)",/poketool/personal/wotbl.narc,equal,64,64,,,b41217ea22ac0a99146fd311b61b90b3fb0bb6fbb07c90fff7b76bc786087c4c,b41217ea22ac0a99146fd311b61b90b3fb0bb6fbb07c90fff7b76bc786087c4c,32,32,,
"Pokémon Diamond Version (USA, ADAE, header ROM version 5)","Pokémon Pearl Version (USA, APAE, header ROM version 5)",/poketool/personal/wotbl.narc,equal,65,65,,,877959424c7f378007ca3bf82529af4a6c55722760bd759ab364f47270f86c19,877959424c7f378007ca3bf82529af4a6c55722760bd759ab364f47270f86c19,32,32,,
"Pokémon Diamond Version (USA, ADAE, header ROM version 5)","Pokémon Pearl Version (USA, APAE, header ROM version 5)",/poketool/personal/wotbl.narc,equal,66,66,,,4ba3fc2a38cf73162d6bcc0a1b3c9a11b2aa8e83e0b23bc0d465f88662b91728,4ba3fc2a38cf73162d6bcc0a1b3c9a11b2aa8e83e0b23bc0d465f88662b91728,28,28,,
"Pokémon Diamond Version (USA, ADAE, header ROM version 5)","Pokémon Pearl Version (USA, APAE, header ROM version 5)",/poketool/personal/wotbl.narc,equal,67,67,,,16e233d19abe5fc568d15136188ba398a5b973e8b97b805a854491dcb06c6f5e,16e233d19abe5fc568d15136188ba398a5b973e8b97b805a854491dcb06c6f5e,32,32,,
"Pokémon Diamond Version (USA, ADAE, header ROM version 5)","Pokémon Pearl Version (USA, APAE, header ROM version 5)",/poketool/personal/wotbl.narc,equal,68,68,,,16e233d19abe5fc568d15136188ba398a5b973e8b97b805a854491dcb06c6f5e,16e233d19abe5fc568d15136188ba398a5b973e8b97b805a854491dcb06c6f5e,32,32,,
"Pokémon Diamond Version (USA, ADAE, header ROM version 5)","Pokémon Pearl Version (USA, APAE, header ROM version 5)",/poketool/personal/wotbl.narc,equal,69,69,,,aede6ec310dac2adbe421237a4dd78b0515aa32d694d883e9a004a5ee71846b3,aede6ec310dac2adbe421237a4dd78b0515aa32d694d883e9a004a5ee71846b3,28,28,,
"Pokémon Diamond Version (USA, ADAE, header ROM version 5)","Pokémon Pearl Version (USA, APAE, header ROM version 5)",/poketool/personal/wotbl.narc,equal,70,70,,,00b90302ba9153df8090248dd60d2236da52f04ce6cd8ad4611ca237179b2925,00b90302ba9153df8090248dd60d2236da52f04ce6cd8ad4611ca237179b2925,32,32,,
"Pokémon Diamond Version (USA, ADAE, header ROM version 5)","Pokémon Pearl Version (USA, APAE, header ROM version 5)",/poketool/personal/wotbl.narc,equal,71,71,,,f2d54ea2b1f19f538a940690b3dfd2e7ba8749068d66e52c8099386d401d288c,f2d54ea2b1f19f538a940690b3dfd2e7ba8749068d66e52c8099386d401d288c,20,20,,
"Pokémon Diamond Version (USA, ADAE, header ROM version 5)","Pokémon Pearl Version (USA, APAE, header ROM version 5)",/poketool/personal/wotbl.narc,equal,72,72,,,3ff6033ea2ff36c87d9401d4ee299bcb7c4699a99cd8c39880199dde584ae0d1,3ff6033ea2ff36c87d9401d4ee299bcb7c4699a99cd8c39880199dde584ae0d1,28,28,,
"Pokémon Diamond Version (USA, ADAE, header ROM version 5)","Pokémon Pearl Version (USA, APAE, header ROM version 5)",/poketool/personal/wotbl.narc,equal,73,73,,,55c96e5ff50a8d4b95fcb6cf1e005670bf23e6a2492caf94d06610ebc93b9ac0,55c96e5ff50a8d4b95fcb6cf1e005670bf23e6a2492caf94d06610ebc93b9ac0,32,32,,
"Pokémon Diamond Version (USA, ADAE, header ROM version 5)","Pokémon Pearl Version (USA, APAE, header ROM version 5)",/poketool/personal/wotbl.narc,equal,74,74,,,1ae26d6320484c0cea9d0e3c10fc7a83044b3145e07a59fee2382148f59b8e70,1ae26d6320484c0cea9d0e3c10fc7a83044b3145e07a59fee2382148f59b8e70,28,28,,
"Pokémon Diamond Version (USA, ADAE, header ROM version 5)","Pokémon Pearl Version (USA, APAE, header ROM version 5)",/poketool/personal/wotbl.narc,equal,75,75,,,35e8994fc6a63ecd94458d15232b3ed8726e9c9eea881a98f68fa69af5f4c60e,35e8994fc6a63ecd94458d15232b3ed8726e9c9eea881a98f68fa69af5f4c60e,32,32,,
"Pokémon Diamond Version (USA, ADAE, header ROM version 5)","Pokémon Pearl Version (USA, APAE, header ROM version 5)",/poketool/personal/wotbl.narc,equal,76,76,,,35e8994fc6a63ecd94458d15232b3ed8726e9c9eea881a98f68fa69af5f4c60e,35e8994fc6a63ecd94458d15232b3ed8726e9c9eea881a98f68fa69af5f4c60e,32,32,,
"Pokémon Diamond Version (USA, ADAE, header ROM version 5)","Pokémon Pearl Version (USA, APAE, header ROM version 5)",/poketool/personal/wotbl.narc,equal,77,77,,,853430c4d87e9daddce666ddb230aadb4e0553f87066ec064d5b9a1de3a83b1c,853430c4d87e9daddce666ddb230aadb4e0553f87066ec064d5b9a1de3a83b1c,24,24,,
"Pokémon Diamond Version (USA, ADAE, header ROM version 5)","Pokémon Pearl Version (USA, APAE, header ROM version 5)",/poketool/personal/wotbl.narc,equal,78,78,,,ace0305f6f1030efa1acd13f76d43277281ed62daee1958eb175e9c5ecdaaa81,ace0305f6f1030efa1acd13f76d43277281ed62daee1958eb175e9c5ecdaaa81,36,36,,
"Pokémon Diamond Version (USA, ADAE, header ROM version 5)","Pokémon Pearl Version (USA, APAE, header ROM version 5)",/poketool/personal/wotbl.narc,equal,79,79,,,7adb9a3e6246af9d0be8873b93acf9b758d7bf876abb726f3d7890c9489dd8bb,7adb9a3e6246af9d0be8873b93acf9b758d7bf876abb726f3d7890c9489dd8bb,32,32,,
"Pokémon Diamond Version (USA, ADAE, header ROM version 5)","Pokémon Pearl Version (USA, APAE, header ROM version 5)",/poketool/personal/wotbl.narc,equal,80,80,,,6be44e71428b25f016754610324da0c5a3724498f2b450f3d144ba31f48e3d62,6be44e71428b25f016754610324da0c5a3724498f2b450f3d144ba31f48e3d62,36,36,,
"Pokémon Diamond Version (USA, ADAE, header ROM version 5)","Pokémon Pearl Version (USA, APAE, header ROM version 5)",/poketool/personal/wotbl.narc,equal,81,81,,,ef830fb69e6dd8a5653ff9dfe3928312f85ca26ba54f0a32195046be0aee5466,ef830fb69e6dd8a5653ff9dfe3928312f85ca26ba54f0a32195046be0aee5466,32,32,,
"Pokémon Diamond Version (USA, ADAE, header ROM version 5)","Pokémon Pearl Version (USA, APAE, header ROM version 5)",/poketool/personal/wotbl.narc,equal,82,82,,,7a5d0e774dc8985421d20ea1bdfbd9d9e2af8d3c5c72cb01479b27ccf0bb1937,7a5d0e774dc8985421d20ea1bdfbd9d9e2af8d3c5c72cb01479b27ccf0bb1937,40,40,,
"Pokémon Diamond Version (USA, ADAE, header ROM version 5)","Pokémon Pearl Version (USA, APAE, header ROM version 5)",/poketool/personal/wotbl.narc,equal,83,83,,,4acd9632693f12299bc29daf3935f16c91ad8feec4fc2ce24a2c51286657d314,4acd9632693f12299bc29daf3935f16c91ad8feec4fc2ce24a2c51286657d314,32,32,,
"Pokémon Diamond Version (USA, ADAE, header ROM version 5)","Pokémon Pearl Version (USA, APAE, header ROM version 5)",/poketool/personal/wotbl.narc,equal,84,84,,,eb84a2629a86ec0933545613de0859f7a817263bb44223df998d604f10ab7a2a,eb84a2629a86ec0933545613de0859f7a817263bb44223df998d604f10ab7a2a,28,28,,
"Pokémon Diamond Version (USA, ADAE, header ROM version 5)","Pokémon Pearl Version (USA, APAE, header ROM version 5)",/poketool/personal/wotbl.narc,equal,85,85,,,76ffd46aa750d8dab36ddf3c1633144eebc2b8cd1e60708473cb467fc4a9698e,76ffd46aa750d8dab36ddf3c1633144eebc2b8cd1e60708473cb467fc4a9698e,32,32,,
"Pokémon Diamond Version (USA, ADAE, header ROM version 5)","Pokémon Pearl Version (USA, APAE, header ROM version 5)",/poketool/personal/wotbl.narc,equal,86,86,,,5d4cac5dbdb0c3355be7a91086fecd8543a9c4dd00bff1d70320e0b83bdb53c6,5d4cac5dbdb0c3355be7a91086fecd8543a9c4dd00bff1d70320e0b83bdb53c6,36,36,,
"Pokémon Diamond Version (USA, ADAE, header ROM version 5)","Pokémon Pearl Version (USA, APAE, header ROM version 5)",/poketool/personal/wotbl.narc,equal,87,87,,,70ae699323718a1235a07427498e1b56b99504c7bd4cb912121057cf22d9596c,70ae699323718a1235a07427498e1b56b99504c7bd4cb912121057cf22d9596c,44,44,,
"Pokémon Diamond Version (USA, ADAE, header ROM version 5)","Pokémon Pearl Version (USA, APAE, header ROM version 5)",/poketool/personal/wotbl.narc,equal,88,88,,,7dfe7087b73cd6b4db79f413577704dac6a9cfc0c6840c74c3c5857040e502df,7dfe7087b73cd6b4db79f413577704dac6a9cfc0c6840c74c3c5857040e502df,32,32,,
"Pokémon Diamond Version (USA, ADAE, header ROM version 5)","Pokémon Pearl Version (USA, APAE, header ROM version 5)",/poketool/personal/wotbl.narc,equal,89,89,,,c1276d9555ee85ed74eb3257cbdf722456d9b402a1002e3213fce41df5fcedd4,c1276d9555ee85ed74eb3257cbdf722456d9b402a1002e3213fce41df5fcedd4,36,36,,
"Pokémon Diamond Version (USA, ADAE, header ROM version 5)","Pokémon Pearl Version (USA, APAE, header ROM version 5)",/poketool/personal/wotbl.narc,equal,90,90,,,474bed3d1eab15fd9fda74ab38c21a3b15462d7d1530a1ff6384e2ffc2ff7c06,474bed3d1eab15fd9fda74ab38c21a3b15462d7d1530a1ff6384e2ffc2ff7c06,28,28,,
"Pokémon Diamond Version (USA, ADAE, header ROM version 5)","Pokémon Pearl Version (USA, APAE, header ROM version 5)",/poketool/personal/wotbl.narc,equal,91,91,,,8850f513e6bdeb0f041a0d12045c941a265e35ef33e4ecdb2e83c5cc1b77dc64,8850f513e6bdeb0f041a0d12045c941a265e35ef33e4ecdb2e83c5cc1b77dc64,16,16,,
"Pokémon Diamond Version (USA, ADAE, header ROM version 5)","Pokémon Pearl Version (USA, APAE, header ROM version 5)",/poketool/personal/wotbl.narc,equal,92,92,,,0b795950e45ce4cc262fd5be438150984e522380754f49b135179ca6b343d6c0,0b795950e45ce4cc262fd5be438150984e522380754f49b135179ca6b343d6c0,32,32,,
"Pokémon Diamond Version (USA, ADAE, header ROM version 5)","Pokémon Pearl Version (USA, APAE, header ROM version 5)",/poketool/personal/wotbl.narc,equal,93,93,,,be4e9227579f348876952a4c5f993747144b205bda9c0f6c6f35a3fa061aa021,be4e9227579f348876952a4c5f993747144b205bda9c0f6c6f35a3fa061aa021,36,36,,
"Pokémon Diamond Version (USA, ADAE, header ROM version 5)","Pokémon Pearl Version (USA, APAE, header ROM version 5)",/poketool/personal/wotbl.narc,equal,94,94,,,be4e9227579f348876952a4c5f993747144b205bda9c0f6c6f35a3fa061aa021,be4e9227579f348876952a4c5f993747144b205bda9c0f6c6f35a3fa061aa021,36,36,,
"Pokémon Diamond Version (USA, ADAE, header ROM version 5)","Pokémon Pearl Version (USA, APAE, header ROM version 5)",/poketool/personal/wotbl.narc,equal,95,95,,,bc1c7dfe92c850174ab2e19e9fb48025db38cda765a7355dc1fb4104d79acb39,bc1c7dfe92c850174ab2e19e9fb48025db38cda765a7355dc1fb4104d79acb39,36,36,,
"Pokémon Diamond Version (USA, ADAE, header ROM version 5)","Pokémon Pearl Version (USA, APAE, header ROM version 5)",/poketool/personal/wotbl.narc,equal,96,96,,,6c488bf8e392d46b713631916bc755c9fbb6218a13a3730bed2516e15e6b20c4,6c488bf8e392d46b713631916bc755c9fbb6218a13a3730bed2516e15e6b20c4,32,32,,
"Pokémon Diamond Version (USA, ADAE, header ROM version 5)","Pokémon Pearl Version (USA, APAE, header ROM version 5)",/poketool/personal/wotbl.narc,equal,97,97,,,735171f27d51b29506443d2971af136335c2423b4b402d9794c086cf93ca7c58,735171f27d51b29506443d2971af136335c2423b4b402d9794c086cf93ca7c58,40,40,,
"Pokémon Diamond Version (USA, ADAE, header ROM version 5)","Pokémon Pearl Version (USA, APAE, header ROM version 5)",/poketool/personal/wotbl.narc,equal,98,98,,,360378195ce9dbc0cee14809bf32f7ff5213b7954f4eed2b24e5ae349c9f2681,360378195ce9dbc0cee14809bf32f7ff5213b7954f4eed2b24e5ae349c9f2681,32,32,,
"Pokémon Diamond Version (USA, ADAE, header ROM version 5)","Pokémon Pearl Version (USA, APAE, header ROM version 5)",/poketool/personal/wotbl.narc,equal,99,99,,,e14f1767556e83a7808665c40f23bf7a687a34f157a57cf6451cfc67afe69906,e14f1767556e83a7808665c40f23bf7a687a34f157a57cf6451cfc67afe69906,36,36,,
"Pokémon Diamond Version (USA, ADAE, header ROM version 5)","Pokémon Pearl Version (USA, APAE, header ROM version 5)",/poketool/personal/wotbl.narc,equal,100,100,,,cc9998e32d24b6fd59d47f8ceffc7eff534d286dc026010c14ba9ce250884958,cc9998e32d24b6fd59d47f8ceffc7eff534d286dc026010c14ba9ce250884958,32,32,,
"Pokémon Diamond Version (USA, ADAE, header ROM version 5)","Pokémon Pearl Version (USA, APAE, header ROM version 5)",/poketool/personal/wotbl.narc,equal,101,101,,,d15629c331473f31c6f9e00037caaa8a7f302fe0f90c141f5db56d91a4eed3e8,d15629c331473f31c6f9e00037caaa8a7f302fe0f90c141f5db56d91a4eed3e8,36,36,,
"Pokémon Diamond Version (USA, ADAE, header ROM version 5)","Pokémon Pearl Version (USA, APAE, header ROM version 5)",/poketool/personal/wotbl.narc,equal,102,102,,,1a31596c2456e4798f3205e88f51c61eef3daf689a31330ef9c0698e16dad9fb,1a31596c2456e4798f3205e88f51c61eef3daf689a31330ef9c0698e16dad9fb,32,32,,
"Pokémon Diamond Version (USA, ADAE, header ROM version 5)","Pokémon Pearl Version (USA, APAE, header ROM version 5)",/poketool/personal/wotbl.narc,equal,103,103,,,99786b3560e6aa55f60435fa63d4604c046c8009ac7a318b8291367613fd2524,99786b3560e6aa55f60435fa63d4604c046c8009ac7a318b8291367613fd2524,20,20,,
"Pokémon Diamond Version (USA, ADAE, header ROM version 5)","Pokémon Pearl Version (USA, APAE, header ROM version 5)",/poketool/personal/wotbl.narc,equal,104,104,,,00ff9fb1e53f824574ccd9d7f1921fabc7e0924b2d14e9ac4a9d501ebbc3758a,00ff9fb1e53f824574ccd9d7f1921fabc7e0924b2d14e9ac4a9d501ebbc3758a,32,32,,
"Pokémon Diamond Version (USA, ADAE, header ROM version 5)","Pokémon Pearl Version (USA, APAE, header ROM version 5)",/poketool/personal/wotbl.narc,equal,105,105,,,e75c3dcfeca36469783529b3eab35f6c35f62b62833b3c64c0ac0e0d8f1268b0,e75c3dcfeca36469783529b3eab35f6c35f62b62833b3c64c0ac0e0d8f1268b0,36,36,,
"Pokémon Diamond Version (USA, ADAE, header ROM version 5)","Pokémon Pearl Version (USA, APAE, header ROM version 5)",/poketool/personal/wotbl.narc,equal,106,106,,,b435ad8943938b41d5d3adc11f201c325bfe1285cf48e3db6988cb8eb6367d2a,b435ad8943938b41d5d3adc11f201c325bfe1285cf48e3db6988cb8eb6367d2a,36,36,,
"Pokémon Diamond Version (USA, ADAE, header ROM version 5)","Pokémon Pearl Version (USA, APAE, header ROM version 5)",/poketool/personal/wotbl.narc,equal,107,107,,,29c48ba1b6a57ed64f9df18a6b166843f58a4693ca85f8c5016fd9eb4cb80f8f,29c48ba1b6a57ed64f9df18a6b166843f58a4693ca85f8c5016fd9eb4cb80f8f,36,36,,
"Pokémon Diamond Version (USA, ADAE, header ROM version 5)","Pokémon Pearl Version (USA, APAE, header ROM version 5)",/poketool/personal/wotbl.narc,equal,108,108,,,9cef3d7921d3fe5f44f32a01c863ab103a97dadb9e54fc68a4c6e17ed9fc422d,9cef3d7921d3fe5f44f32a01c863ab103a97dadb9e54fc68a4c6e17ed9fc422d,32,32,,
"Pokémon Diamond Version (USA, ADAE, header ROM version 5)","Pokémon Pearl Version (USA, APAE, header ROM version 5)",/poketool/personal/wotbl.narc,equal,109,109,,,ac5d6d19343651bc4d2569d23dbffec54770761bad95f3d1e7dbe92ec9b877e6,ac5d6d19343651bc4d2569d23dbffec54770761bad95f3d1e7dbe92ec9b877e6,28,28,,
"Pokémon Diamond Version (USA, ADAE, header ROM version 5)","Pokémon Pearl Version (USA, APAE, header ROM version 5)",/poketool/personal/wotbl.narc,equal,110,110,,,b7102c08e1520f4f4645befe60158275c759fe5f5da33b56429424b9253e35fd,b7102c08e1520f4f4645befe60158275c759fe5f5da33b56429424b9253e35fd,32,32,,
"Pokémon Diamond Version (USA, ADAE, header ROM version 5)","Pokémon Pearl Version (USA, APAE, header ROM version 5)",/poketool/personal/wotbl.narc,equal,111,111,,,9cf1d291fee000d41c048915b191bf9f4c491070f8f3b111dd32cc5d89d96741,9cf1d291fee000d41c048915b191bf9f4c491070f8f3b111dd32cc5d89d96741,24,24,,
"Pokémon Diamond Version (USA, ADAE, header ROM version 5)","Pokémon Pearl Version (USA, APAE, header ROM version 5)",/poketool/personal/wotbl.narc,equal,112,112,,,7dc91908d6765f33490d67be6e6792249a287d8a08e23ed1d9c440cf71ad69f9,7dc91908d6765f33490d67be6e6792249a287d8a08e23ed1d9c440cf71ad69f9,32,32,,
"Pokémon Diamond Version (USA, ADAE, header ROM version 5)","Pokémon Pearl Version (USA, APAE, header ROM version 5)",/poketool/personal/wotbl.narc,equal,113,113,,,16693f1f32988dff44413aed2b0954b7e22789116efcb4d2008003a0863212d6,16693f1f32988dff44413aed2b0954b7e22789116efcb4d2008003a0863212d6,32,32,,
"Pokémon Diamond Version (USA, ADAE, header ROM version 5)","Pokémon Pearl Version (USA, APAE, header ROM version 5)",/poketool/personal/wotbl.narc,equal,114,114,,,87524223ed65a120494935117a33cfcce1b0e43eb418d9fd60a29893c8fa00c3,87524223ed65a120494935117a33cfcce1b0e43eb418d9fd60a29893c8fa00c3,36,36,,
"Pokémon Diamond Version (USA, ADAE, header ROM version 5)","Pokémon Pearl Version (USA, APAE, header ROM version 5)",/poketool/personal/wotbl.narc,equal,115,115,,,6759ede8a3a5f61b35729d2806f26f215ba7119d224776a5f62fc5700c6dafa8,6759ede8a3a5f61b35729d2806f26f215ba7119d224776a5f62fc5700c6dafa8,32,32,,
"Pokémon Diamond Version (USA, ADAE, header ROM version 5)","Pokémon Pearl Version (USA, APAE, header ROM version 5)",/poketool/personal/wotbl.narc,equal,116,116,,,ef7c5e405352a5de204c8d6614d55660ca6c969b1b8d5d0d3382a8feb3528f01,ef7c5e405352a5de204c8d6614d55660ca6c969b1b8d5d0d3382a8feb3528f01,28,28,,
"Pokémon Diamond Version (USA, ADAE, header ROM version 5)","Pokémon Pearl Version (USA, APAE, header ROM version 5)",/poketool/personal/wotbl.narc,equal,117,117,,,a32f58c17811c8e015d74bdd9a6a8dab1330b46d30aa4485ba97f124bfcb582b,a32f58c17811c8e015d74bdd9a6a8dab1330b46d30aa4485ba97f124bfcb582b,32,32,,
"Pokémon Diamond Version (USA, ADAE, header ROM version 5)","Pokémon Pearl Version (USA, APAE, header ROM version 5)",/poketool/personal/wotbl.narc,equal,118,118,,,e56d45bd62057208e19bd78051a05160b37d1cf4dfa1a39a8ddb49d70b112496,e56d45bd62057208e19bd78051a05160b37d1cf4dfa1a39a8ddb49d70b112496,28,28,,
"Pokémon Diamond Version (USA, ADAE, header ROM version 5)","Pokémon Pearl Version (USA, APAE, header ROM version 5)",/poketool/personal/wotbl.narc,equal,119,119,,,0f69ef6537f4602ca78443b3cf3648bc53eb5912a748f995bee9807ba5f20872,0f69ef6537f4602ca78443b3cf3648bc53eb5912a748f995bee9807ba5f20872,32,32,,
"Pokémon Diamond Version (USA, ADAE, header ROM version 5)","Pokémon Pearl Version (USA, APAE, header ROM version 5)",/poketool/personal/wotbl.narc,equal,120,120,,,7f25b9df8c9586d1b2f917fa7f35406ed3ac72a27ea7e689afd9fe0822c481cb,7f25b9df8c9586d1b2f917fa7f35406ed3ac72a27ea7e689afd9fe0822c481cb,32,32,,
"Pokémon Diamond Version (USA, ADAE, header ROM version 5)","Pokémon Pearl Version (USA, APAE, header ROM version 5)",/poketool/personal/wotbl.narc,equal,121,121,,,6d0b2f68120fc514c9e18d578ae943aa85ebc6de8293c149743d1be558fcdcae,6d0b2f68120fc514c9e18d578ae943aa85ebc6de8293c149743d1be558fcdcae,12,12,,
"Pokémon Diamond Version (USA, ADAE, header ROM version 5)","Pokémon Pearl Version (USA, APAE, header ROM version 5)",/poketool/personal/wotbl.narc,equal,122,122,,,442174018e18da0788a8d4fe4786883d855111e705fef2d29b6e3e91211141f0,442174018e18da0788a8d4fe4786883d855111e705fef2d29b6e3e91211141f0,44,44,,
"Pokémon Diamond Version (USA, ADAE, header ROM version 5)","Pokémon Pearl Version (USA, APAE, header ROM version 5)",/poketool/personal/wotbl.narc,equal,123,123,,,65e9d31e8850ca047865fb6581ffda2e62eefd5b13d2b215f95b34c5c6bfe842,65e9d31e8850ca047865fb6581ffda2e62eefd5b13d2b215f95b34c5c6bfe842,36,36,,
"Pokémon Diamond Version (USA, ADAE, header ROM version 5)","Pokémon Pearl Version (USA, APAE, header ROM version 5)",/poketool/personal/wotbl.narc,equal,124,124,,,4312b59d13ec006c5bb2cee1310f6ec669693fe12160340c9cb80211b25bcb65,4312b59d13ec006c5bb2cee1310f6ec669693fe12160340c9cb80211b25bcb65,36,36,,
"Pokémon Diamond Version (USA, ADAE, header ROM version 5)","Pokémon Pearl Version (USA, APAE, header ROM version 5)",/poketool/personal/wotbl.narc,equal,125,125,,,a3116298970e2c0480a18fb63833079102246d7660e52ecff00439e2f60edae5,a3116298970e2c0480a18fb63833079102246d7660e52ecff00439e2f60edae5,28,28,,
"Pokémon Diamond Version (USA, ADAE, header ROM version 5)","Pokémon Pearl Version (USA, APAE, header ROM version 5)",/poketool/personal/wotbl.narc,equal,126,126,,,deafc429a958da35eb60fdbd3bd141f29ab9963f6169a6f4e43099cf4eae99c8,deafc429a958da35eb60fdbd3bd141f29ab9963f6169a6f4e43099cf4eae99c8,28,28,,
"Pokémon Diamond Version (USA, ADAE, header ROM version 5)","Pokémon Pearl Version (USA, APAE, header ROM version 5)",/poketool/personal/wotbl.narc,equal,127,127,,,c1fdc39f9d429a567042208a5b16f2a030cfd8a99a9acf4edd8b5a092f623ab9,c1fdc39f9d429a567042208a5b16f2a030cfd8a99a9acf4edd8b5a092f623ab9,32,32,,
"Pokémon Diamond Version (USA, ADAE, header ROM version 5)","Pokémon Pearl Version (USA, APAE, header ROM version 5)",/poketool/personal/wotbl.narc,equal,128,128,,,75e507e7f1e1b188381b18c3e09b93528f3f8021043d2ef3c9cea7db182b608c,75e507e7f1e1b188381b18c3e09b93528f3f8021043d2ef3c9cea7db182b608c,28,28,,
"Pokémon Diamond Version (USA, ADAE, header ROM version 5)","Pokémon Pearl Version (USA, APAE, header ROM version 5)",/poketool/personal/wotbl.narc,equal,129,129,,,6372ed40287d634d67e2ae63940d6ba8a8e44d0937a2126a12b6872a54e1eb22,6372ed40287d634d67e2ae63940d6ba8a8e44d0937a2126a12b6872a54e1eb22,8,8,,
"Pokémon Diamond Version (USA, ADAE, header ROM version 5)","Pokémon Pearl Version (USA, APAE, header ROM version 5)",/poketool/personal/wotbl.narc,equal,130,130,,,de503f5d3a917c561f69c780c81669a4911e0b3550e443d7884d9c1206b5f5a6,de503f5d3a917c561f69c780c81669a4911e0b3550e443d7884d9c1206b5f5a6,24,24,,
"Pokémon Diamond Version (USA, ADAE, header ROM version 5)","Pokémon Pearl Version (USA, APAE, header ROM version 5)",/poketool/personal/wotbl.narc,equal,131,131,,,a44ac395bf3fb2c612ce4754c5711478573ea3798556804abe16182dd7eb3119,a44ac395bf3fb2c612ce4754c5711478573ea3798556804abe16182dd7eb3119,32,32,,
"Pokémon Diamond Version (USA, ADAE, header ROM version 5)","Pokémon Pearl Version (USA, APAE, header ROM version 5)",/poketool/personal/wotbl.narc,equal,132,132,,,302c98f59f16a33bc412bd6a3d722c18f1c346c33a8f8df77047582e2eee6c58,302c98f59f16a33bc412bd6a3d722c18f1c346c33a8f8df77047582e2eee6c58,4,4,,
"Pokémon Diamond Version (USA, ADAE, header ROM version 5)","Pokémon Pearl Version (USA, APAE, header ROM version 5)",/poketool/personal/wotbl.narc,equal,133,133,,,c4c6dd7edc21f4eebe30f477cc84f50425c31a7075f4437f5528dcd821e2f008,c4c6dd7edc21f4eebe30f477cc84f50425c31a7075f4437f5528dcd821e2f008,24,24,,
"Pokémon Diamond Version (USA, ADAE, header ROM version 5)","Pokémon Pearl Version (USA, APAE, header ROM version 5)",/poketool/personal/wotbl.narc,equal,134,134,,,4eb9b3dcadc1c2981cb0d95f37755e6fdf6aec703e8d9181883936f9a96570f5,4eb9b3dcadc1c2981cb0d95f37755e6fdf6aec703e8d9181883936f9a96570f5,28,28,,
"Pokémon Diamond Version (USA, ADAE, header ROM version 5)","Pokémon Pearl Version (USA, APAE, header ROM version 5)",/poketool/personal/wotbl.narc,equal,135,135,,,4732495d685f630b198e069579c8108c5d736f4fa7c17c8451cd732dc8fdcd25,4732495d685f630b198e069579c8108c5d736f4fa7c17c8451cd732dc8fdcd25,28,28,,
"Pokémon Diamond Version (USA, ADAE, header ROM version 5)","Pokémon Pearl Version (USA, APAE, header ROM version 5)",/poketool/personal/wotbl.narc,equal,136,136,,,2ee1bc31a3e2e52a9c2ee786cdacac54e37402c031a4aba724acf779e56dc76a,2ee1bc31a3e2e52a9c2ee786cdacac54e37402c031a4aba724acf779e56dc76a,28,28,,
"Pokémon Diamond Version (USA, ADAE, header ROM version 5)","Pokémon Pearl Version (USA, APAE, header ROM version 5)",/poketool/personal/wotbl.narc,equal,137,137,,,cbe525745cd797579a0b7495f39df093f4862e6bbe1f9a135c1650a73083c0e0,cbe525745cd797579a0b7495f39df093f4862e6bbe1f9a135c1650a73083c0e0,32,32,,
"Pokémon Diamond Version (USA, ADAE, header ROM version 5)","Pokémon Pearl Version (USA, APAE, header ROM version 5)",/poketool/personal/wotbl.narc,equal,138,138,,,05ce762866898ac4d24acc8bfd1d29aea96e2262214a151184eff094201e204e,05ce762866898ac4d24acc8bfd1d29aea96e2262214a151184eff094201e204e,28,28,,
"Pokémon Diamond Version (USA, ADAE, header ROM version 5)","Pokémon Pearl Version (USA, APAE, header ROM version 5)",/poketool/personal/wotbl.narc,equal,139,139,,,3211ffdde9a6bb4761c3444f67a1d22e0fdf2553329ddc10c5419f9d93a1b9b4,3211ffdde9a6bb4761c3444f67a1d22e0fdf2553329ddc10c5419f9d93a1b9b4,32,32,,
"Pokémon Diamond Version (USA, ADAE, header ROM version 5)","Pokémon Pearl Version (USA, APAE, header ROM version 5)",/poketool/personal/wotbl.narc,equal,140,140,,,510a1932f3f4ad3b702ee4a32058d701581a66250fe739ae3a63238774f523b8,510a1932f3f4ad3b702ee4a32058d701581a66250fe739ae3a63238774f523b8,28,28,,
"Pokémon Diamond Version (USA, ADAE, header ROM version 5)","Pokémon Pearl Version (USA, APAE, header ROM version 5)",/poketool/personal/wotbl.narc,equal,141,141,,,342f157dd0c5fe82799166e3d9592e6884aa9197d6fa6c5691d3ac9cff17cd2e,342f157dd0c5fe82799166e3d9592e6884aa9197d6fa6c5691d3ac9cff17cd2e,32,32,,
"Pokémon Diamond Version (USA, ADAE, header ROM version 5)","Pokémon Pearl Version (USA, APAE, header ROM version 5)",/poketool/personal/wotbl.narc,equal,142,142,,,d5f8fc5afd1a414a98b0c7acb37c54e1168450b0a0cab98df02edd0fdc4e07b4,d5f8fc5afd1a414a98b0c7acb37c54e1168450b0a0cab98df02edd0fdc4e07b4,36,36,,
"Pokémon Diamond Version (USA, ADAE, header ROM version 5)","Pokémon Pearl Version (USA, APAE, header ROM version 5)",/poketool/personal/wotbl.narc,equal,143,143,,,916e894c21a9aaa906b48275546470dd0946916908982e6946ebeb6377fb6f2b,916e894c21a9aaa906b48275546470dd0946916908982e6946ebeb6377fb6f2b,32,32,,
"Pokémon Diamond Version (USA, ADAE, header ROM version 5)","Pokémon Pearl Version (USA, APAE, header ROM version 5)",/poketool/personal/wotbl.narc,equal,144,144,,,34a156fddf1b834affc68e40b0642495dc075bb6afce5f823ac8129020dbd824,34a156fddf1b834affc68e40b0642495dc075bb6afce5f823ac8129020dbd824,32,32,Nintendo LZ10,Nintendo LZ10
"Pokémon Diamond Version (USA, ADAE, header ROM version 5)","Pokémon Pearl Version (USA, APAE, header ROM version 5)",/poketool/personal/wotbl.narc,equal,145,145,,,d6af2751eecdba6b6a5366201cd696c821d6e1369e323b8635b535d3e9b7a7a5,d6af2751eecdba6b6a5366201cd696c821d6e1369e323b8635b535d3e9b7a7a5,32,32,,
"Pokémon Diamond Version (USA, ADAE, header ROM version 5)","Pokémon Pearl Version (USA, APAE, header ROM version 5)",/poketool/personal/wotbl.narc,equal,146,146,,,a666d39e68c6c5e88a31bf8474b1e2c57345e80f314dc5e8eef93072831e7bc3,a666d39e68c6c5e88a31bf8474b1e2c57345e80f314dc5e8eef93072831e7bc3,32,32,Nintendo LZ11,Nintendo LZ11
"Pokémon Diamond Version (USA, ADAE, header ROM version 5)","Pokémon Pearl Version (USA, APAE, header ROM version 5)",/poketool/personal/wotbl.narc,equal,147,147,,,c750341ef8e960538257789dc2e54f4d63e38721a57228a554a5f0609743e717,c750341ef8e960538257789dc2e54f4d63e38721a57228a554a5f0609743e717,28,28,,
"Pokémon Diamond Version (USA, ADAE, header ROM version 5)","Pokémon Pearl Version (USA, APAE, header ROM version 5)",/poketool/personal/wotbl.narc,equal,148,148,,,907b576b14d250cafabe565377ce0df9c5177b35dd48c4e1a532580c33d517e5,907b576b14d250cafabe565377ce0df9c5177b35dd48c4e1a532580c33d517e5,32,32,,
"Pokémon Diamond Version (USA, ADAE, header ROM version 5)","Pokémon Pearl Version (USA, APAE, header ROM version 5)",/poketool/personal/wotbl.narc,equal,149,149,,,fd5de3eea0596f939b395c8f7319fbb71b4af1d61344c209663ed0f8773a1f0c,fd5de3eea0596f939b395c8f7319fbb71b4af1d61344c209663ed0f8773a1f0c,40,40,,
"Pokémon Diamond Version (USA, ADAE, header ROM version 5)","Pokémon Pearl Version (USA, APAE, header ROM version 5)",/poketool/personal/wotbl.narc,equal,150,150,,,d81b439862e8c89c70f2977eadbbfce25d5fead9f5e4236e7e7050ce9e8591fc,d81b439862e8c89c70f2977eadbbfce25d5fead9f5e4236e7e7050ce9e8591fc,36,36,,
"Pokémon Diamond Version (USA, ADAE, header ROM version 5)","Pokémon Pearl Version (USA, APAE, header ROM version 5)",/poketool/personal/wotbl.narc,equal,151,151,,,2f5a0591c261950b8efa13372319b4f9bbe240eabb52d311e32e5d56e5d1c033,2f5a0591c261950b8efa13372319b4f9bbe240eabb52d311e32e5d56e5d1c033,28,28,,
"Pokémon Diamond Version (USA, ADAE, header ROM version 5)","Pokémon Pearl Version (USA, APAE, header ROM version 5)",/poketool/personal/wotbl.narc,equal,152,152,,,fdf9df821467d653270ac811503713bc6ead715a837e1cd77930cd0e1c214a52,fdf9df821467d653270ac811503713bc6ead715a837e1cd77930cd0e1c214a52,32,32,,
"Pokémon Diamond Version (USA, ADAE, header ROM version 5)","Pokémon Pearl Version (USA, APAE, header ROM version 5)",/poketool/personal/wotbl.narc,equal,153,153,,,d7a5aa6ff1dfa7723396b23a218d46c3a41dae3bb4200f2db3e35bd6a2a1e1b8,d7a5aa6ff1dfa7723396b23a218d46c3a41dae3bb4200f2db3e35bd6a2a1e1b8,36,36,,
"Pokémon Diamond Version (USA, ADAE, header ROM version 5)","Pokémon Pearl Version (USA, APAE, header ROM version 5)",/poketool/personal/wotbl.narc,equal,154,154,,,053ba8b0d599e11bee1e1682116a45bbb3550e8eb93fd5803d1951270189a9f8,053ba8b0d599e11bee1e1682116a45bbb3550e8eb93fd5803d1951270189a9f8,36,36,,
"Pokémon Diamond Version (USA, ADAE, header ROM version 5)","Pokémon Pearl Version (USA, APAE, header ROM version 5)",/poketool/personal/wotbl.narc,equal,155,155,,,60fa9335191b5872f9fed24e1177f67d6c155a282249624424559ea3c15d6e3d,60fa9335191b5872f9fed24e1177f67d6c155a282249624424559ea3c15d6e3d,28,28,,
"Pokémon Diamond Version (USA, ADAE, header ROM version 5)","Pokémon Pearl Version (USA, APAE, header ROM version 5)",/poketool/personal/wotbl.narc,equal,156,156,,,add8749e6b54de916ffad7a443a8c57ec4c7b665c00828d98be66eed7ad5c35c,add8749e6b54de916ffad7a443a8c57ec4c7b665c00828d98be66eed7ad5c35c,32,32,,
"Pokémon Diamond Version (USA, ADAE, header ROM version 5)","Pokémon Pearl Version (USA, APAE, header ROM version 5)",/poketool/personal/wotbl.narc,equal,157,157,,,a86f688542343b60c04f864803940d168a6bce027f8c56e6727ffa368e9baa55,a86f688542343b60c04f864803940d168a6bce027f8c56e6727ffa368e9baa55,36,36,,
"Pokémon Diamond Version (USA, ADAE, header ROM version 5)","Pokémon Pearl Version (USA, APAE, header ROM version 5)",/poketool/personal/wotbl.narc,equal,158,158,,,58f9ea7771cc7b0e524f2f695165f12d0d2df87607f1d2f9ebc497b0a1c4a9c3,58f9ea7771cc7b0e524f2f695165f12d0d2df87607f1d2f9ebc497b0a1c4a9c3,32,32,,
"Pokémon Diamond Version (USA, ADAE, header ROM version 5)","Pokémon Pearl Version (USA, APAE, header ROM version 5)",/poketool/personal/wotbl.narc,equal,159,159,,,3414a36d545a5817853cf7b81f39c6d032fd5df81fc68d016137508180e1d976,3414a36d545a5817853cf7b81f39c6d032fd5df81fc68d016137508180e1d976,32,32,,
"Pokémon Diamond Version (USA, ADAE, header ROM version 5)","Pokémon Pearl Version (USA, APAE, header ROM version 5)",/poketool/personal/wotbl.narc,equal,160,160,,,a636a47b56e858340951ddc0825e03cfba41b7405da9dc0a33424c0a40e2862d,a636a47b56e858340951ddc0825e03cfba41b7405da9dc0a33424c0a40e2862d,36,36,,
"Pokémon Diamond Version (USA, ADAE, header ROM version 5)","Pokémon Pearl Version (USA, APAE, header ROM version 5)",/poketool/personal/wotbl.narc,equal,161,161,,,5270a610d5a5cf0a384706a1e43d735276e08b065eee1950e99f0628184353d6,5270a610d5a5cf0a384706a1e43d735276e08b065eee1950e99f0628184353d6,32,32,,
"Pokémon Diamond Version (USA, ADAE, header ROM version 5)","Pokémon Pearl Version (USA, APAE, header ROM version 5)",/poketool/personal/wotbl.narc,equal,162,162,,,8714576006bfdd52c87504e915ee68ac2aa1fc5bdb8cb2acb7e0e8d7fde92946,8714576006bfdd52c87504e915ee68ac2aa1fc5bdb8cb2acb7e0e8d7fde92946,36,36,,
"Pokémon Diamond Version (USA, ADAE, header ROM version 5)","Pokémon Pearl Version (USA, APAE, header ROM version 5)",/poketool/personal/wotbl.narc,equal,163,163,,,557eb21c4e9bf990d54711bae023eddfd38b2ef3f674bf948485fcb31f7d7546,557eb21c4e9bf990d54711bae023eddfd38b2ef3f674bf948485fcb31f7d7546,32,32,,
"Pokémon Diamond Version (USA, ADAE, header ROM version 5)","Pokémon Pearl Version (USA, APAE, header ROM version 5)",/poketool/personal/wotbl.narc,equal,164,164,,,e1fc5d1726f029efdd7bcaa56f81ec31052ad682df692b6b5a88b64d3947db45,e1fc5d1726f029efdd7bcaa56f81ec31052ad682df692b6b5a88b64d3947db45,36,36,,
"Pokémon Diamond Version (USA, ADAE, header ROM version 5)","Pokémon Pearl Version (USA, APAE, header ROM version 5)",/poketool/personal/wotbl.narc,equal,165,165,,,424fede1ca62e89d2e5b7de8109de490943bc1ebc022111e00c3386ea57fb701,424fede1ca62e89d2e5b7de8109de490943bc1ebc022111e00c3386ea57fb701,28,28,,
"Pokémon Diamond Version (USA, ADAE, header ROM version 5)","Pokémon Pearl Version (USA, APAE, header ROM version 5)",/poketool/personal/wotbl.narc,equal,166,166,,,9d14585bad46735b7385a7f1156cc4e64bc813e0f3c42960bfd7e2682ce86f30,9d14585bad46735b7385a7f1156cc4e64bc813e0f3c42960bfd7e2682ce86f30,32,32,,
"Pokémon Diamond Version (USA, ADAE, header ROM version 5)","Pokémon Pearl Version (USA, APAE, header ROM version 5)",/poketool/personal/wotbl.narc,equal,167,167,,,6e91b93e0aa1462be7bf05a61a05d1096caf866b62d6028c46671998f485959b,6e91b93e0aa1462be7bf05a61a05d1096caf866b62d6028c46671998f485959b,32,32,,
"Pokémon Diamond Version (USA, ADAE, header ROM version 5)","Pokémon Pearl Version (USA, APAE, header ROM version 5)",/poketool/personal/wotbl.narc,equal,168,168,,,63d52de6e711a25811d0caf8b84a40286d1e21083c09a94eab271212da5fa694,63d52de6e711a25811d0caf8b84a40286d1e21083c09a94eab271212da5fa694,36,36,,
"Pokémon Diamond Version (USA, ADAE, header ROM version 5)","Pokémon Pearl Version (USA, APAE, header ROM version 5)",/poketool/personal/wotbl.narc,equal,169,169,,,cbdde18121612065dab9ef730678da337ebb616b27278087ceb2b0d1916aad4e,cbdde18121612065dab9ef730678da337ebb616b27278087ceb2b0d1916aad4e,32,32,,
"Pokémon Diamond Version (USA, ADAE, header ROM version 5)","Pokémon Pearl Version (USA, APAE, header ROM version 5)",/poketool/personal/wotbl.narc,equal,170,170,,,d6036be2ea337382ce4f3df7e96e22a1ca1a4279a94caed4a3d034e39fed721f,d6036be2ea337382ce4f3df7e96e22a1ca1a4279a94caed4a3d034e39fed721f,32,32,,
"Pokémon Diamond Version (USA, ADAE, header ROM version 5)","Pokémon Pearl Version (USA, APAE, header ROM version 5)",/poketool/personal/wotbl.narc,equal,171,171,,,7788121ff20f8c047ced5bf26d7f291a87541ce1fe5030f66e30ce91c45ab0c6,7788121ff20f8c047ced5bf26d7f291a87541ce1fe5030f66e30ce91c45ab0c6,40,40,,
"Pokémon Diamond Version (USA, ADAE, header ROM version 5)","Pokémon Pearl Version (USA, APAE, header ROM version 5)",/poketool/personal/wotbl.narc,equal,172,172,,,33974301d7643cd1b794ffcffe6f288179469ae43a7b8b30155972c7c524ecb8,33974301d7643cd1b794ffcffe6f288179469ae43a7b8b30155972c7c524ecb8,16,16,,
"Pokémon Diamond Version (USA, ADAE, header ROM version 5)","Pokémon Pearl Version (USA, APAE, header ROM version 5)",/poketool/personal/wotbl.narc,equal,173,173,,,4e824046bfcf93b322931a3884586801e9ebb5f0123120d340e689658537e1cf,4e824046bfcf93b322931a3884586801e9ebb5f0123120d340e689658537e1cf,16,16,,
"Pokémon Diamond Version (USA, ADAE, header ROM version 5)","Pokémon Pearl Version (USA, APAE, header ROM version 5)",/poketool/personal/wotbl.narc,equal,174,174,,,5018efadc41fd6cd85e9d0153109926f5c0a9ea4507f945e05ec2635f3bea108,5018efadc41fd6cd85e9d0153109926f5c0a9ea4507f945e05ec2635f3bea108,16,16,,
"Pokémon Diamond Version (USA, ADAE, header ROM version 5)","Pokémon Pearl Version (USA, APAE, header ROM version 5)",/poketool/personal/wotbl.narc,equal,175,175,,,bfdb9a38c4045a3c4917aae7577590299193ffbe45334d779c5cfdf300f8180f,bfdb9a38c4045a3c4917aae7577590299193ffbe45334d779c5cfdf300f8180f,28,28,,
"Pokémon Diamond Version (USA, ADAE, header ROM version 5)","Pokémon Pearl Version (USA, APAE, header ROM version 5)",/poketool/personal/wotbl.narc,equal,176,176,,,2f34263164473fa609380a0d25770007d2aac50758319b9065e0a261722127f8,2f34263164473fa609380a0d25770007d2aac50758319b9065e0a261722127f8,36,36,,
"Pokémon Diamond Version (USA, ADAE, header ROM version 5)","Pokémon Pearl Version (USA, APAE, header ROM version 5)",/poketool/personal/wotbl.narc,equal,177,177,,,ea8e716d5209fda6ac7ac566c97aa94ef46e6dd7119b8a385118b507d5d0bcbc,ea8e716d5209fda6ac7ac566c97aa94ef46e6dd7119b8a385118b507d5d0bcbc,32,32,,
"Pokémon Diamond Version (USA, ADAE, header ROM version 5)","Pokémon Pearl Version (USA, APAE, header ROM version 5)",/poketool/personal/wotbl.narc,equal,178,178,,,ce77a6f5f657d26d4c55b4d185a2e1ef2f5171cd757232b1fa83e680dc237c66,ce77a6f5f657d26d4c55b4d185a2e1ef2f5171cd757232b1fa83e680dc237c66,36,36,,
"Pokémon Diamond Version (USA, ADAE, header ROM version 5)","Pokémon Pearl Version (USA, APAE, header ROM version 5)",/poketool/personal/wotbl.narc,equal,179,179,,,f883627100a5cbd86608403fbb7b0f58fc20400fd1bf83164a21b762562e6160,f883627100a5cbd86608403fbb7b0f58fc20400fd1bf83164a21b762562e6160,24,24,,
"Pokémon Diamond Version (USA, ADAE, header ROM version 5)","Pokémon Pearl Version (USA, APAE, header ROM version 5)",/poketool/personal/wotbl.narc,equal,180,180,,,a918f383ad20c60bcc6c98206d6e936e585e5ffc9decfd58171ac6d35df9a9e9,a918f383ad20c60bcc6c98206d6e936e585e5ffc9decfd58171ac6d35df9a9e9,28,28,,
"Pokémon Diamond Version (USA, ADAE, header ROM version 5)","Pokémon Pearl Version (USA, APAE, header ROM version 5)",/poketool/personal/wotbl.narc,equal,181,181,,,1075d2d0b5a4fbcca22fc002bb95fc755a497560284c58a090e9530a1068e3c6,1075d2d0b5a4fbcca22fc002bb95fc755a497560284c58a090e9530a1068e3c6,36,36,,
"Pokémon Diamond Version (USA, ADAE, header ROM version 5)","Pokémon Pearl Version (USA, APAE, header ROM version 5)",/poketool/personal/wotbl.narc,equal,182,182,,,788a057d15164e2b7c859b1796d41aa53572ba81f9c052d826415433335e9355,788a057d15164e2b7c859b1796d41aa53572ba81f9c052d826415433335e9355,16,16,,
"Pokémon Diamond Version (USA, ADAE, header ROM version 5)","Pokémon Pearl Version (USA, APAE, header ROM version 5)",/poketool/personal/wotbl.narc,equal,183,183,,,6b8e219bed6cd7dd44af177d83cf6ef64286aa98ef6e7d1ca414eb484b093a52,6b8e219bed6cd7dd44af177d83cf6ef64286aa98ef6e7d1ca414eb484b093a52,24,24,,
"Pokémon Diamond Version (USA, ADAE, header ROM version 5)","Pokémon Pearl Version (USA, APAE, header ROM version 5)",/poketool/personal/wotbl.narc,equal,184,184,,,70bf3d50f306fc82f450afb8da7295815284666d230dc54729d6e84974529cdd,70bf3d50f306fc82f450afb8da7295815284666d230dc54729d6e84974529cdd,32,32,,
"Pokémon Diamond Version (USA, ADAE, header ROM version 5)","Pokémon Pearl Version (USA, APAE, header ROM version 5)",/poketool/personal/wotbl.narc,equal,185,185,,,725a0ce21cb6c9371a2c0a3407164317ab2fd376124a7512bd7dfa5fd8bfd79e,725a0ce21cb6c9371a2c0a3407164317ab2fd376124a7512bd7dfa5fd8bfd79e,36,36,,
"Pokémon Diamond Version (USA, ADAE, header ROM version 5)","Pokémon Pearl Version (USA, APAE, header ROM version 5)",/poketool/personal/wotbl.narc,equal,186,186,,,31f6623cfeee94dd73c40beb9c5e72fb9b190319a8761a4d8d51e1287a040817,31f6623cfeee94dd73c40beb9c5e72fb9b190319a8761a4d8d51e1287a040817,16,16,,
"Pokémon Diamond Version (USA, ADAE, header ROM version 5)","Pokémon Pearl Version (USA, APAE, header ROM version 5)",/poketool/personal/wotbl.narc,equal,187,187,,,6ba021d2df57940c324cb5ecee67e49259f59d85b6fd3e264c2372693602318a,6ba021d2df57940c324cb5ecee67e49259f59d85b6fd3e264c2372693602318a,36,36,,
"Pokémon Diamond Version (USA, ADAE, header ROM version 5)","Pokémon Pearl Version (USA, APAE, header ROM version 5)",/poketool/personal/wotbl.narc,equal,188,188,,,0a858cf69bf53613e2b598def695157c3f57aaee5e9358416feeca288b09d72b,0a858cf69bf53613e2b598def695157c3f57aaee5e9358416feeca288b09d72b,40,40,,
"Pokémon Diamond Version (USA, ADAE, header ROM version 5)","Pokémon Pearl Version (USA, APAE, header ROM version 5)",/poketool/personal/wotbl.narc,equal,189,189,,,0a858cf69bf53613e2b598def695157c3f57aaee5e9358416feeca288b09d72b,0a858cf69bf53613e2b598def695157c3f57aaee5e9358416feeca288b09d72b,40,40,,
"Pokémon Diamond Version (USA, ADAE, header ROM version 5)","Pokémon Pearl Version (USA, APAE, header ROM version 5)",/poketool/personal/wotbl.narc,equal,190,190,,,ed90766e445672562da9f46a6ecc18fe3491901493a867dca5fd8c8d2c9fb80a,ed90766e445672562da9f46a6ecc18fe3491901493a867dca5fd8c8d2c9fb80a,32,32,,
"Pokémon Diamond Version (USA, ADAE, header ROM version 5)","Pokémon Pearl Version (USA, APAE, header ROM version 5)",/poketool/personal/wotbl.narc,equal,191,191,,,2074db769f676fef5edbfdcc0d32846329897588a7e6e986edb3761a2327f19e,2074db769f676fef5edbfdcc0d32846329897588a7e6e986edb3761a2327f19e,28,28,,
"Pokémon Diamond Version (USA, ADAE, header ROM version 5)","Pokémon Pearl Version (USA, APAE, header ROM version 5)",/poketool/personal/wotbl.narc,equal,192,192,,,d845e13537821b5dce5032ec59d8fa8cd4ad858d1b525539b7cea6b2e1762aed,d845e13537821b5dce5032ec59d8fa8cd4ad858d1b525539b7cea6b2e1762aed,32,32,,
"Pokémon Diamond Version (USA, ADAE, header ROM version 5)","Pokémon Pearl Version (USA, APAE, header ROM version 5)",/poketool/personal/wotbl.narc,equal,193,193,,,4fe8962bf4ac3aca8605d3cfef1881d10803a79a9cf5935034384a7fcf229e1b,4fe8962bf4ac3aca8605d3cfef1881d10803a79a9cf5935034384a7fcf229e1b,36,36,,
"Pokémon Diamond Version (USA, ADAE, header ROM version 5)","Pokémon Pearl Version (USA, APAE, header ROM version 5)",/poketool/personal/wotbl.narc,equal,194,194,,,fffc84c8e59e05889d48d5c33f2dfb407493739e33570dc70486377f38c114c0,fffc84c8e59e05889d48d5c33f2dfb407493739e33570dc70486377f38c114c0,28,28,,
"Pokémon Diamond Version (USA, ADAE, header ROM version 5)","Pokémon Pearl Version (USA, APAE, header ROM version 5)",/poketool/personal/wotbl.narc,equal,195,195,,,8f002d175a0314dcc327ff903ff1145d9cc98ee0a202a991ad1562b9938de8a4,8f002d175a0314dcc327ff903ff1145d9cc98ee0a202a991ad1562b9938de8a4,32,32,,
"Pokémon Diamond Version (USA, ADAE, header ROM version 5)","Pokémon Pearl Version (USA, APAE, header ROM version 5)",/poketool/personal/wotbl.narc,equal,196,196,,,f0bcb554749d2c41c1bc3e622b25667e97a571fafa89c553033112fd181d7537,f0bcb554749d2c41c1bc3e622b25667e97a571fafa89c553033112fd181d7537,28,28,,
"Pokémon Diamond Version (USA, ADAE, header ROM version 5)","Pokémon Pearl Version (USA, APAE, header ROM version 5)",/poketool/personal/wotbl.narc,equal,197,197,,,8e38252f9cccd6249f1b0a8e427757030d301362c44f574dd5f0e15a26701bcb,8e38252f9cccd6249f1b0a8e427757030d301362c44f574dd5f0e15a26701bcb,28,28,,
"Pokémon Diamond Version (USA, ADAE, header ROM version 5)","Pokémon Pearl Version (USA, APAE, header ROM version 5)",/poketool/personal/wotbl.narc,equal,198,198,,,094729596e9cf46e25f32ff18694ee76d36913edf344d5616adafdd0543ac030,094729596e9cf46e25f32ff18694ee76d36913edf344d5616adafdd0543ac030,24,24,,
"Pokémon Diamond Version (USA, ADAE, header ROM version 5)","Pokémon Pearl Version (USA, APAE, header ROM version 5)",/poketool/personal/wotbl.narc,equal,199,199,,,b46aeeec4475cb68dfe70c537325b9e339fd50df5ff087c387e949b65b99f386,b46aeeec4475cb68dfe70c537325b9e339fd50df5ff087c387e949b65b99f386,36,36,,
"Pokémon Diamond Version (USA, ADAE, header ROM version 5)","Pokémon Pearl Version (USA, APAE, header ROM version 5)",/poketool/personal/wotbl.narc,equal,200,200,,,413e5e4e0471ee8ef3ddecf36a34da049f564196bd030fb1973e8fd4f351a6bb,413e5e4e0471ee8ef3ddecf36a34da049f564196bd030fb1973e8fd4f351a6bb,28,28,,
"Pokémon Diamond Version (USA, ADAE, header ROM version 5)","Pokémon Pearl Version (USA, APAE, header ROM version 5)",/poketool/personal/wotbl.narc,equal,201,201,,,9ec09cd8d7a2bf009f71edda95aa3f61af4cc6a52bed3d824f214a36c4355208,9ec09cd8d7a2bf009f71edda95aa3f61af4cc6a52bed3d824f214a36c4355208,4,4,,
"Pokémon Diamond Version (USA, ADAE, header ROM version 5)","Pokémon Pearl Version (USA, APAE, header ROM version 5)",/poketool/personal/wotbl.narc,equal,202,202,,,af003ff555b2771c0ac88f2de374dff70de72d31b854584af8790f709e2d9b18,af003ff555b2771c0ac88f2de374dff70de72d31b854584af8790f709e2d9b18,12,12,,
"Pokémon Diamond Version (USA, ADAE, header ROM version 5)","Pokémon Pearl Version (USA, APAE, header ROM version 5)",/poketool/personal/wotbl.narc,equal,203,203,,,9d2e0e49f6e51f08844ef5217a95f23931b100fbf0f02697c0f55a38dff5a135,9d2e0e49f6e51f08844ef5217a95f23931b100fbf0f02697c0f55a38dff5a135,36,36,,
"Pokémon Diamond Version (USA, ADAE, header ROM version 5)","Pokémon Pearl Version (USA, APAE, header ROM version 5)",/poketool/personal/wotbl.narc,equal,204,204,,,d5f0c9704e38307f6a1a3a978ad9451280408a0966c43273d916f1cbb7590455,d5f0c9704e38307f6a1a3a978ad9451280408a0966c43273d916f1cbb7590455,28,28,,
"Pokémon Diamond Version (USA, ADAE, header ROM version 5)","Pokémon Pearl Version (USA, APAE, header ROM version 5)",/poketool/personal/wotbl.narc,equal,205,205,,,368d8ce408de44261d833b9e514c4374c68b9e3edb2a38b1df9a89361c41d2f4,368d8ce408de44261d833b9e514c4374c68b9e3edb2a38b1df9a89361c41d2f4,40,40,,
"Pokémon Diamond Version (USA, ADAE, header ROM version 5)","Pokémon Pearl Version (USA, APAE, header ROM version 5)",/poketool/personal/wotbl.narc,equal,206,206,,,5a8462d66e711546f7e71d40eb7898a2cab2b64985a7a69382ad92ad2d4dea4a,5a8462d66e711546f7e71d40eb7898a2cab2b64985a7a69382ad92ad2d4dea4a,32,32,,
"Pokémon Diamond Version (USA, ADAE, header ROM version 5)","Pokémon Pearl Version (USA, APAE, header ROM version 5)",/poketool/personal/wotbl.narc,equal,207,207,,,b7d141bd4083aa2f7af54c5d1af4fa9ac940c22be9cafa102870d007883c3782,b7d141bd4083aa2f7af54c5d1af4fa9ac940c22be9cafa102870d007883c3782,28,28,,
"Pokémon Diamond Version (USA, ADAE, header ROM version 5)","Pokémon Pearl Version (USA, APAE, header ROM version 5)",/poketool/personal/wotbl.narc,equal,208,208,,,b8b942c57d2c1b8953f75600ac2aaf11f0857527921ace879d7205c32d292c1c,b8b942c57d2c1b8953f75600ac2aaf11f0857527921ace879d7205c32d292c1c,40,40,,
"Pokémon Diamond Version (USA, ADAE, header ROM version 5)","Pokémon Pearl Version (USA, APAE, header ROM version 5)",/poketool/personal/wotbl.narc,equal,209,209,,,ccf2e336256b037202bf424eff8f89263be63d39ab55359e620a5ba3c5614876,ccf2e336256b037202bf424eff8f89263be63d39ab55359e620a5ba3c5614876,32,32,,
"Pokémon Diamond Version (USA, ADAE, header ROM version 5)","Pokémon Pearl Version (USA, APAE, header ROM version 5)",/poketool/personal/wotbl.narc,equal,210,210,,,a5eac31a49fd248465abb62b960c6fb23dccebea7284eb95b513aab28c6f805f,a5eac31a49fd248465abb62b960c6fb23dccebea7284eb95b513aab28c6f805f,32,32,,
"Pokémon Diamond Version (USA, ADAE, header ROM version 5)","Pokémon Pearl Version (USA, APAE, header ROM version 5)",/poketool/personal/wotbl.narc,equal,211,211,,,2de164a27791daaeb5ab3e29c8fbe8af7c3897d8bd9b19e97c4071a633600cd3,2de164a27791daaeb5ab3e29c8fbe8af7c3897d8bd9b19e97c4071a633600cd3,40,40,,
"Pokémon Diamond Version (USA, ADAE, header ROM version 5)","Pokémon Pearl Version (USA, APAE, header ROM version 5)",/poketool/personal/wotbl.narc,equal,212,212,,,d8e67e2b762bb189eff074569c68cccd03b5d8e97c9a8561e3ed5d0d335f9ea1,d8e67e2b762bb189eff074569c68cccd03b5d8e97c9a8561e3ed5d0d335f9ea1,36,36,,
"Pokémon Diamond Version (USA, ADAE, header ROM version 5)","Pokémon Pearl Version (USA, APAE, header ROM version 5)",/poketool/personal/wotbl.narc,equal,213,213,,,273690b9a1367ad4e83d8cbb08c0126c3905f760066a545a665fec4f926a6db0,273690b9a1367ad4e83d8cbb08c0126c3905f760066a545a665fec4f926a6db0,20,20,,
"Pokémon Diamond Version (USA, ADAE, header ROM version 5)","Pokémon Pearl Version (USA, APAE, header ROM version 5)",/poketool/personal/wotbl.narc,equal,214,214,,,0f746d6a35d7348f4b269f17660352607b9786e439e00a37ab38088b00404132,0f746d6a35d7348f4b269f17660352607b9786e439e00a37ab38088b00404132,32,32,,
"Pokémon Diamond Version (USA, ADAE, header ROM version 5)","Pokémon Pearl Version (USA, APAE, header ROM version 5)",/poketool/personal/wotbl.narc,equal,215,215,,,3929a9ad6787bb0ab61fd61928fa4b86a9c3c8b7f57b90de556b924d179a41df,3929a9ad6787bb0ab61fd61928fa4b86a9c3c8b7f57b90de556b924d179a41df,28,28,,
"Pokémon Diamond Version (USA, ADAE, header ROM version 5)","Pokémon Pearl Version (USA, APAE, header ROM version 5)",/poketool/personal/wotbl.narc,equal,216,216,,,479d062a9b7b1ebbe6e5cd939b32d6cd406034126ec38baec6007c59a1832f51,479d062a9b7b1ebbe6e5cd939b32d6cd406034126ec38baec6007c59a1832f51,32,32,,
"Pokémon Diamond Version (USA, ADAE, header ROM version 5)","Pokémon Pearl Version (USA, APAE, header ROM version 5)",/poketool/personal/wotbl.narc,equal,217,217,,,8fd9b458292476fbfe202b5e04fca94efde2260bbbf0656886e5dfc53f53d215,8fd9b458292476fbfe202b5e04fca94efde2260bbbf0656886e5dfc53f53d215,32,32,,
"Pokémon Diamond Version (USA, ADAE, header ROM version 5)","Pokémon Pearl Version (USA, APAE, header ROM version 5)",/poketool/personal/wotbl.narc,equal,218,218,,,4c5cc902be988821eadd3876a9e48a557a8ac52e3a04d981719c466d70b6ded3,4c5cc902be988821eadd3876a9e48a557a8ac52e3a04d981719c466d70b6ded3,28,28,,
"Pokémon Diamond Version (USA, ADAE, header ROM version 5)","Pokémon Pearl Version (USA, APAE, header ROM version 5)",/poketool/personal/wotbl.narc,equal,219,219,,,1ae223cd449c20a82631c470e00f9a9a902a39ae045cb011e80b9fecf4798404,1ae223cd449c20a82631c470e00f9a9a902a39ae045cb011e80b9fecf4798404,32,32,,
"Pokémon Diamond Version (USA, ADAE, header ROM version 5)","Pokémon Pearl Version (USA, APAE, header ROM version 5)",/poketool/personal/wotbl.narc,equal,220,220,,,3370481f827989635e3d84e3e94a3af6e827787429f43fb33ad493c0bcf2b606,3370481f827989635e3d84e3e94a3af6e827787429f43fb33ad493c0bcf2b606,32,32,,
"Pokémon Diamond Version (USA, ADAE, header ROM version 5)","Pokémon Pearl Version (USA, APAE, header ROM version 5)",/poketool/personal/wotbl.narc,equal,221,221,,,1f09a496d42a26866b526660a0feba8258dbc3312f6d07fc0aea09ca4cd1e57c,1f09a496d42a26866b526660a0feba8258dbc3312f6d07fc0aea09ca4cd1e57c,40,40,,
"Pokémon Diamond Version (USA, ADAE, header ROM version 5)","Pokémon Pearl Version (USA, APAE, header ROM version 5)",/poketool/personal/wotbl.narc,equal,222,222,,,1bd41a6c2566b76353172ed206271798aafdebeffe74c6442ba339f5a0a4000f,1bd41a6c2566b76353172ed206271798aafdebeffe74c6442ba339f5a0a4000f,32,32,,
"Pokémon Diamond Version (USA, ADAE, header ROM version 5)","Pokémon Pearl Version (USA, APAE, header ROM version 5)",/poketool/personal/wotbl.narc,equal,223,223,,,431d9783d573a607ae755d63726c482847cc64ceffeb8b7d9ec95591b2a83f60,431d9783d573a607ae755d63726c482847cc64ceffeb8b7d9ec95591b2a83f60,24,24,,
"Pokémon Diamond Version (USA, ADAE, header ROM version 5)","Pokémon Pearl Version (USA, APAE, header ROM version 5)",/poketool/personal/wotbl.narc,equal,224,224,,,41a10b4d94369dc6cfe96fce84256570aa03e882255e344f6cf814e10ce925be,41a10b4d94369dc6cfe96fce84256570aa03e882255e344f6cf814e10ce925be,36,36,,
"Pokémon Diamond Version (USA, ADAE, header ROM version 5)","Pokémon Pearl Version (USA, APAE, header ROM version 5)",/poketool/personal/wotbl.narc,equal,225,225,,,d76df0af9b4e584cd34acfa93cead52a839df417f3701f599c9c6b79cfa96751,d76df0af9b4e584cd34acfa93cead52a839df417f3701f599c9c6b79cfa96751,4,4,,
"Pokémon Diamond Version (USA, ADAE, header ROM version 5)","Pokémon Pearl Version (USA, APAE, header ROM version 5)",/poketool/personal/wotbl.narc,equal,226,226,,,e01f1213232ed12cd062d990c556257a201d96df6ee02f0baeb667e2cab5bc51,e01f1213232ed12cd062d990c556257a201d96df6ee02f0baeb667e2cab5bc51,40,40,,
"Pokémon Diamond Version (USA, ADAE, header ROM version 5)","Pokémon Pearl Version (USA, APAE, header ROM version 5)",/poketool/personal/wotbl.narc,equal,227,227,,,d4a1b2ea862a27f3c088b7a51d0def9982ad49fea1de610a9a33fa8173f25a1d,d4a1b2ea862a27f3c088b7a51d0def9982ad49fea1de610a9a33fa8173f25a1d,28,28,,
"Pokémon Diamond Version (USA, ADAE, header ROM version 5)","Pokémon Pearl Version (USA, APAE, header ROM version 5)",/poketool/personal/wotbl.narc,equal,228,228,,,23d67549deeb80fcb883166ac523fca0e990368f0c36e501d561899fc3e999d0,23d67549deeb80fcb883166ac523fca0e990368f0c36e501d561899fc3e999d0,32,32,,
"Pokémon Diamond Version (USA, ADAE, header ROM version 5)","Pokémon Pearl Version (USA, APAE, header ROM version 5)",/poketool/personal/wotbl.narc,equal,229,229,,,a4d60925c7df28785e7c29d15ace040660b54904bf768c030a677dff6d0e1dd0,a4d60925c7df28785e7c29d15ace040660b54904bf768c030a677dff6d0e1dd0,36,36,,
"Pokémon Diamond Version (USA, ADAE, header ROM version 5)","Pokémon Pearl Version (USA, APAE, header ROM version 5)",/poketool/personal/wotbl.narc,equal,230,230,,,f6133f351de6bf47dda91847ebfd674ab6df8464dba5de6907b1dc0cafa34ae8,f6133f351de6bf47dda91847ebfd674ab6df8464dba5de6907b1dc0cafa34ae8,36,36,,
"Pokémon Diamond Version (USA, ADAE, header ROM version 5)","Pokémon Pearl Version (USA, APAE, header ROM version 5)",/poketool/personal/wotbl.narc,equal,231,231,,,807f1d01e417c8ea63137df9e8cf3582ab3cfc9cbb8fb6d700a25aa0a54f8ca9,807f1d01e417c8ea63137df9e8cf3582ab3cfc9cbb8fb6d700a25aa0a54f8ca9,28,28,,
"Pokémon Diamond Version (USA, ADAE, header ROM version 5)","Pokémon Pearl Version (USA, APAE, header ROM version 5)",/poketool/personal/wotbl.narc,equal,232,232,,,91fe88239ccadeb659b96dd22f64522be2e21e1d62026e35af0e9174840b78cb,91fe88239ccadeb659b96dd22f64522be2e21e1d62026e35af0e9174840b78cb,36,36,,
"Pokémon Diamond Version (USA, ADAE, header ROM version 5)","Pokémon Pearl Version (USA, APAE, header ROM version 5)",/poketool/personal/wotbl.narc,equal,233,233,,,a1619f8a45193b0dd0057ca4c69e4fc10a7b1fb773d955914ee3682ba81ad4e5,a1619f8a45193b0dd0057ca4c69e4fc10a7b1fb773d955914ee3682ba81ad4e5,36,36,,
"Pokémon Diamond Version (USA, ADAE, header ROM version 5)","Pokémon Pearl Version (USA, APAE, header ROM version 5)",/poketool/personal/wotbl.narc,equal,234,234,,,a2e8b5fe7b5ec81ab2c380068798dbc6652bbafd410b250b1d4bec2ff6460c38,a2e8b5fe7b5ec81ab2c380068798dbc6652bbafd410b250b1d4bec2ff6460c38,32,32,,
"Pokémon Diamond Version (USA, ADAE, header ROM version 5)","Pokémon Pearl Version (USA, APAE, header ROM version 5)",/poketool/personal/wotbl.narc,equal,235,235,,,a68272144a1e8869f4517690c4407d892e551810f76a8618f366f2d04ccf34a1,a68272144a1e8869f4517690c4407d892e551810f76a8618f366f2d04ccf34a1,24,24,,
"Pokémon Diamond Version (USA, ADAE, header ROM version 5)","Pokémon Pearl Version (USA, APAE, header ROM version 5)",/poketool/personal/wotbl.narc,equal,236,236,,,f0b028aa6c79f31b5afaa84bfeb0e45cc79fd72f15d04a82fea30250f63d38c6,f0b028aa6c79f31b5afaa84bfeb0e45cc79fd72f15d04a82fea30250f63d38c6,8,8,,
"Pokémon Diamond Version (USA, ADAE, header ROM version 5)","Pokémon Pearl Version (USA, APAE, header ROM version 5)",/poketool/personal/wotbl.narc,equal,237,237,,,ad2cb1414a5d766fa2ce7ebd5061cb3f70d9d532f3b1ac869f29636c05df1890,ad2cb1414a5d766fa2ce7ebd5061cb3f70d9d532f3b1ac869f29636c05df1890,32,32,,
"Pokémon Diamond Version (USA, ADAE, header ROM version 5)","Pokémon Pearl Version (USA, APAE, header ROM version 5)",/poketool/personal/wotbl.narc,equal,238,238,,,86a4c78235b2a8f41f2e86f0b914aede68fd2a9b0b67a97607db8dd4c340c424,86a4c78235b2a8f41f2e86f0b914aede68fd2a9b0b67a97607db8dd4c340c424,32,32,,
"Pokémon Diamond Version (USA, ADAE, header ROM version 5)","Pokémon Pearl Version (USA, APAE, header ROM version 5)",/poketool/personal/wotbl.narc,equal,239,239,,,c255e64f12b86f61bb64e5c0d2a102b68e2112d05f17afc477491761c167b88a,c255e64f12b86f61bb64e5c0d2a102b68e2112d05f17afc477491761c167b88a,28,28,,
"Pokémon Diamond Version (USA, ADAE, header ROM version 5)","Pokémon Pearl Version (USA, APAE, header ROM version 5)",/poketool/personal/wotbl.narc,equal,240,240,,,a5edc6285a30caab040981999e0fe96042a8eef86f459a16f14e451937e3fae4,a5edc6285a30caab040981999e0fe96042a8eef86f459a16f14e451937e3fae4,28,28,,
"Pokémon Diamond Version (USA, ADAE, header ROM version 5)","Pokémon Pearl Version (USA, APAE, header ROM version 5)",/poketool/personal/wotbl.narc,equal,241,241,,,ba6c820f31d625292ce6126bcbb80a24b76cacd65159f3f7f50ed98ea13de169,ba6c820f31d625292ce6126bcbb80a24b76cacd65159f3f7f50ed98ea13de169,28,28,,
"Pokémon Diamond Version (USA, ADAE, header ROM version 5)","Pokémon Pearl Version (USA, APAE, header ROM version 5)",/poketool/personal/wotbl.narc,equal,242,242,,,16693f1f32988dff44413aed2b0954b7e22789116efcb4d2008003a0863212d6,16693f1f32988dff44413aed2b0954b7e22789116efcb4d2008003a0863212d6,32,32,,
"Pokémon Diamond Version (USA, ADAE, header ROM version 5)","Pokémon Pearl Version (USA, APAE, header ROM version 5)",/poketool/personal/wotbl.narc,equal,243,243,,,07e37c038fe5f551ce6b1f552a06ea542b38ee955f9396ebe6e72b621be1592b,07e37c038fe5f551ce6b1f552a06ea542b38ee955f9396ebe6e72b621be1592b,28,28,,
"Pokémon Diamond Version (USA, ADAE, header ROM version 5)","Pokémon Pearl Version (USA, APAE, header ROM version 5)",/poketool/personal/wotbl.narc,equal,244,244,,,c04d54d38fae348821165c8cd418d1de99ea70ff08d5138ad5d68c4a42e3f788,c04d54d38fae348821165c8cd418d1de99ea70ff08d5138ad5d68c4a42e3f788,28,28,,
"Pokémon Diamond Version (USA, ADAE, header ROM version 5)","Pokémon Pearl Version (USA, APAE, header ROM version 5)",/poketool/personal/wotbl.narc,equal,245,245,,,753a58e64913d7140961d76e0a214aa6ae529d7439c7b47041da107ec6d57178,753a58e64913d7140961d76e0a214aa6ae529d7439c7b47041da107ec6d57178,28,28,,
"Pokémon Diamond Version (USA, ADAE, header ROM version 5)","Pokémon Pearl Version (USA, APAE, header ROM version 5)",/poketool/personal/wotbl.narc,equal,246,246,,,931fde1e279bd136d8ddeb38de36749d972eaf91ce1ad0e445f4d15678d2e794,931fde1e279bd136d8ddeb38de36749d972eaf91ce1ad0e445f4d15678d2e794,28,28,,
"Pokémon Diamond Version (USA, ADAE, header ROM version 5)","Pokémon Pearl Version (USA, APAE, header ROM version 5)",/poketool/personal/wotbl.narc,equal,247,247,,,864852c73954c30f34dd13960528128726287a097c2b535a34c49b70c32ac418,864852c73954c30f34dd13960528128726287a097c2b535a34c49b70c32ac418,32,32,,
"Pokémon Diamond Version (USA, ADAE, header ROM version 5)","Pokémon Pearl Version (USA, APAE, header ROM version 5)",/poketool/personal/wotbl.narc,equal,248,248,,,5f86c1cc7ebfdd213461c73512be700e25a40070a8a0b2c1fada12445784cfda,5f86c1cc7ebfdd213461c73512be700e25a40070a8a0b2c1fada12445784cfda,40,40,,
"Pokémon Diamond Version (USA, ADAE, header ROM version 5)","Pokémon Pearl Version (USA, APAE, header ROM version 5)",/poketool/personal/wotbl.narc,equal,249,249,,,f507f5d15060a0d0fb371e052f7c75e74ed50f9b02fab3847f73f0dd4ec0bf18,f507f5d15060a0d0fb371e052f7c75e74ed50f9b02fab3847f73f0dd4ec0bf18,32,32,,
"Pokémon Diamond Version (USA, ADAE, header ROM version 5)","Pokémon Pearl Version (USA, APAE, header ROM version 5)",/poketool/personal/wotbl.narc,equal,250,250,,,0d3c48ad8c923e7d2d8863f0c8aa2ea9ea645edd025a25fcfb0ce917eff90db2,0d3c48ad8c923e7d2d8863f0c8aa2ea9ea645edd025a25fcfb0ce917eff90db2,32,32,,
"Pokémon Diamond Version (USA, ADAE, header ROM version 5)","Pokémon Pearl Version (USA, APAE, header ROM version 5)",/poketool/personal/wotbl.narc,equal,251,251,,,9dae9e05eb14a8e06799dd872bf5b53079622716fc8e30eb531818aeb0e6704b,9dae9e05eb14a8e06799dd872bf5b53079622716fc8e30eb531818aeb0e6704b,32,32,,
"Pokémon Diamond Version (USA, ADAE, header ROM version 5)","Pokémon Pearl Version (USA, APAE, header ROM version 5)",/poketool/personal/wotbl.narc,equal,252,252,,,0fc043220e269c8fb50c92203e308c40165e8d6e821ef5fb75305f569009cfe0,0fc043220e269c8fb50c92203e308c40165e8d6e821ef5fb75305f569009cfe0,28,28,,
"Pokémon Diamond Version (USA, ADAE, header ROM version 5)","Pokémon Pearl Version (USA, APAE, header ROM version 5)",/poketool/personal/wotbl.narc,equal,253,253,,,2d19d41b284674a715d490103e9b2a4697890e38d1e8d1d84a7c653f8d5a266e,2d19d41b284674a715d490103e9b2a4697890e38d1e8d1d84a7c653f8d5a266e,32,32,,
"Pokémon Diamond Version (USA, ADAE, header ROM version 5)","Pokémon Pearl Version (USA, APAE, header ROM version 5)",/poketool/personal/wotbl.narc,equal,254,254,,,efa45bc2fdc5c4798f818e9112b53d2c6b821e1f3227786a9bb44e099a41058e,efa45bc2fdc5c4798f818e9112b53d2c6b821e1f3227786a9bb44e099a41058e,36,36,,
"Pokémon Diamond Version (USA, ADAE, header ROM version 5)","Pokémon Pearl Version (USA, APAE, header ROM version 5)",/poketool/personal/wotbl.narc,equal,255,255,,,b60599f855ad478d928f12bf590a120dba537db978b98c8b4dd394f70d3a21fe,b60599f855ad478d928f12bf590a120dba537db978b98c8b4dd394f70d3a21fe,24,24,,
"Pokémon Diamond Version (USA, ADAE, header ROM version 5)","Pokémon Pearl Version (USA, APAE, header ROM version 5)",/poketool/personal/wotbl.narc,equal,256,256,,,1ec18ea0c834a59686bb970d9664b408bdefb498d6aebb6da3ab3c2879fe69c1,1ec18ea0c834a59686bb970d9664b408bdefb498d6aebb6da3ab3c2879fe69c1,32,32,,
"Pokémon Diamond Version (USA, ADAE, header ROM version 5)","Pokémon Pearl Version (USA, APAE, header ROM version 5)",/poketool/personal/wotbl.narc,equal,257,257,,,33689fe22df38934e136862a92012aea601e44416368470145db9e67bc69364a,33689fe22df38934e136862a92012aea601e44416368470145db9e67bc69364a,36,36,,
"Pokémon Diamond Version (USA, ADAE, header ROM version 5)","Pokémon Pearl Version (USA, APAE, header ROM version 5)",/poketool/personal/wotbl.narc,equal,258,258,,,efd451f9a50a57fa9707debd6f9520b3f578564a8a493a0c9c82657fc85f0673,efd451f9a50a57fa9707debd6f9520b3f578564a8a493a0c9c82657fc85f0673,28,28,,
"Pokémon Diamond Version (USA, ADAE, header ROM version 5)","Pokémon Pearl Version (USA, APAE, header ROM version 5)",/poketool/personal/wotbl.narc,equal,259,259,,,b80488ef401a1ae92967ae1f485e5671a1b99905f310cd7498517a126f42c452,b80488ef401a1ae92967ae1f485e5671a1b99905f310cd7498517a126f42c452,32,32,,
"Pokémon Diamond Version (USA, ADAE, header ROM version 5)","Pokémon Pearl Version (USA, APAE, header ROM version 5)",/poketool/personal/wotbl.narc,equal,260,260,,,9e0b0d67f0900d874a46c39fe930807326e2148660d2e84135ece9f2bcba137d,9e0b0d67f0900d874a46c39fe930807326e2148660d2e84135ece9f2bcba137d,36,36,,
"Pokémon Diamond Version (USA, ADAE, header ROM version 5)","Pokémon Pearl Version (USA, APAE, header ROM version 5)",/poketool/personal/wotbl.narc,equal,261,261,,,1c3379b5b12eeae89ca13f50d063ffc1e4891c1edd15dd53f68561eeacfa7ce7,1c3379b5b12eeae89ca13f50d063ffc1e4891c1edd15dd53f68561eeacfa7ce7,32,32,,
"Pokémon Diamond Version (USA, ADAE, header ROM version 5)","Pokémon Pearl Version (USA, APAE, header ROM version 5)",/poketool/personal/wotbl.narc,equal,262,262,,,05b90d316e4b11632b8a4fb8f3c7a8bcdfdf3a899520ea4fe53fba6127ab80c7,05b90d316e4b11632b8a4fb8f3c7a8bcdfdf3a899520ea4fe53fba6127ab80c7,36,36,,
"Pokémon Diamond Version (USA, ADAE, header ROM version 5)","Pokémon Pearl Version (USA, APAE, header ROM version 5)",/poketool/personal/wotbl.narc,equal,263,263,,,55745c41529e770252bf8a6ae1b2e123598a1388a7ec959c458b4ab57e2f18c4,55745c41529e770252bf8a6ae1b2e123598a1388a7ec959c458b4ab57e2f18c4,28,28,,
"Pokémon Diamond Version (USA, ADAE, header ROM version 5)","Pokémon Pearl Version (USA, APAE, header ROM version 5)",/poketool/personal/wotbl.narc,equal,264,264,,,2f6840be9f91b5822e0b8b0e2f19cf9abb3721ebbf79575f089bfdda9f7d9386,2f6840be9f91b5822e0b8b0e2f19cf9abb3721ebbf79575f089bfdda9f7d9386,36,36,,
"Pokémon Diamond Version (USA, ADAE, header ROM version 5)","Pokémon Pearl Version (USA, APAE, header ROM version 5)",/poketool/personal/wotbl.narc,equal,265,265,,,031246135bb42bd7b98c683bec1da4ed55ce8875f1f2691da77898c5c83806d8,031246135bb42bd7b98c683bec1da4ed55ce8875f1f2691da77898c5c83806d8,8,8,,
"Pokémon Diamond Version (USA, ADAE, header ROM version 5)","Pokémon Pearl Version (USA, APAE, header ROM version 5)",/poketool/personal/wotbl.narc,equal,266,266,,,944e66d5bc21cffb4864d644e46dcec4e92a3e1f8bea8605bde40815a97d7355,944e66d5bc21cffb4864d644e46dcec4e92a3e1f8bea8605bde40815a97d7355,8,8,,
"Pokémon Diamond Version (USA, ADAE, header ROM version 5)","Pokémon Pearl Version (USA, APAE, header ROM version 5)",/poketool/personal/wotbl.narc,equal,267,267,,,fb1e2681cf62accc3460789264805b75b5f44623c3e37c1b29c1d4d2556063fa,fb1e2681cf62accc3460789264805b75b5f44623c3e37c1b29c1d4d2556063fa,24,24,,
"Pokémon Diamond Version (USA, ADAE, header ROM version 5)","Pokémon Pearl Version (USA, APAE, header ROM version 5)",/poketool/personal/wotbl.narc,equal,268,268,,,944e66d5bc21cffb4864d644e46dcec4e92a3e1f8bea8605bde40815a97d7355,944e66d5bc21cffb4864d644e46dcec4e92a3e1f8bea8605bde40815a97d7355,8,8,,
"Pokémon Diamond Version (USA, ADAE, header ROM version 5)","Pokémon Pearl Version (USA, APAE, header ROM version 5)",/poketool/personal/wotbl.narc,equal,269,269,,,aaa68b09f89763dd6b3b581dcb8ca5a8b16bfa92d19fbf73b510f65b269f3793,aaa68b09f89763dd6b3b581dcb8ca5a8b16bfa92d19fbf73b510f65b269f3793,24,24,,
"Pokémon Diamond Version (USA, ADAE, header ROM version 5)","Pokémon Pearl Version (USA, APAE, header ROM version 5)",/poketool/personal/wotbl.narc,equal,270,270,,,2ef2f72de329e6809d4b8beb50f6f25483cd1d15e735788eed8ea33809434916,2ef2f72de329e6809d4b8beb50f6f25483cd1d15e735788eed8ea33809434916,24,24,,
"Pokémon Diamond Version (USA, ADAE, header ROM version 5)","Pokémon Pearl Version (USA, APAE, header ROM version 5)",/poketool/personal/wotbl.narc,equal,271,271,,,65ff530775ab75354e705b7d46aa6515fdf2b3f302c502926326f68d84285417,65ff530775ab75354e705b7d46aa6515fdf2b3f302c502926326f68d84285417,24,24,,
"Pokémon Diamond Version (USA, ADAE, header ROM version 5)","Pokémon Pearl Version (USA, APAE, header ROM version 5)",/poketool/personal/wotbl.narc,equal,272,272,,,e0dfc944fe5102fde453bedfdb758cb387b9827cd686153c48f85d3cdd0ed6c3,e0dfc944fe5102fde453bedfdb758cb387b9827cd686153c48f85d3cdd0ed6c3,12,12,,
"Pokémon Diamond Version (USA, ADAE, header ROM version 5)","Pokémon Pearl Version (USA, APAE, header ROM version 5)",/poketool/personal/wotbl.narc,equal,273,273,,,4cc2e8963d7601bfcf764a8574b218bd5ef4e4da29a44b08188cfe63d4ce6720,4cc2e8963d7601bfcf764a8574b218bd5ef4e4da29a44b08188cfe63d4ce6720,16,16,,
"Pokémon Diamond Version (USA, ADAE, header ROM version 5)","Pokémon Pearl Version (USA, APAE, header ROM version 5)",/poketool/personal/wotbl.narc,equal,274,274,,,fb7e923cd30447b35cd5776e5ce0c4c2b49e906688daefce56505cb0a32768e4,fb7e923cd30447b35cd5776e5ce0c4c2b49e906688daefce56505cb0a32768e4,24,24,,
"Pokémon Diamond Version (USA, ADAE, header ROM version 5)","Pokémon Pearl Version (USA, APAE, header ROM version 5)",/poketool/personal/wotbl.narc,equal,275,275,,,5b503ef2b1ea1278e9295b8d0c92866461f0c4fe460b46bde8c5117a70be11cd,5b503ef2b1ea1278e9295b8d0c92866461f0c4fe460b46bde8c5117a70be11cd,12,12,,
"Pokémon Diamond Version (USA, ADAE, header ROM version 5)","Pokémon Pearl Version (USA, APAE, header ROM version 5)",/poketool/personal/wotbl.narc,equal,276,276,,,9ee57daf370f4026a3fe5ab981c25a9200ec43ad42c70c2d43cca23c2b5a7392,9ee57daf370f4026a3fe5ab981c25a9200ec43ad42c70c2d43cca23c2b5a7392,24,24,,
"Pokémon Diamond Version (USA, ADAE, header ROM version 5)","Pokémon Pearl Version (USA, APAE, header ROM version 5)",/poketool/personal/wotbl.narc,equal,277,277,,,07f0c4d2f2885a82335e17855749f4f1fcd3c8a8b33fe0303e4973fced805941,07f0c4d2f2885a82335e17855749f4f1fcd3c8a8b33fe0303e4973fced805941,28,28,,
"Pokémon Diamond Version (USA, ADAE, header ROM version 5)","Pokémon Pearl Version (USA, APAE, header ROM version 5)",/poketool/personal/wotbl.narc,equal,278,278,,,ecb10d8e9de33a92dc04aaf20aa3c7521828448ea41195517ba140eba1455442,ecb10d8e9de33a92dc04aaf20aa3c7521828448ea41195517ba140eba1455442,28,28,,
"Pokémon Diamond Version (USA, ADAE, header ROM version 5)","Pokémon Pearl Version (USA, APAE, header ROM version 5)",/poketool/personal/wotbl.narc,equal,279,279,,,682179fba2bf9fa07d50ed02d8434f1054dc8f104553fbea0dd161efd6ef3b8b,682179fba2bf9fa07d50ed02d8434f1054dc8f104553fbea0dd161efd6ef3b8b,36,36,,
"Pokémon Diamond Version (USA, ADAE, header ROM version 5)","Pokémon Pearl Version (USA, APAE, header ROM version 5)",/poketool/personal/wotbl.narc,equal,280,280,,,d4a4b807fd7ce46dcc533d23604503c9413afdec81e39d03c8ec3886332c1460,d4a4b807fd7ce46dcc533d23604503c9413afdec81e39d03c8ec3886332c1460,28,28,,
"Pokémon Diamond Version (USA, ADAE, header ROM version 5)","Pokémon Pearl Version (USA, APAE, header ROM version 5)",/poketool/personal/wotbl.narc,equal,281,281,,,67852d0ba1d3cdb8da626dfd438e9eff26f5cb75d40709d1f2c055f3237aa03f,67852d0ba1d3cdb8da626dfd438e9eff26f5cb75d40709d1f2c055f3237aa03f,36,36,,
"Pokémon Diamond Version (USA, ADAE, header ROM version 5)","Pokémon Pearl Version (USA, APAE, header ROM version 5)",/poketool/personal/wotbl.narc,equal,282,282,,,07dcbd673e960c9d866fdf9c77ebd2996000ca1b37162cec1d215b2279744379,07dcbd673e960c9d866fdf9c77ebd2996000ca1b37162cec1d215b2279744379,36,36,,
"Pokémon Diamond Version (USA, ADAE, header ROM version 5)","Pokémon Pearl Version (USA, APAE, header ROM version 5)",/poketool/personal/wotbl.narc,equal,283,283,,,ecf4dc44944495dc5c2726ceda6faa749e23a69243beb339e16328cfe4f2448e,ecf4dc44944495dc5c2726ceda6faa749e23a69243beb339e16328cfe4f2448e,20,20,,
"Pokémon Diamond Version (USA, ADAE, header ROM version 5)","Pokémon Pearl Version (USA, APAE, header ROM version 5)",/poketool/personal/wotbl.narc,equal,284,284,,,4cf33be08423f21aea861493cee6e7815ba12659277436630043345dc70f4ea6,4cf33be08423f21aea861493cee6e7815ba12659277436630043345dc70f4ea6,32,32,,
"Pokémon Diamond Version (USA, ADAE, header ROM version 5)","Pokémon Pearl Version (USA, APAE, header ROM version 5)",/poketool/personal/wotbl.narc,equal,285,285,,,e5ce34832cd3edb0f8c7ee62300e608335c7425f13276ae19f3abf3e621b5098,e5ce34832cd3edb0f8c7ee62300e608335c7425f13276ae19f3abf3e621b5098,28,28,,
"Pokémon Diamond Version (USA, ADAE, header ROM version 5)","Pokémon Pearl Version (USA, APAE, header ROM version 5)",/poketool/personal/wotbl.narc,equal,286,286,,,31ebbd9df894f16e73bdfcb4ba0c13b876e2fedcf7af09341c2d329e5fa4ad27,31ebbd9df894f16e73bdfcb4ba0c13b876e2fedcf7af09341c2d329e5fa4ad27,36,36,,
"Pokémon Diamond Version (USA, ADAE, header ROM version 5)","Pokémon Pearl Version (USA, APAE, header ROM version 5)",/poketool/personal/wotbl.narc,equal,287,287,,,bd28aff5caaa40133de33133c7cdbcba94c83b73ed92a5c75c9717c3661513c5,bd28aff5caaa40133de33133c7cdbcba94c83b73ed92a5c75c9717c3661513c5,20,20,,
"Pokémon Diamond Version (USA, ADAE, header ROM version 5)","Pokémon Pearl Version (USA, APAE, header ROM version 5)",/poketool/personal/wotbl.narc,equal,288,288,,,a3a757556720f35e15903fdd49fd51427f3001d82030d25fc858a912f9242702,a3a757556720f35e15903fdd49fd51427f3001d82030d25fc858a912f9242702,28,28,,
"Pokémon Diamond Version (USA, ADAE, header ROM version 5)","Pokémon Pearl Version (USA, APAE, header ROM version 5)",/poketool/personal/wotbl.narc,equal,289,289,,,53415f8e01b895958b358b56c446d1609b0f887111d5e9db9877394fbdb7322f,53415f8e01b895958b358b56c446d1609b0f887111d5e9db9877394fbdb7322f,32,32,,
"Pokémon Diamond Version (USA, ADAE, header ROM version 5)","Pokémon Pearl Version (USA, APAE, header ROM version 5)",/poketool/personal/wotbl.narc,equal,290,290,,,830db9836f2b756ea8a961ad786b7d3bdc8d27ccf3d10ce4b180412c3cf76577,830db9836f2b756ea8a961ad786b7d3bdc8d27ccf3d10ce4b180412c3cf76577,24,24,,
"Pokémon Diamond Version (USA, ADAE, header ROM version 5)","Pokémon Pearl Version (USA, APAE, header ROM version 5)",/poketool/personal/wotbl.narc,equal,291,291,,,4c47d0e769de717f0338639f7c9fc872562eaedd9a09f2a905065f470175ff11,4c47d0e769de717f0338639f7c9fc872562eaedd9a09f2a905065f470175ff11,36,36,,
"Pokémon Diamond Version (USA, ADAE, header ROM version 5)","Pokémon Pearl Version (USA, APAE, header ROM version 5)",/poketool/personal/wotbl.narc,equal,292,292,,,7f5960dc85af3885473f434301130ce6d591f0cef390f7eeae9adb3f577e6105,7f5960dc85af3885473f434301130ce6d591f0cef390f7eeae9adb3f577e6105,28,28,,
"Pokémon Diamond Version (USA, ADAE, header ROM version 5)","Pokémon Pearl Version (USA, APAE, header ROM version 5)",/poketool/personal/wotbl.narc,equal,293,293,,,e7f6076ec0e3bb6a826a7b2527ee304db1eb8cc5f37faad9b14b257da342110e,e7f6076ec0e3bb6a826a7b2527ee304db1eb8cc5f37faad9b14b257da342110e,24,24,,
"Pokémon Diamond Version (USA, ADAE, header ROM version 5)","Pokémon Pearl Version (USA, APAE, header ROM version 5)",/poketool/personal/wotbl.narc,equal,294,294,,,fecd5122c873cb5f0b188a20ce2cd4ea4aebc2efe2fde15e08a5c6c7f21961ba,fecd5122c873cb5f0b188a20ce2cd4ea4aebc2efe2fde15e08a5c6c7f21961ba,32,32,,
"Pokémon Diamond Version (USA, ADAE, header ROM version 5)","Pokémon Pearl Version (USA, APAE, header ROM version 5)",/poketool/personal/wotbl.narc,equal,295,295,,,0c9418af606a85004e07509e18932e3dafb661daf094621cc6d039d8f07548cd,0c9418af606a85004e07509e18932e3dafb661daf094621cc6d039d8f07548cd,44,44,,
"Pokémon Diamond Version (USA, ADAE, header ROM version 5)","Pokémon Pearl Version (USA, APAE, header ROM version 5)",/poketool/personal/wotbl.narc,equal,296,296,,,7c3e2b8556e56aaa84f7e172efb044db4cc8f9e1a42eb7242a6c9c357f47e893,7c3e2b8556e56aaa84f7e172efb044db4cc8f9e1a42eb7242a6c9c357f47e893,36,36,,
"Pokémon Diamond Version (USA, ADAE, header ROM version 5)","Pokémon Pearl Version (USA, APAE, header ROM version 5)",/poketool/personal/wotbl.narc,equal,297,297,,,22f83b73266ff0b56123c18aa5f3cf2f004b9f151ae2be936fe7aaf9ebf325c8,22f83b73266ff0b56123c18aa5f3cf2f004b9f151ae2be936fe7aaf9ebf325c8,40,40,,
"Pokémon Diamond Version (USA, ADAE, header ROM version 5)","Pokémon Pearl Version (USA, APAE, header ROM version 5)",/poketool/personal/wotbl.narc,equal,298,298,,,a5f697d5732d196f0bd10f265950e1334587d67aae0917f5c0652903d9fe5da4,a5f697d5732d196f0bd10f265950e1334587d67aae0917f5c0652903d9fe5da4,16,16,,
"Pokémon Diamond Version (USA, ADAE, header ROM version 5)","Pokémon Pearl Version (USA, APAE, header ROM version 5)",/poketool/personal/wotbl.narc,equal,299,299,,,1aa28b1dd09c1362ff8269d6e7b97a0b77fe430f450dca70b4d37c0beaa73b33,1aa28b1dd09c1362ff8269d6e7b97a0b77fe430f450dca70b4d37c0beaa73b33,28,28,,
"Pokémon Diamond Version (USA, ADAE, header ROM version 5)","Pokémon Pearl Version (USA, APAE, header ROM version 5)",/poketool/personal/wotbl.narc,equal,300,300,,,ad08587ab194379cfc42ebd689b2aa24857f3653fc83f0d2de2d275148cfade7,ad08587ab194379cfc42ebd689b2aa24857f3653fc83f0d2de2d275148cfade7,36,36,,
"Pokémon Diamond Version (USA, ADAE, header ROM version 5)","Pokémon Pearl Version (USA, APAE, header ROM version 5)",/poketool/personal/wotbl.narc,equal,301,301,,,4400e2e31d8ca103bd10d429599e10002f0142cce4b18b54fa37a703c2ce4011,4400e2e31d8ca103bd10d429599e10002f0142cce4b18b54fa37a703c2ce4011,12,12,,
"Pokémon Diamond Version (USA, ADAE, header ROM version 5)","Pokémon Pearl Version (USA, APAE, header ROM version 5)",/poketool/personal/wotbl.narc,equal,302,302,,,5b736ac0c6575d24ae803ae9dedad97c380b52f77f421dcb5f8ed2095ca050ce,5b736ac0c6575d24ae803ae9dedad97c380b52f77f421dcb5f8ed2095ca050ce,40,40,,
"Pokémon Diamond Version (USA, ADAE, header ROM version 5)","Pokémon Pearl Version (USA, APAE, header ROM version 5)",/poketool/personal/wotbl.narc,equal,303,303,,,9e6f3a2c3f26da7100c68a95988101cd9a3191801057ac224411122e16d30a1d,9e6f3a2c3f26da7100c68a95988101cd9a3191801057ac224411122e16d30a1d,32,32,,
"Pokémon Diamond Version (USA, ADAE, header ROM version 5)","Pokémon Pearl Version (USA, APAE, header ROM version 5)",/poketool/personal/wotbl.narc,equal,304,304,,,52b2592ef5ca36e91235bddcdcc0bd06dffbb0f3050e71df9c40c48ebfd89cdf,52b2592ef5ca36e91235bddcdcc0bd06dffbb0f3050e71df9c40c48ebfd89cdf,32,32,,
"Pokémon Diamond Version (USA, ADAE, header ROM version 5)","Pokémon Pearl Version (USA, APAE, header ROM version 5)",/poketool/personal/wotbl.narc,equal,305,305,,,26368408bb157bc2f707ddec99ac6a4cf1faa0adc669eae3b67c777e2dae5047,26368408bb157bc2f707ddec99ac6a4cf1faa0adc669eae3b67c777e2dae5047,36,36,,
"Pokémon Diamond Version (USA, ADAE, header ROM version 5)","Pokémon Pearl Version (USA, APAE, header ROM version 5)",/poketool/personal/wotbl.narc,equal,306,306,,,7f347fbc3749c3a86afb74551e1a2573aa56deb12689515f63c7e3bced19dd3c,7f347fbc3749c3a86afb74551e1a2573aa56deb12689515f63c7e3bced19dd3c,36,36,,
"Pokémon Diamond Version (USA, ADAE, header ROM version 5)","Pokémon Pearl Version (USA, APAE, header ROM version 5)",/poketool/personal/wotbl.narc,equal,307,307,,,3451d233b383cd9c5f07e6e1055467f5c19e0d3764edf64e207e90108f423510,3451d233b383cd9c5f07e6e1055467f5c19e0d3764edf64e207e90108f423510,32,32,,
"Pokémon Diamond Version (USA, ADAE, header ROM version 5)","Pokémon Pearl Version (USA, APAE, header ROM version 5)",/poketool/personal/wotbl.narc,equal,308,308,,,4619a1a43a385ff4f9002998aeb74ab52221836f37e78a5e68c1b239e107d229,4619a1a43a385ff4f9002998aeb74ab52221836f37e78a5e68c1b239e107d229,44,44,,
"Pokémon Diamond Version (USA, ADAE, header ROM version 5)","Pokémon Pearl Version (USA, APAE, header ROM version 5)",/poketool/personal/wotbl.narc,equal,309,309,,,52837f7845bd80c6a4e8c09d76e03961874a539593c7b00bf052dd4fb009a277,52837f7845bd80c6a4e8c09d76e03961874a539593c7b00bf052dd4fb009a277,28,28,,
"Pokémon Diamond Version (USA, ADAE, header ROM version 5)","Pokémon Pearl Version (USA, APAE, header ROM version 5)",/poketool/personal/wotbl.narc,equal,310,310,,,be0163b3548af5d7c72f3cf4233bed0d1386b9e4b60d6ffa1286c20c6e6e1b0c,be0163b3548af5d7c72f3cf4233bed0d1386b9e4b60d6ffa1286c20c6e6e1b0c,36,36,,
"Pokémon Diamond Version (USA, ADAE, header ROM version 5)","Pokémon Pearl Version (USA, APAE, header ROM version 5)",/poketool/personal/wotbl.narc,equal,311,311,,,a1741fdeb2d29f2bc1cc8ebf5a14e387016e466d6b6099f9f9c407c5cc1bddb1,a1741fdeb2d29f2bc1cc8ebf5a14e387016e466d6b6099f9f9c407c5cc1bddb1,36,36,,
"Pokémon Diamond Version (USA, ADAE, header ROM version 5)","Pokémon Pearl Version (USA, APAE, header ROM version 5)",/poketool/personal/wotbl.narc,equal,312,312,,,1e7dc53396ae164a4bfe54b5c207e09ae3ff22b622f2a52282665cb4ddbc2672,1e7dc53396ae164a4bfe54b5c207e09ae3ff22b622f2a52282665cb4ddbc2672,36,36,,
"Pokémon Diamond Version (USA, ADAE, header ROM version 5)","Pokémon Pearl Version (USA, APAE, header ROM version 5)",/poketool/personal/wotbl.narc,equal,313,313,,,64ff3ddeebef0397b8610e415b5aa4457970bce39e08bdfe9556961fb348cf84,64ff3ddeebef0397b8610e415b5aa4457970bce39e08bdfe9556961fb348cf84,28,28,,
"Pokémon Diamond Version (USA, ADAE, header ROM version 5)","Pokémon Pearl Version (USA, APAE, header ROM version 5)",/poketool/personal/wotbl.narc,equal,314,314,,,dbb2d485f1209d94bb937c26e4d8e8f4cd7c0bb1ac1b7f81cee323b4e3ff3f4d,dbb2d485f1209d94bb937c26e4d8e8f4cd7c0bb1ac1b7f81cee323b4e3ff3f4d,28,28,,
"Pokémon Diamond Version (USA, ADAE, header ROM version 5)","Pokémon Pearl Version (USA, APAE, header ROM version 5)",/poketool/personal/wotbl.narc,equal,315,315,,,150916a92878527abac220acd5f8c88c21ecc9b0e1263f3ecd975dfbee330706,150916a92878527abac220acd5f8c88c21ecc9b0e1263f3ecd975dfbee330706,36,36,,
"Pokémon Diamond Version (USA, ADAE, header ROM version 5)","Pokémon Pearl Version (USA, APAE, header ROM version 5)",/poketool/personal/wotbl.narc,equal,316,316,,,a2c76255541354848f0f7fa214a84189273af483323fc6bd7e688bea229f026d,a2c76255541354848f0f7fa214a84189273af483323fc6bd7e688bea229f026d,32,32,,
"Pokémon Diamond Version (USA, ADAE, header ROM version 5)","Pokémon Pearl Version (USA, APAE, header ROM version 5)",/poketool/personal/wotbl.narc,equal,317,317,,,24d55fc85f7e9c8da34178e2b2c5e28f5d34ae297d602892e2868143962be09c,24d55fc85f7e9c8da34178e2b2c5e28f5d34ae297d602892e2868143962be09c,40,40,,
"Pokémon Diamond Version (USA, ADAE, header ROM version 5)","Pokémon Pearl Version (USA, APAE, header ROM version 5)",/poketool/personal/wotbl.narc,equal,318,318,,,f50d6b97ad653408dc79c99273ce05b3db28f09714a7f040e407ec193b1b3c5e,f50d6b97ad653408dc79c99273ce05b3db28f09714a7f040e407ec193b1b3c5e,28,28,,
"Pokémon Diamond Version (USA, ADAE, header ROM version 5)","Pokémon Pearl Version (USA, APAE, header ROM version 5)",/poketool/personal/wotbl.narc,equal,319,319,,,e5694676cd685ed9b0087894b6e53593a76113cd1ffb16d1ad33469448e6d037,e5694676cd685ed9b0087894b6e53593a76113cd1ffb16d1ad33469448e6d037,40,40,,
"Pokémon Diamond Version (USA, ADAE, header ROM version 5)","Pokémon Pearl Version (USA, APAE, header ROM version 5)",/poketool/personal/wotbl.narc,equal,320,320,,,0b0ca3d40ba09044e433359246f7006089ad6c3a7eea31cae9fc08a96a5754bf,0b0ca3d40ba09044e433359246f7006089ad6c3a7eea31cae9fc08a96a5754bf,32,32,,
"Pokémon Diamond Version (USA, ADAE, header ROM version 5)","Pokémon Pearl Version (USA, APAE, header ROM version 5)",/poketool/personal/wotbl.narc,equal,321,321,,,7e34608770d4068a5b8ddd0db7dc47b0d1775b16f1bdb676eaa44b6726b871aa,7e34608770d4068a5b8ddd0db7dc47b0d1775b16f1bdb676eaa44b6726b871aa,40,40,,
"Pokémon Diamond Version (USA, ADAE, header ROM version 5)","Pokémon Pearl Version (USA, APAE, header ROM version 5)",/poketool/personal/wotbl.narc,equal,322,322,,,a4d7c4cae6d41b6a3a7dd4dc70fc33dfa682f75b96a8d9cd27a0f226b43e3853,a4d7c4cae6d41b6a3a7dd4dc70fc33dfa682f75b96a8d9cd27a0f226b43e3853,28,28,,
"Pokémon Diamond Version (USA, ADAE, header ROM version 5)","Pokémon Pearl Version (USA, APAE, header ROM version 5)",/poketool/personal/wotbl.narc,equal,323,323,,,cdaceed411be88065fd898fd4242ed3639255a66b7f83e408df604706a92cbde,cdaceed411be88065fd898fd4242ed3639255a66b7f83e408df604706a92cbde,32,32,,
"Pokémon Diamond Version (USA, ADAE, header ROM version 5)","Pokémon Pearl Version (USA, APAE, header ROM version 5)",/poketool/personal/wotbl.narc,equal,324,324,,,fffadbf65ad5fb1418970a0eadf5180ea4e800a3fef587a2e0811c7a4c447ad6,fffadbf65ad5fb1418970a0eadf5180ea4e800a3fef587a2e0811c7a4c447ad6,32,32,,
"Pokémon Diamond Version (USA, ADAE, header ROM version 5)","Pokémon Pearl Version (USA, APAE, header ROM version 5)",/poketool/personal/wotbl.narc,equal,325,325,,,c9d9d2f0815774d85bc36f4aeac883ce54033dd275c9bc9712f65964c28ca3de,c9d9d2f0815774d85bc36f4aeac883ce54033dd275c9bc9712f65964c28ca3de,32,32,,
"Pokémon Diamond Version (USA, ADAE, header ROM version 5)","Pokémon Pearl Version (USA, APAE, header ROM version 5)",/poketool/personal/wotbl.narc,equal,326,326,,,423af9e0919f5a5ba446973b9ef1849251dadfe0d4c6993df3de5040e5603f85,423af9e0919f5a5ba446973b9ef1849251dadfe0d4c6993df3de5040e5603f85,36,36,,
"Pokémon Diamond Version (USA, ADAE, header ROM version 5)","Pokémon Pearl Version (USA, APAE, header ROM version 5)",/poketool/personal/wotbl.narc,equal,327,327,,,de5ef63ef0cc51a99f7e22b2bc90dc9bfa706943788aa74dc0db52e59efe552b,de5ef63ef0cc51a99f7e22b2bc90dc9bfa706943788aa74dc0db52e59efe552b,28,28,,
"Pokémon Diamond Version (USA, ADAE, header ROM version 5)","Pokémon Pearl Version (USA, APAE, header ROM version 5)",/poketool/personal/wotbl.narc,equal,328,328,,,28e5e7882bfdb97731c60efa0357dc3d375e05d11759edbb7184e81032c12e6c,28e5e7882bfdb97731c60efa0357dc3d375e05d11759edbb7184e81032c12e6c,28,28,,
"Pokémon Diamond Version (USA, ADAE, header ROM version 5)","Pokémon Pearl Version (USA, APAE, header ROM version 5)",/poketool/personal/wotbl.narc,equal,329,329,,,0432539ec46ee43abcc0be6d1e5d979264232731e6b32c34e9afc940294a13bd,0432539ec46ee43abcc0be6d1e5d979264232731e6b32c34e9afc940294a13bd,28,28,,
"Pokémon Diamond Version (USA, ADAE, header ROM version 5)","Pokémon Pearl Version (USA, APAE, header ROM version 5)",/poketool/personal/wotbl.narc,equal,330,330,,,43656585747d4b774209e57b4d0bf7e4e3b6313c27380734221ffa1ecb73d641,43656585747d4b774209e57b4d0bf7e4e3b6313c27380734221ffa1ecb73d641,28,28,,
"Pokémon Diamond Version (USA, ADAE, header ROM version 5)","Pokémon Pearl Version (USA, APAE, header ROM version 5)",/poketool/personal/wotbl.narc,equal,331,331,,,2a50c399b054bfd0ae2a1ac6c63d73a98e54ab2438a2a9737091650cf8463fe1,2a50c399b054bfd0ae2a1ac6c63d73a98e54ab2438a2a9737091650cf8463fe1,36,36,,
"Pokémon Diamond Version (USA, ADAE, header ROM version 5)","Pokémon Pearl Version (USA, APAE, header ROM version 5)",/poketool/personal/wotbl.narc,equal,332,332,,,68d284d493b57175f8f1b7d58535ca42f90d01755260d62ee44a79b9c0669252,68d284d493b57175f8f1b7d58535ca42f90d01755260d62ee44a79b9c0669252,40,40,,
"Pokémon Diamond Version (USA, ADAE, header ROM version 5)","Pokémon Pearl Version (USA, APAE, header ROM version 5)",/poketool/personal/wotbl.narc,equal,333,333,,,ce6ca2469fa728b98c7873a2e68e033660f00a33506d3fb42ebdc0c9d2d58b59,ce6ca2469fa728b98c7873a2e68e033660f00a33506d3fb42ebdc0c9d2d58b59,28,28,,
"Pokémon Diamond Version (USA, ADAE, header ROM version 5)","Pokémon Pearl Version (USA, APAE, header ROM version 5)",/poketool/personal/wotbl.narc,equal,334,334,,,2f4c6572ca0052259c7c0543b522162549cfaa3537a8bc856900e4e749865474,2f4c6572ca0052259c7c0543b522162549cfaa3537a8bc856900e4e749865474,40,40,,
"Pokémon Diamond Version (USA, ADAE, header ROM version 5)","Pokémon Pearl Version (USA, APAE, header ROM version 5)",/poketool/personal/wotbl.narc,equal,335,335,,,9cda518190d12c63a722ebcd4b20adbc5328ab821e7e15cc76151de06741518d,9cda518190d12c63a722ebcd4b20adbc5328ab821e7e15cc76151de06741518d,32,32,,
"Pokémon Diamond Version (USA, ADAE, header ROM version 5)","Pokémon Pearl Version (USA, APAE, header ROM version 5)",/poketool/personal/wotbl.narc,equal,336,336,,,406881570110656abd540d2fd5ac3ed631029ccbc4fd38304cb14e3e64b52ba1,406881570110656abd540d2fd5ac3ed631029ccbc4fd38304cb14e3e64b52ba1,28,28,,
"Pokémon Diamond Version (USA, ADAE, header ROM version 5)","Pokémon Pearl Version (USA, APAE, header ROM version 5)",/poketool/personal/wotbl.narc,equal,337,337,,,566801da1e34a56f03828282b71f7487890dc11ce714e574f95687d822df0f85,566801da1e34a56f03828282b71f7487890dc11ce714e574f95687d822df0f85,28,28,,
"Pokémon Diamond Version (USA, ADAE, header ROM version 5)","Pokémon Pearl Version (USA, APAE, header ROM version 5)",/poketool/personal/wotbl.narc,equal,338,338,,,a416efbdfbfe98221ad49135b36c37692fe0932ba5c31e22fc0c814b3eb50e6d,a416efbdfbfe98221ad49135b36c37692fe0932ba5c31e22fc0c814b3eb50e6d,28,28,,
"Pokémon Diamond Version (USA, ADAE, header ROM version 5)","Pokémon Pearl Version (USA, APAE, header ROM version 5)",/poketool/personal/wotbl.narc,equal,339,339,,,9c22944edf4f8b33cba31e960ef7acf27355260a780d59fbcbd73d89f0b9cfcc,9c22944edf4f8b33cba31e960ef7acf27355260a780d59fbcbd73d89f0b9cfcc,32,32,,
"Pokémon Diamond Version (USA, ADAE, header ROM version 5)","Pokémon Pearl Version (USA, APAE, header ROM version 5)",/poketool/personal/wotbl.narc,equal,340,340,,,e6634fae1e7acf46a98b32d0b6e918781892037c1731b878839e19f25134848c,e6634fae1e7acf46a98b32d0b6e918781892037c1731b878839e19f25134848c,40,40,,
"Pokémon Diamond Version (USA, ADAE, header ROM version 5)","Pokémon Pearl Version (USA, APAE, header ROM version 5)",/poketool/personal/wotbl.narc,equal,341,341,,,753a6da1967d45c793b61415653f1e5b24700e06f9e7e84c148bf2f859984a58,753a6da1967d45c793b61415653f1e5b24700e06f9e7e84c148bf2f859984a58,28,28,,
"Pokémon Diamond Version (USA, ADAE, header ROM version 5)","Pokémon Pearl Version (USA, APAE, header ROM version 5)",/poketool/personal/wotbl.narc,equal,342,342,,,f178822eafa4e49eff61ec58d188a07086c51a9a2f569a44d675ad209208185e,f178822eafa4e49eff61ec58d188a07086c51a9a2f569a44d675ad209208185e,36,36,,
"Pokémon Diamond Version (USA, ADAE, header ROM version 5)","Pokémon Pearl Version (USA, APAE, header ROM version 5)",/poketool/personal/wotbl.narc,equal,343,343,,,1d5e5059b35f6ff570f4b26aa5399b0a845d64f17fbecad5baadb1e40b401a5b,1d5e5059b35f6ff570f4b26aa5399b0a845d64f17fbecad5baadb1e40b401a5b,32,32,,
"Pokémon Diamond Version (USA, ADAE, header ROM version 5)","Pokémon Pearl Version (USA, APAE, header ROM version 5)",/poketool/personal/wotbl.narc,equal,344,344,,,4d44f94d4db56641ccfe093403b75a7456716d4384aa3948578587c881860ab7,4d44f94d4db56641ccfe093403b75a7456716d4384aa3948578587c881860ab7,40,40,,
"Pokémon Diamond Version (USA, ADAE, header ROM version 5)","Pokémon Pearl Version (USA, APAE, header ROM version 5)",/poketool/personal/wotbl.narc,equal,345,345,,,467b60c6918c3c7d2194e400db8e89a27f28addf47928f91c9754caaa9222918,467b60c6918c3c7d2194e400db8e89a27f28addf47928f91c9754caaa9222918,28,28,,
"Pokémon Diamond Version (USA, ADAE, header ROM version 5)","Pokémon Pearl Version (USA, APAE, header ROM version 5)",/poketool/personal/wotbl.narc,equal,346,346,,,7f4318214c2cf1e1be7cc70f1cf254c4a6ababdb823886f41e14dce985b9f5fa,7f4318214c2cf1e1be7cc70f1cf254c4a6ababdb823886f41e14dce985b9f5fa,32,32,,
"Pokémon Diamond Version (USA, ADAE, header ROM version 5)","Pokémon Pearl Version (USA, APAE, header ROM version 5)",/poketool/personal/wotbl.narc,equal,347,347,,,148e915df9f4b3df0e8b164d63dfac7f364b8b2efcfc4fe39ba7660a55f597cc,148e915df9f4b3df0e8b164d63dfac7f364b8b2efcfc4fe39ba7660a55f597cc,28,28,,
"Pokémon Diamond Version (USA, ADAE, header ROM version 5)","Pokémon Pearl Version (USA, APAE, header ROM version 5)",/poketool/personal/wotbl.narc,equal,348,348,,,dbf2633dd232aee82b1ff8a3bfb18a91c287449cccac8c943397dc4f393a43ee,dbf2633dd232aee82b1ff8a3bfb18a91c287449cccac8c943397dc4f393a43ee,32,32,,
"Pokémon Diamond Version (USA, ADAE, header ROM version 5)","Pokémon Pearl Version (USA, APAE, header ROM version 5)",/poketool/personal/wotbl.narc,equal,349,349,,,6372ed40287d634d67e2ae63940d6ba8a8e44d0937a2126a12b6872a54e1eb22,6372ed40287d634d67e2ae63940d6ba8a8e44d0937a2126a12b6872a54e1eb22,8,8,,
"Pokémon Diamond Version (USA, ADAE, header ROM version 5)","Pokémon Pearl Version (USA, APAE, header ROM version 5)",/poketool/personal/wotbl.narc,equal,350,350,,,6d76f3f2743dce6f8e5859debbd42fb052dfe63803d778daa804243ab1cee09f,6d76f3f2743dce6f8e5859debbd42fb052dfe63803d778daa804243ab1cee09f,32,32,,
"Pokémon Diamond Version (USA, ADAE, header ROM version 5)","Pokémon Pearl Version (USA, APAE, header ROM version 5)",/poketool/personal/wotbl.narc,equal,351,351,,,ff712cf7c728885b2644b7d381ac86eaca81a4778b8153dd7d5389be6d23fa31,ff712cf7c728885b2644b7d381ac86eaca81a4778b8153dd7d5389be6d23fa31,20,20,,
"Pokémon Diamond Version (USA, ADAE, header ROM version 5)","Pokémon Pearl Version (USA, APAE, header ROM version 5)",/poketool/personal/wotbl.narc,equal,352,352,,,b9e971ec7af04f58a639e2e931ec301c1ac61db980850145c71592a03397b119,b9e971ec7af04f58a639e2e931ec301c1ac61db980850145c71592a03397b119,36,36,,
"Pokémon Diamond Version (USA, ADAE, header ROM version 5)","Pokémon Pearl Version (USA, APAE, header ROM version 5)",/poketool/personal/wotbl.narc,equal,353,353,,,172d6e375061db2ef808217a088adbc27bbb8b0556525a288272a3cba87f273f,172d6e375061db2ef808217a088adbc27bbb8b0556525a288272a3cba87f273f,32,32,,
"Pokémon Diamond Version (USA, ADAE, header ROM version 5)","Pokémon Pearl Version (USA, APAE, header ROM version 5)",/poketool/personal/wotbl.narc,equal,354,354,,,19f8d31ec6d84e0d30e65e65ccd1302b2233df0363d5c91ece75ea1e3124356d,19f8d31ec6d84e0d30e65e65ccd1302b2233df0363d5c91ece75ea1e3124356d,36,36,,
"Pokémon Diamond Version (USA, ADAE, header ROM version 5)","Pokémon Pearl Version (USA, APAE, header ROM version 5)",/poketool/personal/wotbl.narc,equal,355,355,,,9e268c4409c98742d28bb0e31a29ffa90b8d3e1a1f96a0d8532cc10a9d2dfa4e,9e268c4409c98742d28bb0e31a29ffa90b8d3e1a1f96a0d8532cc10a9d2dfa4e,28,28,,
"Pokémon Diamond Version (USA, ADAE, header ROM version 5)","Pokémon Pearl Version (USA, APAE, header ROM version 5)",/poketool/personal/wotbl.narc,equal,356,356,,,6d0611e034df0fdd1ed6e32b673e78f368379cded545cce01dd7373ebf750070,6d0611e034df0fdd1ed6e32b673e78f368379cded545cce01dd7373ebf750070,44,44,,
"Pokémon Diamond Version (USA, ADAE, header ROM version 5)","Pokémon Pearl Version (USA, APAE, header ROM version 5)",/poketool/personal/wotbl.narc,equal,357,357,,,a695deb0f747ac3fdf63bbbe97518acecb6f8addd7c9209a331f7ef10dd77d0b,a695deb0f747ac3fdf63bbbe97518acecb6f8addd7c9209a331f7ef10dd77d0b,32,32,,
"Pokémon Diamond Version (USA, ADAE, header ROM version 5)","Pokémon Pearl Version (USA, APAE, header ROM version 5)",/poketool/personal/wotbl.narc,equal,358,358,,,78f485993cc873d4ab8a9d7f80730302e055e289b1776d346a1545ea2d691ba4,78f485993cc873d4ab8a9d7f80730302e055e289b1776d346a1545ea2d691ba4,28,28,,
"Pokémon Diamond Version (USA, ADAE, header ROM version 5)","Pokémon Pearl Version (USA, APAE, header ROM version 5)",/poketool/personal/wotbl.narc,equal,359,359,,,2c7f66fdf5de85e60e0786ff50729fc86bcb3d119bd7d8b860b350c24d441e14,2c7f66fdf5de85e60e0786ff50729fc86bcb3d119bd7d8b860b350c24d441e14,36,36,,
"Pokémon Diamond Version (USA, ADAE, header ROM version 5)","Pokémon Pearl Version (USA, APAE, header ROM version 5)",/poketool/personal/wotbl.narc,equal,360,360,,,dbe4984ccd1da9229f47977509a0a57d56d52a7f60719386d5184aa09b692111,dbe4984ccd1da9229f47977509a0a57d56d52a7f60719386d5184aa09b692111,16,16,,
"Pokémon Diamond Version (USA, ADAE, header ROM version 5)","Pokémon Pearl Version (USA, APAE, header ROM version 5)",/poketool/personal/wotbl.narc,equal,361,361,,,1e4b55e49fa0d4eba6a40b85bfa9d2a49c09f8c08160646e04d6fd37c0abb6cc,1e4b55e49fa0d4eba6a40b85bfa9d2a49c09f8c08160646e04d6fd37c0abb6cc,28,28,,
"Pokémon Diamond Version (USA, ADAE, header ROM version 5)","Pokémon Pearl Version (USA, APAE, header ROM version 5)",/poketool/personal/wotbl.narc,equal,362,362,,,44826f350bd274798357b85d82599f1ef6314e4f7dbb8520f5efb424f00a177b,44826f350bd274798357b85d82599f1ef6314e4f7dbb8520f5efb424f00a177b,32,32,,
"Pokémon Diamond Version (USA, ADAE, header ROM version 5)","Pokémon Pearl Version (USA, APAE, header ROM version 5)",/poketool/personal/wotbl.narc,equal,363,363,,,8cb35a9e13992fc8ca98ea9ae9834a8c4558554f4d25f35f63bbd7651bf11773,8cb35a9e13992fc8ca98ea9ae9834a8c4558554f4d25f35f63bbd7651bf11773,28,28,,
"Pokémon Diamond Version (USA, ADAE, header ROM version 5)","Pokémon Pearl Version (USA, APAE, header ROM version 5)",/poketool/personal/wotbl.narc,equal,364,364,,,e46621f3f4980d61bb71cafbd9c39b8463772b29beabed9766a22753251a7367,e46621f3f4980d61bb71cafbd9c39b8463772b29beabed9766a22753251a7367,32,32,,
"Pokémon Diamond Version (USA, ADAE, header ROM version 5)","Pokémon Pearl Version (USA, APAE, header ROM version 5)",/poketool/personal/wotbl.narc,equal,365,365,,,6a27c644fabb8487ac9ec5fdfaf19c61d5b93f583f893d9baf376bfd7a9e2521,6a27c644fabb8487ac9ec5fdfaf19c61d5b93f583f893d9baf376bfd7a9e2521,36,36,,
"Pokémon Diamond Version (USA, ADAE, header ROM version 5)","Pokémon Pearl Version (USA, APAE, header ROM version 5)",/poketool/personal/wotbl.narc,equal,366,366,,,a0af546e96e22a01696da097c18d366a8d3844d58f885e4660fc5604b9b2bcf5,a0af546e96e22a01696da097c18d366a8d3844d58f885e4660fc5604b9b2bcf5,12,12,,
"Pokémon Diamond Version (USA, ADAE, header ROM version 5)","Pokémon Pearl Version (USA, APAE, header ROM version 5)",/poketool/personal/wotbl.narc,equal,367,367,,,3ef49493f3a8b9307b44c45761a4b48782a86b050d532d52fbec6fe39ef84a4f,3ef49493f3a8b9307b44c45761a4b48782a86b050d532d52fbec6fe39ef84a4f,28,28,,
"Pokémon Diamond Version (USA, ADAE, header ROM version 5)","Pokémon Pearl Version (USA, APAE, header ROM version 5)",/poketool/personal/wotbl.narc,equal,368,368,,,175430df89db3fc628db26cdd7bbc6546c0b31d24781843f2f1f405d1885959f,175430df89db3fc628db26cdd7bbc6546c0b31d24781843f2f1f405d1885959f,28,28,,
"Pokémon Diamond Version (USA, ADAE, header ROM version 5)","Pokémon Pearl Version (USA, APAE, header ROM version 5)",/poketool/personal/wotbl.narc,equal,369,369,,,f1aa7e2b6fd500180a27b75d745e2774dcad7aae962145e05443283bdd737162,f1aa7e2b6fd500180a27b75d745e2774dcad7aae962145e05443283bdd737162,28,28,,
"Pokémon Diamond Version (USA, ADAE, header ROM version 5)","Pokémon Pearl Version (USA, APAE, header ROM version 5)",/poketool/personal/wotbl.narc,equal,370,370,,,729fc4aaff8c839780c1308311fdecd3e6ce5effa0a1db7e6e733ee8ad9b8463,729fc4aaff8c839780c1308311fdecd3e6ce5effa0a1db7e6e733ee8ad9b8463,28,28,,
"Pokémon Diamond Version (USA, ADAE, header ROM version 5)","Pokémon Pearl Version (USA, APAE, header ROM version 5)",/poketool/personal/wotbl.narc,equal,371,371,,,72e8a724ca5413c06035fb7fa8b2a5e95abb70cb0fd60731c2d12c662493266b,72e8a724ca5413c06035fb7fa8b2a5e95abb70cb0fd60731c2d12c662493266b,28,28,,
"Pokémon Diamond Version (USA, ADAE, header ROM version 5)","Pokémon Pearl Version (USA, APAE, header ROM version 5)",/poketool/personal/wotbl.narc,equal,372,372,,,d64a8a578f3bdd9a57a3126d2feeab0d863f04c6d8fa6acad13890d441e8f18c,d64a8a578f3bdd9a57a3126d2feeab0d863f04c6d8fa6acad13890d441e8f18c,36,36,,
"Pokémon Diamond Version (USA, ADAE, header ROM version 5)","Pokémon Pearl Version (USA, APAE, header ROM version 5)",/poketool/personal/wotbl.narc,equal,373,373,,,b1dc6ad0a2b6bb1152caf8f9af0becc0540ed7e04c8bbd17e2f0e1edec996ae0,b1dc6ad0a2b6bb1152caf8f9af0becc0540ed7e04c8bbd17e2f0e1edec996ae0,40,40,,
"Pokémon Diamond Version (USA, ADAE, header ROM version 5)","Pokémon Pearl Version (USA, APAE, header ROM version 5)",/poketool/personal/wotbl.narc,equal,374,374,,,d112606d9892b7202158dd3f1ed306d9895397e00d9b8695bb77dc985fc9912f,d112606d9892b7202158dd3f1ed306d9895397e00d9b8695bb77dc985fc9912f,4,4,,
"Pokémon Diamond Version (USA, ADAE, header ROM version 5)","Pokémon Pearl Version (USA, APAE, header ROM version 5)",/poketool/personal/wotbl.narc,equal,375,375,,,af1ce052a0f2659db3886792b1360f95dc0346ff1e4fe2a151c3d279c92d7a1e,af1ce052a0f2659db3886792b1360f95dc0346ff1e4fe2a151c3d279c92d7a1e,32,32,,
"Pokémon Diamond Version (USA, ADAE, header ROM version 5)","Pokémon Pearl Version (USA, APAE, header ROM version 5)",/poketool/personal/wotbl.narc,equal,376,376,,,c44656939a5065c44e3eae4e1697443f09a2c72202f3a53035ffbb9708411721,c44656939a5065c44e3eae4e1697443f09a2c72202f3a53035ffbb9708411721,36,36,,
"Pokémon Diamond Version (USA, ADAE, header ROM version 5)","Pokémon Pearl Version (USA, APAE, header ROM version 5)",/poketool/personal/wotbl.narc,equal,377,377,,,ee312102710848f67da9831da519a338fe47644e78218e24814a5489d9b2c5ea,ee312102710848f67da9831da519a338fe47644e78218e24814a5489d9b2c5ea,28,28,,
"Pokémon Diamond Version (USA, ADAE, header ROM version 5)","Pokémon Pearl Version (USA, APAE, header ROM version 5)",/poketool/personal/wotbl.narc,equal,378,378,,,e384fc76b7f113a506bd59c7ee474636ba30cc9dbfaca9be8f2dd3f738b6e605,e384fc76b7f113a506bd59c7ee474636ba30cc9dbfaca9be8f2dd3f738b6e605,28,28,,
"Pokémon Diamond Version (USA, ADAE, header ROM version 5)","Pokémon Pearl Version (USA, APAE, header ROM version 5)",/poketool/personal/wotbl.narc,equal,379,379,,,6c532e877cb21f8ed62ff1d02880eb28787011b3a0930766d62afac2795e759c,6c532e877cb21f8ed62ff1d02880eb28787011b3a0930766d62afac2795e759c,32,32,,
"Pokémon Diamond Version (USA, ADAE, header ROM version 5)","Pokémon Pearl Version (USA, APAE, header ROM version 5)",/poketool/personal/wotbl.narc,equal,380,380,,,82e22f7bb3cf637acda41538104f7d4231f40a03b6482fd2c9b70a2c1954fa8a,82e22f7bb3cf637acda41538104f7d4231f40a03b6482fd2c9b70a2c1954fa8a,32,32,,
"Pokémon Diamond Version (USA, ADAE, header ROM version 5)","Pokémon Pearl Version (USA, APAE, header ROM version 5)",/poketool/personal/wotbl.narc,equal,381,381,,,7c15d696bd32a884d29c276770d840a4283806f11d63f8bf46fd23578fad7824,7c15d696bd32a884d29c276770d840a4283806f11d63f8bf46fd23578fad7824,32,32,,
"Pokémon Diamond Version (USA, ADAE, header ROM version 5)","Pokémon Pearl Version (USA, APAE, header ROM version 5)",/poketool/personal/wotbl.narc,equal,382,382,,,7e7eb510a77e11cc0b46ff686e7fd998e35c78343ccbee9e1c4cbab7c8f27c31,7e7eb510a77e11cc0b46ff686e7fd998e35c78343ccbee9e1c4cbab7c8f27c31,28,28,,
"Pokémon Diamond Version (USA, ADAE, header ROM version 5)","Pokémon Pearl Version (USA, APAE, header ROM version 5)",/poketool/personal/wotbl.narc,equal,383,383,,,b36b17ff59ab9e138c8eefc78822260e7eb3131eecd033c46737eb352de1ec7d,b36b17ff59ab9e138c8eefc78822260e7eb3131eecd033c46737eb352de1ec7d,28,28,,
"Pokémon Diamond Version (USA, ADAE, header ROM version 5)","Pokémon Pearl Version (USA, APAE, header ROM version 5)",/poketool/personal/wotbl.narc,equal,384,384,,,be773344d16a8202237f78bb8059e8d8444a9353b6e7187ceb5aa4dc492c159c,be773344d16a8202237f78bb8059e8d8444a9353b6e7187ceb5aa4dc492c159c,28,28,,
"Pokémon Diamond Version (USA, ADAE, header ROM version 5)","Pokémon Pearl Version (USA, APAE, header ROM version 5)",/poketool/personal/wotbl.narc,equal,385,385,,,516fb600c00c4f04ddf20ed16b4eabb6b499c72138bf0f6bf5a58ba0df63c9ff,516fb600c00c4f04ddf20ed16b4eabb6b499c72138bf0f6bf5a58ba0df63c9ff,36,36,Nintendo LZ11,Nintendo LZ11
"Pokémon Diamond Version (USA, ADAE, header ROM version 5)","Pokémon Pearl Version (USA, APAE, header ROM version 5)",/poketool/personal/wotbl.narc,equal,386,386,,,b35285cdb66dbc92397e2f72ca2b0bdd96e5f22cd6d5f9bbf316dd291f1bfcbd,b35285cdb66dbc92397e2f72ca2b0bdd96e5f22cd6d5f9bbf316dd291f1bfcbd,32,32,,
"Pokémon Diamond Version (USA, ADAE, header ROM version 5)","Pokémon Pearl Version (USA, APAE, header ROM version 5)",/poketool/personal/wotbl.narc,equal,387,387,,,cbb08bc0b34bfa2eac9c21c871f753ecc3b6885b9aa93f8bf8308fea1f82a214,cbb08bc0b34bfa2eac9c21c871f753ecc3b6885b9aa93f8bf8308fea1f82a214,28,28,,
"Pokémon Diamond Version (USA, ADAE, header ROM version 5)","Pokémon Pearl Version (USA, APAE, header ROM version 5)",/poketool/personal/wotbl.narc,equal,388,388,,,e674ad3f4c1d3e681de34f4dbc2a11fcca35c335760516fa97c0c4c2028359f0,e674ad3f4c1d3e681de34f4dbc2a11fcca35c335760516fa97c0c4c2028359f0,28,28,,
"Pokémon Diamond Version (USA, ADAE, header ROM version 5)","Pokémon Pearl Version (USA, APAE, header ROM version 5)",/poketool/personal/wotbl.narc,equal,389,389,,,2767919392f91ec95b27bbc34b2173c8d15700a4e26100eb925ab9a9de1cef57,2767919392f91ec95b27bbc34b2173c8d15700a4e26100eb925ab9a9de1cef57,36,36,,
"Pokémon Diamond Version (USA, ADAE, header ROM version 5)","Pokémon Pearl Version (USA, APAE, header ROM version 5)",/poketool/personal/wotbl.narc,equal,390,390,,,c167a8afca0366697396d6360bd62a4fb167d7435c38df3e928cb89b1eabe0bf,c167a8afca0366697396d6360bd62a4fb167d7435c38df3e928cb89b1eabe0bf,28,28,,
"Pokémon Diamond Version (USA, ADAE, header ROM version 5)","Pokémon Pearl Version (USA, APAE, header ROM version 5)",/poketool/personal/wotbl.narc,equal,391,391,,,cc2dc07489f5166a6039c7258cf4fecd7d292add695a4e0b63fb4485740a1f03,cc2dc07489f5166a6039c7258cf4fecd7d292add695a4e0b63fb4485740a1f03,32,32,,
"Pokémon Diamond Version (USA, ADAE, header ROM version 5)","Pokémon Pearl Version (USA, APAE, header ROM version 5)",/poketool/personal/wotbl.narc,equal,392,392,,,06278ab48b89aa520bd383639c13fab82de11ba5a2ff93fca53345d40e999d79,06278ab48b89aa520bd383639c13fab82de11ba5a2ff93fca53345d40e999d79,32,32,,
"Pokémon Diamond Version (USA, ADAE, header ROM version 5)","Pokémon Pearl Version (USA, APAE, header ROM version 5)",/poketool/personal/wotbl.narc,equal,393,393,,,036e884d38f1bd6b8d883cebb1fbafc74ac993d50ab33caca54b0c5f73c3fb9d,036e884d38f1bd6b8d883cebb1fbafc74ac993d50ab33caca54b0c5f73c3fb9d,28,28,,
"Pokémon Diamond Version (USA, ADAE, header ROM version 5)","Pokémon Pearl Version (USA, APAE, header ROM version 5)",/poketool/personal/wotbl.narc,equal,394,394,,,1c6c5a330fc0c325051fe045284373d9ede11e498a1c1a0ab7a463128d762e66,1c6c5a330fc0c325051fe045284373d9ede11e498a1c1a0ab7a463128d762e66,32,32,,
"Pokémon Diamond Version (USA, ADAE, header ROM version 5)","Pokémon Pearl Version (USA, APAE, header ROM version 5)",/poketool/personal/wotbl.narc,equal,395,395,,,d0a88fea81d910d4522a7b341f799cbf0a0d40b82fe1dfe9a87c672ae02adde3,d0a88fea81d910d4522a7b341f799cbf0a0d40b82fe1dfe9a87c672ae02adde3,36,36,,
"Pokémon Diamond Version (USA, ADAE, header ROM version 5)","Pokémon Pearl Version (USA, APAE, header ROM version 5)",/poketool/personal/wotbl.narc,equal,396,396,,,27b4e532e9514d30370759e4f5870cc73d14ab0b17e157d7a1d7ff2d34308d13,27b4e532e9514d30370759e4f5870cc73d14ab0b17e157d7a1d7ff2d34308d13,24,24,,
"Pokémon Diamond Version (USA, ADAE, header ROM version 5)","Pokémon Pearl Version (USA, APAE, header ROM version 5)",/poketool/personal/wotbl.narc,equal,397,397,,,2d20c464bec7763ff3ac778f4e9b9afda3ecac3e1641605e45e55326f08d1038,2d20c464bec7763ff3ac778f4e9b9afda3ecac3e1641605e45e55326f08d1038,28,28,,
"Pokémon Diamond Version (USA, ADAE, header ROM version 5)","Pokémon Pearl Version (USA, APAE, header ROM version 5)",/poketool/personal/wotbl.narc,equal,398,398,,,7f9f30a2ff9e501011747aefbf09cf8540345cb00008efa63b82325bc6ae2551,7f9f30a2ff9e501011747aefbf09cf8540345cb00008efa63b82325bc6ae2551,32,32,,
"Pokémon Diamond Version (USA, ADAE, header ROM version 5)","Pokémon Pearl Version (USA, APAE, header ROM version 5)",/poketool/personal/wotbl.narc,equal,399,399,,,93493970a9b50abe2b97d136518b2acc9ff5a89106996cab62911d72b4e64f35,93493970a9b50abe2b97d136518b2acc9ff5a89106996cab62911d72b4e64f35,24,24,,
"Pokémon Diamond Version (USA, ADAE, header ROM version 5)","Pokémon Pearl Version (USA, APAE, header ROM version 5)",/poketool/personal/wotbl.narc,equal,400,400,,,42efe0fdd159e4fb925b900391f99c5f556124aef899ee119ba1e0215c434cfc,42efe0fdd159e4fb925b900391f99c5f556124aef899ee119ba1e0215c434cfc,28,28,,
"Pokémon Diamond Version (USA, ADAE, header ROM version 5)","Pokémon Pearl Version (USA, APAE, header ROM version 5)",/poketool/personal/wotbl.narc,equal,401,401,,,216665687183d45a22ec9116ad6159c0f88294ae19760291035421aa4e3e547c,216665687183d45a22ec9116ad6159c0f88294ae19760291035421aa4e3e547c,8,8,,
"Pokémon Diamond Version (USA, ADAE, header ROM version 5)","Pokémon Pearl Version (USA, APAE, header ROM version 5)",/poketool/personal/wotbl.narc,equal,402,402,,,4480ae1ee96a1a78f57f564137df6afa8973505cedce0500f6f9680271727a2c,4480ae1ee96a1a78f57f564137df6afa8973505cedce0500f6f9680271727a2c,24,24,,
"Pokémon Diamond Version (USA, ADAE, header ROM version 5)","Pokémon Pearl Version (USA, APAE, header ROM version 5)",/poketool/personal/wotbl.narc,equal,403,403,,,e1527fb4306df28b0dfd168f9ff06eddebee5f24ab47196a4196ed7229dc7fd6,e1527fb4306df28b0dfd168f9ff06eddebee5f24ab47196a4196ed7229dc7fd6,24,24,,
"Pokémon Diamond Version (USA, ADAE, header ROM version 5)","Pokémon Pearl Version (USA, APAE, header ROM version 5)",/poketool/personal/wotbl.narc,equal,404,404,,,4bd4205d7347a80071ec24b4b23e6ea61683605e6d725ce90a6e14fd401d53d8,4bd4205d7347a80071ec24b4b23e6ea61683605e6d725ce90a6e14fd401d53d8,28,28,,
"Pokémon Diamond Version (USA, ADAE, header ROM version 5)","Pokémon Pearl Version (USA, APAE, header ROM version 5)",/poketool/personal/wotbl.narc,equal,405,405,,,d85e55aff62d53d1ab7b623eaf7b3a5be4167a809974195a328ebeb3f3824776,d85e55aff62d53d1ab7b623eaf7b3a5be4167a809974195a328ebeb3f3824776,28,28,,
"Pokémon Diamond Version (USA, ADAE, header ROM version 5)","Pokémon Pearl Version (USA, APAE, header ROM version 5)",/poketool/personal/wotbl.narc,equal,406,406,,,ee870980eb28c736bf6cf7b2d3884298bbc4e53a50058f37e190b662daf94736,ee870980eb28c736bf6cf7b2d3884298bbc4e53a50058f37e190b662daf94736,16,16,,
"Pokémon Diamond Version (USA, ADAE, header ROM version 5)","Pokémon Pearl Version (USA, APAE, header ROM version 5)",/poketool/personal/wotbl.narc,equal,407,407,,,e08ab08dec58468d6bee45eedab93913ce8e455c3ac85559e53524541fe5cb06,e08ab08dec58468d6bee45eedab93913ce8e455c3ac85559e53524541fe5cb06,12,12,,
"Pokémon Diamond Version (USA, ADAE, header ROM version 5)","Pokémon Pearl Version (USA, APAE, header ROM version 5)",/poketool/personal/wotbl.narc,equal,408,408,,,86e4b32811ab10f5eb0a9a9b3fd7957adc1801d874b7818766956afe274bdf0d,86e4b32811ab10f5eb0a9a9b3fd7957adc1801d874b7818766956afe274bdf0d,24,24,,
"Pokémon Diamond Version (USA, ADAE, header ROM version 5)","Pokémon Pearl Version (USA, APAE, header ROM version 5)",/poketool/personal/wotbl.narc,equal,409,409,,,4c460a4925bcce961cfa9452f16986993702f2bb00ebfb326c2dfaee41e84c20,4c460a4925bcce961cfa9452f16986993702f2bb00ebfb326c2dfaee41e84c20,28,28,,
"Pokémon Diamond Version (USA, ADAE, header ROM version 5)","Pokémon Pearl Version (USA, APAE, header ROM version 5)",/poketool/personal/wotbl.narc,equal,410,410,,,617ced00d28876f8d3f821845cf2f6e990972df042e38ab30f98f337c03d9425,617ced00d28876f8d3f821845cf2f6e990972df042e38ab30f98f337c03d9425,24,24,,
"Pokémon Diamond Version (USA, ADAE, header ROM version 5)","Pokémon Pearl Version (USA, APAE, header ROM version 5)",/poketool/personal/wotbl.narc,equal,411,411,,,4010b8aced4caace1858b0a96c8d512d30197b09db3e53dfa988e3fb5a2e5dc0,4010b8aced4caace1858b0a96c8d512d30197b09db3e53dfa988e3fb5a2e5dc0,32,32,,
"Pokémon Diamond Version (USA, ADAE, header ROM version 5)","Pokémon Pearl Version (USA, APAE, header ROM version 5)",/poketool/personal/wotbl.narc,equal,412,412,,,0a1a7b0ad1fce564834a8997e67202e9f55299cc8a746145b465b960b91cd293,0a1a7b0ad1fce564834a8997e67202e9f55299cc8a746145b465b960b91cd293,8,8,,
"Pokémon Diamond Version (USA, ADAE, header ROM version 5)","Pokémon Pearl Version (USA, APAE, header ROM version 5)",/poketool/personal/wotbl.narc,equal,413,413,,,2cd5e9e821b6bc65f827d1f405695353321d51e09e4c532e5ace9b8c13a12f20,2cd5e9e821b6bc65f827d1f405695353321d51e09e4c532e5ace9b8c13a12f20,28,28,,
"Pokémon Diamond Version (USA, ADAE, header ROM version 5)","Pokémon Pearl Version (USA, APAE, header ROM version 5)",/poketool/personal/wotbl.narc,equal,414,414,,,138b8c67de9f0e865f2e3897173ab605829243808a656ef0b9b039701f4093ef,138b8c67de9f0e865f2e3897173ab605829243808a656ef0b9b039701f4093ef,28,28,,
"Pokémon Diamond Version (USA, ADAE, header ROM version 5)","Pokémon Pearl Version (USA, APAE, header ROM version 5)",/poketool/personal/wotbl.narc,equal,415,415,,,d7bcf168bde748484791db953e82f6164737d7641d5081110723b5fac29fd421,d7bcf168bde748484791db953e82f6164737d7641d5081110723b5fac29fd421,8,8,,
"Pokémon Diamond Version (USA, ADAE, header ROM version 5)","Pokémon Pearl Version (USA, APAE, header ROM version 5)",/poketool/personal/wotbl.narc,equal,416,416,,,2ec3a858f86c198bfb1003a888e3ed9af95842b6ce745fcc0b135b238e8afbbf,2ec3a858f86c198bfb1003a888e3ed9af95842b6ce745fcc0b135b238e8afbbf,36,36,,
"Pokémon Diamond Version (USA, ADAE, header ROM version 5)","Pokémon Pearl Version (USA, APAE, header ROM version 5)",/poketool/personal/wotbl.narc,equal,417,417,,,09da18c40ce5faf95234471b5fcaf3201f2c5fc327cb3c3d7e372ae5df3f837b,09da18c40ce5faf95234471b5fcaf3201f2c5fc327cb3c3d7e372ae5df3f837b,24,24,,
"Pokémon Diamond Version (USA, ADAE, header ROM version 5)","Pokémon Pearl Version (USA, APAE, header ROM version 5)",/poketool/personal/wotbl.narc,equal,418,418,,,f366a1cb7ab906b341cf67e401a1c40976750628ef462b3b045e8da0e8774eaf,f366a1cb7ab906b341cf67e401a1c40976750628ef462b3b045e8da0e8774eaf,24,24,,
"Pokémon Diamond Version (USA, ADAE, header ROM version 5)","Pokémon Pearl Version (USA, APAE, header ROM version 5)",/poketool/personal/wotbl.narc,equal,419,419,,,a7b973e16b9a1ff37809c01c6f5bf9750eb5279be4b2e215d7948aa5d66df303,a7b973e16b9a1ff37809c01c6f5bf9750eb5279be4b2e215d7948aa5d66df303,32,32,,
"Pokémon Diamond Version (USA, ADAE, header ROM version 5)","Pokémon Pearl Version (USA, APAE, header ROM version 5)",/poketool/personal/wotbl.narc,equal,420,420,,,87aca96dceede534b1daa5678f88381fe0aade14bf7599b2094f07cbc5ab8ea5,87aca96dceede534b1daa5678f88381fe0aade14bf7599b2094f07cbc5ab8ea5,24,24,,
"Pokémon Diamond Version (USA, ADAE, header ROM version 5)","Pokémon Pearl Version (USA, APAE, header ROM version 5)",/poketool/personal/wotbl.narc,equal,421,421,,,c92cddfed488ec4c9c18cc0bfb31cc776be3fda7cad0f409bff684b001f8b56b,c92cddfed488ec4c9c18cc0bfb31cc776be3fda7cad0f409bff684b001f8b56b,28,28,,
"Pokémon Diamond Version (USA, ADAE, header ROM version 5)","Pokémon Pearl Version (USA, APAE, header ROM version 5)",/poketool/personal/wotbl.narc,equal,422,422,,,8d4bf9fa0b351345b2288d84d359217d2fb80d2091cd9c1ea8ca82d796519e7f,8d4bf9fa0b351345b2288d84d359217d2fb80d2091cd9c1ea8ca82d796519e7f,24,24,,
"Pokémon Diamond Version (USA, ADAE, header ROM version 5)","Pokémon Pearl Version (USA, APAE, header ROM version 5)",/poketool/personal/wotbl.narc,equal,423,423,,,e86430f9eebce1e75f420a010f72ec94587dfc69faf8c69b50b6a4a9861e70bf,e86430f9eebce1e75f420a010f72ec94587dfc69faf8c69b50b6a4a9861e70bf,28,28,,
"Pokémon Diamond Version (USA, ADAE, header ROM version 5)","Pokémon Pearl Version (USA, APAE, header ROM version 5)",/poketool/personal/wotbl.narc,equal,424,424,,,e650557eb13153e00a2a135ad771be5bcf0e9f52f46bbdf5f5155bfa554c7d84,e650557eb13153e00a2a135ad771be5bcf0e9f52f46bbdf5f5155bfa554c7d84,36,36,,
"Pokémon Diamond Version (USA, ADAE, header ROM version 5)","Pokémon Pearl Version (USA, APAE, header ROM version 5)",/poketool/personal/wotbl.narc,equal,425,425,,,f89f013305f71f5c5a8921d828011cdbb86a6e7a834f63f739e48cd21c82ddab,f89f013305f71f5c5a8921d828011cdbb86a6e7a834f63f739e48cd21c82ddab,28,28,,
"Pokémon Diamond Version (USA, ADAE, header ROM version 5)","Pokémon Pearl Version (USA, APAE, header ROM version 5)",/poketool/personal/wotbl.narc,equal,426,426,,,d63f634400d1df27786d80df13a1566895bd87e071c8e2c8415e3c6e0e566f5c,d63f634400d1df27786d80df13a1566895bd87e071c8e2c8415e3c6e0e566f5c,32,32,,
"Pokémon Diamond Version (USA, ADAE, header ROM version 5)","Pokémon Pearl Version (USA, APAE, header ROM version 5)",/poketool/personal/wotbl.narc,equal,427,427,,,9864004f56ad871644c8fc31f6a98bcf1470b72b0fb8c7e82b29c4c2f3c13f81,9864004f56ad871644c8fc31f6a98bcf1470b72b0fb8c7e82b29c4c2f3c13f81,32,32,,
"Pokémon Diamond Version (USA, ADAE, header ROM version 5)","Pokémon Pearl Version (USA, APAE, header ROM version 5)",/poketool/personal/wotbl.narc,equal,428,428,,,4ae94fe056c06cff4aa8bda51724781e3910623c4063686645626cc62bd9c830,4ae94fe056c06cff4aa8bda51724781e3910623c4063686645626cc62bd9c830,36,36,,
"Pokémon Diamond Version (USA, ADAE, header ROM version 5)","Pokémon Pearl Version (USA, APAE, header ROM version 5)",/poketool/personal/wotbl.narc,equal,429,429,,,0e8b2ddd6deba3978950d49b8a259dc8589fba99e9b03baf9026856975070b4d,0e8b2ddd6deba3978950d49b8a259dc8589fba99e9b03baf9026856975070b4d,16,16,,
"Pokémon Diamond Version (USA, ADAE, header ROM version 5)","Pokémon Pearl Version (USA, APAE, header ROM version 5)",/poketool/personal/wotbl.narc,equal,430,430,,,51954e4bff5595a0a2728ddddaf027f12ff84a17bc9082731d1a0082e4f3487b,51954e4bff5595a0a2728ddddaf027f12ff84a17bc9082731d1a0082e4f3487b,20,20,,
"Pokémon Diamond Version (USA, ADAE, header ROM version 5)","Pokémon Pearl Version (USA, APAE, header ROM version 5)",/poketool/personal/wotbl.narc,equal,431,431,,,b1534ffcdf45f2356a29db6d551e43c11f0ec917990b5fb055d2eb0009eda9c8,b1534ffcdf45f2356a29db6d551e43c11f0ec917990b5fb055d2eb0009eda9c8,28,28,,
"Pokémon Diamond Version (USA, ADAE, header ROM version 5)","Pokémon Pearl Version (USA, APAE, header ROM version 5)",/poketool/personal/wotbl.narc,equal,432,432,,,3e1e8ae20de6101afe3f4ab8b41f8cc3a712d8cd3c31fe16e118d5bc9a342a8a,3e1e8ae20de6101afe3f4ab8b41f8cc3a712d8cd3c31fe16e118d5bc9a342a8a,32,32,,
"Pokémon Diamond Version (USA, ADAE, header ROM version 5)","Pokémon Pearl Version (USA, APAE, header ROM version 5)",/poketool/personal/wotbl.narc,equal,433,433,,,dc6a245a006f3f51b9242d1dc697b81b087e0cccec641367f08e106023f0d4f5,dc6a245a006f3f51b9242d1dc697b81b087e0cccec641367f08e106023f0d4f5,16,16,,
"Pokémon Diamond Version (USA, ADAE, header ROM version 5)","Pokémon Pearl Version (USA, APAE, header ROM version 5)",/poketool/personal/wotbl.narc,equal,434,434,,,54552731ee8c586f1fd3ec287bc011862fad10df8762ec2dd0eb68273dd05e21,54552731ee8c586f1fd3ec287bc011862fad10df8762ec2dd0eb68273dd05e21,24,24,,
"Pokémon Diamond Version (USA, ADAE, header ROM version 5)","Pokémon Pearl Version (USA, APAE, header ROM version 5)",/poketool/personal/wotbl.narc,equal,435,435,,,16f92fcd87106e3f43e4b4b1a77f52bdfe0bfa12167eb349d75494b8fa30a26b,16f92fcd87106e3f43e4b4b1a77f52bdfe0bfa12167eb349d75494b8fa30a26b,28,28,,
"Pokémon Diamond Version (USA, ADAE, header ROM version 5)","Pokémon Pearl Version (USA, APAE, header ROM version 5)",/poketool/personal/wotbl.narc,equal,436,436,,,46dc4b9b43553efcf899b3740d0958d6e2f8293bd373390e96ab1672926a26ce,46dc4b9b43553efcf899b3740d0958d6e2f8293bd373390e96ab1672926a26ce,28,28,,
"Pokémon Diamond Version (USA, ADAE, header ROM version 5)","Pokémon Pearl Version (USA, APAE, header ROM version 5)",/poketool/personal/wotbl.narc,equal,437,437,,,cc0ea81022920d3324a7d95af39a10c47d0907890a2a85b6de55f5912ff51616,cc0ea81022920d3324a7d95af39a10c47d0907890a2a85b6de55f5912ff51616,40,40,,
"Pokémon Diamond Version (USA, ADAE, header ROM version 5)","Pokémon Pearl Version (USA, APAE, header ROM version 5)",/poketool/personal/wotbl.narc,equal,438,438,,,a928b2bbce06de75c84796cb7169ace574eadfc073928049d738e795fb9f7545,a928b2bbce06de75c84796cb7169ace574eadfc073928049d738e795fb9f7545,28,28,,
"Pokémon Diamond Version (USA, ADAE, header ROM version 5)","Pokémon Pearl Version (USA, APAE, header ROM version 5)",/poketool/personal/wotbl.narc,equal,439,439,,,1c836912f2f826cd7e3c55d6b3d8526abc83b404a0c0be0ad0eeef5612b59bd2,1c836912f2f826cd7e3c55d6b3d8526abc83b404a0c0be0ad0eeef5612b59bd2,40,40,,
"Pokémon Diamond Version (USA, ADAE, header ROM version 5)","Pokémon Pearl Version (USA, APAE, header ROM version 5)",/poketool/personal/wotbl.narc,equal,440,440,,,5dfd790b62701ee717ba69d072f4eb3b4c43f1c3acf9dd3384dd173fc3b14c7d,5dfd790b62701ee717ba69d072f4eb3b4c43f1c3acf9dd3384dd173fc3b14c7d,12,12,,
"Pokémon Diamond Version (USA, ADAE, header ROM version 5)","Pokémon Pearl Version (USA, APAE, header ROM version 5)",/poketool/personal/wotbl.narc,equal,441,441,,,b252d926c68fd603adde4a84b7131538f8307fa8f8c36a2f67223ff0fb98a49d,b252d926c68fd603adde4a84b7131538f8307fa8f8c36a2f67223ff0fb98a49d,28,28,,
"Pokémon Diamond Version (USA, ADAE, header ROM version 5)","Pokémon Pearl Version (USA, APAE, header ROM version 5)",/poketool/personal/wotbl.narc,equal,442,442,,,4aa3852bda922badfc29c7414246072256d41180993a7a37d759c56ee07d1c57,4aa3852bda922badfc29c7414246072256d41180993a7a37d759c56ee07d1c57,28,28,,
"Pokémon Diamond Version (USA, ADAE, header ROM version 5)","Pokémon Pearl Version (USA, APAE, header ROM version 5)",/poketool/personal/wotbl.narc,equal,443,443,,,aef04823ad8a10fc23c96f769ee5254443cb6973473f75beb8289e888f88542d,aef04823ad8a10fc23c96f769ee5254443cb6973473f75beb8289e888f88542d,24,24,,
"Pokémon Diamond Version (USA, ADAE, header ROM version 5)","Pokémon Pearl Version (USA, APAE, header ROM version 5)",/poketool/personal/wotbl.narc,equal,444,444,,,d7145afe5c285ec845ca2a049201a1ebd449bb67ecc8e8062502217bc483792a,d7145afe5c285ec845ca2a049201a1ebd449bb67ecc8e8062502217bc483792a,24,24,,
"Pokémon Diamond Version (USA, ADAE, header ROM version 5)","Pokémon Pearl Version (USA, APAE, header ROM version 5)",/poketool/personal/wotbl.narc,equal,445,445,,,f0ce0f17edd98d46dae0c9a973822e2ffb3e59d3ea4e275c3a060abd6c8c1d47,f0ce0f17edd98d46dae0c9a973822e2ffb3e59d3ea4e275c3a060abd6c8c1d47,32,32,,
"Pokémon Diamond Version (USA, ADAE, header ROM version 5)","Pokémon Pearl Version (USA, APAE, header ROM version 5)",/poketool/personal/wotbl.narc,equal,446,446,,,2894f28abe366f9749f68d72510e43c06adfd7cecf1ae23f9977ef2f9175bc21,2894f28abe366f9749f68d72510e43c06adfd7cecf1ae23f9977ef2f9175bc21,32,32,,
"Pokémon Diamond Version (USA, ADAE, header ROM version 5)","Pokémon Pearl Version (USA, APAE, header ROM version 5)",/poketool/personal/wotbl.narc,equal,447,447,,,ee91cc4eae6bb3b7dc91cb505cdeaf37737a73a41cf17b0b3c651f336dbd348f,ee91cc4eae6bb3b7dc91cb505cdeaf37737a73a41cf17b0b3c651f336dbd348f,20,20,,
"Pokémon Diamond Version (USA, ADAE, header ROM version 5)","Pokémon Pearl Version (USA, APAE, header ROM version 5)",/poketool/personal/wotbl.narc,equal,448,448,,,9af6afabf54aa533b643cb6480a7ead101f16b88d8077cf217abcb033dc16cfc,9af6afabf54aa533b643cb6480a7ead101f16b88d8077cf217abcb033dc16cfc,36,36,,
"Pokémon Diamond Version (USA, ADAE, header ROM version 5)","Pokémon Pearl Version (USA, APAE, header ROM version 5)",/poketool/personal/wotbl.narc,equal,449,449,,,deded82383e3159cd6aaf5591fb3049736078a064dc680be6b932434f6ff2027,deded82383e3159cd6aaf5591fb3049736078a064dc680be6b932434f6ff2027,24,24,,
"Pokémon Diamond Version (USA, ADAE, header ROM version 5)","Pokémon Pearl Version (USA, APAE, header ROM version 5)",/poketool/personal/wotbl.narc,equal,450,450,,,2ce8f9d6d3b109a644f8529ef9af03e8c5f45d51b99e653f81483f3030c7c984,2ce8f9d6d3b109a644f8529ef9af03e8c5f45d51b99e653f81483f3030c7c984,32,32,,
"Pokémon Diamond Version (USA, ADAE, header ROM version 5)","Pokémon Pearl Version (USA, APAE, header ROM version 5)",/poketool/personal/wotbl.narc,equal,451,451,,,e83410b4ab55170961f4042d998aa75dcea1acde11d7c9d8a0d0310c918918c8,e83410b4ab55170961f4042d998aa75dcea1acde11d7c9d8a0d0310c918918c8,24,24,,
"Pokémon Diamond Version (USA, ADAE, header ROM version 5)","Pokémon Pearl Version (USA, APAE, header ROM version 5)",/poketool/personal/wotbl.narc,equal,452,452,,,df02ac5ba351094e1d18639ba31da883a108ec9377d5441eeec8899590fbfdcc,df02ac5ba351094e1d18639ba31da883a108ec9377d5441eeec8899590fbfdcc,36,36,,
"Pokémon Diamond Version (USA, ADAE, header ROM version 5)","Pokémon Pearl Version (USA, APAE, header ROM version 5)",/poketool/personal/wotbl.narc,equal,453,453,,,8bb238dae4b2478a24b0d542c32cd4dd49182611951cae3665c3e30c4033f030,8bb238dae4b2478a24b0d542c32cd4dd49182611951cae3665c3e30c4033f030,32,32,,
"Pokémon Diamond Version (USA, ADAE, header ROM version 5)","Pokémon Pearl Version (USA, APAE, header ROM version 5)",/poketool/personal/wotbl.narc,equal,454,454,,,f39a9910149f1f53efab6712c8f13e0485ba9c484606056b3aa5db667e81d27e,f39a9910149f1f53efab6712c8f13e0485ba9c484606056b3aa5db667e81d27e,36,36,,
"Pokémon Diamond Version (USA, ADAE, header ROM version 5)","Pokémon Pearl Version (USA, APAE, header ROM version 5)",/poketool/personal/wotbl.narc,equal,455,455,,,6f2a87f3a3a7f4c0a8358de729fb5211cd55c1ac597471d352b3c49ee1ca9cee,6f2a87f3a3a7f4c0a8358de729fb5211cd55c1ac597471d352b3c49ee1ca9cee,28,28,,
"Pokémon Diamond Version (USA, ADAE, header ROM version 5)","Pokémon Pearl Version (USA, APAE, header ROM version 5)",/poketool/personal/wotbl.narc,equal,456,456,,,4bede4d53a936fbeb1a80f6747941d588ab97529fabd4ffcaf37acf0a7d04d9d,4bede4d53a936fbeb1a80f6747941d588ab97529fabd4ffcaf37acf0a7d04d9d,28,28,,
"Pokémon Diamond Version (USA, ADAE, header ROM version 5)","Pokémon Pearl Version (USA, APAE, header ROM version 5)",/poketool/personal/wotbl.narc,equal,457,457,,,5ffd83c496d29ccd1ac93758feec5c6de303b4720680d8ce37561519b2219685,5ffd83c496d29ccd1ac93758feec5c6de303b4720680d8ce37561519b2219685,32,32,,
"Pokémon Diamond Version (USA, ADAE, header ROM version 5)","Pokémon Pearl Version (USA, APAE, header ROM version 5)",/poketool/personal/wotbl.narc,equal,458,458,,,2969a32e5a4eb42ead2345d4fcad2d3e73355af132ad5e0d56ec9fb7060d2772,2969a32e5a4eb42ead2345d4fcad2d3e73355af132ad5e0d56ec9fb7060d2772,28,28,,
"Pokémon Diamond Version (USA, ADAE, header ROM version 5)","Pokémon Pearl Version (USA, APAE, header ROM version 5)",/poketool/personal/wotbl.narc,equal,459,459,,,ca1b76801cab50e74151b655fc2745430351c3e5fd018bd8aecba0af748a1afe,ca1b76801cab50e74151b655fc2745430351c3e5fd018bd8aecba0af748a1afe,28,28,,
"Pokémon Diamond Version (USA, ADAE, header ROM version 5)","Pokémon Pearl Version (USA, APAE, header ROM version 5)",/poketool/personal/wotbl.narc,equal,460,460,,,080bd0044393d75a89cc361f4c2eb2c596ebfb9754a6e826baff8cc3c820a38c,080bd0044393d75a89cc361f4c2eb2c596ebfb9754a6e826baff8cc3c820a38c,32,32,,
"Pokémon Diamond Version (USA, ADAE, header ROM version 5)","Pokémon Pearl Version (USA, APAE, header ROM version 5)",/poketool/personal/wotbl.narc,equal,461,461,,,7a5ba98a132be2583bc3b98d1da9dffcdcde6ff69408d074b48560c8548ee756,7a5ba98a132be2583bc3b98d1da9dffcdcde6ff69408d074b48560c8548ee756,36,36,,
"Pokémon Diamond Version (USA, ADAE, header ROM version 5)","Pokémon Pearl Version (USA, APAE, header ROM version 5)",/poketool/personal/wotbl.narc,equal,462,462,,,73c63ca105929811a876ba38e830c3f65fb4fb65b8a1bf516d3e72a77c65ce2e,73c63ca105929811a876ba38e830c3f65fb4fb65b8a1bf516d3e72a77c65ce2e,40,40,,
"Pokémon Diamond Version (USA, ADAE, header ROM version 5)","Pokémon Pearl Version (USA, APAE, header ROM version 5)",/poketool/personal/wotbl.narc,equal,463,463,,,b2d4171a293d60f01c5a8f2b38904a2d93fa3f11f76585f82c3f2deedee445ad,b2d4171a293d60f01c5a8f2b38904a2d93fa3f11f76585f82c3f2deedee445ad,32,32,,
"Pokémon Diamond Version (USA, ADAE, header ROM version 5)","Pokémon Pearl Version (USA, APAE, header ROM version 5)",/poketool/personal/wotbl.narc,equal,464,464,,,3b8384f550d518c71f4f1a03d5df3aa831f9a81dc1ab07268672c2fa6a0db32a,3b8384f550d518c71f4f1a03d5df3aa831f9a81dc1ab07268672c2fa6a0db32a,36,36,,
"Pokémon Diamond Version (USA, ADAE, header ROM version 5)","Pokémon Pearl Version (USA, APAE, header ROM version 5)",/poketool/personal/wotbl.narc,equal,465,465,,,54d0f6ca71b24985d73a6c2052c9c944754e230e14f16313e6a21e3b18c2ae05,54d0f6ca71b24985d73a6c2052c9c944754e230e14f16313e6a21e3b18c2ae05,40,40,,
"Pokémon Diamond Version (USA, ADAE, header ROM version 5)","Pokémon Pearl Version (USA, APAE, header ROM version 5)",/poketool/personal/wotbl.narc,equal,466,466,,,7ab57431947fcdbd29df2c5b2c80c27ccb26d6bf3909f85df87cee04fe766b02,7ab57431947fcdbd29df2c5b2c80c27ccb26d6bf3909f85df87cee04fe766b02,36,36,,
"Pokémon Diamond Version (USA, ADAE, header ROM version 5)","Pokémon Pearl Version (USA, APAE, header ROM version 5)",/poketool/personal/wotbl.narc,equal,467,467,,,6efa3720b1f1c0ae7ff317d3ea4fdb6812388ead97db0bfa4c72cf7f4a9c61a1,6efa3720b1f1c0ae7ff317d3ea4fdb6812388ead97db0bfa4c72cf7f4a9c61a1,36,36,,
"Pokémon Diamond Version (USA, ADAE, header ROM version 5)","Pokémon Pearl Version (USA, APAE, header ROM version 5)",/poketool/personal/wotbl.narc,equal,468,468,,,417b6b27cbdda608457a8edbec20f70c2a5436a5516793d0b88e25c21782f034,417b6b27cbdda608457a8edbec20f70c2a5436a5516793d0b88e25c21782f034,12,12,,
"Pokémon Diamond Version (USA, ADAE, header ROM version 5)","Pokémon Pearl Version (USA, APAE, header ROM version 5)",/poketool/personal/wotbl.narc,equal,469,469,,,350f9b54de595cbc235302127e0f8cae6171797d36662b455417c97e90fdc42e,350f9b54de595cbc235302127e0f8cae6171797d36662b455417c97e90fdc42e,40,40,,
"Pokémon Diamond Version (USA, ADAE, header ROM version 5)","Pokémon Pearl Version (USA, APAE, header ROM version 5)",/poketool/personal/wotbl.narc,equal,470,470,,,9463446fbbfa2007f3869fdc0d0ddbaa68aba041f2bb77b8d543ccccd2dc911c,9463446fbbfa2007f3869fdc0d0ddbaa68aba041f2bb77b8d543ccccd2dc911c,28,28,,
"Pokémon Diamond Version (USA, ADAE, header ROM version 5)","Pokémon Pearl Version (USA, APAE, header ROM version 5)",/poketool/personal/wotbl.narc,equal,471,471,,,21b8cc48e90d45bb1dc07770309235d2e5957e79e20985603054a97a20577dc0,21b8cc48e90d45bb1dc07770309235d2e5957e79e20985603054a97a20577dc0,28,28,,
"Pokémon Diamond Version (USA, ADAE, header ROM version 5)","Pokémon Pearl Version (USA, APAE, header ROM version 5)",/poketool/personal/wotbl.narc,equal,472,472,,,fa9aca5dbeb9d5fe7fef31fa370864bd121420157722c09c857e9a56aa4a9f05,fa9aca5dbeb9d5fe7fef31fa370864bd121420157722c09c857e9a56aa4a9f05,40,40,,
"Pokémon Diamond Version (USA, ADAE, header ROM version 5)","Pokémon Pearl Version (USA, APAE, header ROM version 5)",/poketool/personal/wotbl.narc,equal,473,473,,,f8fb805e0173e7755ddc04d9c72dd9dee92ccb65e257907516dae1fc40e541cb,f8fb805e0173e7755ddc04d9c72dd9dee92ccb65e257907516dae1fc40e541cb,40,40,,
"Pokémon Diamond Version (USA, ADAE, header ROM version 5)","Pokémon Pearl Version (USA, APAE, header ROM version 5)",/poketool/personal/wotbl.narc,equal,474,474,,,e49a398de666140368ccfc16a030d17e6975682c28c255eca0e1ba207c5dbc63,e49a398de666140368ccfc16a030d17e6975682c28c255eca0e1ba207c5dbc63,36,36,,
"Pokémon Diamond Version (USA, ADAE, header ROM version 5)","Pokémon Pearl Version (USA, APAE, header ROM version 5)",/poketool/personal/wotbl.narc,equal,475,475,,,8a4ab29e74cf02f8059b6c22a346eb08054dcc14425b3fad20d902e7ebf5f44a,8a4ab29e74cf02f8059b6c22a346eb08054dcc14425b3fad20d902e7ebf5f44a,40,40,,
"Pokémon Diamond Version (USA, ADAE, header ROM version 5)","Pokémon Pearl Version (USA, APAE, header ROM version 5)",/poketool/personal/wotbl.narc,equal,476,476,,,04d8bb880918c5555104c867aba52919b4ec475a254eb1f87975645660a97e66,04d8bb880918c5555104c867aba52919b4ec475a254eb1f87975645660a97e66,40,40,,
"Pokémon Diamond Version (USA, ADAE, header ROM version 5)","Pokémon Pearl Version (USA, APAE, header ROM version 5)",/poketool/personal/wotbl.narc,equal,477,477,,,6d0611e034df0fdd1ed6e32b673e78f368379cded545cce01dd7373ebf750070,6d0611e034df0fdd1ed6e32b673e78f368379cded545cce01dd7373ebf750070,44,44,,
"Pokémon Diamond Version (USA, ADAE, header ROM version 5)","Pokémon Pearl Version (USA, APAE, header ROM version 5)",/poketool/personal/wotbl.narc,equal,478,478,,,07f3659843e4bfa40bf391c33dc4f8e4ab7401bdfe7712b3f9de7187ebab81e8,07f3659843e4bfa40bf391c33dc4f8e4ab7401bdfe7712b3f9de7187ebab81e8,32,32,,
"Pokémon Diamond Version (USA, ADAE, header ROM version 5)","Pokémon Pearl Version (USA, APAE, header ROM version 5)",/poketool/personal/wotbl.narc,equal,479,479,,,30ed0739314f468b442a28b5eac8ba068eefc46ef473fa898fa7f9fbd89304ac,30ed0739314f468b442a28b5eac8ba068eefc46ef473fa898fa7f9fbd89304ac,28,28,,
"Pokémon Diamond Version (USA, ADAE, header ROM version 5)","Pokémon Pearl Version (USA, APAE, header ROM version 5)",/poketool/personal/wotbl.narc,equal,480,480,,,b63d98508459a09a7eba54ba132dfca854d0992a29b0344d8d37cfa09322b4e0,b63d98508459a09a7eba54ba132dfca854d0992a29b0344d8d37cfa09322b4e0,24,24,,
"Pokémon Diamond Version (USA, ADAE, header ROM version 5)","Pokémon Pearl Version (USA, APAE, header ROM version 5)",/poketool/personal/wotbl.narc,equal,481,481,,,c1bcd4b0389ee4bc1739ad6fd05f237b0dee460cd53682b94b471935850a6ce8,c1bcd4b0389ee4bc1739ad6fd05f237b0dee460cd53682b94b471935850a6ce8,24,24,,
"Pokémon Diamond Version (USA, ADAE, header ROM version 5)","Pokémon Pearl Version (USA, APAE, header ROM version 5)",/poketool/personal/wotbl.narc,equal,482,482,,,39aad25edc76a54cd8d7bf0b85bd490cf3ba3bb26d090c478fe58ae4d04c1ae0,39aad25edc76a54cd8d7bf0b85bd490cf3ba3bb26d090c478fe58ae4d04c1ae0,24,24,,
"Pokémon Diamond Version (USA, ADAE, header ROM version 5)","Pokémon Pearl Version (USA, APAE, header ROM version 5)",/poketool/personal/wotbl.narc,equal,483,483,,,df5271f5de4f39f6a76c15bc8bd7effb13a29302cad278582a99b99764229522,df5271f5de4f39f6a76c15bc8bd7effb13a29302cad278582a99b99764229522,24,24,,
"Pokémon Diamond Version (USA, ADAE, header ROM version 5)","Pokémon Pearl Version (USA, APAE, header ROM version 5)",/poketool/personal/wotbl.narc,equal,484,484,,,efbea8602cd44a8287dfadeae07d2a7b468251058b7ea0ca48d3b082495e5c0b,efbea8602cd44a8287dfadeae07d2a7b468251058b7ea0ca48d3b082495e5c0b,24,24,,
"Pokémon Diamond Version (USA, ADAE, header ROM version 5)","Pokémon Pearl Version (USA, APAE, header ROM version 5)",/poketool/personal/wotbl.narc,equal,485,485,,,d8dbb6d479bdcf00b8cf0d1d2b8d28e405f59442c68855220cef0888906ee390,d8dbb6d479bdcf00b8cf0d1d2b8d28e405f59442c68855220cef0888906ee390,28,28,,
"Pokémon Diamond Version (USA, ADAE, header ROM version 5)","Pokémon Pearl Version (USA, APAE, header ROM version 5)",/poketool/personal/wotbl.narc,equal,486,486,,,46c588d7c4f633ee45428002189fece62598c1cd2722acadaa78705f2572e7a7,46c588d7c4f633ee45428002189fece62598c1cd2722acadaa78705f2572e7a7,24,24,,
"Pokémon Diamond Version (USA, ADAE, header ROM version 5)","Pokémon Pearl Version (USA, APAE, header ROM version 5)",/poketool/personal/wotbl.narc,equal,487,487,,,709eb96f0dc5fe3c77ba559d56627c7420d507352c429db83622e435946de3db,709eb96f0dc5fe3c77ba559d56627c7420d507352c429db83622e435946de3db,24,24,,
"Pokémon Diamond Version (USA, ADAE, header ROM version 5)","Pokémon Pearl Version (USA, APAE, header ROM version 5)",/poketool/personal/wotbl.narc,equal,488,488,,,c67696baef45b0bfed503064a67fbccadb75befce3d55bda70e90a36398fa47d,c67696baef45b0bfed503064a67fbccadb75befce3d55bda70e90a36398fa47d,28,28,,
"Pokémon Diamond Version (USA, ADAE, header ROM version 5)","Pokémon Pearl Version (USA, APAE, header ROM version 5)",/poketool/personal/wotbl.narc,equal,489,489,,,fbb1973c2d1d966550ff01c1f6727b1ae1b055eaebf780a0ceb44d470d3c35f3,fbb1973c2d1d966550ff01c1f6727b1ae1b055eaebf780a0ceb44d470d3c35f3,24,24,,
"Pokémon Diamond Version (USA, ADAE, header ROM version 5)","Pokémon Pearl Version (USA, APAE, header ROM version 5)",/poketool/personal/wotbl.narc,equal,490,490,,,b81527901f21d7ad1f22b8756e689b2870fed3befb413648aad6b7232b8e501e,b81527901f21d7ad1f22b8756e689b2870fed3befb413648aad6b7232b8e501e,28,28,,
"Pokémon Diamond Version (USA, ADAE, header ROM version 5)","Pokémon Pearl Version (USA, APAE, header ROM version 5)",/poketool/personal/wotbl.narc,equal,491,491,,,46aa5494af8ae4132352376ac6accd32840f67375ae2f2abfd26c33b220003db,46aa5494af8ae4132352376ac6accd32840f67375ae2f2abfd26c33b220003db,28,28,,
"Pokémon Diamond Version (USA, ADAE, header ROM version 5)","Pokémon Pearl Version (USA, APAE, header ROM version 5)",/poketool/personal/wotbl.narc,equal,492,492,,,a3ab65a92cc62b837bd1b8299c094b8754e68327f72e24dce63c515d03e03f33,a3ab65a92cc62b837bd1b8299c094b8754e68327f72e24dce63c515d03e03f33,28,28,,
"Pokémon Diamond Version (USA, ADAE, header ROM version 5)","Pokémon Pearl Version (USA, APAE, header ROM version 5)",/poketool/personal/wotbl.narc,equal,493,493,,,01dad40be31415c23bca9c3502d7adc055d2d21533df1b80350705ab00b10a5d,01dad40be31415c23bca9c3502d7adc055d2d21533df1b80350705ab00b10a5d,32,32,,
"Pokémon Diamond Version (USA, ADAE, header ROM version 5)","Pokémon Pearl Version (USA, APAE, header ROM version 5)",/poketool/personal/wotbl.narc,equal,494,494,,,b88b29845beaa8ea11baf6e87ba94fc85478df5881b2e5e8f7f4c9c6e9654c51,b88b29845beaa8ea11baf6e87ba94fc85478df5881b2e5e8f7f4c9c6e9654c51,4,4,,
"Pokémon Diamond Version (USA, ADAE, header ROM version 5)","Pokémon Pearl Version (USA, APAE, header ROM version 5)",/poketool/personal/wotbl.narc,equal,495,495,,,b88b29845beaa8ea11baf6e87ba94fc85478df5881b2e5e8f7f4c9c6e9654c51,b88b29845beaa8ea11baf6e87ba94fc85478df5881b2e5e8f7f4c9c6e9654c51,4,4,,
"Pokémon Diamond Version (USA, ADAE, header ROM version 5)","Pokémon Pearl Version (USA, APAE, header ROM version 5)",/poketool/personal/wotbl.narc,equal,496,496,,,2e8614ab85e54a531e82fcb78ea525bed375189b87c13434b6a2d3d879c70d02,2e8614ab85e54a531e82fcb78ea525bed375189b87c13434b6a2d3d879c70d02,32,32,,
"Pokémon Diamond Version (USA, ADAE, header ROM version 5)","Pokémon Pearl Version (USA, APAE, header ROM version 5)",/poketool/personal/wotbl.narc,equal,497,497,,,041de5a0509c56ae58798b9ee8b0d7db5f023b0fe9a514d0b420e123c02466df,041de5a0509c56ae58798b9ee8b0d7db5f023b0fe9a514d0b420e123c02466df,36,36,,
"Pokémon Diamond Version (USA, ADAE, header ROM version 5)","Pokémon Pearl Version (USA, APAE, header ROM version 5)",/poketool/personal/wotbl.narc,equal,498,498,,,401ab59afda1ebac73d60dffa9bf07ed690808bb021e1032fbbabe4bc39da0cc,401ab59afda1ebac73d60dffa9bf07ed690808bb021e1032fbbabe4bc39da0cc,32,32,,
"Pokémon Diamond Version (USA, ADAE, header ROM version 5)","Pokémon Pearl Version (USA, APAE, header ROM version 5)",/poketool/personal/wotbl.narc,equal,499,499,,,963e653cc282bf8ab4fda148027801eca050a0b21cb246e59f8b40bd80fe5c57,963e653cc282bf8ab4fda148027801eca050a0b21cb246e59f8b40bd80fe5c57,28,28,,
"Pokémon Diamond Version (USA, ADAE, header ROM version 5)","Pokémon Pearl Version (USA, APAE, header ROM version 5)",/poketool/personal/wotbl.narc,equal,500,500,,,57a2891c1f8b367b5e0882d6d88fd768d377c3bbff15c2bd3f13b5912ef0bdcb,57a2891c1f8b367b5e0882d6d88fd768d377c3bbff15c2bd3f13b5912ef0bdcb,28,28,,
"Pokémon Diamond Version (USA, ADAE, header ROM version 5)","Pokémon Pearl Version (USA, APAE, header ROM version 5)",/poketool/pokeanm/pokeanm.narc,equal,0,0,,,34e082a85abbaa0d6bd2014e157e766ae9949812b61e59a616151f4b4b442b5e,34e082a85abbaa0d6bd2014e157e766ae9949812b61e59a616151f4b4b442b5e,13832,13832,,
"Pokémon Diamond Version (USA, ADAE, header ROM version 5)","Pokémon Pearl Version (USA, APAE, header ROM version 5)",/poketool/pokefoot/pokefoot.narc,equal,0,0,,,ec16358257ea3a53defa38bf0c7562cc0d0d606d9c0ac1948c292670d3565c4a,ec16358257ea3a53defa38bf0c7562cc0d0d606d9c0ac1948c292670d3565c4a,552,552,NCLR palette,NCLR palette
"Pokémon Diamond Version (USA, ADAE, header ROM version 5)","Pokémon Pearl Version (USA, APAE, header ROM version 5)",/poketool/pokefoot/pokefoot.narc,equal,1,1,,,a0b2f2d152c11df428055b6857537241ba3f6eb3d577800c235d80e407b8452e,a0b2f2d152c11df428055b6857537241ba3f6eb3d577800c235d80e407b8452e,89,89,Nintendo LZ10,Nintendo LZ10
"Pokémon Diamond Version (USA, ADAE, header ROM version 5)","Pokémon Pearl Version (USA, APAE, header ROM version 5)",/poketool/pokefoot/pokefoot.narc,equal,2,2,,,4d98f65e94d8126654d74557c62135f90fd1d82bd03b49acefd57f592488345c,4d98f65e94d8126654d74557c62135f90fd1d82bd03b49acefd57f592488345c,85,85,Nintendo LZ10,Nintendo LZ10
"Pokémon Diamond Version (USA, ADAE, header ROM version 5)","Pokémon Pearl Version (USA, APAE, header ROM version 5)",/poketool/pokefoot/pokefoot.narc,equal,3,3,,,558d0ea1ad4a94f5e1a27dd650cdd20433f0e3dd929f2ff0a971d892f73fec2a,558d0ea1ad4a94f5e1a27dd650cdd20433f0e3dd929f2ff0a971d892f73fec2a,112,112,Nintendo LZ10,Nintendo LZ10
"Pokémon Diamond Version (USA, ADAE, header ROM version 5)","Pokémon Pearl Version (USA, APAE, header ROM version 5)",/poketool/pokefoot/pokefoot.narc,equal,4,4,,,558d0ea1ad4a94f5e1a27dd650cdd20433f0e3dd929f2ff0a971d892f73fec2a,558d0ea1ad4a94f5e1a27dd650cdd20433f0e3dd929f2ff0a971d892f73fec2a,112,112,Nintendo LZ10,Nintendo LZ10
"Pokémon Diamond Version (USA, ADAE, header ROM version 5)","Pokémon Pearl Version (USA, APAE, header ROM version 5)",/poketool/pokefoot/pokefoot.narc,equal,5,5,,,b65753a2410c7fa154e30586ffdd4e1b82aa1a82bc362c4bf5584f89f59958a7,b65753a2410c7fa154e30586ffdd4e1b82aa1a82bc362c4bf5584f89f59958a7,123,123,Nintendo LZ10,Nintendo LZ10
"Pokémon Diamond Version (USA, ADAE, header ROM version 5)","Pokémon Pearl Version (USA, APAE, header ROM version 5)",/poketool/pokefoot/pokefoot.narc,equal,6,6,,,7ae53f997850ffdbb093c0e7d3e9204899e863ec9f5091d52adc06620535cfb2,7ae53f997850ffdbb093c0e7d3e9204899e863ec9f5091d52adc06620535cfb2,128,128,Nintendo LZ10,Nintendo LZ10
"Pokémon Diamond Version (USA, ADAE, header ROM version 5)","Pokémon Pearl Version (USA, APAE, header ROM version 5)",/poketool/pokefoot/pokefoot.narc,equal,7,7,,,b35f5425382feca6845ec4e4c38a94f64c224f4553d3096bc3134f2c37aad293,b35f5425382feca6845ec4e4c38a94f64c224f4553d3096bc3134f2c37aad293,120,120,Nintendo LZ10,Nintendo LZ10
"Pokémon Diamond Version (USA, ADAE, header ROM version 5)","Pokémon Pearl Version (USA, APAE, header ROM version 5)",/poketool/pokefoot/pokefoot.narc,equal,8,8,,,237b10fde9294c89d1f135a3e87f9413a0a2b15d2f020feaea8441c84e47b5d1,237b10fde9294c89d1f135a3e87f9413a0a2b15d2f020feaea8441c84e47b5d1,123,123,Nintendo LZ10,Nintendo LZ10
"Pokémon Diamond Version (USA, ADAE, header ROM version 5)","Pokémon Pearl Version (USA, APAE, header ROM version 5)",/poketool/pokefoot/pokefoot.narc,equal,9,9,,,df29e9f46f2cc553b33c7426106337880420be32049d9d3800f59b1942993cdf,df29e9f46f2cc553b33c7426106337880420be32049d9d3800f59b1942993cdf,125,125,Nintendo LZ10,Nintendo LZ10
"Pokémon Diamond Version (USA, ADAE, header ROM version 5)","Pokémon Pearl Version (USA, APAE, header ROM version 5)",/poketool/pokefoot/pokefoot.narc,equal,10,10,,,665b2703616ce19c097df7cb29a37236a43c14c1cf896c34dcf5bb52e986acdb,665b2703616ce19c097df7cb29a37236a43c14c1cf896c34dcf5bb52e986acdb,111,111,Nintendo LZ10,Nintendo LZ10
"Pokémon Diamond Version (USA, ADAE, header ROM version 5)","Pokémon Pearl Version (USA, APAE, header ROM version 5)",/poketool/pokefoot/pokefoot.narc,equal,11,11,,,a3578ffac02bc2628cabc1868e88c1138f8d9c0d6831e86f6bc0ecf4328c2a75,a3578ffac02bc2628cabc1868e88c1138f8d9c0d6831e86f6bc0ecf4328c2a75,121,121,Nintendo LZ10,Nintendo LZ10
"Pokémon Diamond Version (USA, ADAE, header ROM version 5)","Pokémon Pearl Version (USA, APAE, header ROM version 5)",/poketool/pokefoot/pokefoot.narc,equal,12,12,,,bc52e6f93e037f86cdcf652597bb18a9fe6325e59a795c130e25c6fc064dcd0c,bc52e6f93e037f86cdcf652597bb18a9fe6325e59a795c130e25c6fc064dcd0c,124,124,Nintendo LZ10,Nintendo LZ10
"Pokémon Diamond Version (USA, ADAE, header ROM version 5)","Pokémon Pearl Version (USA, APAE, header ROM version 5)",/poketool/pokefoot/pokefoot.narc,equal,13,13,,,29c6be4ce1eb2f2a31e10fe226b4c324fe8041c6c1c13f21b91728f08569699e,29c6be4ce1eb2f2a31e10fe226b4c324fe8041c6c1c13f21b91728f08569699e,100,100,Nintendo LZ10,Nintendo LZ10
"Pokémon Diamond Version (USA, ADAE, header ROM version 5)","Pokémon Pearl Version (USA, APAE, header ROM version 5)",/poketool/pokefoot/pokefoot.narc,equal,14,14,,,6a28fda8695aa1a32605f7d868b9ce025f3206b9c6d9055b34250b89d804f8ac,6a28fda8695aa1a32605f7d868b9ce025f3206b9c6d9055b34250b89d804f8ac,86,86,Nintendo LZ10,Nintendo LZ10
"Pokémon Diamond Version (USA, ADAE, header ROM version 5)","Pokémon Pearl Version (USA, APAE, header ROM version 5)",/poketool/pokefoot/pokefoot.narc,equal,15,15,,,fdef328d9a9d78f5ac65175dab7ccab22a242bacea811cdbd96dfca10ae8c1ab,fdef328d9a9d78f5ac65175dab7ccab22a242bacea811cdbd96dfca10ae8c1ab,110,110,Nintendo LZ10,Nintendo LZ10
"Pokémon Diamond Version (USA, ADAE, header ROM version 5)","Pokémon Pearl Version (USA, APAE, header ROM version 5)",/poketool/pokefoot/pokefoot.narc,equal,16,16,,,29c6be4ce1eb2f2a31e10fe226b4c324fe8041c6c1c13f21b91728f08569699e,29c6be4ce1eb2f2a31e10fe226b4c324fe8041c6c1c13f21b91728f08569699e,100,100,Nintendo LZ10,Nintendo LZ10
"Pokémon Diamond Version (USA, ADAE, header ROM version 5)","Pokémon Pearl Version (USA, APAE, header ROM version 5)",/poketool/pokefoot/pokefoot.narc,equal,17,17,,,6a28fda8695aa1a32605f7d868b9ce025f3206b9c6d9055b34250b89d804f8ac,6a28fda8695aa1a32605f7d868b9ce025f3206b9c6d9055b34250b89d804f8ac,86,86,Nintendo LZ10,Nintendo LZ10
"Pokémon Diamond Version (USA, ADAE, header ROM version 5)","Pokémon Pearl Version (USA, APAE, header ROM version 5)",/poketool/pokefoot/pokefoot.narc,equal,18,18,,,2fcaf329adfbc673d418a0f2ee941cff3f536cd037555e061adce69c60178e3b,2fcaf329adfbc673d418a0f2ee941cff3f536cd037555e061adce69c60178e3b,100,100,Nintendo LZ10,Nintendo LZ10
"Pokémon Diamond Version (USA, ADAE, header ROM version 5)","Pokémon Pearl Version (USA, APAE, header ROM version 5)",/poketool/pokefoot/pokefoot.narc,equal,19,19,,,67079a5e883fa40571943624e7cd24db6e58ce2d22b401fe2ba081f4b72a0081,67079a5e883fa40571943624e7cd24db6e58ce2d22b401fe2ba081f4b72a0081,114,114,Nintendo LZ10,Nintendo LZ10
"Pokémon Diamond Version (USA, ADAE, header ROM version 5)","Pokémon Pearl Version (USA, APAE, header ROM version 5)",/poketool/pokefoot/pokefoot.narc,equal,20,20,,,ea74f350924c29a2d9e2f9900faddfe2ad5b169004a7b90e9f2396fe1ef12f20,ea74f350924c29a2d9e2f9900faddfe2ad5b169004a7b90e9f2396fe1ef12f20,118,118,Nintendo LZ10,Nintendo LZ10
"Pokémon Diamond Version (USA, ADAE, header ROM version 5)","Pokémon Pearl Version (USA, APAE, header ROM version 5)",/poketool/pokefoot/pokefoot.narc,equal,21,21,,,5f2ff59962d27bedd213e6f13c8e65b12692326c2c482b13b3c71cc82a1235ff,5f2ff59962d27bedd213e6f13c8e65b12692326c2c482b13b3c71cc82a1235ff,129,129,Nintendo LZ10,Nintendo LZ10
"Pokémon Diamond Version (USA, ADAE, header ROM version 5)","Pokémon Pearl Version (USA, APAE, header ROM version 5)",/poketool/pokefoot/pokefoot.narc,equal,22,22,,,f34fcedafe6b50a968a9a255992864ec255e5176569f1339fc3e56d6aa881975,f34fcedafe6b50a968a9a255992864ec255e5176569f1339fc3e56d6aa881975,100,100,Nintendo LZ10,Nintendo LZ10
"Pokémon Diamond Version (USA, ADAE, header ROM version 5)","Pokémon Pearl Version (USA, APAE, header ROM version 5)",/poketool/pokefoot/pokefoot.narc,equal,23,23,,,05771fae13da92bd8bbcc4f2612d25e0db44af9e223b4d36d41a81abcc5a9fdb,05771fae13da92bd8bbcc4f2612d25e0db44af9e223b4d36d41a81abcc5a9fdb,118,118,Nintendo LZ10,Nintendo LZ10
"Pokémon Diamond Version (USA, ADAE, header ROM version 5)","Pokémon Pearl Version (USA, APAE, header ROM version 5)",/poketool/pokefoot/pokefoot.narc,equal,24,24,,,67079a5e883fa40571943624e7cd24db6e58ce2d22b401fe2ba081f4b72a0081,67079a5e883fa40571943624e7cd24db6e58ce2d22b401fe2ba081f4b72a0081,114,114,Nintendo LZ10,Nintendo LZ10
"Pokémon Diamond Version (USA, ADAE, header ROM version 5)","Pokémon Pearl Version (USA, APAE, header ROM version 5)",/poketool/pokefoot/pokefoot.narc,equal,25,25,,,fb49f0d37863726368355dc7f684671ac3b7995dde049f668dd72c864649ca03,fb49f0d37863726368355dc7f684671ac3b7995dde049f668dd72c864649ca03,128,128,Nintendo LZ10,Nintendo LZ10
"Pokémon Diamond Version (USA, ADAE, header ROM version 5)","Pokémon Pearl Version (USA, APAE, header ROM version 5)",/poketool/pokefoot/pokefoot.narc,equal,26,26,,,6a28fda8695aa1a32605f7d868b9ce025f3206b9c6d9055b34250b89d804f8ac,6a28fda8695aa1a32605f7d868b9ce025f3206b9c6d9055b34250b89d804f8ac,86,86,Nintendo LZ10,Nintendo LZ10
"Pokémon Diamond Version (USA, ADAE, header ROM version 5)","Pokémon Pearl Version (USA, APAE, header ROM version 5)",/poketool/pokefoot/pokefoot.narc,equal,27,27,,,6a28fda8695aa1a32605f7d868b9ce025f3206b9c6d9055b34250b89d804f8ac,6a28fda8695aa1a32605f7d868b9ce025f3206b9c6d9055b34250b89d804f8ac,86,86,Nintendo LZ10,Nintendo LZ10
"Pokémon Diamond Version (USA, ADAE, header ROM version 5)","Pokémon Pearl Version (USA, APAE, header ROM version 5)",/poketool/pokefoot/pokefoot.narc,equal,28,28,,,e58872885270539c702031dad57e1284eca9e3a1bc34b4e8e2f80330bc15f10a,e58872885270539c702031dad57e1284eca9e3a1bc34b4e8e2f80330bc15f10a,100,100,Nintendo LZ10,Nintendo LZ10
"Pokémon Diamond Version (USA, ADAE, header ROM version 5)","Pokémon Pearl Version (USA, APAE, header ROM version 5)",/poketool/pokefoot/pokefoot.narc,equal,29,29,,,19edfb7ab158dd3300b03ef10c3071792f13b6a938c193846c8dc3ce20d969cd,19edfb7ab158dd3300b03ef10c3071792f13b6a938c193846c8dc3ce20d969cd,113,113,Nintendo LZ10,Nintendo LZ10
"Pokémon Diamond Version (USA, ADAE, header ROM version 5)","Pokémon Pearl Version (USA, APAE, header ROM version 5)",/poketool/pokefoot/pokefoot.narc,equal,30,30,,,0e457d51a87175a274ea3d95979b05b59c358c9013403f64d438f7eb3a128bb0,0e457d51a87175a274ea3d95979b05b59c358c9013403f64d438f7eb3a128bb0,111,111,Nintendo LZ10,Nintendo LZ10
"Pokémon Diamond Version (USA, ADAE, header ROM version 5)","Pokémon Pearl Version (USA, APAE, header ROM version 5)",/poketool/pokefoot/pokefoot.narc,equal,31,31,,,920cdb59e5d318df96937ef2e653da4bdc84a95d8fbc1eb49f1aa82d5410d059,920cdb59e5d318df96937ef2e653da4bdc84a95d8fbc1eb49f1aa82d5410d059,114,114,Nintendo LZ10,Nintendo LZ10
"Pokémon Diamond Version (USA, ADAE, header ROM version 5)","Pokémon Pearl Version (USA, APAE, header ROM version 5)",/poketool/pokefoot/pokefoot.narc,equal,32,32,,,1e7f9cdd46ea794f3ad62f74d219444bef338b2b5151b10846e4860c803645de,1e7f9cdd46ea794f3ad62f74d219444bef338b2b5151b10846e4860c803645de,110,110,Nintendo LZ10,Nintendo LZ10
"Pokémon Diamond Version (USA, ADAE, header ROM version 5)","Pokémon Pearl Version (USA, APAE, header ROM version 5)",/poketool/pokefoot/pokefoot.narc,equal,33,33,,,f7dac4a7f7c8e98dd2432d8786ff10065ff120e8371bda4108aa1e606528d615,f7dac4a7f7c8e98dd2432d8786ff10065ff120e8371bda4108aa1e606528d615,123,123,Nintendo LZ10,Nintendo LZ10
"Pokémon Diamond Version (USA, ADAE, header ROM version 5)","Pokémon Pearl Version (USA, APAE, header ROM version 5)",/poketool/pokefoot/pokefoot.narc,equal,34,34,,,b2f428f951803be8b04e1a812c3780cca24c1e551a0e4e01ddae47be4dd55565,b2f428f951803be8b04e1a812c3780cca24c1e551a0e4e01ddae47be4dd55565,129,129,Nintendo LZ10,Nintendo LZ10
"Pokémon Diamond Version (USA, ADAE, header ROM version 5)","Pokémon Pearl Version (USA, APAE, header ROM version 5)",/poketool/pokefoot/pokefoot.narc,equal,35,35,,,22c727c377a609f5dcc6b37f8034fa953301392b33b5de155ce69d0fb70f7d65,22c727c377a609f5dcc6b37f8034fa953301392b33b5de155ce69d0fb70f7d65,114,114,Nintendo LZ10,Nintendo LZ10
"Pokémon Diamond Version (USA, ADAE, header ROM version 5)","Pokémon Pearl Version (USA, APAE, header ROM version 5)",/poketool/pokefoot/pokefoot.narc,equal,36,36,,,f50efac9cf413c5c510b84d3190bc3ce2f8e0c2a126add2b7247555e07565e1d,f50efac9cf413c5c510b84d3190bc3ce2f8e0c2a126add2b7247555e07565e1d,123,123,Nintendo LZ10,Nintendo LZ10
"Pokémon Diamond Version (USA, ADAE, header ROM version 5)","Pokémon Pearl Version (USA, APAE, header ROM version 5)",/poketool/pokefoot/pokefoot.narc,equal,37,37,,,d3c6ea4afde20251566f5038e8211c3bfd67ed96fc5d4d3269ba3f48c179406f,d3c6ea4afde20251566f5038e8211c3bfd67ed96fc5d4d3269ba3f48c179406f,126,126,Nintendo LZ10,Nintendo LZ10
"Pokémon Diamond Version (USA, ADAE, header ROM version 5)","Pokémon Pearl Version (USA, APAE, header ROM version 5)",/poketool/pokefoot/pokefoot.narc,equal,38,38,,,29322cb8e8ba3487520b7f1bdcd723b08d0d079c3310927d4664710798b0b223,29322cb8e8ba3487520b7f1bdcd723b08d0d079c3310927d4664710798b0b223,103,103,Nintendo LZ10,Nintendo LZ10
"Pokémon Diamond Version (USA, ADAE, header ROM version 5)","Pokémon Pearl Version (USA, APAE, header ROM version 5)",/poketool/pokefoot/pokefoot.narc,equal,39,39,,,e8376cd09ddced149f81ebdd2414235eec05678b805af6719c3f8f3ef81292d0,e8376cd09ddced149f81ebdd2414235eec05678b805af6719c3f8f3ef81292d0,128,128,Nintendo LZ10,Nintendo LZ10
"Pokémon Diamond Version (USA, ADAE, header ROM version 5)","Pokémon Pearl Version (USA, APAE, header ROM version 5)",/poketool/pokefoot/pokefoot.narc,equal,40,40,,,76cfd8560957f3abfbab22412aa440c67831873ebc2614442c361b55c117df3f,76cfd8560957f3abfbab22412aa440c67831873ebc2614442c361b55c117df3f,121,121,Nintendo LZ10,Nintendo LZ10
"Pokémon Diamond Version (USA, ADAE, header ROM version 5)","Pokémon Pearl Version (USA, APAE, header ROM version 5)",/poketool/pokefoot/pokefoot.narc,equal,41,41,,,5e54389def0227c4ec0aaff3fe52c5422697e9d4d030da702f885bcbf9c4a1fa,5e54389def0227c4ec0aaff3fe52c5422697e9d4d030da702f885bcbf9c4a1fa,121,121,Nintendo LZ10,Nintendo LZ10
"Pokémon Diamond Version (USA, ADAE, header ROM version 5)","Pokémon Pearl Version (USA, APAE, header ROM version 5)",/poketool/pokefoot/pokefoot.narc,equal,42,42,,,1f3f4dba0b6336e756298425240c4fdcb86b30e2ef1a813286c68b380835a073,1f3f4dba0b6336e756298425240c4fdcb86b30e2ef1a813286c68b380835a073,102,102,Nintendo LZ10,Nintendo LZ10
"Pokémon Diamond Version (USA, ADAE, header ROM version 5)","Pokémon Pearl Version (USA, APAE, header ROM version 5)",/poketool/pokefoot/pokefoot.narc,equal,43,43,,,12b0b19adcb16bf2beaf86c72422dcd2789acfeff26f7b588178d6f251c4bfdf,12b0b19adcb16bf2beaf86c72422dcd2789acfeff26f7b588178d6f251c4bfdf,107,107,Nintendo LZ10,Nintendo LZ10
"Pokémon Diamond Version (USA, ADAE, header ROM version 5)","Pokémon Pearl Version (USA, APAE, header ROM version 5)",/poketool/pokefoot/pokefoot.narc,equal,44,44,,,6a28fda8695aa1a32605f7d868b9ce025f3206b9c6d9055b34250b89d804f8ac,6a28fda8695aa1a32605f7d868b9ce025f3206b9c6d9055b34250b89d804f8ac,86,86,Nintendo LZ10,Nintendo LZ10
"Pokémon Diamond Version (USA, ADAE, header ROM version 5)","Pokémon Pearl Version (USA, APAE, header ROM version 5)",/poketool/pokefoot/pokefoot.narc,equal,45,45,,,17b717514d057b96216b3d47ddb69f968e2217f668fc69b0d2f1e29d825d3526,17b717514d057b96216b3d47ddb69f968e2217f668fc69b0d2f1e29d825d3526,109,109,Nintendo LZ10,Nintendo LZ10
"Pokémon Diamond Version (USA, ADAE, header ROM version 5)","Pokémon Pearl Version (USA, APAE, header ROM version 5)",/poketool/pokefoot/pokefoot.narc,equal,46,46,,,47aab9bcf63e4e1155770d21658afa0b9b1ae336a0848f5abfbfec49fcd60096,47aab9bcf63e4e1155770d21658afa0b9b1ae336a0848f5abfbfec49fcd60096,96,96,Nintendo LZ10,Nintendo LZ10
"Pokémon Diamond Version (USA, ADAE, header ROM version 5)","Pokémon Pearl Version (USA, APAE, header ROM version 5)",/poketool/pokefoot/pokefoot.narc,equal,47,47,,,8e98f73ec8b276244b257cb32feabedc69df8835d72109e89fa940f6c75a248b,8e98f73ec8b276244b257cb32feabedc69df8835d72109e89fa940f6c75a248b,103,103,Nintendo LZ10,Nintendo LZ10
"Pokémon Diamond Version (USA, ADAE, header ROM version 5)","Pokémon Pearl Version (USA, APAE, header ROM version 5)",/poketool/pokefoot/pokefoot.narc,equal,48,48,,,9f5981454debdf70bf20164aa13a0a37ca9f25b1eb30fd4c20c03bc2edb55332,9f5981454debdf70bf20164aa13a0a37ca9f25b1eb30fd4c20c03bc2edb55332,102,102,Nintendo LZ10,Nintendo LZ10
"Pokémon Diamond Version (USA, ADAE, header ROM version 5)","Pokémon Pearl Version (USA, APAE, header ROM version 5)",/poketool/pokefoot/pokefoot.narc,equal,49,49,,,e93bd21eb7ea861eff8dd612145a18216578b8325d6e9751bd4c38ac54a5b668,e93bd21eb7ea861eff8dd612145a18216578b8325d6e9751bd4c38ac54a5b668,98,98,Nintendo LZ10,Nintendo LZ10
"Pokémon Diamond Version (USA, ADAE, header ROM version 5)","Pokémon Pearl Version (USA, APAE, header ROM version 5)",/poketool/pokefoot/pokefoot.narc,equal,50,50,,,6f58c1982ede657c46a3c47eb54309380b3b36898c80ac04bc9dd896d07ea27f,6f58c1982ede657c46a3c47eb54309380b3b36898c80ac04bc9dd896d07ea27f,98,98,Nintendo LZ10,Nintendo LZ10
"Pokémon Diamond Version (USA, ADAE, header ROM version 5)","Pokémon Pearl Version (USA, APAE, header ROM version 5)",/poketool/pokefoot/pokefoot.narc,equal,51,51,,,7e91075186de21a8f76d92287ed0ea7269b54a6b766f2d009fa506ed479610d7,7e91075186de21a8f76d92287ed0ea7269b54a6b766f2d009fa506ed479610d7,106,106,Nintendo LZ10,Nintendo LZ10
"Pokémon Diamond Version (USA, ADAE, header ROM version 5)","Pokémon Pearl Version (USA, APAE, header ROM version 5)",/poketool/pokefoot/pokefoot.narc,equal,52,52,,,cea7f21f8eec6fbe5c59ddb53390aae0e4226c5523438e384d19680713358db0,cea7f21f8eec6fbe5c59ddb53390aae0e4226c5523438e384d19680713358db0,90,90,Nintendo LZ10,Nintendo LZ10
"Pokémon Diamond Version (USA, ADAE, header ROM version 5)","Pokémon Pearl Version (USA, APAE, header ROM version 5)",/poketool/pokefoot/pokefoot.narc,equal,53,53,,,6a28fda8695aa1a32605f7d868b9ce025f3206b9c6d9055b34250b89d804f8ac,6a28fda8695aa1a32605f7d868b9ce025f3206b9c6d9055b34250b89d804f8ac,86,86,Nintendo LZ10,Nintendo LZ10
"Pokémon Diamond Version (USA, ADAE, header ROM version 5)","Pokémon Pearl Version (USA, APAE, header ROM version 5)",/poketool/pokefoot/pokefoot.narc,equal,54,54,,,6a28fda8695aa1a32605f7d868b9ce025f3206b9c6d9055b34250b89d804f8ac,6a28fda8695aa1a32605f7d868b9ce025f3206b9c6d9055b34250b89d804f8ac,86,86,Nintendo LZ10,Nintendo LZ10
"Pokémon Diamond Version (USA, ADAE, header ROM version 5)","Pokémon Pearl Version (USA, APAE, header ROM version 5)",/poketool/pokefoot/pokefoot.narc,equal,55,55,,,846761cb0931d0c3aa1c0219649b4cf7413a04e231df89231db871d3dfbde3fa,846761cb0931d0c3aa1c0219649b4cf7413a04e231df89231db871d3dfbde3fa,114,114,Nintendo LZ10,Nintendo LZ10
"Pokémon Diamond Version (USA, ADAE, header ROM version 5)","Pokémon Pearl Version (USA, APAE, header ROM version 5)",/poketool/pokefoot/pokefoot.narc,equal,56,56,,,44472ab9d2bb1519fd57634a09e27e34fa24df896208585c6c54d10d125dd5bc,44472ab9d2bb1519fd57634a09e27e34fa24df896208585c6c54d10d125dd5bc,123,123,Nintendo LZ10,Nintendo LZ10
"Pokémon Diamond Version (USA, ADAE, header ROM version 5)","Pokémon Pearl Version (USA, APAE, header ROM version 5)",/poketool/pokefoot/pokefoot.narc,equal,57,57,,,991317ffc78a35a84a7c8dfbbb6812ae6a312b5bf00cda596dea547c40e7c66b,991317ffc78a35a84a7c8dfbbb6812ae6a312b5bf00cda596dea547c40e7c66b,129,129,Nintendo LZ10,Nintendo LZ10
"Pokémon Diamond Version (USA, ADAE, header ROM version 5)","Pokémon Pearl Version (USA, APAE, header ROM version 5)",/poketool/pokefoot/pokefoot.narc,equal,58,58,,,235997664eec06e064befe9b4434683c22a2b9acddea9c2fb7e45b7b398bd339,235997664eec06e064befe9b4434683c22a2b9acddea9c2fb7e45b7b398bd339,132,132,Nintendo LZ10,Nintendo LZ10
"Pokémon Diamond Version (USA, ADAE, header ROM version 5)","Pokémon Pearl Version (USA, APAE, header ROM version 5)",/poketool/pokefoot/pokefoot.narc,equal,59,59,,,29c6f7422e751bc21901e74f45352bce3bab0992ca102cf3cb757aa80db720ac,29c6f7422e751bc21901e74f45352bce3bab0992ca102cf3cb757aa80db720ac,117,117,Nintendo LZ10,Nintendo LZ10
"Pokémon Diamond Version (USA, ADAE, header ROM version 5)","Pokémon Pearl Version (USA, APAE, header ROM version 5)",/poketool/pokefoot/pokefoot.narc,equal,60,60,,,0bb67f1ccd99dabfe1399516730553580056bf3f112ed4be817e46a175011cab,0bb67f1ccd99dabfe1399516730553580056bf3f112ed4be817e46a175011cab,117,117,Nintendo LZ10,Nintendo LZ10
"Pokémon Diamond Version (USA, ADAE, header ROM version 5)","Pokémon Pearl Version (USA, APAE, header ROM version 5)",/poketool/pokefoot/pokefoot.narc,equal,61,61,,,c5ad925fe21cae32167deafbf2e64acb2f12917bf4d651b88159b90e5efe7fc3,c5ad925fe21cae32167deafbf2e64acb2f12917bf4d651b88159b90e5efe7fc3,116,116,Nintendo LZ10,Nintendo LZ10
"Pokémon Diamond Version (USA, ADAE, header ROM version 5)","Pokémon Pearl Version (USA, APAE, header ROM version 5)",/poketool/pokefoot/pokefoot.narc,equal,62,62,,,37fc7835483ae1629970b94c435800426bc4aed648150790b8b3d01ba649ed0d,37fc7835483ae1629970b94c435800426bc4aed648150790b8b3d01ba649ed0d,123,123,Nintendo LZ10,Nintendo LZ10
"Pokémon Diamond Version (USA, ADAE, header ROM version 5)","Pokémon Pearl Version (USA, APAE, header ROM version 5)",/poketool/pokefoot/pokefoot.narc,equal,63,63,,,d50b020d329cd2975a41921167f3dfc46d2421b2eb5eef0589a9c58b25050dff,d50b020d329cd2975a41921167f3dfc46d2421b2eb5eef0589a9c58b25050dff,107,107,Nintendo LZ10,Nintendo LZ10
"Pokémon Diamond Version (USA, ADAE, header ROM version 5)","Pokémon Pearl Version (USA, APAE, header ROM version 5)",/poketool/pokefoot/pokefoot.narc,equal,64,64,,,220527ac8b809254fbfd9173d94a94d823aeb27c42e0b05deb86e7b366e9e734,220527ac8b809254fbfd9173d94a94d823aeb27c42e0b05deb86e7b366e9e734,108,108,Nintendo LZ10,Nintendo LZ10
"Pokémon Diamond Version (USA, ADAE, header ROM version 5)","Pokémon Pearl Version (USA, APAE, header ROM version 5)",/poketool/pokefoot/pokefoot.narc,equal,65,65,,,02b8f2e6b132488b5770304dc405e03a9b7f93d1203e4bfe39675ac1967e1cb8,02b8f2e6b132488b5770304dc405e03a9b7f93d1203e4bfe39675ac1967e1cb8,114,114,Nintendo LZ10,Nintendo LZ10
"Pokémon Diamond Version (USA, ADAE, header ROM version 5)","Pokémon Pearl Version (USA, APAE, header ROM version 5)",/poketool/pokefoot/pokefoot.narc,equal,66,66,,,a84ab2b7440e5aebc669b467096b4079b5f0a303111b8895c6856742a6356ff7,a84ab2b7440e5aebc669b467096b4079b5f0a303111b8895c6856742a6356ff7,111,111,Nintendo LZ10,Nintendo LZ10
"Pokémon Diamond Version (USA, ADAE, header ROM version 5)","Pokémon Pearl Version (USA, APAE, header ROM version 5)",/poketool/pokefoot/pokefoot.narc,equal,67,67,,,3765db1aa38793369f90d5587aa867238a53b80148b4ee37d8e91958752464d1,3765db1aa38793369f90d5587aa867238a53b80148b4ee37d8e91958752464d1,124,124,Nintendo LZ10,Nintendo LZ10
"Pokémon Diamond Version (USA, ADAE, header ROM version 5)","Pokémon Pearl Version (USA, APAE, header ROM version 5)",/poketool/pokefoot/pokefoot.narc,equal,68,68,,,ab9e9b698dd74b8bcbdfe166425e4d4eb4ba3c8a477b3ebe7f11ffa1e9434483,ab9e9b698dd74b8bcbdfe166425e4d4eb4ba3c8a477b3ebe7f11ffa1e9434483,123,123,Nintendo LZ10,Nintendo LZ10
"Pokémon Diamond Version (USA, ADAE, header ROM version 5)","Pokémon Pearl Version (USA, APAE, header ROM version 5)",/poketool/pokefoot/pokefoot.narc,equal,69,69,,,180b7eba533167fb8c7aea592d59b952734b89d791d0df544c078fa35d95a9b6,180b7eba533167fb8c7aea592d59b952734b89d791d0df544c078fa35d95a9b6,112,112,Nintendo LZ10,Nintendo LZ10
"Pokémon Diamond Version (USA, ADAE, header ROM version 5)","Pokémon Pearl Version (USA, APAE, header ROM version 5)",/poketool/pokefoot/pokefoot.narc,equal,70,70,,,9046fd4fb0f7c8d4bbe1ed43f177df17d486b05c6cf7de79f26e462d59b9fbf3,9046fd4fb0f7c8d4bbe1ed43f177df17d486b05c6cf7de79f26e462d59b9fbf3,108,108,Nintendo LZ10,Nintendo LZ10
"Pokémon Diamond Version (USA, ADAE, header ROM version 5)","Pokémon Pearl Version (USA, APAE, header ROM version 5)",/poketool/pokefoot/pokefoot.narc,equal,71,71,,,371a3389a46fd57842962f551cf879c631f688845fd913b3a13cd31741055657,371a3389a46fd57842962f551cf879c631f688845fd913b3a13cd31741055657,111,111,Nintendo LZ10,Nintendo LZ10
"Pokémon Diamond Version (USA, ADAE, header ROM version 5)","Pokémon Pearl Version (USA, APAE, header ROM version 5)",/poketool/pokefoot/pokefoot.narc,equal,72,72,,,74dd10b4194868c0b3f3eaf45550ee832073a452da6b0a42bda9d32eba278e60,74dd10b4194868c0b3f3eaf45550ee832073a452da6b0a42bda9d32eba278e60,121,121,Nintendo LZ10,Nintendo LZ10
"Pokémon Diamond Version (USA, ADAE, header ROM version 5)","Pokémon Pearl Version (USA, APAE, header ROM version 5)",/poketool/pokefoot/pokefoot.narc,equal,73,73,,,6a28fda8695aa1a32605f7d868b9ce025f3206b9c6d9055b34250b89d804f8ac,6a28fda8695aa1a32605f7d868b9ce025f3206b9c6d9055b34250b89d804f8ac,86,86,Nintendo LZ10,Nintendo LZ10
"Pokémon Diamond Version (USA, ADAE, header ROM version 5)","Pokémon Pearl Version (USA, APAE, header ROM version 5)",/poketool/pokefoot/pokefoot.narc,equal,74,74,,,6a28fda8695aa1a32605f7d868b9ce025f3206b9c6d9055b34250b89d804f8ac,6a28fda8695aa1a32605f7d868b9ce025f3206b9c6d9055b34250b89d804f8ac,86,86,Nintendo LZ10,Nintendo LZ10
"Pokémon Diamond Version (USA, ADAE, header ROM version 5)","Pokémon Pearl Version (USA, APAE, header ROM version 5)",/poketool/pokefoot/pokefoot.narc,equal,75,75,,,6a28fda8695aa1a32605f7d868b9ce025f3206b9c6d9055b34250b89d804f8ac,6a28fda8695aa1a32605f7d868b9ce025f3206b9c6d9055b34250b89d804f8ac,86,86,Nintendo LZ10,Nintendo LZ10
"Pokémon Diamond Version (USA, ADAE, header ROM version 5)","Pokémon Pearl Version (USA, APAE, header ROM version 5)",/poketool/pokefoot/pokefoot.narc,equal,76,76,,,6a28fda8695aa1a32605f7d868b9ce025f3206b9c6d9055b34250b89d804f8ac,6a28fda8695aa1a32605f7d868b9ce025f3206b9c6d9055b34250b89d804f8ac,86,86,Nintendo LZ10,Nintendo LZ10
"Pokémon Diamond Version (USA, ADAE, header ROM version 5)","Pokémon Pearl Version (USA, APAE, header ROM version 5)",/poketool/pokefoot/pokefoot.narc,equal,77,77,,,6a28fda8695aa1a32605f7d868b9ce025f3206b9c6d9055b34250b89d804f8ac,6a28fda8695aa1a32605f7d868b9ce025f3206b9c6d9055b34250b89d804f8ac,86,86,Nintendo LZ10,Nintendo LZ10
"Pokémon Diamond Version (USA, ADAE, header ROM version 5)","Pokémon Pearl Version (USA, APAE, header ROM version 5)",/poketool/pokefoot/pokefoot.narc,equal,78,78,,,c2abb683440c18e8594284a557ec34338b9d6d03ab35082c116928eb4c923b19,c2abb683440c18e8594284a557ec34338b9d6d03ab35082c116928eb4c923b19,114,114,Nintendo LZ10,Nintendo LZ10
"Pokémon Diamond Version (USA, ADAE, header ROM version 5)","Pokémon Pearl Version (USA, APAE, header ROM version 5)",/poketool/pokefoot/pokefoot.narc,equal,79,79,,,0ab877b94c2058ae11e1bf7828eae325bd1c93270348276abdeda35e74b4b95f,0ab877b94c2058ae11e1bf7828eae325bd1c93270348276abdeda35e74b4b95f,129,129,Nintendo LZ10,Nintendo LZ10
"Pokémon Diamond Version (USA, ADAE, header ROM version 5)","Pokémon Pearl Version (USA, APAE, header ROM version 5)",/poketool/pokefoot/pokefoot.narc,equal,80,80,,,43111f500cba4115ed1fdb11ecf09ed0e36c4524b17466300a841ed1418c7419,43111f500cba4115ed1fdb11ecf09ed0e36c4524b17466300a841ed1418c7419,114,114,Nintendo LZ10,Nintendo LZ10
"Pokémon Diamond Version (USA, ADAE, header ROM version 5)","Pokémon Pearl Version (USA, APAE, header ROM version 5)",/poketool/pokefoot/pokefoot.narc,equal,81,81,,,f095bdf7d801c9375a739a1ffc9cccc5c177aa0baf1fad995f871d5c98a33a60,f095bdf7d801c9375a739a1ffc9cccc5c177aa0baf1fad995f871d5c98a33a60,118,118,Nintendo LZ10,Nintendo LZ10
"Pokémon Diamond Version (USA, ADAE, header ROM version 5)","Pokémon Pearl Version (USA, APAE, header ROM version 5)",/poketool/pokefoot/pokefoot.narc,equal,82,82,,,10e7f64b32541a50d87ed9887f51eb3e52fc30336c78c7a017dd829b49ff930e,10e7f64b32541a50d87ed9887f51eb3e52fc30336c78c7a017dd829b49ff930e,109,109,Nintendo LZ10,Nintendo LZ10
"Pokémon Diamond Version (USA, ADAE, header ROM version 5)","Pokémon Pearl Version (USA, APAE, header ROM version 5)",/poketool/pokefoot/pokefoot.narc,equal,83,83,,,d4f5697c848776a5f8629ee49a22b8b5565c8a861348306028773d6564b1cf00,d4f5697c848776a5f8629ee49a22b8b5565c8a861348306028773d6564b1cf00,119,119,Nintendo LZ10,Nintendo LZ10
"Pokémon Diamond Version (USA, ADAE, header ROM version 5)","Pokémon Pearl Version (USA, APAE, header ROM version 5)",/poketool/pokefoot/pokefoot.narc,equal,84,84,,,c22512a953331b242aaacd748d98479be3dfc1818ec262ef35910c59aac2eb38,c22512a953331b242aaacd748d98479be3dfc1818ec262ef35910c59aac2eb38,99,99,Nintendo LZ10,Nintendo LZ10
"Pokémon Diamond Version (USA, ADAE, header ROM version 5)","Pokémon Pearl Version (USA, APAE, header ROM version 5)",/poketool/pokefoot/pokefoot.narc,equal,85,85,,,ea349ca2c628d28fd52bfc0b2baa71c83327ec63aaf4dff7af4bab83896fd8a2,ea349ca2c628d28fd52bfc0b2baa71c83327ec63aaf4dff7af4bab83896fd8a2,108,108,Nintendo LZ10,Nintendo LZ10
"Pokémon Diamond Version (USA, ADAE, header ROM version 5)","Pokémon Pearl Version (USA, APAE, header ROM version 5)",/poketool/pokefoot/pokefoot.narc,equal,86,86,,,5c3d5c8816a9b9c240a290f9567a694596c9d5d3724ad24f5e81f8297785224a,5c3d5c8816a9b9c240a290f9567a694596c9d5d3724ad24f5e81f8297785224a,134,134,Nintendo LZ10,Nintendo LZ10
"Pokémon Diamond Version (USA, ADAE, header ROM version 5)","Pokémon Pearl Version (USA, APAE, header ROM version 5)",/poketool/pokefoot/pokefoot.narc,equal,87,87,,,fb0f39d924fa30e23cfc15406b141ec9e5564963df2aae01bc91d0a5094c0b76,fb0f39d924fa30e23cfc15406b141ec9e5564963df2aae01bc91d0a5094c0b76,125,125,Nintendo LZ10,Nintendo LZ10
"Pokémon Diamond Version (USA, ADAE, header ROM version 5)","Pokémon Pearl Version (USA, APAE, header ROM version 5)",/poketool/pokefoot/pokefoot.narc,equal,88,88,,,b75990e398a83b3c7789df19d58da39ffbd0acc1511af9de5b308e5ed67eb600,b75990e398a83b3c7789df19d58da39ffbd0acc1511af9de5b308e5ed67eb600,131,131,Nintendo LZ10,Nintendo LZ10
"Pokémon Diamond Version (USA, ADAE, header ROM version 5)","Pokémon Pearl Version (USA, APAE, header ROM version 5)",/poketool/pokefoot/pokefoot.narc,equal,89,89,,,6a28fda8695aa1a32605f7d868b9ce025f3206b9c6d9055b34250b89d804f8ac,6a28fda8695aa1a32605f7d868b9ce025f3206b9c6d9055b34250b89d804f8ac,86,86,Nintendo LZ10,Nintendo LZ10
"Pokémon Diamond Version (USA, ADAE, header ROM version 5)","Pokémon Pearl Version (USA, APAE, header ROM version 5)",/poketool/pokefoot/pokefoot.narc,equal,90,90,,,6a28fda8695aa1a32605f7d868b9ce025f3206b9c6d9055b34250b89d804f8ac,6a28fda8695aa1a32605f7d868b9ce025f3206b9c6d9055b34250b89d804f8ac,86,86,Nintendo LZ10,Nintendo LZ10
"Pokémon Diamond Version (USA, ADAE, header ROM version 5)","Pokémon Pearl Version (USA, APAE, header ROM version 5)",/poketool/pokefoot/pokefoot.narc,equal,91,91,,,6a28fda8695aa1a32605f7d868b9ce025f3206b9c6d9055b34250b89d804f8ac,6a28fda8695aa1a32605f7d868b9ce025f3206b9c6d9055b34250b89d804f8ac,86,86,Nintendo LZ10,Nintendo LZ10
"Pokémon Diamond Version (USA, ADAE, header ROM version 5)","Pokémon Pearl Version (USA, APAE, header ROM version 5)",/poketool/pokefoot/pokefoot.narc,equal,92,92,,,6a28fda8695aa1a32605f7d868b9ce025f3206b9c6d9055b34250b89d804f8ac,6a28fda8695aa1a32605f7d868b9ce025f3206b9c6d9055b34250b89d804f8ac,86,86,Nintendo LZ10,Nintendo LZ10
"Pokémon Diamond Version (USA, ADAE, header ROM version 5)","Pokémon Pearl Version (USA, APAE, header ROM version 5)",/poketool/pokefoot/pokefoot.narc,equal,93,93,,,6a28fda8695aa1a32605f7d868b9ce025f3206b9c6d9055b34250b89d804f8ac,6a28fda8695aa1a32605f7d868b9ce025f3206b9c6d9055b34250b89d804f8ac,86,86,Nintendo LZ10,Nintendo LZ10
"Pokémon Diamond Version (USA, ADAE, header ROM version 5)","Pokémon Pearl Version (USA, APAE, header ROM version 5)",/poketool/pokefoot/pokefoot.narc,equal,94,94,,,6a28fda8695aa1a32605f7d868b9ce025f3206b9c6d9055b34250b89d804f8ac,6a28fda8695aa1a32605f7d868b9ce025f3206b9c6d9055b34250b89d804f8ac,86,86,Nintendo LZ10,Nintendo LZ10
"Pokémon Diamond Version (USA, ADAE, header ROM version 5)","Pokémon Pearl Version (USA, APAE, header ROM version 5)",/poketool/pokefoot/pokefoot.narc,equal,95,95,,,6a28fda8695aa1a32605f7d868b9ce025f3206b9c6d9055b34250b89d804f8ac,6a28fda8695aa1a32605f7d868b9ce025f3206b9c6d9055b34250b89d804f8ac,86,86,Nintendo LZ10,Nintendo LZ10
"Pokémon Diamond Version (USA, ADAE, header ROM version 5)","Pokémon Pearl Version (USA, APAE, header ROM version 5)",/poketool/pokefoot/pokefoot.narc,equal,96,96,,,6a28fda8695aa1a32605f7d868b9ce025f3206b9c6d9055b34250b89d804f8ac,6a28fda8695aa1a32605f7d868b9ce025f3206b9c6d9055b34250b89d804f8ac,86,86,Nintendo LZ10,Nintendo LZ10
"Pokémon Diamond Version (USA, ADAE, header ROM version 5)","Pokémon Pearl Version (USA, APAE, header ROM version 5)",/poketool/pokefoot/pokefoot.narc,equal,97,97,,,0573e41ec7194d0f2a0b3f3bc5bcb128543d0dcfe561800c5eea1a90c14888e7,0573e41ec7194d0f2a0b3f3bc5bcb128543d0dcfe561800c5eea1a90c14888e7,120,120,Nintendo LZ10,Nintendo LZ10
"Pokémon Diamond Version (USA, ADAE, header ROM version 5)","Pokémon Pearl Version (USA, APAE, header ROM version 5)",/poketool/pokefoot/pokefoot.narc,equal,98,98,,,6a28fda8695aa1a32605f7d868b9ce025f3206b9c6d9055b34250b89d804f8ac,6a28fda8695aa1a32605f7d868b9ce025f3206b9c6d9055b34250b89d804f8ac,86,86,Nintendo LZ10,Nintendo LZ10
"Pokémon Diamond Version (USA, ADAE, header ROM version 5)","Pokémon Pearl Version (USA, APAE, header ROM version 5)",/poketool/pokefoot/pokefoot.narc,equal,99,99,,,5781c0b41a0b8fcfc93d413a6ffb71d13a3cc9aa46a6af680180770d3d80a576,5781c0b41a0b8fcfc93d413a6ffb71d13a3cc9aa46a6af680180770d3d80a576,109,109,Nintendo LZ10,Nintendo LZ10
"Pokémon Diamond Version (USA, ADAE, header ROM version 5)","Pokémon Pearl Version (USA, APAE, header ROM version 5)",/poketool/pokefoot/pokefoot.narc,equal,100,100,,,c65160b3921ebb53b3c065542bd13b79e534b9df1e92956af215e31d0f79a2dd,c65160b3921ebb53b3c065542bd13b79e534b9df1e92956af215e31d0f79a2dd,124,124,Nintendo LZ10,Nintendo LZ10
"Pokémon Diamond Version (USA, ADAE, header ROM version 5)","Pokémon Pearl Version (USA, APAE, header ROM version 5)",/poketool/pokefoot/pokefoot.narc,equal,101,101,,,4f7f311b205d5cca50c659a4cf44e7d08de7c107592c5177454ddf9a637c8233,4f7f311b205d5cca50c659a4cf44e7d08de7c107592c5177454ddf9a637c8233,106,106,Nintendo LZ10,Nintendo LZ10
"Pokémon Diamond Version (USA, ADAE, header ROM version 5)","Pokémon Pearl Version (USA, APAE, header ROM version 5)",/poketool/pokefoot/pokefoot.narc,equal,102,102,,,97fa7aa8cccf2ab95db57d6ea0f4f13b07a611283db9d630bbcbe1b154c32b03,97fa7aa8cccf2ab95db57d6ea0f4f13b07a611283db9d630bbcbe1b154c32b03,116,116,Nintendo LZ10,Nintendo LZ10
"Pokémon Diamond Version (USA, ADAE, header ROM version 5)","Pokémon Pearl Version (USA, APAE, header ROM version 5)",/poketool/pokefoot/pokefoot.narc,equal,103,103,,,6a28fda8695aa1a32605f7d868b9ce025f3206b9c6d9055b34250b89d804f8ac,6a28fda8695aa1a32605f7d868b9ce025f3206b9c6d9055b34250b89d804f8ac,86,86,Nintendo LZ10,Nintendo LZ10
"Pokémon Diamond Version (USA, ADAE, header ROM version 5)","Pokémon Pearl Version (USA, APAE, header ROM version 5)",/poketool/pokefoot/pokefoot.narc,equal,104,104,,,6a28fda8695aa1a32605f7d868b9ce025f3206b9c6d9055b34250b89d804f8ac,6a28fda8695aa1a32605f7d868b9ce025f3206b9c6d9055b34250b89d804f8ac,86,86,Nintendo LZ10,Nintendo LZ10
"Pokémon Diamond Version (USA, ADAE, header ROM version 5)","Pokémon Pearl Version (USA, APAE, header ROM version 5)",/poketool/pokefoot/pokefoot.narc,equal,105,105,,,6a28fda8695aa1a32605f7d868b9ce025f3206b9c6d9055b34250b89d804f8ac,6a28fda8695aa1a32605f7d868b9ce025f3206b9c6d9055b34250b89d804f8ac,86,86,Nintendo LZ10,Nintendo LZ10
"Pokémon Diamond Version (USA, ADAE, header ROM version 5)","Pokémon Pearl Version (USA, APAE, header ROM version 5)",/poketool/pokefoot/pokefoot.narc,equal,106,106,,,65e3dc9d6575f921957a1bd09df9307cd388f4de4694559f55fd6812b1f893b7,65e3dc9d6575f921957a1bd09df9307cd388f4de4694559f55fd6812b1f893b7,116,116,Nintendo LZ10,Nintendo LZ10
"Pokémon Diamond Version (USA, ADAE, header ROM version 5)","Pokémon Pearl Version (USA, APAE, header ROM version 5)",/poketool/pokefoot/pokefoot.narc,equal,107,107,,,fe9b550b5b64f426586de5b5d5935c602d791db7bf430cd8958998606512950a,fe9b550b5b64f426586de5b5d5935c602d791db7bf430cd8958998606512950a,110,110,Nintendo LZ10,Nintendo LZ10
"Pokémon Diamond Version (USA, ADAE, header ROM version 5)","Pokémon Pearl Version (USA, APAE, header ROM version 5)",/poketool/pokefoot/pokefoot.narc,equal,108,108,,,d65933790b2f4e79f819e8f56743ba0b689dc701e8dac9163419d7d4d2bffd23,d65933790b2f4e79f819e8f56743ba0b689dc701e8dac9163419d7d4d2bffd23,112,112,Nintendo LZ10,Nintendo LZ10
"Pokémon Diamond Version (USA, ADAE, header ROM version 5)","Pokémon Pearl Version (USA, APAE, header ROM version 5)",/poketool/pokefoot/pokefoot.narc,equal,109,109,,,76296d9b06339446842a524ace3a9043f47e6620fc45d48014bd833ec5b9a7d7,76296d9b06339446842a524ace3a9043f47e6620fc45d48014bd833ec5b9a7d7,137,137,Nintendo LZ10,Nintendo LZ10
"Pokémon Diamond Version (USA, ADAE, header ROM version 5)","Pokémon Pearl Version (USA, APAE, header ROM version 5)",/poketool/pokefoot/pokefoot.narc,equal,110,110,,,ebaf9f2452dec66ff3e20a12267beb630fccab35a23bc6dfe340d09538eae455,ebaf9f2452dec66ff3e20a12267beb630fccab35a23bc6dfe340d09538eae455,103,103,Nintendo LZ10,Nintendo LZ10
"Pokémon Diamond Version (USA, ADAE, header ROM version 5)","Pokémon Pearl Version (USA, APAE, header ROM version 5)",/poketool/pokefoot/pokefoot.narc,equal,111,111,,,0e6c34d7404d674fc69e32feaa4e148ca4cf096ae73ec952b919c10a0f67cdcf,0e6c34d7404d674fc69e32feaa4e148ca4cf096ae73ec952b919c10a0f67cdcf,133,133,Nintendo LZ10,Nintendo LZ10
"Pokémon Diamond Version (USA, ADAE, header ROM version 5)","Pokémon Pearl Version (USA, APAE, header ROM version 5)",/poketool/pokefoot/pokefoot.narc,equal,112,112,,,6a28fda8695aa1a32605f7d868b9ce025f3206b9c6d9055b34250b89d804f8ac,6a28fda8695aa1a32605f7d868b9ce025f3206b9c6d9055b34250b89d804f8ac,86,86,Nintendo LZ10,Nintendo LZ10
"Pokémon Diamond Version (USA, ADAE, header ROM version 5)","Pokémon Pearl Version (USA, APAE, header ROM version 5)",/poketool/pokefoot/pokefoot.narc,equal,113,113,,,6a28fda8695aa1a32605f7d868b9ce025f3206b9c6d9055b34250b89d804f8ac,6a28fda8695aa1a32605f7d868b9ce025f3206b9c6d9055b34250b89d804f8ac,86,86,Nintendo LZ10,Nintendo LZ10
"Pokémon Diamond Version (USA, ADAE, header ROM version 5)","Pokémon Pearl Version (USA, APAE, header ROM version 5)",/poketool/pokefoot/pokefoot.narc,equal,114,114,,,2218ebe9bcc729c7ff79eaf3edd44094dc831b47b8e946b3e8ed82e8774c4b0b,2218ebe9bcc729c7ff79eaf3edd44094dc831b47b8e946b3e8ed82e8774c4b0b,112,112,Nintendo LZ10,Nintendo LZ10
"Pokémon Diamond Version (USA, ADAE, header ROM version 5)","Pokémon Pearl Version (USA, APAE, header ROM version 5)",/poketool/pokefoot/pokefoot.narc,equal,115,115,,,266ac4c0f76c064b6cb808d6023b2d064ff37c036e8781bbad31e49bc1d6f64d,266ac4c0f76c064b6cb808d6023b2d064ff37c036e8781bbad31e49bc1d6f64d,122,122,Nintendo LZ10,Nintendo LZ10
"Pokémon Diamond Version (USA, ADAE, header ROM version 5)","Pokémon Pearl Version (USA, APAE, header ROM version 5)",/poketool/pokefoot/pokefoot.narc,equal,116,116,,,bf8a952e8d5744cd2b921eb7aef9a394c39e3e4377276ee643578f361bf98157,bf8a952e8d5744cd2b921eb7aef9a394c39e3e4377276ee643578f361bf98157,103,103,Nintendo LZ10,Nintendo LZ10
"Pokémon Diamond Version (USA, ADAE, header ROM version 5)","Pokémon Pearl Version (USA, APAE, header ROM version 5)",/poketool/pokefoot/pokefoot.narc,equal,117,117,,,88e048dbc87296983cd6c7d5689903294f238d8d3ecad029e708e78052e885ee,88e048dbc87296983cd6c7d5689903294f238d8d3ecad029e708e78052e885ee,116,116,Nintendo LZ10,Nintendo LZ10
"Pokémon Diamond Version (USA, ADAE, header ROM version 5)","Pokémon Pearl Version (USA, APAE, header ROM version 5)",/poketool/pokefoot/pokefoot.narc,equal,118,118,,,ff3141a95fad4e4840c438032ba512e9a6a888d1c6ebaafe23fe7055667bb25e,ff3141a95fad4e4840c438032ba512e9a6a888d1c6ebaafe23fe7055667bb25e,120,120,Nintendo LZ10,Nintendo LZ10
"Pokémon Diamond Version (USA, ADAE, header ROM version 5)","Pokémon Pearl Version (USA, APAE, header ROM version 5)",/poketool/pokefoot/pokefoot.narc,equal,119,119,,,6a28fda8695aa1a32605f7d868b9ce025f3206b9c6d9055b34250b89d804f8ac,6a28fda8695aa1a32605f7d868b9ce025f3206b9c6d9055b34250b89d804f8ac,86,86,Nintendo LZ10,Nintendo LZ10
"Pokémon Diamond Version (USA, ADAE, header ROM version 5)","Pokémon Pearl Version (USA, APAE, header ROM version 5)",/poketool/pokefoot/pokefoot.narc,equal,120,120,,,6a28fda8695aa1a32605f7d868b9ce025f3206b9c6d9055b34250b89d804f8ac,6a28fda8695aa1a32605f7d868b9ce025f3206b9c6d9055b34250b89d804f8ac,86,86,Nintendo LZ10,Nintendo LZ10
"Pokémon Diamond Version (USA, ADAE, header ROM version 5)","Pokémon Pearl Version (USA, APAE, header ROM version 5)",/poketool/pokefoot/pokefoot.narc,equal,121,121,,,6a28fda8695aa1a32605f7d868b9ce025f3206b9c6d9055b34250b89d804f8ac,6a28fda8695aa1a32605f7d868b9ce025f3206b9c6d9055b34250b89d804f8ac,86,86,Nintendo LZ10,Nintendo LZ10
"Pokémon Diamond Version (USA, ADAE, header ROM version 5)","Pokémon Pearl Version (USA, APAE, header ROM version 5)",/poketool/pokefoot/pokefoot.narc,equal,122,122,,,6a28fda8695aa1a32605f7d868b9ce025f3206b9c6d9055b34250b89d804f8ac,6a28fda8695aa1a32605f7d868b9ce025f3206b9c6d9055b34250b89d804f8ac,86,86,Nintendo LZ10,Nintendo LZ10
"Pokémon Diamond Version (USA, ADAE, header ROM version 5)","Pokémon Pearl Version (USA, APAE, header ROM version 5)",/poketool/pokefoot/pokefoot.narc,equal,123,123,,,29c6be4ce1eb2f2a31e10fe226b4c324fe8041c6c1c13f21b91728f08569699e,29c6be4ce1eb2f2a31e10fe226b4c324fe8041c6c1c13f21b91728f08569699e,100,100,Nintendo LZ10,Nintendo LZ10
"Pokémon Diamond Version (USA, ADAE, header ROM version 5)","Pokémon Pearl Version (USA, APAE, header ROM version 5)",/poketool/pokefoot/pokefoot.narc,equal,124,124,,,29c6be4ce1eb2f2a31e10fe226b4c324fe8041c6c1c13f21b91728f08569699e,29c6be4ce1eb2f2a31e10fe226b4c324fe8041c6c1c13f21b91728f08569699e,100,100,Nintendo LZ10,Nintendo LZ10
"Pokémon Diamond Version (USA, ADAE, header ROM version 5)","Pokémon Pearl Version (USA, APAE, header ROM version 5)",/poketool/pokefoot/pokefoot.narc,equal,125,125,,,104379bec266e2f412b98f6ac3e28f4306f5b1bf2c60032510043bfb5ea8c0e9,104379bec266e2f412b98f6ac3e28f4306f5b1bf2c60032510043bfb5ea8c0e9,107,107,Nintendo LZ10,Nintendo LZ10
"Pokémon Diamond Version (USA, ADAE, header ROM version 5)","Pokémon Pearl Version (USA, APAE, header ROM version 5)",/poketool/pokefoot/pokefoot.narc,equal,126,126,,,2b145aed82fd0bc2462891c1d897e097d76f2f7ebee9ec04ef2022ebc5e825d9,2b145aed82fd0bc2462891c1d897e097d76f2f7ebee9ec04ef2022ebc5e825d9,128,128,Nintendo LZ10,Nintendo LZ10
"Pokémon Diamond Version (USA, ADAE, header ROM version 5)","Pokémon Pearl Version (USA, APAE, header ROM version 5)",/poketool/pokefoot/pokefoot.narc,equal,127,127,,,6a28fda8695aa1a32605f7d868b9ce025f3206b9c6d9055b34250b89d804f8ac,6a28fda8695aa1a32605f7d868b9ce025f3206b9c6d9055b34250b89d804f8ac,86,86,Nintendo LZ10,Nintendo LZ10
"Pokémon Diamond Version (USA, ADAE, header ROM version 5)","Pokémon Pearl Version (USA, APAE, header ROM version 5)",/poketool/pokefoot/pokefoot.narc,equal,128,128,,,b1eef59d1e71f688b32ff8c3a53fbec2d9321fc4751fb745d6524c02c2e5b169,b1eef59d1e71f688b32ff8c3a53fbec2d9321fc4751fb745d6524c02c2e5b169,113,113,Nintendo LZ10,Nintendo LZ10
"Pokémon Diamond Version (USA, ADAE, header ROM version 5)","Pokémon Pearl Version (USA, APAE, header ROM version 5)",/poketool/pokefoot/pokefoot.narc,equal,129,129,,,065b1ab020ba9d6259dabeb8796ce49f082e3b0fb887ca05ea98092c1c1b6d63,065b1ab020ba9d6259dabeb8796ce49f082e3b0fb887ca05ea98092c1c1b6d63,121,121,Nintendo LZ10,Nintendo LZ10
"Pokémon Diamond Version (USA, ADAE, header ROM version 5)","Pokémon Pearl Version (USA, APAE, header ROM version 5)",/poketool/pokefoot/pokefoot.narc,equal,130,130,,,9df1ff77bcdd7975aedbea0915cb6551884b4f71a77e45a181149e7892cb0acf,9df1ff77bcdd7975aedbea0915cb6551884b4f71a77e45a181149e7892cb0acf,106,106,Nintendo LZ10,Nintendo LZ10
"Pokémon Diamond Version (USA, ADAE, header ROM version 5)","Pokémon Pearl Version (USA, APAE, header ROM version 5)",/poketool/pokefoot/pokefoot.narc,equal,131,131,,,9b08b41c11b3f20ee722e47558c579ec9c319cdb04a1d52d5b827d19e11a5561,9b08b41c11b3f20ee722e47558c579ec9c319cdb04a1d52d5b827d19e11a5561,111,111,Nintendo LZ10,Nintendo LZ10
"Pokémon Diamond Version (USA, ADAE, header ROM version 5)","Pokémon Pearl Version (USA, APAE, header ROM version 5)",/poketool/pokefoot/pokefoot.narc,equal,132,132,,,6a28fda8695aa1a32605f7d868b9ce025f3206b9c6d9055b34250b89d804f8ac,6a28fda8695aa1a32605f7d868b9ce025f3206b9c6d9055b34250b89d804f8ac,86,86,Nintendo LZ10,Nintendo LZ10
"Pokémon Diamond Version (USA, ADAE, header ROM version 5)","Pokémon Pearl Version (USA, APAE, header ROM version 5)",/poketool/pokefoot/pokefoot.narc,equal,133,133,,,6a28fda8695aa1a32605f7d868b9ce025f3206b9c6d9055b34250b89d804f8ac,6a28fda8695aa1a32605f7d868b9ce025f3206b9c6d9055b34250b89d804f8ac,86,86,Nintendo LZ10,Nintendo LZ10
"Pokémon Diamond Version (USA, ADAE, header ROM version 5)","Pokémon Pearl Version (USA, APAE, header ROM version 5)",/poketool/pokefoot/pokefoot.narc,equal,134,134,,,6a28fda8695aa1a32605f7d868b9ce025f3206b9c6d9055b34250b89d804f8ac,6a28fda8695aa1a32605f7d868b9ce025f3206b9c6d9055b34250b89d804f8ac,86,86,Nintendo LZ10,Nintendo LZ10
"Pokémon Diamond Version (USA, ADAE, header ROM version 5)","Pokémon Pearl Version (USA, APAE, header ROM version 5)",/poketool/pokefoot/pokefoot.narc,equal,135,135,,,6a28fda8695aa1a32605f7d868b9ce025f3206b9c6d9055b34250b89d804f8ac,6a28fda8695aa1a32605f7d868b9ce025f3206b9c6d9055b34250b89d804f8ac,86,86,Nintendo LZ10,Nintendo LZ10
"Pokémon Diamond Version (USA, ADAE, header ROM version 5)","Pokémon Pearl Version (USA, APAE, header ROM version 5)",/poketool/pokefoot/pokefoot.narc,equal,136,136,,,26fe86bab8d53c68e88b06fd135206f4fa7e0f7c6d7d72df2c4e27bd134e800b,26fe86bab8d53c68e88b06fd135206f4fa7e0f7c6d7d72df2c4e27bd134e800b,125,125,Nintendo LZ10,Nintendo LZ10
"Pokémon Diamond Version (USA, ADAE, header ROM version 5)","Pokémon Pearl Version (USA, APAE, header ROM version 5)",/poketool/pokefoot/pokefoot.narc,equal,137,137,,,b433053a0887f8654627f6db1cb4af2a9c8d7b9eaf7ef94d85a6a63eaf875d4c,b433053a0887f8654627f6db1cb4af2a9c8d7b9eaf7ef94d85a6a63eaf875d4c,121,121,Nintendo LZ10,Nintendo LZ10
"Pokémon Diamond Version (USA, ADAE, header ROM version 5)","Pokémon Pearl Version (USA, APAE, header ROM version 5)",/poketool/pokefoot/pokefoot.narc,equal,138,138,,,c68cc32819d6f56f2015e57033a56f0170050e70885049186aa8128391f6ddd1,c68cc32819d6f56f2015e57033a56f0170050e70885049186aa8128391f6ddd1,114,114,Nintendo LZ10,Nintendo LZ10
"Pokémon Diamond Version (USA, ADAE, header ROM version 5)","Pokémon Pearl Version (USA, APAE, header ROM version 5)",/poketool/pokefoot/pokefoot.narc,equal,139,139,,,af0fe6e8c3ad2206e077823353077985c901fac07959a80061aee5fdae1fa5e0,af0fe6e8c3ad2206e077823353077985c901fac07959a80061aee5fdae1fa5e0,125,125,Nintendo LZ10,Nintendo LZ10
"Pokémon Diamond Version (USA, ADAE, header ROM version 5)","Pokémon Pearl Version (USA, APAE, header ROM version 5)",/poketool/pokefoot/pokefoot.narc,equal,140,140,,,1e9805145fbeac70d91022f751fe43d9007203e4911038b5bec95d3c602de810,1e9805145fbeac70d91022f751fe43d9007203e4911038b5bec95d3c602de810,106,106,Nintendo LZ10,Nintendo LZ10
"Pokémon Diamond Version (USA, ADAE, header ROM version 5)","Pokémon Pearl Version (USA, APAE, header ROM version 5)",/poketool/pokefoot/pokefoot.narc,equal,141,141,,,ff0e590cda3d999280c40fc2941da3ac86d4d0eae8dc56f9dcb2a95035d2c773,ff0e590cda3d999280c40fc2941da3ac86d4d0eae8dc56f9dcb2a95035d2c773,94,94,Nintendo LZ10,Nintendo LZ10
"Pokémon Diamond Version (USA, ADAE, header ROM version 5)","Pokémon Pearl Version (USA, APAE, header ROM version 5)",/poketool/pokefoot/pokefoot.narc,equal,142,142,,,dea31952dc1965c87a93eada91bfc50996ab7237e29fb99b1c8349eeb2a01d51,dea31952dc1965c87a93eada91bfc50996ab7237e29fb99b1c8349eeb2a01d51,102,102,Nintendo LZ10,Nintendo LZ10
"Pokémon Diamond Version (USA, ADAE, header ROM version 5)","Pokémon Pearl Version (USA, APAE, header ROM version 5)",/poketool/pokefoot/pokefoot.narc,equal,143,143,,,cea7f21f8eec6fbe5c59ddb53390aae0e4226c5523438e384d19680713358db0,cea7f21f8eec6fbe5c59ddb53390aae0e4226c5523438e384d19680713358db0,90,90,Nintendo LZ10,Nintendo LZ10
"Pokémon Diamond Version (USA, ADAE, header ROM version 5)","Pokémon Pearl Version (USA, APAE, header ROM version 5)",/poketool/pokefoot/pokefoot.narc,equal,144,144,,,7fbe354d1721acd3602af0a46a6c1ae775ba1f26ddf46833d4a9ca49cf0202d2,7fbe354d1721acd3602af0a46a6c1ae775ba1f26ddf46833d4a9ca49cf0202d2,117,117,Nintendo LZ10,Nintendo LZ10
"Pokémon Diamond Version (USA, ADAE, header ROM version 5)","Pokémon Pearl Version (USA, APAE, header ROM version 5)",/poketool/pokefoot/pokefoot.narc,equal,145,145,,,f43daf4987b25fe088dde200b2496174adb4362f4843657e623e4cd6a3620fe7,f43daf4987b25fe088dde200b2496174adb4362f4843657e623e4cd6a3620fe7,107,107,Nintendo LZ10,Nintendo LZ10
"Pokémon Diamond Version (USA, ADAE, header ROM version 5)","Pokémon Pearl Version (USA, APAE, header ROM version 5)",/poketool/pokefoot/pokefoot.narc,equal,146,146,,,a5cee3016cc86238ae96c40a1860164467222278b747c5102c8f4d4e2b554865,a5cee3016cc86238ae96c40a1860164467222278b747c5102c8f4d4e2b554865,129,129,Nintendo LZ10,Nintendo LZ10
"Pokémon Diamond Version (USA, ADAE, header ROM version 5)","Pokémon Pearl Version (USA, APAE, header ROM version 5)",/poketool/pokefoot/pokefoot.narc,equal,147,147,,,45bf1d3a0ad6dbf0ee8a490096a4f1b7eea9cd210bb98cc0bd23655cc5724bc9,45bf1d3a0ad6dbf0ee8a490096a4f1b7eea9cd210bb98cc0bd23655cc5724bc9,130,130,Nintendo LZ10,Nintendo LZ10
"Pokémon Diamond Version (USA, ADAE, header ROM version 5)","Pokémon Pearl Version (USA, APAE, header ROM version 5)",/poketool/pokefoot/pokefoot.narc,equal,148,148,,,08a8077a6b8a90acf3f1b8570ac04822c205bfed716262f0cf0ae5163319bc4d,08a8077a6b8a90acf3f1b8570ac04822c205bfed716262f0cf0ae5163319bc4d,138,138,Nintendo LZ10,Nintendo LZ10
"Pokémon Diamond Version (USA, ADAE, header ROM version 5)","Pokémon Pearl Version (USA, APAE, header ROM version 5)",/poketool/pokefoot/pokefoot.narc,equal,149,149,,,cae464897bbddd4784330170711a453df0b57cb4a47b6dd833bb9f50b3d19fd4,cae464897bbddd4784330170711a453df0b57cb4a47b6dd833bb9f50b3d19fd4,123,123,Nintendo LZ10,Nintendo LZ10
"Pokémon Diamond Version (USA, ADAE, header ROM version 5)","Pokémon Pearl Version (USA, APAE, header ROM version 5)",/poketool/pokefoot/pokefoot.narc,equal,150,150,,,6a28fda8695aa1a32605f7d868b9ce025f3206b9c6d9055b34250b89d804f8ac,6a28fda8695aa1a32605f7d868b9ce025f3206b9c6d9055b34250b89d804f8ac,86,86,Nintendo LZ10,Nintendo LZ10
"Pokémon Diamond Version (USA, ADAE, header ROM version 5)","Pokémon Pearl Version (USA, APAE, header ROM version 5)",/poketool/pokefoot/pokefoot.narc,equal,151,151,,,6a28fda8695aa1a32605f7d868b9ce025f3206b9c6d9055b34250b89d804f8ac,6a28fda8695aa1a32605f7d868b9ce025f3206b9c6d9055b34250b89d804f8ac,86,86,Nintendo LZ10,Nintendo LZ10
"Pokémon Diamond Version (USA, ADAE, header ROM version 5)","Pokémon Pearl Version (USA, APAE, header ROM version 5)",/poketool/pokefoot/pokefoot.narc,equal,152,152,,,868cb8df9a80511f13d8fa97e7da5eae7912065c65f0fd97803460b06948d612,868cb8df9a80511f13d8fa97e7da5eae7912065c65f0fd97803460b06948d612,124,124,Nintendo LZ10,Nintendo LZ10
"Pokémon Diamond Version (USA, ADAE, header ROM version 5)","Pokémon Pearl Version (USA, APAE, header ROM version 5)",/poketool/pokefoot/pokefoot.narc,equal,153,153,,,8dfc379b2f867d9fae7bde3fc19930b3c9ba01f6267deb476a8fc966f8a4599c,8dfc379b2f867d9fae7bde3fc19930b3c9ba01f6267deb476a8fc966f8a4599c,122,122,Nintendo LZ10,Nintendo LZ10
"Pokémon Diamond Version (USA, ADAE, header ROM version 5)","Pokémon Pearl Version (USA, APAE, header ROM version 5)",/poketool/pokefoot/pokefoot.narc,equal,154,154,,,f0735c747b544efe6f66e3d7776e4046282cf4261d833a32073cb49a5407086f,f0735c747b544efe6f66e3d7776e4046282cf4261d833a32073cb49a5407086f,101,101,Nintendo LZ10,Nintendo LZ10
"Pokémon Diamond Version (USA, ADAE, header ROM version 5)","Pokémon Pearl Version (USA, APAE, header ROM version 5)",/poketool/pokefoot/pokefoot.narc,equal,155,155,,,b3a87622a5cde1b59c7a7936fbfdf2f4d3dc8582c85ccb1f4797a5947c94c52c,b3a87622a5cde1b59c7a7936fbfdf2f4d3dc8582c85ccb1f4797a5947c94c52c,95,95,Nintendo LZ10,Nintendo LZ10
"Pokémon Diamond Version (USA, ADAE, header ROM version 5)","Pokémon Pearl Version (USA, APAE, header ROM version 5)",/poketool/pokefoot/pokefoot.narc,equal,156,156,,,e363d15c5efff6dff6e62b6d6592dfd225cf930ec356858b14e7d71ffde8f7e5,e363d15c5efff6dff6e62b6d6592dfd225cf930ec356858b14e7d71ffde8f7e5,109,109,Nintendo LZ10,Nintendo LZ10
"Pokémon Diamond Version (USA, ADAE, header ROM version 5)","Pokémon Pearl Version (USA, APAE, header ROM version 5)",/poketool/pokefoot/pokefoot.narc,equal,157,157,,,44695b41b9c76886d5dff02efe61775530f7ed008c281f081ce34a4dce202aa0,44695b41b9c76886d5dff02efe61775530f7ed008c281f081ce34a4dce202aa0,120,120,Nintendo LZ10,Nintendo LZ10
"Pokémon Diamond Version (USA, ADAE, header ROM version 5)","Pokémon Pearl Version (USA, APAE, header ROM version 5)",/poketool/pokefoot/pokefoot.narc,equal,158,158,,,28f177b992a87aa00b472947686a019fd70cbd9eca9af59b0f47104d92061f36,28f177b992a87aa00b472947686a019fd70cbd9eca9af59b0f47104d92061f36,104,104,Nintendo LZ10,Nintendo LZ10
"Pokémon Diamond Version (USA, ADAE, header ROM version 5)","Pokémon Pearl Version (USA, APAE, header ROM version 5)",/poketool/pokefoot/pokefoot.narc,equal,159,159,,,a8c31daac06cd911101d84f54acd338789566d6445fbc76c17c5a9df22d49ed2,a8c31daac06cd911101d84f54acd338789566d6445fbc76c17c5a9df22d49ed2,106,106,Nintendo LZ10,Nintendo LZ10
"Pokémon Diamond Version (USA, ADAE, header ROM version 5)","Pokémon Pearl Version (USA, APAE, header ROM version 5)",/poketool/pokefoot/pokefoot.narc,equal,160,160,,,ee9f7ca40b4e574bc77d2100562cf173a56115453ac198d1d7e4ed968529d86c,ee9f7ca40b4e574bc77d2100562cf173a56115453ac198d1d7e4ed968529d86c,108,108,Nintendo LZ10,Nintendo LZ10
"Pokémon Diamond Version (USA, ADAE, header ROM version 5)","Pokémon Pearl Version (USA, APAE, header ROM version 5)",/poketool/pokefoot/pokefoot.narc,equal,161,161,,,a138bebce3479997f94f880d990f3cdf96b331f8106fc1b52e383750509e06bf,a138bebce3479997f94f880d990f3cdf96b331f8106fc1b52e383750509e06bf,105,105,Nintendo LZ10,Nintendo LZ10
"Pokémon Diamond Version (USA, ADAE, header ROM version 5)","Pokémon Pearl Version (USA, APAE, header ROM version 5)",/poketool/pokefoot/pokefoot.narc,equal,162,162,,,c74f3e52d578d9d7d8228d882a4c9f97a8588e3083992ffb48a263fe76474ce7,c74f3e52d578d9d7d8228d882a4c9f97a8588e3083992ffb48a263fe76474ce7,105,105,Nintendo LZ10,Nintendo LZ10
"Pokémon Diamond Version (USA, ADAE, header ROM version 5)","Pokémon Pearl Version (USA, APAE, header ROM version 5)",/poketool/pokefoot/pokefoot.narc,equal,163,163,,,fdacce47cbb0eb8cbb76c7b2a5af705c7deeb4a2c27afca1a8a49a6456e47805,fdacce47cbb0eb8cbb76c7b2a5af705c7deeb4a2c27afca1a8a49a6456e47805,126,126,Nintendo LZ10,Nintendo LZ10
"Pokémon Diamond Version (USA, ADAE, header ROM version 5)","Pokémon Pearl Version (USA, APAE, header ROM version 5)",/poketool/pokefoot/pokefoot.narc,equal,164,164,,,c9578e27a45846138b6ec241b9f8b36501fc9c1e37b186767153fe9d5f265c3b,c9578e27a45846138b6ec241b9f8b36501fc9c1e37b186767153fe9d5f265c3b,102,102,Nintendo LZ10,Nintendo LZ10
"Pokémon Diamond Version (USA, ADAE, header ROM version 5)","Pokémon Pearl Version (USA, APAE, header ROM version 5)",/poketool/pokefoot/pokefoot.narc,equal,165,165,,,bd1d3acaa167709a83c92b142bd0e779d9dd45961f2f50bf81a880410d138083,bd1d3acaa167709a83c92b142bd0e779d9dd45961f2f50bf81a880410d138083,102,102,Nintendo LZ10,Nintendo LZ10
"Pokémon Diamond Version (USA, ADAE, header ROM version 5)","Pokémon Pearl Version (USA, APAE, header ROM version 5)",/poketool/pokefoot/pokefoot.narc,equal,166,166,,,85229832ae33bedecaf746af9e563de9d27026932179643fd110893c25e7fe4d,85229832ae33bedecaf746af9e563de9d27026932179643fd110893c25e7fe4d,126,126,Nintendo LZ10,Nintendo LZ10
