left,right,container_chain,operation,left_member_index,right_member_index,left_name,right_name,left_sha256,right_sha256,left_size,right_size,left_format,right_format
"포켓몬스터 하트골드 (Korea, IPKK, header ROM version 0)","포켓몬스터 소울실버 (Korea, IPGK, header ROM version 0)",/a/0/7/2,equal,13,13,,,1b1f9bb0f2063eb74030da09b89723e57c39587073493d04c020ecc4165b9ce5,1b1f9bb0f2063eb74030da09b89723e57c39587073493d04c020ecc4165b9ce5,197,197,NANR animation,NANR animation
"포켓몬스터 하트골드 (Korea, IPKK, header ROM version 0)","포켓몬스터 소울실버 (Korea, IPGK, header ROM version 0)",/a/0/7/2,equal,14,14,,,d7ff9c0398ffd309fd2e60e838d2b8d57ca88f49b1c0f534e7d6121029d5704d,d7ff9c0398ffd309fd2e60e838d2b8d57ca88f49b1c0f534e7d6121029d5704d,162,162,NANR animation,NANR animation
"포켓몬스터 하트골드 (Korea, IPKK, header ROM version 0)","포켓몬스터 소울실버 (Korea, IPGK, header ROM version 0)",/a/0/7/2,equal,15,15,,,d7ff9c0398ffd309fd2e60e838d2b8d57ca88f49b1c0f534e7d6121029d5704d,d7ff9c0398ffd309fd2e60e838d2b8d57ca88f49b1c0f534e7d6121029d5704d,162,162,NANR animation,NANR animation
"포켓몬스터 하트골드 (Korea, IPKK, header ROM version 0)","포켓몬스터 소울실버 (Korea, IPGK, header ROM version 0)",/a/0/7/2,equal,16,16,,,31715fcb9d038c114b93dc859d7978398914811c2f40e34ffed7b775d19605b8,31715fcb9d038c114b93dc859d7978398914811c2f40e34ffed7b775d19605b8,256,256,NANR animation,NANR animation
"포켓몬스터 하트골드 (Korea, IPKK, header ROM version 0)","포켓몬스터 소울실버 (Korea, IPGK, header ROM version 0)",/a/0/7/2,equal,17,17,,,3080fc651f31550734b9d3d833f8354d65a9df9d9b081bd521606b12fee5aa2b,3080fc651f31550734b9d3d833f8354d65a9df9d9b081bd521606b12fee5aa2b,2084,2084,NSCR screen map,NSCR screen map
"포켓몬스터 하트골드 (Korea, IPKK, header ROM version 0)","포켓몬스터 소울실버 (Korea, IPGK, header ROM version 0)",/a/0/7/2,equal,18,18,,,0b015284d12b75edc33a948ec5f32cc22c3d25dcdaff6009cf0d7bb55a0dc0a8,0b015284d12b75edc33a948ec5f32cc22c3d25dcdaff6009cf0d7bb55a0dc0a8,484,484,NSCR screen map,NSCR screen map
"포켓몬스터 하트골드 (Korea, IPKK, header ROM version 0)","포켓몬스터 소울실버 (Korea, IPGK, header ROM version 0)",/a/0/7/2,equal,19,19,,,71e1ce68b0b5744074fda8cc0818c0f792708af660ede530f24942d07aee6e82,71e1ce68b0b5744074fda8cc0818c0f792708af660ede530f24942d07aee6e82,2084,2084,NSCR screen map,NSCR screen map
"포켓몬스터 하트골드 (Korea, IPKK, header ROM version 0)","포켓몬스터 소울실버 (Korea, IPGK, header ROM version 0)",/a/0/7/3,equal,0,0,,,0bfb6145d990010e0ee30e94ec5d70377206c97400d5f4b85bb420e5e7fa9824,0bfb6145d990010e0ee30e94ec5d70377206c97400d5f4b85bb420e5e7fa9824,552,552,NCLR palette,NCLR palette
"포켓몬스터 하트골드 (Korea, IPKK, header ROM version 0)","포켓몬스터 소울실버 (Korea, IPGK, header ROM version 0)",/a/0/7/3,equal,1,1,,,ab995d8fc48656c4363214354263e2c36e501f839b8bfaea35490fb8e41ecc70,ab995d8fc48656c4363214354263e2c36e501f839b8bfaea35490fb8e41ecc70,552,552,NCLR palette,NCLR palette
"포켓몬스터 하트골드 (Korea, IPKK, header ROM version 0)","포켓몬스터 소울실버 (Korea, IPGK, header ROM version 0)",/a/0/7/3,equal,2,2,,,2614abed20a172261449e277a33872c289cfb76d8b0c210f10facb185e8d9314,2614abed20a172261449e277a33872c289cfb76d8b0c210f10facb185e8d9314,796,796,Nintendo LZ10,Nintendo LZ10
"포켓몬스터 하트골드 (Korea, IPKK, header ROM version 0)","포켓몬스터 소울실버 (Korea, IPGK, header ROM version 0)",/a/0/7/3,equal,3,3,,,42f3e9ea4f3a25d1ed78d00830e95aff85f64b1fbf61ba0d397beff8d3faa58c,42f3e9ea4f3a25d1ed78d00830e95aff85f64b1fbf61ba0d397beff8d3faa58c,586,586,Nintendo LZ10,Nintendo LZ10
"포켓몬스터 하트골드 (Korea, IPKK, header ROM version 0)","포켓몬스터 소울실버 (Korea, IPGK, header ROM version 0)",/a/0/7/3,equal,4,4,,,9f052e5996e9c15ed426206149f1d30c99533d8f50cdea9560dcdcf4c6448099,9f052e5996e9c15ed426206149f1d30c99533d8f50cdea9560dcdcf4c6448099,335,335,Nintendo LZ10,Nintendo LZ10
"포켓몬스터 하트골드 (Korea, IPKK, header ROM version 0)","포켓몬스터 소울실버 (Korea, IPGK, header ROM version 0)",/a/0/7/3,equal,5,5,,,1b5c755b51de63160da12317eca2e04c27c0888f02b11441d305f986759ab0d6,1b5c755b51de63160da12317eca2e04c27c0888f02b11441d305f986759ab0d6,764,764,Nintendo LZ10,Nintendo LZ10
"포켓몬스터 하트골드 (Korea, IPKK, header ROM version 0)","포켓몬스터 소울실버 (Korea, IPGK, header ROM version 0)",/a/0/7/3,equal,6,6,,,19791784e7aacde0c83a1999549b4d83508f23b9ef7efe3553a2594f8cbba111,19791784e7aacde0c83a1999549b4d83508f23b9ef7efe3553a2594f8cbba111,188,188,Nintendo LZ10,Nintendo LZ10
"포켓몬스터 하트골드 (Korea, IPKK, header ROM version 0)","포켓몬스터 소울실버 (Korea, IPGK, header ROM version 0)",/a/0/7/3,equal,7,7,,,cb105e10e6c8886bf8b1fba930c21702aee4b02371e148e7de28dada92d7a618,cb105e10e6c8886bf8b1fba930c21702aee4b02371e148e7de28dada92d7a618,195,195,Nintendo LZ10,Nintendo LZ10
"포켓몬스터 하트골드 (Korea, IPKK, header ROM version 0)","포켓몬스터 소울실버 (Korea, IPGK, header ROM version 0)",/a/0/7/4,equal,0,0,,,08bb948408fe509c3618bd4d772cde50e6cab913f0486c1645c7aef539ee8ea7,08bb948408fe509c3618bd4d772cde50e6cab913f0486c1645c7aef539ee8ea7,1976,1976,,
"포켓몬스터 하트골드 (Korea, IPKK, header ROM version 0)","포켓몬스터 소울실버 (Korea, IPGK, header ROM version 0)",/a/0/7/4,equal,1,1,,,5c36f17a2a2e041d37a1d9368e70f8f319dbe17a7071c3281fc61c84f0dd701f,5c36f17a2a2e041d37a1d9368e70f8f319dbe17a7071c3281fc61c84f0dd701f,1976,1976,,
"포켓몬스터 하트골드 (Korea, IPKK, header ROM version 0)","포켓몬스터 소울실버 (Korea, IPGK, header ROM version 0)",/a/0/7/4,equal,2,2,,,40efec5f151f1c5152424b46aa2630fb6724c6c99171bb7df20acb724fbd8011,40efec5f151f1c5152424b46aa2630fb6724c6c99171bb7df20acb724fbd8011,494,494,,
"포켓몬스터 하트골드 (Korea, IPKK, header ROM version 0)","포켓몬스터 소울실버 (Korea, IPGK, header ROM version 0)",/a/0/7/4,equal,3,3,,,9c3e00eee5ad6c590fa8f8c0370bdecd081e6e79a2291b1dfe22c011c1929d9f,9c3e00eee5ad6c590fa8f8c0370bdecd081e6e79a2291b1dfe22c011c1929d9f,988,988,Nintendo LZ10,Nintendo LZ10
"포켓몬스터 하트골드 (Korea, IPKK, header ROM version 0)","포켓몬스터 소울실버 (Korea, IPGK, header ROM version 0)",/a/0/7/4,equal,4,4,,,d17c0baf544cf89ca94a39f8827403a8ebca0576eda1053433a021e5592a3cb8,d17c0baf544cf89ca94a39f8827403a8ebca0576eda1053433a021e5592a3cb8,988,988,,
"포켓몬스터 하트골드 (Korea, IPKK, header ROM version 0)","포켓몬스터 소울실버 (Korea, IPGK, header ROM version 0)",/a/0/7/4,equal,5,5,,,364ba4ce99e95b83b52e1f9e3283b9d594bba0ebd8aa5395da54016648acc0ea,364ba4ce99e95b83b52e1f9e3283b9d594bba0ebd8aa5395da54016648acc0ea,988,988,,
"포켓몬스터 하트골드 (Korea, IPKK, header ROM version 0)","포켓몬스터 소울실버 (Korea, IPGK, header ROM version 0)",/a/0/7/4,equal,6,6,,,bc84a353c9f7a67a24380c51c3aa11feee2f1611f7c8a6da8d5280af4b84a652,bc84a353c9f7a67a24380c51c3aa11feee2f1611f7c8a6da8d5280af4b84a652,988,988,,
"포켓몬스터 하트골드 (Korea, IPKK, header ROM version 0)","포켓몬스터 소울실버 (Korea, IPGK, header ROM version 0)",/a/0/7/4,equal,7,7,,,fbe00a2d49d58450cc86c92a004507993c003e3017147fec2e87ffcc466d9188,fbe00a2d49d58450cc86c92a004507993c003e3017147fec2e87ffcc466d9188,988,988,,
"포켓몬스터 하트골드 (Korea, IPKK, header ROM version 0)","포켓몬스터 소울실버 (Korea, IPGK, header ROM version 0)",/a/0/7/4,equal,8,8,,,068c12650aa4790a20190ad7fb5a2b8830989a4e75f7be592c37120cfed32ace,068c12650aa4790a20190ad7fb5a2b8830989a4e75f7be592c37120cfed32ace,988,988,,
"포켓몬스터 하트골드 (Korea, IPKK, header ROM version 0)","포켓몬스터 소울실버 (Korea, IPGK, header ROM version 0)",/a/0/7/4,equal,9,9,,,db8e35689ff4b41ca2747b3cb3649b12c3369ba175906eb43dd7a1781eb6dead,db8e35689ff4b41ca2747b3cb3649b12c3369ba175906eb43dd7a1781eb6dead,988,988,,
"포켓몬스터 하트골드 (Korea, IPKK, header ROM version 0)","포켓몬스터 소울실버 (Korea, IPGK, header ROM version 0)",/a/0/7/4,equal,10,10,,,cf1b475e967df12d8937ddeb7919698ed1e75cb829daebbcb2b94cc0c396bd00,cf1b475e967df12d8937ddeb7919698ed1e75cb829daebbcb2b94cc0c396bd00,988,988,,
"포켓몬스터 하트골드 (Korea, IPKK, header ROM version 0)","포켓몬스터 소울실버 (Korea, IPGK, header ROM version 0)",/a/0/7/4,equal,11,11,,,536b187463fb994477103cc2f647d4f519eb04e28eb8fac5b2cccf099dcb4244,536b187463fb994477103cc2f647d4f519eb04e28eb8fac5b2cccf099dcb4244,986,986,,
"포켓몬스터 하트골드 (Korea, IPKK, header ROM version 0)","포켓몬스터 소울실버 (Korea, IPGK, header ROM version 0)",/a/0/7/4,equal,12,12,,,02f3920ca0a7829dd0a7f09cf796ee6f60bfc1a5c7b461d401469c589950abd0,02f3920ca0a7829dd0a7f09cf796ee6f60bfc1a5c7b461d401469c589950abd0,512,512,,
"포켓몬스터 하트골드 (Korea, IPKK, header ROM version 0)","포켓몬스터 소울실버 (Korea, IPGK, header ROM version 0)",/a/0/7/4,equal,13,13,,,dafef569d7086cbd3e135967713ec3ba3fe67e8e8fffa79ccc8632e3827ebaf9,dafef569d7086cbd3e135967713ec3ba3fe67e8e8fffa79ccc8632e3827ebaf9,986,986,,
"포켓몬스터 하트골드 (Korea, IPKK, header ROM version 0)","포켓몬스터 소울실버 (Korea, IPGK, header ROM version 0)",/a/0/7/4,equal,14,14,,,169f0956d33afae3d77e04be402688b9c5d65e31be7cd1c2a54302e5a7d0652b,169f0956d33afae3d77e04be402688b9c5d65e31be7cd1c2a54302e5a7d0652b,986,986,,
"포켓몬스터 하트골드 (Korea, IPKK, header ROM version 0)","포켓몬스터 소울실버 (Korea, IPGK, header ROM version 0)",/a/0/7/4,equal,15,15,,,838ae4755898fe9191c0b3f639d75c04616923b0cc99c5eb8bf261fdd5602c08,838ae4755898fe9191c0b3f639d75c04616923b0cc99c5eb8bf261fdd5602c08,986,986,,
"포켓몬스터 하트골드 (Korea, IPKK, header ROM version 0)","포켓몬스터 소울실버 (Korea, IPGK, header ROM version 0)",/a/0/7/4,equal,16,16,,,b31ad6ceb38c5299e6f950c075016587084074cf462f1dae723cd969c38a4595,b31ad6ceb38c5299e6f950c075016587084074cf462f1dae723cd969c38a4595,986,986,,
"포켓몬스터 하트골드 (Korea, IPKK, header ROM version 0)","포켓몬스터 소울실버 (Korea, IPGK, header ROM version 0)",/a/0/7/4,equal,17,17,,,51292bd2d048c26e73bac000f4614092858096c81b37752136d24166188c8dc0,51292bd2d048c26e73bac000f4614092858096c81b37752136d24166188c8dc0,986,986,,
"포켓몬스터 하트골드 (Korea, IPKK, header ROM version 0)","포켓몬스터 소울실버 (Korea, IPGK, header ROM version 0)",/a/0/7/4,equal,18,18,,,429102f36fb20abe768472ea229456e14d7f117def1bf6a8664491e1c3af51ec,429102f36fb20abe768472ea229456e14d7f117def1bf6a8664491e1c3af51ec,108,108,,
"포켓몬스터 하트골드 (Korea, IPKK, header ROM version 0)","포켓몬스터 소울실버 (Korea, IPGK, header ROM version 0)",/a/0/7/4,equal,19,19,,,45ad58b408d18d9d75160da4a01fcfb5a74f73cec40028ec9d3a2fa8e8441e8e,45ad58b408d18d9d75160da4a01fcfb5a74f73cec40028ec9d3a2fa8e8441e8e,64,64,,
"포켓몬스터 하트골드 (Korea, IPKK, header ROM version 0)","포켓몬스터 소울실버 (Korea, IPGK, header ROM version 0)",/a/0/7/4,equal,20,20,,,70fd5cd7601597d386e2873bf55ef7cdcc52a3386b712bf5951358e3394801ab,70fd5cd7601597d386e2873bf55ef7cdcc52a3386b712bf5951358e3394801ab,88,88,,
"포켓몬스터 하트골드 (Korea, IPKK, header ROM version 0)","포켓몬스터 소울실버 (Korea, IPGK, header ROM version 0)",/a/0/7/4,equal,21,21,,,13f827aa8d548b2a5552c94236477465e3be4b780424bba4eb7068ef95075bfb,13f827aa8d548b2a5552c94236477465e3be4b780424bba4eb7068ef95075bfb,84,84,,
"포켓몬스터 하트골드 (Korea, IPKK, header ROM version 0)","포켓몬스터 소울실버 (Korea, IPGK, header ROM version 0)",/a/0/7/4,equal,22,22,,,fc5843d576bfc70e26783413ae387bc78a3ef04bd714348f696db3b4d3916f82,fc5843d576bfc70e26783413ae387bc78a3ef04bd714348f696db3b4d3916f82,90,90,,
"포켓몬스터 하트골드 (Korea, IPKK, header ROM version 0)","포켓몬스터 소울실버 (Korea, IPGK, header ROM version 0)",/a/0/7/4,equal,23,23,,,586ed771397632140a0f6dcedbe1ce6280c7e0c868facde2815f600f915a2767,586ed771397632140a0f6dcedbe1ce6280c7e0c868facde2815f600f915a2767,82,82,,
"포켓몬스터 하트골드 (Korea, IPKK, header ROM version 0)","포켓몬스터 소울실버 (Korea, IPGK, header ROM version 0)",/a/0/7/4,equal,24,24,,,2b231585714ba814bdcd2db72e02e3e4453ac4507b7829f602e19cceb1333aea,2b231585714ba814bdcd2db72e02e3e4453ac4507b7829f602e19cceb1333aea,76,76,,
"포켓몬스터 하트골드 (Korea, IPKK, header ROM version 0)","포켓몬스터 소울실버 (Korea, IPGK, header ROM version 0)",/a/0/7/4,equal,25,25,,,3a23553510b2d538e83fc5ae64380000e11c87482b746d08bf57baefc3abeade,3a23553510b2d538e83fc5ae64380000e11c87482b746d08bf57baefc3abeade,126,126,,
"포켓몬스터 하트골드 (Korea, IPKK, header ROM version 0)","포켓몬스터 소울실버 (Korea, IPGK, header ROM version 0)",/a/0/7/4,equal,26,26,,,b5763db74a72a467f894140577dac109f9007752e5a6690e1039299e4c0966d7,b5763db74a72a467f894140577dac109f9007752e5a6690e1039299e4c0966d7,40,40,,
"포켓몬스터 하트골드 (Korea, IPKK, header ROM version 0)","포켓몬스터 소울실버 (Korea, IPGK, header ROM version 0)",/a/0/7/4,equal,27,27,,,c66100500c067a5a3e984dbc9411f9adec49b260cfb3649c6309533f7757a834,c66100500c067a5a3e984dbc9411f9adec49b260cfb3649c6309533f7757a834,18,18,,
"포켓몬스터 하트골드 (Korea, IPKK, header ROM version 0)","포켓몬스터 소울실버 (Korea, IPGK, header ROM version 0)",/a/0/7/4,equal,28,28,,,d6b67515ae2f853c99b2982cec7d9469f1789dd49d047c822d8cc71109016198,d6b67515ae2f853c99b2982cec7d9469f1789dd49d047c822d8cc71109016198,48,48,,
"포켓몬스터 하트골드 (Korea, IPKK, header ROM version 0)","포켓몬스터 소울실버 (Korea, IPGK, header ROM version 0)",/a/0/7/4,equal,29,29,,,dcdd56622c30327822169cfb2f07e1c23b2c126baa34b982c5aee170439349fd,dcdd56622c30327822169cfb2f07e1c23b2c126baa34b982c5aee170439349fd,32,32,,
"포켓몬스터 하트골드 (Korea, IPKK, header ROM version 0)","포켓몬스터 소울실버 (Korea, IPGK, header ROM version 0)",/a/0/7/4,equal,30,30,,,32d7d778fbde37decf6805748fe83e3cf58c380b2604d40f30f3918b0cd13061,32d7d778fbde37decf6805748fe83e3cf58c380b2604d40f30f3918b0cd13061,90,90,,
"포켓몬스터 하트골드 (Korea, IPKK, header ROM version 0)","포켓몬스터 소울실버 (Korea, IPGK, header ROM version 0)",/a/0/7/4,equal,31,31,,,8c6fd6678e12c50988831ce3a98b7f13891a412f80726d2abeeb01593db61a08,8c6fd6678e12c50988831ce3a98b7f13891a412f80726d2abeeb01593db61a08,40,40,,
"포켓몬스터 하트골드 (Korea, IPKK, header ROM version 0)","포켓몬스터 소울실버 (Korea, IPGK, header ROM version 0)",/a/0/7/4,equal,32,32,,,e3b0c44298fc1c149afbf4c8996fb92427ae41e4649b934ca495991b7852b855,e3b0c44298fc1c149afbf4c8996fb92427ae41e4649b934ca495991b7852b855,0,0,,
"포켓몬스터 하트골드 (Korea, IPKK, header ROM version 0)","포켓몬스터 소울실버 (Korea, IPGK, header ROM version 0)",/a/0/7/4,equal,33,33,,,e3b0c44298fc1c149afbf4c8996fb92427ae41e4649b934ca495991b7852b855,e3b0c44298fc1c149afbf4c8996fb92427ae41e4649b934ca495991b7852b855,0,0,,
"포켓몬스터 하트골드 (Korea, IPKK, header ROM version 0)","포켓몬스터 소울실버 (Korea, IPGK, header ROM version 0)",/a/0/7/4,equal,34,34,,,e3b0c44298fc1c149afbf4c8996fb92427ae41e4649b934ca495991b7852b855,e3b0c44298fc1c149afbf4c8996fb92427ae41e4649b934ca495991b7852b855,0,0,,
"포켓몬스터 하트골드 (Korea, IPKK, header ROM version 0)","포켓몬스터 소울실버 (Korea, IPGK, header ROM version 0)",/a/0/7/4,equal,35,35,,,e3b0c44298fc1c149afbf4c8996fb92427ae41e4649b934ca495991b7852b855,e3b0c44298fc1c149afbf4c8996fb92427ae41e4649b934ca495991b7852b855,0,0,,
"포켓몬스터 하트골드 (Korea, IPKK, header ROM version 0)","포켓몬스터 소울실버 (Korea, IPGK, header ROM version 0)",/a/0/7/4,equal,36,36,,,e3b0c44298fc1c149afbf4c8996fb92427ae41e4649b934ca495991b7852b855,e3b0c44298fc1c149afbf4c8996fb92427ae41e4649b934ca495991b7852b855,0,0,,
"포켓몬스터 하트골드 (Korea, IPKK, header ROM version 0)","포켓몬스터 소울실버 (Korea, IPGK, header ROM version 0)",/a/0/7/4,equal,37,37,,,e3b0c44298fc1c149afbf4c8996fb92427ae41e4649b934ca495991b7852b855,e3b0c44298fc1c149afbf4c8996fb92427ae41e4649b934ca495991b7852b855,0,0,,
"포켓몬스터 하트골드 (Korea, IPKK, header ROM version 0)","포켓몬스터 소울실버 (Korea, IPGK, header ROM version 0)",/a/0/7/4,equal,38,38,,,e3b0c44298fc1c149afbf4c8996fb92427ae41e4649b934ca495991b7852b855,e3b0c44298fc1c149afbf4c8996fb92427ae41e4649b934ca495991b7852b855,0,0,,
"포켓몬스터 하트골드 (Korea, IPKK, header ROM version 0)","포켓몬스터 소울실버 (Korea, IPGK, header ROM version 0)",/a/0/7/4,equal,39,39,,,e3b0c44298fc1c149afbf4c8996fb92427ae41e4649b934ca495991b7852b855,e3b0c44298fc1c149afbf4c8996fb92427ae41e4649b934ca495991b7852b855,0,0,,
"포켓몬스터 하트골드 (Korea, IPKK, header ROM version 0)","포켓몬스터 소울실버 (Korea, IPGK, header ROM version 0)",/a/0/7/4,equal,40,40,,,e3b0c44298fc1c149afbf4c8996fb92427ae41e4649b934ca495991b7852b855,e3b0c44298fc1c149afbf4c8996fb92427ae41e4649b934ca495991b7852b855,0,0,,
"포켓몬스터 하트골드 (Korea, IPKK, header ROM version 0)","포켓몬스터 소울실버 (Korea, IPGK, header ROM version 0)",/a/0/7/4,equal,41,41,,,e3b0c44298fc1c149afbf4c8996fb92427ae41e4649b934ca495991b7852b855,e3b0c44298fc1c149afbf4c8996fb92427ae41e4649b934ca495991b7852b855,0,0,,
"포켓몬스터 하트골드 (Korea, IPKK, header ROM version 0)","포켓몬스터 소울실버 (Korea, IPGK, header ROM version 0)",/a/0/7/4,equal,42,42,,,e3b0c44298fc1c149afbf4c8996fb92427ae41e4649b934ca495991b7852b855,e3b0c44298fc1c149afbf4c8996fb92427ae41e4649b934ca495991b7852b855,0,0,,
"포켓몬스터 하트골드 (Korea, IPKK, header ROM version 0)","포켓몬스터 소울실버 (Korea, IPGK, header ROM version 0)",/a/0/7/4,equal,43,43,,,e3b0c44298fc1c149afbf4c8996fb92427ae41e4649b934ca495991b7852b855,e3b0c44298fc1c149afbf4c8996fb92427ae41e4649b934ca495991b7852b855,0,0,,
"포켓몬스터 하트골드 (Korea, IPKK, header ROM version 0)","포켓몬스터 소울실버 (Korea, IPGK, header ROM version 0)",/a/0/7/4,equal,44,44,,,e3b0c44298fc1c149afbf4c8996fb92427ae41e4649b934ca495991b7852b855,e3b0c44298fc1c149afbf4c8996fb92427ae41e4649b934ca495991b7852b855,0,0,,
"포켓몬스터 하트골드 (Korea, IPKK, header ROM version 0)","포켓몬스터 소울실버 (Korea, IPGK, header ROM version 0)",/a/0/7/4,equal,45,45,,,e3b0c44298fc1c149afbf4c8996fb92427ae41e4649b934ca495991b7852b855,e3b0c44298fc1c149afbf4c8996fb92427ae41e4649b934ca495991b7852b855,0,0,,
"포켓몬스터 하트골드 (Korea, IPKK, header ROM version 0)","포켓몬스터 소울실버 (Korea, IPGK, header ROM version 0)",/a/0/7/4,equal,46,46,,,e3b0c44298fc1c149afbf4c8996fb92427ae41e4649b934ca495991b7852b855,e3b0c44298fc1c149afbf4c8996fb92427ae41e4649b934ca495991b7852b855,0,0,,
"포켓몬스터 하트골드 (Korea, IPKK, header ROM version 0)","포켓몬스터 소울실버 (Korea, IPGK, header ROM version 0)",/a/0/7/4,equal,47,47,,,e3b0c44298fc1c149afbf4c8996fb92427ae41e4649b934ca495991b7852b855,e3b0c44298fc1c149afbf4c8996fb92427ae41e4649b934ca495991b7852b855,0,0,,
"포켓몬스터 하트골드 (Korea, IPKK, header ROM version 0)","포켓몬스터 소울실버 (Korea, IPGK, header ROM version 0)",/a/0/7/4,equal,48,48,,,e3b0c44298fc1c149afbf4c8996fb92427ae41e4649b934ca495991b7852b855,e3b0c44298fc1c149afbf4c8996fb92427ae41e4649b934ca495991b7852b855,0,0,,
"포켓몬스터 하트골드 (Korea, IPKK, header ROM version 0)","포켓몬스터 소울실버 (Korea, IPGK, header ROM version 0)",/a/0/7/4,equal,49,49,,,e3b0c44298fc1c149afbf4c8996fb92427ae41e4649b934ca495991b7852b855,e3b0c44298fc1c149afbf4c8996fb92427ae41e4649b934ca495991b7852b855,0,0,,
"포켓몬스터 하트골드 (Korea, IPKK, header ROM version 0)","포켓몬스터 소울실버 (Korea, IPGK, header ROM version 0)",/a/0/7/4,equal,50,50,,,e3b0c44298fc1c149afbf4c8996fb92427ae41e4649b934ca495991b7852b855,e3b0c44298fc1c149afbf4c8996fb92427ae41e4649b934ca495991b7852b855,0,0,,
"포켓몬스터 하트골드 (Korea, IPKK, header ROM version 0)","포켓몬스터 소울실버 (Korea, IPGK, header ROM version 0)",/a/0/7/4,equal,51,51,,,e3b0c44298fc1c149afbf4c8996fb92427ae41e4649b934ca495991b7852b855,e3b0c44298fc1c149afbf4c8996fb92427ae41e4649b934ca495991b7852b855,0,0,,
"포켓몬스터 하트골드 (Korea, IPKK, header ROM version 0)","포켓몬스터 소울실버 (Korea, IPGK, header ROM version 0)",/a/0/7/4,equal,52,52,,,e3b0c44298fc1c149afbf4c8996fb92427ae41e4649b934ca495991b7852b855,e3b0c44298fc1c149afbf4c8996fb92427ae41e4649b934ca495991b7852b855,0,0,,
"포켓몬스터 하트골드 (Korea, IPKK, header ROM version 0)","포켓몬스터 소울실버 (Korea, IPGK, header ROM version 0)",/a/0/7/4,equal,53,53,,,e3b0c44298fc1c149afbf4c8996fb92427ae41e4649b934ca495991b7852b855,e3b0c44298fc1c149afbf4c8996fb92427ae41e4649b934ca495991b7852b855,0,0,,
"포켓몬스터 하트골드 (Korea, IPKK, header ROM version 0)","포켓몬스터 소울실버 (Korea, IPGK, header ROM version 0)",/a/0/7/4,equal,54,54,,,e3b0c44298fc1c149afbf4c8996fb92427ae41e4649b934ca495991b7852b855,e3b0c44298fc1c149afbf4c8996fb92427ae41e4649b934ca495991b7852b855,0,0,,
"포켓몬스터 하트골드 (Korea, IPKK, header ROM version 0)","포켓몬스터 소울실버 (Korea, IPGK, header ROM version 0)",/a/0/7/4,equal,55,55,,,e3b0c44298fc1c149afbf4c8996fb92427ae41e4649b934ca495991b7852b855,e3b0c44298fc1c149afbf4c8996fb92427ae41e4649b934ca495991b7852b855,0,0,,
"포켓몬스터 하트골드 (Korea, IPKK, header ROM version 0)","포켓몬스터 소울실버 (Korea, IPGK, header ROM version 0)",/a/0/7/4,equal,56,56,,,e3b0c44298fc1c149afbf4c8996fb92427ae41e4649b934ca495991b7852b855,e3b0c44298fc1c149afbf4c8996fb92427ae41e4649b934ca495991b7852b855,0,0,,
"포켓몬스터 하트골드 (Korea, IPKK, header ROM version 0)","포켓몬스터 소울실버 (Korea, IPGK, header ROM version 0)",/a/0/7/4,equal,57,57,,,e3b0c44298fc1c149afbf4c8996fb92427ae41e4649b934ca495991b7852b855,e3b0c44298fc1c149afbf4c8996fb92427ae41e4649b934ca495991b7852b855,0,0,,
"포켓몬스터 하트골드 (Korea, IPKK, header ROM version 0)","포켓몬스터 소울실버 (Korea, IPGK, header ROM version 0)",/a/0/7/4,equal,58,58,,,e3b0c44298fc1c149afbf4c8996fb92427ae41e4649b934ca495991b7852b855,e3b0c44298fc1c149afbf4c8996fb92427ae41e4649b934ca495991b7852b855,0,0,,
"포켓몬스터 하트골드 (Korea, IPKK, header ROM version 0)","포켓몬스터 소울실버 (Korea, IPGK, header ROM version 0)",/a/0/7/4,equal,59,59,,,e3b0c44298fc1c149afbf4c8996fb92427ae41e4649b934ca495991b7852b855,e3b0c44298fc1c149afbf4c8996fb92427ae41e4649b934ca495991b7852b855,0,0,,
"포켓몬스터 하트골드 (Korea, IPKK, header ROM version 0)","포켓몬스터 소울실버 (Korea, IPGK, header ROM version 0)",/a/0/7/4,equal,60,60,,,e3b0c44298fc1c149afbf4c8996fb92427ae41e4649b934ca495991b7852b855,e3b0c44298fc1c149afbf4c8996fb92427ae41e4649b934ca495991b7852b855,0,0,,
"포켓몬스터 하트골드 (Korea, IPKK, header ROM version 0)","포켓몬스터 소울실버 (Korea, IPGK, header ROM version 0)",/a/0/7/4,equal,61,61,,,e3b0c44298fc1c149afbf4c8996fb92427ae41e4649b934ca495991b7852b855,e3b0c44298fc1c149afbf4c8996fb92427ae41e4649b934ca495991b7852b855,0,0,,
"포켓몬스터 하트골드 (Korea, IPKK, header ROM version 0)","포켓몬스터 소울실버 (Korea, IPGK, header ROM version 0)",/a/0/7/4,equal,62,62,,,9f48c02110dc4f4970a97bd71349deb628b80ecf0bfe39619c6802fd102074c5,9f48c02110dc4f4970a97bd71349deb628b80ecf0bfe39619c6802fd102074c5,160,160,Nintendo LZ10,Nintendo LZ10
"포켓몬스터 하트골드 (Korea, IPKK, header ROM version 0)","포켓몬스터 소울실버 (Korea, IPGK, header ROM version 0)",/a/0/7/4,equal,63,63,,,f0db80e5cb2f8d5d9c949d0b54abeadb5cc45c05eada659ad0e52e3629c13877,f0db80e5cb2f8d5d9c949d0b54abeadb5cc45c05eada659ad0e52e3629c13877,50,50,,
"포켓몬스터 하트골드 (Korea, IPKK, header ROM version 0)","포켓몬스터 소울실버 (Korea, IPGK, header ROM version 0)",/a/0/7/4,equal,64,64,,,4d4bbf8d3499cd2e3d5eb1d6a8e0ebf95fa34dcb769b72cdffe93fdb96f0d109,4d4bbf8d3499cd2e3d5eb1d6a8e0ebf95fa34dcb769b72cdffe93fdb96f0d109,128,128,,
"포켓몬스터 하트골드 (Korea, IPKK, header ROM version 0)","포켓몬스터 소울실버 (Korea, IPGK, header ROM version 0)",/a/0/7/4,equal,65,65,,,9a596f4b74d52abba4339f88e4fd6180d02232b78841673c2313dd9c5c321179,9a596f4b74d52abba4339f88e4fd6180d02232b78841673c2313dd9c5c321179,100,100,,
"포켓몬스터 하트골드 (Korea, IPKK, header ROM version 0)","포켓몬스터 소울실버 (Korea, IPGK, header ROM version 0)",/a/0/7/4,equal,66,66,,,0b0d8425bff0971663014bc9b734d8ea5bec7f3ad45f7a4ef33e20131751ba19,0b0d8425bff0971663014bc9b734d8ea5bec7f3ad45f7a4ef33e20131751ba19,94,94,,
"포켓몬스터 하트골드 (Korea, IPKK, header ROM version 0)","포켓몬스터 소울실버 (Korea, IPGK, header ROM version 0)",/a/0/7/4,equal,67,67,,,cb395247607f2439914de75f45281b1fcd3366bfdbe0d4e944e437e235f8c35e,cb395247607f2439914de75f45281b1fcd3366bfdbe0d4e944e437e235f8c35e,74,74,,
"포켓몬스터 하트골드 (Korea, IPKK, header ROM version 0)","포켓몬스터 소울실버 (Korea, IPGK, header ROM version 0)",/a/0/7/4,equal,68,68,,,9c483def72304f4b7575826679baf030a15cbbc8e1bce54d5a8983d3fb7edfad,9c483def72304f4b7575826679baf030a15cbbc8e1bce54d5a8983d3fb7edfad,90,90,,
"포켓몬스터 하트골드 (Korea, IPKK, header ROM version 0)","포켓몬스터 소울실버 (Korea, IPGK, header ROM version 0)",/a/0/7/4,equal,69,69,,,c91568d5d5a98eb1fac313458f63baf2283b7256c7489dd23207eabeb1f1a539,c91568d5d5a98eb1fac313458f63baf2283b7256c7489dd23207eabeb1f1a539,36,36,,
"포켓몬스터 하트골드 (Korea, IPKK, header ROM version 0)","포켓몬스터 소울실버 (Korea, IPGK, header ROM version 0)",/a/0/7/4,equal,70,70,,,c49ec48f933f7a5239b17e7708e4146739d5d4c178df697a9e046550ba4f43f1,c49ec48f933f7a5239b17e7708e4146739d5d4c178df697a9e046550ba4f43f1,50,50,,
"포켓몬스터 하트골드 (Korea, IPKK, header ROM version 0)","포켓몬스터 소울실버 (Korea, IPGK, header ROM version 0)",/a/0/7/4,equal,71,71,,,05ea9333d119478f6b6f06a47a8ca12cf21ba69949efd8d0c8c8692161a32d92,05ea9333d119478f6b6f06a47a8ca12cf21ba69949efd8d0c8c8692161a32d92,66,66,,
"포켓몬스터 하트골드 (Korea, IPKK, header ROM version 0)","포켓몬스터 소울실버 (Korea, IPGK, header ROM version 0)",/a/0/7/4,equal,72,72,,,e83b242349a724d2128480383f6926455cc8ac4d536d74748dee9529c573f034,e83b242349a724d2128480383f6926455cc8ac4d536d74748dee9529c573f034,184,184,,
"포켓몬스터 하트골드 (Korea, IPKK, header ROM version 0)","포켓몬스터 소울실버 (Korea, IPGK, header ROM version 0)",/a/0/7/4,equal,73,73,,,1d2f1b7319ac5fc20b6cc82030eda1efe0cb1955e835846cfb4f23715c098cd4,1d2f1b7319ac5fc20b6cc82030eda1efe0cb1955e835846cfb4f23715c098cd4,110,110,,
"포켓몬스터 하트골드 (Korea, IPKK, header ROM version 0)","포켓몬스터 소울실버 (Korea, IPGK, header ROM version 0)",/a/0/7/4,equal,74,74,,,9db1499e74a85f24415ee602368d8b5e284c82af68033ab1ce8acb30c7835914,9db1499e74a85f24415ee602368d8b5e284c82af68033ab1ce8acb30c7835914,56,56,,
"포켓몬스터 하트골드 (Korea, IPKK, header ROM version 0)","포켓몬스터 소울실버 (Korea, IPGK, header ROM version 0)",/a/0/7/4,equal,75,75,,,d9841029ed316e7fc88fda23a759ffa8fa16c675ff98efd72cea279419576a81,d9841029ed316e7fc88fda23a759ffa8fa16c675ff98efd72cea279419576a81,106,106,,
"포켓몬스터 하트골드 (Korea, IPKK, header ROM version 0)","포켓몬스터 소울실버 (Korea, IPGK, header ROM version 0)",/a/0/7/4,equal,76,76,,,07b085254008721221297e316a41c276f1f7ee0609c8247c4d01de408783e432,07b085254008721221297e316a41c276f1f7ee0609c8247c4d01de408783e432,44,44,,
"포켓몬스터 하트골드 (Korea, IPKK, header ROM version 0)","포켓몬스터 소울실버 (Korea, IPGK, header ROM version 0)",/a/0/7/4,equal,77,77,,,6fac6d50de8d3f480ef1fa6b0abcc9ea93e80a2c4250c2cac853dcf23e332d94,6fac6d50de8d3f480ef1fa6b0abcc9ea93e80a2c4250c2cac853dcf23e332d94,38,38,,
"포켓몬스터 하트골드 (Korea, IPKK, header ROM version 0)","포켓몬스터 소울실버 (Korea, IPGK, header ROM version 0)",/a/0/7/4,equal,78,78,,,6b98d15f2fd134612a566f47882fd99ef30a46847a592c91043e446ea588704a,6b98d15f2fd134612a566f47882fd99ef30a46847a592c91043e446ea588704a,46,46,,
"포켓몬스터 하트골드 (Korea, IPKK, header ROM version 0)","포켓몬스터 소울실버 (Korea, IPGK, header ROM version 0)",/a/0/7/4,equal,79,79,,,464c1044931a1ea2263e0d30dd7994a9ee79be57c936257d31b101fad5f016a8,464c1044931a1ea2263e0d30dd7994a9ee79be57c936257d31b101fad5f016a8,184,184,,
"포켓몬스터 하트골드 (Korea, IPKK, header ROM version 0)","포켓몬스터 소울실버 (Korea, IPGK, header ROM version 0)",/a/0/7/4,equal,80,80,,,16bc85352959b67d9d30c4f7147d2d9fe193eb4f711da94a0a2a0f12edaae425,16bc85352959b67d9d30c4f7147d2d9fe193eb4f711da94a0a2a0f12edaae425,158,158,,
"포켓몬스터 하트골드 (Korea, IPKK, header ROM version 0)","포켓몬스터 소울실버 (Korea, IPGK, header ROM version 0)",/a/0/7/4,equal,81,81,,,3abd88bf052845903fc96c8e112ab7ec255307eb5d7d09a3601f4c82172451ee,3abd88bf052845903fc96c8e112ab7ec255307eb5d7d09a3601f4c82172451ee,216,216,,
"포켓몬스터 하트골드 (Korea, IPKK, header ROM version 0)","포켓몬스터 소울실버 (Korea, IPGK, header ROM version 0)",/a/0/7/4,equal,82,82,,,a498885eefaa90248a322d90b3a6b27aad5fbd7d47cb6056bc70f270f3bc7274,a498885eefaa90248a322d90b3a6b27aad5fbd7d47cb6056bc70f270f3bc7274,48,48,,
"포켓몬스터 하트골드 (Korea, IPKK, header ROM version 0)","포켓몬스터 소울실버 (Korea, IPGK, header ROM version 0)",/a/0/7/4,equal,83,83,,,9358575ffb25d5cf2e14a0c1041852ea883dcc1a144fa542a34b373cde5079d1,9358575ffb25d5cf2e14a0c1041852ea883dcc1a144fa542a34b373cde5079d1,30,30,,
"포켓몬스터 하트골드 (Korea, IPKK, header ROM version 0)","포켓몬스터 소울실버 (Korea, IPGK, header ROM version 0)",/a/0/7/4,equal,84,84,,,b2dd0f36012f9cc3ee34c5c898f4223d774bb4b970b10c2051a5bb18158b8899,b2dd0f36012f9cc3ee34c5c898f4223d774bb4b970b10c2051a5bb18158b8899,86,86,Nintendo LZ10,Nintendo LZ10
"포켓몬스터 하트골드 (Korea, IPKK, header ROM version 0)","포켓몬스터 소울실버 (Korea, IPGK, header ROM version 0)",/a/0/7/4,equal,85,85,,,58e0dfbcddb2348e1e08aa28b2c01a8484404f85c0e610b0c6b0de628e6e2622,58e0dfbcddb2348e1e08aa28b2c01a8484404f85c0e610b0c6b0de628e6e2622,42,42,,
"포켓몬스터 하트골드 (Korea, IPKK, header ROM version 0)","포켓몬스터 소울실버 (Korea, IPGK, header ROM version 0)",/a/0/7/4,equal,86,86,,,ceac051b0dab342e97e9bd6309ad7b7c569384ac0d8c2a2d3a1e5b6cccdf7095,ceac051b0dab342e97e9bd6309ad7b7c569384ac0d8c2a2d3a1e5b6cccdf7095,28,28,,
"포켓몬스터 하트골드 (Korea, IPKK, header ROM version 0)","포켓몬스터 소울실버 (Korea, IPGK, header ROM version 0)",/a/0/7/4,equal,87,87,,,ccb36c2feacf046ac5c386080657924c72c647567e0491974ccbe6d9ae714b19,ccb36c2feacf046ac5c386080657924c72c647567e0491974ccbe6d9ae714b19,42,42,,
"포켓몬스터 하트골드 (Korea, IPKK, header ROM version 0)","포켓몬스터 소울실버 (Korea, IPGK, header ROM version 0)",/a/0/7/4,equal,88,88,,,4709d2f43f964c11a052c4f9b343dc84a3764a07653f6be0f9170744186d6fc0,4709d2f43f964c11a052c4f9b343dc84a3764a07653f6be0f9170744186d6fc0,30,30,,
"포켓몬스터 하트골드 (Korea, IPKK, header ROM version 0)","포켓몬스터 소울실버 (Korea, IPGK, header ROM version 0)",/a/0/7/4,equal,89,89,,,5eb3920e5d3126598b4fe9a2bf2d77748fd98db9d7bb7051784bb971121d3a38,5eb3920e5d3126598b4fe9a2bf2d77748fd98db9d7bb7051784bb971121d3a38,12,12,,
"포켓몬스터 하트골드 (Korea, IPKK, header ROM version 0)","포켓몬스터 소울실버 (Korea, IPGK, header ROM version 0)",/a/0/7/4,equal,90,90,,,46d90c1131bd2b44751b6ca0f17016c8163965379a569d6e188a8fe2d56182a6,46d90c1131bd2b44751b6ca0f17016c8163965379a569d6e188a8fe2d56182a6,48,48,,
"포켓몬스터 하트골드 (Korea, IPKK, header ROM version 0)","포켓몬스터 소울실버 (Korea, IPGK, header ROM version 0)",/a/0/7/4,equal,91,91,,,b216bae12f8cf7d7d10c151948bead72698281780150c579e5e6420d70720661,b216bae12f8cf7d7d10c151948bead72698281780150c579e5e6420d70720661,46,46,,
"포켓몬스터 하트골드 (Korea, IPKK, header ROM version 0)","포켓몬스터 소울실버 (Korea, IPGK, header ROM version 0)",/a/0/7/4,equal,92,92,,,3529d60ebf5fa40438ecb6602595d8d37b92fe9f0324696c1afe4dfe15cdac83,3529d60ebf5fa40438ecb6602595d8d37b92fe9f0324696c1afe4dfe15cdac83,16,16,,
"포켓몬스터 하트골드 (Korea, IPKK, header ROM version 0)","포켓몬스터 소울실버 (Korea, IPGK, header ROM version 0)",/a/0/7/4,equal,93,93,,,6269ac82d1a766acd728f36bc401d8b29225bb9201369324db1607da772560d4,6269ac82d1a766acd728f36bc401d8b29225bb9201369324db1607da772560d4,172,172,,
"포켓몬스터 하트골드 (Korea, IPKK, header ROM version 0)","포켓몬스터 소울실버 (Korea, IPGK, header ROM version 0)",/a/0/7/4,equal,94,94,,,3c3f535a9faee645ee988b653f6f98701cafb9d80131d37f0490267a1ce872f4,3c3f535a9faee645ee988b653f6f98701cafb9d80131d37f0490267a1ce872f4,172,172,,
"포켓몬스터 하트골드 (Korea, IPKK, header ROM version 0)","포켓몬스터 소울실버 (Korea, IPGK, header ROM version 0)",/a/0/7/4,equal,95,95,,,37e80c4a64c68d7b2fc775906a3832dfc7ea585f6ee0b9e213fa6d8a8925e612,37e80c4a64c68d7b2fc775906a3832dfc7ea585f6ee0b9e213fa6d8a8925e612,172,172,,
"포켓몬스터 하트골드 (Korea, IPKK, header ROM version 0)","포켓몬스터 소울실버 (Korea, IPGK, header ROM version 0)",/a/0/7/4,equal,96,96,,,d0650286c9fffb6a85ec02b79de575ab933e7d0db8a6c093173e7a6cf473b0c2,d0650286c9fffb6a85ec02b79de575ab933e7d0db8a6c093173e7a6cf473b0c2,202,202,,
"포켓몬스터 하트골드 (Korea, IPKK, header ROM version 0)","포켓몬스터 소울실버 (Korea, IPGK, header ROM version 0)",/a/0/7/4,equal,97,97,,,794c292043483969b294fcd5506fb7938c21ff5afd4e179fbf79696b634978e4,794c292043483969b294fcd5506fb7938c21ff5afd4e179fbf79696b634978e4,58,58,,
"포켓몬스터 하트골드 (Korea, IPKK, header ROM version 0)","포켓몬스터 소울실버 (Korea, IPGK, header ROM version 0)",/a/0/7/4,equal,98,98,,,670041ec8f8c0f1c25e7f8fa3ff41e6a4e860a9dd5f34b1a179dfdd28d08ca67,670041ec8f8c0f1c25e7f8fa3ff41e6a4e860a9dd5f34b1a179dfdd28d08ca67,80,80,,
"포켓몬스터 하트골드 (Korea, IPKK, header ROM version 0)","포켓몬스터 소울실버 (Korea, IPGK, header ROM version 0)",/a/0/7/4,equal,99,99,,,b622db28333a4fdcc403da456d24092452658565c4acad403bddb4cf5df38a54,b622db28333a4fdcc403da456d24092452658565c4acad403bddb4cf5df38a54,130,130,,
"포켓몬스터 하트골드 (Korea, IPKK, header ROM version 0)","포켓몬스터 소울실버 (Korea, IPGK, header ROM version 0)",/a/0/7/4,equal,100,100,,,e3b0c44298fc1c149afbf4c8996fb92427ae41e4649b934ca495991b7852b855,e3b0c44298fc1c149afbf4c8996fb92427ae41e4649b934ca495991b7852b855,0,0,,
"포켓몬스터 하트골드 (Korea, IPKK, header ROM version 0)","포켓몬스터 소울실버 (Korea, IPGK, header ROM version 0)",/a/0/7/4,equal,101,101,,,e3b0c44298fc1c149afbf4c8996fb92427ae41e4649b934ca495991b7852b855,e3b0c44298fc1c149afbf4c8996fb92427ae41e4649b934ca495991b7852b855,0,0,,
"포켓몬스터 하트골드 (Korea, IPKK, header ROM version 0)","포켓몬스터 소울실버 (Korea, IPGK, header ROM version 0)",/a/0/7/5,equal,0,0,,,cd2f323cfe7a31611affff970c261b4e6b7c31e721d7220bffefef3893a53ab9,cd2f323cfe7a31611affff970c261b4e6b7c31e721d7220bffefef3893a53ab9,612,612,,
"포켓몬스터 하트골드 (Korea, IPKK, header ROM version 0)","포켓몬스터 소울실버 (Korea, IPGK, header ROM version 0)",/a/0/7/5,replace,1,1,,,dde6a77f12aa79caea7d44304ff240cb6ee43b5c76214cb99b11dd14c5f22265,575f842482d415189621102a9735e449b98faa7bf80cd166b2c954854fca8473,494,494,,
"포켓몬스터 하트골드 (Korea, IPKK, header ROM version 0)","포켓몬스터 소울실버 (Korea, IPGK, header ROM version 0)",/a/0/7/6,equal,0,0,,,dc82e20a8fc5bbfccd749a0e92c10665561e03e351a2d8fd76857722b2783588,dc82e20a8fc5bbfccd749a0e92c10665561e03e351a2d8fd76857722b2783588,337,337,Nintendo LZ10,Nintendo LZ10
"포켓몬스터 하트골드 (Korea, IPKK, header ROM version 0)","포켓몬스터 소울실버 (Korea, IPGK, header ROM version 0)",/a/0/7/6,equal,1,1,,,dbadff6b0017f6d88a0e44088ccc2330ee0d00e3d3a170709c4160dcc0042646,dbadff6b0017f6d88a0e44088ccc2330ee0d00e3d3a170709c4160dcc0042646,344,344,Nintendo LZ10,Nintendo LZ10
"포켓몬스터 하트골드 (Korea, IPKK, header ROM version 0)","포켓몬스터 소울실버 (Korea, IPGK, header ROM version 0)",/a/0/7/6,equal,2,2,,,e9c35ebfde8a02495b5033dccc126a7902bff62fef587e90ae969c857b5c75da,e9c35ebfde8a02495b5033dccc126a7902bff62fef587e90ae969c857b5c75da,606,606,Nintendo LZ10,Nintendo LZ10
"포켓몬스터 하트골드 (Korea, IPKK, header ROM version 0)","포켓몬스터 소울실버 (Korea, IPGK, header ROM version 0)",/a/0/7/6,equal,3,3,,,7eebcf8fc1c1e5bc23746b087869fad5a070ad0eb4ad117f5a0fa8f4c28accc6,7eebcf8fc1c1e5bc23746b087869fad5a070ad0eb4ad117f5a0fa8f4c28accc6,243,243,Nintendo LZ10,Nintendo LZ10
"포켓몬스터 하트골드 (Korea, IPKK, header ROM version 0)","포켓몬스터 소울실버 (Korea, IPGK, header ROM version 0)",/a/0/7/6,equal,4,4,,,a6eec381c93c56007c6dd3da279a6aeb8e2fc5b26536a723ef65ba0bc4c797f5,a6eec381c93c56007c6dd3da279a6aeb8e2fc5b26536a723ef65ba0bc4c797f5,315,315,Nintendo LZ10,Nintendo LZ10
"포켓몬스터 하트골드 (Korea, IPKK, header ROM version 0)","포켓몬스터 소울실버 (Korea, IPGK, header ROM version 0)",/a/0/7/6,equal,5,5,,,313fa6655db1a5bf2bfeb583d11cfaf830b063f7dcad78ee35df34444155baf7,313fa6655db1a5bf2bfeb583d11cfaf830b063f7dcad78ee35df34444155baf7,710,710,Nintendo LZ10,Nintendo LZ10
"포켓몬스터 하트골드 (Korea, IPKK, header ROM version 0)","포켓몬스터 소울실버 (Korea, IPGK, header ROM version 0)",/a/0/7/6,equal,6,6,,,10243b14d1b669c387da620a989b731c702cd3ef29b6b40e0591c70b10c3998a,10243b14d1b669c387da620a989b731c702cd3ef29b6b40e0591c70b10c3998a,532,532,NCLR palette,NCLR palette
"포켓몬스터 하트골드 (Korea, IPKK, header ROM version 0)","포켓몬스터 소울실버 (Korea, IPGK, header ROM version 0)",/a/0/7/6,equal,7,7,,,d1239c86670c3953e36e02541938d14aeb73f3ca8af0aebcb5c8c12bdd181ddb,d1239c86670c3953e36e02541938d14aeb73f3ca8af0aebcb5c8c12bdd181ddb,611,611,Nintendo LZ10,Nintendo LZ10
"포켓몬스터 하트골드 (Korea, IPKK, header ROM version 0)","포켓몬스터 소울실버 (Korea, IPGK, header ROM version 0)",/a/0/7/6,equal,8,8,,,0b4a7df310dc9be053e6d0d34a5e79f9982c0dbc372785b30f0e921f0218dde8,0b4a7df310dc9be053e6d0d34a5e79f9982c0dbc372785b30f0e921f0218dde8,669,669,Nintendo LZ10,Nintendo LZ10
"포켓몬스터 하트골드 (Korea, IPKK, header ROM version 0)","포켓몬스터 소울실버 (Korea, IPGK, header ROM version 0)",/a/0/7/6,equal,9,9,,,7cd2a0aaf412e95dceec4a460830e05ae41922ef931e9a4a72db53480ae82b11,7cd2a0aaf412e95dceec4a460830e05ae41922ef931e9a4a72db53480ae82b11,2093,2093,Nintendo LZ10,Nintendo LZ10
"포켓몬스터 하트골드 (Korea, IPKK, header ROM version 0)","포켓몬스터 소울실버 (Korea, IPGK, header ROM version 0)",/a/0/7/6,equal,10,10,,,48f523c9c2b42cbcff8d2e6182642a3ad72c31c4bdd6239dba8a4ac8e9047102,48f523c9c2b42cbcff8d2e6182642a3ad72c31c4bdd6239dba8a4ac8e9047102,124,124,NCLR palette,NCLR palette
"포켓몬스터 하트골드 (Korea, IPKK, header ROM version 0)","포켓몬스터 소울실버 (Korea, IPGK, header ROM version 0)",/a/0/7/6,equal,11,11,,,71f734ab9cdcd14a51ef03e90ec678e1ac6cff68c15d99122c86fc550b1c7457,71f734ab9cdcd14a51ef03e90ec678e1ac6cff68c15d99122c86fc550b1c7457,291,291,Nintendo LZ10,Nintendo LZ10
"포켓몬스터 하트골드 (Korea, IPKK, header ROM version 0)","포켓몬스터 소울실버 (Korea, IPGK, header ROM version 0)",/a/0/7/6,equal,12,12,,,cdfa37793ef38bd5fecf6a831000e189484390c5113b5a4f944754360f7b79dd,cdfa37793ef38bd5fecf6a831000e189484390c5113b5a4f944754360f7b79dd,97,97,Nintendo LZ10,Nintendo LZ10
"포켓몬스터 하트골드 (Korea, IPKK, header ROM version 0)","포켓몬스터 소울실버 (Korea, IPGK, header ROM version 0)",/a/0/7/6,equal,13,13,,,040e4d01163958aa52a949c26e41748d6779b1ad6c92a8156ab2c9b7acc9045a,040e4d01163958aa52a949c26e41748d6779b1ad6c92a8156ab2c9b7acc9045a,158,158,NCLR palette,NCLR palette
"포켓몬스터 하트골드 (Korea, IPKK, header ROM version 0)","포켓몬스터 소울실버 (Korea, IPGK, header ROM version 0)",/a/0/7/6,equal,14,14,,,6253e5580a2a2e7b6103a4d5f327cc698951f66ac02c344c358a23ac3f6c78b1,6253e5580a2a2e7b6103a4d5f327cc698951f66ac02c344c358a23ac3f6c78b1,2084,2084,NSCR screen map,NSCR screen map
"포켓몬스터 하트골드 (Korea, IPKK, header ROM version 0)","포켓몬스터 소울실버 (Korea, IPGK, header ROM version 0)",/a/0/7/6,equal,15,15,,,a0d6f5a2c03421ab49ae172fea2f64bd3c22f0e8a45095fcaf56fdcc110b4df3,a0d6f5a2c03421ab49ae172fea2f64bd3c22f0e8a45095fcaf56fdcc110b4df3,300,300,NSCR screen map,NSCR screen map
"포켓몬스터 하트골드 (Korea, IPKK, header ROM version 0)","포켓몬스터 소울실버 (Korea, IPGK, header ROM version 0)",/a/0/7/6,equal,16,16,,,d45a0a16f5a42fa39a78caab4648b196f323397fa8025fc4f8671ec8f1f1253f,d45a0a16f5a42fa39a78caab4648b196f323397fa8025fc4f8671ec8f1f1253f,552,552,NCLR palette,NCLR palette
"포켓몬스터 하트골드 (Korea, IPKK, header ROM version 0)","포켓몬스터 소울실버 (Korea, IPGK, header ROM version 0)",/a/0/7/7,equal,0,0,,,af29ea640ad397a6169fd556239ad71b8e7755a04de75338b844c074d8394fe1,af29ea640ad397a6169fd556239ad71b8e7755a04de75338b844c074d8394fe1,8228,8228,NSCR screen map,NSCR screen map
"포켓몬스터 하트골드 (Korea, IPKK, header ROM version 0)","포켓몬스터 소울실버 (Korea, IPGK, header ROM version 0)",/a/0/7/7,equal,1,1,,,c20782726bb3e2acea60075bf6ad845b0707704bf4d8279e5a0757b3c64597a3,c20782726bb3e2acea60075bf6ad845b0707704bf4d8279e5a0757b3c64597a3,4132,4132,NSCR screen map,NSCR screen map
"포켓몬스터 하트골드 (Korea, IPKK, header ROM version 0)","포켓몬스터 소울실버 (Korea, IPGK, header ROM version 0)",/a/0/7/7,equal,2,2,,,be72aefb8f23454cbffe92b6eef7e2b9a35aaebaf2fcfdf4cdd951f331f6c5ce,be72aefb8f23454cbffe92b6eef7e2b9a35aaebaf2fcfdf4cdd951f331f6c5ce,9280,9280,NCGR graphics,NCGR graphics
"포켓몬스터 하트골드 (Korea, IPKK, header ROM version 0)","포켓몬스터 소울실버 (Korea, IPGK, header ROM version 0)",/a/0/7/7,equal,3,3,,,271c356e320943353eb80825c71778acd3377ce147b8bffd83183ccd2e2133a3,271c356e320943353eb80825c71778acd3377ce147b8bffd83183ccd2e2133a3,552,552,NCLR palette,NCLR palette
"포켓몬스터 하트골드 (Korea, IPKK, header ROM version 0)","포켓몬스터 소울실버 (Korea, IPGK, header ROM version 0)",/a/0/7/8,equal,0,0,,,23113b3db36eb78cefff5d60f7b5ca8b58d3b5c45092b2a87f55587537e4b823,23113b3db36eb78cefff5d60f7b5ca8b58d3b5c45092b2a87f55587537e4b823,552,552,NCLR palette,NCLR palette
"포켓몬스터 하트골드 (Korea, IPKK, header ROM version 0)","포켓몬스터 소울실버 (Korea, IPGK, header ROM version 0)",/a/0/7/8,equal,1,1,,,d70086ce86445ccb03a13ab5e6942dd7b5d354a5748ab445b9957fb006ad78bb,d70086ce86445ccb03a13ab5e6942dd7b5d354a5748ab445b9957fb006ad78bb,552,552,NCLR palette,NCLR palette
"포켓몬스터 하트골드 (Korea, IPKK, header ROM version 0)","포켓몬스터 소울실버 (Korea, IPGK, header ROM version 0)",/a/0/7/8,equal,2,2,,,3fdf3346cf605b5e4e7820c2cb52b404dc99821f9abb17fa5dbab5165f902097,3fdf3346cf605b5e4e7820c2cb52b404dc99821f9abb17fa5dbab5165f902097,370,370,Nintendo LZ10,Nintendo LZ10
"포켓몬스터 하트골드 (Korea, IPKK, header ROM version 0)","포켓몬스터 소울실버 (Korea, IPGK, header ROM version 0)",/a/0/7/8,equal,3,3,,,24a1d5e6f22cd1133ce4f661e989ea004c369a58a6244663cc26c1236e487cb2,24a1d5e6f22cd1133ce4f661e989ea004c369a58a6244663cc26c1236e487cb2,448,448,Nintendo LZ10,Nintendo LZ10
"포켓몬스터 하트골드 (Korea, IPKK, header ROM version 0)","포켓몬스터 소울실버 (Korea, IPGK, header ROM version 0)",/a/0/7/8,equal,4,4,,,41e40e251eccfc8360fd5921c2977568dbbb8fa2cf46307e80caaf3975eaee39,41e40e251eccfc8360fd5921c2977568dbbb8fa2cf46307e80caaf3975eaee39,297,297,Nintendo LZ10,Nintendo LZ10
"포켓몬스터 하트골드 (Korea, IPKK, header ROM version 0)","포켓몬스터 소울실버 (Korea, IPGK, header ROM version 0)",/a/0/7/8,equal,5,5,,,3dbae8eab07594052073718838b7d73d3ac8c68e49e30653bb950ebc206608d9,3dbae8eab07594052073718838b7d73d3ac8c68e49e30653bb950ebc206608d9,263,263,Nintendo LZ10,Nintendo LZ10
"포켓몬스터 하트골드 (Korea, IPKK, header ROM version 0)","포켓몬스터 소울실버 (Korea, IPGK, header ROM version 0)",/a/0/7/8,equal,6,6,,,d2cec459cff1698429f5e5d92c4b3e9b866c8ce710975d2c3377fd7f8a31be2d,d2cec459cff1698429f5e5d92c4b3e9b866c8ce710975d2c3377fd7f8a31be2d,1442,1442,Nintendo LZ10,Nintendo LZ10
"포켓몬스터 하트골드 (Korea, IPKK, header ROM version 0)","포켓몬스터 소울실버 (Korea, IPGK, header ROM version 0)",/a/0/7/8,equal,7,7,,,4c4c1cf203f36b9e3519e36a28ea7772a03f0cfc819deb93d2321b3a470bb42e,4c4c1cf203f36b9e3519e36a28ea7772a03f0cfc819deb93d2321b3a470bb42e,669,669,Nintendo LZ10,Nintendo LZ10
"포켓몬스터 하트골드 (Korea, IPKK, header ROM version 0)","포켓몬스터 소울실버 (Korea, IPGK, header ROM version 0)",/a/0/7/8,equal,8,8,,,90dc050c95823d75362dad9cde01d36ff04d900bcb3dd80186ba8378f56d6667,90dc050c95823d75362dad9cde01d36ff04d900bcb3dd80186ba8378f56d6667,682,682,Nintendo LZ10,Nintendo LZ10
"포켓몬스터 하트골드 (Korea, IPKK, header ROM version 0)","포켓몬스터 소울실버 (Korea, IPGK, header ROM version 0)",/a/0/7/9,equal,0,0,,,6fa0fb50fb5a6b1440326735f5cf1671b5340c54904dd6bb10aab76ae211cf8c,6fa0fb50fb5a6b1440326735f5cf1671b5340c54904dd6bb10aab76ae211cf8c,192,192,NCLR palette,NCLR palette
"포켓몬스터 하트골드 (Korea, IPKK, header ROM version 0)","포켓몬스터 소울실버 (Korea, IPGK, header ROM version 0)",/a/0/7/9,equal,1,1,,,f8e85892394e1887b131e48cb6c84b0d3a28c71fe2333dd0eaf8922718989c5a,f8e85892394e1887b131e48cb6c84b0d3a28c71fe2333dd0eaf8922718989c5a,192,192,NCLR palette,NCLR palette
"포켓몬스터 하트골드 (Korea, IPKK, header ROM version 0)","포켓몬스터 소울실버 (Korea, IPGK, header ROM version 0)",/a/0/7/9,equal,2,2,,,44502a27bd7ee9123406cc3bad0c88b7aa2bc0fae76e4fdc3bf768b1f42bfb70,44502a27bd7ee9123406cc3bad0c88b7aa2bc0fae76e4fdc3bf768b1f42bfb70,192,192,NCLR palette,NCLR palette
"포켓몬스터 하트골드 (Korea, IPKK, header ROM version 0)","포켓몬스터 소울실버 (Korea, IPGK, header ROM version 0)",/a/0/7/9,equal,3,3,,,c43a2dfe5f55e9c2a87ecb161592086b0bc25a262c7d78ce14bb71a208ecf9d7,c43a2dfe5f55e9c2a87ecb161592086b0bc25a262c7d78ce14bb71a208ecf9d7,192,192,NCLR palette,NCLR palette
"포켓몬스터 하트골드 (Korea, IPKK, header ROM version 0)","포켓몬스터 소울실버 (Korea, IPGK, header ROM version 0)",/a/0/7/9,equal,4,4,,,2e2af12bff166c06a5ada19172c511b4f4219457f067a4d83bab3751e069e3d5,2e2af12bff166c06a5ada19172c511b4f4219457f067a4d83bab3751e069e3d5,192,192,NCLR palette,NCLR palette
"포켓몬스터 하트골드 (Korea, IPKK, header ROM version 0)","포켓몬스터 소울실버 (Korea, IPGK, header ROM version 0)",/a/0/7/9,equal,5,5,,,976e3acbada3996397eb34d25fa6138451147bb7a6ad50af10d25db2e70a25f5,976e3acbada3996397eb34d25fa6138451147bb7a6ad50af10d25db2e70a25f5,192,192,NCLR palette,NCLR palette
"포켓몬스터 하트골드 (Korea, IPKK, header ROM version 0)","포켓몬스터 소울실버 (Korea, IPGK, header ROM version 0)",/a/0/7/9,equal,6,6,,,8d53f85ca1d6f30ef853765066e6adc90129038f2803a9d5b160625c00db4a0b,8d53f85ca1d6f30ef853765066e6adc90129038f2803a9d5b160625c00db4a0b,192,192,NCLR palette,NCLR palette
"포켓몬스터 하트골드 (Korea, IPKK, header ROM version 0)","포켓몬스터 소울실버 (Korea, IPGK, header ROM version 0)",/a/0/7/9,equal,7,7,,,bdcdd5e221d2d18e99f38da0f86a780575bfb3334edc1e65a94c48dea2d67f85,bdcdd5e221d2d18e99f38da0f86a780575bfb3334edc1e65a94c48dea2d67f85,192,192,NCLR palette,NCLR palette
"포켓몬스터 하트골드 (Korea, IPKK, header ROM version 0)","포켓몬스터 소울실버 (Korea, IPGK, header ROM version 0)",/a/0/7/9,equal,8,8,,,0198f21fe47bb1d7c335d8ee4fa342d137354b9437b5eb066a9ffcdf8fd93a0b,0198f21fe47bb1d7c335d8ee4fa342d137354b9437b5eb066a9ffcdf8fd93a0b,192,192,NCLR palette,NCLR palette
"포켓몬스터 하트골드 (Korea, IPKK, header ROM version 0)","포켓몬스터 소울실버 (Korea, IPGK, header ROM version 0)",/a/0/7/9,equal,9,9,,,204ee5c3e8c65ae22542bb92ee4557f9953ba703cb716caa194f1df78bbfadb3,204ee5c3e8c65ae22542bb92ee4557f9953ba703cb716caa194f1df78bbfadb3,192,192,NCLR palette,NCLR palette
"포켓몬스터 하트골드 (Korea, IPKK, header ROM version 0)","포켓몬스터 소울실버 (Korea, IPGK, header ROM version 0)",/a/0/7/9,equal,10,10,,,cd454d92cefd20a171a4dcb9304bba8dd330f2a054dc782080217c8ec92fdedf,cd454d92cefd20a171a4dcb9304bba8dd330f2a054dc782080217c8ec92fdedf,192,192,NCLR palette,NCLR palette
"포켓몬스터 하트골드 (Korea, IPKK, header ROM version 0)","포켓몬스터 소울실버 (Korea, IPGK, header ROM version 0)",/a/0/7/9,equal,11,11,,,2155ba89762af255f32a487eecf00a2357574258ddfdcbf459bfb28841d67e05,2155ba89762af255f32a487eecf00a2357574258ddfdcbf459bfb28841d67e05,192,192,NCLR palette,NCLR palette
"포켓몬스터 하트골드 (Korea, IPKK, header ROM version 0)","포켓몬스터 소울실버 (Korea, IPGK, header ROM version 0)",/a/0/7/9,equal,12,12,,,fb94b9693ba46ef74b2c437df12fb1fab62ee4bdb882e856dc1d38652b5f7bf1,fb94b9693ba46ef74b2c437df12fb1fab62ee4bdb882e856dc1d38652b5f7bf1,16448,16448,NCGR graphics,NCGR graphics
"포켓몬스터 하트골드 (Korea, IPKK, header ROM version 0)","포켓몬스터 소울실버 (Korea, IPGK, header ROM version 0)",/a/0/7/9,equal,13,13,,,55c9e575a1b2455de38889332b0d5ae2941c01d515280e5016124d01ab839137,55c9e575a1b2455de38889332b0d5ae2941c01d515280e5016124d01ab839137,3136,3136,NCGR graphics,NCGR graphics
"포켓몬스터 하트골드 (Korea, IPKK, header ROM version 0)","포켓몬스터 소울실버 (Korea, IPGK, header ROM version 0)",/a/0/7/9,equal,14,14,,,f92e5ca69ed933585a5aee04b3a8c1879a4c72f83af1aa1793fa6cd788b212dd,f92e5ca69ed933585a5aee04b3a8c1879a4c72f83af1aa1793fa6cd788b212dd,3136,3136,NCGR graphics,NCGR graphics
"포켓몬스터 하트골드 (Korea, IPKK, header ROM version 0)","포켓몬스터 소울실버 (Korea, IPGK, header ROM version 0)",/a/0/7/9,equal,15,15,,,ba0b3f760b71a3732b494038d8d27bea9f3af69372beed2f8bc499b65707840b,ba0b3f760b71a3732b494038d8d27bea9f3af69372beed2f8bc499b65707840b,12352,12352,NCGR graphics,NCGR graphics
"포켓몬스터 하트골드 (Korea, IPKK, header ROM version 0)","포켓몬스터 소울실버 (Korea, IPGK, header ROM version 0)",/a/0/7/9,equal,16,16,,,e050cd8b52880bab1f9f62796226eb0f4f6f090b305c005a452494c9f1997560,e050cd8b52880bab1f9f62796226eb0f4f6f090b305c005a452494c9f1997560,13376,13376,NCGR graphics,NCGR graphics
"포켓몬스터 하트골드 (Korea, IPKK, header ROM version 0)","포켓몬스터 소울실버 (Korea, IPGK, header ROM version 0)",/a/0/7/9,equal,17,17,,,8fca4608915ebb57f9a452ae80d6ffcbc9571a938f794f08271c7cc52d3bf159,8fca4608915ebb57f9a452ae80d6ffcbc9571a938f794f08271c7cc52d3bf159,3136,3136,NCGR graphics,NCGR graphics
"포켓몬스터 하트골드 (Korea, IPKK, header ROM version 0)","포켓몬스터 소울실버 (Korea, IPGK, header ROM version 0)",/a/0/7/9,equal,18,18,,,2f89d2ccca118d32cbcf11486831d4f20c4ddd03dfbde64a59155101228e7730,2f89d2ccca118d32cbcf11486831d4f20c4ddd03dfbde64a59155101228e7730,3136,3136,NCGR graphics,NCGR graphics
"포켓몬스터 하트골드 (Korea, IPKK, header ROM version 0)","포켓몬스터 소울실버 (Korea, IPGK, header ROM version 0)",/a/0/7/9,equal,19,19,,,8f471babb9101dc4e198ce96859c3dcf75fd4209e3dbc0c2aa0d7079256315ba,8f471babb9101dc4e198ce96859c3dcf75fd4209e3dbc0c2aa0d7079256315ba,10304,10304,NCGR graphics,NCGR graphics
"포켓몬스터 하트골드 (Korea, IPKK, header ROM version 0)","포켓몬스터 소울실버 (Korea, IPGK, header ROM version 0)",/a/0/7/9,equal,20,20,,,cd7bf309439e726f4145e8813b59169396fddeaeacdc5dd2919b721083dda5de,cd7bf309439e726f4145e8813b59169396fddeaeacdc5dd2919b721083dda5de,10304,10304,NCGR graphics,NCGR graphics
"포켓몬스터 하트골드 (Korea, IPKK, header ROM version 0)","포켓몬스터 소울실버 (Korea, IPGK, header ROM version 0)",/a/0/7/9,equal,21,21,,,7fde26ba2abd12163207c0c8d2fbf40f21611fc4148d1d921bd64ec1c872adef,7fde26ba2abd12163207c0c8d2fbf40f21611fc4148d1d921bd64ec1c872adef,4160,4160,NCGR graphics,NCGR graphics
"포켓몬스터 하트골드 (Korea, IPKK, header ROM version 0)","포켓몬스터 소울실버 (Korea, IPGK, header ROM version 0)",/a/0/7/9,equal,22,22,,,943db7e21a4f16fd8f97764630b0f9d9b01ce06e1c8efc6952eb069bbbf51ee5,943db7e21a4f16fd8f97764630b0f9d9b01ce06e1c8efc6952eb069bbbf51ee5,4160,4160,NCGR graphics,NCGR graphics
"포켓몬스터 하트골드 (Korea, IPKK, header ROM version 0)","포켓몬스터 소울실버 (Korea, IPGK, header ROM version 0)",/a/0/7/9,equal,23,23,,,d9661ac7eba182146bf28f82cdd9bf50ea2c10c339f4e9970f5f7c7e99780ec2,d9661ac7eba182146bf28f82cdd9bf50ea2c10c339f4e9970f5f7c7e99780ec2,3136,3136,NCGR graphics,NCGR graphics
"포켓몬스터 하트골드 (Korea, IPKK, header ROM version 0)","포켓몬스터 소울실버 (Korea, IPGK, header ROM version 0)",/a/0/7/9,equal,24,24,,,7d0ba98287884edf919111a96a07d8218c39bb033e8b8d5368cb9c1864177f6e,7d0ba98287884edf919111a96a07d8218c39bb033e8b8d5368cb9c1864177f6e,1572,1572,NSCR screen map,NSCR screen map
"포켓몬스터 하트골드 (Korea, IPKK, header ROM version 0)","포켓몬스터 소울실버 (Korea, IPGK, header ROM version 0)",/a/0/7/9,equal,25,25,,,71b1904416f9fc8c9a4a68fa2679067c4851765c38fcb8708d6b363d45f32468,71b1904416f9fc8c9a4a68fa2679067c4851765c38fcb8708d6b363d45f32468,1572,1572,NSCR screen map,NSCR screen map
"포켓몬스터 하트골드 (Korea, IPKK, header ROM version 0)","포켓몬스터 소울실버 (Korea, IPGK, header ROM version 0)",/a/0/7/9,equal,26,26,,,73950c139472e9d16f2af520315a929895e8ab730b36318d6a7597241acfeeba,73950c139472e9d16f2af520315a929895e8ab730b36318d6a7597241acfeeba,1572,1572,NSCR screen map,NSCR screen map
"포켓몬스터 하트골드 (Korea, IPKK, header ROM version 0)","포켓몬스터 소울실버 (Korea, IPGK, header ROM version 0)",/a/0/7/9,equal,27,27,,,572aa1f3c9871ade750e482c46be26afa48cdc88d18044a5748f5310aeb06ded,572aa1f3c9871ade750e482c46be26afa48cdc88d18044a5748f5310aeb06ded,1572,1572,NSCR screen map,NSCR screen map
"포켓몬스터 하트골드 (Korea, IPKK, header ROM version 0)","포켓몬스터 소울실버 (Korea, IPGK, header ROM version 0)",/a/0/7/9,equal,28,28,,,751d5e5cb48a09b4d8f827138cd7f2d71bd05c86e1086ce603d2a0cc79418231,751d5e5cb48a09b4d8f827138cd7f2d71bd05c86e1086ce603d2a0cc79418231,1572,1572,NSCR screen map,NSCR screen map
"포켓몬스터 하트골드 (Korea, IPKK, header ROM version 0)","포켓몬스터 소울실버 (Korea, IPGK, header ROM version 0)",/a/0/7/9,equal,29,29,,,e59b41949f2d8cc2448c0176358d509d96634ad3423a14b588cbae29bb8e2770,e59b41949f2d8cc2448c0176358d509d96634ad3423a14b588cbae29bb8e2770,1572,1572,NSCR screen map,NSCR screen map
"포켓몬스터 하트골드 (Korea, IPKK, header ROM version 0)","포켓몬스터 소울실버 (Korea, IPGK, header ROM version 0)",/a/0/7/9,equal,30,30,,,5a57f1e4b135011079a7c4007042b9b9ae519e3aa8852a48533490451ca97179,5a57f1e4b135011079a7c4007042b9b9ae519e3aa8852a48533490451ca97179,1572,1572,NSCR screen map,NSCR screen map
"포켓몬스터 하트골드 (Korea, IPKK, header ROM version 0)","포켓몬스터 소울실버 (Korea, IPGK, header ROM version 0)",/a/0/7/9,equal,31,31,,,1c09ee3faa99a740ebf312e3de15aa181b9a9e6282210ba005563605835ccc88,1c09ee3faa99a740ebf312e3de15aa181b9a9e6282210ba005563605835ccc88,1572,1572,NSCR screen map,NSCR screen map
"포켓몬스터 하트골드 (Korea, IPKK, header ROM version 0)","포켓몬스터 소울실버 (Korea, IPGK, header ROM version 0)",/a/0/7/9,equal,32,32,,,6c87022c99cafb0f092f48b1e85d0025eaec0ee3d51461572713cc29bbb28412,6c87022c99cafb0f092f48b1e85d0025eaec0ee3d51461572713cc29bbb28412,1572,1572,NSCR screen map,NSCR screen map
"포켓몬스터 하트골드 (Korea, IPKK, header ROM version 0)","포켓몬스터 소울실버 (Korea, IPGK, header ROM version 0)",/a/0/7/9,equal,33,33,,,cc02090b3f2a346a02c8ed4b3b07e4a9ec19b9cba0d1fd62692523f0a68af192,cc02090b3f2a346a02c8ed4b3b07e4a9ec19b9cba0d1fd62692523f0a68af192,1572,1572,NSCR screen map,NSCR screen map
"포켓몬스터 하트골드 (Korea, IPKK, header ROM version 0)","포켓몬스터 소울실버 (Korea, IPGK, header ROM version 0)",/a/0/7/9,equal,34,34,,,5403b4f2dfeb42d264f47de131cb40198ad705099c6fc034185a4182df59ac44,5403b4f2dfeb42d264f47de131cb40198ad705099c6fc034185a4182df59ac44,1572,1572,NSCR screen map,NSCR screen map
"포켓몬스터 하트골드 (Korea, IPKK, header ROM version 0)","포켓몬스터 소울실버 (Korea, IPGK, header ROM version 0)",/a/0/7/9,equal,35,35,,,2a4afcf0fcbe85ad484395d7d98aa9cd91093cdcd828412614621f28bd152ae9,2a4afcf0fcbe85ad484395d7d98aa9cd91093cdcd828412614621f28bd152ae9,1572,1572,NSCR screen map,NSCR screen map
"포켓몬스터 하트골드 (Korea, IPKK, header ROM version 0)","포켓몬스터 소울실버 (Korea, IPGK, header ROM version 0)",/a/0/7/9,equal,36,36,,,9c3ac797db14858e3a3ed9ef77a273ab3c96d0f5995f3079444c0e73afad00c9,9c3ac797db14858e3a3ed9ef77a273ab3c96d0f5995f3079444c0e73afad00c9,1572,1572,NSCR screen map,NSCR screen map
"포켓몬스터 하트골드 (Korea, IPKK, header ROM version 0)","포켓몬스터 소울실버 (Korea, IPGK, header ROM version 0)",/a/0/8/0,equal,0,0,,,50ccdeab2513d14e6432797146e9791bec496a2f256b063e984f0ef10f2c8b1c,50ccdeab2513d14e6432797146e9791bec496a2f256b063e984f0ef10f2c8b1c,124,124,NCLR palette,NCLR palette
"포켓몬스터 하트골드 (Korea, IPKK, header ROM version 0)","포켓몬스터 소울실버 (Korea, IPGK, header ROM version 0)",/a/0/8/0,equal,1,1,,,07b83d65d48b5effaa7fa45a99cb96198dc2ccac70dd93a228052c4736bc281c,07b83d65d48b5effaa7fa45a99cb96198dc2ccac70dd93a228052c4736bc281c,2192,2192,NCGR graphics,NCGR graphics
"포켓몬스터 하트골드 (Korea, IPKK, header ROM version 0)","포켓몬스터 소울실버 (Korea, IPGK, header ROM version 0)",/a/0/8/0,equal,2,2,,,4e3a4f39b470a632d1e8f3dc94d7560926d405a0d88ddd303bf4c19727ff8ecb,4e3a4f39b470a632d1e8f3dc94d7560926d405a0d88ddd303bf4c19727ff8ecb,623,623,NCER cell,NCER cell
"포켓몬스터 하트골드 (Korea, IPKK, header ROM version 0)","포켓몬스터 소울실버 (Korea, IPGK, header ROM version 0)",/a/0/8/0,equal,3,3,,,139af5f9b25984bc1bdec97af99361ea8c5644897068672563c35cb1ce6288d8,139af5f9b25984bc1bdec97af99361ea8c5644897068672563c35cb1ce6288d8,435,435,NANR animation,NANR animation
"포켓몬스터 하트골드 (Korea, IPKK, header ROM version 0)","포켓몬스터 소울실버 (Korea, IPGK, header ROM version 0)",/a/0/8/0,equal,4,4,,,723eeb53d60f6de2c21bb082584648824480eabceeb4b075d4846ed848d29900,723eeb53d60f6de2c21bb082584648824480eabceeb4b075d4846ed848d29900,1572,1572,NSCR screen map,NSCR screen map
"포켓몬스터 하트골드 (Korea, IPKK, header ROM version 0)","포켓몬스터 소울실버 (Korea, IPGK, header ROM version 0)",/a/0/8/0,equal,5,5,,,46d7a28220aa33142aab5f033fc856daaa8a9d0ef11dfaa459f49b1a2b8a5384,46d7a28220aa33142aab5f033fc856daaa8a9d0ef11dfaa459f49b1a2b8a5384,2084,2084,NSCR screen map,NSCR screen map
"포켓몬스터 하트골드 (Korea, IPKK, header ROM version 0)","포켓몬스터 소울실버 (Korea, IPGK, header ROM version 0)",/a/0/8/0,equal,6,6,,,49a287cea1f55e86af77c1e35197dd9daaaf84723d94b281f3e692846a78881f,49a287cea1f55e86af77c1e35197dd9daaaf84723d94b281f3e692846a78881f,1572,1572,NSCR screen map,NSCR screen map
"포켓몬스터 하트골드 (Korea, IPKK, header ROM version 0)","포켓몬스터 소울실버 (Korea, IPGK, header ROM version 0)",/a/0/8/0,equal,7,7,,,f7be3424cc2c9e489bcd7bcda87617a5fda900f7fc1198e060da4f4e85d37481,f7be3424cc2c9e489bcd7bcda87617a5fda900f7fc1198e060da4f4e85d37481,2084,2084,NSCR screen map,NSCR screen map
"포켓몬스터 하트골드 (Korea, IPKK, header ROM version 0)","포켓몬스터 소울실버 (Korea, IPGK, header ROM version 0)",/a/0/8/0,equal,8,8,,,9550e2beb5ef7330acaddbef79c60752a250a6bc920ef53ce00fc70ed24e3d6f,9550e2beb5ef7330acaddbef79c60752a250a6bc920ef53ce00fc70ed24e3d6f,1572,1572,NSCR screen map,NSCR screen map
"포켓몬스터 하트골드 (Korea, IPKK, header ROM version 0)","포켓몬스터 소울실버 (Korea, IPGK, header ROM version 0)",/a/0/8/0,equal,9,9,,,3d819840b82ccda980562781a5c5733a65c6ebe84bda60650864862a5dfbe710,3d819840b82ccda980562781a5c5733a65c6ebe84bda60650864862a5dfbe710,1572,1572,NSCR screen map,NSCR screen map
"포켓몬스터 하트골드 (Korea, IPKK, header ROM version 0)","포켓몬스터 소울실버 (Korea, IPGK, header ROM version 0)",/a/0/8/0,equal,10,10,,,af6fe983b7eb0eda151738a7025e2d58c15241e61f8b5b3d2e9f3910f67c9930,af6fe983b7eb0eda151738a7025e2d58c15241e61f8b5b3d2e9f3910f67c9930,1572,1572,NSCR screen map,NSCR screen map
"포켓몬스터 하트골드 (Korea, IPKK, header ROM version 0)","포켓몬스터 소울실버 (Korea, IPGK, header ROM version 0)",/a/0/8/0,equal,11,11,,,ee5776ee1e11dc8df725d343762bd40e99a62d55e23fa2e89782b398ede0b55f,ee5776ee1e11dc8df725d343762bd40e99a62d55e23fa2e89782b398ede0b55f,1572,1572,NSCR screen map,NSCR screen map
"포켓몬스터 하트골드 (Korea, IPKK, header ROM version 0)","포켓몬스터 소울실버 (Korea, IPGK, header ROM version 0)",/a/0/8/0,equal,12,12,,,e7656f329093a5a7b40e7c83d965d24b9c7c83e8655e7b8f1f28bbbdb4aebecf,e7656f329093a5a7b40e7c83d965d24b9c7c83e8655e7b8f1f28bbbdb4aebecf,24640,24640,NCGR graphics,NCGR graphics
"포켓몬스터 하트골드 (Korea, IPKK, header ROM version 0)","포켓몬스터 소울실버 (Korea, IPGK, header ROM version 0)",/a/0/8/0,equal,13,13,,,545e0179a4d70387e616337f10b384fedc6ca62c16b1ac0a6e9114470c81f2ef,545e0179a4d70387e616337f10b384fedc6ca62c16b1ac0a6e9114470c81f2ef,24640,24640,NCGR graphics,NCGR graphics
"포켓몬스터 하트골드 (Korea, IPKK, header ROM version 0)","포켓몬스터 소울실버 (Korea, IPGK, header ROM version 0)",/a/0/8/0,equal,14,14,,,2c50a45547957b711959bbfe44474df89fc5cc21a7a1db39a5751940415df234,2c50a45547957b711959bbfe44474df89fc5cc21a7a1db39a5751940415df234,552,552,NCLR palette,NCLR palette
"포켓몬스터 하트골드 (Korea, IPKK, header ROM version 0)","포켓몬스터 소울실버 (Korea, IPGK, header ROM version 0)",/a/0/8/0,equal,15,15,,,9daf857e4276c6ad67b53d13848ef5e9bd3ed8417635cbbfa6281a1aaa4866b2,9daf857e4276c6ad67b53d13848ef5e9bd3ed8417635cbbfa6281a1aaa4866b2,552,552,NCLR palette,NCLR palette
"포켓몬스터 하트골드 (Korea, IPKK, header ROM version 0)","포켓몬스터 소울실버 (Korea, IPGK, header ROM version 0)",/a/0/8/1,equal,0,0,,,3b6d24e8643ded4e2f68918e5176c0a94c8ec269eac42b4ac1f05f91178091a2,3b6d24e8643ded4e2f68918e5176c0a94c8ec269eac42b4ac1f05f91178091a2,6760,6760,NSBTX texture,NSBTX texture
"포켓몬스터 하트골드 (Korea, IPKK, header ROM version 0)","포켓몬스터 소울실버 (Korea, IPGK, header ROM version 0)",/a/0/8/1,equal,1,1,,,caa98e68ca23e096c6856372b67d154a7aa5f718c70b7db17c2334bfb497911b,caa98e68ca23e096c6856372b67d154a7aa5f718c70b7db17c2334bfb497911b,6760,6760,NSBTX texture,NSBTX texture
"포켓몬스터 하트골드 (Korea, IPKK, header ROM version 0)","포켓몬스터 소울실버 (Korea, IPGK, header ROM version 0)",/a/0/8/1,equal,2,2,,,58951e4f29a55a5fb2ef51547deaaa1bce399b27e8a0e8c08e9cdc75652af871,58951e4f29a55a5fb2ef51547deaaa1bce399b27e8a0e8c08e9cdc75652af871,6760,6760,NSBTX texture,NSBTX texture
"포켓몬스터 하트골드 (Korea, IPKK, header ROM version 0)","포켓몬스터 소울실버 (Korea, IPGK, header ROM version 0)",/a/0/8/1,equal,3,3,,,d97ce69ec27fcf31577b17064f0e9c19c872f166e3b83622e7f3c3eb18b3eefc,d97ce69ec27fcf31577b17064f0e9c19c872f166e3b83622e7f3c3eb18b3eefc,6760,6760,NSBTX texture,NSBTX texture
"포켓몬스터 하트골드 (Korea, IPKK, header ROM version 0)","포켓몬스터 소울실버 (Korea, IPGK, header ROM version 0)",/a/0/8/1,equal,4,4,,,8b4ae618cfd0f699f56426fd66a1d8a1a47f0ea1df94cedae9a1b44d421ceae3,8b4ae618cfd0f699f56426fd66a1d8a1a47f0ea1df94cedae9a1b44d421ceae3,6760,6760,NSBTX texture,NSBTX texture
"포켓몬스터 하트골드 (Korea, IPKK, header ROM version 0)","포켓몬스터 소울실버 (Korea, IPGK, header ROM version 0)",/a/0/8/1,equal,5,5,,,af577f8d18488a6c51f98dbd34d4dd895274893d669b38dcbc73b6637916781c,af577f8d18488a6c51f98dbd34d4dd895274893d669b38dcbc73b6637916781c,6760,6760,NSBTX texture,NSBTX texture
"포켓몬스터 하트골드 (Korea, IPKK, header ROM version 0)","포켓몬스터 소울실버 (Korea, IPGK, header ROM version 0)",/a/0/8/1,equal,6,6,,,a68529c608845f7d6f873625286e2518287d43654f1aa13c578add9ad9e274dd,a68529c608845f7d6f873625286e2518287d43654f1aa13c578add9ad9e274dd,6760,6760,NSBTX texture,NSBTX texture
"포켓몬스터 하트골드 (Korea, IPKK, header ROM version 0)","포켓몬스터 소울실버 (Korea, IPGK, header ROM version 0)",/a/0/8/1,equal,7,7,,,1ec4f2d187ce15ef50ffb6769ca59d2502180aae575d47bfd74a64cfc9060d74,1ec4f2d187ce15ef50ffb6769ca59d2502180aae575d47bfd74a64cfc9060d74,6760,6760,NSBTX texture,NSBTX texture
"포켓몬스터 하트골드 (Korea, IPKK, header ROM version 0)","포켓몬스터 소울실버 (Korea, IPGK, header ROM version 0)",/a/0/8/1,equal,8,8,,,7a6c62dd3c0ace65b91bcf103aaaae6d6d06b1c27929fdaa9a27c95eb5b585d5,7a6c62dd3c0ace65b91bcf103aaaae6d6d06b1c27929fdaa9a27c95eb5b585d5,6760,6760,NSBTX texture,NSBTX texture
"포켓몬스터 하트골드 (Korea, IPKK, header ROM version 0)","포켓몬스터 소울실버 (Korea, IPGK, header ROM version 0)",/a/0/8/1,equal,9,9,,,17a56685a18a67922821f02c726d71c5ec36821bc6460e6c3b96fadd25dbc875,17a56685a18a67922821f02c726d71c5ec36821bc6460e6c3b96fadd25dbc875,6760,6760,NSBTX texture,NSBTX texture
"포켓몬스터 하트골드 (Korea, IPKK, header ROM version 0)","포켓몬스터 소울실버 (Korea, IPGK, header ROM version 0)",/a/0/8/1,equal,10,10,,,807d4b12948b0cfc1fde73a03e0da844564b789f1fd207428a5f2a6f4bb27e91,807d4b12948b0cfc1fde73a03e0da844564b789f1fd207428a5f2a6f4bb27e91,6760,6760,NSBTX texture,NSBTX texture
"포켓몬스터 하트골드 (Korea, IPKK, header ROM version 0)","포켓몬스터 소울실버 (Korea, IPGK, header ROM version 0)",/a/0/8/1,equal,11,11,,,de12fe4bb6f380962843ee121cb75b6a6677efa0c32277f275d48b68613eb16d,de12fe4bb6f380962843ee121cb75b6a6677efa0c32277f275d48b68613eb16d,6760,6760,NSBTX texture,NSBTX texture
"포켓몬스터 하트골드 (Korea, IPKK, header ROM version 0)","포켓몬스터 소울실버 (Korea, IPGK, header ROM version 0)",/a/0/8/1,equal,12,12,,,57b299e777eff9b153a8116cccc42f6b71b7da680bf010d9798cd2ba3c857baf,57b299e777eff9b153a8116cccc42f6b71b7da680bf010d9798cd2ba3c857baf,6760,6760,NSBTX texture,NSBTX texture
"포켓몬스터 하트골드 (Korea, IPKK, header ROM version 0)","포켓몬스터 소울실버 (Korea, IPGK, header ROM version 0)",/a/0/8/1,equal,13,13,,,52712c2199348532cfb8eefd7007caa588145f5b1e3ae44bb798c7433cf44c35,52712c2199348532cfb8eefd7007caa588145f5b1e3ae44bb798c7433cf44c35,6760,6760,NSBTX texture,NSBTX texture
"포켓몬스터 하트골드 (Korea, IPKK, header ROM version 0)","포켓몬스터 소울실버 (Korea, IPGK, header ROM version 0)",/a/0/8/1,equal,14,14,,,18df8d039317ef03da32937f8ae669d0adf4b2fb3a89396e2455307d029a646e,18df8d039317ef03da32937f8ae669d0adf4b2fb3a89396e2455307d029a646e,6760,6760,NSBTX texture,NSBTX texture
"포켓몬스터 하트골드 (Korea, IPKK, header ROM version 0)","포켓몬스터 소울실버 (Korea, IPGK, header ROM version 0)",/a/0/8/1,equal,15,15,,,1d1d16f79d5ffb86a4fca406e418b79b88123f228524272a6ab1192adc7ad761,1d1d16f79d5ffb86a4fca406e418b79b88123f228524272a6ab1192adc7ad761,6760,6760,NSBTX texture,NSBTX texture
"포켓몬스터 하트골드 (Korea, IPKK, header ROM version 0)","포켓몬스터 소울실버 (Korea, IPGK, header ROM version 0)",/a/0/8/1,equal,16,16,,,94261085f31a075a4848b8bebebcd8f2e39676914098fe7249062c7e2b111572,94261085f31a075a4848b8bebebcd8f2e39676914098fe7249062c7e2b111572,6760,6760,NSBTX texture,NSBTX texture
"포켓몬스터 하트골드 (Korea, IPKK, header ROM version 0)","포켓몬스터 소울실버 (Korea, IPGK, header ROM version 0)",/a/0/8/1,equal,17,17,,,8e4a1db54d3dc10eeb28e06720b40ecdd25d1502b15a60c95096af7fa2ead017,8e4a1db54d3dc10eeb28e06720b40ecdd25d1502b15a60c95096af7fa2ead017,6760,6760,NSBTX texture,NSBTX texture
"포켓몬스터 하트골드 (Korea, IPKK, header ROM version 0)","포켓몬스터 소울실버 (Korea, IPGK, header ROM version 0)",/a/0/8/1,equal,18,18,,,9b0f9f8a3bfd8fbd0e77e6315f14c5c2199c8c40957e0445fa152f0be79fd495,9b0f9f8a3bfd8fbd0e77e6315f14c5c2199c8c40957e0445fa152f0be79fd495,6760,6760,NSBTX texture,NSBTX texture
"포켓몬스터 하트골드 (Korea, IPKK, header ROM version 0)","포켓몬스터 소울실버 (Korea, IPGK, header ROM version 0)",/a/0/8/1,equal,19,19,,,dbaaf441c80fcbe7af73cfb145cfa7f24592d07c7a701e79a9e98f6f985e6bd1,dbaaf441c80fcbe7af73cfb145cfa7f24592d07c7a701e79a9e98f6f985e6bd1,6760,6760,NSBTX texture,NSBTX texture
"포켓몬스터 하트골드 (Korea, IPKK, header ROM version 0)","포켓몬스터 소울실버 (Korea, IPGK, header ROM version 0)",/a/0/8/1,equal,20,20,,,5a392b7b4876aa876cb9af0912e3a01e5feedeeefff7e83f237c27d0600ee555,5a392b7b4876aa876cb9af0912e3a01e5feedeeefff7e83f237c27d0600ee555,6760,6760,NSBTX texture,NSBTX texture
"포켓몬스터 하트골드 (Korea, IPKK, header ROM version 0)","포켓몬스터 소울실버 (Korea, IPGK, header ROM version 0)",/a/0/8/1,equal,21,21,,,714527aca02541263c4c205984042d509fe1f777dba5c41fa489b1a2853ad5ce,714527aca02541263c4c205984042d509fe1f777dba5c41fa489b1a2853ad5ce,6760,6760,NSBTX texture,NSBTX texture
"포켓몬스터 하트골드 (Korea, IPKK, header ROM version 0)","포켓몬스터 소울실버 (Korea, IPGK, header ROM version 0)",/a/0/8/1,equal,22,22,,,aee5d2fbacdd514aaa8ba856e3f7adea427b967bad89d5be9598d98df47af1d8,aee5d2fbacdd514aaa8ba856e3f7adea427b967bad89d5be9598d98df47af1d8,6760,6760,NSBTX texture,NSBTX texture
"포켓몬스터 하트골드 (Korea, IPKK, header ROM version 0)","포켓몬스터 소울실버 (Korea, IPGK, header ROM version 0)",/a/0/8/1,equal,23,23,,,1b809d13d7f84e0c877d8288ff46e60189b4ba83fd5052ca738c23a8c9f56535,1b809d13d7f84e0c877d8288ff46e60189b4ba83fd5052ca738c23a8c9f56535,6760,6760,NSBTX texture,NSBTX texture
"포켓몬스터 하트골드 (Korea, IPKK, header ROM version 0)","포켓몬스터 소울실버 (Korea, IPGK, header ROM version 0)",/a/0/8/1,equal,24,24,,,3cafe721a565f5739f08bce083eacefd8da155144293042b4466633a12b2d7b4,3cafe721a565f5739f08bce083eacefd8da155144293042b4466633a12b2d7b4,6760,6760,NSBTX texture,NSBTX texture
"포켓몬스터 하트골드 (Korea, IPKK, header ROM version 0)","포켓몬스터 소울실버 (Korea, IPGK, header ROM version 0)",/a/0/8/1,equal,25,25,,,6672eb7394d77aa39847ab1ccd4e042c6bee6eece8e40f68d6a90a097bd67704,6672eb7394d77aa39847ab1ccd4e042c6bee6eece8e40f68d6a90a097bd67704,6760,6760,NSBTX texture,NSBTX texture
"포켓몬스터 하트골드 (Korea, IPKK, header ROM version 0)","포켓몬스터 소울실버 (Korea, IPGK, header ROM version 0)",/a/0/8/1,equal,26,26,,,f7c515bb69778938661b80989d5cdac6b0148deba678ee0d99ff4f547d62cff5,f7c515bb69778938661b80989d5cdac6b0148deba678ee0d99ff4f547d62cff5,6760,6760,NSBTX texture,NSBTX texture
"포켓몬스터 하트골드 (Korea, IPKK, header ROM version 0)","포켓몬스터 소울실버 (Korea, IPGK, header ROM version 0)",/a/0/8/1,equal,27,27,,,c96205b015f3f3dc00d900044f4657308f7ebd3ce63f16f63eac97192c00ba2d,c96205b015f3f3dc00d900044f4657308f7ebd3ce63f16f63eac97192c00ba2d,6760,6760,NSBTX texture,NSBTX texture
"포켓몬스터 하트골드 (Korea, IPKK, header ROM version 0)","포켓몬스터 소울실버 (Korea, IPGK, header ROM version 0)",/a/0/8/1,equal,28,28,,,34a9d7751786041570050f3241fdfaa577e55196b3231a4b1a5397739dad4ddd,34a9d7751786041570050f3241fdfaa577e55196b3231a4b1a5397739dad4ddd,6760,6760,NSBTX texture,NSBTX texture
"포켓몬스터 하트골드 (Korea, IPKK, header ROM version 0)","포켓몬스터 소울실버 (Korea, IPGK, header ROM version 0)",/a/0/8/1,equal,29,29,,,f89b4b6cf092b470ca89780a18d92301624fc82b979d1cd4cdbcacfae04661e7,f89b4b6cf092b470ca89780a18d92301624fc82b979d1cd4cdbcacfae04661e7,6760,6760,NSBTX texture,NSBTX texture
"포켓몬스터 하트골드 (Korea, IPKK, header ROM version 0)","포켓몬스터 소울실버 (Korea, IPGK, header ROM version 0)",/a/0/8/1,equal,30,30,,,65287772769f1822df958b5031c3171162b87e4690d4243ed3b0ad5f326c892b,65287772769f1822df958b5031c3171162b87e4690d4243ed3b0ad5f326c892b,6760,6760,NSBTX texture,NSBTX texture
"포켓몬스터 하트골드 (Korea, IPKK, header ROM version 0)","포켓몬스터 소울실버 (Korea, IPGK, header ROM version 0)",/a/0/8/1,equal,31,31,,,b61b9522ed93b25671e36c2d2e55dcaca5b15ffa789d106d70a0177da0e731ab,b61b9522ed93b25671e36c2d2e55dcaca5b15ffa789d106d70a0177da0e731ab,6760,6760,NSBTX texture,NSBTX texture
"포켓몬스터 하트골드 (Korea, IPKK, header ROM version 0)","포켓몬스터 소울실버 (Korea, IPGK, header ROM version 0)",/a/0/8/1,equal,32,32,,,40628d921b980fbb84b2ee03980e9b11f330c23bab6be03436cd88d97b54aa9f,40628d921b980fbb84b2ee03980e9b11f330c23bab6be03436cd88d97b54aa9f,6760,6760,NSBTX texture,NSBTX texture
"포켓몬스터 하트골드 (Korea, IPKK, header ROM version 0)","포켓몬스터 소울실버 (Korea, IPGK, header ROM version 0)",/a/0/8/1,equal,33,33,,,83d9c6e9ea54b7ea4c233df147006b5bf1068872c9d7e88931535f11a6c146b6,83d9c6e9ea54b7ea4c233df147006b5bf1068872c9d7e88931535f11a6c146b6,6760,6760,NSBTX texture,NSBTX texture
"포켓몬스터 하트골드 (Korea, IPKK, header ROM version 0)","포켓몬스터 소울실버 (Korea, IPGK, header ROM version 0)",/a/0/8/1,equal,34,34,,,f60bb320c398ad7054f8ac06683228956496a6cfff905616595b67c7890f976a,f60bb320c398ad7054f8ac06683228956496a6cfff905616595b67c7890f976a,6760,6760,NSBTX texture,NSBTX texture
"포켓몬스터 하트골드 (Korea, IPKK, header ROM version 0)","포켓몬스터 소울실버 (Korea, IPGK, header ROM version 0)",/a/0/8/1,equal,35,35,,,b641923beda5a8056bb92da8f2271d2ed53a21ba114ea3a17d0616c5fc9c4920,b641923beda5a8056bb92da8f2271d2ed53a21ba114ea3a17d0616c5fc9c4920,6760,6760,NSBTX texture,NSBTX texture
"포켓몬스터 하트골드 (Korea, IPKK, header ROM version 0)","포켓몬스터 소울실버 (Korea, IPGK, header ROM version 0)",/a/0/8/1,equal,36,36,,,aae37aecc249003579042364e6ffcf9a8c5cc611c4fe8984f48f13f691c22617,aae37aecc249003579042364e6ffcf9a8c5cc611c4fe8984f48f13f691c22617,6760,6760,NSBTX texture,NSBTX texture
"포켓몬스터 하트골드 (Korea, IPKK, header ROM version 0)","포켓몬스터 소울실버 (Korea, IPGK, header ROM version 0)",/a/0/8/1,equal,37,37,,,9e69bf9414690a63c2482d5ddaa46e872f4af7fa1ae45b902ed60a6c93aeb4f7,9e69bf9414690a63c2482d5ddaa46e872f4af7fa1ae45b902ed60a6c93aeb4f7,6760,6760,NSBTX texture,NSBTX texture
"포켓몬스터 하트골드 (Korea, IPKK, header ROM version 0)","포켓몬스터 소울실버 (Korea, IPGK, header ROM version 0)",/a/0/8/1,equal,38,38,,,e078a063d475b27b7adf07a08aad88d6bfebcb3077e7b499ceeb2b47c1afe091,e078a063d475b27b7adf07a08aad88d6bfebcb3077e7b499ceeb2b47c1afe091,6760,6760,NSBTX texture,NSBTX texture
"포켓몬스터 하트골드 (Korea, IPKK, header ROM version 0)","포켓몬스터 소울실버 (Korea, IPGK, header ROM version 0)",/a/0/8/1,equal,39,39,,,18923a8aca6c2e81abd49b2ef819538c948edc26a4c5cb4a860e14a9b8abd988,18923a8aca6c2e81abd49b2ef819538c948edc26a4c5cb4a860e14a9b8abd988,6760,6760,NSBTX texture,NSBTX texture
"포켓몬스터 하트골드 (Korea, IPKK, header ROM version 0)","포켓몬스터 소울실버 (Korea, IPGK, header ROM version 0)",/a/0/8/1,equal,40,40,,,5761b7a15034fe6e40b79ec85f83f6980cb11beba64926ff5936cab896114387,5761b7a15034fe6e40b79ec85f83f6980cb11beba64926ff5936cab896114387,6760,6760,NSBTX texture,NSBTX texture
"포켓몬스터 하트골드 (Korea, IPKK, header ROM version 0)","포켓몬스터 소울실버 (Korea, IPGK, header ROM version 0)",/a/0/8/1,equal,41,41,,,925fc554cc7a8de2f7a9fa4248bbc2c268633bc5790231b04bfc6a6eef8c9ffc,925fc554cc7a8de2f7a9fa4248bbc2c268633bc5790231b04bfc6a6eef8c9ffc,6760,6760,NSBTX texture,NSBTX texture
"포켓몬스터 하트골드 (Korea, IPKK, header ROM version 0)","포켓몬스터 소울실버 (Korea, IPGK, header ROM version 0)",/a/0/8/1,equal,42,42,,,25aaba18501122b5842343c5871fcc7701a0e4eb4291bf0982863df9c9e0ae62,25aaba18501122b5842343c5871fcc7701a0e4eb4291bf0982863df9c9e0ae62,6760,6760,NSBTX texture,NSBTX texture
"포켓몬스터 하트골드 (Korea, IPKK, header ROM version 0)","포켓몬스터 소울실버 (Korea, IPGK, header ROM version 0)",/a/0/8/1,equal,43,43,,,47cd1998e52febbe5c292dc55da0262aaf6731efb19b3055f670f8d175562600,47cd1998e52febbe5c292dc55da0262aaf6731efb19b3055f670f8d175562600,6760,6760,NSBTX texture,NSBTX texture
"포켓몬스터 하트골드 (Korea, IPKK, header ROM version 0)","포켓몬스터 소울실버 (Korea, IPGK, header ROM version 0)",/a/0/8/1,equal,44,44,,,98520cbc43bfbc940418226241ecfde964fb1b26e7ad976c1c4f9fa427ca51b2,98520cbc43bfbc940418226241ecfde964fb1b26e7ad976c1c4f9fa427ca51b2,6760,6760,NSBTX texture,NSBTX texture
"포켓몬스터 하트골드 (Korea, IPKK, header ROM version 0)","포켓몬스터 소울실버 (Korea, IPGK, header ROM version 0)",/a/0/8/1,equal,45,45,,,b6b786bc42dd2a686de0e07c0a3605c5323054cf630c7aa5589fbf4ee7147a78,b6b786bc42dd2a686de0e07c0a3605c5323054cf630c7aa5589fbf4ee7147a78,6760,6760,NSBTX texture,NSBTX texture
"포켓몬스터 하트골드 (Korea, IPKK, header ROM version 0)","포켓몬스터 소울실버 (Korea, IPGK, header ROM version 0)",/a/0/8/1,equal,46,46,,,0c6ba1ac33bb67882e94502481f8e99e21981cd6fe905d2a6d55d500d5e22852,0c6ba1ac33bb67882e94502481f8e99e21981cd6fe905d2a6d55d500d5e22852,6760,6760,NSBTX texture,NSBTX texture
"포켓몬스터 하트골드 (Korea, IPKK, header ROM version 0)","포켓몬스터 소울실버 (Korea, IPGK, header ROM version 0)",/a/0/8/1,equal,47,47,,,6a66641eb83a6d66ff83c987b8f10ecdf6e172da24b013ffc2d9dd94fa987bf9,6a66641eb83a6d66ff83c987b8f10ecdf6e172da24b013ffc2d9dd94fa987bf9,6760,6760,NSBTX texture,NSBTX texture
"포켓몬스터 하트골드 (Korea, IPKK, header ROM version 0)","포켓몬스터 소울실버 (Korea, IPGK, header ROM version 0)",/a/0/8/1,equal,48,48,,,1254d7ffec947ef606cf9e508b0ee7bd2c2c337325768c785e0379484c9e0938,1254d7ffec947ef606cf9e508b0ee7bd2c2c337325768c785e0379484c9e0938,6760,6760,NSBTX texture,NSBTX texture
"포켓몬스터 하트골드 (Korea, IPKK, header ROM version 0)","포켓몬스터 소울실버 (Korea, IPGK, header ROM version 0)",/a/0/8/1,equal,49,49,,,d6583b98de6725499d469a7917bc7d5dc0a7dbf3a5b7ac15bc90e17e5c0da0aa,d6583b98de6725499d469a7917bc7d5dc0a7dbf3a5b7ac15bc90e17e5c0da0aa,6760,6760,NSBTX texture,NSBTX texture
"포켓몬스터 하트골드 (Korea, IPKK, header ROM version 0)","포켓몬스터 소울실버 (Korea, IPGK, header ROM version 0)",/a/0/8/1,equal,50,50,,,c332711a3025ed3a16d76686224fc07cca6563ca5a47f3da929574acb8208b9b,c332711a3025ed3a16d76686224fc07cca6563ca5a47f3da929574acb8208b9b,6760,6760,NSBTX texture,NSBTX texture
"포켓몬스터 하트골드 (Korea, IPKK, header ROM version 0)","포켓몬스터 소울실버 (Korea, IPGK, header ROM version 0)",/a/0/8/1,equal,51,51,,,60add2e6aeaa75576bcb4de62138e4dff83f40d9e88f33c4090f7816f55e2a88,60add2e6aeaa75576bcb4de62138e4dff83f40d9e88f33c4090f7816f55e2a88,6760,6760,NSBTX texture,NSBTX texture
"포켓몬스터 하트골드 (Korea, IPKK, header ROM version 0)","포켓몬스터 소울실버 (Korea, IPGK, header ROM version 0)",/a/0/8/1,equal,52,52,,,aab0443b9bc6dce80a6a8a95d4054fe7e523774f1f8c11bc89ebb2c7ee108cb8,aab0443b9bc6dce80a6a8a95d4054fe7e523774f1f8c11bc89ebb2c7ee108cb8,6760,6760,NSBTX texture,NSBTX texture
"포켓몬스터 하트골드 (Korea, IPKK, header ROM version 0)","포켓몬스터 소울실버 (Korea, IPGK, header ROM version 0)",/a/0/8/1,equal,53,53,,,ada4491451e2960583217fb990d156e2a34c411e8306ba279d14738fa15ce979,ada4491451e2960583217fb990d156e2a34c411e8306ba279d14738fa15ce979,6760,6760,NSBTX texture,NSBTX texture
"포켓몬스터 하트골드 (Korea, IPKK, header ROM version 0)","포켓몬스터 소울실버 (Korea, IPGK, header ROM version 0)",/a/0/8/1,equal,54,54,,,749200a9bcd618fc47b1d56ab8f0c41f3d453a64ceeb72e7318e14ed6975604b,749200a9bcd618fc47b1d56ab8f0c41f3d453a64ceeb72e7318e14ed6975604b,6760,6760,NSBTX texture,NSBTX texture
"포켓몬스터 하트골드 (Korea, IPKK, header ROM version 0)","포켓몬스터 소울실버 (Korea, IPGK, header ROM version 0)",/a/0/8/1,equal,55,55,,,507c707be361257967ef4112505b7c5ad297b6bb66588b607cf4df15bcf4fbe0,507c707be361257967ef4112505b7c5ad297b6bb66588b607cf4df15bcf4fbe0,6760,6760,NSBTX texture,NSBTX texture
"포켓몬스터 하트골드 (Korea, IPKK, header ROM version 0)","포켓몬스터 소울실버 (Korea, IPGK, header ROM version 0)",/a/0/8/1,equal,56,56,,,8553e8c87e65b20cb06b36a4148a76f245a7dd629a5bca10b63fc7d1a31a293f,8553e8c87e65b20cb06b36a4148a76f245a7dd629a5bca10b63fc7d1a31a293f,6760,6760,NSBTX texture,NSBTX texture
"포켓몬스터 하트골드 (Korea, IPKK, header ROM version 0)","포켓몬스터 소울실버 (Korea, IPGK, header ROM version 0)",/a/0/8/1,equal,57,57,,,9efc8fe94bb477483b997e625270fdb05d088fba426f151f67be1f3824453232,9efc8fe94bb477483b997e625270fdb05d088fba426f151f67be1f3824453232,6760,6760,NSBTX texture,NSBTX texture
"포켓몬스터 하트골드 (Korea, IPKK, header ROM version 0)","포켓몬스터 소울실버 (Korea, IPGK, header ROM version 0)",/a/0/8/1,equal,58,58,,,7ed3d01502a872c2524bb42b30fdb8e999bef13db7a34fc3015ec6358bbd70e5,7ed3d01502a872c2524bb42b30fdb8e999bef13db7a34fc3015ec6358bbd70e5,6760,6760,NSBTX texture,NSBTX texture
"포켓몬스터 하트골드 (Korea, IPKK, header ROM version 0)","포켓몬스터 소울실버 (Korea, IPGK, header ROM version 0)",/a/0/8/1,equal,59,59,,,a25aec3a64d2fba9f2c1996783489645508c6880a878755a42281933ee9e33db,a25aec3a64d2fba9f2c1996783489645508c6880a878755a42281933ee9e33db,6760,6760,NSBTX texture,NSBTX texture
"포켓몬스터 하트골드 (Korea, IPKK, header ROM version 0)","포켓몬스터 소울실버 (Korea, IPGK, header ROM version 0)",/a/0/8/1,equal,60,60,,,d6d3c39f6c1f30e42668a34106ab498eba2f16c3f1aa69134dac00b68eb1d89f,d6d3c39f6c1f30e42668a34106ab498eba2f16c3f1aa69134dac00b68eb1d89f,6760,6760,NSBTX texture,NSBTX texture
"포켓몬스터 하트골드 (Korea, IPKK, header ROM version 0)","포켓몬스터 소울실버 (Korea, IPGK, header ROM version 0)",/a/0/8/1,equal,61,61,,,eca33e4c7efa415fb17e1a926654eda97a95d1665baf8d9917322fcd14e42b73,eca33e4c7efa415fb17e1a926654eda97a95d1665baf8d9917322fcd14e42b73,6760,6760,NSBTX texture,NSBTX texture
"포켓몬스터 하트골드 (Korea, IPKK, header ROM version 0)","포켓몬스터 소울실버 (Korea, IPGK, header ROM version 0)",/a/0/8/1,equal,62,62,,,39eb1c4e9e842a2a795a323e498fa142d4b5bfb9cfcad6074e78dd348e16c870,39eb1c4e9e842a2a795a323e498fa142d4b5bfb9cfcad6074e78dd348e16c870,6760,6760,NSBTX texture,NSBTX texture
"포켓몬스터 하트골드 (Korea, IPKK, header ROM version 0)","포켓몬스터 소울실버 (Korea, IPGK, header ROM version 0)",/a/0/8/1,equal,63,63,,,1828fa6c7f5e70f6af13cdf0c9929c1a8138f4c893401cd634a028c2fbe50c01,1828fa6c7f5e70f6af13cdf0c9929c1a8138f4c893401cd634a028c2fbe50c01,6760,6760,NSBTX texture,NSBTX texture
"포켓몬스터 하트골드 (Korea, IPKK, header ROM version 0)","포켓몬스터 소울실버 (Korea, IPGK, header ROM version 0)",/a/0/8/1,equal,64,64,,,8737e5f9ef381021501e02478de4884401251d9779d3c64907c409d3743fbdcf,8737e5f9ef381021501e02478de4884401251d9779d3c64907c409d3743fbdcf,6760,6760,NSBTX texture,NSBTX texture
"포켓몬스터 하트골드 (Korea, IPKK, header ROM version 0)","포켓몬스터 소울실버 (Korea, IPGK, header ROM version 0)",/a/0/8/1,equal,65,65,,,a6b65d7b85e55260a88d98df2875db7e65186abf1ecc7260fe5c322839b677ce,a6b65d7b85e55260a88d98df2875db7e65186abf1ecc7260fe5c322839b677ce,6760,6760,NSBTX texture,NSBTX texture
"포켓몬스터 하트골드 (Korea, IPKK, header ROM version 0)","포켓몬스터 소울실버 (Korea, IPGK, header ROM version 0)",/a/0/8/1,equal,66,66,,,e1e349c02603c8dc3059afcbc7358ee1553ba5a3bf02ba9411054a5836030968,e1e349c02603c8dc3059afcbc7358ee1553ba5a3bf02ba9411054a5836030968,8296,8296,NSBTX texture,NSBTX texture
"포켓몬스터 하트골드 (Korea, IPKK, header ROM version 0)","포켓몬스터 소울실버 (Korea, IPGK, header ROM version 0)",/a/0/8/1,equal,67,67,,,af8d525536bd4da17513a38ac1b9d1a8de4f4ce25be1eff37d1e333b3f13210c,af8d525536bd4da17513a38ac1b9d1a8de4f4ce25be1eff37d1e333b3f13210c,6760,6760,NSBTX texture,NSBTX texture
"포켓몬스터 하트골드 (Korea, IPKK, header ROM version 0)","포켓몬스터 소울실버 (Korea, IPGK, header ROM version 0)",/a/0/8/1,equal,68,68,,,c4e674bb5d1cdff0c0db06d6ccc4f423d18e13d3fd6fc8a844d7a80c4aecf925,c4e674bb5d1cdff0c0db06d6ccc4f423d18e13d3fd6fc8a844d7a80c4aecf925,6760,6760,NSBTX texture,NSBTX texture
"포켓몬스터 하트골드 (Korea, IPKK, header ROM version 0)","포켓몬스터 소울실버 (Korea, IPGK, header ROM version 0)",/a/0/8/1,equal,69,69,,,760538511d24c1fea6629bc8e7d18ec4ec9bdb1249854a7fe8d78965dcb23b44,760538511d24c1fea6629bc8e7d18ec4ec9bdb1249854a7fe8d78965dcb23b44,13352,13352,NSBTX texture,NSBTX texture
"포켓몬스터 하트골드 (Korea, IPKK, header ROM version 0)","포켓몬스터 소울실버 (Korea, IPGK, header ROM version 0)",/a/0/8/1,equal,70,70,,,0f90d4e1fa774774138df3bbebe2be535839f8f212a29985fd735501bf6e9894,0f90d4e1fa774774138df3bbebe2be535839f8f212a29985fd735501bf6e9894,13352,13352,NSBTX texture,NSBTX texture
"포켓몬스터 하트골드 (Korea, IPKK, header ROM version 0)","포켓몬스터 소울실버 (Korea, IPGK, header ROM version 0)",/a/0/8/1,equal,71,71,,,7ed23866cb63031caaa3b930ed6007e642e467f958e38dba045d072a9e25e774,7ed23866cb63031caaa3b930ed6007e642e467f958e38dba045d072a9e25e774,12104,12104,NSBTX texture,NSBTX texture
"포켓몬스터 하트골드 (Korea, IPKK, header ROM version 0)","포켓몬스터 소울실버 (Korea, IPGK, header ROM version 0)",/a/0/8/1,equal,72,72,,,0fb8bc43993ee6f1e07fdbba2245a2fdd8f9a7d7fe1c9f4bb50d0c3bdb281318,0fb8bc43993ee6f1e07fdbba2245a2fdd8f9a7d7fe1c9f4bb50d0c3bdb281318,11080,11080,NSBTX texture,NSBTX texture
"포켓몬스터 하트골드 (Korea, IPKK, header ROM version 0)","포켓몬스터 소울실버 (Korea, IPGK, header ROM version 0)",/a/0/8/1,equal,73,73,,,a19756c2505d8709c86f187fd7979a9228cf40c4c172b30c0a59f1cba93338ea,a19756c2505d8709c86f187fd7979a9228cf40c4c172b30c0a59f1cba93338ea,2328,2328,NSBTX texture,NSBTX texture
"포켓몬스터 하트골드 (Korea, IPKK, header ROM version 0)","포켓몬스터 소울실버 (Korea, IPGK, header ROM version 0)",/a/0/8/1,equal,74,74,,,111b23f02a362ad21efe383adf5dce098a9a451a92d9880b4fb62f4cd0f45c46,111b23f02a362ad21efe383adf5dce098a9a451a92d9880b4fb62f4cd0f45c46,2328,2328,NSBTX texture,NSBTX texture
"포켓몬스터 하트골드 (Korea, IPKK, header ROM version 0)","포켓몬스터 소울실버 (Korea, IPGK, header ROM version 0)",/a/0/8/1,equal,75,75,,,0016eef8cb9ecb91ea98d8670103d2b86d48adefab4896ea0e6c0766940cd94d,0016eef8cb9ecb91ea98d8670103d2b86d48adefab4896ea0e6c0766940cd94d,2328,2328,NSBTX texture,NSBTX texture
"포켓몬스터 하트골드 (Korea, IPKK, header ROM version 0)","포켓몬스터 소울실버 (Korea, IPGK, header ROM version 0)",/a/0/8/1,equal,76,76,,,d7c61df1864cb558754b625c723cf83ba8a879c6ac8f4150e11feb9ac5c73907,d7c61df1864cb558754b625c723cf83ba8a879c6ac8f4150e11feb9ac5c73907,2328,2328,NSBTX texture,NSBTX texture
"포켓몬스터 하트골드 (Korea, IPKK, header ROM version 0)","포켓몬스터 소울실버 (Korea, IPGK, header ROM version 0)",/a/0/8/1,equal,77,77,,,4e59cf281219ec43d1356864b31a89b881aab0d0a52c7acfaa52ce6941fb22d7,4e59cf281219ec43d1356864b31a89b881aab0d0a52c7acfaa52ce6941fb22d7,2924,2924,NSBTX texture,NSBTX texture
"포켓몬스터 하트골드 (Korea, IPKK, header ROM version 0)","포켓몬스터 소울실버 (Korea, IPGK, header ROM version 0)",/a/0/8/1,equal,78,78,,,44b6dafc408e948df9f9de2011e91e45786bd2254cac0386e4de6b6912c4de99,44b6dafc408e948df9f9de2011e91e45786bd2254cac0386e4de6b6912c4de99,2924,2924,NSBTX texture,NSBTX texture
"포켓몬스터 하트골드 (Korea, IPKK, header ROM version 0)","포켓몬스터 소울실버 (Korea, IPGK, header ROM version 0)",/a/0/8/1,equal,79,79,,,1925211bba46459e13d6cdd55fcbf179dd2e1ed7a708b1556c648364c2cca775,1925211bba46459e13d6cdd55fcbf179dd2e1ed7a708b1556c648364c2cca775,8808,8808,NSBTX texture,NSBTX texture
"포켓몬스터 하트골드 (Korea, IPKK, header ROM version 0)","포켓몬스터 소울실버 (Korea, IPGK, header ROM version 0)",/a/0/8/1,equal,80,80,,,0cb44181b2216b9996256da07f1c8c24664d179fd1fd607a3c2273f74d9b7d4f,0cb44181b2216b9996256da07f1c8c24664d179fd1fd607a3c2273f74d9b7d4f,8808,8808,NSBTX texture,NSBTX texture
"포켓몬스터 하트골드 (Korea, IPKK, header ROM version 0)","포켓몬스터 소울실버 (Korea, IPGK, header ROM version 0)",/a/0/8/1,equal,81,81,,,69adbc7d0d1b193268869166266d0aa5bfc70f6145bad559e7abf036e680a68d,69adbc7d0d1b193268869166266d0aa5bfc70f6145bad559e7abf036e680a68d,3408,3408,NSBTX texture,NSBTX texture
"포켓몬스터 하트골드 (Korea, IPKK, header ROM version 0)","포켓몬스터 소울실버 (Korea, IPGK, header ROM version 0)",/a/0/8/1,equal,82,82,,,908f7e59f75fb9eec0d08d2bc5342d1909cc237ad24317a8e03b40d0cc7b6182,908f7e59f75fb9eec0d08d2bc5342d1909cc237ad24317a8e03b40d0cc7b6182,3408,3408,NSBTX texture,NSBTX texture
"포켓몬스터 하트골드 (Korea, IPKK, header ROM version 0)","포켓몬스터 소울실버 (Korea, IPGK, header ROM version 0)",/a/0/8/1,equal,83,83,,,966f4a7a2107720e9c3aef3237db25d87ecd7893a1d6f2fc0b05b943d146c6fc,966f4a7a2107720e9c3aef3237db25d87ecd7893a1d6f2fc0b05b943d146c6fc,6760,6760,NSBTX texture,NSBTX texture
"포켓몬스터 하트골드 (Korea, IPKK, header ROM version 0)","포켓몬스터 소울실버 (Korea, IPGK, header ROM version 0)",/a/0/8/1,equal,84,84,,,190b9acd3601cd22c56608d347cee871014bf665835dd019b4c369c68bb614ee,190b9acd3601cd22c56608d347cee871014bf665835dd019b4c369c68bb614ee,6760,6760,NSBTX texture,NSBTX texture
"포켓몬스터 하트골드 (Korea, IPKK, header ROM version 0)","포켓몬스터 소울실버 (Korea, IPGK, header ROM version 0)",/a/0/8/1,equal,85,85,,,51ce929b5aa1c4e71c6e53a0024679499d1f047404451e6eddcccdca8015577a,51ce929b5aa1c4e71c6e53a0024679499d1f047404451e6eddcccdca8015577a,6648,6648,NSBTX texture,NSBTX texture
"포켓몬스터 하트골드 (Korea, IPKK, header ROM version 0)","포켓몬스터 소울실버 (Korea, IPGK, header ROM version 0)",/a/0/8/1,equal,86,86,,,0efa4366c5e769eddef59a6c3a478b2a55d413484dc93d786902687f6691ec6f,0efa4366c5e769eddef59a6c3a478b2a55d413484dc93d786902687f6691ec6f,6648,6648,NSBTX texture,NSBTX texture
"포켓몬스터 하트골드 (Korea, IPKK, header ROM version 0)","포켓몬스터 소울실버 (Korea, IPGK, header ROM version 0)",/a/0/8/1,equal,87,87,,,5f5089c2ef849e041335c8f0dd83dba8025b3b1d727d61ff6579a6917b68607e,5f5089c2ef849e041335c8f0dd83dba8025b3b1d727d61ff6579a6917b68607e,1248,1248,NSBTX texture,NSBTX texture
"포켓몬스터 하트골드 (Korea, IPKK, header ROM version 0)","포켓몬스터 소울실버 (Korea, IPGK, header ROM version 0)",/a/0/8/1,equal,88,88,,,40a702b5f19afca501bceb2a9d906b1ce3132925ec31bc4ad479bf190a1b6555,40a702b5f19afca501bceb2a9d906b1ce3132925ec31bc4ad479bf190a1b6555,1248,1248,NSBTX texture,NSBTX texture
"포켓몬스터 하트골드 (Korea, IPKK, header ROM version 0)","포켓몬스터 소울실버 (Korea, IPGK, header ROM version 0)",/a/0/8/1,equal,89,89,,,082aa542e7d453eac1da1aab09de13ce1704c94768ef79de8dcf83e1119ba6e9,082aa542e7d453eac1da1aab09de13ce1704c94768ef79de8dcf83e1119ba6e9,3576,3576,NSBTX texture,NSBTX texture
"포켓몬스터 하트골드 (Korea, IPKK, header ROM version 0)","포켓몬스터 소울실버 (Korea, IPGK, header ROM version 0)",/a/0/8/1,equal,90,90,,,d44dc2136f1530f8f2b46cd27259de6a936ccff6490f892cdd7101f8e8f97b5e,d44dc2136f1530f8f2b46cd27259de6a936ccff6490f892cdd7101f8e8f97b5e,3576,3576,NSBTX texture,NSBTX texture
"포켓몬스터 하트골드 (Korea, IPKK, header ROM version 0)","포켓몬스터 소울실버 (Korea, IPGK, header ROM version 0)",/a/0/8/1,equal,91,91,,,d1baddb76a5916ceaad41e67725c54a16ea2e03e4ceff010c7c204093a7c291d,d1baddb76a5916ceaad41e67725c54a16ea2e03e4ceff010c7c204093a7c291d,308,308,NSBTX texture,NSBTX texture
"포켓몬스터 하트골드 (Korea, IPKK, header ROM version 0)","포켓몬스터 소울실버 (Korea, IPGK, header ROM version 0)",/a/0/8/1,equal,92,92,,,3142e9291ca1609720443cf0bc52ba68dd5424ea6b725a844bcc19cc13280182,3142e9291ca1609720443cf0bc52ba68dd5424ea6b725a844bcc19cc13280182,308,308,NSBTX texture,NSBTX texture
"포켓몬스터 하트골드 (Korea, IPKK, header ROM version 0)","포켓몬스터 소울실버 (Korea, IPGK, header ROM version 0)",/a/0/8/1,equal,93,93,,,edb0eda32de784e209ea208723f4d89546350244b0b4cd06a038ced9a2f4c76f,edb0eda32de784e209ea208723f4d89546350244b0b4cd06a038ced9a2f4c76f,692,692,NSBTX texture,NSBTX texture
"포켓몬스터 하트골드 (Korea, IPKK, header ROM version 0)","포켓몬스터 소울실버 (Korea, IPGK, header ROM version 0)",/a/0/8/1,equal,94,94,,,de798fd77fb8a67e233848c06d17b95dd04dc29a1abc995dca03f07a42d35f0a,de798fd77fb8a67e233848c06d17b95dd04dc29a1abc995dca03f07a42d35f0a,308,308,NSBTX texture,NSBTX texture
"포켓몬스터 하트골드 (Korea, IPKK, header ROM version 0)","포켓몬스터 소울실버 (Korea, IPGK, header ROM version 0)",/a/0/8/1,equal,95,95,,,e24dcb59537d24c17de8b4c1047f350cbfd62d640f5cf5fd26e9e2ea60eaca74,e24dcb59537d24c17de8b4c1047f350cbfd62d640f5cf5fd26e9e2ea60eaca74,14376,14376,NSBTX texture,NSBTX texture
"포켓몬스터 하트골드 (Korea, IPKK, header ROM version 0)","포켓몬스터 소울실버 (Korea, IPGK, header ROM version 0)",/a/0/8/1,equal,96,96,,,a68b7fd93b96b43643feef216c9b429e762b9d3ea5ce7472e01617c23c1e17df,a68b7fd93b96b43643feef216c9b429e762b9d3ea5ce7472e01617c23c1e17df,13864,13864,NSBTX texture,NSBTX texture
"포켓몬스터 하트골드 (Korea, IPKK, header ROM version 0)","포켓몬스터 소울실버 (Korea, IPGK, header ROM version 0)",/a/0/8/1,equal,97,97,,,64cd727a2c1cb4b4a6b7a3ac29557749cc95069233b079fddf7a1c07fa79a6a0,64cd727a2c1cb4b4a6b7a3ac29557749cc95069233b079fddf7a1c07fa79a6a0,3576,3576,NSBTX texture,NSBTX texture
"포켓몬스터 하트골드 (Korea, IPKK, header ROM version 0)","포켓몬스터 소울실버 (Korea, IPGK, header ROM version 0)",/a/0/8/1,equal,98,98,,,78b75321143abede539b2370793a8616db22e425be50b3015801d141911931b2,78b75321143abede539b2370793a8616db22e425be50b3015801d141911931b2,3576,3576,NSBTX texture,NSBTX texture
"포켓몬스터 하트골드 (Korea, IPKK, header ROM version 0)","포켓몬스터 소울실버 (Korea, IPGK, header ROM version 0)",/a/0/8/1,equal,99,99,,,a561f22b097029b7a49660b1d658d5caa1d71d81eb0f313fe24c745a666a5ad6,a561f22b097029b7a49660b1d658d5caa1d71d81eb0f313fe24c745a666a5ad6,13864,13864,NSBTX texture,NSBTX texture
"포켓몬스터 하트골드 (Korea, IPKK, header ROM version 0)","포켓몬스터 소울실버 (Korea, IPGK, header ROM version 0)",/a/0/8/1,equal,100,100,,,78677615afdd7b6fabff6a49c43597564502e1fecbf837c700036f197a5c262f,78677615afdd7b6fabff6a49c43597564502e1fecbf837c700036f197a5c262f,8232,8232,NSBTX texture,NSBTX texture
"포켓몬스터 하트골드 (Korea, IPKK, header ROM version 0)","포켓몬스터 소울실버 (Korea, IPGK, header ROM version 0)",/a/0/8/1,equal,101,101,,,8a36fbc7ef08e1069921ccd0e7aabc41f2cd1583a3f7cf7d399c9c38166625a9,8a36fbc7ef08e1069921ccd0e7aabc41f2cd1583a3f7cf7d399c9c38166625a9,6760,6760,NSBTX texture,NSBTX texture
"포켓몬스터 하트골드 (Korea, IPKK, header ROM version 0)","포켓몬스터 소울실버 (Korea, IPGK, header ROM version 0)",/a/0/8/1,equal,102,102,,,f82c594ac2ddf2f3691736f4ced031e361a54f1f8f1c6d0e38ac32fc48fe7575,f82c594ac2ddf2f3691736f4ced031e361a54f1f8f1c6d0e38ac32fc48fe7575,6760,6760,NSBTX texture,NSBTX texture
"포켓몬스터 하트골드 (Korea, IPKK, header ROM version 0)","포켓몬스터 소울실버 (Korea, IPGK, header ROM version 0)",/a/0/8/1,equal,103,103,,,35fa8666cd36006d15033bf0c715423d4dd06651c0bbdf9e9fbd7cf9a5b573f8,35fa8666cd36006d15033bf0c715423d4dd06651c0bbdf9e9fbd7cf9a5b573f8,6760,6760,NSBTX texture,NSBTX texture
"포켓몬스터 하트골드 (Korea, IPKK, header ROM version 0)","포켓몬스터 소울실버 (Korea, IPGK, header ROM version 0)",/a/0/8/1,equal,104,104,,,3e761396fa705fae3308a7cefa9de3ebda45efe8e5fb6c3faa7ec2cdb74822c2,3e761396fa705fae3308a7cefa9de3ebda45efe8e5fb6c3faa7ec2cdb74822c2,6760,6760,NSBTX texture,NSBTX texture
"포켓몬스터 하트골드 (Korea, IPKK, header ROM version 0)","포켓몬스터 소울실버 (Korea, IPGK, header ROM version 0)",/a/0/8/1,equal,105,105,,,051d75015866f39249cafe0c60e9968af0aa04e434bcd4c6418bad8cbacd2e5e,051d75015866f39249cafe0c60e9968af0aa04e434bcd4c6418bad8cbacd2e5e,6760,6760,NSBTX texture,NSBTX texture
"포켓몬스터 하트골드 (Korea, IPKK, header ROM version 0)","포켓몬스터 소울실버 (Korea, IPGK, header ROM version 0)",/a/0/8/1,equal,106,106,,,fefc8b9eea0eb7d9284a5425f58bafd54dbc186b563a2dd43f0e7dbfac804ce4,fefc8b9eea0eb7d9284a5425f58bafd54dbc186b563a2dd43f0e7dbfac804ce4,6760,6760,NSBTX texture,NSBTX texture
"포켓몬스터 하트골드 (Korea, IPKK, header ROM version 0)","포켓몬스터 소울실버 (Korea, IPGK, header ROM version 0)",/a/0/8/1,equal,107,107,,,cab199be8d35399cfc2977571cfcf6d5f920e8d6dcea068031c78d27643cd56b,cab199be8d35399cfc2977571cfcf6d5f920e8d6dcea068031c78d27643cd56b,6760,6760,NSBTX texture,NSBTX texture
"포켓몬스터 하트골드 (Korea, IPKK, header ROM version 0)","포켓몬스터 소울실버 (Korea, IPGK, header ROM version 0)",/a/0/8/1,equal,108,108,,,c1598cb4c2d5a0cbeddcf5a65a12ae496278fc9f1c2934763adad3f99afef00b,c1598cb4c2d5a0cbeddcf5a65a12ae496278fc9f1c2934763adad3f99afef00b,6760,6760,NSBTX texture,NSBTX texture
"포켓몬스터 하트골드 (Korea, IPKK, header ROM version 0)","포켓몬스터 소울실버 (Korea, IPGK, header ROM version 0)",/a/0/8/1,equal,109,109,,,5cc5b4f0982ab986e41bf4f48928bc5fd59dcecd87cb6110d15f1c37f3a4a82a,5cc5b4f0982ab986e41bf4f48928bc5fd59dcecd87cb6110d15f1c37f3a4a82a,6760,6760,NSBTX texture,NSBTX texture
"포켓몬스터 하트골드 (Korea, IPKK, header ROM version 0)","포켓몬스터 소울실버 (Korea, IPGK, header ROM version 0)",/a/0/8/1,equal,110,110,,,ffda422bc896196d29c8164b26bf9ec99cf72e8ee55a89c2b5da52380f367710,ffda422bc896196d29c8164b26bf9ec99cf72e8ee55a89c2b5da52380f367710,6760,6760,NSBTX texture,NSBTX texture
"포켓몬스터 하트골드 (Korea, IPKK, header ROM version 0)","포켓몬스터 소울실버 (Korea, IPGK, header ROM version 0)",/a/0/8/1,equal,111,111,,,a31f4c9413d843dee8de9a517320fcc8a8f6ceea295ee535547ee25e17f01968,a31f4c9413d843dee8de9a517320fcc8a8f6ceea295ee535547ee25e17f01968,2152,2152,NSBTX texture,NSBTX texture
"포켓몬스터 하트골드 (Korea, IPKK, header ROM version 0)","포켓몬스터 소울실버 (Korea, IPGK, header ROM version 0)",/a/0/8/1,equal,112,112,,,0c46fcf75637314055e33ae48f2d40d486e493d05166d3265a99490a2a84a928,0c46fcf75637314055e33ae48f2d40d486e493d05166d3265a99490a2a84a928,2244,2244,NSBTX texture,NSBTX texture
"포켓몬스터 하트골드 (Korea, IPKK, header ROM version 0)","포켓몬스터 소울실버 (Korea, IPGK, header ROM version 0)",/a/0/8/1,equal,113,113,,,07d9626702a03327c6d77fffb7c8a955d143cf71054baded5eaf336dbb0fb185,07d9626702a03327c6d77fffb7c8a955d143cf71054baded5eaf336dbb0fb185,6760,6760,NSBTX texture,NSBTX texture
"포켓몬스터 하트골드 (Korea, IPKK, header ROM version 0)","포켓몬스터 소울실버 (Korea, IPGK, header ROM version 0)",/a/0/8/1,equal,114,114,,,fe7b0fd1dc0a7510129353d3f169512f297c909456b99e9af449fc025952ce8e,fe7b0fd1dc0a7510129353d3f169512f297c909456b99e9af449fc025952ce8e,6760,6760,NSBTX texture,NSBTX texture
"포켓몬스터 하트골드 (Korea, IPKK, header ROM version 0)","포켓몬스터 소울실버 (Korea, IPGK, header ROM version 0)",/a/0/8/1,equal,115,115,,,761d2b01268666421ac8cfa8f7ad023c0550107cf09bf6fb6b4429029ae55bad,761d2b01268666421ac8cfa8f7ad023c0550107cf09bf6fb6b4429029ae55bad,6760,6760,NSBTX texture,NSBTX texture
"포켓몬스터 하트골드 (Korea, IPKK, header ROM version 0)","포켓몬스터 소울실버 (Korea, IPGK, header ROM version 0)",/a/0/8/1,equal,116,116,,,c139aa8aca15f111d26ae2253e7055273130f6569458499ff53a872387f4ae1c,c139aa8aca15f111d26ae2253e7055273130f6569458499ff53a872387f4ae1c,6760,6760,NSBTX texture,NSBTX texture
"포켓몬스터 하트골드 (Korea, IPKK, header ROM version 0)","포켓몬스터 소울실버 (Korea, IPGK, header ROM version 0)",/a/0/8/1,equal,117,117,,,c652d1325a656afcf5993ee0f42aac08e186c8558e9c408db76170a1c09c1b1d,c652d1325a656afcf5993ee0f42aac08e186c8558e9c408db76170a1c09c1b1d,6760,6760,NSBTX texture,NSBTX texture
"포켓몬스터 하트골드 (Korea, IPKK, header ROM version 0)","포켓몬스터 소울실버 (Korea, IPGK, header ROM version 0)",/a/0/8/1,equal,118,118,,,ab75df5146f4a70b6c99505ffacb7e9b711a221ec8486314acf26e16e842c9a6,ab75df5146f4a70b6c99505ffacb7e9b711a221ec8486314acf26e16e842c9a6,6760,6760,NSBTX texture,NSBTX texture
"포켓몬스터 하트골드 (Korea, IPKK, header ROM version 0)","포켓몬스터 소울실버 (Korea, IPGK, header ROM version 0)",/a/0/8/1,equal,119,119,,,6812feacce12caadfdf94815a26938a0192f81784ee65af5884b061e0a4df286,6812feacce12caadfdf94815a26938a0192f81784ee65af5884b061e0a4df286,6760,6760,NSBTX texture,NSBTX texture
"포켓몬스터 하트골드 (Korea, IPKK, header ROM version 0)","포켓몬스터 소울실버 (Korea, IPGK, header ROM version 0)",/a/0/8/1,equal,120,120,,,3e720baf9d6a63265b4a8a4151bdfb57ddec62126206d45ff7b88645ba03564c,3e720baf9d6a63265b4a8a4151bdfb57ddec62126206d45ff7b88645ba03564c,6760,6760,NSBTX texture,NSBTX texture
"포켓몬스터 하트골드 (Korea, IPKK, header ROM version 0)","포켓몬스터 소울실버 (Korea, IPGK, header ROM version 0)",/a/0/8/1,equal,121,121,,,af761fc49da17116468d9104a8efb2171950c64af7ae0720f6d519955edec850,af761fc49da17116468d9104a8efb2171950c64af7ae0720f6d519955edec850,6760,6760,NSBTX texture,NSBTX texture
"포켓몬스터 하트골드 (Korea, IPKK, header ROM version 0)","포켓몬스터 소울실버 (Korea, IPGK, header ROM version 0)",/a/0/8/1,equal,122,122,,,48151a0962a997b55f005b84120d67259d762fda34a1f60de3d7993b1bc7f0cb,48151a0962a997b55f005b84120d67259d762fda34a1f60de3d7993b1bc7f0cb,6760,6760,NSBTX texture,NSBTX texture
"포켓몬스터 하트골드 (Korea, IPKK, header ROM version 0)","포켓몬스터 소울실버 (Korea, IPGK, header ROM version 0)",/a/0/8/1,equal,123,123,,,df0808702db33d7bd88c5573ba0cc7003731061223d33e12191918ee92e60456,df0808702db33d7bd88c5573ba0cc7003731061223d33e12191918ee92e60456,6760,6760,NSBTX texture,NSBTX texture
"포켓몬스터 하트골드 (Korea, IPKK, header ROM version 0)","포켓몬스터 소울실버 (Korea, IPGK, header ROM version 0)",/a/0/8/1,equal,124,124,,,dfc221b4b9bcd23bf8f4232792e1ded07bb2863d72897a8f5bab07e70815f437,dfc221b4b9bcd23bf8f4232792e1ded07bb2863d72897a8f5bab07e70815f437,6760,6760,NSBTX texture,NSBTX texture
"포켓몬스터 하트골드 (Korea, IPKK, header ROM version 0)","포켓몬스터 소울실버 (Korea, IPGK, header ROM version 0)",/a/0/8/1,equal,125,125,,,6ed541ab3bce4feca8406813bad7f3414dcff2fe87fa61ec2bca00ea11a63b16,6ed541ab3bce4feca8406813bad7f3414dcff2fe87fa61ec2bca00ea11a63b16,6760,6760,NSBTX texture,NSBTX texture
"포켓몬스터 하트골드 (Korea, IPKK, header ROM version 0)","포켓몬스터 소울실버 (Korea, IPGK, header ROM version 0)",/a/0/8/1,equal,126,126,,,e39e81e35392fdd08f35611010afd36f6fe14a024d227cdef39e05459dc6932c,e39e81e35392fdd08f35611010afd36f6fe14a024d227cdef39e05459dc6932c,6760,6760,NSBTX texture,NSBTX texture
"포켓몬스터 하트골드 (Korea, IPKK, header ROM version 0)","포켓몬스터 소울실버 (Korea, IPGK, header ROM version 0)",/a/0/8/1,equal,127,127,,,8e4a1db54d3dc10eeb28e06720b40ecdd25d1502b15a60c95096af7fa2ead017,8e4a1db54d3dc10eeb28e06720b40ecdd25d1502b15a60c95096af7fa2ead017,6760,6760,NSBTX texture,NSBTX texture
"포켓몬스터 하트골드 (Korea, IPKK, header ROM version 0)","포켓몬스터 소울실버 (Korea, IPGK, header ROM version 0)",/a/0/8/1,equal,128,128,,,c229e2993931f42476ff886b3bf9acd69d737556cec50cb9f84b6ff83d83af55,c229e2993931f42476ff886b3bf9acd69d737556cec50cb9f84b6ff83d83af55,6760,6760,NSBTX texture,NSBTX texture
"포켓몬스터 하트골드 (Korea, IPKK, header ROM version 0)","포켓몬스터 소울실버 (Korea, IPGK, header ROM version 0)",/a/0/8/1,equal,129,129,,,44c54d51299a5466a6e9a38c1b8c1cfaa3e7b8f49ca9c00f67af35933a8a06a6,44c54d51299a5466a6e9a38c1b8c1cfaa3e7b8f49ca9c00f67af35933a8a06a6,6760,6760,NSBTX texture,NSBTX texture
"포켓몬스터 하트골드 (Korea, IPKK, header ROM version 0)","포켓몬스터 소울실버 (Korea, IPGK, header ROM version 0)",/a/0/8/1,equal,130,130,,,017e2e07cc8fb3f49e51f9f77f0e942a7c268217d23ca09454706e8e63067be8,017e2e07cc8fb3f49e51f9f77f0e942a7c268217d23ca09454706e8e63067be8,6760,6760,NSBTX texture,NSBTX texture
"포켓몬스터 하트골드 (Korea, IPKK, header ROM version 0)","포켓몬스터 소울실버 (Korea, IPGK, header ROM version 0)",/a/0/8/1,equal,131,131,,,b641923beda5a8056bb92da8f2271d2ed53a21ba114ea3a17d0616c5fc9c4920,b641923beda5a8056bb92da8f2271d2ed53a21ba114ea3a17d0616c5fc9c4920,6760,6760,NSBTX texture,NSBTX texture
"포켓몬스터 하트골드 (Korea, IPKK, header ROM version 0)","포켓몬스터 소울실버 (Korea, IPGK, header ROM version 0)",/a/0/8/1,equal,132,132,,,1b809d13d7f84e0c877d8288ff46e60189b4ba83fd5052ca738c23a8c9f56535,1b809d13d7f84e0c877d8288ff46e60189b4ba83fd5052ca738c23a8c9f56535,6760,6760,NSBTX texture,NSBTX texture
"포켓몬스터 하트골드 (Korea, IPKK, header ROM version 0)","포켓몬스터 소울실버 (Korea, IPGK, header ROM version 0)",/a/0/8/1,equal,133,133,,,db7c7b60dd5d82c871b05a4fb14f86e0dbfa9e7e97be04a8c2c417fe0418aa37,db7c7b60dd5d82c871b05a4fb14f86e0dbfa9e7e97be04a8c2c417fe0418aa37,7300,7300,NSBTX texture,NSBTX texture
"포켓몬스터 하트골드 (Korea, IPKK, header ROM version 0)","포켓몬스터 소울실버 (Korea, IPGK, header ROM version 0)",/a/0/8/1,equal,134,134,,,e73de07902d27d7a1525191f78a9495c20881bfec1314a6ae058415720dea53a,e73de07902d27d7a1525191f78a9495c20881bfec1314a6ae058415720dea53a,6760,6760,NSBTX texture,NSBTX texture
"포켓몬스터 하트골드 (Korea, IPKK, header ROM version 0)","포켓몬스터 소울실버 (Korea, IPGK, header ROM version 0)",/a/0/8/1,equal,135,135,,,a65a5d06af704fb851e3f86817a0e9d02fd05a3bf7ef900ac09ca3e32e78440b,a65a5d06af704fb851e3f86817a0e9d02fd05a3bf7ef900ac09ca3e32e78440b,6760,6760,NSBTX texture,NSBTX texture
"포켓몬스터 하트골드 (Korea, IPKK, header ROM version 0)","포켓몬스터 소울실버 (Korea, IPGK, header ROM version 0)",/a/0/8/1,equal,136,136,,,9d74c86ec75cd7a44f38a0b34b7c5e653f352572f5496f2626fc1b4c01d5ed56,9d74c86ec75cd7a44f38a0b34b7c5e653f352572f5496f2626fc1b4c01d5ed56,6760,6760,NSBTX texture,NSBTX texture
"포켓몬스터 하트골드 (Korea, IPKK, header ROM version 0)","포켓몬스터 소울실버 (Korea, IPGK, header ROM version 0)",/a/0/8/1,equal,137,137,,,4755c534d8260f7e32293a740569df327899b34824ecbf3743c9e382a92f963a,4755c534d8260f7e32293a740569df327899b34824ecbf3743c9e382a92f963a,6760,6760,NSBTX texture,NSBTX texture
"포켓몬스터 하트골드 (Korea, IPKK, header ROM version 0)","포켓몬스터 소울실버 (Korea, IPGK, header ROM version 0)",/a/0/8/1,equal,138,138,,,7101eb6d3d235736ddf59d65fb0e8daa63b17df67fd09f319a0bfa2784a6b25d,7101eb6d3d235736ddf59d65fb0e8daa63b17df67fd09f319a0bfa2784a6b25d,6760,6760,NSBTX texture,NSBTX texture
"포켓몬스터 하트골드 (Korea, IPKK, header ROM version 0)","포켓몬스터 소울실버 (Korea, IPGK, header ROM version 0)",/a/0/8/1,equal,139,139,,,11b6e8c7b774b9055d4931aad93e00040ae5b7f33def30601eecb354d4bbe74e,11b6e8c7b774b9055d4931aad93e00040ae5b7f33def30601eecb354d4bbe74e,6760,6760,NSBTX texture,NSBTX texture
"포켓몬스터 하트골드 (Korea, IPKK, header ROM version 0)","포켓몬스터 소울실버 (Korea, IPGK, header ROM version 0)",/a/0/8/1,equal,140,140,,,264679d4729d3b59e41e250353cda14797564cca2ad928f36a27f6b808f021b7,264679d4729d3b59e41e250353cda14797564cca2ad928f36a27f6b808f021b7,6760,6760,NSBTX texture,NSBTX texture
"포켓몬스터 하트골드 (Korea, IPKK, header ROM version 0)","포켓몬스터 소울실버 (Korea, IPGK, header ROM version 0)",/a/0/8/1,equal,141,141,,,d6583b98de6725499d469a7917bc7d5dc0a7dbf3a5b7ac15bc90e17e5c0da0aa,d6583b98de6725499d469a7917bc7d5dc0a7dbf3a5b7ac15bc90e17e5c0da0aa,6760,6760,NSBTX texture,NSBTX texture
"포켓몬스터 하트골드 (Korea, IPKK, header ROM version 0)","포켓몬스터 소울실버 (Korea, IPGK, header ROM version 0)",/a/0/8/1,equal,142,142,,,c332711a3025ed3a16d76686224fc07cca6563ca5a47f3da929574acb8208b9b,c332711a3025ed3a16d76686224fc07cca6563ca5a47f3da929574acb8208b9b,6760,6760,NSBTX texture,NSBTX texture
"포켓몬스터 하트골드 (Korea, IPKK, header ROM version 0)","포켓몬스터 소울실버 (Korea, IPGK, header ROM version 0)",/a/0/8/1,equal,143,143,,,60add2e6aeaa75576bcb4de62138e4dff83f40d9e88f33c4090f7816f55e2a88,60add2e6aeaa75576bcb4de62138e4dff83f40d9e88f33c4090f7816f55e2a88,6760,6760,NSBTX texture,NSBTX texture
"포켓몬스터 하트골드 (Korea, IPKK, header ROM version 0)","포켓몬스터 소울실버 (Korea, IPGK, header ROM version 0)",/a/0/8/1,equal,144,144,,,ada4491451e2960583217fb990d156e2a34c411e8306ba279d14738fa15ce979,ada4491451e2960583217fb990d156e2a34c411e8306ba279d14738fa15ce979,6760,6760,NSBTX texture,NSBTX texture
"포켓몬스터 하트골드 (Korea, IPKK, header ROM version 0)","포켓몬스터 소울실버 (Korea, IPGK, header ROM version 0)",/a/0/8/1,equal,145,145,,,83d9c6e9ea54b7ea4c233df147006b5bf1068872c9d7e88931535f11a6c146b6,83d9c6e9ea54b7ea4c233df147006b5bf1068872c9d7e88931535f11a6c146b6,6760,6760,NSBTX texture,NSBTX texture
"포켓몬스터 하트골드 (Korea, IPKK, header ROM version 0)","포켓몬스터 소울실버 (Korea, IPGK, header ROM version 0)",/a/0/8/1,equal,146,146,,,3a98d8b65428738b4f1a8476058f1d8cd65b1cc850150f2e1a8e94f6e6b787bc,3a98d8b65428738b4f1a8476058f1d8cd65b1cc850150f2e1a8e94f6e6b787bc,6760,6760,NSBTX texture,NSBTX texture
"포켓몬스터 하트골드 (Korea, IPKK, header ROM version 0)","포켓몬스터 소울실버 (Korea, IPGK, header ROM version 0)",/a/0/8/1,equal,147,147,,,b0df5245b682d339119aa09e584c69968298e55c674b0df9395bd991e611d256,b0df5245b682d339119aa09e584c69968298e55c674b0df9395bd991e611d256,6760,6760,NSBTX texture,NSBTX texture
"포켓몬스터 하트골드 (Korea, IPKK, header ROM version 0)","포켓몬스터 소울실버 (Korea, IPGK, header ROM version 0)",/a/0/8/1,equal,148,148,,,519e73e2c615310b299948da1d985a0146f699240181be43858cf41a257765ac,519e73e2c615310b299948da1d985a0146f699240181be43858cf41a257765ac,6760,6760,NSBTX texture,NSBTX texture
"포켓몬스터 하트골드 (Korea, IPKK, header ROM version 0)","포켓몬스터 소울실버 (Korea, IPGK, header ROM version 0)",/a/0/8/1,equal,149,149,,,012c653b5191b4b078b6f8c149de4d468c9a7ba54d113355e46147df89e3e568,012c653b5191b4b078b6f8c149de4d468c9a7ba54d113355e46147df89e3e568,6760,6760,NSBTX texture,NSBTX texture
"포켓몬스터 하트골드 (Korea, IPKK, header ROM version 0)","포켓몬스터 소울실버 (Korea, IPGK, header ROM version 0)",/a/0/8/1,equal,150,150,,,a273f1b4679b99efaa99ca989ca556d98f7f709b74a88e470e9e19b5db629b67,a273f1b4679b99efaa99ca989ca556d98f7f709b74a88e470e9e19b5db629b67,6760,6760,NSBTX texture,NSBTX texture
"포켓몬스터 하트골드 (Korea, IPKK, header ROM version 0)","포켓몬스터 소울실버 (Korea, IPGK, header ROM version 0)",/a/0/8/1,equal,151,151,,,0d4eab185f240a22487064496642fc49c27e22686ba0edda8aa1c68def24b390,0d4eab185f240a22487064496642fc49c27e22686ba0edda8aa1c68def24b390,6760,6760,NSBTX texture,NSBTX texture
"포켓몬스터 하트골드 (Korea, IPKK, header ROM version 0)","포켓몬스터 소울실버 (Korea, IPGK, header ROM version 0)",/a/0/8/1,equal,152,152,,,d109185cff4257712c3333a0e15c73cf920bda27776de539b5225136e0fe6b44,d109185cff4257712c3333a0e15c73cf920bda27776de539b5225136e0fe6b44,6760,6760,NSBTX texture,NSBTX texture
"포켓몬스터 하트골드 (Korea, IPKK, header ROM version 0)","포켓몬스터 소울실버 (Korea, IPGK, header ROM version 0)",/a/0/8/1,equal,153,153,,,4ccfe13e65f6e6d639ac70fe4f5c62a6c5f7e934a557d2ad76af7223f000742e,4ccfe13e65f6e6d639ac70fe4f5c62a6c5f7e934a557d2ad76af7223f000742e,6760,6760,NSBTX texture,NSBTX texture
"포켓몬스터 하트골드 (Korea, IPKK, header ROM version 0)","포켓몬스터 소울실버 (Korea, IPGK, header ROM version 0)",/a/0/8/1,equal,154,154,,,5e59ffc3e7e8cb7794ea0fef2960434f50555d9b0e4c2f2d7915949991f021da,5e59ffc3e7e8cb7794ea0fef2960434f50555d9b0e4c2f2d7915949991f021da,6760,6760,NSBTX texture,NSBTX texture
"포켓몬스터 하트골드 (Korea, IPKK, header ROM version 0)","포켓몬스터 소울실버 (Korea, IPGK, header ROM version 0)",/a/0/8/1,equal,155,155,,,b235b828b33896626e2a1ae42fe0d4ed186e0bbbb242b7df8d8fcee99641fd62,b235b828b33896626e2a1ae42fe0d4ed186e0bbbb242b7df8d8fcee99641fd62,6760,6760,NSBTX texture,NSBTX texture
"포켓몬스터 하트골드 (Korea, IPKK, header ROM version 0)","포켓몬스터 소울실버 (Korea, IPGK, header ROM version 0)",/a/0/8/1,equal,156,156,,,48278bd8414adaee400471ac878e0670b5714490871a0669073ae1d16b6c272b,48278bd8414adaee400471ac878e0670b5714490871a0669073ae1d16b6c272b,6760,6760,NSBTX texture,NSBTX texture
"포켓몬스터 하트골드 (Korea, IPKK, header ROM version 0)","포켓몬스터 소울실버 (Korea, IPGK, header ROM version 0)",/a/0/8/1,equal,157,157,,,25ffc2046a959e3b8d5971cc82df955ac6eb453f6f80618e0d5ea3fbfedd2c60,25ffc2046a959e3b8d5971cc82df955ac6eb453f6f80618e0d5ea3fbfedd2c60,6760,6760,NSBTX texture,NSBTX texture
"포켓몬스터 하트골드 (Korea, IPKK, header ROM version 0)","포켓몬스터 소울실버 (Korea, IPGK, header ROM version 0)",/a/0/8/1,equal,158,158,,,3a7411ab94b1f495b0385bf0c13053a02475151c64d26bbe8fbf93034b12fd1c,3a7411ab94b1f495b0385bf0c13053a02475151c64d26bbe8fbf93034b12fd1c,6760,6760,NSBTX texture,NSBTX texture
"포켓몬스터 하트골드 (Korea, IPKK, header ROM version 0)","포켓몬스터 소울실버 (Korea, IPGK, header ROM version 0)",/a/0/8/1,equal,159,159,,,a43a98892bdd614294d1951c97d8a8422a5a4b1f07896792b57b3964a47bf967,a43a98892bdd614294d1951c97d8a8422a5a4b1f07896792b57b3964a47bf967,6760,6760,NSBTX texture,NSBTX texture
"포켓몬스터 하트골드 (Korea, IPKK, header ROM version 0)","포켓몬스터 소울실버 (Korea, IPGK, header ROM version 0)",/a/0/8/1,equal,160,160,,,c38e0ffbb671071790251178fa8b3d4c81da2b1f274138037c670184ae2e2b0a,c38e0ffbb671071790251178fa8b3d4c81da2b1f274138037c670184ae2e2b0a,6760,6760,NSBTX texture,NSBTX texture
"포켓몬스터 하트골드 (Korea, IPKK, header ROM version 0)","포켓몬스터 소울실버 (Korea, IPGK, header ROM version 0)",/a/0/8/1,equal,161,161,,,0939f736fafe9356c35c9ad312f291bf9e1fb6dff7b0c6121af79ea42eac2513,0939f736fafe9356c35c9ad312f291bf9e1fb6dff7b0c6121af79ea42eac2513,2664,2664,NSBTX texture,NSBTX texture
"포켓몬스터 하트골드 (Korea, IPKK, header ROM version 0)","포켓몬스터 소울실버 (Korea, IPGK, header ROM version 0)",/a/0/8/1,equal,162,162,,,cb6eb931dac2b2b520fc18563b83c7e64d2123baccaa665dc6d44703c387d531,cb6eb931dac2b2b520fc18563b83c7e64d2123baccaa665dc6d44703c387d531,6760,6760,NSBTX texture,NSBTX texture
"포켓몬스터 하트골드 (Korea, IPKK, header ROM version 0)","포켓몬스터 소울실버 (Korea, IPGK, header ROM version 0)",/a/0/8/1,equal,163,163,,,7b5cf29d8e1a99f8ab5fc7a2b442cb613fef8bd22e537bad33b115e6aa653911,7b5cf29d8e1a99f8ab5fc7a2b442cb613fef8bd22e537bad33b115e6aa653911,6760,6760,NSBTX texture,NSBTX texture
"포켓몬스터 하트골드 (Korea, IPKK, header ROM version 0)","포켓몬스터 소울실버 (Korea, IPGK, header ROM version 0)",/a/0/8/1,equal,164,164,,,59b683dbbb274b1423a5c9004ac341eaa394beda84d11b4f4dc0d854c2b3211e,59b683dbbb274b1423a5c9004ac341eaa394beda84d11b4f4dc0d854c2b3211e,6760,6760,NSBTX texture,NSBTX texture
"포켓몬스터 하트골드 (Korea, IPKK, header ROM version 0)","포켓몬스터 소울실버 (Korea, IPGK, header ROM version 0)",/a/0/8/1,equal,165,165,,,632f2c7c4ac96acd267882a299b7b968f5bf59c767dad51568673eda9ac400c7,632f2c7c4ac96acd267882a299b7b968f5bf59c767dad51568673eda9ac400c7,6760,6760,NSBTX texture,NSBTX texture
"포켓몬스터 하트골드 (Korea, IPKK, header ROM version 0)","포켓몬스터 소울실버 (Korea, IPGK, header ROM version 0)",/a/0/8/1,equal,166,166,,,3cf40901c1df2da70c8e2567de74d9e6d4712d804350998b41f1a3d4d560139a,3cf40901c1df2da70c8e2567de74d9e6d4712d804350998b41f1a3d4d560139a,6760,6760,NSBTX texture,NSBTX texture
"포켓몬스터 하트골드 (Korea, IPKK, header ROM version 0)","포켓몬스터 소울실버 (Korea, IPGK, header ROM version 0)",/a/0/8/1,equal,167,167,,,ac7642c7e2a7366170c6f82803d3f942dc323b4f76060a081d6f06fa509a3ae7,ac7642c7e2a7366170c6f82803d3f942dc323b4f76060a081d6f06fa509a3ae7,6760,6760,NSBTX texture,NSBTX texture
"포켓몬스터 하트골드 (Korea, IPKK, header ROM version 0)","포켓몬스터 소울실버 (Korea, IPGK, header ROM version 0)",/a/0/8/1,equal,168,168,,,e0951bdc871ae2497c16c12a111d46afd9d41d529302b4d2ff5b7535f0cff1d1,e0951bdc871ae2497c16c12a111d46afd9d41d529302b4d2ff5b7535f0cff1d1,6760,6760,NSBTX texture,NSBTX texture
"포켓몬스터 하트골드 (Korea, IPKK, header ROM version 0)","포켓몬스터 소울실버 (Korea, IPGK, header ROM version 0)",/a/0/8/1,equal,169,169,,,27c88a180f5cffc74fa798c7c15d149fb0ba4dae0ff1aedf0843f6a6d7d1308f,27c88a180f5cffc74fa798c7c15d149fb0ba4dae0ff1aedf0843f6a6d7d1308f,6760,6760,NSBTX texture,NSBTX texture
"포켓몬스터 하트골드 (Korea, IPKK, header ROM version 0)","포켓몬스터 소울실버 (Korea, IPGK, header ROM version 0)",/a/0/8/1,equal,170,170,,,e0f43744fb067057606f1e249f0811fd91693a6b0d404d50515ba3c13b8af359,e0f43744fb067057606f1e249f0811fd91693a6b0d404d50515ba3c13b8af359,6760,6760,NSBTX texture,NSBTX texture
"포켓몬스터 하트골드 (Korea, IPKK, header ROM version 0)","포켓몬스터 소울실버 (Korea, IPGK, header ROM version 0)",/a/0/8/1,equal,171,171,,,d21e06766727122042cd1d13e165c0d697c274acade816e4e4ab73871f442919,d21e06766727122042cd1d13e165c0d697c274acade816e4e4ab73871f442919,6760,6760,NSBTX texture,NSBTX texture
"포켓몬스터 하트골드 (Korea, IPKK, header ROM version 0)","포켓몬스터 소울실버 (Korea, IPGK, header ROM version 0)",/a/0/8/1,equal,172,172,,,4da67c6ef005514efbbf9e2285c9c975e65382e00e6aec87bb7a4cf8946cd689,4da67c6ef005514efbbf9e2285c9c975e65382e00e6aec87bb7a4cf8946cd689,6760,6760,NSBTX texture,NSBTX texture
"포켓몬스터 하트골드 (Korea, IPKK, header ROM version 0)","포켓몬스터 소울실버 (Korea, IPGK, header ROM version 0)",/a/0/8/1,equal,173,173,,,dd4709bab46bd78c82ef782f333cfd95d2fbc4da74291a4af0759cf7c51ebea0,dd4709bab46bd78c82ef782f333cfd95d2fbc4da74291a4af0759cf7c51ebea0,6760,6760,NSBTX texture,NSBTX texture
"포켓몬스터 하트골드 (Korea, IPKK, header ROM version 0)","포켓몬스터 소울실버 (Korea, IPGK, header ROM version 0)",/a/0/8/1,equal,174,174,,,7661e66d4ed05c2138fd8285ef37ca3b4002246eb530912f9fd126e943d56edb,7661e66d4ed05c2138fd8285ef37ca3b4002246eb530912f9fd126e943d56edb,6760,6760,NSBTX texture,NSBTX texture
"포켓몬스터 하트골드 (Korea, IPKK, header ROM version 0)","포켓몬스터 소울실버 (Korea, IPGK, header ROM version 0)",/a/0/8/1,equal,175,175,,,92e7457b27bf08480ad25b56b495b994141cda269e3e0805068c6da5fac20751,92e7457b27bf08480ad25b56b495b994141cda269e3e0805068c6da5fac20751,6760,6760,NSBTX texture,NSBTX texture
"포켓몬스터 하트골드 (Korea, IPKK, header ROM version 0)","포켓몬스터 소울실버 (Korea, IPGK, header ROM version 0)",/a/0/8/1,equal,176,176,,,e0d8614a6b2d00797ee2a31d1d6f79f3198fa7c0c1ad2093468ea9c3145d5c48,e0d8614a6b2d00797ee2a31d1d6f79f3198fa7c0c1ad2093468ea9c3145d5c48,6760,6760,NSBTX texture,NSBTX texture
"포켓몬스터 하트골드 (Korea, IPKK, header ROM version 0)","포켓몬스터 소울실버 (Korea, IPGK, header ROM version 0)",/a/0/8/1,equal,177,177,,,83fb3bd885a067fbc14ffd44586d0154ae554865a6a05edb1df8da3dcdbdeb68,83fb3bd885a067fbc14ffd44586d0154ae554865a6a05edb1df8da3dcdbdeb68,6760,6760,NSBTX texture,NSBTX texture
"포켓몬스터 하트골드 (Korea, IPKK, header ROM version 0)","포켓몬스터 소울실버 (Korea, IPGK, header ROM version 0)",/a/0/8/1,equal,178,178,,,920bef0f2903ca4ce4643d81d121843b00502050d0801cbc6078232c04796530,920bef0f2903ca4ce4643d81d121843b00502050d0801cbc6078232c04796530,6760,6760,NSBTX texture,NSBTX texture
"포켓몬스터 하트골드 (Korea, IPKK, header ROM version 0)","포켓몬스터 소울실버 (Korea, IPGK, header ROM version 0)",/a/0/8/1,equal,179,179,,,84a882201f6035b950ee57d5f1db6d05cf9e8196e192e019efe5ed9c851066dd,84a882201f6035b950ee57d5f1db6d05cf9e8196e192e019efe5ed9c851066dd,6760,6760,NSBTX texture,NSBTX texture
"포켓몬스터 하트골드 (Korea, IPKK, header ROM version 0)","포켓몬스터 소울실버 (Korea, IPGK, header ROM version 0)",/a/0/8/1,equal,180,180,,,070228ade4f5511d1f9162aff3b26c0830b0b0300bbe1b847ef94a8697b9bba5,070228ade4f5511d1f9162aff3b26c0830b0b0300bbe1b847ef94a8697b9bba5,6760,6760,NSBTX texture,NSBTX texture
"포켓몬스터 하트골드 (Korea, IPKK, header ROM version 0)","포켓몬스터 소울실버 (Korea, IPGK, header ROM version 0)",/a/0/8/1,equal,181,181,,,a07557a063ce83f01970f9d4da37084515346296702abdd49885418b30ee5495,a07557a063ce83f01970f9d4da37084515346296702abdd49885418b30ee5495,6760,6760,NSBTX texture,NSBTX texture
"포켓몬스터 하트골드 (Korea, IPKK, header ROM version 0)","포켓몬스터 소울실버 (Korea, IPGK, header ROM version 0)",/a/0/8/1,equal,182,182,,,e20a95e483856683d0c325028eac5accd1ecc556f3b27e67dd31252a0a36b423,e20a95e483856683d0c325028eac5accd1ecc556f3b27e67dd31252a0a36b423,6760,6760,NSBTX texture,NSBTX texture
"포켓몬스터 하트골드 (Korea, IPKK, header ROM version 0)","포켓몬스터 소울실버 (Korea, IPGK, header ROM version 0)",/a/0/8/1,equal,183,183,,,df71b3fd2df2bd04992ac9429156a4d0feb08f22e5ac0cefdfd0f4e8c5dd0e7a,df71b3fd2df2bd04992ac9429156a4d0feb08f22e5ac0cefdfd0f4e8c5dd0e7a,4712,4712,NSBTX texture,NSBTX texture
"포켓몬스터 하트골드 (Korea, IPKK, header ROM version 0)","포켓몬스터 소울실버 (Korea, IPGK, header ROM version 0)",/a/0/8/1,equal,184,184,,,725604e288007299f2368616a08fcc4bfc46710172fb3e2032a4c5d78648c930,725604e288007299f2368616a08fcc4bfc46710172fb3e2032a4c5d78648c930,6760,6760,NSBTX texture,NSBTX texture
"포켓몬스터 하트골드 (Korea, IPKK, header ROM version 0)","포켓몬스터 소울실버 (Korea, IPGK, header ROM version 0)",/a/0/8/1,equal,185,185,,,04f58c1d1329b59bb30cba504d82a53f1e3a184a630dda8b6676288b31f64869,04f58c1d1329b59bb30cba504d82a53f1e3a184a630dda8b6676288b31f64869,6760,6760,NSBTX texture,NSBTX texture
"포켓몬스터 하트골드 (Korea, IPKK, header ROM version 0)","포켓몬스터 소울실버 (Korea, IPGK, header ROM version 0)",/a/0/8/1,equal,186,186,,,e72c6c95061503145452efe1f84e3ef5f246c7f22549ab7691fc5ffd05398802,e72c6c95061503145452efe1f84e3ef5f246c7f22549ab7691fc5ffd05398802,3688,3688,NSBTX texture,NSBTX texture
"포켓몬스터 하트골드 (Korea, IPKK, header ROM version 0)","포켓몬스터 소울실버 (Korea, IPGK, header ROM version 0)",/a/0/8/1,equal,187,187,,,b904cbdd14aeb4b1f6282774c8dc8569c9c647b4bea09e574e84ce9aba160fa3,b904cbdd14aeb4b1f6282774c8dc8569c9c647b4bea09e574e84ce9aba160fa3,6760,6760,NSBTX texture,NSBTX texture
"포켓몬스터 하트골드 (Korea, IPKK, header ROM version 0)","포켓몬스터 소울실버 (Korea, IPGK, header ROM version 0)",/a/0/8/1,equal,188,188,,,9611904f4bf11f193ca946213de3ce71dde5c7598c585e847b8a49d5d1c98e6b,9611904f4bf11f193ca946213de3ce71dde5c7598c585e847b8a49d5d1c98e6b,6760,6760,NSBTX texture,NSBTX texture
"포켓몬스터 하트골드 (Korea, IPKK, header ROM version 0)","포켓몬스터 소울실버 (Korea, IPGK, header ROM version 0)",/a/0/8/1,equal,189,189,,,19522d8efe5369b6ee37f36a473cf6120e27f282d5691368ffe73083d7d93b25,19522d8efe5369b6ee37f36a473cf6120e27f282d5691368ffe73083d7d93b25,6760,6760,NSBTX texture,NSBTX texture
"포켓몬스터 하트골드 (Korea, IPKK, header ROM version 0)","포켓몬스터 소울실버 (Korea, IPGK, header ROM version 0)",/a/0/8/1,equal,190,190,,,1a1ecb790a4af2abb386956e40d9e54a52c5ef71fb023f84478fdc79e76a6801,1a1ecb790a4af2abb386956e40d9e54a52c5ef71fb023f84478fdc79e76a6801,6760,6760,NSBTX texture,NSBTX texture
"포켓몬스터 하트골드 (Korea, IPKK, header ROM version 0)","포켓몬스터 소울실버 (Korea, IPGK, header ROM version 0)",/a/0/8/1,equal,191,191,,,03e4a645bd76492ef7e9d1595285d83362b87e9d3d7c14f6d4fc611052fba593,03e4a645bd76492ef7e9d1595285d83362b87e9d3d7c14f6d4fc611052fba593,6760,6760,NSBTX texture,NSBTX texture
"포켓몬스터 하트골드 (Korea, IPKK, header ROM version 0)","포켓몬스터 소울실버 (Korea, IPGK, header ROM version 0)",/a/0/8/1,equal,192,192,,,89274ac2c1d92a42804875c5e8d5cea8fd1ebc420393b81d65fc5e0acbea3538,89274ac2c1d92a42804875c5e8d5cea8fd1ebc420393b81d65fc5e0acbea3538,6760,6760,NSBTX texture,NSBTX texture
"포켓몬스터 하트골드 (Korea, IPKK, header ROM version 0)","포켓몬스터 소울실버 (Korea, IPGK, header ROM version 0)",/a/0/8/1,equal,193,193,,,2aa7f51e4c8155cdae11ad3611b9fe2e9d4ef8b3059f6358bc783657ab9b0987,2aa7f51e4c8155cdae11ad3611b9fe2e9d4ef8b3059f6358bc783657ab9b0987,6760,6760,NSBTX texture,NSBTX texture
"포켓몬스터 하트골드 (Korea, IPKK, header ROM version 0)","포켓몬스터 소울실버 (Korea, IPGK, header ROM version 0)",/a/0/8/1,equal,194,194,,,157656ad4f1457a1b1f4c26659254db5887aa7cca95bcf2ea0cd4903bf6a6ac5,157656ad4f1457a1b1f4c26659254db5887aa7cca95bcf2ea0cd4903bf6a6ac5,2244,2244,NSBTX texture,NSBTX texture
"포켓몬스터 하트골드 (Korea, IPKK, header ROM version 0)","포켓몬스터 소울실버 (Korea, IPGK, header ROM version 0)",/a/0/8/1,equal,195,195,,,541bb87251edb271c67a2dfef8891fd3acf8c01e8ac63ff0c27a0d9315131188,541bb87251edb271c67a2dfef8891fd3acf8c01e8ac63ff0c27a0d9315131188,1640,1640,NSBTX texture,NSBTX texture
"포켓몬스터 하트골드 (Korea, IPKK, header ROM version 0)","포켓몬스터 소울실버 (Korea, IPGK, header ROM version 0)",/a/0/8/1,equal,196,196,,,eebd06e7ce022ff08fa8f3426ba36b6aef02a6c42c063fb6732412be9ea67a78,eebd06e7ce022ff08fa8f3426ba36b6aef02a6c42c063fb6732412be9ea67a78,1128,1128,NSBTX texture,NSBTX texture
"포켓몬스터 하트골드 (Korea, IPKK, header ROM version 0)","포켓몬스터 소울실버 (Korea, IPGK, header ROM version 0)",/a/0/8/1,equal,197,197,,,66628f210ebf0f98ef61671e06b18192c15e56dac3dab1195b96eb4894fdacf8,66628f210ebf0f98ef61671e06b18192c15e56dac3dab1195b96eb4894fdacf8,1128,1128,NSBTX texture,NSBTX texture
"포켓몬스터 하트골드 (Korea, IPKK, header ROM version 0)","포켓몬스터 소울실버 (Korea, IPGK, header ROM version 0)",/a/0/8/1,equal,198,198,,,3e036630632c0120b35cbe2957d794da65e0ff43fb36a23ecd757dcbf9c4fec3,3e036630632c0120b35cbe2957d794da65e0ff43fb36a23ecd757dcbf9c4fec3,1128,1128,NSBTX texture,NSBTX texture
"포켓몬스터 하트골드 (Korea, IPKK, header ROM version 0)","포켓몬스터 소울실버 (Korea, IPGK, header ROM version 0)",/a/0/8/1,equal,199,199,,,cd826c39dfb102b4222dc246c8a06f6e60d09fdc3b7c4872a001df5622c4d48c,cd826c39dfb102b4222dc246c8a06f6e60d09fdc3b7c4872a001df5622c4d48c,1128,1128,NSBTX texture,NSBTX texture
"포켓몬스터 하트골드 (Korea, IPKK, header ROM version 0)","포켓몬스터 소울실버 (Korea, IPGK, header ROM version 0)",/a/0/8/1,equal,200,200,,,1cbead168fd2b6ba9dc9c717d5649b8b509765780da394b5547f0712ffadd941,1cbead168fd2b6ba9dc9c717d5649b8b509765780da394b5547f0712ffadd941,1128,1128,NSBTX texture,NSBTX texture
"포켓몬스터 하트골드 (Korea, IPKK, header ROM version 0)","포켓몬스터 소울실버 (Korea, IPGK, header ROM version 0)",/a/0/8/1,equal,201,201,,,0fbd71823006a10b94981195faadb85c5b810eb983fb34ecc2b1226ecf08f2d5,0fbd71823006a10b94981195faadb85c5b810eb983fb34ecc2b1226ecf08f2d5,4544,4544,NSBTX texture,NSBTX texture
"포켓몬스터 하트골드 (Korea, IPKK, header ROM version 0)","포켓몬스터 소울실버 (Korea, IPGK, header ROM version 0)",/a/0/8/1,equal,202,202,,,0fbd71823006a10b94981195faadb85c5b810eb983fb34ecc2b1226ecf08f2d5,0fbd71823006a10b94981195faadb85c5b810eb983fb34ecc2b1226ecf08f2d5,4544,4544,NSBTX texture,NSBTX texture
"포켓몬스터 하트골드 (Korea, IPKK, header ROM version 0)","포켓몬스터 소울실버 (Korea, IPGK, header ROM version 0)",/a/0/8/1,equal,203,203,,,0fbd71823006a10b94981195faadb85c5b810eb983fb34ecc2b1226ecf08f2d5,0fbd71823006a10b94981195faadb85c5b810eb983fb34ecc2b1226ecf08f2d5,4544,4544,NSBTX texture,NSBTX texture
"포켓몬스터 하트골드 (Korea, IPKK, header ROM version 0)","포켓몬스터 소울실버 (Korea, IPGK, header ROM version 0)",/a/0/8/1,equal,204,204,,,978c0df5c3195a339500c279e794f1cb94a1dcf27aab4afe6451cc60cfa9421f,978c0df5c3195a339500c279e794f1cb94a1dcf27aab4afe6451cc60cfa9421f,16832,16832,NSBTX texture,NSBTX texture
"포켓몬스터 하트골드 (Korea, IPKK, header ROM version 0)","포켓몬스터 소울실버 (Korea, IPGK, header ROM version 0)",/a/0/8/1,equal,205,205,,,978c0df5c3195a339500c279e794f1cb94a1dcf27aab4afe6451cc60cfa9421f,978c0df5c3195a339500c279e794f1cb94a1dcf27aab4afe6451cc60cfa9421f,16832,16832,NSBTX texture,NSBTX texture
"포켓몬스터 하트골드 (Korea, IPKK, header ROM version 0)","포켓몬스터 소울실버 (Korea, IPGK, header ROM version 0)",/a/0/8/1,equal,206,206,,,978c0df5c3195a339500c279e794f1cb94a1dcf27aab4afe6451cc60cfa9421f,978c0df5c3195a339500c279e794f1cb94a1dcf27aab4afe6451cc60cfa9421f,16832,16832,NSBTX texture,NSBTX texture
"포켓몬스터 하트골드 (Korea, IPKK, header ROM version 0)","포켓몬스터 소울실버 (Korea, IPGK, header ROM version 0)",/a/0/8/1,equal,207,207,,,5705503c5c00394348881873d7f5e7e67d03aba72c688caf3af4d217458844cc,5705503c5c00394348881873d7f5e7e67d03aba72c688caf3af4d217458844cc,4488,4488,NSBTX texture,NSBTX texture
"포켓몬스터 하트골드 (Korea, IPKK, header ROM version 0)","포켓몬스터 소울실버 (Korea, IPGK, header ROM version 0)",/a/0/8/1,equal,208,208,,,8b1805279c0aaeab46f7bf2a82e295b621b69164964a82bac1a97ebe99e53a52,8b1805279c0aaeab46f7bf2a82e295b621b69164964a82bac1a97ebe99e53a52,4488,4488,NSBTX texture,NSBTX texture
"포켓몬스터 하트골드 (Korea, IPKK, header ROM version 0)","포켓몬스터 소울실버 (Korea, IPGK, header ROM version 0)",/a/0/8/1,equal,209,209,,,b51b8c99e5e44a775a76f8176bace7484bc34e0a39a8f51fd48170ca5583359c,b51b8c99e5e44a775a76f8176bace7484bc34e0a39a8f51fd48170ca5583359c,6760,6760,NSBTX texture,NSBTX texture
"포켓몬스터 하트골드 (Korea, IPKK, header ROM version 0)","포켓몬스터 소울실버 (Korea, IPGK, header ROM version 0)",/a/0/8/1,equal,210,210,,,556e65f7c76836ec54716f311f6fcf26ae1662d673ccf2d7648fb8422c278299,556e65f7c76836ec54716f311f6fcf26ae1662d673ccf2d7648fb8422c278299,14700,14700,NSBTX texture,NSBTX texture
"포켓몬스터 하트골드 (Korea, IPKK, header ROM version 0)","포켓몬스터 소울실버 (Korea, IPGK, header ROM version 0)",/a/0/8/1,equal,211,211,,,7a376375321ae68a15635dfa5b9820402d49216d7dce44aa980c1f497fa55b10,7a376375321ae68a15635dfa5b9820402d49216d7dce44aa980c1f497fa55b10,14700,14700,NSBTX texture,NSBTX texture
"포켓몬스터 하트골드 (Korea, IPKK, header ROM version 0)","포켓몬스터 소울실버 (Korea, IPGK, header ROM version 0)",/a/0/8/1,equal,212,212,,,d16765af1a70799c497c061b4c8b1413265a94498211a065dab6b41bb979a6d3,d16765af1a70799c497c061b4c8b1413265a94498211a065dab6b41bb979a6d3,6760,6760,NSBTX texture,NSBTX texture
"포켓몬스터 하트골드 (Korea, IPKK, header ROM version 0)","포켓몬스터 소울실버 (Korea, IPGK, header ROM version 0)",/a/0/8/1,equal,213,213,,,eac2d01fc5ae4bc01a80b6d31113163080d8ac22b8aac9b7ff51c2eb90b5018f,eac2d01fc5ae4bc01a80b6d31113163080d8ac22b8aac9b7ff51c2eb90b5018f,13352,13352,NSBTX texture,NSBTX texture
"포켓몬스터 하트골드 (Korea, IPKK, header ROM version 0)","포켓몬스터 소울실버 (Korea, IPGK, header ROM version 0)",/a/0/8/1,equal,214,214,,,398a60fec4971267ecbad45e4feeaf54072070eda09e486aa603633f23bf04e7,398a60fec4971267ecbad45e4feeaf54072070eda09e486aa603633f23bf04e7,13352,13352,NSBTX texture,NSBTX texture
"포켓몬스터 하트골드 (Korea, IPKK, header ROM version 0)","포켓몬스터 소울실버 (Korea, IPGK, header ROM version 0)",/a/0/8/1,equal,215,215,,,97fa1d33e46325239de0bd8624b785ec6f9e4860d7adf861ab06fc49b41d3b2b,97fa1d33e46325239de0bd8624b785ec6f9e4860d7adf861ab06fc49b41d3b2b,6760,6760,NSBTX texture,NSBTX texture
"포켓몬스터 하트골드 (Korea, IPKK, header ROM version 0)","포켓몬스터 소울실버 (Korea, IPGK, header ROM version 0)",/a/0/8/1,equal,216,216,,,a650a3b15d8d10f90d76ba80c04bbb57052ab47bd5bbf8b323aa62a59e70ffa8,a650a3b15d8d10f90d76ba80c04bbb57052ab47bd5bbf8b323aa62a59e70ffa8,6760,6760,NSBTX texture,NSBTX texture
"포켓몬스터 하트골드 (Korea, IPKK, header ROM version 0)","포켓몬스터 소울실버 (Korea, IPGK, header ROM version 0)",/a/0/8/1,equal,217,217,,,a9cef6385347eee2d086154d0ae93dfd77901710376d690817f554513576b821,a9cef6385347eee2d086154d0ae93dfd77901710376d690817f554513576b821,6760,6760,NSBTX texture,NSBTX texture
"포켓몬스터 하트골드 (Korea, IPKK, header ROM version 0)","포켓몬스터 소울실버 (Korea, IPGK, header ROM version 0)",/a/0/8/1,equal,218,218,,,2602254f1dd5524db81ee715f875e92f7abb6db17b5aaa26d17c2209854c783e,2602254f1dd5524db81ee715f875e92f7abb6db17b5aaa26d17c2209854c783e,6760,6760,NSBTX texture,NSBTX texture
"포켓몬스터 하트골드 (Korea, IPKK, header ROM version 0)","포켓몬스터 소울실버 (Korea, IPGK, header ROM version 0)",/a/0/8/1,equal,219,219,,,5ab62da25b4ebd2758d92c7ebbe63ff799238a7b217b7984deb6d2dd9d6b3a21,5ab62da25b4ebd2758d92c7ebbe63ff799238a7b217b7984deb6d2dd9d6b3a21,6760,6760,NSBTX texture,NSBTX texture
"포켓몬스터 하트골드 (Korea, IPKK, header ROM version 0)","포켓몬스터 소울실버 (Korea, IPGK, header ROM version 0)",/a/0/8/1,equal,220,220,,,550f32e861c4fb104bbbf7c4cb6cea8fe2c56757ff10426a88ee08e4ccbd88a5,550f32e861c4fb104bbbf7c4cb6cea8fe2c56757ff10426a88ee08e4ccbd88a5,6760,6760,NSBTX texture,NSBTX texture
"포켓몬스터 하트골드 (Korea, IPKK, header ROM version 0)","포켓몬스터 소울실버 (Korea, IPGK, header ROM version 0)",/a/0/8/1,equal,221,221,,,300eeb46d58be5b592e03fdbc350c0ecb88e0ed92408c247d7151c6516c6dc00,300eeb46d58be5b592e03fdbc350c0ecb88e0ed92408c247d7151c6516c6dc00,6760,6760,NSBTX texture,NSBTX texture
"포켓몬스터 하트골드 (Korea, IPKK, header ROM version 0)","포켓몬스터 소울실버 (Korea, IPGK, header ROM version 0)",/a/0/8/1,equal,222,222,,,5119302eeee6e872a85faf3064098b1b2b7c670d96320e2a32f4322604243258,5119302eeee6e872a85faf3064098b1b2b7c670d96320e2a32f4322604243258,6760,6760,NSBTX texture,NSBTX texture
"포켓몬스터 하트골드 (Korea, IPKK, header ROM version 0)","포켓몬스터 소울실버 (Korea, IPGK, header ROM version 0)",/a/0/8/1,equal,223,223,,,2db46e1c43bd869b3d16de7d91789ae157adf4f6d0142591faec2b95b01398fe,2db46e1c43bd869b3d16de7d91789ae157adf4f6d0142591faec2b95b01398fe,6760,6760,NSBTX texture,NSBTX texture
"포켓몬스터 하트골드 (Korea, IPKK, header ROM version 0)","포켓몬스터 소울실버 (Korea, IPGK, header ROM version 0)",/a/0/8/1,equal,224,224,,,f7329d79bf6cb4893ffba3501ff17dd0ca6e4a407b18efd518fd2e94944c4644,f7329d79bf6cb4893ffba3501ff17dd0ca6e4a407b18efd518fd2e94944c4644,6760,6760,NSBTX texture,NSBTX texture
"포켓몬스터 하트골드 (Korea, IPKK, header ROM version 0)","포켓몬스터 소울실버 (Korea, IPGK, header ROM version 0)",/a/0/8/1,equal,225,225,,,2d63d2158e2d49739b00ed7b5d4f61a5b52f53445a565ee62af35d60759762d9,2d63d2158e2d49739b00ed7b5d4f61a5b52f53445a565ee62af35d60759762d9,6760,6760,NSBTX texture,NSBTX texture
"포켓몬스터 하트골드 (Korea, IPKK, header ROM version 0)","포켓몬스터 소울실버 (Korea, IPGK, header ROM version 0)",/a/0/8/1,equal,226,226,,,05f943bbad18553a6fd60afe79969b482b5f58fbf1393324aaf0628384229122,05f943bbad18553a6fd60afe79969b482b5f58fbf1393324aaf0628384229122,6760,6760,NSBTX texture,NSBTX texture
"포켓몬스터 하트골드 (Korea, IPKK, header ROM version 0)","포켓몬스터 소울실버 (Korea, IPGK, header ROM version 0)",/a/0/8/1,equal,227,227,,,3847ed89e6137c39bc2c8451727b4e5cab79cf37d3359c65b59acfd4dccdd65d,3847ed89e6137c39bc2c8451727b4e5cab79cf37d3359c65b59acfd4dccdd65d,6760,6760,NSBTX texture,NSBTX texture
"포켓몬스터 하트골드 (Korea, IPKK, header ROM version 0)","포켓몬스터 소울실버 (Korea, IPGK, header ROM version 0)",/a/0/8/1,equal,228,228,,,f90613c3df0c4ad40e93eda20c2445f7fbf4dbe03f709ff76d21e0e7fe32dd17,f90613c3df0c4ad40e93eda20c2445f7fbf4dbe03f709ff76d21e0e7fe32dd17,4712,4712,NSBTX texture,NSBTX texture
"포켓몬스터 하트골드 (Korea, IPKK, header ROM version 0)","포켓몬스터 소울실버 (Korea, IPGK, header ROM version 0)",/a/0/8/1,equal,229,229,,,eda07d9fe139165191b75994c74bc26002168160a87dd17b2c39f60aee1cf709,eda07d9fe139165191b75994c74bc26002168160a87dd17b2c39f60aee1cf709,1640,1640,NSBTX texture,NSBTX texture
"포켓몬스터 하트골드 (Korea, IPKK, header ROM version 0)","포켓몬스터 소울실버 (Korea, IPGK, header ROM version 0)",/a/0/8/1,equal,230,230,,,bb38266a73a9f98fa0ffed5bd8d146be0baad4228105fd45f7c4c81c457c7314,bb38266a73a9f98fa0ffed5bd8d146be0baad4228105fd45f7c4c81c457c7314,1640,1640,NSBTX texture,NSBTX texture
"포켓몬스터 하트골드 (Korea, IPKK, header ROM version 0)","포켓몬스터 소울실버 (Korea, IPGK, header ROM version 0)",/a/0/8/1,equal,231,231,,,eb6c1eaf0608653c1cda9f57cf937165e2dd0a1ed61d298b1cc3068f76b0151b,eb6c1eaf0608653c1cda9f57cf937165e2dd0a1ed61d298b1cc3068f76b0151b,1640,1640,NSBTX texture,NSBTX texture
"포켓몬스터 하트골드 (Korea, IPKK, header ROM version 0)","포켓몬스터 소울실버 (Korea, IPGK, header ROM version 0)",/a/0/8/1,equal,232,232,,,136b3027bf35a310cc9ae938108c5cf7ab61450fbd0d3ea2909b6f83b91029e5,136b3027bf35a310cc9ae938108c5cf7ab61450fbd0d3ea2909b6f83b91029e5,708,708,NSBTX texture,NSBTX texture
"포켓몬스터 하트골드 (Korea, IPKK, header ROM version 0)","포켓몬스터 소울실버 (Korea, IPGK, header ROM version 0)",/a/0/8/1,equal,233,233,,,ba6710878d74b209fdd3ab5525869c8224b3f5222d5c382ff3914320e38604b5,ba6710878d74b209fdd3ab5525869c8224b3f5222d5c382ff3914320e38604b5,708,708,NSBTX texture,NSBTX texture
"포켓몬스터 하트골드 (Korea, IPKK, header ROM version 0)","포켓몬스터 소울실버 (Korea, IPGK, header ROM version 0)",/a/0/8/1,equal,234,234,,,e5e58ceca4e50fdda23991d8e371ae8134e318d2a19055587bc2abe2fc20860a,e5e58ceca4e50fdda23991d8e371ae8134e318d2a19055587bc2abe2fc20860a,708,708,NSBTX texture,NSBTX texture
"포켓몬스터 하트골드 (Korea, IPKK, header ROM version 0)","포켓몬스터 소울실버 (Korea, IPGK, header ROM version 0)",/a/0/8/1,equal,235,235,,,cee75d9a81d38f21688cd0e32e5b1c4f277981bb956fbb0ecb98a855823706bf,cee75d9a81d38f21688cd0e32e5b1c4f277981bb956fbb0ecb98a855823706bf,2244,2244,NSBTX texture,NSBTX texture
"포켓몬스터 하트골드 (Korea, IPKK, header ROM version 0)","포켓몬스터 소울실버 (Korea, IPGK, header ROM version 0)",/a/0/8/1,equal,236,236,,,3b6d0671a5fbba23a62823e8723efb7e7855263918ea2c401c7810a389417001,3b6d0671a5fbba23a62823e8723efb7e7855263918ea2c401c7810a389417001,708,708,NSBTX texture,NSBTX texture
"포켓몬스터 하트골드 (Korea, IPKK, header ROM version 0)","포켓몬스터 소울실버 (Korea, IPGK, header ROM version 0)",/a/0/8/1,equal,237,237,,,a20425f7956e17712cf11cacef7b3aef4b5f5e842dd1a349fa16407234ce80f8,a20425f7956e17712cf11cacef7b3aef4b5f5e842dd1a349fa16407234ce80f8,708,708,NSBTX texture,NSBTX texture
"포켓몬스터 하트골드 (Korea, IPKK, header ROM version 0)","포켓몬스터 소울실버 (Korea, IPGK, header ROM version 0)",/a/0/8/1,equal,238,238,,,f38eb16ffff706f1d3085fd9aee5e9a4fbd6e8d11f65133e6062fc35680942c6,f38eb16ffff706f1d3085fd9aee5e9a4fbd6e8d11f65133e6062fc35680942c6,708,708,NSBTX texture,NSBTX texture
"포켓몬스터 하트골드 (Korea, IPKK, header ROM version 0)","포켓몬스터 소울실버 (Korea, IPGK, header ROM version 0)",/a/0/8/1,equal,239,239,,,a10ffad3e5829b298ba4bb68b325268e5154962376717000c052ac8f94e94971,a10ffad3e5829b298ba4bb68b325268e5154962376717000c052ac8f94e94971,2244,2244,NSBTX texture,NSBTX texture
"포켓몬스터 하트골드 (Korea, IPKK, header ROM version 0)","포켓몬스터 소울실버 (Korea, IPGK, header ROM version 0)",/a/0/8/1,equal,240,240,,,06f0056ec312645657f61f6251306ede12c664d0f8d92788b6bc09fffac3502b,06f0056ec312645657f61f6251306ede12c664d0f8d92788b6bc09fffac3502b,708,708,NSBTX texture,NSBTX texture
"포켓몬스터 하트골드 (Korea, IPKK, header ROM version 0)","포켓몬스터 소울실버 (Korea, IPGK, header ROM version 0)",/a/0/8/1,equal,241,241,,,d00a2a7bfe07de40b89d83591ad0cd5fdbf293a57cbb57cfa147e2fcafbf80b6,d00a2a7bfe07de40b89d83591ad0cd5fdbf293a57cbb57cfa147e2fcafbf80b6,2244,2244,NSBTX texture,NSBTX texture
"포켓몬스터 하트골드 (Korea, IPKK, header ROM version 0)","포켓몬스터 소울실버 (Korea, IPGK, header ROM version 0)",/a/0/8/1,equal,242,242,,,080cbac0fdecb8e4f3ec9fb5d151af6ce1a6be63d31b62e9da463e15e0446f23,080cbac0fdecb8e4f3ec9fb5d151af6ce1a6be63d31b62e9da463e15e0446f23,1128,1128,NSBTX texture,NSBTX texture
"포켓몬스터 하트골드 (Korea, IPKK, header ROM version 0)","포켓몬스터 소울실버 (Korea, IPGK, header ROM version 0)",/a/0/8/1,equal,243,243,,,198ee70ebda769f73ed6cdaadf0c2ab7baad352fd99d07d7ee7c2deadf45ce23,198ee70ebda769f73ed6cdaadf0c2ab7baad352fd99d07d7ee7c2deadf45ce23,2244,2244,NSBTX texture,NSBTX texture
"포켓몬스터 하트골드 (Korea, IPKK, header ROM version 0)","포켓몬스터 소울실버 (Korea, IPGK, header ROM version 0)",/a/0/8/1,equal,244,244,,,e0297a1ae40ba682ff86983f8c218bc99184bfcb9eff97c984aebcd6bf6fb4f5,e0297a1ae40ba682ff86983f8c218bc99184bfcb9eff97c984aebcd6bf6fb4f5,6760,6760,NSBTX texture,NSBTX texture
"포켓몬스터 하트골드 (Korea, IPKK, header ROM version 0)","포켓몬스터 소울실버 (Korea, IPGK, header ROM version 0)",/a/0/8/1,equal,245,245,,,f3a0105203631b882ab3eea9ae98fb192fd7447cea8cacc3dc27e8be142d6614,f3a0105203631b882ab3eea9ae98fb192fd7447cea8cacc3dc27e8be142d6614,6760,6760,NSBTX texture,NSBTX texture
"포켓몬스터 하트골드 (Korea, IPKK, header ROM version 0)","포켓몬스터 소울실버 (Korea, IPGK, header ROM version 0)",/a/0/8/1,equal,246,246,,,2270b95db8e29f5c8604e6fc05febefbf014ffc1d1072571a7b199fefbb56a68,2270b95db8e29f5c8604e6fc05febefbf014ffc1d1072571a7b199fefbb56a68,13352,13352,NSBTX texture,NSBTX texture
"포켓몬스터 하트골드 (Korea, IPKK, header ROM version 0)","포켓몬스터 소울실버 (Korea, IPGK, header ROM version 0)",/a/0/8/1,equal,247,247,,,958cf148cff3c4d8069ad113aedf65136fa7b16a6fcec97351efc7c334688a6b,958cf148cff3c4d8069ad113aedf65136fa7b16a6fcec97351efc7c334688a6b,13352,13352,NSBTX texture,NSBTX texture
"포켓몬스터 하트골드 (Korea, IPKK, header ROM version 0)","포켓몬스터 소울실버 (Korea, IPGK, header ROM version 0)",/a/0/8/1,equal,248,248,,,e52d61621dc56fd237d1198fcb0bc8b299b2d9c04485fb3014fd94fcc065822a,e52d61621dc56fd237d1198fcb0bc8b299b2d9c04485fb3014fd94fcc065822a,1248,1248,NSBTX texture,NSBTX texture
"포켓몬스터 하트골드 (Korea, IPKK, header ROM version 0)","포켓몬스터 소울실버 (Korea, IPGK, header ROM version 0)",/a/0/8/1,equal,249,249,,,754ff66570b7a8e955df4c912c2e6c69292de155795cb48831ddcee3c5be0a21,754ff66570b7a8e955df4c912c2e6c69292de155795cb48831ddcee3c5be0a21,1248,1248,NSBTX texture,NSBTX texture
"포켓몬스터 하트골드 (Korea, IPKK, header ROM version 0)","포켓몬스터 소울실버 (Korea, IPGK, header ROM version 0)",/a/0/8/1,equal,250,250,,,b02fd41a83caa2d1fd3e1cc012953fc2b3b8796804be1917dd354a994ae4ec8b,b02fd41a83caa2d1fd3e1cc012953fc2b3b8796804be1917dd354a994ae4ec8b,6760,6760,NSBTX texture,NSBTX texture
"포켓몬스터 하트골드 (Korea, IPKK, header ROM version 0)","포켓몬스터 소울실버 (Korea, IPGK, header ROM version 0)",/a/0/8/1,equal,251,251,,,d7d4a6f0bb4c7a0b741ee4cf1cd097a69c58aec328b15bdb7d5177e0d4c6e507,d7d4a6f0bb4c7a0b741ee4cf1cd097a69c58aec328b15bdb7d5177e0d4c6e507,4092,4092,NSBTX texture,NSBTX texture
"포켓몬스터 하트골드 (Korea, IPKK, header ROM version 0)","포켓몬스터 소울실버 (Korea, IPGK, header ROM version 0)",/a/0/8/1,equal,252,252,,,5bc1a1152de2808a7b9bcccec33aa4f4a31c6c78f8e32a0934325ab662370b9f,5bc1a1152de2808a7b9bcccec33aa4f4a31c6c78f8e32a0934325ab662370b9f,1836,1836,NSBTX texture,NSBTX texture
"포켓몬스터 하트골드 (Korea, IPKK, header ROM version 0)","포켓몬스터 소울실버 (Korea, IPGK, header ROM version 0)",/a/0/8/1,equal,253,253,,,1adf310e82c7f409b8e4f012d0c9bff62ac08c3ec43870f5c91e11d66854c2a5,1adf310e82c7f409b8e4f012d0c9bff62ac08c3ec43870f5c91e11d66854c2a5,1836,1836,NSBTX texture,NSBTX texture
"포켓몬스터 하트골드 (Korea, IPKK, header ROM version 0)","포켓몬스터 소울실버 (Korea, IPGK, header ROM version 0)",/a/0/8/1,equal,254,254,,,50f8ce507cb10def73288927692050765513da0deab0ed7ee8fbe56741b4cdec,50f8ce507cb10def73288927692050765513da0deab0ed7ee8fbe56741b4cdec,1836,1836,NSBTX texture,NSBTX texture
"포켓몬스터 하트골드 (Korea, IPKK, header ROM version 0)","포켓몬스터 소울실버 (Korea, IPGK, header ROM version 0)",/a/0/8/1,equal,255,255,,,facd99fb0a29636edac7a271408810df1db7b4164ce072bbbd0c7b618a7d08a0,facd99fb0a29636edac7a271408810df1db7b4164ce072bbbd0c7b618a7d08a0,1836,1836,NSBTX texture,NSBTX texture
"포켓몬스터 하트골드 (Korea, IPKK, header ROM version 0)","포켓몬스터 소울실버 (Korea, IPGK, header ROM version 0)",/a/0/8/1,equal,256,256,,,57d5c33839bdcf32be048079796a86805ada7bc5e84c8ca74f2274ec89d2ebc5,57d5c33839bdcf32be048079796a86805ada7bc5e84c8ca74f2274ec89d2ebc5,1836,1836,NSBTX texture,NSBTX texture
"포켓몬스터 하트골드 (Korea, IPKK, header ROM version 0)","포켓몬스터 소울실버 (Korea, IPGK, header ROM version 0)",/a/0/8/1,equal,257,257,,,11a9104ae247409e6fbfaba4cae9d8995605b8095fa9a865fc211f1d806776b5,11a9104ae247409e6fbfaba4cae9d8995605b8095fa9a865fc211f1d806776b5,1836,1836,NSBTX texture,NSBTX texture
"포켓몬스터 하트골드 (Korea, IPKK, header ROM version 0)","포켓몬스터 소울실버 (Korea, IPGK, header ROM version 0)",/a/0/8/1,equal,258,258,,,1430a37c451a11dcf707c91609a33f7aadc94f625f495a8b730599c946ca500c,1430a37c451a11dcf707c91609a33f7aadc94f625f495a8b730599c946ca500c,1836,1836,NSBTX texture,NSBTX texture
"포켓몬스터 하트골드 (Korea, IPKK, header ROM version 0)","포켓몬스터 소울실버 (Korea, IPGK, header ROM version 0)",/a/0/8/1,equal,259,259,,,6ab6cacfe9e2e59980d8621e8615c7bbbf0ff55d97c9a43ff6507ce18656a6c8,6ab6cacfe9e2e59980d8621e8615c7bbbf0ff55d97c9a43ff6507ce18656a6c8,692,692,NSBTX texture,NSBTX texture
"포켓몬스터 하트골드 (Korea, IPKK, header ROM version 0)","포켓몬스터 소울실버 (Korea, IPGK, header ROM version 0)",/a/0/8/1,equal,260,260,,,9465d6b51e61d78b2eb51f55533dd885fc962c252ca647a1bca38d2fe7dcd43e,9465d6b51e61d78b2eb51f55533dd885fc962c252ca647a1bca38d2fe7dcd43e,692,692,NSBTX texture,NSBTX texture
"포켓몬스터 하트골드 (Korea, IPKK, header ROM version 0)","포켓몬스터 소울실버 (Korea, IPGK, header ROM version 0)",/a/0/8/1,equal,261,261,,,33078f2cd9a9b523e1a22a11e761ab3fe760c79bb41b61ac53d762ecabdb9529,33078f2cd9a9b523e1a22a11e761ab3fe760c79bb41b61ac53d762ecabdb9529,692,692,NSBTX texture,NSBTX texture
"포켓몬스터 하트골드 (Korea, IPKK, header ROM version 0)","포켓몬스터 소울실버 (Korea, IPGK, header ROM version 0)",/a/0/8/1,equal,262,262,,,2a9fa4882323aff8ddf0100477889441d470a4c6677336ad33dd8eb8be0157f7,2a9fa4882323aff8ddf0100477889441d470a4c6677336ad33dd8eb8be0157f7,692,692,NSBTX texture,NSBTX texture
"포켓몬스터 하트골드 (Korea, IPKK, header ROM version 0)","포켓몬스터 소울실버 (Korea, IPGK, header ROM version 0)",/a/0/8/1,equal,263,263,,,6d8b256561c8238d200369404f9bae0118f2998ba1fdd31ec9c732913f3a893d,6d8b256561c8238d200369404f9bae0118f2998ba1fdd31ec9c732913f3a893d,692,692,NSBTX texture,NSBTX texture
"포켓몬스터 하트골드 (Korea, IPKK, header ROM version 0)","포켓몬스터 소울실버 (Korea, IPGK, header ROM version 0)",/a/0/8/1,equal,264,264,,,e09c56c9ecb802c89302cb775a23bc6ff926621c7b2f07dc4eb3b05dafcce6ef,e09c56c9ecb802c89302cb775a23bc6ff926621c7b2f07dc4eb3b05dafcce6ef,708,708,NSBTX texture,NSBTX texture
"포켓몬스터 하트골드 (Korea, IPKK, header ROM version 0)","포켓몬스터 소울실버 (Korea, IPGK, header ROM version 0)",/a/0/8/1,equal,265,265,,,2b313c90a151da3957cd69453aed5f9b3bfb93fa4768f4434a25e0c4261dda74,2b313c90a151da3957cd69453aed5f9b3bfb93fa4768f4434a25e0c4261dda74,708,708,NSBTX texture,NSBTX texture
"포켓몬스터 하트골드 (Korea, IPKK, header ROM version 0)","포켓몬스터 소울실버 (Korea, IPGK, header ROM version 0)",/a/0/8/1,equal,266,266,,,3432dea6fcb47f310336f2ff6dd2e40cb428360efa7e2847d393e1e877d3cb9a,3432dea6fcb47f310336f2ff6dd2e40cb428360efa7e2847d393e1e877d3cb9a,1168,1168,NSBMD model,NSBMD model
"포켓몬스터 하트골드 (Korea, IPKK, header ROM version 0)","포켓몬스터 소울실버 (Korea, IPGK, header ROM version 0)",/a/0/8/1,equal,267,267,,,87198ca15f6d24251075c12c9efaa7cbf067bfad7d1a224317fbae8cdc2f8424,87198ca15f6d24251075c12c9efaa7cbf067bfad7d1a224317fbae8cdc2f8424,768,768,NSBMD model,NSBMD model
"포켓몬스터 하트골드 (Korea, IPKK, header ROM version 0)","포켓몬스터 소울실버 (Korea, IPGK, header ROM version 0)",/a/0/8/1,equal,268,268,,,924ef4e9e7ddb535c6a9a814708d7751feab1dd4e73ac73e059c59d637e9e775,924ef4e9e7ddb535c6a9a814708d7751feab1dd4e73ac73e059c59d637e9e775,768,768,NSBMD model,NSBMD model
"포켓몬스터 하트골드 (Korea, IPKK, header ROM version 0)","포켓몬스터 소울실버 (Korea, IPGK, header ROM version 0)",/a/0/8/1,equal,269,269,,,9fc5db33255ec5c786943624765a6da0418353a1b64d782c7627bad9152f0f06,9fc5db33255ec5c786943624765a6da0418353a1b64d782c7627bad9152f0f06,4780,4780,NSBMD model,NSBMD model
"포켓몬스터 하트골드 (Korea, IPKK, header ROM version 0)","포켓몬스터 소울실버 (Korea, IPGK, header ROM version 0)",/a/0/8/1,equal,270,270,,,e82088ca94c2d936e880eb0b0ea389aa3864838a3bc0c1e34ca497643e43cfd5,e82088ca94c2d936e880eb0b0ea389aa3864838a3bc0c1e34ca497643e43cfd5,9268,9268,NSBMD model,NSBMD model
"포켓몬스터 하트골드 (Korea, IPKK, header ROM version 0)","포켓몬스터 소울실버 (Korea, IPGK, header ROM version 0)",/a/0/8/1,equal,271,271,,,09da1a9f4688ed93048be4b954f2f440a9b0b66b367c7fc16803edd43235ded9,09da1a9f4688ed93048be4b954f2f440a9b0b66b367c7fc16803edd43235ded9,9268,9268,NSBMD model,NSBMD model
"포켓몬스터 하트골드 (Korea, IPKK, header ROM version 0)","포켓몬스터 소울실버 (Korea, IPGK, header ROM version 0)",/a/0/8/1,equal,272,272,,,76a3f4cb7cd8ebe72d5823ba38ad46799518ba919f2f533a0f4bc8db72069d80,76a3f4cb7cd8ebe72d5823ba38ad46799518ba919f2f533a0f4bc8db72069d80,912,912,NSBMD model,NSBMD model
"포켓몬스터 하트골드 (Korea, IPKK, header ROM version 0)","포켓몬스터 소울실버 (Korea, IPGK, header ROM version 0)",/a/0/8/1,equal,273,273,,,351a26be62ca0c2a174202d8c133874a7a20f76d0d9e1e855a4a59cfb05d7962,351a26be62ca0c2a174202d8c133874a7a20f76d0d9e1e855a4a59cfb05d7962,3852,3852,NSBMD model,NSBMD model
"포켓몬스터 하트골드 (Korea, IPKK, header ROM version 0)","포켓몬스터 소울실버 (Korea, IPGK, header ROM version 0)",/a/0/8/1,equal,274,274,,,115e31d894db11e1bc1c321663104a67358cbe589f17319ed55bfc5c30031269,115e31d894db11e1bc1c321663104a67358cbe589f17319ed55bfc5c30031269,17236,17236,NSBMD model,NSBMD model
"포켓몬스터 하트골드 (Korea, IPKK, header ROM version 0)","포켓몬스터 소울실버 (Korea, IPGK, header ROM version 0)",/a/0/8/1,equal,275,275,,,4eb37d9b0203ebc6f030c799252d4a71026acae04600e97d151bc0a6edfec1d3,4eb37d9b0203ebc6f030c799252d4a71026acae04600e97d151bc0a6edfec1d3,17236,17236,NSBMD model,NSBMD model
"포켓몬스터 하트골드 (Korea, IPKK, header ROM version 0)","포켓몬스터 소울실버 (Korea, IPGK, header ROM version 0)",/a/0/8/1,equal,276,276,,,9ab1bdc3337169122c043de02ca1078ea0fbef6ad5d31a55cf93512468f48eb9,9ab1bdc3337169122c043de02ca1078ea0fbef6ad5d31a55cf93512468f48eb9,1168,1168,NSBMD model,NSBMD model
"포켓몬스터 하트골드 (Korea, IPKK, header ROM version 0)","포켓몬스터 소울실버 (Korea, IPGK, header ROM version 0)",/a/0/8/1,equal,277,277,,,a26e9db2f001bc63659068b7373c3df4b84f42603727bb1e2c9a568809ea3516,a26e9db2f001bc63659068b7373c3df4b84f42603727bb1e2c9a568809ea3516,2848,2848,NSBMD model,NSBMD model
"포켓몬스터 하트골드 (Korea, IPKK, header ROM version 0)","포켓몬스터 소울실버 (Korea, IPGK, header ROM version 0)",/a/0/8/1,equal,278,278,,,94e6763b84a58aa25a8d40f873660f58cb1bc4054965d96b34948dd53729c81f,94e6763b84a58aa25a8d40f873660f58cb1bc4054965d96b34948dd53729c81f,4552,4552,NSBMD model,NSBMD model
"포켓몬스터 하트골드 (Korea, IPKK, header ROM version 0)","포켓몬스터 소울실버 (Korea, IPGK, header ROM version 0)",/a/0/8/1,equal,279,279,,,f9e682145ddbf9a108cf99dcbda739d95503bc431ff3d16455815e44c9485e6c,f9e682145ddbf9a108cf99dcbda739d95503bc431ff3d16455815e44c9485e6c,2808,2808,NSBMD model,NSBMD model
"포켓몬스터 하트골드 (Korea, IPKK, header ROM version 0)","포켓몬스터 소울실버 (Korea, IPGK, header ROM version 0)",/a/0/8/1,equal,280,280,,,057bc9ff5b21dd45a97cef53074df7aa5307c221f978d455656c0c7eef194b3b,057bc9ff5b21dd45a97cef53074df7aa5307c221f978d455656c0c7eef194b3b,68,68,Nintendo LZ10,Nintendo LZ10
"포켓몬스터 하트골드 (Korea, IPKK, header ROM version 0)","포켓몬스터 소울실버 (Korea, IPGK, header ROM version 0)",/a/0/8/1,equal,281,281,,,f781433b3f562eb8737fb8eb4e59fe6c86d6bfc3e23bfab752aef4fc60366d0a,f781433b3f562eb8737fb8eb4e59fe6c86d6bfc3e23bfab752aef4fc60366d0a,132,132,Nintendo Huffman,Nintendo Huffman
"포켓몬스터 하트골드 (Korea, IPKK, header ROM version 0)","포켓몬스터 소울실버 (Korea, IPGK, header ROM version 0)",/a/0/8/1,equal,282,282,,,fe1dbde3c2f700240b64fbf932b6d481cf9eea6eeaa11951a168925b83a181fb,fe1dbde3c2f700240b64fbf932b6d481cf9eea6eeaa11951a168925b83a181fb,100,100,,
"포켓몬스터 하트골드 (Korea, IPKK, header ROM version 0)","포켓몬스터 소울실버 (Korea, IPGK, header ROM version 0)",/a/0/8/1,equal,283,283,,,5f5eb44ad4a324afcc6c5960c882f9f82b4b6bce145630f8ff8894c98889e447,5f5eb44ad4a324afcc6c5960c882f9f82b4b6bce145630f8ff8894c98889e447,20,20,,
"포켓몬스터 하트골드 (Korea, IPKK, header ROM version 0)","포켓몬스터 소울실버 (Korea, IPGK, header ROM version 0)",/a/0/8/1,equal,284,284,,,93373c84c86e1a9374178a9af8e6e74b87fe30f8351191c4112feeeacdedff87,93373c84c86e1a9374178a9af8e6e74b87fe30f8351191c4112feeeacdedff87,32,32,,
"포켓몬스터 하트골드 (Korea, IPKK, header ROM version 0)","포켓몬스터 소울실버 (Korea, IPGK, header ROM version 0)",/a/0/8/1,equal,285,285,,,5f5eb44ad4a324afcc6c5960c882f9f82b4b6bce145630f8ff8894c98889e447,5f5eb44ad4a324afcc6c5960c882f9f82b4b6bce145630f8ff8894c98889e447,20,20,,
"포켓몬스터 하트골드 (Korea, IPKK, header ROM version 0)","포켓몬스터 소울실버 (Korea, IPGK, header ROM version 0)",/a/0/8/1,equal,286,286,,,057bc9ff5b21dd45a97cef53074df7aa5307c221f978d455656c0c7eef194b3b,057bc9ff5b21dd45a97cef53074df7aa5307c221f978d455656c0c7eef194b3b,68,68,Nintendo LZ10,Nintendo LZ10
"포켓몬스터 하트골드 (Korea, IPKK, header ROM version 0)","포켓몬스터 소울실버 (Korea, IPGK, header ROM version 0)",/a/0/8/1,equal,287,287,,,46a74d30b97341e18b22bc1a040d2e72c4e53f8ab5f93ca4d981336ee76516bd,46a74d30b97341e18b22bc1a040d2e72c4e53f8ab5f93ca4d981336ee76516bd,36,36,,
"포켓몬스터 하트골드 (Korea, IPKK, header ROM version 0)","포켓몬스터 소울실버 (Korea, IPGK, header ROM version 0)",/a/0/8/1,equal,288,288,,,90d3a31bb4c6623fd8de3c6a3454d37864e7eff636e98258e35027db91405c2a,90d3a31bb4c6623fd8de3c6a3454d37864e7eff636e98258e35027db91405c2a,72,72,Nintendo LZ11,Nintendo LZ11
"포켓몬스터 하트골드 (Korea, IPKK, header ROM version 0)","포켓몬스터 소울실버 (Korea, IPGK, header ROM version 0)",/a/0/8/1,equal,289,289,,,d6ad4a18da1fdac4e405e90c907aa03f32e2d537354bc4afb3d576eaf1142092,d6ad4a18da1fdac4e405e90c907aa03f32e2d537354bc4afb3d576eaf1142092,52,52,,
"포켓몬스터 하트골드 (Korea, IPKK, header ROM version 0)","포켓몬스터 소울실버 (Korea, IPGK, header ROM version 0)",/a/0/8/1,equal,290,290,,,c00621dc5734aba62981f0cf38bcac7a864ce9f997ac820b234fb19e7bc65ff0,c00621dc5734aba62981f0cf38bcac7a864ce9f997ac820b234fb19e7bc65ff0,12,12,,
"포켓몬스터 하트골드 (Korea, IPKK, header ROM version 0)","포켓몬스터 소울실버 (Korea, IPGK, header ROM version 0)",/a/0/8/1,equal,291,291,,,8fff0576da833e5bfca085009d957f5932af991ed7ac4b736cdabad46109912b,8fff0576da833e5bfca085009d957f5932af991ed7ac4b736cdabad46109912b,52,52,,
"포켓몬스터 하트골드 (Korea, IPKK, header ROM version 0)","포켓몬스터 소울실버 (Korea, IPGK, header ROM version 0)",/a/0/8/1,equal,292,292,,,abcfc689eae1fc82cd0ebf494e5615f3df75c252e4dfa98c62a6df27d15c3426,abcfc689eae1fc82cd0ebf494e5615f3df75c252e4dfa98c62a6df27d15c3426,40,40,,
"포켓몬스터 하트골드 (Korea, IPKK, header ROM version 0)","포켓몬스터 소울실버 (Korea, IPGK, header ROM version 0)",/a/0/8/1,equal,293,293,,,952a5eee1607e1f52d7ca1bad14a543c835bd1eafcd5d41b2436e2091e703bae,952a5eee1607e1f52d7ca1bad14a543c835bd1eafcd5d41b2436e2091e703bae,36,36,,
"포켓몬스터 하트골드 (Korea, IPKK, header ROM version 0)","포켓몬스터 소울실버 (Korea, IPGK, header ROM version 0)",/a/0/8/1,equal,294,294,,,9cb326951d3fdc2a9f3cb91a187f1356e6f51afd3cd3063c0ca0f50f695b6ea9,9cb326951d3fdc2a9f3cb91a187f1356e6f51afd3cd3063c0ca0f50f695b6ea9,68,68,Nintendo LZ10,Nintendo LZ10
"포켓몬스터 하트골드 (Korea, IPKK, header ROM version 0)","포켓몬스터 소울실버 (Korea, IPGK, header ROM version 0)",/a/0/8/1,equal,295,295,,,8b6436ce72d67c4b73d30177ec10aa8f7815775fb1a36a5dd40026158cf59fd4,8b6436ce72d67c4b73d30177ec10aa8f7815775fb1a36a5dd40026158cf59fd4,56,56,,
"포켓몬스터 하트골드 (Korea, IPKK, header ROM version 0)","포켓몬스터 소울실버 (Korea, IPGK, header ROM version 0)",/a/0/8/1,equal,296,296,,,8b6436ce72d67c4b73d30177ec10aa8f7815775fb1a36a5dd40026158cf59fd4,8b6436ce72d67c4b73d30177ec10aa8f7815775fb1a36a5dd40026158cf59fd4,56,56,,
"포켓몬스터 하트골드 (Korea, IPKK, header ROM version 0)","포켓몬스터 소울실버 (Korea, IPGK, header ROM version 0)",/a/0/8/1,equal,297,297,,,01a6cd35b3898eb3e0b199325fec74dfe3ede8343d1c6bed6a9c7543fb18e3e2,01a6cd35b3898eb3e0b199325fec74dfe3ede8343d1c6bed6a9c7543fb18e3e2,4544,4544,NSBTX texture,NSBTX texture
"포켓몬스터 하트골드 (Korea, IPKK, header ROM version 0)","포켓몬스터 소울실버 (Korea, IPGK, header ROM version 0)",/a/0/8/1,equal,298,298,,,51f5dde85402190cb519c7612a760cde5333eefa1c3867ec76d61c190751692b,51f5dde85402190cb519c7612a760cde5333eefa1c3867ec76d61c190751692b,4544,4544,NSBTX texture,NSBTX texture
"포켓몬스터 하트골드 (Korea, IPKK, header ROM version 0)","포켓몬스터 소울실버 (Korea, IPGK, header ROM version 0)",/a/0/8/1,equal,299,299,,,10ea126e9b124f208b9f4d41fb17d767f4f23e877907c0cd27b45d8a6b1dbfde,10ea126e9b124f208b9f4d41fb17d767f4f23e877907c0cd27b45d8a6b1dbfde,4544,4544,NSBTX texture,NSBTX texture
"포켓몬스터 하트골드 (Korea, IPKK, header ROM version 0)","포켓몬스터 소울실버 (Korea, IPGK, header ROM version 0)",/a/0/8/1,equal,300,300,,,448f108a081a5df6f98986fa231e389cffa35aa739f298450ff945d3cd0c8af3,448f108a081a5df6f98986fa231e389cffa35aa739f298450ff945d3cd0c8af3,4544,4544,NSBTX texture,NSBTX texture
"포켓몬스터 하트골드 (Korea, IPKK, header ROM version 0)","포켓몬스터 소울실버 (Korea, IPGK, header ROM version 0)",/a/0/8/1,equal,301,301,,,419931db5d7969a5cb8a0d1792c92d161ac6e611be1abfd0263a629594f8a845,419931db5d7969a5cb8a0d1792c92d161ac6e611be1abfd0263a629594f8a845,4544,4544,NSBTX texture,NSBTX texture
"포켓몬스터 하트골드 (Korea, IPKK, header ROM version 0)","포켓몬스터 소울실버 (Korea, IPGK, header ROM version 0)",/a/0/8/1,equal,302,302,,,88191985aeae687f59231482e789682cc2746ca4df63ff994b662becba91c260,88191985aeae687f59231482e789682cc2746ca4df63ff994b662becba91c260,4544,4544,NSBTX texture,NSBTX texture
"포켓몬스터 하트골드 (Korea, IPKK, header ROM version 0)","포켓몬스터 소울실버 (Korea, IPGK, header ROM version 0)",/a/0/8/1,equal,303,303,,,3e521803b1037588e2eab461d511d6b29f7eb04db9dcb35529d8bdb4bbe15d02,3e521803b1037588e2eab461d511d6b29f7eb04db9dcb35529d8bdb4bbe15d02,4544,4544,NSBTX texture,NSBTX texture
"포켓몬스터 하트골드 (Korea, IPKK, header ROM version 0)","포켓몬스터 소울실버 (Korea, IPGK, header ROM version 0)",/a/0/8/1,equal,304,304,,,01940733aee138a906f20b3c07126e49e1e960053db6a345cb3dd6b6b9377e8c,01940733aee138a906f20b3c07126e49e1e960053db6a345cb3dd6b6b9377e8c,4544,4544,NSBTX texture,NSBTX texture
"포켓몬스터 하트골드 (Korea, IPKK, header ROM version 0)","포켓몬스터 소울실버 (Korea, IPGK, header ROM version 0)",/a/0/8/1,equal,305,305,,,2ec65e9843f8a73c58df3fff8f415dca300c7d737c6c35d24795667b637ed40e,2ec65e9843f8a73c58df3fff8f415dca300c7d737c6c35d24795667b637ed40e,4544,4544,NSBTX texture,NSBTX texture
"포켓몬스터 하트골드 (Korea, IPKK, header ROM version 0)","포켓몬스터 소울실버 (Korea, IPGK, header ROM version 0)",/a/0/8/1,equal,306,306,,,009cf29df2a5f2a02de8db87a102018a6a347679318275031d192c59ac5df987,009cf29df2a5f2a02de8db87a102018a6a347679318275031d192c59ac5df987,4544,4544,NSBTX texture,NSBTX texture
"포켓몬스터 하트골드 (Korea, IPKK, header ROM version 0)","포켓몬스터 소울실버 (Korea, IPGK, header ROM version 0)",/a/0/8/1,equal,307,307,,,4373c2ac64bb1e36edc247e748b912819fa44c78edecae576dc33a71aefb4b01,4373c2ac64bb1e36edc247e748b912819fa44c78edecae576dc33a71aefb4b01,4544,4544,NSBTX texture,NSBTX texture
"포켓몬스터 하트골드 (Korea, IPKK, header ROM version 0)","포켓몬스터 소울실버 (Korea, IPGK, header ROM version 0)",/a/0/8/1,equal,308,308,,,4250c7b424bf41cc10420eeffb29f77cb3fb5f49151b608556358b8293fe92d9,4250c7b424bf41cc10420eeffb29f77cb3fb5f49151b608556358b8293fe92d9,4544,4544,NSBTX texture,NSBTX texture
"포켓몬스터 하트골드 (Korea, IPKK, header ROM version 0)","포켓몬스터 소울실버 (Korea, IPGK, header ROM version 0)",/a/0/8/1,equal,309,309,,,7ef8a39e475b6df1c56044291ee2c34fd4d151aed9065146ea9e713913c7e574,7ef8a39e475b6df1c56044291ee2c34fd4d151aed9065146ea9e713913c7e574,4544,4544,NSBTX texture,NSBTX texture
"포켓몬스터 하트골드 (Korea, IPKK, header ROM version 0)","포켓몬스터 소울실버 (Korea, IPGK, header ROM version 0)",/a/0/8/1,equal,310,310,,,d6330892e5922d68e71abebf61ff9c0c3b3161b4f14424ce616eb3bbcce0c631,d6330892e5922d68e71abebf61ff9c0c3b3161b4f14424ce616eb3bbcce0c631,4544,4544,NSBTX texture,NSBTX texture
"포켓몬스터 하트골드 (Korea, IPKK, header ROM version 0)","포켓몬스터 소울실버 (Korea, IPGK, header ROM version 0)",/a/0/8/1,equal,311,311,,,2f08baec2a49482cf9477e395557be220c9c7c73d019f30448105694071e4682,2f08baec2a49482cf9477e395557be220c9c7c73d019f30448105694071e4682,4544,4544,NSBTX texture,NSBTX texture
"포켓몬스터 하트골드 (Korea, IPKK, header ROM version 0)","포켓몬스터 소울실버 (Korea, IPGK, header ROM version 0)",/a/0/8/1,equal,312,312,,,d41137ea1eaf28baf41ee05183a84829819b65f44eae08fe9ff9455966d4f568,d41137ea1eaf28baf41ee05183a84829819b65f44eae08fe9ff9455966d4f568,4544,4544,NSBTX texture,NSBTX texture
"포켓몬스터 하트골드 (Korea, IPKK, header ROM version 0)","포켓몬스터 소울실버 (Korea, IPGK, header ROM version 0)",/a/0/8/1,equal,313,313,,,bb23fb400fd733fef22ee7e273b53527bd01ed22daec5bb3e762252485aab8eb,bb23fb400fd733fef22ee7e273b53527bd01ed22daec5bb3e762252485aab8eb,4544,4544,NSBTX texture,NSBTX texture
"포켓몬스터 하트골드 (Korea, IPKK, header ROM version 0)","포켓몬스터 소울실버 (Korea, IPGK, header ROM version 0)",/a/0/8/1,equal,314,314,,,a6e8597434891fff8279eb7c6663ce880a300cfa958ec3af6653e7af85c918dc,a6e8597434891fff8279eb7c6663ce880a300cfa958ec3af6653e7af85c918dc,4544,4544,NSBTX texture,NSBTX texture
"포켓몬스터 하트골드 (Korea, IPKK, header ROM version 0)","포켓몬스터 소울실버 (Korea, IPGK, header ROM version 0)",/a/0/8/1,equal,315,315,,,8369b0cba376ec2ebbb38e19a8bb64d0231394f684d576a0bc6f0006b1fabb28,8369b0cba376ec2ebbb38e19a8bb64d0231394f684d576a0bc6f0006b1fabb28,4544,4544,NSBTX texture,NSBTX texture
"포켓몬스터 하트골드 (Korea, IPKK, header ROM version 0)","포켓몬스터 소울실버 (Korea, IPGK, header ROM version 0)",/a/0/8/1,equal,316,316,,,ffd209e23324d462cc11a33593031a9da60823db25aef049a0a58d45f12566f6,ffd209e23324d462cc11a33593031a9da60823db25aef049a0a58d45f12566f6,4544,4544,NSBTX texture,NSBTX texture
"포켓몬스터 하트골드 (Korea, IPKK, header ROM version 0)","포켓몬스터 소울실버 (Korea, IPGK, header ROM version 0)",/a/0/8/1,equal,317,317,,,3d659e672f6371d778effe3927f567742f9aa7121adf13da7a97c18af4563541,3d659e672f6371d778effe3927f567742f9aa7121adf13da7a97c18af4563541,4544,4544,NSBTX texture,NSBTX texture
"포켓몬스터 하트골드 (Korea, IPKK, header ROM version 0)","포켓몬스터 소울실버 (Korea, IPGK, header ROM version 0)",/a/0/8/1,equal,318,318,,,7e2e68abc30a1fa4dd767954b72f0c97201bf70081c53d650153f971a007cd56,7e2e68abc30a1fa4dd767954b72f0c97201bf70081c53d650153f971a007cd56,4544,4544,NSBTX texture,NSBTX texture
"포켓몬스터 하트골드 (Korea, IPKK, header ROM version 0)","포켓몬스터 소울실버 (Korea, IPGK, header ROM version 0)",/a/0/8/1,equal,319,319,,,78789e837f8d64af899cad5d925f6cf2a04f292aec23cf293424e6bfb0011fc1,78789e837f8d64af899cad5d925f6cf2a04f292aec23cf293424e6bfb0011fc1,4544,4544,NSBTX texture,NSBTX texture
"포켓몬스터 하트골드 (Korea, IPKK, header ROM version 0)","포켓몬스터 소울실버 (Korea, IPGK, header ROM version 0)",/a/0/8/1,equal,320,320,,,74c16b7947bc1a1fb4c9c74bfc2789f293f6d6bc5110a65c020438ac6b8aef4e,74c16b7947bc1a1fb4c9c74bfc2789f293f6d6bc5110a65c020438ac6b8aef4e,4544,4544,NSBTX texture,NSBTX texture
"포켓몬스터 하트골드 (Korea, IPKK, header ROM version 0)","포켓몬스터 소울실버 (Korea, IPGK, header ROM version 0)",/a/0/8/1,equal,321,321,,,4f5850d789ef8959cff6389673fc8cf108c8d879f0550760bee13ab8e1fdf56c,4f5850d789ef8959cff6389673fc8cf108c8d879f0550760bee13ab8e1fdf56c,4544,4544,NSBTX texture,NSBTX texture
"포켓몬스터 하트골드 (Korea, IPKK, header ROM version 0)","포켓몬스터 소울실버 (Korea, IPGK, header ROM version 0)",/a/0/8/1,equal,322,322,,,9aaf01d0b0259a0028398b311f26610ac1ea4992873bc153f10996de8b5a45bf,9aaf01d0b0259a0028398b311f26610ac1ea4992873bc153f10996de8b5a45bf,4544,4544,NSBTX texture,NSBTX texture
"포켓몬스터 하트골드 (Korea, IPKK, header ROM version 0)","포켓몬스터 소울실버 (Korea, IPGK, header ROM version 0)",/a/0/8/1,equal,323,323,,,b7e7f00fd71a50c77d57d8d2691996413c63f6aa39d30d86793122c6a9e89d66,b7e7f00fd71a50c77d57d8d2691996413c63f6aa39d30d86793122c6a9e89d66,4544,4544,NSBTX texture,NSBTX texture
"포켓몬스터 하트골드 (Korea, IPKK, header ROM version 0)","포켓몬스터 소울실버 (Korea, IPGK, header ROM version 0)",/a/0/8/1,equal,324,324,,,69004377df3e6101f37f1363fc8639028156c463fc52c92b27fe0a5d824705a8,69004377df3e6101f37f1363fc8639028156c463fc52c92b27fe0a5d824705a8,4544,4544,NSBTX texture,NSBTX texture
"포켓몬스터 하트골드 (Korea, IPKK, header ROM version 0)","포켓몬스터 소울실버 (Korea, IPGK, header ROM version 0)",/a/0/8/1,equal,325,325,,,a04c44310d267b547e83face8d8f195a1ce500e90dde751f4de65e5412446120,a04c44310d267b547e83face8d8f195a1ce500e90dde751f4de65e5412446120,4544,4544,NSBTX texture,NSBTX texture
"포켓몬스터 하트골드 (Korea, IPKK, header ROM version 0)","포켓몬스터 소울실버 (Korea, IPGK, header ROM version 0)",/a/0/8/1,equal,326,326,,,4f087dab435e2afafd7d21c31b7e1f199cffe9a7f2c84de6664be4433191a068,4f087dab435e2afafd7d21c31b7e1f199cffe9a7f2c84de6664be4433191a068,4544,4544,NSBTX texture,NSBTX texture
"포켓몬스터 하트골드 (Korea, IPKK, header ROM version 0)","포켓몬스터 소울실버 (Korea, IPGK, header ROM version 0)",/a/0/8/1,equal,327,327,,,15f1493b5576bec2ea6d0c169835c53c6b90c20ac05f1a246f4018d872f33b07,15f1493b5576bec2ea6d0c169835c53c6b90c20ac05f1a246f4018d872f33b07,4544,4544,NSBTX texture,NSBTX texture
"포켓몬스터 하트골드 (Korea, IPKK, header ROM version 0)","포켓몬스터 소울실버 (Korea, IPGK, header ROM version 0)",/a/0/8/1,equal,328,328,,,6f3dffaca4a0971927a52a9f0216019a52e480dc85d9e63b77d564f761f27a6b,6f3dffaca4a0971927a52a9f0216019a52e480dc85d9e63b77d564f761f27a6b,4544,4544,NSBTX texture,NSBTX texture
"포켓몬스터 하트골드 (Korea, IPKK, header ROM version 0)","포켓몬스터 소울실버 (Korea, IPGK, header ROM version 0)",/a/0/8/1,equal,329,329,,,99fbd55a83fb2181d2e8553c418de7e38a1e99fa287680481a67b0a9b87be25b,99fbd55a83fb2181d2e8553c418de7e38a1e99fa287680481a67b0a9b87be25b,4544,4544,NSBTX texture,NSBTX texture
"포켓몬스터 하트골드 (Korea, IPKK, header ROM version 0)","포켓몬스터 소울실버 (Korea, IPGK, header ROM version 0)",/a/0/8/1,equal,330,330,,,fb76ea0bf6b8456c3da05233a0c984d9d4ee28fad9de4286fb1488701b8c8527,fb76ea0bf6b8456c3da05233a0c984d9d4ee28fad9de4286fb1488701b8c8527,4544,4544,NSBTX texture,NSBTX texture
"포켓몬스터 하트골드 (Korea, IPKK, header ROM version 0)","포켓몬스터 소울실버 (Korea, IPGK, header ROM version 0)",/a/0/8/1,equal,331,331,,,3a869c9981905d7b9fbe2736e020b3a236562a1b1b9c13fc5c0a4770c1bb91ce,3a869c9981905d7b9fbe2736e020b3a236562a1b1b9c13fc5c0a4770c1bb91ce,4544,4544,NSBTX texture,NSBTX texture
"포켓몬스터 하트골드 (Korea, IPKK, header ROM version 0)","포켓몬스터 소울실버 (Korea, IPGK, header ROM version 0)",/a/0/8/1,equal,332,332,,,7d9b58a562d1de22071901058d2e65ffec17c210f21e2cbcb41fbcf9d766e64f,7d9b58a562d1de22071901058d2e65ffec17c210f21e2cbcb41fbcf9d766e64f,4544,4544,NSBTX texture,NSBTX texture
"포켓몬스터 하트골드 (Korea, IPKK, header ROM version 0)","포켓몬스터 소울실버 (Korea, IPGK, header ROM version 0)",/a/0/8/1,equal,333,333,,,25bd6d133b83f28ad459a4d4dc6bc71b1441d119d4ca6725ef0ec49159aebe2a,25bd6d133b83f28ad459a4d4dc6bc71b1441d119d4ca6725ef0ec49159aebe2a,4544,4544,NSBTX texture,NSBTX texture
"포켓몬스터 하트골드 (Korea, IPKK, header ROM version 0)","포켓몬스터 소울실버 (Korea, IPGK, header ROM version 0)",/a/0/8/1,equal,334,334,,,6967d07f6b56b05b0241d2d158606b3b6d3dd88ec00d5939a93c3100b53a19ab,6967d07f6b56b05b0241d2d158606b3b6d3dd88ec00d5939a93c3100b53a19ab,4544,4544,NSBTX texture,NSBTX texture
"포켓몬스터 하트골드 (Korea, IPKK, header ROM version 0)","포켓몬스터 소울실버 (Korea, IPGK, header ROM version 0)",/a/0/8/1,equal,335,335,,,d0ada4ad5fbf4385a9a70996357a83717937d190456bb486baf7e445ad1d9287,d0ada4ad5fbf4385a9a70996357a83717937d190456bb486baf7e445ad1d9287,4544,4544,NSBTX texture,NSBTX texture
"포켓몬스터 하트골드 (Korea, IPKK, header ROM version 0)","포켓몬스터 소울실버 (Korea, IPGK, header ROM version 0)",/a/0/8/1,equal,336,336,,,58b361843d683844559b692a54767156a68b388c98b40d0bdfb71679f7d83f9b,58b361843d683844559b692a54767156a68b388c98b40d0bdfb71679f7d83f9b,4544,4544,NSBTX texture,NSBTX texture
"포켓몬스터 하트골드 (Korea, IPKK, header ROM version 0)","포켓몬스터 소울실버 (Korea, IPGK, header ROM version 0)",/a/0/8/1,equal,337,337,,,1fc25b760bc7c8717ce29eb5ff797072a21a6c33e87628d25b3d8ff9896719e3,1fc25b760bc7c8717ce29eb5ff797072a21a6c33e87628d25b3d8ff9896719e3,4544,4544,NSBTX texture,NSBTX texture
"포켓몬스터 하트골드 (Korea, IPKK, header ROM version 0)","포켓몬스터 소울실버 (Korea, IPGK, header ROM version 0)",/a/0/8/1,equal,338,338,,,2b729ba170beda2e85d8f06f7eec2f64f355a1ce134150e8afdefe8ba57fcecf,2b729ba170beda2e85d8f06f7eec2f64f355a1ce134150e8afdefe8ba57fcecf,4544,4544,NSBTX texture,NSBTX texture
"포켓몬스터 하트골드 (Korea, IPKK, header ROM version 0)","포켓몬스터 소울실버 (Korea, IPGK, header ROM version 0)",/a/0/8/1,equal,339,339,,,04ff6b2e273dc1256c2c4bd877dea1861b9b4101e123c72307730514b01a29f9,04ff6b2e273dc1256c2c4bd877dea1861b9b4101e123c72307730514b01a29f9,4544,4544,NSBTX texture,NSBTX texture
"포켓몬스터 하트골드 (Korea, IPKK, header ROM version 0)","포켓몬스터 소울실버 (Korea, IPGK, header ROM version 0)",/a/0/8/1,equal,340,340,,,b9676ff404530aef0b490a8c9229beaa8b2ae484a0aed7176bc43eec3dbebdba,b9676ff404530aef0b490a8c9229beaa8b2ae484a0aed7176bc43eec3dbebdba,4544,4544,NSBTX texture,NSBTX texture
"포켓몬스터 하트골드 (Korea, IPKK, header ROM version 0)","포켓몬스터 소울실버 (Korea, IPGK, header ROM version 0)",/a/0/8/1,equal,341,341,,,a4b4004c53103f89ac2199832bcca91d4fc67601e1e4b4c8bf4fce530c6a6343,a4b4004c53103f89ac2199832bcca91d4fc67601e1e4b4c8bf4fce530c6a6343,4544,4544,NSBTX texture,NSBTX texture
"포켓몬스터 하트골드 (Korea, IPKK, header ROM version 0)","포켓몬스터 소울실버 (Korea, IPGK, header ROM version 0)",/a/0/8/1,equal,342,342,,,8f1731dd8ffcbb3b2b29933ae84df8a8a6aecdd51582445f3b5cb7744e51e187,8f1731dd8ffcbb3b2b29933ae84df8a8a6aecdd51582445f3b5cb7744e51e187,4544,4544,NSBTX texture,NSBTX texture
"포켓몬스터 하트골드 (Korea, IPKK, header ROM version 0)","포켓몬스터 소울실버 (Korea, IPGK, header ROM version 0)",/a/0/8/1,equal,343,343,,,f3eaeb420a78ab944e8f796bf051207e2fa081767a3f145d65877cface12c2e7,f3eaeb420a78ab944e8f796bf051207e2fa081767a3f145d65877cface12c2e7,4544,4544,NSBTX texture,NSBTX texture
"포켓몬스터 하트골드 (Korea, IPKK, header ROM version 0)","포켓몬스터 소울실버 (Korea, IPGK, header ROM version 0)",/a/0/8/1,equal,344,344,,,70e023a5f1dcd105cd6d118361a610884f249706ca8d7dc6e735adf4501977e8,70e023a5f1dcd105cd6d118361a610884f249706ca8d7dc6e735adf4501977e8,4544,4544,NSBTX texture,NSBTX texture
"포켓몬스터 하트골드 (Korea, IPKK, header ROM version 0)","포켓몬스터 소울실버 (Korea, IPGK, header ROM version 0)",/a/0/8/1,equal,345,345,,,00c3b40e606771fb60c676ec8d198d655e61b5e4e7f0f52dc3b81c70fb735a93,00c3b40e606771fb60c676ec8d198d655e61b5e4e7f0f52dc3b81c70fb735a93,4544,4544,NSBTX texture,NSBTX texture
"포켓몬스터 하트골드 (Korea, IPKK, header ROM version 0)","포켓몬스터 소울실버 (Korea, IPGK, header ROM version 0)",/a/0/8/1,equal,346,346,,,530cd96fd9be0ecf8958555a72a08178b412483b820a7997cd24618e7a6aba69,530cd96fd9be0ecf8958555a72a08178b412483b820a7997cd24618e7a6aba69,4544,4544,NSBTX texture,NSBTX texture
"포켓몬스터 하트골드 (Korea, IPKK, header ROM version 0)","포켓몬스터 소울실버 (Korea, IPGK, header ROM version 0)",/a/0/8/1,equal,347,347,,,6bfd96387511f92aa4eb1c001865ba4269fdecefcba13b6e15b061e473f37222,6bfd96387511f92aa4eb1c001865ba4269fdecefcba13b6e15b061e473f37222,4544,4544,NSBTX texture,NSBTX texture
"포켓몬스터 하트골드 (Korea, IPKK, header ROM version 0)","포켓몬스터 소울실버 (Korea, IPGK, header ROM version 0)",/a/0/8/1,equal,348,348,,,0d748604e2bfe5e6834b70dec622e0a0b751848e59b060756db38fbf74b274a5,0d748604e2bfe5e6834b70dec622e0a0b751848e59b060756db38fbf74b274a5,4544,4544,NSBTX texture,NSBTX texture
"포켓몬스터 하트골드 (Korea, IPKK, header ROM version 0)","포켓몬스터 소울실버 (Korea, IPGK, header ROM version 0)",/a/0/8/1,equal,349,349,,,e6217d91f7e1487b194101f7f7903bfebe096efb220b23dca0968c83c1ab25c8,e6217d91f7e1487b194101f7f7903bfebe096efb220b23dca0968c83c1ab25c8,4544,4544,NSBTX texture,NSBTX texture
"포켓몬스터 하트골드 (Korea, IPKK, header ROM version 0)","포켓몬스터 소울실버 (Korea, IPGK, header ROM version 0)",/a/0/8/1,equal,350,350,,,1b8b94fa90c03f5d213c7352bf13ec6441883ec7a9cb076a9a24c9a022fa118c,1b8b94fa90c03f5d213c7352bf13ec6441883ec7a9cb076a9a24c9a022fa118c,4544,4544,NSBTX texture,NSBTX texture
"포켓몬스터 하트골드 (Korea, IPKK, header ROM version 0)","포켓몬스터 소울실버 (Korea, IPGK, header ROM version 0)",/a/0/8/1,equal,351,351,,,a70332a9ba3ebff20f04e0c3fa394c990f18f0ffc040f955996afbd6dea0fdd5,a70332a9ba3ebff20f04e0c3fa394c990f18f0ffc040f955996afbd6dea0fdd5,4544,4544,NSBTX texture,NSBTX texture
"포켓몬스터 하트골드 (Korea, IPKK, header ROM version 0)","포켓몬스터 소울실버 (Korea, IPGK, header ROM version 0)",/a/0/8/1,equal,352,352,,,20f5f34790a8b6c7be341cb9ea3c67894bcba762750a14e3f5277f7e1cd66462,20f5f34790a8b6c7be341cb9ea3c67894bcba762750a14e3f5277f7e1cd66462,4544,4544,NSBTX texture,NSBTX texture
"포켓몬스터 하트골드 (Korea, IPKK, header ROM version 0)","포켓몬스터 소울실버 (Korea, IPGK, header ROM version 0)",/a/0/8/1,equal,353,353,,,231816fbb1d128628d0053d1f32b296e2640f3ddc9ea50e5c913669a57bbdeb9,231816fbb1d128628d0053d1f32b296e2640f3ddc9ea50e5c913669a57bbdeb9,4544,4544,NSBTX texture,NSBTX texture
"포켓몬스터 하트골드 (Korea, IPKK, header ROM version 0)","포켓몬스터 소울실버 (Korea, IPGK, header ROM version 0)",/a/0/8/1,equal,354,354,,,31b323d9ce52d4460ebf810d788b9b2003b3499644dc401b6e3cc424c730fe64,31b323d9ce52d4460ebf810d788b9b2003b3499644dc401b6e3cc424c730fe64,4544,4544,NSBTX texture,NSBTX texture
"포켓몬스터 하트골드 (Korea, IPKK, header ROM version 0)","포켓몬스터 소울실버 (Korea, IPGK, header ROM version 0)",/a/0/8/1,equal,355,355,,,cb8160786e5b64a55270e27bbbe45c432340cd58d271a4d5c4866e0419e88b95,cb8160786e5b64a55270e27bbbe45c432340cd58d271a4d5c4866e0419e88b95,4544,4544,NSBTX texture,NSBTX texture
"포켓몬스터 하트골드 (Korea, IPKK, header ROM version 0)","포켓몬스터 소울실버 (Korea, IPGK, header ROM version 0)",/a/0/8/1,equal,356,356,,,da08691037144aea5da584b9b30dc18a203a7f8893435ef0536941d2d98d465a,da08691037144aea5da584b9b30dc18a203a7f8893435ef0536941d2d98d465a,4544,4544,NSBTX texture,NSBTX texture
"포켓몬스터 하트골드 (Korea, IPKK, header ROM version 0)","포켓몬스터 소울실버 (Korea, IPGK, header ROM version 0)",/a/0/8/1,equal,357,357,,,6351444076649f85a2300c1a6bb3e180660b896a65e0baa5e13783375c40f9f1,6351444076649f85a2300c1a6bb3e180660b896a65e0baa5e13783375c40f9f1,4544,4544,NSBTX texture,NSBTX texture
"포켓몬스터 하트골드 (Korea, IPKK, header ROM version 0)","포켓몬스터 소울실버 (Korea, IPGK, header ROM version 0)",/a/0/8/1,equal,358,358,,,8fe348b423ca9b49645560cf7485f29b0c019fe49ecfd57d1c586be432c255af,8fe348b423ca9b49645560cf7485f29b0c019fe49ecfd57d1c586be432c255af,4544,4544,NSBTX texture,NSBTX texture
"포켓몬스터 하트골드 (Korea, IPKK, header ROM version 0)","포켓몬스터 소울실버 (Korea, IPGK, header ROM version 0)",/a/0/8/1,equal,359,359,,,b9dbb82176cf53f55796900e335467635fff4da1a671dcd71c2b4a20a9f35eb6,b9dbb82176cf53f55796900e335467635fff4da1a671dcd71c2b4a20a9f35eb6,4544,4544,NSBTX texture,NSBTX texture
"포켓몬스터 하트골드 (Korea, IPKK, header ROM version 0)","포켓몬스터 소울실버 (Korea, IPGK, header ROM version 0)",/a/0/8/1,equal,360,360,,,1ac9e767817316c118be1c5ff47cffacbf83b73b6ac93a87248c63e7cce10ccf,1ac9e767817316c118be1c5ff47cffacbf83b73b6ac93a87248c63e7cce10ccf,4544,4544,NSBTX texture,NSBTX texture
"포켓몬스터 하트골드 (Korea, IPKK, header ROM version 0)","포켓몬스터 소울실버 (Korea, IPGK, header ROM version 0)",/a/0/8/1,equal,361,361,,,ec18a7859e9bacec31381267a118ea8b6971012d0eee14935c6d3f97fc17319b,ec18a7859e9bacec31381267a118ea8b6971012d0eee14935c6d3f97fc17319b,4544,4544,NSBTX texture,NSBTX texture
"포켓몬스터 하트골드 (Korea, IPKK, header ROM version 0)","포켓몬스터 소울실버 (Korea, IPGK, header ROM version 0)",/a/0/8/1,equal,362,362,,,5996c38f89567ace341d65c8337a09fba3b1da96c5c1c7695fed0d2f3209f5b2,5996c38f89567ace341d65c8337a09fba3b1da96c5c1c7695fed0d2f3209f5b2,4544,4544,NSBTX texture,NSBTX texture
"포켓몬스터 하트골드 (Korea, IPKK, header ROM version 0)","포켓몬스터 소울실버 (Korea, IPGK, header ROM version 0)",/a/0/8/1,equal,363,363,,,3f4c045035ea71d1e0c93b4cfb83bc8e69e565b32c25b8e336342e9c1d8844ef,3f4c045035ea71d1e0c93b4cfb83bc8e69e565b32c25b8e336342e9c1d8844ef,4544,4544,NSBTX texture,NSBTX texture
"포켓몬스터 하트골드 (Korea, IPKK, header ROM version 0)","포켓몬스터 소울실버 (Korea, IPGK, header ROM version 0)",/a/0/8/1,equal,364,364,,,ea9d64f4a9a42c4149a45fae282d97326e844c9763d0e9ba8fa900f2010b0cb1,ea9d64f4a9a42c4149a45fae282d97326e844c9763d0e9ba8fa900f2010b0cb1,4544,4544,NSBTX texture,NSBTX texture
"포켓몬스터 하트골드 (Korea, IPKK, header ROM version 0)","포켓몬스터 소울실버 (Korea, IPGK, header ROM version 0)",/a/0/8/1,equal,365,365,,,bb0501b99360dc046dd00c94cee2d03b4f56fe56741f0b04b20b17b7bfb2045c,bb0501b99360dc046dd00c94cee2d03b4f56fe56741f0b04b20b17b7bfb2045c,4544,4544,NSBTX texture,NSBTX texture
"포켓몬스터 하트골드 (Korea, IPKK, header ROM version 0)","포켓몬스터 소울실버 (Korea, IPGK, header ROM version 0)",/a/0/8/1,equal,366,366,,,c761379416b84bf141cd72b684aebb2826eb256c71384a6383e23f37c96c6dbc,c761379416b84bf141cd72b684aebb2826eb256c71384a6383e23f37c96c6dbc,4544,4544,NSBTX texture,NSBTX texture
"포켓몬스터 하트골드 (Korea, IPKK, header ROM version 0)","포켓몬스터 소울실버 (Korea, IPGK, header ROM version 0)",/a/0/8/1,equal,367,367,,,d4cbe12e58673a804c71eec1398c84023327ba0627926ca7ec170badd194bfc9,d4cbe12e58673a804c71eec1398c84023327ba0627926ca7ec170badd194bfc9,4544,4544,NSBTX texture,NSBTX texture
"포켓몬스터 하트골드 (Korea, IPKK, header ROM version 0)","포켓몬스터 소울실버 (Korea, IPGK, header ROM version 0)",/a/0/8/1,equal,368,368,,,49dc412bc427170c81b2637452cfb36555352fde0c31b7c3fb821a2568b3cd3f,49dc412bc427170c81b2637452cfb36555352fde0c31b7c3fb821a2568b3cd3f,4544,4544,NSBTX texture,NSBTX texture
"포켓몬스터 하트골드 (Korea, IPKK, header ROM version 0)","포켓몬스터 소울실버 (Korea, IPGK, header ROM version 0)",/a/0/8/1,equal,369,369,,,704284c6272be62b1c0e31e619004bc8547876be27e29e673e018de4110bb5d9,704284c6272be62b1c0e31e619004bc8547876be27e29e673e018de4110bb5d9,4544,4544,NSBTX texture,NSBTX texture
"포켓몬스터 하트골드 (Korea, IPKK, header ROM version 0)","포켓몬스터 소울실버 (Korea, IPGK, header ROM version 0)",/a/0/8/1,equal,370,370,,,b7227b6b45ad9332709a6491050b8fdcba41a2c628b86a3321e146888aef191c,b7227b6b45ad9332709a6491050b8fdcba41a2c628b86a3321e146888aef191c,4544,4544,NSBTX texture,NSBTX texture
"포켓몬스터 하트골드 (Korea, IPKK, header ROM version 0)","포켓몬스터 소울실버 (Korea, IPGK, header ROM version 0)",/a/0/8/1,equal,371,371,,,50256b40431bad64cabfafd8448a662d6a268624cb87f925161c4c70fd0efbf8,50256b40431bad64cabfafd8448a662d6a268624cb87f925161c4c70fd0efbf8,4544,4544,NSBTX texture,NSBTX texture
"포켓몬스터 하트골드 (Korea, IPKK, header ROM version 0)","포켓몬스터 소울실버 (Korea, IPGK, header ROM version 0)",/a/0/8/1,equal,372,372,,,df388f86b279f5dfe4ef04545d92e389ce7ec3527e1fff4d3c3c20105a219fbc,df388f86b279f5dfe4ef04545d92e389ce7ec3527e1fff4d3c3c20105a219fbc,4544,4544,NSBTX texture,NSBTX texture
"포켓몬스터 하트골드 (Korea, IPKK, header ROM version 0)","포켓몬스터 소울실버 (Korea, IPGK, header ROM version 0)",/a/0/8/1,equal,373,373,,,52a88659c3c5122d8b5e5ac97372edae571558ee84a1d1585b5333af7297fbae,52a88659c3c5122d8b5e5ac97372edae571558ee84a1d1585b5333af7297fbae,4544,4544,NSBTX texture,NSBTX texture
"포켓몬스터 하트골드 (Korea, IPKK, header ROM version 0)","포켓몬스터 소울실버 (Korea, IPGK, header ROM version 0)",/a/0/8/1,equal,374,374,,,ebfa4f57afd10966ebbe2941bd3aeae4d2d3b3ce50beb7dcbb296daa2de622c2,ebfa4f57afd10966ebbe2941bd3aeae4d2d3b3ce50beb7dcbb296daa2de622c2,4544,4544,NSBTX texture,NSBTX texture
"포켓몬스터 하트골드 (Korea, IPKK, header ROM version 0)","포켓몬스터 소울실버 (Korea, IPGK, header ROM version 0)",/a/0/8/1,equal,375,375,,,829c236b7a9030949849ae9b23962dfd328c603b5289d2decf76703eea079ceb,829c236b7a9030949849ae9b23962dfd328c603b5289d2decf76703eea079ceb,4544,4544,NSBTX texture,NSBTX texture
"포켓몬스터 하트골드 (Korea, IPKK, header ROM version 0)","포켓몬스터 소울실버 (Korea, IPGK, header ROM version 0)",/a/0/8/1,equal,376,376,,,11344185507859429dedbcb83ef7bd813569b4d42b8424f68150c4b1596c90cf,11344185507859429dedbcb83ef7bd813569b4d42b8424f68150c4b1596c90cf,4544,4544,NSBTX texture,NSBTX texture
"포켓몬스터 하트골드 (Korea, IPKK, header ROM version 0)","포켓몬스터 소울실버 (Korea, IPGK, header ROM version 0)",/a/0/8/1,equal,377,377,,,910f6f2e0dc3423519e830a798668cd188c3a4a2941a710a70c7db3e1bee1bbf,910f6f2e0dc3423519e830a798668cd188c3a4a2941a710a70c7db3e1bee1bbf,4544,4544,NSBTX texture,NSBTX texture
"포켓몬스터 하트골드 (Korea, IPKK, header ROM version 0)","포켓몬스터 소울실버 (Korea, IPGK, header ROM version 0)",/a/0/8/1,equal,378,378,,,9f1713ae12f80277284f18792f5ec80c4aa3fdbb6d4ed11cf0e12096b5fb7f24,9f1713ae12f80277284f18792f5ec80c4aa3fdbb6d4ed11cf0e12096b5fb7f24,4544,4544,NSBTX texture,NSBTX texture
"포켓몬스터 하트골드 (Korea, IPKK, header ROM version 0)","포켓몬스터 소울실버 (Korea, IPGK, header ROM version 0)",/a/0/8/1,equal,379,379,,,cc785ccdcdca8743e996a68ead8028dccee8d3001990a4b258a05f90c2b8de01,cc785ccdcdca8743e996a68ead8028dccee8d3001990a4b258a05f90c2b8de01,4544,4544,NSBTX texture,NSBTX texture
"포켓몬스터 하트골드 (Korea, IPKK, header ROM version 0)","포켓몬스터 소울실버 (Korea, IPGK, header ROM version 0)",/a/0/8/1,equal,380,380,,,847c810cd30ec89d36b5fa973277fc29123765eecdb6d8ddcc3e595fb96f5304,847c810cd30ec89d36b5fa973277fc29123765eecdb6d8ddcc3e595fb96f5304,4544,4544,NSBTX texture,NSBTX texture
"포켓몬스터 하트골드 (Korea, IPKK, header ROM version 0)","포켓몬스터 소울실버 (Korea, IPGK, header ROM version 0)",/a/0/8/1,equal,381,381,,,05931cddfe685f4dd69c7a0e01dfe5a4fd53a2345914927bb0f806109328eab1,05931cddfe685f4dd69c7a0e01dfe5a4fd53a2345914927bb0f806109328eab1,4544,4544,NSBTX texture,NSBTX texture
"포켓몬스터 하트골드 (Korea, IPKK, header ROM version 0)","포켓몬스터 소울실버 (Korea, IPGK, header ROM version 0)",/a/0/8/1,equal,382,382,,,0a7ce8f2d0befbf2a55f3781b2ed3ec33f7a0678688f956dba4524096c6c8e39,0a7ce8f2d0befbf2a55f3781b2ed3ec33f7a0678688f956dba4524096c6c8e39,4544,4544,NSBTX texture,NSBTX texture
"포켓몬스터 하트골드 (Korea, IPKK, header ROM version 0)","포켓몬스터 소울실버 (Korea, IPGK, header ROM version 0)",/a/0/8/1,equal,383,383,,,501f44da3a26e02c6c991ef21590464d04ee7983038e43155bd8b9927b931465,501f44da3a26e02c6c991ef21590464d04ee7983038e43155bd8b9927b931465,4544,4544,NSBTX texture,NSBTX texture
"포켓몬스터 하트골드 (Korea, IPKK, header ROM version 0)","포켓몬스터 소울실버 (Korea, IPGK, header ROM version 0)",/a/0/8/1,equal,384,384,,,92cb0a4438c2f39f47b5c4f242f55700ee6afc8612859f3f7e9bf8ee5251d011,92cb0a4438c2f39f47b5c4f242f55700ee6afc8612859f3f7e9bf8ee5251d011,4544,4544,NSBTX texture,NSBTX texture
"포켓몬스터 하트골드 (Korea, IPKK, header ROM version 0)","포켓몬스터 소울실버 (Korea, IPGK, header ROM version 0)",/a/0/8/1,equal,385,385,,,7e1821567ea3728616d5729d13190cbab93ec9016e920c81659f980597cc23f4,7e1821567ea3728616d5729d13190cbab93ec9016e920c81659f980597cc23f4,4544,4544,NSBTX texture,NSBTX texture
"포켓몬스터 하트골드 (Korea, IPKK, header ROM version 0)","포켓몬스터 소울실버 (Korea, IPGK, header ROM version 0)",/a/0/8/1,equal,386,386,,,6ac1ba866ddfdd32015b88213195e6d0ff847261935946a1fd5af885b5da2365,6ac1ba866ddfdd32015b88213195e6d0ff847261935946a1fd5af885b5da2365,4544,4544,NSBTX texture,NSBTX texture
"포켓몬스터 하트골드 (Korea, IPKK, header ROM version 0)","포켓몬스터 소울실버 (Korea, IPGK, header ROM version 0)",/a/0/8/1,equal,387,387,,,bbfd66831b43e34e1665f99db1ca0a1419c0cf15a0cc3172f6765eb1a67b12fc,bbfd66831b43e34e1665f99db1ca0a1419c0cf15a0cc3172f6765eb1a67b12fc,4544,4544,NSBTX texture,NSBTX texture
"포켓몬스터 하트골드 (Korea, IPKK, header ROM version 0)","포켓몬스터 소울실버 (Korea, IPGK, header ROM version 0)",/a/0/8/1,equal,388,388,,,bc6f11eaa2a64273c4f2ed24cfb10f6476935c61fb0456ecabd1e8a812e7113b,bc6f11eaa2a64273c4f2ed24cfb10f6476935c61fb0456ecabd1e8a812e7113b,4544,4544,NSBTX texture,NSBTX texture
"포켓몬스터 하트골드 (Korea, IPKK, header ROM version 0)","포켓몬스터 소울실버 (Korea, IPGK, header ROM version 0)",/a/0/8/1,equal,389,389,,,dd15496be6ebb3cad059db70b9ce69a54debcea068af94ec384263483f8029da,dd15496be6ebb3cad059db70b9ce69a54debcea068af94ec384263483f8029da,4544,4544,NSBTX texture,NSBTX texture
"포켓몬스터 하트골드 (Korea, IPKK, header ROM version 0)","포켓몬스터 소울실버 (Korea, IPGK, header ROM version 0)",/a/0/8/1,equal,390,390,,,340a0fb4864ef86f9aba3a2c62b3d76304a18a77a9a4b1e0b0b0a050da4bc476,340a0fb4864ef86f9aba3a2c62b3d76304a18a77a9a4b1e0b0b0a050da4bc476,4544,4544,NSBTX texture,NSBTX texture
"포켓몬스터 하트골드 (Korea, IPKK, header ROM version 0)","포켓몬스터 소울실버 (Korea, IPGK, header ROM version 0)",/a/0/8/1,equal,391,391,,,5e2cf8b3e316722ba549a8617f24c29510850fe2fa865341762ea9e0b82a1b41,5e2cf8b3e316722ba549a8617f24c29510850fe2fa865341762ea9e0b82a1b41,4544,4544,NSBTX texture,NSBTX texture
"포켓몬스터 하트골드 (Korea, IPKK, header ROM version 0)","포켓몬스터 소울실버 (Korea, IPGK, header ROM version 0)",/a/0/8/1,equal,392,392,,,bc04d0695a5aa50b4c2e7f5540bf50f4fd0d72e57c8542ac1d896f614baf080d,bc04d0695a5aa50b4c2e7f5540bf50f4fd0d72e57c8542ac1d896f614baf080d,4544,4544,NSBTX texture,NSBTX texture
"포켓몬스터 하트골드 (Korea, IPKK, header ROM version 0)","포켓몬스터 소울실버 (Korea, IPGK, header ROM version 0)",/a/0/8/1,equal,393,393,,,fc9766e19b4231117395dcc9b88238f58fa437e1d9d0d28e218dae908ee5490b,fc9766e19b4231117395dcc9b88238f58fa437e1d9d0d28e218dae908ee5490b,4544,4544,NSBTX texture,NSBTX texture
"포켓몬스터 하트골드 (Korea, IPKK, header ROM version 0)","포켓몬스터 소울실버 (Korea, IPGK, header ROM version 0)",/a/0/8/1,equal,394,394,,,496c9c304c656c8d5d10f82c109c6ee0348ddd347bfa04173ab21cc1ad2a7f8a,496c9c304c656c8d5d10f82c109c6ee0348ddd347bfa04173ab21cc1ad2a7f8a,4544,4544,NSBTX texture,NSBTX texture
"포켓몬스터 하트골드 (Korea, IPKK, header ROM version 0)","포켓몬스터 소울실버 (Korea, IPGK, header ROM version 0)",/a/0/8/1,equal,395,395,,,b87f5621992af28519b9d8a6a18bd64c5ed66b19afe65595a747bbdb01c2fa38,b87f5621992af28519b9d8a6a18bd64c5ed66b19afe65595a747bbdb01c2fa38,4544,4544,NSBTX texture,NSBTX texture
"포켓몬스터 하트골드 (Korea, IPKK, header ROM version 0)","포켓몬스터 소울실버 (Korea, IPGK, header ROM version 0)",/a/0/8/1,equal,396,396,,,a3ccbe6fc3258e186ff357ed2f3332dc7ba59476501d8eb088acc41e43983c1c,a3ccbe6fc3258e186ff357ed2f3332dc7ba59476501d8eb088acc41e43983c1c,4544,4544,NSBTX texture,NSBTX texture
"포켓몬스터 하트골드 (Korea, IPKK, header ROM version 0)","포켓몬스터 소울실버 (Korea, IPGK, header ROM version 0)",/a/0/8/1,equal,397,397,,,5603c33cd79dff32c1fa8fec287b3538785b498ae17a58e84a145cad2429c476,5603c33cd79dff32c1fa8fec287b3538785b498ae17a58e84a145cad2429c476,4544,4544,NSBTX texture,NSBTX texture
"포켓몬스터 하트골드 (Korea, IPKK, header ROM version 0)","포켓몬스터 소울실버 (Korea, IPGK, header ROM version 0)",/a/0/8/1,equal,398,398,,,016f42dbdc963bb6ebcfec116e867f8a0405655c303f80bd5a667f046eed4209,016f42dbdc963bb6ebcfec116e867f8a0405655c303f80bd5a667f046eed4209,4544,4544,NSBTX texture,NSBTX texture
"포켓몬스터 하트골드 (Korea, IPKK, header ROM version 0)","포켓몬스터 소울실버 (Korea, IPGK, header ROM version 0)",/a/0/8/1,equal,399,399,,,10c356ee5c242d060f6cd6c6a86ebe911f6f2af500a0ac21d4e973335602f296,10c356ee5c242d060f6cd6c6a86ebe911f6f2af500a0ac21d4e973335602f296,4544,4544,NSBTX texture,NSBTX texture
"포켓몬스터 하트골드 (Korea, IPKK, header ROM version 0)","포켓몬스터 소울실버 (Korea, IPGK, header ROM version 0)",/a/0/8/1,equal,400,400,,,432b63f79ae1115368d5a85c9a1aca6c4c7c2e87372851fa37a125eb024c8a54,432b63f79ae1115368d5a85c9a1aca6c4c7c2e87372851fa37a125eb024c8a54,4544,4544,NSBTX texture,NSBTX texture
"포켓몬스터 하트골드 (Korea, IPKK, header ROM version 0)","포켓몬스터 소울실버 (Korea, IPGK, header ROM version 0)",/a/0/8/1,equal,401,401,,,b07994f52b70c345986f8b0b3c07d2d3022f8d6e8284de877df902836759cf8f,b07994f52b70c345986f8b0b3c07d2d3022f8d6e8284de877df902836759cf8f,4544,4544,NSBTX texture,NSBTX texture
"포켓몬스터 하트골드 (Korea, IPKK, header ROM version 0)","포켓몬스터 소울실버 (Korea, IPGK, header ROM version 0)",/a/0/8/1,equal,402,402,,,8aa9313a0cfa18e3d0b09f41273324f13098955de1c3298d1f781862837dc491,8aa9313a0cfa18e3d0b09f41273324f13098955de1c3298d1f781862837dc491,4544,4544,NSBTX texture,NSBTX texture
"포켓몬스터 하트골드 (Korea, IPKK, header ROM version 0)","포켓몬스터 소울실버 (Korea, IPGK, header ROM version 0)",/a/0/8/1,equal,403,403,,,0b085bea1e095b7225411ed663943e0f89a6cb6bc63bc0c33ad978e72fe1e139,0b085bea1e095b7225411ed663943e0f89a6cb6bc63bc0c33ad978e72fe1e139,4544,4544,NSBTX texture,NSBTX texture
"포켓몬스터 하트골드 (Korea, IPKK, header ROM version 0)","포켓몬스터 소울실버 (Korea, IPGK, header ROM version 0)",/a/0/8/1,equal,404,404,,,e4b7e5923882dbc8bbc5ab944f3a3f452aa559da13fd9e2929de4809610a3918,e4b7e5923882dbc8bbc5ab944f3a3f452aa559da13fd9e2929de4809610a3918,4544,4544,NSBTX texture,NSBTX texture
"포켓몬스터 하트골드 (Korea, IPKK, header ROM version 0)","포켓몬스터 소울실버 (Korea, IPGK, header ROM version 0)",/a/0/8/1,equal,405,405,,,cb0779dabfb7a2f8dd831264034f03bac5dad36af39177a2ede85b6a4a871c22,cb0779dabfb7a2f8dd831264034f03bac5dad36af39177a2ede85b6a4a871c22,4544,4544,NSBTX texture,NSBTX texture
"포켓몬스터 하트골드 (Korea, IPKK, header ROM version 0)","포켓몬스터 소울실버 (Korea, IPGK, header ROM version 0)",/a/0/8/1,equal,406,406,,,d03c2527f8317d3e365ad4708878523a1ae781b0e0fdb9305b9fdc054d42d7c9,d03c2527f8317d3e365ad4708878523a1ae781b0e0fdb9305b9fdc054d42d7c9,4544,4544,NSBTX texture,NSBTX texture
"포켓몬스터 하트골드 (Korea, IPKK, header ROM version 0)","포켓몬스터 소울실버 (Korea, IPGK, header ROM version 0)",/a/0/8/1,equal,407,407,,,95c34cf535bde8b66727cdd39cef3d773b57b5c9d771d5963435711fa52f8569,95c34cf535bde8b66727cdd39cef3d773b57b5c9d771d5963435711fa52f8569,4544,4544,NSBTX texture,NSBTX texture
"포켓몬스터 하트골드 (Korea, IPKK, header ROM version 0)","포켓몬스터 소울실버 (Korea, IPGK, header ROM version 0)",/a/0/8/1,equal,408,408,,,bd83932ed3895e5f368b0aeb3cf882a7da3beced1c2bb2e29700b1ee0bded70b,bd83932ed3895e5f368b0aeb3cf882a7da3beced1c2bb2e29700b1ee0bded70b,4544,4544,NSBTX texture,NSBTX texture
"포켓몬스터 하트골드 (Korea, IPKK, header ROM version 0)","포켓몬스터 소울실버 (Korea, IPGK, header ROM version 0)",/a/0/8/1,equal,409,409,,,88dabb1da5e1bab4fa3d4d2ee72c8513f89746884666eee0cd7006a3ddfa2762,88dabb1da5e1bab4fa3d4d2ee72c8513f89746884666eee0cd7006a3ddfa2762,4544,4544,NSBTX texture,NSBTX texture
"포켓몬스터 하트골드 (Korea, IPKK, header ROM version 0)","포켓몬스터 소울실버 (Korea, IPGK, header ROM version 0)",/a/0/8/1,equal,410,410,,,3effd4ac88b83363e1735fb7f5495455a6beee50775f0a73a49f641f689962ee,3effd4ac88b83363e1735fb7f5495455a6beee50775f0a73a49f641f689962ee,4544,4544,NSBTX texture,NSBTX texture
"포켓몬스터 하트골드 (Korea, IPKK, header ROM version 0)","포켓몬스터 소울실버 (Korea, IPGK, header ROM version 0)",/a/0/8/1,equal,411,411,,,0b9efda75f14ecfe7cb774122dd68bcd0fdde27716347a5309a5da28e7fa281d,0b9efda75f14ecfe7cb774122dd68bcd0fdde27716347a5309a5da28e7fa281d,4544,4544,NSBTX texture,NSBTX texture
"포켓몬스터 하트골드 (Korea, IPKK, header ROM version 0)","포켓몬스터 소울실버 (Korea, IPGK, header ROM version 0)",/a/0/8/1,equal,412,412,,,2788fafd3cde0fb5278940fb96e5cc895c96585066ba029c114ac48b822585cf,2788fafd3cde0fb5278940fb96e5cc895c96585066ba029c114ac48b822585cf,4544,4544,NSBTX texture,NSBTX texture
"포켓몬스터 하트골드 (Korea, IPKK, header ROM version 0)","포켓몬스터 소울실버 (Korea, IPGK, header ROM version 0)",/a/0/8/1,equal,413,413,,,acdebd49caa84fc0a7a1522adfffaa146bd43cc5392f3fad9e9a0ded4d3fd3ea,acdebd49caa84fc0a7a1522adfffaa146bd43cc5392f3fad9e9a0ded4d3fd3ea,4544,4544,NSBTX texture,NSBTX texture
"포켓몬스터 하트골드 (Korea, IPKK, header ROM version 0)","포켓몬스터 소울실버 (Korea, IPGK, header ROM version 0)",/a/0/8/1,equal,414,414,,,6b3ec5e7b44ba59f4ddbec675ecdf17bec376240c1d8d8ba60732919e431c6e2,6b3ec5e7b44ba59f4ddbec675ecdf17bec376240c1d8d8ba60732919e431c6e2,4544,4544,NSBTX texture,NSBTX texture
"포켓몬스터 하트골드 (Korea, IPKK, header ROM version 0)","포켓몬스터 소울실버 (Korea, IPGK, header ROM version 0)",/a/0/8/1,equal,415,415,,,925cdaed4880553059c77ba3f9e8e2cf0fde86e1f996e80646e97f3cb4290c35,925cdaed4880553059c77ba3f9e8e2cf0fde86e1f996e80646e97f3cb4290c35,4544,4544,NSBTX texture,NSBTX texture
"포켓몬스터 하트골드 (Korea, IPKK, header ROM version 0)","포켓몬스터 소울실버 (Korea, IPGK, header ROM version 0)",/a/0/8/1,equal,416,416,,,330710c5101be7351554f9266abc752cd84dd1093acf1aec45f8e27714e1afe9,330710c5101be7351554f9266abc752cd84dd1093acf1aec45f8e27714e1afe9,4544,4544,NSBTX texture,NSBTX texture
"포켓몬스터 하트골드 (Korea, IPKK, header ROM version 0)","포켓몬스터 소울실버 (Korea, IPGK, header ROM version 0)",/a/0/8/1,equal,417,417,,,d5064326ffbf6c589e0e4de9419d08a29be7442fe68a6a45778e38eb3f05ddd4,d5064326ffbf6c589e0e4de9419d08a29be7442fe68a6a45778e38eb3f05ddd4,4544,4544,NSBTX texture,NSBTX texture
"포켓몬스터 하트골드 (Korea, IPKK, header ROM version 0)","포켓몬스터 소울실버 (Korea, IPGK, header ROM version 0)",/a/0/8/1,equal,418,418,,,85b5f57920fc86cc35cc528353828d80aa5a7fde5fc8957e86d1e57b84782c73,85b5f57920fc86cc35cc528353828d80aa5a7fde5fc8957e86d1e57b84782c73,4544,4544,NSBTX texture,NSBTX texture
"포켓몬스터 하트골드 (Korea, IPKK, header ROM version 0)","포켓몬스터 소울실버 (Korea, IPGK, header ROM version 0)",/a/0/8/1,equal,419,419,,,395f401caa83d84edb744d8adb385d78ae39d1f86b74e6942545c6deac38419c,395f401caa83d84edb744d8adb385d78ae39d1f86b74e6942545c6deac38419c,4544,4544,NSBTX texture,NSBTX texture
"포켓몬스터 하트골드 (Korea, IPKK, header ROM version 0)","포켓몬스터 소울실버 (Korea, IPGK, header ROM version 0)",/a/0/8/1,equal,420,420,,,baaaa4b2c05a018d440538bf8723946b3bfca56f8c69ac190b2b352a5cff7d39,baaaa4b2c05a018d440538bf8723946b3bfca56f8c69ac190b2b352a5cff7d39,4544,4544,NSBTX texture,NSBTX texture
"포켓몬스터 하트골드 (Korea, IPKK, header ROM version 0)","포켓몬스터 소울실버 (Korea, IPGK, header ROM version 0)",/a/0/8/1,equal,421,421,,,632ad02a519e302a7d19ac1741c35f1d9a05d2bdb7648136bfa0690323187257,632ad02a519e302a7d19ac1741c35f1d9a05d2bdb7648136bfa0690323187257,4544,4544,NSBTX texture,NSBTX texture
"포켓몬스터 하트골드 (Korea, IPKK, header ROM version 0)","포켓몬스터 소울실버 (Korea, IPGK, header ROM version 0)",/a/0/8/1,equal,422,422,,,e244646e132ba46b14001073f0c1b39d052e5d3e8e176c18e416b56819fe74b7,e244646e132ba46b14001073f0c1b39d052e5d3e8e176c18e416b56819fe74b7,4544,4544,NSBTX texture,NSBTX texture
"포켓몬스터 하트골드 (Korea, IPKK, header ROM version 0)","포켓몬스터 소울실버 (Korea, IPGK, header ROM version 0)",/a/0/8/1,equal,423,423,,,6ca53dec24f331c2e4818a779783ad22a1f9ebed4d5680efd2e0dc66862f5fa3,6ca53dec24f331c2e4818a779783ad22a1f9ebed4d5680efd2e0dc66862f5fa3,4544,4544,NSBTX texture,NSBTX texture
"포켓몬스터 하트골드 (Korea, IPKK, header ROM version 0)","포켓몬스터 소울실버 (Korea, IPGK, header ROM version 0)",/a/0/8/1,equal,424,424,,,10faa9483dcbd9d8f1de85c5b930b3e0dbdec0bb438b09fe8f9e3c97c9d412a3,10faa9483dcbd9d8f1de85c5b930b3e0dbdec0bb438b09fe8f9e3c97c9d412a3,4544,4544,NSBTX texture,NSBTX texture
"포켓몬스터 하트골드 (Korea, IPKK, header ROM version 0)","포켓몬스터 소울실버 (Korea, IPGK, header ROM version 0)",/a/0/8/1,equal,425,425,,,673f180ff346bdaf96024d1e13494be9c60f30e84233d3033107ab7826f93fb7,673f180ff346bdaf96024d1e13494be9c60f30e84233d3033107ab7826f93fb7,4544,4544,NSBTX texture,NSBTX texture
"포켓몬스터 하트골드 (Korea, IPKK, header ROM version 0)","포켓몬스터 소울실버 (Korea, IPGK, header ROM version 0)",/a/0/8/1,equal,426,426,,,423b5bbbe3642e51c4579544e0b028f940d81845abdef19f82456dbe73e120cd,423b5bbbe3642e51c4579544e0b028f940d81845abdef19f82456dbe73e120cd,4544,4544,NSBTX texture,NSBTX texture
"포켓몬스터 하트골드 (Korea, IPKK, header ROM version 0)","포켓몬스터 소울실버 (Korea, IPGK, header ROM version 0)",/a/0/8/1,equal,427,427,,,89bec3e68a80ef7bd0d3b440bbce5440fd1b053148e99b63b1f894a81ca5d97c,89bec3e68a80ef7bd0d3b440bbce5440fd1b053148e99b63b1f894a81ca5d97c,4544,4544,NSBTX texture,NSBTX texture
"포켓몬스터 하트골드 (Korea, IPKK, header ROM version 0)","포켓몬스터 소울실버 (Korea, IPGK, header ROM version 0)",/a/0/8/1,equal,428,428,,,87236ef47ff9777e6c12bb6b608d24bdebe77ee329effc8ce10b75b9fb88614b,87236ef47ff9777e6c12bb6b608d24bdebe77ee329effc8ce10b75b9fb88614b,4544,4544,NSBTX texture,NSBTX texture
"포켓몬스터 하트골드 (Korea, IPKK, header ROM version 0)","포켓몬스터 소울실버 (Korea, IPGK, header ROM version 0)",/a/0/8/1,equal,429,429,,,93687b2e03fa6f2efea952465b9bc11e75807cab77f26f18047f5fb012a2eaf1,93687b2e03fa6f2efea952465b9bc11e75807cab77f26f18047f5fb012a2eaf1,4544,4544,NSBTX texture,NSBTX texture
"포켓몬스터 하트골드 (Korea, IPKK, header ROM version 0)","포켓몬스터 소울실버 (Korea, IPGK, header ROM version 0)",/a/0/8/1,equal,430,430,,,f0ad3ad7a36ce24c9f164b9438dc856e01f1d302c71ae2cd4ffa60fbe7708592,f0ad3ad7a36ce24c9f164b9438dc856e01f1d302c71ae2cd4ffa60fbe7708592,4544,4544,NSBTX texture,NSBTX texture
"포켓몬스터 하트골드 (Korea, IPKK, header ROM version 0)","포켓몬스터 소울실버 (Korea, IPGK, header ROM version 0)",/a/0/8/1,equal,431,431,,,89302384756a0246a8dc2db7b4253687a4b4f3d17a79ac9e7fe4ce1e175e612e,89302384756a0246a8dc2db7b4253687a4b4f3d17a79ac9e7fe4ce1e175e612e,4544,4544,NSBTX texture,NSBTX texture
"포켓몬스터 하트골드 (Korea, IPKK, header ROM version 0)","포켓몬스터 소울실버 (Korea, IPGK, header ROM version 0)",/a/0/8/1,equal,432,432,,,2901d5b46be88bfef1f7fe83fae3740e80378ae0d3f80bcc7010d11928b6155e,2901d5b46be88bfef1f7fe83fae3740e80378ae0d3f80bcc7010d11928b6155e,4544,4544,NSBTX texture,NSBTX texture
"포켓몬스터 하트골드 (Korea, IPKK, header ROM version 0)","포켓몬스터 소울실버 (Korea, IPGK, header ROM version 0)",/a/0/8/1,equal,433,433,,,e8fe223de09887ea24ae6c734a43be64aab74d704549a6d76f04113d10ada496,e8fe223de09887ea24ae6c734a43be64aab74d704549a6d76f04113d10ada496,4544,4544,NSBTX texture,NSBTX texture
"포켓몬스터 하트골드 (Korea, IPKK, header ROM version 0)","포켓몬스터 소울실버 (Korea, IPGK, header ROM version 0)",/a/0/8/1,equal,434,434,,,fc3174f901d0a877f3f78096ae75d19eb194c3fc8f37fae1b78384923f5e431b,fc3174f901d0a877f3f78096ae75d19eb194c3fc8f37fae1b78384923f5e431b,4544,4544,NSBTX texture,NSBTX texture
"포켓몬스터 하트골드 (Korea, IPKK, header ROM version 0)","포켓몬스터 소울실버 (Korea, IPGK, header ROM version 0)",/a/0/8/1,equal,435,435,,,65733781397f8c33ad5726740d3598e0b75e65133a0972d57f0f5184ffcedf01,65733781397f8c33ad5726740d3598e0b75e65133a0972d57f0f5184ffcedf01,4544,4544,NSBTX texture,NSBTX texture
"포켓몬스터 하트골드 (Korea, IPKK, header ROM version 0)","포켓몬스터 소울실버 (Korea, IPGK, header ROM version 0)",/a/0/8/1,equal,436,436,,,9bb21e3e5a66b6311a73e41458d4e79db1de2b94d8b92dd60ab8a48816c4c8d0,9bb21e3e5a66b6311a73e41458d4e79db1de2b94d8b92dd60ab8a48816c4c8d0,4544,4544,NSBTX texture,NSBTX texture
"포켓몬스터 하트골드 (Korea, IPKK, header ROM version 0)","포켓몬스터 소울실버 (Korea, IPGK, header ROM version 0)",/a/0/8/1,equal,437,437,,,23a1e82e5bc01351a8c57026cb482b36ea4aa9891d23a4fb2a92c067795431e8,23a1e82e5bc01351a8c57026cb482b36ea4aa9891d23a4fb2a92c067795431e8,4544,4544,NSBTX texture,NSBTX texture
"포켓몬스터 하트골드 (Korea, IPKK, header ROM version 0)","포켓몬스터 소울실버 (Korea, IPGK, header ROM version 0)",/a/0/8/1,equal,438,438,,,edca9288f48547cd522506ce44ea2a16ebe4655c13840ae249056b13881c7d93,edca9288f48547cd522506ce44ea2a16ebe4655c13840ae249056b13881c7d93,4544,4544,NSBTX texture,NSBTX texture
"포켓몬스터 하트골드 (Korea, IPKK, header ROM version 0)","포켓몬스터 소울실버 (Korea, IPGK, header ROM version 0)",/a/0/8/1,equal,439,439,,,c24090c65aa944d5fa904052f757629681bf17031a00e47fa87826507a8a2c58,c24090c65aa944d5fa904052f757629681bf17031a00e47fa87826507a8a2c58,4544,4544,NSBTX texture,NSBTX texture
"포켓몬스터 하트골드 (Korea, IPKK, header ROM version 0)","포켓몬스터 소울실버 (Korea, IPGK, header ROM version 0)",/a/0/8/1,equal,440,440,,,1735053c6bf5a853c3cca1d67aee9ec60827c9282f42836c64dfb893243e1f6b,1735053c6bf5a853c3cca1d67aee9ec60827c9282f42836c64dfb893243e1f6b,4544,4544,NSBTX texture,NSBTX texture
"포켓몬스터 하트골드 (Korea, IPKK, header ROM version 0)","포켓몬스터 소울실버 (Korea, IPGK, header ROM version 0)",/a/0/8/1,equal,441,441,,,003e1063e1940777ba9518299f4c48fa04472607658687162eb4d804a6c586c4,003e1063e1940777ba9518299f4c48fa04472607658687162eb4d804a6c586c4,4544,4544,NSBTX texture,NSBTX texture
"포켓몬스터 하트골드 (Korea, IPKK, header ROM version 0)","포켓몬스터 소울실버 (Korea, IPGK, header ROM version 0)",/a/0/8/1,equal,442,442,,,534fd7dcaf75c4d0e6a5f00c4c6a21580143d7bc74138cb28d5218e07964af7d,534fd7dcaf75c4d0e6a5f00c4c6a21580143d7bc74138cb28d5218e07964af7d,4544,4544,NSBTX texture,NSBTX texture
"포켓몬스터 하트골드 (Korea, IPKK, header ROM version 0)","포켓몬스터 소울실버 (Korea, IPGK, header ROM version 0)",/a/0/8/1,equal,443,443,,,42b17a6f07e0320e6a927befc43cfc270aeacb87d6959ae0f73ef0ec45514a15,42b17a6f07e0320e6a927befc43cfc270aeacb87d6959ae0f73ef0ec45514a15,4544,4544,NSBTX texture,NSBTX texture
"포켓몬스터 하트골드 (Korea, IPKK, header ROM version 0)","포켓몬스터 소울실버 (Korea, IPGK, header ROM version 0)",/a/0/8/1,equal,444,444,,,acfa33a403cbcffcb3494ab30c28e22dedc185703a0d4c91def868ebec03e652,acfa33a403cbcffcb3494ab30c28e22dedc185703a0d4c91def868ebec03e652,4544,4544,NSBTX texture,NSBTX texture
"포켓몬스터 하트골드 (Korea, IPKK, header ROM version 0)","포켓몬스터 소울실버 (Korea, IPGK, header ROM version 0)",/a/0/8/1,equal,445,445,,,5589e17287a3db87039d533c5b96b676a4d8ed6dc66daf4190110e226fdef017,5589e17287a3db87039d533c5b96b676a4d8ed6dc66daf4190110e226fdef017,4544,4544,NSBTX texture,NSBTX texture
"포켓몬스터 하트골드 (Korea, IPKK, header ROM version 0)","포켓몬스터 소울실버 (Korea, IPGK, header ROM version 0)",/a/0/8/1,equal,446,446,,,deca1fdc1af82df3e81a20c179e718d8a1c62e715867b8ba5922cec6c7b6e7b4,deca1fdc1af82df3e81a20c179e718d8a1c62e715867b8ba5922cec6c7b6e7b4,4544,4544,NSBTX texture,NSBTX texture
"포켓몬스터 하트골드 (Korea, IPKK, header ROM version 0)","포켓몬스터 소울실버 (Korea, IPGK, header ROM version 0)",/a/0/8/1,equal,447,447,,,90ec80c18d6707e9e661144ec0087b70bfc7118adf61876dd1b5f053a2a9150e,90ec80c18d6707e9e661144ec0087b70bfc7118adf61876dd1b5f053a2a9150e,4544,4544,NSBTX texture,NSBTX texture
"포켓몬스터 하트골드 (Korea, IPKK, header ROM version 0)","포켓몬스터 소울실버 (Korea, IPGK, header ROM version 0)",/a/0/8/1,equal,448,448,,,441aabf725a83a49adf74a9f4d3983237828b9b43a8209c7ebb7fd8a5e556237,441aabf725a83a49adf74a9f4d3983237828b9b43a8209c7ebb7fd8a5e556237,4544,4544,NSBTX texture,NSBTX texture
"포켓몬스터 하트골드 (Korea, IPKK, header ROM version 0)","포켓몬스터 소울실버 (Korea, IPGK, header ROM version 0)",/a/0/8/1,equal,449,449,,,a3115db7c8af3b18d2a7674417be1408bc0622385cedab15fdf8b54e31f8e8d8,a3115db7c8af3b18d2a7674417be1408bc0622385cedab15fdf8b54e31f8e8d8,4544,4544,NSBTX texture,NSBTX texture
"포켓몬스터 하트골드 (Korea, IPKK, header ROM version 0)","포켓몬스터 소울실버 (Korea, IPGK, header ROM version 0)",/a/0/8/1,equal,450,450,,,6624f88380ac6b80ae35b57930638b7963faf67dce6512f47235ad2e56c3c3ab,6624f88380ac6b80ae35b57930638b7963faf67dce6512f47235ad2e56c3c3ab,4544,4544,NSBTX texture,NSBTX texture
"포켓몬스터 하트골드 (Korea, IPKK, header ROM version 0)","포켓몬스터 소울실버 (Korea, IPGK, header ROM version 0)",/a/0/8/1,equal,451,451,,,cda74079fca191828ffb63832068511580f202fdff8fb19e646f54f9320dcf67,cda74079fca191828ffb63832068511580f202fdff8fb19e646f54f9320dcf67,4544,4544,NSBTX texture,NSBTX texture
"포켓몬스터 하트골드 (Korea, IPKK, header ROM version 0)","포켓몬스터 소울실버 (Korea, IPGK, header ROM version 0)",/a/0/8/1,equal,452,452,,,db7f04e96cb9d1e98a2431ef0d65862d3d98db55a764ef3f9f8658ded9d4f06c,db7f04e96cb9d1e98a2431ef0d65862d3d98db55a764ef3f9f8658ded9d4f06c,4544,4544,NSBTX texture,NSBTX texture
"포켓몬스터 하트골드 (Korea, IPKK, header ROM version 0)","포켓몬스터 소울실버 (Korea, IPGK, header ROM version 0)",/a/0/8/1,equal,453,453,,,231b9eed886a9259f09a58557a76897bb409e29b9811ca4a70563e0e73f63a6e,231b9eed886a9259f09a58557a76897bb409e29b9811ca4a70563e0e73f63a6e,4544,4544,NSBTX texture,NSBTX texture
"포켓몬스터 하트골드 (Korea, IPKK, header ROM version 0)","포켓몬스터 소울실버 (Korea, IPGK, header ROM version 0)",/a/0/8/1,equal,454,454,,,79ccb6b4a81fcb8d8ffbb66053407f87c437f9c77bc65c6d9da146e97340f954,79ccb6b4a81fcb8d8ffbb66053407f87c437f9c77bc65c6d9da146e97340f954,4544,4544,NSBTX texture,NSBTX texture
"포켓몬스터 하트골드 (Korea, IPKK, header ROM version 0)","포켓몬스터 소울실버 (Korea, IPGK, header ROM version 0)",/a/0/8/1,equal,455,455,,,ef7b03e77842efcf5979c6a51b82a0092cdc9c9170f1bbbf8ff7b6e128da013d,ef7b03e77842efcf5979c6a51b82a0092cdc9c9170f1bbbf8ff7b6e128da013d,4544,4544,NSBTX texture,NSBTX texture
"포켓몬스터 하트골드 (Korea, IPKK, header ROM version 0)","포켓몬스터 소울실버 (Korea, IPGK, header ROM version 0)",/a/0/8/1,equal,456,456,,,e94e878837dc497f92f64a6a8faa85b2fae0d732cf22dcc28547073af9a47759,e94e878837dc497f92f64a6a8faa85b2fae0d732cf22dcc28547073af9a47759,4544,4544,NSBTX texture,NSBTX texture
"포켓몬스터 하트골드 (Korea, IPKK, header ROM version 0)","포켓몬스터 소울실버 (Korea, IPGK, header ROM version 0)",/a/0/8/1,equal,457,457,,,cf73135e092f461a6debdbe68a1f8099c495945e6241938f2c46e681e1ec20b6,cf73135e092f461a6debdbe68a1f8099c495945e6241938f2c46e681e1ec20b6,4544,4544,NSBTX texture,NSBTX texture
"포켓몬스터 하트골드 (Korea, IPKK, header ROM version 0)","포켓몬스터 소울실버 (Korea, IPGK, header ROM version 0)",/a/0/8/1,equal,458,458,,,fcaeed8b43cce3dcea8cc4732dac4021753ad2bbd9227f47f81ad0dcaf040281,fcaeed8b43cce3dcea8cc4732dac4021753ad2bbd9227f47f81ad0dcaf040281,4544,4544,NSBTX texture,NSBTX texture
"포켓몬스터 하트골드 (Korea, IPKK, header ROM version 0)","포켓몬스터 소울실버 (Korea, IPGK, header ROM version 0)",/a/0/8/1,equal,459,459,,,87dff7120b4730875a47346d12d1ed9f96ba0b091effbb852e854b4e86f09b12,87dff7120b4730875a47346d12d1ed9f96ba0b091effbb852e854b4e86f09b12,4544,4544,NSBTX texture,NSBTX texture
"포켓몬스터 하트골드 (Korea, IPKK, header ROM version 0)","포켓몬스터 소울실버 (Korea, IPGK, header ROM version 0)",/a/0/8/1,equal,460,460,,,d55e015dc41d2ec9045ce2988b5d6fa653574052936225de1afdab4044e5b634,d55e015dc41d2ec9045ce2988b5d6fa653574052936225de1afdab4044e5b634,4544,4544,NSBTX texture,NSBTX texture
"포켓몬스터 하트골드 (Korea, IPKK, header ROM version 0)","포켓몬스터 소울실버 (Korea, IPGK, header ROM version 0)",/a/0/8/1,equal,461,461,,,c95ae7b2580cc669098cd7496c97a7c193f8e30d93108dfbf349dd5a02356d4a,c95ae7b2580cc669098cd7496c97a7c193f8e30d93108dfbf349dd5a02356d4a,4544,4544,NSBTX texture,NSBTX texture
"포켓몬스터 하트골드 (Korea, IPKK, header ROM version 0)","포켓몬스터 소울실버 (Korea, IPGK, header ROM version 0)",/a/0/8/1,equal,462,462,,,08b5f63ec0fd8fdf5ab4e6464ac154676144c9075df81a3026627414060ced0f,08b5f63ec0fd8fdf5ab4e6464ac154676144c9075df81a3026627414060ced0f,4544,4544,NSBTX texture,NSBTX texture
"포켓몬스터 하트골드 (Korea, IPKK, header ROM version 0)","포켓몬스터 소울실버 (Korea, IPGK, header ROM version 0)",/a/0/8/1,equal,463,463,,,dfff4cec09e4586e247abca66d15fdcc36689621d02a40979a86450741f70578,dfff4cec09e4586e247abca66d15fdcc36689621d02a40979a86450741f70578,4544,4544,NSBTX texture,NSBTX texture
"포켓몬스터 하트골드 (Korea, IPKK, header ROM version 0)","포켓몬스터 소울실버 (Korea, IPGK, header ROM version 0)",/a/0/8/1,equal,464,464,,,7c1e2ccd5c0c68edc062ce01c3fad4fc88702c3f106a7c57e23b2edfa2e9d633,7c1e2ccd5c0c68edc062ce01c3fad4fc88702c3f106a7c57e23b2edfa2e9d633,4544,4544,NSBTX texture,NSBTX texture
"포켓몬스터 하트골드 (Korea, IPKK, header ROM version 0)","포켓몬스터 소울실버 (Korea, IPGK, header ROM version 0)",/a/0/8/1,equal,465,465,,,37f990413d7ddb007ac7861086197ccad13260441fcfbe6cd7e952ace512dd46,37f990413d7ddb007ac7861086197ccad13260441fcfbe6cd7e952ace512dd46,4544,4544,NSBTX texture,NSBTX texture
"포켓몬스터 하트골드 (Korea, IPKK, header ROM version 0)","포켓몬스터 소울실버 (Korea, IPGK, header ROM version 0)",/a/0/8/1,equal,466,466,,,17a7f96f777af187e47f6b096d66e276d277f38c05e49145e3dcfd0d4597c413,17a7f96f777af187e47f6b096d66e276d277f38c05e49145e3dcfd0d4597c413,4544,4544,NSBTX texture,NSBTX texture
"포켓몬스터 하트골드 (Korea, IPKK, header ROM version 0)","포켓몬스터 소울실버 (Korea, IPGK, header ROM version 0)",/a/0/8/1,equal,467,467,,,089d26eeb10cd311731f6861ca8ae0cd093d4737035a7d25241416ed68d4f848,089d26eeb10cd311731f6861ca8ae0cd093d4737035a7d25241416ed68d4f848,4544,4544,NSBTX texture,NSBTX texture
"포켓몬스터 하트골드 (Korea, IPKK, header ROM version 0)","포켓몬스터 소울실버 (Korea, IPGK, header ROM version 0)",/a/0/8/1,equal,468,468,,,0478472975f5e64b652b7208708821bee1364d7e6a189a17c2d0529e0b5ba0b2,0478472975f5e64b652b7208708821bee1364d7e6a189a17c2d0529e0b5ba0b2,4544,4544,NSBTX texture,NSBTX texture
"포켓몬스터 하트골드 (Korea, IPKK, header ROM version 0)","포켓몬스터 소울실버 (Korea, IPGK, header ROM version 0)",/a/0/8/1,equal,469,469,,,b040491562638d340b48c504df68bb2455897fbe172669a66305b741386a43ba,b040491562638d340b48c504df68bb2455897fbe172669a66305b741386a43ba,4544,4544,NSBTX texture,NSBTX texture
"포켓몬스터 하트골드 (Korea, IPKK, header ROM version 0)","포켓몬스터 소울실버 (Korea, IPGK, header ROM version 0)",/a/0/8/1,equal,470,470,,,0981ef1671c0d563c1554ceeabbcd0df53e81e7008dc36040440367a9dda3dfa,0981ef1671c0d563c1554ceeabbcd0df53e81e7008dc36040440367a9dda3dfa,4544,4544,NSBTX texture,NSBTX texture
"포켓몬스터 하트골드 (Korea, IPKK, header ROM version 0)","포켓몬스터 소울실버 (Korea, IPGK, header ROM version 0)",/a/0/8/1,equal,471,471,,,5849d3d9c4b76cfbf4a7661031e9f909bd037b7671e1f0290a0fd09fdfb99106,5849d3d9c4b76cfbf4a7661031e9f909bd037b7671e1f0290a0fd09fdfb99106,4544,4544,NSBTX texture,NSBTX texture
"포켓몬스터 하트골드 (Korea, IPKK, header ROM version 0)","포켓몬스터 소울실버 (Korea, IPGK, header ROM version 0)",/a/0/8/1,equal,472,472,,,91a0e4033909c861a04c608458afe3fd6e5ae498ea64b5475fec603c3cfc9346,91a0e4033909c861a04c608458afe3fd6e5ae498ea64b5475fec603c3cfc9346,4544,4544,NSBTX texture,NSBTX texture
"포켓몬스터 하트골드 (Korea, IPKK, header ROM version 0)","포켓몬스터 소울실버 (Korea, IPGK, header ROM version 0)",/a/0/8/1,equal,473,473,,,1d4cb3891f4d7d907420a2922e064ecf71a8226064936d6c2e46279db86c3dfc,1d4cb3891f4d7d907420a2922e064ecf71a8226064936d6c2e46279db86c3dfc,4544,4544,NSBTX texture,NSBTX texture
"포켓몬스터 하트골드 (Korea, IPKK, header ROM version 0)","포켓몬스터 소울실버 (Korea, IPGK, header ROM version 0)",/a/0/8/1,equal,474,474,,,4cf946589f0ab6ba02f4499178b54f28d65ded3d82f6c387cbfd80f438923188,4cf946589f0ab6ba02f4499178b54f28d65ded3d82f6c387cbfd80f438923188,4544,4544,NSBTX texture,NSBTX texture
"포켓몬스터 하트골드 (Korea, IPKK, header ROM version 0)","포켓몬스터 소울실버 (Korea, IPGK, header ROM version 0)",/a/0/8/1,equal,475,475,,,55a97c13a8c6b800367d91495e0adbb66fd09bd563bea974b1f28dcf86ebf386,55a97c13a8c6b800367d91495e0adbb66fd09bd563bea974b1f28dcf86ebf386,4544,4544,NSBTX texture,NSBTX texture
"포켓몬스터 하트골드 (Korea, IPKK, header ROM version 0)","포켓몬스터 소울실버 (Korea, IPGK, header ROM version 0)",/a/0/8/1,equal,476,476,,,95a078377f7b9815c149eea0d10d29b363308893028161039d543b7a8815ff42,95a078377f7b9815c149eea0d10d29b363308893028161039d543b7a8815ff42,4544,4544,NSBTX texture,NSBTX texture
"포켓몬스터 하트골드 (Korea, IPKK, header ROM version 0)","포켓몬스터 소울실버 (Korea, IPGK, header ROM version 0)",/a/0/8/1,equal,477,477,,,6904d2539118cd041f6d5e59c6340ed43f47b2665d169bc4bd7aed18e4655317,6904d2539118cd041f6d5e59c6340ed43f47b2665d169bc4bd7aed18e4655317,4544,4544,NSBTX texture,NSBTX texture
"포켓몬스터 하트골드 (Korea, IPKK, header ROM version 0)","포켓몬스터 소울실버 (Korea, IPGK, header ROM version 0)",/a/0/8/1,equal,478,478,,,12ae1066e491c676492dc92a6e8df6d61fe25da8526d6557c2eb6b73d4c87418,12ae1066e491c676492dc92a6e8df6d61fe25da8526d6557c2eb6b73d4c87418,4544,4544,NSBTX texture,NSBTX texture
"포켓몬스터 하트골드 (Korea, IPKK, header ROM version 0)","포켓몬스터 소울실버 (Korea, IPGK, header ROM version 0)",/a/0/8/1,equal,479,479,,,f369eb260d4738b67218a2c678077f5fa964ab209ab86008f2f565a753ce22bb,f369eb260d4738b67218a2c678077f5fa964ab209ab86008f2f565a753ce22bb,4544,4544,NSBTX texture,NSBTX texture
"포켓몬스터 하트골드 (Korea, IPKK, header ROM version 0)","포켓몬스터 소울실버 (Korea, IPGK, header ROM version 0)",/a/0/8/1,equal,480,480,,,ddac1beab4226f2dedb9c26f70416d6e189cd938fec0a6b299efb0163182e106,ddac1beab4226f2dedb9c26f70416d6e189cd938fec0a6b299efb0163182e106,4544,4544,NSBTX texture,NSBTX texture
"포켓몬스터 하트골드 (Korea, IPKK, header ROM version 0)","포켓몬스터 소울실버 (Korea, IPGK, header ROM version 0)",/a/0/8/1,equal,481,481,,,a5d7d63d27ad7e9841c8637d1242d41de1799356d02b61ad52540d8122b2170c,a5d7d63d27ad7e9841c8637d1242d41de1799356d02b61ad52540d8122b2170c,4544,4544,NSBTX texture,NSBTX texture
"포켓몬스터 하트골드 (Korea, IPKK, header ROM version 0)","포켓몬스터 소울실버 (Korea, IPGK, header ROM version 0)",/a/0/8/1,equal,482,482,,,16533189d25f5116a5b59e73206f780ff8715c88758bc38f577b88d8ddf0ec32,16533189d25f5116a5b59e73206f780ff8715c88758bc38f577b88d8ddf0ec32,4544,4544,NSBTX texture,NSBTX texture
"포켓몬스터 하트골드 (Korea, IPKK, header ROM version 0)","포켓몬스터 소울실버 (Korea, IPGK, header ROM version 0)",/a/0/8/1,equal,483,483,,,07c70a219a9a30b169302eddefb87023b3856a63735bf9b7be73d0079a35e147,07c70a219a9a30b169302eddefb87023b3856a63735bf9b7be73d0079a35e147,4544,4544,NSBTX texture,NSBTX texture
"포켓몬스터 하트골드 (Korea, IPKK, header ROM version 0)","포켓몬스터 소울실버 (Korea, IPGK, header ROM version 0)",/a/0/8/1,equal,484,484,,,a229732a210019bdb1becf20c5e750feec97e5cb0e0e8b89987802065047e870,a229732a210019bdb1becf20c5e750feec97e5cb0e0e8b89987802065047e870,4544,4544,NSBTX texture,NSBTX texture
"포켓몬스터 하트골드 (Korea, IPKK, header ROM version 0)","포켓몬스터 소울실버 (Korea, IPGK, header ROM version 0)",/a/0/8/1,equal,485,485,,,dd2deb9d868b51e3c4a9037701a840c4948f863ee36901d53439a812c47e3312,dd2deb9d868b51e3c4a9037701a840c4948f863ee36901d53439a812c47e3312,4544,4544,NSBTX texture,NSBTX texture
"포켓몬스터 하트골드 (Korea, IPKK, header ROM version 0)","포켓몬스터 소울실버 (Korea, IPGK, header ROM version 0)",/a/0/8/1,equal,486,486,,,e6623231596c86575101c81a9267e63b597b100252ac684140146314933dfbe8,e6623231596c86575101c81a9267e63b597b100252ac684140146314933dfbe8,4544,4544,NSBTX texture,NSBTX texture
"포켓몬스터 하트골드 (Korea, IPKK, header ROM version 0)","포켓몬스터 소울실버 (Korea, IPGK, header ROM version 0)",/a/0/8/1,equal,487,487,,,67360f270a12719b20287746d87bed435ad8a0ec97731e5904d14347c6607234,67360f270a12719b20287746d87bed435ad8a0ec97731e5904d14347c6607234,4544,4544,NSBTX texture,NSBTX texture
"포켓몬스터 하트골드 (Korea, IPKK, header ROM version 0)","포켓몬스터 소울실버 (Korea, IPGK, header ROM version 0)",/a/0/8/1,equal,488,488,,,632590e7862b84f805f5da48c2c6fa74d394c5cf4ddd3be6ba9657fcae825ec3,632590e7862b84f805f5da48c2c6fa74d394c5cf4ddd3be6ba9657fcae825ec3,4544,4544,NSBTX texture,NSBTX texture
"포켓몬스터 하트골드 (Korea, IPKK, header ROM version 0)","포켓몬스터 소울실버 (Korea, IPGK, header ROM version 0)",/a/0/8/1,equal,489,489,,,5e33e30596ddb90c3740fae7604e3ecfdd733dcb7f203501f814e37c4af2e392,5e33e30596ddb90c3740fae7604e3ecfdd733dcb7f203501f814e37c4af2e392,4544,4544,NSBTX texture,NSBTX texture
"포켓몬스터 하트골드 (Korea, IPKK, header ROM version 0)","포켓몬스터 소울실버 (Korea, IPGK, header ROM version 0)",/a/0/8/1,equal,490,490,,,78fdff73247080f38f981edcbb69681ada390a7835a99176295f003eb7ad5149,78fdff73247080f38f981edcbb69681ada390a7835a99176295f003eb7ad5149,4544,4544,NSBTX texture,NSBTX texture
"포켓몬스터 하트골드 (Korea, IPKK, header ROM version 0)","포켓몬스터 소울실버 (Korea, IPGK, header ROM version 0)",/a/0/8/1,equal,491,491,,,8f93fddef3bbddb072fd6f43059467af770fe72fa0559c676c89383e2f6bddf5,8f93fddef3bbddb072fd6f43059467af770fe72fa0559c676c89383e2f6bddf5,4544,4544,NSBTX texture,NSBTX texture
"포켓몬스터 하트골드 (Korea, IPKK, header ROM version 0)","포켓몬스터 소울실버 (Korea, IPGK, header ROM version 0)",/a/0/8/1,equal,492,492,,,eb3787a949b8f3a7d159f20dd5ac4fc395f5360e4a02c55ddeda75e9c4d67e58,eb3787a949b8f3a7d159f20dd5ac4fc395f5360e4a02c55ddeda75e9c4d67e58,4544,4544,NSBTX texture,NSBTX texture
"포켓몬스터 하트골드 (Korea, IPKK, header ROM version 0)","포켓몬스터 소울실버 (Korea, IPGK, header ROM version 0)",/a/0/8/1,equal,493,493,,,7d2cb5a578baaadf8de2b945435f0fc6d59adf074c1b7eb9c6b3a9df7e1b0fcf,7d2cb5a578baaadf8de2b945435f0fc6d59adf074c1b7eb9c6b3a9df7e1b0fcf,4544,4544,NSBTX texture,NSBTX texture
"포켓몬스터 하트골드 (Korea, IPKK, header ROM version 0)","포켓몬스터 소울실버 (Korea, IPGK, header ROM version 0)",/a/0/8/1,equal,494,494,,,84f2bb5906880939ba1acde4369d85560669323b205db17d4492ed708abc389b,84f2bb5906880939ba1acde4369d85560669323b205db17d4492ed708abc389b,4544,4544,NSBTX texture,NSBTX texture
"포켓몬스터 하트골드 (Korea, IPKK, header ROM version 0)","포켓몬스터 소울실버 (Korea, IPGK, header ROM version 0)",/a/0/8/1,equal,495,495,,,c481c343e56f36ff38559860144569df50cc813258b21c2dbd7d6ffb1f2fc056,c481c343e56f36ff38559860144569df50cc813258b21c2dbd7d6ffb1f2fc056,4544,4544,NSBTX texture,NSBTX texture
"포켓몬스터 하트골드 (Korea, IPKK, header ROM version 0)","포켓몬스터 소울실버 (Korea, IPGK, header ROM version 0)",/a/0/8/1,equal,496,496,,,7f5ca119338d991d58d5a6311b92ac6f915fbe5451e245d1a24b2d03463c4cf5,7f5ca119338d991d58d5a6311b92ac6f915fbe5451e245d1a24b2d03463c4cf5,4544,4544,NSBTX texture,NSBTX texture
"포켓몬스터 하트골드 (Korea, IPKK, header ROM version 0)","포켓몬스터 소울실버 (Korea, IPGK, header ROM version 0)",/a/0/8/1,equal,497,497,,,fffb4f37034d41f0effc2f7efbd8961ea0078113447c269eb583de3dc3059706,fffb4f37034d41f0effc2f7efbd8961ea0078113447c269eb583de3dc3059706,4544,4544,NSBTX texture,NSBTX texture
"포켓몬스터 하트골드 (Korea, IPKK, header ROM version 0)","포켓몬스터 소울실버 (Korea, IPGK, header ROM version 0)",/a/0/8/1,equal,498,498,,,edd14b8a8f2907c60098557d102debe8a2003982b40c54dd6af0f632832f0fe6,edd14b8a8f2907c60098557d102debe8a2003982b40c54dd6af0f632832f0fe6,4544,4544,NSBTX texture,NSBTX texture
"포켓몬스터 하트골드 (Korea, IPKK, header ROM version 0)","포켓몬스터 소울실버 (Korea, IPGK, header ROM version 0)",/a/0/8/1,equal,499,499,,,8f2f611c5dba54b017aea10395b3866394da86e0aaf298b55c0d0d67000dc339,8f2f611c5dba54b017aea10395b3866394da86e0aaf298b55c0d0d67000dc339,4544,4544,NSBTX texture,NSBTX texture
"포켓몬스터 하트골드 (Korea, IPKK, header ROM version 0)","포켓몬스터 소울실버 (Korea, IPGK, header ROM version 0)",/a/0/8/1,equal,500,500,,,8a468d0aacb902991e4d2a34883cf0aa488054f0d3d81911fc071ce82880bdc6,8a468d0aacb902991e4d2a34883cf0aa488054f0d3d81911fc071ce82880bdc6,4544,4544,NSBTX texture,NSBTX texture
"포켓몬스터 하트골드 (Korea, IPKK, header ROM version 0)","포켓몬스터 소울실버 (Korea, IPGK, header ROM version 0)",/a/0/8/1,equal,501,501,,,53926463509c1b9d362a46e5fafbceb23abe75063c33be17b7a10a1408364ee6,53926463509c1b9d362a46e5fafbceb23abe75063c33be17b7a10a1408364ee6,4544,4544,NSBTX texture,NSBTX texture
"포켓몬스터 하트골드 (Korea, IPKK, header ROM version 0)","포켓몬스터 소울실버 (Korea, IPGK, header ROM version 0)",/a/0/8/1,equal,502,502,,,64f996328ef5dfbc53ba8da42b499b625a1b78768ec8c82b14231a0e8c48ab22,64f996328ef5dfbc53ba8da42b499b625a1b78768ec8c82b14231a0e8c48ab22,4544,4544,NSBTX texture,NSBTX texture
"포켓몬스터 하트골드 (Korea, IPKK, header ROM version 0)","포켓몬스터 소울실버 (Korea, IPGK, header ROM version 0)",/a/0/8/1,equal,503,503,,,c7e2c1396370e7b9fcd0f005c06bf4fd0399f374eda3a98ab1ef620090307f28,c7e2c1396370e7b9fcd0f005c06bf4fd0399f374eda3a98ab1ef620090307f28,4544,4544,NSBTX texture,NSBTX texture
"포켓몬스터 하트골드 (Korea, IPKK, header ROM version 0)","포켓몬스터 소울실버 (Korea, IPGK, header ROM version 0)",/a/0/8/1,equal,504,504,,,58634e3608e1356f8c6ce5f30b3c9addcf446083bcaf8e715e25e8057d2e5f71,58634e3608e1356f8c6ce5f30b3c9addcf446083bcaf8e715e25e8057d2e5f71,4544,4544,NSBTX texture,NSBTX texture
"포켓몬스터 하트골드 (Korea, IPKK, header ROM version 0)","포켓몬스터 소울실버 (Korea, IPGK, header ROM version 0)",/a/0/8/1,equal,505,505,,,9821332df3839eaccd9a8a50f4de6e5b672aae12b01028a5fc0391a8b944a84a,9821332df3839eaccd9a8a50f4de6e5b672aae12b01028a5fc0391a8b944a84a,4544,4544,NSBTX texture,NSBTX texture
"포켓몬스터 하트골드 (Korea, IPKK, header ROM version 0)","포켓몬스터 소울실버 (Korea, IPGK, header ROM version 0)",/a/0/8/1,equal,506,506,,,a3bb3ae33aa46ab0dcf311f9d6f5b043a7a7adaada8fc6c8e396b7980f6729f8,a3bb3ae33aa46ab0dcf311f9d6f5b043a7a7adaada8fc6c8e396b7980f6729f8,4544,4544,NSBTX texture,NSBTX texture
"포켓몬스터 하트골드 (Korea, IPKK, header ROM version 0)","포켓몬스터 소울실버 (Korea, IPGK, header ROM version 0)",/a/0/8/1,equal,507,507,,,1af160ad3b1ac96cc9b963f9bcc25cc164545a70b4b18889ccbb2c48e7107b99,1af160ad3b1ac96cc9b963f9bcc25cc164545a70b4b18889ccbb2c48e7107b99,4544,4544,NSBTX texture,NSBTX texture
"포켓몬스터 하트골드 (Korea, IPKK, header ROM version 0)","포켓몬스터 소울실버 (Korea, IPGK, header ROM version 0)",/a/0/8/1,equal,508,508,,,153b4529be696f8c329beaa2030ecaf944b9008b1f630f5ced638eb4292e3ca3,153b4529be696f8c329beaa2030ecaf944b9008b1f630f5ced638eb4292e3ca3,4544,4544,NSBTX texture,NSBTX texture
"포켓몬스터 하트골드 (Korea, IPKK, header ROM version 0)","포켓몬스터 소울실버 (Korea, IPGK, header ROM version 0)",/a/0/8/1,equal,509,509,,,a149b3dc9e95fc27a62b13a21f90ec1050240a2567d37cc4003def96bafc0dae,a149b3dc9e95fc27a62b13a21f90ec1050240a2567d37cc4003def96bafc0dae,4544,4544,NSBTX texture,NSBTX texture
"포켓몬스터 하트골드 (Korea, IPKK, header ROM version 0)","포켓몬스터 소울실버 (Korea, IPGK, header ROM version 0)",/a/0/8/1,equal,510,510,,,f878370c1a56ba11a921e47565d3a421453b16fa1d49ff9bd54f55e54f149533,f878370c1a56ba11a921e47565d3a421453b16fa1d49ff9bd54f55e54f149533,4544,4544,NSBTX texture,NSBTX texture
"포켓몬스터 하트골드 (Korea, IPKK, header ROM version 0)","포켓몬스터 소울실버 (Korea, IPGK, header ROM version 0)",/a/0/8/1,equal,511,511,,,ebc6399afeb07fd1262d6f15eb37575327d5ea1c02de9e9ec2ef4712945daa52,ebc6399afeb07fd1262d6f15eb37575327d5ea1c02de9e9ec2ef4712945daa52,4544,4544,NSBTX texture,NSBTX texture
"포켓몬스터 하트골드 (Korea, IPKK, header ROM version 0)","포켓몬스터 소울실버 (Korea, IPGK, header ROM version 0)",/a/0/8/1,equal,512,512,,,bc619b665a9dc7b426b82c0d1a15ba629436216dd148122b8233b48e9594a7a3,bc619b665a9dc7b426b82c0d1a15ba629436216dd148122b8233b48e9594a7a3,4544,4544,NSBTX texture,NSBTX texture
"포켓몬스터 하트골드 (Korea, IPKK, header ROM version 0)","포켓몬스터 소울실버 (Korea, IPGK, header ROM version 0)",/a/0/8/1,equal,513,513,,,886a705cec1f6bce3402c650b1771142badb366d6cd91a3396131bd3a85cab5d,886a705cec1f6bce3402c650b1771142badb366d6cd91a3396131bd3a85cab5d,4544,4544,NSBTX texture,NSBTX texture
"포켓몬스터 하트골드 (Korea, IPKK, header ROM version 0)","포켓몬스터 소울실버 (Korea, IPGK, header ROM version 0)",/a/0/8/1,equal,514,514,,,181a55fed12d0f163b7348212656b124c2d1eca672241a396b1bcdf24961be99,181a55fed12d0f163b7348212656b124c2d1eca672241a396b1bcdf24961be99,4544,4544,NSBTX texture,NSBTX texture
"포켓몬스터 하트골드 (Korea, IPKK, header ROM version 0)","포켓몬스터 소울실버 (Korea, IPGK, header ROM version 0)",/a/0/8/1,equal,515,515,,,5653f23d819cf5282c091361cd7ed159a632ac193549f20a4fa88211836b3c99,5653f23d819cf5282c091361cd7ed159a632ac193549f20a4fa88211836b3c99,4544,4544,NSBTX texture,NSBTX texture
"포켓몬스터 하트골드 (Korea, IPKK, header ROM version 0)","포켓몬스터 소울실버 (Korea, IPGK, header ROM version 0)",/a/0/8/1,equal,516,516,,,01453675f399cb74cfcc17f1019cb3489e13dcd9b2681ccb73760e64f0ff5c3b,01453675f399cb74cfcc17f1019cb3489e13dcd9b2681ccb73760e64f0ff5c3b,4544,4544,NSBTX texture,NSBTX texture
"포켓몬스터 하트골드 (Korea, IPKK, header ROM version 0)","포켓몬스터 소울실버 (Korea, IPGK, header ROM version 0)",/a/0/8/1,equal,517,517,,,fba1a9efd8f6024a252787b02173475c37b722726c4e5f7fb4f8c56ce391a1de,fba1a9efd8f6024a252787b02173475c37b722726c4e5f7fb4f8c56ce391a1de,4544,4544,NSBTX texture,NSBTX texture
"포켓몬스터 하트골드 (Korea, IPKK, header ROM version 0)","포켓몬스터 소울실버 (Korea, IPGK, header ROM version 0)",/a/0/8/1,equal,518,518,,,415667446ee3ff53ab1f74a327a8e2612d2082890b6976f5bdfc267ece138ba7,415667446ee3ff53ab1f74a327a8e2612d2082890b6976f5bdfc267ece138ba7,4544,4544,NSBTX texture,NSBTX texture
"포켓몬스터 하트골드 (Korea, IPKK, header ROM version 0)","포켓몬스터 소울실버 (Korea, IPGK, header ROM version 0)",/a/0/8/1,equal,519,519,,,848e1ee43a258c3ec4488cb1674148b6fd7fedcbde2cf79758e6eb22972984d0,848e1ee43a258c3ec4488cb1674148b6fd7fedcbde2cf79758e6eb22972984d0,4544,4544,NSBTX texture,NSBTX texture
"포켓몬스터 하트골드 (Korea, IPKK, header ROM version 0)","포켓몬스터 소울실버 (Korea, IPGK, header ROM version 0)",/a/0/8/1,equal,520,520,,,ed1c796e07d2e49db69468a8fb2d2cca09ae8b048ecffe2e3782b6297610deeb,ed1c796e07d2e49db69468a8fb2d2cca09ae8b048ecffe2e3782b6297610deeb,4544,4544,NSBTX texture,NSBTX texture
"포켓몬스터 하트골드 (Korea, IPKK, header ROM version 0)","포켓몬스터 소울실버 (Korea, IPGK, header ROM version 0)",/a/0/8/1,equal,521,521,,,11b0f8c92170863a53f6d86937cc08172f62513b31bb0b3f702fbbe6a12b6965,11b0f8c92170863a53f6d86937cc08172f62513b31bb0b3f702fbbe6a12b6965,4544,4544,NSBTX texture,NSBTX texture
"포켓몬스터 하트골드 (Korea, IPKK, header ROM version 0)","포켓몬스터 소울실버 (Korea, IPGK, header ROM version 0)",/a/0/8/1,equal,522,522,,,5fdeffa800eef35b3febf2fe5487e8ceae3a1ce589fee28fd4759b7982a7505c,5fdeffa800eef35b3febf2fe5487e8ceae3a1ce589fee28fd4759b7982a7505c,4544,4544,NSBTX texture,NSBTX texture
"포켓몬스터 하트골드 (Korea, IPKK, header ROM version 0)","포켓몬스터 소울실버 (Korea, IPGK, header ROM version 0)",/a/0/8/1,equal,523,523,,,eef0cd1a001ba65c9e6c79a70a67fad2055fe3d881d612add3b8a8f4cadc1819,eef0cd1a001ba65c9e6c79a70a67fad2055fe3d881d612add3b8a8f4cadc1819,4544,4544,NSBTX texture,NSBTX texture
"포켓몬스터 하트골드 (Korea, IPKK, header ROM version 0)","포켓몬스터 소울실버 (Korea, IPGK, header ROM version 0)",/a/0/8/1,equal,524,524,,,e0e544cd5bfb4a7636702802382ca36c466f1332397ed2de9d7fbe36fdfcc5dd,e0e544cd5bfb4a7636702802382ca36c466f1332397ed2de9d7fbe36fdfcc5dd,4544,4544,NSBTX texture,NSBTX texture
"포켓몬스터 하트골드 (Korea, IPKK, header ROM version 0)","포켓몬스터 소울실버 (Korea, IPGK, header ROM version 0)",/a/0/8/1,equal,525,525,,,dc9e082239fafd604bec68a5b97ed032b702d4dca5de972d4915a2a7ce1a9ce6,dc9e082239fafd604bec68a5b97ed032b702d4dca5de972d4915a2a7ce1a9ce6,4544,4544,NSBTX texture,NSBTX texture
"포켓몬스터 하트골드 (Korea, IPKK, header ROM version 0)","포켓몬스터 소울실버 (Korea, IPGK, header ROM version 0)",/a/0/8/1,equal,526,526,,,815bedf770e2fe5b7e2c90a8ac5df8b45405eba837915d0f9954a6576cf3b62b,815bedf770e2fe5b7e2c90a8ac5df8b45405eba837915d0f9954a6576cf3b62b,4544,4544,NSBTX texture,NSBTX texture
"포켓몬스터 하트골드 (Korea, IPKK, header ROM version 0)","포켓몬스터 소울실버 (Korea, IPGK, header ROM version 0)",/a/0/8/1,equal,527,527,,,dac0826837f1dee313bbc65cf8c0aa815ce5660108d8d8290518af0b566bb91b,dac0826837f1dee313bbc65cf8c0aa815ce5660108d8d8290518af0b566bb91b,4544,4544,NSBTX texture,NSBTX texture
"포켓몬스터 하트골드 (Korea, IPKK, header ROM version 0)","포켓몬스터 소울실버 (Korea, IPGK, header ROM version 0)",/a/0/8/1,equal,528,528,,,e4f82990980ddf42e78274a6315d416ca70b8e9abc33ddecad99be03f0674eaf,e4f82990980ddf42e78274a6315d416ca70b8e9abc33ddecad99be03f0674eaf,4544,4544,NSBTX texture,NSBTX texture
"포켓몬스터 하트골드 (Korea, IPKK, header ROM version 0)","포켓몬스터 소울실버 (Korea, IPGK, header ROM version 0)",/a/0/8/1,equal,529,529,,,5a789f1dc5e7f2aeffa67464bcdb243cf81b1f88e3c75520c5f645c21306e00e,5a789f1dc5e7f2aeffa67464bcdb243cf81b1f88e3c75520c5f645c21306e00e,4544,4544,NSBTX texture,NSBTX texture
"포켓몬스터 하트골드 (Korea, IPKK, header ROM version 0)","포켓몬스터 소울실버 (Korea, IPGK, header ROM version 0)",/a/0/8/1,equal,530,530,,,88896373a5fee6641e25e2a730ee83a822563b795493945201ad9762680b6a37,88896373a5fee6641e25e2a730ee83a822563b795493945201ad9762680b6a37,4544,4544,NSBTX texture,NSBTX texture
"포켓몬스터 하트골드 (Korea, IPKK, header ROM version 0)","포켓몬스터 소울실버 (Korea, IPGK, header ROM version 0)",/a/0/8/1,equal,531,531,,,ca74c034669daeb415cbbf9aeebd9051add6bd442bc01c872f80b43dfcebbabb,ca74c034669daeb415cbbf9aeebd9051add6bd442bc01c872f80b43dfcebbabb,4544,4544,NSBTX texture,NSBTX texture
"포켓몬스터 하트골드 (Korea, IPKK, header ROM version 0)","포켓몬스터 소울실버 (Korea, IPGK, header ROM version 0)",/a/0/8/1,equal,532,532,,,25ba191d6d874b451a0cd07ee59cad3d597ed4b9669ed7d97f75da1e9bf19857,25ba191d6d874b451a0cd07ee59cad3d597ed4b9669ed7d97f75da1e9bf19857,4544,4544,NSBTX texture,NSBTX texture
"포켓몬스터 하트골드 (Korea, IPKK, header ROM version 0)","포켓몬스터 소울실버 (Korea, IPGK, header ROM version 0)",/a/0/8/1,equal,533,533,,,bb6aa5991005bae3251f1fac0d278734a2bd082f8005bce39be49dc96f069e87,bb6aa5991005bae3251f1fac0d278734a2bd082f8005bce39be49dc96f069e87,4544,4544,NSBTX texture,NSBTX texture
"포켓몬스터 하트골드 (Korea, IPKK, header ROM version 0)","포켓몬스터 소울실버 (Korea, IPGK, header ROM version 0)",/a/0/8/1,equal,534,534,,,5268b6a068a956acdb2fc4bd27f923e9533f903247c76bab4c3be14ea55a9486,5268b6a068a956acdb2fc4bd27f923e9533f903247c76bab4c3be14ea55a9486,4544,4544,NSBTX texture,NSBTX texture
"포켓몬스터 하트골드 (Korea, IPKK, header ROM version 0)","포켓몬스터 소울실버 (Korea, IPGK, header ROM version 0)",/a/0/8/1,equal,535,535,,,cbe01847c1d12b31757c222ecedeafd1d08c9c4d795d6202d7a128ef6f0f076a,cbe01847c1d12b31757c222ecedeafd1d08c9c4d795d6202d7a128ef6f0f076a,4544,4544,NSBTX texture,NSBTX texture
"포켓몬스터 하트골드 (Korea, IPKK, header ROM version 0)","포켓몬스터 소울실버 (Korea, IPGK, header ROM version 0)",/a/0/8/1,equal,536,536,,,47190149cd1a6809ab7980d3708e0be199ec51f0f3a1283543dedaf41a2dc4ea,47190149cd1a6809ab7980d3708e0be199ec51f0f3a1283543dedaf41a2dc4ea,16832,16832,NSBTX texture,NSBTX texture
"포켓몬스터 하트골드 (Korea, IPKK, header ROM version 0)","포켓몬스터 소울실버 (Korea, IPGK, header ROM version 0)",/a/0/8/1,equal,537,537,,,9d18a8d56d3dcff0654349c336a0c38a8de7cc7c6c387034cc2634b94c85eed6,9d18a8d56d3dcff0654349c336a0c38a8de7cc7c6c387034cc2634b94c85eed6,16832,16832,NSBTX texture,NSBTX texture
"포켓몬스터 하트골드 (Korea, IPKK, header ROM version 0)","포켓몬스터 소울실버 (Korea, IPGK, header ROM version 0)",/a/0/8/1,equal,538,538,,,59c82c0c518f49338a80a101d6c1f352456966d16aed1bb854f9b18d8baaa21f,59c82c0c518f49338a80a101d6c1f352456966d16aed1bb854f9b18d8baaa21f,4544,4544,NSBTX texture,NSBTX texture
"포켓몬스터 하트골드 (Korea, IPKK, header ROM version 0)","포켓몬스터 소울실버 (Korea, IPGK, header ROM version 0)",/a/0/8/1,equal,539,539,,,9a94be3cc6957f70696c183c889ef49980b0c36c39bd7c32ccff745fd92d67f4,9a94be3cc6957f70696c183c889ef49980b0c36c39bd7c32ccff745fd92d67f4,4544,4544,NSBTX texture,NSBTX texture
"포켓몬스터 하트골드 (Korea, IPKK, header ROM version 0)","포켓몬스터 소울실버 (Korea, IPGK, header ROM version 0)",/a/0/8/1,equal,540,540,,,5cc93b362b3e8de529a8d4b0042adf15a3356aab418916bc0b644586d5b8acd2,5cc93b362b3e8de529a8d4b0042adf15a3356aab418916bc0b644586d5b8acd2,4544,4544,NSBTX texture,NSBTX texture
"포켓몬스터 하트골드 (Korea, IPKK, header ROM version 0)","포켓몬스터 소울실버 (Korea, IPGK, header ROM version 0)",/a/0/8/1,equal,541,541,,,db7fcfe274d50d75a4feae99bfdb427bdb0207749fcf8aae5267ad9cc179ad06,db7fcfe274d50d75a4feae99bfdb427bdb0207749fcf8aae5267ad9cc179ad06,4544,4544,NSBTX texture,NSBTX texture
"포켓몬스터 하트골드 (Korea, IPKK, header ROM version 0)","포켓몬스터 소울실버 (Korea, IPGK, header ROM version 0)",/a/0/8/1,equal,542,542,,,7fa021ba725885340c14350f9360fbdec4dd3354f2f392bb4d6ecedc494334c5,7fa021ba725885340c14350f9360fbdec4dd3354f2f392bb4d6ecedc494334c5,4544,4544,NSBTX texture,NSBTX texture
"포켓몬스터 하트골드 (Korea, IPKK, header ROM version 0)","포켓몬스터 소울실버 (Korea, IPGK, header ROM version 0)",/a/0/8/1,equal,543,543,,,a067ef1701674743fec5771e55c38b6027c4c961da8201d216b61a8c96ea1897,a067ef1701674743fec5771e55c38b6027c4c961da8201d216b61a8c96ea1897,4544,4544,NSBTX texture,NSBTX texture
"포켓몬스터 하트골드 (Korea, IPKK, header ROM version 0)","포켓몬스터 소울실버 (Korea, IPGK, header ROM version 0)",/a/0/8/1,equal,544,544,,,8953a42829ab8d6463717b42189737b32de52048e4581045163aef805d4584bc,8953a42829ab8d6463717b42189737b32de52048e4581045163aef805d4584bc,4544,4544,NSBTX texture,NSBTX texture
"포켓몬스터 하트골드 (Korea, IPKK, header ROM version 0)","포켓몬스터 소울실버 (Korea, IPGK, header ROM version 0)",/a/0/8/1,equal,545,545,,,69cd916451f23c2c9e9959e623e28f58185c0352ef2d6321a78c4a51423d3b73,69cd916451f23c2c9e9959e623e28f58185c0352ef2d6321a78c4a51423d3b73,4544,4544,NSBTX texture,NSBTX texture
"포켓몬스터 하트골드 (Korea, IPKK, header ROM version 0)","포켓몬스터 소울실버 (Korea, IPGK, header ROM version 0)",/a/0/8/1,equal,546,546,,,760287aac9676e89fefa202867131454ec6c32a5c6abfe17e7545f3ff8b7619d,760287aac9676e89fefa202867131454ec6c32a5c6abfe17e7545f3ff8b7619d,4544,4544,NSBTX texture,NSBTX texture
"포켓몬스터 하트골드 (Korea, IPKK, header ROM version 0)","포켓몬스터 소울실버 (Korea, IPGK, header ROM version 0)",/a/0/8/1,equal,547,547,,,d5470d9d8d43d72d17f792634f0b2c92ab58116b3425bcfc51984e02e5d2591a,d5470d9d8d43d72d17f792634f0b2c92ab58116b3425bcfc51984e02e5d2591a,4544,4544,NSBTX texture,NSBTX texture
"포켓몬스터 하트골드 (Korea, IPKK, header ROM version 0)","포켓몬스터 소울실버 (Korea, IPGK, header ROM version 0)",/a/0/8/1,equal,548,548,,,33360fabfdf19cdf5bd8601b5b7e94122162e0895eebbd12808fca87e2159b2c,33360fabfdf19cdf5bd8601b5b7e94122162e0895eebbd12808fca87e2159b2c,4544,4544,NSBTX texture,NSBTX texture
"포켓몬스터 하트골드 (Korea, IPKK, header ROM version 0)","포켓몬스터 소울실버 (Korea, IPGK, header ROM version 0)",/a/0/8/1,equal,549,549,,,005e9ab7b16af568927db30fffc6fa50c81da7358cf05d97e9a75da076af8751,005e9ab7b16af568927db30fffc6fa50c81da7358cf05d97e9a75da076af8751,4544,4544,NSBTX texture,NSBTX texture
"포켓몬스터 하트골드 (Korea, IPKK, header ROM version 0)","포켓몬스터 소울실버 (Korea, IPGK, header ROM version 0)",/a/0/8/1,equal,550,550,,,0a08551492ead78bc33e75265fb200e698b2a77e37dd181461b4d7a8be43a9b7,0a08551492ead78bc33e75265fb200e698b2a77e37dd181461b4d7a8be43a9b7,4544,4544,NSBTX texture,NSBTX texture
"포켓몬스터 하트골드 (Korea, IPKK, header ROM version 0)","포켓몬스터 소울실버 (Korea, IPGK, header ROM version 0)",/a/0/8/1,equal,551,551,,,6b56c25f84a3c3bb829e7abec7251dd1aaa9904cf4d7faf1dc7893ece027b300,6b56c25f84a3c3bb829e7abec7251dd1aaa9904cf4d7faf1dc7893ece027b300,4544,4544,NSBTX texture,NSBTX texture
"포켓몬스터 하트골드 (Korea, IPKK, header ROM version 0)","포켓몬스터 소울실버 (Korea, IPGK, header ROM version 0)",/a/0/8/1,equal,552,552,,,0446df01175932bce664f2e1c348816cf81393c2111ec17f9b5f8a1a2073f889,0446df01175932bce664f2e1c348816cf81393c2111ec17f9b5f8a1a2073f889,4544,4544,NSBTX texture,NSBTX texture
"포켓몬스터 하트골드 (Korea, IPKK, header ROM version 0)","포켓몬스터 소울실버 (Korea, IPGK, header ROM version 0)",/a/0/8/1,equal,553,553,,,c834c2454cee190779e812d65058c58846b2b39803f930c7c2a68882c4a0248c,c834c2454cee190779e812d65058c58846b2b39803f930c7c2a68882c4a0248c,4544,4544,NSBTX texture,NSBTX texture
"포켓몬스터 하트골드 (Korea, IPKK, header ROM version 0)","포켓몬스터 소울실버 (Korea, IPGK, header ROM version 0)",/a/0/8/1,equal,554,554,,,ed1f9cd58aff069b366be3da9b4f34a9bfaef406a46dd0c0762ed4fc198c7b01,ed1f9cd58aff069b366be3da9b4f34a9bfaef406a46dd0c0762ed4fc198c7b01,4544,4544,NSBTX texture,NSBTX texture
"포켓몬스터 하트골드 (Korea, IPKK, header ROM version 0)","포켓몬스터 소울실버 (Korea, IPGK, header ROM version 0)",/a/0/8/1,equal,555,555,,,c25fe71d07af3f7aff0202c2f34d01947c0f287657cd4753310d924cf42e9653,c25fe71d07af3f7aff0202c2f34d01947c0f287657cd4753310d924cf42e9653,4544,4544,NSBTX texture,NSBTX texture
"포켓몬스터 하트골드 (Korea, IPKK, header ROM version 0)","포켓몬스터 소울실버 (Korea, IPGK, header ROM version 0)",/a/0/8/1,equal,556,556,,,b0cfa2928d1971d95a74d4ca105b9a9dc8e10f784cbbf3280f3412be371cdf10,b0cfa2928d1971d95a74d4ca105b9a9dc8e10f784cbbf3280f3412be371cdf10,4544,4544,NSBTX texture,NSBTX texture
"포켓몬스터 하트골드 (Korea, IPKK, header ROM version 0)","포켓몬스터 소울실버 (Korea, IPGK, header ROM version 0)",/a/0/8/1,equal,557,557,,,9db10f17fc9c319a8e538805e95283755fa8b7486a3361525467dbc0805716e7,9db10f17fc9c319a8e538805e95283755fa8b7486a3361525467dbc0805716e7,4544,4544,NSBTX texture,NSBTX texture
"포켓몬스터 하트골드 (Korea, IPKK, header ROM version 0)","포켓몬스터 소울실버 (Korea, IPGK, header ROM version 0)",/a/0/8/1,equal,558,558,,,82ffc05ec65d1e565b5d9488800ccc012f5d5906207c5eaae538d1f1d31965f3,82ffc05ec65d1e565b5d9488800ccc012f5d5906207c5eaae538d1f1d31965f3,4544,4544,NSBTX texture,NSBTX texture
"포켓몬스터 하트골드 (Korea, IPKK, header ROM version 0)","포켓몬스터 소울실버 (Korea, IPGK, header ROM version 0)",/a/0/8/1,equal,559,559,,,abae29397c9bd2580f10ae05093fe420547dec9afe8c3726a8ad730ee74dffa2,abae29397c9bd2580f10ae05093fe420547dec9afe8c3726a8ad730ee74dffa2,4544,4544,NSBTX texture,NSBTX texture
"포켓몬스터 하트골드 (Korea, IPKK, header ROM version 0)","포켓몬스터 소울실버 (Korea, IPGK, header ROM version 0)",/a/0/8/1,equal,560,560,,,9f7b29712966ede6fe48436ddebe41efdeda2c5825210dfb1fbe7c4d50c979a7,9f7b29712966ede6fe48436ddebe41efdeda2c5825210dfb1fbe7c4d50c979a7,4544,4544,NSBTX texture,NSBTX texture
"포켓몬스터 하트골드 (Korea, IPKK, header ROM version 0)","포켓몬스터 소울실버 (Korea, IPGK, header ROM version 0)",/a/0/8/1,equal,561,561,,,08f0472ecade70544f699c475a1dc8e8fe516d0891a5cef257ba5f6adc398125,08f0472ecade70544f699c475a1dc8e8fe516d0891a5cef257ba5f6adc398125,4544,4544,NSBTX texture,NSBTX texture
"포켓몬스터 하트골드 (Korea, IPKK, header ROM version 0)","포켓몬스터 소울실버 (Korea, IPGK, header ROM version 0)",/a/0/8/1,equal,562,562,,,6efd6f8a3b0e19125e5291e3a22f4edddca3cd8f67e9f766032737596c7b7329,6efd6f8a3b0e19125e5291e3a22f4edddca3cd8f67e9f766032737596c7b7329,4544,4544,NSBTX texture,NSBTX texture
"포켓몬스터 하트골드 (Korea, IPKK, header ROM version 0)","포켓몬스터 소울실버 (Korea, IPGK, header ROM version 0)",/a/0/8/1,equal,563,563,,,789ff263f1107b2c53d8125c38e341312ad245f767c2bd4d93cd681f7c22b6e2,789ff263f1107b2c53d8125c38e341312ad245f767c2bd4d93cd681f7c22b6e2,4544,4544,NSBTX texture,NSBTX texture
"포켓몬스터 하트골드 (Korea, IPKK, header ROM version 0)","포켓몬스터 소울실버 (Korea, IPGK, header ROM version 0)",/a/0/8/1,equal,564,564,,,90c09eb21095f3b2b35356dec9022491ee05a7532e6207d1bcf9b37321cb9f54,90c09eb21095f3b2b35356dec9022491ee05a7532e6207d1bcf9b37321cb9f54,4544,4544,NSBTX texture,NSBTX texture
"포켓몬스터 하트골드 (Korea, IPKK, header ROM version 0)","포켓몬스터 소울실버 (Korea, IPGK, header ROM version 0)",/a/0/8/1,equal,565,565,,,65a0e4061bb93e35baa6ca75c9b5e9d2d8ce320cf12da22ca1fcfae9c47bfe54,65a0e4061bb93e35baa6ca75c9b5e9d2d8ce320cf12da22ca1fcfae9c47bfe54,4544,4544,NSBTX texture,NSBTX texture
"포켓몬스터 하트골드 (Korea, IPKK, header ROM version 0)","포켓몬스터 소울실버 (Korea, IPGK, header ROM version 0)",/a/0/8/1,equal,566,566,,,e07da58e673561c4a2e179e4e9935e1fba19d8176ab6abe886119b9c5aebd82d,e07da58e673561c4a2e179e4e9935e1fba19d8176ab6abe886119b9c5aebd82d,4544,4544,NSBTX texture,NSBTX texture
"포켓몬스터 하트골드 (Korea, IPKK, header ROM version 0)","포켓몬스터 소울실버 (Korea, IPGK, header ROM version 0)",/a/0/8/1,equal,567,567,,,b9df8ec2750ba64681d6a11174b21b3bbc2640c4c09732cb25fa3851c10c1040,b9df8ec2750ba64681d6a11174b21b3bbc2640c4c09732cb25fa3851c10c1040,4544,4544,NSBTX texture,NSBTX texture
"포켓몬스터 하트골드 (Korea, IPKK, header ROM version 0)","포켓몬스터 소울실버 (Korea, IPGK, header ROM version 0)",/a/0/8/1,equal,568,568,,,fc50bae248c1bb1b5f619ac8c07d7ed585610e7962e8024b86848881d31d5e7f,fc50bae248c1bb1b5f619ac8c07d7ed585610e7962e8024b86848881d31d5e7f,4544,4544,NSBTX texture,NSBTX texture
"포켓몬스터 하트골드 (Korea, IPKK, header ROM version 0)","포켓몬스터 소울실버 (Korea, IPGK, header ROM version 0)",/a/0/8/1,equal,569,569,,,d8b6b9f265d2cf6bd360fdd788fb1ac2e7c283121c9654ec383f00ecba070208,d8b6b9f265d2cf6bd360fdd788fb1ac2e7c283121c9654ec383f00ecba070208,4544,4544,NSBTX texture,NSBTX texture
"포켓몬스터 하트골드 (Korea, IPKK, header ROM version 0)","포켓몬스터 소울실버 (Korea, IPGK, header ROM version 0)",/a/0/8/1,equal,570,570,,,80eca70f3a0c26f493c6b80cd116db26a74c09e6292060ece161a52536a991b7,80eca70f3a0c26f493c6b80cd116db26a74c09e6292060ece161a52536a991b7,4544,4544,NSBTX texture,NSBTX texture
"포켓몬스터 하트골드 (Korea, IPKK, header ROM version 0)","포켓몬스터 소울실버 (Korea, IPGK, header ROM version 0)",/a/0/8/1,equal,571,571,,,e47bc46a958577bf55bc9e9c8c2d7855f70f74deecc3e37a40aba4c0641523b9,e47bc46a958577bf55bc9e9c8c2d7855f70f74deecc3e37a40aba4c0641523b9,4544,4544,NSBTX texture,NSBTX texture
"포켓몬스터 하트골드 (Korea, IPKK, header ROM version 0)","포켓몬스터 소울실버 (Korea, IPGK, header ROM version 0)",/a/0/8/1,equal,572,572,,,f9abb8630814ad45a0267cfc9c2c0394ad600020ae5dd3bc7efd5210a25fbb1b,f9abb8630814ad45a0267cfc9c2c0394ad600020ae5dd3bc7efd5210a25fbb1b,4544,4544,NSBTX texture,NSBTX texture
"포켓몬스터 하트골드 (Korea, IPKK, header ROM version 0)","포켓몬스터 소울실버 (Korea, IPGK, header ROM version 0)",/a/0/8/1,equal,573,573,,,79563b1b3eb2563607230a57a8943f23249b64f51dd19fc3ab92329c4e76f362,79563b1b3eb2563607230a57a8943f23249b64f51dd19fc3ab92329c4e76f362,4544,4544,NSBTX texture,NSBTX texture
"포켓몬스터 하트골드 (Korea, IPKK, header ROM version 0)","포켓몬스터 소울실버 (Korea, IPGK, header ROM version 0)",/a/0/8/1,equal,574,574,,,529daf1c4e8895336cdad002ed94bcec79cd9368339b4f23706f0179d8d5e815,529daf1c4e8895336cdad002ed94bcec79cd9368339b4f23706f0179d8d5e815,4544,4544,NSBTX texture,NSBTX texture
"포켓몬스터 하트골드 (Korea, IPKK, header ROM version 0)","포켓몬스터 소울실버 (Korea, IPGK, header ROM version 0)",/a/0/8/1,equal,575,575,,,f98e9a3ff3410ee0bb496e6548e2418b48bebdaeb8677539294414d0a9b17f2b,f98e9a3ff3410ee0bb496e6548e2418b48bebdaeb8677539294414d0a9b17f2b,4544,4544,NSBTX texture,NSBTX texture
"포켓몬스터 하트골드 (Korea, IPKK, header ROM version 0)","포켓몬스터 소울실버 (Korea, IPGK, header ROM version 0)",/a/0/8/1,equal,576,576,,,a8a58ee06da13371b635eef6e4e625b530a1aa56d5058108d7a5e76dbb1df747,a8a58ee06da13371b635eef6e4e625b530a1aa56d5058108d7a5e76dbb1df747,4544,4544,NSBTX texture,NSBTX texture
"포켓몬스터 하트골드 (Korea, IPKK, header ROM version 0)","포켓몬스터 소울실버 (Korea, IPGK, header ROM version 0)",/a/0/8/1,equal,577,577,,,b3c397f6096956734dfeb133ebac714ea961008ee10b4a7a09b04efd969ed6a6,b3c397f6096956734dfeb133ebac714ea961008ee10b4a7a09b04efd969ed6a6,4544,4544,NSBTX texture,NSBTX texture
"포켓몬스터 하트골드 (Korea, IPKK, header ROM version 0)","포켓몬스터 소울실버 (Korea, IPGK, header ROM version 0)",/a/0/8/1,equal,578,578,,,05f0b5103123357b73a429676131d051e61b8afea0d96a3fc2f0f68d2d53926c,05f0b5103123357b73a429676131d051e61b8afea0d96a3fc2f0f68d2d53926c,4544,4544,NSBTX texture,NSBTX texture
"포켓몬스터 하트골드 (Korea, IPKK, header ROM version 0)","포켓몬스터 소울실버 (Korea, IPGK, header ROM version 0)",/a/0/8/1,equal,579,579,,,f6ba3a50eb615a7f573ff991fcad2ff84f3298ad30bf3d9dc53ac866eea8afb1,f6ba3a50eb615a7f573ff991fcad2ff84f3298ad30bf3d9dc53ac866eea8afb1,16832,16832,NSBTX texture,NSBTX texture
"포켓몬스터 하트골드 (Korea, IPKK, header ROM version 0)","포켓몬스터 소울실버 (Korea, IPGK, header ROM version 0)",/a/0/8/1,equal,580,580,,,379b12f842478e5405bd29bd2116dc76d0f65e384f5638dd9606b630e164c8fa,379b12f842478e5405bd29bd2116dc76d0f65e384f5638dd9606b630e164c8fa,16832,16832,NSBTX texture,NSBTX texture
"포켓몬스터 하트골드 (Korea, IPKK, header ROM version 0)","포켓몬스터 소울실버 (Korea, IPGK, header ROM version 0)",/a/0/8/1,equal,581,581,,,2724e734d6abb99f3427a47e697f87d4b7f4644e684d174124c86d821689b618,2724e734d6abb99f3427a47e697f87d4b7f4644e684d174124c86d821689b618,4544,4544,NSBTX texture,NSBTX texture
"포켓몬스터 하트골드 (Korea, IPKK, header ROM version 0)","포켓몬스터 소울실버 (Korea, IPGK, header ROM version 0)",/a/0/8/1,equal,582,582,,,dc761020ad3a4792b6092bb75744729c9873d3d1028189902aa56ec634bd3b6e,dc761020ad3a4792b6092bb75744729c9873d3d1028189902aa56ec634bd3b6e,4544,4544,NSBTX texture,NSBTX texture
"포켓몬스터 하트골드 (Korea, IPKK, header ROM version 0)","포켓몬스터 소울실버 (Korea, IPGK, header ROM version 0)",/a/0/8/1,equal,583,583,,,21896c0e3862ec3eea797be6b7c3d0c107c5c867cc5c852ed8bc049e53be6b31,21896c0e3862ec3eea797be6b7c3d0c107c5c867cc5c852ed8bc049e53be6b31,4544,4544,NSBTX texture,NSBTX texture
"포켓몬스터 하트골드 (Korea, IPKK, header ROM version 0)","포켓몬스터 소울실버 (Korea, IPGK, header ROM version 0)",/a/0/8/1,equal,584,584,,,88cf054c6a53552450f2799d6acf5ceb4bbbb140d26754e02192816c5a5cb093,88cf054c6a53552450f2799d6acf5ceb4bbbb140d26754e02192816c5a5cb093,4544,4544,NSBTX texture,NSBTX texture
"포켓몬스터 하트골드 (Korea, IPKK, header ROM version 0)","포켓몬스터 소울실버 (Korea, IPGK, header ROM version 0)",/a/0/8/1,equal,585,585,,,b96381cea46a5bc4bc003508bf055083db9819d472eddac31a6ec53120f2a0de,b96381cea46a5bc4bc003508bf055083db9819d472eddac31a6ec53120f2a0de,4544,4544,NSBTX texture,NSBTX texture
"포켓몬스터 하트골드 (Korea, IPKK, header ROM version 0)","포켓몬스터 소울실버 (Korea, IPGK, header ROM version 0)",/a/0/8/1,equal,586,586,,,29f36bed84e8111b04c64b1498cd2ab466a85ca9b8e2705600676415de3832cd,29f36bed84e8111b04c64b1498cd2ab466a85ca9b8e2705600676415de3832cd,4544,4544,NSBTX texture,NSBTX texture
"포켓몬스터 하트골드 (Korea, IPKK, header ROM version 0)","포켓몬스터 소울실버 (Korea, IPGK, header ROM version 0)",/a/0/8/1,equal,587,587,,,3a9b0934c70a8a8849032629fb423f05a0c708725715988f19c3ed56bf294cd3,3a9b0934c70a8a8849032629fb423f05a0c708725715988f19c3ed56bf294cd3,4544,4544,NSBTX texture,NSBTX texture
"포켓몬스터 하트골드 (Korea, IPKK, header ROM version 0)","포켓몬스터 소울실버 (Korea, IPGK, header ROM version 0)",/a/0/8/1,equal,588,588,,,2108e6fbde91a12565192d8efc97dde3efd071fa0b389e23c76996b4140e893b,2108e6fbde91a12565192d8efc97dde3efd071fa0b389e23c76996b4140e893b,4544,4544,NSBTX texture,NSBTX texture
"포켓몬스터 하트골드 (Korea, IPKK, header ROM version 0)","포켓몬스터 소울실버 (Korea, IPGK, header ROM version 0)",/a/0/8/1,equal,589,589,,,2ec29076f2e19280da11f6637566262b136916d283eb7eac4cfe9a016feee01f,2ec29076f2e19280da11f6637566262b136916d283eb7eac4cfe9a016feee01f,4544,4544,NSBTX texture,NSBTX texture
"포켓몬스터 하트골드 (Korea, IPKK, header ROM version 0)","포켓몬스터 소울실버 (Korea, IPGK, header ROM version 0)",/a/0/8/1,equal,590,590,,,fac017f5a04fa9a2c983c829fc322d9b801b116c2ec038a8018193bb6785c8d2,fac017f5a04fa9a2c983c829fc322d9b801b116c2ec038a8018193bb6785c8d2,4544,4544,NSBTX texture,NSBTX texture
"포켓몬스터 하트골드 (Korea, IPKK, header ROM version 0)","포켓몬스터 소울실버 (Korea, IPGK, header ROM version 0)",/a/0/8/1,equal,591,591,,,821315335592213d7a98660a25ba18dcc40739309895f9494cba93bff682492e,821315335592213d7a98660a25ba18dcc40739309895f9494cba93bff682492e,4544,4544,NSBTX texture,NSBTX texture
"포켓몬스터 하트골드 (Korea, IPKK, header ROM version 0)","포켓몬스터 소울실버 (Korea, IPGK, header ROM version 0)",/a/0/8/1,equal,592,592,,,385234535bf06ee16936c34540493b3a1362bf0ec42c768011f3c81deab1c507,385234535bf06ee16936c34540493b3a1362bf0ec42c768011f3c81deab1c507,4544,4544,NSBTX texture,NSBTX texture
"포켓몬스터 하트골드 (Korea, IPKK, header ROM version 0)","포켓몬스터 소울실버 (Korea, IPGK, header ROM version 0)",/a/0/8/1,equal,593,593,,,8cffcaba4b0846b388df21b2c450b907bd38b3ab6071bf2786199859253ad7c8,8cffcaba4b0846b388df21b2c450b907bd38b3ab6071bf2786199859253ad7c8,4544,4544,NSBTX texture,NSBTX texture
"포켓몬스터 하트골드 (Korea, IPKK, header ROM version 0)","포켓몬스터 소울실버 (Korea, IPGK, header ROM version 0)",/a/0/8/1,equal,594,594,,,48cacd6823ec075a9c91ed3070cb9cf9aab2a37b32ac60b003ecfa76d5b43ebd,48cacd6823ec075a9c91ed3070cb9cf9aab2a37b32ac60b003ecfa76d5b43ebd,4544,4544,NSBTX texture,NSBTX texture
"포켓몬스터 하트골드 (Korea, IPKK, header ROM version 0)","포켓몬스터 소울실버 (Korea, IPGK, header ROM version 0)",/a/0/8/1,equal,595,595,,,e8b69df687c072e00c8129e785854d0efdde326900c7b90eabedf33255593491,e8b69df687c072e00c8129e785854d0efdde326900c7b90eabedf33255593491,4544,4544,NSBTX texture,NSBTX texture
"포켓몬스터 하트골드 (Korea, IPKK, header ROM version 0)","포켓몬스터 소울실버 (Korea, IPGK, header ROM version 0)",/a/0/8/1,equal,596,596,,,2de74eb64d66c89127ea3d1531ecc3d72e41b0c2e0a5b7f0d8ca99702edde7b7,2de74eb64d66c89127ea3d1531ecc3d72e41b0c2e0a5b7f0d8ca99702edde7b7,4544,4544,NSBTX texture,NSBTX texture
"포켓몬스터 하트골드 (Korea, IPKK, header ROM version 0)","포켓몬스터 소울실버 (Korea, IPGK, header ROM version 0)",/a/0/8/1,equal,597,597,,,a7192a17acb6d90387ac3409b3b56423f03d57d45ceee3525121c8c83cbf1441,a7192a17acb6d90387ac3409b3b56423f03d57d45ceee3525121c8c83cbf1441,4544,4544,NSBTX texture,NSBTX texture
"포켓몬스터 하트골드 (Korea, IPKK, header ROM version 0)","포켓몬스터 소울실버 (Korea, IPGK, header ROM version 0)",/a/0/8/1,equal,598,598,,,00330495f755452d16bdd598948764f1bbaa69e3a9ef47cd0c696fc610e73719,00330495f755452d16bdd598948764f1bbaa69e3a9ef47cd0c696fc610e73719,4544,4544,NSBTX texture,NSBTX texture
"포켓몬스터 하트골드 (Korea, IPKK, header ROM version 0)","포켓몬스터 소울실버 (Korea, IPGK, header ROM version 0)",/a/0/8/1,equal,599,599,,,aba57332b2160e271929e45275da5f223debb0ba5ab46a62ce8a624446ff6e6d,aba57332b2160e271929e45275da5f223debb0ba5ab46a62ce8a624446ff6e6d,4544,4544,NSBTX texture,NSBTX texture
"포켓몬스터 하트골드 (Korea, IPKK, header ROM version 0)","포켓몬스터 소울실버 (Korea, IPGK, header ROM version 0)",/a/0/8/1,equal,600,600,,,2b50aff4449459a7682dcb84e8d5760d3a28f3c5ca1f889cd34d4427a324ac8c,2b50aff4449459a7682dcb84e8d5760d3a28f3c5ca1f889cd34d4427a324ac8c,4544,4544,NSBTX texture,NSBTX texture
"포켓몬스터 하트골드 (Korea, IPKK, header ROM version 0)","포켓몬스터 소울실버 (Korea, IPGK, header ROM version 0)",/a/0/8/1,equal,601,601,,,e2b7eb5e7edffcc02da52c8c4f55d97f78d07a6c42e2ee19d85865e862bc2aee,e2b7eb5e7edffcc02da52c8c4f55d97f78d07a6c42e2ee19d85865e862bc2aee,4544,4544,NSBTX texture,NSBTX texture
"포켓몬스터 하트골드 (Korea, IPKK, header ROM version 0)","포켓몬스터 소울실버 (Korea, IPGK, header ROM version 0)",/a/0/8/1,equal,602,602,,,32b50e7e2af78bdc2b9881ee208d6d035770e0ad2db2e384f9b24c8557770c0a,32b50e7e2af78bdc2b9881ee208d6d035770e0ad2db2e384f9b24c8557770c0a,4544,4544,NSBTX texture,NSBTX texture
"포켓몬스터 하트골드 (Korea, IPKK, header ROM version 0)","포켓몬스터 소울실버 (Korea, IPGK, header ROM version 0)",/a/0/8/1,equal,603,603,,,873580a2fd56ad681e6b4c1800b12c63c7aa926400da8149707e95ace7a372c3,873580a2fd56ad681e6b4c1800b12c63c7aa926400da8149707e95ace7a372c3,4544,4544,NSBTX texture,NSBTX texture
"포켓몬스터 하트골드 (Korea, IPKK, header ROM version 0)","포켓몬스터 소울실버 (Korea, IPGK, header ROM version 0)",/a/0/8/1,equal,604,604,,,6eb4caa2c27b81b7f57e4ee4d9993fc4d8f71d834c33ad0f4c9f2dee69985142,6eb4caa2c27b81b7f57e4ee4d9993fc4d8f71d834c33ad0f4c9f2dee69985142,4544,4544,NSBTX texture,NSBTX texture
"포켓몬스터 하트골드 (Korea, IPKK, header ROM version 0)","포켓몬스터 소울실버 (Korea, IPGK, header ROM version 0)",/a/0/8/1,equal,605,605,,,98b87208cc39db8a7b9c5063270f264ec2a36b1ff16f378eb8187adb9d69e6ab,98b87208cc39db8a7b9c5063270f264ec2a36b1ff16f378eb8187adb9d69e6ab,4544,4544,NSBTX texture,NSBTX texture
"포켓몬스터 하트골드 (Korea, IPKK, header ROM version 0)","포켓몬스터 소울실버 (Korea, IPGK, header ROM version 0)",/a/0/8/1,equal,606,606,,,9f44681cc47254658e65c444422076cbb1c584440e0166bf5a663fcc54ba7c64,9f44681cc47254658e65c444422076cbb1c584440e0166bf5a663fcc54ba7c64,4544,4544,NSBTX texture,NSBTX texture
"포켓몬스터 하트골드 (Korea, IPKK, header ROM version 0)","포켓몬스터 소울실버 (Korea, IPGK, header ROM version 0)",/a/0/8/1,equal,607,607,,,3c2f86ebcd9582d31e3c4949cba76bdc7f616150c9e55d1cd5c0d86f561f884a,3c2f86ebcd9582d31e3c4949cba76bdc7f616150c9e55d1cd5c0d86f561f884a,4544,4544,NSBTX texture,NSBTX texture
"포켓몬스터 하트골드 (Korea, IPKK, header ROM version 0)","포켓몬스터 소울실버 (Korea, IPGK, header ROM version 0)",/a/0/8/1,equal,608,608,,,3733ddb6eecdd0b5f23454ab65bfbe6a7b326e09652c1ae230e66f303e9cba8c,3733ddb6eecdd0b5f23454ab65bfbe6a7b326e09652c1ae230e66f303e9cba8c,4544,4544,NSBTX texture,NSBTX texture
"포켓몬스터 하트골드 (Korea, IPKK, header ROM version 0)","포켓몬스터 소울실버 (Korea, IPGK, header ROM version 0)",/a/0/8/1,equal,609,609,,,87aa7e784b46d1c84951c343f7a3b31da45eaf3518f30b588f6b9c995f430dfe,87aa7e784b46d1c84951c343f7a3b31da45eaf3518f30b588f6b9c995f430dfe,4544,4544,NSBTX texture,NSBTX texture
"포켓몬스터 하트골드 (Korea, IPKK, header ROM version 0)","포켓몬스터 소울실버 (Korea, IPGK, header ROM version 0)",/a/0/8/1,equal,610,610,,,9505408dc289e0b5009b3c749b1c439f34f4893207e313c58a54b546c7912e92,9505408dc289e0b5009b3c749b1c439f34f4893207e313c58a54b546c7912e92,4544,4544,NSBTX texture,NSBTX texture
"포켓몬스터 하트골드 (Korea, IPKK, header ROM version 0)","포켓몬스터 소울실버 (Korea, IPGK, header ROM version 0)",/a/0/8/1,equal,611,611,,,d6083b47053cc921443a0f49f4ebc8bbb90f5399accf1ebe6ccab29125070123,d6083b47053cc921443a0f49f4ebc8bbb90f5399accf1ebe6ccab29125070123,4544,4544,NSBTX texture,NSBTX texture
"포켓몬스터 하트골드 (Korea, IPKK, header ROM version 0)","포켓몬스터 소울실버 (Korea, IPGK, header ROM version 0)",/a/0/8/1,equal,612,612,,,55128eaf05e593130c7b2eaab3145fba85c57e48b83d68bf0d70f139cc1e3931,55128eaf05e593130c7b2eaab3145fba85c57e48b83d68bf0d70f139cc1e3931,4544,4544,NSBTX texture,NSBTX texture
"포켓몬스터 하트골드 (Korea, IPKK, header ROM version 0)","포켓몬스터 소울실버 (Korea, IPGK, header ROM version 0)",/a/0/8/1,equal,613,613,,,a8f64719a060e80700b6815aa2261b1b72c2bbbba89819d07c3997ce0f19b6a9,a8f64719a060e80700b6815aa2261b1b72c2bbbba89819d07c3997ce0f19b6a9,4544,4544,NSBTX texture,NSBTX texture
"포켓몬스터 하트골드 (Korea, IPKK, header ROM version 0)","포켓몬스터 소울실버 (Korea, IPGK, header ROM version 0)",/a/0/8/1,equal,614,614,,,149758df9dfb340488e5ff845d47d5e5b4324c798e8caef9993771b8fcd1a3e1,149758df9dfb340488e5ff845d47d5e5b4324c798e8caef9993771b8fcd1a3e1,4544,4544,NSBTX texture,NSBTX texture
"포켓몬스터 하트골드 (Korea, IPKK, header ROM version 0)","포켓몬스터 소울실버 (Korea, IPGK, header ROM version 0)",/a/0/8/1,equal,615,615,,,cd4a22911ceaafb0fd8cbd6f8e2d215fa1d07b22907254b3fc7de1d034e8a8b0,cd4a22911ceaafb0fd8cbd6f8e2d215fa1d07b22907254b3fc7de1d034e8a8b0,4544,4544,NSBTX texture,NSBTX texture
"포켓몬스터 하트골드 (Korea, IPKK, header ROM version 0)","포켓몬스터 소울실버 (Korea, IPGK, header ROM version 0)",/a/0/8/1,equal,616,616,,,3252753f0810f1e5b28e73e36a19739cfaa4c23906607eeafb4289a0f0e42bc0,3252753f0810f1e5b28e73e36a19739cfaa4c23906607eeafb4289a0f0e42bc0,4544,4544,NSBTX texture,NSBTX texture
"포켓몬스터 하트골드 (Korea, IPKK, header ROM version 0)","포켓몬스터 소울실버 (Korea, IPGK, header ROM version 0)",/a/0/8/1,equal,617,617,,,dc78aa3336bb0db3ae3838255a87762858ece929f39b1cb2a347449999f3638c,dc78aa3336bb0db3ae3838255a87762858ece929f39b1cb2a347449999f3638c,4544,4544,NSBTX texture,NSBTX texture
"포켓몬스터 하트골드 (Korea, IPKK, header ROM version 0)","포켓몬스터 소울실버 (Korea, IPGK, header ROM version 0)",/a/0/8/1,equal,618,618,,,ef2b267767fda52800208cdcc43e7fccd40cd43cdfbd11a8b13628752fbf69ca,ef2b267767fda52800208cdcc43e7fccd40cd43cdfbd11a8b13628752fbf69ca,4544,4544,NSBTX texture,NSBTX texture
"포켓몬스터 하트골드 (Korea, IPKK, header ROM version 0)","포켓몬스터 소울실버 (Korea, IPGK, header ROM version 0)",/a/0/8/1,equal,619,619,,,bf53a9eebfcc7f152c6919e96bc41ab0001bb7433d1b90a08fa4d586a9a82764,bf53a9eebfcc7f152c6919e96bc41ab0001bb7433d1b90a08fa4d586a9a82764,4544,4544,NSBTX texture,NSBTX texture
"포켓몬스터 하트골드 (Korea, IPKK, header ROM version 0)","포켓몬스터 소울실버 (Korea, IPGK, header ROM version 0)",/a/0/8/1,equal,620,620,,,0c47bfe499a39db0fbd53d5d86a07fd1acee2ea187797dd96f7cadd44856261a,0c47bfe499a39db0fbd53d5d86a07fd1acee2ea187797dd96f7cadd44856261a,4544,4544,NSBTX texture,NSBTX texture
"포켓몬스터 하트골드 (Korea, IPKK, header ROM version 0)","포켓몬스터 소울실버 (Korea, IPGK, header ROM version 0)",/a/0/8/1,equal,621,621,,,c3da79267276b6684e1006f8d91fa9a885024b81687688bdc113b77a9466c070,c3da79267276b6684e1006f8d91fa9a885024b81687688bdc113b77a9466c070,4544,4544,NSBTX texture,NSBTX texture
"포켓몬스터 하트골드 (Korea, IPKK, header ROM version 0)","포켓몬스터 소울실버 (Korea, IPGK, header ROM version 0)",/a/0/8/1,equal,622,622,,,dc7d0238f6a2affc3a1907bcadfb89569478d96d0dea96f5afa85ab3c971367f,dc7d0238f6a2affc3a1907bcadfb89569478d96d0dea96f5afa85ab3c971367f,4544,4544,NSBTX texture,NSBTX texture
"포켓몬스터 하트골드 (Korea, IPKK, header ROM version 0)","포켓몬스터 소울실버 (Korea, IPGK, header ROM version 0)",/a/0/8/1,equal,623,623,,,978fd97836220b0a09e631668b6f2c0d90495143cc9e024d98c9848b7427a45a,978fd97836220b0a09e631668b6f2c0d90495143cc9e024d98c9848b7427a45a,4544,4544,NSBTX texture,NSBTX texture
"포켓몬스터 하트골드 (Korea, IPKK, header ROM version 0)","포켓몬스터 소울실버 (Korea, IPGK, header ROM version 0)",/a/0/8/1,equal,624,624,,,3fcdfa86dd68af59a8e36b68518ccf7ab19e0ee28ca0af09f17a290fb1cbfe0c,3fcdfa86dd68af59a8e36b68518ccf7ab19e0ee28ca0af09f17a290fb1cbfe0c,4544,4544,NSBTX texture,NSBTX texture
"포켓몬스터 하트골드 (Korea, IPKK, header ROM version 0)","포켓몬스터 소울실버 (Korea, IPGK, header ROM version 0)",/a/0/8/1,equal,625,625,,,0cbb118591d2f8bc6caf0f185d59176ea56bdf5d455cfc835f6ca250c380c2ba,0cbb118591d2f8bc6caf0f185d59176ea56bdf5d455cfc835f6ca250c380c2ba,4544,4544,NSBTX texture,NSBTX texture
"포켓몬스터 하트골드 (Korea, IPKK, header ROM version 0)","포켓몬스터 소울실버 (Korea, IPGK, header ROM version 0)",/a/0/8/1,equal,626,626,,,3363bb20730a1ec6dbf42e9441193c0d32849dff411e984da702c8822efd881c,3363bb20730a1ec6dbf42e9441193c0d32849dff411e984da702c8822efd881c,4544,4544,NSBTX texture,NSBTX texture
"포켓몬스터 하트골드 (Korea, IPKK, header ROM version 0)","포켓몬스터 소울실버 (Korea, IPGK, header ROM version 0)",/a/0/8/1,equal,627,627,,,9c52caabee8cc4ebbbba4b8bd8d37b212dfefd68f1e1f198dc4da7239a75214c,9c52caabee8cc4ebbbba4b8bd8d37b212dfefd68f1e1f198dc4da7239a75214c,4544,4544,NSBTX texture,NSBTX texture
"포켓몬스터 하트골드 (Korea, IPKK, header ROM version 0)","포켓몬스터 소울실버 (Korea, IPGK, header ROM version 0)",/a/0/8/1,equal,628,628,,,db42a00b8e3e4382a76935c279cb91945c920cfac3a6da060845a6ec2edbda7a,db42a00b8e3e4382a76935c279cb91945c920cfac3a6da060845a6ec2edbda7a,4544,4544,NSBTX texture,NSBTX texture
"포켓몬스터 하트골드 (Korea, IPKK, header ROM version 0)","포켓몬스터 소울실버 (Korea, IPGK, header ROM version 0)",/a/0/8/1,equal,629,629,,,d5d29fd05efca73025042321791f0f3d9b472e35dbcafc0574a23d12a9fcc0d7,d5d29fd05efca73025042321791f0f3d9b472e35dbcafc0574a23d12a9fcc0d7,4544,4544,NSBTX texture,NSBTX texture
"포켓몬스터 하트골드 (Korea, IPKK, header ROM version 0)","포켓몬스터 소울실버 (Korea, IPGK, header ROM version 0)",/a/0/8/1,equal,630,630,,,c4313259e3cd1ae88638ecd42c78b9bb9270e09c40457b526fc5f9bde6433910,c4313259e3cd1ae88638ecd42c78b9bb9270e09c40457b526fc5f9bde6433910,4544,4544,NSBTX texture,NSBTX texture
"포켓몬스터 하트골드 (Korea, IPKK, header ROM version 0)","포켓몬스터 소울실버 (Korea, IPGK, header ROM version 0)",/a/0/8/1,equal,631,631,,,9ac518e0b2a9ff535efcd8af2014f9f0b231848824fa5d25faea42eb1982b04e,9ac518e0b2a9ff535efcd8af2014f9f0b231848824fa5d25faea42eb1982b04e,4544,4544,NSBTX texture,NSBTX texture
"포켓몬스터 하트골드 (Korea, IPKK, header ROM version 0)","포켓몬스터 소울실버 (Korea, IPGK, header ROM version 0)",/a/0/8/1,equal,632,632,,,db686d630fd596763180990df8fedeb8c52eea1b7e6804541a59bd09259e8599,db686d630fd596763180990df8fedeb8c52eea1b7e6804541a59bd09259e8599,4544,4544,NSBTX texture,NSBTX texture
"포켓몬스터 하트골드 (Korea, IPKK, header ROM version 0)","포켓몬스터 소울실버 (Korea, IPGK, header ROM version 0)",/a/0/8/1,equal,633,633,,,302225c5c5686f616e08f775a144c0c39c0c7d94cb7ef6e966b246fb33b4121a,302225c5c5686f616e08f775a144c0c39c0c7d94cb7ef6e966b246fb33b4121a,4544,4544,NSBTX texture,NSBTX texture
"포켓몬스터 하트골드 (Korea, IPKK, header ROM version 0)","포켓몬스터 소울실버 (Korea, IPGK, header ROM version 0)",/a/0/8/1,equal,634,634,,,e919445f54f45cb37bcc8d9bf252781e7864776f0caf22086ce5a4a32a581524,e919445f54f45cb37bcc8d9bf252781e7864776f0caf22086ce5a4a32a581524,4544,4544,NSBTX texture,NSBTX texture
"포켓몬스터 하트골드 (Korea, IPKK, header ROM version 0)","포켓몬스터 소울실버 (Korea, IPGK, header ROM version 0)",/a/0/8/1,equal,635,635,,,111643427c7b4113328c864e1d451a270f9f50715d403253631798eabe92fee0,111643427c7b4113328c864e1d451a270f9f50715d403253631798eabe92fee0,4544,4544,NSBTX texture,NSBTX texture
"포켓몬스터 하트골드 (Korea, IPKK, header ROM version 0)","포켓몬스터 소울실버 (Korea, IPGK, header ROM version 0)",/a/0/8/1,equal,636,636,,,5704c8c6723d740abfd0a70ccdedc4fb84b765c7d502ee9ce400a7d7c5f12832,5704c8c6723d740abfd0a70ccdedc4fb84b765c7d502ee9ce400a7d7c5f12832,4544,4544,NSBTX texture,NSBTX texture
"포켓몬스터 하트골드 (Korea, IPKK, header ROM version 0)","포켓몬스터 소울실버 (Korea, IPGK, header ROM version 0)",/a/0/8/1,equal,637,637,,,bb1c92e43b049e70c89536e2394e7a32354b8e19087992dd94f3fc3539fcc9e6,bb1c92e43b049e70c89536e2394e7a32354b8e19087992dd94f3fc3539fcc9e6,4544,4544,NSBTX texture,NSBTX texture
"포켓몬스터 하트골드 (Korea, IPKK, header ROM version 0)","포켓몬스터 소울실버 (Korea, IPGK, header ROM version 0)",/a/0/8/1,equal,638,638,,,a4234c8477acc133197058860b7ebaa742c59e458e28992b9a707d2adb7cd33c,a4234c8477acc133197058860b7ebaa742c59e458e28992b9a707d2adb7cd33c,4544,4544,NSBTX texture,NSBTX texture
"포켓몬스터 하트골드 (Korea, IPKK, header ROM version 0)","포켓몬스터 소울실버 (Korea, IPGK, header ROM version 0)",/a/0/8/1,equal,639,639,,,1cc48b333bd14633468f6c66b2f167180dca529ab7a48993c541080879601633,1cc48b333bd14633468f6c66b2f167180dca529ab7a48993c541080879601633,4544,4544,NSBTX texture,NSBTX texture
"포켓몬스터 하트골드 (Korea, IPKK, header ROM version 0)","포켓몬스터 소울실버 (Korea, IPGK, header ROM version 0)",/a/0/8/1,equal,640,640,,,1ee1df198e6aff5169fd9336b54f63f20523b734d24dc661e1a14f2b734772f9,1ee1df198e6aff5169fd9336b54f63f20523b734d24dc661e1a14f2b734772f9,4544,4544,NSBTX texture,NSBTX texture
"포켓몬스터 하트골드 (Korea, IPKK, header ROM version 0)","포켓몬스터 소울실버 (Korea, IPGK, header ROM version 0)",/a/0/8/1,equal,641,641,,,3d5a5882188fbd6c5e27989046c529131f586dadfc041651ea1981b83271efb2,3d5a5882188fbd6c5e27989046c529131f586dadfc041651ea1981b83271efb2,4544,4544,NSBTX texture,NSBTX texture
"포켓몬스터 하트골드 (Korea, IPKK, header ROM version 0)","포켓몬스터 소울실버 (Korea, IPGK, header ROM version 0)",/a/0/8/1,equal,642,642,,,eaccea42e4ad07b2119913dac4e21e56580795d3bd7b33aed2ba8ae6172106f6,eaccea42e4ad07b2119913dac4e21e56580795d3bd7b33aed2ba8ae6172106f6,4544,4544,NSBTX texture,NSBTX texture
"포켓몬스터 하트골드 (Korea, IPKK, header ROM version 0)","포켓몬스터 소울실버 (Korea, IPGK, header ROM version 0)",/a/0/8/1,equal,643,643,,,2a6fca356bdf452dba95d07ca0727ef23f8e20eb87badb2e6077611f23a53b3d,2a6fca356bdf452dba95d07ca0727ef23f8e20eb87badb2e6077611f23a53b3d,4544,4544,NSBTX texture,NSBTX texture
"포켓몬스터 하트골드 (Korea, IPKK, header ROM version 0)","포켓몬스터 소울실버 (Korea, IPGK, header ROM version 0)",/a/0/8/1,equal,644,644,,,36e15318f0e8ce1e289a96034d03d12a1889684d0850b2303faeba996539a8fa,36e15318f0e8ce1e289a96034d03d12a1889684d0850b2303faeba996539a8fa,4544,4544,NSBTX texture,NSBTX texture
"포켓몬스터 하트골드 (Korea, IPKK, header ROM version 0)","포켓몬스터 소울실버 (Korea, IPGK, header ROM version 0)",/a/0/8/1,equal,645,645,,,e40f6fe7344e08be2f6bdcda45a9ccfdf57e199512b1889684a2e1ce74207df9,e40f6fe7344e08be2f6bdcda45a9ccfdf57e199512b1889684a2e1ce74207df9,4544,4544,NSBTX texture,NSBTX texture
"포켓몬스터 하트골드 (Korea, IPKK, header ROM version 0)","포켓몬스터 소울실버 (Korea, IPGK, header ROM version 0)",/a/0/8/1,equal,646,646,,,a0b603ac854f9b172e4a63d5dde6922882be0ca2271c7c09f9cb74d88f40e6ba,a0b603ac854f9b172e4a63d5dde6922882be0ca2271c7c09f9cb74d88f40e6ba,4544,4544,NSBTX texture,NSBTX texture
"포켓몬스터 하트골드 (Korea, IPKK, header ROM version 0)","포켓몬스터 소울실버 (Korea, IPGK, header ROM version 0)",/a/0/8/1,equal,647,647,,,9dcf38033166abd385cb9c26ed806f8de91f6f50713e02212a8857c7f9b24984,9dcf38033166abd385cb9c26ed806f8de91f6f50713e02212a8857c7f9b24984,4544,4544,NSBTX texture,NSBTX texture
"포켓몬스터 하트골드 (Korea, IPKK, header ROM version 0)","포켓몬스터 소울실버 (Korea, IPGK, header ROM version 0)",/a/0/8/1,equal,648,648,,,8c8519af325e36a5f6e4adbf91743fac94c9bd621f8fb46207f728d0739d5716,8c8519af325e36a5f6e4adbf91743fac94c9bd621f8fb46207f728d0739d5716,4544,4544,NSBTX texture,NSBTX texture
"포켓몬스터 하트골드 (Korea, IPKK, header ROM version 0)","포켓몬스터 소울실버 (Korea, IPGK, header ROM version 0)",/a/0/8/1,equal,649,649,,,81f3d065b8a4d995ffd8187530b9517788c12df04739bf074553166aa0a0787d,81f3d065b8a4d995ffd8187530b9517788c12df04739bf074553166aa0a0787d,4544,4544,NSBTX texture,NSBTX texture
"포켓몬스터 하트골드 (Korea, IPKK, header ROM version 0)","포켓몬스터 소울실버 (Korea, IPGK, header ROM version 0)",/a/0/8/1,equal,650,650,,,d6edc8d0e22955f86aa034e5d0e2c7b0b68d52595cf1036c4af418198d0460ff,d6edc8d0e22955f86aa034e5d0e2c7b0b68d52595cf1036c4af418198d0460ff,4544,4544,NSBTX texture,NSBTX texture
"포켓몬스터 하트골드 (Korea, IPKK, header ROM version 0)","포켓몬스터 소울실버 (Korea, IPGK, header ROM version 0)",/a/0/8/1,equal,651,651,,,38219ef70a43fe7d9da730bf5cf2bfafb25aaf6a00c236b95439e40cd0ddb1ec,38219ef70a43fe7d9da730bf5cf2bfafb25aaf6a00c236b95439e40cd0ddb1ec,16832,16832,NSBTX texture,NSBTX texture
"포켓몬스터 하트골드 (Korea, IPKK, header ROM version 0)","포켓몬스터 소울실버 (Korea, IPGK, header ROM version 0)",/a/0/8/1,equal,652,652,,,104e4f63f3200a1746ef49c578a1d4033cbc9b6846051b015efd24083884cec3,104e4f63f3200a1746ef49c578a1d4033cbc9b6846051b015efd24083884cec3,4544,4544,NSBTX texture,NSBTX texture
"포켓몬스터 하트골드 (Korea, IPKK, header ROM version 0)","포켓몬스터 소울실버 (Korea, IPGK, header ROM version 0)",/a/0/8/1,equal,653,653,,,d4f9e6c1827729fa5e0d3f87bdede8a78fc79e5ae509bef6d5ecc39faa390263,d4f9e6c1827729fa5e0d3f87bdede8a78fc79e5ae509bef6d5ecc39faa390263,4544,4544,NSBTX texture,NSBTX texture
"포켓몬스터 하트골드 (Korea, IPKK, header ROM version 0)","포켓몬스터 소울실버 (Korea, IPGK, header ROM version 0)",/a/0/8/1,equal,654,654,,,dbc14f98fb4e87e8ad23c9d492ad6ba9cab2dfd6cf8b2cc655cf3e117accba83,dbc14f98fb4e87e8ad23c9d492ad6ba9cab2dfd6cf8b2cc655cf3e117accba83,4544,4544,NSBTX texture,NSBTX texture
"포켓몬스터 하트골드 (Korea, IPKK, header ROM version 0)","포켓몬스터 소울실버 (Korea, IPGK, header ROM version 0)",/a/0/8/1,equal,655,655,,,8262a2f3f739263e466ef20d54af07ac4dce315f274a6dc322e2bdbf7f43c3b1,8262a2f3f739263e466ef20d54af07ac4dce315f274a6dc322e2bdbf7f43c3b1,4544,4544,NSBTX texture,NSBTX texture
"포켓몬스터 하트골드 (Korea, IPKK, header ROM version 0)","포켓몬스터 소울실버 (Korea, IPGK, header ROM version 0)",/a/0/8/1,equal,656,656,,,73357c2dc62e78332c9cb67af5be2597b6a1025a43147e853ddec33fa5f0481c,73357c2dc62e78332c9cb67af5be2597b6a1025a43147e853ddec33fa5f0481c,4544,4544,NSBTX texture,NSBTX texture
"포켓몬스터 하트골드 (Korea, IPKK, header ROM version 0)","포켓몬스터 소울실버 (Korea, IPGK, header ROM version 0)",/a/0/8/1,equal,657,657,,,d59d61cdc08b4b7d7d9bd93138e039cc626d5876997b34fe3dd28892d697a40f,d59d61cdc08b4b7d7d9bd93138e039cc626d5876997b34fe3dd28892d697a40f,4544,4544,NSBTX texture,NSBTX texture
"포켓몬스터 하트골드 (Korea, IPKK, header ROM version 0)","포켓몬스터 소울실버 (Korea, IPGK, header ROM version 0)",/a/0/8/1,equal,658,658,,,8759ad66bdc9df00ef74043b6d2114c6838a1793f200b69c21cdbbc768490baf,8759ad66bdc9df00ef74043b6d2114c6838a1793f200b69c21cdbbc768490baf,4544,4544,NSBTX texture,NSBTX texture
"포켓몬스터 하트골드 (Korea, IPKK, header ROM version 0)","포켓몬스터 소울실버 (Korea, IPGK, header ROM version 0)",/a/0/8/1,equal,659,659,,,ac2d5f28d2447c4a1810122c2556e380867b0791a13bfd2f5227dff241177cbf,ac2d5f28d2447c4a1810122c2556e380867b0791a13bfd2f5227dff241177cbf,4544,4544,NSBTX texture,NSBTX texture
"포켓몬스터 하트골드 (Korea, IPKK, header ROM version 0)","포켓몬스터 소울실버 (Korea, IPGK, header ROM version 0)",/a/0/8/1,equal,660,660,,,5ed11d8b2b0c28ea6094e99b2d8a97741cfe388f5cca1b76dc05f4e2199ee51b,5ed11d8b2b0c28ea6094e99b2d8a97741cfe388f5cca1b76dc05f4e2199ee51b,4544,4544,NSBTX texture,NSBTX texture
"포켓몬스터 하트골드 (Korea, IPKK, header ROM version 0)","포켓몬스터 소울실버 (Korea, IPGK, header ROM version 0)",/a/0/8/1,equal,661,661,,,24c42df100818f53b13a187396e367cf6cccab6b9b61db5d9a0e75258b30834d,24c42df100818f53b13a187396e367cf6cccab6b9b61db5d9a0e75258b30834d,4544,4544,NSBTX texture,NSBTX texture
"포켓몬스터 하트골드 (Korea, IPKK, header ROM version 0)","포켓몬스터 소울실버 (Korea, IPGK, header ROM version 0)",/a/0/8/1,equal,662,662,,,769d71f92498b9bfa1ca20e9a2db746abb9828ac2267bd225d2feb7863047b6b,769d71f92498b9bfa1ca20e9a2db746abb9828ac2267bd225d2feb7863047b6b,4544,4544,NSBTX texture,NSBTX texture
"포켓몬스터 하트골드 (Korea, IPKK, header ROM version 0)","포켓몬스터 소울실버 (Korea, IPGK, header ROM version 0)",/a/0/8/1,equal,663,663,,,ebf81c83cc015000e863d5c08b26b4f00f77101c84a6d76c4d02cd84545fd9a2,ebf81c83cc015000e863d5c08b26b4f00f77101c84a6d76c4d02cd84545fd9a2,4544,4544,NSBTX texture,NSBTX texture
"포켓몬스터 하트골드 (Korea, IPKK, header ROM version 0)","포켓몬스터 소울실버 (Korea, IPGK, header ROM version 0)",/a/0/8/1,equal,664,664,,,df805f1c5460c9c87c33dbbe05ec8611d8253a9d46f60d8a34b119e7ebd9547d,df805f1c5460c9c87c33dbbe05ec8611d8253a9d46f60d8a34b119e7ebd9547d,4544,4544,NSBTX texture,NSBTX texture
"포켓몬스터 하트골드 (Korea, IPKK, header ROM version 0)","포켓몬스터 소울실버 (Korea, IPGK, header ROM version 0)",/a/0/8/1,equal,665,665,,,6c5e40a16620deb942d1e59cab8b7efc351538bde4bd7b518282aeace5c2d966,6c5e40a16620deb942d1e59cab8b7efc351538bde4bd7b518282aeace5c2d966,4544,4544,NSBTX texture,NSBTX texture
"포켓몬스터 하트골드 (Korea, IPKK, header ROM version 0)","포켓몬스터 소울실버 (Korea, IPGK, header ROM version 0)",/a/0/8/1,equal,666,666,,,e2839d7b734a1506ab38738d5eaafe2aa8faff76c1899edde1635fdba487b8d8,e2839d7b734a1506ab38738d5eaafe2aa8faff76c1899edde1635fdba487b8d8,4544,4544,NSBTX texture,NSBTX texture
"포켓몬스터 하트골드 (Korea, IPKK, header ROM version 0)","포켓몬스터 소울실버 (Korea, IPGK, header ROM version 0)",/a/0/8/1,equal,667,667,,,579246b952e442968640f2c0af1ab19cfd8513a26070e9c50d7d1cb5b8de5b98,579246b952e442968640f2c0af1ab19cfd8513a26070e9c50d7d1cb5b8de5b98,4544,4544,NSBTX texture,NSBTX texture
"포켓몬스터 하트골드 (Korea, IPKK, header ROM version 0)","포켓몬스터 소울실버 (Korea, IPGK, header ROM version 0)",/a/0/8/1,equal,668,668,,,ed5df30b5d65414e3ae539701c219aa25fe539d759bef91e18200cd0f3a717fb,ed5df30b5d65414e3ae539701c219aa25fe539d759bef91e18200cd0f3a717fb,4544,4544,NSBTX texture,NSBTX texture
"포켓몬스터 하트골드 (Korea, IPKK, header ROM version 0)","포켓몬스터 소울실버 (Korea, IPGK, header ROM version 0)",/a/0/8/1,equal,669,669,,,641f12bfd71881a966806430c4df91fb7b1dca6be8142832a40a2bf1bc1e2734,641f12bfd71881a966806430c4df91fb7b1dca6be8142832a40a2bf1bc1e2734,4544,4544,NSBTX texture,NSBTX texture
"포켓몬스터 하트골드 (Korea, IPKK, header ROM version 0)","포켓몬스터 소울실버 (Korea, IPGK, header ROM version 0)",/a/0/8/1,equal,670,670,,,541d826fe3ee50e72ba3fc36f12c061085c752a191216c6d843d9328a49dcd13,541d826fe3ee50e72ba3fc36f12c061085c752a191216c6d843d9328a49dcd13,4544,4544,NSBTX texture,NSBTX texture
"포켓몬스터 하트골드 (Korea, IPKK, header ROM version 0)","포켓몬스터 소울실버 (Korea, IPGK, header ROM version 0)",/a/0/8/1,equal,671,671,,,4cd46329b77621d002d61f3fa981f2979dad1b4c6a0f560ed311b7be39fe112a,4cd46329b77621d002d61f3fa981f2979dad1b4c6a0f560ed311b7be39fe112a,4544,4544,NSBTX texture,NSBTX texture
"포켓몬스터 하트골드 (Korea, IPKK, header ROM version 0)","포켓몬스터 소울실버 (Korea, IPGK, header ROM version 0)",/a/0/8/1,equal,672,672,,,92c5229db7523fc70cde88fbc06e788497606bfc3d84fefd0b84f78ccca9efe0,92c5229db7523fc70cde88fbc06e788497606bfc3d84fefd0b84f78ccca9efe0,4544,4544,NSBTX texture,NSBTX texture
"포켓몬스터 하트골드 (Korea, IPKK, header ROM version 0)","포켓몬스터 소울실버 (Korea, IPGK, header ROM version 0)",/a/0/8/1,equal,673,673,,,e2ec1df18295b756524125f9eba15ee629d22dc2a59ddf5dbb0d5f93f9bb0623,e2ec1df18295b756524125f9eba15ee629d22dc2a59ddf5dbb0d5f93f9bb0623,4544,4544,NSBTX texture,NSBTX texture
"포켓몬스터 하트골드 (Korea, IPKK, header ROM version 0)","포켓몬스터 소울실버 (Korea, IPGK, header ROM version 0)",/a/0/8/1,equal,674,674,,,b7c38750da5edbfed4bd80e3e1437a0444ea2d53003d115136f346aad2d42b65,b7c38750da5edbfed4bd80e3e1437a0444ea2d53003d115136f346aad2d42b65,4544,4544,NSBTX texture,NSBTX texture
"포켓몬스터 하트골드 (Korea, IPKK, header ROM version 0)","포켓몬스터 소울실버 (Korea, IPGK, header ROM version 0)",/a/0/8/1,equal,675,675,,,4b6926a49553664c986b9f8e29644089d75cf375039f22dc764c4d5c98782ed0,4b6926a49553664c986b9f8e29644089d75cf375039f22dc764c4d5c98782ed0,4544,4544,NSBTX texture,NSBTX texture
"포켓몬스터 하트골드 (Korea, IPKK, header ROM version 0)","포켓몬스터 소울실버 (Korea, IPGK, header ROM version 0)",/a/0/8/1,equal,676,676,,,9cadc4c01a7fa7355e77b6fccff5d6e64e54210658f9c7663fe7535be2656a24,9cadc4c01a7fa7355e77b6fccff5d6e64e54210658f9c7663fe7535be2656a24,4544,4544,NSBTX texture,NSBTX texture
"포켓몬스터 하트골드 (Korea, IPKK, header ROM version 0)","포켓몬스터 소울실버 (Korea, IPGK, header ROM version 0)",/a/0/8/1,equal,677,677,,,889251c2c405e7d530f636589cc2037dd3ef07b0662380c6b30eea8eda56a036,889251c2c405e7d530f636589cc2037dd3ef07b0662380c6b30eea8eda56a036,4544,4544,NSBTX texture,NSBTX texture
"포켓몬스터 하트골드 (Korea, IPKK, header ROM version 0)","포켓몬스터 소울실버 (Korea, IPGK, header ROM version 0)",/a/0/8/1,equal,678,678,,,8402b4033bd24c270ffe58e443770bb1e494e7c5b15a817bd4d92b15de05b260,8402b4033bd24c270ffe58e443770bb1e494e7c5b15a817bd4d92b15de05b260,4544,4544,NSBTX texture,NSBTX texture
"포켓몬스터 하트골드 (Korea, IPKK, header ROM version 0)","포켓몬스터 소울실버 (Korea, IPGK, header ROM version 0)",/a/0/8/1,equal,679,679,,,eb4903f1fb7d6d148c76d36e4ba480c04446c468471f492ece0032f71080062e,eb4903f1fb7d6d148c76d36e4ba480c04446c468471f492ece0032f71080062e,4544,4544,NSBTX texture,NSBTX texture
"포켓몬스터 하트골드 (Korea, IPKK, header ROM version 0)","포켓몬스터 소울실버 (Korea, IPGK, header ROM version 0)",/a/0/8/1,equal,680,680,,,2e3238de82570c83d710b34306241b9864f9b63110eebbbc9dd21f91b07e17de,2e3238de82570c83d710b34306241b9864f9b63110eebbbc9dd21f91b07e17de,4544,4544,NSBTX texture,NSBTX texture
"포켓몬스터 하트골드 (Korea, IPKK, header ROM version 0)","포켓몬스터 소울실버 (Korea, IPGK, header ROM version 0)",/a/0/8/1,equal,681,681,,,24e2e1f5759581915c623f39eef47e482fcef51e0c131e99e6fde1e09efbd17b,24e2e1f5759581915c623f39eef47e482fcef51e0c131e99e6fde1e09efbd17b,4544,4544,NSBTX texture,NSBTX texture
"포켓몬스터 하트골드 (Korea, IPKK, header ROM version 0)","포켓몬스터 소울실버 (Korea, IPGK, header ROM version 0)",/a/0/8/1,equal,682,682,,,ea7d3a7fd1c89c83959cb29bce1ba56e5d4d6f2c0df0a6fd982c9fe052a5fb1f,ea7d3a7fd1c89c83959cb29bce1ba56e5d4d6f2c0df0a6fd982c9fe052a5fb1f,4544,4544,NSBTX texture,NSBTX texture
"포켓몬스터 하트골드 (Korea, IPKK, header ROM version 0)","포켓몬스터 소울실버 (Korea, IPGK, header ROM version 0)",/a/0/8/1,equal,683,683,,,a84be71a04f4ba70faff4731efa786ad644a0b6ae9cc42a340d293fe340dae2e,a84be71a04f4ba70faff4731efa786ad644a0b6ae9cc42a340d293fe340dae2e,4544,4544,NSBTX texture,NSBTX texture
"포켓몬스터 하트골드 (Korea, IPKK, header ROM version 0)","포켓몬스터 소울실버 (Korea, IPGK, header ROM version 0)",/a/0/8/1,equal,684,684,,,24cbc2de2ea6f251eebd9617f9399c87da9308de6d97072c2e03932dff2036fe,24cbc2de2ea6f251eebd9617f9399c87da9308de6d97072c2e03932dff2036fe,4544,4544,NSBTX texture,NSBTX texture
"포켓몬스터 하트골드 (Korea, IPKK, header ROM version 0)","포켓몬스터 소울실버 (Korea, IPGK, header ROM version 0)",/a/0/8/1,equal,685,685,,,03bddb3b4ef8f727eb1186accb77b24232d91b1066f3b26c0294e00272374612,03bddb3b4ef8f727eb1186accb77b24232d91b1066f3b26c0294e00272374612,4544,4544,NSBTX texture,NSBTX texture
"포켓몬스터 하트골드 (Korea, IPKK, header ROM version 0)","포켓몬스터 소울실버 (Korea, IPGK, header ROM version 0)",/a/0/8/1,equal,686,686,,,358c4cd5e68f8595701e951fe8346669ba49045b97ef30fd406356a22eee4e95,358c4cd5e68f8595701e951fe8346669ba49045b97ef30fd406356a22eee4e95,4544,4544,NSBTX texture,NSBTX texture
"포켓몬스터 하트골드 (Korea, IPKK, header ROM version 0)","포켓몬스터 소울실버 (Korea, IPGK, header ROM version 0)",/a/0/8/1,equal,687,687,,,5a44302473645e63452bac9c4c20fe155ab0d3905512f092d7d3999920cef2b5,5a44302473645e63452bac9c4c20fe155ab0d3905512f092d7d3999920cef2b5,4544,4544,NSBTX texture,NSBTX texture
"포켓몬스터 하트골드 (Korea, IPKK, header ROM version 0)","포켓몬스터 소울실버 (Korea, IPGK, header ROM version 0)",/a/0/8/1,equal,688,688,,,73902bac6c768176827071a39fa10ceb95c367854291fc152a098df811b0eacd,73902bac6c768176827071a39fa10ceb95c367854291fc152a098df811b0eacd,4544,4544,NSBTX texture,NSBTX texture
"포켓몬스터 하트골드 (Korea, IPKK, header ROM version 0)","포켓몬스터 소울실버 (Korea, IPGK, header ROM version 0)",/a/0/8/1,equal,689,689,,,53aa4c97fdca01d87918062e44f918bb67200b40c0c065c64b8c53389b8b8ec5,53aa4c97fdca01d87918062e44f918bb67200b40c0c065c64b8c53389b8b8ec5,4544,4544,NSBTX texture,NSBTX texture
"포켓몬스터 하트골드 (Korea, IPKK, header ROM version 0)","포켓몬스터 소울실버 (Korea, IPGK, header ROM version 0)",/a/0/8/1,equal,690,690,,,5ded7c0d71aea46a9ea4615b7a007a9422daf2d2f46460fa6aa440c35a9b9cde,5ded7c0d71aea46a9ea4615b7a007a9422daf2d2f46460fa6aa440c35a9b9cde,4544,4544,NSBTX texture,NSBTX texture
"포켓몬스터 하트골드 (Korea, IPKK, header ROM version 0)","포켓몬스터 소울실버 (Korea, IPGK, header ROM version 0)",/a/0/8/1,equal,691,691,,,da3b1ebd44fec186355eecbe60275a61ad9e86b79b99a7698259f6c2f9bd9757,da3b1ebd44fec186355eecbe60275a61ad9e86b79b99a7698259f6c2f9bd9757,4544,4544,NSBTX texture,NSBTX texture
"포켓몬스터 하트골드 (Korea, IPKK, header ROM version 0)","포켓몬스터 소울실버 (Korea, IPGK, header ROM version 0)",/a/0/8/1,equal,692,692,,,d64dd06ac0915afdc349ad4317496975fe98833937b6160f05e692e54a7d37a5,d64dd06ac0915afdc349ad4317496975fe98833937b6160f05e692e54a7d37a5,4544,4544,NSBTX texture,NSBTX texture
"포켓몬스터 하트골드 (Korea, IPKK, header ROM version 0)","포켓몬스터 소울실버 (Korea, IPGK, header ROM version 0)",/a/0/8/1,equal,693,693,,,4a1e690865fdde28f532abb64c4975abe8e986c4f1bf269750e913e623cb07b0,4a1e690865fdde28f532abb64c4975abe8e986c4f1bf269750e913e623cb07b0,4544,4544,NSBTX texture,NSBTX texture
"포켓몬스터 하트골드 (Korea, IPKK, header ROM version 0)","포켓몬스터 소울실버 (Korea, IPGK, header ROM version 0)",/a/0/8/1,equal,694,694,,,fd6d8e234358e42e66e9ffc200c37972aa58a7d9a79a5fe2447ddf844c2ea2f1,fd6d8e234358e42e66e9ffc200c37972aa58a7d9a79a5fe2447ddf844c2ea2f1,4544,4544,NSBTX texture,NSBTX texture
"포켓몬스터 하트골드 (Korea, IPKK, header ROM version 0)","포켓몬스터 소울실버 (Korea, IPGK, header ROM version 0)",/a/0/8/1,equal,695,695,,,9397f4845888155a1a1286f2d9ebf7bbe0f8b87ebc1ac26b14c9f52762193622,9397f4845888155a1a1286f2d9ebf7bbe0f8b87ebc1ac26b14c9f52762193622,4544,4544,NSBTX texture,NSBTX texture
"포켓몬스터 하트골드 (Korea, IPKK, header ROM version 0)","포켓몬스터 소울실버 (Korea, IPGK, header ROM version 0)",/a/0/8/1,equal,696,696,,,6b291780fe8cae338e6ba01bbe6d4d5a76a508defd58cc5e9be1a83be6814f55,6b291780fe8cae338e6ba01bbe6d4d5a76a508defd58cc5e9be1a83be6814f55,4544,4544,NSBTX texture,NSBTX texture
"포켓몬스터 하트골드 (Korea, IPKK, header ROM version 0)","포켓몬스터 소울실버 (Korea, IPGK, header ROM version 0)",/a/0/8/1,equal,697,697,,,516c31d68b6c09da4b11d68392a8509cae3bb87a2436b405b6cc083dd67894f3,516c31d68b6c09da4b11d68392a8509cae3bb87a2436b405b6cc083dd67894f3,4544,4544,NSBTX texture,NSBTX texture
"포켓몬스터 하트골드 (Korea, IPKK, header ROM version 0)","포켓몬스터 소울실버 (Korea, IPGK, header ROM version 0)",/a/0/8/1,equal,698,698,,,f4cbd7c12fe18f0667c88a50efd5870d7022bbfb80a6dbed5998b40264ec350e,f4cbd7c12fe18f0667c88a50efd5870d7022bbfb80a6dbed5998b40264ec350e,4544,4544,NSBTX texture,NSBTX texture
"포켓몬스터 하트골드 (Korea, IPKK, header ROM version 0)","포켓몬스터 소울실버 (Korea, IPGK, header ROM version 0)",/a/0/8/1,equal,699,699,,,c9e1c6a0b8aa3ae7fbd68e1cd54f321a149d0b2bab96f8d2bcace7c5dad6b998,c9e1c6a0b8aa3ae7fbd68e1cd54f321a149d0b2bab96f8d2bcace7c5dad6b998,4544,4544,NSBTX texture,NSBTX texture
"포켓몬스터 하트골드 (Korea, IPKK, header ROM version 0)","포켓몬스터 소울실버 (Korea, IPGK, header ROM version 0)",/a/0/8/1,equal,700,700,,,15a7aa3bb0f8b95750c30b7819cb0cd0606ecf235dff133d19e169fbbecbe494,15a7aa3bb0f8b95750c30b7819cb0cd0606ecf235dff133d19e169fbbecbe494,4544,4544,NSBTX texture,NSBTX texture
"포켓몬스터 하트골드 (Korea, IPKK, header ROM version 0)","포켓몬스터 소울실버 (Korea, IPGK, header ROM version 0)",/a/0/8/1,equal,701,701,,,659266ae9cdec8a97acb0d81c00da5e471d1976e7bf8a16d7dd3d51d1a13608b,659266ae9cdec8a97acb0d81c00da5e471d1976e7bf8a16d7dd3d51d1a13608b,4544,4544,NSBTX texture,NSBTX texture
"포켓몬스터 하트골드 (Korea, IPKK, header ROM version 0)","포켓몬스터 소울실버 (Korea, IPGK, header ROM version 0)",/a/0/8/1,equal,702,702,,,162a1919f12b5c4979b9a282ee2cd366ae6154f1f28f0669dd5db0ad3249a3bd,162a1919f12b5c4979b9a282ee2cd366ae6154f1f28f0669dd5db0ad3249a3bd,4544,4544,NSBTX texture,NSBTX texture
"포켓몬스터 하트골드 (Korea, IPKK, header ROM version 0)","포켓몬스터 소울실버 (Korea, IPGK, header ROM version 0)",/a/0/8/1,equal,703,703,,,dabb656dcba697e66cedf8fb528958e4c335ec9baa17600933c39e3357871265,dabb656dcba697e66cedf8fb528958e4c335ec9baa17600933c39e3357871265,4544,4544,NSBTX texture,NSBTX texture
"포켓몬스터 하트골드 (Korea, IPKK, header ROM version 0)","포켓몬스터 소울실버 (Korea, IPGK, header ROM version 0)",/a/0/8/1,equal,704,704,,,d4e23a32047622c2fd1567a58bacc9055ff88105ad40007bb8b3bc3ff6016866,d4e23a32047622c2fd1567a58bacc9055ff88105ad40007bb8b3bc3ff6016866,4544,4544,NSBTX texture,NSBTX texture
"포켓몬스터 하트골드 (Korea, IPKK, header ROM version 0)","포켓몬스터 소울실버 (Korea, IPGK, header ROM version 0)",/a/0/8/1,equal,705,705,,,607c47dc4f5bbddc7b31ed7fdd5469816bdfb6d6084417fc777c5b98fa2977e3,607c47dc4f5bbddc7b31ed7fdd5469816bdfb6d6084417fc777c5b98fa2977e3,4544,4544,NSBTX texture,NSBTX texture
"포켓몬스터 하트골드 (Korea, IPKK, header ROM version 0)","포켓몬스터 소울실버 (Korea, IPGK, header ROM version 0)",/a/0/8/1,equal,706,706,,,60cc8c8e90cec871d76589e803b79c888da6ca35d40c7b8e622b86ab981bf274,60cc8c8e90cec871d76589e803b79c888da6ca35d40c7b8e622b86ab981bf274,4544,4544,NSBTX texture,NSBTX texture
"포켓몬스터 하트골드 (Korea, IPKK, header ROM version 0)","포켓몬스터 소울실버 (Korea, IPGK, header ROM version 0)",/a/0/8/1,equal,707,707,,,33efadf878f0516e19c4578e48beb19e4b8673a428ad724fea1f8619e06ccd3d,33efadf878f0516e19c4578e48beb19e4b8673a428ad724fea1f8619e06ccd3d,4544,4544,NSBTX texture,NSBTX texture
"포켓몬스터 하트골드 (Korea, IPKK, header ROM version 0)","포켓몬스터 소울실버 (Korea, IPGK, header ROM version 0)",/a/0/8/1,equal,708,708,,,31c8e0d1646f7fd0450ab5465afc1dc19d807811a6344c0c52107dbda43fa305,31c8e0d1646f7fd0450ab5465afc1dc19d807811a6344c0c52107dbda43fa305,4544,4544,NSBTX texture,NSBTX texture
"포켓몬스터 하트골드 (Korea, IPKK, header ROM version 0)","포켓몬스터 소울실버 (Korea, IPGK, header ROM version 0)",/a/0/8/1,equal,709,709,,,256b1bd320e1d5f431ae7d21d51c5227f32522cc5f6e0777b9b9590761ad1a7d,256b1bd320e1d5f431ae7d21d51c5227f32522cc5f6e0777b9b9590761ad1a7d,4544,4544,NSBTX texture,NSBTX texture
"포켓몬스터 하트골드 (Korea, IPKK, header ROM version 0)","포켓몬스터 소울실버 (Korea, IPGK, header ROM version 0)",/a/0/8/1,equal,710,710,,,7400e7b88e9a8bd92f3366790d8cbba40b993fd54a094bbd9ebed1f4b69af898,7400e7b88e9a8bd92f3366790d8cbba40b993fd54a094bbd9ebed1f4b69af898,4544,4544,NSBTX texture,NSBTX texture
"포켓몬스터 하트골드 (Korea, IPKK, header ROM version 0)","포켓몬스터 소울실버 (Korea, IPGK, header ROM version 0)",/a/0/8/1,equal,711,711,,,dc152a3f86ab71a7ca28a3d0e4551ae2ac42778968f08b97cf8f2151b72ff565,dc152a3f86ab71a7ca28a3d0e4551ae2ac42778968f08b97cf8f2151b72ff565,4544,4544,NSBTX texture,NSBTX texture
"포켓몬스터 하트골드 (Korea, IPKK, header ROM version 0)","포켓몬스터 소울실버 (Korea, IPGK, header ROM version 0)",/a/0/8/1,equal,712,712,,,f5faf35b5fa566de0ccd519a2a37c211cd138c21955b257fe04955e7612a4bba,f5faf35b5fa566de0ccd519a2a37c211cd138c21955b257fe04955e7612a4bba,16832,16832,NSBTX texture,NSBTX texture
"포켓몬스터 하트골드 (Korea, IPKK, header ROM version 0)","포켓몬스터 소울실버 (Korea, IPGK, header ROM version 0)",/a/0/8/1,equal,713,713,,,fff46cd58f4f7c121465d97446641224f74326fdbe923a507e2c15b4902c7744,fff46cd58f4f7c121465d97446641224f74326fdbe923a507e2c15b4902c7744,16832,16832,NSBTX texture,NSBTX texture
"포켓몬스터 하트골드 (Korea, IPKK, header ROM version 0)","포켓몬스터 소울실버 (Korea, IPGK, header ROM version 0)",/a/0/8/1,equal,714,714,,,d31ccd1fa70204f4e23c5df13626533a92a24e6df460a64076eb3847126acac6,d31ccd1fa70204f4e23c5df13626533a92a24e6df460a64076eb3847126acac6,16832,16832,NSBTX texture,NSBTX texture
"포켓몬스터 하트골드 (Korea, IPKK, header ROM version 0)","포켓몬스터 소울실버 (Korea, IPGK, header ROM version 0)",/a/0/8/1,equal,715,715,,,248fe2395e83fb9562ecf60200f67cf95b4a755b81b144387f2ab831916701f2,248fe2395e83fb9562ecf60200f67cf95b4a755b81b144387f2ab831916701f2,4544,4544,NSBTX texture,NSBTX texture
"포켓몬스터 하트골드 (Korea, IPKK, header ROM version 0)","포켓몬스터 소울실버 (Korea, IPGK, header ROM version 0)",/a/0/8/1,equal,716,716,,,5cdda949138d95be85f8ac43d5e3490bf1e70848f177a637f3dca04c9665edb6,5cdda949138d95be85f8ac43d5e3490bf1e70848f177a637f3dca04c9665edb6,4544,4544,NSBTX texture,NSBTX texture
"포켓몬스터 하트골드 (Korea, IPKK, header ROM version 0)","포켓몬스터 소울실버 (Korea, IPGK, header ROM version 0)",/a/0/8/1,equal,717,717,,,8c69767788d347cd252989b0800e00c3d05acffd21c9708ee197b0027e8587fc,8c69767788d347cd252989b0800e00c3d05acffd21c9708ee197b0027e8587fc,4544,4544,NSBTX texture,NSBTX texture
"포켓몬스터 하트골드 (Korea, IPKK, header ROM version 0)","포켓몬스터 소울실버 (Korea, IPGK, header ROM version 0)",/a/0/8/1,equal,718,718,,,69460ab34a5d24e2e535554017ab87f7dae1f113648cc535eaf0dafb53b134b4,69460ab34a5d24e2e535554017ab87f7dae1f113648cc535eaf0dafb53b134b4,4544,4544,NSBTX texture,NSBTX texture
"포켓몬스터 하트골드 (Korea, IPKK, header ROM version 0)","포켓몬스터 소울실버 (Korea, IPGK, header ROM version 0)",/a/0/8/1,equal,719,719,,,678b197e8002d0a81e91c319fee03153f1064b318064165a598a1b565a5d18c0,678b197e8002d0a81e91c319fee03153f1064b318064165a598a1b565a5d18c0,4544,4544,NSBTX texture,NSBTX texture
"포켓몬스터 하트골드 (Korea, IPKK, header ROM version 0)","포켓몬스터 소울실버 (Korea, IPGK, header ROM version 0)",/a/0/8/1,equal,720,720,,,9a17d9a4782fb1060a4db18418c33e35ecc5b570a8cea7b1afef6e7e356b6792,9a17d9a4782fb1060a4db18418c33e35ecc5b570a8cea7b1afef6e7e356b6792,4544,4544,NSBTX texture,NSBTX texture
"포켓몬스터 하트골드 (Korea, IPKK, header ROM version 0)","포켓몬스터 소울실버 (Korea, IPGK, header ROM version 0)",/a/0/8/1,equal,721,721,,,c282cf37cef150eb8e18764622827002329829599805452a13562717cd2151e3,c282cf37cef150eb8e18764622827002329829599805452a13562717cd2151e3,4544,4544,NSBTX texture,NSBTX texture
"포켓몬스터 하트골드 (Korea, IPKK, header ROM version 0)","포켓몬스터 소울실버 (Korea, IPGK, header ROM version 0)",/a/0/8/1,equal,722,722,,,a79d402905ddb14af0d6e8df81245548ba27945ce900b308facb7f2eb40b72c6,a79d402905ddb14af0d6e8df81245548ba27945ce900b308facb7f2eb40b72c6,4544,4544,NSBTX texture,NSBTX texture
"포켓몬스터 하트골드 (Korea, IPKK, header ROM version 0)","포켓몬스터 소울실버 (Korea, IPGK, header ROM version 0)",/a/0/8/1,equal,723,723,,,a7ec9fbceb269b7c1dd39775362e4b62b921cfbbfa0d372012a615609291035b,a7ec9fbceb269b7c1dd39775362e4b62b921cfbbfa0d372012a615609291035b,4544,4544,NSBTX texture,NSBTX texture
"포켓몬스터 하트골드 (Korea, IPKK, header ROM version 0)","포켓몬스터 소울실버 (Korea, IPGK, header ROM version 0)",/a/0/8/1,equal,724,724,,,4fbce2128f620a277bc762e228aa38f37e3dadb6a28c699c16cdc770dc9c874b,4fbce2128f620a277bc762e228aa38f37e3dadb6a28c699c16cdc770dc9c874b,4544,4544,NSBTX texture,NSBTX texture
"포켓몬스터 하트골드 (Korea, IPKK, header ROM version 0)","포켓몬스터 소울실버 (Korea, IPGK, header ROM version 0)",/a/0/8/1,equal,725,725,,,d0ec6177b8a748ee7b074f62baa5b5ca59247d642066c991f81736c8fdad9a15,d0ec6177b8a748ee7b074f62baa5b5ca59247d642066c991f81736c8fdad9a15,4544,4544,NSBTX texture,NSBTX texture
"포켓몬스터 하트골드 (Korea, IPKK, header ROM version 0)","포켓몬스터 소울실버 (Korea, IPGK, header ROM version 0)",/a/0/8/1,equal,726,726,,,a6ded13b4836e1bfca37dae3b48f86518159f33eb4b942c8274cc5e898dc4bc3,a6ded13b4836e1bfca37dae3b48f86518159f33eb4b942c8274cc5e898dc4bc3,4544,4544,NSBTX texture,NSBTX texture
"포켓몬스터 하트골드 (Korea, IPKK, header ROM version 0)","포켓몬스터 소울실버 (Korea, IPGK, header ROM version 0)",/a/0/8/1,equal,727,727,,,6d862ce57899763899e89e3de6362ac6c83c88a477784e4ce67a060d00826404,6d862ce57899763899e89e3de6362ac6c83c88a477784e4ce67a060d00826404,4544,4544,NSBTX texture,NSBTX texture
"포켓몬스터 하트골드 (Korea, IPKK, header ROM version 0)","포켓몬스터 소울실버 (Korea, IPGK, header ROM version 0)",/a/0/8/1,equal,728,728,,,0600e029ce557bade988b0be8f154cd57cdc66464cae337c3b47afe223a4a6d5,0600e029ce557bade988b0be8f154cd57cdc66464cae337c3b47afe223a4a6d5,4544,4544,NSBTX texture,NSBTX texture
"포켓몬스터 하트골드 (Korea, IPKK, header ROM version 0)","포켓몬스터 소울실버 (Korea, IPGK, header ROM version 0)",/a/0/8/1,equal,729,729,,,017f8e0d14caafe92b3e09c7d824ad1c911f45059832a6a36a43dda46da335d7,017f8e0d14caafe92b3e09c7d824ad1c911f45059832a6a36a43dda46da335d7,4544,4544,NSBTX texture,NSBTX texture
"포켓몬스터 하트골드 (Korea, IPKK, header ROM version 0)","포켓몬스터 소울실버 (Korea, IPGK, header ROM version 0)",/a/0/8/1,equal,730,730,,,a45ec47f1dbb484866486ea45d074506408830894bb37a2a5c61d3d4505d7cfb,a45ec47f1dbb484866486ea45d074506408830894bb37a2a5c61d3d4505d7cfb,4544,4544,NSBTX texture,NSBTX texture
"포켓몬스터 하트골드 (Korea, IPKK, header ROM version 0)","포켓몬스터 소울실버 (Korea, IPGK, header ROM version 0)",/a/0/8/1,equal,731,731,,,e09df1004fba0d3f167f3263efc30e001224e2b7b1fbaf9608edaea2a2b521b3,e09df1004fba0d3f167f3263efc30e001224e2b7b1fbaf9608edaea2a2b521b3,4544,4544,NSBTX texture,NSBTX texture
"포켓몬스터 하트골드 (Korea, IPKK, header ROM version 0)","포켓몬스터 소울실버 (Korea, IPGK, header ROM version 0)",/a/0/8/1,equal,732,732,,,c6c5a62e5b1ae470c41ba596992ec2a12664e4409c075354cb5ce22d69531418,c6c5a62e5b1ae470c41ba596992ec2a12664e4409c075354cb5ce22d69531418,4544,4544,NSBTX texture,NSBTX texture
"포켓몬스터 하트골드 (Korea, IPKK, header ROM version 0)","포켓몬스터 소울실버 (Korea, IPGK, header ROM version 0)",/a/0/8/1,equal,733,733,,,e4406f9c156436e963fedf6434069f5657d878bc9561afcda29a796444d1fa2f,e4406f9c156436e963fedf6434069f5657d878bc9561afcda29a796444d1fa2f,4544,4544,NSBTX texture,NSBTX texture
"포켓몬스터 하트골드 (Korea, IPKK, header ROM version 0)","포켓몬스터 소울실버 (Korea, IPGK, header ROM version 0)",/a/0/8/1,equal,734,734,,,f948822f737792e531cb082c1b8e5167473bbee79bb950f11b39e355e91268c3,f948822f737792e531cb082c1b8e5167473bbee79bb950f11b39e355e91268c3,4544,4544,NSBTX texture,NSBTX texture
"포켓몬스터 하트골드 (Korea, IPKK, header ROM version 0)","포켓몬스터 소울실버 (Korea, IPGK, header ROM version 0)",/a/0/8/1,equal,735,735,,,86dd1caa66a160bd08dae54b5c98e088cae69521ee92a8b051e2a5c81c059a86,86dd1caa66a160bd08dae54b5c98e088cae69521ee92a8b051e2a5c81c059a86,4544,4544,NSBTX texture,NSBTX texture
"포켓몬스터 하트골드 (Korea, IPKK, header ROM version 0)","포켓몬스터 소울실버 (Korea, IPGK, header ROM version 0)",/a/0/8/1,equal,736,736,,,a6310d26546628bf5af36d84bff33c9a23103f68f3a0c196616f9c8bf1875bb6,a6310d26546628bf5af36d84bff33c9a23103f68f3a0c196616f9c8bf1875bb6,4544,4544,NSBTX texture,NSBTX texture
"포켓몬스터 하트골드 (Korea, IPKK, header ROM version 0)","포켓몬스터 소울실버 (Korea, IPGK, header ROM version 0)",/a/0/8/1,equal,737,737,,,d345beedcc1dc8cf30ef307364d68ac03232d538fbb4315edc0afbedef1e7986,d345beedcc1dc8cf30ef307364d68ac03232d538fbb4315edc0afbedef1e7986,4544,4544,NSBTX texture,NSBTX texture
"포켓몬스터 하트골드 (Korea, IPKK, header ROM version 0)","포켓몬스터 소울실버 (Korea, IPGK, header ROM version 0)",/a/0/8/1,equal,738,738,,,7c34d47f3cd8f8b0a89cfa43cde6e3742666c64f0de5852fd7c1c4b539414e26,7c34d47f3cd8f8b0a89cfa43cde6e3742666c64f0de5852fd7c1c4b539414e26,4544,4544,NSBTX texture,NSBTX texture
"포켓몬스터 하트골드 (Korea, IPKK, header ROM version 0)","포켓몬스터 소울실버 (Korea, IPGK, header ROM version 0)",/a/0/8/1,equal,739,739,,,03a93be10882890c0aac2e28e5e0059d71945647723aa50ccca162f3fa5b2dbf,03a93be10882890c0aac2e28e5e0059d71945647723aa50ccca162f3fa5b2dbf,4544,4544,NSBTX texture,NSBTX texture
"포켓몬스터 하트골드 (Korea, IPKK, header ROM version 0)","포켓몬스터 소울실버 (Korea, IPGK, header ROM version 0)",/a/0/8/1,equal,740,740,,,b582be4e1ec7e315cddd99830007f800a60f55313ccdfca0907ea4eb68213992,b582be4e1ec7e315cddd99830007f800a60f55313ccdfca0907ea4eb68213992,4544,4544,NSBTX texture,NSBTX texture
"포켓몬스터 하트골드 (Korea, IPKK, header ROM version 0)","포켓몬스터 소울실버 (Korea, IPGK, header ROM version 0)",/a/0/8/1,equal,741,741,,,701e443934a706d799806a29ce65d3f8f5c70f4041794d5aaa9d84305753de76,701e443934a706d799806a29ce65d3f8f5c70f4041794d5aaa9d84305753de76,4544,4544,NSBTX texture,NSBTX texture
"포켓몬스터 하트골드 (Korea, IPKK, header ROM version 0)","포켓몬스터 소울실버 (Korea, IPGK, header ROM version 0)",/a/0/8/1,equal,742,742,,,35ba698aaf19ec2dd6c76d060510bf2f4931c7028cc72e7315f27c2a205a1eb9,35ba698aaf19ec2dd6c76d060510bf2f4931c7028cc72e7315f27c2a205a1eb9,4544,4544,NSBTX texture,NSBTX texture
"포켓몬스터 하트골드 (Korea, IPKK, header ROM version 0)","포켓몬스터 소울실버 (Korea, IPGK, header ROM version 0)",/a/0/8/1,equal,743,743,,,5c59eb16abdf66ff21f03c476681e01e5a68ef39ee1c29b5f84a597dfb6211ee,5c59eb16abdf66ff21f03c476681e01e5a68ef39ee1c29b5f84a597dfb6211ee,4544,4544,NSBTX texture,NSBTX texture
"포켓몬스터 하트골드 (Korea, IPKK, header ROM version 0)","포켓몬스터 소울실버 (Korea, IPGK, header ROM version 0)",/a/0/8/1,equal,744,744,,,9d4973ba856cba392368916cc333af3665a4763493fbee513e9dc41f11c9e471,9d4973ba856cba392368916cc333af3665a4763493fbee513e9dc41f11c9e471,4544,4544,NSBTX texture,NSBTX texture
"포켓몬스터 하트골드 (Korea, IPKK, header ROM version 0)","포켓몬스터 소울실버 (Korea, IPGK, header ROM version 0)",/a/0/8/1,equal,745,745,,,dcb1b383833a7034abc3df4223c0da039f888c1617cdb8e1d3e4f189f5a827fc,dcb1b383833a7034abc3df4223c0da039f888c1617cdb8e1d3e4f189f5a827fc,4544,4544,NSBTX texture,NSBTX texture
"포켓몬스터 하트골드 (Korea, IPKK, header ROM version 0)","포켓몬스터 소울실버 (Korea, IPGK, header ROM version 0)",/a/0/8/1,equal,746,746,,,b8db887f931622f9831c1d639c7564161b92283223569c254b5e04a27e9c7cb2,b8db887f931622f9831c1d639c7564161b92283223569c254b5e04a27e9c7cb2,4544,4544,NSBTX texture,NSBTX texture
"포켓몬스터 하트골드 (Korea, IPKK, header ROM version 0)","포켓몬스터 소울실버 (Korea, IPGK, header ROM version 0)",/a/0/8/1,equal,747,747,,,94d4269043bf629a6aea7826f9a29b88a98282264358f4a1229a585fc55f35ac,94d4269043bf629a6aea7826f9a29b88a98282264358f4a1229a585fc55f35ac,4544,4544,NSBTX texture,NSBTX texture
"포켓몬스터 하트골드 (Korea, IPKK, header ROM version 0)","포켓몬스터 소울실버 (Korea, IPGK, header ROM version 0)",/a/0/8/1,equal,748,748,,,f9107eef473cbba8af8b474252449f712212584cc8ed94c639daaf6087d66e25,f9107eef473cbba8af8b474252449f712212584cc8ed94c639daaf6087d66e25,4544,4544,NSBTX texture,NSBTX texture
"포켓몬스터 하트골드 (Korea, IPKK, header ROM version 0)","포켓몬스터 소울실버 (Korea, IPGK, header ROM version 0)",/a/0/8/1,equal,749,749,,,70a077981867b40f27c7d6cc34c17b7df926e09a91fab48404ca893354932e9f,70a077981867b40f27c7d6cc34c17b7df926e09a91fab48404ca893354932e9f,4544,4544,NSBTX texture,NSBTX texture
"포켓몬스터 하트골드 (Korea, IPKK, header ROM version 0)","포켓몬스터 소울실버 (Korea, IPGK, header ROM version 0)",/a/0/8/1,equal,750,750,,,5c4c33ebf6b809db22f31fe647caaa665a102e3d8667a28b2f7be01951c71835,5c4c33ebf6b809db22f31fe647caaa665a102e3d8667a28b2f7be01951c71835,4544,4544,NSBTX texture,NSBTX texture
"포켓몬스터 하트골드 (Korea, IPKK, header ROM version 0)","포켓몬스터 소울실버 (Korea, IPGK, header ROM version 0)",/a/0/8/1,equal,751,751,,,abcbe371a5efae82f192947a28c3d4b58bf044fa5a805d5c3ea3e191c3144fb9,abcbe371a5efae82f192947a28c3d4b58bf044fa5a805d5c3ea3e191c3144fb9,4544,4544,NSBTX texture,NSBTX texture
"포켓몬스터 하트골드 (Korea, IPKK, header ROM version 0)","포켓몬스터 소울실버 (Korea, IPGK, header ROM version 0)",/a/0/8/1,equal,752,752,,,998c06950a42588f64061f00c920ca989092a5fb341dfdc1c95a7cd094c4436a,998c06950a42588f64061f00c920ca989092a5fb341dfdc1c95a7cd094c4436a,4544,4544,NSBTX texture,NSBTX texture
"포켓몬스터 하트골드 (Korea, IPKK, header ROM version 0)","포켓몬스터 소울실버 (Korea, IPGK, header ROM version 0)",/a/0/8/1,equal,753,753,,,146b01479345e34b1a6a45204cf1ec86c110fe7f577712111c374c8f98c7e931,146b01479345e34b1a6a45204cf1ec86c110fe7f577712111c374c8f98c7e931,4544,4544,NSBTX texture,NSBTX texture
"포켓몬스터 하트골드 (Korea, IPKK, header ROM version 0)","포켓몬스터 소울실버 (Korea, IPGK, header ROM version 0)",/a/0/8/1,equal,754,754,,,537d683c52417d6cb8254184d38e776726457965990fb24fda1ac2d719f8dd86,537d683c52417d6cb8254184d38e776726457965990fb24fda1ac2d719f8dd86,4544,4544,NSBTX texture,NSBTX texture
"포켓몬스터 하트골드 (Korea, IPKK, header ROM version 0)","포켓몬스터 소울실버 (Korea, IPGK, header ROM version 0)",/a/0/8/1,equal,755,755,,,ffd205fafd5479f72ee9bd903ab4902d53e6206093d0256498417dc39c016820,ffd205fafd5479f72ee9bd903ab4902d53e6206093d0256498417dc39c016820,4544,4544,NSBTX texture,NSBTX texture
"포켓몬스터 하트골드 (Korea, IPKK, header ROM version 0)","포켓몬스터 소울실버 (Korea, IPGK, header ROM version 0)",/a/0/8/1,equal,756,756,,,36cca9309704312456bc6dac60443e17736937f27fb86d9769ab83b4db96723b,36cca9309704312456bc6dac60443e17736937f27fb86d9769ab83b4db96723b,4544,4544,NSBTX texture,NSBTX texture
"포켓몬스터 하트골드 (Korea, IPKK, header ROM version 0)","포켓몬스터 소울실버 (Korea, IPGK, header ROM version 0)",/a/0/8/1,equal,757,757,,,1e7d7d3f7188755f6df5510f2322abcda8954e74e8a6f26fee0330e65fd6e4d9,1e7d7d3f7188755f6df5510f2322abcda8954e74e8a6f26fee0330e65fd6e4d9,4544,4544,NSBTX texture,NSBTX texture
"포켓몬스터 하트골드 (Korea, IPKK, header ROM version 0)","포켓몬스터 소울실버 (Korea, IPGK, header ROM version 0)",/a/0/8/1,equal,758,758,,,e729f2731f968d536c2a9bdff0629baa810e9b4ebd1086e91393ca7e62082686,e729f2731f968d536c2a9bdff0629baa810e9b4ebd1086e91393ca7e62082686,4544,4544,NSBTX texture,NSBTX texture
"포켓몬스터 하트골드 (Korea, IPKK, header ROM version 0)","포켓몬스터 소울실버 (Korea, IPGK, header ROM version 0)",/a/0/8/1,equal,759,759,,,d934b9e3aaea1d8c556861410f61586901a389b5cf29eb4732d66f2dcbb9ba7f,d934b9e3aaea1d8c556861410f61586901a389b5cf29eb4732d66f2dcbb9ba7f,4544,4544,NSBTX texture,NSBTX texture
"포켓몬스터 하트골드 (Korea, IPKK, header ROM version 0)","포켓몬스터 소울실버 (Korea, IPGK, header ROM version 0)",/a/0/8/1,equal,760,760,,,31efa389665a6592a932f1eb02adc7e4a4602df21af6cfbf1da9901148bd3f46,31efa389665a6592a932f1eb02adc7e4a4602df21af6cfbf1da9901148bd3f46,4544,4544,NSBTX texture,NSBTX texture
"포켓몬스터 하트골드 (Korea, IPKK, header ROM version 0)","포켓몬스터 소울실버 (Korea, IPGK, header ROM version 0)",/a/0/8/1,equal,761,761,,,1d014af2ae0a206c9c6a7b4be9c15e08e95c823904b57daa385005619fa8793c,1d014af2ae0a206c9c6a7b4be9c15e08e95c823904b57daa385005619fa8793c,4544,4544,NSBTX texture,NSBTX texture
"포켓몬스터 하트골드 (Korea, IPKK, header ROM version 0)","포켓몬스터 소울실버 (Korea, IPGK, header ROM version 0)",/a/0/8/1,equal,762,762,,,401defdcfa457ade02bf8a3df56410f2cc98e96c87d1f94ec40cbffa83a7e906,401defdcfa457ade02bf8a3df56410f2cc98e96c87d1f94ec40cbffa83a7e906,4544,4544,NSBTX texture,NSBTX texture
"포켓몬스터 하트골드 (Korea, IPKK, header ROM version 0)","포켓몬스터 소울실버 (Korea, IPGK, header ROM version 0)",/a/0/8/1,equal,763,763,,,c09bf986ef7728c157dcf35ed1f4da2b62c6d84f6b76dc4069ef092ca2eda440,c09bf986ef7728c157dcf35ed1f4da2b62c6d84f6b76dc4069ef092ca2eda440,4544,4544,NSBTX texture,NSBTX texture
"포켓몬스터 하트골드 (Korea, IPKK, header ROM version 0)","포켓몬스터 소울실버 (Korea, IPGK, header ROM version 0)",/a/0/8/1,equal,764,764,,,a6c4ac9ef475ce80299d7924955213d78f3cb64d7f54d20c8f69bd190d6032c3,a6c4ac9ef475ce80299d7924955213d78f3cb64d7f54d20c8f69bd190d6032c3,4544,4544,NSBTX texture,NSBTX texture
"포켓몬스터 하트골드 (Korea, IPKK, header ROM version 0)","포켓몬스터 소울실버 (Korea, IPGK, header ROM version 0)",/a/0/8/1,equal,765,765,,,510b4741694aa0a461e84bd2ca639fb32c4a66ffd7a1b10fbcc93c51e42a30c1,510b4741694aa0a461e84bd2ca639fb32c4a66ffd7a1b10fbcc93c51e42a30c1,4544,4544,NSBTX texture,NSBTX texture
"포켓몬스터 하트골드 (Korea, IPKK, header ROM version 0)","포켓몬스터 소울실버 (Korea, IPGK, header ROM version 0)",/a/0/8/1,equal,766,766,,,bfe8edae4ba66088a57e77035d29afee7d6fa2798616f77ab76da6a920102647,bfe8edae4ba66088a57e77035d29afee7d6fa2798616f77ab76da6a920102647,4544,4544,NSBTX texture,NSBTX texture
"포켓몬스터 하트골드 (Korea, IPKK, header ROM version 0)","포켓몬스터 소울실버 (Korea, IPGK, header ROM version 0)",/a/0/8/1,equal,767,767,,,dbf9df311c7100ad096e9dea5435ea90c348991d0a6d251625b95dd12f5c5ea3,dbf9df311c7100ad096e9dea5435ea90c348991d0a6d251625b95dd12f5c5ea3,4544,4544,NSBTX texture,NSBTX texture
"포켓몬스터 하트골드 (Korea, IPKK, header ROM version 0)","포켓몬스터 소울실버 (Korea, IPGK, header ROM version 0)",/a/0/8/1,equal,768,768,,,d52f00b130463933397d70a9d25f86be8eb321b347400d06084cd713d5f5552f,d52f00b130463933397d70a9d25f86be8eb321b347400d06084cd713d5f5552f,4544,4544,NSBTX texture,NSBTX texture
"포켓몬스터 하트골드 (Korea, IPKK, header ROM version 0)","포켓몬스터 소울실버 (Korea, IPGK, header ROM version 0)",/a/0/8/1,equal,769,769,,,821eea4b54ae1168fedea4328d1d3537b4287b39fc8406c748f62fb55649e8a2,821eea4b54ae1168fedea4328d1d3537b4287b39fc8406c748f62fb55649e8a2,4544,4544,NSBTX texture,NSBTX texture
"포켓몬스터 하트골드 (Korea, IPKK, header ROM version 0)","포켓몬스터 소울실버 (Korea, IPGK, header ROM version 0)",/a/0/8/1,equal,770,770,,,7925a82fb7269977007ac3e955f709f1cc9d91d7e42dca3f801eda8f93172679,7925a82fb7269977007ac3e955f709f1cc9d91d7e42dca3f801eda8f93172679,4544,4544,NSBTX texture,NSBTX texture
"포켓몬스터 하트골드 (Korea, IPKK, header ROM version 0)","포켓몬스터 소울실버 (Korea, IPGK, header ROM version 0)",/a/0/8/1,equal,771,771,,,c56a62676b61be57dbde25013fdd9644b1dfd84f75b8270de1e8624fa6fdf12e,c56a62676b61be57dbde25013fdd9644b1dfd84f75b8270de1e8624fa6fdf12e,4544,4544,NSBTX texture,NSBTX texture
"포켓몬스터 하트골드 (Korea, IPKK, header ROM version 0)","포켓몬스터 소울실버 (Korea, IPGK, header ROM version 0)",/a/0/8/1,equal,772,772,,,e34a3e1bb6e430d77c6e142811271a38b0e956a408497502d71c5ab26d9816d7,e34a3e1bb6e430d77c6e142811271a38b0e956a408497502d71c5ab26d9816d7,4544,4544,NSBTX texture,NSBTX texture
"포켓몬스터 하트골드 (Korea, IPKK, header ROM version 0)","포켓몬스터 소울실버 (Korea, IPGK, header ROM version 0)",/a/0/8/1,equal,773,773,,,4f0d7c66384d8fe3cd7831cc87ad9332ca7c070bc7b9df6fe547206304a566af,4f0d7c66384d8fe3cd7831cc87ad9332ca7c070bc7b9df6fe547206304a566af,4544,4544,NSBTX texture,NSBTX texture
"포켓몬스터 하트골드 (Korea, IPKK, header ROM version 0)","포켓몬스터 소울실버 (Korea, IPGK, header ROM version 0)",/a/0/8/1,equal,774,774,,,fcc43e64f2ee4c9cbeb87a1d4863689d0f818bf7d4e2f16d480950699db6118e,fcc43e64f2ee4c9cbeb87a1d4863689d0f818bf7d4e2f16d480950699db6118e,4544,4544,NSBTX texture,NSBTX texture
"포켓몬스터 하트골드 (Korea, IPKK, header ROM version 0)","포켓몬스터 소울실버 (Korea, IPGK, header ROM version 0)",/a/0/8/1,equal,775,775,,,35e6d26b142912f5814919ef1d635378ba1300e3cb4851d3b884fb0ab1e43945,35e6d26b142912f5814919ef1d635378ba1300e3cb4851d3b884fb0ab1e43945,4544,4544,NSBTX texture,NSBTX texture
"포켓몬스터 하트골드 (Korea, IPKK, header ROM version 0)","포켓몬스터 소울실버 (Korea, IPGK, header ROM version 0)",/a/0/8/1,equal,776,776,,,a4f79b39b5387fddf16d7592d0afb99405c4684cd8b1bbc2535c9123023c4280,a4f79b39b5387fddf16d7592d0afb99405c4684cd8b1bbc2535c9123023c4280,4544,4544,NSBTX texture,NSBTX texture
"포켓몬스터 하트골드 (Korea, IPKK, header ROM version 0)","포켓몬스터 소울실버 (Korea, IPGK, header ROM version 0)",/a/0/8/1,equal,777,777,,,ec6a367c8af0f5f199987582cbe2725ce1536aab910205815cb0ac796d85fccf,ec6a367c8af0f5f199987582cbe2725ce1536aab910205815cb0ac796d85fccf,4544,4544,NSBTX texture,NSBTX texture
"포켓몬스터 하트골드 (Korea, IPKK, header ROM version 0)","포켓몬스터 소울실버 (Korea, IPGK, header ROM version 0)",/a/0/8/1,equal,778,778,,,1e355e31045beeab682843a3c1c0a4065254b1817aee8ea0de1d01818de95a35,1e355e31045beeab682843a3c1c0a4065254b1817aee8ea0de1d01818de95a35,4544,4544,NSBTX texture,NSBTX texture
"포켓몬스터 하트골드 (Korea, IPKK, header ROM version 0)","포켓몬스터 소울실버 (Korea, IPGK, header ROM version 0)",/a/0/8/1,equal,779,779,,,aaf70893bd23a6d853f86f8edf0bf86ee2cd49b89eca70c16a1bdcd8725b02f7,aaf70893bd23a6d853f86f8edf0bf86ee2cd49b89eca70c16a1bdcd8725b02f7,4544,4544,NSBTX texture,NSBTX texture
"포켓몬스터 하트골드 (Korea, IPKK, header ROM version 0)","포켓몬스터 소울실버 (Korea, IPGK, header ROM version 0)",/a/0/8/1,equal,780,780,,,53b4919688264bf71160cc69bd9dbb399d2d71e0f2e4c5f6e793b7fc750da696,53b4919688264bf71160cc69bd9dbb399d2d71e0f2e4c5f6e793b7fc750da696,4544,4544,NSBTX texture,NSBTX texture
"포켓몬스터 하트골드 (Korea, IPKK, header ROM version 0)","포켓몬스터 소울실버 (Korea, IPGK, header ROM version 0)",/a/0/8/1,equal,781,781,,,27213592b1c2f4281fcdce1123a02dc4545d50d87777bd80dbe7b991844379ce,27213592b1c2f4281fcdce1123a02dc4545d50d87777bd80dbe7b991844379ce,4544,4544,NSBTX texture,NSBTX texture
"포켓몬스터 하트골드 (Korea, IPKK, header ROM version 0)","포켓몬스터 소울실버 (Korea, IPGK, header ROM version 0)",/a/0/8/1,equal,782,782,,,9d62209d4b65f55f1bbcd50fbb259e154525fd503a72ca360f879fe920713433,9d62209d4b65f55f1bbcd50fbb259e154525fd503a72ca360f879fe920713433,4544,4544,NSBTX texture,NSBTX texture
"포켓몬스터 하트골드 (Korea, IPKK, header ROM version 0)","포켓몬스터 소울실버 (Korea, IPGK, header ROM version 0)",/a/0/8/1,equal,783,783,,,91a6681b5b951c504491a8917a2a69ef611684a3f4cfafdb03bcf04a5ff9cf11,91a6681b5b951c504491a8917a2a69ef611684a3f4cfafdb03bcf04a5ff9cf11,4544,4544,NSBTX texture,NSBTX texture
"포켓몬스터 하트골드 (Korea, IPKK, header ROM version 0)","포켓몬스터 소울실버 (Korea, IPGK, header ROM version 0)",/a/0/8/1,equal,784,784,,,e99da9cd4f70d03e4c558a5d69fd50696fdb82582ae4a2c106460f3d03497ebe,e99da9cd4f70d03e4c558a5d69fd50696fdb82582ae4a2c106460f3d03497ebe,4544,4544,NSBTX texture,NSBTX texture
"포켓몬스터 하트골드 (Korea, IPKK, header ROM version 0)","포켓몬스터 소울실버 (Korea, IPGK, header ROM version 0)",/a/0/8/1,equal,785,785,,,c6df51e6377e982819c86543eac7d2877e8d98142b31845b20c9acca30489fa9,c6df51e6377e982819c86543eac7d2877e8d98142b31845b20c9acca30489fa9,4544,4544,NSBTX texture,NSBTX texture
"포켓몬스터 하트골드 (Korea, IPKK, header ROM version 0)","포켓몬스터 소울실버 (Korea, IPGK, header ROM version 0)",/a/0/8/1,equal,786,786,,,0d56dec2c17d041745a377560095f0aced9a5c54e28bea66a0fe82f9d4d3b6af,0d56dec2c17d041745a377560095f0aced9a5c54e28bea66a0fe82f9d4d3b6af,4544,4544,NSBTX texture,NSBTX texture
"포켓몬스터 하트골드 (Korea, IPKK, header ROM version 0)","포켓몬스터 소울실버 (Korea, IPGK, header ROM version 0)",/a/0/8/1,equal,787,787,,,2db856ea833b44dfbf66cc77d7651c63ee01bda4d682df12b4b3841799c30a10,2db856ea833b44dfbf66cc77d7651c63ee01bda4d682df12b4b3841799c30a10,4544,4544,NSBTX texture,NSBTX texture
"포켓몬스터 하트골드 (Korea, IPKK, header ROM version 0)","포켓몬스터 소울실버 (Korea, IPGK, header ROM version 0)",/a/0/8/1,equal,788,788,,,ef7409e8f6100b7d6f9a365bafb9e29e1c2799e0f1ec2e8aa3f9f39c4b308d68,ef7409e8f6100b7d6f9a365bafb9e29e1c2799e0f1ec2e8aa3f9f39c4b308d68,4544,4544,NSBTX texture,NSBTX texture
"포켓몬스터 하트골드 (Korea, IPKK, header ROM version 0)","포켓몬스터 소울실버 (Korea, IPGK, header ROM version 0)",/a/0/8/1,equal,789,789,,,65dec8ec495a9d0de03f6d0938655209fd5a764a7562339620e4719f8dfce34d,65dec8ec495a9d0de03f6d0938655209fd5a764a7562339620e4719f8dfce34d,4544,4544,NSBTX texture,NSBTX texture
"포켓몬스터 하트골드 (Korea, IPKK, header ROM version 0)","포켓몬스터 소울실버 (Korea, IPGK, header ROM version 0)",/a/0/8/1,equal,790,790,,,95f664e5817869951853ccd9d657459474926c615336cf6a0caa27838ac40076,95f664e5817869951853ccd9d657459474926c615336cf6a0caa27838ac40076,4544,4544,NSBTX texture,NSBTX texture
"포켓몬스터 하트골드 (Korea, IPKK, header ROM version 0)","포켓몬스터 소울실버 (Korea, IPGK, header ROM version 0)",/a/0/8/1,equal,791,791,,,a1bcb8a2890db99b846a4f53aff717ec95d24dc10797f5d2949141a6ff01917c,a1bcb8a2890db99b846a4f53aff717ec95d24dc10797f5d2949141a6ff01917c,4544,4544,NSBTX texture,NSBTX texture
"포켓몬스터 하트골드 (Korea, IPKK, header ROM version 0)","포켓몬스터 소울실버 (Korea, IPGK, header ROM version 0)",/a/0/8/1,equal,792,792,,,d1475104abed02955af9c4ccb7c133ac762598be1b942a5d65cd408f709df34c,d1475104abed02955af9c4ccb7c133ac762598be1b942a5d65cd408f709df34c,4544,4544,NSBTX texture,NSBTX texture
"포켓몬스터 하트골드 (Korea, IPKK, header ROM version 0)","포켓몬스터 소울실버 (Korea, IPGK, header ROM version 0)",/a/0/8/1,equal,793,793,,,97f59990c42f289d4b6f92674d45624d59700cde277b7533ae44a7931ac79671,97f59990c42f289d4b6f92674d45624d59700cde277b7533ae44a7931ac79671,4544,4544,NSBTX texture,NSBTX texture
"포켓몬스터 하트골드 (Korea, IPKK, header ROM version 0)","포켓몬스터 소울실버 (Korea, IPGK, header ROM version 0)",/a/0/8/1,equal,794,794,,,792a99ace237fffffcbaab15786a892381b1cad51dadfc6e818d5002c5def9e0,792a99ace237fffffcbaab15786a892381b1cad51dadfc6e818d5002c5def9e0,4544,4544,NSBTX texture,NSBTX texture
"포켓몬스터 하트골드 (Korea, IPKK, header ROM version 0)","포켓몬스터 소울실버 (Korea, IPGK, header ROM version 0)",/a/0/8/1,equal,795,795,,,ef5d315165d18effc5304c6768d885fbe70ae2f47196e5e9e7a1f83915fc0586,ef5d315165d18effc5304c6768d885fbe70ae2f47196e5e9e7a1f83915fc0586,4544,4544,NSBTX texture,NSBTX texture
"포켓몬스터 하트골드 (Korea, IPKK, header ROM version 0)","포켓몬스터 소울실버 (Korea, IPGK, header ROM version 0)",/a/0/8/1,equal,796,796,,,849c87f9915c1bbc0a66d3b3e21cfbc0638c7ea26d06b2217de75fb7cddbad23,849c87f9915c1bbc0a66d3b3e21cfbc0638c7ea26d06b2217de75fb7cddbad23,4544,4544,NSBTX texture,NSBTX texture
"포켓몬스터 하트골드 (Korea, IPKK, header ROM version 0)","포켓몬스터 소울실버 (Korea, IPGK, header ROM version 0)",/a/0/8/1,equal,797,797,,,cc104c97c5d74655952907b109523e40b4aff1fdd4adb50105dff44857091419,cc104c97c5d74655952907b109523e40b4aff1fdd4adb50105dff44857091419,4544,4544,NSBTX texture,NSBTX texture
"포켓몬스터 하트골드 (Korea, IPKK, header ROM version 0)","포켓몬스터 소울실버 (Korea, IPGK, header ROM version 0)",/a/0/8/1,equal,798,798,,,07244eb62ee44fc4506d6cde1ee5884d81c9322a033e6f9fe1db056e841dcb7b,07244eb62ee44fc4506d6cde1ee5884d81c9322a033e6f9fe1db056e841dcb7b,4544,4544,NSBTX texture,NSBTX texture
"포켓몬스터 하트골드 (Korea, IPKK, header ROM version 0)","포켓몬스터 소울실버 (Korea, IPGK, header ROM version 0)",/a/0/8/1,equal,799,799,,,878ac982c408b879ce7c7bfdfbca237bd92f51d4c9a2fbd2771c17c97388c707,878ac982c408b879ce7c7bfdfbca237bd92f51d4c9a2fbd2771c17c97388c707,4544,4544,NSBTX texture,NSBTX texture
"포켓몬스터 하트골드 (Korea, IPKK, header ROM version 0)","포켓몬스터 소울실버 (Korea, IPGK, header ROM version 0)",/a/0/8/1,equal,800,800,,,027e872d8116f07bfcb7fd3deceb1cf3461ba32b3ac3fc632a154cc9057aa65e,027e872d8116f07bfcb7fd3deceb1cf3461ba32b3ac3fc632a154cc9057aa65e,4544,4544,NSBTX texture,NSBTX texture
"포켓몬스터 하트골드 (Korea, IPKK, header ROM version 0)","포켓몬스터 소울실버 (Korea, IPGK, header ROM version 0)",/a/0/8/1,equal,801,801,,,f6b59f37052f156667a2c593350003b17c76d1e59b239d9951adb89ff53b1c03,f6b59f37052f156667a2c593350003b17c76d1e59b239d9951adb89ff53b1c03,4544,4544,NSBTX texture,NSBTX texture
"포켓몬스터 하트골드 (Korea, IPKK, header ROM version 0)","포켓몬스터 소울실버 (Korea, IPGK, header ROM version 0)",/a/0/8/1,equal,802,802,,,bf5da316870bc6faf351baaf1a697581e226196a7b6fc87b6db4a09e9de14c09,bf5da316870bc6faf351baaf1a697581e226196a7b6fc87b6db4a09e9de14c09,4544,4544,NSBTX texture,NSBTX texture
"포켓몬스터 하트골드 (Korea, IPKK, header ROM version 0)","포켓몬스터 소울실버 (Korea, IPGK, header ROM version 0)",/a/0/8/1,equal,803,803,,,807769aa59c2b0ca13c02cf684ba12eadd2bfc33678bfc27831e31d460cf9077,807769aa59c2b0ca13c02cf684ba12eadd2bfc33678bfc27831e31d460cf9077,4544,4544,NSBTX texture,NSBTX texture
"포켓몬스터 하트골드 (Korea, IPKK, header ROM version 0)","포켓몬스터 소울실버 (Korea, IPGK, header ROM version 0)",/a/0/8/1,equal,804,804,,,bbc7fdb15cfaf75cd2ad12d0564e08034e9f1245fcbaea6bded01b33d59ceff9,bbc7fdb15cfaf75cd2ad12d0564e08034e9f1245fcbaea6bded01b33d59ceff9,4544,4544,NSBTX texture,NSBTX texture
"포켓몬스터 하트골드 (Korea, IPKK, header ROM version 0)","포켓몬스터 소울실버 (Korea, IPGK, header ROM version 0)",/a/0/8/1,equal,805,805,,,394aa94713d18c2c2beff8d112a80af1277158ba9cffa6381133866f9d51abf3,394aa94713d18c2c2beff8d112a80af1277158ba9cffa6381133866f9d51abf3,4544,4544,NSBTX texture,NSBTX texture
"포켓몬스터 하트골드 (Korea, IPKK, header ROM version 0)","포켓몬스터 소울실버 (Korea, IPGK, header ROM version 0)",/a/0/8/1,equal,806,806,,,1440cf940d045a7c9722344a482de0f03d25bc57ba027bd35e6c1fa477027221,1440cf940d045a7c9722344a482de0f03d25bc57ba027bd35e6c1fa477027221,4544,4544,NSBTX texture,NSBTX texture
"포켓몬스터 하트골드 (Korea, IPKK, header ROM version 0)","포켓몬스터 소울실버 (Korea, IPGK, header ROM version 0)",/a/0/8/1,equal,807,807,,,cfff1eb6f415b3daf3ff2dd9880ed8147aea39c4300130e898e36ebe41600618,cfff1eb6f415b3daf3ff2dd9880ed8147aea39c4300130e898e36ebe41600618,4544,4544,NSBTX texture,NSBTX texture
"포켓몬스터 하트골드 (Korea, IPKK, header ROM version 0)","포켓몬스터 소울실버 (Korea, IPGK, header ROM version 0)",/a/0/8/1,equal,808,808,,,afc0752602082078b2c01d4681dc78c486e2b4e7b21a1c82b0087f235fef6777,afc0752602082078b2c01d4681dc78c486e2b4e7b21a1c82b0087f235fef6777,4544,4544,NSBTX texture,NSBTX texture
"포켓몬스터 하트골드 (Korea, IPKK, header ROM version 0)","포켓몬스터 소울실버 (Korea, IPGK, header ROM version 0)",/a/0/8/1,equal,809,809,,,0e2e42d0dad8a4eaaa828f057d1981b3da898b66a201e6719e6a5958526827d8,0e2e42d0dad8a4eaaa828f057d1981b3da898b66a201e6719e6a5958526827d8,4544,4544,NSBTX texture,NSBTX texture
"포켓몬스터 하트골드 (Korea, IPKK, header ROM version 0)","포켓몬스터 소울실버 (Korea, IPGK, header ROM version 0)",/a/0/8/1,equal,810,810,,,28f65c6251cd77e0d899b2a45061782cca56d0c31241c7aca4d8b58ad81d3152,28f65c6251cd77e0d899b2a45061782cca56d0c31241c7aca4d8b58ad81d3152,4544,4544,NSBTX texture,NSBTX texture
"포켓몬스터 하트골드 (Korea, IPKK, header ROM version 0)","포켓몬스터 소울실버 (Korea, IPGK, header ROM version 0)",/a/0/8/1,equal,811,811,,,5cbda899e58ed251f277a524c75a983ea248ca4d67a29918fd43df6308123456,5cbda899e58ed251f277a524c75a983ea248ca4d67a29918fd43df6308123456,4544,4544,NSBTX texture,NSBTX texture
"포켓몬스터 하트골드 (Korea, IPKK, header ROM version 0)","포켓몬스터 소울실버 (Korea, IPGK, header ROM version 0)",/a/0/8/1,equal,812,812,,,48c30e06a59246049a52212fcb5867d7d8888d51c2b2edb53c1c2809570ae8c4,48c30e06a59246049a52212fcb5867d7d8888d51c2b2edb53c1c2809570ae8c4,4544,4544,NSBTX texture,NSBTX texture
"포켓몬스터 하트골드 (Korea, IPKK, header ROM version 0)","포켓몬스터 소울실버 (Korea, IPGK, header ROM version 0)",/a/0/8/1,equal,813,813,,,5f0708593ef7c1ef2525404100633d2b48c91fda50100dc5e5e5ebd675d3f5b9,5f0708593ef7c1ef2525404100633d2b48c91fda50100dc5e5e5ebd675d3f5b9,4544,4544,NSBTX texture,NSBTX texture
"포켓몬스터 하트골드 (Korea, IPKK, header ROM version 0)","포켓몬스터 소울실버 (Korea, IPGK, header ROM version 0)",/a/0/8/1,equal,814,814,,,8f4d980e9b1e608c659c035f540c1dab7660f0afb148162489f159a23d504566,8f4d980e9b1e608c659c035f540c1dab7660f0afb148162489f159a23d504566,4544,4544,NSBTX texture,NSBTX texture
"포켓몬스터 하트골드 (Korea, IPKK, header ROM version 0)","포켓몬스터 소울실버 (Korea, IPGK, header ROM version 0)",/a/0/8/1,equal,815,815,,,e6de3fbf96a954f532012ea9f1be9da3abf3a7746eed5d569f630e19207485a7,e6de3fbf96a954f532012ea9f1be9da3abf3a7746eed5d569f630e19207485a7,4544,4544,NSBTX texture,NSBTX texture
"포켓몬스터 하트골드 (Korea, IPKK, header ROM version 0)","포켓몬스터 소울실버 (Korea, IPGK, header ROM version 0)",/a/0/8/1,equal,816,816,,,3451b8615fb0fd69e80844727962f88fa99f5ec279052cfbbf65fd5f1751f1a7,3451b8615fb0fd69e80844727962f88fa99f5ec279052cfbbf65fd5f1751f1a7,4544,4544,NSBTX texture,NSBTX texture
"포켓몬스터 하트골드 (Korea, IPKK, header ROM version 0)","포켓몬스터 소울실버 (Korea, IPGK, header ROM version 0)",/a/0/8/1,equal,817,817,,,90cdee43321b552e405127eebf1f65d010cbe46d2eedd18d9ed4cba218b6dd14,90cdee43321b552e405127eebf1f65d010cbe46d2eedd18d9ed4cba218b6dd14,4544,4544,NSBTX texture,NSBTX texture
"포켓몬스터 하트골드 (Korea, IPKK, header ROM version 0)","포켓몬스터 소울실버 (Korea, IPGK, header ROM version 0)",/a/0/8/1,equal,818,818,,,fa243994f5892e0200358bdc1a7fa32e2d2e97e52cee75645e14b562681df42e,fa243994f5892e0200358bdc1a7fa32e2d2e97e52cee75645e14b562681df42e,4544,4544,NSBTX texture,NSBTX texture
"포켓몬스터 하트골드 (Korea, IPKK, header ROM version 0)","포켓몬스터 소울실버 (Korea, IPGK, header ROM version 0)",/a/0/8/1,equal,819,819,,,a801906c9a41af39909121c7ccbd17b174e2b22ae326759e298de304eaabffa9,a801906c9a41af39909121c7ccbd17b174e2b22ae326759e298de304eaabffa9,4544,4544,NSBTX texture,NSBTX texture
"포켓몬스터 하트골드 (Korea, IPKK, header ROM version 0)","포켓몬스터 소울실버 (Korea, IPGK, header ROM version 0)",/a/0/8/1,equal,820,820,,,df6680b7bfe5c8ef50fd590b468236405ced1767ded45e0314cd7c2b2cfe7cb1,df6680b7bfe5c8ef50fd590b468236405ced1767ded45e0314cd7c2b2cfe7cb1,4544,4544,NSBTX texture,NSBTX texture
"포켓몬스터 하트골드 (Korea, IPKK, header ROM version 0)","포켓몬스터 소울실버 (Korea, IPGK, header ROM version 0)",/a/0/8/1,equal,821,821,,,822928f5e209ec53da00f4bedddb9060d5c074d3d7c9d1a3a2890d7803af1ebf,822928f5e209ec53da00f4bedddb9060d5c074d3d7c9d1a3a2890d7803af1ebf,4544,4544,NSBTX texture,NSBTX texture
"포켓몬스터 하트골드 (Korea, IPKK, header ROM version 0)","포켓몬스터 소울실버 (Korea, IPGK, header ROM version 0)",/a/0/8/1,equal,822,822,,,2c300b9cdfc7a18c7746af93dc18a2eb2cb5fd49e22b0d9813309b7f6adf8516,2c300b9cdfc7a18c7746af93dc18a2eb2cb5fd49e22b0d9813309b7f6adf8516,4544,4544,NSBTX texture,NSBTX texture
"포켓몬스터 하트골드 (Korea, IPKK, header ROM version 0)","포켓몬스터 소울실버 (Korea, IPGK, header ROM version 0)",/a/0/8/1,equal,823,823,,,da6e015b435d9b2694953d2639326b842659566376c6e2b5330a01fe2aa7ecad,da6e015b435d9b2694953d2639326b842659566376c6e2b5330a01fe2aa7ecad,4544,4544,NSBTX texture,NSBTX texture
"포켓몬스터 하트골드 (Korea, IPKK, header ROM version 0)","포켓몬스터 소울실버 (Korea, IPGK, header ROM version 0)",/a/0/8/1,equal,824,824,,,d331df1a612261ad612ecd2f35b1f4939b845ba29aaa949acd7cf61ea829956b,d331df1a612261ad612ecd2f35b1f4939b845ba29aaa949acd7cf61ea829956b,4544,4544,NSBTX texture,NSBTX texture
"포켓몬스터 하트골드 (Korea, IPKK, header ROM version 0)","포켓몬스터 소울실버 (Korea, IPGK, header ROM version 0)",/a/0/8/1,equal,825,825,,,3055fd05a17c8a43f77a4d3a135935a93293b37e77d82162067aadf0de03b038,3055fd05a17c8a43f77a4d3a135935a93293b37e77d82162067aadf0de03b038,4544,4544,NSBTX texture,NSBTX texture
"포켓몬스터 하트골드 (Korea, IPKK, header ROM version 0)","포켓몬스터 소울실버 (Korea, IPGK, header ROM version 0)",/a/0/8/1,equal,826,826,,,631425ef679880e9b1ba9fbf1851f13a9d1320fb3bbe80b5a3871f041db220d5,631425ef679880e9b1ba9fbf1851f13a9d1320fb3bbe80b5a3871f041db220d5,4544,4544,NSBTX texture,NSBTX texture
"포켓몬스터 하트골드 (Korea, IPKK, header ROM version 0)","포켓몬스터 소울실버 (Korea, IPGK, header ROM version 0)",/a/0/8/1,equal,827,827,,,d5897507a8493d47e22d4528faf91c641931e8e4f89458db46846a2e80542d68,d5897507a8493d47e22d4528faf91c641931e8e4f89458db46846a2e80542d68,4544,4544,NSBTX texture,NSBTX texture
"포켓몬스터 하트골드 (Korea, IPKK, header ROM version 0)","포켓몬스터 소울실버 (Korea, IPGK, header ROM version 0)",/a/0/8/1,equal,828,828,,,1bedc81afcf1cc51393533fac920b7126deadaea01b5669102bdd7fbaae4c6c6,1bedc81afcf1cc51393533fac920b7126deadaea01b5669102bdd7fbaae4c6c6,4544,4544,NSBTX texture,NSBTX texture
"포켓몬스터 하트골드 (Korea, IPKK, header ROM version 0)","포켓몬스터 소울실버 (Korea, IPGK, header ROM version 0)",/a/0/8/1,equal,829,829,,,7861759521bdfec23ba1d957842f5048dd162a065a73467f8564961a763a3cc9,7861759521bdfec23ba1d957842f5048dd162a065a73467f8564961a763a3cc9,4544,4544,NSBTX texture,NSBTX texture
"포켓몬스터 하트골드 (Korea, IPKK, header ROM version 0)","포켓몬스터 소울실버 (Korea, IPGK, header ROM version 0)",/a/0/8/1,equal,830,830,,,f70f950fcc6952346ad0090258930c930a51d4c647483891d39c76dd11ec167a,f70f950fcc6952346ad0090258930c930a51d4c647483891d39c76dd11ec167a,4544,4544,NSBTX texture,NSBTX texture
"포켓몬스터 하트골드 (Korea, IPKK, header ROM version 0)","포켓몬스터 소울실버 (Korea, IPGK, header ROM version 0)",/a/0/8/1,equal,831,831,,,232cddecc9ba60eeea55fdc053862ba12a71c6227594d944f6ec5a2f8fc78e64,232cddecc9ba60eeea55fdc053862ba12a71c6227594d944f6ec5a2f8fc78e64,4544,4544,NSBTX texture,NSBTX texture
"포켓몬스터 하트골드 (Korea, IPKK, header ROM version 0)","포켓몬스터 소울실버 (Korea, IPGK, header ROM version 0)",/a/0/8/1,equal,832,832,,,405854216a00aba638b5170061cc72bfea5777ab697ff3977c4e890763843468,405854216a00aba638b5170061cc72bfea5777ab697ff3977c4e890763843468,4544,4544,NSBTX texture,NSBTX texture
"포켓몬스터 하트골드 (Korea, IPKK, header ROM version 0)","포켓몬스터 소울실버 (Korea, IPGK, header ROM version 0)",/a/0/8/1,equal,833,833,,,f0b4b932318049479237411817f51d59a23dc530985468a5042192213edb4260,f0b4b932318049479237411817f51d59a23dc530985468a5042192213edb4260,16832,16832,NSBTX texture,NSBTX texture
"포켓몬스터 하트골드 (Korea, IPKK, header ROM version 0)","포켓몬스터 소울실버 (Korea, IPGK, header ROM version 0)",/a/0/8/1,equal,834,834,,,79c5741b4963255c1ad6e44d5f4c7e69a181cd280c5a95a77884b0a7ca4961c1,79c5741b4963255c1ad6e44d5f4c7e69a181cd280c5a95a77884b0a7ca4961c1,16832,16832,NSBTX texture,NSBTX texture
"포켓몬스터 하트골드 (Korea, IPKK, header ROM version 0)","포켓몬스터 소울실버 (Korea, IPGK, header ROM version 0)",/a/0/8/1,equal,835,835,,,9318c5383a579c0281ac399b07bdf8aba3cfc14855cdd0d59abbc8f8853499a5,9318c5383a579c0281ac399b07bdf8aba3cfc14855cdd0d59abbc8f8853499a5,4544,4544,NSBTX texture,NSBTX texture
"포켓몬스터 하트골드 (Korea, IPKK, header ROM version 0)","포켓몬스터 소울실버 (Korea, IPGK, header ROM version 0)",/a/0/8/1,equal,836,836,,,50f2abffe588314e9385219edc2aa6742fa65914f4eba1ed6fa4705eef3a106e,50f2abffe588314e9385219edc2aa6742fa65914f4eba1ed6fa4705eef3a106e,16832,16832,NSBTX texture,NSBTX texture
"포켓몬스터 하트골드 (Korea, IPKK, header ROM version 0)","포켓몬스터 소울실버 (Korea, IPGK, header ROM version 0)",/a/0/8/1,equal,837,837,,,14e787862a6c331b52da123082b50057d40aee31c08f58aa72a43b45beb67192,14e787862a6c331b52da123082b50057d40aee31c08f58aa72a43b45beb67192,16832,16832,NSBTX texture,NSBTX texture
"포켓몬스터 하트골드 (Korea, IPKK, header ROM version 0)","포켓몬스터 소울실버 (Korea, IPGK, header ROM version 0)",/a/0/8/1,equal,838,838,,,501b107dc320aae50a5159a7f266ae080a64403c94d4fe30b71b247288c0ae5b,501b107dc320aae50a5159a7f266ae080a64403c94d4fe30b71b247288c0ae5b,16832,16832,NSBTX texture,NSBTX texture
"포켓몬스터 하트골드 (Korea, IPKK, header ROM version 0)","포켓몬스터 소울실버 (Korea, IPGK, header ROM version 0)",/a/0/8/1,equal,839,839,,,417b2aaccc632d442486e1b72e734369bf9e9d7920e5b5cf21949bcd0ed8a4bf,417b2aaccc632d442486e1b72e734369bf9e9d7920e5b5cf21949bcd0ed8a4bf,4544,4544,NSBTX texture,NSBTX texture
"포켓몬스터 하트골드 (Korea, IPKK, header ROM version 0)","포켓몬스터 소울실버 (Korea, IPGK, header ROM version 0)",/a/0/8/1,equal,840,840,,,284cbcf4003ae1cdaac0b7dd0bd789f12de3a91c1c38bfa812292779df1857ef,284cbcf4003ae1cdaac0b7dd0bd789f12de3a91c1c38bfa812292779df1857ef,4544,4544,NSBTX texture,NSBTX texture
"포켓몬스터 하트골드 (Korea, IPKK, header ROM version 0)","포켓몬스터 소울실버 (Korea, IPGK, header ROM version 0)",/a/0/8/1,equal,841,841,,,abbb75d79cbceed05937d65909fec2fc6e45233049566e9898cee266c05e4d3f,abbb75d79cbceed05937d65909fec2fc6e45233049566e9898cee266c05e4d3f,4544,4544,NSBTX texture,NSBTX texture
"포켓몬스터 하트골드 (Korea, IPKK, header ROM version 0)","포켓몬스터 소울실버 (Korea, IPGK, header ROM version 0)",/a/0/8/1,equal,842,842,,,8c8e3b15393e8e1a546b8e31c858d1eb20c2d77799cfb5a65c71f40bbd056cbb,8c8e3b15393e8e1a546b8e31c858d1eb20c2d77799cfb5a65c71f40bbd056cbb,4544,4544,NSBTX texture,NSBTX texture
"포켓몬스터 하트골드 (Korea, IPKK, header ROM version 0)","포켓몬스터 소울실버 (Korea, IPGK, header ROM version 0)",/a/0/8/1,equal,843,843,,,98b8d8cd8be568c11f50995df009908c7a92f7cd0c3e427acd84c7126111d21b,98b8d8cd8be568c11f50995df009908c7a92f7cd0c3e427acd84c7126111d21b,4544,4544,NSBTX texture,NSBTX texture
"포켓몬스터 하트골드 (Korea, IPKK, header ROM version 0)","포켓몬스터 소울실버 (Korea, IPGK, header ROM version 0)",/a/0/8/1,equal,844,844,,,b6a88b9a1fa718130f345a5f8d34359861059a279ed83a234191b8e8768616a5,b6a88b9a1fa718130f345a5f8d34359861059a279ed83a234191b8e8768616a5,4544,4544,NSBTX texture,NSBTX texture
"포켓몬스터 하트골드 (Korea, IPKK, header ROM version 0)","포켓몬스터 소울실버 (Korea, IPGK, header ROM version 0)",/a/0/8/1,equal,845,845,,,7e0c68a84d0b87ff6cedd8819b160caf3fe4924fd4d7f29342c02c614821d691,7e0c68a84d0b87ff6cedd8819b160caf3fe4924fd4d7f29342c02c614821d691,16832,16832,NSBTX texture,NSBTX texture
"포켓몬스터 하트골드 (Korea, IPKK, header ROM version 0)","포켓몬스터 소울실버 (Korea, IPGK, header ROM version 0)",/a/0/8/1,equal,846,846,,,359ab6bcff216084063f4e083b453b38aa9779eb6681cae6f1dd2a979e179691,359ab6bcff216084063f4e083b453b38aa9779eb6681cae6f1dd2a979e179691,16832,16832,NSBTX texture,NSBTX texture
"포켓몬스터 하트골드 (Korea, IPKK, header ROM version 0)","포켓몬스터 소울실버 (Korea, IPGK, header ROM version 0)",/a/0/8/1,equal,847,847,,,29bb1d3db2b104a109c33a0710829c103abe65c822314ff08b58f7df92a33dbe,29bb1d3db2b104a109c33a0710829c103abe65c822314ff08b58f7df92a33dbe,16832,16832,NSBTX texture,NSBTX texture
"포켓몬스터 하트골드 (Korea, IPKK, header ROM version 0)","포켓몬스터 소울실버 (Korea, IPGK, header ROM version 0)",/a/0/8/1,equal,848,848,,,3e45ef6187ec4fcff45912553e254b27f7850261ad11bb9a56935dd328aec599,3e45ef6187ec4fcff45912553e254b27f7850261ad11bb9a56935dd328aec599,16832,16832,NSBTX texture,NSBTX texture
"포켓몬스터 하트골드 (Korea, IPKK, header ROM version 0)","포켓몬스터 소울실버 (Korea, IPGK, header ROM version 0)",/a/0/8/1,equal,849,849,,,6d6e50057b26eaf3d48c5cbc91d628ddfaaef459f36c5d48b6cbaa5e955fdf18,6d6e50057b26eaf3d48c5cbc91d628ddfaaef459f36c5d48b6cbaa5e955fdf18,16832,16832,NSBTX texture,NSBTX texture
"포켓몬스터 하트골드 (Korea, IPKK, header ROM version 0)","포켓몬스터 소울실버 (Korea, IPGK, header ROM version 0)",/a/0/8/1,equal,850,850,,,ce6f7dbb41c8a101144052b7bec3723a2e01d8a6d5c713dc075b1bcea2f90e02,ce6f7dbb41c8a101144052b7bec3723a2e01d8a6d5c713dc075b1bcea2f90e02,16832,16832,NSBTX texture,NSBTX texture
"포켓몬스터 하트골드 (Korea, IPKK, header ROM version 0)","포켓몬스터 소울실버 (Korea, IPGK, header ROM version 0)",/a/0/8/1,equal,851,851,,,70c9aa9794ba5dad5681722afa8ac3804486972eb01e3f736ea3faf7b42a90cf,70c9aa9794ba5dad5681722afa8ac3804486972eb01e3f736ea3faf7b42a90cf,16832,16832,NSBTX texture,NSBTX texture
"포켓몬스터 하트골드 (Korea, IPKK, header ROM version 0)","포켓몬스터 소울실버 (Korea, IPGK, header ROM version 0)",/a/0/8/1,equal,852,852,,,ace60bbf445d2110aaa77e9b95f41870856346374b28cdad666d779f017d9892,ace60bbf445d2110aaa77e9b95f41870856346374b28cdad666d779f017d9892,16832,16832,NSBTX texture,NSBTX texture
"포켓몬스터 하트골드 (Korea, IPKK, header ROM version 0)","포켓몬스터 소울실버 (Korea, IPGK, header ROM version 0)",/a/0/8/1,equal,853,853,,,af528d36600a4d6255e48e99ef1321ee2c1283cd0ee50b2632293bcbd4e8a4c4,af528d36600a4d6255e48e99ef1321ee2c1283cd0ee50b2632293bcbd4e8a4c4,16832,16832,NSBTX texture,NSBTX texture
"포켓몬스터 하트골드 (Korea, IPKK, header ROM version 0)","포켓몬스터 소울실버 (Korea, IPGK, header ROM version 0)",/a/0/8/1,equal,854,854,,,5f2fe3aaacf11dd8377cd24978b60a7bc4662a7a54816615e86e7d17ed98fa85,5f2fe3aaacf11dd8377cd24978b60a7bc4662a7a54816615e86e7d17ed98fa85,16832,16832,NSBTX texture,NSBTX texture
"포켓몬스터 하트골드 (Korea, IPKK, header ROM version 0)","포켓몬스터 소울실버 (Korea, IPGK, header ROM version 0)",/a/0/8/1,equal,855,855,,,b9009064caa9f0835ed06626a088bf8c8bd504c14f24b631815847852851a3dc,b9009064caa9f0835ed06626a088bf8c8bd504c14f24b631815847852851a3dc,16832,16832,NSBTX texture,NSBTX texture
"포켓몬스터 하트골드 (Korea, IPKK, header ROM version 0)","포켓몬스터 소울실버 (Korea, IPGK, header ROM version 0)",/a/0/8/1,equal,856,856,,,fbd49820fd7275b8fe8f9942b663d865a31681a9e4c0b37134796d138f38af4a,fbd49820fd7275b8fe8f9942b663d865a31681a9e4c0b37134796d138f38af4a,16832,16832,NSBTX texture,NSBTX texture
"포켓몬스터 하트골드 (Korea, IPKK, header ROM version 0)","포켓몬스터 소울실버 (Korea, IPGK, header ROM version 0)",/a/0/8/1,equal,857,857,,,1e5ca4223a7f33b3e552b2ff633fd335942fcbcb812b4ca52acf035c7692c6fc,1e5ca4223a7f33b3e552b2ff633fd335942fcbcb812b4ca52acf035c7692c6fc,16832,16832,NSBTX texture,NSBTX texture
"포켓몬스터 하트골드 (Korea, IPKK, header ROM version 0)","포켓몬스터 소울실버 (Korea, IPGK, header ROM version 0)",/a/0/8/1,equal,858,858,,,9c076fa9fcec9dec225888e437af9a3b6714fb6993b2e478413985a764036d2d,9c076fa9fcec9dec225888e437af9a3b6714fb6993b2e478413985a764036d2d,16832,16832,NSBTX texture,NSBTX texture
"포켓몬스터 하트골드 (Korea, IPKK, header ROM version 0)","포켓몬스터 소울실버 (Korea, IPGK, header ROM version 0)",/a/0/8/1,equal,859,859,,,840bb72bab9684ba612fec124a4d2c49842c3740322570c83844ddf6d034e6fa,840bb72bab9684ba612fec124a4d2c49842c3740322570c83844ddf6d034e6fa,16832,16832,NSBTX texture,NSBTX texture
"포켓몬스터 하트골드 (Korea, IPKK, header ROM version 0)","포켓몬스터 소울실버 (Korea, IPGK, header ROM version 0)",/a/0/8/1,equal,860,860,,,fbd7aea722f26e5da6a7a4eb22f7cb350a14973a99f1efd5e55bcffc8ac03dc9,fbd7aea722f26e5da6a7a4eb22f7cb350a14973a99f1efd5e55bcffc8ac03dc9,16832,16832,NSBTX texture,NSBTX texture
"포켓몬스터 하트골드 (Korea, IPKK, header ROM version 0)","포켓몬스터 소울실버 (Korea, IPGK, header ROM version 0)",/a/0/8/1,equal,861,861,,,b35d8f8a320a532b193f57d48467a765bfe7fd2d7730fbcfd099752560ab1d30,b35d8f8a320a532b193f57d48467a765bfe7fd2d7730fbcfd099752560ab1d30,16832,16832,NSBTX texture,NSBTX texture
"포켓몬스터 하트골드 (Korea, IPKK, header ROM version 0)","포켓몬스터 소울실버 (Korea, IPGK, header ROM version 0)",/a/0/8/1,equal,862,862,,,eb890ebc301ee57664e04f5836bd3dfa2b8e9fa2e534e5e24ca9abbd4fb6bbd4,eb890ebc301ee57664e04f5836bd3dfa2b8e9fa2e534e5e24ca9abbd4fb6bbd4,16832,16832,NSBTX texture,NSBTX texture
"포켓몬스터 하트골드 (Korea, IPKK, header ROM version 0)","포켓몬스터 소울실버 (Korea, IPGK, header ROM version 0)",/a/0/8/2,equal,0,0,,,e59ae797e3fe23d86d0a22daeaa2b96c95fce6f383070f42d458a42145c6d038,e59ae797e3fe23d86d0a22daeaa2b96c95fce6f383070f42d458a42145c6d038,2548,2548,NSBMD model,NSBMD model
"포켓몬스터 하트골드 (Korea, IPKK, header ROM version 0)","포켓몬스터 소울실버 (Korea, IPGK, header ROM version 0)",/a/0/8/2,equal,1,1,,,b87d55fcf59d8bd1f1c1723e2e4d7ff3bac30dd33ccf21f7af7ebfc8dc5a7f26,b87d55fcf59d8bd1f1c1723e2e4d7ff3bac30dd33ccf21f7af7ebfc8dc5a7f26,20536,20536,NSBMD model,NSBMD model
"포켓몬스터 하트골드 (Korea, IPKK, header ROM version 0)","포켓몬스터 소울실버 (Korea, IPGK, header ROM version 0)",/a/0/8/2,equal,2,2,,,c5db2fdb1c2e98c7255743071d054449e048136bb74b6bbf14cf357d5b88b308,c5db2fdb1c2e98c7255743071d054449e048136bb74b6bbf14cf357d5b88b308,26608,26608,NSBMD model,NSBMD model
"포켓몬스터 하트골드 (Korea, IPKK, header ROM version 0)","포켓몬스터 소울실버 (Korea, IPGK, header ROM version 0)",/a/0/8/2,equal,3,3,,,88315865501fc9c3ea93d3bc9e229c4dda4f68998b1c6a2dc073245eb91a7d9a,88315865501fc9c3ea93d3bc9e229c4dda4f68998b1c6a2dc073245eb91a7d9a,84000,84000,NSBMD model,NSBMD model
"포켓몬스터 하트골드 (Korea, IPKK, header ROM version 0)","포켓몬스터 소울실버 (Korea, IPGK, header ROM version 0)",/a/0/8/2,equal,4,4,,,3050de9b0c1be69d99e017aab8f82ebd6ac1a81fa34566248789836b700c4255,3050de9b0c1be69d99e017aab8f82ebd6ac1a81fa34566248789836b700c4255,5044,5044,NSBCA animation,NSBCA animation
"포켓몬스터 하트골드 (Korea, IPKK, header ROM version 0)","포켓몬스터 소울실버 (Korea, IPGK, header ROM version 0)",/a/0/8/2,equal,5,5,,,212737b4f5a333a6c3a2e041e5f5e7dd11c4842ebef79fc57bc1ef6d6de3bc08,212737b4f5a333a6c3a2e041e5f5e7dd11c4842ebef79fc57bc1ef6d6de3bc08,3980,3980,NSBCA animation,NSBCA animation
"포켓몬스터 하트골드 (Korea, IPKK, header ROM version 0)","포켓몬스터 소울실버 (Korea, IPGK, header ROM version 0)",/a/0/8/2,equal,6,6,,,e4d06543e12878f314e6bf5afdcbb63ccbf9d4a1681c1faff621ec7f240b1538,e4d06543e12878f314e6bf5afdcbb63ccbf9d4a1681c1faff621ec7f240b1538,1164,1164,NSBCA animation,NSBCA animation
"포켓몬스터 하트골드 (Korea, IPKK, header ROM version 0)","포켓몬스터 소울실버 (Korea, IPGK, header ROM version 0)",/a/0/8/2,equal,7,7,,,40d17d989bb118f908404cc46a5ab17f4aa85c47bf5c1b0eac68e6d128c0c478,40d17d989bb118f908404cc46a5ab17f4aa85c47bf5c1b0eac68e6d128c0c478,580,580,NSBTA texture animation,NSBTA texture animation
"포켓몬스터 하트골드 (Korea, IPKK, header ROM version 0)","포켓몬스터 소울실버 (Korea, IPGK, header ROM version 0)",/a/0/8/2,equal,8,8,,,76efccdb6810373abc5a352d0b577bf315d44b478a3f4111d7eaf461d5175f1b,76efccdb6810373abc5a352d0b577bf315d44b478a3f4111d7eaf461d5175f1b,552,552,NCLR palette,NCLR palette
"포켓몬스터 하트골드 (Korea, IPKK, header ROM version 0)","포켓몬스터 소울실버 (Korea, IPGK, header ROM version 0)",/a/0/8/2,equal,9,9,,,1fca6402e2806ad6052fbb7f8e6b47af414aaa4c14d695ca3dabacea56bd9b48,1fca6402e2806ad6052fbb7f8e6b47af414aaa4c14d695ca3dabacea56bd9b48,552,552,NCLR palette,NCLR palette
"포켓몬스터 하트골드 (Korea, IPKK, header ROM version 0)","포켓몬스터 소울실버 (Korea, IPGK, header ROM version 0)",/a/0/8/2,equal,10,10,,,35a76ae95d0c7def838ddb2dba413a75d3d59747de5c38e1bddc831edafeab2f,35a76ae95d0c7def838ddb2dba413a75d3d59747de5c38e1bddc831edafeab2f,12352,12352,NCGR graphics,NCGR graphics
"포켓몬스터 하트골드 (Korea, IPKK, header ROM version 0)","포켓몬스터 소울실버 (Korea, IPGK, header ROM version 0)",/a/0/8/2,equal,11,11,,,5a8d0ae367946f5bc6f353c4fa696c8e48ee47b3f6f2db9dadd6d2df2054e187,5a8d0ae367946f5bc6f353c4fa696c8e48ee47b3f6f2db9dadd6d2df2054e187,1572,1572,NSCR screen map,NSCR screen map
"포켓몬스터 하트골드 (Korea, IPKK, header ROM version 0)","포켓몬스터 소울실버 (Korea, IPGK, header ROM version 0)",/a/0/8/2,equal,12,12,,,f06a7d11f8c955f81ee705d3546c71d3dc5e596ae4e6b968e67edd8b7740a5d8,f06a7d11f8c955f81ee705d3546c71d3dc5e596ae4e6b968e67edd8b7740a5d8,552,552,NCLR palette,NCLR palette
"포켓몬스터 하트골드 (Korea, IPKK, header ROM version 0)","포켓몬스터 소울실버 (Korea, IPGK, header ROM version 0)",/a/0/8/2,equal,13,13,,,acac14c7c6591c0631877591bf25e514207d14c157be0dc6937ff41802be6ec0,acac14c7c6591c0631877591bf25e514207d14c157be0dc6937ff41802be6ec0,320,320,NCGR graphics,NCGR graphics
"포켓몬스터 하트골드 (Korea, IPKK, header ROM version 0)","포켓몬스터 소울실버 (Korea, IPGK, header ROM version 0)",/a/0/8/2,equal,14,14,,,7e15d87f455b1b61ad4d63c2e8a47d096cdd34c20ef8fe760d8bcc57e059efa1,7e15d87f455b1b61ad4d63c2e8a47d096cdd34c20ef8fe760d8bcc57e059efa1,1572,1572,NSCR screen map,NSCR screen map
"포켓몬스터 하트골드 (Korea, IPKK, header ROM version 0)","포켓몬스터 소울실버 (Korea, IPGK, header ROM version 0)",/a/0/8/2,equal,15,15,,,5ac59106e89890dd3025c8aec6202528c4c61f643b3ff4ac8f3833732166a2ad,5ac59106e89890dd3025c8aec6202528c4c61f643b3ff4ac8f3833732166a2ad,552,552,NCLR palette,NCLR palette
"포켓몬스터 하트골드 (Korea, IPKK, header ROM version 0)","포켓몬스터 소울실버 (Korea, IPGK, header ROM version 0)",/a/0/8/2,equal,16,16,,,2130be3ee06f3a81ed5054c52f2ffe22749c7c408061f4a45175f36ff7f979e4,2130be3ee06f3a81ed5054c52f2ffe22749c7c408061f4a45175f36ff7f979e4,12352,12352,NCGR graphics,NCGR graphics
"포켓몬스터 하트골드 (Korea, IPKK, header ROM version 0)","포켓몬스터 소울실버 (Korea, IPGK, header ROM version 0)",/a/0/8/2,equal,17,17,,,04c2e577c0de19d5a6f3803fbc4c8dd54f60bbbbfb913203120bbd84ec786c0f,04c2e577c0de19d5a6f3803fbc4c8dd54f60bbbbfb913203120bbd84ec786c0f,1572,1572,NSCR screen map,NSCR screen map
"포켓몬스터 하트골드 (Korea, IPKK, header ROM version 0)","포켓몬스터 소울실버 (Korea, IPGK, header ROM version 0)",/a/0/8/3,equal,0,0,,,b79cae36fdbb43d287a8460881b6a775e7a22c5fb7409106e515b6749e75466b,b79cae36fdbb43d287a8460881b6a775e7a22c5fb7409106e515b6749e75466b,90,90,NCLR palette,NCLR palette
"포켓몬스터 하트골드 (Korea, IPKK, header ROM version 0)","포켓몬스터 소울실버 (Korea, IPGK, header ROM version 0)",/a/0/8/3,equal,1,1,,,7b4b0a8459f93569df576968d7179c564eae87a143efbaf24cabc8b68dedd95f,7b4b0a8459f93569df576968d7179c564eae87a143efbaf24cabc8b68dedd95f,304,304,NCGR graphics,NCGR graphics
"포켓몬스터 하트골드 (Korea, IPKK, header ROM version 0)","포켓몬스터 소울실버 (Korea, IPGK, header ROM version 0)",/a/0/8/3,equal,2,2,,,1634639b351017d849330efe3535a2cc2a919ab30cc816bb47ead7f406d9a6b7,1634639b351017d849330efe3535a2cc2a919ab30cc816bb47ead7f406d9a6b7,142,142,NCER cell,NCER cell
"포켓몬스터 하트골드 (Korea, IPKK, header ROM version 0)","포켓몬스터 소울실버 (Korea, IPGK, header ROM version 0)",/a/0/8/3,equal,3,3,,,f0c75eea62f14685d2917e7f10da62acc4d252d7f3ff9b05b7f251333efda9e9,f0c75eea62f14685d2917e7f10da62acc4d252d7f3ff9b05b7f251333efda9e9,242,242,NANR animation,NANR animation
"포켓몬스터 하트골드 (Korea, IPKK, header ROM version 0)","포켓몬스터 소울실버 (Korea, IPGK, header ROM version 0)",/a/0/8/4,equal,0,0,,,302c35630ecb56b0f71ed7b60eb955b22aff22036463cfdb517cce0d70605c51,302c35630ecb56b0f71ed7b60eb955b22aff22036463cfdb517cce0d70605c51,396,396,NCLR palette,NCLR palette
"포켓몬스터 하트골드 (Korea, IPKK, header ROM version 0)","포켓몬스터 소울실버 (Korea, IPGK, header ROM version 0)",/a/0/8/4,equal,1,1,,,295ee5ca706c0b1d220f2b57eaba3dfb3e4594d8b48fe5665eb7d2256b183c90,295ee5ca706c0b1d220f2b57eaba3dfb3e4594d8b48fe5665eb7d2256b183c90,1134,1134,Nintendo LZ10,Nintendo LZ10
"포켓몬스터 하트골드 (Korea, IPKK, header ROM version 0)","포켓몬스터 소울실버 (Korea, IPGK, header ROM version 0)",/a/0/8/4,equal,2,2,,,84321f6e35fdce410fd3248887de675918da05aef703841d1ad57fcf9752ef44,84321f6e35fdce410fd3248887de675918da05aef703841d1ad57fcf9752ef44,440,440,Nintendo LZ10,Nintendo LZ10
"포켓몬스터 하트골드 (Korea, IPKK, header ROM version 0)","포켓몬스터 소울실버 (Korea, IPGK, header ROM version 0)",/a/0/8/4,equal,3,3,,,7fb8fe57d24fa8fc04a4dd2f97b08fdc9c21e7f53e3af128df23230609f33b0f,7fb8fe57d24fa8fc04a4dd2f97b08fdc9c21e7f53e3af128df23230609f33b0f,133,133,Nintendo LZ10,Nintendo LZ10
"포켓몬스터 하트골드 (Korea, IPKK, header ROM version 0)","포켓몬스터 소울실버 (Korea, IPGK, header ROM version 0)",/a/0/8/4,equal,4,4,,,9eea8c1eae7907af2cb94f50cbaf864c7718267642097a1af748ff4b728a6492,9eea8c1eae7907af2cb94f50cbaf864c7718267642097a1af748ff4b728a6492,396,396,NCLR palette,NCLR palette
"포켓몬스터 하트골드 (Korea, IPKK, header ROM version 0)","포켓몬스터 소울실버 (Korea, IPGK, header ROM version 0)",/a/0/8/4,equal,5,5,,,a51b162bf492f26209a74313d3b0122d162c59b2d6ef85092b44327a7fd8ff02,a51b162bf492f26209a74313d3b0122d162c59b2d6ef85092b44327a7fd8ff02,1185,1185,Nintendo LZ10,Nintendo LZ10
"포켓몬스터 하트골드 (Korea, IPKK, header ROM version 0)","포켓몬스터 소울실버 (Korea, IPGK, header ROM version 0)",/a/0/8/4,equal,6,6,,,e57a2e578160c944bf28bcfddc26105ea32c412c573bc90be7fb7a358df7ea32,e57a2e578160c944bf28bcfddc26105ea32c412c573bc90be7fb7a358df7ea32,323,323,Nintendo LZ10,Nintendo LZ10
"포켓몬스터 하트골드 (Korea, IPKK, header ROM version 0)","포켓몬스터 소울실버 (Korea, IPGK, header ROM version 0)",/a/0/8/4,equal,7,7,,,60d9dea67db06286e9725efbc9b5c63f740a2458c948af8edfb40155a745392e,60d9dea67db06286e9725efbc9b5c63f740a2458c948af8edfb40155a745392e,552,552,NCLR palette,NCLR palette
"포켓몬스터 하트골드 (Korea, IPKK, header ROM version 0)","포켓몬스터 소울실버 (Korea, IPGK, header ROM version 0)",/a/0/8/4,equal,8,8,,,49be6d4be114bde731ff9d82d3ccf2fcc3ea7948527e7ec5c7c1f1604bde7bef,49be6d4be114bde731ff9d82d3ccf2fcc3ea7948527e7ec5c7c1f1604bde7bef,4383,4383,Nintendo LZ10,Nintendo LZ10
"포켓몬스터 하트골드 (Korea, IPKK, header ROM version 0)","포켓몬스터 소울실버 (Korea, IPGK, header ROM version 0)",/a/0/8/4,equal,9,9,,,f61b50528bb3e4a17d0ea892174a5d6663dd490944aa35bec6c4d15e95b2e26f,f61b50528bb3e4a17d0ea892174a5d6663dd490944aa35bec6c4d15e95b2e26f,1275,1275,Nintendo LZ10,Nintendo LZ10
"포켓몬스터 하트골드 (Korea, IPKK, header ROM version 0)","포켓몬스터 소울실버 (Korea, IPGK, header ROM version 0)",/a/0/8/4,equal,10,10,,,2cb67b9accbb37278ac59dc59cafdfee3bf23302d3aabafc5ede02c22c072fbd,2cb67b9accbb37278ac59dc59cafdfee3bf23302d3aabafc5ede02c22c072fbd,1069,1069,Nintendo LZ10,Nintendo LZ10
"포켓몬스터 하트골드 (Korea, IPKK, header ROM version 0)","포켓몬스터 소울실버 (Korea, IPGK, header ROM version 0)",/a/0/8/4,equal,11,11,,,578aabb17c6a4c4146aba55df97069bf6bc76c84f8245ad1afb87dc14cb04223,578aabb17c6a4c4146aba55df97069bf6bc76c84f8245ad1afb87dc14cb04223,552,552,NCLR palette,NCLR palette
"포켓몬스터 하트골드 (Korea, IPKK, header ROM version 0)","포켓몬스터 소울실버 (Korea, IPGK, header ROM version 0)",/a/0/8/4,equal,12,12,,,5fc8a23296c3e66f52bae7ed112f6eef5f2d7218e8bb66016c5c9a0f619392cc,5fc8a23296c3e66f52bae7ed112f6eef5f2d7218e8bb66016c5c9a0f619392cc,8524,8524,Nintendo LZ10,Nintendo LZ10
"포켓몬스터 하트골드 (Korea, IPKK, header ROM version 0)","포켓몬스터 소울실버 (Korea, IPGK, header ROM version 0)",/a/0/8/4,equal,13,13,,,06ac55835546aec7f9f4cf95db315552ab25a3e5a249a88ba4f8deb16eae7b63,06ac55835546aec7f9f4cf95db315552ab25a3e5a249a88ba4f8deb16eae7b63,603,603,Nintendo LZ10,Nintendo LZ10
"포켓몬스터 하트골드 (Korea, IPKK, header ROM version 0)","포켓몬스터 소울실버 (Korea, IPGK, header ROM version 0)",/a/0/8/4,equal,14,14,,,aa3e4929379f2211313a8b19796f99056885362d2fd4829c369bf1711d4e39e7,aa3e4929379f2211313a8b19796f99056885362d2fd4829c369bf1711d4e39e7,577,577,Nintendo LZ10,Nintendo LZ10
"포켓몬스터 하트골드 (Korea, IPKK, header ROM version 0)","포켓몬스터 소울실버 (Korea, IPGK, header ROM version 0)",/a/0/8/5,equal,0,0,,,b5ec8ff9736b66ae0a4fce4390c048651fd46b62f7715c440dd5445a997a426c,b5ec8ff9736b66ae0a4fce4390c048651fd46b62f7715c440dd5445a997a426c,158,158,NCLR palette,NCLR palette
"포켓몬스터 하트골드 (Korea, IPKK, header ROM version 0)","포켓몬스터 소울실버 (Korea, IPGK, header ROM version 0)",/a/0/8/5,equal,1,1,,,cddee2700e87660ad033eaccdeb34a66f0145e00d0ae6dee212db8bc4379ad70,cddee2700e87660ad033eaccdeb34a66f0145e00d0ae6dee212db8bc4379ad70,1307,1307,Nintendo LZ10,Nintendo LZ10
"포켓몬스터 하트골드 (Korea, IPKK, header ROM version 0)","포켓몬스터 소울실버 (Korea, IPGK, header ROM version 0)",/a/0/8/5,equal,2,2,,,3c73ebba7c61b88567028cf7cb6c93feb47c733543ddc30fbfd00423d9e59a99,3c73ebba7c61b88567028cf7cb6c93feb47c733543ddc30fbfd00423d9e59a99,772,772,Nintendo LZ10,Nintendo LZ10
"포켓몬스터 하트골드 (Korea, IPKK, header ROM version 0)","포켓몬스터 소울실버 (Korea, IPGK, header ROM version 0)",/a/0/8/5,equal,3,3,,,9f735cd56f1169ef4dcf6c9d3f83129ebe73f82ff7de64773c9ea0810d96b3c5,9f735cd56f1169ef4dcf6c9d3f83129ebe73f82ff7de64773c9ea0810d96b3c5,354,354,Nintendo LZ10,Nintendo LZ10
"포켓몬스터 하트골드 (Korea, IPKK, header ROM version 0)","포켓몬스터 소울실버 (Korea, IPGK, header ROM version 0)",/a/0/8/5,equal,4,4,,,1db38c8bed2c6a7bbebbf7cd087b31805038eadfff30aaa6b51e111c2cd6d16d,1db38c8bed2c6a7bbebbf7cd087b31805038eadfff30aaa6b51e111c2cd6d16d,600,600,NCLR palette,NCLR palette
"포켓몬스터 하트골드 (Korea, IPKK, header ROM version 0)","포켓몬스터 소울실버 (Korea, IPGK, header ROM version 0)",/a/0/8/5,equal,5,5,,,7ea93e9c1185a46de2c882e844441671259273191a5b151e39b230ae8c85e49b,7ea93e9c1185a46de2c882e844441671259273191a5b151e39b230ae8c85e49b,600,600,NCLR palette,NCLR palette
"포켓몬스터 하트골드 (Korea, IPKK, header ROM version 0)","포켓몬스터 소울실버 (Korea, IPGK, header ROM version 0)",/a/0/8/5,equal,6,6,,,ff486f2c40ada7387703b6866e62f09f94b6e0110907108b9caf4892ecb0eaff,ff486f2c40ada7387703b6866e62f09f94b6e0110907108b9caf4892ecb0eaff,865,865,Nintendo LZ10,Nintendo LZ10
"포켓몬스터 하트골드 (Korea, IPKK, header ROM version 0)","포켓몬스터 소울실버 (Korea, IPGK, header ROM version 0)",/a/0/8/5,equal,7,7,,,67a15a7a23438c9ae3c5ee8d8c64fc0d5943317ac7d7d5e431a37d0c06d1b106,67a15a7a23438c9ae3c5ee8d8c64fc0d5943317ac7d7d5e431a37d0c06d1b106,3159,3159,Nintendo LZ10,Nintendo LZ10
"포켓몬스터 하트골드 (Korea, IPKK, header ROM version 0)","포켓몬스터 소울실버 (Korea, IPGK, header ROM version 0)",/a/0/8/5,equal,8,8,,,0445a408dc82898afb98318bc07dd517fc8b71f4105aa6029ce6eba8a7d22f09,0445a408dc82898afb98318bc07dd517fc8b71f4105aa6029ce6eba8a7d22f09,299,299,Nintendo LZ10,Nintendo LZ10
"포켓몬스터 하트골드 (Korea, IPKK, header ROM version 0)","포켓몬스터 소울실버 (Korea, IPGK, header ROM version 0)",/a/0/8/5,equal,9,9,,,f152accb3b7d58ad736f6450cc7b90bf8bd7b1533a7f4ed6966a3f24d69afb91,f152accb3b7d58ad736f6450cc7b90bf8bd7b1533a7f4ed6966a3f24d69afb91,391,391,Nintendo LZ10,Nintendo LZ10
"포켓몬스터 하트골드 (Korea, IPKK, header ROM version 0)","포켓몬스터 소울실버 (Korea, IPGK, header ROM version 0)",/a/0/8/5,equal,10,10,,,e95410490bec0bc6bcd1c28040a967f05b742b589633428848ebceeb4ba267d2,e95410490bec0bc6bcd1c28040a967f05b742b589633428848ebceeb4ba267d2,316,316,Nintendo LZ10,Nintendo LZ10
"포켓몬스터 하트골드 (Korea, IPKK, header ROM version 0)","포켓몬스터 소울실버 (Korea, IPGK, header ROM version 0)",/a/0/8/5,equal,11,11,,,bed3e96adf41118f0221bc9e429d783f5d692287cd798b7a4a298e8142820e8a,bed3e96adf41118f0221bc9e429d783f5d692287cd798b7a4a298e8142820e8a,399,399,Nintendo LZ10,Nintendo LZ10
"포켓몬스터 하트골드 (Korea, IPKK, header ROM version 0)","포켓몬스터 소울실버 (Korea, IPGK, header ROM version 0)",/a/0/8/5,equal,12,12,,,1e53132047995924260133adc9c9a42a15575085de05fdc4578846eff2681c8f,1e53132047995924260133adc9c9a42a15575085de05fdc4578846eff2681c8f,824,824,Nintendo LZ10,Nintendo LZ10
"포켓몬스터 하트골드 (Korea, IPKK, header ROM version 0)","포켓몬스터 소울실버 (Korea, IPGK, header ROM version 0)",/a/0/8/5,equal,13,13,,,5e69492f68e64747b4f264cc5460ead721f4677778aa18fd1180d3c5e3a3b8cc,5e69492f68e64747b4f264cc5460ead721f4677778aa18fd1180d3c5e3a3b8cc,781,781,Nintendo LZ10,Nintendo LZ10
"포켓몬스터 하트골드 (Korea, IPKK, header ROM version 0)","포켓몬스터 소울실버 (Korea, IPGK, header ROM version 0)",/a/0/8/5,equal,14,14,,,89abc9a754724c8fbd2ebd17da4d0ab88b01c441dabb1f84205a2972df9f39c9,89abc9a754724c8fbd2ebd17da4d0ab88b01c441dabb1f84205a2972df9f39c9,434,434,Nintendo LZ10,Nintendo LZ10
"포켓몬스터 하트골드 (Korea, IPKK, header ROM version 0)","포켓몬스터 소울실버 (Korea, IPGK, header ROM version 0)",/a/0/8/5,equal,15,15,,,a841ff453ac453d4345b89a70b3a27deb854e4e485ba647e23608bf8b43654ff,a841ff453ac453d4345b89a70b3a27deb854e4e485ba647e23608bf8b43654ff,549,549,Nintendo LZ10,Nintendo LZ10
"포켓몬스터 하트골드 (Korea, IPKK, header ROM version 0)","포켓몬스터 소울실버 (Korea, IPGK, header ROM version 0)",/a/0/8/5,equal,16,16,,,9c5c3dc9c836cbb61f5a5cc39495e2601c77406b5446dcb61542309ae37aab7d,9c5c3dc9c836cbb61f5a5cc39495e2601c77406b5446dcb61542309ae37aab7d,519,519,Nintendo LZ10,Nintendo LZ10
"포켓몬스터 하트골드 (Korea, IPKK, header ROM version 0)","포켓몬스터 소울실버 (Korea, IPGK, header ROM version 0)",/a/0/8/5,equal,17,17,,,6e974506118b3528d00e6f9982b682d4dca2aa5c403c53154c33e0f8e5391874,6e974506118b3528d00e6f9982b682d4dca2aa5c403c53154c33e0f8e5391874,1191,1191,Nintendo LZ10,Nintendo LZ10
"포켓몬스터 하트골드 (Korea, IPKK, header ROM version 0)","포켓몬스터 소울실버 (Korea, IPGK, header ROM version 0)",/a/0/8/6,equal,0,0,,,e883bb1ae0c2bcf30678fa61d909ba082755abf911da76da1e580969d1b6b23a,e883bb1ae0c2bcf30678fa61d909ba082755abf911da76da1e580969d1b6b23a,4608,4608,,
"포켓몬스터 하트골드 (Korea, IPKK, header ROM version 0)","포켓몬스터 소울실버 (Korea, IPGK, header ROM version 0)",/a/0/8/6,equal,1,1,,,ef4363b54b98f6df7337ac03d6eb97b476a37d881d9bd04fd528f35feb76ff07,ef4363b54b98f6df7337ac03d6eb97b476a37d881d9bd04fd528f35feb76ff07,96,96,,
"포켓몬스터 하트골드 (Korea, IPKK, header ROM version 0)","포켓몬스터 소울실버 (Korea, IPGK, header ROM version 0)",/a/0/8/6,equal,2,2,,,2c3404c4dc6b338b0d9bfa5940b735f5f684e42ff3d5ed80d522b99901889972,2c3404c4dc6b338b0d9bfa5940b735f5f684e42ff3d5ed80d522b99901889972,8064,8064,,
"포켓몬스터 하트골드 (Korea, IPKK, header ROM version 0)","포켓몬스터 소울실버 (Korea, IPGK, header ROM version 0)",/a/0/8/6,equal,3,3,,,71f7457431bd5ac887f47a2069868b8fc5054b99171c0a80fc32ae113506b917,71f7457431bd5ac887f47a2069868b8fc5054b99171c0a80fc32ae113506b917,100,100,,
"포켓몬스터 하트골드 (Korea, IPKK, header ROM version 0)","포켓몬스터 소울실버 (Korea, IPGK, header ROM version 0)",/a/0/8/6,equal,4,4,,,7ce2c97d6aad96b5f1714373f259246c9bec783ec7fcb7212b9e6485be657d47,7ce2c97d6aad96b5f1714373f259246c9bec783ec7fcb7212b9e6485be657d47,100,100,,
"포켓몬스터 하트골드 (Korea, IPKK, header ROM version 0)","포켓몬스터 소울실버 (Korea, IPGK, header ROM version 0)",/a/0/8/6,equal,5,5,,,0a018c2d1a6837aa269c18e3180d3d8e591ddb343b3736cb6ed315ee4c3d5d94,0a018c2d1a6837aa269c18e3180d3d8e591ddb343b3736cb6ed315ee4c3d5d94,100,100,,
"포켓몬스터 하트골드 (Korea, IPKK, header ROM version 0)","포켓몬스터 소울실버 (Korea, IPGK, header ROM version 0)",/a/0/8/6,equal,6,6,,,4bbea6f946ecbba86609e042d1bcbe868b45fab1cff3389f112e988c2e175570,4bbea6f946ecbba86609e042d1bcbe868b45fab1cff3389f112e988c2e175570,100,100,,
"포켓몬스터 하트골드 (Korea, IPKK, header ROM version 0)","포켓몬스터 소울실버 (Korea, IPGK, header ROM version 0)",/a/0/8/6,equal,7,7,,,8d25990104b121df47b0c32865dd3b401d6c7c2fcefe39578ca3e571c216bf85,8d25990104b121df47b0c32865dd3b401d6c7c2fcefe39578ca3e571c216bf85,100,100,,
"포켓몬스터 하트골드 (Korea, IPKK, header ROM version 0)","포켓몬스터 소울실버 (Korea, IPGK, header ROM version 0)",/a/0/8/6,equal,8,8,,,488e0cac0db5a06d913a3ea568ffb285f4a4cb34baf81edb2531a7d1a7c07d60,488e0cac0db5a06d913a3ea568ffb285f4a4cb34baf81edb2531a7d1a7c07d60,100,100,,
"포켓몬스터 하트골드 (Korea, IPKK, header ROM version 0)","포켓몬스터 소울실버 (Korea, IPGK, header ROM version 0)",/a/0/8/6,equal,9,9,,,bc7752d3588395322e5ad09e23cfb239fa2ac659cfffe47e70e563ad5f36fa8e,bc7752d3588395322e5ad09e23cfb239fa2ac659cfffe47e70e563ad5f36fa8e,100,100,,
"포켓몬스터 하트골드 (Korea, IPKK, header ROM version 0)","포켓몬스터 소울실버 (Korea, IPGK, header ROM version 0)",/a/0/8/6,equal,10,10,,,e0ba540075b21d73947411af7c2522309006be9221f90ab35e955c02d2a8cd92,e0ba540075b21d73947411af7c2522309006be9221f90ab35e955c02d2a8cd92,100,100,,
"포켓몬스터 하트골드 (Korea, IPKK, header ROM version 0)","포켓몬스터 소울실버 (Korea, IPGK, header ROM version 0)",/a/0/8/6,equal,11,11,,,7fe332ad8c6a8b2a0ecb2a5b869faae6265e73a530d2499067b16987397d8576,7fe332ad8c6a8b2a0ecb2a5b869faae6265e73a530d2499067b16987397d8576,100,100,,
"포켓몬스터 하트골드 (Korea, IPKK, header ROM version 0)","포켓몬스터 소울실버 (Korea, IPGK, header ROM version 0)",/a/0/8/6,equal,12,12,,,756e3dc949d9fe51d162bdfed26acc4691bb91bf28af5d22b604c01f9ca2d8b8,756e3dc949d9fe51d162bdfed26acc4691bb91bf28af5d22b604c01f9ca2d8b8,100,100,,
"포켓몬스터 하트골드 (Korea, IPKK, header ROM version 0)","포켓몬스터 소울실버 (Korea, IPGK, header ROM version 0)",/a/0/8/6,equal,13,13,,,0faa0ae26b27052f0e951acf24150e588d9071dd2e7017ff55309f12d6b24e98,0faa0ae26b27052f0e951acf24150e588d9071dd2e7017ff55309f12d6b24e98,100,100,,
"포켓몬스터 하트골드 (Korea, IPKK, header ROM version 0)","포켓몬스터 소울실버 (Korea, IPGK, header ROM version 0)",/a/0/8/6,equal,14,14,,,c065c6bbb6d7ee5df08561e38d682ea2ff4ad4eeb832e61fe123f4a7e466e5c0,c065c6bbb6d7ee5df08561e38d682ea2ff4ad4eeb832e61fe123f4a7e466e5c0,100,100,,
"포켓몬스터 하트골드 (Korea, IPKK, header ROM version 0)","포켓몬스터 소울실버 (Korea, IPGK, header ROM version 0)",/a/0/8/7,equal,0,0,,,9efa847b427385968b5de070c027ca9d7827455997a2c747f5a07dd9cd3c326c,9efa847b427385968b5de070c027ca9d7827455997a2c747f5a07dd9cd3c326c,90,90,NCLR palette,NCLR palette
"포켓몬스터 하트골드 (Korea, IPKK, header ROM version 0)","포켓몬스터 소울실버 (Korea, IPGK, header ROM version 0)",/a/0/8/7,equal,1,1,,,a076cba01e3529f5b5d85cfd09dd557c342288a2295a7af7de44bc49fd931c26,a076cba01e3529f5b5d85cfd09dd557c342288a2295a7af7de44bc49fd931c26,158,158,NCLR palette,NCLR palette
"포켓몬스터 하트골드 (Korea, IPKK, header ROM version 0)","포켓몬스터 소울실버 (Korea, IPGK, header ROM version 0)",/a/0/8/7,equal,2,2,,,8b9d2d709e65a5b5c5f8f1b024490a05db87c9d04b76db2d6810cce16f4c9e44,8b9d2d709e65a5b5c5f8f1b024490a05db87c9d04b76db2d6810cce16f4c9e44,158,158,NCLR palette,NCLR palette
"포켓몬스터 하트골드 (Korea, IPKK, header ROM version 0)","포켓몬스터 소울실버 (Korea, IPGK, header ROM version 0)",/a/0/8/7,equal,3,3,,,80fb9bbc738e91adb6b79129bd4b51c304961dc15d7ebea12b2941942b03586e,80fb9bbc738e91adb6b79129bd4b51c304961dc15d7ebea12b2941942b03586e,90,90,NCLR palette,NCLR palette
"포켓몬스터 하트골드 (Korea, IPKK, header ROM version 0)","포켓몬스터 소울실버 (Korea, IPGK, header ROM version 0)",/a/0/8/7,equal,4,4,,,dd0ca32aacb3537c2ece3bc2a250ba18b54716bcff4dc88b8ae2ebec9e64228f,dd0ca32aacb3537c2ece3bc2a250ba18b54716bcff4dc88b8ae2ebec9e64228f,158,158,NCLR palette,NCLR palette
"포켓몬스터 하트골드 (Korea, IPKK, header ROM version 0)","포켓몬스터 소울실버 (Korea, IPGK, header ROM version 0)",/a/0/8/7,equal,5,5,,,1ebd1022ad41a017995415001d54ac8e9b4043ef472a0b86e783323a26728411,1ebd1022ad41a017995415001d54ac8e9b4043ef472a0b86e783323a26728411,90,90,NCLR palette,NCLR palette
"포켓몬스터 하트골드 (Korea, IPKK, header ROM version 0)","포켓몬스터 소울실버 (Korea, IPGK, header ROM version 0)",/a/0/8/7,equal,6,6,,,60ede371dfc71ea49f4ed739150a80c758c5799e564c75f7de8bed9f11c51d25,60ede371dfc71ea49f4ed739150a80c758c5799e564c75f7de8bed9f11c51d25,124,124,NCLR palette,NCLR palette
"포켓몬스터 하트골드 (Korea, IPKK, header ROM version 0)","포켓몬스터 소울실버 (Korea, IPGK, header ROM version 0)",/a/0/8/7,equal,7,7,,,6ee636c9d4602cc3317411049800aed35206480313e5121d3c844b379f7d637c,6ee636c9d4602cc3317411049800aed35206480313e5121d3c844b379f7d637c,1168,1168,Nintendo LZ10,Nintendo LZ10
"포켓몬스터 하트골드 (Korea, IPKK, header ROM version 0)","포켓몬스터 소울실버 (Korea, IPGK, header ROM version 0)",/a/0/8/7,equal,8,8,,,e16c884761d5ff66f90dca72a7c9300bb0cc86dad1a226be408e5ecb050248f3,e16c884761d5ff66f90dca72a7c9300bb0cc86dad1a226be408e5ecb050248f3,664,664,Nintendo LZ10,Nintendo LZ10
"포켓몬스터 하트골드 (Korea, IPKK, header ROM version 0)","포켓몬스터 소울실버 (Korea, IPGK, header ROM version 0)",/a/0/8/7,equal,9,9,,,e36f19adfa01a5edd08828943aefdf1f65e5a5560f5c0867e397d062d2880e15,e36f19adfa01a5edd08828943aefdf1f65e5a5560f5c0867e397d062d2880e15,448,448,Nintendo LZ10,Nintendo LZ10
"포켓몬스터 하트골드 (Korea, IPKK, header ROM version 0)","포켓몬스터 소울실버 (Korea, IPGK, header ROM version 0)",/a/0/8/7,equal,10,10,,,e0c802c66a324a1f4b76c106e4bd686b00745367e437e39fe2f225f568b4c09c,e0c802c66a324a1f4b76c106e4bd686b00745367e437e39fe2f225f568b4c09c,748,748,Nintendo LZ10,Nintendo LZ10
"포켓몬스터 하트골드 (Korea, IPKK, header ROM version 0)","포켓몬스터 소울실버 (Korea, IPGK, header ROM version 0)",/a/0/8/7,equal,11,11,,,41ff838886231f843a8822b5ff78fa0e252bf2dcc7ad9cde9f71cbe91e942a9b,41ff838886231f843a8822b5ff78fa0e252bf2dcc7ad9cde9f71cbe91e942a9b,636,636,Nintendo LZ10,Nintendo LZ10
"포켓몬스터 하트골드 (Korea, IPKK, header ROM version 0)","포켓몬스터 소울실버 (Korea, IPGK, header ROM version 0)",/a/0/8/7,equal,12,12,,,8f6e11f25a0ecf083470583f9291c2d4c23e256d6799a2561b9684cefadd6d7c,8f6e11f25a0ecf083470583f9291c2d4c23e256d6799a2561b9684cefadd6d7c,396,396,Nintendo LZ10,Nintendo LZ10
"포켓몬스터 하트골드 (Korea, IPKK, header ROM version 0)","포켓몬스터 소울실버 (Korea, IPGK, header ROM version 0)",/a/0/8/7,equal,13,13,,,e8ab99113987324b1981aa9edb89ddcb4abf0d367720f5cb0ebb6b19aa7a83c7,e8ab99113987324b1981aa9edb89ddcb4abf0d367720f5cb0ebb6b19aa7a83c7,420,420,Nintendo LZ10,Nintendo LZ10
"포켓몬스터 하트골드 (Korea, IPKK, header ROM version 0)","포켓몬스터 소울실버 (Korea, IPGK, header ROM version 0)",/a/0/8/7,equal,14,14,,,6272e73d7037c1ed127333cb2218cd41798dffea9a36a23fc6219cb6b2086d4c,6272e73d7037c1ed127333cb2218cd41798dffea9a36a23fc6219cb6b2086d4c,244,244,Nintendo LZ10,Nintendo LZ10
"포켓몬스터 하트골드 (Korea, IPKK, header ROM version 0)","포켓몬스터 소울실버 (Korea, IPGK, header ROM version 0)",/a/0/8/7,equal,15,15,,,51d9b4ddbd6db641133e950fced8427eebc7450c603b1160207323004ae7c883,51d9b4ddbd6db641133e950fced8427eebc7450c603b1160207323004ae7c883,152,152,Nintendo LZ10,Nintendo LZ10
"포켓몬스터 하트골드 (Korea, IPKK, header ROM version 0)","포켓몬스터 소울실버 (Korea, IPGK, header ROM version 0)",/a/0/8/7,equal,16,16,,,bc6116c7ea44a2d86fd991a96f2018b12fdbd9f0f1a7295690e2e711d85f9a4c,bc6116c7ea44a2d86fd991a96f2018b12fdbd9f0f1a7295690e2e711d85f9a4c,260,260,Nintendo LZ10,Nintendo LZ10
"포켓몬스터 하트골드 (Korea, IPKK, header ROM version 0)","포켓몬스터 소울실버 (Korea, IPGK, header ROM version 0)",/a/0/8/7,equal,17,17,,,e1033a750dbe0efc5fa37c82b951934cdee82b2c7bb2d2643b7c8e06bdc641d3,e1033a750dbe0efc5fa37c82b951934cdee82b2c7bb2d2643b7c8e06bdc641d3,796,796,Nintendo LZ10,Nintendo LZ10
"포켓몬스터 하트골드 (Korea, IPKK, header ROM version 0)","포켓몬스터 소울실버 (Korea, IPGK, header ROM version 0)",/a/0/8/7,equal,18,18,,,56247b7babef4d310cd7b921ad4f683012dd7591edd6e1883e030a132a62549f,56247b7babef4d310cd7b921ad4f683012dd7591edd6e1883e030a132a62549f,108,108,Nintendo LZ10,Nintendo LZ10
"포켓몬스터 하트골드 (Korea, IPKK, header ROM version 0)","포켓몬스터 소울실버 (Korea, IPGK, header ROM version 0)",/a/0/8/7,equal,19,19,,,a9c3e4cae61c1bd47b2a1c48d26fe15f0ffcb125ce7d43e3262fd6280de83eef,a9c3e4cae61c1bd47b2a1c48d26fe15f0ffcb125ce7d43e3262fd6280de83eef,120,120,Nintendo LZ10,Nintendo LZ10
"포켓몬스터 하트골드 (Korea, IPKK, header ROM version 0)","포켓몬스터 소울실버 (Korea, IPGK, header ROM version 0)",/a/0/8/7,equal,20,20,,,d8bbbc21658c0c3d05680b83dd9be7a2a0acec90a66e5b61afa24e4733474034,d8bbbc21658c0c3d05680b83dd9be7a2a0acec90a66e5b61afa24e4733474034,584,584,Nintendo LZ10,Nintendo LZ10
"포켓몬스터 하트골드 (Korea, IPKK, header ROM version 0)","포켓몬스터 소울실버 (Korea, IPGK, header ROM version 0)",/a/0/8/7,equal,21,21,,,2e3a8e2424e356862ff676a89e395e318893a22479b3db4605c696ce56a85c8a,2e3a8e2424e356862ff676a89e395e318893a22479b3db4605c696ce56a85c8a,100,100,Nintendo LZ10,Nintendo LZ10
"포켓몬스터 하트골드 (Korea, IPKK, header ROM version 0)","포켓몬스터 소울실버 (Korea, IPGK, header ROM version 0)",/a/0/8/7,equal,22,22,,,f368173f14d0aa9fae1a0f87fa2934eafc0093b8ab9ce15afcb699ed74be95aa,f368173f14d0aa9fae1a0f87fa2934eafc0093b8ab9ce15afcb699ed74be95aa,108,108,Nintendo LZ10,Nintendo LZ10
"포켓몬스터 하트골드 (Korea, IPKK, header ROM version 0)","포켓몬스터 소울실버 (Korea, IPGK, header ROM version 0)",/a/0/8/7,equal,23,23,,,4d2af005e918f2ba1b9348a5026ccbc9d0ed3ccf90446e06c580f7f9de4fb767,4d2af005e918f2ba1b9348a5026ccbc9d0ed3ccf90446e06c580f7f9de4fb767,576,576,Nintendo LZ10,Nintendo LZ10
"포켓몬스터 하트골드 (Korea, IPKK, header ROM version 0)","포켓몬스터 소울실버 (Korea, IPGK, header ROM version 0)",/a/0/8/7,equal,24,24,,,2e3a8e2424e356862ff676a89e395e318893a22479b3db4605c696ce56a85c8a,2e3a8e2424e356862ff676a89e395e318893a22479b3db4605c696ce56a85c8a,100,100,Nintendo LZ10,Nintendo LZ10
"포켓몬스터 하트골드 (Korea, IPKK, header ROM version 0)","포켓몬스터 소울실버 (Korea, IPGK, header ROM version 0)",/a/0/8/7,equal,25,25,,,1daf9c511fa4c846d4853d257ba6119cd3885ae59021f8fbabd75473858c606e,1daf9c511fa4c846d4853d257ba6119cd3885ae59021f8fbabd75473858c606e,136,136,Nintendo LZ10,Nintendo LZ10
"포켓몬스터 하트골드 (Korea, IPKK, header ROM version 0)","포켓몬스터 소울실버 (Korea, IPGK, header ROM version 0)",/a/0/8/7,equal,26,26,,,603f3d17dc4deaaea8e78695afddcf5b934c2e01793b7dba705c90fbb21d044b,603f3d17dc4deaaea8e78695afddcf5b934c2e01793b7dba705c90fbb21d044b,316,316,Nintendo LZ10,Nintendo LZ10
"포켓몬스터 하트골드 (Korea, IPKK, header ROM version 0)","포켓몬스터 소울실버 (Korea, IPGK, header ROM version 0)",/a/0/8/7,equal,27,27,,,7972fda7e550c0d040b9dd94b6f53ea8ba59fa4f299af77bc2936fe353184519,7972fda7e550c0d040b9dd94b6f53ea8ba59fa4f299af77bc2936fe353184519,100,100,Nintendo LZ10,Nintendo LZ10
"포켓몬스터 하트골드 (Korea, IPKK, header ROM version 0)","포켓몬스터 소울실버 (Korea, IPGK, header ROM version 0)",/a/0/8/7,equal,28,28,,,6eb66d2ecc9fb249ef325b93bb4cf137e979f4a0437d20fd0039ca2460b6a898,6eb66d2ecc9fb249ef325b93bb4cf137e979f4a0437d20fd0039ca2460b6a898,148,148,Nintendo LZ10,Nintendo LZ10
"포켓몬스터 하트골드 (Korea, IPKK, header ROM version 0)","포켓몬스터 소울실버 (Korea, IPGK, header ROM version 0)",/a/0/8/7,equal,29,29,,,2687502126689bb44cd4ed1b1659a56f7f03c4cb07b20411bbbbb05d7761ffe9,2687502126689bb44cd4ed1b1659a56f7f03c4cb07b20411bbbbb05d7761ffe9,312,312,Nintendo LZ10,Nintendo LZ10
"포켓몬스터 하트골드 (Korea, IPKK, header ROM version 0)","포켓몬스터 소울실버 (Korea, IPGK, header ROM version 0)",/a/0/8/7,equal,30,30,,,7972fda7e550c0d040b9dd94b6f53ea8ba59fa4f299af77bc2936fe353184519,7972fda7e550c0d040b9dd94b6f53ea8ba59fa4f299af77bc2936fe353184519,100,100,Nintendo LZ10,Nintendo LZ10
"포켓몬스터 하트골드 (Korea, IPKK, header ROM version 0)","포켓몬스터 소울실버 (Korea, IPGK, header ROM version 0)",/a/0/8/7,equal,31,31,,,6eb66d2ecc9fb249ef325b93bb4cf137e979f4a0437d20fd0039ca2460b6a898,6eb66d2ecc9fb249ef325b93bb4cf137e979f4a0437d20fd0039ca2460b6a898,148,148,Nintendo LZ10,Nintendo LZ10
"포켓몬스터 하트골드 (Korea, IPKK, header ROM version 0)","포켓몬스터 소울실버 (Korea, IPGK, header ROM version 0)",/a/0/8/7,equal,32,32,,,696a60eed693c018a146f9aabd2e40b0e994eba23199a6e64e7b2c7607d3ce64,696a60eed693c018a146f9aabd2e40b0e994eba23199a6e64e7b2c7607d3ce64,812,812,Nintendo LZ10,Nintendo LZ10
"포켓몬스터 하트골드 (Korea, IPKK, header ROM version 0)","포켓몬스터 소울실버 (Korea, IPGK, header ROM version 0)",/a/0/8/7,equal,33,33,,,46440c028241b3b814e2b4f606b71036c7d1df73f17a82174fba35b0d9446760,46440c028241b3b814e2b4f606b71036c7d1df73f17a82174fba35b0d9446760,108,108,Nintendo LZ10,Nintendo LZ10
"포켓몬스터 하트골드 (Korea, IPKK, header ROM version 0)","포켓몬스터 소울실버 (Korea, IPGK, header ROM version 0)",/a/0/8/7,equal,34,34,,,4fed786180c0c6741f952c71e7227b0b227846c5c5117f3293391145519c91b0,4fed786180c0c6741f952c71e7227b0b227846c5c5117f3293391145519c91b0,112,112,Nintendo LZ10,Nintendo LZ10
"포켓몬스터 하트골드 (Korea, IPKK, header ROM version 0)","포켓몬스터 소울실버 (Korea, IPGK, header ROM version 0)",/a/0/8/7,equal,35,35,,,56cebe0323cfe1115a7c3041be0f8cf0bd9fe9ae15fa7999766cda2df6367f33,56cebe0323cfe1115a7c3041be0f8cf0bd9fe9ae15fa7999766cda2df6367f33,92,92,Nintendo LZ10,Nintendo LZ10
"포켓몬스터 하트골드 (Korea, IPKK, header ROM version 0)","포켓몬스터 소울실버 (Korea, IPGK, header ROM version 0)",/a/0/8/7,equal,36,36,,,56cebe0323cfe1115a7c3041be0f8cf0bd9fe9ae15fa7999766cda2df6367f33,56cebe0323cfe1115a7c3041be0f8cf0bd9fe9ae15fa7999766cda2df6367f33,92,92,Nintendo LZ10,Nintendo LZ10
"포켓몬스터 하트골드 (Korea, IPKK, header ROM version 0)","포켓몬스터 소울실버 (Korea, IPGK, header ROM version 0)",/a/0/8/7,equal,37,37,,,1300da90bc177d0f6f337927ecf1cde1a734f52d8f20952a4d994c639f61902a,1300da90bc177d0f6f337927ecf1cde1a734f52d8f20952a4d994c639f61902a,104,104,Nintendo LZ10,Nintendo LZ10
"포켓몬스터 하트골드 (Korea, IPKK, header ROM version 0)","포켓몬스터 소울실버 (Korea, IPGK, header ROM version 0)",/a/0/8/7,equal,38,38,,,1300da90bc177d0f6f337927ecf1cde1a734f52d8f20952a4d994c639f61902a,1300da90bc177d0f6f337927ecf1cde1a734f52d8f20952a4d994c639f61902a,104,104,Nintendo LZ10,Nintendo LZ10
"포켓몬스터 하트골드 (Korea, IPKK, header ROM version 0)","포켓몬스터 소울실버 (Korea, IPGK, header ROM version 0)",/a/0/8/7,equal,39,39,,,07e913202f8573786ae7e90b5ad4e1f63912b48253ef6b5e6f7363387b6cb526,07e913202f8573786ae7e90b5ad4e1f63912b48253ef6b5e6f7363387b6cb526,84,84,Nintendo LZ10,Nintendo LZ10
"포켓몬스터 하트골드 (Korea, IPKK, header ROM version 0)","포켓몬스터 소울실버 (Korea, IPGK, header ROM version 0)",/a/0/8/7,equal,40,40,,,c81a0fda754a84ad69263a888885841ea4a46099f915ea10ff06967d01e6d70a,c81a0fda754a84ad69263a888885841ea4a46099f915ea10ff06967d01e6d70a,264,264,Nintendo LZ10,Nintendo LZ10
"포켓몬스터 하트골드 (Korea, IPKK, header ROM version 0)","포켓몬스터 소울실버 (Korea, IPGK, header ROM version 0)",/a/0/8/7,equal,41,41,,,6f108563688aec2af64f5c8dfc40cc38ad0e547e69859259980c9263da2084d0,6f108563688aec2af64f5c8dfc40cc38ad0e547e69859259980c9263da2084d0,280,280,Nintendo LZ10,Nintendo LZ10
"포켓몬스터 하트골드 (Korea, IPKK, header ROM version 0)","포켓몬스터 소울실버 (Korea, IPGK, header ROM version 0)",/a/0/8/7,equal,42,42,,,a6755fc15a0363713c7ad7ac2763675eb2d1f5c26767c238547baa24a7b23272,a6755fc15a0363713c7ad7ac2763675eb2d1f5c26767c238547baa24a7b23272,264,264,Nintendo LZ10,Nintendo LZ10
"포켓몬스터 하트골드 (Korea, IPKK, header ROM version 0)","포켓몬스터 소울실버 (Korea, IPGK, header ROM version 0)",/a/0/8/7,equal,43,43,,,fcabd2cd2a6dc873d7e5c970a92b76c529680adb3169cbe3ffeebe2697e056a4,fcabd2cd2a6dc873d7e5c970a92b76c529680adb3169cbe3ffeebe2697e056a4,284,284,Nintendo LZ10,Nintendo LZ10
"포켓몬스터 하트골드 (Korea, IPKK, header ROM version 0)","포켓몬스터 소울실버 (Korea, IPGK, header ROM version 0)",/a/0/8/7,equal,44,44,,,df9e76f58ca073da7da115672edf5c326092769ba2f1012b9f6cdda865f370f6,df9e76f58ca073da7da115672edf5c326092769ba2f1012b9f6cdda865f370f6,260,260,Nintendo LZ10,Nintendo LZ10
"포켓몬스터 하트골드 (Korea, IPKK, header ROM version 0)","포켓몬스터 소울실버 (Korea, IPGK, header ROM version 0)",/a/0/8/7,equal,45,45,,,ff257095e16510ce12b327560bcc58b5e7912c333d6a389bfbd0c92b8c21a201,ff257095e16510ce12b327560bcc58b5e7912c333d6a389bfbd0c92b8c21a201,284,284,Nintendo LZ10,Nintendo LZ10
"포켓몬스터 하트골드 (Korea, IPKK, header ROM version 0)","포켓몬스터 소울실버 (Korea, IPGK, header ROM version 0)",/a/0/8/7,equal,46,46,,,0742c4df60568574f2c49ca6347b429c2c1eb848d27c2f761283c9a5292ee3e9,0742c4df60568574f2c49ca6347b429c2c1eb848d27c2f761283c9a5292ee3e9,280,280,Nintendo LZ10,Nintendo LZ10
"포켓몬스터 하트골드 (Korea, IPKK, header ROM version 0)","포켓몬스터 소울실버 (Korea, IPGK, header ROM version 0)",/a/0/8/7,equal,47,47,,,636c02aae4100bd9288ab936ebc7e5cf2af1907e78edc414c842bcfd703b38e7,636c02aae4100bd9288ab936ebc7e5cf2af1907e78edc414c842bcfd703b38e7,268,268,Nintendo LZ10,Nintendo LZ10
"포켓몬스터 하트골드 (Korea, IPKK, header ROM version 0)","포켓몬스터 소울실버 (Korea, IPGK, header ROM version 0)",/a/0/8/7,equal,48,48,,,5c1189427c105d6a0eaf465e9f425e2e9eca83a922533ae0ed3fdefd19971a67,5c1189427c105d6a0eaf465e9f425e2e9eca83a922533ae0ed3fdefd19971a67,280,280,Nintendo LZ10,Nintendo LZ10
"포켓몬스터 하트골드 (Korea, IPKK, header ROM version 0)","포켓몬스터 소울실버 (Korea, IPGK, header ROM version 0)",/a/0/8/7,equal,49,49,,,21ed7152ccc7ee99e3491abc08bb9579d3f7ec1253efb7d7980acda810bf66dc,21ed7152ccc7ee99e3491abc08bb9579d3f7ec1253efb7d7980acda810bf66dc,268,268,Nintendo LZ10,Nintendo LZ10
"포켓몬스터 하트골드 (Korea, IPKK, header ROM version 0)","포켓몬스터 소울실버 (Korea, IPGK, header ROM version 0)",/a/0/8/7,equal,50,50,,,6d8f6c3621d92f83315837281e4648c7ea0f271a0f61408e584df5a3a6fd248e,6d8f6c3621d92f83315837281e4648c7ea0f271a0f61408e584df5a3a6fd248e,280,280,Nintendo LZ10,Nintendo LZ10
"포켓몬스터 하트골드 (Korea, IPKK, header ROM version 0)","포켓몬스터 소울실버 (Korea, IPGK, header ROM version 0)",/a/0/8/7,equal,51,51,,,e8ff3552ec68f900c8e1e8d17667c6e6970090b9c11f6f657aa297376f5a8477,e8ff3552ec68f900c8e1e8d17667c6e6970090b9c11f6f657aa297376f5a8477,268,268,Nintendo LZ10,Nintendo LZ10
"포켓몬스터 하트골드 (Korea, IPKK, header ROM version 0)","포켓몬스터 소울실버 (Korea, IPGK, header ROM version 0)",/a/0/8/7,equal,52,52,,,7284653a222c31a7bd6ca983a13a0ce5697f15b4f9144b4ac267ae7758b4310c,7284653a222c31a7bd6ca983a13a0ce5697f15b4f9144b4ac267ae7758b4310c,260,260,Nintendo LZ10,Nintendo LZ10
"포켓몬스터 하트골드 (Korea, IPKK, header ROM version 0)","포켓몬스터 소울실버 (Korea, IPGK, header ROM version 0)",/a/0/8/7,equal,53,53,,,8354312839f265ef1e0f0ddfcdda058cae44a1272e555abcdce8fb5545a4ba79,8354312839f265ef1e0f0ddfcdda058cae44a1272e555abcdce8fb5545a4ba79,264,264,Nintendo LZ10,Nintendo LZ10
"포켓몬스터 하트골드 (Korea, IPKK, header ROM version 0)","포켓몬스터 소울실버 (Korea, IPGK, header ROM version 0)",/a/0/8/7,equal,54,54,,,265b810d63c57d53964a73443475443367cd6252bda9954957d38e3f237440de,265b810d63c57d53964a73443475443367cd6252bda9954957d38e3f237440de,264,264,Nintendo LZ10,Nintendo LZ10
"포켓몬스터 하트골드 (Korea, IPKK, header ROM version 0)","포켓몬스터 소울실버 (Korea, IPGK, header ROM version 0)",/a/0/8/7,equal,55,55,,,5483d018e66d806c7e48bc2afd73b96379fedf2c7b2fc16a15e9bf04dee0893d,5483d018e66d806c7e48bc2afd73b96379fedf2c7b2fc16a15e9bf04dee0893d,264,264,Nintendo LZ10,Nintendo LZ10
"포켓몬스터 하트골드 (Korea, IPKK, header ROM version 0)","포켓몬스터 소울실버 (Korea, IPGK, header ROM version 0)",/a/0/8/7,equal,56,56,,,f996f7c574392406ad6a016086833d60c96c9a7d7d911ddce8bd6523af05ab6e,f996f7c574392406ad6a016086833d60c96c9a7d7d911ddce8bd6523af05ab6e,252,252,Nintendo LZ10,Nintendo LZ10
"포켓몬스터 하트골드 (Korea, IPKK, header ROM version 0)","포켓몬스터 소울실버 (Korea, IPGK, header ROM version 0)",/a/0/8/7,equal,57,57,,,2169ef181c0d6771c4d1fa63832939aa822f701cbd43a179e824d54156242b0c,2169ef181c0d6771c4d1fa63832939aa822f701cbd43a179e824d54156242b0c,240,240,Nintendo LZ10,Nintendo LZ10
"포켓몬스터 하트골드 (Korea, IPKK, header ROM version 0)","포켓몬스터 소울실버 (Korea, IPGK, header ROM version 0)",/a/0/8/7,equal,58,58,,,20b05f06e918d80e7c2668783189ba108ee651b46d0755f965dba950fa52a0c4,20b05f06e918d80e7c2668783189ba108ee651b46d0755f965dba950fa52a0c4,260,260,Nintendo LZ10,Nintendo LZ10
"포켓몬스터 하트골드 (Korea, IPKK, header ROM version 0)","포켓몬스터 소울실버 (Korea, IPGK, header ROM version 0)",/a/0/8/7,equal,59,59,,,94b1cc5e130ed2b13ab7b8fd3bc3db03f9aa28226ef4db5cea28ef3c50ad17b6,94b1cc5e130ed2b13ab7b8fd3bc3db03f9aa28226ef4db5cea28ef3c50ad17b6,252,252,Nintendo LZ10,Nintendo LZ10
"포켓몬스터 하트골드 (Korea, IPKK, header ROM version 0)","포켓몬스터 소울실버 (Korea, IPGK, header ROM version 0)",/a/0/8/7,equal,60,60,,,38b4d722011132f366d124460fb6226af33bb03a7f09d3bd5d7ed44a1586b44c,38b4d722011132f366d124460fb6226af33bb03a7f09d3bd5d7ed44a1586b44c,272,272,Nintendo LZ10,Nintendo LZ10
"포켓몬스터 하트골드 (Korea, IPKK, header ROM version 0)","포켓몬스터 소울실버 (Korea, IPGK, header ROM version 0)",/a/0/8/7,equal,61,61,,,6cbdab1e8d5897a319742698555867d289cff59f7d19241a2b73aa0ea62be6c0,6cbdab1e8d5897a319742698555867d289cff59f7d19241a2b73aa0ea62be6c0,272,272,Nintendo LZ10,Nintendo LZ10
"포켓몬스터 하트골드 (Korea, IPKK, header ROM version 0)","포켓몬스터 소울실버 (Korea, IPGK, header ROM version 0)",/a/0/8/7,equal,62,62,,,a05f811222c18d98a5a8c14ece0f4b191004bfee5d76a7764900d10f8980f556,a05f811222c18d98a5a8c14ece0f4b191004bfee5d76a7764900d10f8980f556,280,280,Nintendo LZ10,Nintendo LZ10
"포켓몬스터 하트골드 (Korea, IPKK, header ROM version 0)","포켓몬스터 소울실버 (Korea, IPGK, header ROM version 0)",/a/0/8/7,equal,63,63,,,85f0487210e7199cd84fc947eb137b2202d0a31dfe5b52b9295bc2e2b3bfa092,85f0487210e7199cd84fc947eb137b2202d0a31dfe5b52b9295bc2e2b3bfa092,276,276,Nintendo LZ10,Nintendo LZ10
"포켓몬스터 하트골드 (Korea, IPKK, header ROM version 0)","포켓몬스터 소울실버 (Korea, IPGK, header ROM version 0)",/a/0/8/7,equal,64,64,,,be0b8bf283c9948bb405ae31d09b4caa9c8693ef792ca197c45a1fc83a87594e,be0b8bf283c9948bb405ae31d09b4caa9c8693ef792ca197c45a1fc83a87594e,264,264,Nintendo LZ10,Nintendo LZ10
"포켓몬스터 하트골드 (Korea, IPKK, header ROM version 0)","포켓몬스터 소울실버 (Korea, IPGK, header ROM version 0)",/a/0/8/7,equal,65,65,,,380f74b8c8f8f4ffe95f6059bcb10ba0894056325e009af7384bb0f30b30101e,380f74b8c8f8f4ffe95f6059bcb10ba0894056325e009af7384bb0f30b30101e,276,276,Nintendo LZ10,Nintendo LZ10
"포켓몬스터 하트골드 (Korea, IPKK, header ROM version 0)","포켓몬스터 소울실버 (Korea, IPGK, header ROM version 0)",/a/0/8/7,equal,66,66,,,0b7d8f93e17343c8d372300854a49e2564dc881b422b7db9db4053a3ececf92b,0b7d8f93e17343c8d372300854a49e2564dc881b422b7db9db4053a3ececf92b,264,264,Nintendo LZ10,Nintendo LZ10
"포켓몬스터 하트골드 (Korea, IPKK, header ROM version 0)","포켓몬스터 소울실버 (Korea, IPGK, header ROM version 0)",/a/0/8/7,equal,67,67,,,45089b1c8df74ea145966cf8dc0cde57c857576cacf1e3248771ded63c364d42,45089b1c8df74ea145966cf8dc0cde57c857576cacf1e3248771ded63c364d42,276,276,Nintendo LZ10,Nintendo LZ10
"포켓몬스터 하트골드 (Korea, IPKK, header ROM version 0)","포켓몬스터 소울실버 (Korea, IPGK, header ROM version 0)",/a/0/8/7,equal,68,68,,,59b42afede8765d612ae013ac0915f969310ba62bcccbb1dfc6f6351d271cfcc,59b42afede8765d612ae013ac0915f969310ba62bcccbb1dfc6f6351d271cfcc,260,260,Nintendo LZ10,Nintendo LZ10
"포켓몬스터 하트골드 (Korea, IPKK, header ROM version 0)","포켓몬스터 소울실버 (Korea, IPGK, header ROM version 0)",/a/0/8/7,equal,69,69,,,1ef885c3214bd3d8d644e17fe672a64a2e935cf207669c483a12f04ab1dc53c6,1ef885c3214bd3d8d644e17fe672a64a2e935cf207669c483a12f04ab1dc53c6,268,268,Nintendo LZ10,Nintendo LZ10
"포켓몬스터 하트골드 (Korea, IPKK, header ROM version 0)","포켓몬스터 소울실버 (Korea, IPGK, header ROM version 0)",/a/0/8/7,equal,70,70,,,d06adf08c5b9ee919ec7417613516a70f6a74e258ece7facebdbd7250289a4be,d06adf08c5b9ee919ec7417613516a70f6a74e258ece7facebdbd7250289a4be,256,256,Nintendo LZ10,Nintendo LZ10
"포켓몬스터 하트골드 (Korea, IPKK, header ROM version 0)","포켓몬스터 소울실버 (Korea, IPGK, header ROM version 0)",/a/0/8/7,equal,71,71,,,72f501f1986705bfc265e5befc9f8d4dcec8e92e504f0feca3da91315648b1c6,72f501f1986705bfc265e5befc9f8d4dcec8e92e504f0feca3da91315648b1c6,268,268,Nintendo LZ10,Nintendo LZ10
"포켓몬스터 하트골드 (Korea, IPKK, header ROM version 0)","포켓몬스터 소울실버 (Korea, IPGK, header ROM version 0)",/a/0/8/7,equal,72,72,,,a2bf8398309bd171cc6c171e4679923ea720b86bed1aca5a411a84a74ecfbe61,a2bf8398309bd171cc6c171e4679923ea720b86bed1aca5a411a84a74ecfbe61,284,284,Nintendo LZ10,Nintendo LZ10
"포켓몬스터 하트골드 (Korea, IPKK, header ROM version 0)","포켓몬스터 소울실버 (Korea, IPGK, header ROM version 0)",/a/0/8/7,equal,73,73,,,54fb800496d17f6ea21e8281a8c4b253d3c38bfa13bdb6effce43e85ee381d84,54fb800496d17f6ea21e8281a8c4b253d3c38bfa13bdb6effce43e85ee381d84,280,280,Nintendo LZ10,Nintendo LZ10
"포켓몬스터 하트골드 (Korea, IPKK, header ROM version 0)","포켓몬스터 소울실버 (Korea, IPGK, header ROM version 0)",/a/0/8/7,equal,74,74,,,16e9af17fcc39a4fa9ef1d47545ac62807909311127e07f647d3a3837ddec233,16e9af17fcc39a4fa9ef1d47545ac62807909311127e07f647d3a3837ddec233,280,280,Nintendo LZ10,Nintendo LZ10
"포켓몬스터 하트골드 (Korea, IPKK, header ROM version 0)","포켓몬스터 소울실버 (Korea, IPGK, header ROM version 0)",/a/0/8/7,equal,75,75,,,2a2baacfbdf379c9365ee940c4305f9fd8aa711319c1438db14acce2984bf43d,2a2baacfbdf379c9365ee940c4305f9fd8aa711319c1438db14acce2984bf43d,280,280,Nintendo LZ10,Nintendo LZ10
"포켓몬스터 하트골드 (Korea, IPKK, header ROM version 0)","포켓몬스터 소울실버 (Korea, IPGK, header ROM version 0)",/a/0/8/7,equal,76,76,,,78c1dacf24a1867dc2c6f1f1bcc9779a1564d447768a2f9e9a9a11bf5990119e,78c1dacf24a1867dc2c6f1f1bcc9779a1564d447768a2f9e9a9a11bf5990119e,260,260,Nintendo LZ10,Nintendo LZ10
"포켓몬스터 하트골드 (Korea, IPKK, header ROM version 0)","포켓몬스터 소울실버 (Korea, IPGK, header ROM version 0)",/a/0/8/7,equal,77,77,,,b6515e901a7b3522d8079df053808930b9703515c9f9fa5822d099c3d4d4e20c,b6515e901a7b3522d8079df053808930b9703515c9f9fa5822d099c3d4d4e20c,252,252,Nintendo LZ10,Nintendo LZ10
"포켓몬스터 하트골드 (Korea, IPKK, header ROM version 0)","포켓몬스터 소울실버 (Korea, IPGK, header ROM version 0)",/a/0/8/7,equal,78,78,,,80b8f68e264c4ae66fbd37652b70a789dc33e47f8d34de6cc4311533f0b1cbb0,80b8f68e264c4ae66fbd37652b70a789dc33e47f8d34de6cc4311533f0b1cbb0,260,260,Nintendo LZ10,Nintendo LZ10
"포켓몬스터 하트골드 (Korea, IPKK, header ROM version 0)","포켓몬스터 소울실버 (Korea, IPGK, header ROM version 0)",/a/0/8/7,equal,79,79,,,63f5f5ec824e82c5cb72e40b76ac9bc0560a83af283b565cad6cb5cf530741fd,63f5f5ec824e82c5cb72e40b76ac9bc0560a83af283b565cad6cb5cf530741fd,252,252,Nintendo LZ10,Nintendo LZ10
"포켓몬스터 하트골드 (Korea, IPKK, header ROM version 0)","포켓몬스터 소울실버 (Korea, IPGK, header ROM version 0)",/a/0/8/7,equal,80,80,,,aff204077c168a890e0bc9104d968c0e357b93107a17a837b1fbe557a8e32af4,aff204077c168a890e0bc9104d968c0e357b93107a17a837b1fbe557a8e32af4,260,260,Nintendo LZ10,Nintendo LZ10
"포켓몬스터 하트골드 (Korea, IPKK, header ROM version 0)","포켓몬스터 소울실버 (Korea, IPGK, header ROM version 0)",/a/0/8/7,equal,81,81,,,caf1860a3c705e17e0241d7e487cce86eb4932f8f00f5aecec144a949179221b,caf1860a3c705e17e0241d7e487cce86eb4932f8f00f5aecec144a949179221b,252,252,Nintendo LZ10,Nintendo LZ10
"포켓몬스터 하트골드 (Korea, IPKK, header ROM version 0)","포켓몬스터 소울실버 (Korea, IPGK, header ROM version 0)",/a/0/8/7,equal,82,82,,,a8cd0307192ec9cdb619fa2372ec6978b9ca26e7e49f8672355ec40ae9dc6d47,a8cd0307192ec9cdb619fa2372ec6978b9ca26e7e49f8672355ec40ae9dc6d47,264,264,Nintendo LZ10,Nintendo LZ10
"포켓몬스터 하트골드 (Korea, IPKK, header ROM version 0)","포켓몬스터 소울실버 (Korea, IPGK, header ROM version 0)",/a/0/8/7,equal,83,83,,,f97031ba2d94382ea1f5c747e0d29347fc8eee003c66ff5d0eab06b320a94ca1,f97031ba2d94382ea1f5c747e0d29347fc8eee003c66ff5d0eab06b320a94ca1,228,228,Nintendo LZ10,Nintendo LZ10
"포켓몬스터 하트골드 (Korea, IPKK, header ROM version 0)","포켓몬스터 소울실버 (Korea, IPGK, header ROM version 0)",/a/0/8/7,equal,84,84,,,b51a10de43a60de069eb4204160e1c001c8e8458df67136027c3ca151aa16791,b51a10de43a60de069eb4204160e1c001c8e8458df67136027c3ca151aa16791,232,232,Nintendo LZ10,Nintendo LZ10
"포켓몬스터 하트골드 (Korea, IPKK, header ROM version 0)","포켓몬스터 소울실버 (Korea, IPGK, header ROM version 0)",/a/0/8/7,equal,85,85,,,4c34d512e80dafabf229dcc1578e3d76211ff796c9ac7af7acc4af2fa0eb49a7,4c34d512e80dafabf229dcc1578e3d76211ff796c9ac7af7acc4af2fa0eb49a7,268,268,Nintendo LZ10,Nintendo LZ10
"포켓몬스터 하트골드 (Korea, IPKK, header ROM version 0)","포켓몬스터 소울실버 (Korea, IPGK, header ROM version 0)",/a/0/8/7,equal,86,86,,,5692b847d7080e09a30d5e73a41f6703a2b04a8c39e4fa1f9f3c18b698e1fb57,5692b847d7080e09a30d5e73a41f6703a2b04a8c39e4fa1f9f3c18b698e1fb57,268,268,Nintendo LZ10,Nintendo LZ10
"포켓몬스터 하트골드 (Korea, IPKK, header ROM version 0)","포켓몬스터 소울실버 (Korea, IPGK, header ROM version 0)",/a/0/8/7,equal,87,87,,,fd1924c93226ac7c3ed9a0150972518a159b1478b2555d386179ceb1a8699468,fd1924c93226ac7c3ed9a0150972518a159b1478b2555d386179ceb1a8699468,228,228,Nintendo LZ10,Nintendo LZ10
"포켓몬스터 하트골드 (Korea, IPKK, header ROM version 0)","포켓몬스터 소울실버 (Korea, IPGK, header ROM version 0)",/a/0/8/7,equal,88,88,,,c5966541f6d86859e8fed59a99a31e88de06d75c6df69d74f892d92550f12659,c5966541f6d86859e8fed59a99a31e88de06d75c6df69d74f892d92550f12659,232,232,Nintendo LZ10,Nintendo LZ10
"포켓몬스터 하트골드 (Korea, IPKK, header ROM version 0)","포켓몬스터 소울실버 (Korea, IPGK, header ROM version 0)",/a/0/8/7,equal,89,89,,,f9464fe775beddc1c85d3125ebe0311f9f92de1b53cee732b1f62b90c7f7ac9f,f9464fe775beddc1c85d3125ebe0311f9f92de1b53cee732b1f62b90c7f7ac9f,232,232,Nintendo LZ10,Nintendo LZ10
"포켓몬스터 하트골드 (Korea, IPKK, header ROM version 0)","포켓몬스터 소울실버 (Korea, IPGK, header ROM version 0)",/a/0/8/7,equal,90,90,,,64e3d028a657a8ba7f6f9f614d0c7f802779f6e78a4b4d7f2a188eca911c96b2,64e3d028a657a8ba7f6f9f614d0c7f802779f6e78a4b4d7f2a188eca911c96b2,188,188,Nintendo LZ10,Nintendo LZ10
"포켓몬스터 하트골드 (Korea, IPKK, header ROM version 0)","포켓몬스터 소울실버 (Korea, IPGK, header ROM version 0)",/a/0/8/7,equal,91,91,,,ad2a4fc054c87f70ceac11132db0bcd6444d3e28f136953e80ce79d89c09c93a,ad2a4fc054c87f70ceac11132db0bcd6444d3e28f136953e80ce79d89c09c93a,236,236,Nintendo LZ10,Nintendo LZ10
"포켓몬스터 하트골드 (Korea, IPKK, header ROM version 0)","포켓몬스터 소울실버 (Korea, IPGK, header ROM version 0)",/a/0/8/7,equal,92,92,,,ba03babf2f38da6adef0cd305f7fd0f414291b9e33bc218c7a135921c93ab875,ba03babf2f38da6adef0cd305f7fd0f414291b9e33bc218c7a135921c93ab875,212,212,Nintendo LZ10,Nintendo LZ10
"포켓몬스터 하트골드 (Korea, IPKK, header ROM version 0)","포켓몬스터 소울실버 (Korea, IPGK, header ROM version 0)",/a/0/8/7,equal,93,93,,,d0f3a4e8410e5f95844c56f9b3407abbfc33e48f78670532c88b623a532d6f2e,d0f3a4e8410e5f95844c56f9b3407abbfc33e48f78670532c88b623a532d6f2e,184,184,Nintendo LZ10,Nintendo LZ10
"포켓몬스터 하트골드 (Korea, IPKK, header ROM version 0)","포켓몬스터 소울실버 (Korea, IPGK, header ROM version 0)",/a/0/8/7,equal,94,94,,,93dcf80304406fc4c8be90c980ba219583cf5284b19725abf5f7a1e69a3daf8d,93dcf80304406fc4c8be90c980ba219583cf5284b19725abf5f7a1e69a3daf8d,184,184,Nintendo LZ10,Nintendo LZ10
"포켓몬스터 하트골드 (Korea, IPKK, header ROM version 0)","포켓몬스터 소울실버 (Korea, IPGK, header ROM version 0)",/a/0/8/7,equal,95,95,,,b98c962bade3169976a558f2c9808a959540d5e3a792b84b194ecf6597539e4b,b98c962bade3169976a558f2c9808a959540d5e3a792b84b194ecf6597539e4b,228,228,Nintendo LZ10,Nintendo LZ10
"포켓몬스터 하트골드 (Korea, IPKK, header ROM version 0)","포켓몬스터 소울실버 (Korea, IPGK, header ROM version 0)",/a/0/8/7,equal,96,96,,,edfc2159fcc5efa587a6582965bb829413438e933bafa7d144e51601ea9c3d65,edfc2159fcc5efa587a6582965bb829413438e933bafa7d144e51601ea9c3d65,184,184,Nintendo LZ10,Nintendo LZ10
"포켓몬스터 하트골드 (Korea, IPKK, header ROM version 0)","포켓몬스터 소울실버 (Korea, IPGK, header ROM version 0)",/a/0/8/7,equal,97,97,,,25b87d7ff3e3f880c65c5a7ffc72e5dabce3e09cf95af92356f49acb693a6430,25b87d7ff3e3f880c65c5a7ffc72e5dabce3e09cf95af92356f49acb693a6430,128,128,Nintendo LZ10,Nintendo LZ10
"포켓몬스터 하트골드 (Korea, IPKK, header ROM version 0)","포켓몬스터 소울실버 (Korea, IPGK, header ROM version 0)",/a/0/8/7,equal,98,98,,,c231469fc25d98090e81c6cc25c1e0c29374dff97ea77d7093e74fbbde3a114e,c231469fc25d98090e81c6cc25c1e0c29374dff97ea77d7093e74fbbde3a114e,192,192,Nintendo LZ10,Nintendo LZ10
"포켓몬스터 하트골드 (Korea, IPKK, header ROM version 0)","포켓몬스터 소울실버 (Korea, IPGK, header ROM version 0)",/a/0/8/7,equal,99,99,,,c9402286c90d8142da23da770a8d365e0c45ff9d614d35a28587486ca23edafc,c9402286c90d8142da23da770a8d365e0c45ff9d614d35a28587486ca23edafc,220,220,Nintendo LZ10,Nintendo LZ10
"포켓몬스터 하트골드 (Korea, IPKK, header ROM version 0)","포켓몬스터 소울실버 (Korea, IPGK, header ROM version 0)",/a/0/8/7,equal,100,100,,,e2ec75a236da98add21b8f9626254981dd31ab7f6f56b92605c30cef11a5eb99,e2ec75a236da98add21b8f9626254981dd31ab7f6f56b92605c30cef11a5eb99,168,168,Nintendo LZ10,Nintendo LZ10
"포켓몬스터 하트골드 (Korea, IPKK, header ROM version 0)","포켓몬스터 소울실버 (Korea, IPGK, header ROM version 0)",/a/0/8/7,equal,101,101,,,efd4ed8556a827f446347f52b8efcdf264188fdf434ba3617baa29a109bf00bf,efd4ed8556a827f446347f52b8efcdf264188fdf434ba3617baa29a109bf00bf,200,200,Nintendo LZ10,Nintendo LZ10
"포켓몬스터 하트골드 (Korea, IPKK, header ROM version 0)","포켓몬스터 소울실버 (Korea, IPGK, header ROM version 0)",/a/0/8/7,equal,102,102,,,5d46401d215661d14efc1fde26e72b034f1b73d0e6f9ce513ed538da9d4a2b99,5d46401d215661d14efc1fde26e72b034f1b73d0e6f9ce513ed538da9d4a2b99,192,192,Nintendo LZ10,Nintendo LZ10
"포켓몬스터 하트골드 (Korea, IPKK, header ROM version 0)","포켓몬스터 소울실버 (Korea, IPGK, header ROM version 0)",/a/0/8/7,equal,103,103,,,8f882e2d36b2da0609f343a5cddb34863f01cb5f221fa8c3c0cee97f3f19af83,8f882e2d36b2da0609f343a5cddb34863f01cb5f221fa8c3c0cee97f3f19af83,236,236,Nintendo LZ10,Nintendo LZ10
"포켓몬스터 하트골드 (Korea, IPKK, header ROM version 0)","포켓몬스터 소울실버 (Korea, IPGK, header ROM version 0)",/a/0/8/7,equal,104,104,,,ed4e020b345ec5ba0828c5a78d730cbb0e92253f8ce3d7b0110d69fca55a0125,ed4e020b345ec5ba0828c5a78d730cbb0e92253f8ce3d7b0110d69fca55a0125,200,200,Nintendo LZ10,Nintendo LZ10
"포켓몬스터 하트골드 (Korea, IPKK, header ROM version 0)","포켓몬스터 소울실버 (Korea, IPGK, header ROM version 0)",/a/0/8/7,equal,105,105,,,1ca16525b22a2d02914d2e4e9c62fc85f6cb91fcfcbb9bcff7204b111748c9bb,1ca16525b22a2d02914d2e4e9c62fc85f6cb91fcfcbb9bcff7204b111748c9bb,232,232,Nintendo LZ10,Nintendo LZ10
"포켓몬스터 하트골드 (Korea, IPKK, header ROM version 0)","포켓몬스터 소울실버 (Korea, IPGK, header ROM version 0)",/a/0/8/7,equal,106,106,,,c83ded8877bf543b34595272c3ffda9ebd04d5eac11113f626111f43d0c567f5,c83ded8877bf543b34595272c3ffda9ebd04d5eac11113f626111f43d0c567f5,208,208,Nintendo LZ10,Nintendo LZ10
"포켓몬스터 하트골드 (Korea, IPKK, header ROM version 0)","포켓몬스터 소울실버 (Korea, IPGK, header ROM version 0)",/a/0/8/7,equal,107,107,,,2ca9050fb2f162fcba9709b5ca065f0bb6498d861b5a2b0597a6fee6a06c78c3,2ca9050fb2f162fcba9709b5ca065f0bb6498d861b5a2b0597a6fee6a06c78c3,224,224,Nintendo LZ10,Nintendo LZ10
"포켓몬스터 하트골드 (Korea, IPKK, header ROM version 0)","포켓몬스터 소울실버 (Korea, IPGK, header ROM version 0)",/a/0/8/7,equal,108,108,,,8ab9e16238b56c2378ac6e44247070342d232df8e6850168c7aa2b0e9fda0bab,8ab9e16238b56c2378ac6e44247070342d232df8e6850168c7aa2b0e9fda0bab,176,176,Nintendo LZ10,Nintendo LZ10
"포켓몬스터 하트골드 (Korea, IPKK, header ROM version 0)","포켓몬스터 소울실버 (Korea, IPGK, header ROM version 0)",/a/0/8/7,equal,109,109,,,12add46109062cbdf81b2b8a8f79c65654cc4eea49ebc567abebbe08707b2b39,12add46109062cbdf81b2b8a8f79c65654cc4eea49ebc567abebbe08707b2b39,208,208,Nintendo LZ10,Nintendo LZ10
"포켓몬스터 하트골드 (Korea, IPKK, header ROM version 0)","포켓몬스터 소울실버 (Korea, IPGK, header ROM version 0)",/a/0/8/7,equal,110,110,,,a7c0f6fca930d9325fecaa2d4c8818666cdaeebb89e0189b88a132d205ceb123,a7c0f6fca930d9325fecaa2d4c8818666cdaeebb89e0189b88a132d205ceb123,236,236,Nintendo LZ10,Nintendo LZ10
"포켓몬스터 하트골드 (Korea, IPKK, header ROM version 0)","포켓몬스터 소울실버 (Korea, IPGK, header ROM version 0)",/a/0/8/7,equal,111,111,,,bf8b0f3ef4f5acc6a5083cc4179dc74317737de7ce679029404681d9b6cd4094,bf8b0f3ef4f5acc6a5083cc4179dc74317737de7ce679029404681d9b6cd4094,252,252,Nintendo LZ10,Nintendo LZ10
"포켓몬스터 하트골드 (Korea, IPKK, header ROM version 0)","포켓몬스터 소울실버 (Korea, IPGK, header ROM version 0)",/a/0/8/7,equal,112,112,,,98832c5e7f90bc6da400449ccbf3b0bd38adf3deb6d13a54cd4ac76e46f8234f,98832c5e7f90bc6da400449ccbf3b0bd38adf3deb6d13a54cd4ac76e46f8234f,240,240,Nintendo LZ10,Nintendo LZ10
"포켓몬스터 하트골드 (Korea, IPKK, header ROM version 0)","포켓몬스터 소울실버 (Korea, IPGK, header ROM version 0)",/a/0/8/7,equal,113,113,,,81c7a14c7b832f1f996abb7f8fa13d1df7d5f34754de67abc752bb305087399f,81c7a14c7b832f1f996abb7f8fa13d1df7d5f34754de67abc752bb305087399f,216,216,Nintendo LZ10,Nintendo LZ10
"포켓몬스터 하트골드 (Korea, IPKK, header ROM version 0)","포켓몬스터 소울실버 (Korea, IPGK, header ROM version 0)",/a/0/8/7,equal,114,114,,,a96ea39fe18840160b3c5024aff3e13d81340003ba22962bea351e658080bf53,a96ea39fe18840160b3c5024aff3e13d81340003ba22962bea351e658080bf53,192,192,Nintendo LZ10,Nintendo LZ10
"포켓몬스터 하트골드 (Korea, IPKK, header ROM version 0)","포켓몬스터 소울실버 (Korea, IPGK, header ROM version 0)",/a/0/8/7,equal,115,115,,,32b03d5e9658f646a413257a10632c25d186e33335fb5e0e24386cf97fe651e6,32b03d5e9658f646a413257a10632c25d186e33335fb5e0e24386cf97fe651e6,180,180,Nintendo LZ10,Nintendo LZ10
"포켓몬스터 하트골드 (Korea, IPKK, header ROM version 0)","포켓몬스터 소울실버 (Korea, IPGK, header ROM version 0)",/a/0/8/7,equal,116,116,,,df3eccf47f1527a8d69d44c20e97f6a2c28adeb0c721a3bdd0385e627d9ab0fd,df3eccf47f1527a8d69d44c20e97f6a2c28adeb0c721a3bdd0385e627d9ab0fd,212,212,Nintendo LZ10,Nintendo LZ10
"포켓몬스터 하트골드 (Korea, IPKK, header ROM version 0)","포켓몬스터 소울실버 (Korea, IPGK, header ROM version 0)",/a/0/8/7,equal,117,117,,,e54a52d390b228bd11c764eef2a38bde71796e60024514bff9d5fb14db52272f,e54a52d390b228bd11c764eef2a38bde71796e60024514bff9d5fb14db52272f,252,252,Nintendo LZ10,Nintendo LZ10
"포켓몬스터 하트골드 (Korea, IPKK, header ROM version 0)","포켓몬스터 소울실버 (Korea, IPGK, header ROM version 0)",/a/0/8/7,equal,118,118,,,5b2900477cf3876d872b3e1b15e59df10ef6c7e7aaf02e67d731b852b17b1169,5b2900477cf3876d872b3e1b15e59df10ef6c7e7aaf02e67d731b852b17b1169,236,236,Nintendo LZ10,Nintendo LZ10
"포켓몬스터 하트골드 (Korea, IPKK, header ROM version 0)","포켓몬스터 소울실버 (Korea, IPGK, header ROM version 0)",/a/0/8/7,equal,119,119,,,dadd1d3098e778044ddcd8a7186d1831aa1e3a72df5aa325d306ff407f4f7428,dadd1d3098e778044ddcd8a7186d1831aa1e3a72df5aa325d306ff407f4f7428,272,272,Nintendo LZ10,Nintendo LZ10
"포켓몬스터 하트골드 (Korea, IPKK, header ROM version 0)","포켓몬스터 소울실버 (Korea, IPGK, header ROM version 0)",/a/0/8/8,equal,0,0,,,f1f5f405e204abcb7a27e6752fe4d8fe04d53483ded38d79f6630d217c6202d0,f1f5f405e204abcb7a27e6752fe4d8fe04d53483ded38d79f6630d217c6202d0,314,314,NANR animation,NANR animation
"포켓몬스터 하트골드 (Korea, IPKK, header ROM version 0)","포켓몬스터 소울실버 (Korea, IPGK, header ROM version 0)",/a/0/8/8,equal,1,1,,,da11fb4139a47e1181a22df93f4802d4e11c61ca2feb48f8e5c272f20bbb17de,da11fb4139a47e1181a22df93f4802d4e11c61ca2feb48f8e5c272f20bbb17de,250,250,NCER cell,NCER cell
"포켓몬스터 하트골드 (Korea, IPKK, header ROM version 0)","포켓몬스터 소울실버 (Korea, IPGK, header ROM version 0)",/a/0/8/8,equal,2,2,,,c05673a04d5a972ae1ef3379b06c67cb92d36e7b2ca3fc6b679442441beab15e,c05673a04d5a972ae1ef3379b06c67cb92d36e7b2ca3fc6b679442441beab15e,13888,13888,NCGR graphics,NCGR graphics
"포켓몬스터 하트골드 (Korea, IPKK, header ROM version 0)","포켓몬스터 소울실버 (Korea, IPGK, header ROM version 0)",/a/0/8/8,equal,3,3,,,d1b9957bdf9697c1e0bd8c16f7e5cc354e4bcdb4c2948d4cae6b53bfe6fb5297,d1b9957bdf9697c1e0bd8c16f7e5cc354e4bcdb4c2948d4cae6b53bfe6fb5297,328,328,NCLR palette,NCLR palette
"포켓몬스터 하트골드 (Korea, IPKK, header ROM version 0)","포켓몬스터 소울실버 (Korea, IPGK, header ROM version 0)",/a/0/8/8,equal,4,4,,,d1b9957bdf9697c1e0bd8c16f7e5cc354e4bcdb4c2948d4cae6b53bfe6fb5297,d1b9957bdf9697c1e0bd8c16f7e5cc354e4bcdb4c2948d4cae6b53bfe6fb5297,328,328,NCLR palette,NCLR palette
"포켓몬스터 하트골드 (Korea, IPKK, header ROM version 0)","포켓몬스터 소울실버 (Korea, IPGK, header ROM version 0)",/a/0/8/8,equal,5,5,,,519e5497f5dfad43c089f955fe74537f39353bbddd4c94bc183059e9d095bce8,519e5497f5dfad43c089f955fe74537f39353bbddd4c94bc183059e9d095bce8,192,192,NCLR palette,NCLR palette
"포켓몬스터 하트골드 (Korea, IPKK, header ROM version 0)","포켓몬스터 소울실버 (Korea, IPGK, header ROM version 0)",/a/0/8/8,equal,6,6,,,5217424e8dcdb54e8945f2b6bcebebb5351682ee72b6f0aa92eb3f988f6f56ac,5217424e8dcdb54e8945f2b6bcebebb5351682ee72b6f0aa92eb3f988f6f56ac,1572,1572,NSCR screen map,NSCR screen map
"포켓몬스터 하트골드 (Korea, IPKK, header ROM version 0)","포켓몬스터 소울실버 (Korea, IPGK, header ROM version 0)",/a/0/8/8,equal,7,7,,,e1b6d7c2ea8699bdd8d04d5c1c813c7590a4e7ca26c092098d63b6830e50c138,e1b6d7c2ea8699bdd8d04d5c1c813c7590a4e7ca26c092098d63b6830e50c138,1572,1572,NSCR screen map,NSCR screen map
"포켓몬스터 하트골드 (Korea, IPKK, header ROM version 0)","포켓몬스터 소울실버 (Korea, IPGK, header ROM version 0)",/a/0/8/8,equal,8,8,,,5497b3072b21016e64a628e908a82c8f013856021d9fbd0b8dd2e78af3b1a917,5497b3072b21016e64a628e908a82c8f013856021d9fbd0b8dd2e78af3b1a917,1572,1572,NSCR screen map,NSCR screen map
"포켓몬스터 하트골드 (Korea, IPKK, header ROM version 0)","포켓몬스터 소울실버 (Korea, IPGK, header ROM version 0)",/a/0/8/8,equal,9,9,,,ab8a9c68d55e706ec11a5f31d1035109d948c979145bf4b69faa97cc678d165c,ab8a9c68d55e706ec11a5f31d1035109d948c979145bf4b69faa97cc678d165c,688,688,NCGR graphics,NCGR graphics
"포켓몬스터 하트골드 (Korea, IPKK, header ROM version 0)","포켓몬스터 소울실버 (Korea, IPGK, header ROM version 0)",/a/0/8/8,equal,10,10,,,7b5ae48cd7888b42010c42dc151c578ac72bb294ac0a8201f5c061f20bed77e3,7b5ae48cd7888b42010c42dc151c578ac72bb294ac0a8201f5c061f20bed77e3,552,552,NCLR palette,NCLR palette
"포켓몬스터 하트골드 (Korea, IPKK, header ROM version 0)","포켓몬스터 소울실버 (Korea, IPGK, header ROM version 0)",/a/0/8/8,equal,11,11,,,d14fdf6d7642ded303e3344043ce99bd5254e613ede8e88155d4807eac5c70ef,d14fdf6d7642ded303e3344043ce99bd5254e613ede8e88155d4807eac5c70ef,32832,32832,NCGR graphics,NCGR graphics
"포켓몬스터 하트골드 (Korea, IPKK, header ROM version 0)","포켓몬스터 소울실버 (Korea, IPGK, header ROM version 0)",/a/0/8/8,equal,12,12,,,12379113968704f4a919d0149b6df585c0c625675bf632cc3fbfd9b6213c446b,12379113968704f4a919d0149b6df585c0c625675bf632cc3fbfd9b6213c446b,1572,1572,NSCR screen map,NSCR screen map
"포켓몬스터 하트골드 (Korea, IPKK, header ROM version 0)","포켓몬스터 소울실버 (Korea, IPGK, header ROM version 0)",/a/0/8/8,equal,13,13,,,9d6d226f0bdf07a79fc75bc8e102fdca31e20cf877adf95ee0328128e70a2e84,9d6d226f0bdf07a79fc75bc8e102fdca31e20cf877adf95ee0328128e70a2e84,1600,1600,NCGR graphics,NCGR graphics
"포켓몬스터 하트골드 (Korea, IPKK, header ROM version 0)","포켓몬스터 소울실버 (Korea, IPGK, header ROM version 0)",/a/0/8/8,equal,14,14,,,f44b27966d8c40ca27a63a4097aa83760d1e97eaedae016d59921a3ba38c56e9,f44b27966d8c40ca27a63a4097aa83760d1e97eaedae016d59921a3ba38c56e9,552,552,NCLR palette,NCLR palette
"포켓몬스터 하트골드 (Korea, IPKK, header ROM version 0)","포켓몬스터 소울실버 (Korea, IPGK, header ROM version 0)",/a/0/8/8,equal,15,15,,,296dccb152edfa47d0a87d44317aa46d69d596e6cbae285421cd5a5c0e4e602e,296dccb152edfa47d0a87d44317aa46d69d596e6cbae285421cd5a5c0e4e602e,132,132,NSCR screen map,NSCR screen map
"포켓몬스터 하트골드 (Korea, IPKK, header ROM version 0)","포켓몬스터 소울실버 (Korea, IPGK, header ROM version 0)",/a/0/8/8,equal,16,16,,,5941c696a80dd6561b2f4e424fcde655c098a3416233e5ee1000d5f6d29bbb8f,5941c696a80dd6561b2f4e424fcde655c098a3416233e5ee1000d5f6d29bbb8f,16448,16448,NCGR graphics,NCGR graphics
"포켓몬스터 하트골드 (Korea, IPKK, header ROM version 0)","포켓몬스터 소울실버 (Korea, IPGK, header ROM version 0)",/a/0/8/8,equal,17,17,,,3ea3c193d14d2a7503900f61f49fe91e0b1e06772f6dcaa4c906fa7632927b32,3ea3c193d14d2a7503900f61f49fe91e0b1e06772f6dcaa4c906fa7632927b32,552,552,NCLR palette,NCLR palette
"포켓몬스터 하트골드 (Korea, IPKK, header ROM version 0)","포켓몬스터 소울실버 (Korea, IPGK, header ROM version 0)",/a/0/8/8,equal,18,18,,,7d11a66d0baba8c60a963b79641011633c67dd73116b75c7672075907c7186b5,7d11a66d0baba8c60a963b79641011633c67dd73116b75c7672075907c7186b5,1572,1572,NSCR screen map,NSCR screen map
"포켓몬스터 하트골드 (Korea, IPKK, header ROM version 0)","포켓몬스터 소울실버 (Korea, IPGK, header ROM version 0)",/a/0/8/8,equal,19,19,,,493de474c7e82b4420520a1e8b13d02e192d1a5e73e33d8d77a84dfa4095c23c,493de474c7e82b4420520a1e8b13d02e192d1a5e73e33d8d77a84dfa4095c23c,24640,24640,NCGR graphics,NCGR graphics
"포켓몬스터 하트골드 (Korea, IPKK, header ROM version 0)","포켓몬스터 소울실버 (Korea, IPGK, header ROM version 0)",/a/0/8/8,equal,20,20,,,d1f67f9e927c47f6f10379d87de98c1162a85532855c844deb217827b366faf2,d1f67f9e927c47f6f10379d87de98c1162a85532855c844deb217827b366faf2,552,552,NCLR palette,NCLR palette
"포켓몬스터 하트골드 (Korea, IPKK, header ROM version 0)","포켓몬스터 소울실버 (Korea, IPGK, header ROM version 0)",/a/0/8/8,equal,21,21,,,4e56323f4f968ed56cab84f6edd3d16307aa8ca6d81548a7989ceb54f15ee509,4e56323f4f968ed56cab84f6edd3d16307aa8ca6d81548a7989ceb54f15ee509,1764,1764,NSCR screen map,NSCR screen map
"포켓몬스터 하트골드 (Korea, IPKK, header ROM version 0)","포켓몬스터 소울실버 (Korea, IPGK, header ROM version 0)",/a/0/8/8,equal,22,22,,,dd4a1dd779b3ba469b52f8b9e69e8dfe741e769d079a15ae0638d8e4bb328cdf,dd4a1dd779b3ba469b52f8b9e69e8dfe741e769d079a15ae0638d8e4bb328cdf,1572,1572,NSCR screen map,NSCR screen map
"포켓몬스터 하트골드 (Korea, IPKK, header ROM version 0)","포켓몬스터 소울실버 (Korea, IPGK, header ROM version 0)",/a/0/8/8,equal,23,23,,,4b2994dceb37652409b2518a7a8eda1e1a2cf8ee8ff415d271c906cf1cd0a376,4b2994dceb37652409b2518a7a8eda1e1a2cf8ee8ff415d271c906cf1cd0a376,1572,1572,NSCR screen map,NSCR screen map
"포켓몬스터 하트골드 (Korea, IPKK, header ROM version 0)","포켓몬스터 소울실버 (Korea, IPGK, header ROM version 0)",/a/0/8/8,equal,24,24,,,3154092d5e5a44ee9cec579fa3d81d9e6b5b8f1d668ce16b555d4786bcbf137b,3154092d5e5a44ee9cec579fa3d81d9e6b5b8f1d668ce16b555d4786bcbf137b,1572,1572,NSCR screen map,NSCR screen map
"포켓몬스터 하트골드 (Korea, IPKK, header ROM version 0)","포켓몬스터 소울실버 (Korea, IPGK, header ROM version 0)",/a/0/8/8,equal,25,25,,,bd020f3759b6c032a9104f25356d6eb398205e20f1d30f8cc2d4351e88c91a37,bd020f3759b6c032a9104f25356d6eb398205e20f1d30f8cc2d4351e88c91a37,1572,1572,NSCR screen map,NSCR screen map
"포켓몬스터 하트골드 (Korea, IPKK, header ROM version 0)","포켓몬스터 소울실버 (Korea, IPGK, header ROM version 0)",/a/0/8/8,equal,26,26,,,45624b5c38b557b7dc3223d8b519c741de8d750cf9592a09c86863f726ca24b1,45624b5c38b557b7dc3223d8b519c741de8d750cf9592a09c86863f726ca24b1,1572,1572,NSCR screen map,NSCR screen map
"포켓몬스터 하트골드 (Korea, IPKK, header ROM version 0)","포켓몬스터 소울실버 (Korea, IPGK, header ROM version 0)",/a/0/8/8,equal,27,27,,,c3bb245914398f791df882e55d3b26523fce0ddd094bb13d44fbd21a26c5823e,c3bb245914398f791df882e55d3b26523fce0ddd094bb13d44fbd21a26c5823e,1572,1572,NSCR screen map,NSCR screen map
"포켓몬스터 하트골드 (Korea, IPKK, header ROM version 0)","포켓몬스터 소울실버 (Korea, IPGK, header ROM version 0)",/a/0/8/8,equal,28,28,,,5893f33d8cecf4692d837a279dfaf4295fdb9e951bbcfd8a36f1d469e5534691,5893f33d8cecf4692d837a279dfaf4295fdb9e951bbcfd8a36f1d469e5534691,1572,1572,NSCR screen map,NSCR screen map
"포켓몬스터 하트골드 (Korea, IPKK, header ROM version 0)","포켓몬스터 소울실버 (Korea, IPGK, header ROM version 0)",/a/0/8/8,equal,29,29,,,bb5a3c0a081c0784f00e6d822e8efbafdbb11c37ec488193a0da899310b1a4e5,bb5a3c0a081c0784f00e6d822e8efbafdbb11c37ec488193a0da899310b1a4e5,548,548,NSCR screen map,NSCR screen map
"포켓몬스터 하트골드 (Korea, IPKK, header ROM version 0)","포켓몬스터 소울실버 (Korea, IPGK, header ROM version 0)",/a/0/8/8,equal,30,30,,,ce4b5a7d03c4477e481382f00c73a6770657e188ded21a52ec4d8410e42c3293,ce4b5a7d03c4477e481382f00c73a6770657e188ded21a52ec4d8410e42c3293,16448,16448,NCGR graphics,NCGR graphics
"포켓몬스터 하트골드 (Korea, IPKK, header ROM version 0)","포켓몬스터 소울실버 (Korea, IPGK, header ROM version 0)",/a/0/8/8,equal,31,31,,,9a7dd716f0e34eacf42497b3087e2e5bb46eb6306fb0030dbe911f93422ec362,9a7dd716f0e34eacf42497b3087e2e5bb46eb6306fb0030dbe911f93422ec362,552,552,NCLR palette,NCLR palette
"포켓몬스터 하트골드 (Korea, IPKK, header ROM version 0)","포켓몬스터 소울실버 (Korea, IPGK, header ROM version 0)",/a/0/8/8,equal,32,32,,,2fe5de7915172529148366ac1dc6ff1f3263f9efe2541759da97476350c7dbcd,2fe5de7915172529148366ac1dc6ff1f3263f9efe2541759da97476350c7dbcd,552,552,NCLR palette,NCLR palette
"포켓몬스터 하트골드 (Korea, IPKK, header ROM version 0)","포켓몬스터 소울실버 (Korea, IPGK, header ROM version 0)",/a/0/8/8,equal,33,33,,,2c5fa4e62873ffef882f03cb97dbd4d894451dce0e46ebe019817bdb82ca8382,2c5fa4e62873ffef882f03cb97dbd4d894451dce0e46ebe019817bdb82ca8382,1572,1572,NSCR screen map,NSCR screen map
"포켓몬스터 하트골드 (Korea, IPKK, header ROM version 0)","포켓몬스터 소울실버 (Korea, IPGK, header ROM version 0)",/a/0/8/8,equal,34,34,,,1a3b207991d0aebba69528c4728a8572323708d756da33b7370a9177788132d1,1a3b207991d0aebba69528c4728a8572323708d756da33b7370a9177788132d1,1572,1572,NSCR screen map,NSCR screen map
"포켓몬스터 하트골드 (Korea, IPKK, header ROM version 0)","포켓몬스터 소울실버 (Korea, IPGK, header ROM version 0)",/a/0/8/8,equal,35,35,,,3146bcbc6dadccc7e9fb1ba07b7d2781601bf4e1526a272c1fb5bec59b2e590d,3146bcbc6dadccc7e9fb1ba07b7d2781601bf4e1526a272c1fb5bec59b2e590d,2148,2148,NSCR screen map,NSCR screen map
"포켓몬스터 하트골드 (Korea, IPKK, header ROM version 0)","포켓몬스터 소울실버 (Korea, IPGK, header ROM version 0)",/a/0/8/8,equal,36,36,,,a771bae4ba4688b8cd3fae4ae0b78eb96e71c589ef94119b6ba0511e51604f4c,a771bae4ba4688b8cd3fae4ae0b78eb96e71c589ef94119b6ba0511e51604f4c,2724,2724,NSCR screen map,NSCR screen map
"포켓몬스터 하트골드 (Korea, IPKK, header ROM version 0)","포켓몬스터 소울실버 (Korea, IPGK, header ROM version 0)",/a/0/8/8,equal,37,37,,,e1cbb6dbb8c9128c4f0b8695c14dd45ad39fee479c580cf267baa8176bba63e9,e1cbb6dbb8c9128c4f0b8695c14dd45ad39fee479c580cf267baa8176bba63e9,552,552,NCLR palette,NCLR palette
"포켓몬스터 하트골드 (Korea, IPKK, header ROM version 0)","포켓몬스터 소울실버 (Korea, IPGK, header ROM version 0)",/a/0/8/8,equal,38,38,,,500846c0c797435f185f3f6a25714dab50a8d4049c03440f60132f206b614c63,500846c0c797435f185f3f6a25714dab50a8d4049c03440f60132f206b614c63,432,432,NCGR graphics,NCGR graphics
"포켓몬스터 하트골드 (Korea, IPKK, header ROM version 0)","포켓몬스터 소울실버 (Korea, IPGK, header ROM version 0)",/a/0/8/8,equal,39,39,,,0b7a5ef306d0117e08e1b1cb99808ee7e0281717cac0ffa2dd4fbda4753be792,0b7a5ef306d0117e08e1b1cb99808ee7e0281717cac0ffa2dd4fbda4753be792,194,194,NCER cell,NCER cell
"포켓몬스터 하트골드 (Korea, IPKK, header ROM version 0)","포켓몬스터 소울실버 (Korea, IPGK, header ROM version 0)",/a/0/8/8,equal,40,40,,,25eaf0377fc9e7bcdd06f452c7ccf962533af931833c85fe38c7ce35c929dd2b,25eaf0377fc9e7bcdd06f452c7ccf962533af931833c85fe38c7ce35c929dd2b,166,166,NANR animation,NANR animation
"포켓몬스터 하트골드 (Korea, IPKK, header ROM version 0)","포켓몬스터 소울실버 (Korea, IPGK, header ROM version 0)",/a/0/8/8,equal,41,41,,,b3ecab45d82ff25faeb855c25d783007fe75cbbe17f2407d39940008369922eb,b3ecab45d82ff25faeb855c25d783007fe75cbbe17f2407d39940008369922eb,755,755,NCER cell,NCER cell
"포켓몬스터 하트골드 (Korea, IPKK, header ROM version 0)","포켓몬스터 소울실버 (Korea, IPGK, header ROM version 0)",/a/0/8/8,equal,42,42,,,4ad4b01eb5a83bff3ce09de7d5d780ac398f3dc7656904045bf000db144bf1a9,4ad4b01eb5a83bff3ce09de7d5d780ac398f3dc7656904045bf000db144bf1a9,527,527,NANR animation,NANR animation
"포켓몬스터 하트골드 (Korea, IPKK, header ROM version 0)","포켓몬스터 소울실버 (Korea, IPGK, header ROM version 0)",/a/0/8/8,equal,43,43,,,129fa5792502c39fae14950b2e02ee97ec11e416028e977d16ffda054eba9857,129fa5792502c39fae14950b2e02ee97ec11e416028e977d16ffda054eba9857,2000,2000,NCGR graphics,NCGR graphics
"포켓몬스터 하트골드 (Korea, IPKK, header ROM version 0)","포켓몬스터 소울실버 (Korea, IPGK, header ROM version 0)",/a/0/8/8,equal,44,44,,,70405230dd537d353b82b437f3d912495ac82e8d4a88225fbdc7d4f4ed9a5a1c,70405230dd537d353b82b437f3d912495ac82e8d4a88225fbdc7d4f4ed9a5a1c,552,552,NCLR palette,NCLR palette
"포켓몬스터 하트골드 (Korea, IPKK, header ROM version 0)","포켓몬스터 소울실버 (Korea, IPGK, header ROM version 0)",/a/0/8/8,equal,45,45,,,6569f38ca22773418576d21af03466887a92891009e42416177e0bcfeba75ed7,6569f38ca22773418576d21af03466887a92891009e42416177e0bcfeba75ed7,552,552,NCLR palette,NCLR palette
"포켓몬스터 하트골드 (Korea, IPKK, header ROM version 0)","포켓몬스터 소울실버 (Korea, IPGK, header ROM version 0)",/a/0/8/8,equal,46,46,,,71d193dc3e640e9f3d3ad5b3b8217ae4b8c0ef020523e3cd45636b8d1f972ed1,71d193dc3e640e9f3d3ad5b3b8217ae4b8c0ef020523e3cd45636b8d1f972ed1,2112,2112,NCGR graphics,NCGR graphics
"포켓몬스터 하트골드 (Korea, IPKK, header ROM version 0)","포켓몬스터 소울실버 (Korea, IPGK, header ROM version 0)",/a/0/8/8,equal,47,47,,,818372e57c7f3c9701d35513caea8688c13b2f182d946aca762e543104b711b1,818372e57c7f3c9701d35513caea8688c13b2f182d946aca762e543104b711b1,2084,2084,NSCR screen map,NSCR screen map
"포켓몬스터 하트골드 (Korea, IPKK, header ROM version 0)","포켓몬스터 소울실버 (Korea, IPGK, header ROM version 0)",/a/0/8/9,equal,0,0,,,4dc4ffa700c61b65a6e332c649cf30226a68065beac5d0c98b254eda6d2e80c5,4dc4ffa700c61b65a6e332c649cf30226a68065beac5d0c98b254eda6d2e80c5,2062,2062,Nintendo LZ10,Nintendo LZ10
"포켓몬스터 하트골드 (Korea, IPKK, header ROM version 0)","포켓몬스터 소울실버 (Korea, IPGK, header ROM version 0)",/a/0/8/9,equal,1,1,,,68c9f04412ebb1b0ac92ff3092c278d2125b60237f0cecacf96d79ac12dd1298,68c9f04412ebb1b0ac92ff3092c278d2125b60237f0cecacf96d79ac12dd1298,2062,2062,Nintendo LZ10,Nintendo LZ10
"포켓몬스터 하트골드 (Korea, IPKK, header ROM version 0)","포켓몬스터 소울실버 (Korea, IPGK, header ROM version 0)",/a/0/8/9,equal,2,2,,,d8ea81000d763d5497718a1449f6cd425916a9990bd581b711645f50d6d3a247,d8ea81000d763d5497718a1449f6cd425916a9990bd581b711645f50d6d3a247,503,503,Nintendo LZ10,Nintendo LZ10
"포켓몬스터 하트골드 (Korea, IPKK, header ROM version 0)","포켓몬스터 소울실버 (Korea, IPGK, header ROM version 0)",/a/0/8/9,equal,3,3,,,4b917d375a884100f5682e0b5aeaf0793da3823ef9bfd0d250923a1e2caf580b,4b917d375a884100f5682e0b5aeaf0793da3823ef9bfd0d250923a1e2caf580b,570,570,NCLR palette,NCLR palette
"포켓몬스터 하트골드 (Korea, IPKK, header ROM version 0)","포켓몬스터 소울실버 (Korea, IPGK, header ROM version 0)",/a/0/8/9,equal,4,4,,,14a62720ef5b902863cdc109675f7a6584d83cf445e7a378cc7ed6ef496f2eec,14a62720ef5b902863cdc109675f7a6584d83cf445e7a378cc7ed6ef496f2eec,2340,2340,Nintendo LZ10,Nintendo LZ10
"포켓몬스터 하트골드 (Korea, IPKK, header ROM version 0)","포켓몬스터 소울실버 (Korea, IPGK, header ROM version 0)",/a/0/8/9,equal,5,5,,,df61a2677d2eec67d55d56e30ba3e018825dec35583576e72acca5828370a426,df61a2677d2eec67d55d56e30ba3e018825dec35583576e72acca5828370a426,2515,2515,Nintendo LZ10,Nintendo LZ10
"포켓몬스터 하트골드 (Korea, IPKK, header ROM version 0)","포켓몬스터 소울실버 (Korea, IPGK, header ROM version 0)",/a/0/8/9,equal,6,6,,,bef8da2d7104a272aaa05e0e64da66e11c503556f62a24c7c05edde34c650e61,bef8da2d7104a272aaa05e0e64da66e11c503556f62a24c7c05edde34c650e61,570,570,NCLR palette,NCLR palette
"포켓몬스터 하트골드 (Korea, IPKK, header ROM version 0)","포켓몬스터 소울실버 (Korea, IPGK, header ROM version 0)",/a/0/8/9,equal,7,7,,,4b9efb96c586fb76aa59ac3583907353e3583cf66e1dadddbbb12210c5f88495,4b9efb96c586fb76aa59ac3583907353e3583cf66e1dadddbbb12210c5f88495,347,347,Nintendo LZ10,Nintendo LZ10
"포켓몬스터 하트골드 (Korea, IPKK, header ROM version 0)","포켓몬스터 소울실버 (Korea, IPGK, header ROM version 0)",/a/0/8/9,equal,8,8,,,6c724d5ea65e2fb2f881efc66b98b894c3e5928d753bb156fcf921170dd7ebdf,6c724d5ea65e2fb2f881efc66b98b894c3e5928d753bb156fcf921170dd7ebdf,221,221,Nintendo LZ10,Nintendo LZ10
"포켓몬스터 하트골드 (Korea, IPKK, header ROM version 0)","포켓몬스터 소울실버 (Korea, IPGK, header ROM version 0)",/a/0/8/9,equal,9,9,,,2ad00b86c832b91590ec3e8c2ea403347186dfd3d11f1aa26e4c58b1c6a191fb,2ad00b86c832b91590ec3e8c2ea403347186dfd3d11f1aa26e4c58b1c6a191fb,1565,1565,Nintendo LZ10,Nintendo LZ10
"포켓몬스터 하트골드 (Korea, IPKK, header ROM version 0)","포켓몬스터 소울실버 (Korea, IPGK, header ROM version 0)",/a/0/8/9,equal,10,10,,,cb4e3e52f8d98a7532a1eb5418388377c413088fc16a15951d1cc086253743c6,cb4e3e52f8d98a7532a1eb5418388377c413088fc16a15951d1cc086253743c6,124,124,NCLR palette,NCLR palette
"포켓몬스터 하트골드 (Korea, IPKK, header ROM version 0)","포켓몬스터 소울실버 (Korea, IPGK, header ROM version 0)",/a/0/8/9,equal,11,11,,,5415c48f7e604bc013893426a714acaae147719d81b1ef48b3d15686d767b997,5415c48f7e604bc013893426a714acaae147719d81b1ef48b3d15686d767b997,128,128,Nintendo LZ10,Nintendo LZ10
"포켓몬스터 하트골드 (Korea, IPKK, header ROM version 0)","포켓몬스터 소울실버 (Korea, IPGK, header ROM version 0)",/a/0/8/9,equal,12,12,,,dfd319f9b3fb0f63060774087984216ccc8fb2bb7249e15bb21de07e944cf63f,dfd319f9b3fb0f63060774087984216ccc8fb2bb7249e15bb21de07e944cf63f,106,106,Nintendo LZ10,Nintendo LZ10
"포켓몬스터 하트골드 (Korea, IPKK, header ROM version 0)","포켓몬스터 소울실버 (Korea, IPGK, header ROM version 0)",/a/0/8/9,equal,13,13,,,10ad1308bb238de2756dc6b4e8cd9348518b603a48735cbde2ea81a4a42ef113,10ad1308bb238de2756dc6b4e8cd9348518b603a48735cbde2ea81a4a42ef113,94,94,Nintendo LZ10,Nintendo LZ10
"포켓몬스터 하트골드 (Korea, IPKK, header ROM version 0)","포켓몬스터 소울실버 (Korea, IPGK, header ROM version 0)",/a/0/8/9,equal,14,14,,,211a391f91776db3eeabcd3c9225d824990d624e61c6e2c35a675cd80d997a23,211a391f91776db3eeabcd3c9225d824990d624e61c6e2c35a675cd80d997a23,90,90,NCLR palette,NCLR palette
"포켓몬스터 하트골드 (Korea, IPKK, header ROM version 0)","포켓몬스터 소울실버 (Korea, IPGK, header ROM version 0)",/a/0/8/9,equal,15,15,,,42ddcf3574edbea2a02e7c8a311f16f0dd2bbad50c9a3c2e612cc2ee34241c10,42ddcf3574edbea2a02e7c8a311f16f0dd2bbad50c9a3c2e612cc2ee34241c10,1717,1717,Nintendo LZ10,Nintendo LZ10
"포켓몬스터 하트골드 (Korea, IPKK, header ROM version 0)","포켓몬스터 소울실버 (Korea, IPGK, header ROM version 0)",/a/0/8/9,equal,16,16,,,bd6844749331d4ecfac0b6abbf1796059b83147e5fa3556baa6a76b98415f394,bd6844749331d4ecfac0b6abbf1796059b83147e5fa3556baa6a76b98415f394,4115,4115,Nintendo LZ10,Nintendo LZ10
"포켓몬스터 하트골드 (Korea, IPKK, header ROM version 0)","포켓몬스터 소울실버 (Korea, IPGK, header ROM version 0)",/a/0/8/9,equal,17,17,,,e1848c06fe50c9292ef1e3dd015175ce1684303d625c9bcf02a193774a1396a8,e1848c06fe50c9292ef1e3dd015175ce1684303d625c9bcf02a193774a1396a8,192,192,NCLR palette,NCLR palette
"포켓몬스터 하트골드 (Korea, IPKK, header ROM version 0)","포켓몬스터 소울실버 (Korea, IPGK, header ROM version 0)",/a/0/8/9,equal,18,18,,,ee6659f57eafb358244ce64ca25b50b559be45f63702ea17316593a167e3f2d4,ee6659f57eafb358244ce64ca25b50b559be45f63702ea17316593a167e3f2d4,241,241,Nintendo LZ10,Nintendo LZ10
"포켓몬스터 하트골드 (Korea, IPKK, header ROM version 0)","포켓몬스터 소울실버 (Korea, IPGK, header ROM version 0)",/a/0/8/9,equal,19,19,,,722fb24cfd66a4b21791977048e05ef3903978bc040ebcde00e3eae3ac2abcec,722fb24cfd66a4b21791977048e05ef3903978bc040ebcde00e3eae3ac2abcec,138,138,Nintendo LZ10,Nintendo LZ10
"포켓몬스터 하트골드 (Korea, IPKK, header ROM version 0)","포켓몬스터 소울실버 (Korea, IPGK, header ROM version 0)",/a/0/8/9,equal,20,20,,,a0e4b72c130f7acbac2494ad07fdaefc4f19ca3dd796b0a6cfb295e1cfae08a2,a0e4b72c130f7acbac2494ad07fdaefc4f19ca3dd796b0a6cfb295e1cfae08a2,90,90,NCLR palette,NCLR palette
"포켓몬스터 하트골드 (Korea, IPKK, header ROM version 0)","포켓몬스터 소울실버 (Korea, IPGK, header ROM version 0)",/a/0/8/9,equal,21,21,,,209f0bc014d199b7a62c0a3fc875f0111b6381e38f904741af3bdb4050b46fcc,209f0bc014d199b7a62c0a3fc875f0111b6381e38f904741af3bdb4050b46fcc,223,223,Nintendo LZ10,Nintendo LZ10
"포켓몬스터 하트골드 (Korea, IPKK, header ROM version 0)","포켓몬스터 소울실버 (Korea, IPGK, header ROM version 0)",/a/0/8/9,equal,22,22,,,17f9cbbe82abd559540bf46767ec29b73c9d97f3624016310efddb75d551a5ec,17f9cbbe82abd559540bf46767ec29b73c9d97f3624016310efddb75d551a5ec,67,67,Nintendo LZ10,Nintendo LZ10
"포켓몬스터 하트골드 (Korea, IPKK, header ROM version 0)","포켓몬스터 소울실버 (Korea, IPGK, header ROM version 0)",/a/0/8/9,equal,23,23,,,c0271136bd9931784ad318c6627825325edece729af84c059d16a61ebf57e459,c0271136bd9931784ad318c6627825325edece729af84c059d16a61ebf57e459,90,90,NCLR palette,NCLR palette
"포켓몬스터 하트골드 (Korea, IPKK, header ROM version 0)","포켓몬스터 소울실버 (Korea, IPGK, header ROM version 0)",/a/0/8/9,equal,24,24,,,e4e84d17254e79d023f218dddc56e70973228f30061fbc22228daf80ba15cb5c,e4e84d17254e79d023f218dddc56e70973228f30061fbc22228daf80ba15cb5c,1222,1222,Nintendo LZ10,Nintendo LZ10
"포켓몬스터 하트골드 (Korea, IPKK, header ROM version 0)","포켓몬스터 소울실버 (Korea, IPGK, header ROM version 0)",/a/0/8/9,equal,25,25,,,42d9daa752673fc66ea0d1c6eda80da9b55543126549717e48deb5c0dd3e5efe,42d9daa752673fc66ea0d1c6eda80da9b55543126549717e48deb5c0dd3e5efe,1077,1077,Nintendo LZ10,Nintendo LZ10
"포켓몬스터 하트골드 (Korea, IPKK, header ROM version 0)","포켓몬스터 소울실버 (Korea, IPGK, header ROM version 0)",/a/0/8/9,equal,26,26,,,2d33ad7ea1ec5e3d74a019fb6014c4bc6b3e045fafce287c2c0c4e875235f7cd,2d33ad7ea1ec5e3d74a019fb6014c4bc6b3e045fafce287c2c0c4e875235f7cd,90,90,NCLR palette,NCLR palette
"포켓몬스터 하트골드 (Korea, IPKK, header ROM version 0)","포켓몬스터 소울실버 (Korea, IPGK, header ROM version 0)",/a/0/8/9,equal,27,27,,,a96b26eda43177a0ee7bcaf89378609daaf1e03240ac3621305ea05115c5a198,a96b26eda43177a0ee7bcaf89378609daaf1e03240ac3621305ea05115c5a198,8632,8632,NSBMD model,NSBMD model
"포켓몬스터 하트골드 (Korea, IPKK, header ROM version 0)","포켓몬스터 소울실버 (Korea, IPGK, header ROM version 0)",/a/0/9/0,equal,0,0,,,6b143942071b4a09711ae8f64ca3717fc2e8b0e56f5928ee9fa20180d7fc1873,6b143942071b4a09711ae8f64ca3717fc2e8b0e56f5928ee9fa20180d7fc1873,132,132,,
"포켓몬스터 하트골드 (Korea, IPKK, header ROM version 0)","포켓몬스터 소울실버 (Korea, IPGK, header ROM version 0)",/a/0/9/0,equal,1,1,,,dbc50d59bb9a28c09e8a49f0de7b31b789a6e286bf85debd913370162c643d55,dbc50d59bb9a28c09e8a49f0de7b31b789a6e286bf85debd913370162c643d55,44,44,,
"포켓몬스터 하트골드 (Korea, IPKK, header ROM version 0)","포켓몬스터 소울실버 (Korea, IPGK, header ROM version 0)",/a/0/9/0,equal,2,2,,,2c9d5d53ae267539c41a60ca53efe78bf5c4a2912dc732119befd14920ea2c6f,2c9d5d53ae267539c41a60ca53efe78bf5c4a2912dc732119befd14920ea2c6f,96,96,,
"포켓몬스터 하트골드 (Korea, IPKK, header ROM version 0)","포켓몬스터 소울실버 (Korea, IPGK, header ROM version 0)",/a/0/9/0,equal,3,3,,,82125b6b1121b8910cca8e621a6a5f986d4308da33917f1a5a2d61364205ec55,82125b6b1121b8910cca8e621a6a5f986d4308da33917f1a5a2d61364205ec55,280,280,,
"포켓몬스터 하트골드 (Korea, IPKK, header ROM version 0)","포켓몬스터 소울실버 (Korea, IPGK, header ROM version 0)",/a/0/9/0,equal,4,4,,,da571814f202aae2b085e33e5813f1cff372c7dc4a550c19197faed56925f7c3,da571814f202aae2b085e33e5813f1cff372c7dc4a550c19197faed56925f7c3,132,132,,
"포켓몬스터 하트골드 (Korea, IPKK, header ROM version 0)","포켓몬스터 소울실버 (Korea, IPGK, header ROM version 0)",/a/0/9/0,equal,5,5,,,08c161287eae41171376ff3c147bd18aeb18b636a73bc4873b2a9b6627d8f213,08c161287eae41171376ff3c147bd18aeb18b636a73bc4873b2a9b6627d8f213,44,44,,
"포켓몬스터 하트골드 (Korea, IPKK, header ROM version 0)","포켓몬스터 소울실버 (Korea, IPGK, header ROM version 0)",/a/0/9/0,equal,6,6,,,21cc97a846057862db1be5c1f6019e96c12c8c8507033655da0736c79c152cb0,21cc97a846057862db1be5c1f6019e96c12c8c8507033655da0736c79c152cb0,96,96,,
"포켓몬스터 하트골드 (Korea, IPKK, header ROM version 0)","포켓몬스터 소울실버 (Korea, IPGK, header ROM version 0)",/a/0/9/0,equal,7,7,,,13366fb628bc4a76c9578b750d84a66d29a4a726c7acb6ab7b94a99a83eb0bad,13366fb628bc4a76c9578b750d84a66d29a4a726c7acb6ab7b94a99a83eb0bad,376,376,,
"포켓몬스터 하트골드 (Korea, IPKK, header ROM version 0)","포켓몬스터 소울실버 (Korea, IPGK, header ROM version 0)",/a/0/9/0,equal,8,8,,,c241deea641d07478bdaffc594cc74dafa38ce3edce543c0255830765ddf6486,c241deea641d07478bdaffc594cc74dafa38ce3edce543c0255830765ddf6486,44,44,,
"포켓몬스터 하트골드 (Korea, IPKK, header ROM version 0)","포켓몬스터 소울실버 (Korea, IPGK, header ROM version 0)",/a/0/9/0,equal,9,9,,,6adb9e38d6d8b6a8ebc512b71ab36d8267941c9cd7cca41866fb0f185decf2f5,6adb9e38d6d8b6a8ebc512b71ab36d8267941c9cd7cca41866fb0f185decf2f5,80,80,,
"포켓몬스터 하트골드 (Korea, IPKK, header ROM version 0)","포켓몬스터 소울실버 (Korea, IPGK, header ROM version 0)",/a/0/9/0,equal,10,10,,,34ab046145a7e3b22d0bc79eb52c78471b2a35f85f9ffeb5973b01a38523ede4,34ab046145a7e3b22d0bc79eb52c78471b2a35f85f9ffeb5973b01a38523ede4,728,728,,
"포켓몬스터 하트골드 (Korea, IPKK, header ROM version 0)","포켓몬스터 소울실버 (Korea, IPGK, header ROM version 0)",/a/0/9/0,equal,11,11,,,7c416d09330c7ccb19e5065b9c99855720b0e2e288e632cb50e877478510299c,7c416d09330c7ccb19e5065b9c99855720b0e2e288e632cb50e877478510299c,392,392,,
"포켓몬스터 하트골드 (Korea, IPKK, header ROM version 0)","포켓몬스터 소울실버 (Korea, IPGK, header ROM version 0)",/a/0/9/0,equal,12,12,,,a051c0d20c7ac05e2d744b2be1ee66c74210dc63ee0631d523d0674b65023d29,a051c0d20c7ac05e2d744b2be1ee66c74210dc63ee0631d523d0674b65023d29,728,728,,
"포켓몬스터 하트골드 (Korea, IPKK, header ROM version 0)","포켓몬스터 소울실버 (Korea, IPGK, header ROM version 0)",/a/0/9/0,equal,13,13,,,6f9114f2ce988b8f8c6e04155f9e32d333178bdc89425fdd1f8dd3b1f83e34b4,6f9114f2ce988b8f8c6e04155f9e32d333178bdc89425fdd1f8dd3b1f83e34b4,80,80,,
"포켓몬스터 하트골드 (Korea, IPKK, header ROM version 0)","포켓몬스터 소울실버 (Korea, IPGK, header ROM version 0)",/a/0/9/0,equal,14,14,,,61f165d8f7afe7660466e2df3a94c2102d98973d5e4daf5a5a57ea2a70f9213e,61f165d8f7afe7660466e2df3a94c2102d98973d5e4daf5a5a57ea2a70f9213e,412,412,,
"포켓몬스터 하트골드 (Korea, IPKK, header ROM version 0)","포켓몬스터 소울실버 (Korea, IPGK, header ROM version 0)",/a/0/9/0,equal,15,15,,,6e17715dc258e621bac927ea66646d5ebc2886532cc333d54021a77e32ce58d6,6e17715dc258e621bac927ea66646d5ebc2886532cc333d54021a77e32ce58d6,148,148,,
"포켓몬스터 하트골드 (Korea, IPKK, header ROM version 0)","포켓몬스터 소울실버 (Korea, IPGK, header ROM version 0)",/a/0/9/0,equal,16,16,,,94bc969842b69ddb422ee819b39ee1d22bade846a3c30f2219145b12fe46d6b2,94bc969842b69ddb422ee819b39ee1d22bade846a3c30f2219145b12fe46d6b2,44,44,,
"포켓몬스터 하트골드 (Korea, IPKK, header ROM version 0)","포켓몬스터 소울실버 (Korea, IPGK, header ROM version 0)",/a/0/9/0,equal,17,17,,,ec3885fb610cf16c704d8eaef1d14c747fb63c5b1c763455bb8ce31eed396f58,ec3885fb610cf16c704d8eaef1d14c747fb63c5b1c763455bb8ce31eed396f58,80,80,,
"포켓몬스터 하트골드 (Korea, IPKK, header ROM version 0)","포켓몬스터 소울실버 (Korea, IPGK, header ROM version 0)",/a/0/9/0,equal,18,18,,,94aabd4325039bd74073621ec75feb2d11b409c9a2ebf72e9f10a3bb7ce31034,94aabd4325039bd74073621ec75feb2d11b409c9a2ebf72e9f10a3bb7ce31034,80,80,,
"포켓몬스터 하트골드 (Korea, IPKK, header ROM version 0)","포켓몬스터 소울실버 (Korea, IPGK, header ROM version 0)",/a/0/9/0,equal,19,19,,,0d5c6217febc5f54905650506b281dea9a09d3aaaa173120e1fde15c6f9b06e9,0d5c6217febc5f54905650506b281dea9a09d3aaaa173120e1fde15c6f9b06e9,192,192,,
"포켓몬스터 하트골드 (Korea, IPKK, header ROM version 0)","포켓몬스터 소울실버 (Korea, IPGK, header ROM version 0)",/a/0/9/0,equal,20,20,,,7288e9fe92585dd30c47996e9f812046507fee8c61527fead96f2eb3c33ce0bd,7288e9fe92585dd30c47996e9f812046507fee8c61527fead96f2eb3c33ce0bd,80,80,,
"포켓몬스터 하트골드 (Korea, IPKK, header ROM version 0)","포켓몬스터 소울실버 (Korea, IPGK, header ROM version 0)",/a/0/9/0,equal,21,21,,,995fe156b9f3148c72b9afe28dfcb3ffbc6bdc051552fe7252567b655ba42863,995fe156b9f3148c72b9afe28dfcb3ffbc6bdc051552fe7252567b655ba42863,96,96,,
"포켓몬스터 하트골드 (Korea, IPKK, header ROM version 0)","포켓몬스터 소울실버 (Korea, IPGK, header ROM version 0)",/a/0/9/0,equal,22,22,,,f445cf5d4ed1baeca12d2377b5ba55772504ef8f5f390fa51d8837a5dce2952f,f445cf5d4ed1baeca12d2377b5ba55772504ef8f5f390fa51d8837a5dce2952f,80,80,,
"포켓몬스터 하트골드 (Korea, IPKK, header ROM version 0)","포켓몬스터 소울실버 (Korea, IPGK, header ROM version 0)",/a/0/9/0,equal,23,23,,,2d08b7b245422c06c7b7dae0f959643d91e024eefc10585a8ff845a3179d6539,2d08b7b245422c06c7b7dae0f959643d91e024eefc10585a8ff845a3179d6539,728,728,,
"포켓몬스터 하트골드 (Korea, IPKK, header ROM version 0)","포켓몬스터 소울실버 (Korea, IPGK, header ROM version 0)",/a/0/9/0,equal,24,24,,,6b143942071b4a09711ae8f64ca3717fc2e8b0e56f5928ee9fa20180d7fc1873,6b143942071b4a09711ae8f64ca3717fc2e8b0e56f5928ee9fa20180d7fc1873,132,132,,
"포켓몬스터 하트골드 (Korea, IPKK, header ROM version 0)","포켓몬스터 소울실버 (Korea, IPGK, header ROM version 0)",/a/0/9/0,equal,25,25,,,6b143942071b4a09711ae8f64ca3717fc2e8b0e56f5928ee9fa20180d7fc1873,6b143942071b4a09711ae8f64ca3717fc2e8b0e56f5928ee9fa20180d7fc1873,132,132,,
"포켓몬스터 하트골드 (Korea, IPKK, header ROM version 0)","포켓몬스터 소울실버 (Korea, IPGK, header ROM version 0)",/a/0/9/0,equal,26,26,,,6b143942071b4a09711ae8f64ca3717fc2e8b0e56f5928ee9fa20180d7fc1873,6b143942071b4a09711ae8f64ca3717fc2e8b0e56f5928ee9fa20180d7fc1873,132,132,,
"포켓몬스터 하트골드 (Korea, IPKK, header ROM version 0)","포켓몬스터 소울실버 (Korea, IPGK, header ROM version 0)",/a/0/9/0,equal,27,27,,,6b143942071b4a09711ae8f64ca3717fc2e8b0e56f5928ee9fa20180d7fc1873,6b143942071b4a09711ae8f64ca3717fc2e8b0e56f5928ee9fa20180d7fc1873,132,132,,
"포켓몬스터 하트골드 (Korea, IPKK, header ROM version 0)","포켓몬스터 소울실버 (Korea, IPGK, header ROM version 0)",/a/0/9/0,equal,28,28,,,6b143942071b4a09711ae8f64ca3717fc2e8b0e56f5928ee9fa20180d7fc1873,6b143942071b4a09711ae8f64ca3717fc2e8b0e56f5928ee9fa20180d7fc1873,132,132,,
"포켓몬스터 하트골드 (Korea, IPKK, header ROM version 0)","포켓몬스터 소울실버 (Korea, IPGK, header ROM version 0)",/a/0/9/0,equal,29,29,,,6b143942071b4a09711ae8f64ca3717fc2e8b0e56f5928ee9fa20180d7fc1873,6b143942071b4a09711ae8f64ca3717fc2e8b0e56f5928ee9fa20180d7fc1873,132,132,,
"포켓몬스터 하트골드 (Korea, IPKK, header ROM version 0)","포켓몬스터 소울실버 (Korea, IPGK, header ROM version 0)",/a/0/9/0,equal,30,30,,,6b143942071b4a09711ae8f64ca3717fc2e8b0e56f5928ee9fa20180d7fc1873,6b143942071b4a09711ae8f64ca3717fc2e8b0e56f5928ee9fa20180d7fc1873,132,132,,
"포켓몬스터 하트골드 (Korea, IPKK, header ROM version 0)","포켓몬스터 소울실버 (Korea, IPGK, header ROM version 0)",/a/0/9/0,equal,31,31,,,6b143942071b4a09711ae8f64ca3717fc2e8b0e56f5928ee9fa20180d7fc1873,6b143942071b4a09711ae8f64ca3717fc2e8b0e56f5928ee9fa20180d7fc1873,132,132,,
"포켓몬스터 하트골드 (Korea, IPKK, header ROM version 0)","포켓몬스터 소울실버 (Korea, IPGK, header ROM version 0)",/a/0/9/0,equal,32,32,,,6b143942071b4a09711ae8f64ca3717fc2e8b0e56f5928ee9fa20180d7fc1873,6b143942071b4a09711ae8f64ca3717fc2e8b0e56f5928ee9fa20180d7fc1873,132,132,,
"포켓몬스터 하트골드 (Korea, IPKK, header ROM version 0)","포켓몬스터 소울실버 (Korea, IPGK, header ROM version 0)",/a/0/9/0,equal,33,33,,,6b143942071b4a09711ae8f64ca3717fc2e8b0e56f5928ee9fa20180d7fc1873,6b143942071b4a09711ae8f64ca3717fc2e8b0e56f5928ee9fa20180d7fc1873,132,132,,
"포켓몬스터 하트골드 (Korea, IPKK, header ROM version 0)","포켓몬스터 소울실버 (Korea, IPGK, header ROM version 0)",/a/0/9/0,equal,34,34,,,6b143942071b4a09711ae8f64ca3717fc2e8b0e56f5928ee9fa20180d7fc1873,6b143942071b4a09711ae8f64ca3717fc2e8b0e56f5928ee9fa20180d7fc1873,132,132,,
"포켓몬스터 하트골드 (Korea, IPKK, header ROM version 0)","포켓몬스터 소울실버 (Korea, IPGK, header ROM version 0)",/a/0/9/0,equal,35,35,,,6b143942071b4a09711ae8f64ca3717fc2e8b0e56f5928ee9fa20180d7fc1873,6b143942071b4a09711ae8f64ca3717fc2e8b0e56f5928ee9fa20180d7fc1873,132,132,,
"포켓몬스터 하트골드 (Korea, IPKK, header ROM version 0)","포켓몬스터 소울실버 (Korea, IPGK, header ROM version 0)",/a/0/9/0,equal,36,36,,,6b143942071b4a09711ae8f64ca3717fc2e8b0e56f5928ee9fa20180d7fc1873,6b143942071b4a09711ae8f64ca3717fc2e8b0e56f5928ee9fa20180d7fc1873,132,132,,
"포켓몬스터 하트골드 (Korea, IPKK, header ROM version 0)","포켓몬스터 소울실버 (Korea, IPGK, header ROM version 0)",/a/0/9/0,equal,37,37,,,6b143942071b4a09711ae8f64ca3717fc2e8b0e56f5928ee9fa20180d7fc1873,6b143942071b4a09711ae8f64ca3717fc2e8b0e56f5928ee9fa20180d7fc1873,132,132,,
"포켓몬스터 하트골드 (Korea, IPKK, header ROM version 0)","포켓몬스터 소울실버 (Korea, IPGK, header ROM version 0)",/a/0/9/0,equal,38,38,,,6b143942071b4a09711ae8f64ca3717fc2e8b0e56f5928ee9fa20180d7fc1873,6b143942071b4a09711ae8f64ca3717fc2e8b0e56f5928ee9fa20180d7fc1873,132,132,,
"포켓몬스터 하트골드 (Korea, IPKK, header ROM version 0)","포켓몬스터 소울실버 (Korea, IPGK, header ROM version 0)",/a/0/9/0,equal,39,39,,,6b143942071b4a09711ae8f64ca3717fc2e8b0e56f5928ee9fa20180d7fc1873,6b143942071b4a09711ae8f64ca3717fc2e8b0e56f5928ee9fa20180d7fc1873,132,132,,
"포켓몬스터 하트골드 (Korea, IPKK, header ROM version 0)","포켓몬스터 소울실버 (Korea, IPGK, header ROM version 0)",/a/0/9/0,equal,40,40,,,6b143942071b4a09711ae8f64ca3717fc2e8b0e56f5928ee9fa20180d7fc1873,6b143942071b4a09711ae8f64ca3717fc2e8b0e56f5928ee9fa20180d7fc1873,132,132,,
"포켓몬스터 하트골드 (Korea, IPKK, header ROM version 0)","포켓몬스터 소울실버 (Korea, IPGK, header ROM version 0)",/a/0/9/0,equal,41,41,,,6b143942071b4a09711ae8f64ca3717fc2e8b0e56f5928ee9fa20180d7fc1873,6b143942071b4a09711ae8f64ca3717fc2e8b0e56f5928ee9fa20180d7fc1873,132,132,,
"포켓몬스터 하트골드 (Korea, IPKK, header ROM version 0)","포켓몬스터 소울실버 (Korea, IPGK, header ROM version 0)",/a/0/9/0,equal,42,42,,,6b143942071b4a09711ae8f64ca3717fc2e8b0e56f5928ee9fa20180d7fc1873,6b143942071b4a09711ae8f64ca3717fc2e8b0e56f5928ee9fa20180d7fc1873,132,132,,
"포켓몬스터 하트골드 (Korea, IPKK, header ROM version 0)","포켓몬스터 소울실버 (Korea, IPGK, header ROM version 0)",/a/0/9/0,equal,43,43,,,6b143942071b4a09711ae8f64ca3717fc2e8b0e56f5928ee9fa20180d7fc1873,6b143942071b4a09711ae8f64ca3717fc2e8b0e56f5928ee9fa20180d7fc1873,132,132,,
"포켓몬스터 하트골드 (Korea, IPKK, header ROM version 0)","포켓몬스터 소울실버 (Korea, IPGK, header ROM version 0)",/a/0/9/0,equal,44,44,,,6b143942071b4a09711ae8f64ca3717fc2e8b0e56f5928ee9fa20180d7fc1873,6b143942071b4a09711ae8f64ca3717fc2e8b0e56f5928ee9fa20180d7fc1873,132,132,,
"포켓몬스터 하트골드 (Korea, IPKK, header ROM version 0)","포켓몬스터 소울실버 (Korea, IPGK, header ROM version 0)",/a/0/9/0,equal,45,45,,,6b143942071b4a09711ae8f64ca3717fc2e8b0e56f5928ee9fa20180d7fc1873,6b143942071b4a09711ae8f64ca3717fc2e8b0e56f5928ee9fa20180d7fc1873,132,132,,
"포켓몬스터 하트골드 (Korea, IPKK, header ROM version 0)","포켓몬스터 소울실버 (Korea, IPGK, header ROM version 0)",/a/0/9/0,equal,46,46,,,6b143942071b4a09711ae8f64ca3717fc2e8b0e56f5928ee9fa20180d7fc1873,6b143942071b4a09711ae8f64ca3717fc2e8b0e56f5928ee9fa20180d7fc1873,132,132,,
"포켓몬스터 하트골드 (Korea, IPKK, header ROM version 0)","포켓몬스터 소울실버 (Korea, IPGK, header ROM version 0)",/a/0/9/0,equal,47,47,,,6b143942071b4a09711ae8f64ca3717fc2e8b0e56f5928ee9fa20180d7fc1873,6b143942071b4a09711ae8f64ca3717fc2e8b0e56f5928ee9fa20180d7fc1873,132,132,,
"포켓몬스터 하트골드 (Korea, IPKK, header ROM version 0)","포켓몬스터 소울실버 (Korea, IPGK, header ROM version 0)",/a/0/9/0,equal,48,48,,,6b143942071b4a09711ae8f64ca3717fc2e8b0e56f5928ee9fa20180d7fc1873,6b143942071b4a09711ae8f64ca3717fc2e8b0e56f5928ee9fa20180d7fc1873,132,132,,
"포켓몬스터 하트골드 (Korea, IPKK, header ROM version 0)","포켓몬스터 소울실버 (Korea, IPGK, header ROM version 0)",/a/0/9/0,equal,49,49,,,6b143942071b4a09711ae8f64ca3717fc2e8b0e56f5928ee9fa20180d7fc1873,6b143942071b4a09711ae8f64ca3717fc2e8b0e56f5928ee9fa20180d7fc1873,132,132,,
"포켓몬스터 하트골드 (Korea, IPKK, header ROM version 0)","포켓몬스터 소울실버 (Korea, IPGK, header ROM version 0)",/a/0/9/0,equal,50,50,,,e183392b998ff6f80653f21ad216de9e89068108fb3e5ec16e4bd460dfbee675,e183392b998ff6f80653f21ad216de9e89068108fb3e5ec16e4bd460dfbee675,148,148,,
"포켓몬스터 하트골드 (Korea, IPKK, header ROM version 0)","포켓몬스터 소울실버 (Korea, IPGK, header ROM version 0)",/a/0/9/0,equal,51,51,,,43907e9d76355f6bb54ddd0ba09efa17eed03279a5a340bd8bd6bde6c40ed068,43907e9d76355f6bb54ddd0ba09efa17eed03279a5a340bd8bd6bde6c40ed068,148,148,,
"포켓몬스터 하트골드 (Korea, IPKK, header ROM version 0)","포켓몬스터 소울실버 (Korea, IPGK, header ROM version 0)",/a/0/9/0,equal,52,52,,,6e17715dc258e621bac927ea66646d5ebc2886532cc333d54021a77e32ce58d6,6e17715dc258e621bac927ea66646d5ebc2886532cc333d54021a77e32ce58d6,148,148,,
"포켓몬스터 하트골드 (Korea, IPKK, header ROM version 0)","포켓몬스터 소울실버 (Korea, IPGK, header ROM version 0)",/a/0/9/0,equal,53,53,,,6dbb56e69f030dbeffdc933d64cf73587050008fc230a244a4430d3d2135c3d9,6dbb56e69f030dbeffdc933d64cf73587050008fc230a244a4430d3d2135c3d9,44,44,,
"포켓몬스터 하트골드 (Korea, IPKK, header ROM version 0)","포켓몬스터 소울실버 (Korea, IPGK, header ROM version 0)",/a/0/9/0,equal,54,54,,,9f76e1cea6d7913dc58a6aac2fcaa9f12362a667419bcae3e04bf76cd9ec9646,9f76e1cea6d7913dc58a6aac2fcaa9f12362a667419bcae3e04bf76cd9ec9646,44,44,,
"포켓몬스터 하트골드 (Korea, IPKK, header ROM version 0)","포켓몬스터 소울실버 (Korea, IPGK, header ROM version 0)",/a/0/9/0,equal,55,55,,,160320ee9a04d3e4d3908c7a233a802dc80cb913c7942c70e42389dd81ec52d8,160320ee9a04d3e4d3908c7a233a802dc80cb913c7942c70e42389dd81ec52d8,44,44,,
"포켓몬스터 하트골드 (Korea, IPKK, header ROM version 0)","포켓몬스터 소울실버 (Korea, IPGK, header ROM version 0)",/a/0/9/0,equal,56,56,,,6f620d3984b93140056ced5ead8cf289eaca52af6281bf116cbe93db2f138d3b,6f620d3984b93140056ced5ead8cf289eaca52af6281bf116cbe93db2f138d3b,44,44,,
"포켓몬스터 하트골드 (Korea, IPKK, header ROM version 0)","포켓몬스터 소울실버 (Korea, IPGK, header ROM version 0)",/a/0/9/0,equal,57,57,,,4fe1f4b442b8d26279acff0ca8ee5442e25eb6c13e70cbc85c205b833a0817ba,4fe1f4b442b8d26279acff0ca8ee5442e25eb6c13e70cbc85c205b833a0817ba,44,44,,
"포켓몬스터 하트골드 (Korea, IPKK, header ROM version 0)","포켓몬스터 소울실버 (Korea, IPGK, header ROM version 0)",/a/0/9/0,equal,58,58,,,2786c66ecd9d6a998a806eca265c1db858ba5909cdc1bc117b3ab2c72e139ecf,2786c66ecd9d6a998a806eca265c1db858ba5909cdc1bc117b3ab2c72e139ecf,44,44,,
"포켓몬스터 하트골드 (Korea, IPKK, header ROM version 0)","포켓몬스터 소울실버 (Korea, IPGK, header ROM version 0)",/a/0/9/0,equal,59,59,,,2011e4604e18371a6bf4ca9a21ed399e4be1982b796fbe0f689efaf2804e16ba,2011e4604e18371a6bf4ca9a21ed399e4be1982b796fbe0f689efaf2804e16ba,44,44,,
"포켓몬스터 하트골드 (Korea, IPKK, header ROM version 0)","포켓몬스터 소울실버 (Korea, IPGK, header ROM version 0)",/a/0/9/0,equal,60,60,,,25ae98100ffd435179e977340c2acba1c0eab3e086305ce0251fae19448f6ee9,25ae98100ffd435179e977340c2acba1c0eab3e086305ce0251fae19448f6ee9,44,44,,
"포켓몬스터 하트골드 (Korea, IPKK, header ROM version 0)","포켓몬스터 소울실버 (Korea, IPGK, header ROM version 0)",/a/0/9/0,equal,61,61,,,4e8520afa99a8144ebae9dc634d45a1f3c85a71ccc8f330fc0de865e9854b761,4e8520afa99a8144ebae9dc634d45a1f3c85a71ccc8f330fc0de865e9854b761,44,44,,
"포켓몬스터 하트골드 (Korea, IPKK, header ROM version 0)","포켓몬스터 소울실버 (Korea, IPGK, header ROM version 0)",/a/0/9/0,equal,62,62,,,8cfdfea5ae9f3954dfd0fbbe1eefe1a59a073542bb6bf74f29df691b8847f1eb,8cfdfea5ae9f3954dfd0fbbe1eefe1a59a073542bb6bf74f29df691b8847f1eb,92,92,,
"포켓몬스터 하트골드 (Korea, IPKK, header ROM version 0)","포켓몬스터 소울실버 (Korea, IPGK, header ROM version 0)",/a/0/9/0,equal,63,63,,,d4527edbe207ec0d1202e43e5295783c06b020bf162b40768cbea30691be5964,d4527edbe207ec0d1202e43e5295783c06b020bf162b40768cbea30691be5964,80,80,,
"포켓몬스터 하트골드 (Korea, IPKK, header ROM version 0)","포켓몬스터 소울실버 (Korea, IPGK, header ROM version 0)",/a/0/9/0,equal,64,64,,,27a39cf1b469ba8e10c9e4c20bbc7b76132ca898f5f24783e78500730be5231f,27a39cf1b469ba8e10c9e4c20bbc7b76132ca898f5f24783e78500730be5231f,80,80,,
"포켓몬스터 하트골드 (Korea, IPKK, header ROM version 0)","포켓몬스터 소울실버 (Korea, IPGK, header ROM version 0)",/a/0/9/0,equal,65,65,,,741da87e2b059825483bdeff965498ca14a8f3e777969f6102c4c5f4bc382fa6,741da87e2b059825483bdeff965498ca14a8f3e777969f6102c4c5f4bc382fa6,92,92,,
"포켓몬스터 하트골드 (Korea, IPKK, header ROM version 0)","포켓몬스터 소울실버 (Korea, IPGK, header ROM version 0)",/a/0/9/0,equal,66,66,,,e5375fa96b7f7265c54b89a8f0802c909c04df2f1ee050feb4f35292c1ad36c9,e5375fa96b7f7265c54b89a8f0802c909c04df2f1ee050feb4f35292c1ad36c9,80,80,,
"포켓몬스터 하트골드 (Korea, IPKK, header ROM version 0)","포켓몬스터 소울실버 (Korea, IPGK, header ROM version 0)",/a/0/9/0,equal,67,67,,,2804ac8149e0210b4134abf0197a098ce645e973c9d2ef7e563a53d7cc89fd23,2804ac8149e0210b4134abf0197a098ce645e973c9d2ef7e563a53d7cc89fd23,80,80,,
"포켓몬스터 하트골드 (Korea, IPKK, header ROM version 0)","포켓몬스터 소울실버 (Korea, IPGK, header ROM version 0)",/a/0/9/0,equal,68,68,,,630fd65ca3b89bcc56486b1f759ba2ca214b042c3d3646b84ea966e80af277e2,630fd65ca3b89bcc56486b1f759ba2ca214b042c3d3646b84ea966e80af277e2,164,164,,
"포켓몬스터 하트골드 (Korea, IPKK, header ROM version 0)","포켓몬스터 소울실버 (Korea, IPGK, header ROM version 0)",/a/0/9/0,equal,69,69,,,9bf1adeeff18b0bebe06a6e6c4e354557195a2a325a338bf3c469c4b13a245a5,9bf1adeeff18b0bebe06a6e6c4e354557195a2a325a338bf3c469c4b13a245a5,152,152,,
"포켓몬스터 하트골드 (Korea, IPKK, header ROM version 0)","포켓몬스터 소울실버 (Korea, IPGK, header ROM version 0)",/a/0/9/0,equal,70,70,,,b1b7b51f707516ce20ae0690324b55360d4ac48acd08e8d008d1ff3b486231ed,b1b7b51f707516ce20ae0690324b55360d4ac48acd08e8d008d1ff3b486231ed,152,152,,
"포켓몬스터 하트골드 (Korea, IPKK, header ROM version 0)","포켓몬스터 소울실버 (Korea, IPGK, header ROM version 0)",/a/0/9/0,equal,71,71,,,95b62d44b065f42552bb40ada917596613ac36edcc079dcb2fdf0a97e2b42f1b,95b62d44b065f42552bb40ada917596613ac36edcc079dcb2fdf0a97e2b42f1b,412,412,,
"포켓몬스터 하트골드 (Korea, IPKK, header ROM version 0)","포켓몬스터 소울실버 (Korea, IPGK, header ROM version 0)",/a/0/9/0,equal,72,72,,,62f8050a1410694028aff94a899aee5520802e137cf258b6bfd6f3c4fe4efd5f,62f8050a1410694028aff94a899aee5520802e137cf258b6bfd6f3c4fe4efd5f,412,412,,
"포켓몬스터 하트골드 (Korea, IPKK, header ROM version 0)","포켓몬스터 소울실버 (Korea, IPGK, header ROM version 0)",/a/0/9/0,equal,73,73,,,dbe7ef18e2d7e9beed3a5b89430beee0a98b7f29d979a9f195845e71e34ae3c1,dbe7ef18e2d7e9beed3a5b89430beee0a98b7f29d979a9f195845e71e34ae3c1,412,412,,
"포켓몬스터 하트골드 (Korea, IPKK, header ROM version 0)","포켓몬스터 소울실버 (Korea, IPGK, header ROM version 0)",/a/0/9/0,equal,74,74,,,72da1ec03b9f5e70b4cf45d76cd5963df92b6081c0fc3bed3818a2fafe7543ae,72da1ec03b9f5e70b4cf45d76cd5963df92b6081c0fc3bed3818a2fafe7543ae,420,420,,
"포켓몬스터 하트골드 (Korea, IPKK, header ROM version 0)","포켓몬스터 소울실버 (Korea, IPGK, header ROM version 0)",/a/0/9/0,equal,75,75,,,41d9c58fa940e50e8c214b3138a312450244f7363e0ff87241306272598c0e94,41d9c58fa940e50e8c214b3138a312450244f7363e0ff87241306272598c0e94,408,408,,
"포켓몬스터 하트골드 (Korea, IPKK, header ROM version 0)","포켓몬스터 소울실버 (Korea, IPGK, header ROM version 0)",/a/0/9/0,equal,76,76,,,6f3e62b6740b204cfc2b71816fe2873ad5a8226af4d8d7f726dc5cd81c2fd5bc,6f3e62b6740b204cfc2b71816fe2873ad5a8226af4d8d7f726dc5cd81c2fd5bc,408,408,,
"포켓몬스터 하트골드 (Korea, IPKK, header ROM version 0)","포켓몬스터 소울실버 (Korea, IPGK, header ROM version 0)",/a/0/9/0,equal,77,77,,,a668836feba7004d2d9d721fb9db42cc7181615c2978c6e2914f28732f34b2e6,a668836feba7004d2d9d721fb9db42cc7181615c2978c6e2914f28732f34b2e6,416,416,,
"포켓몬스터 하트골드 (Korea, IPKK, header ROM version 0)","포켓몬스터 소울실버 (Korea, IPGK, header ROM version 0)",/a/0/9/0,equal,78,78,,,0c5988a38557d4da319311e642efd93c15ec41acef085269d0049a9b57a1ef16,0c5988a38557d4da319311e642efd93c15ec41acef085269d0049a9b57a1ef16,404,404,,
"포켓몬스터 하트골드 (Korea, IPKK, header ROM version 0)","포켓몬스터 소울실버 (Korea, IPGK, header ROM version 0)",/a/0/9/0,equal,79,79,,,7be14d9c9acb92610b2daa02ec2ea96b9be0b5521135da2c2f5fd783b9d151f6,7be14d9c9acb92610b2daa02ec2ea96b9be0b5521135da2c2f5fd783b9d151f6,404,404,,
"포켓몬스터 하트골드 (Korea, IPKK, header ROM version 0)","포켓몬스터 소울실버 (Korea, IPGK, header ROM version 0)",/a/0/9/0,equal,80,80,,,1f752c2021b9afa02d53c1a71e53eed13d4948f08bf34ee647794b9e73ce3161,1f752c2021b9afa02d53c1a71e53eed13d4948f08bf34ee647794b9e73ce3161,416,416,,
"포켓몬스터 하트골드 (Korea, IPKK, header ROM version 0)","포켓몬스터 소울실버 (Korea, IPGK, header ROM version 0)",/a/0/9/0,equal,81,81,,,acc903a074b991baa415be548fc1268513978b1583d838f9cea194a0de9d8bfb,acc903a074b991baa415be548fc1268513978b1583d838f9cea194a0de9d8bfb,404,404,,
"포켓몬스터 하트골드 (Korea, IPKK, header ROM version 0)","포켓몬스터 소울실버 (Korea, IPGK, header ROM version 0)",/a/0/9/0,equal,82,82,,,1549f5a9af06fe20649bdf504567912f34c1ed2b2545dd610d8573b6aef1ee72,1549f5a9af06fe20649bdf504567912f34c1ed2b2545dd610d8573b6aef1ee72,404,404,,
"포켓몬스터 하트골드 (Korea, IPKK, header ROM version 0)","포켓몬스터 소울실버 (Korea, IPGK, header ROM version 0)",/a/0/9/0,equal,83,83,,,70210e210aeb2c6b60339c58ad9f2cb8b95e764738fcaa94a11c80914bf4f93c,70210e210aeb2c6b60339c58ad9f2cb8b95e764738fcaa94a11c80914bf4f93c,460,460,,
"포켓몬스터 하트골드 (Korea, IPKK, header ROM version 0)","포켓몬스터 소울실버 (Korea, IPGK, header ROM version 0)",/a/0/9/0,equal,84,84,,,9b54a035d846960f42c18e7c5f805717104ad7e780c959a7722640005192800b,9b54a035d846960f42c18e7c5f805717104ad7e780c959a7722640005192800b,308,308,,
"포켓몬스터 하트골드 (Korea, IPKK, header ROM version 0)","포켓몬스터 소울실버 (Korea, IPGK, header ROM version 0)",/a/0/9/0,equal,85,85,,,251afb2d92c2e703c0eafd22868aa471f3aaa4fe3e2e4c9b0b60ead0cc3c2824,251afb2d92c2e703c0eafd22868aa471f3aaa4fe3e2e4c9b0b60ead0cc3c2824,308,308,,
"포켓몬스터 하트골드 (Korea, IPKK, header ROM version 0)","포켓몬스터 소울실버 (Korea, IPGK, header ROM version 0)",/a/0/9/0,equal,86,86,,,29fed765545dcca90e353523faa14490a563b1e513a6328afb9225072eb5e32c,29fed765545dcca90e353523faa14490a563b1e513a6328afb9225072eb5e32c,76,76,,
"포켓몬스터 하트골드 (Korea, IPKK, header ROM version 0)","포켓몬스터 소울실버 (Korea, IPGK, header ROM version 0)",/a/0/9/0,equal,87,87,,,3eee0586b892f11c3e5535f8463ed815dcd4b83021cccdb5b78a36147ad6211e,3eee0586b892f11c3e5535f8463ed815dcd4b83021cccdb5b78a36147ad6211e,64,64,,
"포켓몬스터 하트골드 (Korea, IPKK, header ROM version 0)","포켓몬스터 소울실버 (Korea, IPGK, header ROM version 0)",/a/0/9/0,equal,88,88,,,6d956559223b31d935c61adb8ce1c15879826782ea186ad92251050337e71c3c,6d956559223b31d935c61adb8ce1c15879826782ea186ad92251050337e71c3c,64,64,,
"포켓몬스터 하트골드 (Korea, IPKK, header ROM version 0)","포켓몬스터 소울실버 (Korea, IPGK, header ROM version 0)",/a/0/9/0,equal,89,89,,,f6ba96ded35e7abe09d5b56c3b8d210a85404cfc64f3f8c951397355d3b9fe17,f6ba96ded35e7abe09d5b56c3b8d210a85404cfc64f3f8c951397355d3b9fe17,280,280,,
"포켓몬스터 하트골드 (Korea, IPKK, header ROM version 0)","포켓몬스터 소울실버 (Korea, IPGK, header ROM version 0)",/a/0/9/0,equal,90,90,,,2ccbb4ff4c325afd867d15c5c8b55073002a09fb1cf05448824099675925d3a7,2ccbb4ff4c325afd867d15c5c8b55073002a09fb1cf05448824099675925d3a7,280,280,,
"포켓몬스터 하트골드 (Korea, IPKK, header ROM version 0)","포켓몬스터 소울실버 (Korea, IPGK, header ROM version 0)",/a/0/9/0,equal,91,91,,,82125b6b1121b8910cca8e621a6a5f986d4308da33917f1a5a2d61364205ec55,82125b6b1121b8910cca8e621a6a5f986d4308da33917f1a5a2d61364205ec55,280,280,,
"포켓몬스터 하트골드 (Korea, IPKK, header ROM version 0)","포켓몬스터 소울실버 (Korea, IPGK, header ROM version 0)",/a/0/9/0,equal,92,92,,,2e7ecc4ed4a908346d22333858e0b154c8cf9f5b75559616159d137cf99af0b6,2e7ecc4ed4a908346d22333858e0b154c8cf9f5b75559616159d137cf99af0b6,220,220,,
"포켓몬스터 하트골드 (Korea, IPKK, header ROM version 0)","포켓몬스터 소울실버 (Korea, IPGK, header ROM version 0)",/a/0/9/0,equal,93,93,,,13873730b87c1f1d291d83838bf72243e10e3998efdf9d9037497e99a40a60d4,13873730b87c1f1d291d83838bf72243e10e3998efdf9d9037497e99a40a60d4,220,220,,
"포켓몬스터 하트골드 (Korea, IPKK, header ROM version 0)","포켓몬스터 소울실버 (Korea, IPGK, header ROM version 0)",/a/0/9/0,equal,94,94,,,b26c9f0746174a6df6a2a4c3d3a065699ce557c5c2ee3f7530d81cc7a6cd8b2c,b26c9f0746174a6df6a2a4c3d3a065699ce557c5c2ee3f7530d81cc7a6cd8b2c,220,220,,
"포켓몬스터 하트골드 (Korea, IPKK, header ROM version 0)","포켓몬스터 소울실버 (Korea, IPGK, header ROM version 0)",/a/0/9/0,equal,95,95,,,b5c817dafa1cb0990528c82885032ae61c6040f4f01c5c704570a4adb24ca10c,b5c817dafa1cb0990528c82885032ae61c6040f4f01c5c704570a4adb24ca10c,92,92,Nintendo Huffman,Nintendo Huffman
"포켓몬스터 하트골드 (Korea, IPKK, header ROM version 0)","포켓몬스터 소울실버 (Korea, IPGK, header ROM version 0)",/a/0/9/0,equal,96,96,,,27221e4423b51ab9844b04f78af91d33d251e2d0a3ac46f60cd683252fae99d5,27221e4423b51ab9844b04f78af91d33d251e2d0a3ac46f60cd683252fae99d5,92,92,Nintendo Huffman,Nintendo Huffman
"포켓몬스터 하트골드 (Korea, IPKK, header ROM version 0)","포켓몬스터 소울실버 (Korea, IPGK, header ROM version 0)",/a/0/9/0,equal,97,97,,,59f21f7453987ee1a1638ccebcaa9b5edf32f433e7630924e23ea78d813fca2b,59f21f7453987ee1a1638ccebcaa9b5edf32f433e7630924e23ea78d813fca2b,92,92,Nintendo Huffman,Nintendo Huffman
"포켓몬스터 하트골드 (Korea, IPKK, header ROM version 0)","포켓몬스터 소울실버 (Korea, IPGK, header ROM version 0)",/a/0/9/0,equal,98,98,,,79e7aea2c7faa98d20570f291eca87efc0c33f60e7c5f2abcaec864ce4171236,79e7aea2c7faa98d20570f291eca87efc0c33f60e7c5f2abcaec864ce4171236,92,92,Nintendo Huffman,Nintendo Huffman
"포켓몬스터 하트골드 (Korea, IPKK, header ROM version 0)","포켓몬스터 소울실버 (Korea, IPGK, header ROM version 0)",/a/0/9/0,equal,99,99,,,5a6e6f62386b605900ef5559391f91ddf76837b5f56b25ba2a492a215b98c595,5a6e6f62386b605900ef5559391f91ddf76837b5f56b25ba2a492a215b98c595,92,92,Nintendo Huffman,Nintendo Huffman
"포켓몬스터 하트골드 (Korea, IPKK, header ROM version 0)","포켓몬스터 소울실버 (Korea, IPGK, header ROM version 0)",/a/0/9/0,equal,100,100,,,2702c8dbf0c37b6bf5b4cbc484d37fa5436e1c00585cf8d31a0778cdf837f366,2702c8dbf0c37b6bf5b4cbc484d37fa5436e1c00585cf8d31a0778cdf837f366,92,92,Nintendo Huffman,Nintendo Huffman
"포켓몬스터 하트골드 (Korea, IPKK, header ROM version 0)","포켓몬스터 소울실버 (Korea, IPGK, header ROM version 0)",/a/0/9/0,equal,101,101,,,ced1871b5f887f3fefc6c6cdbde893f3f7a81d024a85bab02b0e875d0bbfead8,ced1871b5f887f3fefc6c6cdbde893f3f7a81d024a85bab02b0e875d0bbfead8,92,92,Nintendo Huffman,Nintendo Huffman
"포켓몬스터 하트골드 (Korea, IPKK, header ROM version 0)","포켓몬스터 소울실버 (Korea, IPGK, header ROM version 0)",/a/0/9/0,equal,102,102,,,7e3bad93e698eee063b04d2a795f97797c4f78c28e49ec52b49a2e102d9aae01,7e3bad93e698eee063b04d2a795f97797c4f78c28e49ec52b49a2e102d9aae01,92,92,Nintendo Huffman,Nintendo Huffman
"포켓몬스터 하트골드 (Korea, IPKK, header ROM version 0)","포켓몬스터 소울실버 (Korea, IPGK, header ROM version 0)",/a/0/9/0,equal,103,103,,,ce1f2add6045d17c2bad1ba4fb3cf1812aace136248a68c38674f828ea27dd4c,ce1f2add6045d17c2bad1ba4fb3cf1812aace136248a68c38674f828ea27dd4c,92,92,Nintendo Huffman,Nintendo Huffman
"포켓몬스터 하트골드 (Korea, IPKK, header ROM version 0)","포켓몬스터 소울실버 (Korea, IPGK, header ROM version 0)",/a/0/9/0,equal,104,104,,,8e9dd016ea2aa28943ffd5bb708dd4f32eb9488a87a0e98ddea1f6371eb1a734,8e9dd016ea2aa28943ffd5bb708dd4f32eb9488a87a0e98ddea1f6371eb1a734,516,516,,
"포켓몬스터 하트골드 (Korea, IPKK, header ROM version 0)","포켓몬스터 소울실버 (Korea, IPGK, header ROM version 0)",/a/0/9/0,equal,105,105,,,722f68495b5fff1ba45aafce65ef68c227fcdb4647cf8baf6008cc876ffc7257,722f68495b5fff1ba45aafce65ef68c227fcdb4647cf8baf6008cc876ffc7257,272,272,,
"포켓몬스터 하트골드 (Korea, IPKK, header ROM version 0)","포켓몬스터 소울실버 (Korea, IPGK, header ROM version 0)",/a/0/9/0,equal,106,106,,,67525b354a154324fe737dff27907781a1d06001076cb92e6cbb9d60756a9bcb,67525b354a154324fe737dff27907781a1d06001076cb92e6cbb9d60756a9bcb,624,624,,
"포켓몬스터 하트골드 (Korea, IPKK, header ROM version 0)","포켓몬스터 소울실버 (Korea, IPGK, header ROM version 0)",/a/0/9/0,equal,107,107,,,ea91ee3ae3d7875a5fa8839de05fed5c65840772e410d20d15657f204a596188,ea91ee3ae3d7875a5fa8839de05fed5c65840772e410d20d15657f204a596188,208,208,,
"포켓몬스터 하트골드 (Korea, IPKK, header ROM version 0)","포켓몬스터 소울실버 (Korea, IPGK, header ROM version 0)",/a/0/9/0,equal,108,108,,,fecfcdd5c70cbcc22b7b9dff3f758b8b4e1037152ef7e5b6803adedacbdb9043,fecfcdd5c70cbcc22b7b9dff3f758b8b4e1037152ef7e5b6803adedacbdb9043,196,196,,
"포켓몬스터 하트골드 (Korea, IPKK, header ROM version 0)","포켓몬스터 소울실버 (Korea, IPGK, header ROM version 0)",/a/0/9/0,equal,109,109,,,0febe576840f0df52fa04fd94425d1d81587dd59dc4bb1b408574455490e0300,0febe576840f0df52fa04fd94425d1d81587dd59dc4bb1b408574455490e0300,196,196,,
"포켓몬스터 하트골드 (Korea, IPKK, header ROM version 0)","포켓몬스터 소울실버 (Korea, IPGK, header ROM version 0)",/a/0/9/0,equal,110,110,,,11a433fe8695f203e9503c441f53551ceee57fd40c0c10a2b60c6abe5aa362ad,11a433fe8695f203e9503c441f53551ceee57fd40c0c10a2b60c6abe5aa362ad,104,104,,
"포켓몬스터 하트골드 (Korea, IPKK, header ROM version 0)","포켓몬스터 소울실버 (Korea, IPGK, header ROM version 0)",/a/0/9/0,equal,111,111,,,8a8d31a8e2438bbd9ebe847122e3ee4eeb590b808669421a2f0b90c0348db9ab,8a8d31a8e2438bbd9ebe847122e3ee4eeb590b808669421a2f0b90c0348db9ab,104,104,,
"포켓몬스터 하트골드 (Korea, IPKK, header ROM version 0)","포켓몬스터 소울실버 (Korea, IPGK, header ROM version 0)",/a/0/9/0,equal,112,112,,,634407fe4fa59ed13936dc1789c801f47d345d7eaecf2a928d0f125c7f32eee8,634407fe4fa59ed13936dc1789c801f47d345d7eaecf2a928d0f125c7f32eee8,104,104,,
"포켓몬스터 하트골드 (Korea, IPKK, header ROM version 0)","포켓몬스터 소울실버 (Korea, IPGK, header ROM version 0)",/a/0/9/0,equal,113,113,,,4d18b5c1e0e57c6e91c40d73b9119f9144a12639a552c263923d45e49e7c5a67,4d18b5c1e0e57c6e91c40d73b9119f9144a12639a552c263923d45e49e7c5a67,92,92,,
"포켓몬스터 하트골드 (Korea, IPKK, header ROM version 0)","포켓몬스터 소울실버 (Korea, IPGK, header ROM version 0)",/a/0/9/0,equal,114,114,,,84bd285fad67b040cf13bcc958fd2370c9c4263665ca471f490a62ebad8b66f6,84bd285fad67b040cf13bcc958fd2370c9c4263665ca471f490a62ebad8b66f6,80,80,,
"포켓몬스터 하트골드 (Korea, IPKK, header ROM version 0)","포켓몬스터 소울실버 (Korea, IPGK, header ROM version 0)",/a/0/9/0,equal,115,115,,,2574a4bb2a5d927eb7a830c42887b497fdbdf25b8cd8a501a743a72bd402b3c9,2574a4bb2a5d927eb7a830c42887b497fdbdf25b8cd8a501a743a72bd402b3c9,80,80,,
"포켓몬스터 하트골드 (Korea, IPKK, header ROM version 0)","포켓몬스터 소울실버 (Korea, IPGK, header ROM version 0)",/a/0/9/0,equal,116,116,,,86691a8da289de15a1e91487460e02c742369da8c02d52dc58ad886b037f4e43,86691a8da289de15a1e91487460e02c742369da8c02d52dc58ad886b037f4e43,96,96,,
"포켓몬스터 하트골드 (Korea, IPKK, header ROM version 0)","포켓몬스터 소울실버 (Korea, IPGK, header ROM version 0)",/a/0/9/0,equal,117,117,,,995fe156b9f3148c72b9afe28dfcb3ffbc6bdc051552fe7252567b655ba42863,995fe156b9f3148c72b9afe28dfcb3ffbc6bdc051552fe7252567b655ba42863,96,96,,
"포켓몬스터 하트골드 (Korea, IPKK, header ROM version 0)","포켓몬스터 소울실버 (Korea, IPGK, header ROM version 0)",/a/0/9/0,equal,118,118,,,1ed1a3f96c38acfe6bb66b5e38406792ce52df811f0a9569e64da43d09c7a920,1ed1a3f96c38acfe6bb66b5e38406792ce52df811f0a9569e64da43d09c7a920,96,96,,
"포켓몬스터 하트골드 (Korea, IPKK, header ROM version 0)","포켓몬스터 소울실버 (Korea, IPGK, header ROM version 0)",/a/0/9/0,equal,119,119,,,ab806c1207b7f80d5990f7da970bbd0b5c3bfe6f8c0e96361807735311299975,ab806c1207b7f80d5990f7da970bbd0b5c3bfe6f8c0e96361807735311299975,168,168,,
"포켓몬스터 하트골드 (Korea, IPKK, header ROM version 0)","포켓몬스터 소울실버 (Korea, IPGK, header ROM version 0)",/a/0/9/0,equal,120,120,,,869346e9036948e235e02d108c83795229096fad92f41d939a3f7dd875a9b64c,869346e9036948e235e02d108c83795229096fad92f41d939a3f7dd875a9b64c,156,156,,
"포켓몬스터 하트골드 (Korea, IPKK, header ROM version 0)","포켓몬스터 소울실버 (Korea, IPGK, header ROM version 0)",/a/0/9/0,equal,121,121,,,83b56377ee0086750676726879a326c213c32945cb01f34f82c72ced67fa6ed8,83b56377ee0086750676726879a326c213c32945cb01f34f82c72ced67fa6ed8,156,156,,
"포켓몬스터 하트골드 (Korea, IPKK, header ROM version 0)","포켓몬스터 소울실버 (Korea, IPGK, header ROM version 0)",/a/0/9/0,equal,122,122,,,791f6a01bbfc6af24269e54921351292419a019fa4e50c1233bc9f1ef1d6bf7c,791f6a01bbfc6af24269e54921351292419a019fa4e50c1233bc9f1ef1d6bf7c,320,320,,
"포켓몬스터 하트골드 (Korea, IPKK, header ROM version 0)","포켓몬스터 소울실버 (Korea, IPGK, header ROM version 0)",/a/0/9/0,equal,123,123,,,f02443be1c79280336151fa08de7a83ff269d85964c305b3fb76f105bb35cc76,f02443be1c79280336151fa08de7a83ff269d85964c305b3fb76f105bb35cc76,308,308,,
"포켓몬스터 하트골드 (Korea, IPKK, header ROM version 0)","포켓몬스터 소울실버 (Korea, IPGK, header ROM version 0)",/a/0/9/0,equal,124,124,,,96b16c867f89d900f66bd7294ca62cffdbb92e2087ec34aee3347be55212f834,96b16c867f89d900f66bd7294ca62cffdbb92e2087ec34aee3347be55212f834,308,308,,
"포켓몬스터 하트골드 (Korea, IPKK, header ROM version 0)","포켓몬스터 소울실버 (Korea, IPGK, header ROM version 0)",/a/0/9/0,equal,125,125,,,78bf2af4a5c75e50f36cef07d66d7a520499174ebd00ad20136e11669f523f4e,78bf2af4a5c75e50f36cef07d66d7a520499174ebd00ad20136e11669f523f4e,96,96,,
"포켓몬스터 하트골드 (Korea, IPKK, header ROM version 0)","포켓몬스터 소울실버 (Korea, IPGK, header ROM version 0)",/a/0/9/0,equal,126,126,,,3e3910482a2b1aba6f525eed901fa3f1972ca58d41ec91ff2b37d25c1c3faaf1,3e3910482a2b1aba6f525eed901fa3f1972ca58d41ec91ff2b37d25c1c3faaf1,96,96,,
"포켓몬스터 하트골드 (Korea, IPKK, header ROM version 0)","포켓몬스터 소울실버 (Korea, IPGK, header ROM version 0)",/a/0/9/0,equal,127,127,,,17b774eaba651b7189f12defbb9c1a25722a15c95c8e312b7ebb9f3235505c02,17b774eaba651b7189f12defbb9c1a25722a15c95c8e312b7ebb9f3235505c02,84,84,,
"포켓몬스터 하트골드 (Korea, IPKK, header ROM version 0)","포켓몬스터 소울실버 (Korea, IPGK, header ROM version 0)",/a/0/9/0,equal,128,128,,,cbe2a45171fd394c8615dae57159c42e6b3b640cb4fbe6a2f4df9ffda51ea029,cbe2a45171fd394c8615dae57159c42e6b3b640cb4fbe6a2f4df9ffda51ea029,104,104,,
"포켓몬스터 하트골드 (Korea, IPKK, header ROM version 0)","포켓몬스터 소울실버 (Korea, IPGK, header ROM version 0)",/a/0/9/0,equal,129,129,,,eeb8266ce30d384737a638cc2813959b73613e1ef07d663da6967a6fa05f1891,eeb8266ce30d384737a638cc2813959b73613e1ef07d663da6967a6fa05f1891,104,104,,
"포켓몬스터 하트골드 (Korea, IPKK, header ROM version 0)","포켓몬스터 소울실버 (Korea, IPGK, header ROM version 0)",/a/0/9/0,equal,130,130,,,6a44f30ed6866bb2ef190417ecfb041a76ef8c2c3bf6f5a1ae0a6a4cd20cee6c,6a44f30ed6866bb2ef190417ecfb041a76ef8c2c3bf6f5a1ae0a6a4cd20cee6c,104,104,,
"포켓몬스터 하트골드 (Korea, IPKK, header ROM version 0)","포켓몬스터 소울실버 (Korea, IPGK, header ROM version 0)",/a/0/9/0,equal,131,131,,,2b8cfe529eaf340a750eac368e704f4bcc28ac419cdd081fb2d71ca11eabcbf6,2b8cfe529eaf340a750eac368e704f4bcc28ac419cdd081fb2d71ca11eabcbf6,152,152,,
"포켓몬스터 하트골드 (Korea, IPKK, header ROM version 0)","포켓몬스터 소울실버 (Korea, IPGK, header ROM version 0)",/a/0/9/0,equal,132,132,,,132118d27d93a7c5345e9828c12e91232e396cfd3125db46abf67cf44240bf83,132118d27d93a7c5345e9828c12e91232e396cfd3125db46abf67cf44240bf83,152,152,,
"포켓몬스터 하트골드 (Korea, IPKK, header ROM version 0)","포켓몬스터 소울실버 (Korea, IPGK, header ROM version 0)",/a/0/9/0,equal,133,133,,,bdb3ccaeab98d94c03c7e99ef37e64a1627655d41fe9fb59e2793c28e4875801,bdb3ccaeab98d94c03c7e99ef37e64a1627655d41fe9fb59e2793c28e4875801,152,152,,
"포켓몬스터 하트골드 (Korea, IPKK, header ROM version 0)","포켓몬스터 소울실버 (Korea, IPGK, header ROM version 0)",/a/0/9/0,equal,134,134,,,0c590a8f9eefecf055c79433f83538860c339e926f2aa08b94fe185db070189a,0c590a8f9eefecf055c79433f83538860c339e926f2aa08b94fe185db070189a,96,96,,
"포켓몬스터 하트골드 (Korea, IPKK, header ROM version 0)","포켓몬스터 소울실버 (Korea, IPGK, header ROM version 0)",/a/0/9/0,equal,135,135,,,bb4b6eb018c0e4c039b567d0c46bcf4046478d83623bb9dedf72f01363e5d2f6,bb4b6eb018c0e4c039b567d0c46bcf4046478d83623bb9dedf72f01363e5d2f6,376,376,,
"포켓몬스터 하트골드 (Korea, IPKK, header ROM version 0)","포켓몬스터 소울실버 (Korea, IPGK, header ROM version 0)",/a/0/9/0,equal,136,136,,,d83e9631468a700f4e29ed69b54dbf543a5e984f22e3ba03d1a0bf970401e855,d83e9631468a700f4e29ed69b54dbf543a5e984f22e3ba03d1a0bf970401e855,80,80,,
"포켓몬스터 하트골드 (Korea, IPKK, header ROM version 0)","포켓몬스터 소울실버 (Korea, IPGK, header ROM version 0)",/a/0/9/0,equal,137,137,,,de3640236529ad91e595245cb6f1875908f75a8ea08e6976bd32f7e20c7bd95b,de3640236529ad91e595245cb6f1875908f75a8ea08e6976bd32f7e20c7bd95b,768,768,,
"포켓몬스터 하트골드 (Korea, IPKK, header ROM version 0)","포켓몬스터 소울실버 (Korea, IPGK, header ROM version 0)",/a/0/9/0,equal,138,138,,,e38eff8557587b1eb4a3d6de77017139f6a6b4bc58abbe90cb01ea397fac1a06,e38eff8557587b1eb4a3d6de77017139f6a6b4bc58abbe90cb01ea397fac1a06,728,728,,
"포켓몬스터 하트골드 (Korea, IPKK, header ROM version 0)","포켓몬스터 소울실버 (Korea, IPGK, header ROM version 0)",/a/0/9/0,equal,139,139,,,684e84bf2d10ae3a193e0cfed6ab6617a1e35be48f322f2f191cd7e823a3b971,684e84bf2d10ae3a193e0cfed6ab6617a1e35be48f322f2f191cd7e823a3b971,80,80,,
"포켓몬스터 하트골드 (Korea, IPKK, header ROM version 0)","포켓몬스터 소울실버 (Korea, IPGK, header ROM version 0)",/a/0/9/0,equal,140,140,,,2305ce8122dc4205fa74e4c1baf7a6cdcc40b0fd19e8da09bb6a86e1917c5085,2305ce8122dc4205fa74e4c1baf7a6cdcc40b0fd19e8da09bb6a86e1917c5085,80,80,,
"포켓몬스터 하트골드 (Korea, IPKK, header ROM version 0)","포켓몬스터 소울실버 (Korea, IPGK, header ROM version 0)",/a/0/9/0,equal,141,141,,,9c88c412dd79dbfff63524dca5dd8b1e0177a914b33cccff00a44435819940dd,9c88c412dd79dbfff63524dca5dd8b1e0177a914b33cccff00a44435819940dd,80,80,,
"포켓몬스터 하트골드 (Korea, IPKK, header ROM version 0)","포켓몬스터 소울실버 (Korea, IPGK, header ROM version 0)",/a/0/9/0,equal,142,142,,,9cd26724e4a0500b0c695c7b64679a21c15848340831e869745374a9af4c44a1,9cd26724e4a0500b0c695c7b64679a21c15848340831e869745374a9af4c44a1,728,728,,
"포켓몬스터 하트골드 (Korea, IPKK, header ROM version 0)","포켓몬스터 소울실버 (Korea, IPGK, header ROM version 0)",/a/0/9/1,equal,0,0,,,6311837c4d15f3c41f0afdfefa0673c9b58849b96e33b15ddcb67d2bea8453db,6311837c4d15f3c41f0afdfefa0673c9b58849b96e33b15ddcb67d2bea8453db,552,552,NCLR palette,NCLR palette
"포켓몬스터 하트골드 (Korea, IPKK, header ROM version 0)","포켓몬스터 소울실버 (Korea, IPGK, header ROM version 0)",/a/0/9/1,equal,1,1,,,877eeda2010bee31b5bca97bf562efc38a6ee35e7da08915e6425d12f51ca53c,877eeda2010bee31b5bca97bf562efc38a6ee35e7da08915e6425d12f51ca53c,552,552,NCLR palette,NCLR palette
"포켓몬스터 하트골드 (Korea, IPKK, header ROM version 0)","포켓몬스터 소울실버 (Korea, IPGK, header ROM version 0)",/a/0/9/1,equal,2,2,,,d70086ce86445ccb03a13ab5e6942dd7b5d354a5748ab445b9957fb006ad78bb,d70086ce86445ccb03a13ab5e6942dd7b5d354a5748ab445b9957fb006ad78bb,552,552,NCLR palette,NCLR palette
"포켓몬스터 하트골드 (Korea, IPKK, header ROM version 0)","포켓몬스터 소울실버 (Korea, IPGK, header ROM version 0)",/a/0/9/1,equal,3,3,,,b1d9e84787affced0ee0b1fe8ab4af0ca47357966ca561232fc77783e29a0dbd,b1d9e84787affced0ee0b1fe8ab4af0ca47357966ca561232fc77783e29a0dbd,313,313,Nintendo LZ10,Nintendo LZ10
"포켓몬스터 하트골드 (Korea, IPKK, header ROM version 0)","포켓몬스터 소울실버 (Korea, IPGK, header ROM version 0)",/a/0/9/1,equal,4,4,,,24a1d5e6f22cd1133ce4f661e989ea004c369a58a6244663cc26c1236e487cb2,24a1d5e6f22cd1133ce4f661e989ea004c369a58a6244663cc26c1236e487cb2,448,448,Nintendo LZ10,Nintendo LZ10
"포켓몬스터 하트골드 (Korea, IPKK, header ROM version 0)","포켓몬스터 소울실버 (Korea, IPGK, header ROM version 0)",/a/0/9/1,equal,5,5,,,e5437fdeb7c078f68729a29de21f994024224b5a5fe9bc0077f7a94e161263f4,e5437fdeb7c078f68729a29de21f994024224b5a5fe9bc0077f7a94e161263f4,313,313,Nintendo LZ10,Nintendo LZ10
"포켓몬스터 하트골드 (Korea, IPKK, header ROM version 0)","포켓몬스터 소울실버 (Korea, IPGK, header ROM version 0)",/a/0/9/1,equal,6,6,,,2d0930aeca5d436df1be73fbe166e7502711fcd839f57441b18ccc92d5c695d9,2d0930aeca5d436df1be73fbe166e7502711fcd839f57441b18ccc92d5c695d9,223,223,Nintendo LZ10,Nintendo LZ10
"포켓몬스터 하트골드 (Korea, IPKK, header ROM version 0)","포켓몬스터 소울실버 (Korea, IPGK, header ROM version 0)",/a/0/9/1,equal,7,7,,,acdc638f7d1dda8451cba7541eb80709f68fd6a1a5b9972c80e20dd6d37134c2,acdc638f7d1dda8451cba7541eb80709f68fd6a1a5b9972c80e20dd6d37134c2,904,904,Nintendo LZ10,Nintendo LZ10
"포켓몬스터 하트골드 (Korea, IPKK, header ROM version 0)","포켓몬스터 소울실버 (Korea, IPGK, header ROM version 0)",/a/0/9/1,equal,8,8,,,64a21398300f7582a306424da73ffa9b9b0e69df38147eec8537441e53e63b8a,64a21398300f7582a306424da73ffa9b9b0e69df38147eec8537441e53e63b8a,165,165,Nintendo LZ10,Nintendo LZ10
"포켓몬스터 하트골드 (Korea, IPKK, header ROM version 0)","포켓몬스터 소울실버 (Korea, IPGK, header ROM version 0)",/a/0/9/1,equal,9,9,,,de183281eec7e443840e4e31ac38d9d298d3c1af4bb61726013c1e90f43f76be,de183281eec7e443840e4e31ac38d9d298d3c1af4bb61726013c1e90f43f76be,120,120,Nintendo LZ10,Nintendo LZ10
"포켓몬스터 하트골드 (Korea, IPKK, header ROM version 0)","포켓몬스터 소울실버 (Korea, IPGK, header ROM version 0)",/a/0/9/2,equal,0,0,,,7444630468cab7087176a6717142060604529c9bd411a63e6cd39909e21b3083,7444630468cab7087176a6717142060604529c9bd411a63e6cd39909e21b3083,28,28,,
"포켓몬스터 하트골드 (Korea, IPKK, header ROM version 0)","포켓몬스터 소울실버 (Korea, IPGK, header ROM version 0)",/a/0/9/2,equal,1,1,,,83f36749f310e2fec64d42cc27854f7005e1deee11afd2d0563988d6b153d89d,83f36749f310e2fec64d42cc27854f7005e1deee11afd2d0563988d6b153d89d,28,28,,
"포켓몬스터 하트골드 (Korea, IPKK, header ROM version 0)","포켓몬스터 소울실버 (Korea, IPGK, header ROM version 0)",/a/0/9/2,equal,2,2,,,d452ca91fb2483ad48a0295d72de69b2fc3ca600519ea62b61ecb4606bf3de1e,d452ca91fb2483ad48a0295d72de69b2fc3ca600519ea62b61ecb4606bf3de1e,28,28,,
"포켓몬스터 하트골드 (Korea, IPKK, header ROM version 0)","포켓몬스터 소울실버 (Korea, IPGK, header ROM version 0)",/a/0/9/2,equal,3,3,,,71da0d189a4218680f7f927be0909ec31f0d309a778c702c535621694dca15db,71da0d189a4218680f7f927be0909ec31f0d309a778c702c535621694dca15db,28,28,,
"포켓몬스터 하트골드 (Korea, IPKK, header ROM version 0)","포켓몬스터 소울실버 (Korea, IPGK, header ROM version 0)",/a/0/9/2,equal,4,4,,,78e8daca024cb2efd5a0515ceeee5b52fc5fd2ee229571d6cca4cc7905925c91,78e8daca024cb2efd5a0515ceeee5b52fc5fd2ee229571d6cca4cc7905925c91,28,28,,
"포켓몬스터 하트골드 (Korea, IPKK, header ROM version 0)","포켓몬스터 소울실버 (Korea, IPGK, header ROM version 0)",/a/0/9/2,equal,5,5,,,a5609d4ec0ea9d07db8026eee152eacc4f49617c08f80447076de8c079b6a72d,a5609d4ec0ea9d07db8026eee152eacc4f49617c08f80447076de8c079b6a72d,28,28,,
"포켓몬스터 하트골드 (Korea, IPKK, header ROM version 0)","포켓몬스터 소울실버 (Korea, IPGK, header ROM version 0)",/a/0/9/2,equal,6,6,,,5bb0d977acc68de323205c4e211cfbb36927f6eab8f955ff826d6b523ba02434,5bb0d977acc68de323205c4e211cfbb36927f6eab8f955ff826d6b523ba02434,28,28,,
"포켓몬스터 하트골드 (Korea, IPKK, header ROM version 0)","포켓몬스터 소울실버 (Korea, IPGK, header ROM version 0)",/a/0/9/2,equal,7,7,,,4dca2242d9d0791ac7fc7f4de3110f37950e5290f1f175fc922914b1103231d5,4dca2242d9d0791ac7fc7f4de3110f37950e5290f1f175fc922914b1103231d5,28,28,,
"포켓몬스터 하트골드 (Korea, IPKK, header ROM version 0)","포켓몬스터 소울실버 (Korea, IPGK, header ROM version 0)",/a/0/9/2,equal,8,8,,,3a1f69dade5a7aeadef3113128a5e1c5560d3a68a6f562660586425f470dd8ce,3a1f69dade5a7aeadef3113128a5e1c5560d3a68a6f562660586425f470dd8ce,28,28,,
"포켓몬스터 하트골드 (Korea, IPKK, header ROM version 0)","포켓몬스터 소울실버 (Korea, IPGK, header ROM version 0)",/a/0/9/2,equal,9,9,,,de671bf0e309ac06500dab0819c0a4a79aff18710e0271cfb79e50d2c3ec1931,de671bf0e309ac06500dab0819c0a4a79aff18710e0271cfb79e50d2c3ec1931,28,28,,
"포켓몬스터 하트골드 (Korea, IPKK, header ROM version 0)","포켓몬스터 소울실버 (Korea, IPGK, header ROM version 0)",/a/0/9/2,equal,10,10,,,22fbc78705fc9808ce05ad3e20ede1beca56c2cb9cce852ed1c15a87bc1557d0,22fbc78705fc9808ce05ad3e20ede1beca56c2cb9cce852ed1c15a87bc1557d0,28,28,,
"포켓몬스터 하트골드 (Korea, IPKK, header ROM version 0)","포켓몬스터 소울실버 (Korea, IPGK, header ROM version 0)",/a/0/9/2,equal,11,11,,,22fbc78705fc9808ce05ad3e20ede1beca56c2cb9cce852ed1c15a87bc1557d0,22fbc78705fc9808ce05ad3e20ede1beca56c2cb9cce852ed1c15a87bc1557d0,28,28,,
"포켓몬스터 하트골드 (Korea, IPKK, header ROM version 0)","포켓몬스터 소울실버 (Korea, IPGK, header ROM version 0)",/a/0/9/2,equal,12,12,,,feb6a3de0c2ba6c3b8bc647ac6246dd4fdccbec8a46d52b3b22926828825f8fc,feb6a3de0c2ba6c3b8bc647ac6246dd4fdccbec8a46d52b3b22926828825f8fc,28,28,,
"포켓몬스터 하트골드 (Korea, IPKK, header ROM version 0)","포켓몬스터 소울실버 (Korea, IPGK, header ROM version 0)",/a/0/9/2,equal,13,13,,,06945da3f5e6ea7ebab8598609c462c29524aae868001d69749d3e20975e5ae6,06945da3f5e6ea7ebab8598609c462c29524aae868001d69749d3e20975e5ae6,28,28,,
"포켓몬스터 하트골드 (Korea, IPKK, header ROM version 0)","포켓몬스터 소울실버 (Korea, IPGK, header ROM version 0)",/a/0/9/2,equal,14,14,,,9f540ea118823bbe7e5a6f6a3c57a19e84aeace25f5a5a223e06e6267d5b1b85,9f540ea118823bbe7e5a6f6a3c57a19e84aeace25f5a5a223e06e6267d5b1b85,36,36,,
"포켓몬스터 하트골드 (Korea, IPKK, header ROM version 0)","포켓몬스터 소울실버 (Korea, IPGK, header ROM version 0)",/a/0/9/2,equal,15,15,,,08efea1c0957a5a1fe019e6edb21fdc9fbe5de2213487eab7a05e06eca1c9784,08efea1c0957a5a1fe019e6edb21fdc9fbe5de2213487eab7a05e06eca1c9784,4,4,,
"포켓몬스터 하트골드 (Korea, IPKK, header ROM version 0)","포켓몬스터 소울실버 (Korea, IPGK, header ROM version 0)",/a/0/9/3,equal,0,0,,,a123fb7d429163310685266f47ba291f56969b13cd2c1a0b9bde97be4f354fab,a123fb7d429163310685266f47ba291f56969b13cd2c1a0b9bde97be4f354fab,2112,2112,NCGR graphics,NCGR graphics
"포켓몬스터 하트골드 (Korea, IPKK, header ROM version 0)","포켓몬스터 소울실버 (Korea, IPGK, header ROM version 0)",/a/0/9/3,equal,1,1,,,24e92a021dcdcd7c0e1cb6afc6d9138dc21c1757e17244d6da040e74d2406b94,24e92a021dcdcd7c0e1cb6afc6d9138dc21c1757e17244d6da040e74d2406b94,2084,2084,NSCR screen map,NSCR screen map
"포켓몬스터 하트골드 (Korea, IPKK, header ROM version 0)","포켓몬스터 소울실버 (Korea, IPGK, header ROM version 0)",/a/0/9/3,equal,2,2,,,8b3002dbfa81a3f515e34d9129f6bfd90393116e5332bc7f02d885020d336960,8b3002dbfa81a3f515e34d9129f6bfd90393116e5332bc7f02d885020d336960,552,552,NCLR palette,NCLR palette
"포켓몬스터 하트골드 (Korea, IPKK, header ROM version 0)","포켓몬스터 소울실버 (Korea, IPGK, header ROM version 0)",/a/0/9/3,equal,3,3,,,a123fb7d429163310685266f47ba291f56969b13cd2c1a0b9bde97be4f354fab,a123fb7d429163310685266f47ba291f56969b13cd2c1a0b9bde97be4f354fab,2112,2112,NCGR graphics,NCGR graphics
"포켓몬스터 하트골드 (Korea, IPKK, header ROM version 0)","포켓몬스터 소울실버 (Korea, IPGK, header ROM version 0)",/a/0/9/3,equal,4,4,,,24e92a021dcdcd7c0e1cb6afc6d9138dc21c1757e17244d6da040e74d2406b94,24e92a021dcdcd7c0e1cb6afc6d9138dc21c1757e17244d6da040e74d2406b94,2084,2084,NSCR screen map,NSCR screen map
"포켓몬스터 하트골드 (Korea, IPKK, header ROM version 0)","포켓몬스터 소울실버 (Korea, IPGK, header ROM version 0)",/a/0/9/3,equal,5,5,,,641629129cd421677d3eb589b847b5f3866f05af178c49e50eed2939e46eb604,641629129cd421677d3eb589b847b5f3866f05af178c49e50eed2939e46eb604,552,552,NCLR palette,NCLR palette
"포켓몬스터 하트골드 (Korea, IPKK, header ROM version 0)","포켓몬스터 소울실버 (Korea, IPGK, header ROM version 0)",/a/0/9/3,equal,6,6,,,6658e03566254f9fb6158ef639f2ffb6f21b950cb2b0d2fd669225410b1efe71,6658e03566254f9fb6158ef639f2ffb6f21b950cb2b0d2fd669225410b1efe71,552,552,NCLR palette,NCLR palette
"포켓몬스터 하트골드 (Korea, IPKK, header ROM version 0)","포켓몬스터 소울실버 (Korea, IPGK, header ROM version 0)",/a/0/9/3,equal,7,7,,,7f83d0bfaa549cbcc7bfc997e295c305bc756b71a441e68e0c99656b4319d62c,7f83d0bfaa549cbcc7bfc997e295c305bc756b71a441e68e0c99656b4319d62c,552,552,NCLR palette,NCLR palette
"포켓몬스터 하트골드 (Korea, IPKK, header ROM version 0)","포켓몬스터 소울실버 (Korea, IPGK, header ROM version 0)",/a/0/9/3,equal,8,8,,,a02cb77a85764ea98535c14a4344c444d16e18bd8524d893fecade561f8292a0,a02cb77a85764ea98535c14a4344c444d16e18bd8524d893fecade561f8292a0,552,552,NCLR palette,NCLR palette
"포켓몬스터 하트골드 (Korea, IPKK, header ROM version 0)","포켓몬스터 소울실버 (Korea, IPGK, header ROM version 0)",/a/0/9/3,equal,9,9,,,b7b6c8cb55e14119981fd308dd89a9579a0bf0fbd9cf90b49de0197b2da03adb,b7b6c8cb55e14119981fd308dd89a9579a0bf0fbd9cf90b49de0197b2da03adb,3248,3248,NCGR graphics,NCGR graphics
"포켓몬스터 하트골드 (Korea, IPKK, header ROM version 0)","포켓몬스터 소울실버 (Korea, IPGK, header ROM version 0)",/a/0/9/3,equal,10,10,,,79d743c6c1428b5f0c421b12dd2b75b8dd8873d95b3b9cbf5c66716f6faad07f,79d743c6c1428b5f0c421b12dd2b75b8dd8873d95b3b9cbf5c66716f6faad07f,127,127,NCER cell,NCER cell
"포켓몬스터 하트골드 (Korea, IPKK, header ROM version 0)","포켓몬스터 소울실버 (Korea, IPGK, header ROM version 0)",/a/0/9/3,equal,11,11,,,a4f6d757b2d6e5da1102b41f2c62e50285a4cdc0c53667e360ca0d086b295138,a4f6d757b2d6e5da1102b41f2c62e50285a4cdc0c53667e360ca0d086b295138,1072,1072,NCGR graphics,NCGR graphics
"포켓몬스터 하트골드 (Korea, IPKK, header ROM version 0)","포켓몬스터 소울실버 (Korea, IPGK, header ROM version 0)",/a/0/9/3,equal,12,12,,,d8c3ccf4755cba08b200d056af4c58fcbdbd05094e7d28adbffe7b3977c27eb1,d8c3ccf4755cba08b200d056af4c58fcbdbd05094e7d28adbffe7b3977c27eb1,99,99,NCER cell,NCER cell
"포켓몬스터 하트골드 (Korea, IPKK, header ROM version 0)","포켓몬스터 소울실버 (Korea, IPGK, header ROM version 0)",/a/0/9/3,equal,13,13,,,30249884bd91f10bc9d4e13e7b1495f09991b6f488405a0cdbb61cfb402d10ca,30249884bd91f10bc9d4e13e7b1495f09991b6f488405a0cdbb61cfb402d10ca,111,111,NANR animation,NANR animation
"포켓몬스터 하트골드 (Korea, IPKK, header ROM version 0)","포켓몬스터 소울실버 (Korea, IPGK, header ROM version 0)",/a/0/9/3,equal,14,14,,,512da174b88261adea93b660dce5e9c6847f809bba75789ce835fa906fe46b3a,512da174b88261adea93b660dce5e9c6847f809bba75789ce835fa906fe46b3a,304,304,NCGR graphics,NCGR graphics
"포켓몬스터 하트골드 (Korea, IPKK, header ROM version 0)","포켓몬스터 소울실버 (Korea, IPGK, header ROM version 0)",/a/0/9/3,equal,15,15,,,f27998e8192eb3b35261090680758366f2f132124f5bee3c0f76fd45edb56fef,f27998e8192eb3b35261090680758366f2f132124f5bee3c0f76fd45edb56fef,126,126,NCER cell,NCER cell
"포켓몬스터 하트골드 (Korea, IPKK, header ROM version 0)","포켓몬스터 소울실버 (Korea, IPGK, header ROM version 0)",/a/0/9/3,equal,16,16,,,53d8003155752aef909e602429463b97160b13b7f7aaabfcc4e799503e41ab86,53d8003155752aef909e602429463b97160b13b7f7aaabfcc4e799503e41ab86,154,154,NANR animation,NANR animation
"포켓몬스터 하트골드 (Korea, IPKK, header ROM version 0)","포켓몬스터 소울실버 (Korea, IPGK, header ROM version 0)",/a/0/9/3,equal,17,17,,,4a02be557e927b1e730f7c6735c57cbbd04be3fac2a7c838202a8fe1c5918c9f,4a02be557e927b1e730f7c6735c57cbbd04be3fac2a7c838202a8fe1c5918c9f,5168,5168,NCGR graphics,NCGR graphics
"포켓몬스터 하트골드 (Korea, IPKK, header ROM version 0)","포켓몬스터 소울실버 (Korea, IPGK, header ROM version 0)",/a/0/9/3,equal,18,18,,,cd08f3c8119586a00dd0b15a1954e915ffae43b2d1c1ec8df29e0351a6b498d9,cd08f3c8119586a00dd0b15a1954e915ffae43b2d1c1ec8df29e0351a6b498d9,313,313,NCER cell,NCER cell
"포켓몬스터 하트골드 (Korea, IPKK, header ROM version 0)","포켓몬스터 소울실버 (Korea, IPGK, header ROM version 0)",/a/0/9/3,equal,19,19,,,0d6ee5486797c085d2c731ff8564f4473038fc67e1b70166b5e53df30c8c9355,0d6ee5486797c085d2c731ff8564f4473038fc67e1b70166b5e53df30c8c9355,397,397,NANR animation,NANR animation
"포켓몬스터 하트골드 (Korea, IPKK, header ROM version 0)","포켓몬스터 소울실버 (Korea, IPGK, header ROM version 0)",/a/0/9/3,equal,20,20,,,07648f7ff95b8048b59e2e3ae58924057b9e69cb787da3a75af3a01ff379de1a,07648f7ff95b8048b59e2e3ae58924057b9e69cb787da3a75af3a01ff379de1a,5168,5168,NCGR graphics,NCGR graphics
"포켓몬스터 하트골드 (Korea, IPKK, header ROM version 0)","포켓몬스터 소울실버 (Korea, IPGK, header ROM version 0)",/a/0/9/3,equal,21,21,,,cd08f3c8119586a00dd0b15a1954e915ffae43b2d1c1ec8df29e0351a6b498d9,cd08f3c8119586a00dd0b15a1954e915ffae43b2d1c1ec8df29e0351a6b498d9,313,313,NCER cell,NCER cell
"포켓몬스터 하트골드 (Korea, IPKK, header ROM version 0)","포켓몬스터 소울실버 (Korea, IPGK, header ROM version 0)",/a/0/9/3,equal,22,22,,,0d6ee5486797c085d2c731ff8564f4473038fc67e1b70166b5e53df30c8c9355,0d6ee5486797c085d2c731ff8564f4473038fc67e1b70166b5e53df30c8c9355,397,397,NANR animation,NANR animation
"포켓몬스터 하트골드 (Korea, IPKK, header ROM version 0)","포켓몬스터 소울실버 (Korea, IPGK, header ROM version 0)",/a/0/9/3,equal,23,23,,,cadebd51ecd605d50d763aa11fcc9a9457053de0ffeea0a71ede4c7e9a1369c5,cadebd51ecd605d50d763aa11fcc9a9457053de0ffeea0a71ede4c7e9a1369c5,5168,5168,NCGR graphics,NCGR graphics
"포켓몬스터 하트골드 (Korea, IPKK, header ROM version 0)","포켓몬스터 소울실버 (Korea, IPGK, header ROM version 0)",/a/0/9/3,equal,24,24,,,cd08f3c8119586a00dd0b15a1954e915ffae43b2d1c1ec8df29e0351a6b498d9,cd08f3c8119586a00dd0b15a1954e915ffae43b2d1c1ec8df29e0351a6b498d9,313,313,NCER cell,NCER cell
"포켓몬스터 하트골드 (Korea, IPKK, header ROM version 0)","포켓몬스터 소울실버 (Korea, IPGK, header ROM version 0)",/a/0/9/3,equal,25,25,,,0d6ee5486797c085d2c731ff8564f4473038fc67e1b70166b5e53df30c8c9355,0d6ee5486797c085d2c731ff8564f4473038fc67e1b70166b5e53df30c8c9355,397,397,NANR animation,NANR animation
"포켓몬스터 하트골드 (Korea, IPKK, header ROM version 0)","포켓몬스터 소울실버 (Korea, IPGK, header ROM version 0)",/a/0/9/4,equal,0,0,,,d612a83ac4f432d63d2d978ff345e63dee62b6af0a45a68dacc8b3742433a041,d612a83ac4f432d63d2d978ff345e63dee62b6af0a45a68dacc8b3742433a041,71896,71896,NSBMD model,NSBMD model
"포켓몬스터 하트골드 (Korea, IPKK, header ROM version 0)","포켓몬스터 소울실버 (Korea, IPGK, header ROM version 0)",/a/0/9/4,equal,1,1,,,179ead8d8c051a1ec2afeb9ab52334d8103f6d7f288204f8650c7e879298d56b,179ead8d8c051a1ec2afeb9ab52334d8103f6d7f288204f8650c7e879298d56b,2332,2332,NSBTA texture animation,NSBTA texture animation
"포켓몬스터 하트골드 (Korea, IPKK, header ROM version 0)","포켓몬스터 소울실버 (Korea, IPGK, header ROM version 0)",/a/0/9/4,equal,2,2,,,aaf4f764c9f74b0a1033c1ea2975967b63a82eb45d3396674577b9e1b550b59a,aaf4f764c9f74b0a1033c1ea2975967b63a82eb45d3396674577b9e1b550b59a,11872,11872,NSBCA animation,NSBCA animation
"포켓몬스터 하트골드 (Korea, IPKK, header ROM version 0)","포켓몬스터 소울실버 (Korea, IPGK, header ROM version 0)",/a/0/9/4,equal,3,3,,,a641418c0bb5db1dc8ed207b67ad31fffacc60008f35e3ba48364ef511592aef,a641418c0bb5db1dc8ed207b67ad31fffacc60008f35e3ba48364ef511592aef,1576,1576,NSBMA material animation,NSBMA material animation
"포켓몬스터 하트골드 (Korea, IPKK, header ROM version 0)","포켓몬스터 소울실버 (Korea, IPGK, header ROM version 0)",/a/0/9/4,equal,4,4,,,ade93eba1dd3c33cbb412d433a08d35f50b12310d7fff951d5b930d033630720,ade93eba1dd3c33cbb412d433a08d35f50b12310d7fff951d5b930d033630720,1444,1444,NSBMD model,NSBMD model
"포켓몬스터 하트골드 (Korea, IPKK, header ROM version 0)","포켓몬스터 소울실버 (Korea, IPGK, header ROM version 0)",/a/0/9/4,equal,5,5,,,d12dcd55388ccef19fca909795734a489e6f96892ba2ce643e05d60d8bdb43b6,d12dcd55388ccef19fca909795734a489e6f96892ba2ce643e05d60d8bdb43b6,1444,1444,NSBMD model,NSBMD model
"포켓몬스터 하트골드 (Korea, IPKK, header ROM version 0)","포켓몬스터 소울실버 (Korea, IPGK, header ROM version 0)",/a/0/9/4,equal,6,6,,,84f1dff4b972462c68432559ac588c59763f982fe1c42b234dc0271edbb1b917,84f1dff4b972462c68432559ac588c59763f982fe1c42b234dc0271edbb1b917,1444,1444,NSBMD model,NSBMD model
"포켓몬스터 하트골드 (Korea, IPKK, header ROM version 0)","포켓몬스터 소울실버 (Korea, IPGK, header ROM version 0)",/a/0/9/4,equal,7,7,,,3f2225ddc8bdaed39871ae63e8241f5995828b4b5aeb1739818903a377b0efe1,3f2225ddc8bdaed39871ae63e8241f5995828b4b5aeb1739818903a377b0efe1,18552,18552,NSBMD model,NSBMD model
"포켓몬스터 하트골드 (Korea, IPKK, header ROM version 0)","포켓몬스터 소울실버 (Korea, IPGK, header ROM version 0)",/a/0/9/4,equal,8,8,,,99e5730453c116db1cd0514facd244b0d797dd7130f2f5fdb2c20489e35b9bf7,99e5730453c116db1cd0514facd244b0d797dd7130f2f5fdb2c20489e35b9bf7,178676,178676,NSBCA animation,NSBCA animation
"포켓몬스터 하트골드 (Korea, IPKK, header ROM version 0)","포켓몬스터 소울실버 (Korea, IPGK, header ROM version 0)",/a/0/9/4,equal,9,9,,,4d431f2f288801301e2f174d09f15205de257f45925de37910238111fd21368b,4d431f2f288801301e2f174d09f15205de257f45925de37910238111fd21368b,2016,2016,NSBMA material animation,NSBMA material animation
"포켓몬스터 하트골드 (Korea, IPKK, header ROM version 0)","포켓몬스터 소울실버 (Korea, IPGK, header ROM version 0)",/a/0/9/4,equal,10,10,,,70cc4a56a804e6f49ecf713f8d441ba6467d1f7b3c95c7c7deb4f85c7ad1a8ae,70cc4a56a804e6f49ecf713f8d441ba6467d1f7b3c95c7c7deb4f85c7ad1a8ae,11132,11132,NSBTA texture animation,NSBTA texture animation
"포켓몬스터 하트골드 (Korea, IPKK, header ROM version 0)","포켓몬스터 소울실버 (Korea, IPGK, header ROM version 0)",/a/0/9/4,equal,11,11,,,a90f7e29463265540593f64bcf5a21ec822e7fe4ef6838d146fc1a31641e5302,a90f7e29463265540593f64bcf5a21ec822e7fe4ef6838d146fc1a31641e5302,3236,3236,NSBVA visibility animation,NSBVA visibility animation
"포켓몬스터 하트골드 (Korea, IPKK, header ROM version 0)","포켓몬스터 소울실버 (Korea, IPGK, header ROM version 0)",/a/0/9/4,equal,12,12,,,461ee4cdea20dc0526e635c165ef1df9192a840cfb0e2d8fb252bf12f375724d,461ee4cdea20dc0526e635c165ef1df9192a840cfb0e2d8fb252bf12f375724d,70884,70884,NSBMD model,NSBMD model
"포켓몬스터 하트골드 (Korea, IPKK, header ROM version 0)","포켓몬스터 소울실버 (Korea, IPGK, header ROM version 0)",/a/0/9/4,equal,13,13,,,7d4bbcbeabdc9fbf974e349b924728e8ec8387e67a192b96bd0a2d30f1515813,7d4bbcbeabdc9fbf974e349b924728e8ec8387e67a192b96bd0a2d30f1515813,31648,31648,NSBCA animation,NSBCA animation
"포켓몬스터 하트골드 (Korea, IPKK, header ROM version 0)","포켓몬스터 소울실버 (Korea, IPGK, header ROM version 0)",/a/0/9/4,equal,14,14,,,34f07b9863b956e40d44c249a96629d988a77700767bac36487e3a7275fa2806,34f07b9863b956e40d44c249a96629d988a77700767bac36487e3a7275fa2806,9172,9172,NSBMA material animation,NSBMA material animation
"포켓몬스터 하트골드 (Korea, IPKK, header ROM version 0)","포켓몬스터 소울실버 (Korea, IPGK, header ROM version 0)",/a/0/9/4,equal,15,15,,,6b75eae10cd70f3146bec3cee8be9cd615737e8a333507b9749ef5acda439273,6b75eae10cd70f3146bec3cee8be9cd615737e8a333507b9749ef5acda439273,48964,48964,NSBMD model,NSBMD model
"포켓몬스터 하트골드 (Korea, IPKK, header ROM version 0)","포켓몬스터 소울실버 (Korea, IPGK, header ROM version 0)",/a/0/9/4,equal,16,16,,,5513c7e4900d2747855ee4f1e7125f8e5336504bc6aad2c5998d5cfaaa97cf77,5513c7e4900d2747855ee4f1e7125f8e5336504bc6aad2c5998d5cfaaa97cf77,2124,2124,NSBCA animation,NSBCA animation
"포켓몬스터 하트골드 (Korea, IPKK, header ROM version 0)","포켓몬스터 소울실버 (Korea, IPGK, header ROM version 0)",/a/0/9/4,equal,17,17,,,857a2e7da9f0d2075cd3686f1f51efbfce8f349813388aa60fe7400fbbdc9748,857a2e7da9f0d2075cd3686f1f51efbfce8f349813388aa60fe7400fbbdc9748,2484,2484,NSBMA material animation,NSBMA material animation
"포켓몬스터 하트골드 (Korea, IPKK, header ROM version 0)","포켓몬스터 소울실버 (Korea, IPGK, header ROM version 0)",/a/0/9/4,equal,18,18,,,73ca52dbca5e53511f42ce46b4432a4902966f1195a2f15d5de7d4f2c9580513,73ca52dbca5e53511f42ce46b4432a4902966f1195a2f15d5de7d4f2c9580513,1172,1172,NSBTA texture animation,NSBTA texture animation
"포켓몬스터 하트골드 (Korea, IPKK, header ROM version 0)","포켓몬스터 소울실버 (Korea, IPGK, header ROM version 0)",/a/0/9/4,equal,19,19,,,9f065135a268255e1feca594ea4745ec9f5d7faa71c35e103228219c7764211c,9f065135a268255e1feca594ea4745ec9f5d7faa71c35e103228219c7764211c,340,340,NSBVA visibility animation,NSBVA visibility animation
"포켓몬스터 하트골드 (Korea, IPKK, header ROM version 0)","포켓몬스터 소울실버 (Korea, IPGK, header ROM version 0)",/a/0/9/5,equal,0,0,,,a5363d03794a382e4ae7027dbfc95f85dba37e22781a4a03c4744965a2152ea3,a5363d03794a382e4ae7027dbfc95f85dba37e22781a4a03c4744965a2152ea3,2332,2332,Nintendo Huffman,Nintendo Huffman
"포켓몬스터 하트골드 (Korea, IPKK, header ROM version 0)","포켓몬스터 소울실버 (Korea, IPGK, header ROM version 0)",/a/0/9/5,equal,1,1,,,5f2e425876d6542450548ebf978b846262f827bb96e512c06e822c3551565e56,5f2e425876d6542450548ebf978b846262f827bb96e512c06e822c3551565e56,6996,6996,Nintendo Huffman,Nintendo Huffman
"포켓몬스터 하트골드 (Korea, IPKK, header ROM version 0)","포켓몬스터 소울실버 (Korea, IPGK, header ROM version 0)",/a/0/9/5,equal,2,2,,,e97de70b52fb6c48fe67dc52764eab3f6b5db42d19f3bdf31d50c7fc088bd46b,e97de70b52fb6c48fe67dc52764eab3f6b5db42d19f3bdf31d50c7fc088bd46b,6584,6584,Nintendo Huffman,Nintendo Huffman
"포켓몬스터 하트골드 (Korea, IPKK, header ROM version 0)","포켓몬스터 소울실버 (Korea, IPGK, header ROM version 0)",/a/0/9/5,equal,3,3,,,5f53de1582b55dbe435245910ee7e8362be5636b5130827f0324de1b012bf916,5f53de1582b55dbe435245910ee7e8362be5636b5130827f0324de1b012bf916,2332,2332,Nintendo Huffman,Nintendo Huffman
"포켓몬스터 하트골드 (Korea, IPKK, header ROM version 0)","포켓몬스터 소울실버 (Korea, IPGK, header ROM version 0)",/a/0/9/5,equal,4,4,,,809a8304b4c8f5e420f542eca207b1855dfdcb7ff5a0728388839a80133e018c,809a8304b4c8f5e420f542eca207b1855dfdcb7ff5a0728388839a80133e018c,2332,2332,Nintendo Huffman,Nintendo Huffman
"포켓몬스터 하트골드 (Korea, IPKK, header ROM version 0)","포켓몬스터 소울실버 (Korea, IPGK, header ROM version 0)",/a/0/9/5,equal,5,5,,,9759c06f0d3156daeb3e0c194968b0aa85508a104dd4acfb88f7a62aaf2b9ce3,9759c06f0d3156daeb3e0c194968b0aa85508a104dd4acfb88f7a62aaf2b9ce3,2312,2312,Nintendo Huffman,Nintendo Huffman
"포켓몬스터 하트골드 (Korea, IPKK, header ROM version 0)","포켓몬스터 소울실버 (Korea, IPGK, header ROM version 0)",/a/0/9/5,equal,6,6,,,c6980d12090d9d0c1c1460f8c6ca232a159477bd1287cbc6631cbf81630b9c51,c6980d12090d9d0c1c1460f8c6ca232a159477bd1287cbc6631cbf81630b9c51,3512,3512,Nintendo Huffman,Nintendo Huffman
"포켓몬스터 하트골드 (Korea, IPKK, header ROM version 0)","포켓몬스터 소울실버 (Korea, IPGK, header ROM version 0)",/a/0/9/5,equal,7,7,,,6a8ef31c1bd23512bc37a572985514e0f99c60598cfb8fa1da51853c2f8176a3,6a8ef31c1bd23512bc37a572985514e0f99c60598cfb8fa1da51853c2f8176a3,4464,4464,Nintendo Huffman,Nintendo Huffman
"포켓몬스터 하트골드 (Korea, IPKK, header ROM version 0)","포켓몬스터 소울실버 (Korea, IPGK, header ROM version 0)",/a/0/9/5,equal,8,8,,,ee88d0ac86a13233d18128fe18082c0a64236adfb5a74e5fcfaa87900f9d7220,ee88d0ac86a13233d18128fe18082c0a64236adfb5a74e5fcfaa87900f9d7220,4576,4576,Nintendo Huffman,Nintendo Huffman
"포켓몬스터 하트골드 (Korea, IPKK, header ROM version 0)","포켓몬스터 소울실버 (Korea, IPGK, header ROM version 0)",/a/0/9/5,equal,9,9,,,8d02366493797c588c86b51030a23caa40593f82ddbc1b26961571e6f37d1140,8d02366493797c588c86b51030a23caa40593f82ddbc1b26961571e6f37d1140,6464,6464,Nintendo Huffman,Nintendo Huffman
"포켓몬스터 하트골드 (Korea, IPKK, header ROM version 0)","포켓몬스터 소울실버 (Korea, IPGK, header ROM version 0)",/a/0/9/5,equal,10,10,,,3147e9304d22f5acf44c00aff38a1f6673b18560abe6cf06cadfca1cf2bbad8c,3147e9304d22f5acf44c00aff38a1f6673b18560abe6cf06cadfca1cf2bbad8c,3900,3900,Nintendo Huffman,Nintendo Huffman
"포켓몬스터 하트골드 (Korea, IPKK, header ROM version 0)","포켓몬스터 소울실버 (Korea, IPGK, header ROM version 0)",/a/0/9/5,equal,11,11,,,ef347c5882197108310af5d07ba787a47cf16977ea8025082b589af16ede10c6,ef347c5882197108310af5d07ba787a47cf16977ea8025082b589af16ede10c6,6604,6604,Nintendo Huffman,Nintendo Huffman
"포켓몬스터 하트골드 (Korea, IPKK, header ROM version 0)","포켓몬스터 소울실버 (Korea, IPGK, header ROM version 0)",/a/0/9/5,equal,12,12,,,b621f2e5a85bb2894a2d5f2da7e8e987cd00e86ace77dc50f7e41129efe0c567,b621f2e5a85bb2894a2d5f2da7e8e987cd00e86ace77dc50f7e41129efe0c567,3392,3392,Nintendo Huffman,Nintendo Huffman
"포켓몬스터 하트골드 (Korea, IPKK, header ROM version 0)","포켓몬스터 소울실버 (Korea, IPGK, header ROM version 0)",/a/0/9/5,equal,13,13,,,50c5f273e395821c4c398beebda966059e3ea826dbb781b5ef1eccc0851e279c,50c5f273e395821c4c398beebda966059e3ea826dbb781b5ef1eccc0851e279c,5404,5404,Nintendo Huffman,Nintendo Huffman
"포켓몬스터 하트골드 (Korea, IPKK, header ROM version 0)","포켓몬스터 소울실버 (Korea, IPGK, header ROM version 0)",/a/0/9/5,equal,14,14,,,2b5c06b31f32dca15ff4f7fc52bbea69a800038a86c240384004fb371e946d7d,2b5c06b31f32dca15ff4f7fc52bbea69a800038a86c240384004fb371e946d7d,7236,7236,Nintendo Huffman,Nintendo Huffman
"포켓몬스터 하트골드 (Korea, IPKK, header ROM version 0)","포켓몬스터 소울실버 (Korea, IPGK, header ROM version 0)",/a/0/9/5,equal,15,15,,,ddd4b2e0348b86008aee61016bb2448780fb3e7396f863ed6851f178c795e7da,ddd4b2e0348b86008aee61016bb2448780fb3e7396f863ed6851f178c795e7da,6584,6584,Nintendo Huffman,Nintendo Huffman
"포켓몬스터 하트골드 (Korea, IPKK, header ROM version 0)","포켓몬스터 소울실버 (Korea, IPGK, header ROM version 0)",/a/0/9/5,equal,16,16,,,bce4eb1e90e8f9da0abeaecaa39c9ceda2fb9f1b53d735dffd84e034328c5e76,bce4eb1e90e8f9da0abeaecaa39c9ceda2fb9f1b53d735dffd84e034328c5e76,3532,3532,Nintendo Huffman,Nintendo Huffman
"포켓몬스터 하트골드 (Korea, IPKK, header ROM version 0)","포켓몬스터 소울실버 (Korea, IPGK, header ROM version 0)",/a/0/9/5,equal,17,17,,,809a8304b4c8f5e420f542eca207b1855dfdcb7ff5a0728388839a80133e018c,809a8304b4c8f5e420f542eca207b1855dfdcb7ff5a0728388839a80133e018c,2332,2332,Nintendo Huffman,Nintendo Huffman
"포켓몬스터 하트골드 (Korea, IPKK, header ROM version 0)","포켓몬스터 소울실버 (Korea, IPGK, header ROM version 0)",/a/0/9/5,equal,18,18,,,809a8304b4c8f5e420f542eca207b1855dfdcb7ff5a0728388839a80133e018c,809a8304b4c8f5e420f542eca207b1855dfdcb7ff5a0728388839a80133e018c,2332,2332,Nintendo Huffman,Nintendo Huffman
"포켓몬스터 하트골드 (Korea, IPKK, header ROM version 0)","포켓몬스터 소울실버 (Korea, IPGK, header ROM version 0)",/a/0/9/5,equal,19,19,,,809a8304b4c8f5e420f542eca207b1855dfdcb7ff5a0728388839a80133e018c,809a8304b4c8f5e420f542eca207b1855dfdcb7ff5a0728388839a80133e018c,2332,2332,Nintendo Huffman,Nintendo Huffman
"포켓몬스터 하트골드 (Korea, IPKK, header ROM version 0)","포켓몬스터 소울실버 (Korea, IPGK, header ROM version 0)",/a/0/9/5,equal,20,20,,,809a8304b4c8f5e420f542eca207b1855dfdcb7ff5a0728388839a80133e018c,809a8304b4c8f5e420f542eca207b1855dfdcb7ff5a0728388839a80133e018c,2332,2332,Nintendo Huffman,Nintendo Huffman
"포켓몬스터 하트골드 (Korea, IPKK, header ROM version 0)","포켓몬스터 소울실버 (Korea, IPGK, header ROM version 0)",/a/0/9/5,equal,21,21,,,809a8304b4c8f5e420f542eca207b1855dfdcb7ff5a0728388839a80133e018c,809a8304b4c8f5e420f542eca207b1855dfdcb7ff5a0728388839a80133e018c,2332,2332,Nintendo Huffman,Nintendo Huffman
"포켓몬스터 하트골드 (Korea, IPKK, header ROM version 0)","포켓몬스터 소울실버 (Korea, IPGK, header ROM version 0)",/a/0/9/5,equal,22,22,,,809a8304b4c8f5e420f542eca207b1855dfdcb7ff5a0728388839a80133e018c,809a8304b4c8f5e420f542eca207b1855dfdcb7ff5a0728388839a80133e018c,2332,2332,Nintendo Huffman,Nintendo Huffman
"포켓몬스터 하트골드 (Korea, IPKK, header ROM version 0)","포켓몬스터 소울실버 (Korea, IPGK, header ROM version 0)",/a/0/9/5,equal,23,23,,,809a8304b4c8f5e420f542eca207b1855dfdcb7ff5a0728388839a80133e018c,809a8304b4c8f5e420f542eca207b1855dfdcb7ff5a0728388839a80133e018c,2332,2332,Nintendo Huffman,Nintendo Huffman
"포켓몬스터 하트골드 (Korea, IPKK, header ROM version 0)","포켓몬스터 소울실버 (Korea, IPGK, header ROM version 0)",/a/0/9/5,equal,24,24,,,809a8304b4c8f5e420f542eca207b1855dfdcb7ff5a0728388839a80133e018c,809a8304b4c8f5e420f542eca207b1855dfdcb7ff5a0728388839a80133e018c,2332,2332,Nintendo Huffman,Nintendo Huffman
"포켓몬스터 하트골드 (Korea, IPKK, header ROM version 0)","포켓몬스터 소울실버 (Korea, IPGK, header ROM version 0)",/a/0/9/5,equal,25,25,,,809a8304b4c8f5e420f542eca207b1855dfdcb7ff5a0728388839a80133e018c,809a8304b4c8f5e420f542eca207b1855dfdcb7ff5a0728388839a80133e018c,2332,2332,Nintendo Huffman,Nintendo Huffman
"포켓몬스터 하트골드 (Korea, IPKK, header ROM version 0)","포켓몬스터 소울실버 (Korea, IPGK, header ROM version 0)",/a/0/9/5,equal,26,26,,,e6371e7f955f05744aeb8dee196fc1bdd1c5ce6211463cd9983cb1dedbe07941,e6371e7f955f05744aeb8dee196fc1bdd1c5ce6211463cd9983cb1dedbe07941,5512,5512,Nintendo Huffman,Nintendo Huffman
"포켓몬스터 하트골드 (Korea, IPKK, header ROM version 0)","포켓몬스터 소울실버 (Korea, IPGK, header ROM version 0)",/a/0/9/5,equal,27,27,,,c4e2f8bad6f46346420757de5c5009b1e7550bf39c7ab4530e700edd6793bc58,c4e2f8bad6f46346420757de5c5009b1e7550bf39c7ab4530e700edd6793bc58,5220,5220,Nintendo Huffman,Nintendo Huffman
"포켓몬스터 하트골드 (Korea, IPKK, header ROM version 0)","포켓몬스터 소울실버 (Korea, IPGK, header ROM version 0)",/a/0/9/5,equal,28,28,,,39485eccd0e490f59725180111aa791b8e878189422c3e850ff0dc2c5aa4f252,39485eccd0e490f59725180111aa791b8e878189422c3e850ff0dc2c5aa4f252,4928,4928,Nintendo Huffman,Nintendo Huffman
"포켓몬스터 하트골드 (Korea, IPKK, header ROM version 0)","포켓몬스터 소울실버 (Korea, IPGK, header ROM version 0)",/a/0/9/5,equal,29,29,,,1c23ad73012c1cbaec82f0a2654f4681f1d70f7f5dcf7465bef719361e02cc23,1c23ad73012c1cbaec82f0a2654f4681f1d70f7f5dcf7465bef719361e02cc23,5512,5512,Nintendo Huffman,Nintendo Huffman
"포켓몬스터 하트골드 (Korea, IPKK, header ROM version 0)","포켓몬스터 소울실버 (Korea, IPGK, header ROM version 0)",/a/0/9/5,equal,30,30,,,90353d15369da6acb5f84cefa8ec4cc811a3ef06b8322a927e3970ee56d71218,90353d15369da6acb5f84cefa8ec4cc811a3ef06b8322a927e3970ee56d71218,5512,5512,Nintendo Huffman,Nintendo Huffman
"포켓몬스터 하트골드 (Korea, IPKK, header ROM version 0)","포켓몬스터 소울실버 (Korea, IPGK, header ROM version 0)",/a/0/9/5,equal,31,31,,,c9f12adc1e41a30825e090c5558cf8c02c619d9790bdee5a841d6d71bca61231,c9f12adc1e41a30825e090c5558cf8c02c619d9790bdee5a841d6d71bca61231,5512,5512,Nintendo Huffman,Nintendo Huffman
"포켓몬스터 하트골드 (Korea, IPKK, header ROM version 0)","포켓몬스터 소울실버 (Korea, IPGK, header ROM version 0)",/a/0/9/5,equal,32,32,,,bd51ed9861f2644d41d2c283a5f39191cdfce42c24c5ab7c6abf499d60f6230c,bd51ed9861f2644d41d2c283a5f39191cdfce42c24c5ab7c6abf499d60f6230c,6712,6712,Nintendo Huffman,Nintendo Huffman
"포켓몬스터 하트골드 (Korea, IPKK, header ROM version 0)","포켓몬스터 소울실버 (Korea, IPGK, header ROM version 0)",/a/0/9/5,equal,33,33,,,bda57ee67864e6e487c8033f016543424e52e7607c0270e2ee6684c12de406bd,bda57ee67864e6e487c8033f016543424e52e7607c0270e2ee6684c12de406bd,6292,6292,Nintendo Huffman,Nintendo Huffman
"포켓몬스터 하트골드 (Korea, IPKK, header ROM version 0)","포켓몬스터 소울실버 (Korea, IPGK, header ROM version 0)",/a/0/9/5,equal,34,34,,,ec5d9704a725dd7687ed8e5b629a2bc445758c13c7d7774f61bf6b77c4aa40f1,ec5d9704a725dd7687ed8e5b629a2bc445758c13c7d7774f61bf6b77c4aa40f1,9040,9040,Nintendo Huffman,Nintendo Huffman
"포켓몬스터 하트골드 (Korea, IPKK, header ROM version 0)","포켓몬스터 소울실버 (Korea, IPGK, header ROM version 0)",/a/0/9/5,equal,35,35,,,d128113568f910ed7e2a006deaaaec29c167a76f7cce02e537a3373dc8ce292f,d128113568f910ed7e2a006deaaaec29c167a76f7cce02e537a3373dc8ce292f,9352,9352,Nintendo Huffman,Nintendo Huffman
"포켓몬스터 하트골드 (Korea, IPKK, header ROM version 0)","포켓몬스터 소울실버 (Korea, IPGK, header ROM version 0)",/a/0/9/5,equal,36,36,,,06bef6414252118a34661d0ebd5803cffdb7a76963177e464b367c6990952dbb,06bef6414252118a34661d0ebd5803cffdb7a76963177e464b367c6990952dbb,6320,6320,Nintendo Huffman,Nintendo Huffman
"포켓몬스터 하트골드 (Korea, IPKK, header ROM version 0)","포켓몬스터 소울실버 (Korea, IPGK, header ROM version 0)",/a/0/9/5,equal,37,37,,,356d95d088d2eeb078cd57051d1c4fa08c5aa41e8f4bda447a2542d9cacebca3,356d95d088d2eeb078cd57051d1c4fa08c5aa41e8f4bda447a2542d9cacebca3,8724,8724,Nintendo Huffman,Nintendo Huffman
"포켓몬스터 하트골드 (Korea, IPKK, header ROM version 0)","포켓몬스터 소울실버 (Korea, IPGK, header ROM version 0)",/a/0/9/5,equal,38,38,,,8abc4ee1b1dae2d6194bce2c5007eed0b7f4f724d73546d176fb48cd5f612865,8abc4ee1b1dae2d6194bce2c5007eed0b7f4f724d73546d176fb48cd5f612865,9352,9352,Nintendo Huffman,Nintendo Huffman
"포켓몬스터 하트골드 (Korea, IPKK, header ROM version 0)","포켓몬스터 소울실버 (Korea, IPGK, header ROM version 0)",/a/0/9/5,equal,39,39,,,3023aa4a6a0bad34a7fc0fc864db17ed690854cea56c8b121e8edb6a3b54b6fa,3023aa4a6a0bad34a7fc0fc864db17ed690854cea56c8b121e8edb6a3b54b6fa,8584,8584,Nintendo Huffman,Nintendo Huffman
"포켓몬스터 하트골드 (Korea, IPKK, header ROM version 0)","포켓몬스터 소울실버 (Korea, IPGK, header ROM version 0)",/a/0/9/5,equal,40,40,,,6399c5e89a14872192725c0d95880efe901e97f4b7281aebc6d1cd2dd98ac065,6399c5e89a14872192725c0d95880efe901e97f4b7281aebc6d1cd2dd98ac065,9060,9060,Nintendo Huffman,Nintendo Huffman
"포켓몬스터 하트골드 (Korea, IPKK, header ROM version 0)","포켓몬스터 소울실버 (Korea, IPGK, header ROM version 0)",/a/0/9/5,equal,41,41,,,800f66ec913cf0bf3b8e0b46ad7392a7fde5cdb4ee061ed55f12a3cbf4d61a27,800f66ec913cf0bf3b8e0b46ad7392a7fde5cdb4ee061ed55f12a3cbf4d61a27,9784,9784,Nintendo Huffman,Nintendo Huffman
"포켓몬스터 하트골드 (Korea, IPKK, header ROM version 0)","포켓몬스터 소울실버 (Korea, IPGK, header ROM version 0)",/a/0/9/5,equal,42,42,,,09e3a603ff4e8e7af85c4a0a34b299ab6b8692fdbbf8921a2f03daf969da246d,09e3a603ff4e8e7af85c4a0a34b299ab6b8692fdbbf8921a2f03daf969da246d,9492,9492,Nintendo Huffman,Nintendo Huffman
"포켓몬스터 하트골드 (Korea, IPKK, header ROM version 0)","포켓몬스터 소울실버 (Korea, IPGK, header ROM version 0)",/a/0/9/5,equal,43,43,,,90353d15369da6acb5f84cefa8ec4cc811a3ef06b8322a927e3970ee56d71218,90353d15369da6acb5f84cefa8ec4cc811a3ef06b8322a927e3970ee56d71218,5512,5512,Nintendo Huffman,Nintendo Huffman
"포켓몬스터 하트골드 (Korea, IPKK, header ROM version 0)","포켓몬스터 소울실버 (Korea, IPGK, header ROM version 0)",/a/0/9/5,equal,44,44,,,90353d15369da6acb5f84cefa8ec4cc811a3ef06b8322a927e3970ee56d71218,90353d15369da6acb5f84cefa8ec4cc811a3ef06b8322a927e3970ee56d71218,5512,5512,Nintendo Huffman,Nintendo Huffman
"포켓몬스터 하트골드 (Korea, IPKK, header ROM version 0)","포켓몬스터 소울실버 (Korea, IPGK, header ROM version 0)",/a/0/9/5,equal,45,45,,,90353d15369da6acb5f84cefa8ec4cc811a3ef06b8322a927e3970ee56d71218,90353d15369da6acb5f84cefa8ec4cc811a3ef06b8322a927e3970ee56d71218,5512,5512,Nintendo Huffman,Nintendo Huffman
"포켓몬스터 하트골드 (Korea, IPKK, header ROM version 0)","포켓몬스터 소울실버 (Korea, IPGK, header ROM version 0)",/a/0/9/5,equal,46,46,,,90353d15369da6acb5f84cefa8ec4cc811a3ef06b8322a927e3970ee56d71218,90353d15369da6acb5f84cefa8ec4cc811a3ef06b8322a927e3970ee56d71218,5512,5512,Nintendo Huffman,Nintendo Huffman
"포켓몬스터 하트골드 (Korea, IPKK, header ROM version 0)","포켓몬스터 소울실버 (Korea, IPGK, header ROM version 0)",/a/0/9/5,equal,47,47,,,90353d15369da6acb5f84cefa8ec4cc811a3ef06b8322a927e3970ee56d71218,90353d15369da6acb5f84cefa8ec4cc811a3ef06b8322a927e3970ee56d71218,5512,5512,Nintendo Huffman,Nintendo Huffman
"포켓몬스터 하트골드 (Korea, IPKK, header ROM version 0)","포켓몬스터 소울실버 (Korea, IPGK, header ROM version 0)",/a/0/9/5,equal,48,48,,,90353d15369da6acb5f84cefa8ec4cc811a3ef06b8322a927e3970ee56d71218,90353d15369da6acb5f84cefa8ec4cc811a3ef06b8322a927e3970ee56d71218,5512,5512,Nintendo Huffman,Nintendo Huffman
"포켓몬스터 하트골드 (Korea, IPKK, header ROM version 0)","포켓몬스터 소울실버 (Korea, IPGK, header ROM version 0)",/a/0/9/5,equal,49,49,,,90353d15369da6acb5f84cefa8ec4cc811a3ef06b8322a927e3970ee56d71218,90353d15369da6acb5f84cefa8ec4cc811a3ef06b8322a927e3970ee56d71218,5512,5512,Nintendo Huffman,Nintendo Huffman
"포켓몬스터 하트골드 (Korea, IPKK, header ROM version 0)","포켓몬스터 소울실버 (Korea, IPGK, header ROM version 0)",/a/0/9/5,equal,50,50,,,90353d15369da6acb5f84cefa8ec4cc811a3ef06b8322a927e3970ee56d71218,90353d15369da6acb5f84cefa8ec4cc811a3ef06b8322a927e3970ee56d71218,5512,5512,Nintendo Huffman,Nintendo Huffman
"포켓몬스터 하트골드 (Korea, IPKK, header ROM version 0)","포켓몬스터 소울실버 (Korea, IPGK, header ROM version 0)",/a/0/9/5,equal,51,51,,,90353d15369da6acb5f84cefa8ec4cc811a3ef06b8322a927e3970ee56d71218,90353d15369da6acb5f84cefa8ec4cc811a3ef06b8322a927e3970ee56d71218,5512,5512,Nintendo Huffman,Nintendo Huffman
"포켓몬스터 하트골드 (Korea, IPKK, header ROM version 0)","포켓몬스터 소울실버 (Korea, IPGK, header ROM version 0)",/a/0/9/5,equal,52,52,,,c80e0f39b7fa5d3a8e3db2d0150c5f9d7f336373dc9e6b900357cc40f4afdd76,c80e0f39b7fa5d3a8e3db2d0150c5f9d7f336373dc9e6b900357cc40f4afdd76,2704,2704,Nintendo Huffman,Nintendo Huffman
"포켓몬스터 하트골드 (Korea, IPKK, header ROM version 0)","포켓몬스터 소울실버 (Korea, IPGK, header ROM version 0)",/a/0/9/5,equal,53,53,,,17a77eab9434c6458707aef0d1d10069fe9c48c906a1d05edcfa415a0ebe6024,17a77eab9434c6458707aef0d1d10069fe9c48c906a1d05edcfa415a0ebe6024,1220,1220,Nintendo Huffman,Nintendo Huffman
"포켓몬스터 하트골드 (Korea, IPKK, header ROM version 0)","포켓몬스터 소울실버 (Korea, IPGK, header ROM version 0)",/a/0/9/5,equal,54,54,,,bb0da03d2c24027df49bbb13416cdb6c83b0d63bd7e0574736490b123acb2526,bb0da03d2c24027df49bbb13416cdb6c83b0d63bd7e0574736490b123acb2526,1220,1220,Nintendo Huffman,Nintendo Huffman
"포켓몬스터 하트골드 (Korea, IPKK, header ROM version 0)","포켓몬스터 소울실버 (Korea, IPGK, header ROM version 0)",/a/0/9/5,equal,55,55,,,a79bee2c722637276cfaebd3118ada95669b6dd515999d4c9e0d57eb7fb1115d,a79bee2c722637276cfaebd3118ada95669b6dd515999d4c9e0d57eb7fb1115d,1220,1220,Nintendo Huffman,Nintendo Huffman
"포켓몬스터 하트골드 (Korea, IPKK, header ROM version 0)","포켓몬스터 소울실버 (Korea, IPGK, header ROM version 0)",/a/0/9/5,equal,56,56,,,0569b25442894ef9dcec92fccf01b037b2e934307e46eea97f5d102bd3b00069,0569b25442894ef9dcec92fccf01b037b2e934307e46eea97f5d102bd3b00069,1220,1220,Nintendo Huffman,Nintendo Huffman
"포켓몬스터 하트골드 (Korea, IPKK, header ROM version 0)","포켓몬스터 소울실버 (Korea, IPGK, header ROM version 0)",/a/0/9/5,equal,57,57,,,222d95f7fc4432860fc3cb9db3a8bd35009c1a8bb2908944674055cc5a19d558,222d95f7fc4432860fc3cb9db3a8bd35009c1a8bb2908944674055cc5a19d558,1216,1216,Nintendo Huffman,Nintendo Huffman
"포켓몬스터 하트골드 (Korea, IPKK, header ROM version 0)","포켓몬스터 소울실버 (Korea, IPGK, header ROM version 0)",/a/0/9/5,equal,58,58,,,f5e3f18fad24243e5ca96a4069938b2fb48382711b02869de871519489346bc0,f5e3f18fad24243e5ca96a4069938b2fb48382711b02869de871519489346bc0,1216,1216,Nintendo Huffman,Nintendo Huffman
"포켓몬스터 하트골드 (Korea, IPKK, header ROM version 0)","포켓몬스터 소울실버 (Korea, IPGK, header ROM version 0)",/a/0/9/5,equal,59,59,,,862189d83aea84d574f341c697881671b853e9f77889939b576a56c5cefebc1b,862189d83aea84d574f341c697881671b853e9f77889939b576a56c5cefebc1b,1216,1216,Nintendo Huffman,Nintendo Huffman
"포켓몬스터 하트골드 (Korea, IPKK, header ROM version 0)","포켓몬스터 소울실버 (Korea, IPGK, header ROM version 0)",/a/0/9/5,equal,60,60,,,b4daf9ca3c14837c8e79b682250df3b9660449bcf16ae065a2664644d97176f0,b4daf9ca3c14837c8e79b682250df3b9660449bcf16ae065a2664644d97176f0,1216,1216,Nintendo Huffman,Nintendo Huffman
"포켓몬스터 하트골드 (Korea, IPKK, header ROM version 0)","포켓몬스터 소울실버 (Korea, IPGK, header ROM version 0)",/a/0/9/5,equal,61,61,,,6ff165cfb43e0ea829a05dae547424e45ab493d1d12b30ba76cf09fb7bed6a36,6ff165cfb43e0ea829a05dae547424e45ab493d1d12b30ba76cf09fb7bed6a36,1216,1216,Nintendo Huffman,Nintendo Huffman
"포켓몬스터 하트골드 (Korea, IPKK, header ROM version 0)","포켓몬스터 소울실버 (Korea, IPGK, header ROM version 0)",/a/0/9/5,equal,62,62,,,09ed7537e557e50243c3dd0a27426a70894d679d54dc3bd7cd843abf95ed7c55,09ed7537e557e50243c3dd0a27426a70894d679d54dc3bd7cd843abf95ed7c55,1216,1216,Nintendo Huffman,Nintendo Huffman
"포켓몬스터 하트골드 (Korea, IPKK, header ROM version 0)","포켓몬스터 소울실버 (Korea, IPGK, header ROM version 0)",/a/0/9/5,equal,63,63,,,0ac869d0aae4c3c2516c82411607052eb6a41d5208d14947ecfcea9133b05699,0ac869d0aae4c3c2516c82411607052eb6a41d5208d14947ecfcea9133b05699,1224,1224,Nintendo Huffman,Nintendo Huffman
"포켓몬스터 하트골드 (Korea, IPKK, header ROM version 0)","포켓몬스터 소울실버 (Korea, IPGK, header ROM version 0)",/a/0/9/5,equal,64,64,,,be1e465ebe8bf061c0f5be94df6a13c633870fafcd70e7090d77e3c1103c6f5b,be1e465ebe8bf061c0f5be94df6a13c633870fafcd70e7090d77e3c1103c6f5b,1224,1224,Nintendo Huffman,Nintendo Huffman
"포켓몬스터 하트골드 (Korea, IPKK, header ROM version 0)","포켓몬스터 소울실버 (Korea, IPGK, header ROM version 0)",/a/0/9/5,equal,65,65,,,9d786a4aec6fae84bc2f8032e7c7e44a93024b086dd531b17989508580860ba1,9d786a4aec6fae84bc2f8032e7c7e44a93024b086dd531b17989508580860ba1,448,448,Nintendo Huffman,Nintendo Huffman
"포켓몬스터 하트골드 (Korea, IPKK, header ROM version 0)","포켓몬스터 소울실버 (Korea, IPGK, header ROM version 0)",/a/0/9/5,equal,66,66,,,5856dffd86694cd100d8aafc402201adab2f2fd4fad831d074c0085a3d1c1df4,5856dffd86694cd100d8aafc402201adab2f2fd4fad831d074c0085a3d1c1df4,436,436,Nintendo Huffman,Nintendo Huffman
"포켓몬스터 하트골드 (Korea, IPKK, header ROM version 0)","포켓몬스터 소울실버 (Korea, IPGK, header ROM version 0)",/a/0/9/5,equal,67,67,,,005bbc8c936601252e595bfadc06fd9280676b61a495137a9d43e7f37b14ee24,005bbc8c936601252e595bfadc06fd9280676b61a495137a9d43e7f37b14ee24,436,436,Nintendo Huffman,Nintendo Huffman
"포켓몬스터 하트골드 (Korea, IPKK, header ROM version 0)","포켓몬스터 소울실버 (Korea, IPGK, header ROM version 0)",/a/0/9/5,equal,68,68,,,32518a2861b4d1cc3fdb68d12f45e91fd7dea8977329dd6ac859a27319c99dc7,32518a2861b4d1cc3fdb68d12f45e91fd7dea8977329dd6ac859a27319c99dc7,448,448,Nintendo Huffman,Nintendo Huffman
"포켓몬스터 하트골드 (Korea, IPKK, header ROM version 0)","포켓몬스터 소울실버 (Korea, IPGK, header ROM version 0)",/a/0/9/5,equal,69,69,,,3fb687d96bd7c7421b18e03503933c0e2d7e0eccfab630e7bf0fb4f1dcb5c18a,3fb687d96bd7c7421b18e03503933c0e2d7e0eccfab630e7bf0fb4f1dcb5c18a,1216,1216,Nintendo Huffman,Nintendo Huffman
"포켓몬스터 하트골드 (Korea, IPKK, header ROM version 0)","포켓몬스터 소울실버 (Korea, IPGK, header ROM version 0)",/a/0/9/5,equal,70,70,,,9ad7396759dffc1f69826f109e6053296f2c5f0b7e8b68860c6263603fd34596,9ad7396759dffc1f69826f109e6053296f2c5f0b7e8b68860c6263603fd34596,1216,1216,Nintendo Huffman,Nintendo Huffman
"포켓몬스터 하트골드 (Korea, IPKK, header ROM version 0)","포켓몬스터 소울실버 (Korea, IPGK, header ROM version 0)",/a/0/9/5,equal,71,71,,,018bcd77bad0e27fd0f65fc9cbbf76cc0483c9b210a53b15c3ccee646e2583b3,018bcd77bad0e27fd0f65fc9cbbf76cc0483c9b210a53b15c3ccee646e2583b3,1216,1216,Nintendo Huffman,Nintendo Huffman
"포켓몬스터 하트골드 (Korea, IPKK, header ROM version 0)","포켓몬스터 소울실버 (Korea, IPGK, header ROM version 0)",/a/0/9/5,equal,72,72,,,c91d9c2802a5db8e61aa519b98575ec25ab09e0cf95fd90df15d8f8140f40ce7,c91d9c2802a5db8e61aa519b98575ec25ab09e0cf95fd90df15d8f8140f40ce7,1216,1216,Nintendo Huffman,Nintendo Huffman
"포켓몬스터 하트골드 (Korea, IPKK, header ROM version 0)","포켓몬스터 소울실버 (Korea, IPGK, header ROM version 0)",/a/0/9/5,equal,73,73,,,2aa3470d3e8911456b70d2db5109925ceae03a0d805d7e8aba57ca5651fd3ab7,2aa3470d3e8911456b70d2db5109925ceae03a0d805d7e8aba57ca5651fd3ab7,1224,1224,Nintendo Huffman,Nintendo Huffman
"포켓몬스터 하트골드 (Korea, IPKK, header ROM version 0)","포켓몬스터 소울실버 (Korea, IPGK, header ROM version 0)",/a/0/9/5,equal,74,74,,,a3a50d9430bf8cbf6699cb4227288c99c5bda60873c63ca84c1a1fc6b45fe690,a3a50d9430bf8cbf6699cb4227288c99c5bda60873c63ca84c1a1fc6b45fe690,1224,1224,Nintendo Huffman,Nintendo Huffman
"포켓몬스터 하트골드 (Korea, IPKK, header ROM version 0)","포켓몬스터 소울실버 (Korea, IPGK, header ROM version 0)",/a/0/9/5,equal,75,75,,,ff44b7bd9e98711570dd31329fbae424f35091bb91f9cb15e0baaf2834deff21,ff44b7bd9e98711570dd31329fbae424f35091bb91f9cb15e0baaf2834deff21,1224,1224,Nintendo Huffman,Nintendo Huffman
"포켓몬스터 하트골드 (Korea, IPKK, header ROM version 0)","포켓몬스터 소울실버 (Korea, IPGK, header ROM version 0)",/a/0/9/5,equal,76,76,,,3fddb782c8e80b4db402a5175a190c7261b22860c9f59fb1ce49f17ddaaa96e1,3fddb782c8e80b4db402a5175a190c7261b22860c9f59fb1ce49f17ddaaa96e1,1224,1224,Nintendo Huffman,Nintendo Huffman
"포켓몬스터 하트골드 (Korea, IPKK, header ROM version 0)","포켓몬스터 소울실버 (Korea, IPGK, header ROM version 0)",/a/0/9/5,equal,77,77,,,bd5dfaf6b330fa585d9014014300a15a404b5537314a74e50b484ea2413519c1,bd5dfaf6b330fa585d9014014300a15a404b5537314a74e50b484ea2413519c1,1212,1212,Nintendo Huffman,Nintendo Huffman
"포켓몬스터 하트골드 (Korea, IPKK, header ROM version 0)","포켓몬스터 소울실버 (Korea, IPGK, header ROM version 0)",/a/0/9/5,equal,78,78,,,780f78d357af14227e66dd3415c3a2d9d8c0ccd5edbd438934647bce4ebaa235,780f78d357af14227e66dd3415c3a2d9d8c0ccd5edbd438934647bce4ebaa235,1212,1212,Nintendo Huffman,Nintendo Huffman
"포켓몬스터 하트골드 (Korea, IPKK, header ROM version 0)","포켓몬스터 소울실버 (Korea, IPGK, header ROM version 0)",/a/0/9/5,equal,79,79,,,4f527495825c38085bad0d27bc1f7e87ae533ad431dc3638f9c2c7890b0f6cfa,4f527495825c38085bad0d27bc1f7e87ae533ad431dc3638f9c2c7890b0f6cfa,1212,1212,Nintendo Huffman,Nintendo Huffman
"포켓몬스터 하트골드 (Korea, IPKK, header ROM version 0)","포켓몬스터 소울실버 (Korea, IPGK, header ROM version 0)",/a/0/9/5,equal,80,80,,,710152c43f5ef586736ab773d76b533502919b990677a72755d08c29970ba3af,710152c43f5ef586736ab773d76b533502919b990677a72755d08c29970ba3af,1212,1212,Nintendo Huffman,Nintendo Huffman
"포켓몬스터 하트골드 (Korea, IPKK, header ROM version 0)","포켓몬스터 소울실버 (Korea, IPGK, header ROM version 0)",/a/0/9/5,equal,81,81,,,d35e4df7c4ad8b1c5836ecac54a1180dba9987027781f03444f54ed792c6d703,d35e4df7c4ad8b1c5836ecac54a1180dba9987027781f03444f54ed792c6d703,444,444,Nintendo Huffman,Nintendo Huffman
"포켓몬스터 하트골드 (Korea, IPKK, header ROM version 0)","포켓몬스터 소울실버 (Korea, IPGK, header ROM version 0)",/a/0/9/5,equal,82,82,,,479be6d742ed90c85b72e49837767e642c8224d70ad35a70eee44583609b94a3,479be6d742ed90c85b72e49837767e642c8224d70ad35a70eee44583609b94a3,444,444,Nintendo Huffman,Nintendo Huffman
"포켓몬스터 하트골드 (Korea, IPKK, header ROM version 0)","포켓몬스터 소울실버 (Korea, IPGK, header ROM version 0)",/a/0/9/5,equal,83,83,,,e68d26c0c79d9e203f0df3b5d765c6fdec01d983c87e69a713ae400ddf2bc1c0,e68d26c0c79d9e203f0df3b5d765c6fdec01d983c87e69a713ae400ddf2bc1c0,444,444,Nintendo Huffman,Nintendo Huffman
"포켓몬스터 하트골드 (Korea, IPKK, header ROM version 0)","포켓몬스터 소울실버 (Korea, IPGK, header ROM version 0)",/a/0/9/5,equal,84,84,,,d54f1fd6487e12083d0bf33e4e18b7068afdf107bdac0c91ca8abf6a7a2f0ea3,d54f1fd6487e12083d0bf33e4e18b7068afdf107bdac0c91ca8abf6a7a2f0ea3,444,444,Nintendo Huffman,Nintendo Huffman
"포켓몬스터 하트골드 (Korea, IPKK, header ROM version 0)","포켓몬스터 소울실버 (Korea, IPGK, header ROM version 0)",/a/0/9/5,equal,85,85,,,e46a421a0933325d8de3a6ecab7e7e7c4fe071bc49ba0c9f783edc3ca3342b60,e46a421a0933325d8de3a6ecab7e7e7c4fe071bc49ba0c9f783edc3ca3342b60,456,456,Nintendo Huffman,Nintendo Huffman
"포켓몬스터 하트골드 (Korea, IPKK, header ROM version 0)","포켓몬스터 소울실버 (Korea, IPGK, header ROM version 0)",/a/0/9/5,equal,86,86,,,e11c22ef64b8efd89dbd677cccb240cec9d235fa5ecb31da14b180a50e4721ba,e11c22ef64b8efd89dbd677cccb240cec9d235fa5ecb31da14b180a50e4721ba,456,456,Nintendo Huffman,Nintendo Huffman
"포켓몬스터 하트골드 (Korea, IPKK, header ROM version 0)","포켓몬스터 소울실버 (Korea, IPGK, header ROM version 0)",/a/0/9/5,equal,87,87,,,e8bfe792893aa2bbabeeccfa8e9e031599493c9397ee80aa999a810ecb8c2973,e8bfe792893aa2bbabeeccfa8e9e031599493c9397ee80aa999a810ecb8c2973,456,456,Nintendo Huffman,Nintendo Huffman
"포켓몬스터 하트골드 (Korea, IPKK, header ROM version 0)","포켓몬스터 소울실버 (Korea, IPGK, header ROM version 0)",/a/0/9/5,equal,88,88,,,b073ec8a7af7a4134462b95c9003e1cb830dde14213faceba5d722a1498b2814,b073ec8a7af7a4134462b95c9003e1cb830dde14213faceba5d722a1498b2814,456,456,Nintendo Huffman,Nintendo Huffman
"포켓몬스터 하트골드 (Korea, IPKK, header ROM version 0)","포켓몬스터 소울실버 (Korea, IPGK, header ROM version 0)",/a/0/9/5,equal,89,89,,,8766c197c59fce8a5181ba7253a5cea167f59a913dcc9994c598f395ada9f9d5,8766c197c59fce8a5181ba7253a5cea167f59a913dcc9994c598f395ada9f9d5,1244,1244,Nintendo Huffman,Nintendo Huffman
"포켓몬스터 하트골드 (Korea, IPKK, header ROM version 0)","포켓몬스터 소울실버 (Korea, IPGK, header ROM version 0)",/a/0/9/5,equal,90,90,,,38e2405859d3e596be9aa9cafce705a82c95046495c0a897eed9e05d1914c20e,38e2405859d3e596be9aa9cafce705a82c95046495c0a897eed9e05d1914c20e,1252,1252,Nintendo Huffman,Nintendo Huffman
"포켓몬스터 하트골드 (Korea, IPKK, header ROM version 0)","포켓몬스터 소울실버 (Korea, IPGK, header ROM version 0)",/a/0/9/5,equal,91,91,,,886565aa05d2c3d1af4e534bc1f0c45ff7100152d4af839bc175c10941143416,886565aa05d2c3d1af4e534bc1f0c45ff7100152d4af839bc175c10941143416,1256,1256,Nintendo Huffman,Nintendo Huffman
"포켓몬스터 하트골드 (Korea, IPKK, header ROM version 0)","포켓몬스터 소울실버 (Korea, IPGK, header ROM version 0)",/a/0/9/5,equal,92,92,,,ba13e4fa79fc018d9bffcbd3d94fcc9b8588cf90ddb26b47ddfc000d28f72ad6,ba13e4fa79fc018d9bffcbd3d94fcc9b8588cf90ddb26b47ddfc000d28f72ad6,1252,1252,Nintendo Huffman,Nintendo Huffman
"포켓몬스터 하트골드 (Korea, IPKK, header ROM version 0)","포켓몬스터 소울실버 (Korea, IPGK, header ROM version 0)",/a/0/9/5,equal,93,93,,,28d7e3afd303f4c451ec896b5101d178990182e50a006b9e7512d35962fb5345,28d7e3afd303f4c451ec896b5101d178990182e50a006b9e7512d35962fb5345,1256,1256,Nintendo Huffman,Nintendo Huffman
"포켓몬스터 하트골드 (Korea, IPKK, header ROM version 0)","포켓몬스터 소울실버 (Korea, IPGK, header ROM version 0)",/a/0/9/5,equal,94,94,,,3cedc3cb51f29872fe5955486b7f1e35a47219c569ec6043aeee81b97d5b1f77,3cedc3cb51f29872fe5955486b7f1e35a47219c569ec6043aeee81b97d5b1f77,1252,1252,Nintendo Huffman,Nintendo Huffman
"포켓몬스터 하트골드 (Korea, IPKK, header ROM version 0)","포켓몬스터 소울실버 (Korea, IPGK, header ROM version 0)",/a/0/9/5,equal,95,95,,,15cf8ed7120edde768b43219425de091bb2fb7211fb72e0a245d9929b3a4dac8,15cf8ed7120edde768b43219425de091bb2fb7211fb72e0a245d9929b3a4dac8,1212,1212,Nintendo Huffman,Nintendo Huffman
"포켓몬스터 하트골드 (Korea, IPKK, header ROM version 0)","포켓몬스터 소울실버 (Korea, IPGK, header ROM version 0)",/a/0/9/5,equal,96,96,,,acadccbbcda99bbf475555d242c9e752a15a87dfe4c6a39ca537f23398c4ca5c,acadccbbcda99bbf475555d242c9e752a15a87dfe4c6a39ca537f23398c4ca5c,1212,1212,Nintendo Huffman,Nintendo Huffman
"포켓몬스터 하트골드 (Korea, IPKK, header ROM version 0)","포켓몬스터 소울실버 (Korea, IPGK, header ROM version 0)",/a/0/9/5,equal,97,97,,,f072433d8ac889d0eb92a8836dab98dadb53a49524401e1fe1b60c8910900273,f072433d8ac889d0eb92a8836dab98dadb53a49524401e1fe1b60c8910900273,1212,1212,Nintendo Huffman,Nintendo Huffman
"포켓몬스터 하트골드 (Korea, IPKK, header ROM version 0)","포켓몬스터 소울실버 (Korea, IPGK, header ROM version 0)",/a/0/9/5,equal,98,98,,,0ec6a85abb6c6ae0afc638a14e7140ad612867a39ed1c8d95ded36784f82a5fc,0ec6a85abb6c6ae0afc638a14e7140ad612867a39ed1c8d95ded36784f82a5fc,1212,1212,Nintendo Huffman,Nintendo Huffman
"포켓몬스터 하트골드 (Korea, IPKK, header ROM version 0)","포켓몬스터 소울실버 (Korea, IPGK, header ROM version 0)",/a/0/9/5,equal,99,99,,,f50b08ebe858e05bc93b9abc6394bf65609ddcf3519a904e952b13357f273e9b,f50b08ebe858e05bc93b9abc6394bf65609ddcf3519a904e952b13357f273e9b,1212,1212,Nintendo Huffman,Nintendo Huffman
"포켓몬스터 하트골드 (Korea, IPKK, header ROM version 0)","포켓몬스터 소울실버 (Korea, IPGK, header ROM version 0)",/a/0/9/5,equal,100,100,,,20e48cb746f6f376d9cc17da937ee6ce96ee197c227414edfa4e2cfb998903c2,20e48cb746f6f376d9cc17da937ee6ce96ee197c227414edfa4e2cfb998903c2,1212,1212,Nintendo Huffman,Nintendo Huffman
"포켓몬스터 하트골드 (Korea, IPKK, header ROM version 0)","포켓몬스터 소울실버 (Korea, IPGK, header ROM version 0)",/a/0/9/5,equal,101,101,,,276f1cd9bf8175df1434dbb0391a01847bfc83e0847551dc6b6ba361260c4648,276f1cd9bf8175df1434dbb0391a01847bfc83e0847551dc6b6ba361260c4648,1212,1212,Nintendo Huffman,Nintendo Huffman
"포켓몬스터 하트골드 (Korea, IPKK, header ROM version 0)","포켓몬스터 소울실버 (Korea, IPGK, header ROM version 0)",/a/0/9/5,equal,102,102,,,b4993852975986ae27d1b44d78a00718c92f930d9b3cb938b657206e173fac5f,b4993852975986ae27d1b44d78a00718c92f930d9b3cb938b657206e173fac5f,1212,1212,Nintendo Huffman,Nintendo Huffman
"포켓몬스터 하트골드 (Korea, IPKK, header ROM version 0)","포켓몬스터 소울실버 (Korea, IPGK, header ROM version 0)",/a/0/9/5,equal,103,103,,,d69cf3c1a7600ac0eff76b5786cf7bbd760ee0ace01e8e0bcc99be2816e17edd,d69cf3c1a7600ac0eff76b5786cf7bbd760ee0ace01e8e0bcc99be2816e17edd,1212,1212,Nintendo Huffman,Nintendo Huffman
"포켓몬스터 하트골드 (Korea, IPKK, header ROM version 0)","포켓몬스터 소울실버 (Korea, IPGK, header ROM version 0)",/a/0/9/5,equal,104,104,,,764c6e2f2ec3da03da635c52fc8b33d9c3953ebe5d6567291db84deef675c284,764c6e2f2ec3da03da635c52fc8b33d9c3953ebe5d6567291db84deef675c284,1212,1212,Nintendo Huffman,Nintendo Huffman
"포켓몬스터 하트골드 (Korea, IPKK, header ROM version 0)","포켓몬스터 소울실버 (Korea, IPGK, header ROM version 0)",/a/0/9/5,equal,105,105,,,f0e8f93ee1fa02bc2e5c29b509a251fb5ccb614f5158d665770936cfc8c64779,f0e8f93ee1fa02bc2e5c29b509a251fb5ccb614f5158d665770936cfc8c64779,1212,1212,Nintendo Huffman,Nintendo Huffman
"포켓몬스터 하트골드 (Korea, IPKK, header ROM version 0)","포켓몬스터 소울실버 (Korea, IPGK, header ROM version 0)",/a/0/9/5,equal,106,106,,,88107b15c4e300f90fff0306d74a07ac5b657658a33bf462b32af6921817e88c,88107b15c4e300f90fff0306d74a07ac5b657658a33bf462b32af6921817e88c,1208,1208,Nintendo Huffman,Nintendo Huffman
"포켓몬스터 하트골드 (Korea, IPKK, header ROM version 0)","포켓몬스터 소울실버 (Korea, IPGK, header ROM version 0)",/a/0/9/5,equal,107,107,,,9b8b033d8ca78c7301216a0386afa64d506090827c00f460416016d849e23953,9b8b033d8ca78c7301216a0386afa64d506090827c00f460416016d849e23953,1208,1208,Nintendo Huffman,Nintendo Huffman
"포켓몬스터 하트골드 (Korea, IPKK, header ROM version 0)","포켓몬스터 소울실버 (Korea, IPGK, header ROM version 0)",/a/0/9/5,equal,108,108,,,7271e368eeba162aed78202d3742b71be243f9a89c18b769b128982e1e3f09aa,7271e368eeba162aed78202d3742b71be243f9a89c18b769b128982e1e3f09aa,1212,1212,Nintendo Huffman,Nintendo Huffman
"포켓몬스터 하트골드 (Korea, IPKK, header ROM version 0)","포켓몬스터 소울실버 (Korea, IPGK, header ROM version 0)",/a/0/9/5,equal,109,109,,,995c7efd9cebdf9610d2f34a6076455aa67d26eb58e413b8fa39ee46c7bb2bc9,995c7efd9cebdf9610d2f34a6076455aa67d26eb58e413b8fa39ee46c7bb2bc9,1212,1212,Nintendo Huffman,Nintendo Huffman
"포켓몬스터 하트골드 (Korea, IPKK, header ROM version 0)","포켓몬스터 소울실버 (Korea, IPGK, header ROM version 0)",/a/0/9/5,equal,110,110,,,c5d76d6ea9988125de957a98601ea9a8dd6b9412cc0784fffa4b11dfaa131b4a,c5d76d6ea9988125de957a98601ea9a8dd6b9412cc0784fffa4b11dfaa131b4a,1208,1208,Nintendo Huffman,Nintendo Huffman
"포켓몬스터 하트골드 (Korea, IPKK, header ROM version 0)","포켓몬스터 소울실버 (Korea, IPGK, header ROM version 0)",/a/0/9/5,equal,111,111,,,75e50586b3e402d894a9e41ba5f090f6d97112b4bd68e49c54b4d569db9ff0e4,75e50586b3e402d894a9e41ba5f090f6d97112b4bd68e49c54b4d569db9ff0e4,1212,1212,Nintendo Huffman,Nintendo Huffman
"포켓몬스터 하트골드 (Korea, IPKK, header ROM version 0)","포켓몬스터 소울실버 (Korea, IPGK, header ROM version 0)",/a/0/9/5,equal,112,112,,,4be68478dd238f67aa2d69f357e81eeb9aa1d90298de9edc2096330e345ae4cf,4be68478dd238f67aa2d69f357e81eeb9aa1d90298de9edc2096330e345ae4cf,1212,1212,Nintendo Huffman,Nintendo Huffman
"포켓몬스터 하트골드 (Korea, IPKK, header ROM version 0)","포켓몬스터 소울실버 (Korea, IPGK, header ROM version 0)",/a/0/9/5,equal,113,113,,,a91094549be479a302e1b7b0602ed6b119b24a3f08a0a5f6508ac937b91f1444,a91094549be479a302e1b7b0602ed6b119b24a3f08a0a5f6508ac937b91f1444,1208,1208,Nintendo Huffman,Nintendo Huffman
"포켓몬스터 하트골드 (Korea, IPKK, header ROM version 0)","포켓몬스터 소울실버 (Korea, IPGK, header ROM version 0)",/a/0/9/5,equal,114,114,,,ee381ca0b73fbb53c5657f25aefac874ddfb736a95399dd00eb8c097d666eec0,ee381ca0b73fbb53c5657f25aefac874ddfb736a95399dd00eb8c097d666eec0,1208,1208,Nintendo Huffman,Nintendo Huffman
"포켓몬스터 하트골드 (Korea, IPKK, header ROM version 0)","포켓몬스터 소울실버 (Korea, IPGK, header ROM version 0)",/a/0/9/5,equal,115,115,,,bff838b9a32646030aa5971f29ad82170f21e95c22fe1af1bd36c929ad055357,bff838b9a32646030aa5971f29ad82170f21e95c22fe1af1bd36c929ad055357,1212,1212,Nintendo Huffman,Nintendo Huffman
"포켓몬스터 하트골드 (Korea, IPKK, header ROM version 0)","포켓몬스터 소울실버 (Korea, IPGK, header ROM version 0)",/a/0/9/5,equal,116,116,,,35efe5c16813277b5fddefc5fde0fa8dc690acc690b94124c38db82d7521ce77,35efe5c16813277b5fddefc5fde0fa8dc690acc690b94124c38db82d7521ce77,1212,1212,Nintendo Huffman,Nintendo Huffman
"포켓몬스터 하트골드 (Korea, IPKK, header ROM version 0)","포켓몬스터 소울실버 (Korea, IPGK, header ROM version 0)",/a/0/9/5,equal,117,117,,,7a84db1b5d324e398062e2d35ced0f3177b9ae74876c26ab06c7880fa7b808b0,7a84db1b5d324e398062e2d35ced0f3177b9ae74876c26ab06c7880fa7b808b0,1212,1212,Nintendo Huffman,Nintendo Huffman
"포켓몬스터 하트골드 (Korea, IPKK, header ROM version 0)","포켓몬스터 소울실버 (Korea, IPGK, header ROM version 0)",/a/0/9/5,equal,118,118,,,afdb62615651a3660187b7d39f1cd8b24a90f0d926765fc774a14b0ead1089f5,afdb62615651a3660187b7d39f1cd8b24a90f0d926765fc774a14b0ead1089f5,1208,1208,Nintendo Huffman,Nintendo Huffman
"포켓몬스터 하트골드 (Korea, IPKK, header ROM version 0)","포켓몬스터 소울실버 (Korea, IPGK, header ROM version 0)",/a/0/9/5,equal,119,119,,,fe119199afd5f1b4e21df4321d020fabfc7de20935e5a457c3de128701af26c8,fe119199afd5f1b4e21df4321d020fabfc7de20935e5a457c3de128701af26c8,1212,1212,Nintendo Huffman,Nintendo Huffman
"포켓몬스터 하트골드 (Korea, IPKK, header ROM version 0)","포켓몬스터 소울실버 (Korea, IPGK, header ROM version 0)",/a/0/9/5,equal,120,120,,,3ab38f77cb2ae688690ce04c268b427d0109f261b682d7c15898b0bd61e75968,3ab38f77cb2ae688690ce04c268b427d0109f261b682d7c15898b0bd61e75968,1208,1208,Nintendo Huffman,Nintendo Huffman
"포켓몬스터 하트골드 (Korea, IPKK, header ROM version 0)","포켓몬스터 소울실버 (Korea, IPGK, header ROM version 0)",/a/0/9/5,equal,121,121,,,7752cafc50afda5136fd68caff9f1c4f7da897c2da02ab88d035483035b1d85e,7752cafc50afda5136fd68caff9f1c4f7da897c2da02ab88d035483035b1d85e,1208,1208,Nintendo Huffman,Nintendo Huffman
"포켓몬스터 하트골드 (Korea, IPKK, header ROM version 0)","포켓몬스터 소울실버 (Korea, IPGK, header ROM version 0)",/a/0/9/5,equal,122,122,,,4fb9dd51c72ea9f83e45cb2384333d9e8693947734288db19e5c274a7e7913ef,4fb9dd51c72ea9f83e45cb2384333d9e8693947734288db19e5c274a7e7913ef,1212,1212,Nintendo Huffman,Nintendo Huffman
"포켓몬스터 하트골드 (Korea, IPKK, header ROM version 0)","포켓몬스터 소울실버 (Korea, IPGK, header ROM version 0)",/a/0/9/5,equal,123,123,,,332a34bacb1ed6a5c57ea192be897babf97a61ab7e71dd017c3aa23fc001014c,332a34bacb1ed6a5c57ea192be897babf97a61ab7e71dd017c3aa23fc001014c,1212,1212,Nintendo Huffman,Nintendo Huffman
"포켓몬스터 하트골드 (Korea, IPKK, header ROM version 0)","포켓몬스터 소울실버 (Korea, IPGK, header ROM version 0)",/a/0/9/5,equal,124,124,,,a4893367776268cc967f65ab5965e1d39fcbd26d80b7292b5151aee5d047a5c2,a4893367776268cc967f65ab5965e1d39fcbd26d80b7292b5151aee5d047a5c2,1212,1212,Nintendo Huffman,Nintendo Huffman
"포켓몬스터 하트골드 (Korea, IPKK, header ROM version 0)","포켓몬스터 소울실버 (Korea, IPGK, header ROM version 0)",/a/0/9/5,equal,125,125,,,8ae7b2cf86e4238008ad1d28875b3f665f1a80793bbf3c02bd81f006852ab6db,8ae7b2cf86e4238008ad1d28875b3f665f1a80793bbf3c02bd81f006852ab6db,1212,1212,Nintendo Huffman,Nintendo Huffman
"포켓몬스터 하트골드 (Korea, IPKK, header ROM version 0)","포켓몬스터 소울실버 (Korea, IPGK, header ROM version 0)",/a/0/9/5,equal,126,126,,,37e67cab60514773abc102b55e1a1341b4170273f29f5cdf4c9763af623f54be,37e67cab60514773abc102b55e1a1341b4170273f29f5cdf4c9763af623f54be,1212,1212,Nintendo Huffman,Nintendo Huffman
"포켓몬스터 하트골드 (Korea, IPKK, header ROM version 0)","포켓몬스터 소울실버 (Korea, IPGK, header ROM version 0)",/a/0/9/5,equal,127,127,,,9d7a4bf8af236e42ed1ee76855e26fdf59c8b25762b360a4ca29cc5945266c5b,9d7a4bf8af236e42ed1ee76855e26fdf59c8b25762b360a4ca29cc5945266c5b,1212,1212,Nintendo Huffman,Nintendo Huffman
"포켓몬스터 하트골드 (Korea, IPKK, header ROM version 0)","포켓몬스터 소울실버 (Korea, IPGK, header ROM version 0)",/a/0/9/5,equal,128,128,,,5ef053dfdf628176b783e5ee80794ac40bf3508765add0442bdf79b570f77634,5ef053dfdf628176b783e5ee80794ac40bf3508765add0442bdf79b570f77634,1208,1208,Nintendo Huffman,Nintendo Huffman
"포켓몬스터 하트골드 (Korea, IPKK, header ROM version 0)","포켓몬스터 소울실버 (Korea, IPGK, header ROM version 0)",/a/0/9/5,equal,129,129,,,c11c71cca3000af7745e2a1c1bf4dbf117e0878c9510e0ac1dec99f153beb2ad,c11c71cca3000af7745e2a1c1bf4dbf117e0878c9510e0ac1dec99f153beb2ad,1208,1208,Nintendo Huffman,Nintendo Huffman
"포켓몬스터 하트골드 (Korea, IPKK, header ROM version 0)","포켓몬스터 소울실버 (Korea, IPGK, header ROM version 0)",/a/0/9/5,equal,130,130,,,be2dd6e1707fda2e92458ffd9cae3f8feec7f9a7e04b0ca5331d9a1519d714ac,be2dd6e1707fda2e92458ffd9cae3f8feec7f9a7e04b0ca5331d9a1519d714ac,1232,1232,Nintendo Huffman,Nintendo Huffman
"포켓몬스터 하트골드 (Korea, IPKK, header ROM version 0)","포켓몬스터 소울실버 (Korea, IPGK, header ROM version 0)",/a/0/9/5,equal,131,131,,,e3c8a837c039ba2b064845643e64451338e48ffc17565e21f36be7a6dda39162,e3c8a837c039ba2b064845643e64451338e48ffc17565e21f36be7a6dda39162,444,444,Nintendo Huffman,Nintendo Huffman
"포켓몬스터 하트골드 (Korea, IPKK, header ROM version 0)","포켓몬스터 소울실버 (Korea, IPGK, header ROM version 0)",/a/0/9/5,equal,132,132,,,519be4de0670888ba78fbf0c32c6c461eb743aa8e922adfba0c9d7da8a3f68c2,519be4de0670888ba78fbf0c32c6c461eb743aa8e922adfba0c9d7da8a3f68c2,1212,1212,Nintendo Huffman,Nintendo Huffman
"포켓몬스터 하트골드 (Korea, IPKK, header ROM version 0)","포켓몬스터 소울실버 (Korea, IPGK, header ROM version 0)",/a/0/9/6,equal,0,0,,,8e19afea470870be1d34655b24021cb6e8c42e08e7bf40c899069fbbc6a83d70,8e19afea470870be1d34655b24021cb6e8c42e08e7bf40c899069fbbc6a83d70,668,668,Nintendo Huffman,Nintendo Huffman
"포켓몬스터 하트골드 (Korea, IPKK, header ROM version 0)","포켓몬스터 소울실버 (Korea, IPGK, header ROM version 0)",/a/0/9/6,equal,1,1,,,2975f53a5a7baced53e176f57c4309e71dcda851a16a6d8a25eb8c1e433e7f42,2975f53a5a7baced53e176f57c4309e71dcda851a16a6d8a25eb8c1e433e7f42,2280,2280,Nintendo Huffman,Nintendo Huffman
"포켓몬스터 하트골드 (Korea, IPKK, header ROM version 0)","포켓몬스터 소울실버 (Korea, IPGK, header ROM version 0)",/a/0/9/7,equal,0,0,,,fbcc5488ef48a75ec2287e81d0f74080ef7b315ec8d40c9e5fef18e3dc0e6d5d,fbcc5488ef48a75ec2287e81d0f74080ef7b315ec8d40c9e5fef18e3dc0e6d5d,2334,2334,Nintendo LZ10,Nintendo LZ10
"포켓몬스터 하트골드 (Korea, IPKK, header ROM version 0)","포켓몬스터 소울실버 (Korea, IPGK, header ROM version 0)",/a/0/9/7,equal,1,1,,,b29231c1c48267b8f4d7debe042838474cd6ff62255ea62ae0d4e64399b37a53,b29231c1c48267b8f4d7debe042838474cd6ff62255ea62ae0d4e64399b37a53,4641,4641,Nintendo LZ10,Nintendo LZ10
"포켓몬스터 하트골드 (Korea, IPKK, header ROM version 0)","포켓몬스터 소울실버 (Korea, IPGK, header ROM version 0)",/a/0/9/7,equal,2,2,,,1b5634db3d7488cefbed370f2ce830f98ad7ab7f5cad824644488281a0d88a47,1b5634db3d7488cefbed370f2ce830f98ad7ab7f5cad824644488281a0d88a47,552,552,NCLR palette,NCLR palette
"포켓몬스터 하트골드 (Korea, IPKK, header ROM version 0)","포켓몬스터 소울실버 (Korea, IPGK, header ROM version 0)",/a/0/9/7,equal,3,3,,,fbcc5488ef48a75ec2287e81d0f74080ef7b315ec8d40c9e5fef18e3dc0e6d5d,fbcc5488ef48a75ec2287e81d0f74080ef7b315ec8d40c9e5fef18e3dc0e6d5d,2334,2334,Nintendo LZ10,Nintendo LZ10
"포켓몬스터 하트골드 (Korea, IPKK, header ROM version 0)","포켓몬스터 소울실버 (Korea, IPGK, header ROM version 0)",/a/0/9/7,equal,4,4,,,4f1b81c8495bb7460d32be75847db03bf1536388dd7f0e481fdfdf4a38a5f3e4,4f1b81c8495bb7460d32be75847db03bf1536388dd7f0e481fdfdf4a38a5f3e4,4610,4610,Nintendo LZ10,Nintendo LZ10
"포켓몬스터 하트골드 (Korea, IPKK, header ROM version 0)","포켓몬스터 소울실버 (Korea, IPGK, header ROM version 0)",/a/0/9/7,equal,5,5,,,430c8325d815281e640e148f2a09a1fd1de2c975f7ed78db1d98b48d80d9eddf,430c8325d815281e640e148f2a09a1fd1de2c975f7ed78db1d98b48d80d9eddf,552,552,NCLR palette,NCLR palette
"포켓몬스터 하트골드 (Korea, IPKK, header ROM version 0)","포켓몬스터 소울실버 (Korea, IPGK, header ROM version 0)",/a/0/9/7,equal,6,6,,,562b32ca7f5cc88b70130112747e4cf3f2caff0a937ecb2da334d75f30fbb989,562b32ca7f5cc88b70130112747e4cf3f2caff0a937ecb2da334d75f30fbb989,653,653,Nintendo LZ10,Nintendo LZ10
"포켓몬스터 하트골드 (Korea, IPKK, header ROM version 0)","포켓몬스터 소울실버 (Korea, IPGK, header ROM version 0)",/a/0/9/7,equal,7,7,,,3db48606a8eba1e9dd19f15a2e5f9afb963feb94e97c5eff63d0fd226945acdb,3db48606a8eba1e9dd19f15a2e5f9afb963feb94e97c5eff63d0fd226945acdb,245,245,Nintendo LZ10,Nintendo LZ10
"포켓몬스터 하트골드 (Korea, IPKK, header ROM version 0)","포켓몬스터 소울실버 (Korea, IPGK, header ROM version 0)",/a/0/9/7,equal,8,8,,,ba37cafe7bf8b9dac5b438df28443b273a043c5c2533362f49ed07db0b317bef,ba37cafe7bf8b9dac5b438df28443b273a043c5c2533362f49ed07db0b317bef,177,177,Nintendo LZ10,Nintendo LZ10
"포켓몬스터 하트골드 (Korea, IPKK, header ROM version 0)","포켓몬스터 소울실버 (Korea, IPGK, header ROM version 0)",/a/0/9/7,equal,9,9,,,dedf10c1710484a47a9fa95d0b22f691e03e2e960abe1c0eeb74ea467bf3fd91,dedf10c1710484a47a9fa95d0b22f691e03e2e960abe1c0eeb74ea467bf3fd91,552,552,NCLR palette,NCLR palette
"포켓몬스터 하트골드 (Korea, IPKK, header ROM version 0)","포켓몬스터 소울실버 (Korea, IPGK, header ROM version 0)",/a/0/9/7,equal,10,10,,,20c7ffdd8dc7690288eccafa3cc6bc37f71e067fa5647a12c2e2a01ff3457388,20c7ffdd8dc7690288eccafa3cc6bc37f71e067fa5647a12c2e2a01ff3457388,407,407,Nintendo LZ10,Nintendo LZ10
"포켓몬스터 하트골드 (Korea, IPKK, header ROM version 0)","포켓몬스터 소울실버 (Korea, IPGK, header ROM version 0)",/a/0/9/7,equal,11,11,,,1c780d2a235f69c59a044a9302135f43c07082d981297bc41aa2438ee7758a24,1c780d2a235f69c59a044a9302135f43c07082d981297bc41aa2438ee7758a24,104,104,Nintendo LZ10,Nintendo LZ10
"포켓몬스터 하트골드 (Korea, IPKK, header ROM version 0)","포켓몬스터 소울실버 (Korea, IPGK, header ROM version 0)",/a/0/9/7,equal,12,12,,,4bbe6b92781c47f0c08a666cf5a199e26c0d570542aa97ff310d7be370df633a,4bbe6b92781c47f0c08a666cf5a199e26c0d570542aa97ff310d7be370df633a,118,118,Nintendo LZ10,Nintendo LZ10
"포켓몬스터 하트골드 (Korea, IPKK, header ROM version 0)","포켓몬스터 소울실버 (Korea, IPGK, header ROM version 0)",/a/0/9/7,equal,13,13,,,16f35ae8774b07b061f434409f96a8bf10a2cae21a87b2345f7f315ef3e7048c,16f35ae8774b07b061f434409f96a8bf10a2cae21a87b2345f7f315ef3e7048c,1082,1082,Nintendo LZ10,Nintendo LZ10
"포켓몬스터 하트골드 (Korea, IPKK, header ROM version 0)","포켓몬스터 소울실버 (Korea, IPGK, header ROM version 0)",/a/0/9/7,equal,14,14,,,5a7f93110504e1d6aab3b88c0fac0c86e486f7d02db774b7f2997e333a923abd,5a7f93110504e1d6aab3b88c0fac0c86e486f7d02db774b7f2997e333a923abd,105,105,Nintendo LZ10,Nintendo LZ10
"포켓몬스터 하트골드 (Korea, IPKK, header ROM version 0)","포켓몬스터 소울실버 (Korea, IPGK, header ROM version 0)",/a/0/9/7,equal,15,15,,,4bbe6b92781c47f0c08a666cf5a199e26c0d570542aa97ff310d7be370df633a,4bbe6b92781c47f0c08a666cf5a199e26c0d570542aa97ff310d7be370df633a,118,118,Nintendo LZ10,Nintendo LZ10
"포켓몬스터 하트골드 (Korea, IPKK, header ROM version 0)","포켓몬스터 소울실버 (Korea, IPGK, header ROM version 0)",/a/0/9/7,equal,16,16,,,05b097f73eba9db09aacc213c9dce7d9828af77e73e723141fbaa38db2debf18,05b097f73eba9db09aacc213c9dce7d9828af77e73e723141fbaa38db2debf18,552,552,NCLR palette,NCLR palette
"포켓몬스터 하트골드 (Korea, IPKK, header ROM version 0)","포켓몬스터 소울실버 (Korea, IPGK, header ROM version 0)",/a/0/9/8,equal,0,0,,,aee038015fa9a51992ca040e5c527c36f2f0df0a525d8ccd5637d634d904f6cd,aee038015fa9a51992ca040e5c527c36f2f0df0a525d8ccd5637d634d904f6cd,100,100,,
"포켓몬스터 하트골드 (Korea, IPKK, header ROM version 0)","포켓몬스터 소울실버 (Korea, IPGK, header ROM version 0)",/a/0/9/8,equal,1,1,,,69c81f416efbc0e83fa869ec81ce6060278a2102465d5d9a7297750b52c70348,69c81f416efbc0e83fa869ec81ce6060278a2102465d5d9a7297750b52c70348,32,32,,
"포켓몬스터 하트골드 (Korea, IPKK, header ROM version 0)","포켓몬스터 소울실버 (Korea, IPGK, header ROM version 0)",/a/0/9/8,equal,2,2,,,f27a97496d4c38dfabf2f241f3d32c96cca5be2308ba8a44edfe2b7cd08b5568,f27a97496d4c38dfabf2f241f3d32c96cca5be2308ba8a44edfe2b7cd08b5568,112,112,,
"포켓몬스터 하트골드 (Korea, IPKK, header ROM version 0)","포켓몬스터 소울실버 (Korea, IPGK, header ROM version 0)",/a/0/9/8,equal,3,3,,,b431288fac1c39915054bb5723690270e877d7c019c7ed7b367ba8b7e6fdfc69,b431288fac1c39915054bb5723690270e877d7c019c7ed7b367ba8b7e6fdfc69,56,56,,
"포켓몬스터 하트골드 (Korea, IPKK, header ROM version 0)","포켓몬스터 소울실버 (Korea, IPGK, header ROM version 0)",/a/0/9/8,equal,4,4,,,6ded0561c68d948fec32119d0f8f76d2a165505ff796a6b4d5e0ef0812628fd5,6ded0561c68d948fec32119d0f8f76d2a165505ff796a6b4d5e0ef0812628fd5,128,128,,
"포켓몬스터 하트골드 (Korea, IPKK, header ROM version 0)","포켓몬스터 소울실버 (Korea, IPGK, header ROM version 0)",/a/0/9/8,equal,5,5,,,e6d0de6a81484d8c7f84175c263173c49480f18b359e66aee222672cdd903adc,e6d0de6a81484d8c7f84175c263173c49480f18b359e66aee222672cdd903adc,68,68,,
"포켓몬스터 하트골드 (Korea, IPKK, header ROM version 0)","포켓몬스터 소울실버 (Korea, IPGK, header ROM version 0)",/a/0/9/8,equal,6,6,,,63e3603c363e28d365832a978c5f68de4d4202b57059f690b6f6f6f14a93011a,63e3603c363e28d365832a978c5f68de4d4202b57059f690b6f6f6f14a93011a,72,72,,
"포켓몬스터 하트골드 (Korea, IPKK, header ROM version 0)","포켓몬스터 소울실버 (Korea, IPGK, header ROM version 0)",/a/0/9/8,equal,7,7,,,7152bf1a1ded8134891ccf982198971413e8cfe3453680a565a71ee993e04d82,7152bf1a1ded8134891ccf982198971413e8cfe3453680a565a71ee993e04d82,28,28,,
"포켓몬스터 하트골드 (Korea, IPKK, header ROM version 0)","포켓몬스터 소울실버 (Korea, IPGK, header ROM version 0)",/a/0/9/8,equal,8,8,,,de59b406f691da1f57db4599721b6e24b6b2457ddb6db71101daa7a539c1d056,de59b406f691da1f57db4599721b6e24b6b2457ddb6db71101daa7a539c1d056,92,92,,
"포켓몬스터 하트골드 (Korea, IPKK, header ROM version 0)","포켓몬스터 소울실버 (Korea, IPGK, header ROM version 0)",/a/0/9/8,equal,9,9,,,fe32b59bb4977c0a61203be0fe4c33321b87d481f5c53c36add40b4fd3c3019c,fe32b59bb4977c0a61203be0fe4c33321b87d481f5c53c36add40b4fd3c3019c,52,52,,
"포켓몬스터 하트골드 (Korea, IPKK, header ROM version 0)","포켓몬스터 소울실버 (Korea, IPGK, header ROM version 0)",/a/0/9/8,equal,10,10,,,84b1d9fd8e6f408f8408d0e62eaaa5399e4410a9bc8358cfa1490bc24b36a4c5,84b1d9fd8e6f408f8408d0e62eaaa5399e4410a9bc8358cfa1490bc24b36a4c5,144,144,,
"포켓몬스터 하트골드 (Korea, IPKK, header ROM version 0)","포켓몬스터 소울실버 (Korea, IPGK, header ROM version 0)",/a/0/9/8,equal,11,11,,,f8bb50f4929f7b1734747a7f9f0093e3a13c0908bc722cdcaf9c1722e599f99c,f8bb50f4929f7b1734747a7f9f0093e3a13c0908bc722cdcaf9c1722e599f99c,84,84,,
"포켓몬스터 하트골드 (Korea, IPKK, header ROM version 0)","포켓몬스터 소울실버 (Korea, IPGK, header ROM version 0)",/a/0/9/8,equal,12,12,,,12cfa9f05c57e890d60317703e74789a40b1cf0e8a024119156ec8b708c5cd45,12cfa9f05c57e890d60317703e74789a40b1cf0e8a024119156ec8b708c5cd45,204,204,,
"포켓몬스터 하트골드 (Korea, IPKK, header ROM version 0)","포켓몬스터 소울실버 (Korea, IPGK, header ROM version 0)",/a/0/9/8,equal,13,13,,,303721b37c8d3b13cdfe525ffd8a78328a09765e17aa340ba52fa7394d25943e,303721b37c8d3b13cdfe525ffd8a78328a09765e17aa340ba52fa7394d25943e,84,84,,
"포켓몬스터 하트골드 (Korea, IPKK, header ROM version 0)","포켓몬스터 소울실버 (Korea, IPGK, header ROM version 0)",/a/0/9/8,equal,14,14,,,189bb88a5883dc0d772a546a0005e1a3e22271fa8b763dae3b78aa41781b64bf,189bb88a5883dc0d772a546a0005e1a3e22271fa8b763dae3b78aa41781b64bf,68,68,,
"포켓몬스터 하트골드 (Korea, IPKK, header ROM version 0)","포켓몬스터 소울실버 (Korea, IPGK, header ROM version 0)",/a/0/9/8,equal,15,15,,,48637abd951a62279e3b52be65ec47064b2921b437691c98bee508f483074c80,48637abd951a62279e3b52be65ec47064b2921b437691c98bee508f483074c80,32,32,,
"포켓몬스터 하트골드 (Korea, IPKK, header ROM version 0)","포켓몬스터 소울실버 (Korea, IPGK, header ROM version 0)",/a/0/9/8,equal,16,16,,,89964b3c32480049ea154bd2280cb384ce6d786c105013b5b64070800beee67b,89964b3c32480049ea154bd2280cb384ce6d786c105013b5b64070800beee67b,100,100,,
"포켓몬스터 하트골드 (Korea, IPKK, header ROM version 0)","포켓몬스터 소울실버 (Korea, IPGK, header ROM version 0)",/a/0/9/8,equal,17,17,,,40b47b208e9747c0a9e10db0f93bf25d793352119856200264996db02a666c39,40b47b208e9747c0a9e10db0f93bf25d793352119856200264996db02a666c39,208,208,,
"포켓몬스터 하트골드 (Korea, IPKK, header ROM version 0)","포켓몬스터 소울실버 (Korea, IPGK, header ROM version 0)",/a/0/9/8,equal,18,18,,,0e9c5d36cc70ae7e1d5d2ed5269565804b9a0ebe100d31122fc0640bd563519c,0e9c5d36cc70ae7e1d5d2ed5269565804b9a0ebe100d31122fc0640bd563519c,1404,1404,,
"포켓몬스터 하트골드 (Korea, IPKK, header ROM version 0)","포켓몬스터 소울실버 (Korea, IPGK, header ROM version 0)",/a/0/9/9,equal,0,0,,,29d224e059fc7a59f11a69046fe7cef602e18d5cb5afee5bfab41d2207f147f8,29d224e059fc7a59f11a69046fe7cef602e18d5cb5afee5bfab41d2207f147f8,42428,42428,Nintendo Huffman,Nintendo Huffman
"포켓몬스터 하트골드 (Korea, IPKK, header ROM version 0)","포켓몬스터 소울실버 (Korea, IPGK, header ROM version 0)",/a/1/0/0,equal,0,0,,,9aec77fb358f38dd9424e5d42cfc12d9cf63f59f8d61d03b72d1617e5f76d653,9aec77fb358f38dd9424e5d42cfc12d9cf63f59f8d61d03b72d1617e5f76d653,552,552,NCLR palette,NCLR palette
"포켓몬스터 하트골드 (Korea, IPKK, header ROM version 0)","포켓몬스터 소울실버 (Korea, IPGK, header ROM version 0)",/a/1/0/0,equal,1,1,,,8958ead6116360368434b9dbe936e67cfc47f6c178f492747066e4b695cded02,8958ead6116360368434b9dbe936e67cfc47f6c178f492747066e4b695cded02,552,552,NCLR palette,NCLR palette
"포켓몬스터 하트골드 (Korea, IPKK, header ROM version 0)","포켓몬스터 소울실버 (Korea, IPGK, header ROM version 0)",/a/1/0/0,equal,2,2,,,3b79db25a8d05d23b3c452797f9ab8e5408ad6f423191f352e3af5da14bbb835,3b79db25a8d05d23b3c452797f9ab8e5408ad6f423191f352e3af5da14bbb835,552,552,NCLR palette,NCLR palette
"포켓몬스터 하트골드 (Korea, IPKK, header ROM version 0)","포켓몬스터 소울실버 (Korea, IPGK, header ROM version 0)",/a/1/0/0,equal,3,3,,,ad9e2b129fb2899ace168a25646c8bbd3790eae4681864d8bc4844e0232cc3f0,ad9e2b129fb2899ace168a25646c8bbd3790eae4681864d8bc4844e0232cc3f0,552,552,NCLR palette,NCLR palette
"포켓몬스터 하트골드 (Korea, IPKK, header ROM version 0)","포켓몬스터 소울실버 (Korea, IPGK, header ROM version 0)",/a/1/0/0,equal,4,4,,,f41dd7658f3781a677954cb9b3d2743c3f53106593c3008a690ae89cc421d6f7,f41dd7658f3781a677954cb9b3d2743c3f53106593c3008a690ae89cc421d6f7,552,552,NCLR palette,NCLR palette
"포켓몬스터 하트골드 (Korea, IPKK, header ROM version 0)","포켓몬스터 소울실버 (Korea, IPGK, header ROM version 0)",/a/1/0/0,equal,5,5,,,ce512fb56720a334811e3fa818eb578d2732ae652bd2dc2e41ba01bf1becf912,ce512fb56720a334811e3fa818eb578d2732ae652bd2dc2e41ba01bf1becf912,552,552,NCLR palette,NCLR palette
"포켓몬스터 하트골드 (Korea, IPKK, header ROM version 0)","포켓몬스터 소울실버 (Korea, IPGK, header ROM version 0)",/a/1/0/0,equal,6,6,,,e04ebf53d27e97310c6057f604c92bee974222b96353ce28a8ae7506f3d625b8,e04ebf53d27e97310c6057f604c92bee974222b96353ce28a8ae7506f3d625b8,552,552,NCLR palette,NCLR palette
"포켓몬스터 하트골드 (Korea, IPKK, header ROM version 0)","포켓몬스터 소울실버 (Korea, IPGK, header ROM version 0)",/a/1/0/0,equal,7,7,,,05f50b3464300f8a2310835dd120475e7d6aaa654cb8f007307d474ffeb1b63a,05f50b3464300f8a2310835dd120475e7d6aaa654cb8f007307d474ffeb1b63a,552,552,NCLR palette,NCLR palette
"포켓몬스터 하트골드 (Korea, IPKK, header ROM version 0)","포켓몬스터 소울실버 (Korea, IPGK, header ROM version 0)",/a/1/0/0,equal,8,8,,,76cdf91293808dab5406643fbb116daa53f13bf35d4807bbd2bf413a8a81778f,76cdf91293808dab5406643fbb116daa53f13bf35d4807bbd2bf413a8a81778f,552,552,NCLR palette,NCLR palette
"포켓몬스터 하트골드 (Korea, IPKK, header ROM version 0)","포켓몬스터 소울실버 (Korea, IPGK, header ROM version 0)",/a/1/0/0,equal,9,9,,,da98805b59e348a869d9564d5718380f175decace5498d256775c90809af8df6,da98805b59e348a869d9564d5718380f175decace5498d256775c90809af8df6,552,552,NCLR palette,NCLR palette
"포켓몬스터 하트골드 (Korea, IPKK, header ROM version 0)","포켓몬스터 소울실버 (Korea, IPGK, header ROM version 0)",/a/1/0/0,equal,10,10,,,5712735be8c1b10d1661c5c155794b8e3d128fb434425bb8971ce814fc78cfbe,5712735be8c1b10d1661c5c155794b8e3d128fb434425bb8971ce814fc78cfbe,552,552,NCLR palette,NCLR palette
"포켓몬스터 하트골드 (Korea, IPKK, header ROM version 0)","포켓몬스터 소울실버 (Korea, IPGK, header ROM version 0)",/a/1/0/0,equal,11,11,,,8b52d3f80a337950bebf60409bef262ae3de11d0c91226428207479be23ee60c,8b52d3f80a337950bebf60409bef262ae3de11d0c91226428207479be23ee60c,1029,1029,Nintendo LZ10,Nintendo LZ10
"포켓몬스터 하트골드 (Korea, IPKK, header ROM version 0)","포켓몬스터 소울실버 (Korea, IPGK, header ROM version 0)",/a/1/0/0,equal,12,12,,,0dc91554e379a5d7975796c97f207986b733b80c7a6f38d0959d38404ec710a9,0dc91554e379a5d7975796c97f207986b733b80c7a6f38d0959d38404ec710a9,440,440,Nintendo LZ10,Nintendo LZ10
"포켓몬스터 하트골드 (Korea, IPKK, header ROM version 0)","포켓몬스터 소울실버 (Korea, IPGK, header ROM version 0)",/a/1/0/0,equal,13,13,,,11571fa6f53b2251495626ca20531d48910b54f9399f9670c647fffd4ca78174,11571fa6f53b2251495626ca20531d48910b54f9399f9670c647fffd4ca78174,755,755,Nintendo LZ10,Nintendo LZ10
"포켓몬스터 하트골드 (Korea, IPKK, header ROM version 0)","포켓몬스터 소울실버 (Korea, IPGK, header ROM version 0)",/a/1/0/0,equal,14,14,,,659f60221a1ea3c1a08c6a5ac5f3ff6d1db9afdd34d7e21b2153c02f2a5a0e0c,659f60221a1ea3c1a08c6a5ac5f3ff6d1db9afdd34d7e21b2153c02f2a5a0e0c,672,672,Nintendo LZ10,Nintendo LZ10
"포켓몬스터 하트골드 (Korea, IPKK, header ROM version 0)","포켓몬스터 소울실버 (Korea, IPGK, header ROM version 0)",/a/1/0/0,equal,15,15,,,c26a21690bdcb4562606ae81372d347e9acd4555e724b9ed04ca94d2cce70b18,c26a21690bdcb4562606ae81372d347e9acd4555e724b9ed04ca94d2cce70b18,351,351,Nintendo LZ10,Nintendo LZ10
"포켓몬스터 하트골드 (Korea, IPKK, header ROM version 0)","포켓몬스터 소울실버 (Korea, IPGK, header ROM version 0)",/a/1/0/0,equal,16,16,,,38e455435e756d67ae9f8f47e4f40eaf2ebbc375a0c2ab26a048b2ca74d33931,38e455435e756d67ae9f8f47e4f40eaf2ebbc375a0c2ab26a048b2ca74d33931,835,835,Nintendo LZ10,Nintendo LZ10
"포켓몬스터 하트골드 (Korea, IPKK, header ROM version 0)","포켓몬스터 소울실버 (Korea, IPGK, header ROM version 0)",/a/1/0/0,equal,17,17,,,4e401d06a1bec89585e7a3f33b73cbf5253ab5597b316a56f44918a4b92ebd23,4e401d06a1bec89585e7a3f33b73cbf5253ab5597b316a56f44918a4b92ebd23,3401,3401,Nintendo LZ10,Nintendo LZ10
"포켓몬스터 하트골드 (Korea, IPKK, header ROM version 0)","포켓몬스터 소울실버 (Korea, IPGK, header ROM version 0)",/a/1/0/0,equal,18,18,,,8aef2300a7f8f1c2ce0e1330612c627a071cabed893e5614ae4bbe30d70577e7,8aef2300a7f8f1c2ce0e1330612c627a071cabed893e5614ae4bbe30d70577e7,636,636,Nintendo LZ10,Nintendo LZ10
"포켓몬스터 하트골드 (Korea, IPKK, header ROM version 0)","포켓몬스터 소울실버 (Korea, IPGK, header ROM version 0)",/a/1/0/0,equal,19,19,,,0a1ffc2d1206f028ff3ef8e66dfe785ff6f7e4b8c5375ff8541d40d5fb8ebc91,0a1ffc2d1206f028ff3ef8e66dfe785ff6f7e4b8c5375ff8541d40d5fb8ebc91,18377,18377,Nintendo LZ10,Nintendo LZ10
"포켓몬스터 하트골드 (Korea, IPKK, header ROM version 0)","포켓몬스터 소울실버 (Korea, IPGK, header ROM version 0)",/a/1/0/0,equal,20,20,,,73afea6915f93276e98936917c93f22d5e10aab8df96c648dc59e9e4fb116420,73afea6915f93276e98936917c93f22d5e10aab8df96c648dc59e9e4fb116420,766,766,Nintendo LZ10,Nintendo LZ10
"포켓몬스터 하트골드 (Korea, IPKK, header ROM version 0)","포켓몬스터 소울실버 (Korea, IPGK, header ROM version 0)",/a/1/0/0,equal,21,21,,,a853c87b0db103bbf23b2ce584b96d4aef104d66a3b9fe727478e65549e3f61d,a853c87b0db103bbf23b2ce584b96d4aef104d66a3b9fe727478e65549e3f61d,4573,4573,Nintendo LZ10,Nintendo LZ10
"포켓몬스터 하트골드 (Korea, IPKK, header ROM version 0)","포켓몬스터 소울실버 (Korea, IPGK, header ROM version 0)",/a/1/0/0,equal,22,22,,,9f2e548f4895cc847eaaa166fbec2f2319a37128525f64c98c7fc8e4781d8341,9f2e548f4895cc847eaaa166fbec2f2319a37128525f64c98c7fc8e4781d8341,1458,1458,Nintendo LZ10,Nintendo LZ10
"포켓몬스터 하트골드 (Korea, IPKK, header ROM version 0)","포켓몬스터 소울실버 (Korea, IPGK, header ROM version 0)",/a/1/0/0,equal,23,23,,,38bfaceba65375d1071e12f9de107451b5574643800648b4d8673d5ab3a9062d,38bfaceba65375d1071e12f9de107451b5574643800648b4d8673d5ab3a9062d,1152,1152,Nintendo LZ10,Nintendo LZ10
"포켓몬스터 하트골드 (Korea, IPKK, header ROM version 0)","포켓몬스터 소울실버 (Korea, IPGK, header ROM version 0)",/a/1/0/0,equal,24,24,,,2ffd9a6c833a976aab96a812200c6940f590016666e3a1bb1c69e2fe8eda823b,2ffd9a6c833a976aab96a812200c6940f590016666e3a1bb1c69e2fe8eda823b,664,664,Nintendo LZ10,Nintendo LZ10
"포켓몬스터 하트골드 (Korea, IPKK, header ROM version 0)","포켓몬스터 소울실버 (Korea, IPGK, header ROM version 0)",/a/1/0/0,equal,25,25,,,c8d9518098317b8c84d9424b77dec631ecbfee2ede2d992b0f9d509d2e3ee1fa,c8d9518098317b8c84d9424b77dec631ecbfee2ede2d992b0f9d509d2e3ee1fa,269,269,Nintendo LZ10,Nintendo LZ10
"포켓몬스터 하트골드 (Korea, IPKK, header ROM version 0)","포켓몬스터 소울실버 (Korea, IPGK, header ROM version 0)",/a/1/0/0,equal,26,26,,,99f4ae6e8b6e152a5f3995f7523846e5964b8f5870ff7a9e76aee01abe53c4a0,99f4ae6e8b6e152a5f3995f7523846e5964b8f5870ff7a9e76aee01abe53c4a0,354,354,Nintendo LZ10,Nintendo LZ10
"포켓몬스터 하트골드 (Korea, IPKK, header ROM version 0)","포켓몬스터 소울실버 (Korea, IPGK, header ROM version 0)",/a/1/0/0,equal,27,27,,,1f1f526688abf488d1a69d57723bd359a42a9d40447e1a49a1313e9bfebe3e0e,1f1f526688abf488d1a69d57723bd359a42a9d40447e1a49a1313e9bfebe3e0e,348,348,Nintendo LZ10,Nintendo LZ10
"포켓몬스터 하트골드 (Korea, IPKK, header ROM version 0)","포켓몬스터 소울실버 (Korea, IPGK, header ROM version 0)",/a/1/0/0,equal,28,28,,,98964bcc13cb2d13639533212fffb06cf06bf4b4a85d91bde406837e54123734,98964bcc13cb2d13639533212fffb06cf06bf4b4a85d91bde406837e54123734,337,337,Nintendo LZ10,Nintendo LZ10
"포켓몬스터 하트골드 (Korea, IPKK, header ROM version 0)","포켓몬스터 소울실버 (Korea, IPGK, header ROM version 0)",/a/1/0/0,equal,29,29,,,cd15743212a189ee0c3d9f29f188c40c6be6fe325de3cf97d930ba80e59a34d7,cd15743212a189ee0c3d9f29f188c40c6be6fe325de3cf97d930ba80e59a34d7,391,391,Nintendo LZ10,Nintendo LZ10
"포켓몬스터 하트골드 (Korea, IPKK, header ROM version 0)","포켓몬스터 소울실버 (Korea, IPGK, header ROM version 0)",/a/1/0/0,equal,30,30,,,59fada7ebdac057b8c7418547d5a8020d38b6f396ab992786b399d7f21c515c8,59fada7ebdac057b8c7418547d5a8020d38b6f396ab992786b399d7f21c515c8,233,233,Nintendo LZ10,Nintendo LZ10
"포켓몬스터 하트골드 (Korea, IPKK, header ROM version 0)","포켓몬스터 소울실버 (Korea, IPGK, header ROM version 0)",/a/1/0/0,equal,31,31,,,d0eb85e1f94db98de8dc4e37833bc4521501577cfc1ca5b24516632c92e6642d,d0eb85e1f94db98de8dc4e37833bc4521501577cfc1ca5b24516632c92e6642d,230,230,Nintendo LZ10,Nintendo LZ10
"포켓몬스터 하트골드 (Korea, IPKK, header ROM version 0)","포켓몬스터 소울실버 (Korea, IPGK, header ROM version 0)",/a/1/0/0,equal,32,32,,,0736170a71705a465ae96ffe425d4fa8bf620f1b9efea6825b2ea53e934f659d,0736170a71705a465ae96ffe425d4fa8bf620f1b9efea6825b2ea53e934f659d,240,240,Nintendo LZ10,Nintendo LZ10
"포켓몬스터 하트골드 (Korea, IPKK, header ROM version 0)","포켓몬스터 소울실버 (Korea, IPGK, header ROM version 0)",/a/1/0/0,equal,33,33,,,54d9e0ec4cd4b75e76bd327f7b0dca077286acb74875321e41cf52c1d422a34e,54d9e0ec4cd4b75e76bd327f7b0dca077286acb74875321e41cf52c1d422a34e,233,233,Nintendo LZ10,Nintendo LZ10
"포켓몬스터 하트골드 (Korea, IPKK, header ROM version 0)","포켓몬스터 소울실버 (Korea, IPGK, header ROM version 0)",/a/1/0/0,equal,34,34,,,98ebd95164e26b0c8f520476bf4a14d9c1d222984fa17b18e1e0f49a062d46fc,98ebd95164e26b0c8f520476bf4a14d9c1d222984fa17b18e1e0f49a062d46fc,232,232,Nintendo LZ10,Nintendo LZ10
"포켓몬스터 하트골드 (Korea, IPKK, header ROM version 0)","포켓몬스터 소울실버 (Korea, IPGK, header ROM version 0)",/a/1/0/0,equal,35,35,,,37b79905b32571bb4bfa9713be1e2d7c2360080c75b48a40b7b637fbe80d2862,37b79905b32571bb4bfa9713be1e2d7c2360080c75b48a40b7b637fbe80d2862,232,232,Nintendo LZ10,Nintendo LZ10
"포켓몬스터 하트골드 (Korea, IPKK, header ROM version 0)","포켓몬스터 소울실버 (Korea, IPGK, header ROM version 0)",/a/1/0/0,equal,36,36,,,9e350aaac7ccc9b60405909b75d0309935ee318541f18df6b6240cf4b18e9138,9e350aaac7ccc9b60405909b75d0309935ee318541f18df6b6240cf4b18e9138,324,324,Nintendo LZ10,Nintendo LZ10
"포켓몬스터 하트골드 (Korea, IPKK, header ROM version 0)","포켓몬스터 소울실버 (Korea, IPGK, header ROM version 0)",/a/1/0/0,equal,37,37,,,f1cce490b0584db0925bdda688337a3905584d2b2dfc15851c11629230085881,f1cce490b0584db0925bdda688337a3905584d2b2dfc15851c11629230085881,324,324,Nintendo LZ10,Nintendo LZ10
"포켓몬스터 하트골드 (Korea, IPKK, header ROM version 0)","포켓몬스터 소울실버 (Korea, IPGK, header ROM version 0)",/a/1/0/0,equal,38,38,,,3cecada7fc659de86d1c9b575420b161ac7cb811c814dcd35a1d9830bcff1965,3cecada7fc659de86d1c9b575420b161ac7cb811c814dcd35a1d9830bcff1965,278,278,Nintendo LZ10,Nintendo LZ10
"포켓몬스터 하트골드 (Korea, IPKK, header ROM version 0)","포켓몬스터 소울실버 (Korea, IPGK, header ROM version 0)",/a/1/0/0,equal,39,39,,,b0451b0513171080840455da333476d628b19a8f30194306a261f505efbab34f,b0451b0513171080840455da333476d628b19a8f30194306a261f505efbab34f,245,245,Nintendo LZ10,Nintendo LZ10
"포켓몬스터 하트골드 (Korea, IPKK, header ROM version 0)","포켓몬스터 소울실버 (Korea, IPGK, header ROM version 0)",/a/1/0/0,equal,40,40,,,9cc902227db7bd5a3becb93e7440c23eac22b14f60eb55a25ac44205f9e1d0b0,9cc902227db7bd5a3becb93e7440c23eac22b14f60eb55a25ac44205f9e1d0b0,686,686,Nintendo LZ10,Nintendo LZ10
"포켓몬스터 하트골드 (Korea, IPKK, header ROM version 0)","포켓몬스터 소울실버 (Korea, IPGK, header ROM version 0)",/a/1/0/0,equal,41,41,,,6311ac84d4af3abcaf6ba75178e92ec16ff9c1e46a3885f84658f03f3fd8ce3b,6311ac84d4af3abcaf6ba75178e92ec16ff9c1e46a3885f84658f03f3fd8ce3b,239,239,Nintendo LZ10,Nintendo LZ10
"포켓몬스터 하트골드 (Korea, IPKK, header ROM version 0)","포켓몬스터 소울실버 (Korea, IPGK, header ROM version 0)",/a/1/0/0,equal,42,42,,,b9b99c23ba7320141d62476491cc8a47e8e44c376b0860330b15e911840b4c98,b9b99c23ba7320141d62476491cc8a47e8e44c376b0860330b15e911840b4c98,411,411,Nintendo LZ10,Nintendo LZ10
"포켓몬스터 하트골드 (Korea, IPKK, header ROM version 0)","포켓몬스터 소울실버 (Korea, IPGK, header ROM version 0)",/a/1/0/0,equal,43,43,,,b502159a0a8bb82fa5b7afe316ec217bede7f8f7fbc84c1c0e768561d30ca98f,b502159a0a8bb82fa5b7afe316ec217bede7f8f7fbc84c1c0e768561d30ca98f,3869,3869,Nintendo LZ10,Nintendo LZ10
"포켓몬스터 하트골드 (Korea, IPKK, header ROM version 0)","포켓몬스터 소울실버 (Korea, IPGK, header ROM version 0)",/a/1/0/0,equal,44,44,,,50e45b299b8fc2589abe75dca78c86445bb5f0217d3268b8a0ee9a21a534d0a6,50e45b299b8fc2589abe75dca78c86445bb5f0217d3268b8a0ee9a21a534d0a6,941,941,Nintendo LZ10,Nintendo LZ10
"포켓몬스터 하트골드 (Korea, IPKK, header ROM version 0)","포켓몬스터 소울실버 (Korea, IPGK, header ROM version 0)",/a/1/0/0,equal,45,45,,,d6f109bdff3edb541445b6201ee03a72d0294195dc800737fe8b81e44fd61748,d6f109bdff3edb541445b6201ee03a72d0294195dc800737fe8b81e44fd61748,1061,1061,Nintendo LZ10,Nintendo LZ10
"포켓몬스터 하트골드 (Korea, IPKK, header ROM version 0)","포켓몬스터 소울실버 (Korea, IPGK, header ROM version 0)",/a/1/0/0,equal,46,46,,,2c38f4eeb5fc17a8334e205c6182fc2217ac31e22659b9b79738f1e9c6862057,2c38f4eeb5fc17a8334e205c6182fc2217ac31e22659b9b79738f1e9c6862057,98,98,Nintendo LZ10,Nintendo LZ10
"포켓몬스터 하트골드 (Korea, IPKK, header ROM version 0)","포켓몬스터 소울실버 (Korea, IPGK, header ROM version 0)",/a/1/0/0,equal,47,47,,,08be6008d8506ac2ba374f1c31a2ee3cd24c8495740b06b4fd547cf5b85f5343,08be6008d8506ac2ba374f1c31a2ee3cd24c8495740b06b4fd547cf5b85f5343,128,128,Nintendo LZ10,Nintendo LZ10
"포켓몬스터 하트골드 (Korea, IPKK, header ROM version 0)","포켓몬스터 소울실버 (Korea, IPGK, header ROM version 0)",/a/1/0/0,equal,48,48,,,78bc9ab826b92227eb283075bcc3cd41e61a66b4c6e6498c2313f5dcddb2835c,78bc9ab826b92227eb283075bcc3cd41e61a66b4c6e6498c2313f5dcddb2835c,125,125,Nintendo LZ10,Nintendo LZ10
"포켓몬스터 하트골드 (Korea, IPKK, header ROM version 0)","포켓몬스터 소울실버 (Korea, IPGK, header ROM version 0)",/a/1/0/1,equal,0,0,,,9cb9de97e20d274b71b3717a5e7669f27f7ae2da1e39d4d1f626ca66fae389ae,9cb9de97e20d274b71b3717a5e7669f27f7ae2da1e39d4d1f626ca66fae389ae,1051,1051,Nintendo LZ10,Nintendo LZ10
"포켓몬스터 하트골드 (Korea, IPKK, header ROM version 0)","포켓몬스터 소울실버 (Korea, IPGK, header ROM version 0)",/a/1/0/1,equal,1,1,,,f16c13be3d7328196157141e5596d8c2722d3548d478886c499ad8a594662e80,f16c13be3d7328196157141e5596d8c2722d3548d478886c499ad8a594662e80,1999,1999,Nintendo LZ10,Nintendo LZ10
"포켓몬스터 하트골드 (Korea, IPKK, header ROM version 0)","포켓몬스터 소울실버 (Korea, IPGK, header ROM version 0)",/a/1/0/1,equal,2,2,,,53a7a184a4a617922db22b1eb17521a133fce41719823dff7aad6878dadae9c4,53a7a184a4a617922db22b1eb17521a133fce41719823dff7aad6878dadae9c4,2673,2673,Nintendo LZ10,Nintendo LZ10
"포켓몬스터 하트골드 (Korea, IPKK, header ROM version 0)","포켓몬스터 소울실버 (Korea, IPGK, header ROM version 0)",/a/1/0/1,equal,3,3,,,ea12dcc808fa738a8607e3c1254fd85f1baeb35dbbf5ad841315a78de3692ad6,ea12dcc808fa738a8607e3c1254fd85f1baeb35dbbf5ad841315a78de3692ad6,6581,6581,Nintendo LZ10,Nintendo LZ10
"포켓몬스터 하트골드 (Korea, IPKK, header ROM version 0)","포켓몬스터 소울실버 (Korea, IPGK, header ROM version 0)",/a/1/0/1,equal,4,4,,,a39314769330cb4bcb2ef28ec4f5c0bc47df7c51cf9a2e753cd5c8b00dd0efbe,a39314769330cb4bcb2ef28ec4f5c0bc47df7c51cf9a2e753cd5c8b00dd0efbe,552,552,NCLR palette,NCLR palette
"포켓몬스터 하트골드 (Korea, IPKK, header ROM version 0)","포켓몬스터 소울실버 (Korea, IPGK, header ROM version 0)",/a/1/0/1,equal,5,5,,,e18e640331216157ec4e1f88cfc3089517c2e6591143cfe5729e23e4c6f55e2b,e18e640331216157ec4e1f88cfc3089517c2e6591143cfe5729e23e4c6f55e2b,568,568,Nintendo LZ10,Nintendo LZ10
"포켓몬스터 하트골드 (Korea, IPKK, header ROM version 0)","포켓몬스터 소울실버 (Korea, IPGK, header ROM version 0)",/a/1/0/1,equal,6,6,,,ba381bce78e761b335f036cf0e52f62319c1401d1936228b0d1655ccba9fa5b3,ba381bce78e761b335f036cf0e52f62319c1401d1936228b0d1655ccba9fa5b3,282,282,Nintendo LZ10,Nintendo LZ10
"포켓몬스터 하트골드 (Korea, IPKK, header ROM version 0)","포켓몬스터 소울실버 (Korea, IPGK, header ROM version 0)",/a/1/0/1,equal,7,7,,,614e0fa3dbdd9bd6140740df4092e561b6e9c12919cc4693e7cf48bc340d6903,614e0fa3dbdd9bd6140740df4092e561b6e9c12919cc4693e7cf48bc340d6903,4445,4445,Nintendo LZ10,Nintendo LZ10
"포켓몬스터 하트골드 (Korea, IPKK, header ROM version 0)","포켓몬스터 소울실버 (Korea, IPGK, header ROM version 0)",/a/1/0/1,equal,8,8,,,1cc065c898822ac6a15a104e9c5b70d457af129984d9423438da079637189e0a,1cc065c898822ac6a15a104e9c5b70d457af129984d9423438da079637189e0a,552,552,NCLR palette,NCLR palette
"포켓몬스터 하트골드 (Korea, IPKK, header ROM version 0)","포켓몬스터 소울실버 (Korea, IPGK, header ROM version 0)",/a/1/0/1,equal,9,9,,,245e921bbd75b7d98a1508620bcf973283068afe96e7548ea2a7ff7736a71a3b,245e921bbd75b7d98a1508620bcf973283068afe96e7548ea2a7ff7736a71a3b,1492,1492,Nintendo LZ10,Nintendo LZ10
"포켓몬스터 하트골드 (Korea, IPKK, header ROM version 0)","포켓몬스터 소울실버 (Korea, IPGK, header ROM version 0)",/a/1/0/1,equal,10,10,,,e2f56aac326a3bfe5426f3c48ed5a26b6a1f8598b412cd1a71433db4d1b2052d,e2f56aac326a3bfe5426f3c48ed5a26b6a1f8598b412cd1a71433db4d1b2052d,467,467,Nintendo LZ10,Nintendo LZ10
"포켓몬스터 하트골드 (Korea, IPKK, header ROM version 0)","포켓몬스터 소울실버 (Korea, IPGK, header ROM version 0)",/a/1/0/1,equal,11,11,,,7c746f58c98506f48ea10d7a6e2c421dc05a4ff9ab0f40bb682d6bd4c9d8271a,7c746f58c98506f48ea10d7a6e2c421dc05a4ff9ab0f40bb682d6bd4c9d8271a,1251,1251,Nintendo LZ10,Nintendo LZ10
"포켓몬스터 하트골드 (Korea, IPKK, header ROM version 0)","포켓몬스터 소울실버 (Korea, IPGK, header ROM version 0)",/a/1/0/1,equal,12,12,,,3c9e393f3337b7e1bbbba97628f02e5e4680f5969f734eb4a698eaa25cd66438,3c9e393f3337b7e1bbbba97628f02e5e4680f5969f734eb4a698eaa25cd66438,4027,4027,Nintendo LZ10,Nintendo LZ10
"포켓몬스터 하트골드 (Korea, IPKK, header ROM version 0)","포켓몬스터 소울실버 (Korea, IPGK, header ROM version 0)",/a/1/0/1,equal,13,13,,,c34a27efe8f02566890ab699c82d11a587a8a152e0e2a11e11b8ef84faac4e4b,c34a27efe8f02566890ab699c82d11a587a8a152e0e2a11e11b8ef84faac4e4b,513,513,Nintendo LZ10,Nintendo LZ10
"포켓몬스터 하트골드 (Korea, IPKK, header ROM version 0)","포켓몬스터 소울실버 (Korea, IPGK, header ROM version 0)",/a/1/0/1,equal,14,14,,,61ab0ba850891b2f069224fac9ed58d2e419c63da6d1845eab758805d05d94ee,61ab0ba850891b2f069224fac9ed58d2e419c63da6d1845eab758805d05d94ee,1253,1253,Nintendo LZ10,Nintendo LZ10
"포켓몬스터 하트골드 (Korea, IPKK, header ROM version 0)","포켓몬스터 소울실버 (Korea, IPGK, header ROM version 0)",/a/1/0/1,equal,15,15,,,05b097f73eba9db09aacc213c9dce7d9828af77e73e723141fbaa38db2debf18,05b097f73eba9db09aacc213c9dce7d9828af77e73e723141fbaa38db2debf18,552,552,NCLR palette,NCLR palette
"포켓몬스터 하트골드 (Korea, IPKK, header ROM version 0)","포켓몬스터 소울실버 (Korea, IPGK, header ROM version 0)",/a/1/0/1,equal,16,16,,,f92b8a15f060c9c30aecc9e0f7d445fe461071cd540f08000710c250f0a6cac0,f92b8a15f060c9c30aecc9e0f7d445fe461071cd540f08000710c250f0a6cac0,729,729,Nintendo LZ10,Nintendo LZ10
"포켓몬스터 하트골드 (Korea, IPKK, header ROM version 0)","포켓몬스터 소울실버 (Korea, IPGK, header ROM version 0)",/a/1/0/1,equal,17,17,,,9c1b448edf375ae4114bb08222493570a47a82445ceceef32646f019f613ddc6,9c1b448edf375ae4114bb08222493570a47a82445ceceef32646f019f613ddc6,130,130,Nintendo LZ10,Nintendo LZ10
"포켓몬스터 하트골드 (Korea, IPKK, header ROM version 0)","포켓몬스터 소울실버 (Korea, IPGK, header ROM version 0)",/a/1/0/1,equal,18,18,,,82fec864ba32d5c89d4b7e6ba0d84f9db4135d39f92bce626debfe2da56ef38a,82fec864ba32d5c89d4b7e6ba0d84f9db4135d39f92bce626debfe2da56ef38a,118,118,Nintendo LZ10,Nintendo LZ10
"포켓몬스터 하트골드 (Korea, IPKK, header ROM version 0)","포켓몬스터 소울실버 (Korea, IPGK, header ROM version 0)",/a/1/0/1,equal,19,19,,,b0dd6cf8559535bac6d084fc1166e11f293c7ab576be042b04b5d0af801109ec,b0dd6cf8559535bac6d084fc1166e11f293c7ab576be042b04b5d0af801109ec,552,552,NCLR palette,NCLR palette
"포켓몬스터 하트골드 (Korea, IPKK, header ROM version 0)","포켓몬스터 소울실버 (Korea, IPGK, header ROM version 0)",/a/1/0/2,equal,0,0,,,d45db3f077427e9ac6516e9baded263ea0cb9df3e897e91222e022cdca0f7033,d45db3f077427e9ac6516e9baded263ea0cb9df3e897e91222e022cdca0f7033,4,4,,
"포켓몬스터 하트골드 (Korea, IPKK, header ROM version 0)","포켓몬스터 소울실버 (Korea, IPGK, header ROM version 0)",/a/1/0/2,equal,1,1,,,a40584df3c0a708c11163d6f14cba42eae9161e80e369a6b0fc21cf089c01f77,a40584df3c0a708c11163d6f14cba42eae9161e80e369a6b0fc21cf089c01f77,1068,1068,,
"포켓몬스터 하트골드 (Korea, IPKK, header ROM version 0)","포켓몬스터 소울실버 (Korea, IPGK, header ROM version 0)",/a/1/0/2,equal,2,2,,,18a6eaed74311df479896738ddcdc2f25e114a333fd04ea0818b3f42b0baa3fe,18a6eaed74311df479896738ddcdc2f25e114a333fd04ea0818b3f42b0baa3fe,24,24,,
"포켓몬스터 하트골드 (Korea, IPKK, header ROM version 0)","포켓몬스터 소울실버 (Korea, IPGK, header ROM version 0)",/a/1/0/2,equal,3,3,,,089f3fcbba640d38a82ea7cf7f79ee467e897e335151a71dcffadcfdc01c2421,089f3fcbba640d38a82ea7cf7f79ee467e897e335151a71dcffadcfdc01c2421,24,24,,
"포켓몬스터 하트골드 (Korea, IPKK, header ROM version 0)","포켓몬스터 소울실버 (Korea, IPGK, header ROM version 0)",/a/1/0/2,equal,4,4,,,a8f4f44874bf2f3825442e1a0b807e1a5f156e3b409e8bd6980cccd2dab712ee,a8f4f44874bf2f3825442e1a0b807e1a5f156e3b409e8bd6980cccd2dab712ee,24,24,,
"포켓몬스터 하트골드 (Korea, IPKK, header ROM version 0)","포켓몬스터 소울실버 (Korea, IPGK, header ROM version 0)",/a/1/0/2,equal,5,5,,,ba6a5a2181e481ebb7e5d65595c5412c2638b5e60da9e2f033958138a5d7d957,ba6a5a2181e481ebb7e5d65595c5412c2638b5e60da9e2f033958138a5d7d957,24,24,,
"포켓몬스터 하트골드 (Korea, IPKK, header ROM version 0)","포켓몬스터 소울실버 (Korea, IPGK, header ROM version 0)",/a/1/0/2,equal,6,6,,,089f3fcbba640d38a82ea7cf7f79ee467e897e335151a71dcffadcfdc01c2421,089f3fcbba640d38a82ea7cf7f79ee467e897e335151a71dcffadcfdc01c2421,24,24,,
"포켓몬스터 하트골드 (Korea, IPKK, header ROM version 0)","포켓몬스터 소울실버 (Korea, IPGK, header ROM version 0)",/a/1/0/2,equal,7,7,,,a8f4f44874bf2f3825442e1a0b807e1a5f156e3b409e8bd6980cccd2dab712ee,a8f4f44874bf2f3825442e1a0b807e1a5f156e3b409e8bd6980cccd2dab712ee,24,24,,
"포켓몬스터 하트골드 (Korea, IPKK, header ROM version 0)","포켓몬스터 소울실버 (Korea, IPGK, header ROM version 0)",/a/1/0/2,equal,8,8,,,d6d71915c3e4b5fbb175aa048290e6661f1d82736ec98db287c640f1a6a7044e,d6d71915c3e4b5fbb175aa048290e6661f1d82736ec98db287c640f1a6a7044e,64,64,,
"포켓몬스터 하트골드 (Korea, IPKK, header ROM version 0)","포켓몬스터 소울실버 (Korea, IPGK, header ROM version 0)",/a/1/0/2,equal,9,9,,,67fa6655292cb21a942ba43a97c34c13f0ed44070ef1c8e7a0bd54d0545ab324,67fa6655292cb21a942ba43a97c34c13f0ed44070ef1c8e7a0bd54d0545ab324,128,128,,
"포켓몬스터 하트골드 (Korea, IPKK, header ROM version 0)","포켓몬스터 소울실버 (Korea, IPGK, header ROM version 0)",/a/1/0/2,equal,10,10,,,2f16334bb243d9d9b44724a2a61bcd03b3971828e9ca3df19272129f8ae38ec0,2f16334bb243d9d9b44724a2a61bcd03b3971828e9ca3df19272129f8ae38ec0,128,128,,
"포켓몬스터 하트골드 (Korea, IPKK, header ROM version 0)","포켓몬스터 소울실버 (Korea, IPGK, header ROM version 0)",/a/1/0/2,equal,11,11,,,cc8d23fb4558d5007154cf0b72ef79f7d17b8fb15b40b5050eb98fc098e617fe,cc8d23fb4558d5007154cf0b72ef79f7d17b8fb15b40b5050eb98fc098e617fe,144,144,,
"포켓몬스터 하트골드 (Korea, IPKK, header ROM version 0)","포켓몬스터 소울실버 (Korea, IPGK, header ROM version 0)",/a/1/0/3,equal,0,0,,,cad8a93e1ec022e1b9a5b4a58e83b3247b1f6b91e1d94005d379286b5c31ed66,cad8a93e1ec022e1b9a5b4a58e83b3247b1f6b91e1d94005d379286b5c31ed66,792,792,NSBTX texture,NSBTX texture
"포켓몬스터 하트골드 (Korea, IPKK, header ROM version 0)","포켓몬스터 소울실버 (Korea, IPGK, header ROM version 0)",/a/1/0/3,equal,1,1,,,2bdccbe4355194b4ec2817ad3ec5471fb390449ee8357be60e2e8e45741e41b4,2bdccbe4355194b4ec2817ad3ec5471fb390449ee8357be60e2e8e45741e41b4,792,792,NSBTX texture,NSBTX texture
"포켓몬스터 하트골드 (Korea, IPKK, header ROM version 0)","포켓몬스터 소울실버 (Korea, IPGK, header ROM version 0)",/a/1/0/3,equal,2,2,,,01046cafbfb976d640c7c79960283806f6d78d03dca89ac634a353c33cb3ad18,01046cafbfb976d640c7c79960283806f6d78d03dca89ac634a353c33cb3ad18,1248,1248,NSBTX texture,NSBTX texture
"포켓몬스터 하트골드 (Korea, IPKK, header ROM version 0)","포켓몬스터 소울실버 (Korea, IPGK, header ROM version 0)",/a/1/0/3,equal,3,3,,,bf6ade1f72998a43982a212e1791a384b134c06a930f85f45932e51dc3e3de22,bf6ade1f72998a43982a212e1791a384b134c06a930f85f45932e51dc3e3de22,1248,1248,NSBTX texture,NSBTX texture
"포켓몬스터 하트골드 (Korea, IPKK, header ROM version 0)","포켓몬스터 소울실버 (Korea, IPGK, header ROM version 0)",/a/1/0/3,equal,4,4,,,3766cf150ab14656d58a2069ecf7a206767c8400fcae934ebd675571d0da1af1,3766cf150ab14656d58a2069ecf7a206767c8400fcae934ebd675571d0da1af1,1248,1248,NSBTX texture,NSBTX texture
"포켓몬스터 하트골드 (Korea, IPKK, header ROM version 0)","포켓몬스터 소울실버 (Korea, IPGK, header ROM version 0)",/a/1/0/3,equal,5,5,,,066f8d8d82e590418866e44dd4d41d39fedd7547b27db21ad2c2d573acda0292,066f8d8d82e590418866e44dd4d41d39fedd7547b27db21ad2c2d573acda0292,1248,1248,NSBTX texture,NSBTX texture
"포켓몬스터 하트골드 (Korea, IPKK, header ROM version 0)","포켓몬스터 소울실버 (Korea, IPGK, header ROM version 0)",/a/1/0/3,equal,6,6,,,7e2dfaafdde84c3907b4fd2d1748af8a7cc9ee327c08c28b5936d55cfc94ca40,7e2dfaafdde84c3907b4fd2d1748af8a7cc9ee327c08c28b5936d55cfc94ca40,1248,1248,NSBTX texture,NSBTX texture
"포켓몬스터 하트골드 (Korea, IPKK, header ROM version 0)","포켓몬스터 소울실버 (Korea, IPGK, header ROM version 0)",/a/1/0/3,equal,7,7,,,1bab7cfbb3e6a0a004b9ee4bbdf5e496af6974c75347810931d6c69ddf01e9c9,1bab7cfbb3e6a0a004b9ee4bbdf5e496af6974c75347810931d6c69ddf01e9c9,1248,1248,NSBTX texture,NSBTX texture
"포켓몬스터 하트골드 (Korea, IPKK, header ROM version 0)","포켓몬스터 소울실버 (Korea, IPGK, header ROM version 0)",/a/1/0/3,equal,8,8,,,e7a236e256551e5409c919599bb164aeacb0cb69340faec9fc3ab9b5ce1d2718,e7a236e256551e5409c919599bb164aeacb0cb69340faec9fc3ab9b5ce1d2718,1248,1248,NSBTX texture,NSBTX texture
"포켓몬스터 하트골드 (Korea, IPKK, header ROM version 0)","포켓몬스터 소울실버 (Korea, IPGK, header ROM version 0)",/a/1/0/3,equal,9,9,,,0d71aef8033d13883ba0b4cb1732f1a01a1e60e159d48756f481fbba2d24762b,0d71aef8033d13883ba0b4cb1732f1a01a1e60e159d48756f481fbba2d24762b,1248,1248,NSBTX texture,NSBTX texture
"포켓몬스터 하트골드 (Korea, IPKK, header ROM version 0)","포켓몬스터 소울실버 (Korea, IPGK, header ROM version 0)",/a/1/0/3,equal,10,10,,,311aa38c8e51397ab930e3ef09c3f640e0017f11dfe7df8c99706fbb67f0f38c,311aa38c8e51397ab930e3ef09c3f640e0017f11dfe7df8c99706fbb67f0f38c,1248,1248,NSBTX texture,NSBTX texture
"포켓몬스터 하트골드 (Korea, IPKK, header ROM version 0)","포켓몬스터 소울실버 (Korea, IPGK, header ROM version 0)",/a/1/0/3,equal,11,11,,,bdb2f14b5f2641193970102e860cf4b45767c03f671b425c784c9024a9ca0a04,bdb2f14b5f2641193970102e860cf4b45767c03f671b425c784c9024a9ca0a04,1248,1248,NSBTX texture,NSBTX texture
"포켓몬스터 하트골드 (Korea, IPKK, header ROM version 0)","포켓몬스터 소울실버 (Korea, IPGK, header ROM version 0)",/a/1/0/3,equal,12,12,,,836dd6e6300bced0d3993526f5c099f5bd5dbc009ee522c3eb1e9a94d549bebc,836dd6e6300bced0d3993526f5c099f5bd5dbc009ee522c3eb1e9a94d549bebc,1248,1248,NSBTX texture,NSBTX texture
"포켓몬스터 하트골드 (Korea, IPKK, header ROM version 0)","포켓몬스터 소울실버 (Korea, IPGK, header ROM version 0)",/a/1/0/3,equal,13,13,,,a2bab7e29bf96c9dd31d67612758bfd12cd2565be2dba70f806388e8f8d37e65,a2bab7e29bf96c9dd31d67612758bfd12cd2565be2dba70f806388e8f8d37e65,1248,1248,NSBTX texture,NSBTX texture
"포켓몬스터 하트골드 (Korea, IPKK, header ROM version 0)","포켓몬스터 소울실버 (Korea, IPGK, header ROM version 0)",/a/1/0/3,equal,14,14,,,8ffebd107277408fe2471be6f54c53833d68f3e1eff81073cedceffef386ba63,8ffebd107277408fe2471be6f54c53833d68f3e1eff81073cedceffef386ba63,736,736,NSBTX texture,NSBTX texture
"포켓몬스터 하트골드 (Korea, IPKK, header ROM version 0)","포켓몬스터 소울실버 (Korea, IPGK, header ROM version 0)",/a/1/0/3,equal,15,15,,,6b76fbb40dfd9821f06b185f50a2f79b071de4163ff3876e55284a5763d3dc5f,6b76fbb40dfd9821f06b185f50a2f79b071de4163ff3876e55284a5763d3dc5f,1248,1248,NSBTX texture,NSBTX texture
"포켓몬스터 하트골드 (Korea, IPKK, header ROM version 0)","포켓몬스터 소울실버 (Korea, IPGK, header ROM version 0)",/a/1/0/3,equal,16,16,,,fd0211a6197ffd5f11cf8889deb8724688e612361ec88eb7653fdb5c5d4f401c,fd0211a6197ffd5f11cf8889deb8724688e612361ec88eb7653fdb5c5d4f401c,636,636,NSBTX texture,NSBTX texture
"포켓몬스터 하트골드 (Korea, IPKK, header ROM version 0)","포켓몬스터 소울실버 (Korea, IPGK, header ROM version 0)",/a/1/0/3,equal,17,17,,,fe9be13970001705b12a869d5d008ebe25e1dd4ec505a4a2c5035271e16f926d,fe9be13970001705b12a869d5d008ebe25e1dd4ec505a4a2c5035271e16f926d,308,308,NSBTX texture,NSBTX texture
"포켓몬스터 하트골드 (Korea, IPKK, header ROM version 0)","포켓몬스터 소울실버 (Korea, IPGK, header ROM version 0)",/a/1/0/3,equal,18,18,,,226d804eea4306eceafee72942b79c5566a1102d075323c99b70aa9c951b908b,226d804eea4306eceafee72942b79c5566a1102d075323c99b70aa9c951b908b,1052,1052,NSBTX texture,NSBTX texture
"포켓몬스터 하트골드 (Korea, IPKK, header ROM version 0)","포켓몬스터 소울실버 (Korea, IPGK, header ROM version 0)",/a/1/0/3,equal,19,19,,,b9af240e6c1d45c831c8726f66c81d901b12f80932b71acd8216e0b24c0aea32,b9af240e6c1d45c831c8726f66c81d901b12f80932b71acd8216e0b24c0aea32,196,196,NSBTX texture,NSBTX texture
"포켓몬스터 하트골드 (Korea, IPKK, header ROM version 0)","포켓몬스터 소울실버 (Korea, IPGK, header ROM version 0)",/a/1/0/3,equal,20,20,,,8b74f01dd8aee8f0d82f4f53c6671b906f6d29e49b055c9eeb8d6e947cf6e58e,8b74f01dd8aee8f0d82f4f53c6671b906f6d29e49b055c9eeb8d6e947cf6e58e,592,592,NSBTX texture,NSBTX texture
"포켓몬스터 하트골드 (Korea, IPKK, header ROM version 0)","포켓몬스터 소울실버 (Korea, IPGK, header ROM version 0)",/a/1/0/3,equal,21,21,,,e335b88b6ab724a56311dd87b808beeb9433a018b8c03b940cb9757379eeca27,e335b88b6ab724a56311dd87b808beeb9433a018b8c03b940cb9757379eeca27,504,504,NSBTX texture,NSBTX texture
"포켓몬스터 하트골드 (Korea, IPKK, header ROM version 0)","포켓몬스터 소울실버 (Korea, IPGK, header ROM version 0)",/a/1/0/3,equal,22,22,,,aa4b72dbd67666b181143fe2038137cc1aec85bf214bebb76d846f7b80c32c76,aa4b72dbd67666b181143fe2038137cc1aec85bf214bebb76d846f7b80c32c76,520,520,NSBTX texture,NSBTX texture
"포켓몬스터 하트골드 (Korea, IPKK, header ROM version 0)","포켓몬스터 소울실버 (Korea, IPGK, header ROM version 0)",/a/1/0/3,equal,23,23,,,be97183759d83f92d1dcbffceace40336ce870021bb65973a5cfbc181f5cc746,be97183759d83f92d1dcbffceace40336ce870021bb65973a5cfbc181f5cc746,1360,1360,NSBTX texture,NSBTX texture
"포켓몬스터 하트골드 (Korea, IPKK, header ROM version 0)","포켓몬스터 소울실버 (Korea, IPGK, header ROM version 0)",/a/1/0/3,equal,24,24,,,5f43e886bfe0e3a05f6e15ecc78c3ee5d501ffb70cdfc27921905989b6c41eec,5f43e886bfe0e3a05f6e15ecc78c3ee5d501ffb70cdfc27921905989b6c41eec,308,308,NSBTX texture,NSBTX texture
"포켓몬스터 하트골드 (Korea, IPKK, header ROM version 0)","포켓몬스터 소울실버 (Korea, IPGK, header ROM version 0)",/a/1/0/3,equal,25,25,,,879c759478d8168b2daa878b07dcc2e05d1f0c0a71cf7d727a958c6e01407ac1,879c759478d8168b2daa878b07dcc2e05d1f0c0a71cf7d727a958c6e01407ac1,2328,2328,NSBTX texture,NSBTX texture
"포켓몬스터 하트골드 (Korea, IPKK, header ROM version 0)","포켓몬스터 소울실버 (Korea, IPGK, header ROM version 0)",/a/1/0/3,equal,26,26,,,2e566fb27c7d90b44553847d63333b47441e37dbceb55b5cddf7feb248041cda,2e566fb27c7d90b44553847d63333b47441e37dbceb55b5cddf7feb248041cda,744,744,NSBTX texture,NSBTX texture
"포켓몬스터 하트골드 (Korea, IPKK, header ROM version 0)","포켓몬스터 소울실버 (Korea, IPGK, header ROM version 0)",/a/1/0/3,equal,27,27,,,de798fd77fb8a67e233848c06d17b95dd04dc29a1abc995dca03f07a42d35f0a,de798fd77fb8a67e233848c06d17b95dd04dc29a1abc995dca03f07a42d35f0a,308,308,NSBTX texture,NSBTX texture
"포켓몬스터 하트골드 (Korea, IPKK, header ROM version 0)","포켓몬스터 소울실버 (Korea, IPGK, header ROM version 0)",/a/1/0/3,equal,28,28,,,6a0b7a0bf0a8a017c8817d445e0f72350f05dbefd971a3dd0c64867cbbd0c6b7,6a0b7a0bf0a8a017c8817d445e0f72350f05dbefd971a3dd0c64867cbbd0c6b7,708,708,NSBTX texture,NSBTX texture
"포켓몬스터 하트골드 (Korea, IPKK, header ROM version 0)","포켓몬스터 소울실버 (Korea, IPGK, header ROM version 0)",/a/1/0/3,equal,29,29,,,228aa8d7253a4cd7efc336e0baf1e6e808a52020656b67b9f612e553c7e1037f,228aa8d7253a4cd7efc336e0baf1e6e808a52020656b67b9f612e553c7e1037f,1052,1052,NSBMD model,NSBMD model
"포켓몬스터 하트골드 (Korea, IPKK, header ROM version 0)","포켓몬스터 소울실버 (Korea, IPGK, header ROM version 0)",/a/1/0/3,equal,30,30,,,00b2c7ab15315e39b700931a019eda13bffd5117bf4307b4f436782c6c7cf976,00b2c7ab15315e39b700931a019eda13bffd5117bf4307b4f436782c6c7cf976,1068,1068,NSBMD model,NSBMD model
"포켓몬스터 하트골드 (Korea, IPKK, header ROM version 0)","포켓몬스터 소울실버 (Korea, IPGK, header ROM version 0)",/a/1/0/3,equal,31,31,,,c246fff8416092d2ef5d369561eeac6b36dfb977462d4e24e8bab6e299c638ff,c246fff8416092d2ef5d369561eeac6b36dfb977462d4e24e8bab6e299c638ff,792,792,NSBMD model,NSBMD model
"포켓몬스터 하트골드 (Korea, IPKK, header ROM version 0)","포켓몬스터 소울실버 (Korea, IPGK, header ROM version 0)",/a/1/0/3,equal,32,32,,,de706a0689a3f5e8a54f838dbb6f36542d7261e645054e34bd0924245eb021fa,de706a0689a3f5e8a54f838dbb6f36542d7261e645054e34bd0924245eb021fa,984,984,NSBMD model,NSBMD model
"포켓몬스터 하트골드 (Korea, IPKK, header ROM version 0)","포켓몬스터 소울실버 (Korea, IPGK, header ROM version 0)",/a/1/0/3,equal,33,33,,,bbee35d106972dbc32497a94a2eee829988ba3da529eb9ddb97fd904a4b146b0,bbee35d106972dbc32497a94a2eee829988ba3da529eb9ddb97fd904a4b146b0,704,704,NSBMD model,NSBMD model
"포켓몬스터 하트골드 (Korea, IPKK, header ROM version 0)","포켓몬스터 소울실버 (Korea, IPGK, header ROM version 0)",/a/1/0/3,equal,34,34,,,6976f75a54076a93aec31f2db91b950b0379e9cfbd4496ed5ce1b7ff5150b6e2,6976f75a54076a93aec31f2db91b950b0379e9cfbd4496ed5ce1b7ff5150b6e2,704,704,NSBMD model,NSBMD model
"포켓몬스터 하트골드 (Korea, IPKK, header ROM version 0)","포켓몬스터 소울실버 (Korea, IPGK, header ROM version 0)",/a/1/0/3,equal,35,35,,,d2116030bb7ecd5967f26a2965a832fc39cf74a6e908b192ea79dadd62804fe3,d2116030bb7ecd5967f26a2965a832fc39cf74a6e908b192ea79dadd62804fe3,1168,1168,NSBMD model,NSBMD model
"포켓몬스터 하트골드 (Korea, IPKK, header ROM version 0)","포켓몬스터 소울실버 (Korea, IPGK, header ROM version 0)",/a/1/0/3,equal,36,36,,,4c96d995bf16ccb3632838768763a9d29b79c163a314874a43c0ef8c5107298f,4c96d995bf16ccb3632838768763a9d29b79c163a314874a43c0ef8c5107298f,768,768,NSBMD model,NSBMD model
"포켓몬스터 하트골드 (Korea, IPKK, header ROM version 0)","포켓몬스터 소울실버 (Korea, IPGK, header ROM version 0)",/a/1/0/3,equal,37,37,,,bb87570fd59fdba1fa40e367f51f9641b73cc3ab9f3c1bb35c3dd8e5eb0aa327,bb87570fd59fdba1fa40e367f51f9641b73cc3ab9f3c1bb35c3dd8e5eb0aa327,780,780,NSBMD model,NSBMD model
"포켓몬스터 하트골드 (Korea, IPKK, header ROM version 0)","포켓몬스터 소울실버 (Korea, IPGK, header ROM version 0)",/a/1/0/3,equal,38,38,,,7ce706034d624bad112bf34026accbbc3d4e941eacdbe4b00a4bf36b14a1f407,7ce706034d624bad112bf34026accbbc3d4e941eacdbe4b00a4bf36b14a1f407,780,780,NSBMD model,NSBMD model
"포켓몬스터 하트골드 (Korea, IPKK, header ROM version 0)","포켓몬스터 소울실버 (Korea, IPGK, header ROM version 0)",/a/1/0/3,equal,39,39,,,c800583a98218d514baa1d4f7eb0c0acf599a18a402703d87179abb3a44a4e1d,c800583a98218d514baa1d4f7eb0c0acf599a18a402703d87179abb3a44a4e1d,780,780,NSBMD model,NSBMD model
"포켓몬스터 하트골드 (Korea, IPKK, header ROM version 0)","포켓몬스터 소울실버 (Korea, IPGK, header ROM version 0)",/a/1/0/3,equal,40,40,,,676ab4ef9be646388ad5ae74e4e045bf0f1de6e9a223bc4f9d3a58f46f072375,676ab4ef9be646388ad5ae74e4e045bf0f1de6e9a223bc4f9d3a58f46f072375,704,704,NSBMD model,NSBMD model
"포켓몬스터 하트골드 (Korea, IPKK, header ROM version 0)","포켓몬스터 소울실버 (Korea, IPGK, header ROM version 0)",/a/1/0/3,equal,41,41,,,b17e1055d0def0783f78ad0e44fd8e71f98a138b9e0ffc2baa5018b08ca1b205,b17e1055d0def0783f78ad0e44fd8e71f98a138b9e0ffc2baa5018b08ca1b205,796,796,NSBMD model,NSBMD model
"포켓몬스터 하트골드 (Korea, IPKK, header ROM version 0)","포켓몬스터 소울실버 (Korea, IPGK, header ROM version 0)",/a/1/0/3,equal,42,42,,,8b0148896af3dbe34b365480da3ef8b67d1cc68be4a6808a89692180b26b05b4,8b0148896af3dbe34b365480da3ef8b67d1cc68be4a6808a89692180b26b05b4,796,796,NSBMD model,NSBMD model
"포켓몬스터 하트골드 (Korea, IPKK, header ROM version 0)","포켓몬스터 소울실버 (Korea, IPGK, header ROM version 0)",/a/1/0/3,equal,43,43,,,cdee1c1587cf7dd57efabfda4fb0038f16a767cfd5244a228306313e6e451984,cdee1c1587cf7dd57efabfda4fb0038f16a767cfd5244a228306313e6e451984,796,796,NSBMD model,NSBMD model
"포켓몬스터 하트골드 (Korea, IPKK, header ROM version 0)","포켓몬스터 소울실버 (Korea, IPGK, header ROM version 0)",/a/1/0/3,equal,44,44,,,1f78e3f7a9f42dee4d8ba17456bdcc3b6595e7e1ae6b9755f56f32ad98fcb32c,1f78e3f7a9f42dee4d8ba17456bdcc3b6595e7e1ae6b9755f56f32ad98fcb32c,796,796,NSBMD model,NSBMD model
"포켓몬스터 하트골드 (Korea, IPKK, header ROM version 0)","포켓몬스터 소울실버 (Korea, IPGK, header ROM version 0)",/a/1/0/3,equal,45,45,,,3b622e0d2361be469ebbfe56f9e747b7cbc0fd5d2144acdf17cf7bcfc2d14b80,3b622e0d2361be469ebbfe56f9e747b7cbc0fd5d2144acdf17cf7bcfc2d14b80,796,796,NSBMD model,NSBMD model
"포켓몬스터 하트골드 (Korea, IPKK, header ROM version 0)","포켓몬스터 소울실버 (Korea, IPGK, header ROM version 0)",/a/1/0/3,equal,46,46,,,df9722f1ed081fac3ab77c715455c666d55f9f8166ebdbdad4d4910ff31e081e,df9722f1ed081fac3ab77c715455c666d55f9f8166ebdbdad4d4910ff31e081e,796,796,NSBMD model,NSBMD model
"포켓몬스터 하트골드 (Korea, IPKK, header ROM version 0)","포켓몬스터 소울실버 (Korea, IPGK, header ROM version 0)",/a/1/0/3,equal,47,47,,,e7afda20da648fb6a2ff16abbb48b02bd63012f70ac686e159bb2e75d7d50b85,e7afda20da648fb6a2ff16abbb48b02bd63012f70ac686e159bb2e75d7d50b85,796,796,NSBMD model,NSBMD model
"포켓몬스터 하트골드 (Korea, IPKK, header ROM version 0)","포켓몬스터 소울실버 (Korea, IPGK, header ROM version 0)",/a/1/0/3,equal,48,48,,,385cd85d95667a51355dc399556196754c04ef8068cd9b0d5acc4d98a76ab4f4,385cd85d95667a51355dc399556196754c04ef8068cd9b0d5acc4d98a76ab4f4,796,796,NSBMD model,NSBMD model
"포켓몬스터 하트골드 (Korea, IPKK, header ROM version 0)","포켓몬스터 소울실버 (Korea, IPGK, header ROM version 0)",/a/1/0/3,equal,49,49,,,0f2cec37c478f65554bf0c92daf0c92937310cd951276a083f82c6212dbcdbef,0f2cec37c478f65554bf0c92daf0c92937310cd951276a083f82c6212dbcdbef,796,796,NSBMD model,NSBMD model
"포켓몬스터 하트골드 (Korea, IPKK, header ROM version 0)","포켓몬스터 소울실버 (Korea, IPGK, header ROM version 0)",/a/1/0/3,equal,50,50,,,a9b34f27071cb559aa66b8fc0feea7fe8ee4ff3032ae26ae4009c8a6ccee3865,a9b34f27071cb559aa66b8fc0feea7fe8ee4ff3032ae26ae4009c8a6ccee3865,796,796,NSBMD model,NSBMD model
"포켓몬스터 하트골드 (Korea, IPKK, header ROM version 0)","포켓몬스터 소울실버 (Korea, IPGK, header ROM version 0)",/a/1/0/3,equal,51,51,,,51d998eeab4590676a7975d4eb52e22f53c3c84b6899f396f2e755e44a210ed2,51d998eeab4590676a7975d4eb52e22f53c3c84b6899f396f2e755e44a210ed2,796,796,NSBMD model,NSBMD model
"포켓몬스터 하트골드 (Korea, IPKK, header ROM version 0)","포켓몬스터 소울실버 (Korea, IPGK, header ROM version 0)",/a/1/0/3,equal,52,52,,,11abd5ddb3e08fe141574332cfdec64a182b72618bec0cda485447e317438a5a,11abd5ddb3e08fe141574332cfdec64a182b72618bec0cda485447e317438a5a,796,796,NSBMD model,NSBMD model
"포켓몬스터 하트골드 (Korea, IPKK, header ROM version 0)","포켓몬스터 소울실버 (Korea, IPGK, header ROM version 0)",/a/1/0/3,equal,53,53,,,ac1256fc7d3508e96e6aae6b4b68dca81224e3672c4a4996536d37e92ffa97ea,ac1256fc7d3508e96e6aae6b4b68dca81224e3672c4a4996536d37e92ffa97ea,796,796,NSBMD model,NSBMD model
"포켓몬스터 하트골드 (Korea, IPKK, header ROM version 0)","포켓몬스터 소울실버 (Korea, IPGK, header ROM version 0)",/a/1/0/3,equal,54,54,,,2ee942cc4c4cfdd4e7453353ab9e1e76538d4417a719ca5e418b0c000fc6851a,2ee942cc4c4cfdd4e7453353ab9e1e76538d4417a719ca5e418b0c000fc6851a,796,796,NSBMD model,NSBMD model
"포켓몬스터 하트골드 (Korea, IPKK, header ROM version 0)","포켓몬스터 소울실버 (Korea, IPGK, header ROM version 0)",/a/1/0/3,equal,55,55,,,9b64d738e2ba3be18dcca18dd90eb45f80e8466ff525aaf997e3c34002d80dd8,9b64d738e2ba3be18dcca18dd90eb45f80e8466ff525aaf997e3c34002d80dd8,796,796,NSBMD model,NSBMD model
"포켓몬스터 하트골드 (Korea, IPKK, header ROM version 0)","포켓몬스터 소울실버 (Korea, IPGK, header ROM version 0)",/a/1/0/3,equal,56,56,,,14ca9579d8961843cbbe5bb59fcfec083adb20cb3bbed84d04e4e199abec43c8,14ca9579d8961843cbbe5bb59fcfec083adb20cb3bbed84d04e4e199abec43c8,796,796,NSBMD model,NSBMD model
"포켓몬스터 하트골드 (Korea, IPKK, header ROM version 0)","포켓몬스터 소울실버 (Korea, IPGK, header ROM version 0)",/a/1/0/3,equal,57,57,,,5002d597f36eee4d4247bb3e04e35689cec38939862c3f674595390e0b524b7f,5002d597f36eee4d4247bb3e04e35689cec38939862c3f674595390e0b524b7f,796,796,NSBMD model,NSBMD model
"포켓몬스터 하트골드 (Korea, IPKK, header ROM version 0)","포켓몬스터 소울실버 (Korea, IPGK, header ROM version 0)",/a/1/0/3,equal,58,58,,,5b529da7b801be7492de561674f1e994e749624d7c2258d94f29c18ed743a279,5b529da7b801be7492de561674f1e994e749624d7c2258d94f29c18ed743a279,796,796,NSBMD model,NSBMD model
"포켓몬스터 하트골드 (Korea, IPKK, header ROM version 0)","포켓몬스터 소울실버 (Korea, IPGK, header ROM version 0)",/a/1/0/3,equal,59,59,,,61a3ac49634a6b6b42deb28b9dc316ec3f4fabdf5d6c222bb593451e188b1ecb,61a3ac49634a6b6b42deb28b9dc316ec3f4fabdf5d6c222bb593451e188b1ecb,796,796,NSBMD model,NSBMD model
"포켓몬스터 하트골드 (Korea, IPKK, header ROM version 0)","포켓몬스터 소울실버 (Korea, IPGK, header ROM version 0)",/a/1/0/3,equal,60,60,,,7cb647dbedc74fe97c1c95622635034611ef22f6929fcf377fd5467369a8e2fd,7cb647dbedc74fe97c1c95622635034611ef22f6929fcf377fd5467369a8e2fd,796,796,NSBMD model,NSBMD model
"포켓몬스터 하트골드 (Korea, IPKK, header ROM version 0)","포켓몬스터 소울실버 (Korea, IPGK, header ROM version 0)",/a/1/0/3,equal,61,61,,,41c6aa7bf666f7e736c1aadd107b9cc045661ab5dfa05eb9d36a799386093260,41c6aa7bf666f7e736c1aadd107b9cc045661ab5dfa05eb9d36a799386093260,796,796,NSBMD model,NSBMD model
"포켓몬스터 하트골드 (Korea, IPKK, header ROM version 0)","포켓몬스터 소울실버 (Korea, IPGK, header ROM version 0)",/a/1/0/3,equal,62,62,,,e7b53ca2b628448d29aa830522eb2a475ae727de54c2be43a832216ec863b1a8,e7b53ca2b628448d29aa830522eb2a475ae727de54c2be43a832216ec863b1a8,796,796,NSBMD model,NSBMD model
"포켓몬스터 하트골드 (Korea, IPKK, header ROM version 0)","포켓몬스터 소울실버 (Korea, IPGK, header ROM version 0)",/a/1/0/3,equal,63,63,,,58bd00e3b6c5a1f3afa64517c9ece7a02120b045b56d91eee47b2198d3d39f36,58bd00e3b6c5a1f3afa64517c9ece7a02120b045b56d91eee47b2198d3d39f36,796,796,NSBMD model,NSBMD model
"포켓몬스터 하트골드 (Korea, IPKK, header ROM version 0)","포켓몬스터 소울실버 (Korea, IPGK, header ROM version 0)",/a/1/0/3,equal,64,64,,,69104b74eed201ba221d41eb585f132b8db57b03b1c8822a2dca0fdb71f369da,69104b74eed201ba221d41eb585f132b8db57b03b1c8822a2dca0fdb71f369da,780,780,NSBMD model,NSBMD model
"포켓몬스터 하트골드 (Korea, IPKK, header ROM version 0)","포켓몬스터 소울실버 (Korea, IPGK, header ROM version 0)",/a/1/0/3,equal,65,65,,,9b5bed29041b57d625a6a254742afe19a3a7fc10676b6f70d2479356cb383acd,9b5bed29041b57d625a6a254742afe19a3a7fc10676b6f70d2479356cb383acd,780,780,NSBMD model,NSBMD model
"포켓몬스터 하트골드 (Korea, IPKK, header ROM version 0)","포켓몬스터 소울실버 (Korea, IPGK, header ROM version 0)",/a/1/0/3,equal,66,66,,,b6095de0a3b419c292fa4f8c67b41188c4a1179f71f5dac82400f0ac8de22727,b6095de0a3b419c292fa4f8c67b41188c4a1179f71f5dac82400f0ac8de22727,780,780,NSBMD model,NSBMD model
"포켓몬스터 하트골드 (Korea, IPKK, header ROM version 0)","포켓몬스터 소울실버 (Korea, IPGK, header ROM version 0)",/a/1/0/3,equal,67,67,,,ab719f1921eb8268cd78a4b5a447dd11631749f1f7a866f50eed452a0fdf50a9,ab719f1921eb8268cd78a4b5a447dd11631749f1f7a866f50eed452a0fdf50a9,780,780,NSBMD model,NSBMD model
"포켓몬스터 하트골드 (Korea, IPKK, header ROM version 0)","포켓몬스터 소울실버 (Korea, IPGK, header ROM version 0)",/a/1/0/3,equal,68,68,,,6709ac54fa6f439aa3b4599a7fca57d22030cf39a38476c732cbeb08c1653150,6709ac54fa6f439aa3b4599a7fca57d22030cf39a38476c732cbeb08c1653150,796,796,NSBMD model,NSBMD model
"포켓몬스터 하트골드 (Korea, IPKK, header ROM version 0)","포켓몬스터 소울실버 (Korea, IPGK, header ROM version 0)",/a/1/0/3,equal,69,69,,,1762d82830d7727c49c00bebe69e3252a4e1e5362c87dcebf2792551c5aabdcb,1762d82830d7727c49c00bebe69e3252a4e1e5362c87dcebf2792551c5aabdcb,796,796,NSBMD model,NSBMD model
"포켓몬스터 하트골드 (Korea, IPKK, header ROM version 0)","포켓몬스터 소울실버 (Korea, IPGK, header ROM version 0)",/a/1/0/3,equal,70,70,,,b8ffdafe4e0e65b554ba8424f8d25a4331e4230ddce68e45ca652889421701fd,b8ffdafe4e0e65b554ba8424f8d25a4331e4230ddce68e45ca652889421701fd,796,796,NSBMD model,NSBMD model
"포켓몬스터 하트골드 (Korea, IPKK, header ROM version 0)","포켓몬스터 소울실버 (Korea, IPGK, header ROM version 0)",/a/1/0/3,equal,71,71,,,0ab1f9494deb93fa76c0489f57d9e824138300e21ddef5fa96811d5ade174d69,0ab1f9494deb93fa76c0489f57d9e824138300e21ddef5fa96811d5ade174d69,796,796,NSBMD model,NSBMD model
"포켓몬스터 하트골드 (Korea, IPKK, header ROM version 0)","포켓몬스터 소울실버 (Korea, IPGK, header ROM version 0)",/a/1/0/3,equal,72,72,,,5003f0922b47f58f20483078d60fa480a4cc06648868e4ecc0be0752d4bf26bc,5003f0922b47f58f20483078d60fa480a4cc06648868e4ecc0be0752d4bf26bc,796,796,NSBMD model,NSBMD model
"포켓몬스터 하트골드 (Korea, IPKK, header ROM version 0)","포켓몬스터 소울실버 (Korea, IPGK, header ROM version 0)",/a/1/0/3,equal,73,73,,,d1ac53d519ed67749e470294630dd23c7e086b2729765d952216b7dbaf11032c,d1ac53d519ed67749e470294630dd23c7e086b2729765d952216b7dbaf11032c,2772,2772,NSBMD model,NSBMD model
"포켓몬스터 하트골드 (Korea, IPKK, header ROM version 0)","포켓몬스터 소울실버 (Korea, IPGK, header ROM version 0)",/a/1/0/3,equal,74,74,,,7a734042daa2f069ccb3a9174aaab097c1486c3f887655d737ebecc02930f966,7a734042daa2f069ccb3a9174aaab097c1486c3f887655d737ebecc02930f966,704,704,NSBMD model,NSBMD model
"포켓몬스터 하트골드 (Korea, IPKK, header ROM version 0)","포켓몬스터 소울실버 (Korea, IPGK, header ROM version 0)",/a/1/0/3,equal,75,75,,,d09f9d006dc6034cf8e24b39765336c1f7e635f9d22d9354570b10ec2e78fdf5,d09f9d006dc6034cf8e24b39765336c1f7e635f9d22d9354570b10ec2e78fdf5,704,704,NSBMD model,NSBMD model
"포켓몬스터 하트골드 (Korea, IPKK, header ROM version 0)","포켓몬스터 소울실버 (Korea, IPGK, header ROM version 0)",/a/1/0/3,equal,76,76,,,0c05065d057c77163018a0ecac79672e45e5757f457eb1de8add51e328bece8d,0c05065d057c77163018a0ecac79672e45e5757f457eb1de8add51e328bece8d,704,704,NSBMD model,NSBMD model
"포켓몬스터 하트골드 (Korea, IPKK, header ROM version 0)","포켓몬스터 소울실버 (Korea, IPGK, header ROM version 0)",/a/1/0/3,equal,77,77,,,3776cf3a34b89518151ca0d25c70b87fb3714b8f6d361f54a2563ec6bc69b1bb,3776cf3a34b89518151ca0d25c70b87fb3714b8f6d361f54a2563ec6bc69b1bb,704,704,NSBMD model,NSBMD model
"포켓몬스터 하트골드 (Korea, IPKK, header ROM version 0)","포켓몬스터 소울실버 (Korea, IPGK, header ROM version 0)",/a/1/0/3,equal,78,78,,,50ee61771c6f0304e26ba3384c49d5cbe0c76c8b1a46c1ae7cff3cea7c54193c,50ee61771c6f0304e26ba3384c49d5cbe0c76c8b1a46c1ae7cff3cea7c54193c,704,704,NSBMD model,NSBMD model
"포켓몬스터 하트골드 (Korea, IPKK, header ROM version 0)","포켓몬스터 소울실버 (Korea, IPGK, header ROM version 0)",/a/1/0/3,equal,79,79,,,c703c482156851bd5fa489e73834e9632300c91285b38738494d780cf09845b1,c703c482156851bd5fa489e73834e9632300c91285b38738494d780cf09845b1,704,704,NSBMD model,NSBMD model
"포켓몬스터 하트골드 (Korea, IPKK, header ROM version 0)","포켓몬스터 소울실버 (Korea, IPGK, header ROM version 0)",/a/1/0/3,equal,80,80,,,bdcb5ae704a65b3cf498c432a0a2aa139c7f44951d37ff8c4d2fd0d2a28e0171,bdcb5ae704a65b3cf498c432a0a2aa139c7f44951d37ff8c4d2fd0d2a28e0171,704,704,NSBMD model,NSBMD model
"포켓몬스터 하트골드 (Korea, IPKK, header ROM version 0)","포켓몬스터 소울실버 (Korea, IPGK, header ROM version 0)",/a/1/0/3,equal,81,81,,,35f619221ec9d4925370e07d0970c7492e26016f869586f192ff136c35e0eb87,35f619221ec9d4925370e07d0970c7492e26016f869586f192ff136c35e0eb87,704,704,NSBMD model,NSBMD model
"포켓몬스터 하트골드 (Korea, IPKK, header ROM version 0)","포켓몬스터 소울실버 (Korea, IPGK, header ROM version 0)",/a/1/0/3,equal,82,82,,,82c03240d33698546b973a284a38b7faf3c08333c73de522bfb6740dce93feab,82c03240d33698546b973a284a38b7faf3c08333c73de522bfb6740dce93feab,704,704,NSBMD model,NSBMD model
"포켓몬스터 하트골드 (Korea, IPKK, header ROM version 0)","포켓몬스터 소울실버 (Korea, IPGK, header ROM version 0)",/a/1/0/3,equal,83,83,,,bdddb55bb3392b2befa958e92ea3c175a3a8e261c5f892026544dbdcc19cb168,bdddb55bb3392b2befa958e92ea3c175a3a8e261c5f892026544dbdcc19cb168,704,704,NSBMD model,NSBMD model
"포켓몬스터 하트골드 (Korea, IPKK, header ROM version 0)","포켓몬스터 소울실버 (Korea, IPGK, header ROM version 0)",/a/1/0/3,equal,84,84,,,1461f52b8c6ce41ba45b358b7f0e009295706e3c639c5a50b91e4c138922f52f,1461f52b8c6ce41ba45b358b7f0e009295706e3c639c5a50b91e4c138922f52f,768,768,NSBMD model,NSBMD model
"포켓몬스터 하트골드 (Korea, IPKK, header ROM version 0)","포켓몬스터 소울실버 (Korea, IPGK, header ROM version 0)",/a/1/0/3,equal,85,85,,,6c613dd89992db9d763ca50b084d0a2ffaf5119350962d86fde6d776bf67af4f,6c613dd89992db9d763ca50b084d0a2ffaf5119350962d86fde6d776bf67af4f,704,704,NSBMD model,NSBMD model
"포켓몬스터 하트골드 (Korea, IPKK, header ROM version 0)","포켓몬스터 소울실버 (Korea, IPGK, header ROM version 0)",/a/1/0/3,equal,86,86,,,eba0693d5c7630494c18c51cb15c4f6765a3b30d1910bac13099a95e6d05fbae,eba0693d5c7630494c18c51cb15c4f6765a3b30d1910bac13099a95e6d05fbae,2204,2204,NSBMD model,NSBMD model
"포켓몬스터 하트골드 (Korea, IPKK, header ROM version 0)","포켓몬스터 소울실버 (Korea, IPGK, header ROM version 0)",/a/1/0/3,equal,87,87,,,0b7fc2489da187e5fa3e3a582da17cbcbedbb9160b9216cdec0276459696ab06,0b7fc2489da187e5fa3e3a582da17cbcbedbb9160b9216cdec0276459696ab06,2660,2660,NSBMD model,NSBMD model
"포켓몬스터 하트골드 (Korea, IPKK, header ROM version 0)","포켓몬스터 소울실버 (Korea, IPGK, header ROM version 0)",/a/1/0/3,equal,88,88,,,f5465355ee2b756f2834261e0e35c4a7d82dd4659661c7ffdc02bafed870e560,f5465355ee2b756f2834261e0e35c4a7d82dd4659661c7ffdc02bafed870e560,2232,2232,NSBMD model,NSBMD model
"포켓몬스터 하트골드 (Korea, IPKK, header ROM version 0)","포켓몬스터 소울실버 (Korea, IPGK, header ROM version 0)",/a/1/0/3,equal,89,89,,,2e46504cfa5776330ebb722e4c2813ae413f10fe335a4a642abd356294c9b9a9,2e46504cfa5776330ebb722e4c2813ae413f10fe335a4a642abd356294c9b9a9,1080,1080,NSBMD model,NSBMD model
"포켓몬스터 하트골드 (Korea, IPKK, header ROM version 0)","포켓몬스터 소울실버 (Korea, IPGK, header ROM version 0)",/a/1/0/3,equal,90,90,,,a08475142e09d0c5403768c3eed318b956ecf48f9269934cf822eeedac76c9fb,a08475142e09d0c5403768c3eed318b956ecf48f9269934cf822eeedac76c9fb,704,704,NSBMD model,NSBMD model
"포켓몬스터 하트골드 (Korea, IPKK, header ROM version 0)","포켓몬스터 소울실버 (Korea, IPGK, header ROM version 0)",/a/1/0/3,equal,91,91,,,5d71a55e5061206b09b5b74bf2b6ae9f45ace80c55c2ced4a0be0767e6e3242d,5d71a55e5061206b09b5b74bf2b6ae9f45ace80c55c2ced4a0be0767e6e3242d,704,704,NSBMD model,NSBMD model
"포켓몬스터 하트골드 (Korea, IPKK, header ROM version 0)","포켓몬스터 소울실버 (Korea, IPGK, header ROM version 0)",/a/1/0/3,equal,92,92,,,61838ebdfc9467692c7619119e24439508fe089f95956fb8347ed3cdc4e80f20,61838ebdfc9467692c7619119e24439508fe089f95956fb8347ed3cdc4e80f20,704,704,NSBMD model,NSBMD model
"포켓몬스터 하트골드 (Korea, IPKK, header ROM version 0)","포켓몬스터 소울실버 (Korea, IPGK, header ROM version 0)",/a/1/0/3,equal,93,93,,,2193c4a39ff2d23f0efb7a7ebcbaf49a22cbbd78f145f84f78437650ea470702,2193c4a39ff2d23f0efb7a7ebcbaf49a22cbbd78f145f84f78437650ea470702,704,704,NSBMD model,NSBMD model
"포켓몬스터 하트골드 (Korea, IPKK, header ROM version 0)","포켓몬스터 소울실버 (Korea, IPGK, header ROM version 0)",/a/1/0/3,equal,94,94,,,f5ce32f2577b0821a33d917526a3daf120f48fdfb33408742095c28d55b0df8f,f5ce32f2577b0821a33d917526a3daf120f48fdfb33408742095c28d55b0df8f,704,704,NSBMD model,NSBMD model
"포켓몬스터 하트골드 (Korea, IPKK, header ROM version 0)","포켓몬스터 소울실버 (Korea, IPGK, header ROM version 0)",/a/1/0/3,equal,95,95,,,a58e85d92577bf9de878141a97850ef8c1e991d49c29f5f2c8fff0f014f131c1,a58e85d92577bf9de878141a97850ef8c1e991d49c29f5f2c8fff0f014f131c1,704,704,NSBMD model,NSBMD model
"포켓몬스터 하트골드 (Korea, IPKK, header ROM version 0)","포켓몬스터 소울실버 (Korea, IPGK, header ROM version 0)",/a/1/0/3,equal,96,96,,,886e354033b383be52e46879e162353ab7b0089421199bb6083837508a34903b,886e354033b383be52e46879e162353ab7b0089421199bb6083837508a34903b,704,704,NSBMD model,NSBMD model
"포켓몬스터 하트골드 (Korea, IPKK, header ROM version 0)","포켓몬스터 소울실버 (Korea, IPGK, header ROM version 0)",/a/1/0/3,equal,97,97,,,ee7fa91c0d9884b5a5c9a4d49a2da039c4cac469082c1e3ffe640694468141b4,ee7fa91c0d9884b5a5c9a4d49a2da039c4cac469082c1e3ffe640694468141b4,704,704,NSBMD model,NSBMD model
"포켓몬스터 하트골드 (Korea, IPKK, header ROM version 0)","포켓몬스터 소울실버 (Korea, IPGK, header ROM version 0)",/a/1/0/3,equal,98,98,,,1b72ef7be90768074e0f2b5c1b0180d2db529bc85b44f1725470a45b23fbe701,1b72ef7be90768074e0f2b5c1b0180d2db529bc85b44f1725470a45b23fbe701,704,704,NSBMD model,NSBMD model
"포켓몬스터 하트골드 (Korea, IPKK, header ROM version 0)","포켓몬스터 소울실버 (Korea, IPGK, header ROM version 0)",/a/1/0/3,equal,99,99,,,54b8d9c0d356803efb08d33daeadd546a99614e2b322865957fae1ab84820db7,54b8d9c0d356803efb08d33daeadd546a99614e2b322865957fae1ab84820db7,704,704,NSBMD model,NSBMD model
"포켓몬스터 하트골드 (Korea, IPKK, header ROM version 0)","포켓몬스터 소울실버 (Korea, IPGK, header ROM version 0)",/a/1/0/3,equal,100,100,,,8adf8e105991a0a155a2b0f87a0eb3a831434eca00ad5aad7ae11487dfcd8c72,8adf8e105991a0a155a2b0f87a0eb3a831434eca00ad5aad7ae11487dfcd8c72,704,704,NSBMD model,NSBMD model
"포켓몬스터 하트골드 (Korea, IPKK, header ROM version 0)","포켓몬스터 소울실버 (Korea, IPGK, header ROM version 0)",/a/1/0/3,equal,101,101,,,464ecf12f039898890c1211b2da1596875336b5abd2ca18c89645c47157f28bf,464ecf12f039898890c1211b2da1596875336b5abd2ca18c89645c47157f28bf,704,704,NSBMD model,NSBMD model
"포켓몬스터 하트골드 (Korea, IPKK, header ROM version 0)","포켓몬스터 소울실버 (Korea, IPGK, header ROM version 0)",/a/1/0/3,equal,102,102,,,58e007fb248594031c3a9c3cdd4bb3843f2a6e313748b3b2f5ce995d20608c5b,58e007fb248594031c3a9c3cdd4bb3843f2a6e313748b3b2f5ce995d20608c5b,704,704,NSBMD model,NSBMD model
"포켓몬스터 하트골드 (Korea, IPKK, header ROM version 0)","포켓몬스터 소울실버 (Korea, IPGK, header ROM version 0)",/a/1/0/3,equal,103,103,,,f426782a9cf89d9d939d553cc619bcca4e0bf00fc8447f41757dfc83d7fbe6f7,f426782a9cf89d9d939d553cc619bcca4e0bf00fc8447f41757dfc83d7fbe6f7,704,704,NSBMD model,NSBMD model
"포켓몬스터 하트골드 (Korea, IPKK, header ROM version 0)","포켓몬스터 소울실버 (Korea, IPGK, header ROM version 0)",/a/1/0/3,equal,104,104,,,0838c97ab3f1d11265c75ac4b85c2c5d773768eba414d953f1ff5f7a0ee2e3cc,0838c97ab3f1d11265c75ac4b85c2c5d773768eba414d953f1ff5f7a0ee2e3cc,2024,2024,NSBMD model,NSBMD model
"포켓몬스터 하트골드 (Korea, IPKK, header ROM version 0)","포켓몬스터 소울실버 (Korea, IPGK, header ROM version 0)",/a/1/0/3,equal,105,105,,,6ad231aee07da10997b75cf9a3ff80c8a0364ed3ea620f96ca0387c0d8e48a51,6ad231aee07da10997b75cf9a3ff80c8a0364ed3ea620f96ca0387c0d8e48a51,2704,2704,NSBMD model,NSBMD model
"포켓몬스터 하트골드 (Korea, IPKK, header ROM version 0)","포켓몬스터 소울실버 (Korea, IPGK, header ROM version 0)",/a/1/0/3,equal,106,106,,,635e96c124b1e25ab729022d4ab509e92215069e16d2efae4d8a090b02c5209a,635e96c124b1e25ab729022d4ab509e92215069e16d2efae4d8a090b02c5209a,2080,2080,NSBMD model,NSBMD model
"포켓몬스터 하트골드 (Korea, IPKK, header ROM version 0)","포켓몬스터 소울실버 (Korea, IPGK, header ROM version 0)",/a/1/0/3,equal,107,107,,,82f1c4fdec225ea8f2898ba45a8121e171090d3386dfc719e1f9ca13fa5524a6,82f1c4fdec225ea8f2898ba45a8121e171090d3386dfc719e1f9ca13fa5524a6,1156,1156,NSBMD model,NSBMD model
"포켓몬스터 하트골드 (Korea, IPKK, header ROM version 0)","포켓몬스터 소울실버 (Korea, IPGK, header ROM version 0)",/a/1/0/3,equal,108,108,,,2622193140f04b07d54a30a860ad7752173b33750964c6d799c4122b7008a8db,2622193140f04b07d54a30a860ad7752173b33750964c6d799c4122b7008a8db,1336,1336,NSBMD model,NSBMD model
"포켓몬스터 하트골드 (Korea, IPKK, header ROM version 0)","포켓몬스터 소울실버 (Korea, IPGK, header ROM version 0)",/a/1/0/3,equal,109,109,,,253b6edb3bc67ee6d38fb5b9494d92a67456b546d0db0cfdd660f78eb27822bf,253b6edb3bc67ee6d38fb5b9494d92a67456b546d0db0cfdd660f78eb27822bf,1600,1600,NSBMD model,NSBMD model
"포켓몬스터 하트골드 (Korea, IPKK, header ROM version 0)","포켓몬스터 소울실버 (Korea, IPGK, header ROM version 0)",/a/1/0/3,equal,110,110,,,57f6f2123b9ede71ae2144bd3f248a8520bad351112b5fcc57cfbdcd7df43c40,57f6f2123b9ede71ae2144bd3f248a8520bad351112b5fcc57cfbdcd7df43c40,1336,1336,NSBMD model,NSBMD model
"포켓몬스터 하트골드 (Korea, IPKK, header ROM version 0)","포켓몬스터 소울실버 (Korea, IPGK, header ROM version 0)",/a/1/0/3,equal,111,111,,,59e7e71fc7d6d8acae35254e98b977629e03fbb1eb4dd39d9b7efdcdb6411e98,59e7e71fc7d6d8acae35254e98b977629e03fbb1eb4dd39d9b7efdcdb6411e98,1336,1336,NSBMD model,NSBMD model
"포켓몬스터 하트골드 (Korea, IPKK, header ROM version 0)","포켓몬스터 소울실버 (Korea, IPGK, header ROM version 0)",/a/1/0/3,equal,112,112,,,7d148e2f80ac915346edb169dbd4c26ab86cc6e7247421bb7930b0050d873bfb,7d148e2f80ac915346edb169dbd4c26ab86cc6e7247421bb7930b0050d873bfb,1336,1336,NSBMD model,NSBMD model
"포켓몬스터 하트골드 (Korea, IPKK, header ROM version 0)","포켓몬스터 소울실버 (Korea, IPGK, header ROM version 0)",/a/1/0/3,equal,113,113,,,bc6bee8dfb43df23f98b18df7e402543783e3bb68c5ed090db66343880ebc363,bc6bee8dfb43df23f98b18df7e402543783e3bb68c5ed090db66343880ebc363,1336,1336,NSBMD model,NSBMD model
"포켓몬스터 하트골드 (Korea, IPKK, header ROM version 0)","포켓몬스터 소울실버 (Korea, IPGK, header ROM version 0)",/a/1/0/3,equal,114,114,,,29446cb7d0548370a8573629d47b459d078b950af96e9d95399ca2d8168e456d,29446cb7d0548370a8573629d47b459d078b950af96e9d95399ca2d8168e456d,1896,1896,NSBMD model,NSBMD model
"포켓몬스터 하트골드 (Korea, IPKK, header ROM version 0)","포켓몬스터 소울실버 (Korea, IPGK, header ROM version 0)",/a/1/0/3,equal,115,115,,,47cd7d941763c2339395806777598e589fd009a77c73d235f04fc457340e1ec4,47cd7d941763c2339395806777598e589fd009a77c73d235f04fc457340e1ec4,1344,1344,NSBMD model,NSBMD model
"포켓몬스터 하트골드 (Korea, IPKK, header ROM version 0)","포켓몬스터 소울실버 (Korea, IPGK, header ROM version 0)",/a/1/0/3,equal,116,116,,,00382029ae8cfeadc488227078144cd7e267e721c9e63ddd00ab25d601ef80d0,00382029ae8cfeadc488227078144cd7e267e721c9e63ddd00ab25d601ef80d0,1228,1228,NSBMD model,NSBMD model
"포켓몬스터 하트골드 (Korea, IPKK, header ROM version 0)","포켓몬스터 소울실버 (Korea, IPGK, header ROM version 0)",/a/1/0/3,equal,117,117,,,c2bee731fafcfca7790bce5887e5ce15ebc542269d60f4e7ec2e89100b009ba1,c2bee731fafcfca7790bce5887e5ce15ebc542269d60f4e7ec2e89100b009ba1,1204,1204,NSBMD model,NSBMD model
"포켓몬스터 하트골드 (Korea, IPKK, header ROM version 0)","포켓몬스터 소울실버 (Korea, IPGK, header ROM version 0)",/a/1/0/3,equal,118,118,,,c74d6379cbbe3afea52230321c62c7a8a5867e50d27de6bf711542c3eabd63be,c74d6379cbbe3afea52230321c62c7a8a5867e50d27de6bf711542c3eabd63be,768,768,NSBMD model,NSBMD model
"포켓몬스터 하트골드 (Korea, IPKK, header ROM version 0)","포켓몬스터 소울실버 (Korea, IPGK, header ROM version 0)",/a/1/0/3,equal,119,119,,,7df7ab1741ef18220667107a5c10e66e1298be7f9422c20066ce4389d77a0060,7df7ab1741ef18220667107a5c10e66e1298be7f9422c20066ce4389d77a0060,1512,1512,NSBMD model,NSBMD model
"포켓몬스터 하트골드 (Korea, IPKK, header ROM version 0)","포켓몬스터 소울실버 (Korea, IPGK, header ROM version 0)",/a/1/0/3,equal,120,120,,,ecbff42af3d2cbb4c8c6e52e7324b8f3b75469ea1ec65944165af645c8866c21,ecbff42af3d2cbb4c8c6e52e7324b8f3b75469ea1ec65944165af645c8866c21,876,876,NSBMD model,NSBMD model
"포켓몬스터 하트골드 (Korea, IPKK, header ROM version 0)","포켓몬스터 소울실버 (Korea, IPGK, header ROM version 0)",/a/1/0/3,equal,121,121,,,57aa837573bcdab619b7ce7e036422f134b2ad401b5894dd0172cad9c0b4b0e6,57aa837573bcdab619b7ce7e036422f134b2ad401b5894dd0172cad9c0b4b0e6,1072,1072,NSBMD model,NSBMD model
"포켓몬스터 하트골드 (Korea, IPKK, header ROM version 0)","포켓몬스터 소울실버 (Korea, IPGK, header ROM version 0)",/a/1/0/3,equal,122,122,,,7fa2e2d1fe2202d348d157927bcc6aedf0117fb8c956a5f8de66251dbe820de2,7fa2e2d1fe2202d348d157927bcc6aedf0117fb8c956a5f8de66251dbe820de2,964,964,NSBMD model,NSBMD model
"포켓몬스터 하트골드 (Korea, IPKK, header ROM version 0)","포켓몬스터 소울실버 (Korea, IPGK, header ROM version 0)",/a/1/0/3,equal,123,123,,,e179e697d2059f1547af208416747c5bc40b5d4eeeb0ce55197aaddbe0a1196f,e179e697d2059f1547af208416747c5bc40b5d4eeeb0ce55197aaddbe0a1196f,980,980,NSBMD model,NSBMD model
"포켓몬스터 하트골드 (Korea, IPKK, header ROM version 0)","포켓몬스터 소울실버 (Korea, IPGK, header ROM version 0)",/a/1/0/3,equal,124,124,,,e7fbf1a88b5a86fdf68535108b077c239d86943a9f009648f36d512c6ec4f2dd,e7fbf1a88b5a86fdf68535108b077c239d86943a9f009648f36d512c6ec4f2dd,1820,1820,NSBMD model,NSBMD model
"포켓몬스터 하트골드 (Korea, IPKK, header ROM version 0)","포켓몬스터 소울실버 (Korea, IPGK, header ROM version 0)",/a/1/0/3,equal,125,125,,,d1265931ccddc338bcb18e1e38845092227e0b77b74edae5745e30e02cede11e,d1265931ccddc338bcb18e1e38845092227e0b77b74edae5745e30e02cede11e,768,768,NSBMD model,NSBMD model
"포켓몬스터 하트골드 (Korea, IPKK, header ROM version 0)","포켓몬스터 소울실버 (Korea, IPGK, header ROM version 0)",/a/1/0/3,equal,126,126,,,da55b9325d96d738441f98078bf150bae4da85178f4de73949cb9ed111f0abce,da55b9325d96d738441f98078bf150bae4da85178f4de73949cb9ed111f0abce,2788,2788,NSBMD model,NSBMD model
"포켓몬스터 하트골드 (Korea, IPKK, header ROM version 0)","포켓몬스터 소울실버 (Korea, IPGK, header ROM version 0)",/a/1/0/3,equal,127,127,,,f89fd4b6c22923021cdeee6c75c2f3b0e7ce765f3cb3fd8fe93a8125618bca70,f89fd4b6c22923021cdeee6c75c2f3b0e7ce765f3cb3fd8fe93a8125618bca70,1096,1096,NSBMD model,NSBMD model
"포켓몬스터 하트골드 (Korea, IPKK, header ROM version 0)","포켓몬스터 소울실버 (Korea, IPGK, header ROM version 0)",/a/1/0/3,equal,128,128,,,41bb0267e39887f67c9fcf151b30c6e5650596cc1f8658e4a092d070b7ceb121,41bb0267e39887f67c9fcf151b30c6e5650596cc1f8658e4a092d070b7ceb121,1204,1204,NSBMD model,NSBMD model
"포켓몬스터 하트골드 (Korea, IPKK, header ROM version 0)","포켓몬스터 소울실버 (Korea, IPGK, header ROM version 0)",/a/1/0/3,equal,129,129,,,6349be51a204500bad463649a58b6f4ada383f32a3fdb13994aa65f4464a0a9e,6349be51a204500bad463649a58b6f4ada383f32a3fdb13994aa65f4464a0a9e,768,768,NSBMD model,NSBMD model
"포켓몬스터 하트골드 (Korea, IPKK, header ROM version 0)","포켓몬스터 소울실버 (Korea, IPGK, header ROM version 0)",/a/1/0/3,equal,130,130,,,563d3809cf7ea07958916ceccddb220d23781658874909bb99dc8ced29fbc5ea,563d3809cf7ea07958916ceccddb220d23781658874909bb99dc8ced29fbc5ea,1168,1168,NSBMD model,NSBMD model
"포켓몬스터 하트골드 (Korea, IPKK, header ROM version 0)","포켓몬스터 소울실버 (Korea, IPGK, header ROM version 0)",/a/1/0/3,equal,131,131,,,078aa56aed2e08e4be6474a6d013b2384d9d5e7aba7b1ac00ebf10815d9217d4,078aa56aed2e08e4be6474a6d013b2384d9d5e7aba7b1ac00ebf10815d9217d4,896,896,NSBMD model,NSBMD model
"포켓몬스터 하트골드 (Korea, IPKK, header ROM version 0)","포켓몬스터 소울실버 (Korea, IPGK, header ROM version 0)",/a/1/0/3,equal,132,132,,,7e1059b055627c9a046d695951735e8dbdb02ceadc703000bde9b933ec7bb301,7e1059b055627c9a046d695951735e8dbdb02ceadc703000bde9b933ec7bb301,3156,3156,NSBMD model,NSBMD model
"포켓몬스터 하트골드 (Korea, IPKK, header ROM version 0)","포켓몬스터 소울실버 (Korea, IPGK, header ROM version 0)",/a/1/0/3,equal,133,133,,,a26e9db2f001bc63659068b7373c3df4b84f42603727bb1e2c9a568809ea3516,a26e9db2f001bc63659068b7373c3df4b84f42603727bb1e2c9a568809ea3516,2848,2848,NSBMD model,NSBMD model
"포켓몬스터 하트골드 (Korea, IPKK, header ROM version 0)","포켓몬스터 소울실버 (Korea, IPGK, header ROM version 0)",/a/1/0/3,equal,134,134,,,2af415a2d945de4b5a49b6b2cfdbafda78bf5c1dd108566e48e3f97c1deac80f,2af415a2d945de4b5a49b6b2cfdbafda78bf5c1dd108566e48e3f97c1deac80f,268,268,NSBTP texture-pattern animation,NSBTP texture-pattern animation
"포켓몬스터 하트골드 (Korea, IPKK, header ROM version 0)","포켓몬스터 소울실버 (Korea, IPGK, header ROM version 0)",/a/1/0/3,equal,135,135,,,43e904ba8f284caf8311cba51277ecb88f4e8594fc68d58f6970a1dcc053ca2f,43e904ba8f284caf8311cba51277ecb88f4e8594fc68d58f6970a1dcc053ca2f,268,268,NSBTP texture-pattern animation,NSBTP texture-pattern animation
"포켓몬스터 하트골드 (Korea, IPKK, header ROM version 0)","포켓몬스터 소울실버 (Korea, IPGK, header ROM version 0)",/a/1/0/3,equal,136,136,,,385cdf8a511739b4fe3efb60ffdfb3f6412227852bc26083bd2a9d6d27455e6e,385cdf8a511739b4fe3efb60ffdfb3f6412227852bc26083bd2a9d6d27455e6e,220,220,NSBTP texture-pattern animation,NSBTP texture-pattern animation
"포켓몬스터 하트골드 (Korea, IPKK, header ROM version 0)","포켓몬스터 소울실버 (Korea, IPGK, header ROM version 0)",/a/1/0/3,equal,137,137,,,8922bf3b84f0e6bf1b15ad43bc0840a1eb416df8ea95a8f788775eb379843386,8922bf3b84f0e6bf1b15ad43bc0840a1eb416df8ea95a8f788775eb379843386,248,248,NSBTP texture-pattern animation,NSBTP texture-pattern animation
"포켓몬스터 하트골드 (Korea, IPKK, header ROM version 0)","포켓몬스터 소울실버 (Korea, IPGK, header ROM version 0)",/a/1/0/3,equal,138,138,,,34fc571feb02b9140bf0628706430bda854b82e996c71ee3882acf7ebfb7246c,34fc571feb02b9140bf0628706430bda854b82e996c71ee3882acf7ebfb7246c,200,200,NSBTP texture-pattern animation,NSBTP texture-pattern animation
"포켓몬스터 하트골드 (Korea, IPKK, header ROM version 0)","포켓몬스터 소울실버 (Korea, IPGK, header ROM version 0)",/a/1/0/3,equal,139,139,,,2ea4d84697a0cbb5f2c35815cedf63c99fc3a0ff4efb74ed5999653b5bc91155,2ea4d84697a0cbb5f2c35815cedf63c99fc3a0ff4efb74ed5999653b5bc91155,268,268,NSBTP texture-pattern animation,NSBTP texture-pattern animation
"포켓몬스터 하트골드 (Korea, IPKK, header ROM version 0)","포켓몬스터 소울실버 (Korea, IPGK, header ROM version 0)",/a/1/0/3,equal,140,140,,,58527da36cd1f0a87213f61f27f8bc1670c1312459469e1f07ed436e1b735ccf,58527da36cd1f0a87213f61f27f8bc1670c1312459469e1f07ed436e1b735ccf,20,20,,
"포켓몬스터 하트골드 (Korea, IPKK, header ROM version 0)","포켓몬스터 소울실버 (Korea, IPGK, header ROM version 0)",/a/1/0/3,equal,141,141,,,2f134b0ace1ef2163b0a3ceb04ca0aa959179a4f36305a98e63489bb0717164d,2f134b0ace1ef2163b0a3ceb04ca0aa959179a4f36305a98e63489bb0717164d,48,48,,
"포켓몬스터 하트골드 (Korea, IPKK, header ROM version 0)","포켓몬스터 소울실버 (Korea, IPGK, header ROM version 0)",/a/1/0/3,equal,142,142,,,998640316fdc397cb4657ef876f00c047ae4e048384ac766ab4a8fe5f53dd174,998640316fdc397cb4657ef876f00c047ae4e048384ac766ab4a8fe5f53dd174,40,40,,
"포켓몬스터 하트골드 (Korea, IPKK, header ROM version 0)","포켓몬스터 소울실버 (Korea, IPGK, header ROM version 0)",/a/1/0/3,equal,143,143,,,b3dfb4058df959ebfc80437d5d06bd5fba7666b5135fdef254e02e88c8357ea1,b3dfb4058df959ebfc80437d5d06bd5fba7666b5135fdef254e02e88c8357ea1,56,56,,
"포켓몬스터 하트골드 (Korea, IPKK, header ROM version 0)","포켓몬스터 소울실버 (Korea, IPGK, header ROM version 0)",/a/1/0/3,equal,144,144,,,340a60620c94f5c7531652a4cfa925928ed1b47da0afb31e1f4b7fdac40bb100,340a60620c94f5c7531652a4cfa925928ed1b47da0afb31e1f4b7fdac40bb100,16,16,,
"포켓몬스터 하트골드 (Korea, IPKK, header ROM version 0)","포켓몬스터 소울실버 (Korea, IPGK, header ROM version 0)",/a/1/0/3,equal,145,145,,,e985fdcdde6952900c40e69ebb53010e24cbb5d7370a604962dc8104fe3d8f18,e985fdcdde6952900c40e69ebb53010e24cbb5d7370a604962dc8104fe3d8f18,20,20,,
"포켓몬스터 하트골드 (Korea, IPKK, header ROM version 0)","포켓몬스터 소울실버 (Korea, IPGK, header ROM version 0)",/a/1/0/3,equal,146,146,,,2fdc15b30612f846dd1db2cb259cc466ecdc0502d69b2fb225247743d8b93832,2fdc15b30612f846dd1db2cb259cc466ecdc0502d69b2fb225247743d8b93832,32,32,,
"포켓몬스터 하트골드 (Korea, IPKK, header ROM version 0)","포켓몬스터 소울실버 (Korea, IPGK, header ROM version 0)",/a/1/0/3,equal,147,147,,,001bc196c47fc955632c5d2f37ef6d2e8886295b0c14207dcbfa30d0bfea3d3f,001bc196c47fc955632c5d2f37ef6d2e8886295b0c14207dcbfa30d0bfea3d3f,12,12,,
"포켓몬스터 하트골드 (Korea, IPKK, header ROM version 0)","포켓몬스터 소울실버 (Korea, IPGK, header ROM version 0)",/a/1/0/3,equal,148,148,,,89be03214ffe6d8336ff42bec8b701b055c0ccaaa04846880e62833a3dfbaf8e,89be03214ffe6d8336ff42bec8b701b055c0ccaaa04846880e62833a3dfbaf8e,20,20,,
"포켓몬스터 하트골드 (Korea, IPKK, header ROM version 0)","포켓몬스터 소울실버 (Korea, IPGK, header ROM version 0)",/a/1/0/3,equal,149,149,,,7c9acd5bec8ad44a2c46414b5f1116b263d5f678b0248981cc3ee4d3d5491f7d,7c9acd5bec8ad44a2c46414b5f1116b263d5f678b0248981cc3ee4d3d5491f7d,12,12,,
"포켓몬스터 하트골드 (Korea, IPKK, header ROM version 0)","포켓몬스터 소울실버 (Korea, IPGK, header ROM version 0)",/a/1/0/3,equal,150,150,,,e33b828b7700e8abeb5d3b5f6e4908d5c57b69b4329193405ea597dab7bcc88e,e33b828b7700e8abeb5d3b5f6e4908d5c57b69b4329193405ea597dab7bcc88e,20,20,,
"포켓몬스터 하트골드 (Korea, IPKK, header ROM version 0)","포켓몬스터 소울실버 (Korea, IPGK, header ROM version 0)",/a/1/0/3,equal,151,151,,,e33b828b7700e8abeb5d3b5f6e4908d5c57b69b4329193405ea597dab7bcc88e,e33b828b7700e8abeb5d3b5f6e4908d5c57b69b4329193405ea597dab7bcc88e,20,20,,
"포켓몬스터 하트골드 (Korea, IPKK, header ROM version 0)","포켓몬스터 소울실버 (Korea, IPGK, header ROM version 0)",/a/1/0/3,equal,152,152,,,e33b828b7700e8abeb5d3b5f6e4908d5c57b69b4329193405ea597dab7bcc88e,e33b828b7700e8abeb5d3b5f6e4908d5c57b69b4329193405ea597dab7bcc88e,20,20,,
"포켓몬스터 하트골드 (Korea, IPKK, header ROM version 0)","포켓몬스터 소울실버 (Korea, IPGK, header ROM version 0)",/a/1/0/3,equal,153,153,,,e33b828b7700e8abeb5d3b5f6e4908d5c57b69b4329193405ea597dab7bcc88e,e33b828b7700e8abeb5d3b5f6e4908d5c57b69b4329193405ea597dab7bcc88e,20,20,,
"포켓몬스터 하트골드 (Korea, IPKK, header ROM version 0)","포켓몬스터 소울실버 (Korea, IPGK, header ROM version 0)",/a/1/0/3,equal,154,154,,,e33b828b7700e8abeb5d3b5f6e4908d5c57b69b4329193405ea597dab7bcc88e,e33b828b7700e8abeb5d3b5f6e4908d5c57b69b4329193405ea597dab7bcc88e,20,20,,
"포켓몬스터 하트골드 (Korea, IPKK, header ROM version 0)","포켓몬스터 소울실버 (Korea, IPGK, header ROM version 0)",/a/1/0/3,equal,155,155,,,e33b828b7700e8abeb5d3b5f6e4908d5c57b69b4329193405ea597dab7bcc88e,e33b828b7700e8abeb5d3b5f6e4908d5c57b69b4329193405ea597dab7bcc88e,20,20,,
"포켓몬스터 하트골드 (Korea, IPKK, header ROM version 0)","포켓몬스터 소울실버 (Korea, IPGK, header ROM version 0)",/a/1/0/3,equal,156,156,,,e33b828b7700e8abeb5d3b5f6e4908d5c57b69b4329193405ea597dab7bcc88e,e33b828b7700e8abeb5d3b5f6e4908d5c57b69b4329193405ea597dab7bcc88e,20,20,,
"포켓몬스터 하트골드 (Korea, IPKK, header ROM version 0)","포켓몬스터 소울실버 (Korea, IPGK, header ROM version 0)",/a/1/0/3,equal,157,157,,,e33b828b7700e8abeb5d3b5f6e4908d5c57b69b4329193405ea597dab7bcc88e,e33b828b7700e8abeb5d3b5f6e4908d5c57b69b4329193405ea597dab7bcc88e,20,20,,
"포켓몬스터 하트골드 (Korea, IPKK, header ROM version 0)","포켓몬스터 소울실버 (Korea, IPGK, header ROM version 0)",/a/1/0/3,equal,158,158,,,e33b828b7700e8abeb5d3b5f6e4908d5c57b69b4329193405ea597dab7bcc88e,e33b828b7700e8abeb5d3b5f6e4908d5c57b69b4329193405ea597dab7bcc88e,20,20,,
"포켓몬스터 하트골드 (Korea, IPKK, header ROM version 0)","포켓몬스터 소울실버 (Korea, IPGK, header ROM version 0)",/a/1/0/3,equal,159,159,,,e33b828b7700e8abeb5d3b5f6e4908d5c57b69b4329193405ea597dab7bcc88e,e33b828b7700e8abeb5d3b5f6e4908d5c57b69b4329193405ea597dab7bcc88e,20,20,,
"포켓몬스터 하트골드 (Korea, IPKK, header ROM version 0)","포켓몬스터 소울실버 (Korea, IPGK, header ROM version 0)",/a/1/0/3,equal,160,160,,,e33b828b7700e8abeb5d3b5f6e4908d5c57b69b4329193405ea597dab7bcc88e,e33b828b7700e8abeb5d3b5f6e4908d5c57b69b4329193405ea597dab7bcc88e,20,20,,
"포켓몬스터 하트골드 (Korea, IPKK, header ROM version 0)","포켓몬스터 소울실버 (Korea, IPGK, header ROM version 0)",/a/1/0/3,equal,161,161,,,e33b828b7700e8abeb5d3b5f6e4908d5c57b69b4329193405ea597dab7bcc88e,e33b828b7700e8abeb5d3b5f6e4908d5c57b69b4329193405ea597dab7bcc88e,20,20,,
"포켓몬스터 하트골드 (Korea, IPKK, header ROM version 0)","포켓몬스터 소울실버 (Korea, IPGK, header ROM version 0)",/a/1/0/3,equal,162,162,,,e33b828b7700e8abeb5d3b5f6e4908d5c57b69b4329193405ea597dab7bcc88e,e33b828b7700e8abeb5d3b5f6e4908d5c57b69b4329193405ea597dab7bcc88e,20,20,,
"포켓몬스터 하트골드 (Korea, IPKK, header ROM version 0)","포켓몬스터 소울실버 (Korea, IPGK, header ROM version 0)",/a/1/0/3,equal,163,163,,,e33b828b7700e8abeb5d3b5f6e4908d5c57b69b4329193405ea597dab7bcc88e,e33b828b7700e8abeb5d3b5f6e4908d5c57b69b4329193405ea597dab7bcc88e,20,20,,
"포켓몬스터 하트골드 (Korea, IPKK, header ROM version 0)","포켓몬스터 소울실버 (Korea, IPGK, header ROM version 0)",/a/1/0/3,equal,164,164,,,0d265b24edbe808ad8f848969deecceb76dbe7fd804e5096583627b3069a152e,0d265b24edbe808ad8f848969deecceb76dbe7fd804e5096583627b3069a152e,184,184,NSBTA texture animation,NSBTA texture animation
"포켓몬스터 하트골드 (Korea, IPKK, header ROM version 0)","포켓몬스터 소울실버 (Korea, IPGK, header ROM version 0)",/a/1/0/3,equal,165,165,,,94ab563faff0d77faed518922560a7e6146d1835eb8383dbb1172add1759026e,94ab563faff0d77faed518922560a7e6146d1835eb8383dbb1172add1759026e,164,164,NSBCA animation,NSBCA animation
"포켓몬스터 하트골드 (Korea, IPKK, header ROM version 0)","포켓몬스터 소울실버 (Korea, IPGK, header ROM version 0)",/a/1/0/3,equal,166,166,,,f558369412702f469a861edc28e17d2c6030fcc7cbe559176fa6d66255a1029a,f558369412702f469a861edc28e17d2c6030fcc7cbe559176fa6d66255a1029a,3092,3092,NSBCA animation,NSBCA animation
"포켓몬스터 하트골드 (Korea, IPKK, header ROM version 0)","포켓몬스터 소울실버 (Korea, IPGK, header ROM version 0)",/a/1/0/3,equal,167,167,,,e54d20119845ad9d98db5521a2f32a4002eca269983bef29276afa0bcfb34d93,e54d20119845ad9d98db5521a2f32a4002eca269983bef29276afa0bcfb34d93,148,148,NSBMA material animation,NSBMA material animation
"포켓몬스터 하트골드 (Korea, IPKK, header ROM version 0)","포켓몬스터 소울실버 (Korea, IPGK, header ROM version 0)",/a/1/0/3,equal,168,168,,,90745372dc2091033cc065539f61ec38547e8eb22f952800123fb522bffb1526,90745372dc2091033cc065539f61ec38547e8eb22f952800123fb522bffb1526,264,264,NSBMA material animation,NSBMA material animation
"포켓몬스터 하트골드 (Korea, IPKK, header ROM version 0)","포켓몬스터 소울실버 (Korea, IPGK, header ROM version 0)",/a/1/0/4,equal,0,0,,,f8a38dc844a8f19b1846137142a812455b271b1e5b380150de78500dd516bc3e,f8a38dc844a8f19b1846137142a812455b271b1e5b380150de78500dd516bc3e,32832,32832,NCGR graphics,NCGR graphics
"포켓몬스터 하트골드 (Korea, IPKK, header ROM version 0)","포켓몬스터 소울실버 (Korea, IPGK, header ROM version 0)",/a/1/0/4,equal,1,1,,,5b840fd323f21fe3a28df458f0e3811e0183abd8c585e78679a3f36d228ffd1d,5b840fd323f21fe3a28df458f0e3811e0183abd8c585e78679a3f36d228ffd1d,552,552,NCLR palette,NCLR palette
"포켓몬스터 하트골드 (Korea, IPKK, header ROM version 0)","포켓몬스터 소울실버 (Korea, IPGK, header ROM version 0)",/a/1/0/4,equal,2,2,,,2884e9afec615299e1a40eb1b58d4fe5e70af1468eea6cacfca82d4e8497d2f3,2884e9afec615299e1a40eb1b58d4fe5e70af1468eea6cacfca82d4e8497d2f3,2084,2084,NSCR screen map,NSCR screen map
"포켓몬스터 하트골드 (Korea, IPKK, header ROM version 0)","포켓몬스터 소울실버 (Korea, IPGK, header ROM version 0)",/a/1/0/4,equal,3,3,,,a44d146daeaa8006bc666019bd8b614597cb54a016dad906c9ad22fbf5289bad,a44d146daeaa8006bc666019bd8b614597cb54a016dad906c9ad22fbf5289bad,2084,2084,NSCR screen map,NSCR screen map
"포켓몬스터 하트골드 (Korea, IPKK, header ROM version 0)","포켓몬스터 소울실버 (Korea, IPGK, header ROM version 0)",/a/1/0/4,equal,4,4,,,68e4e3104e6cbd566a6a269a412c54681076e894514580997639745242e1ef45,68e4e3104e6cbd566a6a269a412c54681076e894514580997639745242e1ef45,2084,2084,NSCR screen map,NSCR screen map
"포켓몬스터 하트골드 (Korea, IPKK, header ROM version 0)","포켓몬스터 소울실버 (Korea, IPGK, header ROM version 0)",/a/1/0/4,equal,5,5,,,d64897c08a83e699f660b5c12b743ceed0db97f8be0c2c2b6454bec8eff3c7f0,d64897c08a83e699f660b5c12b743ceed0db97f8be0c2c2b6454bec8eff3c7f0,3632,3632,NCGR graphics,NCGR graphics
"포켓몬스터 하트골드 (Korea, IPKK, header ROM version 0)","포켓몬스터 소울실버 (Korea, IPGK, header ROM version 0)",/a/1/0/4,equal,6,6,,,3d204c5c0467abd3a380041d6fb8f157f7ec3f003311f9b9b5134e2f42fcec02,3d204c5c0467abd3a380041d6fb8f157f7ec3f003311f9b9b5134e2f42fcec02,161,161,NCER cell,NCER cell
"포켓몬스터 하트골드 (Korea, IPKK, header ROM version 0)","포켓몬스터 소울실버 (Korea, IPGK, header ROM version 0)",/a/1/0/4,equal,7,7,,,de07b2558097e8d67456df82977bd4629844efe2b9b3f05dbc04bb99ce1f7f44,de07b2558097e8d67456df82977bd4629844efe2b9b3f05dbc04bb99ce1f7f44,305,305,NANR animation,NANR animation
"포켓몬스터 하트골드 (Korea, IPKK, header ROM version 0)","포켓몬스터 소울실버 (Korea, IPGK, header ROM version 0)",/a/1/0/4,equal,8,8,,,3f9b1d0139741b6d5db482e8b3782f2b4a0c78dd0e36299b17fda1560a3d96fd,3f9b1d0139741b6d5db482e8b3782f2b4a0c78dd0e36299b17fda1560a3d96fd,552,552,NCLR palette,NCLR palette
"포켓몬스터 하트골드 (Korea, IPKK, header ROM version 0)","포켓몬스터 소울실버 (Korea, IPGK, header ROM version 0)",/a/1/0/5,equal,0,0,,,7c863395c5736dceafae13574477af02cfe73b12ec26e9e1b73fb80e7c09c167,7c863395c5736dceafae13574477af02cfe73b12ec26e9e1b73fb80e7c09c167,988,988,,
"포켓몬스터 하트골드 (Korea, IPKK, header ROM version 0)","포켓몬스터 소울실버 (Korea, IPGK, header ROM version 0)",/a/1/0/6,equal,0,0,,,94f3d1c08a1700732320044dbca084f8d6820bc728f209aa8c37548e57c46cfe,94f3d1c08a1700732320044dbca084f8d6820bc728f209aa8c37548e57c46cfe,484,484,NSBTA texture animation,NSBTA texture animation
"포켓몬스터 하트골드 (Korea, IPKK, header ROM version 0)","포켓몬스터 소울실버 (Korea, IPGK, header ROM version 0)",/a/1/0/6,equal,1,1,,,45ca73568be4badc550ba67e1027e9e8fe70bd5c8f5cd953c704e9d95e326a5c,45ca73568be4badc550ba67e1027e9e8fe70bd5c8f5cd953c704e9d95e326a5c,168,168,NSBCA animation,NSBCA animation
"포켓몬스터 하트골드 (Korea, IPKK, header ROM version 0)","포켓몬스터 소울실버 (Korea, IPGK, header ROM version 0)",/a/1/0/6,equal,2,2,,,e3ddba68d26c4da6f337c24f782d504601047116abb613043841e848e2ef231d,e3ddba68d26c4da6f337c24f782d504601047116abb613043841e848e2ef231d,168,168,NSBCA animation,NSBCA animation
"포켓몬스터 하트골드 (Korea, IPKK, header ROM version 0)","포켓몬스터 소울실버 (Korea, IPGK, header ROM version 0)",/a/1/0/6,equal,3,3,,,be58cc525e4a61cc2d54bdd7b166a234dcdad48b920c8cb50aa83f13412d17f7,be58cc525e4a61cc2d54bdd7b166a234dcdad48b920c8cb50aa83f13412d17f7,1560,1560,NSBCA animation,NSBCA animation
"포켓몬스터 하트골드 (Korea, IPKK, header ROM version 0)","포켓몬스터 소울실버 (Korea, IPGK, header ROM version 0)",/a/1/0/6,equal,4,4,,,42e89674b38f710e4b09d5ed6f349fdd93d5c6b64b4e6672a0b62f8572a2b6b6,42e89674b38f710e4b09d5ed6f349fdd93d5c6b64b4e6672a0b62f8572a2b6b6,3048,3048,NSBTA texture animation,NSBTA texture animation
"포켓몬스터 하트골드 (Korea, IPKK, header ROM version 0)","포켓몬스터 소울실버 (Korea, IPGK, header ROM version 0)",/a/1/0/6,equal,5,5,,,1c59a95839b956d0cec9ae65c98f96f2de2c4fbf82418ef0878b507306491f71,1c59a95839b956d0cec9ae65c98f96f2de2c4fbf82418ef0878b507306491f71,2256,2256,NSBCA animation,NSBCA animation
"포켓몬스터 하트골드 (Korea, IPKK, header ROM version 0)","포켓몬스터 소울실버 (Korea, IPGK, header ROM version 0)",/a/1/0/6,equal,6,6,,,c236cc39fa750b6828099bb4dbc0138fef4e6d0d50d34b1c13f6dedb84b9b126,c236cc39fa750b6828099bb4dbc0138fef4e6d0d50d34b1c13f6dedb84b9b126,1748,1748,NSBTA texture animation,NSBTA texture animation
"포켓몬스터 하트골드 (Korea, IPKK, header ROM version 0)","포켓몬스터 소울실버 (Korea, IPGK, header ROM version 0)",/a/1/0/6,equal,7,7,,,bb6baea09e09688aa6f4fcc7b76ef75677215f3bc6d85a5e8ce3de6b15e768b4,bb6baea09e09688aa6f4fcc7b76ef75677215f3bc6d85a5e8ce3de6b15e768b4,320,320,NSBTP texture-pattern animation,NSBTP texture-pattern animation
"포켓몬스터 하트골드 (Korea, IPKK, header ROM version 0)","포켓몬스터 소울실버 (Korea, IPGK, header ROM version 0)",/a/1/0/6,equal,8,8,,,47b6f2cd4475834a30464be904d72e78d9a89da7251527e98f8becfd259bfbf2,47b6f2cd4475834a30464be904d72e78d9a89da7251527e98f8becfd259bfbf2,328,328,NSBTP texture-pattern animation,NSBTP texture-pattern animation
"포켓몬스터 하트골드 (Korea, IPKK, header ROM version 0)","포켓몬스터 소울실버 (Korea, IPGK, header ROM version 0)",/a/1/0/6,equal,9,9,,,869bfb4f1e63882e855fbbed19ec82a5118ad22f71e8b8809f317ae753b1799c,869bfb4f1e63882e855fbbed19ec82a5118ad22f71e8b8809f317ae753b1799c,3124,3124,NSBTA texture animation,NSBTA texture animation
"포켓몬스터 하트골드 (Korea, IPKK, header ROM version 0)","포켓몬스터 소울실버 (Korea, IPGK, header ROM version 0)",/a/1/0/6,equal,10,10,,,dc26fb3bdc378d6d489596b8fd4960f77e2ebee851c04906a4ab6ce9da13a170,dc26fb3bdc378d6d489596b8fd4960f77e2ebee851c04906a4ab6ce9da13a170,160,160,NSBTP texture-pattern animation,NSBTP texture-pattern animation
"포켓몬스터 하트골드 (Korea, IPKK, header ROM version 0)","포켓몬스터 소울실버 (Korea, IPGK, header ROM version 0)",/a/1/0/6,equal,11,11,,,aa999c324daeec021b3202551a2d0deba79dd612e0e11e8085f5ba080e72a1d0,aa999c324daeec021b3202551a2d0deba79dd612e0e11e8085f5ba080e72a1d0,160,160,NSBTP texture-pattern animation,NSBTP texture-pattern animation
"포켓몬스터 하트골드 (Korea, IPKK, header ROM version 0)","포켓몬스터 소울실버 (Korea, IPGK, header ROM version 0)",/a/1/0/6,equal,12,12,,,a7f55263b696a1683a6076ed20611c335a98b325d45d7cba5cb1e5b1b19b4af7,a7f55263b696a1683a6076ed20611c335a98b325d45d7cba5cb1e5b1b19b4af7,160,160,NSBTP texture-pattern animation,NSBTP texture-pattern animation
"포켓몬스터 하트골드 (Korea, IPKK, header ROM version 0)","포켓몬스터 소울실버 (Korea, IPGK, header ROM version 0)",/a/1/0/6,equal,13,13,,,15632f861b548200c0e97438ea9ded0be39ba250a11b8d0e1e37870fd3d0d866,15632f861b548200c0e97438ea9ded0be39ba250a11b8d0e1e37870fd3d0d866,160,160,NSBTP texture-pattern animation,NSBTP texture-pattern animation
"포켓몬스터 하트골드 (Korea, IPKK, header ROM version 0)","포켓몬스터 소울실버 (Korea, IPGK, header ROM version 0)",/a/1/0/6,equal,14,14,,,26548e4a2f98e2396d0dd73276b08c9526978574270e38dedfc1f4818d37be55,26548e4a2f98e2396d0dd73276b08c9526978574270e38dedfc1f4818d37be55,160,160,NSBTP texture-pattern animation,NSBTP texture-pattern animation
"포켓몬스터 하트골드 (Korea, IPKK, header ROM version 0)","포켓몬스터 소울실버 (Korea, IPGK, header ROM version 0)",/a/1/0/6,equal,15,15,,,2952c01331d3c3e2cc5e3135da359dc5d88242e44437d717c38e14a870f800da,2952c01331d3c3e2cc5e3135da359dc5d88242e44437d717c38e14a870f800da,160,160,NSBTP texture-pattern animation,NSBTP texture-pattern animation
"포켓몬스터 하트골드 (Korea, IPKK, header ROM version 0)","포켓몬스터 소울실버 (Korea, IPGK, header ROM version 0)",/a/1/0/6,equal,16,16,,,3960ab16c6c6abe39b04734300831ebdd6e618eeb66a9800707677cf5b7f658f,3960ab16c6c6abe39b04734300831ebdd6e618eeb66a9800707677cf5b7f658f,196,196,NSBTP texture-pattern animation,NSBTP texture-pattern animation
"포켓몬스터 하트골드 (Korea, IPKK, header ROM version 0)","포켓몬스터 소울실버 (Korea, IPGK, header ROM version 0)",/a/1/0/6,equal,17,17,,,0df19d3d7ab19260f340fddb40024ceaae2a81eea10ee1c32ac5d755298d7a74,0df19d3d7ab19260f340fddb40024ceaae2a81eea10ee1c32ac5d755298d7a74,196,196,NSBTP texture-pattern animation,NSBTP texture-pattern animation
"포켓몬스터 하트골드 (Korea, IPKK, header ROM version 0)","포켓몬스터 소울실버 (Korea, IPGK, header ROM version 0)",/a/1/0/6,equal,18,18,,,8285c212a25fba8fe3df36bd5f915bf829e3ff1cde9e150f263b8f9fdd170722,8285c212a25fba8fe3df36bd5f915bf829e3ff1cde9e150f263b8f9fdd170722,1920,1920,NSBCA animation,NSBCA animation
"포켓몬스터 하트골드 (Korea, IPKK, header ROM version 0)","포켓몬스터 소울실버 (Korea, IPGK, header ROM version 0)",/a/1/0/6,equal,19,19,,,690130cf8c1731a1d1cbb24f1dc0e8119636827bf861888de095de4e9e671769,690130cf8c1731a1d1cbb24f1dc0e8119636827bf861888de095de4e9e671769,7452,7452,NSBTA texture animation,NSBTA texture animation
"포켓몬스터 하트골드 (Korea, IPKK, header ROM version 0)","포켓몬스터 소울실버 (Korea, IPGK, header ROM version 0)",/a/1/0/6,equal,20,20,,,46cc798744ee7eecdfde1eeeaad6fd000a79368057bb4ed067e505ecf68247cc,46cc798744ee7eecdfde1eeeaad6fd000a79368057bb4ed067e505ecf68247cc,7452,7452,NSBTA texture animation,NSBTA texture animation
"포켓몬스터 하트골드 (Korea, IPKK, header ROM version 0)","포켓몬스터 소울실버 (Korea, IPGK, header ROM version 0)",/a/1/0/6,equal,21,21,,,1745995fc3fac4936435a057e988c71ce4151013126a5372b5f5da20fbfe79ba,1745995fc3fac4936435a057e988c71ce4151013126a5372b5f5da20fbfe79ba,7452,7452,NSBTA texture animation,NSBTA texture animation
